N_HI,b_param_km_s
1.176897e+16,8.000000e+01
1.821064e+13,7.899666e+01
1.628231e+14,2.100000e+01
2.264252e+13,7.897606e+01
3.103955e+14,8.000000e+01
3.103955e+14,8.000000e+01
5.095722e+13,5.363236e+01
1.044382e+14,7.303130e+01
1.044382e+14,7.303130e+01
1.402838e+14,8.000000e+01
3.963534e+13,3.855764e+01
3.822244e+13,2.840773e+01
1.875141e+14,6.522368e+01
3.258399e+13,2.714650e+01
3.121994e+13,3.267190e+01
3.127915e+13,2.642580e+01
7.082015e+13,4.846732e+01
5.521464e+13,4.017923e+01
9.378958e+13,6.077934e+01
1.540811e+13,7.899468e+01
2.853661e+13,3.129055e+01
3.093843e+13,3.177102e+01
1.554697e+13,7.899360e+01
3.876066e+13,3.957864e+01
2.843665e+15,8.000000e+01
2.843665e+15,8.000000e+01
2.843665e+15,8.000000e+01
5.621319e+13,5.891752e+01
2.252022e+13,7.883196e+01
2.802234e+13,7.887387e+01
1.502563e+14,5.000026e+00
1.502563e+14,5.000016e+00
1.502563e+14,4.999995e+00
1.502563e+14,3.299940e+01
1.571168e+13,7.899584e+01
8.274045e+13,6.101957e+01
1.211764e+13,7.899416e+01
5.501188e+13,4.618509e+01
2.538292e+13,2.726662e+01
2.042268e+13,7.899298e+01
2.120598e+13,7.899056e+01
1.211546e+13,7.899450e+01
2.353558e+14,8.000000e+01
2.353558e+14,8.000000e+01
1.212012e+13,7.899566e+01
1.158590e+13,7.899688e+01
4.027234e+13,3.291213e+01
1.104903e+14,6.089945e+01
3.078633e+13,2.618556e+01
2.979903e+13,4.999772e+00
4.972016e+13,3.483401e+01
2.034077e+13,2.270216e+01
2.989318e+13,7.896461e+01
3.037489e+14,8.000000e+01
3.037489e+14,8.000000e+01
1.115818e+14,6.786626e+01
4.239501e+14,7.801617e+01
6.893072e+13,3.675588e+01
1.231151e+13,7.899598e+01
2.105571e+13,7.899264e+01
3.974142e+13,3.987893e+01
5.343379e+13,4.594485e+01
4.691559e+13,7.899006e+01
2.373809e+13,7.899450e+01
8.886246e+13,7.303130e+01
8.886246e+13,7.303130e+01
9.373491e+13,7.399224e+01
9.373491e+13,7.399224e+01
7.539241e+13,3.987893e+01
6.849507e+13,4.870755e+01
6.288599e+13,4.552444e+01
3.112008e+13,7.896363e+01
6.510306e+13,5.819682e+01
8.149361e+13,8.000000e+01
6.257713e+16,8.000000e+01
1.360257e+13,4.999848e+00
4.561507e+13,7.897824e+01
9.319071e+13,4.438333e+01
6.741933e+13,4.017923e+01
2.296308e+13,2.498439e+01
1.665107e+14,7.663482e+01
3.865554e+13,3.555471e+01
1.823498e+15,8.000000e+01
1.337826e+13,7.899747e+01
2.069960e+13,7.899274e+01
8.491653e+13,3.885794e+01
3.906517e+13,3.375295e+01
2.297422e+13,7.899278e+01
3.321891e+13,4.384280e+01
2.220448e+14,8.000000e+01
2.220448e+14,8.000000e+01
1.566008e+13,7.898510e+01
1.221090e+13,7.894803e+01
9.424543e+13,6.432280e+01
1.434274e+13,7.898050e+01
3.722914e+13,3.087014e+01
2.256365e+13,7.898325e+01
2.017430e+13,7.899640e+01
1.275113e+14,4.984867e+01
5.412262e+14,8.000000e+01
5.412262e+14,8.000000e+01
6.484297e+13,7.899630e+01
1.035523e+14,2.700000e+01
2.665415e+13,5.001002e+00
1.493933e+14,7.993804e+01
1.076871e+14,4.264163e+01
3.852914e+13,3.213137e+01
2.272012e+13,7.898810e+01
1.732155e+13,7.897899e+01
2.247474e+13,7.899056e+01
1.196123e+14,3.303591e+01
4.803177e+13,4.999929e+00
4.985661e+13,3.837747e+01
1.578165e+14,8.000000e+01
1.578165e+14,8.000000e+01
1.578165e+14,8.000000e+01
1.052378e+13,7.897279e+01
3.720480e+13,3.489407e+01
3.895265e+13,7.899686e+01
4.997040e+14,8.000000e+01
4.997040e+14,8.000000e+01
1.730808e+13,7.899488e+01
2.645910e+16,8.000000e+01
3.995414e+13,3.153078e+01
2.805338e+13,3.002932e+01
5.492034e+13,5.008890e+01
8.776679e+13,4.402298e+01
4.220216e+13,7.898975e+01
4.901278e+13,7.899763e+01
7.764066e+13,4.450345e+01
1.026558e+13,7.899828e+01
5.218085e+14,8.000000e+01
5.218085e+14,8.000000e+01
1.350984e+14,6.654497e+01
2.803118e+13,2.834768e+01
3.583916e+13,4.999647e+00
4.736341e+13,4.120022e+01
2.742159e+13,7.898660e+01
3.595413e+14,6.270121e+01
1.576152e+13,5.000021e+00
1.080150e+14,7.315142e+01
2.194481e+13,7.896582e+01
1.049718e+14,6.432280e+01
3.879356e+13,3.735647e+01
2.543891e+14,7.609429e+01
9.892431e+13,4.444339e+01
9.593626e+13,4.732620e+01
1.266225e+15,8.000000e+01
1.266225e+15,8.000000e+01
2.320984e+14,8.000000e+01
2.320984e+14,8.000000e+01
1.021235e+14,8.000000e+01
1.021235e+14,5.000081e+00
1.118315e+14,4.966849e+01
5.045858e+13,7.900136e+01
5.045858e+13,5.219095e+01
1.595916e+13,7.896152e+01
3.821188e+13,7.896562e+01
2.586780e+13,7.898272e+01
1.331481e+13,7.899275e+01
2.430328e+13,7.899416e+01
4.531918e+13,4.999153e+00
4.531918e+13,5.000276e+00
1.853355e+14,7.399224e+01
5.821944e+13,4.618509e+01
3.260962e+13,7.898635e+01
2.866805e+13,2.099641e+01
4.300716e+13,4.029934e+01
2.495213e+13,7.894877e+01
1.339426e+13,7.897903e+01
1.664173e+13,7.899131e+01
4.371947e+15,7.062895e+01
7.797724e+13,4.594485e+01
3.994553e+15,8.000000e+01
1.513164e+14,8.000000e+01
3.795485e+14,5.981840e+01
1.413031e+13,7.898914e+01
2.263460e+14,8.000000e+01
4.279111e+13,4.222122e+01
3.000869e+15,7.639458e+01
1.454953e+13,7.898072e+01
3.240854e+13,3.357278e+01
3.520370e+13,7.898692e+01
4.286561e+13,3.807717e+01
6.607932e+13,4.912796e+01
6.607932e+13,4.912796e+01
1.418757e+13,4.999485e+00
2.974073e+13,2.912844e+01
7.102106e+13,7.899515e+01
1.257925e+13,7.899606e+01
1.142673e+14,4.510403e+01
3.608665e+14,8.000000e+01
3.608665e+14,8.000000e+01
2.679187e+14,7.008843e+01
4.192955e+13,4.600491e+01
3.103922e+13,2.498556e+01
4.816543e+13,4.702591e+01
4.816543e+13,4.702591e+01
8.544273e+13,6.864702e+01
5.812887e+14,8.000000e+01
8.743410e+13,5.861723e+01
9.842836e+13,5.969828e+01
9.842836e+13,5.969828e+01
4.179517e+13,7.899387e+01
6.771655e+13,3.735647e+01
3.506992e+13,3.062990e+01
6.221193e+13,4.312210e+01
1.956074e+15,7.945757e+01
2.198199e+13,7.899678e+01
5.443391e+13,4.011917e+01
2.389511e+13,2.492433e+01
4.598060e+13,4.414310e+01
4.664097e+13,7.899447e+01
2.638223e+13,4.999575e+00
4.222856e+14,2.700000e+01
3.864063e+13,3.345266e+01
8.314424e+13,6.444291e+01
7.174896e+14,8.000000e+01
7.174896e+14,8.000000e+01
1.063065e+13,4.999490e+00
7.717330e+13,6.222074e+01
2.375940e+13,7.899482e+01
3.194369e+13,3.008938e+01
3.297108e+13,3.014943e+01
2.470202e+14,8.000000e+01
4.906567e+13,4.144046e+01
4.852544e+13,4.798685e+01
1.146838e+14,4.738626e+01
1.404483e+13,7.899772e+01
2.641651e+13,7.928366e+01
6.334151e+13,4.011917e+01
1.449528e+14,7.639458e+01
1.215650e+13,7.899613e+01
7.526776e+13,7.315142e+01
1.908986e+13,7.899541e+01
6.746833e+13,4.005911e+01
1.851774e+14,8.000000e+01
5.874247e+13,2.924855e+01
2.720951e+13,2.100000e+01
1.076519e+13,7.897710e+01
3.398303e+13,3.339260e+01
1.921653e+13,7.899493e+01
3.080008e+13,3.153078e+01
4.325955e+13,3.519436e+01
9.643598e+13,4.276175e+01
6.901104e+13,3.693606e+01
3.268201e+13,3.813723e+01
2.216957e+15,8.000000e+01
2.216957e+15,8.000000e+01
2.216957e+15,8.000000e+01
2.216957e+15,8.000000e+01
2.216957e+15,8.000000e+01
6.586857e+13,7.639458e+01
2.822147e+13,7.898890e+01
1.473959e+13,7.899404e+01
1.531382e+13,7.899863e+01
4.458145e+13,4.966849e+01
1.830951e+14,8.000000e+01
1.830951e+14,8.000000e+01
1.830951e+14,8.000000e+01
1.115694e+13,7.899543e+01
1.609938e+14,4.642532e+01
1.857716e+13,7.890018e+01
2.217799e+13,7.894299e+01
7.939705e+13,4.300198e+01
7.530362e+14,8.000000e+01
2.631735e+13,2.678615e+01
5.410879e+14,8.000000e+01
4.704760e+13,4.552444e+01
1.069901e+14,5.939799e+01
4.265019e+13,4.816702e+01
4.265019e+13,5.000006e+00
2.949818e+14,7.303130e+01
1.597816e+14,6.348198e+01
5.070011e+13,3.477395e+01
3.918230e+13,6.088896e+01
2.318105e+13,7.893556e+01
8.390057e+13,4.150052e+01
1.025896e+13,7.899457e+01
6.102158e+14,7.753570e+01
6.419169e+13,3.219143e+01
1.665860e+13,2.298879e+01
4.067039e+14,8.000000e+01
4.067039e+14,8.000000e+01
9.639074e+15,8.000000e+01
2.032124e+14,5.759623e+01
2.639777e+13,2.750685e+01
1.657238e+13,7.899477e+01
2.305061e+13,7.106187e+01
2.699469e+13,7.894076e+01
9.946706e+14,8.000000e+01
9.946706e+14,8.000000e+01
2.752775e+13,3.123049e+01
4.441675e+14,7.627447e+01
3.451441e+13,3.207131e+01
3.072413e+14,7.897710e+01
4.768939e+13,3.969876e+01
1.955212e+13,5.000072e+00
1.593371e+17,8.000000e+01
3.781250e+13,3.399319e+01
4.044220e+13,4.858743e+01
3.783183e+17,8.000000e+01
2.662778e+13,2.522463e+01
3.069503e+13,7.899686e+01
3.691885e+13,3.915823e+01
3.502384e+14,3.537454e+01
3.303312e+13,2.984914e+01
1.050847e+14,8.000000e+01
3.966971e+14,8.000000e+01
1.781278e+13,7.893189e+01
5.157015e+13,4.540433e+01
2.022553e+13,7.899666e+01
1.812534e+14,8.000000e+01
6.400830e+13,7.899705e+01
2.183269e+13,7.898390e+01
2.039287e+14,8.000000e+01
2.039287e+14,8.000000e+01
1.099322e+14,5.068949e+01
2.210310e+14,6.858696e+01
1.888193e+13,7.899559e+01
3.861533e+13,3.141067e+01
6.426559e+13,4.408304e+01
3.049354e+13,7.899335e+01
1.507234e+13,7.899736e+01
3.313238e+13,7.899459e+01
1.008250e+14,5.669535e+01
1.446064e+13,7.887219e+01
9.237163e+13,4.192093e+01
5.476852e+13,5.411283e+01
2.032481e+13,7.898007e+01
1.003201e+13,7.899564e+01
1.282368e+13,7.906344e+01
4.961123e+13,4.780667e+01
7.546012e+13,4.408304e+01
1.370068e+13,7.898160e+01
1.246137e+13,7.899658e+01
1.104128e+14,5.507377e+01
1.064338e+13,7.899846e+01
3.604396e+14,8.000000e+01
1.807167e+13,7.894854e+01
4.604891e+13,4.222122e+01
4.557488e+13,4.342239e+01
3.131341e+13,7.899550e+01
4.990266e+13,5.000004e+00
4.990266e+13,7.899260e+01
1.409317e+14,8.000000e+01
1.181536e+14,8.000000e+01
1.181536e+14,8.000000e+01
1.147230e+13,7.894096e+01
4.009701e+13,4.053958e+01
2.341813e+14,6.930766e+01
9.704331e+13,5.483353e+01
2.290575e+13,2.097762e+01
2.773439e+13,2.714650e+01
1.890572e+13,7.899627e+01
4.138438e+13,4.450345e+01
1.619217e+13,7.898611e+01
5.156522e+14,8.000000e+01
2.367480e+13,1.900000e+01
2.603458e+13,2.516457e+01
2.265473e+16,8.000000e+01
1.680963e+13,7.898879e+01
1.924527e+14,8.000000e+01
7.582367e+13,6.582426e+01
2.079225e+16,4.192093e+01
1.867927e+13,4.999811e+00
1.918578e+13,7.893562e+01
1.564181e+13,7.897750e+01
1.706178e+14,5.261136e+01
1.473030e+14,5.519388e+01
1.498724e+13,7.899177e+01
3.346778e+13,3.189113e+01
9.979707e+12,7.899868e+01
1.607353e+14,8.000000e+01
9.307389e+13,6.336186e+01
9.307389e+13,6.336186e+01
3.229196e+13,3.471389e+01
4.281020e+14,8.000000e+01
4.281020e+14,8.000000e+01
1.978851e+13,7.888782e+01
1.079368e+14,6.210063e+01
2.496416e+13,2.456398e+01
9.954831e+12,7.899480e+01
7.011362e+13,5.429301e+01
4.731123e+13,4.144046e+01
4.196810e+13,3.945852e+01
6.593167e+13,5.279154e+01
1.429439e+13,7.898418e+01
4.657062e+13,7.897911e+01
6.488045e+13,7.898315e+01
6.488045e+13,7.899544e+01
1.297165e+14,4.882767e+01
2.491249e+13,2.684621e+01
9.581365e+13,4.180081e+01
2.126015e+13,7.899590e+01
7.975767e+13,4.390286e+01
1.516104e+13,7.899254e+01
3.832693e+14,6.216069e+01
1.900293e+13,7.889670e+01
2.587978e+13,2.480422e+01
4.022695e+13,3.549465e+01
2.043517e+14,6.246098e+01
1.358895e+13,7.894800e+01
2.612259e+13,7.899206e+01
4.700983e+13,4.438333e+01
1.883409e+13,7.898839e+01
1.855608e+13,7.898869e+01
8.002141e+13,4.192093e+01
4.556780e+13,5.237113e+01
1.775148e+13,7.899419e+01
4.780425e+13,3.705618e+01
1.653422e+13,7.899619e+01
1.554461e+14,8.000000e+01
1.554461e+14,8.000000e+01
1.755385e+13,7.899655e+01
1.275780e+13,7.889272e+01
6.804214e+13,4.240140e+01
2.778596e+13,7.899301e+01
7.434810e+13,2.810744e+01
1.093214e+13,7.899323e+01
3.527570e+13,3.897805e+01
2.593435e+13,7.899852e+01
2.972086e+14,6.906743e+01
2.972086e+14,6.906743e+01
5.599067e+13,5.417289e+01
4.362647e+13,5.000047e+00
1.238413e+13,7.899629e+01
1.665299e+14,5.549418e+01
2.843967e+13,2.930861e+01
1.580861e+14,8.000000e+01
1.580861e+14,8.000000e+01
4.190543e+13,7.895975e+01
4.190543e+13,5.000049e+00
1.457793e+13,7.897719e+01
5.189612e+13,4.972855e+01
1.049865e+14,5.098978e+01
9.266649e+13,7.411235e+01
5.136783e+13,4.534427e+01
6.648049e+13,4.023928e+01
4.660398e+13,3.927835e+01
7.673861e+13,3.705618e+01
1.903172e+13,7.856960e+01
1.110001e+14,4.612503e+01
5.039924e+13,3.603518e+01
2.851391e+13,4.071975e+01
2.241113e+13,3.295939e+01
8.224835e+13,5.086966e+01
3.765356e+14,6.432280e+01
4.090219e+14,8.000000e+01
4.090219e+14,8.000000e+01
6.759949e+14,8.000000e+01
1.342992e+13,7.894080e+01
1.340096e+13,7.899734e+01
4.938530e+13,3.597512e+01
1.383835e+14,8.000000e+01
1.621273e+13,7.899152e+01
2.997359e+13,7.871099e+01
3.094437e+13,2.768703e+01
5.646120e+13,3.963870e+01
1.816111e+13,7.899719e+01
3.792577e+13,3.543459e+01
1.785699e+13,7.899138e+01
4.753622e+13,5.189066e+01
1.132343e+13,7.899624e+01
4.118942e+13,5.296094e+01
3.290738e+14,8.000000e+01
3.290738e+14,8.000000e+01
2.769032e+13,2.870803e+01
8.980399e+13,6.270121e+01
8.980399e+13,6.270121e+01
8.321335e+13,7.899797e+01
8.321335e+13,7.899360e+01
2.718883e+13,7.897101e+01
4.493087e+13,3.909817e+01
2.172372e+13,7.899736e+01
1.753138e+14,5.183060e+01
1.075348e+14,6.978813e+01
1.377836e+13,7.895831e+01
1.711250e+17,8.000000e+01
1.711250e+17,8.000000e+01
4.281236e+14,7.086919e+01
4.443558e+13,3.201125e+01
6.034175e+13,4.023928e+01
2.871243e+13,2.786721e+01
6.536418e+18,8.000000e+01
6.536418e+18,8.000000e+01
3.601503e+13,3.549465e+01
1.947919e+16,8.000000e+01
4.806224e+13,3.285207e+01
1.094795e+13,7.899835e+01
1.589764e+14,6.180033e+01
3.200007e+13,7.898127e+01
3.418568e+13,3.927835e+01
4.373896e+14,6.198051e+01
3.138296e+13,7.898482e+01
1.354095e+14,5.231107e+01
2.247304e+13,7.856865e+01
1.931492e+14,7.062895e+01
5.030911e+13,3.279201e+01
3.972064e+13,4.180081e+01
2.984732e+13,2.708644e+01
3.526624e+13,2.708644e+01
9.394175e+13,4.600491e+01
7.685908e+13,5.098978e+01
1.737441e+13,7.899396e+01
2.626819e+13,2.768703e+01
1.176358e+13,3.105446e+01
1.157859e+13,7.899378e+01
6.841380e+14,8.000000e+01
6.841380e+14,8.000000e+01
2.145091e+13,7.899358e+01
9.023490e+13,4.011917e+01
1.252843e+13,7.891771e+01
2.376783e+13,7.899642e+01
3.229939e+15,8.000000e+01
4.259992e+14,8.000000e+01
2.139318e+13,7.894662e+01
1.797954e+14,4.606497e+01
3.475824e+13,3.099026e+01
8.487131e+15,8.000000e+01
8.487131e+15,8.000000e+01
3.160522e+13,3.399319e+01
4.482543e+14,8.000000e+01
4.482543e+14,8.000000e+01
1.348957e+14,7.627447e+01
1.348957e+14,7.627447e+01
1.920695e+13,7.899680e+01
5.930532e+13,2.870521e+01
3.947466e+13,7.890803e+01
4.680445e+13,4.384280e+01
8.226531e+13,4.414310e+01
2.054672e+13,7.899539e+01
3.419248e+16,8.000000e+01
3.419248e+16,8.000000e+01
4.564243e+13,4.408304e+01
9.098163e+13,8.000000e+01
1.098997e+14,7.900096e+01
1.098997e+14,7.900085e+01
1.098997e+14,8.000000e+01
5.407179e+13,4.108011e+01
1.308168e+15,8.000000e+01
1.308168e+15,8.000000e+01
1.308168e+15,8.000000e+01
1.308168e+15,8.000000e+01
8.252923e+13,7.573394e+01
8.252923e+13,7.573394e+01
4.929434e+13,5.038919e+01
1.570736e+14,8.000000e+01
1.570736e+14,8.000000e+01
1.653212e+13,7.906441e+01
3.032982e+13,7.899348e+01
2.325590e+13,2.384328e+01
1.638304e+13,7.899606e+01
8.268382e+13,4.468362e+01
5.940351e+13,3.645559e+01
2.138148e+13,7.896573e+01
2.659013e+15,8.000000e+01
2.659013e+15,8.000000e+01
2.659013e+15,8.000000e+01
1.400650e+13,7.899492e+01
5.476774e+13,2.496279e+01
3.768785e+14,8.000000e+01
3.768785e+14,8.000000e+01
3.007464e+13,6.392283e+01
8.469406e+13,4.888773e+01
1.457924e+13,7.899802e+01
3.125714e+13,6.538087e+01
2.981126e+13,7.892408e+01
1.642932e+13,7.899157e+01
2.117522e+13,7.886588e+01
3.403750e+18,8.000000e+01
8.680363e+13,5.801664e+01
1.146041e+13,7.899685e+01
1.679533e+14,7.411235e+01
4.359040e+13,4.999858e+00
1.194332e+13,7.899795e+01
2.871267e+13,7.899772e+01
1.633808e+14,8.000000e+01
3.873307e+14,5.939799e+01
1.908496e+13,7.898271e+01
9.295904e+12,7.899902e+01
1.159578e+14,5.435306e+01
5.897789e+13,4.071975e+01
1.541861e+13,7.899767e+01
2.086112e+14,5.741605e+01
2.347602e+13,7.899361e+01
1.291059e+14,8.000000e+01
1.291059e+14,8.000000e+01
1.291059e+14,8.000000e+01
1.968544e+13,7.924145e+01
4.018949e+13,3.333254e+01
1.121939e+13,7.899411e+01
1.804042e+13,7.899278e+01
6.628351e+13,6.900737e+01
6.628351e+13,6.900737e+01
4.689371e+13,3.489407e+01
7.008952e+13,6.005863e+01
7.008952e+13,6.005863e+01
5.653199e+13,5.981840e+01
5.653199e+13,7.899241e+01
1.351039e+14,5.639506e+01
1.804691e+13,7.914884e+01
2.284209e+14,8.000000e+01
2.425591e+13,2.486427e+01
4.244521e+13,3.495412e+01
1.808916e+13,7.899115e+01
1.088756e+14,4.714603e+01
3.904978e+13,4.132034e+01
1.251203e+13,7.899172e+01
6.159143e+13,3.837747e+01
2.362240e+13,7.914549e+01
2.769162e+15,8.000000e+01
1.940498e+13,7.899360e+01
1.711063e+13,7.898844e+01
5.163317e+14,7.783599e+01
2.048082e+13,7.899597e+01
5.166147e+13,5.000159e+00
3.962081e+13,3.135061e+01
5.595764e+13,3.705618e+01
1.336859e+14,7.044878e+01
1.336859e+14,7.044878e+01
4.520998e+13,7.899555e+01
1.575885e+14,8.000000e+01
1.575885e+14,8.000000e+01
1.575885e+14,8.000000e+01
3.156579e+13,3.501418e+01
1.526503e+13,5.288958e+01
2.810940e+13,7.886891e+01
1.496248e+13,7.898296e+01
1.619576e+13,7.892979e+01
1.072804e+13,7.899773e+01
6.791087e+13,6.162016e+01
6.791087e+13,6.162016e+01
3.143299e+13,7.898852e+01
9.375122e+13,7.899500e+01
4.132558e+14,8.000000e+01
3.211001e+13,3.501418e+01
2.196468e+13,7.899103e+01
4.546908e+13,3.050979e+01
1.472435e+14,5.207084e+01
1.203053e+14,5.165043e+01
5.740787e+13,5.645512e+01
5.740787e+13,5.645512e+01
1.273852e+17,8.000000e+01
1.273852e+17,8.000000e+01
7.000840e+13,4.840726e+01
4.809749e+13,3.249172e+01
4.128938e+14,7.122954e+01
1.117580e+13,7.899670e+01
7.588545e+14,8.000000e+01
1.374927e+14,5.207084e+01
3.057490e+13,7.899879e+01
5.896006e+14,2.829146e+01
3.709779e+13,4.999298e+00
2.469004e+14,8.000000e+01
2.469004e+14,8.000000e+01
2.469004e+14,8.000000e+01
2.472379e+13,7.898405e+01
1.395094e+13,7.899374e+01
3.393597e+13,3.279201e+01
4.672551e+13,3.499048e+01
2.038456e+13,5.039706e+01
5.972791e+13,3.777688e+01
2.848119e+13,2.612551e+01
3.239742e+14,8.000000e+01
8.814082e+13,4.126028e+01
2.929193e+14,7.585405e+01
6.443339e+13,3.729641e+01
1.990076e+13,5.495159e+01
1.071203e+14,8.000000e+01
1.071203e+14,8.000000e+01
5.544956e+13,3.999905e+01
3.598299e+14,6.450297e+01
1.584168e+13,7.894889e+01
9.731777e+13,4.246145e+01
7.520107e+18,8.000000e+01
7.520107e+18,8.000000e+01
7.520107e+18,8.000000e+01
5.670116e+13,1.299912e+01
2.594655e+13,2.804738e+01
7.441630e+18,8.000000e+01
2.596258e+13,5.000177e+00
1.023714e+14,5.038919e+01
2.347015e+13,7.897827e+01
8.822369e+13,4.906790e+01
4.172498e+13,7.895683e+01
3.396840e+13,3.062990e+01
2.425658e+20,8.000000e+01
2.425658e+20,8.000000e+01
2.425658e+20,8.000000e+01
2.425658e+20,8.000000e+01
2.425658e+20,8.000000e+01
2.425658e+20,8.000000e+01
2.425658e+20,8.000000e+01
2.425658e+20,8.000000e+01
2.188533e+13,4.999863e+00
5.634954e+13,5.411283e+01
2.950337e+14,8.000000e+01
1.116057e+15,8.000000e+01
6.268266e+13,4.630521e+01
1.594601e+13,7.897601e+01
5.366258e+13,7.899064e+01
2.844192e+13,7.899572e+01
2.704238e+13,7.899539e+01
2.198850e+13,7.899632e+01
1.512004e+13,7.899517e+01
7.118463e+13,5.615482e+01
7.118463e+13,5.615482e+01
3.750350e+13,3.093020e+01
6.102419e+14,7.104936e+01
3.583698e+13,3.068996e+01
6.217831e+13,6.071928e+01
2.212953e+14,5.723588e+01
2.261668e+13,7.898901e+01
1.750394e+14,7.164995e+01
1.750394e+14,7.164995e+01
2.621995e+13,7.891287e+01
7.201646e+13,7.898919e+01
7.201646e+13,6.035893e+01
1.734966e+13,5.315282e+01
1.013600e+13,7.898855e+01
9.723454e+13,5.387259e+01
1.588011e+13,4.999747e+00
3.523727e+13,3.735647e+01
1.782257e+14,7.501323e+01
3.346135e+13,3.177102e+01
2.562366e+13,5.334156e+01
1.881676e+13,7.895476e+01
1.673573e+13,7.898731e+01
2.699806e+13,7.899160e+01
3.776190e+13,3.669583e+01
6.665968e+13,7.898475e+01
6.665968e+13,5.000005e+00
2.951152e+13,2.852785e+01
5.556329e+13,4.029934e+01
1.298375e+14,7.351177e+01
2.686009e+13,7.892253e+01
4.651264e+13,3.075002e+01
9.582180e+13,4.047952e+01
1.829223e+14,6.456303e+01
1.231185e+14,8.000000e+01
6.036978e+17,8.000000e+01
6.036978e+17,8.000000e+01
6.036978e+17,8.000000e+01
6.036978e+17,8.000000e+01
7.090992e+13,4.432327e+01
1.266347e+13,7.897019e+01
1.495278e+14,5.615482e+01
2.986574e+13,4.999027e+00
1.984694e+14,8.000000e+01
1.984694e+14,8.000000e+01
1.984694e+14,8.000000e+01
1.984694e+14,8.000000e+01
6.177289e+13,6.258110e+01
1.477492e+13,7.899112e+01
2.295996e+14,8.000000e+01
1.828064e+14,6.774614e+01
2.772276e+14,8.000000e+01
9.831269e+13,4.906790e+01
1.903709e+13,7.899738e+01
1.079815e+14,4.420315e+01
2.707055e+13,7.899533e+01
1.848664e+13,7.899402e+01
4.333037e+15,8.000000e+01
6.538897e+13,4.216116e+01
4.669439e+13,5.837699e+01
1.761275e+13,7.899632e+01
3.082928e+14,8.000000e+01
4.243650e+13,3.351272e+01
3.035256e+13,2.846779e+01
3.230939e+13,3.159084e+01
4.455676e+13,4.456351e+01
2.217020e+13,7.898870e+01
5.247648e+13,5.345218e+01
2.136271e+13,5.000000e+00
3.637284e+13,7.899712e+01
3.637284e+13,7.899947e+01
1.629169e+13,7.918823e+01
2.205779e+14,8.000000e+01
2.205779e+14,8.000000e+01
8.396664e+13,7.899249e+01
1.333145e+13,7.899191e+01
2.155117e+13,7.899503e+01
3.800315e+13,3.919249e+01
3.893459e+13,4.246145e+01
2.676695e+13,7.899503e+01
1.577349e+14,4.966849e+01
9.119702e+13,6.786626e+01
1.320227e+14,8.000000e+01
1.320227e+14,8.000000e+01
2.680671e+14,6.101957e+01
1.644314e+13,7.897727e+01
1.208311e+14,6.077934e+01
7.235905e+14,8.000000e+01
5.211627e+13,5.000071e+00
5.211627e+13,7.893264e+01
1.594600e+13,7.897977e+01
1.425866e+14,5.008890e+01
1.505814e+13,7.899469e+01
1.884303e+13,7.899796e+01
3.227001e+13,2.804738e+01
1.961270e+14,6.570415e+01
1.046532e+14,8.000000e+01
1.046532e+14,8.000000e+01
3.466221e+13,3.183108e+01
4.988535e+14,7.957769e+01
7.154657e+13,5.993852e+01
4.244260e+13,3.963870e+01
9.027873e+12,7.896885e+01
2.301897e+13,7.898490e+01
1.484581e+13,7.897696e+01
9.773554e+13,8.000000e+01
9.773554e+13,8.000000e+01
1.551709e+14,6.396245e+01
5.040831e+13,3.951858e+01
1.619000e+14,8.000000e+01
1.619000e+14,8.000000e+01
1.175627e+13,7.887803e+01
2.685556e+14,8.000000e+01
8.593585e+13,8.000000e+01
8.593585e+13,8.000000e+01
2.440315e+14,7.134966e+01
3.997275e+13,3.099026e+01
1.455720e+14,8.000000e+01
3.986171e+13,4.168069e+01
1.079790e+20,8.000000e+01
1.079790e+20,8.000000e+01
1.079790e+20,8.000000e+01
4.957499e+13,4.918802e+01
7.346361e+13,4.216116e+01
2.467359e+13,7.899136e+01
3.914560e+13,7.899221e+01
2.152272e+13,7.899777e+01
2.167186e+13,7.899189e+01
2.172523e+14,5.675541e+01
1.152214e+14,6.516362e+01
1.281420e+13,2.898970e+01
4.732497e+13,4.288186e+01
1.496423e+13,7.897504e+01
1.219376e+13,7.899364e+01
1.387722e+14,8.000000e+01
1.387722e+14,7.900031e+01
2.802299e+13,2.666603e+01
1.308268e+14,4.204104e+01
1.760993e+13,7.899535e+01
1.274298e+14,5.987846e+01
3.692056e+14,6.888725e+01
4.885898e+14,8.000000e+01
4.885898e+14,8.000000e+01
1.601334e+13,7.899632e+01
1.238261e+14,8.000000e+01
1.238261e+14,8.000000e+01
6.637992e+14,8.000000e+01
1.340213e+14,8.000000e+01
1.340213e+14,8.000000e+01
7.399597e+13,8.000000e+01
4.284860e+13,3.729641e+01
3.488356e+13,7.898525e+01
1.584343e+13,7.899568e+01
2.299525e+13,2.700000e+01
8.502610e+14,8.000000e+01
3.513735e+13,3.483401e+01
1.010445e+14,5.531400e+01
1.305679e+13,7.899803e+01
1.169779e+13,7.899433e+01
1.064654e+14,7.899815e+01
1.064654e+14,8.000000e+01
2.759984e+13,2.630568e+01
5.829598e+13,3.795706e+01
1.232905e+15,8.000000e+01
2.256323e+14,8.000000e+01
2.256323e+14,8.000000e+01
6.026007e+13,3.879788e+01
4.084053e+13,3.357278e+01
1.433308e+15,8.000000e+01
1.077743e+13,7.467619e+01
2.035796e+14,6.095951e+01
5.298730e+13,7.243071e+01
1.777829e+13,7.899006e+01
1.998168e+13,7.899258e+01
1.526611e+14,4.996878e+01
9.864954e+12,7.899176e+01
1.291221e+14,5.657523e+01
9.631577e+13,8.000000e+01
5.701392e+13,4.528421e+01
1.645087e+13,7.899826e+01
1.154891e+13,7.243957e+01
1.232074e+13,7.887096e+01
1.648109e+14,8.000000e+01
1.113043e+14,2.700000e+01
4.872655e+13,3.819729e+01
1.692439e+14,5.147025e+01
4.924091e+13,4.420315e+01
2.162830e+13,4.999593e+00
2.216542e+14,7.140972e+01
5.679617e+13,5.765629e+01
5.451836e+13,3.663577e+01
2.388996e+13,7.936337e+01
2.633766e+14,8.000000e+01
2.633766e+14,8.000000e+01
1.043108e+13,7.899736e+01
1.224532e+14,4.900785e+01
2.919992e+13,7.899182e+01
3.703588e+13,3.062990e+01
3.285229e+13,7.931936e+01
3.480526e+13,3.050979e+01
5.572982e+13,4.354251e+01
3.875899e+14,8.000000e+01
5.857001e+13,6.534379e+01
5.857001e+13,5.000141e+00
1.638795e+13,4.509190e+01
1.733223e+13,5.000310e+00
1.648920e+13,7.898140e+01
3.029605e+13,3.495412e+01
2.786554e+13,2.726662e+01
1.760149e+13,7.899857e+01
2.626583e+13,7.899336e+01
5.877117e+14,7.369194e+01
1.581842e+14,4.750638e+01
9.455781e+13,6.912749e+01
1.823076e+15,8.000000e+01
1.823076e+15,8.000000e+01
1.979218e+13,7.898773e+01
1.530767e+14,5.411283e+01
2.586840e+13,7.899208e+01
5.993638e+13,6.738579e+01
2.001763e+14,8.000000e+01
2.001763e+14,8.000000e+01
2.001763e+14,8.000000e+01
1.638533e+13,7.879098e+01
7.466642e+13,4.126028e+01
3.204753e+13,3.008938e+01
4.580882e+14,8.000000e+01
4.580882e+14,8.000000e+01
4.580882e+14,8.000000e+01
1.061428e+14,7.500000e+01
1.589851e+13,4.999730e+00
4.050510e+13,3.189113e+01
5.770614e+13,4.666556e+01
1.561856e+14,7.693511e+01
1.561856e+14,7.693511e+01
9.725867e+13,5.000016e+00
9.725867e+13,7.896439e+01
3.802423e+13,4.348245e+01
1.160222e+13,7.899442e+01
4.648801e+13,4.035940e+01
1.196391e+13,7.897553e+01
1.101773e+15,7.261089e+01
1.528714e+13,7.899850e+01
2.855627e+13,4.998481e+00
2.496303e+14,8.000000e+01
2.496303e+14,8.000000e+01
1.483069e+14,5.681547e+01
2.035762e+13,7.899639e+01
1.194440e+13,7.899855e+01
2.984750e+13,2.298720e+01
1.937674e+13,7.896266e+01
4.481764e+13,4.414310e+01
1.962249e+14,8.000000e+01
4.174129e+13,4.999788e+00
3.335204e+13,7.899493e+01
1.323452e+13,6.068599e+01
1.329714e+13,7.899768e+01
1.146621e+13,7.899763e+01
5.019638e+13,4.966849e+01
5.019638e+13,7.857574e+01
3.692351e+13,7.899593e+01
4.562077e+14,8.000000e+01
2.037109e+13,7.899411e+01
7.499578e+13,5.669535e+01
1.027438e+15,8.000000e+01
1.027438e+15,8.000000e+01
3.207590e+13,4.324379e+01
2.946634e+13,3.201125e+01
2.551734e+13,2.792726e+01
2.542958e+13,2.738674e+01
4.082155e+13,3.099223e+01
1.010370e+14,6.894731e+01
2.395847e+13,4.997409e+00
8.524769e+13,8.000000e+01
1.234798e+13,7.899710e+01
1.216864e+13,7.898565e+01
1.027325e+13,7.899273e+01
2.699416e+13,7.898726e+01
5.656876e+13,3.459377e+01
1.222181e+16,8.000000e+01
1.222181e+16,8.000000e+01
2.569083e+13,2.624562e+01
6.505518e+14,8.000000e+01
1.216400e+14,5.104984e+01
2.979097e+13,3.050979e+01
1.484502e+13,7.898818e+01
1.296681e+13,7.899273e+01
2.236458e+13,7.899324e+01
2.475178e+13,7.899655e+01
1.772991e+13,4.998615e+00
5.842468e+14,8.000000e+01
5.842468e+14,8.000000e+01
5.842468e+14,8.000000e+01
5.842468e+14,8.000000e+01
9.198222e+14,8.000000e+01
1.799644e+13,7.899361e+01
6.069826e+13,5.687553e+01
1.682639e+14,3.393313e+01
1.223247e+13,7.894644e+01
4.936784e+13,3.471389e+01
3.641825e+13,4.023928e+01
1.449102e+13,7.899188e+01
1.094688e+13,7.899781e+01
5.844012e+13,4.132034e+01
8.826778e+13,6.786626e+01
8.826778e+13,6.786626e+01
3.229484e+13,3.014943e+01
6.333650e+13,5.921781e+01
1.252392e+13,7.899775e+01
2.290073e+13,5.000371e+00
3.173972e+13,7.887869e+01
3.940949e+13,2.954885e+01
2.470444e+13,7.898061e+01
9.452578e+13,4.408304e+01
4.738420e+13,3.717629e+01
7.029843e+14,8.000000e+01
7.029843e+14,8.000000e+01
7.029843e+14,8.000000e+01
2.259394e+13,7.899541e+01
3.065798e+14,8.000000e+01
3.065798e+14,8.000000e+01
2.595248e+13,2.624562e+01
5.707552e+13,6.306157e+01
4.435423e+13,7.908254e+01
4.435423e+13,5.597465e+01
1.549590e+13,7.897349e+01
2.812082e+14,6.186039e+01
2.765608e+13,2.666603e+01
1.634817e+13,7.899615e+01
1.754234e+13,7.899327e+01
9.095588e+13,8.000000e+01
1.755575e+14,6.294145e+01
8.396833e+14,8.000000e+01
1.039176e+13,7.899796e+01
5.007260e+13,7.898274e+01
7.684322e+13,4.318216e+01
1.107712e+14,5.501371e+01
2.225405e+13,7.899856e+01
1.658520e+13,7.898316e+01
1.044492e+14,5.333207e+01
7.534424e+13,4.456351e+01
7.597768e+14,8.000000e+01
1.083985e+14,4.540433e+01
6.514245e+13,4.810697e+01
1.551592e+13,7.899652e+01
5.325583e+14,8.000000e+01
5.651475e+17,8.000000e+01
8.211549e+14,8.000000e+01
8.211549e+14,8.000000e+01
6.559697e+13,5.387259e+01
1.533217e+14,8.000000e+01
1.533217e+14,8.000000e+01
1.533217e+14,8.000000e+01
1.763777e+14,8.000000e+01
1.773072e+13,4.999279e+00
1.187999e+13,7.862465e+01
1.440891e+14,7.026860e+01
8.179916e+15,8.000000e+01
4.158768e+13,3.299406e+01
7.827820e+13,4.660550e+01
5.127202e+13,5.008890e+01
4.097101e+13,5.000003e+00
4.097101e+13,7.899482e+01
3.062812e+13,3.387307e+01
1.024171e+13,7.899787e+01
2.946702e+14,8.000000e+01
1.012364e+14,6.840678e+01
2.567344e+14,8.000000e+01
2.567344e+14,8.000000e+01
4.423220e+13,3.447366e+01
4.475850e+13,3.633547e+01
2.810559e+14,8.000000e+01
2.810559e+14,8.000000e+01
2.036007e+13,2.276222e+01
1.397477e+13,7.889054e+01
2.880002e+13,2.654592e+01
4.132543e+14,8.000000e+01
6.521187e+13,3.777688e+01
6.301483e+13,3.693606e+01
6.857228e+13,4.005911e+01
4.289727e+13,3.495412e+01
2.482432e+13,7.899022e+01
1.938786e+13,7.899006e+01
4.615554e+13,3.279201e+01
4.509214e+14,7.050884e+01
1.687944e+15,7.687505e+01
1.108743e+14,4.684573e+01
7.793460e+13,5.591459e+01
5.526121e+13,4.594485e+01
2.661956e+13,7.895212e+01
7.306583e+13,4.468362e+01
2.510153e+13,2.588527e+01
3.672444e+13,5.000276e+00
6.664931e+13,7.694827e+01
8.574920e+13,4.462357e+01
4.545861e+13,5.538568e+01
1.769941e+13,4.999980e+00
3.292664e+13,4.999848e+00
6.760273e+13,7.897786e+01
8.489454e+13,7.897562e+01
8.489454e+13,4.999990e+00
1.412617e+13,5.080307e+01
1.362105e+13,7.898835e+01
7.547172e+13,4.558450e+01
1.925653e+13,7.898814e+01
1.463962e+13,7.899740e+01
2.340507e+13,2.408351e+01
6.473821e+19,8.000000e+01
6.473821e+19,8.000000e+01
6.473821e+19,8.000000e+01
6.473821e+19,8.000000e+01
6.473821e+19,8.000000e+01
5.044045e+14,8.000000e+01
5.044045e+14,8.000000e+01
1.177525e+14,8.000000e+01
2.090808e+13,7.898135e+01
6.071109e+13,5.303177e+01
5.527536e+13,4.198099e+01
1.844143e+13,7.886163e+01
3.702541e+13,7.899307e+01
3.780037e+13,3.020949e+01
2.773527e+13,7.898682e+01
7.638854e+13,6.684526e+01
7.638854e+13,6.684526e+01
7.855797e+13,5.633500e+01
2.138838e+13,7.895522e+01
1.155084e+14,4.822708e+01
1.098977e+14,7.899295e+01
1.733566e+18,8.000000e+01
7.401268e+13,6.246098e+01
3.681989e+13,7.898970e+01
9.386223e+13,6.095951e+01
1.543150e+13,7.899750e+01
1.132104e+14,2.284249e+01
1.022752e+13,4.999777e+00
5.399054e+13,7.899761e+01
5.399054e+13,7.899796e+01
1.393250e+14,6.035893e+01
3.372894e+14,8.000000e+01
3.372894e+14,8.000000e+01
2.415690e+13,7.899682e+01
3.045456e+13,7.899409e+01
7.527769e+13,4.216116e+01
4.116919e+13,5.050931e+01
5.509388e+14,8.000000e+01
5.509388e+14,8.000000e+01
1.297573e+14,8.000000e+01
6.391092e+14,6.972807e+01
1.255430e+13,7.885157e+01
2.610118e+13,7.884216e+01
2.548432e+13,2.780715e+01
3.777432e+13,7.898451e+01
1.001917e+14,8.000000e+01
1.393381e+14,8.000000e+01
1.393381e+14,8.000000e+01
2.093735e+13,5.117317e+01
2.133535e+13,7.750984e+01
9.535420e+13,4.384280e+01
2.860759e+13,5.000000e+00
8.900135e+13,7.044878e+01
7.443646e+13,4.023928e+01
1.699682e+14,7.177007e+01
1.699682e+14,7.177007e+01
1.098658e+14,5.195072e+01
1.698901e+14,5.375248e+01
7.575102e+13,4.065970e+01
1.989649e+14,8.000000e+01
4.012555e+13,5.000077e+00
4.012555e+13,4.642532e+01
4.988005e+14,8.000000e+01
1.765364e+13,7.897117e+01
2.960363e+13,2.786721e+01
3.962143e+14,6.624467e+01
6.269950e+13,3.873782e+01
2.989601e+13,7.897638e+01
1.147422e+15,8.000000e+01
1.570122e+13,5.000504e+00
2.350079e+13,7.898789e+01
4.635546e+13,7.899149e+01
4.635546e+13,4.999996e+00
4.989391e+13,3.345266e+01
2.614700e+13,4.533924e+01
2.024708e+13,7.895304e+01
1.439253e+13,7.897560e+01
3.834672e+13,3.621536e+01
3.337874e+13,3.087014e+01
1.173495e+13,7.899681e+01
3.166637e+14,6.306157e+01
1.301099e+13,4.999486e+00
1.551735e+13,7.897001e+01
9.534426e+13,5.303177e+01
8.520634e+13,7.687505e+01
8.520634e+13,7.687505e+01
1.023000e+14,4.726614e+01
2.523758e+13,7.897251e+01
9.589274e+12,7.899857e+01
2.161391e+14,7.549370e+01
2.161391e+14,7.549370e+01
8.281508e+13,5.933793e+01
2.309580e+13,7.896113e+01
1.098781e+14,4.999967e+00
1.098781e+14,8.000000e+01
1.098781e+14,5.000016e+00
1.178330e+13,7.899694e+01
1.649075e+19,8.000000e+01
1.649075e+19,8.000000e+01
1.602739e+13,7.899599e+01
2.799115e+19,8.000000e+01
2.799115e+19,8.000000e+01
2.799115e+19,8.000000e+01
2.799115e+19,8.000000e+01
1.049514e+14,5.026908e+01
6.290043e+13,4.852738e+01
1.272892e+13,7.898346e+01
3.241248e+13,7.898805e+01
4.366962e+14,8.000000e+01
1.296278e+14,4.798685e+01
2.176500e+13,7.896485e+01
2.035553e+13,5.000047e+00
1.440564e+13,7.898128e+01
2.869662e+13,3.026955e+01
4.436136e+13,3.213137e+01
3.774684e+13,3.351272e+01
4.493156e+13,3.885794e+01
4.234973e+13,3.621536e+01
4.839137e+14,8.000000e+01
4.839137e+14,8.000000e+01
3.432885e+13,7.933311e+01
3.546937e+13,3.771682e+01
1.057010e+13,7.899431e+01
3.119331e+13,3.567483e+01
1.587503e+14,4.804691e+01
1.435104e+13,7.899808e+01
1.140853e+13,7.897507e+01
1.972014e+13,2.216164e+01
6.449810e+13,5.032914e+01
2.814588e+13,7.897699e+01
3.300886e+13,3.369289e+01
2.876247e+13,3.441360e+01
2.158256e+15,8.000000e+01
2.158256e+15,8.000000e+01
8.004033e+13,7.899577e+01
8.004033e+13,8.000000e+01
4.625292e+13,4.029934e+01
2.221427e+13,4.997469e+00
3.461438e+13,3.747659e+01
1.400782e+13,7.898870e+01
3.245634e+13,7.899666e+01
1.304977e+13,7.899006e+01
5.707431e+13,3.903811e+01
2.873006e+13,3.099026e+01
6.113805e+13,7.899435e+01
6.113805e+13,6.294145e+01
3.171147e+19,8.000000e+01
3.171147e+19,8.000000e+01
3.171147e+19,8.000000e+01
3.171147e+19,8.000000e+01
3.171147e+19,8.000000e+01
1.253934e+14,8.000000e+01
2.654792e+13,7.897259e+01
2.043416e+13,7.899430e+01
1.107398e+14,4.924808e+01
4.653902e+13,3.465383e+01
6.548409e+16,8.000000e+01
6.548409e+16,8.000000e+01
2.654458e+14,7.999810e+01
1.132872e+14,8.000000e+01
2.220158e+13,7.894221e+01
3.100236e+13,2.972902e+01
5.473227e+13,2.493526e+01
2.030698e+14,8.000000e+01
2.030698e+14,8.000000e+01
2.186867e+13,2.504445e+01
1.437385e+14,5.297172e+01
3.205249e+14,8.000000e+01
6.557341e+13,7.068901e+01
8.822030e+13,8.000000e+01
8.822030e+13,8.000000e+01
1.726722e+13,7.898103e+01
4.821672e+13,3.225149e+01
2.676674e+13,7.899827e+01
2.676674e+13,7.899759e+01
2.822689e+14,8.000000e+01
2.822689e+14,8.000000e+01
3.862026e+13,4.126028e+01
3.570602e+13,3.447366e+01
1.213309e+14,6.978813e+01
1.391882e+14,5.411283e+01
4.144275e+13,4.047952e+01
1.773050e+13,4.999916e+00
3.225068e+13,2.972902e+01
3.014104e+13,3.291213e+01
3.278570e+13,3.213137e+01
1.559175e+13,7.159909e+01
1.360612e+14,8.000000e+01
1.360612e+14,8.000000e+01
5.533280e+13,5.987846e+01
2.543394e+13,5.000333e+00
6.395559e+13,4.999981e+00
2.355114e+13,2.899772e+01
9.591040e+13,4.047952e+01
1.138440e+13,7.899618e+01
1.323967e+13,7.898610e+01
2.731542e+14,8.000000e+01
2.051204e+14,8.000000e+01
2.051204e+14,8.000000e+01
2.051204e+14,8.000000e+01
3.336107e+14,8.000000e+01
1.052328e+14,5.303177e+01
6.226820e+13,4.744632e+01
5.658174e+13,4.816702e+01
9.318101e+13,4.540433e+01
1.360894e+14,5.531400e+01
7.799991e+13,7.897915e+01
4.716769e+14,7.501323e+01
2.554057e+14,8.000000e+01
1.230379e+14,7.759576e+01
5.085636e+13,3.609524e+01
6.828088e+13,4.504398e+01
1.936336e+14,8.000000e+01
4.571722e+13,3.957864e+01
8.240783e+13,4.372269e+01
1.884247e+13,7.898550e+01
1.698725e+14,6.360209e+01
1.313660e+14,5.477347e+01
6.662022e+13,5.435306e+01
1.968110e+13,7.897924e+01
8.142406e+13,4.330228e+01
9.892257e+13,3.579495e+01
4.904165e+13,7.914177e+01
4.904165e+13,7.910800e+01
2.660370e+14,8.000000e+01
1.458614e+13,7.898991e+01
1.488636e+13,7.899521e+01
2.611659e+13,7.899362e+01
1.644849e+13,7.899638e+01
5.013429e+13,3.555471e+01
1.291547e+14,8.000000e+01
1.291547e+14,8.000000e+01
1.981115e+13,7.899774e+01
5.015794e+13,4.378274e+01
3.392734e+13,3.549465e+01
2.782159e+13,2.480422e+01
1.282857e+13,7.898916e+01
1.255931e+14,6.924760e+01
1.674433e+14,8.000000e+01
9.634221e+14,8.000000e+01
9.634221e+14,8.000000e+01
2.125775e+14,8.000000e+01
2.125775e+14,8.000000e+01
5.661445e+13,4.786673e+01
4.648055e+19,8.000000e+01
4.648055e+19,8.000000e+01
4.648055e+19,8.000000e+01
2.354601e+13,7.923093e+01
1.419201e+14,6.156010e+01
3.613053e+13,7.899573e+01
2.525050e+13,2.300246e+01
1.669525e+13,7.896272e+01
1.429007e+14,8.000000e+01
1.429007e+14,8.000000e+01
6.731497e+13,4.786673e+01
3.787057e+14,5.993852e+01
2.644725e+14,8.000000e+01
1.956096e+13,7.897348e+01
3.906359e+14,6.258110e+01
3.431031e+13,1.898332e+01
2.678525e+13,2.858791e+01
1.276510e+13,7.899771e+01
1.371183e+14,6.432280e+01
3.178806e+13,7.899638e+01
2.938622e+13,7.899285e+01
7.198605e+13,4.432327e+01
1.247885e+14,4.468362e+01
3.402766e+13,2.906838e+01
4.416360e+13,3.747659e+01
1.118528e+14,5.104984e+01
5.091272e+13,3.603518e+01
3.819027e+13,4.960843e+01
4.924026e+15,8.000000e+01
4.924026e+15,8.000000e+01
2.061953e+13,7.895835e+01
9.096544e+13,5.417289e+01
4.779783e+13,3.579495e+01
4.177060e+13,3.963870e+01
9.689560e+13,7.489312e+01
5.829194e+13,2.295787e+01
5.486020e+13,3.279201e+01
8.165968e+13,5.000009e+00
8.165968e+13,7.807622e+01
1.104391e+14,4.276175e+01
3.523658e+13,7.899317e+01
3.446521e+13,3.657571e+01
2.887274e+14,8.000000e+01
2.887274e+14,8.000000e+01
6.488469e+13,4.798685e+01
3.030820e+14,6.912749e+01
1.349175e+14,8.000000e+01
1.493691e+13,4.999181e+00
2.123754e+13,7.860405e+01
1.502135e+14,8.000000e+01
2.037770e+13,7.899338e+01
5.483074e+13,4.468362e+01
2.144853e+13,7.896954e+01
1.293612e+14,6.696538e+01
1.499305e+13,7.898683e+01
2.070714e+13,7.899648e+01
4.983823e+14,8.000000e+01
4.983823e+14,8.000000e+01
1.095952e+13,7.899870e+01
1.980155e+13,7.899336e+01
1.595341e+13,7.898577e+01
7.640359e+13,3.879788e+01
7.356666e+14,8.000000e+01
7.356666e+14,8.000000e+01
1.105815e+13,7.899840e+01
2.054741e+13,7.899541e+01
1.017655e+13,3.897730e+01
7.398114e+13,8.000000e+01
4.112377e+17,8.000000e+01
4.112377e+17,8.000000e+01
4.112377e+17,8.000000e+01
8.093980e+14,8.000000e+01
6.028905e+13,3.897805e+01
7.549008e+13,5.825687e+01
2.030253e+13,7.898427e+01
5.847884e+13,3.771682e+01
4.227183e+13,4.720609e+01
3.651034e+14,7.062895e+01
2.322983e+13,7.899266e+01
5.952807e+13,3.477395e+01
4.010644e+13,5.080960e+01
4.010644e+13,4.999504e+00
2.936549e+14,6.342192e+01
7.426287e+13,4.999989e+00
7.426287e+13,4.999980e+00
1.755182e+14,5.097833e+01
3.643794e+13,3.501418e+01
3.086769e+13,2.840773e+01
1.596322e+14,5.393265e+01
1.220022e+14,7.916851e+01
1.220022e+14,8.000000e+01
7.641754e+15,8.000000e+01
7.641754e+15,8.000000e+01
7.641754e+15,8.000000e+01
7.641754e+15,8.000000e+01
1.217138e+14,8.000000e+01
1.758323e+13,7.899586e+01
1.726124e+13,7.899881e+01
1.969219e+13,2.300000e+01
1.733470e+13,7.896870e+01
1.533555e+15,8.000000e+01
6.084132e+14,8.000000e+01
6.084132e+14,8.000000e+01
3.276098e+13,3.141067e+01
3.064300e+13,4.999920e+00
5.239243e+13,3.957864e+01
5.701307e+13,3.705618e+01
5.590449e+13,3.981887e+01
6.379363e+13,4.618509e+01
6.379363e+13,4.618509e+01
3.658014e+13,4.462357e+01
1.237453e+15,8.000000e+01
6.020081e+13,4.846732e+01
6.927194e+14,8.000000e+01
6.927194e+14,8.000000e+01
6.927194e+14,8.000000e+01
6.845801e+13,3.735647e+01
7.483828e+13,8.000000e+01
6.687382e+13,4.198099e+01
1.610942e+13,7.833524e+01
1.046959e+14,5.615482e+01
1.598929e+13,7.899537e+01
4.139846e+13,3.669583e+01
3.219296e+13,2.918850e+01
1.349155e+14,5.050931e+01
3.037321e+14,6.047904e+01
1.250036e+13,7.899754e+01
3.005878e+13,7.896486e+01
3.242391e+14,7.489312e+01
5.818810e+13,3.981887e+01
1.100042e+14,6.768608e+01
8.049052e+13,3.908799e+01
8.017916e+13,4.468362e+01
4.672371e+13,3.201125e+01
1.802736e+13,7.898329e+01
8.716588e+13,5.297172e+01
8.716588e+13,5.297172e+01
1.041144e+13,7.896547e+01
1.764263e+13,7.897973e+01
4.761927e+13,4.041946e+01
7.596972e+13,7.879701e+01
7.596972e+13,8.000000e+01
7.579083e+13,4.462357e+01
1.253968e+14,4.654544e+01
3.437648e+16,8.000000e+01
2.323042e+14,7.297124e+01
9.299108e+13,4.480374e+01
2.192993e+14,8.000000e+01
2.591415e+13,4.998878e+00
4.926707e+13,4.204104e+01
1.192934e+13,7.899049e+01
5.423127e+13,4.720609e+01
8.067609e+13,5.363236e+01
2.313843e+13,7.899698e+01
1.626126e+14,7.465288e+01
1.626126e+14,7.465288e+01
5.238440e+13,6.005863e+01
1.354334e+13,7.899763e+01
3.073758e+13,3.081008e+01
1.246752e+14,5.477347e+01
2.871093e+13,2.702639e+01
2.113360e+13,7.899610e+01
2.825190e+13,7.897824e+01
6.635291e+13,3.963870e+01
1.568707e+13,6.078824e+01
7.246160e+13,4.864749e+01
7.364670e+13,3.795706e+01
2.920284e+13,2.762697e+01
8.785976e+13,5.771635e+01
5.435029e+13,7.899030e+01
5.435029e+13,7.898912e+01
9.849183e+13,8.000000e+01
9.849183e+13,8.000000e+01
5.388857e+13,3.651565e+01
6.828876e+13,6.474321e+01
6.828876e+13,6.474321e+01
5.128112e+13,4.330228e+01
1.507184e+15,8.000000e+01
3.587078e+14,5.873734e+01
2.773703e+13,2.804738e+01
3.599627e+13,4.198099e+01
1.459704e+13,3.503413e+01
1.039862e+15,6.846684e+01
3.339077e+13,3.255178e+01
3.141455e+13,2.876809e+01
2.384500e+13,2.702639e+01
2.601768e+13,7.899503e+01
6.108367e+15,8.000000e+01
6.108367e+15,8.000000e+01
4.288633e+13,4.360257e+01
3.095372e+13,2.954885e+01
1.228162e+13,4.999453e+00
4.303510e+13,4.780667e+01
9.355820e+12,7.899254e+01
1.494844e+13,7.898203e+01
4.984346e+13,4.762650e+01
4.759930e+13,4.114016e+01
2.246236e+13,7.899122e+01
9.409046e+13,5.981840e+01
9.002695e+14,8.000000e+01
9.002695e+14,8.000000e+01
3.368125e+14,8.000000e+01
3.368125e+14,8.000000e+01
3.368125e+14,8.000000e+01
3.368125e+14,8.000000e+01
3.305431e+14,8.000000e+01
2.524269e+13,7.899668e+01
3.105075e+13,2.978908e+01
5.831930e+13,3.855764e+01
1.389004e+14,7.657476e+01
4.796896e+13,5.303177e+01
1.430775e+14,4.792679e+01
4.108363e+13,4.156057e+01
1.552257e+13,7.899613e+01
2.337638e+14,6.240092e+01
8.952371e+13,5.074955e+01
2.472495e+14,5.783646e+01
5.765577e+14,8.000000e+01
1.027813e+14,7.849663e+01
1.027813e+14,7.849663e+01
1.027813e+14,7.849663e+01
3.636369e+13,4.180081e+01
1.666573e+13,7.899208e+01
1.750744e+14,7.146977e+01
1.901213e+13,7.899640e+01
4.176605e+13,3.130450e+01
1.457553e+13,7.892928e+01
2.165039e+14,8.000000e+01
2.165039e+14,8.000000e+01
2.979215e+13,3.075002e+01
5.493881e+13,7.899333e+01
5.493881e+13,7.899815e+01
4.044056e+13,4.999876e+00
2.249847e+13,7.898580e+01
1.084912e+13,7.899849e+01
4.367875e+13,4.852738e+01
1.303595e+14,8.000000e+01
1.303595e+14,8.000000e+01
1.357675e+14,8.000000e+01
6.526291e+13,3.603518e+01
1.240341e+13,7.899821e+01
5.299428e+13,7.938028e+01
2.868201e+14,7.669488e+01
4.668595e+13,3.207131e+01
4.466738e+13,3.537454e+01
2.894286e+13,2.294240e+01
2.825995e+13,2.564504e+01
7.752120e+13,4.324222e+01
2.977577e+13,2.852785e+01
9.230234e+13,2.720656e+01
1.506153e+13,7.908659e+01
3.038965e+13,4.999716e+00
1.769574e+16,8.000000e+01
1.592768e+13,7.899543e+01
2.042240e+13,7.899229e+01
2.585666e+13,7.899342e+01
5.749679e+13,4.396292e+01
1.485756e+13,7.893378e+01
1.006698e+14,7.092925e+01
1.006698e+14,7.092925e+01
1.760538e+13,7.899721e+01
5.619865e+13,4.095999e+01
2.233024e+14,6.960796e+01
8.849075e+18,8.000000e+01
8.849075e+18,8.000000e+01
1.514262e+15,8.000000e+01
1.796978e+13,7.899641e+01
1.250488e+15,7.525347e+01
4.033791e+13,3.627541e+01
2.077732e+14,8.000000e+01
4.833133e+13,3.669583e+01
5.559452e+13,4.336233e+01
5.854040e+13,3.747659e+01
2.610383e+14,8.000000e+01
2.610383e+14,8.000000e+01
3.687956e+14,8.000000e+01
3.687956e+14,8.000000e+01
1.251927e+13,7.897530e+01
3.822726e+13,3.201125e+01
1.277798e+13,7.899235e+01
2.578777e+13,7.899321e+01
1.072518e+18,8.000000e+01
1.072518e+18,8.000000e+01
3.954043e+13,3.171096e+01
1.837273e+13,7.894236e+01
3.096722e+13,2.810744e+01
3.362151e+13,7.899757e+01
8.627366e+12,7.899811e+01
6.166273e+13,5.000001e+00
6.166273e+13,7.899284e+01
2.846782e+13,3.201125e+01
1.190570e+14,5.837699e+01
4.142667e+14,8.000000e+01
1.893887e+14,2.700000e+01
1.364832e+13,7.898448e+01
3.373816e+13,2.804738e+01
5.194254e+13,4.204104e+01
1.154859e+14,5.723588e+01
5.616439e+13,3.537454e+01
5.162034e+14,6.101957e+01
6.663735e+13,2.293349e+01
3.939957e+13,3.717629e+01
7.838724e+13,4.948831e+01
6.544151e+13,5.843705e+01
9.839415e+13,5.068949e+01
6.241189e+13,2.888820e+01
5.179809e+14,8.000000e+01
3.203221e+13,3.014943e+01
5.128614e+13,7.898739e+01
5.128614e+13,5.000002e+00
2.660058e+13,2.552492e+01
1.794104e+13,7.899816e+01
8.971322e+14,8.000000e+01
8.971322e+14,8.000000e+01
7.088396e+14,8.000000e+01
7.088396e+14,8.000000e+01
7.088396e+14,8.000000e+01
1.718981e+13,4.998812e+00
1.605008e+13,7.897381e+01
1.622638e+13,7.898669e+01
2.494714e+13,2.552492e+01
9.602274e+13,4.864749e+01
2.246040e+13,7.746217e+01
1.069168e+14,4.498392e+01
1.502623e+14,8.000000e+01
2.192702e+13,7.899073e+01
1.023722e+13,7.899816e+01
6.201824e+13,4.005911e+01
5.271893e+13,6.131987e+01
9.665025e+13,4.762650e+01
9.217129e+13,6.600444e+01
7.935584e+13,6.264116e+01
5.089663e+13,3.453371e+01
1.898180e+14,8.000000e+01
7.527131e+13,6.083940e+01
6.216102e+13,7.899698e+01
5.279800e+13,4.360257e+01
3.291879e+13,7.898711e+01
1.460050e+13,7.885350e+01
1.356808e+14,4.648538e+01
1.545348e+13,7.898932e+01
3.194447e+13,7.899022e+01
3.372032e+13,2.786721e+01
2.503371e+13,2.948879e+01
3.629512e+14,6.864702e+01
5.244514e+13,4.089993e+01
1.569487e+13,7.898129e+01
2.729998e+14,7.086919e+01
8.412572e+13,6.378227e+01
1.927107e+14,5.795658e+01
3.510174e+14,6.113969e+01
3.472982e+14,7.891704e+01
2.331659e+13,2.726662e+01
5.435102e+13,7.896760e+01
5.435102e+13,5.000003e+00
4.274064e+14,6.654497e+01
1.599016e+14,8.000000e+01
3.434265e+13,7.894512e+01
1.031108e+14,5.771635e+01
1.921414e+14,7.711529e+01
1.921414e+14,7.711529e+01
9.039244e+13,4.168069e+01
4.377283e+13,4.282181e+01
1.171908e+14,7.729546e+01
1.171908e+14,7.729546e+01
7.221117e+13,3.957864e+01
1.734224e+13,7.899390e+01
2.474480e+13,2.714650e+01
1.286568e+13,7.899747e+01
3.520353e+13,7.883432e+01
5.026742e+13,4.360257e+01
1.862101e+14,5.417289e+01
1.711429e+14,7.651470e+01
1.711429e+14,7.651470e+01
5.197014e+14,8.000000e+01
3.695027e+13,3.369289e+01
3.487815e+13,3.519436e+01
6.186475e+13,3.639553e+01
1.963309e+13,7.899281e+01
7.391941e+13,8.000000e+01
1.773355e+14,8.000000e+01
3.448571e+14,8.000000e+01
3.448571e+14,8.000000e+01
1.209587e+14,5.555424e+01
6.256425e+13,4.354251e+01
1.107211e+14,5.000013e+00
1.107211e+14,7.900143e+01
1.107211e+14,8.000000e+01
1.709291e+13,2.498199e+01
4.618999e+14,8.000000e+01
4.618999e+14,8.000000e+01
1.624311e+13,7.899184e+01
5.628875e+15,6.119975e+01
3.611578e+13,3.159084e+01
1.296176e+13,7.896930e+01
3.092667e+13,3.429348e+01
4.620632e+13,5.435306e+01
1.737439e+14,8.000000e+01
1.737439e+14,8.000000e+01
1.737439e+14,8.000000e+01
1.736699e+13,7.898410e+01
6.250347e+13,3.519436e+01
1.494833e+14,8.000000e+01
1.494833e+14,8.000000e+01
1.253823e+14,5.183060e+01
9.901663e+13,6.726567e+01
2.417175e+13,7.899319e+01
2.259397e+13,7.899733e+01
2.446292e+13,4.999725e+00
1.079434e+14,4.282181e+01
5.942638e+13,7.899928e+01
5.942638e+13,5.321195e+01
1.267901e+13,7.899832e+01
1.040734e+14,4.846732e+01
2.251140e+13,7.898441e+01
1.156526e+14,4.480374e+01
1.023690e+14,8.000000e+01
3.866989e+13,4.672562e+01
2.686391e+13,1.879835e+01
1.345088e+13,7.899377e+01
2.425598e+13,2.582521e+01
4.372801e+13,7.899363e+01
3.526193e+13,3.129055e+01
5.299109e+15,8.000000e+01
5.299109e+15,8.000000e+01
1.261448e+13,7.899782e+01
1.017321e+14,4.942826e+01
1.713616e+14,4.972855e+01
8.053697e+13,4.558450e+01
1.058736e+13,7.878230e+01
2.299797e+14,8.000000e+01
9.459045e+13,4.252151e+01
1.644554e+13,7.899589e+01
1.306319e+14,7.579400e+01
1.306319e+14,7.579400e+01
3.764848e+13,3.417336e+01
2.434929e+13,7.899731e+01
1.086344e+14,5.909770e+01
1.214992e+14,8.000000e+01
1.214992e+14,4.999997e+00
1.873410e+14,6.468315e+01
1.283209e+14,4.648538e+01
1.406689e+14,6.660503e+01
1.329828e+14,6.852690e+01
2.400441e+13,7.899048e+01
6.533620e+13,3.669583e+01
1.020824e+13,7.898730e+01
3.391549e+13,3.333254e+01
2.709036e+13,2.516457e+01
1.236937e+14,7.567388e+01
1.236937e+14,7.567388e+01
1.386379e+13,7.892926e+01
7.922530e+13,5.092972e+01
3.277013e+13,3.050979e+01
4.664723e+13,3.657571e+01
3.762738e+13,4.999968e+00
2.200662e+13,7.896550e+01
4.378683e+14,8.000000e+01
4.378683e+14,8.000000e+01
2.175070e+13,7.899472e+01
1.389281e+14,4.714603e+01
1.251696e+15,8.000000e+01
1.251696e+15,8.000000e+01
2.464700e+14,7.639458e+01
1.897309e+13,7.898587e+01
2.422736e+13,2.630568e+01
1.492003e+13,7.899221e+01
6.495043e+14,7.537359e+01
2.406853e+13,2.648586e+01
4.049018e+13,2.942873e+01
3.069490e+14,8.000000e+01
6.495809e+13,3.933841e+01
1.063943e+14,8.000000e+01
1.063943e+14,8.000000e+01
1.115113e+14,4.234134e+01
2.229224e+13,7.894327e+01
2.043302e+14,8.000000e+01
2.043302e+14,8.000000e+01
2.043302e+14,8.000000e+01
2.043302e+14,8.000000e+01
8.678503e+13,6.972807e+01
1.475391e+15,8.000000e+01
1.475391e+15,8.000000e+01
3.064047e+13,7.899253e+01
1.019377e+17,8.000000e+01
3.784570e+13,5.721650e+01
3.784570e+13,7.898967e+01
4.349723e+13,4.999529e+00
1.910901e+13,7.893911e+01
1.683264e+13,7.899599e+01
3.786434e+14,8.000000e+01
2.475233e+13,7.899747e+01
5.525014e+13,4.180081e+01
5.360663e+14,8.000000e+01
2.468169e+14,8.000000e+01
2.468169e+14,8.000000e+01
1.070309e+13,7.899054e+01
8.273837e+13,6.402250e+01
4.626295e+13,4.606497e+01
1.155511e+13,7.899791e+01
9.984404e+13,7.898618e+01
9.984404e+13,5.000009e+00
2.021088e+13,7.898886e+01
3.981249e+13,3.375295e+01
8.640514e+13,4.065970e+01
5.240721e+13,5.597465e+01
5.240721e+13,4.999998e+00
1.362230e+13,7.910212e+01
1.295892e+13,7.899597e+01
1.964257e+13,7.898816e+01
1.224024e+14,4.906790e+01
3.180836e+13,3.014943e+01
2.646551e+14,5.159037e+01
6.334527e+13,4.552444e+01
1.351387e+14,7.957769e+01
1.351387e+14,7.957769e+01
1.170811e+14,4.330228e+01
1.134407e+13,7.899593e+01
2.934404e+13,4.999631e+00
2.411128e+14,5.549418e+01
3.131355e+14,6.516362e+01
4.017171e+13,5.297172e+01
1.975432e+13,7.267719e+01
3.421044e+13,3.050979e+01
3.364575e+13,3.261184e+01
5.546078e+13,4.336233e+01
1.029537e+14,7.899346e+01
1.029537e+14,5.000000e+00
4.426631e+13,3.783694e+01
1.624631e+13,7.899039e+01
2.170748e+13,7.891016e+01
4.461925e+13,3.753665e+01
4.371229e+13,4.035940e+01
3.001362e+14,8.000000e+01
3.001362e+14,8.000000e+01
1.623335e+14,5.291166e+01
1.640113e+14,7.837652e+01
1.640113e+14,7.837652e+01
1.301681e+13,7.899685e+01
1.429756e+14,7.152983e+01
1.797792e+14,5.879740e+01
1.221439e+13,7.899757e+01
6.054893e+13,5.951811e+01
3.365111e+13,7.898769e+01
2.841100e+14,7.008843e+01
2.157840e+13,2.318263e+01
3.373702e+13,3.435354e+01
7.018024e+13,6.288139e+01
7.018024e+13,6.288139e+01
4.555300e+13,3.945852e+01
7.612266e+12,1.500000e+01
4.177170e+14,8.000000e+01
4.048055e+13,3.267190e+01
2.997551e+13,3.243166e+01
3.352282e+13,3.081008e+01
1.417475e+13,4.999774e+00
1.127029e+14,5.519388e+01
5.673193e+13,4.198099e+01
2.481777e+14,7.020854e+01
2.857122e+13,4.999473e+00
5.094469e+13,5.104984e+01
1.834896e+14,7.633452e+01
3.573872e+13,7.897814e+01
5.952669e+14,8.000000e+01
1.344932e+13,7.899000e+01
2.988897e+13,2.924855e+01
4.422007e+13,5.000298e+00
1.513797e+13,7.897580e+01
4.036457e+13,1.899037e+01
1.867506e+14,8.000000e+01
1.867506e+14,8.000000e+01
1.695553e+13,7.899108e+01
3.400520e+13,3.123049e+01
7.507192e+13,3.759670e+01
1.739831e+13,7.899541e+01
2.280227e+13,7.898862e+01
2.084152e+13,7.898111e+01
6.224275e+13,3.951858e+01
2.532804e+14,8.000000e+01
2.532804e+14,8.000000e+01
3.866849e+14,6.870708e+01
2.064668e+13,7.898186e+01
1.986073e+13,7.899758e+01
1.125284e+14,6.618461e+01
1.109570e+14,4.756644e+01
4.757808e+13,5.000277e+00
4.757808e+13,5.000300e+00
1.928802e+13,7.898546e+01
1.013494e+13,7.899845e+01
3.090191e+13,7.896329e+01
7.318599e+13,4.210110e+01
5.344939e+13,4.312210e+01
3.443791e+13,3.100000e+01
6.017917e+13,5.000005e+00
6.017917e+13,7.285112e+01
6.017917e+13,7.899809e+01
4.812145e+13,7.899761e+01
1.515395e+14,5.831693e+01
3.803568e+13,5.000041e+00
3.803568e+13,4.999928e+00
3.685956e+13,7.896004e+01
1.639643e+13,7.899740e+01
3.966478e+13,3.987893e+01
5.691925e+13,7.899515e+01
5.691925e+13,7.899677e+01
8.939651e+13,5.285160e+01
2.918313e+13,2.870803e+01
2.835199e+13,5.613189e+01
1.096381e+13,7.896006e+01
1.036408e+14,4.318216e+01
1.108116e+14,4.180081e+01
1.568432e+14,7.543364e+01
1.398599e+14,8.000000e+01
1.398599e+14,8.000000e+01
1.496837e+13,7.898825e+01
3.781889e+13,4.888773e+01
1.085658e+14,8.000000e+01
1.085658e+14,8.000000e+01
1.268516e+13,7.907633e+01
1.688587e+14,8.000000e+01
1.688587e+14,8.000000e+01
1.688587e+14,8.000000e+01
5.148052e+13,4.612503e+01
7.204545e+13,4.246145e+01
2.289238e+14,6.906743e+01
2.360277e+14,8.000000e+01
6.897277e+13,4.750638e+01
5.026404e+13,4.654544e+01
5.881741e+13,4.726614e+01
1.085804e+14,8.000000e+01
1.085804e+14,8.000000e+01
4.525669e+14,8.000000e+01
4.525669e+14,8.000000e+01
6.252583e+13,4.198099e+01
2.496934e+14,8.000000e+01
1.355132e+13,7.912002e+01
4.417602e+16,8.000000e+01
1.787870e+13,4.999711e+00
1.003449e+14,6.077934e+01
3.741319e+13,3.219143e+01
2.595589e+13,7.891071e+01
2.319058e+13,2.630568e+01
1.611553e+13,7.899742e+01
1.255175e+14,4.342239e+01
2.705484e+13,7.897724e+01
4.351737e+13,5.000003e+00
4.351737e+13,7.899123e+01
4.462099e+13,3.615530e+01
1.603151e+13,7.899622e+01
4.813976e+13,3.261184e+01
1.279850e+13,7.899712e+01
5.797891e+13,4.480374e+01
1.586536e+13,7.899568e+01
2.475964e+14,8.000000e+01
1.623480e+13,7.892801e+01
3.468838e+13,7.896236e+01
1.542011e+14,5.896301e+01
2.632320e+14,8.000000e+01
2.632320e+14,8.000000e+01
2.632320e+14,8.000000e+01
2.952140e+13,6.135440e+01
4.570773e+13,4.558450e+01
3.138905e+13,3.645559e+01
1.135763e+13,7.898764e+01
5.414092e+13,6.678520e+01
3.808899e+13,3.771682e+01
7.414211e+14,8.000000e+01
6.672418e+13,3.819729e+01
2.769900e+14,5.927787e+01
1.522059e+13,1.501466e+01
1.368205e+14,5.681547e+01
4.146852e+13,4.504398e+01
5.657437e+13,4.516409e+01
1.355872e+13,7.899796e+01
3.585055e+13,4.999725e+00
6.016802e+14,8.000000e+01
1.219313e+13,4.999643e+00
9.610579e+12,7.898272e+01
7.912801e+13,5.000006e+00
7.912801e+13,8.000000e+01
1.629294e+13,3.898683e+01
2.946082e+14,7.711529e+01
5.696010e+14,7.897710e+01
5.275358e+13,3.687600e+01
1.567820e+13,7.896309e+01
2.063773e+14,5.567435e+01
6.168796e+14,8.000000e+01
6.168796e+14,8.000000e+01
8.679159e+13,4.360257e+01
1.585693e+13,7.898979e+01
8.616831e+13,5.387259e+01
4.124716e+13,3.525442e+01
2.408525e+14,6.083940e+01
1.447977e+13,7.899722e+01
1.988098e+13,7.898362e+01
5.198917e+13,3.975882e+01
1.760064e+14,6.936772e+01
1.042916e+13,7.067351e+01
5.150433e+13,3.981887e+01
5.524123e+13,4.150052e+01
2.062064e+13,7.898665e+01
4.528522e+13,4.999565e+00
2.429245e+14,6.324174e+01
3.172995e+13,3.099026e+01
1.918442e+14,5.411283e+01
4.441232e+13,3.465383e+01
1.667458e+13,7.899781e+01
1.426823e+13,7.899791e+01
1.414248e+13,7.899485e+01
3.823115e+13,7.899904e+01
3.823115e+13,7.899868e+01
2.873261e+13,3.393313e+01
1.009013e+14,5.285160e+01
1.009013e+14,5.285160e+01
5.486206e+13,3.471389e+01
5.201418e+14,8.000000e+01
2.703177e+13,2.798732e+01
4.492109e+13,4.108011e+01
7.408013e+13,6.156010e+01
3.627342e+14,6.528374e+01
1.413756e+13,7.899404e+01
1.788904e+13,7.892012e+01
1.826126e+13,7.899161e+01
2.443522e+13,7.898535e+01
1.013513e+13,7.899692e+01
1.050652e+14,5.333207e+01
1.512949e+14,5.062943e+01
2.556987e+13,6.137412e+01
3.371211e+13,7.827478e+01
2.604430e+14,8.000000e+01
1.216047e+14,8.000000e+01
3.480346e+13,7.899679e+01
3.480346e+13,7.899632e+01
1.942518e+13,5.055558e+01
4.752074e+13,3.621536e+01
1.347101e+14,4.666556e+01
5.082873e+13,5.698321e+01
4.668154e+13,7.899866e+01
1.966350e+13,7.899340e+01
1.919916e+14,6.678520e+01
5.077983e+14,6.648491e+01
2.972746e+13,7.320774e+01
4.194371e+14,6.450297e+01
2.030973e+13,7.899775e+01
6.623573e+13,3.879788e+01
5.133403e+13,2.099648e+01
8.196339e+13,4.672562e+01
6.963016e+13,3.759670e+01
6.602805e+13,4.846732e+01
1.473735e+14,8.000000e+01
4.590561e+13,3.387307e+01
1.308886e+13,7.896632e+01
1.579785e+14,5.495365e+01
8.418740e+13,8.000000e+01
8.418740e+13,5.000003e+00
1.601323e+13,7.896188e+01
1.803334e+17,8.000000e+01
5.710510e+13,3.741653e+01
8.221146e+13,5.627494e+01
1.557468e+13,7.899653e+01
2.043042e+14,8.000000e+01
2.043042e+14,8.000000e+01
1.309279e+14,8.000000e+01
1.309279e+14,8.000000e+01
5.716470e+13,6.216069e+01
4.845184e+14,8.000000e+01
4.845184e+14,8.000000e+01
4.845184e+14,8.000000e+01
2.892744e+13,7.896759e+01
5.413230e+13,5.207084e+01
4.064790e+13,2.972902e+01
1.717027e+13,7.899768e+01
9.428775e+13,4.480374e+01
1.182047e+13,7.899078e+01
2.151175e+13,7.899842e+01
1.130541e+14,6.137992e+01
3.216787e+13,2.816750e+01
5.969638e+13,4.059964e+01
1.230507e+13,5.000000e+00
5.367814e+14,8.000000e+01
1.796455e+13,7.899467e+01
1.500901e+13,6.638166e+01
2.859028e+13,7.889222e+01
4.099373e+13,4.330228e+01
2.385758e+13,2.564504e+01
5.756369e+13,3.333254e+01
3.242989e+13,3.429348e+01
3.951592e+14,8.000000e+01
4.351607e+13,3.706315e+01
6.306749e+13,6.876714e+01
6.306749e+13,4.644701e+01
2.164049e+14,5.795658e+01
3.099504e+13,2.672609e+01
4.251089e+13,4.011917e+01
2.416987e+13,7.407985e+01
1.253481e+14,8.000000e+01
1.253481e+14,8.000000e+01
1.177349e+14,5.177054e+01
2.792631e+13,5.000036e+00
1.910048e+14,5.435306e+01
2.382496e+13,2.468410e+01
5.377080e+13,5.000070e+00
5.377080e+13,7.896032e+01
1.582999e+14,7.849663e+01
4.783968e+13,3.405325e+01
7.064564e+13,4.636527e+01
2.447267e+13,7.898868e+01
2.547882e+14,6.558403e+01
1.976218e+14,8.000000e+01
1.976218e+14,8.000000e+01
6.024246e+13,4.126028e+01
8.428436e+13,4.132034e+01
4.024964e+13,3.375295e+01
2.052870e+13,7.899622e+01
1.302292e+14,6.660503e+01
1.302292e+14,6.660503e+01
3.942655e+14,7.897710e+01
2.351876e+13,4.997303e+00
1.676482e+14,5.237113e+01
2.231369e+14,8.000000e+01
2.231369e+14,8.000000e+01
3.692194e+13,7.899458e+01
5.059949e+13,7.898572e+01
1.792629e+14,7.213042e+01
2.823710e+13,3.621536e+01
2.573607e+13,7.926856e+01
1.082911e+14,8.000000e+01
6.112365e+13,4.978861e+01
9.830713e+13,7.903716e+01
1.195799e+13,7.899296e+01
1.066485e+15,8.000000e+01
1.066485e+15,8.000000e+01
1.873395e+13,7.898511e+01
2.299538e+13,7.898181e+01
4.202655e+17,8.000000e+01
4.202655e+17,8.000000e+01
6.604202e+14,4.089973e+01
2.743108e+14,7.152983e+01
2.132597e+13,7.899085e+01
2.879876e+13,3.141067e+01
1.504467e+13,7.899560e+01
4.724874e+14,6.810649e+01
1.614472e+13,7.899435e+01
1.595426e+13,7.915063e+01
3.107959e+13,3.591506e+01
1.534178e+18,8.000000e+01
2.252435e+13,7.891627e+01
3.729561e+13,4.336233e+01
1.887571e+14,8.000000e+01
5.192590e+13,3.147072e+01
8.409913e+13,4.444339e+01
3.666784e+14,5.837699e+01
4.968240e+13,4.450345e+01
1.276893e+14,5.837699e+01
6.372344e+13,4.696585e+01
1.789026e+13,7.898433e+01
1.856518e+13,7.892567e+01
8.195475e+13,4.246145e+01
3.688942e+14,8.000000e+01
3.688942e+14,8.000000e+01
8.707992e+13,4.264163e+01
3.035493e+13,2.762697e+01
1.709269e+13,7.899422e+01
9.802494e+13,4.282181e+01
5.524135e+13,4.438333e+01
1.554414e+14,6.906743e+01
1.595538e+13,7.899429e+01
5.709735e+13,3.627541e+01
2.585287e+13,7.886648e+01
1.803165e+13,7.899734e+01
2.213328e+13,2.468410e+01
1.258033e+14,8.000000e+01
1.258033e+14,8.000000e+01
1.155238e+13,7.899652e+01
6.243976e+13,4.894779e+01
2.721304e+13,7.899651e+01
1.622410e+14,8.000000e+01
1.622410e+14,8.000000e+01
1.734925e+13,7.899202e+01
5.544809e+13,3.801712e+01
6.754969e+13,4.570462e+01
2.741660e+13,7.895416e+01
1.954449e+14,8.000000e+01
1.137383e+13,7.899832e+01
6.565815e+14,8.000000e+01
6.565815e+14,8.000000e+01
1.147671e+13,7.899595e+01
1.788131e+13,7.899774e+01
8.801845e+13,7.008843e+01
1.497245e+14,5.489359e+01
3.626214e+13,7.890096e+01
5.764909e+13,7.899858e+01
5.764909e+13,7.899807e+01
6.499360e+13,4.414310e+01
1.211268e+14,5.537406e+01
4.327628e+13,3.147072e+01
5.865503e+13,7.898825e+01
5.865503e+13,7.899416e+01
5.662896e+17,8.000000e+01
5.662896e+17,8.000000e+01
5.662896e+17,8.000000e+01
7.928418e+13,3.951858e+01
3.619358e+13,3.093020e+01
2.758633e+13,3.951858e+01
1.500035e+13,7.898214e+01
4.405910e+13,3.273196e+01
1.462347e+13,7.899401e+01
2.682900e+13,7.899386e+01
2.942878e+13,2.456398e+01
1.119237e+13,4.886228e+01
3.668063e+14,8.000000e+01
5.306789e+13,7.899512e+01
5.306789e+13,7.899774e+01
1.569444e+13,7.898410e+01
3.013307e+13,5.524329e+01
3.240719e+14,8.000000e+01
3.240719e+14,8.000000e+01
2.808809e+13,5.000284e+00
4.534115e+13,4.089993e+01
2.139372e+13,7.896129e+01
2.325376e+13,2.408351e+01
1.648644e+13,7.899782e+01
8.888530e+13,8.000000e+01
8.888530e+13,8.000000e+01
1.453178e+14,8.000000e+01
1.024174e+13,7.898900e+01
1.705645e+13,7.913764e+01
2.907152e+13,2.984914e+01
4.875772e+13,3.267190e+01
2.226104e+13,7.899515e+01
1.472415e+13,7.899592e+01
5.796128e+13,5.201078e+01
1.442756e+14,4.696585e+01
1.264480e+13,7.893421e+01
1.909739e+13,7.893767e+01
1.646790e+13,7.899316e+01
2.595448e+13,7.899342e+01
2.243843e+14,8.000000e+01
1.109086e+13,7.893404e+01
1.074534e+13,7.899680e+01
2.518943e+13,3.177102e+01
2.550958e+13,2.105945e+01
2.654863e+13,2.546486e+01
4.379225e+13,4.612503e+01
2.768866e+13,6.688881e+01
1.084263e+13,7.899023e+01
2.253186e+13,7.898523e+01
5.886870e+13,5.393265e+01
3.075041e+14,5.777641e+01
5.431299e+13,3.453371e+01
2.737406e+13,2.888820e+01
5.848811e+13,7.897346e+01
5.848811e+13,5.000013e+00
2.329038e+13,7.899340e+01
7.796159e+13,3.987893e+01
9.589931e+13,8.000000e+01
1.324613e+14,7.279106e+01
2.255561e+13,7.899570e+01
1.911736e+14,7.633452e+01
1.911736e+14,7.633452e+01
1.422232e+13,7.898326e+01
2.835911e+13,2.912844e+01
2.028423e+13,2.216164e+01
2.273128e+14,7.375200e+01
3.767960e+13,4.999856e+00
1.210406e+13,7.899021e+01
9.293045e+13,3.879788e+01
7.145302e+13,3.729641e+01
2.517998e+13,2.516457e+01
7.554232e+13,8.000000e+01
2.678592e+13,7.899073e+01
3.843834e+13,3.471389e+01
1.761289e+13,7.898379e+01
5.323733e+13,4.702591e+01
2.094391e+13,7.899746e+01
3.299199e+14,6.864702e+01
1.777398e+13,1.700000e+01
3.643460e+14,8.000000e+01
7.316631e+14,7.591411e+01
4.525181e+13,4.702591e+01
3.381646e+13,3.915823e+01
1.948699e+13,2.500000e+01
4.322331e+13,3.357278e+01
1.999112e+13,7.899372e+01
7.129919e+13,4.654544e+01
4.326523e+14,8.000000e+01
4.326523e+14,8.000000e+01
4.326523e+14,8.000000e+01
4.326523e+14,8.000000e+01
4.326523e+14,8.000000e+01
5.582685e+13,3.609524e+01
2.104606e+13,7.899794e+01
1.990558e+13,4.999747e+00
3.876595e+14,6.414262e+01
1.899048e+13,7.899391e+01
1.306878e+14,8.000000e+01
1.089093e+14,2.080696e+01
7.484842e+13,4.624515e+01
1.295526e+14,8.000000e+01
6.049050e+14,8.000000e+01
3.310258e+13,4.899176e+01
2.212332e+13,5.265265e+01
7.577424e+13,8.000000e+01
1.783656e+14,7.189018e+01
4.184225e+15,8.000000e+01
3.993261e+14,8.000000e+01
3.993261e+14,8.000000e+01
4.994402e+13,4.252151e+01
3.297694e+13,7.898239e+01
4.073007e+13,5.411283e+01
4.073007e+13,5.000002e+00
1.520359e+14,7.201030e+01
2.918249e+13,7.863832e+01
5.819756e+14,6.276127e+01
2.227126e+13,5.000000e+00
9.549235e+13,4.876761e+01
1.031985e+14,5.345218e+01
7.773427e+14,8.000000e+01
7.171073e+14,8.000000e+01
7.171073e+14,8.000000e+01
3.738187e+14,8.000000e+01
8.214485e+13,6.131987e+01
8.214485e+13,6.131987e+01
1.421884e+20,8.000000e+01
1.421884e+20,8.000000e+01
1.421884e+20,8.000000e+01
1.421884e+20,8.000000e+01
1.421884e+20,8.000000e+01
1.421884e+20,8.000000e+01
1.421884e+20,8.000000e+01
1.214923e+13,2.300000e+01
2.447340e+13,2.864797e+01
1.486131e+13,7.898687e+01
3.738030e+13,5.285160e+01
3.738030e+13,4.999990e+00
2.191105e+13,7.899418e+01
1.547443e+13,7.899733e+01
1.139086e+13,7.899389e+01
1.419371e+14,7.303130e+01
1.421355e+15,8.000000e+01
3.860763e+13,2.714650e+01
2.898316e+14,5.591459e+01
3.527347e+14,7.675493e+01
3.527347e+14,7.675493e+01
1.613007e+13,7.899532e+01
2.146441e+13,7.899366e+01
2.070661e+13,7.890570e+01
3.739369e+14,8.000000e+01
3.739369e+14,8.000000e+01
1.202087e+13,7.898990e+01
1.511433e+14,4.898087e+01
1.120673e+15,8.000000e+01
1.120673e+15,8.000000e+01
9.350873e+13,5.339213e+01
3.020626e+14,8.000000e+01
3.020626e+14,8.000000e+01
3.060496e+13,2.726662e+01
1.836921e+14,8.000000e+01
6.085507e+14,8.000000e+01
1.131861e+14,6.234086e+01
3.088184e+13,7.895528e+01
1.430680e+13,7.898645e+01
4.609300e+14,6.276127e+01
4.680512e+13,7.899338e+01
2.781385e+13,3.171096e+01
7.225232e+13,6.228080e+01
4.498532e+13,3.597512e+01
3.333701e+15,8.000000e+01
3.333701e+15,8.000000e+01
1.364905e+13,7.890027e+01
1.569762e+13,7.897827e+01
2.554517e+13,7.899756e+01
1.583420e+14,8.000000e+01
1.583420e+14,8.000000e+01
1.583420e+14,8.000000e+01
3.334784e+13,3.201125e+01
3.392741e+14,3.951858e+01
1.762829e+13,5.861424e+01
9.415279e+13,5.927787e+01
9.415279e+13,5.927787e+01
7.224751e+13,3.939846e+01
7.782832e+13,3.957864e+01
1.582154e+13,7.899053e+01
1.428263e+13,7.899698e+01
2.281240e+13,2.540480e+01
1.062150e+14,7.765581e+01
1.062150e+14,7.765581e+01
7.292280e+13,8.000000e+01
1.449123e+13,7.899432e+01
1.670888e+13,3.099344e+01
1.520577e+13,7.896462e+01
2.167160e+13,7.897251e+01
5.216564e+13,4.978861e+01
1.219897e+13,7.896409e+01
2.731086e+13,4.998860e+00
4.759109e+13,4.999876e+00
2.460993e+13,7.899450e+01
1.200240e+14,4.990872e+01
4.051120e+13,3.375295e+01
3.155747e+13,3.435354e+01
2.526049e+13,7.931227e+01
1.834000e+13,7.898037e+01
1.187167e+13,7.899854e+01
1.177435e+13,7.898112e+01
5.746749e+13,5.411283e+01
2.439191e+13,7.899609e+01
5.904324e+13,4.630521e+01
1.303068e+13,7.899625e+01
5.629250e+13,3.831741e+01
6.041808e+13,5.104984e+01
1.213464e+14,6.222074e+01
4.041419e+13,3.237160e+01
9.999891e+12,7.899495e+01
6.689270e+14,7.303130e+01
1.987390e+14,5.861723e+01
2.769433e+13,7.922814e+01
2.346109e+14,8.000000e+01
6.288830e+13,7.899657e+01
6.288830e+13,7.899429e+01
3.104301e+13,3.249172e+01
1.666086e+14,3.615530e+01
7.143574e+13,4.288186e+01
1.703815e+13,7.898968e+01
4.182186e+13,7.899560e+01
4.182186e+13,7.899788e+01
1.452894e+14,5.393265e+01
2.429671e+13,7.898629e+01
1.334765e+13,7.898569e+01
4.848398e+14,8.000000e+01
4.848398e+14,8.000000e+01
8.707960e+13,7.609429e+01
6.703757e+13,7.489312e+01
6.861768e+13,4.300198e+01
1.737833e+16,8.000000e+01
3.628798e+13,3.255178e+01
2.714541e+14,8.000000e+01
5.215222e+13,5.000000e+00
5.215222e+13,4.999912e+00
1.790076e+13,7.898958e+01
1.587553e+14,8.000000e+01
1.587553e+14,8.000000e+01
6.669605e+13,4.936820e+01
1.129992e+13,7.051290e+01
3.373287e+13,3.315237e+01
1.159340e+13,7.898206e+01
2.987492e+13,2.960891e+01
1.654275e+13,7.860562e+01
5.035341e+13,5.807670e+01
7.039277e+13,3.639553e+01
1.154863e+14,8.000000e+01
1.154863e+14,8.000000e+01
1.154863e+14,8.000000e+01
2.986466e+13,3.201125e+01
1.186106e+13,7.899568e+01
2.405462e+13,2.402345e+01
2.795269e+13,2.864797e+01
6.219278e+13,3.693606e+01
3.012065e+13,7.896710e+01
1.173042e+14,5.183060e+01
1.659614e+13,7.899478e+01
2.039419e+13,7.899104e+01
5.525097e+13,3.597512e+01
3.768827e+13,7.893846e+01
6.297567e+13,6.762602e+01
6.297567e+13,5.000025e+00
3.965423e+14,8.000000e+01
3.965423e+14,8.000000e+01
4.983770e+13,3.651565e+01
3.729689e+17,8.000000e+01
3.729689e+17,8.000000e+01
3.729689e+17,8.000000e+01
1.376143e+14,5.315189e+01
1.040872e+13,7.899814e+01
3.850222e+13,3.621536e+01
2.492646e+13,7.899743e+01
1.768238e+13,7.899552e+01
2.267530e+13,7.883942e+01
1.688669e+13,7.899581e+01
1.039771e+13,7.896933e+01
4.827337e+14,8.000000e+01
2.070963e+14,8.000000e+01
2.070963e+14,8.000000e+01
1.040343e+14,5.735600e+01
1.310220e+13,6.630417e+01
1.201958e+13,7.889879e+01
3.447615e+13,7.897773e+01
4.173988e+14,8.000000e+01
9.356807e+13,4.264163e+01
3.392549e+14,6.216069e+01
9.149113e+13,5.735600e+01
2.949281e+13,7.890686e+01
1.594417e+13,7.898319e+01
1.212385e+13,7.904788e+01
3.392571e+14,8.000000e+01
3.392571e+14,8.000000e+01
3.392571e+14,8.000000e+01
1.229100e+20,8.000000e+01
1.229100e+20,8.000000e+01
1.229100e+20,8.000000e+01
1.229100e+20,8.000000e+01
1.229100e+20,8.000000e+01
7.448611e+14,8.000000e+01
7.448611e+14,8.000000e+01
1.327067e+14,6.594438e+01
9.867859e+13,5.381254e+01
6.613433e+14,8.000000e+01
6.613433e+14,8.000000e+01
6.217845e+13,3.909817e+01
2.824115e+13,6.985075e+01
2.718386e+13,2.714650e+01
4.456701e+13,4.684573e+01
1.561293e+14,4.972855e+01
4.147762e+13,3.657571e+01
1.454032e+14,6.168022e+01
1.592556e+13,7.899396e+01
2.487405e+13,7.906800e+01
3.352835e+13,2.930861e+01
1.111560e+14,4.216116e+01
4.443607e+13,3.387307e+01
1.196192e+14,3.695113e+01
4.954846e+13,4.999918e+00
4.954846e+13,5.000012e+00
6.863351e+14,8.000000e+01
1.465347e+13,4.999777e+00
3.951477e+13,4.999864e+00
1.835250e+13,7.898914e+01
4.885817e+13,3.465383e+01
2.939651e+13,7.899464e+01
1.449010e+14,5.789652e+01
3.378775e+14,8.000000e+01
1.857139e+13,5.668631e+01
1.852424e+13,7.897583e+01
2.841453e+15,8.000000e+01
2.841453e+15,8.000000e+01
2.546847e+13,7.897576e+01
1.697024e+14,8.000000e+01
1.697024e+14,8.000000e+01
1.029188e+13,7.899825e+01
1.121639e+16,8.000000e+01
3.362815e+13,3.207131e+01
2.614980e+13,7.897194e+01
4.433143e+15,8.000000e+01
1.803432e+15,8.000000e+01
1.803432e+15,8.000000e+01
2.349275e+13,7.890331e+01
6.326620e+13,3.705618e+01
2.627509e+14,8.000000e+01
2.627509e+14,8.000000e+01
8.817877e+12,7.899792e+01
3.298784e+13,7.899841e+01
3.298784e+13,7.899926e+01
3.160655e+13,2.299515e+01
2.289068e+13,7.899627e+01
2.890949e+13,6.885158e+01
1.297995e+13,7.899838e+01
3.192882e+14,7.110942e+01
8.516695e+13,8.000000e+01
2.264697e+13,7.899178e+01
1.650917e+13,7.899736e+01
3.124972e+13,2.858791e+01
4.102449e+14,5.615482e+01
4.287036e+13,5.000008e+00
4.287036e+13,7.897588e+01
2.760949e+14,8.000000e+01
2.760949e+14,8.000000e+01
2.191381e+13,2.372316e+01
4.658842e+13,3.981887e+01
1.967813e+13,7.899526e+01
2.174430e+14,7.549370e+01
8.380884e+14,8.000000e+01
2.666477e+13,2.684621e+01
1.377044e+13,7.898871e+01
1.801844e+13,7.899751e+01
5.220707e+15,8.000000e+01
1.754804e+13,7.899352e+01
2.236768e+14,6.174028e+01
1.731956e+14,5.321195e+01
7.289313e+13,4.023928e+01
4.033541e+14,8.000000e+01
1.521154e+14,8.000000e+01
1.823189e+14,5.957816e+01
4.167338e+14,7.801617e+01
6.118519e+13,3.675588e+01
1.788229e+13,7.899253e+01
1.598311e+13,7.899329e+01
1.076216e+14,7.074907e+01
9.879802e+12,7.899869e+01
1.879586e+13,7.899488e+01
1.037018e+13,7.897693e+01
3.161376e+14,8.000000e+01
3.161376e+14,8.000000e+01
1.351352e+14,6.684526e+01
5.777535e+13,4.852738e+01
1.181759e+14,3.519436e+01
1.732431e+15,8.000000e+01
2.922639e+13,2.894826e+01
4.616318e+13,3.429348e+01
6.130824e+13,3.705618e+01
1.947655e+13,7.897610e+01
1.576682e+13,7.898395e+01
3.021664e+14,8.000000e+01
3.021664e+14,8.000000e+01
1.865468e+13,4.999920e+00
2.426240e+14,8.000000e+01
3.111578e+13,2.900832e+01
1.151420e+14,8.000000e+01
3.988377e+13,3.669583e+01
1.212010e+14,3.273196e+01
4.650117e+13,2.276222e+01
1.578347e+13,1.900000e+01
3.418047e+13,5.000083e+00
3.418047e+13,5.000022e+00
1.948290e+13,7.899151e+01
1.546635e+13,7.899707e+01
2.826627e+13,2.678615e+01
1.496628e+14,6.005863e+01
5.798314e+13,5.255130e+01
5.714334e+14,6.774614e+01
2.333375e+13,7.899964e+01
2.333375e+13,7.899872e+01
6.314798e+13,3.789700e+01
2.719101e+14,6.708549e+01
2.683570e+13,7.899244e+01
7.933074e+13,3.741653e+01
3.750599e+13,3.510774e+01
3.750599e+13,3.885794e+01
3.817780e+13,3.153078e+01
1.980366e+13,7.896707e+01
4.995530e+13,4.582474e+01
2.957670e+13,4.998136e+00
1.661521e+14,8.000000e+01
1.661521e+14,8.000000e+01
6.360781e+13,4.095999e+01
5.838063e+13,4.654544e+01
1.573144e+13,7.898837e+01
3.731364e+13,3.585500e+01
1.298798e+13,7.899645e+01
2.759496e+15,8.000000e+01
2.759496e+15,8.000000e+01
2.759496e+15,8.000000e+01
2.070015e+13,7.919189e+01
7.945723e+14,8.000000e+01
9.913820e+13,7.026860e+01
7.534103e+13,4.864749e+01
4.369942e+13,3.020949e+01
3.336597e+13,7.899986e+01
3.336597e+13,7.899487e+01
7.552569e+13,6.053910e+01
2.597197e+13,7.899697e+01
3.222642e+15,5.026908e+01
1.516731e+13,7.898152e+01
3.523254e+13,7.899018e+01
3.523254e+13,5.000005e+00
1.651416e+13,7.899632e+01
1.369674e+13,7.899772e+01
1.323867e+13,7.907864e+01
3.197715e+13,3.014943e+01
2.041893e+13,7.894517e+01
2.435565e+13,7.895801e+01
6.113976e+13,7.080913e+01
1.507892e+13,7.870094e+01
2.125078e+13,7.899419e+01
1.984229e+13,7.899815e+01
2.390350e+13,4.999645e+00
3.495826e+13,3.735647e+01
2.195636e+13,4.998995e+00
3.825004e+14,6.702544e+01
1.454482e+14,6.942778e+01
1.088357e+14,4.897718e+01
2.724900e+13,7.880914e+01
1.229696e+13,7.899134e+01
9.133949e+13,5.747611e+01
3.622567e+13,7.899325e+01
3.164637e+13,4.438333e+01
8.986197e+13,7.321147e+01
8.986197e+13,7.321147e+01
7.662579e+13,4.486380e+01
1.266032e+13,7.899822e+01
1.369498e+13,4.999733e+00
3.787986e+14,8.000000e+01
3.787986e+14,8.000000e+01
3.760476e+14,7.008843e+01
3.947854e+14,8.000000e+01
2.094440e+14,7.885699e+01
3.213188e+14,8.000000e+01
1.193401e+14,8.000000e+01
1.193401e+14,8.000000e+01
5.047438e+13,3.261184e+01
5.416968e+13,3.639553e+01
1.178004e+13,1.899162e+01
5.415304e+13,4.456351e+01
3.434274e+13,3.008938e+01
2.618189e+13,7.884641e+01
2.685590e+13,3.099753e+01
1.021961e+13,7.899762e+01
8.190568e+13,7.753570e+01
1.091678e+14,7.573394e+01
2.062799e+14,8.000000e+01
3.535001e+13,3.038967e+01
2.069393e+14,5.038919e+01
1.554179e+14,7.152983e+01
3.639731e+13,3.225149e+01
4.106454e+13,5.020902e+01
2.111625e+13,7.899518e+01
1.961686e+13,7.894770e+01
1.141829e+13,7.899105e+01
6.470525e+13,3.693606e+01
1.208332e+14,6.732573e+01
8.256390e+13,6.792631e+01
1.075698e+13,7.899810e+01
2.417540e+13,7.898097e+01
2.417916e+13,2.666603e+01
2.442937e+13,2.099917e+01
1.713431e+14,8.000000e+01
1.713431e+14,8.000000e+01
1.724381e+15,8.000000e+01
1.724381e+15,8.000000e+01
1.724381e+15,8.000000e+01
9.931095e+13,5.999858e+01
2.509590e+13,7.899845e+01
6.108254e+14,8.000000e+01
6.108254e+14,8.000000e+01
6.108254e+14,8.000000e+01
1.835152e+13,7.899067e+01
1.282134e+13,7.899239e+01
1.446267e+16,8.000000e+01
9.589026e+12,4.999785e+00
1.471187e+13,7.899061e+01
1.001233e+14,5.477347e+01
9.653165e+13,5.531400e+01
2.594911e+13,4.999795e+00
9.246190e+13,5.219095e+01
1.144764e+14,4.570462e+01
5.148429e+13,3.729641e+01
1.632043e+13,7.898629e+01
1.386994e+15,8.000000e+01
6.694033e+13,3.711624e+01
3.392302e+14,8.000000e+01
2.899795e+14,8.000000e+01
2.146390e+14,7.152983e+01
1.043462e+14,7.495318e+01
2.780539e+13,7.884819e+01
9.764260e+15,8.000000e+01
2.490335e+14,7.267095e+01
2.509067e+14,5.639506e+01
1.017490e+15,7.164995e+01
1.191115e+14,4.606497e+01
1.056812e+14,8.000000e+01
1.056812e+14,8.000000e+01
2.227104e+13,7.898402e+01
2.232892e+13,7.899544e+01
2.577037e+13,7.899445e+01
4.705039e+13,3.507424e+01
2.865359e+14,8.000000e+01
1.286984e+14,4.666556e+01
1.687468e+13,7.896538e+01
2.420177e+13,7.896266e+01
4.941766e+13,3.777688e+01
4.454470e+13,4.999956e+00
4.454470e+13,7.895377e+01
1.492093e+13,7.897093e+01
1.470893e+13,7.899593e+01
1.355156e+13,7.899828e+01
5.551195e+13,4.450345e+01
1.480918e+14,8.000000e+01
1.480918e+14,8.000000e+01
6.488498e+13,4.234134e+01
1.468159e+13,4.999662e+00
1.417600e+14,4.756644e+01
3.714287e+14,6.017875e+01
2.053747e+13,7.899676e+01
5.673258e+13,6.498344e+01
1.376615e+13,7.898657e+01
1.402340e+13,7.899642e+01
1.172758e+13,5.000000e+00
4.280188e+13,2.954885e+01
6.649049e+13,7.897283e+01
7.210690e+13,4.990872e+01
1.017784e+15,8.000000e+01
1.017784e+15,8.000000e+01
1.017784e+15,8.000000e+01
1.017784e+15,8.000000e+01
5.854182e+13,4.114016e+01
3.508780e+13,3.345266e+01
2.993406e+13,2.780715e+01
5.065463e+13,3.429348e+01
1.060221e+15,7.855669e+01
3.531707e+13,3.363284e+01
1.415540e+14,6.450297e+01
6.392081e+13,3.585500e+01
4.618522e+13,4.786673e+01
6.947585e+13,4.696585e+01
2.788004e+13,7.899851e+01
5.161161e+14,8.000000e+01
7.864541e+13,4.005911e+01
1.681611e+13,7.898580e+01
1.069106e+13,7.899663e+01
9.087407e+13,5.900000e+01
1.368815e+14,6.372221e+01
1.853066e+13,7.899489e+01
3.346676e+14,8.000000e+01
3.015499e+13,7.938268e+01
5.976496e+13,3.753665e+01
7.136439e+14,7.279106e+01
3.286089e+13,3.909817e+01
1.250306e+13,7.889621e+01
1.879470e+13,7.896399e+01
4.212094e+14,8.000000e+01
2.050975e+13,7.899580e+01
2.326625e+14,7.501323e+01
2.005855e+13,7.899396e+01
1.995471e+13,7.899686e+01
6.174243e+13,4.426321e+01
1.338481e+15,7.315142e+01
1.232519e+14,5.405277e+01
2.844935e+13,7.896921e+01
5.074606e+13,3.441360e+01
1.770751e+13,7.904240e+01
8.235981e+13,6.192045e+01
3.583766e+14,8.000000e+01
3.077129e+13,7.893438e+01
3.598445e+13,7.899071e+01
8.753840e+13,5.044925e+01
1.553236e+13,7.899508e+01
1.326561e+13,4.999385e+00
1.720321e+13,7.898338e+01
3.614203e+13,7.898159e+01
2.075869e+13,2.138087e+01
2.594424e+15,8.000000e+01
1.970108e+13,7.899280e+01
3.404006e+13,3.345266e+01
1.824721e+14,6.978813e+01
1.745016e+14,8.000000e+01
3.355035e+13,3.417336e+01
1.009198e+14,6.053910e+01
3.226216e+13,3.056984e+01
2.192978e+15,8.000000e+01
2.101612e+13,7.899420e+01
1.487764e+13,7.899535e+01
1.679549e+13,7.898947e+01
7.803033e+13,5.597465e+01
9.771020e+14,8.000000e+01
9.771020e+14,8.000000e+01
8.434799e+13,6.438286e+01
1.353473e+13,5.000022e+00
2.489461e+13,7.895810e+01
4.016970e+13,3.195119e+01
2.842950e+13,7.895375e+01
2.524647e+13,7.898897e+01
3.473657e+14,6.522368e+01
3.733570e+13,3.405325e+01
3.578459e+13,6.499487e+01
1.745481e+13,7.898172e+01
1.313581e+13,7.899726e+01
1.391031e+14,4.882767e+01
3.170037e+13,3.159084e+01
1.247684e+13,6.652753e+01
5.020560e+13,6.246098e+01
2.405684e+13,6.129603e+01
1.080728e+13,7.898992e+01
4.736073e+14,8.000000e+01
4.736073e+14,8.000000e+01
5.422777e+13,4.666556e+01
1.547793e+13,7.898209e+01
1.068351e+14,4.600491e+01
7.065558e+14,8.000000e+01
8.772604e+13,2.690671e+01
2.184133e+13,7.899337e+01
9.943556e+13,8.000000e+01
3.083716e+15,8.000000e+01
3.083716e+15,8.000000e+01
3.083716e+15,8.000000e+01
3.083716e+15,8.000000e+01
9.752153e+13,3.795706e+01
2.646758e+13,2.648586e+01
3.057100e+13,2.762697e+01
4.887594e+13,4.999922e+00
1.103129e+14,4.630521e+01
1.190577e+13,7.897377e+01
3.509309e+13,3.267190e+01
2.303246e+13,7.899673e+01
4.340441e+13,3.807717e+01
2.307879e+13,4.998834e+00
2.185396e+13,7.899199e+01
3.279501e+13,3.447366e+01
2.708091e+13,2.234181e+01
1.822889e+13,2.900000e+01
2.378031e+13,2.414357e+01
1.816140e+13,7.899781e+01
7.721104e+13,7.921734e+01
8.479515e+13,3.987893e+01
8.433319e+13,4.462357e+01
1.690005e+14,7.777593e+01
1.548422e+14,4.522415e+01
1.277888e+13,4.999612e+00
4.161552e+13,3.921829e+01
1.488193e+17,8.000000e+01
4.177728e+13,7.899199e+01
7.873208e+13,6.101957e+01
7.873208e+13,6.101957e+01
1.456056e+13,7.899803e+01
1.882273e+13,7.899676e+01
4.526359e+13,4.696585e+01
2.359973e+13,7.897057e+01
7.547639e+13,4.618509e+01
1.611204e+13,7.899771e+01
9.925383e+13,5.771635e+01
2.910344e+14,8.000000e+01
2.910344e+14,8.000000e+01
1.436887e+14,5.519388e+01
3.014246e+13,7.899544e+01
4.048679e+13,7.899437e+01
1.682262e+14,8.000000e+01
3.861092e+13,3.705618e+01
7.432383e+13,6.390239e+01
4.269510e+13,3.255178e+01
8.138497e+13,6.192045e+01
8.353091e+14,8.000000e+01
2.431352e+13,7.899087e+01
3.387715e+13,5.113152e+01
1.176630e+14,6.029887e+01
1.109275e+13,7.899805e+01
6.291333e+13,4.077981e+01
2.630796e+13,7.898386e+01
1.479075e+13,7.897975e+01
1.443910e+13,7.899284e+01
4.630118e+13,4.516409e+01
1.249691e+14,8.000000e+01
3.350748e+13,4.588480e+01
1.960616e+13,7.897591e+01
2.094096e+14,8.000000e+01
2.094096e+14,8.000000e+01
1.599175e+14,5.225101e+01
2.809312e+13,7.899313e+01
1.067668e+14,5.321195e+01
1.498867e+14,7.339165e+01
2.192447e+13,7.888534e+01
1.735355e+14,5.705570e+01
4.688219e+13,2.480422e+01
4.693354e+14,8.000000e+01
4.693354e+14,8.000000e+01
2.763467e+13,2.768703e+01
2.482788e+14,6.402250e+01
4.110384e+13,4.520258e+01
6.679658e+13,4.348245e+01
1.238605e+13,7.872942e+01
1.098322e+14,4.582474e+01
1.417635e+13,7.899590e+01
2.907189e+13,3.002932e+01
1.025665e+14,5.195072e+01
4.370185e+13,3.843753e+01
2.474284e+13,7.898985e+01
7.991637e+14,8.000000e+01
7.991637e+14,8.000000e+01
1.716658e+14,8.000000e+01
1.279198e+13,7.899711e+01
6.519758e+13,4.714603e+01
2.620373e+13,7.889516e+01
4.322125e+13,5.000008e+00
4.322125e+13,7.898736e+01
3.000166e+13,2.798732e+01
1.385851e+14,5.687553e+01
4.120602e+13,3.807717e+01
7.430024e+13,5.026908e+01
2.964570e+13,3.056984e+01
1.900503e+14,5.195072e+01
1.856250e+13,7.845838e+01
3.557188e+14,7.633452e+01
4.814441e+15,8.000000e+01
4.520780e+13,3.291213e+01
1.429747e+14,6.948784e+01
1.429747e+14,6.948784e+01
1.138268e+13,7.899529e+01
6.764348e+13,4.426321e+01
6.398140e+13,4.522415e+01
5.439858e+13,4.678568e+01
1.003790e+14,4.498392e+01
2.379842e+15,8.000000e+01
2.203386e+13,7.894728e+01
1.056081e+14,8.000000e+01
1.386294e+13,7.899631e+01
2.452220e+13,3.687600e+01
1.828352e+13,4.999737e+00
3.486554e+13,7.868304e+01
1.887140e+13,7.895037e+01
2.157940e+13,2.300246e+01
4.668025e+14,8.000000e+01
4.668025e+14,8.000000e+01
4.668025e+14,8.000000e+01
6.972853e+14,6.684526e+01
2.910720e+14,8.000000e+01
1.141767e+13,7.899851e+01
4.198450e+13,3.807717e+01
1.873039e+14,8.000000e+01
1.873039e+14,8.000000e+01
1.697319e+13,7.898931e+01
6.390812e+13,4.450345e+01
6.376756e+13,4.396292e+01
3.681430e+13,4.047952e+01
3.492495e+13,7.885135e+01
1.029095e+14,7.531353e+01
1.864615e+13,7.899633e+01
1.082315e+14,4.510403e+01
1.689842e+14,4.870755e+01
2.252091e+14,5.843705e+01
4.184758e+13,3.957864e+01
2.992088e+14,8.000000e+01
2.992088e+14,8.000000e+01
1.329734e+14,7.273101e+01
8.270802e+14,8.000000e+01
8.270802e+14,8.000000e+01
2.088347e+15,6.822661e+01
1.256483e+14,6.336186e+01
4.949398e+14,7.621441e+01
1.994962e+13,7.899557e+01
1.121582e+14,4.282181e+01
2.208735e+14,8.000000e+01
1.219060e+14,3.898279e+01
2.150855e+14,8.000000e+01
2.150855e+14,8.000000e+01
4.523460e+13,2.700000e+01
4.458416e+13,3.159084e+01
1.951019e+13,7.898842e+01
1.862580e+14,6.011869e+01
1.676830e+14,4.978861e+01
1.174418e+14,4.330228e+01
5.471514e+13,4.552444e+01
1.429124e+13,7.884314e+01
3.277946e+13,3.237160e+01
3.148544e+13,2.750685e+01
1.167050e+13,7.899814e+01
1.349929e+13,7.899742e+01
2.120146e+13,5.131702e+01
3.466666e+13,7.142138e+01
1.666021e+15,8.000000e+01
5.777585e+13,5.020902e+01
4.674441e+13,4.690579e+01
4.674441e+13,4.999189e+00
3.418178e+13,7.892119e+01
2.080033e+13,7.898455e+01
2.969482e+13,2.822756e+01
1.501636e+13,7.899714e+01
7.510343e+13,8.000000e+01
1.696838e+13,7.898555e+01
7.507118e+13,6.300151e+01
1.570431e+14,8.000000e+01
6.897420e+14,8.000000e+01
4.502287e+13,3.495412e+01
1.130224e+13,7.899074e+01
4.975282e+13,5.345218e+01
1.534399e+13,7.899772e+01
1.675777e+14,7.351177e+01
2.005912e+14,8.000000e+01
2.005912e+14,8.000000e+01
2.005912e+14,8.000000e+01
2.522753e+14,8.000000e+01
6.117740e+14,8.000000e+01
5.626350e+13,4.996878e+01
8.032907e+13,4.528421e+01
3.771070e+13,4.114016e+01
2.213409e+14,6.786626e+01
1.385074e+14,7.453276e+01
3.799021e+13,2.930861e+01
5.250922e+13,3.981887e+01
3.774384e+13,3.273196e+01
1.098216e+15,8.000000e+01
1.098216e+15,8.000000e+01
3.479388e+14,8.000000e+01
3.479388e+14,8.000000e+01
1.265313e+14,8.000000e+01
5.897744e+13,5.369242e+01
2.399679e+14,5.309183e+01
5.179040e+13,4.246145e+01
6.038611e+13,7.645464e+01
6.007342e+13,5.453324e+01
3.592221e+13,3.038967e+01
2.687229e+13,7.909121e+01
4.215995e+13,3.831741e+01
2.825171e+14,6.462309e+01
1.526027e+13,7.899826e+01
1.494285e+13,7.899698e+01
1.725128e+13,7.899679e+01
1.284542e+13,7.843520e+01
4.761150e+14,8.000000e+01
1.772663e+13,7.898618e+01
4.990026e+13,4.804691e+01
3.386037e+13,3.327248e+01
3.619260e+13,4.998418e+00
2.998550e+13,3.285207e+01
2.937153e+13,7.848193e+01
3.649572e+14,6.720561e+01
1.766420e+14,5.207084e+01
4.994393e+14,8.000000e+01
4.994393e+14,8.000000e+01
1.662209e+14,5.933793e+01
4.106007e+13,7.936616e+01
3.985622e+13,7.889953e+01
3.985622e+13,5.000011e+00
7.997591e+14,8.000000e+01
7.997591e+14,8.000000e+01
3.292146e+13,3.219143e+01
2.114892e+14,7.663482e+01
2.990473e+17,8.000000e+01
2.990473e+17,8.000000e+01
1.142952e+14,6.294145e+01
5.022781e+13,3.135061e+01
4.220424e+13,3.369289e+01
5.805763e+14,7.447271e+01
1.538152e+13,7.899547e+01
6.576075e+13,7.895599e+01
1.046549e+14,8.000000e+01
2.782545e+13,2.798732e+01
1.364142e+13,7.908620e+01
4.141105e+13,7.898833e+01
1.971463e+13,7.897872e+01
1.358301e+14,6.234086e+01
4.396037e+14,8.000000e+01
5.379649e+13,4.065970e+01
3.717308e+13,3.117043e+01
2.678549e+13,7.911413e+01
1.042310e+14,7.128960e+01
1.042310e+14,7.128960e+01
3.870649e+13,3.531448e+01
7.616283e+13,7.898757e+01
7.616283e+13,8.000000e+01
1.682353e+13,7.898969e+01
2.068395e+13,7.899177e+01
1.436207e+13,7.899768e+01
1.502948e+13,1.531495e+01
3.402770e+13,3.393313e+01
9.096140e+14,8.000000e+01
1.481739e+14,5.399271e+01
7.396148e+13,4.414310e+01
5.530709e+14,4.297025e+01
4.921167e+14,8.000000e+01
2.572696e+14,4.082631e+01
4.699519e+13,5.627494e+01
4.699519e+13,4.999443e+00
3.954461e+14,8.000000e+01
3.954461e+14,8.000000e+01
4.969474e+13,3.453371e+01
9.067282e+14,6.804643e+01
1.060549e+13,5.000000e+00
1.639514e+13,7.898467e+01
3.896648e+13,3.261184e+01
1.448315e+14,5.687553e+01
7.504804e+13,6.089945e+01
8.264653e+13,8.000000e+01
8.264653e+13,8.000000e+01
2.703582e+13,5.920286e+01
8.827319e+13,8.000000e+01
3.054286e+13,7.883443e+01
1.187210e+13,5.297790e+01
3.027420e+14,8.000000e+01
7.825496e+13,4.672562e+01
3.335685e+14,5.747611e+01
5.853103e+13,4.636527e+01
5.337165e+13,3.243166e+01
8.525364e+14,8.000000e+01
8.525364e+14,8.000000e+01
3.280794e+14,8.000000e+01
2.816084e+13,3.171096e+01
3.990387e+13,4.462357e+01
5.463200e+13,4.023928e+01
1.535591e+14,2.300000e+01
1.385590e+13,7.898479e+01
1.737336e+13,7.899569e+01
2.258394e+13,7.896674e+01
4.776845e+13,5.000000e+00
2.657910e+13,2.534474e+01
1.234241e+13,7.899698e+01
4.132302e+13,3.687600e+01
1.208105e+13,7.899813e+01
1.278755e+13,7.896335e+01
2.517768e+13,2.696633e+01
2.134419e+13,7.899644e+01
2.499005e+13,5.000395e+00
1.405217e+13,7.898964e+01
1.528942e+14,8.000000e+01
1.528942e+14,8.000000e+01
3.889092e+13,3.165090e+01
6.208740e+13,3.663577e+01
1.037800e+13,7.899790e+01
2.801705e+13,2.540480e+01
5.727648e+14,7.501323e+01
1.653745e+14,5.879740e+01
4.689589e+13,7.899465e+01
4.689589e+13,7.899902e+01
1.133702e+13,7.904623e+01
3.193163e+14,8.000000e+01
1.882023e+13,7.899428e+01
2.851862e+13,2.672609e+01
3.420267e+13,7.899449e+01
1.644966e+14,4.720609e+01
1.079515e+14,8.000000e+01
4.286433e+14,8.000000e+01
4.286433e+14,8.000000e+01
2.376486e+13,2.714650e+01
3.406385e+13,3.298639e+01
4.151808e+13,7.893920e+01
2.189749e+13,7.897551e+01
9.545037e+12,7.899638e+01
1.132834e+13,7.904346e+01
3.834826e+13,3.267190e+01
2.660927e+14,7.657476e+01
4.927783e+13,3.447366e+01
1.195136e+13,7.899594e+01
4.013720e+14,8.000000e+01
1.582214e+14,7.243071e+01
7.052198e+13,6.600444e+01
7.052198e+13,6.600444e+01
3.213491e+13,3.213137e+01
2.261970e+13,7.898917e+01
1.239612e+13,7.899321e+01
5.196935e+13,7.899319e+01
5.196935e+13,7.899365e+01
1.826242e+13,4.999457e+00
8.928920e+13,8.000000e+01
8.928920e+13,4.999554e+00
2.932218e+13,2.564504e+01
2.929189e+14,7.975787e+01
2.929189e+14,7.975787e+01
1.779344e+14,5.525394e+01
2.153426e+13,7.899729e+01
1.882725e+14,8.000000e+01
1.882725e+14,8.000000e+01
1.882725e+14,8.000000e+01
1.976135e+13,7.899472e+01
5.611750e+13,3.711624e+01
2.425700e+13,2.582521e+01
1.420704e+13,7.899643e+01
1.983189e+13,7.899412e+01
3.582615e+13,3.291213e+01
1.829860e+13,7.899182e+01
2.804471e+13,7.899508e+01
1.957176e+13,7.897128e+01
6.257712e+13,4.132034e+01
6.999342e+14,8.000000e+01
6.999342e+14,8.000000e+01
2.508083e+13,7.896859e+01
4.237358e+13,3.921829e+01
2.424127e+13,2.678615e+01
2.895906e+14,6.546391e+01
3.334619e+13,2.732668e+01
4.645590e+13,3.537454e+01
5.097838e+13,4.999642e+00
1.012937e+14,6.402250e+01
1.104931e+14,4.126028e+01
2.647686e+13,2.978908e+01
1.100993e+13,7.899556e+01
2.010627e+14,8.000000e+01
2.010627e+14,8.000000e+01
4.384619e+13,4.095999e+01
1.750757e+13,7.899275e+01
1.747233e+13,7.898711e+01
1.574973e+14,8.000000e+01
4.725676e+13,3.807717e+01
7.888646e+13,4.120022e+01
4.098015e+14,8.000000e+01
4.098015e+14,8.000000e+01
1.029643e+14,5.465336e+01
8.322739e+13,6.798637e+01
4.834062e+14,7.819634e+01
1.666761e+13,7.899731e+01
4.549991e+13,7.899981e+01
4.549991e+13,4.696585e+01
7.625984e+13,4.192093e+01
2.821868e+13,7.898807e+01
1.556949e+14,8.000000e+01
1.556949e+14,8.000000e+01
1.019930e+13,7.875239e+01
1.118823e+13,7.899409e+01
1.337020e+13,7.899430e+01
4.449921e+14,7.345171e+01
5.225626e+13,5.801664e+01
1.335529e+13,7.899801e+01
1.967103e+13,7.897311e+01
4.364591e+14,7.315142e+01
1.848910e+13,7.898857e+01
3.458129e+13,7.899131e+01
1.073969e+14,5.201078e+01
3.529160e+13,3.591506e+01
5.404587e+13,4.204104e+01
1.415260e+14,5.645512e+01
9.276174e+18,8.000000e+01
9.276174e+18,8.000000e+01
9.276174e+18,8.000000e+01
1.543538e+14,7.579400e+01
1.084511e+14,6.756596e+01
2.439109e+13,5.491506e+01
4.645582e+13,4.534427e+01
5.559012e+13,5.921781e+01
2.959032e+13,3.255178e+01
1.251635e+13,7.899545e+01
2.106476e+13,7.899613e+01
7.272747e+13,6.690532e+01
1.604714e+13,4.999059e+00
5.554466e+13,4.462357e+01
3.059726e+14,6.312162e+01
2.413211e+13,4.999576e+00
4.911861e+13,4.450345e+01
1.217485e+13,7.898052e+01
2.375629e+14,6.456303e+01
5.117582e+13,3.453371e+01
1.910447e+13,2.210158e+01
3.059803e+13,3.369289e+01
3.275244e+14,8.000000e+01
3.275244e+14,8.000000e+01
9.202223e+14,6.378781e+01
1.609877e+13,7.893518e+01
3.195121e+13,3.141067e+01
1.146047e+13,7.899604e+01
1.405741e+13,7.899522e+01
6.976325e+13,5.303177e+01
7.206018e+14,8.000000e+01
2.320048e+14,8.000000e+01
2.320048e+14,8.000000e+01
1.797746e+14,7.098931e+01
5.248586e+13,4.588480e+01
8.190237e+14,8.000000e+01
2.778451e+13,2.864797e+01
1.650972e+13,7.897223e+01
3.883682e+13,3.573489e+01
1.370616e+13,7.899272e+01
1.291971e+13,7.899347e+01
1.222453e+14,7.002837e+01
8.814398e+13,3.492981e+01
2.837366e+13,4.999860e+00
2.727377e+13,4.998205e+00
3.536394e+13,7.892494e+01
2.188598e+13,7.899553e+01
9.724186e+13,6.150004e+01
9.132678e+12,7.898021e+01
1.564920e+13,7.899711e+01
1.162766e+15,8.000000e+01
2.632575e+13,2.636574e+01
3.832202e+13,3.525442e+01
1.639947e+13,5.897887e+01
4.671141e+13,3.741653e+01
2.222648e+13,7.892407e+01
2.375358e+13,2.450392e+01
5.090793e+13,4.162063e+01
2.210421e+13,2.492433e+01
8.056423e+13,5.645512e+01
2.933045e+13,2.708644e+01
1.023326e+14,7.243071e+01
3.092111e+13,7.892591e+01
2.152218e+13,7.899478e+01
1.549618e+15,8.000000e+01
1.051318e+13,7.899332e+01
2.188615e+13,2.516457e+01
9.093635e+14,8.000000e+01
9.093635e+14,8.000000e+01
2.635038e+13,4.999951e+00
2.804428e+13,7.897128e+01
6.503204e+13,4.186087e+01
3.970021e+13,3.519436e+01
1.950505e+13,7.898168e+01
7.127300e+13,5.471342e+01
1.623897e+13,7.899644e+01
1.708669e+13,4.999804e+00
1.362724e+15,8.000000e+01
1.362724e+15,8.000000e+01
1.362724e+15,8.000000e+01
1.223275e+13,7.893893e+01
1.062573e+14,3.837747e+01
3.186028e+13,4.699012e+01
3.785635e+13,7.896235e+01
1.207637e+13,7.898424e+01
7.459885e+13,4.480374e+01
6.845167e+13,5.231107e+01
2.934806e+14,8.000000e+01
2.248377e+13,7.712673e+01
2.317319e+13,7.896179e+01
6.769985e+14,8.000000e+01
6.769985e+14,8.000000e+01
1.947981e+13,7.898110e+01
2.299973e+14,7.423247e+01
4.589467e+13,4.582474e+01
6.487959e+13,3.231155e+01
9.015268e+12,7.903496e+01
5.692193e+13,3.441360e+01
5.871022e+13,3.645559e+01
9.349719e+13,8.000000e+01
9.349719e+13,8.000000e+01
1.912315e+13,7.899524e+01
1.125238e+14,5.267142e+01
2.498508e+13,7.899607e+01
7.544754e+13,2.703448e+01
2.589561e+14,8.000000e+01
9.364516e+13,2.299053e+01
1.929331e+13,7.897075e+01
2.245416e+14,6.504350e+01
2.891470e+14,6.204057e+01
7.608508e+13,4.246145e+01
3.205459e+13,2.678615e+01
2.370130e+13,7.899090e+01
1.979570e+13,7.899824e+01
1.509387e+14,4.786673e+01
6.612695e+13,3.465383e+01
1.139397e+13,6.657813e+01
5.859155e+13,4.999561e+00
1.545733e+14,8.000000e+01
1.423028e+13,7.899808e+01
6.871419e+13,4.900785e+01
3.414810e+14,8.000000e+01
6.700441e+13,3.909817e+01
1.625841e+13,7.899435e+01
1.082163e+13,7.899759e+01
1.541635e+18,8.000000e+01
1.541635e+18,8.000000e+01
1.091574e+13,7.899309e+01
2.266294e+13,7.899095e+01
1.560369e+13,7.899171e+01
1.314400e+14,6.486332e+01
2.337767e+17,8.000000e+01
9.211882e+12,7.899790e+01
5.056728e+15,7.122954e+01
3.982366e+15,8.000000e+01
6.973340e+13,3.717629e+01
1.136996e+13,7.899852e+01
6.161177e+14,8.000000e+01
6.161177e+14,8.000000e+01
4.369280e+15,8.000000e+01
5.034207e+13,3.369289e+01
3.822748e+14,8.000000e+01
2.011475e+13,7.891154e+01
5.268647e+13,3.777688e+01
1.405987e+13,7.899287e+01
4.220664e+13,7.899441e+01
9.134183e+13,4.210110e+01
4.377758e+13,6.483107e+01
1.738963e+13,7.895704e+01
4.207038e+13,7.894568e+01
2.377407e+13,2.468410e+01
9.015664e+13,5.669535e+01
1.428875e+14,4.732620e+01
8.151822e+13,7.943880e+01
4.208636e+13,3.885794e+01
1.357326e+13,7.899620e+01
3.069666e+13,3.500000e+01
2.259093e+13,7.899593e+01
9.364919e+13,5.195072e+01
3.262253e+13,3.177102e+01
2.179884e+13,7.899500e+01
1.151080e+13,7.899877e+01
3.108177e+13,3.975882e+01
4.260137e+13,3.068996e+01
1.044135e+14,4.954837e+01
4.252603e+13,3.537454e+01
1.316407e+18,8.000000e+01
1.316407e+18,8.000000e+01
1.316407e+18,8.000000e+01
1.316407e+18,8.000000e+01
1.753782e+14,8.000000e+01
1.753782e+14,8.000000e+01
1.098844e+14,4.798685e+01
4.409788e+13,3.339260e+01
1.874582e+13,7.898990e+01
2.370989e+14,8.000000e+01
5.833621e+14,7.152983e+01
4.699561e+14,7.429253e+01
6.166652e+13,3.693606e+01
4.193224e+14,8.000000e+01
9.584970e+13,6.636479e+01
9.584970e+13,6.636479e+01
1.659377e+13,7.897537e+01
5.560473e+14,7.729546e+01
9.328658e+13,6.558403e+01
9.328658e+13,6.558403e+01
3.166253e+13,2.888820e+01
1.835717e+13,7.893080e+01
9.442977e+13,8.000000e+01
9.442977e+13,7.899604e+01
9.442977e+13,4.999995e+00
9.442977e+13,5.000011e+00
7.512194e+13,6.516362e+01
4.261893e+13,3.399319e+01
4.376277e+13,4.684573e+01
1.678852e+14,7.345171e+01
3.126883e+13,3.609524e+01
1.945213e+14,7.098931e+01
1.512584e+13,7.899770e+01
3.100400e+13,4.999422e+00
3.980161e+13,5.000342e+00
3.980161e+13,7.885393e+01
1.035640e+13,7.899264e+01
2.243641e+13,4.999710e+00
4.519018e+16,8.000000e+01
4.519018e+16,8.000000e+01
1.274141e+14,6.192045e+01
2.969393e+13,7.899693e+01
3.278894e+13,7.899536e+01
1.740779e+13,7.899382e+01
1.165714e+13,7.899829e+01
2.692263e+14,8.000000e+01
2.692263e+14,8.000000e+01
2.105141e+13,2.342287e+01
3.268283e+14,2.870603e+01
1.993805e+13,7.891300e+01
2.642230e+13,2.666603e+01
1.509739e+15,8.000000e+01
7.175589e+13,5.999858e+01
1.376882e+14,6.672514e+01
5.517421e+13,4.384280e+01
3.391192e+13,3.549465e+01
2.975613e+14,8.000000e+01
2.975613e+14,8.000000e+01
2.259436e+14,8.000000e+01
2.259436e+14,8.000000e+01
1.318051e+14,5.981840e+01
2.647003e+13,2.612551e+01
2.125088e+13,7.895467e+01
1.172759e+13,7.899109e+01
2.068942e+14,8.000000e+01
3.349390e+16,8.000000e+01
3.525964e+13,7.893549e+01
2.558546e+13,4.996941e+00
7.851704e+13,3.957864e+01
2.000032e+13,7.899626e+01
1.536718e+13,4.998934e+00
1.070302e+14,4.756644e+01
1.747747e+13,7.897047e+01
2.305732e+14,8.000000e+01
4.381062e+13,4.306204e+01
2.120781e+13,7.864981e+01
6.624291e+13,4.492386e+01
6.210372e+13,5.000029e+00
6.210372e+13,6.780620e+01
6.348804e+13,4.318216e+01
2.950758e+14,6.564409e+01
1.071079e+13,7.899875e+01
8.376363e+13,5.104984e+01
4.187942e+13,7.891610e+01
1.022274e+13,7.899033e+01
6.873916e+13,5.561430e+01
6.873916e+13,5.561430e+01
6.264116e+13,3.585500e+01
1.328507e+13,7.899852e+01
2.075811e+14,7.669488e+01
2.054810e+13,7.898468e+01
1.703983e+14,8.000000e+01
1.703983e+14,8.000000e+01
7.476046e+13,4.444339e+01
2.141802e+17,8.000000e+01
2.141802e+17,8.000000e+01
1.487139e+13,7.899228e+01
3.839525e+13,7.898743e+01
3.839525e+13,4.999994e+00
5.262178e+13,7.899586e+01
3.648296e+13,4.999745e+00
3.375056e+14,8.000000e+01
3.049641e+13,3.249172e+01
1.588887e+14,7.237065e+01
2.388923e+13,7.899856e+01
2.734002e+13,2.786721e+01
4.319038e+13,5.000029e+00
4.319038e+13,4.999863e+00
2.546961e+13,7.892123e+01
2.986695e+13,4.999848e+00
9.539476e+13,6.318168e+01
6.245246e+13,4.432327e+01
6.703504e+13,4.228128e+01
3.089294e+13,2.299672e+01
5.150007e+13,3.447366e+01
7.794910e+13,4.162063e+01
3.069899e+14,7.537359e+01
2.489496e+14,8.000000e+01
7.033728e+13,7.929349e+01
3.715547e+13,7.899696e+01
4.913924e+13,3.098483e+01
1.140179e+13,7.899247e+01
1.405267e+13,7.899866e+01
5.918258e+13,6.444291e+01
6.547880e+13,7.891510e+01
6.547880e+13,5.000008e+00
2.490803e+13,7.933701e+01
4.890681e+13,3.579495e+01
7.445962e+13,6.426274e+01
1.026592e+14,4.204104e+01
7.629877e+13,5.056937e+01
1.073950e+14,4.264163e+01
2.057561e+13,7.899475e+01
2.285923e+13,4.999441e+00
2.127292e+14,8.000000e+01
8.405505e+13,5.147025e+01
1.476784e+14,6.636479e+01
1.032586e+14,7.879693e+01
1.032586e+14,7.879693e+01
1.755775e+13,7.899535e+01
5.627505e+13,4.999812e+00
5.627505e+13,4.999862e+00
7.815178e+13,5.255130e+01
7.815178e+13,5.255130e+01
1.930352e+13,7.899615e+01
3.749830e+13,3.681594e+01
2.123481e+13,7.899679e+01
2.285127e+14,5.531400e+01
1.046768e+13,7.899691e+01
5.436046e+12,7.899837e+01
1.143599e+15,8.000000e+01
3.180675e+13,3.345266e+01
1.475252e+13,2.898479e+01
7.390043e+13,3.861770e+01
2.863032e+14,5.879740e+01
1.536540e+14,6.936772e+01
2.235599e+13,7.899211e+01
2.630438e+13,3.465383e+01
2.333258e+13,2.099597e+01
7.207079e+13,6.762602e+01
7.207079e+13,6.762602e+01
3.123959e+13,7.916843e+01
3.123959e+13,7.937922e+01
4.420553e+13,3.705618e+01
9.504644e+15,8.000000e+01
9.504644e+15,8.000000e+01
7.231525e+13,4.500000e+01
1.181953e+13,7.899004e+01
9.816142e+14,8.000000e+01
2.215390e+14,8.000000e+01
2.867849e+13,2.930861e+01
2.420761e+13,3.147072e+01
1.797485e+13,7.899531e+01
3.363935e+14,8.000000e+01
3.363935e+14,8.000000e+01
1.503629e+13,7.897407e+01
1.537518e+13,7.666096e+01
1.288499e+13,7.896727e+01
1.778102e+14,4.810697e+01
2.160905e+14,6.029887e+01
2.355202e+13,7.899229e+01
1.051457e+14,5.062943e+01
6.241803e+13,5.000014e+00
6.241803e+13,7.899211e+01
6.241803e+13,7.899206e+01
5.915572e+13,3.285207e+01
1.787426e+13,4.999860e+00
7.913322e+13,4.390286e+01
7.105099e+13,3.741653e+01
4.456249e+14,8.000000e+01
6.371703e+13,4.065970e+01
6.008973e+13,5.807670e+01
2.344961e+13,7.899383e+01
1.650431e+14,5.675541e+01
3.609840e+13,2.984914e+01
7.176495e+13,5.116996e+01
1.621395e+13,7.889470e+01
1.564168e+13,7.898372e+01
1.755629e+13,7.899628e+01
4.818356e+13,6.204057e+01
3.708937e+13,7.899581e+01
9.873976e+13,4.708597e+01
1.510490e+13,7.899741e+01
4.258668e+13,4.432327e+01
1.177744e+13,7.899663e+01
1.557124e+14,7.044878e+01
9.401012e+14,8.000000e+01
9.673434e+12,7.898771e+01
1.543756e+13,7.899007e+01
1.056714e+14,6.792631e+01
1.056714e+14,6.792631e+01
9.032359e+13,5.813676e+01
1.257162e+14,4.888773e+01
4.641465e+14,8.000000e+01
4.641465e+14,8.000000e+01
5.443415e+13,4.768656e+01
6.371391e+13,4.498392e+01
2.646456e+13,7.898823e+01
2.080773e+14,6.294145e+01
8.905258e+13,5.723588e+01
1.783158e+14,8.000000e+01
3.117994e+13,2.876809e+01
4.296053e+13,3.519436e+01
2.327896e+13,2.480422e+01
1.225307e+13,7.898014e+01
5.564898e+13,4.354251e+01
5.999634e+13,5.441312e+01
1.144824e+14,8.000000e+01
1.144824e+14,8.000000e+01
1.144824e+14,8.000000e+01
5.839327e+13,4.114016e+01
3.781105e+13,3.087014e+01
1.097807e+13,7.898358e+01
6.177529e+14,8.000000e+01
6.177529e+14,8.000000e+01
1.425155e+13,7.899220e+01
1.586701e+13,7.899810e+01
6.866863e+13,4.642532e+01
9.493660e+12,7.899670e+01
6.733405e+13,4.690579e+01
2.067881e+13,7.888757e+01
1.113637e+14,5.321195e+01
7.150053e+13,4.846732e+01
3.125399e+13,2.942873e+01
1.029559e+13,7.899190e+01
1.834901e+13,7.899483e+01
1.769705e+14,5.513383e+01
4.703524e+14,8.000000e+01
4.703524e+14,8.000000e+01
4.946530e+14,8.000000e+01
4.829990e+13,3.255178e+01
1.158711e+13,7.896678e+01
3.620415e+13,7.899817e+01
1.073950e+13,7.899842e+01
3.269231e+14,8.000000e+01
3.269231e+14,8.000000e+01
1.507237e+13,7.898104e+01
2.061277e+14,8.000000e+01
6.532739e+13,5.008890e+01
1.906260e+13,7.897868e+01
9.758003e+14,8.000000e+01
2.378367e+13,7.899771e+01
3.133060e+13,3.411330e+01
3.783330e+13,3.999905e+01
2.705914e+13,2.564504e+01
3.972357e+13,4.999567e+00
4.264848e+13,3.447366e+01
3.041183e+14,8.000000e+01
3.041183e+14,8.000000e+01
2.149567e+13,7.898196e+01
7.133906e+13,7.898772e+01
3.307275e+14,6.900737e+01
3.410219e+16,8.000000e+01
3.410219e+16,8.000000e+01
3.410219e+16,8.000000e+01
3.410219e+16,8.000000e+01
8.065858e+13,4.510403e+01
3.693221e+14,6.378227e+01
2.108026e+13,2.396339e+01
1.485737e+13,7.899755e+01
2.481412e+13,2.822756e+01
1.961460e+13,7.888946e+01
2.076363e+13,7.899704e+01
2.807737e+13,2.552492e+01
9.884060e+13,3.987893e+01
2.160995e+14,5.723588e+01
1.973169e+13,7.899737e+01
9.602877e+13,5.603471e+01
2.669667e+14,8.000000e+01
7.118296e+14,8.000000e+01
7.118296e+14,8.000000e+01
3.361277e+13,3.020949e+01
2.855829e+13,7.897803e+01
1.017434e+13,7.899863e+01
2.740508e+13,7.897618e+01
4.727113e+13,6.174028e+01
4.727113e+13,6.174028e+01
2.972951e+14,6.252104e+01
1.950598e+14,8.000000e+01
1.950598e+14,8.000000e+01
9.104490e+13,5.543412e+01
1.235277e+15,8.000000e+01
1.235277e+15,8.000000e+01
3.746418e+13,3.026955e+01
2.488683e+14,8.000000e+01
2.488683e+14,8.000000e+01
1.901938e+13,7.897292e+01
4.482673e+13,3.032961e+01
4.088562e+13,3.573489e+01
3.873677e+13,3.321242e+01
3.662632e+14,6.546391e+01
1.240014e+13,7.895848e+01
6.811125e+13,3.759670e+01
1.732551e+13,7.899696e+01
1.683683e+13,7.888263e+01
3.449274e+13,2.978908e+01
5.539527e+13,3.903811e+01
3.184993e+13,2.750685e+01
1.029409e+15,8.000000e+01
2.468024e+13,7.898921e+01
3.576235e+13,4.456351e+01
8.870068e+12,6.872371e+01
1.272884e+14,4.095999e+01
1.426884e+13,7.899402e+01
7.338011e+13,3.903811e+01
4.077172e+13,3.471389e+01
1.800377e+13,7.899112e+01
7.787313e+13,4.264163e+01
1.592149e+13,7.889147e+01
2.616661e+13,2.654592e+01
2.598211e+13,7.898135e+01
1.033490e+14,5.243119e+01
4.597859e+14,8.000000e+01
4.597859e+14,8.000000e+01
2.241598e+13,7.892803e+01
1.259784e+15,8.000000e+01
1.259784e+15,8.000000e+01
1.847657e+13,7.898974e+01
7.076794e+13,4.204104e+01
2.451608e+13,7.871531e+01
3.868891e+13,7.899609e+01
1.397639e+13,4.999736e+00
9.883525e+13,6.432280e+01
8.798291e+13,5.159037e+01
1.020668e+13,7.899161e+01
6.971628e+13,4.089993e+01
9.087687e+13,4.624515e+01
1.946685e+13,7.899047e+01
6.637739e+13,5.621488e+01
2.770405e+13,7.899378e+01
5.550691e+13,5.651517e+01
2.917618e+14,6.017875e+01
7.400540e+13,3.867776e+01
5.963712e+13,4.294192e+01
8.856926e+13,4.071975e+01
3.868760e+13,3.825735e+01
2.735189e+13,6.999410e+00
4.263917e+13,2.035988e+01
4.401324e+13,3.663577e+01
2.711062e+13,7.876746e+01
1.152165e+13,7.899650e+01
2.330434e+13,7.898442e+01
5.523324e+13,3.531448e+01
1.480960e+14,7.705523e+01
1.480960e+14,7.705523e+01
1.378259e+13,7.899630e+01
2.542357e+13,7.906577e+01
2.563497e+15,8.000000e+01
1.627528e+13,7.899679e+01
6.162395e+13,5.201078e+01
6.020809e+14,7.435259e+01
1.091590e+14,8.000000e+01
1.091590e+14,8.000000e+01
1.637484e+13,7.899857e+01
4.036373e+13,3.705618e+01
4.211386e+13,3.957864e+01
6.109281e+13,4.432327e+01
4.905171e+13,4.017923e+01
1.430671e+14,5.273148e+01
1.068407e+14,5.393265e+01
7.082692e+13,7.899877e+01
7.082692e+13,7.899879e+01
1.790433e+14,6.137992e+01
3.252044e+14,8.000000e+01
3.252044e+14,8.000000e+01
1.026663e+14,2.498849e+01
2.120546e+14,8.000000e+01
5.019510e+13,3.891799e+01
1.971625e+14,8.000000e+01
1.971625e+14,5.000002e+00
2.175622e+14,5.183060e+01
1.222734e+14,8.000000e+01
2.641938e+13,6.259309e+01
1.422838e+13,7.899790e+01
2.570503e+13,7.898806e+01
1.569544e+14,6.894731e+01
3.222498e+13,3.993899e+01
1.738002e+13,7.898561e+01
6.200970e+13,7.896590e+01
2.482989e+14,8.000000e+01
7.100731e+13,3.735647e+01
9.789222e+14,8.000000e+01
9.789222e+14,8.000000e+01
9.789222e+14,8.000000e+01
3.003947e+13,7.896621e+01
4.263568e+13,3.825735e+01
1.288159e+13,7.899722e+01
8.349359e+13,7.934527e+01
1.049006e+14,4.288186e+01
3.022525e+14,8.000000e+01
1.980160e+13,7.897644e+01
3.969990e+13,7.899852e+01
2.911541e+13,3.519436e+01
2.276830e+13,7.892982e+01
3.564499e+13,4.071975e+01
1.412686e+13,7.899743e+01
4.215871e+13,7.897378e+01
4.215871e+13,7.899175e+01
2.980430e+13,2.750685e+01
4.994259e+13,3.909817e+01
1.354859e+13,7.899741e+01
4.980554e+13,5.237113e+01
2.388719e+13,7.897868e+01
7.171868e+15,8.000000e+01
1.832475e+14,6.822661e+01
5.595447e+13,3.681594e+01
5.435253e+13,6.156010e+01
4.424973e+13,3.477395e+01
1.259952e+13,7.899842e+01
1.785957e+13,7.895561e+01
8.956643e+13,4.630521e+01
1.071390e+13,7.895556e+01
1.158078e+13,7.899787e+01
1.387883e+13,4.999460e+00
1.442978e+13,7.895631e+01
1.445815e+13,7.899408e+01
3.182814e+14,6.258110e+01
1.886456e+13,6.712501e+01
1.140180e+14,6.282133e+01
1.429466e+13,7.899227e+01
7.624472e+14,8.000000e+01
2.039869e+13,7.899726e+01
1.163626e+13,7.899423e+01
4.338779e+13,3.825735e+01
8.912280e+14,7.405230e+01
1.655165e+13,7.899154e+01
7.207970e+13,5.441312e+01
2.225029e+13,7.896405e+01
2.557770e+13,7.899733e+01
1.349514e+13,7.905481e+01
3.100927e+13,2.918850e+01
2.158835e+13,7.884191e+01
6.682517e+13,7.898407e+01
7.022762e+13,8.000000e+01
7.022762e+13,7.899465e+01
1.697035e+14,5.627494e+01
8.278188e+13,5.050931e+01
2.368375e+13,7.899539e+01
1.229055e+13,7.899269e+01
1.703217e+14,6.005863e+01
9.893027e+14,8.000000e+01
4.150752e+13,7.899764e+01
4.964535e+14,7.008843e+01
3.263805e+13,2.864797e+01
4.944182e+13,3.663577e+01
1.241318e+14,4.804691e+01
4.592016e+14,8.000000e+01
2.468972e+14,6.186039e+01
2.036534e+13,7.916836e+01
1.098403e+14,8.000000e+01
2.330364e+14,8.000000e+01
4.200023e+14,8.000000e+01
4.200023e+14,8.000000e+01
3.034387e+13,3.183108e+01
3.899402e+13,2.978908e+01
9.391533e+12,7.899753e+01
1.705151e+13,6.314691e+01
1.759631e+14,8.000000e+01
4.447008e+16,8.000000e+01
1.916329e+13,7.898019e+01
1.147554e+13,7.899503e+01
3.288307e+13,7.899519e+01
2.573421e+13,2.660597e+01
3.912920e+13,3.681594e+01
1.897326e+13,7.899691e+01
3.140249e+14,8.000000e+01
3.475095e+13,3.489407e+01
1.277319e+14,6.312162e+01
1.277319e+14,6.312162e+01
2.562935e+13,7.899213e+01
2.014420e+13,2.258205e+01
1.499421e+13,5.000027e+00
1.276025e+13,7.641237e+01
1.407676e+14,4.798685e+01
1.506521e+14,6.474321e+01
1.256289e+13,7.899762e+01
3.834196e+13,3.177102e+01
1.613355e+15,8.000000e+01
1.613355e+15,8.000000e+01
4.706430e+13,5.000008e+00
4.706430e+13,7.897920e+01
2.129692e+13,7.899113e+01
4.827637e+13,4.936820e+01
9.128216e+12,7.899864e+01
6.985575e+14,8.000000e+01
2.224881e+13,7.897665e+01
6.024650e+13,3.789700e+01
1.493769e+13,7.899755e+01
1.660906e+13,7.833768e+01
1.642643e+13,7.899594e+01
1.380947e+15,8.000000e+01
2.133244e+14,5.375248e+01
5.329316e+13,4.234134e+01
2.168259e+14,5.801664e+01
2.720998e+13,3.068996e+01
4.816750e+13,3.273196e+01
6.166679e+14,8.000000e+01
4.362408e+13,4.342239e+01
7.163148e+13,7.134966e+01
5.071992e+13,3.441360e+01
3.077404e+13,2.636574e+01
4.175732e+13,3.201125e+01
1.395127e+13,7.893294e+01
3.227135e+13,4.999976e+00
4.844721e+13,3.345266e+01
4.200112e+13,3.093020e+01
3.265489e+13,7.898287e+01
3.030696e+14,8.000000e+01
3.030696e+14,8.000000e+01
2.365656e+14,8.000000e+01
2.365656e+14,8.000000e+01
1.999018e+13,7.897683e+01
2.353036e+13,2.900000e+01
7.154850e+14,8.000000e+01
7.154850e+14,8.000000e+01
7.154850e+14,8.000000e+01
3.230596e+13,3.189113e+01
3.155514e+13,2.792726e+01
2.600733e+13,7.260661e+01
3.497130e+13,2.888820e+01
1.261440e+13,7.899830e+01
3.269526e+13,2.954885e+01
1.833698e+13,7.899391e+01
4.286731e+13,5.219095e+01
1.313467e+14,8.000000e+01
1.313467e+14,8.000000e+01
1.888506e+13,7.898371e+01
1.765020e+13,6.445660e+01
1.341215e+13,7.898273e+01
1.107693e+14,8.000000e+01
1.341176e+13,7.880363e+01
3.787875e+13,3.411330e+01
2.569880e+14,8.000000e+01
2.390177e+18,8.000000e+01
2.390177e+18,8.000000e+01
2.390177e+18,8.000000e+01
2.390177e+18,8.000000e+01
3.366290e+13,3.939846e+01
1.929300e+13,7.899825e+01
7.417551e+13,4.360257e+01
2.448838e+13,2.552492e+01
7.019898e+13,5.345218e+01
2.550444e+14,5.681547e+01
2.706786e+14,6.438286e+01
4.159281e+13,4.999372e+00
1.337579e+13,7.899733e+01
2.357366e+13,2.972902e+01
1.417093e+14,8.000000e+01
1.710190e+13,7.897952e+01
1.736375e+14,8.000000e+01
1.736375e+14,8.000000e+01
1.768351e+13,7.894660e+01
2.131456e+13,7.899383e+01
5.638004e+13,3.447366e+01
1.165579e+14,4.636527e+01
4.539036e+13,7.933092e+01
1.243940e+17,8.000000e+01
5.465520e+13,6.228080e+01
2.494957e+13,5.331735e+01
7.759185e+13,5.080960e+01
3.634090e+13,4.648538e+01
1.740114e+14,8.000000e+01
1.253167e+13,7.088047e+01
1.997489e+13,7.899176e+01
1.511379e+13,7.899069e+01
1.928899e+13,7.899666e+01
4.484098e+13,4.999961e+00
4.484098e+13,4.999970e+00
5.150599e+13,3.759670e+01
1.853966e+13,7.899286e+01
2.632879e+13,7.899398e+01
1.434471e+13,7.899690e+01
5.753891e+13,3.909817e+01
4.974814e+14,7.273101e+01
7.318203e+14,8.000000e+01
7.318203e+14,8.000000e+01
2.524650e+14,6.912749e+01
1.013069e+14,7.585405e+01
2.536164e+13,2.714650e+01
4.010422e+13,3.477395e+01
1.093221e+14,4.654544e+01
1.319674e+14,6.119975e+01
1.382698e+13,7.898851e+01
1.986554e+13,7.898929e+01
4.601276e+13,7.895191e+01
1.203281e+13,4.999735e+00
1.331346e+14,8.000000e+01
4.945906e+13,3.255178e+01
5.563181e+13,3.183108e+01
2.974459e+15,8.000000e+01
2.974459e+15,8.000000e+01
1.633813e+13,7.899632e+01
3.061007e+14,8.000000e+01
2.727164e+13,7.890102e+01
4.394045e+13,3.507424e+01
3.645025e+13,3.099026e+01
4.573808e+14,8.000000e+01
1.455885e+14,8.000000e+01
1.649216e+14,5.008890e+01
4.715301e+13,3.201125e+01
4.261688e+13,7.899909e+01
4.261688e+13,7.899636e+01
2.705927e+13,3.117043e+01
1.643138e+14,3.771682e+01
1.433947e+13,7.899619e+01
2.218300e+14,8.000000e+01
2.218300e+14,8.000000e+01
5.116567e+13,3.555471e+01
3.375545e+13,7.899429e+01
3.375545e+13,7.899867e+01
1.127134e+14,4.444339e+01
5.190241e+13,3.465383e+01
2.053839e+14,7.525347e+01
2.053839e+14,7.525347e+01
2.533578e+14,8.000000e+01
2.533578e+14,8.000000e+01
2.533578e+14,8.000000e+01
2.246216e+14,8.000000e+01
1.696971e+13,7.897875e+01
1.666903e+14,8.000000e+01
1.464190e+13,7.899785e+01
5.322482e+14,8.000000e+01
5.322482e+14,8.000000e+01
1.752198e+14,7.507329e+01
1.219974e+14,5.729594e+01
2.432660e+13,2.744680e+01
9.362840e+12,7.898300e+01
1.214893e+14,8.000000e+01
1.214893e+14,7.899431e+01
1.214893e+14,8.000000e+01
1.168255e+13,7.268771e+01
1.365662e+13,7.899328e+01
8.351723e+13,5.993852e+01
8.351723e+13,5.993852e+01
1.204901e+13,7.895392e+01
1.575299e+13,7.899130e+01
7.014275e+13,5.987846e+01
3.111053e+13,7.899004e+01
1.558054e+14,5.219095e+01
6.129772e+13,4.065970e+01
8.068362e+13,5.819682e+01
2.269858e+13,7.899771e+01
3.844753e+13,3.261184e+01
1.554192e+14,7.567388e+01
8.362074e+13,4.768656e+01
4.450068e+13,3.273196e+01
1.472005e+13,7.687271e+01
7.585543e+14,8.000000e+01
1.703665e+13,7.898535e+01
9.659695e+13,5.837699e+01
3.425452e+15,8.000000e+01
1.306462e+14,8.000000e+01
1.306462e+14,8.000000e+01
1.965161e+13,7.899185e+01
3.931779e+13,4.876761e+01
1.293207e+13,7.899094e+01
1.291854e+14,8.000000e+01
1.148658e+14,4.276175e+01
2.692091e+13,2.810744e+01
3.349381e+13,4.999790e+00
2.637442e+13,3.165090e+01
5.539167e+13,4.564456e+01
4.262543e+13,7.899494e+01
4.262543e+13,5.000003e+00
3.808115e+13,7.672717e+01
1.324664e+15,8.000000e+01
1.324664e+15,8.000000e+01
1.324664e+15,8.000000e+01
1.876606e+13,7.899850e+01
1.653646e+13,7.918022e+01
3.982273e+13,3.333254e+01
1.145471e+13,7.899487e+01
5.546152e+13,5.279154e+01
5.546152e+13,5.279154e+01
1.943100e+13,7.899148e+01
2.371540e+14,8.000000e+01
8.264922e+13,4.612503e+01
1.876793e+13,7.897573e+01
4.273984e+13,5.171048e+01
3.924525e+13,3.291213e+01
9.437108e+12,7.899484e+01
2.850560e+13,2.936867e+01
3.832126e+13,3.231155e+01
2.631089e+13,7.899594e+01
9.711223e+12,7.899864e+01
1.219431e+13,7.899794e+01
2.993337e+14,8.000000e+01
1.007768e+14,5.687553e+01
2.660231e+13,2.594533e+01
6.969132e+13,4.726614e+01
4.967972e+13,7.899614e+01
4.967972e+13,7.899732e+01
4.794736e+13,7.899752e+01
6.993483e+13,5.435306e+01
7.643796e+13,7.014848e+01
7.643796e+13,7.014848e+01
5.471344e+13,3.513430e+01
4.594021e+14,6.588432e+01
1.901856e+13,7.899467e+01
1.681608e+13,1.700000e+01
1.204375e+13,7.898197e+01
5.341796e+13,3.111037e+01
9.283678e+13,8.000000e+01
9.283678e+13,7.899611e+01
5.368544e+13,5.663529e+01
1.281379e+13,7.289364e+01
1.321153e+13,7.898386e+01
2.279366e+13,2.570510e+01
7.631393e+13,6.228080e+01
9.918501e+12,7.899274e+01
9.324615e+13,4.077981e+01
8.047138e+13,6.101957e+01
2.051982e+14,6.594438e+01
2.686219e+13,7.899420e+01
7.258272e+13,7.110942e+01
7.258272e+13,7.110942e+01
9.396548e+13,5.297172e+01
8.883042e+13,7.896876e+01
1.064144e+14,4.636527e+01
3.280700e+13,3.477395e+01
2.140903e+13,7.899541e+01
6.059020e+13,7.920367e+01
2.420031e+14,8.000000e+01
2.000755e+13,7.899716e+01
5.269370e+13,3.369289e+01
1.231306e+13,7.898758e+01
2.222426e+13,2.582521e+01
3.022435e+13,7.899497e+01
4.317439e+14,6.216069e+01
3.762711e+13,3.675588e+01
1.359118e+13,7.899652e+01
5.944727e+13,4.023928e+01
7.370118e+13,4.186087e+01
9.048361e+13,5.501371e+01
7.552988e+13,4.017923e+01
4.524121e+13,3.165090e+01
1.289191e+13,7.891156e+01
9.438809e+13,4.930814e+01
5.712151e+13,3.897805e+01
9.682454e+13,6.282133e+01
4.444543e+14,7.687505e+01
1.014720e+14,4.372269e+01
4.814452e+13,7.899573e+01
4.814452e+13,7.899670e+01
8.385396e+14,7.453276e+01
2.126568e+14,8.000000e+01
2.187020e+14,8.000000e+01
2.355690e+13,7.895411e+01
4.481203e+14,8.000000e+01
1.061827e+14,4.336233e+01
1.007288e+13,7.899834e+01
2.658309e+13,7.853843e+01
2.475570e+13,1.898541e+01
1.372614e+13,7.899674e+01
4.464295e+13,7.899617e+01
3.326506e+13,3.195119e+01
1.145219e+13,7.898733e+01
2.909207e+13,2.810744e+01
4.167953e+13,3.261184e+01
1.925190e+13,7.881751e+01
1.221102e+13,7.899763e+01
3.599894e+13,4.005911e+01
2.014420e+13,7.896687e+01
1.268562e+13,7.897982e+01
3.952930e+13,3.171096e+01
4.490451e+13,4.384280e+01
2.524888e+13,7.898966e+01
1.908059e+14,4.816702e+01
5.251990e+13,5.747611e+01
1.608606e+13,4.999290e+00
3.529212e+13,2.750685e+01
1.990946e+14,6.426274e+01
1.119961e+13,7.898363e+01
1.091281e+13,7.899285e+01
8.124989e+13,8.000000e+01
4.619419e+13,3.333254e+01
1.639441e+13,7.899618e+01
5.299308e+13,4.918802e+01
6.071548e+13,5.375248e+01
7.817021e+14,8.000000e+01
7.817021e+14,8.000000e+01
3.043200e+13,7.886543e+01
1.535790e+13,7.898327e+01
1.661095e+13,7.899325e+01
5.551263e+13,4.474368e+01
7.157078e+13,4.948831e+01
1.413564e+17,8.000000e+01
1.014327e+13,7.899242e+01
2.078702e+13,7.898484e+01
1.126326e+14,5.008890e+01
9.086580e+13,5.969828e+01
4.816612e+13,4.480374e+01
1.295735e+13,6.506611e+01
1.032863e+15,8.000000e+01
2.727234e+13,7.899139e+01
2.580045e+14,8.000000e+01
2.580045e+14,8.000000e+01
2.918043e+13,3.056984e+01
6.125303e+13,4.714603e+01
3.949673e+13,4.300198e+01
3.724994e+14,8.000000e+01
7.986028e+13,8.000000e+01
5.258920e+13,3.339260e+01
3.069822e+13,3.099026e+01
7.341911e+13,6.546391e+01
7.341911e+13,6.546391e+01
4.551341e+14,8.000000e+01
4.029512e+14,8.000000e+01
1.779778e+13,7.899591e+01
1.174879e+13,7.899792e+01
3.793953e+13,3.309231e+01
1.381073e+13,7.898103e+01
1.205338e+13,7.899829e+01
3.039729e+13,6.536177e+01
9.015960e+13,4.306204e+01
3.321792e+13,3.723635e+01
1.503456e+14,5.231107e+01
1.312184e+14,5.183060e+01
1.283514e+13,7.897809e+01
9.884128e+13,7.899067e+01
1.812870e+13,4.999528e+00
3.616931e+13,3.393313e+01
2.795736e+13,7.896168e+01
2.435918e+13,7.897204e+01
1.445288e+13,7.898305e+01
1.325713e+13,7.898787e+01
5.572525e+13,3.567483e+01
8.744755e+13,7.899475e+01
8.744755e+13,7.939751e+01
1.026973e+14,4.402298e+01
5.374570e+14,8.000000e+01
5.374570e+14,8.000000e+01
5.317842e+13,3.837747e+01
1.962909e+14,8.000000e+01
1.962909e+14,8.000000e+01
1.962909e+14,8.000000e+01
7.334872e+13,4.984867e+01
1.454330e+14,5.459330e+01
1.194962e+14,5.201078e+01
2.802266e+13,2.984914e+01
1.218852e+13,4.999687e+00
1.534922e+13,7.899776e+01
3.825795e+14,8.000000e+01
7.784737e+13,5.921781e+01
7.784737e+13,5.921781e+01
1.869526e+15,8.000000e+01
1.869526e+15,8.000000e+01
3.369372e+14,5.891752e+01
2.186004e+13,7.891260e+01
1.628611e+13,5.487401e+01
2.144091e+13,7.887557e+01
6.180559e+13,3.747659e+01
4.899413e+13,4.468362e+01
6.453457e+13,4.108011e+01
2.127389e+13,7.898892e+01
1.224827e+14,8.000000e+01
1.224827e+14,8.000000e+01
4.336141e+13,3.303225e+01
4.013198e+13,4.903801e+01
2.529499e+14,7.201030e+01
4.815189e+13,3.651565e+01
8.769102e+13,2.242749e+01
1.301106e+16,8.000000e+01
1.927166e+14,8.000000e+01
2.670062e+13,2.528468e+01
1.370774e+14,8.000000e+01
1.370774e+14,8.000000e+01
3.795392e+13,3.645559e+01
1.759066e+13,7.899597e+01
7.173666e+14,8.000000e+01
5.197494e+13,4.888773e+01
5.197494e+13,7.899374e+01
2.234439e+14,8.000000e+01
3.254652e+14,8.000000e+01
3.354078e+13,7.899853e+01
1.163525e+14,5.609476e+01
1.111088e+13,7.899498e+01
3.078314e+13,3.411330e+01
1.353329e+13,7.903462e+01
3.383347e+13,7.825334e+01
3.134062e+13,3.105031e+01
9.841310e+13,8.000000e+01
8.339914e+13,4.306204e+01
3.153725e+13,7.899887e+01
3.153725e+13,7.899876e+01
1.222313e+13,4.697911e+01
1.972312e+14,7.693511e+01
1.595879e+13,7.899612e+01
3.236652e+13,2.882814e+01
1.933157e+13,7.899631e+01
1.238688e+14,7.915728e+01
1.238688e+14,7.915728e+01
1.528337e+13,7.899375e+01
2.452524e+13,7.899205e+01
2.201469e+13,2.330275e+01
1.518652e+13,7.866178e+01
4.703351e+13,3.231155e+01
1.381615e+15,7.291118e+01
2.645073e+13,6.593471e+01
3.222622e+13,3.489407e+01
1.491384e+14,8.000000e+01
1.491384e+14,8.000000e+01
8.089317e+13,7.917733e+01
8.089317e+13,8.000000e+01
6.328534e+14,8.000000e+01
4.092613e+13,3.495412e+01
1.377453e+13,7.898529e+01
1.196808e+13,7.899650e+01
2.655099e+13,7.899285e+01
1.906804e+13,5.039495e+01
1.868645e+13,7.898955e+01
3.783998e+14,8.000000e+01
1.787536e+13,7.899549e+01
1.943136e+14,6.762602e+01
2.439129e+14,6.936772e+01
3.119844e+14,7.363189e+01
6.904890e+14,8.000000e+01
3.398608e+13,3.741653e+01
1.247607e+13,7.895664e+01
4.862549e+14,8.000000e+01
4.862549e+14,8.000000e+01
4.101916e+13,7.899724e+01
4.101916e+13,7.899592e+01
6.559437e+13,3.861770e+01
1.432688e+13,7.896847e+01
4.199486e+13,3.807717e+01
3.736830e+14,8.000000e+01
3.620996e+13,3.081008e+01
2.790221e+13,7.899749e+01
4.156868e+14,8.000000e+01
8.440432e+13,7.591411e+01
1.090566e+14,4.654544e+01
6.209758e+13,4.948831e+01
2.836331e+14,8.000000e+01
2.836331e+14,8.000000e+01
1.543983e+13,5.490085e+01
1.068493e+14,5.014896e+01
2.136126e+15,8.000000e+01
6.631484e+13,3.501418e+01
2.723720e+13,2.600539e+01
4.931612e+13,4.999556e+00
1.029496e+14,4.095999e+01
1.619787e+14,8.000000e+01
2.511924e+13,2.468410e+01
4.320903e+13,4.168069e+01
1.070671e+14,4.828714e+01
2.109750e+13,7.897150e+01
5.537241e+13,4.996878e+01
3.917880e+13,4.510403e+01
2.051412e+14,8.000000e+01
2.051412e+14,8.000000e+01
4.895038e+13,3.231155e+01
6.717101e+13,4.798685e+01
2.044279e+13,7.898317e+01
3.484611e+13,3.405325e+01
1.071580e+13,7.899771e+01
2.902397e+13,7.898713e+01
3.762031e+13,4.516409e+01
2.404818e+14,8.000000e+01
2.404818e+14,8.000000e+01
4.050360e+13,2.942873e+01
1.468245e+13,7.897993e+01
7.256149e+13,8.000000e+01
4.053672e+13,7.941003e+01
3.755652e+14,6.504350e+01
1.551845e+14,5.753617e+01
2.195095e+13,7.891253e+01
2.528890e+13,2.648586e+01
1.268144e+14,4.738626e+01
1.581582e+14,8.000000e+01
1.581582e+14,8.000000e+01
4.175141e+13,3.735647e+01
1.121754e+14,4.474368e+01
1.774014e+13,7.894725e+01
2.141489e+13,7.899516e+01
2.372371e+14,8.000000e+01
2.372371e+14,8.000000e+01
8.692654e+13,5.363236e+01
4.418213e+13,3.105031e+01
1.725853e+13,7.899586e+01
1.137132e+14,8.000000e+01
7.331774e+13,7.915728e+01
6.483672e+13,4.660550e+01
1.059251e+14,4.684573e+01
2.609578e+13,7.899863e+01
9.363426e+13,4.300198e+01
1.136384e+13,7.899625e+01
1.117815e+13,7.899687e+01
5.548865e+13,4.858743e+01
2.518748e+13,7.884285e+01
7.906381e+13,6.552397e+01
7.906381e+13,6.552397e+01
3.795072e+13,3.717629e+01
2.795122e+13,7.528704e+01
4.281249e+13,3.050979e+01
1.138053e+13,7.899779e+01
2.732743e+13,2.696633e+01
1.462666e+13,7.899612e+01
7.831660e+13,4.011917e+01
5.222325e+13,4.282181e+01
2.227243e+13,7.898573e+01
1.882814e+13,7.925154e+01
8.810488e+13,4.150052e+01
6.271717e+13,5.032914e+01
4.582894e+13,7.899081e+01
4.582894e+13,7.898192e+01
9.562498e+13,5.092972e+01
1.258370e+14,4.726614e+01
2.348665e+13,7.898697e+01
1.519849e+13,7.899487e+01
3.718450e+13,2.834768e+01
1.756826e+14,5.159037e+01
1.410353e+14,5.243119e+01
6.097231e+13,7.890555e+01
4.950706e+13,7.899591e+01
4.950706e+13,7.898284e+01
1.544721e+14,8.000000e+01
4.363719e+14,7.393218e+01
1.251722e+14,6.324174e+01
1.251722e+14,6.324174e+01
2.670834e+14,8.000000e+01
2.670834e+14,8.000000e+01
2.637557e+13,3.298361e+01
3.580787e+14,8.000000e+01
7.709731e+13,7.651470e+01
2.255874e+13,7.899658e+01
1.588925e+13,4.286943e+01
1.844354e+13,7.896732e+01
6.130301e+13,4.948831e+01
2.734263e+13,2.672609e+01
2.993317e+13,2.870803e+01
3.470203e+13,2.299410e+01
4.274276e+13,2.984914e+01
3.281576e+13,4.222122e+01
2.204109e+13,2.499644e+01
7.813844e+14,8.000000e+01
3.032680e+13,2.732668e+01
2.089443e+13,7.899255e+01
1.900149e+14,6.384233e+01
2.446083e+13,2.500000e+01
1.924070e+14,7.417241e+01
4.870897e+13,3.387307e+01
2.515174e+13,2.666603e+01
1.956691e+13,7.899406e+01
1.004032e+19,8.000000e+01
4.606879e+13,3.700000e+01
9.288271e+13,2.890646e+01
1.088630e+13,7.898903e+01
1.329764e+14,5.357230e+01
1.408208e+14,8.000000e+01
5.832812e+13,3.579495e+01
1.744162e+14,8.000000e+01
1.744162e+14,8.000000e+01
5.956022e+13,3.891799e+01
1.306625e+13,7.899707e+01
5.092708e+14,7.327153e+01
4.507431e+13,3.875467e+01
1.010695e+14,6.095951e+01
1.010695e+14,6.095951e+01
1.255042e+14,8.000000e+01
2.208286e+13,2.450392e+01
2.231512e+13,7.899769e+01
9.526707e+13,8.000000e+01
3.041290e+14,6.216069e+01
3.089533e+13,3.177102e+01
3.275490e+13,2.297401e+01
3.178579e+13,4.999783e+00
1.225045e+14,7.146977e+01
1.225045e+14,7.146977e+01
5.759702e+13,3.663577e+01
7.325731e+14,8.000000e+01
7.325731e+14,8.000000e+01
6.173135e+13,5.000000e+00
6.173135e+13,7.899656e+01
2.187619e+14,6.059916e+01
1.847157e+13,7.899509e+01
4.129946e+13,3.645559e+01
1.007170e+14,5.993852e+01
1.007170e+14,5.993852e+01
1.191099e+13,7.898627e+01
7.457064e+13,3.969876e+01
2.595212e+13,7.899152e+01
6.230522e+13,4.918802e+01
2.131180e+14,8.000000e+01
1.276608e+13,7.885507e+01
1.247736e+15,7.080913e+01
2.588093e+13,2.720656e+01
3.518190e+13,7.899513e+01
2.087826e+13,7.899559e+01
9.632861e+12,7.899680e+01
6.186625e+13,4.702591e+01
3.016114e+13,3.327248e+01
1.462321e+13,7.899283e+01
2.500992e+13,7.899161e+01
6.310193e+13,4.786673e+01
1.848464e+13,7.899528e+01
6.677958e+13,7.231060e+01
6.677958e+13,5.986186e+01
1.513442e+14,5.135013e+01
1.352837e+13,7.898804e+01
2.012957e+13,2.216164e+01
4.673819e+13,4.714603e+01
1.594415e+14,7.146977e+01
1.594415e+14,7.146977e+01
2.174547e+13,7.899720e+01
1.949849e+14,8.000000e+01
1.949849e+14,8.000000e+01
3.236025e+14,7.807622e+01
6.161634e+14,8.000000e+01
1.825940e+13,7.897116e+01
1.569291e+14,5.459330e+01
4.074862e+13,3.513430e+01
2.276573e+13,7.899754e+01
1.042456e+14,4.720609e+01
2.357010e+13,2.660597e+01
4.522182e+13,4.492386e+01
2.169154e+14,8.000000e+01
2.169154e+14,8.000000e+01
9.739961e+12,7.899721e+01
5.912900e+13,5.056937e+01
9.796513e+13,4.408304e+01
1.138138e+13,7.899783e+01
1.046637e+13,7.904232e+01
3.407010e+13,2.996926e+01
5.271410e+14,8.000000e+01
5.271410e+14,8.000000e+01
1.245959e+14,2.900000e+01
3.258316e+13,3.333254e+01
7.126205e+13,7.896756e+01
7.126205e+13,5.000034e+00
7.126205e+13,4.999980e+00
8.241459e+13,4.432327e+01
2.591646e+13,7.897971e+01
2.105301e+13,7.721251e+01
4.553222e+14,7.501323e+01
5.537479e+13,3.855764e+01
2.747176e+13,7.899194e+01
2.216194e+14,8.000000e+01
4.112885e+13,3.177102e+01
2.653701e+13,5.079567e+01
1.765657e+13,7.899846e+01
9.150322e+13,5.855717e+01
7.727696e+13,4.630521e+01
1.440023e+14,8.000000e+01
1.440023e+14,8.000000e+01
2.266767e+13,7.892250e+01
1.337335e+13,7.899302e+01
1.404810e+13,7.899288e+01
4.902123e+15,7.879693e+01
1.056911e+13,7.899413e+01
1.997770e+13,7.898461e+01
1.287233e+14,4.642532e+01
3.426335e+13,2.864797e+01
7.133783e+14,8.000000e+01
4.622888e+13,3.933841e+01
1.243528e+14,5.753617e+01
2.840782e+13,2.810744e+01
1.558691e+14,8.000000e+01
1.992807e+13,7.899826e+01
1.680569e+14,8.000000e+01
2.396658e+13,7.899068e+01
1.066801e+13,7.901061e+01
2.514684e+13,7.898685e+01
1.829012e+13,7.899682e+01
7.401659e+15,8.000000e+01
7.401659e+15,8.000000e+01
1.141274e+14,5.249125e+01
2.973667e+13,7.896135e+01
3.866170e+13,7.899269e+01
3.866170e+13,7.899791e+01
2.970928e+13,2.108058e+01
4.677136e+13,1.900000e+01
1.667589e+13,7.909612e+01
6.265267e+13,7.899465e+01
5.493846e+13,7.898770e+01
3.820570e+13,4.180081e+01
3.360971e+13,3.477395e+01
3.928685e+13,4.999902e+00
3.086979e+13,3.062990e+01
1.891116e+14,8.000000e+01
4.692238e+13,4.558450e+01
3.780986e+13,3.447366e+01
7.294511e+13,4.870755e+01
1.943079e+13,7.899161e+01
9.313595e+13,7.237065e+01
6.248429e+13,4.564456e+01
1.565440e+15,8.000000e+01
1.565440e+15,8.000000e+01
1.365137e+13,7.895989e+01
1.151676e+14,8.000000e+01
7.769058e+13,5.038919e+01
1.912557e+13,7.893442e+01
1.166806e+13,7.898232e+01
9.081500e+13,6.101957e+01
3.987697e+13,7.899648e+01
4.478395e+13,3.489407e+01
1.713188e+13,7.888370e+01
2.537936e+13,7.898769e+01
1.812976e+13,7.899322e+01
1.997873e+13,7.895406e+01
7.181724e+13,4.276175e+01
2.040156e+13,7.895125e+01
5.948789e+13,4.294192e+01
3.766531e+13,4.998628e+00
1.500613e+13,7.895199e+01
2.073529e+14,7.729546e+01
1.032085e+13,7.899202e+01
2.815057e+13,2.720656e+01
4.437203e+13,3.399319e+01
2.263473e+13,7.899797e+01
3.174582e+13,2.894826e+01
1.415826e+15,8.000000e+01
2.623940e+13,7.899457e+01
1.173267e+13,7.899703e+01
2.464423e+14,7.128960e+01
1.560957e+13,7.899886e+01
3.779950e+13,4.258157e+01
2.426831e+13,7.899308e+01
3.848694e+14,6.804643e+01
3.089461e+14,8.000000e+01
3.089461e+14,8.000000e+01
1.718743e+13,7.899786e+01
1.020904e+14,4.834720e+01
4.556588e+13,7.899677e+01
1.505068e+13,7.899684e+01
1.414065e+13,7.899123e+01
7.065301e+14,3.186570e+01
7.504978e+13,4.630521e+01
2.970451e+13,2.840773e+01
4.490716e+13,3.609524e+01
1.970657e+13,2.252199e+01
5.839153e+13,5.429301e+01
2.821498e+13,3.934995e+01
2.534392e+13,2.402345e+01
6.267817e+14,7.387212e+01
5.055340e+13,3.849758e+01
7.368918e+13,8.000000e+01
5.194615e+13,3.723635e+01
4.368440e+14,8.000000e+01
4.368440e+14,8.000000e+01
4.399670e+13,4.017923e+01
1.513354e+13,7.898831e+01
1.643782e+14,7.513335e+01
1.643782e+14,7.513335e+01
4.851217e+13,5.261136e+01
2.229961e+13,7.899615e+01
7.423265e+13,4.999979e+00
7.423265e+13,5.000199e+00
6.544721e+13,3.555471e+01
1.370627e+14,4.114016e+01
1.450180e+16,8.000000e+01
2.378742e+13,7.899430e+01
2.231160e+13,2.414357e+01
3.397855e+14,8.000000e+01
3.397855e+14,8.000000e+01
1.977355e+14,8.000000e+01
1.977355e+14,8.000000e+01
1.701144e+13,4.999889e+00
8.208611e+13,5.014896e+01
2.475303e+13,7.898190e+01
9.037607e+13,5.921781e+01
4.134858e+13,4.384280e+01
1.525151e+14,5.843705e+01
3.124583e+13,3.807717e+01
1.042577e+13,7.899876e+01
3.213089e+13,2.828762e+01
2.481516e+13,2.534474e+01
8.340708e+13,6.810649e+01
2.108380e+13,7.899575e+01
3.912577e+13,7.899620e+01
3.912577e+13,7.899928e+01
1.130878e+13,7.898598e+01
3.894370e+13,5.074955e+01
1.641367e+13,7.899642e+01
4.344648e+13,3.267190e+01
7.617305e+14,8.000000e+01
1.817036e+14,7.891704e+01
1.235102e+14,7.900000e+01
2.670423e+13,2.804738e+01
7.338766e+13,7.899460e+01
3.301605e+14,7.044878e+01
1.151774e+14,6.786626e+01
1.151774e+14,6.786626e+01
4.070448e+14,8.000000e+01
4.070448e+14,8.000000e+01
1.175599e+14,7.899565e+01
1.175599e+14,7.899112e+01
1.776953e+13,7.896014e+01
2.679064e+14,8.000000e+01
2.679064e+14,8.000000e+01
7.863649e+13,4.750638e+01
3.676760e+15,8.000000e+01
1.131241e+13,7.899385e+01
1.169201e+13,7.899757e+01
7.519852e+13,4.624515e+01
3.160171e+14,7.056889e+01
9.230904e+13,7.615435e+01
9.230904e+13,7.615435e+01
1.269326e+14,6.564409e+01
6.809214e+13,5.020902e+01
1.452694e+13,7.899263e+01
2.444598e+14,7.789605e+01
2.444598e+14,7.789605e+01
4.414868e+13,4.023928e+01
3.930753e+19,8.000000e+01
3.930753e+19,8.000000e+01
3.930753e+19,8.000000e+01
3.930753e+19,8.000000e+01
3.930753e+19,8.000000e+01
5.190488e+13,4.999385e+00
1.836843e+14,8.000000e+01
1.874120e+13,5.000047e+00
1.298742e+14,7.747564e+01
1.389166e+14,4.726614e+01
1.526138e+20,8.000000e+01
1.526138e+20,8.000000e+01
1.526138e+20,8.000000e+01
1.526138e+20,8.000000e+01
1.526138e+20,8.000000e+01
1.526138e+20,8.000000e+01
1.526138e+20,8.000000e+01
1.526138e+20,8.000000e+01
1.526138e+20,8.000000e+01
1.526138e+20,8.000000e+01
1.526138e+20,8.000000e+01
1.526138e+20,8.000000e+01
1.526138e+20,8.000000e+01
6.070904e+13,7.898232e+01
6.070904e+13,7.898694e+01
1.960862e+14,5.020902e+01
5.024093e+13,4.900785e+01
1.683536e+13,7.894237e+01
2.598313e+13,4.999901e+00
1.827840e+13,7.899012e+01
2.857616e+13,7.895488e+01
1.016739e+13,7.899687e+01
7.888984e+13,4.095999e+01
7.744947e+13,2.062913e+01
2.633235e+14,8.000000e+01
2.633235e+14,8.000000e+01
1.436172e+14,4.354251e+01
7.711832e+13,7.899964e+01
7.711832e+13,6.732573e+01
2.384203e+13,7.899467e+01
1.837275e+13,7.578937e+01
1.762664e+14,4.498392e+01
1.072740e+14,8.000000e+01
1.072740e+14,8.000000e+01
3.229988e+13,3.867776e+01
2.452833e+13,5.879050e+01
4.030559e+13,7.897936e+01
5.879975e+13,4.234134e+01
2.286373e+13,7.826011e+01
4.846182e+13,4.798685e+01
1.895323e+13,7.899104e+01
1.889486e+13,7.899484e+01
2.093593e+13,7.899257e+01
6.861653e+13,5.056937e+01
5.721164e+14,8.000000e+01
5.721164e+14,8.000000e+01
7.956384e+15,8.000000e+01
7.956384e+15,8.000000e+01
8.782067e+13,7.899219e+01
8.739713e+14,8.000000e+01
2.181327e+13,7.899844e+01
1.458759e+13,7.897025e+01
2.028028e+13,2.378322e+01
5.219635e+13,3.459377e+01
2.838293e+14,7.183013e+01
7.817165e+13,4.756644e+01
1.566870e+13,7.898105e+01
2.673005e+13,7.898154e+01
1.580559e+13,7.898609e+01
6.064558e+13,4.564456e+01
1.242621e+13,7.899648e+01
9.227099e+13,6.029887e+01
8.442136e+13,4.930814e+01
1.786340e+13,7.897473e+01
1.926919e+13,7.898611e+01
1.819384e+13,7.899352e+01
3.326299e+13,3.585500e+01
2.682100e+13,2.898848e+01
1.238773e+14,6.504350e+01
2.220998e+13,2.462404e+01
4.764365e+14,8.000000e+01
4.764365e+14,8.000000e+01
4.952552e+13,4.108011e+01
6.162795e+14,8.000000e+01
9.352214e+13,4.618509e+01
7.079751e+13,8.000000e+01
2.740483e+13,4.999540e+00
2.803426e+13,7.899319e+01
4.247921e+13,3.957864e+01
4.296420e+13,5.000000e+00
4.296420e+13,7.898682e+01
3.058082e+13,2.750685e+01
2.853335e+13,7.898687e+01
1.164980e+13,7.899551e+01
1.118328e+13,7.899861e+01
8.748567e+13,4.702591e+01
5.037655e+14,8.000000e+01
5.037655e+14,8.000000e+01
3.106481e+13,3.411330e+01
1.654120e+14,5.699564e+01
4.387286e+13,4.294192e+01
9.797025e+12,7.903885e+01
5.516709e+13,3.615530e+01
1.222370e+14,5.777641e+01
6.354749e+13,4.738626e+01
1.798201e+13,7.895074e+01
5.373018e+13,5.026908e+01
5.373018e+13,5.000011e+00
9.868145e+13,4.300198e+01
1.548536e+13,7.899284e+01
1.002562e+14,6.420268e+01
2.758151e+13,7.899491e+01
1.937914e+14,8.000000e+01
1.937914e+14,8.000000e+01
1.937914e+14,8.000000e+01
2.214286e+13,2.462404e+01
1.046367e+14,7.807622e+01
4.985581e+13,7.899712e+01
4.985581e+13,7.899542e+01
2.889837e+13,5.000371e+00
3.256554e+13,3.303225e+01
8.026651e+13,2.897378e+01
1.314751e+13,7.904876e+01
3.581937e+13,2.858791e+01
1.503482e+13,7.898542e+01
1.193116e+17,8.000000e+01
1.193116e+17,8.000000e+01
2.699687e+13,2.840773e+01
1.519159e+13,7.907043e+01
3.182471e+15,8.000000e+01
1.850174e+13,4.916607e+01
1.655097e+13,7.898608e+01
8.322331e+13,5.303177e+01
9.435533e+13,4.936820e+01
2.676326e+13,7.899280e+01
1.028557e+13,7.899857e+01
1.390114e+13,7.899205e+01
3.130913e+13,5.092972e+01
6.638826e+13,3.987893e+01
4.567260e+13,3.393313e+01
3.118437e+13,7.899631e+01
3.191438e+13,2.100000e+01
9.435469e+12,7.899430e+01
1.213359e+14,8.000000e+01
1.213359e+14,8.000000e+01
1.515986e+13,7.909168e+01
6.886702e+14,6.924760e+01
2.269460e+14,8.000000e+01
2.532229e+14,6.606450e+01
1.279325e+14,8.000000e+01
1.828290e+13,7.898961e+01
1.766079e+14,8.000000e+01
1.766079e+14,8.000000e+01
7.276054e+13,5.165043e+01
1.087108e+13,7.891318e+01
1.258125e+13,7.899504e+01
3.237463e+13,3.225149e+01
4.483402e+13,3.123049e+01
2.182411e+14,6.210063e+01
2.180512e+13,7.899496e+01
1.317425e+14,5.597465e+01
1.161686e+14,5.129007e+01
1.070588e+13,7.898950e+01
1.145258e+14,4.804691e+01
4.114285e+13,3.351272e+01
4.219100e+13,3.261184e+01
3.542818e+13,3.747659e+01
1.308440e+13,7.898933e+01
3.393420e+13,7.899327e+01
5.667284e+14,8.000000e+01
5.569145e+14,8.000000e+01
3.937192e+13,4.720609e+01
2.016287e+15,8.000000e+01
2.016287e+15,8.000000e+01
2.016287e+15,8.000000e+01
2.016287e+15,8.000000e+01
2.659203e+13,7.899676e+01
5.720335e+13,6.137992e+01
5.720335e+13,6.137992e+01
8.647036e+13,5.014896e+01
2.773659e+13,2.654592e+01
1.242243e+13,7.896978e+01
7.288855e+13,4.095999e+01
2.585959e+13,2.636574e+01
1.791129e+15,8.000000e+01
5.212163e+13,4.444339e+01
1.110397e+14,6.894731e+01
1.110397e+14,6.894731e+01
5.580042e+14,8.000000e+01
4.357957e+13,4.150052e+01
1.062878e+14,4.420315e+01
7.934514e+13,5.357230e+01
2.585603e+13,2.666603e+01
2.204052e+13,7.899625e+01
3.583149e+13,4.162063e+01
1.968939e+13,7.874041e+01
3.358726e+13,3.225149e+01
9.344517e+13,4.210110e+01
1.176181e+14,5.062943e+01
2.714474e+13,3.993899e+01
1.382039e+14,8.000000e+01
1.382039e+14,8.000000e+01
2.952091e+13,2.816750e+01
2.188175e+13,7.899336e+01
1.490384e+13,2.710501e+01
2.593261e+13,4.999974e+00
3.552660e+13,2.906838e+01
6.565855e+13,4.534427e+01
1.073723e+13,7.899674e+01
5.553867e+13,4.071975e+01
2.337082e+13,2.810744e+01
1.270945e+13,7.899788e+01
3.962216e+13,3.237160e+01
7.999236e+13,4.337328e+01
7.999236e+13,6.666508e+01
1.155982e+13,7.898736e+01
1.431855e+14,5.207084e+01
1.942663e+13,2.324269e+01
1.073782e+13,7.898316e+01
2.030627e+13,2.300246e+01
1.176432e+14,8.000000e+01
1.176432e+14,8.000000e+01
1.163274e+14,4.306204e+01
2.322986e+14,7.050884e+01
1.119258e+13,7.898502e+01
3.035559e+14,8.000000e+01
7.478945e+13,4.324222e+01
1.194880e+13,7.899774e+01
7.476828e+13,4.528421e+01
4.556706e+13,3.483401e+01
4.835358e+14,8.000000e+01
4.835358e+14,8.000000e+01
4.835358e+14,8.000000e+01
4.835358e+14,8.000000e+01
1.687323e+13,7.899724e+01
5.614922e+13,7.899544e+01
9.005327e+14,7.993804e+01
1.890608e+13,7.898269e+01
2.924958e+13,2.792726e+01
4.337544e+13,3.417336e+01
1.544515e+13,7.895617e+01
2.086289e+14,8.000000e+01
2.086289e+14,8.000000e+01
1.068378e+14,4.498392e+01
5.339162e+13,7.899450e+01
1.346221e+13,7.896218e+01
7.002193e+14,8.000000e+01
7.002193e+14,8.000000e+01
1.987364e+14,8.000000e+01
1.987364e+14,8.000000e+01
1.987364e+14,8.000000e+01
3.717021e+13,3.915823e+01
5.483892e+13,5.627494e+01
1.052023e+13,7.899649e+01
6.031091e+13,2.299425e+01
1.426688e+13,4.999876e+00
7.382919e+13,8.000000e+01
2.131643e+16,8.000000e+01
2.131643e+16,8.000000e+01
4.178435e+13,3.471389e+01
4.575052e+13,4.714603e+01
8.211954e+14,8.000000e+01
2.770664e+13,7.899227e+01
2.553352e+13,7.898141e+01
4.614735e+13,5.339213e+01
2.364278e+13,7.898781e+01
3.382823e+13,3.411330e+01
3.169233e+13,7.899731e+01
2.194325e+15,8.000000e+01
6.728513e+13,6.474321e+01
3.492838e+13,7.898481e+01
1.301605e+14,8.000000e+01
2.245948e+13,7.899772e+01
2.532331e+13,7.896269e+01
1.808932e+13,7.897926e+01
3.354884e+13,3.435354e+01
1.321376e+13,5.000000e+00
2.072615e+14,6.804643e+01
1.146558e+14,5.225101e+01
1.305678e+13,7.899870e+01
1.396384e+13,7.899663e+01
5.503897e+14,8.000000e+01
5.503897e+14,8.000000e+01
9.282353e+13,8.000000e+01
2.773424e+13,2.732668e+01
2.291312e+14,6.930766e+01
3.417108e+13,7.899093e+01
1.788931e+14,8.000000e+01
1.788931e+14,8.000000e+01
2.615150e+13,7.892391e+01
8.846937e+13,4.282181e+01
3.015762e+13,7.899248e+01
3.984248e+15,8.000000e+01
3.398017e+14,8.000000e+01
3.398017e+14,8.000000e+01
3.398017e+14,8.000000e+01
1.274975e+14,5.026908e+01
2.353479e+13,7.898252e+01
6.856468e+13,5.038919e+01
6.856468e+13,5.038919e+01
1.236090e+13,7.899436e+01
2.417780e+13,2.684621e+01
9.583022e+13,4.288186e+01
6.322921e+13,4.319196e+01
2.147048e+13,7.884867e+01
1.086249e+13,7.899830e+01
6.299424e+14,8.000000e+01
1.360827e+13,3.106951e+01
1.899210e+14,8.000000e+01
1.216766e+14,5.651517e+01
8.247344e+13,7.100000e+01
1.215402e+14,4.912796e+01
2.295474e+13,7.899630e+01
1.628778e+16,8.000000e+01
9.610967e+12,7.899617e+01
1.964122e+14,7.201030e+01
1.685517e+13,7.897734e+01
1.438032e+13,7.898472e+01
3.294174e+13,7.899167e+01
2.650449e+15,8.000000e+01
2.455182e+13,7.895588e+01
1.967609e+14,8.000000e+01
3.276263e+13,7.899693e+01
2.284951e+13,7.891893e+01
9.074636e+13,4.047952e+01
3.697920e+14,8.000000e+01
3.697920e+14,8.000000e+01
2.466582e+13,7.899502e+01
1.177489e+14,5.717582e+01
3.410326e+13,3.345266e+01
2.299470e+13,7.899459e+01
4.397329e+13,4.299552e+01
3.335808e+13,2.822756e+01
7.281283e+13,7.899585e+01
7.281283e+13,7.899900e+01
1.390865e+13,7.889380e+01
1.812829e+13,2.035988e+01
5.630228e+13,3.633547e+01
1.485971e+13,7.898149e+01
3.992809e+15,8.000000e+01
3.992809e+15,8.000000e+01
9.696339e+13,7.513335e+01
1.882400e+15,8.000000e+01
2.839575e+14,8.000000e+01
1.396203e+14,6.882719e+01
1.995868e+13,7.895977e+01
1.624370e+14,4.150052e+01
2.453662e+13,7.899297e+01
2.847820e+13,7.898487e+01
3.310061e+15,8.000000e+01
4.226221e+13,3.879788e+01
1.079860e+14,4.288186e+01
3.287374e+13,3.141067e+01
2.435011e+13,7.897628e+01
5.810163e+13,5.669535e+01
2.524630e+14,8.000000e+01
1.896469e+13,7.897884e+01
5.556507e+15,8.000000e+01
6.998471e+13,1.895812e+01
1.141203e+14,4.744632e+01
1.776237e+14,8.000000e+01
1.776237e+14,8.000000e+01
5.645671e+13,4.528421e+01
1.317042e+14,8.000000e+01
6.371591e+13,4.999986e+00
1.240472e+14,8.000000e+01
2.354848e+14,8.000000e+01
3.802983e+13,7.899844e+01
2.895324e+13,2.900832e+01
1.227195e+13,7.899333e+01
1.650134e+13,7.899631e+01
2.622685e+13,2.630568e+01
3.198474e+13,3.279201e+01
4.934469e+13,5.183060e+01
1.870996e+13,7.898479e+01
4.763524e+13,4.210110e+01
1.436714e+14,6.396245e+01
1.435660e+13,7.899745e+01
1.074821e+13,7.899852e+01
1.139787e+14,5.579447e+01
1.532993e+14,6.210063e+01
2.226949e+14,8.000000e+01
2.226949e+14,8.000000e+01
1.382905e+14,8.000000e+01
1.382905e+14,8.000000e+01
5.581040e+14,8.000000e+01
5.581040e+14,8.000000e+01
5.581040e+14,8.000000e+01
1.280245e+13,7.898591e+01
4.207643e+14,5.945805e+01
2.774713e+15,7.249077e+01
4.968211e+13,5.008890e+01
2.272755e+13,5.000529e+00
2.524345e+13,7.899360e+01
2.385423e+13,7.899743e+01
8.571806e+13,2.900000e+01
6.540541e+13,4.999928e+00
6.540541e+13,4.999941e+00
7.468824e+13,5.014896e+01
2.443777e+14,8.000000e+01
2.443777e+14,8.000000e+01
3.172253e+13,3.459377e+01
2.502608e+13,1.900000e+01
1.642358e+13,7.897485e+01
3.402055e+13,2.732668e+01
5.265632e+13,4.174075e+01
5.014181e+13,5.171048e+01
3.059661e+13,7.896222e+01
1.296016e+14,7.843658e+01
9.595064e+13,2.700000e+01
4.281764e+13,3.141067e+01
2.559721e+14,7.086919e+01
3.698793e+14,8.000000e+01
1.579899e+13,7.899860e+01
4.447976e+14,6.888725e+01
2.208738e+14,8.000000e+01
2.208738e+14,8.000000e+01
2.208738e+14,8.000000e+01
1.547772e+13,7.899642e+01
1.503751e+13,7.899812e+01
1.344104e+14,8.000000e+01
4.841409e+13,4.071975e+01
9.763467e+12,7.899762e+01
1.890102e+13,4.999780e+00
9.496042e+13,6.312162e+01
5.939644e+13,7.901840e+01
5.939644e+13,7.915297e+01
1.337356e+14,5.002884e+01
1.614655e+14,7.201030e+01
1.614655e+14,7.201030e+01
9.616860e+13,3.885794e+01
1.256572e+14,5.705570e+01
6.854865e+13,5.405277e+01
1.376885e+14,8.000000e+01
1.028458e+14,4.696585e+01
3.753850e+13,3.099026e+01
1.628650e+14,8.000000e+01
1.628650e+14,8.000000e+01
6.939549e+13,5.405277e+01
6.939549e+13,5.405277e+01
1.857583e+14,5.507377e+01
1.156903e+14,2.499339e+01
2.154919e+17,8.000000e+01
2.130216e+14,8.000000e+01
3.570254e+14,8.000000e+01
6.655369e+14,8.000000e+01
6.655369e+14,8.000000e+01
4.956784e+13,3.417336e+01
1.820312e+13,7.915709e+01
9.112327e+13,4.468362e+01
9.897848e+13,4.852738e+01
2.345018e+14,7.483306e+01
4.275805e+14,7.116948e+01
1.475038e+14,5.435306e+01
2.045481e+13,2.318263e+01
7.770632e+13,4.900785e+01
1.670771e+14,7.537359e+01
8.906081e+13,6.864702e+01
9.100750e+12,7.899546e+01
1.087873e+13,7.899851e+01
1.812385e+13,7.899804e+01
3.183809e+13,5.000430e+00
5.189009e+13,3.843753e+01
5.259922e+13,6.077934e+01
7.060264e+13,3.981887e+01
1.280571e+14,5.567435e+01
1.298947e+13,7.899415e+01
3.011837e+13,7.899812e+01
1.510445e+13,7.899754e+01
4.471025e+13,3.675588e+01
2.606484e+15,8.000000e+01
2.606484e+15,8.000000e+01
3.730266e+13,3.135061e+01
1.737518e+14,8.000000e+01
1.639247e+13,7.898813e+01
1.135808e+14,7.597417e+01
1.135808e+14,7.597417e+01
1.118476e+13,7.899789e+01
6.175236e+13,4.023928e+01
4.603040e+13,4.648538e+01
3.126547e+13,3.056984e+01
8.981437e+12,7.899710e+01
7.623313e+13,3.837747e+01
3.390120e+13,2.858791e+01
1.445094e+13,7.877889e+01
4.598057e+13,7.898690e+01
3.996677e+14,2.671717e+01
2.072208e+13,5.000000e+00
2.778735e+13,2.846779e+01
1.176896e+13,7.899144e+01
3.370034e+14,8.000000e+01
3.370034e+14,8.000000e+01
1.019647e+13,7.899737e+01
5.766804e+13,4.228128e+01
1.989727e+18,8.000000e+01
9.921479e+13,5.405277e+01
1.300857e+13,7.898908e+01
2.539131e+13,7.898423e+01
1.263276e+13,7.899648e+01
8.006549e+13,6.894731e+01
8.006549e+13,6.894731e+01
1.294134e+14,5.489359e+01
4.902775e+14,8.000000e+01
5.666123e+13,3.873782e+01
3.182814e+13,3.279201e+01
8.017126e+13,5.399271e+01
2.032762e+15,7.459282e+01
1.191909e+14,2.494216e+01
2.569005e+13,7.894792e+01
8.092088e+13,4.174075e+01
1.587393e+16,8.000000e+01
1.834791e+13,6.697205e+01
2.091521e+13,2.312257e+01
3.460002e+13,7.899324e+01
1.591968e+14,6.156010e+01
2.222366e+13,7.899190e+01
1.323119e+13,7.899880e+01
1.180937e+13,7.479272e+01
3.515402e+13,7.899217e+01
1.825392e+14,8.000000e+01
1.825392e+14,8.000000e+01
1.825392e+14,8.000000e+01
2.060980e+15,8.000000e+01
2.060980e+15,8.000000e+01
2.187358e+14,6.432280e+01
1.555203e+14,6.600444e+01
1.683277e+13,7.899820e+01
4.825082e+14,8.000000e+01
1.009087e+14,4.084638e+01
3.207643e+14,8.000000e+01
3.207643e+14,8.000000e+01
1.582829e+14,8.000000e+01
1.582829e+14,8.000000e+01
2.652623e+13,7.894565e+01
9.589493e+13,4.342239e+01
1.905048e+14,8.000000e+01
4.502402e+14,6.131987e+01
2.152403e+13,7.888544e+01
4.664778e+13,4.504398e+01
1.728011e+14,5.639506e+01
3.807546e+13,2.936867e+01
1.773842e+14,5.303177e+01
6.745774e+13,3.945852e+01
3.550089e+13,3.369289e+01
4.909607e+13,3.447366e+01
9.609570e+14,8.000000e+01
9.609570e+14,8.000000e+01
9.753706e+12,7.898883e+01
1.718219e+14,5.957816e+01
2.672580e+13,3.393313e+01
2.736128e+13,7.930818e+01
1.349024e+14,4.774661e+01
4.237166e+13,5.213089e+01
7.317101e+13,6.035893e+01
8.374782e+13,6.588432e+01
1.386836e+13,7.891294e+01
2.217112e+13,2.516457e+01
5.722105e+13,4.756644e+01
2.744518e+14,8.000000e+01
1.354865e+13,7.899478e+01
2.289600e+13,7.899193e+01
1.788425e+13,7.899684e+01
2.947407e+13,7.899811e+01
2.947407e+13,7.899903e+01
1.845521e+13,7.899407e+01
4.446211e+14,8.000000e+01
5.772189e+14,6.876714e+01
1.234880e+14,8.000000e+01
1.512278e+14,4.684573e+01
1.173791e+13,7.899563e+01
1.632856e+13,7.899778e+01
3.439720e+13,3.531448e+01
1.335847e+13,7.899357e+01
5.270076e+14,8.000000e+01
1.632195e+13,7.899472e+01
3.137627e+13,7.899494e+01
3.100736e+13,7.899666e+01
6.552540e+14,8.000000e+01
7.003833e+13,5.861723e+01
5.420756e+14,8.000000e+01
5.420756e+14,8.000000e+01
5.420756e+14,8.000000e+01
5.420756e+14,8.000000e+01
1.332764e+13,7.897864e+01
3.425924e+13,3.032961e+01
2.219926e+13,7.899217e+01
8.815114e+12,7.899556e+01
3.379613e+13,7.899045e+01
2.609761e+14,7.164995e+01
2.587550e+13,2.516457e+01
1.381452e+13,7.897258e+01
5.345438e+13,3.519436e+01
3.254617e+13,3.825735e+01
1.270706e+13,7.899255e+01
6.118636e+13,3.921829e+01
1.703158e+13,7.899667e+01
3.011780e+13,2.534474e+01
1.375670e+14,6.468315e+01
3.427620e+14,8.000000e+01
1.685662e+14,5.171048e+01
1.361744e+13,7.899257e+01
2.002767e+14,8.000000e+01
2.002767e+14,8.000000e+01
2.002767e+14,8.000000e+01
4.075711e+13,4.426321e+01
2.515223e+13,7.894067e+01
8.236274e+13,3.771682e+01
6.139223e+13,3.711624e+01
3.684683e+13,3.375295e+01
1.212130e+13,7.898804e+01
1.006071e+14,4.114016e+01
2.018161e+14,8.000000e+01
1.489169e+14,3.891921e+01
8.032564e+13,3.933841e+01
2.152942e+14,8.000000e+01
2.152942e+14,8.000000e+01
1.629131e+14,8.000000e+01
1.629131e+14,8.000000e+01
1.060503e+13,6.679844e+01
1.686595e+13,7.896904e+01
5.339774e+13,3.687600e+01
9.741666e+12,7.899798e+01
4.805070e+13,4.582474e+01
1.548433e+15,8.000000e+01
1.548433e+15,8.000000e+01
1.548433e+15,8.000000e+01
2.226148e+14,7.453276e+01
1.509138e+14,6.348198e+01
1.646568e+14,6.462309e+01
5.919468e+13,6.041899e+01
2.073104e+13,7.899194e+01
1.874067e+13,7.899501e+01
1.483304e+13,7.898694e+01
6.864394e+13,6.714555e+01
6.864394e+13,6.714555e+01
1.169582e+14,5.729594e+01
2.350668e+14,8.000000e+01
2.350668e+14,8.000000e+01
3.764665e+13,2.930861e+01
9.705444e+12,7.898153e+01
2.160810e+13,7.898022e+01
1.858540e+13,7.898864e+01
3.091921e+13,2.744680e+01
2.007485e+14,6.486332e+01
2.995575e+14,8.000000e+01
2.995575e+14,8.000000e+01
2.308453e+14,8.000000e+01
7.020052e+13,7.899894e+01
7.020052e+13,7.899928e+01
9.844095e+12,5.890639e+01
3.195306e+13,3.363284e+01
1.865283e+13,1.867824e+01
5.730511e+13,6.077934e+01
2.227385e+13,7.894854e+01
2.038188e+13,7.898555e+01
1.545437e+14,5.693558e+01
3.055841e+13,7.897798e+01
4.278232e+13,3.579495e+01
1.518221e+13,7.899680e+01
4.264384e+14,8.000000e+01
4.264384e+14,8.000000e+01
1.149101e+14,8.000000e+01
8.263401e+13,4.744632e+01
1.838668e+13,7.898864e+01
2.573141e+13,7.899531e+01
1.434191e+14,5.867729e+01
1.283042e+13,7.898196e+01
8.188885e+13,3.669583e+01
3.947378e+13,3.375295e+01
9.335359e+13,4.918802e+01
4.033633e+13,3.597512e+01
2.277148e+13,7.889577e+01
2.944397e+13,7.895602e+01
1.255633e+14,4.768656e+01
1.745593e+13,7.854394e+01
3.620316e+13,3.699612e+01
2.927966e+13,7.899078e+01
2.358558e+14,8.000000e+01
2.830151e+13,7.898394e+01
2.771248e+14,8.000000e+01
2.771248e+14,8.000000e+01
1.236429e+14,6.714555e+01
2.398603e+16,8.000000e+01
5.009924e+13,7.899099e+01
1.877944e+14,8.000000e+01
1.877944e+14,8.000000e+01
9.224250e+13,4.228128e+01
2.884367e+14,8.000000e+01
4.813524e+13,4.450345e+01
1.162717e+13,7.899742e+01
1.506669e+14,8.000000e+01
1.506669e+14,8.000000e+01
4.457945e+13,3.603518e+01
1.672317e+13,3.311316e+01
3.869814e+13,3.597512e+01
1.219092e+13,7.899747e+01
6.077408e+13,4.720609e+01
1.306244e+13,7.899767e+01
9.214470e+13,8.000000e+01
9.214470e+13,5.000027e+00
2.025113e+13,7.892908e+01
2.634684e+14,5.633500e+01
2.182598e+13,7.899537e+01
1.548546e+13,7.894937e+01
4.631736e+13,5.549418e+01
1.572396e+14,2.375331e+01
1.861491e+13,4.287130e+01
3.262026e+14,8.000000e+01
1.025412e+13,7.899850e+01
2.067195e+14,8.000000e+01
2.067195e+14,8.000000e+01
1.247274e+13,7.899810e+01
1.286156e+13,7.899812e+01
3.857146e+14,5.783646e+01
1.293651e+13,7.899761e+01
2.151134e+15,8.000000e+01
7.813993e+13,3.915823e+01
2.442595e+13,7.899133e+01
3.141209e+13,3.062990e+01
3.819813e+13,3.261184e+01
1.615654e+13,4.999336e+00
2.665193e+13,7.897739e+01
1.385471e+13,7.899654e+01
2.250609e+13,4.999896e+00
3.710180e+13,3.123049e+01
6.079350e+13,4.005911e+01
1.658045e+13,7.897949e+01
3.629548e+13,3.171096e+01
1.819598e+13,7.898381e+01
1.778690e+13,7.898902e+01
1.427277e+14,2.889174e+01
1.036908e+14,7.309136e+01
1.944900e+13,7.896084e+01
6.567957e+13,3.531448e+01
5.747316e+13,7.898773e+01
1.387128e+13,7.895884e+01
1.612067e+14,5.903764e+01
1.621380e+13,7.899660e+01
4.907692e+13,3.585500e+01
7.701608e+13,6.708549e+01
7.701608e+13,6.708549e+01
1.097496e+14,5.963822e+01
7.427039e+13,4.582474e+01
4.596508e+13,7.899537e+01
2.567734e+13,7.899178e+01
2.183551e+14,6.522368e+01
1.506228e+14,8.000000e+01
5.878304e+13,4.065970e+01
3.429241e+13,2.699803e+01
5.064642e+14,8.000000e+01
9.460619e+14,8.000000e+01
9.460619e+14,8.000000e+01
3.490299e+14,8.000000e+01
9.230463e+13,8.000000e+01
6.143829e+13,7.899353e+01
2.057070e+13,7.898755e+01
1.441690e+13,7.899241e+01
2.194719e+13,7.898544e+01
9.211598e+13,7.913122e+01
9.211598e+13,7.907588e+01
1.024708e+15,8.000000e+01
2.359761e+13,7.898717e+01
2.487777e+13,3.849758e+01
1.967915e+14,8.000000e+01
1.070795e+14,7.255083e+01
1.070795e+14,7.255083e+01
3.422631e+14,8.000000e+01
3.422631e+14,8.000000e+01
6.305586e+13,4.732620e+01
1.742004e+14,5.297172e+01
3.128443e+13,2.696633e+01
6.534927e+13,4.642532e+01
1.838653e+13,6.286702e+01
6.093239e+13,8.000000e+01
6.093239e+13,5.000061e+00
2.816717e+13,7.897836e+01
2.857674e+13,2.582521e+01
6.693017e+13,6.023881e+01
4.649295e+19,8.000000e+01
4.649295e+19,8.000000e+01
4.649295e+19,8.000000e+01
3.368558e+13,5.309183e+01
9.131731e+13,7.899565e+01
1.368087e+13,7.898925e+01
1.486132e+13,7.898966e+01
3.701979e+14,7.387212e+01
2.833503e+13,7.899648e+01
9.691853e+12,7.897155e+01
6.685969e+13,6.816655e+01
1.285059e+14,3.694683e+01
1.128457e+14,7.002837e+01
1.128457e+14,7.002837e+01
5.163514e+13,4.234134e+01
1.488976e+13,7.899530e+01
2.192711e+13,7.897490e+01
1.399798e+13,7.899805e+01
4.116069e+13,3.681594e+01
8.199579e+13,4.258157e+01
2.460791e+13,7.899701e+01
6.941016e+13,8.000000e+01
2.591374e+13,7.896442e+01
2.496864e+13,7.897502e+01
8.775864e+13,4.270169e+01
2.517054e+14,8.000000e+01
2.517054e+14,8.000000e+01
1.234622e+13,7.895202e+01
2.230491e+13,7.898141e+01
3.449377e+13,5.133034e+01
3.463637e+15,8.000000e+01
5.516482e+13,3.339260e+01
1.380324e+13,7.899039e+01
1.727652e+14,5.729594e+01
5.954880e+13,4.330228e+01
1.706950e+13,7.899701e+01
6.086931e+13,3.471389e+01
1.160291e+14,8.000000e+01
1.160291e+14,8.000000e+01
2.384991e+13,7.894432e+01
1.145553e+16,8.000000e+01
8.777838e+12,7.899691e+01
3.470291e+13,7.899447e+01
9.906150e+18,8.000000e+01
9.906150e+18,8.000000e+01
2.420962e+13,7.893864e+01
2.077934e+13,7.895925e+01
3.943481e+13,3.999905e+01
6.269721e+13,3.855764e+01
1.345888e+13,7.899588e+01
1.221859e+13,7.896378e+01
3.021953e+13,2.816750e+01
1.175625e+13,7.897029e+01
1.545987e+14,8.000000e+01
4.914953e+13,4.168069e+01
1.256055e+14,4.618509e+01
4.799612e+13,7.898054e+01
1.525468e+14,5.783646e+01
3.033527e+13,2.738674e+01
2.977837e+13,2.660597e+01
9.117707e+13,4.792679e+01
1.419082e+14,2.700000e+01
1.569417e+13,6.461037e+01
7.795463e+13,5.675541e+01
7.795463e+13,5.675541e+01
8.664404e+13,3.987893e+01
2.405857e+14,8.000000e+01
8.124886e+13,6.222074e+01
1.250040e+14,6.125981e+01
1.992725e+13,7.899864e+01
3.179813e+13,7.915427e+01
1.144693e+13,7.898665e+01
2.942051e+13,7.899869e+01
2.942051e+13,7.899912e+01
2.155845e+14,7.907095e+01
2.063888e+13,4.999673e+00
3.691787e+13,3.279201e+01
4.947974e+13,4.804691e+01
9.707955e+12,4.999614e+00
1.825590e+14,8.000000e+01
1.260200e+13,7.897413e+01
2.720501e+13,7.899656e+01
2.060417e+13,7.899451e+01
5.169724e+13,5.447318e+01
7.600325e+13,6.810649e+01
1.490324e+14,7.134966e+01
2.872021e+14,7.171001e+01
1.466237e+14,8.000000e+01
1.223599e+14,7.513335e+01
4.547860e+13,3.363284e+01
1.125222e+14,4.360257e+01
2.838773e+13,3.135061e+01
7.995782e+13,3.097709e+01
2.457836e+13,7.892159e+01
8.730429e+13,8.000000e+01
8.730429e+13,8.000000e+01
3.281015e+13,3.381301e+01
4.295443e+14,6.210063e+01
3.966311e+13,4.972855e+01
1.869386e+14,8.000000e+01
1.869386e+14,8.000000e+01
4.357710e+14,7.201030e+01
4.835181e+13,3.645559e+01
2.031061e+14,8.000000e+01
2.354372e+13,7.890436e+01
5.333236e+13,5.351224e+01
2.605756e+15,8.000000e+01
2.605756e+15,8.000000e+01
1.494108e+13,7.899321e+01
3.925887e+13,1.698879e+01
3.835496e+13,3.075002e+01
3.571785e+13,7.892501e+01
4.090155e+14,6.372221e+01
4.885759e+13,3.723635e+01
3.555575e+14,8.000000e+01
7.493947e+13,4.954837e+01
1.312758e+14,5.417289e+01
1.593628e+13,7.899744e+01
3.151049e+13,3.105031e+01
4.593979e+15,8.000000e+01
1.801964e+13,7.899878e+01
4.276874e+14,8.000000e+01
4.276874e+14,8.000000e+01
1.456393e+14,6.354203e+01
1.233196e+13,7.899866e+01
2.477566e+13,7.898963e+01
5.314039e+13,3.729641e+01
3.290354e+15,8.000000e+01
3.290354e+15,8.000000e+01
3.290354e+15,8.000000e+01
3.290354e+15,8.000000e+01
5.698442e+14,8.000000e+01
3.420000e+13,3.627541e+01
1.861337e+13,7.899717e+01
8.844331e+13,4.636527e+01
2.646535e+13,7.307937e+01
1.568960e+16,8.000000e+01
9.751906e+13,5.141019e+01
2.522280e+14,8.000000e+01
9.436483e+13,4.306204e+01
7.462069e+14,7.975787e+01
1.320172e+13,7.899004e+01
5.249616e+13,3.050979e+01
1.397483e+14,8.000000e+01
3.106605e+13,4.999956e+00
1.154450e+13,7.899166e+01
2.815545e+14,4.900000e+01
9.821561e+13,4.180081e+01
1.550427e+13,7.898185e+01
1.622881e+14,5.951811e+01
1.751499e+13,7.898927e+01
9.512761e+12,7.899887e+01
3.835209e+13,7.897698e+01
3.252116e+14,8.000000e+01
1.566704e+13,7.897907e+01
8.133559e+13,5.381254e+01
9.794021e+15,8.000000e+01
9.794021e+15,8.000000e+01
1.032286e+13,7.897918e+01
4.253468e+13,3.387307e+01
1.367894e+13,7.899791e+01
1.815917e+14,8.000000e+01
1.815917e+14,8.000000e+01
2.443073e+13,2.486427e+01
1.736782e+14,6.174028e+01
1.476299e+14,6.384233e+01
1.229045e+14,5.092972e+01
1.253401e+13,7.899608e+01
8.619798e+14,8.000000e+01
2.268745e+14,5.327201e+01
8.542297e+13,5.279154e+01
2.364006e+14,8.000000e+01
2.217314e+13,7.890063e+01
6.765005e+13,3.933841e+01
1.200883e+14,5.243119e+01
1.542316e+13,7.893810e+01
1.387189e+14,4.594485e+01
3.824889e+14,8.000000e+01
3.824889e+14,8.000000e+01
5.551434e+13,6.654497e+01
5.551434e+13,4.999997e+00
2.097062e+13,7.899679e+01
2.328927e+13,7.898800e+01
1.058433e+14,5.056937e+01
1.363917e+13,7.899758e+01
1.151833e+14,3.893907e+01
1.812873e+13,7.898270e+01
2.940668e+14,8.000000e+01
1.314398e+13,7.899874e+01
2.620655e+13,5.000000e+00
2.642662e+13,7.899777e+01
1.652646e+13,7.899648e+01
1.594923e+15,8.000000e+01
1.539620e+13,7.899466e+01
7.813046e+13,4.768656e+01
9.938077e+13,6.216069e+01
9.938077e+13,6.216069e+01
3.508354e+13,3.747659e+01
8.935307e+13,7.899426e+01
8.935307e+13,7.899338e+01
1.268625e+13,7.899798e+01
1.885287e+13,7.899481e+01
1.276991e+13,7.899827e+01
3.768097e+13,4.035940e+01
1.707006e+13,7.889782e+01
8.041606e+13,4.204104e+01
3.621912e+13,3.195119e+01
7.684364e+13,3.963870e+01
3.160271e+13,3.429348e+01
1.524204e+14,5.489359e+01
1.406927e+14,6.246098e+01
2.614448e+13,2.468410e+01
3.159180e+13,2.576515e+01
3.205423e+13,4.999756e+00
1.491096e+13,7.899558e+01
7.174181e+13,5.345218e+01
7.174181e+13,5.345218e+01
1.835245e+13,7.894081e+01
5.982415e+13,4.774661e+01
5.978929e+13,4.912796e+01
1.010875e+14,4.390286e+01
5.446428e+13,3.531448e+01
9.697841e+13,4.546439e+01
1.299937e+13,7.899764e+01
3.171292e+13,2.672609e+01
3.072745e+13,5.000015e+00
8.102381e+15,8.000000e+01
1.889488e+13,7.899783e+01
2.486203e+13,5.441767e+01
3.336380e+13,2.894826e+01
2.624121e+13,7.899579e+01
2.777970e+14,6.083940e+01
5.617615e+13,5.555424e+01
5.617615e+13,5.555424e+01
2.208304e+13,7.899823e+01
2.998910e+13,3.014943e+01
1.852493e+14,8.000000e+01
1.852493e+14,8.000000e+01
1.852493e+14,8.000000e+01
6.306765e+13,3.681594e+01
2.418547e+13,7.895256e+01
2.155833e+14,8.000000e+01
2.155833e+14,8.000000e+01
2.342360e+13,2.612551e+01
1.170415e+13,5.682956e+01
2.675909e+14,7.855669e+01
2.357382e+13,7.896055e+01
1.755545e+14,7.345171e+01
4.778538e+13,4.426321e+01
6.915277e+13,7.899322e+01
1.107571e+13,7.899806e+01
5.814436e+13,5.663529e+01
1.636718e+13,7.899133e+01
2.013923e+13,7.899458e+01
9.823051e+13,3.939846e+01
1.261458e+14,5.489359e+01
1.912317e+14,4.996878e+01
4.078770e+13,3.477395e+01
1.260461e+13,7.899855e+01
4.274719e+13,7.899562e+01
6.588915e+13,6.252104e+01
1.103344e+13,7.899432e+01
3.590480e+13,3.237160e+01
4.545661e+13,3.669583e+01
2.545477e+13,7.898154e+01
1.740199e+13,7.899671e+01
1.020982e+13,7.893721e+01
7.366920e+13,4.282181e+01
4.737074e+13,3.825735e+01
4.082884e+13,3.026955e+01
2.633664e+13,4.999837e+00
1.117197e+14,8.000000e+01
1.598568e+13,7.899623e+01
6.906119e+13,4.546439e+01
8.042608e+13,5.000045e+00
4.168632e+14,7.393218e+01
1.351749e+14,8.000000e+01
1.987567e+13,2.099006e+01
1.348123e+13,7.906871e+01
2.700027e+14,7.957769e+01
2.700027e+14,7.957769e+01
6.680153e+14,8.000000e+01
1.177991e+14,5.189066e+01
2.100266e+13,7.897744e+01
7.271568e+13,4.486380e+01
4.652132e+13,3.681594e+01
1.726542e+13,7.899555e+01
1.675989e+14,8.000000e+01
1.389158e+13,7.899316e+01
1.223032e+13,7.899840e+01
6.828743e+13,7.898968e+01
3.475391e+13,3.093020e+01
1.919532e+13,7.899365e+01
3.426673e+14,8.000000e+01
3.426673e+14,8.000000e+01
1.215346e+13,7.899755e+01
2.857198e+14,8.000000e+01
2.857198e+14,8.000000e+01
9.475725e+12,7.899814e+01
2.352377e+14,8.000000e+01
2.352377e+14,8.000000e+01
2.497977e+13,7.898970e+01
3.152888e+13,3.399319e+01
3.260170e+13,3.201125e+01
9.666543e+14,8.000000e+01
3.480183e+13,3.285207e+01
2.346079e+13,7.893279e+01
2.250996e+13,7.897501e+01
1.067235e+14,6.480327e+01
1.067235e+14,6.480327e+01
1.155534e+14,7.231060e+01
4.244283e+13,3.585500e+01
2.192671e+13,7.896082e+01
2.819364e+14,5.567435e+01
2.767469e+13,2.852785e+01
8.802380e+13,5.627494e+01
8.016308e+13,4.156057e+01
2.077343e+14,6.324174e+01
9.123339e+14,2.526757e+01
1.243548e+13,4.999855e+00
2.247060e+15,8.000000e+01
1.923884e+13,7.894607e+01
4.057183e+13,3.603518e+01
4.192808e+13,3.717629e+01
3.977579e+13,3.585500e+01
1.734505e+13,7.897753e+01
6.277273e+13,4.894779e+01
2.965162e+13,7.899696e+01
4.667355e+13,7.899684e+01
1.100135e+14,7.335560e+01
1.100135e+14,8.000000e+01
2.489729e+19,8.000000e+01
2.489729e+19,8.000000e+01
3.170349e+14,8.000000e+01
7.667899e+13,6.035893e+01
4.828472e+13,4.888773e+01
1.312616e+14,4.624515e+01
8.996807e+13,4.444339e+01
3.545525e+13,3.068996e+01
4.629319e+13,5.387259e+01
1.288518e+13,7.899738e+01
6.335900e+13,6.594438e+01
6.335900e+13,6.594438e+01
1.193991e+14,5.441312e+01
4.034598e+13,3.543459e+01
1.895110e+13,7.899475e+01
1.552333e+13,7.898000e+01
1.089508e+14,6.372221e+01
4.031670e+13,4.071975e+01
4.587252e+13,3.459377e+01
1.169255e+13,7.880336e+01
1.756235e+14,5.879740e+01
1.178067e+14,6.558403e+01
1.764146e+13,5.713724e+01
1.527871e+13,4.998690e+00
1.690877e+13,4.999885e+00
9.258219e+13,5.261136e+01
1.942081e+13,7.899360e+01
3.267397e+13,7.899735e+01
1.100619e+13,7.894752e+01
1.180194e+13,7.898724e+01
3.627228e+13,2.876809e+01
6.438500e+13,4.978861e+01
1.608628e+14,6.354203e+01
3.822321e+14,8.000000e+01
1.097678e+13,7.899849e+01
5.670175e+13,5.399271e+01
5.670175e+13,5.399271e+01
5.680657e+13,4.029934e+01
2.001635e+13,7.899647e+01
3.673820e+13,3.855764e+01
1.017403e+14,8.000000e+01
6.516064e+13,4.480374e+01
5.467131e+14,8.000000e+01
1.884438e+13,7.891947e+01
7.709383e+13,3.531448e+01
5.085237e+13,7.882687e+01
8.693861e+13,7.363189e+01
9.064367e+13,8.000000e+01
9.064367e+13,8.000000e+01
6.955062e+13,5.939799e+01
1.981131e+14,6.378227e+01
1.123065e+14,4.360257e+01
1.894800e+13,7.896588e+01
1.892146e+15,8.000000e+01
2.850423e+13,7.899695e+01
2.325369e+14,8.000000e+01
2.090105e+13,7.899693e+01
2.264813e+14,5.789652e+01
1.076023e+15,8.000000e+01
1.076023e+15,8.000000e+01
6.583938e+13,8.000000e+01
1.565856e+13,7.911528e+01
1.040575e+13,7.899092e+01
2.183012e+13,7.897830e+01
2.317188e+13,2.522463e+01
2.516024e+13,2.948879e+01
5.938710e+14,8.000000e+01
3.209065e+13,3.243166e+01
2.271696e+13,7.897409e+01
3.302076e+13,7.897814e+01
3.178308e+13,3.363284e+01
1.162718e+15,8.000000e+01
1.672673e+13,7.898412e+01
3.506028e+13,3.129055e+01
1.427611e+14,8.000000e+01
1.427611e+14,8.000000e+01
1.533713e+13,7.809658e+01
2.590119e+14,8.000000e+01
1.349912e+13,7.899531e+01
3.758651e+13,7.899527e+01
2.781643e+14,8.000000e+01
2.781643e+14,8.000000e+01
2.781643e+14,8.000000e+01
4.607581e+13,3.357278e+01
3.633908e+13,3.129055e+01
4.056200e+14,7.519341e+01
1.051516e+14,7.899476e+01
1.051516e+14,7.898884e+01
1.205878e+14,8.000000e+01
1.205878e+14,8.000000e+01
1.272484e+14,4.906790e+01
1.316279e+14,4.762650e+01
1.119801e+15,8.000000e+01
1.119801e+15,8.000000e+01
1.273312e+13,7.863862e+01
2.853213e+14,5.933793e+01
4.263516e+13,3.032961e+01
2.560294e+13,7.890434e+01
1.889321e+13,7.899597e+01
3.364717e+14,6.720561e+01
1.580275e+13,7.897955e+01
5.172589e+13,3.183108e+01
3.454854e+13,3.369289e+01
9.264351e+13,6.798637e+01
1.171507e+15,8.000000e+01
1.232219e+13,7.898660e+01
6.064911e+13,4.498392e+01
1.332031e+13,5.906004e+01
2.784628e+13,7.933190e+01
2.031627e+14,7.855669e+01
1.309477e+14,6.083940e+01
1.588101e+14,8.000000e+01
1.588101e+14,8.000000e+01
1.977038e+13,7.877435e+01
6.066579e+16,8.000000e+01
9.877014e+13,8.000000e+01
9.877014e+13,8.000000e+01
9.877014e+13,8.000000e+01
1.336615e+14,8.000000e+01
2.353736e+13,7.899461e+01
1.648012e+14,8.000000e+01
1.648012e+14,8.000000e+01
3.635756e+13,3.519436e+01
1.203488e+13,7.899768e+01
9.478128e+13,7.669488e+01
9.478128e+13,7.669488e+01
1.003706e+13,7.899738e+01
2.332220e+13,2.462404e+01
1.694039e+13,7.918272e+01
2.756653e+13,7.899607e+01
1.652008e+13,4.999729e+00
1.059765e+14,4.558450e+01
1.174835e+13,7.899820e+01
3.712469e+13,4.999162e+00
3.048361e+13,7.894117e+01
2.284737e+14,8.000000e+01
2.926993e+13,2.936867e+01
3.428232e+13,3.873782e+01
2.749935e+14,5.975834e+01
2.887065e+13,2.720656e+01
1.850907e+13,7.894624e+01
2.557221e+13,2.702639e+01
1.776996e+13,7.899283e+01
5.432252e+13,4.648538e+01
3.444003e+13,2.690627e+01
1.709171e+13,7.897017e+01
1.847167e+13,7.619825e+01
3.727291e+13,3.759670e+01
1.808372e+13,7.898248e+01
5.523284e+13,7.899082e+01
1.022051e+13,7.895935e+01
1.146723e+14,5.038919e+01
2.017952e+13,2.336281e+01
1.393036e+13,7.915693e+01
9.558221e+14,8.000000e+01
2.206492e+15,8.000000e+01
2.206492e+15,8.000000e+01
2.206492e+15,8.000000e+01
1.704855e+15,8.000000e+01
3.303975e+13,2.966897e+01
2.286833e+13,3.499145e+01
2.973924e+13,2.816750e+01
2.454094e+14,6.295689e+01
2.454094e+14,8.000000e+01
7.899551e+13,7.014848e+01
2.893607e+13,7.899422e+01
2.328938e+14,8.000000e+01
1.252091e+13,1.899941e+01
1.228671e+13,4.999851e+00
9.747141e+13,6.534379e+01
3.251526e+13,3.207131e+01
4.332387e+13,4.999799e+00
1.876964e+14,7.080913e+01
6.855120e+14,8.000000e+01
6.855120e+14,8.000000e+01
1.211730e+13,7.899538e+01
1.625168e+14,8.000000e+01
1.625168e+14,8.000000e+01
3.971584e+13,3.897805e+01
5.462912e+13,2.898425e+01
1.525288e+13,7.894411e+01
5.292884e+13,4.180081e+01
3.200054e+13,7.897741e+01
1.722784e+13,7.898931e+01
4.356025e+13,3.237160e+01
1.419136e+13,7.899843e+01
1.260117e+14,5.933793e+01
9.987370e+13,7.919282e+01
7.913301e+13,7.899503e+01
1.679707e+13,4.999808e+00
2.425413e+14,8.000000e+01
2.956198e+13,7.899012e+01
2.700800e+13,7.899507e+01
6.290056e+13,5.999858e+01
1.492186e+13,4.999331e+00
3.774415e+13,2.972902e+01
4.850290e+13,7.898332e+01
5.227048e+13,4.918802e+01
3.271566e+13,4.999361e+00
3.271566e+13,5.000181e+00
2.311286e+13,7.896869e+01
6.150212e+15,8.000000e+01
6.150212e+15,8.000000e+01
7.843106e+13,4.198099e+01
4.650265e+13,4.299420e+01
8.977255e+13,4.342239e+01
1.273842e+14,8.000000e+01
3.001021e+13,2.846779e+01
3.644299e+13,4.896045e+01
5.080199e+13,7.899745e+01
5.080199e+13,7.899811e+01
1.718668e+13,7.889293e+01
1.245599e+13,7.898838e+01
2.168961e+15,8.000000e+01
3.687081e+13,3.111037e+01
4.304232e+16,8.000000e+01
1.446949e+13,7.897791e+01
8.904668e+13,4.306204e+01
3.090282e+14,8.000000e+01
2.815196e+13,4.998354e+00
4.952594e+13,4.497345e+01
2.803195e+14,8.000000e+01
2.803195e+14,8.000000e+01
5.698049e+13,5.165043e+01
4.105259e+13,3.399319e+01
4.058337e+13,4.999813e+00
2.007109e+13,7.897840e+01
6.421120e+13,3.741653e+01
2.359050e+13,2.534474e+01
2.317022e+13,7.886077e+01
1.758377e+14,6.168022e+01
2.508081e+13,7.899786e+01
4.647768e+13,3.927835e+01
5.443341e+13,3.903811e+01
5.800581e+13,4.023928e+01
1.403848e+13,7.899848e+01
1.778887e+14,6.414262e+01
1.627855e+14,5.597465e+01
9.918560e+13,4.192093e+01
1.611800e+13,7.899675e+01
2.556494e+14,5.286396e+01
1.463697e+14,6.276127e+01
2.053796e+13,7.890022e+01
2.841994e+13,7.899718e+01
1.408215e+13,7.899578e+01
3.240177e+13,3.549465e+01
7.969329e+13,4.408304e+01
3.352934e+14,6.107963e+01
1.484043e+13,7.899730e+01
1.352576e+13,7.899847e+01
6.185035e+13,4.324222e+01
1.355100e+14,7.903716e+01
7.773473e+15,8.000000e+01
1.507187e+14,7.885699e+01
1.191415e+17,8.000000e+01
1.191415e+17,8.000000e+01
1.191415e+17,8.000000e+01
3.047467e+13,2.798732e+01
5.831976e+13,5.975834e+01
8.628362e+13,8.000000e+01
4.323938e+13,4.192093e+01
8.323700e+13,4.546439e+01
1.241225e+13,3.694880e+01
2.261731e+13,2.480422e+01
1.261910e+15,8.000000e+01
7.794573e+13,5.945805e+01
1.011498e+14,8.000000e+01
2.094487e+14,6.180033e+01
1.728354e+14,5.945805e+01
1.930001e+13,7.899424e+01
1.139763e+13,7.897521e+01
1.856650e+13,7.898756e+01
7.760035e+13,5.243119e+01
6.668098e+13,4.240140e+01
1.775872e+13,7.899890e+01
2.022185e+14,6.756596e+01
1.773057e+14,6.276127e+01
2.129929e+13,7.923088e+01
6.101908e+13,3.951858e+01
6.468066e+13,4.528421e+01
5.465342e+14,8.000000e+01
5.465342e+14,8.000000e+01
5.465342e+14,8.000000e+01
4.644175e+13,4.966849e+01
4.591094e+13,7.898882e+01
3.445650e+13,7.899183e+01
5.770499e+13,5.699564e+01
5.532483e+13,4.888773e+01
1.293229e+14,5.867729e+01
1.760803e+13,7.899535e+01
6.559647e+13,3.609524e+01
2.347030e+13,7.899632e+01
5.483294e+13,4.378274e+01
5.591932e+13,4.696585e+01
1.389987e+13,7.883200e+01
1.964929e+13,7.899024e+01
1.251823e+13,7.899728e+01
4.647797e+13,4.708597e+01
6.674665e+13,3.699612e+01
4.161533e+14,6.600444e+01
5.007804e+13,4.168069e+01
6.932985e+14,8.000000e+01
6.932985e+14,8.000000e+01
2.133194e+13,7.899580e+01
6.728685e+13,3.561477e+01
2.887335e+14,8.000000e+01
2.887335e+14,8.000000e+01
1.189466e+14,4.290452e+01
1.175662e+14,5.747611e+01
2.063279e+13,7.899271e+01
1.745636e+14,7.741558e+01
7.181670e+13,5.249125e+01
4.502574e+13,3.483401e+01
1.030265e+13,7.899856e+01
1.997657e+13,2.186134e+01
4.747251e+15,7.471294e+01
2.731896e+14,8.000000e+01
4.647294e+13,3.795706e+01
4.230382e+13,5.000071e+00
9.147965e+12,7.899653e+01
8.884570e+13,4.918802e+01
4.732009e+13,4.114016e+01
1.120361e+13,7.899781e+01
2.348264e+13,7.893554e+01
2.390386e+13,7.895659e+01
4.868838e+13,3.495412e+01
1.014989e+14,8.000000e+01
1.014989e+14,8.000000e+01
1.975229e+13,7.898953e+01
2.851394e+14,8.000000e+01
3.042838e+13,7.899803e+01
2.866988e+14,8.000000e+01
2.329438e+13,2.288234e+01
2.023290e+13,7.898633e+01
2.182101e+13,5.000000e+00
1.629244e+13,7.899075e+01
7.384694e+13,6.336186e+01
2.358168e+13,2.654592e+01
3.470444e+13,2.744680e+01
2.169495e+13,7.899383e+01
3.639052e+13,4.894779e+01
3.756028e+13,2.840773e+01
4.030624e+13,3.351272e+01
4.984263e+13,7.929878e+01
2.791464e+13,2.900832e+01
4.323808e+13,3.050979e+01
2.412686e+14,8.000000e+01
2.203097e+13,7.881004e+01
3.544772e+13,7.899723e+01
4.043066e+13,3.771682e+01
4.441012e+13,3.879788e+01
1.382864e+13,7.898973e+01
7.230303e+13,4.252151e+01
1.680846e+13,2.897505e+01
8.573231e+13,4.798685e+01
3.127473e+14,8.000000e+01
1.944244e+13,7.899590e+01
1.247617e+14,5.807670e+01
2.086145e+13,7.899746e+01
2.805432e+15,8.000000e+01
2.805432e+15,8.000000e+01
6.579648e+14,7.903716e+01
1.364849e+14,8.000000e+01
1.706710e+13,7.894385e+01
1.185309e+14,8.000000e+01
3.284342e+13,4.047952e+01
6.551294e+13,4.624515e+01
6.328157e+13,4.480374e+01
6.328157e+13,4.480374e+01
1.019793e+13,7.899859e+01
4.410760e+14,7.765581e+01
1.315727e+13,7.898978e+01
7.140110e+13,6.678520e+01
1.159346e+13,6.064750e+01
1.946634e+13,7.896530e+01
5.817681e+13,3.423342e+01
4.485842e+13,3.615530e+01
8.564931e+12,7.899067e+01
2.857640e+13,2.996926e+01
3.001181e+13,2.612551e+01
9.850778e+14,7.963775e+01
6.843799e+13,4.234134e+01
7.237107e+13,4.715466e+01
1.308990e+13,7.899615e+01
7.073049e+13,4.756644e+01
2.005265e+13,1.700000e+01
2.620395e+14,8.000000e+01
2.620395e+14,8.000000e+01
5.894474e+13,4.378274e+01
1.178552e+13,7.898757e+01
8.055608e+13,4.318216e+01
2.243565e+13,7.870347e+01
1.532819e+13,7.898833e+01
4.019941e+13,3.723635e+01
7.398562e+13,4.948831e+01
2.114604e+13,7.896602e+01
3.368023e+14,8.000000e+01
1.204688e+14,8.000000e+01
1.686177e+13,6.703971e+01
7.698791e+13,4.528421e+01
2.921735e+13,3.237160e+01
1.008358e+14,3.771682e+01
3.725943e+15,8.000000e+01
3.725943e+15,8.000000e+01
3.725943e+15,8.000000e+01
1.058292e+13,7.899857e+01
1.995967e+13,7.899507e+01
1.864846e+14,8.000000e+01
1.864846e+14,8.000000e+01
2.088899e+13,7.898106e+01
2.313035e+13,7.898652e+01
9.251987e+13,4.618509e+01
8.865133e+12,4.999734e+00
1.595527e+13,7.899604e+01
2.362483e+13,2.780715e+01
1.263012e+14,5.291166e+01
1.423705e+13,6.863506e+01
1.599935e+14,8.000000e+01
1.599935e+14,8.000000e+01
1.599935e+14,8.000000e+01
3.976619e+15,6.270121e+01
2.596974e+14,8.000000e+01
3.447196e+13,3.267190e+01
3.294243e+13,4.138040e+01
2.500554e+13,4.999705e+00
5.253966e+13,3.801712e+01
6.205164e+13,4.618509e+01
3.470451e+13,7.899090e+01
2.594648e+13,7.899269e+01
1.572182e+19,8.000000e+01
4.576140e+13,6.071928e+01
7.449907e+13,5.062943e+01
4.030841e+13,3.759670e+01
5.759993e+13,3.891799e+01
6.615729e+13,5.159037e+01
2.076733e+14,6.107963e+01
5.785933e+14,6.906743e+01
2.589660e+13,7.896954e+01
1.888962e+14,8.000000e+01
1.888962e+14,8.000000e+01
3.104807e+13,2.876809e+01
2.667583e+14,8.000000e+01
2.667583e+14,8.000000e+01
1.664722e+13,7.899087e+01
2.947508e+13,7.899187e+01
2.979264e+14,5.885746e+01
8.608739e+13,6.606450e+01
8.608739e+13,6.606450e+01
6.066654e+13,4.216116e+01
6.264175e+13,3.633547e+01
1.813383e+13,4.999170e+00
1.052698e+13,7.897651e+01
2.466653e+13,2.606545e+01
2.625618e+13,7.899189e+01
8.430304e+13,4.678568e+01
2.875613e+13,1.699617e+01
5.048685e+13,5.123001e+01
1.779699e+14,6.570415e+01
7.163701e+13,4.342239e+01
5.532731e+13,4.708597e+01
6.685891e+13,4.372269e+01
1.514372e+13,2.900000e+01
5.050750e+14,8.000000e+01
4.170696e+13,4.366263e+01
3.125689e+13,3.153078e+01
1.148510e+14,4.954837e+01
4.552041e+13,3.375295e+01
3.243092e+13,7.897653e+01
2.052226e+13,7.898251e+01
1.178304e+13,7.899744e+01
1.604671e+14,6.510356e+01
6.027306e+13,7.898164e+01
5.242216e+13,3.519436e+01
2.585589e+13,2.600539e+01
2.635088e+13,7.898769e+01
9.580977e+15,8.000000e+01
1.001452e+14,5.002884e+01
1.117562e+14,8.000000e+01
1.117562e+14,8.000000e+01
4.777653e+13,7.899148e+01
1.799387e+14,5.255130e+01
1.939900e+13,2.222169e+01
2.850220e+13,7.793738e+01
4.465451e+13,5.000201e+00
4.465451e+13,7.889087e+01
1.703857e+13,7.899490e+01
3.575891e+13,2.669167e+01
5.080074e+14,8.000000e+01
5.080074e+14,8.000000e+01
3.978676e+13,2.624562e+01
3.828218e+14,8.000000e+01
1.385650e+13,7.897776e+01
6.054592e+13,3.879788e+01
2.051164e+13,7.898875e+01
9.177273e+13,4.342239e+01
1.194501e+13,7.899736e+01
2.170666e+13,7.889315e+01
5.080944e+13,7.896787e+01
1.817798e+13,7.897853e+01
1.900799e+13,7.895927e+01
3.015818e+13,7.898656e+01
8.711862e+13,5.603471e+01
3.064202e+14,8.000000e+01
3.064202e+14,8.000000e+01
3.064107e+13,7.899646e+01
4.182923e+13,7.899199e+01
1.683906e+13,7.899742e+01
3.210229e+13,3.399319e+01
3.566155e+13,7.899816e+01
2.732360e+13,7.897990e+01
6.821747e+13,5.795658e+01
6.821747e+13,5.795658e+01
1.004519e+14,8.000000e+01
1.852944e+13,7.897642e+01
2.542022e+13,2.942873e+01
1.206134e+14,7.585405e+01
1.818524e+14,7.189018e+01
2.328624e+13,7.899448e+01
2.870381e+14,8.000000e+01
2.870381e+14,8.000000e+01
7.090136e+13,7.899470e+01
3.646474e+13,2.846779e+01
9.300639e+13,3.921829e+01
4.278106e+13,5.000001e+00
4.278106e+13,7.899588e+01
1.161482e+14,8.000000e+01
1.161482e+14,5.000065e+00
7.477391e+13,8.000000e+01
1.297759e+13,4.298423e+01
1.801269e+14,7.741558e+01
1.867546e+13,7.899437e+01
7.015070e+13,3.603518e+01
3.288050e+13,3.363284e+01
4.422209e+14,7.038872e+01
2.984825e+13,2.498113e+01
1.848903e+13,7.898501e+01
1.512235e+13,7.898424e+01
4.239291e+13,3.849758e+01
3.067160e+15,8.000000e+01
3.067160e+15,8.000000e+01
1.068537e+14,5.717582e+01
1.682021e+14,8.000000e+01
1.916666e+14,7.621441e+01
1.916666e+14,7.621441e+01
1.633367e+14,8.000000e+01
1.633367e+14,8.000000e+01
7.705278e+13,4.324222e+01
1.233092e+13,7.899835e+01
1.416724e+13,7.898756e+01
3.596804e+13,7.899859e+01
1.327725e+14,8.000000e+01
1.327725e+14,8.000000e+01
1.673458e+13,7.885369e+01
1.198521e+13,7.899267e+01
2.475871e+13,7.899149e+01
6.144980e+13,4.882767e+01
3.862356e+13,3.345266e+01
2.420950e+13,7.899117e+01
2.033301e+13,2.318263e+01
7.267852e+13,3.681594e+01
3.669706e+13,3.495412e+01
2.343869e+13,7.899356e+01
2.528772e+13,4.999813e+00
2.219185e+13,2.456398e+01
2.800980e+13,2.756691e+01
2.493522e+13,2.714650e+01
1.162833e+13,7.899550e+01
4.965332e+13,4.126028e+01
1.005615e+14,4.300198e+01
1.962595e+13,7.899640e+01
1.434929e+13,3.498767e+01
4.509035e+13,3.597512e+01
6.624892e+13,6.456303e+01
1.068490e+13,7.899869e+01
3.108868e+13,2.900832e+01
3.728588e+13,7.899212e+01
1.309604e+14,5.098978e+01
1.164082e+14,5.255130e+01
1.079541e+13,2.699582e+01
4.896390e+14,8.000000e+01
4.896390e+14,8.000000e+01
2.802632e+13,3.111037e+01
3.088751e+13,2.936867e+01
1.821823e+13,7.891726e+01
1.984398e+13,7.899761e+01
2.858399e+14,6.846684e+01
7.702323e+13,3.975882e+01
1.001015e+13,7.899666e+01
9.318728e+13,8.000000e+01
3.333538e+13,3.555471e+01
1.685176e+13,1.531495e+01
2.263658e+13,7.892646e+01
6.074914e+13,5.000014e+00
6.074914e+13,5.585453e+01
3.093683e+13,2.744680e+01
2.129642e+14,6.612456e+01
3.382472e+13,3.165090e+01
4.283498e+13,3.111037e+01
5.569272e+13,5.957816e+01
5.182140e+13,3.543459e+01
1.513839e+15,8.000000e+01
4.771132e+13,3.729641e+01
4.324254e+16,8.000000e+01
3.886939e+13,3.327248e+01
1.518921e+13,7.897314e+01
4.871269e+13,7.899479e+01
1.880605e+13,8.999614e+00
4.736373e+13,4.216116e+01
3.332269e+14,7.032866e+01
1.293904e+14,5.549418e+01
1.256603e+13,7.899606e+01
3.236586e+13,7.899849e+01
1.268109e+13,7.899624e+01
7.235885e+13,5.735600e+01
3.193817e+13,3.471389e+01
1.662271e+13,7.898377e+01
3.643720e+13,3.705618e+01
6.071731e+13,3.753665e+01
6.811321e+13,3.795706e+01
9.110326e+13,7.261089e+01
1.835726e+13,7.899557e+01
2.014611e+14,6.768608e+01
4.168862e+13,4.570462e+01
1.305547e+13,2.099794e+01
1.445740e+14,6.288139e+01
1.178747e+16,8.000000e+01
1.748746e+13,7.899797e+01
1.825038e+14,8.000000e+01
1.825038e+14,8.000000e+01
3.595910e+14,8.000000e+01
3.595910e+14,8.000000e+01
6.189157e+13,5.110990e+01
1.298672e+13,7.885330e+01
5.198977e+14,8.000000e+01
5.198977e+14,8.000000e+01
1.764570e+13,7.897133e+01
2.081587e+13,7.899486e+01
3.267916e+13,3.741653e+01
2.236178e+13,7.899208e+01
2.166565e+13,7.891539e+01
1.685174e+13,7.899438e+01
1.188646e+13,7.899859e+01
1.986184e+14,8.000000e+01
1.986184e+14,8.000000e+01
2.834336e+13,2.714650e+01
2.776177e+14,7.201030e+01
3.196988e+13,2.870803e+01
1.132769e+13,7.899779e+01
2.037982e+13,7.899775e+01
1.432281e+14,7.116948e+01
7.460757e+13,4.059964e+01
4.020553e+13,7.898739e+01
4.888936e+13,6.384233e+01
2.041207e+13,7.899312e+01
4.488154e+13,3.417336e+01
2.554402e+14,6.420268e+01
3.540448e+13,4.999622e+00
5.603552e+13,4.228128e+01
2.643288e+13,2.840773e+01
3.293977e+13,7.899498e+01
5.371441e+14,7.933746e+01
1.430450e+14,5.080960e+01
5.735582e+13,4.252151e+01
1.388094e+14,2.700000e+01
2.058929e+14,8.000000e+01
6.514386e+14,7.705523e+01
3.704665e+13,2.900832e+01
2.711763e+13,7.899147e+01
1.889974e+13,7.899692e+01
2.351192e+13,7.824802e+01
1.912170e+14,5.549418e+01
1.391986e+13,7.899750e+01
3.368487e+13,7.821440e+01
1.231345e+13,7.899771e+01
4.017254e+14,8.000000e+01
4.017254e+14,8.000000e+01
4.300486e+13,7.897857e+01
3.072921e+14,8.000000e+01
1.594351e+14,5.441312e+01
6.007468e+14,8.000000e+01
6.007468e+14,8.000000e+01
6.007468e+14,8.000000e+01
1.613692e+14,8.000000e+01
6.358278e+13,4.438333e+01
1.037948e+13,7.899827e+01
2.174933e+14,6.792631e+01
9.844915e+12,7.898518e+01
1.259500e+13,7.899520e+01
2.145149e+14,8.000000e+01
2.145149e+14,8.000000e+01
1.566988e+13,7.899712e+01
2.223727e+13,7.937395e+01
3.230048e+13,4.999360e+00
4.090570e+13,7.886393e+01
4.509421e+14,8.000000e+01
9.053126e+13,6.125981e+01
2.007298e+14,5.405277e+01
2.092661e+14,8.000000e+01
2.092661e+14,8.000000e+01
2.092661e+14,8.000000e+01
1.392582e+14,5.399271e+01
3.255791e+13,2.798732e+01
9.650528e+13,4.600491e+01
9.565669e+12,7.899665e+01
5.736962e+13,3.789700e+01
1.322400e+13,7.899755e+01
1.381256e+14,3.691781e+01
1.044241e+14,8.000000e+01
1.044241e+14,8.000000e+01
3.168666e+14,7.074907e+01
2.318453e+16,8.000000e+01
2.318453e+16,8.000000e+01
2.318453e+16,8.000000e+01
4.528169e+13,7.894532e+01
1.110867e+14,3.298581e+01
4.984999e+13,3.099026e+01
2.330480e+13,7.880346e+01
2.586451e+13,2.714650e+01
4.780486e+14,8.000000e+01
9.862805e+13,4.858743e+01
2.256605e+13,7.897208e+01
4.144257e+13,7.899464e+01
1.117969e+13,7.899713e+01
8.970454e+13,4.318216e+01
1.282186e+13,7.899180e+01
3.261841e+13,7.898119e+01
1.837058e+13,7.899773e+01
1.669552e+13,4.999361e+00
1.775913e+14,5.543412e+01
2.651096e+14,6.678520e+01
4.765289e+13,3.903811e+01
6.308077e+13,5.177054e+01
2.504603e+13,7.898389e+01
3.800190e+13,7.898912e+01
3.285504e+13,2.097170e+01
5.476791e+14,8.000000e+01
4.547335e+14,8.000000e+01
1.465330e+14,8.000000e+01
1.465330e+14,8.000000e+01
5.957630e+13,5.141019e+01
2.277091e+14,8.000000e+01
2.109873e+13,7.899656e+01
4.079130e+14,8.000000e+01
4.079130e+14,8.000000e+01
4.482780e+13,3.417336e+01
9.899501e+13,3.700001e+01
5.217475e+13,4.041946e+01
4.556239e+13,4.150052e+01
6.354006e+13,3.741653e+01
1.757924e+13,7.899697e+01
1.859664e+13,7.834831e+01
1.049176e+13,7.897290e+01
4.326161e+15,8.000000e+01
5.557752e+13,4.318216e+01
1.249628e+13,7.898482e+01
7.157795e+13,4.240140e+01
3.109766e+13,3.261184e+01
9.308911e+13,8.000000e+01
7.085235e+13,5.783646e+01
1.493069e+14,8.000000e+01
5.727523e+13,4.738626e+01
6.772984e+13,4.059964e+01
4.237393e+14,8.000000e+01
3.841342e+13,3.501418e+01
1.215375e+13,7.899036e+01
2.165699e+13,7.899096e+01
4.197807e+13,2.497475e+01
2.359038e+14,8.000000e+01
6.365614e+13,3.861770e+01
1.754455e+13,1.900000e+01
4.862040e+13,5.735600e+01
4.862040e+13,5.000010e+00
1.462099e+14,5.405277e+01
2.352109e+13,7.895220e+01
3.729363e+13,3.441360e+01
2.043569e+13,7.894308e+01
8.141310e+13,5.447318e+01
1.159209e+13,4.999851e+00
1.476110e+13,7.898062e+01
4.577145e+14,8.000000e+01
1.967586e+14,8.000000e+01
1.967586e+14,8.000000e+01
2.406292e+13,3.500638e+01
7.219767e+14,8.000000e+01
1.702607e+13,7.899155e+01
3.931746e+13,4.420315e+01
1.939660e+13,7.822092e+01
5.273957e+13,7.899219e+01
5.273957e+13,7.899509e+01
1.022514e+14,5.327201e+01
1.537959e+14,6.810649e+01
1.832713e+13,5.298565e+01
4.949862e+13,4.240140e+01
1.259612e+13,7.899259e+01
2.868162e+13,7.899632e+01
1.081447e+14,8.000000e+01
1.116661e+14,7.609429e+01
1.116661e+14,7.609429e+01
5.599401e+14,7.843658e+01
7.621731e+13,4.906790e+01
2.168909e+13,7.897929e+01
1.413189e+14,7.513335e+01
2.764602e+13,7.896356e+01
1.685275e+13,7.898904e+01
2.621722e+13,2.672609e+01
1.607276e+13,7.899031e+01
2.824562e+15,8.000000e+01
7.793178e+12,2.099479e+01
1.436198e+14,7.032866e+01
6.176613e+13,7.897514e+01
2.233309e+14,6.137992e+01
2.040915e+13,7.899145e+01
1.143045e+14,7.068901e+01
1.143045e+14,7.068901e+01
3.103287e+13,2.870803e+01
2.734665e+13,6.895312e+01
2.145274e+13,7.890528e+01
2.837163e+13,3.519436e+01
1.073895e+13,7.899695e+01
1.859940e+14,7.549370e+01
1.859940e+14,7.549370e+01
3.508460e+13,3.075002e+01
2.973780e+13,2.954885e+01
5.188114e+13,3.477395e+01
1.644094e+14,7.116948e+01
5.241873e+13,4.918802e+01
5.357965e+13,6.498584e+01
1.174830e+14,4.246145e+01
1.833015e+13,7.899498e+01
3.477096e+13,2.792726e+01
3.590903e+13,3.969876e+01
1.034992e+13,5.000035e+00
1.321313e+14,4.996878e+01
1.317151e+14,8.000000e+01
1.317151e+14,8.000000e+01
1.045209e+14,8.000000e+01
1.045209e+14,8.000000e+01
1.045209e+14,8.000000e+01
3.275072e+13,7.899358e+01
9.524803e+13,8.000000e+01
8.236507e+13,4.642532e+01
2.307677e+13,7.897709e+01
1.697389e+16,8.000000e+01
1.697389e+16,8.000000e+01
6.528446e+13,3.728510e+01
1.924397e+13,7.897880e+01
1.886448e+14,5.000014e+00
1.886448e+14,8.000000e+01
1.053799e+14,8.000000e+01
3.742643e+14,6.768608e+01
2.213059e+14,8.000000e+01
2.213059e+14,8.000000e+01
2.610335e+14,7.711529e+01
3.008258e+13,3.032961e+01
1.460778e+13,7.886197e+01
2.383088e+13,7.899554e+01
4.100581e+13,3.123049e+01
2.365601e+13,7.899725e+01
1.158825e+14,4.570462e+01
2.547033e+13,7.899541e+01
1.297100e+14,4.756644e+01
1.750814e+14,7.899377e+01
1.750814e+14,7.899449e+01
6.337240e+14,8.000000e+01
6.337240e+14,8.000000e+01
6.337240e+14,8.000000e+01
2.753314e+13,2.438381e+01
3.378151e+13,3.050979e+01
4.117102e+13,3.543459e+01
4.743567e+13,4.065970e+01
5.457535e+13,5.195072e+01
5.949282e+13,7.907070e+01
5.949282e+13,5.310652e+01
9.310855e+14,8.000000e+01
3.907836e+13,3.819729e+01
5.463444e+13,5.519388e+01
1.672941e+14,7.249077e+01
1.672941e+14,7.249077e+01
1.731727e+13,7.899789e+01
5.151597e+13,7.899863e+01
5.151597e+13,7.899650e+01
1.466440e+14,4.494664e+01
5.273333e+13,4.516409e+01
3.986366e+13,3.807717e+01
1.793401e+14,7.026860e+01
1.586214e+14,8.000000e+01
1.586214e+14,8.000000e+01
1.122957e+14,5.777641e+01
1.072884e+13,7.899445e+01
3.385552e+14,8.000000e+01
3.385552e+14,8.000000e+01
2.001383e+15,8.000000e+01
2.153294e+13,7.882073e+01
2.071672e+13,7.894299e+01
1.687655e+14,7.633452e+01
7.865630e+13,7.002837e+01
2.969904e+13,2.978908e+01
6.333766e+13,3.969876e+01
1.345812e+14,4.606497e+01
3.816744e+13,5.747556e+01
3.016611e+17,8.000000e+01
3.016611e+17,8.000000e+01
3.016611e+17,8.000000e+01
3.016611e+17,8.000000e+01
1.097256e+13,7.899141e+01
1.728650e+13,7.927793e+01
4.099173e+13,3.327248e+01
1.458916e+13,7.899757e+01
3.501495e+14,8.000000e+01
2.581058e+13,7.898228e+01
5.494481e+14,8.000000e+01
4.481673e+13,3.351272e+01
1.512499e+13,7.855491e+01
4.088284e+13,3.399319e+01
9.099257e+13,4.942826e+01
2.144933e+13,2.300000e+01
1.797017e+15,7.981792e+01
4.900588e+14,7.813628e+01
8.713243e+13,7.363189e+01
1.315238e+13,7.852758e+01
1.476004e+15,8.000000e+01
2.756079e+13,2.978908e+01
1.948914e+13,4.998979e+00
2.450916e+14,6.498344e+01
1.531865e+13,7.898452e+01
2.806604e+14,5.615482e+01
1.295679e+13,7.899769e+01
3.748033e+14,8.000000e+01
6.127100e+20,8.000000e+01
6.127100e+20,8.000000e+01
6.127100e+20,8.000000e+01
6.127100e+20,8.000000e+01
6.127100e+20,8.000000e+01
6.127100e+20,8.000000e+01
7.288919e+13,2.298330e+01
1.318201e+13,7.886936e+01
8.060664e+13,6.498344e+01
1.355799e+14,7.597417e+01
6.607934e+14,8.000000e+01
6.607934e+14,8.000000e+01
6.607934e+14,8.000000e+01
7.150999e+13,4.420315e+01
4.560167e+13,7.898478e+01
6.463752e+13,3.729641e+01
2.269540e+15,8.000000e+01
2.269540e+15,8.000000e+01
1.271081e+14,8.000000e+01
1.756582e+13,7.899787e+01
5.243491e+13,3.195119e+01
1.233881e+17,8.000000e+01
1.233881e+17,8.000000e+01
1.834982e+14,5.663529e+01
2.946337e+13,2.870803e+01
6.242431e+13,4.318216e+01
1.217290e+14,5.339213e+01
2.673851e+14,5.609476e+01
4.328749e+13,7.899928e+01
4.328749e+13,7.899110e+01
6.050351e+13,6.894731e+01
6.050351e+13,6.894731e+01
4.787092e+15,8.000000e+01
4.787092e+15,8.000000e+01
6.258141e+13,4.384280e+01
3.259829e+14,8.000000e+01
3.259829e+14,8.000000e+01
1.976948e+13,7.899015e+01
1.790901e+13,3.298901e+01
3.737507e+14,6.444291e+01
3.224635e+14,6.210063e+01
1.677197e+13,7.898777e+01
1.557294e+14,5.147025e+01
1.873996e+13,6.431922e+01
1.242256e+13,7.894047e+01
1.464294e+13,7.898438e+01
1.320355e+13,7.899695e+01
4.848319e+13,3.183108e+01
2.026524e+14,8.000000e+01
5.391970e+13,3.609524e+01
3.718656e+13,3.513430e+01
1.058080e+13,7.899608e+01
1.132681e+14,8.000000e+01
2.577271e+13,2.798732e+01
2.281033e+13,7.895843e+01
2.007555e+13,7.899158e+01
2.184641e+13,2.366310e+01
2.194968e+13,2.426369e+01
7.453509e+13,3.765676e+01
4.452333e+13,7.899254e+01
4.379471e+13,7.899080e+01
4.550188e+13,5.219095e+01
1.470934e+14,8.000000e+01
1.470934e+14,8.000000e+01
1.470934e+14,7.894241e+01
3.843028e+13,3.327248e+01
3.830588e+13,5.000020e+00
3.830588e+13,7.898244e+01
1.331700e+13,5.281000e+01
8.369959e+13,3.999905e+01
3.854930e+16,8.000000e+01
1.032513e+13,7.899825e+01
3.462803e+13,7.900719e+01
4.185177e+19,8.000000e+01
4.185177e+19,8.000000e+01
4.185177e+19,8.000000e+01
4.185177e+19,8.000000e+01
4.185177e+19,8.000000e+01
2.314220e+15,8.000000e+01
2.314220e+15,8.000000e+01
8.317918e+13,4.432327e+01
6.175412e+13,5.825687e+01
6.175412e+13,5.825687e+01
1.440269e+14,5.183060e+01
1.446804e+13,1.900000e+01
2.622417e+13,4.998038e+00
1.607233e+13,7.898233e+01
4.068475e+13,3.293789e+01
1.250726e+13,7.898678e+01
4.957345e+13,5.237113e+01
4.957345e+13,5.237113e+01
2.686159e+13,2.666603e+01
4.129708e+13,7.899515e+01
1.740143e+13,7.897598e+01
1.552386e+14,8.000000e+01
1.552386e+14,8.000000e+01
4.685079e+13,4.918802e+01
1.430706e+13,7.898721e+01
1.394833e+13,7.899483e+01
1.065069e+13,7.899832e+01
4.093201e+13,3.849758e+01
8.571277e+13,4.360257e+01
3.210532e+13,3.429348e+01
4.100417e+13,3.345266e+01
1.189709e+13,7.877465e+01
2.526476e+13,7.898451e+01
2.450694e+13,7.899312e+01
1.453069e+14,6.474321e+01
1.453069e+14,6.474321e+01
1.964801e+13,5.000694e+00
1.575354e+14,5.435306e+01
4.174960e+13,4.834720e+01
1.907170e+13,7.899470e+01
1.715791e+13,7.897816e+01
5.220276e+13,3.783694e+01
3.193439e+13,3.405325e+01
1.122436e+13,7.892956e+01
1.062226e+15,8.000000e+01
4.367154e+13,3.483401e+01
3.812051e+13,3.333254e+01
8.495305e+13,6.023881e+01
4.979211e+16,8.000000e+01
1.859691e+13,7.897466e+01
2.360776e+13,7.899567e+01
8.679581e+13,5.657523e+01
1.585387e+13,7.899283e+01
9.990937e+13,8.000000e+01
2.020502e+13,7.899519e+01
2.259165e+13,7.355928e+01
6.102931e+13,6.047904e+01
3.301308e+13,7.899293e+01
3.058988e+13,3.903811e+01
1.217974e+13,7.473971e+01
6.406764e+13,7.213042e+01
4.813083e+13,3.621536e+01
1.001349e+13,7.899632e+01
2.507208e+13,7.898965e+01
1.155525e+14,6.768608e+01
1.155525e+14,6.768608e+01
2.951842e+13,2.966897e+01
4.007700e+14,8.000000e+01
4.007700e+14,8.000000e+01
3.039305e+13,3.297219e+01
1.460719e+13,7.899570e+01
5.412129e+13,5.561430e+01
3.529306e+13,3.327248e+01
3.378699e+14,8.000000e+01
3.378699e+14,8.000000e+01
3.296864e+13,3.309231e+01
1.679734e+15,7.495318e+01
7.707319e+13,7.899923e+01
7.707319e+13,7.899818e+01
7.707319e+13,5.000000e+00
4.694974e+13,4.972855e+01
2.877162e+13,7.821011e+01
2.626053e+13,2.852785e+01
9.964606e+12,7.899703e+01
6.399322e+13,3.861770e+01
2.001583e+13,7.895830e+01
3.564224e+13,3.099026e+01
5.117481e+13,4.624515e+01
2.058082e+13,7.896771e+01
1.016767e+14,7.555376e+01
2.692223e+14,8.000000e+01
2.692223e+14,8.000000e+01
2.692223e+14,8.000000e+01
1.546243e+13,7.898623e+01
1.126601e+13,7.899340e+01
6.082732e+13,5.000008e+00
6.082732e+13,7.898089e+01
1.745682e+13,7.899684e+01
1.936083e+13,7.898919e+01
3.894464e+13,7.899705e+01
4.342127e+14,8.000000e+01
4.342127e+14,8.000000e+01
1.517968e+14,5.261136e+01
3.490270e+13,7.896754e+01
4.560636e+15,8.000000e+01
4.560636e+15,8.000000e+01
2.350566e+13,2.690627e+01
1.373061e+13,7.899368e+01
9.933110e+13,6.564409e+01
2.673761e+13,2.936867e+01
7.358601e+13,4.023928e+01
2.186801e+14,8.000000e+01
3.041280e+14,5.543412e+01
1.300307e+14,8.000000e+01
6.612315e+13,5.357230e+01
9.324021e+13,5.411283e+01
8.498912e+13,4.999611e+00
8.498912e+13,5.000029e+00
1.407311e+13,7.898679e+01
8.804930e+14,8.000000e+01
8.804930e+14,8.000000e+01
3.404186e+13,3.105031e+01
1.491831e+13,5.908340e+01
1.562401e+13,7.898208e+01
1.971861e+16,8.000000e+01
2.152900e+14,8.000000e+01
5.783405e+13,3.471389e+01
2.460665e+13,7.898855e+01
1.472734e+14,8.000000e+01
1.472734e+14,8.000000e+01
1.037812e+14,4.402298e+01
2.647041e+13,7.899686e+01
4.315405e+14,8.000000e+01
4.315405e+14,8.000000e+01
3.203737e+13,7.924097e+01
2.978921e+14,8.000000e+01
2.978921e+14,8.000000e+01
9.163561e+13,4.462357e+01
1.317424e+14,6.978813e+01
1.317424e+14,6.978813e+01
1.293818e+14,5.123001e+01
2.386285e+13,7.899443e+01
1.953675e+14,7.609429e+01
3.105099e+13,7.899819e+01
1.807297e+14,6.420268e+01
6.254944e+13,5.000007e+00
6.254944e+13,7.441265e+01
1.307607e+13,4.999621e+00
1.733592e+13,7.898644e+01
7.969354e+13,5.717582e+01
7.969354e+13,5.717582e+01
9.518316e+14,8.000000e+01
9.518316e+14,8.000000e+01
1.877335e+14,7.765581e+01
7.154124e+13,4.336233e+01
3.032912e+13,1.899138e+01
1.752357e+14,5.975834e+01
3.318404e+13,2.966897e+01
5.666938e+14,6.612456e+01
6.672256e+13,4.654544e+01
5.469122e+13,4.150052e+01
1.970249e+13,7.899705e+01
3.853747e+13,2.972902e+01
1.434767e+13,7.897655e+01
3.897610e+13,7.899452e+01
2.339025e+13,7.898005e+01
3.136151e+13,7.898971e+01
2.494219e+14,4.552444e+01
2.689646e+14,3.496204e+01
2.411417e+13,7.898892e+01
1.102712e+13,7.899480e+01
4.648396e+14,8.000000e+01
4.648396e+14,8.000000e+01
3.883774e+13,4.606497e+01
1.842948e+14,3.499120e+01
6.201509e+13,5.141019e+01
3.641788e+13,7.899655e+01
3.749362e+14,7.543364e+01
2.111066e+14,8.000000e+01
2.111066e+14,8.000000e+01
1.372976e+13,7.897291e+01
3.893512e+14,7.807622e+01
3.893512e+14,7.807622e+01
2.339793e+13,2.570510e+01
3.650679e+13,1.897028e+01
1.357196e+13,4.999927e+00
2.513866e+13,4.999897e+00
2.637705e+13,7.876982e+01
1.797416e+13,7.899511e+01
1.035209e+13,7.899855e+01
1.984079e+13,7.897677e+01
2.970103e+16,8.000000e+01
2.970103e+16,8.000000e+01
1.236288e+13,7.899240e+01
6.234819e+13,4.456351e+01
3.009605e+13,3.014943e+01
9.879426e+13,4.414310e+01
2.840244e+13,2.924855e+01
1.324675e+13,7.899591e+01
1.058745e+13,7.899794e+01
7.802569e+13,8.000000e+01
7.802569e+13,8.000000e+01
1.235415e+13,7.898858e+01
7.729239e+13,4.402298e+01
1.259446e+13,7.899107e+01
3.134858e+13,7.893519e+01
1.921089e+13,7.892874e+01
1.988945e+13,7.899450e+01
4.002867e+14,8.000000e+01
1.078749e+14,8.000000e+01
1.078749e+14,8.000000e+01
9.572165e+13,4.438333e+01
2.244613e+13,7.899343e+01
3.922510e+13,3.939846e+01
3.456552e+13,3.483401e+01
1.086942e+14,2.898876e+01
2.146635e+13,7.889189e+01
1.972867e+13,7.896076e+01
7.240982e+14,8.000000e+01
5.213364e+14,8.000000e+01
5.213364e+14,8.000000e+01
3.085964e+13,1.700000e+01
6.834285e+13,4.204104e+01
2.364330e+13,7.899395e+01
9.885086e+14,7.525347e+01
5.742273e+13,7.896784e+01
1.518013e+18,8.000000e+01
1.518013e+18,8.000000e+01
4.089715e+13,3.213137e+01
1.081446e+13,7.899148e+01
1.889537e+13,7.899491e+01
1.743990e+13,2.299533e+01
2.783944e+14,5.765629e+01
1.058884e+14,7.897991e+01
2.831876e+13,3.099026e+01
6.544261e+13,7.899660e+01
3.290372e+13,3.002932e+01
3.643714e+13,4.999236e+00
1.072000e+14,8.000000e+01
3.189137e+14,6.720561e+01
1.065095e+14,7.080913e+01
1.129467e+14,4.576468e+01
1.507451e+14,7.453276e+01
1.507451e+14,7.453276e+01
1.882807e+13,7.888962e+01
4.204881e+13,2.966897e+01
3.010150e+14,6.095951e+01
1.535318e+13,7.899452e+01
5.960706e+13,4.126028e+01
1.422204e+14,7.237065e+01
3.542979e+13,3.363284e+01
3.822599e+13,7.896194e+01
5.527132e+13,3.675588e+01
4.401971e+14,5.921781e+01
2.628579e+13,7.927258e+01
1.460004e+13,7.899299e+01
1.199357e+13,4.999816e+00
5.945188e+14,7.189018e+01
6.522016e+13,3.561477e+01
2.008766e+14,5.735600e+01
1.320614e+13,7.899535e+01
7.070396e+13,5.447318e+01
3.032176e+13,7.898087e+01
1.520517e+14,6.750590e+01
1.497651e+13,7.899634e+01
8.764425e+13,4.029934e+01
2.213579e+13,4.999964e+00
8.725214e+13,4.222122e+01
1.511682e+14,8.000000e+01
1.511682e+14,8.000000e+01
8.128301e+17,8.000000e+01
7.948466e+13,4.384280e+01
1.234964e+14,8.000000e+01
1.968690e+13,7.899259e+01
5.134207e+13,7.898717e+01
5.134207e+13,7.899457e+01
4.635492e+13,3.225149e+01
7.268250e+13,4.234134e+01
3.057079e+13,7.899446e+01
1.272767e+13,7.896714e+01
4.624988e+13,3.753665e+01
1.436397e+14,4.780667e+01
2.486662e+14,5.279154e+01
2.820515e+14,8.000000e+01
2.820515e+14,8.000000e+01
2.248837e+13,7.898966e+01
1.762512e+13,7.899324e+01
1.412317e+14,6.822661e+01
3.118571e+14,8.000000e+01
2.166855e+13,3.303955e+01
1.013462e+13,5.288344e+01
4.216070e+13,3.675588e+01
2.470875e+13,2.822756e+01
5.089184e+14,8.000000e+01
5.089184e+14,8.000000e+01
5.089184e+14,8.000000e+01
6.546871e+13,3.723635e+01
5.373601e+13,6.089945e+01
5.373601e+13,5.000007e+00
2.024944e+13,7.899414e+01
3.437291e+13,3.627541e+01
1.300917e+13,7.899616e+01
1.776790e+13,7.899573e+01
1.172564e+14,2.288717e+01
5.558808e+13,5.369242e+01
4.925363e+13,4.336233e+01
4.151495e+13,3.447366e+01
2.206788e+17,8.000000e+01
1.039837e+14,8.000000e+01
1.039837e+14,8.000000e+01
4.106149e+13,4.498392e+01
3.498590e+13,3.393313e+01
3.070916e+13,2.912844e+01
3.435931e+13,3.297219e+01
3.325732e+13,2.708644e+01
2.353984e+13,2.594533e+01
9.501399e+13,8.000000e+01
9.501399e+13,8.000000e+01
2.590329e+14,6.174028e+01
5.012878e+13,3.621536e+01
2.908816e+13,7.899813e+01
2.517699e+13,7.856172e+01
2.782182e+13,2.930861e+01
1.415557e+14,8.000000e+01
1.415557e+14,8.000000e+01
9.611037e+12,7.899886e+01
5.334709e+14,8.000000e+01
1.965394e+14,6.672514e+01
2.073716e+14,6.077934e+01
3.053255e+13,7.930774e+01
1.062850e+14,4.930814e+01
1.087547e+14,7.910058e+01
5.510442e+13,6.372221e+01
4.905371e+14,7.675493e+01
6.909619e+13,3.807717e+01
2.275629e+13,7.898656e+01
2.185292e+13,7.898532e+01
3.073551e+13,7.896715e+01
3.907287e+13,3.357278e+01
2.971899e+13,2.942873e+01
2.321450e+13,7.899028e+01
3.378571e+14,8.000000e+01
3.378571e+14,8.000000e+01
1.423024e+14,7.128960e+01
1.423024e+14,7.128960e+01
1.847219e+14,5.201078e+01
2.101338e+13,7.896257e+01
1.474473e+14,5.891752e+01
9.690003e+12,7.899769e+01
1.695810e+14,8.000000e+01
2.331039e+13,2.552492e+01
1.747779e+14,6.966802e+01
1.723447e+13,7.897266e+01
1.298702e+13,7.899681e+01
5.575194e+13,4.011917e+01
1.812354e+13,7.897979e+01
5.098015e+13,3.777688e+01
1.650457e+13,7.899774e+01
1.043577e+13,7.899845e+01
9.952981e+12,7.897802e+01
4.310742e+14,7.777593e+01
3.864196e+13,3.531448e+01
1.093765e+14,6.618461e+01
1.093765e+14,6.618461e+01
2.163611e+20,8.000000e+01
2.163611e+20,8.000000e+01
2.163611e+20,8.000000e+01
2.163611e+20,8.000000e+01
2.163611e+20,8.000000e+01
2.163611e+20,8.000000e+01
2.163611e+20,8.000000e+01
4.222218e+14,8.000000e+01
4.222218e+14,8.000000e+01
4.493579e+13,3.291213e+01
1.216800e+14,5.951811e+01
7.942727e+13,8.000000e+01
1.124673e+13,7.896112e+01
1.840901e+13,7.898990e+01
2.091859e+13,7.899536e+01
3.068020e+13,7.899626e+01
3.171801e+13,7.899706e+01
4.736483e+13,3.207131e+01
2.820522e+14,8.000000e+01
2.820522e+14,8.000000e+01
3.255461e+13,3.056984e+01
5.421670e+13,3.123049e+01
1.354640e+13,7.899421e+01
1.629454e+14,8.000000e+01
1.629454e+14,8.000000e+01
8.062553e+13,4.372269e+01
1.317650e+13,7.897923e+01
3.027480e+14,8.000000e+01
1.133017e+13,7.899816e+01
2.605915e+13,2.450392e+01
2.341493e+13,7.891017e+01
2.751169e+13,7.898680e+01
2.193427e+13,7.899319e+01
9.188721e+13,8.000000e+01
9.188721e+13,8.000000e+01
2.187540e+13,7.888621e+01
6.468242e+13,4.822708e+01
9.660603e+13,4.822708e+01
3.306838e+14,8.000000e+01
3.306838e+14,8.000000e+01
3.306838e+14,8.000000e+01
3.254448e+14,6.708549e+01
5.482166e+14,8.000000e+01
3.753963e+13,3.933841e+01
9.355914e+13,4.342239e+01
3.422468e+13,3.919315e+01
6.520837e+13,4.684573e+01
1.145893e+13,7.899873e+01
2.713495e+13,2.738674e+01
8.430729e+13,8.000000e+01
8.430729e+13,7.899952e+01
7.314973e+13,7.044878e+01
4.129849e+14,8.000000e+01
4.129849e+14,8.000000e+01
4.129849e+14,8.000000e+01
7.206630e+13,8.000000e+01
1.588771e+13,7.899663e+01
3.191772e+14,6.924760e+01
3.544804e+13,7.899922e+01
3.544804e+13,7.899694e+01
8.246295e+13,2.499229e+01
9.328181e+14,8.000000e+01
4.142984e+13,3.255178e+01
3.431778e+14,8.000000e+01
3.431778e+14,8.000000e+01
2.539185e+13,7.894275e+01
6.143482e+13,5.399271e+01
6.967665e+13,3.873782e+01
4.538755e+13,3.585500e+01
1.780910e+13,7.898822e+01
1.746464e+13,4.999034e+00
1.408086e+14,7.555376e+01
1.408086e+14,7.555376e+01
1.798635e+14,8.000000e+01
1.798635e+14,8.000000e+01
2.502309e+14,8.000000e+01
1.436690e+13,7.899384e+01
1.395018e+14,8.000000e+01
1.395018e+14,8.000000e+01
3.174778e+13,3.093020e+01
2.014846e+13,7.897382e+01
1.318751e+16,8.000000e+01
1.318751e+16,8.000000e+01
1.456075e+13,7.899674e+01
2.902276e+13,7.899290e+01
2.562127e+14,8.000000e+01
2.562127e+14,8.000000e+01
2.562127e+14,8.000000e+01
1.876648e+13,4.680044e+01
1.314643e+13,7.898284e+01
2.296354e+14,6.053910e+01
4.956510e+14,8.000000e+01
7.921582e+13,5.026908e+01
5.894647e+14,8.000000e+01
5.894647e+14,8.000000e+01
2.007685e+14,5.777641e+01
2.663327e+14,5.141019e+01
1.273224e+13,7.899037e+01
1.151335e+13,7.899739e+01
1.148985e+14,4.852738e+01
1.031275e+13,7.899765e+01
3.946990e+14,8.000000e+01
1.139842e+15,8.000000e+01
7.014311e+13,8.000000e+01
3.907940e+13,3.651565e+01
4.195190e+13,7.896943e+01
2.316396e+14,7.789605e+01
2.222349e+13,7.896431e+01
1.876102e+13,7.899021e+01
3.012583e+13,2.864797e+01
4.683279e+13,3.789700e+01
2.399502e+13,7.898042e+01
4.331181e+13,4.276175e+01
2.686718e+13,2.822756e+01
3.761736e+13,3.489407e+01
1.552424e+13,7.896932e+01
5.120133e+13,5.609476e+01
4.407477e+14,8.000000e+01
6.353663e+13,3.963870e+01
9.836019e+13,5.177054e+01
4.813023e+13,3.645559e+01
8.644272e+13,4.390286e+01
5.905242e+13,3.759670e+01
3.638361e+13,3.056984e+01
1.088532e+13,7.898641e+01
7.684808e+13,8.000000e+01
7.684808e+13,5.000002e+00
2.320966e+13,2.420363e+01
5.896321e+13,5.897758e+01
5.896321e+13,5.897758e+01
1.451226e+13,7.899609e+01
9.558732e+12,3.504074e+01
5.053644e+13,7.899081e+01
3.976701e+13,3.369289e+01
3.970440e+13,7.894735e+01
6.196177e+13,5.237113e+01
9.557798e+13,4.942826e+01
2.520545e+13,7.878938e+01
1.394059e+14,4.696585e+01
6.835210e+13,4.276175e+01
1.406858e+13,7.899420e+01
1.082106e+13,7.899826e+01
1.363834e+13,7.892593e+01
6.941967e+13,4.426321e+01
3.815304e+13,7.898582e+01
4.525922e+14,7.819634e+01
1.049343e+13,2.302625e+01
1.144601e+13,7.284346e+01
2.346346e+14,4.924808e+01
3.694753e+13,3.297219e+01
6.272609e+14,8.000000e+01
7.846543e+14,8.000000e+01
7.846543e+14,8.000000e+01
2.157212e+13,7.899599e+01
6.714379e+13,4.558450e+01
1.949362e+14,5.201078e+01
9.035484e+14,5.969828e+01
1.965340e+14,8.000000e+01
3.903808e+13,3.327248e+01
2.008612e+13,7.898936e+01
2.100583e+15,8.000000e+01
2.100583e+15,8.000000e+01
2.100583e+15,8.000000e+01
2.100583e+15,8.000000e+01
2.315415e+16,8.000000e+01
1.764752e+13,7.899736e+01
3.920258e+13,3.363284e+01
3.425162e+13,7.897411e+01
5.094248e+13,4.708597e+01
2.855832e+14,8.000000e+01
3.286928e+13,3.489407e+01
5.265698e+14,8.000000e+01
2.008910e+13,7.899221e+01
2.024233e+14,8.000000e+01
2.024233e+14,8.000000e+01
1.696680e+14,8.000000e+01
1.696680e+14,8.000000e+01
1.500368e+13,7.884112e+01
7.000298e+13,3.903811e+01
1.629150e+13,7.896357e+01
9.298082e+13,4.552444e+01
3.999500e+13,7.899234e+01
2.831790e+13,3.014943e+01
3.531709e+13,3.940512e+01
2.773246e+13,7.886723e+01
4.462852e+13,3.002932e+01
1.793702e+13,7.899780e+01
1.711341e+14,8.000000e+01
6.371722e+13,6.690532e+01
6.371722e+13,5.000015e+00
1.010239e+15,8.000000e+01
1.617905e+13,7.897083e+01
2.999923e+13,7.899164e+01
1.398481e+14,6.738579e+01
4.985045e+13,4.510403e+01
2.480989e+13,7.899677e+01
1.997350e+13,7.899495e+01
3.439381e+13,7.939239e+01
6.204976e+13,4.942826e+01
6.451313e+13,4.462357e+01
1.004762e+13,7.899681e+01
1.281911e+13,4.999697e+00
3.070766e+14,8.000000e+01
1.279520e+13,7.897716e+01
1.264806e+14,8.000000e+01
3.886060e+13,3.501418e+01
2.391722e+13,7.894365e+01
2.149166e+13,7.897347e+01
2.093419e+13,7.898854e+01
3.798637e+15,8.000000e+01
3.798637e+15,8.000000e+01
4.441442e+13,3.195119e+01
1.190937e+13,7.898472e+01
2.765987e+13,2.858791e+01
1.157084e+13,4.999822e+00
3.089895e+13,7.899129e+01
8.465324e+13,7.899843e+01
8.465324e+13,6.984819e+01
7.914481e+13,7.056889e+01
2.392796e+14,8.000000e+01
2.509344e+13,7.899716e+01
5.331944e+13,3.459377e+01
2.236562e+14,8.000000e+01
2.236562e+14,8.000000e+01
1.356942e+14,8.000000e+01
2.508522e+13,2.726662e+01
1.017456e+14,6.438286e+01
1.438167e+13,7.899481e+01
1.748786e+13,7.898834e+01
2.307452e+13,2.672609e+01
1.251096e+13,7.898944e+01
2.766862e+13,7.899472e+01
2.905080e+13,7.873359e+01
7.778693e+13,5.747611e+01
2.226589e+13,7.899437e+01
1.873239e+16,8.000000e+01
1.273430e+13,7.891691e+01
3.723162e+13,7.888471e+01
3.101501e+14,6.732573e+01
9.968888e+14,8.000000e+01
1.343482e+13,7.892700e+01
1.774431e+13,7.899875e+01
8.792799e+12,1.500000e+01
7.897943e+13,6.894731e+01
7.897943e+13,6.894731e+01
3.493953e+13,3.363284e+01
3.026739e+13,7.889935e+01
1.667146e+13,7.898535e+01
5.046966e+13,3.345266e+01
2.118890e+14,8.000000e+01
3.432179e+13,7.897291e+01
1.503492e+14,8.000000e+01
1.503492e+14,8.000000e+01
1.966481e+13,7.899452e+01
1.293572e+14,6.636479e+01
1.219699e+13,7.899801e+01
1.380103e+14,4.490589e+01
3.432417e+13,7.892751e+01
3.175828e+13,7.899116e+01
5.485243e+13,5.068949e+01
2.908025e+13,2.672609e+01
4.476764e+14,8.000000e+01
4.476764e+14,8.000000e+01
1.199937e+14,5.000025e+00
1.199937e+14,5.000034e+00
1.199937e+14,8.000000e+01
5.071925e+13,7.899803e+01
2.162683e+13,2.522463e+01
5.909605e+13,3.999905e+01
9.827386e+13,4.744632e+01
1.028648e+13,7.899246e+01
2.282277e+13,7.886103e+01
4.186364e+14,8.000000e+01
4.186364e+14,8.000000e+01
4.186364e+14,8.000000e+01
4.186364e+14,8.000000e+01
5.865317e+13,3.135061e+01
9.010393e+12,7.899493e+01
4.990100e+14,8.000000e+01
4.990100e+14,8.000000e+01
3.213302e+13,3.597512e+01
5.901714e+13,3.879788e+01
9.054916e+13,4.858743e+01
3.943821e+13,3.393313e+01
7.322852e+14,6.756596e+01
1.011878e+14,6.450297e+01
3.237811e+13,7.899543e+01
9.957071e+13,8.000000e+01
9.957071e+13,8.000000e+01
3.331675e+14,7.747564e+01
1.149012e+13,7.898783e+01
1.713223e+13,7.898452e+01
1.100220e+14,6.065922e+01
1.100220e+14,6.065922e+01
4.471203e+13,4.168069e+01
3.760583e+15,8.000000e+01
2.939761e+13,3.465383e+01
6.319652e+13,4.999238e+00
1.393481e+13,7.899073e+01
4.373376e+13,3.783694e+01
1.947765e+13,7.896517e+01
4.111494e+13,3.981887e+01
2.767099e+14,6.510356e+01
1.648757e+13,7.897236e+01
3.155528e+13,3.237160e+01
2.320809e+13,2.354298e+01
2.529247e+13,2.738674e+01
2.203518e+13,7.894721e+01
2.238090e+14,8.000000e+01
3.132974e+13,3.189113e+01
1.355823e+13,7.899462e+01
5.231418e+13,7.896346e+01
5.231418e+13,5.000036e+00
1.782895e+13,7.899526e+01
2.048253e+13,7.899760e+01
3.979152e+13,7.936635e+01
2.611601e+13,2.150099e+01
7.599084e+15,4.294192e+01
3.066738e+13,3.237160e+01
5.125336e+13,3.741653e+01
4.786592e+13,5.837699e+01
1.390430e+14,4.918802e+01
2.576757e+13,7.899266e+01
4.229140e+13,2.960891e+01
2.703756e+13,2.978908e+01
6.375688e+13,3.759670e+01
2.240923e+13,6.040812e+01
2.231954e+13,7.898749e+01
2.187536e+13,7.899111e+01
2.754516e+13,2.786721e+01
1.024750e+14,7.735552e+01
1.737937e+13,7.899308e+01
1.178401e+13,7.899683e+01
1.516331e+13,7.899495e+01
3.796592e+13,2.960891e+01
1.909278e+14,8.000000e+01
1.909278e+14,8.000000e+01
2.786475e+13,2.960891e+01
2.363851e+15,8.000000e+01
2.646302e+13,7.898785e+01
7.397926e+13,4.258157e+01
4.491682e+13,3.189113e+01
3.648104e+13,4.114016e+01
2.720331e+13,2.298187e+01
1.466516e+13,4.999673e+00
2.143960e+13,7.899780e+01
3.178620e+13,3.525442e+01
1.828848e+14,6.131987e+01
6.471660e+13,4.516409e+01
3.963294e+13,2.984914e+01
2.163743e+13,2.474416e+01
7.273672e+13,4.396292e+01
3.343910e+13,3.117043e+01
4.617929e+13,4.726614e+01
1.205800e+13,7.894566e+01
4.211569e+13,3.573489e+01
7.201758e+13,4.492386e+01
4.319118e+16,8.000000e+01
4.210817e+13,3.843753e+01
2.822166e+13,7.899640e+01
2.436126e+13,7.899766e+01
2.431452e+13,7.899652e+01
1.560513e+13,7.869114e+01
1.383494e+13,5.000000e+00
2.218517e+13,7.895781e+01
5.745737e+13,3.753665e+01
1.822453e+14,5.092972e+01
3.217295e+13,2.828762e+01
6.944248e+13,7.863549e+01
6.944248e+13,7.958843e+01
1.908555e+15,8.000000e+01
1.908555e+15,8.000000e+01
1.908555e+15,8.000000e+01
1.908555e+15,8.000000e+01
1.055312e+13,7.899787e+01
3.771055e+13,3.717629e+01
5.257478e+13,4.780667e+01
2.453229e+13,7.899316e+01
3.451186e+13,4.999617e+00
8.028692e+14,8.000000e+01
1.242152e+14,6.780620e+01
1.101382e+14,8.000000e+01
1.101382e+14,8.000000e+01
6.015852e+13,4.630521e+01
3.013669e+13,2.708644e+01
1.130549e+13,7.899826e+01
8.577721e+13,8.000000e+01
2.313302e+13,2.630568e+01
2.638371e+13,2.666603e+01
2.687806e+14,6.636479e+01
9.428293e+13,5.729594e+01
1.748586e+14,6.204057e+01
2.687331e+13,7.896889e+01
3.791381e+13,3.567483e+01
2.428625e+14,6.168022e+01
4.158964e+14,6.342192e+01
5.418820e+13,3.609524e+01
1.551473e+13,7.915626e+01
3.038619e+13,3.691032e+01
1.592153e+14,7.140972e+01
3.439826e+13,2.900832e+01
2.614602e+13,2.612551e+01
1.922593e+13,7.899817e+01
1.446413e+13,7.895930e+01
2.544373e+13,7.898269e+01
2.329926e+13,7.893123e+01
6.247239e+13,4.930814e+01
6.155780e+13,3.669583e+01
2.778167e+13,2.786721e+01
4.038518e+13,4.384280e+01
4.193784e+14,4.750638e+01
9.588501e+12,7.896850e+01
1.832150e+14,6.113969e+01
7.518818e+13,4.666556e+01
5.110822e+13,5.000018e+00
5.110822e+13,5.411283e+01
1.170404e+14,7.098931e+01
1.170404e+14,7.098931e+01
2.492707e+13,7.898144e+01
4.470612e+13,3.717629e+01
2.366779e+14,7.987798e+01
2.366779e+14,7.987798e+01
2.044697e+13,7.899587e+01
1.564358e+15,8.000000e+01
4.209710e+13,4.468362e+01
2.734975e+17,8.000000e+01
1.243979e+13,7.899788e+01
1.483267e+14,5.291166e+01
1.461430e+14,8.000000e+01
3.926637e+13,3.399319e+01
3.774800e+13,3.075002e+01
1.845922e+13,7.898235e+01
1.417787e+14,4.498392e+01
4.871695e+13,4.342239e+01
1.460639e+13,7.899677e+01
1.374961e+13,7.899685e+01
9.931869e+13,4.612503e+01
2.203229e+13,7.898175e+01
1.414806e+13,7.899644e+01
2.524730e+13,7.892742e+01
4.172048e+14,8.000000e+01
4.172048e+14,8.000000e+01
1.423947e+14,4.930814e+01
4.318592e+13,7.899513e+01
1.152485e+13,7.899750e+01
4.270724e+13,3.405325e+01
3.827153e+13,1.898974e+01
8.366433e+13,5.609476e+01
3.341385e+13,3.189113e+01
3.049902e+14,7.303130e+01
3.049902e+14,7.303130e+01
2.986592e+14,6.564409e+01
5.584382e+14,8.000000e+01
2.983395e+14,8.000000e+01
2.983395e+14,8.000000e+01
3.373017e+13,7.899420e+01
1.491833e+13,7.899409e+01
1.513563e+13,7.899819e+01
3.686240e+13,7.899618e+01
3.398940e+13,7.892960e+01
8.306453e+13,5.405277e+01
2.167553e+13,7.899478e+01
7.085912e+14,8.000000e+01
1.339826e+13,7.899709e+01
2.413695e+14,7.615435e+01
1.433976e+13,7.899835e+01
2.767649e+15,8.000000e+01
2.767649e+15,8.000000e+01
2.767649e+15,8.000000e+01
1.337959e+13,7.899401e+01
1.652734e+14,5.489359e+01
1.018563e+14,5.159037e+01
1.878422e+13,7.899614e+01
1.580815e+13,4.999525e+00
4.647967e+13,4.999224e+00
7.155897e+14,8.000000e+01
7.155897e+14,8.000000e+01
1.912997e+13,7.899229e+01
1.257431e+13,7.897128e+01
4.016429e+13,3.044973e+01
1.468222e+14,7.723540e+01
9.727444e+12,4.999792e+00
6.416188e+13,4.041946e+01
1.532855e+13,7.894799e+01
2.371021e+13,2.426369e+01
1.097841e+13,7.899807e+01
1.796382e+13,7.889691e+01
1.743117e+13,7.898556e+01
4.342242e+13,3.837747e+01
2.797874e+13,2.744680e+01
1.816187e+14,8.000000e+01
1.816187e+14,8.000000e+01
5.719327e+13,3.831741e+01
1.120447e+14,4.492386e+01
4.115547e+13,3.183108e+01
1.832253e+14,8.000000e+01
1.832253e+14,8.000000e+01
4.835115e+13,4.726614e+01
2.925613e+13,2.924855e+01
1.630845e+14,8.000000e+01
6.165709e+13,5.116996e+01
2.701757e+14,5.657523e+01
2.227590e+13,2.408351e+01
1.323254e+13,7.897293e+01
6.913843e+14,8.000000e+01
6.913843e+14,8.000000e+01
3.174654e+13,3.363284e+01
1.595275e+13,7.898086e+01
6.691926e+13,5.723588e+01
6.691926e+13,5.723588e+01
1.226320e+18,8.000000e+01
1.226320e+18,8.000000e+01
8.126500e+14,3.900000e+01
1.396577e+13,7.899682e+01
1.919464e+14,8.000000e+01
2.062429e+13,4.276594e+01
3.009122e+13,3.105031e+01
2.839201e+14,8.000000e+01
2.839201e+14,8.000000e+01
2.307269e+13,7.873085e+01
1.374517e+14,6.744585e+01
3.013897e+13,3.705618e+01
2.703734e+13,7.899394e+01
3.947662e+13,3.369289e+01
1.198761e+15,8.000000e+01
1.198761e+15,8.000000e+01
1.198761e+15,8.000000e+01
4.346677e+14,8.000000e+01
4.346677e+14,8.000000e+01
4.346677e+14,8.000000e+01
1.263641e+13,7.899785e+01
1.302052e+13,7.897714e+01
1.721896e+13,7.899637e+01
5.445208e+13,5.945805e+01
5.426721e+15,8.000000e+01
3.446660e+13,3.050979e+01
1.922200e+13,7.899515e+01
1.938702e+14,6.035893e+01
1.964728e+13,7.898958e+01
8.927851e+14,8.000000e+01
2.824891e+13,7.897662e+01
4.048323e+15,8.000000e+01
4.048323e+15,8.000000e+01
3.004779e+13,3.543459e+01
1.490224e+14,8.000000e+01
3.866089e+13,3.513430e+01
1.668422e+13,7.897440e+01
3.246002e+14,6.474321e+01
1.500493e+13,7.909069e+01
1.194551e+13,4.999594e+00
6.760888e+13,7.050884e+01
1.365879e+14,8.000000e+01
1.365879e+14,8.000000e+01
4.134730e+13,7.883575e+01
8.491645e+13,3.963870e+01
2.900550e+13,2.978908e+01
1.604529e+14,8.000000e+01
1.803834e+13,7.899525e+01
9.054497e+13,6.828667e+01
9.577797e+12,7.899640e+01
9.647359e+13,4.630521e+01
9.930604e+12,7.906248e+01
2.290405e+14,8.000000e+01
2.290405e+14,8.000000e+01
2.081822e+14,5.104984e+01
1.274420e+14,6.336186e+01
1.747323e+13,7.898493e+01
1.404603e+14,8.000000e+01
1.404603e+14,8.000000e+01
5.178405e+13,5.000149e+00
5.178405e+13,4.834720e+01
6.741283e+13,4.522415e+01
1.174921e+13,7.899829e+01
2.776187e+15,8.000000e+01
5.756904e+13,5.050931e+01
9.777761e+15,8.000000e+01
9.777761e+15,8.000000e+01
6.102072e+13,3.819729e+01
8.253518e+13,6.684526e+01
2.929063e+13,7.898863e+01
7.277587e+13,3.591506e+01
1.660632e+13,4.719402e+01
4.044632e+14,6.846684e+01
1.279009e+13,7.899657e+01
4.085107e+13,3.603518e+01
2.705277e+13,7.848475e+01
1.601407e+13,7.897713e+01
1.227524e+14,4.282181e+01
1.532921e+13,7.899493e+01
1.227961e+14,7.939047e+01
6.501917e+13,5.957816e+01
1.546913e+16,8.000000e+01
1.546913e+16,8.000000e+01
5.482945e+13,4.582474e+01
3.823617e+15,8.000000e+01
3.823617e+15,8.000000e+01
3.823617e+15,8.000000e+01
8.689652e+13,4.318216e+01
6.927053e+13,2.502333e+01
6.336181e+13,4.053958e+01
9.633098e+12,7.899819e+01
1.799708e+13,7.898925e+01
2.444977e+13,7.898426e+01
3.692640e+14,7.152983e+01
5.040228e+13,3.393313e+01
9.460133e+14,8.000000e+01
1.621840e+13,7.899498e+01
1.072047e+14,8.000000e+01
1.072047e+14,8.000000e+01
1.302873e+13,7.893573e+01
3.278618e+13,2.732668e+01
2.019297e+13,7.899638e+01
5.868490e+13,4.240140e+01
3.472785e+13,3.165090e+01
1.186738e+13,1.900000e+01
2.139798e+13,5.000000e+00
7.444921e+14,8.000000e+01
3.897922e+13,7.896220e+01
1.103299e+17,8.000000e+01
3.076445e+13,7.897733e+01
1.763989e+14,8.000000e+01
1.763989e+14,8.000000e+01
1.122937e+15,8.000000e+01
5.072980e+13,4.672562e+01
4.780836e+14,8.000000e+01
4.780836e+14,8.000000e+01
6.679477e+13,5.543412e+01
6.679477e+13,5.543412e+01
1.154083e+14,8.000000e+01
2.861299e+13,7.898500e+01
9.772914e+12,7.899667e+01
2.491795e+13,2.888820e+01
4.111705e+14,6.011869e+01
2.340158e+13,2.474416e+01
2.318643e+13,7.898773e+01
3.898935e+13,5.000004e+00
3.898935e+13,7.899152e+01
1.356535e+14,4.498392e+01
3.358472e+14,8.000000e+01
3.358472e+14,8.000000e+01
8.302145e+13,6.252104e+01
9.612551e+12,5.887722e+01
9.960266e+13,4.222122e+01
1.311049e+13,7.899264e+01
2.459884e+13,7.898755e+01
4.088131e+13,7.899696e+01
1.575666e+13,2.699417e+01
2.049786e+13,4.999783e+00
2.012917e+13,7.895174e+01
2.640121e+13,3.171096e+01
2.139281e+13,7.899107e+01
4.096491e+13,2.426369e+01
2.067711e+13,7.894916e+01
1.407658e+14,8.000000e+01
3.083077e+13,7.899454e+01
2.134557e+14,8.000000e+01
1.336148e+13,7.891836e+01
9.580459e+13,3.819729e+01
2.643981e+14,5.381254e+01
2.764673e+14,5.363236e+01
1.923284e+13,7.899566e+01
1.599023e+13,7.898993e+01
9.521837e+13,5.675541e+01
4.235138e+13,4.876761e+01
1.031275e+14,7.906707e+01
1.498707e+13,7.898524e+01
1.305173e+13,7.898742e+01
6.540325e+13,5.159037e+01
4.570381e+13,3.723635e+01
3.496791e+13,3.495412e+01
2.704315e+13,2.011964e+01
3.907729e+13,3.453371e+01
1.671007e+13,7.897157e+01
2.516920e+13,7.898536e+01
1.824574e+13,7.899029e+01
1.853016e+14,5.459330e+01
8.741536e+13,5.201078e+01
1.658364e+13,7.899399e+01
7.244556e+13,7.899611e+01
7.244556e+13,7.899823e+01
3.343850e+13,3.555471e+01
1.025488e+13,7.898698e+01
1.220995e+13,7.899617e+01
1.510976e+13,7.899640e+01
1.829885e+13,4.999947e+00
2.878862e+13,2.756691e+01
4.370880e+14,6.258110e+01
6.216453e+13,4.077981e+01
9.238601e+13,4.498392e+01
1.133322e+14,8.000000e+01
1.005334e+15,8.000000e+01
1.005334e+15,8.000000e+01
1.724492e+13,7.899313e+01
5.964201e+13,3.687600e+01
1.274044e+13,4.109016e+01
1.928937e+13,7.875565e+01
1.102977e+13,7.898796e+01
4.611777e+13,3.273196e+01
1.097973e+14,8.000000e+01
9.528891e+13,5.897758e+01
9.013041e+16,8.000000e+01
9.013041e+16,8.000000e+01
9.013041e+16,8.000000e+01
2.707326e+13,7.898596e+01
1.852443e+14,5.651517e+01
1.432741e+14,8.000000e+01
1.432741e+14,8.000000e+01
9.313648e+13,4.570462e+01
3.885921e+13,3.633547e+01
1.427423e+13,7.899664e+01
1.761585e+13,5.000000e+00
2.968252e+13,6.000567e+01
1.563214e+14,5.555424e+01
3.978086e+13,6.498202e+01
2.643180e+13,4.999648e+00
1.047456e+13,7.899717e+01
5.659974e+13,7.899780e+01
5.659974e+13,7.899596e+01
1.104551e+14,6.426274e+01
1.104551e+14,6.426274e+01
5.882347e+13,4.978861e+01
9.018365e+13,3.729641e+01
2.527527e+14,6.666508e+01
1.987889e+13,7.898980e+01
1.080508e+15,6.630473e+01
1.905929e+14,8.000000e+01
1.703875e+13,2.499665e+01
7.116214e+14,8.000000e+01
1.589858e+13,7.899127e+01
1.008461e+14,5.387259e+01
4.610075e+14,6.390239e+01
7.544725e+14,8.000000e+01
5.548410e+13,5.056937e+01
4.369685e+14,8.000000e+01
1.027907e+14,5.657523e+01
1.914268e+13,7.889675e+01
2.493786e+13,2.774709e+01
2.138024e+14,5.441312e+01
1.720662e+13,7.895650e+01
1.263075e+13,7.898128e+01
3.500616e+13,4.840726e+01
3.016823e+14,8.000000e+01
8.355137e+13,6.582426e+01
6.192810e+13,4.210110e+01
4.321390e+13,7.899303e+01
3.664371e+13,3.014943e+01
1.984799e+13,7.899728e+01
1.347473e+14,3.091501e+01
2.363733e+13,2.588527e+01
1.480877e+13,4.999768e+00
1.464353e+13,7.890201e+01
1.233146e+13,7.898267e+01
2.019656e+13,7.898390e+01
2.171967e+13,2.426369e+01
6.358413e+14,8.000000e+01
6.358413e+14,8.000000e+01
1.575514e+13,2.900000e+01
8.836477e+13,8.000000e+01
6.206707e+14,8.000000e+01
6.426696e+13,4.318216e+01
1.022864e+14,7.591411e+01
7.356591e+14,8.000000e+01
4.665246e+13,4.023928e+01
1.892185e+13,7.899187e+01
2.950165e+13,7.867767e+01
4.915036e+13,5.044925e+01
8.747456e+13,6.654497e+01
9.565793e+13,6.942778e+01
2.604212e+14,6.504350e+01
1.504447e+13,7.899633e+01
3.684885e+13,2.900832e+01
1.267606e+14,4.894779e+01
5.022969e+13,4.486380e+01
9.310623e+13,4.930814e+01
1.462804e+13,7.908248e+01
4.940357e+14,8.000000e+01
4.940357e+14,8.000000e+01
4.940357e+14,8.000000e+01
4.940357e+14,8.000000e+01
1.074306e+13,7.907086e+01
1.199356e+13,7.897132e+01
4.231746e+14,6.612456e+01
1.028218e+13,7.899719e+01
1.625386e+13,7.894701e+01
1.424192e+13,7.899076e+01
3.384914e+13,7.899041e+01
2.186885e+13,2.509941e+01
1.097634e+13,7.893885e+01
1.535474e+13,7.899849e+01
9.486168e+13,4.924808e+01
9.673333e+13,5.753617e+01
1.837244e+14,8.000000e+01
1.837244e+14,8.000000e+01
1.837244e+14,8.000000e+01
5.237757e+13,6.630473e+01
1.681007e+13,7.898384e+01
3.679570e+13,7.899812e+01
1.715764e+13,7.899721e+01
1.846588e+13,7.899730e+01
1.338463e+14,5.183060e+01
1.296972e+14,7.411235e+01
3.093159e+13,3.020949e+01
4.623896e+13,3.207131e+01
2.730312e+13,3.062990e+01
2.426929e+13,2.852785e+01
1.101681e+13,7.899542e+01
1.293464e+15,8.000000e+01
2.378182e+13,7.899761e+01
2.757620e+13,4.078492e+01
1.564683e+14,7.363189e+01
1.722969e+13,7.899737e+01
4.239285e+13,3.687600e+01
2.921076e+13,3.165090e+01
2.914562e+14,6.834673e+01
7.556644e+13,5.086966e+01
7.556644e+13,5.086966e+01
2.417083e+14,6.156010e+01
1.175117e+13,7.897097e+01
4.008131e+13,3.050979e+01
1.085710e+18,8.000000e+01
1.085710e+18,8.000000e+01
1.085710e+18,8.000000e+01
4.346249e+13,4.426321e+01
3.882553e+13,4.330228e+01
3.882553e+13,4.330228e+01
1.921672e+13,7.895120e+01
1.064975e+14,6.282133e+01
6.518167e+13,7.899859e+01
6.518167e+13,8.000000e+01
2.640664e+13,4.999925e+00
2.441998e+13,7.898117e+01
1.980375e+13,7.899529e+01
3.744738e+13,7.899429e+01
1.084312e+13,7.899411e+01
4.229989e+13,4.828714e+01
2.410236e+14,6.456303e+01
4.262136e+13,4.999998e+00
1.388489e+13,7.899725e+01
6.407402e+13,4.624515e+01
9.651665e+13,5.651517e+01
4.140920e+13,7.899902e+01
4.140920e+13,7.899840e+01
1.042165e+14,8.000000e+01
1.998489e+14,5.813676e+01
7.145825e+13,8.000000e+01
8.786145e+13,4.894779e+01
6.108091e+14,6.924760e+01
5.389814e+13,4.468362e+01
2.675052e+14,5.201078e+01
1.129684e+13,7.909687e+01
3.707226e+13,3.759670e+01
1.617151e+15,8.000000e+01
1.617151e+15,8.000000e+01
5.728448e+13,6.312162e+01
5.728448e+13,6.312162e+01
3.245179e+13,2.960891e+01
6.261591e+13,3.633547e+01
1.202408e+14,6.948784e+01
1.024365e+14,7.411235e+01
3.451672e+13,7.884724e+01
7.565893e+13,2.294120e+01
4.605445e+14,8.000000e+01
4.605445e+14,8.000000e+01
9.240890e+13,5.195072e+01
1.435882e+14,8.000000e+01
1.435882e+14,8.000000e+01
3.107010e+13,2.996926e+01
2.579169e+13,7.899524e+01
4.210887e+13,4.198099e+01
2.597636e+13,2.612551e+01
1.911451e+14,5.501371e+01
3.191000e+13,4.998587e+00
6.326384e+13,5.098978e+01
3.066809e+13,3.056984e+01
4.980317e+13,4.312210e+01
2.598532e+13,7.899481e+01
2.321626e+14,5.237113e+01
1.285853e+14,4.576468e+01
7.217465e+13,4.132034e+01
1.196450e+14,7.681499e+01
1.196450e+14,7.681499e+01
1.238684e+14,7.765581e+01
1.638521e+14,6.378227e+01
1.355148e+13,7.899646e+01
1.256890e+13,7.899731e+01
6.171817e+13,4.414310e+01
3.625409e+13,3.267190e+01
1.698348e+14,7.759576e+01
1.532014e+13,7.899512e+01
3.547619e+13,3.213137e+01
2.750307e+13,7.899525e+01
9.756862e+12,7.899764e+01
2.291313e+13,7.425999e+01
2.852334e+13,2.876809e+01
2.621290e+14,8.000000e+01
2.621290e+14,8.000000e+01
4.975814e+13,4.168069e+01
6.603129e+14,8.000000e+01
1.373736e+13,7.896609e+01
1.497974e+13,7.898571e+01
1.578677e+13,7.898481e+01
1.353380e+14,6.516362e+01
1.353380e+14,6.516362e+01
1.158436e+14,4.726614e+01
1.811901e+14,5.327201e+01
3.531310e+13,3.435354e+01
3.486465e+14,8.000000e+01
1.059785e+14,4.360257e+01
5.531427e+13,7.900020e+01
5.531427e+13,5.615482e+01
3.148124e+13,3.159084e+01
3.142298e+13,2.792726e+01
1.730893e+14,8.000000e+01
1.730893e+14,8.000000e+01
1.730893e+14,8.000000e+01
5.877011e+13,5.525394e+01
4.003869e+13,3.093020e+01
2.316533e+13,3.002932e+01
1.185634e+13,7.899785e+01
7.485563e+13,4.083987e+01
5.333399e+13,3.381301e+01
4.782787e+13,5.000010e+00
4.782787e+13,5.171048e+01
2.636756e+13,7.890139e+01
1.005809e+14,5.675541e+01
3.245755e+13,3.273196e+01
1.125005e+14,4.126028e+01
3.542353e+13,3.237160e+01
1.937940e+14,8.000000e+01
6.623543e+14,7.753570e+01
4.258323e+13,5.375248e+01
2.051235e+13,7.918229e+01
5.425305e+13,5.339213e+01
2.484198e+14,8.000000e+01
4.334722e+13,3.561477e+01
3.476149e+13,3.393313e+01
1.944019e+14,8.000000e+01
3.117353e+13,7.899128e+01
1.308418e+14,4.696585e+01
2.676185e+14,8.000000e+01
1.272032e+14,8.000000e+01
1.272032e+14,8.000000e+01
1.758818e+14,6.366215e+01
1.976513e+14,6.528374e+01
2.603408e+13,7.897833e+01
2.145619e+14,6.624467e+01
2.629322e+13,2.618556e+01
1.698272e+13,7.898882e+01
1.439577e+15,8.000000e+01
2.217769e+13,7.899170e+01
1.556316e+13,7.898388e+01
1.761930e+14,8.000000e+01
7.240160e+13,3.897805e+01
1.417772e+14,6.500000e+01
2.287246e+13,7.897872e+01
1.696124e+13,7.892879e+01
3.735464e+13,3.050979e+01
2.895741e+13,7.898909e+01
2.027778e+13,1.879835e+01
4.236397e+13,7.899502e+01
2.255564e+13,7.899825e+01
2.415705e+13,2.582521e+01
5.768846e+14,8.000000e+01
2.185319e+13,2.498439e+01
4.764302e+14,6.636479e+01
4.572761e+13,4.480374e+01
2.217417e+14,8.000000e+01
9.254568e+12,7.899696e+01
3.853628e+14,8.000000e+01
3.150386e+13,2.906838e+01
1.293426e+13,7.899509e+01
1.445658e+14,2.500000e+01
2.006582e+13,7.894208e+01
6.819039e+13,6.534379e+01
6.819039e+13,6.534379e+01
1.178011e+14,8.000000e+01
1.178011e+14,5.000007e+00
9.458237e+15,8.000000e+01
9.458237e+15,8.000000e+01
3.760832e+13,7.897676e+01
1.555114e+13,5.655421e+01
2.563649e+13,2.666603e+01
7.927592e+13,4.294192e+01
3.564070e+13,3.633547e+01
1.811502e+14,5.110990e+01
1.378711e+13,7.882013e+01
5.067025e+13,4.960843e+01
5.257362e+13,4.570462e+01
1.990102e+14,6.258110e+01
4.228687e+13,3.495412e+01
1.464006e+13,7.894146e+01
2.991379e+13,2.822756e+01
3.296892e+14,8.000000e+01
3.296892e+14,8.000000e+01
3.296892e+14,8.000000e+01
1.062919e+13,7.899266e+01
1.239537e+13,7.899676e+01
2.758901e+13,7.899785e+01
1.295117e+14,4.990872e+01
2.342792e+13,7.896687e+01
6.706186e+13,3.651565e+01
2.368551e+14,8.000000e+01
1.893363e+13,7.899808e+01
6.288249e+13,3.879788e+01
2.232128e+13,7.899837e+01
1.154208e+13,7.904382e+01
6.866357e+13,3.819729e+01
1.191874e+13,7.899663e+01
4.577381e+13,3.783694e+01
2.147968e+13,7.899530e+01
1.837106e+13,7.899860e+01
1.110134e+13,7.899306e+01
1.258729e+13,7.899554e+01
4.900100e+13,3.795706e+01
3.280897e+13,2.774709e+01
1.054174e+14,8.000000e+01
4.355532e+14,3.297004e+01
1.843569e+14,8.000000e+01
8.429478e+13,4.108011e+01
5.258320e+13,5.399271e+01
6.137936e+13,5.231107e+01
1.006131e+14,6.546391e+01
1.006131e+14,6.546391e+01
8.862649e+13,5.585453e+01
1.002885e+14,4.756644e+01
3.790926e+13,3.345266e+01
3.656683e+13,3.735647e+01
4.807556e+13,3.873782e+01
2.816872e+13,3.032961e+01
1.121959e+13,7.899117e+01
3.517270e+13,3.213137e+01
1.758056e+13,7.888260e+01
3.284709e+13,2.978908e+01
3.106323e+13,3.062990e+01
4.517579e+13,3.363284e+01
1.150165e+14,3.141067e+01
2.648386e+13,7.899607e+01
1.228834e+14,5.873734e+01
1.108818e+14,4.582474e+01
1.496404e+14,4.484793e+01
3.295278e+14,7.387212e+01
1.737659e+13,7.898923e+01
2.422721e+13,7.898844e+01
1.056601e+14,4.654544e+01
7.012889e+13,3.717629e+01
7.122740e+15,8.000000e+01
3.321893e+13,3.087014e+01
3.045487e+14,8.000000e+01
3.045487e+14,8.000000e+01
1.756077e+13,5.000155e+00
2.467943e+15,8.000000e+01
1.132756e+13,7.898857e+01
4.322958e+13,3.801712e+01
5.927013e+15,8.000000e+01
5.927013e+15,8.000000e+01
1.418885e+13,7.889891e+01
5.688245e+13,5.213089e+01
5.688245e+13,4.999994e+00
1.704024e+14,7.549370e+01
1.507729e+14,8.000000e+01
2.111290e+14,6.456303e+01
2.071489e+13,7.899549e+01
9.972232e+12,7.899847e+01
1.646665e+14,8.000000e+01
1.646665e+14,8.000000e+01
1.646665e+14,8.000000e+01
1.319579e+13,7.899233e+01
5.251801e+13,4.714603e+01
4.166535e+13,4.071975e+01
1.618243e+13,7.899869e+01
5.976837e+14,8.000000e+01
1.938525e+13,7.890395e+01
8.147124e+16,8.000000e+01
4.545054e+13,4.077981e+01
1.097575e+14,5.513383e+01
2.010250e+14,5.543412e+01
4.114219e+13,3.111037e+01
2.282086e+13,4.999866e+00
3.910537e+13,4.174075e+01
7.714031e+13,4.252151e+01
1.432414e+14,7.927740e+01
2.712191e+13,2.996926e+01
1.310788e+13,1.899413e+01
2.935706e+13,7.895026e+01
3.394284e+13,3.381301e+01
1.527341e+13,7.898837e+01
3.037380e+13,7.897667e+01
5.912482e+13,3.675588e+01
6.789496e+13,4.588480e+01
1.994523e+13,7.899677e+01
1.442710e+13,7.899823e+01
2.583442e+13,3.289548e+01
1.627728e+14,8.000000e+01
1.627728e+14,8.000000e+01
1.488384e+14,5.261136e+01
3.133479e+14,8.000000e+01
3.133479e+14,8.000000e+01
3.133479e+14,8.000000e+01
5.221192e+13,3.639553e+01
5.363897e+13,3.963870e+01
1.084465e+14,5.062943e+01
1.228478e+13,7.899814e+01
1.662336e+13,7.899721e+01
1.658554e+13,7.898017e+01
4.422366e+13,3.603518e+01
1.059498e+14,7.729546e+01
1.059498e+14,7.729546e+01
2.125659e+17,8.000000e+01
2.121888e+13,7.899051e+01
2.657358e+13,7.897993e+01
9.474451e+13,8.000000e+01
9.474451e+13,8.000000e+01
1.078579e+14,4.738626e+01
8.329287e+13,4.138040e+01
1.552834e+14,8.000000e+01
5.236214e+13,5.807670e+01
1.109820e+14,5.603471e+01
2.826280e+13,7.877270e+01
4.524365e+13,3.171096e+01
2.971762e+13,3.123049e+01
3.822206e+13,3.807717e+01
1.124789e+14,4.792679e+01
1.439201e+14,8.000000e+01
2.611107e+13,2.936867e+01
1.286800e+14,8.000000e+01
1.286800e+14,8.000000e+01
1.158590e+13,5.289276e+01
1.787796e+14,5.759623e+01
1.470520e+13,7.899587e+01
8.523112e+13,4.077981e+01
2.325924e+15,8.000000e+01
5.937845e+13,5.000006e+00
5.937845e+13,5.159037e+01
5.853558e+13,3.531448e+01
6.513436e+14,8.000000e+01
6.513436e+14,8.000000e+01
4.145795e+14,8.000000e+01
1.048996e+14,5.243119e+01
8.284544e+13,4.900785e+01
7.381749e+15,8.000000e+01
2.872144e+13,2.828762e+01
1.183276e+13,4.305683e+01
1.747964e+13,7.898554e+01
2.179202e+13,2.288234e+01
3.939426e+15,8.000000e+01
3.939426e+15,8.000000e+01
8.997603e+13,4.017923e+01
1.411649e+13,7.898198e+01
4.246914e+14,6.948784e+01
1.154762e+14,4.606497e+01
3.334352e+14,8.000000e+01
3.094817e+14,7.747564e+01
1.416280e+13,6.859296e+01
1.229704e+14,6.924760e+01
2.609607e+13,4.999988e+00
7.063434e+13,6.900737e+01
5.989696e+13,3.519436e+01
2.285374e+13,7.898043e+01
3.435781e+13,3.105031e+01
6.538413e+13,4.786673e+01
7.164427e+13,4.017923e+01
8.348886e+13,4.270169e+01
7.035797e+13,3.245234e+01
1.303451e+14,6.336186e+01
5.266463e+13,4.011917e+01
1.256866e+13,7.895494e+01
1.480835e+13,7.899303e+01
2.241020e+13,2.564504e+01
1.344497e+13,7.898830e+01
4.049786e+14,8.000000e+01
4.049786e+14,8.000000e+01
2.165341e+13,4.300000e+01
1.752358e+13,7.898556e+01
3.163982e+13,3.105031e+01
4.252878e+13,3.387307e+01
5.375522e+13,5.657523e+01
5.748530e+13,4.546439e+01
1.577268e+13,7.899693e+01
2.082507e+13,7.898476e+01
2.061167e+13,5.629153e+01
2.531296e+13,2.738674e+01
3.233062e+13,2.858791e+01
2.798709e+13,7.899569e+01
1.461703e+13,6.673826e+01
3.542532e+14,8.000000e+01
3.863443e+13,7.898803e+01
1.576097e+13,7.899634e+01
4.255531e+13,7.896707e+01
2.199239e+13,2.504445e+01
7.035079e+13,6.414262e+01
2.215619e+14,8.000000e+01
2.215619e+14,8.000000e+01
1.510227e+16,8.000000e+01
1.625419e+13,7.898722e+01
1.232154e+13,7.898310e+01
5.045687e+13,3.429348e+01
2.613832e+13,3.099166e+01
3.076197e+13,3.087014e+01
5.339450e+13,4.588480e+01
6.680426e+13,4.504398e+01
3.134095e+14,5.849711e+01
1.195794e+13,7.899124e+01
1.545966e+13,7.899145e+01
1.565185e+13,7.899395e+01
3.980621e+14,6.546391e+01
9.439755e+13,7.639458e+01
9.439755e+13,7.639458e+01
6.757688e+14,8.000000e+01
6.808638e+13,7.899788e+01
1.126036e+14,7.759576e+01
1.126036e+14,7.759576e+01
1.122779e+14,6.288139e+01
1.122779e+14,6.288139e+01
1.668642e+14,8.000000e+01
2.921752e+13,2.672609e+01
1.982557e+13,7.897690e+01
1.254001e+13,7.899453e+01
1.144877e+14,5.207084e+01
4.606429e+13,5.885746e+01
1.337324e+13,7.899813e+01
1.185091e+13,7.899815e+01
3.270503e+13,3.417336e+01
2.106684e+13,7.897004e+01
3.215934e+13,7.899601e+01
4.812020e+13,3.939846e+01
3.609086e+14,8.000000e+01
3.609086e+14,8.000000e+01
3.609086e+14,8.000000e+01
5.245219e+13,5.465336e+01
1.272697e+13,7.893748e+01
7.569529e+13,6.642485e+01
1.351385e+13,7.899349e+01
2.269368e+13,7.883872e+01
1.384410e+13,7.899124e+01
1.232567e+13,7.899608e+01
3.823315e+13,2.942873e+01
5.881230e+14,8.000000e+01
5.881230e+14,8.000000e+01
1.416652e+13,7.898411e+01
1.229575e+13,7.899093e+01
1.147821e+13,7.899619e+01
4.118829e+14,8.000000e+01
4.118829e+14,8.000000e+01
1.386360e+14,5.000017e+00
1.386360e+14,8.000000e+01
3.288294e+13,3.117043e+01
1.315581e+13,7.899601e+01
3.535830e+13,3.291213e+01
3.332881e+13,7.899907e+01
3.332881e+13,7.899913e+01
4.165275e+13,3.261184e+01
2.012626e+13,7.899757e+01
1.334855e+14,5.381254e+01
4.369612e+13,4.942826e+01
1.022994e+13,7.899794e+01
7.442856e+14,8.000000e+01
2.876189e+13,2.534474e+01
6.284671e+13,5.249125e+01
6.284671e+13,5.249125e+01
3.280623e+13,4.998498e+00
2.490313e+13,7.803272e+01
1.286678e+13,6.496015e+01
3.837837e+13,3.195119e+01
8.835284e+13,3.945852e+01
2.900686e+14,3.303225e+01
5.586354e+14,8.000000e+01
5.586354e+14,8.000000e+01
1.233363e+13,7.899286e+01
5.551776e+13,4.017923e+01
2.830483e+13,2.594533e+01
1.230245e+14,6.528374e+01
4.711968e+13,3.501418e+01
1.716553e+13,7.899661e+01
6.970626e+13,2.498961e+01
3.435211e+14,8.000000e+01
2.724062e+14,8.000000e+01
2.724062e+14,8.000000e+01
3.973440e+13,4.108011e+01
2.032022e+13,7.899644e+01
1.611762e+13,7.898082e+01
4.265008e+13,4.354251e+01
1.334861e+13,7.896443e+01
2.742659e+13,2.870803e+01
6.601747e+14,8.000000e+01
2.781467e+14,8.000000e+01
2.781467e+14,8.000000e+01
3.321214e+13,3.249172e+01
1.792471e+14,7.399224e+01
2.271793e+14,5.297172e+01
1.003432e+13,7.899823e+01
8.037565e+13,6.636479e+01
1.441213e+13,7.899561e+01
1.825803e+13,7.896319e+01
5.261752e+14,8.000000e+01
5.261752e+14,8.000000e+01
1.635298e+13,7.892598e+01
4.213410e+14,8.000000e+01
1.034123e+14,4.714603e+01
2.341057e+13,7.899516e+01
1.940072e+13,7.896884e+01
1.967537e+13,7.898515e+01
7.723743e+13,7.014848e+01
3.251039e+13,3.489407e+01
4.703414e+13,4.065970e+01
2.431194e+13,7.899378e+01
3.491742e+13,3.531448e+01
3.499340e+13,2.648586e+01
2.721633e+13,7.897967e+01
1.870306e+14,8.000000e+01
4.462251e+14,8.000000e+01
2.704081e+13,2.654592e+01
2.108044e+13,7.899749e+01
3.772347e+13,7.899549e+01
1.340262e+15,8.000000e+01
1.608039e+15,8.000000e+01
1.608039e+15,8.000000e+01
1.608039e+15,8.000000e+01
5.148486e+13,4.029934e+01
4.440807e+13,4.897801e+01
1.257897e+13,7.899685e+01
2.149100e+13,7.899347e+01
2.441652e+13,7.897916e+01
7.918781e+14,7.951763e+01
8.951967e+13,4.558450e+01
1.521991e+14,5.369242e+01
4.946473e+13,3.807717e+01
1.872937e+13,7.895779e+01
4.878323e+16,8.000000e+01
3.830170e+14,8.000000e+01
3.830170e+14,8.000000e+01
1.945614e+13,3.294855e+01
2.192245e+13,7.887476e+01
6.029354e+13,3.609524e+01
8.367855e+13,5.903764e+01
1.835843e+13,7.874766e+01
5.597474e+14,4.023928e+01
3.656240e+13,4.917470e+01
6.254144e+13,7.898077e+01
1.485068e+13,7.899526e+01
2.797943e+13,7.899342e+01
4.454205e+13,4.492386e+01
1.750912e+13,7.898855e+01
3.435550e+13,2.738674e+01
7.000218e+13,7.765581e+01
7.000218e+13,7.274153e+01
3.416483e+14,8.000000e+01
3.416483e+14,8.000000e+01
9.046950e+14,7.399224e+01
9.569305e+13,4.738626e+01
2.799096e+13,7.893320e+01
7.445923e+14,8.000000e+01
2.981036e+14,8.000000e+01
5.098065e+13,3.471389e+01
1.528572e+14,8.000000e+01
1.528572e+14,8.000000e+01
4.363955e+14,8.000000e+01
4.363955e+14,8.000000e+01
6.893825e+13,6.204057e+01
6.893825e+13,4.999995e+00
3.435474e+14,8.000000e+01
6.448185e+13,3.669583e+01
8.451190e+13,4.999983e+00
8.451190e+13,7.898178e+01
1.813792e+13,7.913508e+01
3.083690e+13,4.071975e+01
1.187504e+14,4.786673e+01
4.204565e+13,4.005911e+01
7.611637e+13,8.000000e+01
2.382673e+13,7.899444e+01
1.623507e+13,7.898273e+01
2.778862e+13,7.898482e+01
1.919589e+15,8.000000e+01
8.781204e+13,7.741558e+01
8.781204e+13,7.741558e+01
1.498319e+13,7.899799e+01
2.139241e+13,7.897820e+01
1.221327e+14,5.501371e+01
1.975110e+15,8.000000e+01
1.033072e+14,4.816702e+01
1.754797e+14,5.092972e+01
1.169008e+13,7.899812e+01
7.223898e+13,5.651517e+01
3.187689e+13,7.849470e+01
6.335569e+13,3.795706e+01
3.119538e+13,3.014943e+01
2.837463e+13,2.732668e+01
2.589247e+14,7.026860e+01
3.825755e+13,3.044973e+01
5.839675e+13,2.300000e+01
2.993476e+13,4.999815e+00
7.081732e+13,4.053958e+01
5.479352e+13,7.899552e+01
3.340359e+13,3.026955e+01
3.694091e+13,3.831741e+01
4.393350e+13,3.147072e+01
2.115451e+13,7.899044e+01
1.729810e+13,7.899376e+01
3.746691e+14,7.777593e+01
1.118136e+14,7.681499e+01
1.788436e+14,6.588432e+01
1.984567e+14,5.357230e+01
3.631574e+13,4.083987e+01
5.448672e+13,7.032866e+01
3.202805e+13,2.954885e+01
1.197600e+13,7.898770e+01
2.358490e+13,7.897558e+01
1.600426e+13,7.899201e+01
1.381724e+13,7.899727e+01
2.909891e+13,2.888820e+01
1.186368e+13,7.899250e+01
5.781033e+13,3.933841e+01
1.894388e+14,5.309183e+01
2.286541e+13,2.390334e+01
1.210187e+14,8.000000e+01
1.210187e+14,8.000000e+01
1.707767e+14,5.825687e+01
1.695347e+13,3.920536e+01
3.580464e+14,7.963775e+01
8.922425e+13,5.591459e+01
8.082517e+13,2.900000e+01
2.859660e+13,7.899783e+01
1.195403e+14,4.900785e+01
3.399477e+15,8.000000e+01
4.933845e+13,7.899915e+01
4.933845e+13,7.899882e+01
5.185330e+13,4.396292e+01
9.304513e+12,7.899111e+01
4.345540e+13,3.453371e+01
3.519659e+13,3.243166e+01
5.604605e+13,4.095999e+01
1.353264e+14,6.234086e+01
1.107798e+14,7.651470e+01
4.092236e+13,4.690579e+01
7.638298e+13,7.525347e+01
1.473046e+14,5.104984e+01
9.277126e+14,8.000000e+01
4.021190e+13,4.270169e+01
4.089717e+14,8.000000e+01
4.089717e+14,8.000000e+01
4.089717e+14,8.000000e+01
6.645686e+13,5.496816e+01
1.852391e+13,5.000060e+00
1.067789e+13,7.260462e+01
1.591847e+13,7.898926e+01
2.180251e+14,5.729594e+01
1.601384e+13,7.899713e+01
1.118718e+14,8.000000e+01
2.906134e+13,2.882814e+01
6.487344e+13,4.438333e+01
1.613035e+13,7.899299e+01
3.361026e+13,7.899716e+01
1.720516e+13,4.999130e+00
2.855441e+13,6.416915e+01
1.545298e+14,7.711529e+01
1.545298e+14,7.711529e+01
4.419905e+13,4.999957e+00
2.077794e+13,7.894963e+01
3.369369e+13,3.207131e+01
2.230030e+13,7.898851e+01
1.235418e+13,5.000185e+00
1.884362e+14,5.273148e+01
1.685029e+14,6.984819e+01
9.618100e+14,8.000000e+01
9.618100e+14,8.000000e+01
9.618100e+14,8.000000e+01
2.080788e+13,2.360304e+01
1.358696e+13,7.895657e+01
2.778792e+13,2.756691e+01
6.962299e+13,5.747611e+01
1.299968e+13,7.899736e+01
6.745066e+14,8.000000e+01
6.745066e+14,8.000000e+01
3.104537e+13,7.899104e+01
1.238980e+13,7.889949e+01
4.195625e+13,1.899972e+01
8.056309e+13,5.795658e+01
8.056309e+13,5.795658e+01
2.204300e+14,8.000000e+01
2.204300e+14,8.000000e+01
2.204300e+14,8.000000e+01
1.169542e+13,7.899782e+01
1.159652e+14,4.726614e+01
3.375849e+13,7.904826e+01
3.375849e+13,7.123302e+01
1.017312e+14,5.783646e+01
1.050495e+13,7.899462e+01
8.212372e+13,5.321195e+01
6.234704e+13,4.846732e+01
1.985878e+13,7.899205e+01
2.034283e+13,7.899758e+01
3.618189e+13,2.942873e+01
1.063841e+14,5.020902e+01
1.410040e+13,7.898258e+01
1.207206e+13,7.899130e+01
3.718523e+13,7.899704e+01
3.907447e+13,5.501390e+01
1.932039e+13,4.999178e+00
1.348382e+13,7.861605e+01
6.527991e+13,3.915823e+01
8.722351e+13,4.642532e+01
1.320736e+13,7.899609e+01
1.253792e+14,8.000000e+01
7.602284e+18,8.000000e+01
7.602284e+18,8.000000e+01
7.602284e+18,8.000000e+01
2.671491e+13,2.097671e+01
9.829287e+13,8.000000e+01
9.829287e+13,8.000000e+01
1.989041e+13,7.886890e+01
7.672482e+13,7.899693e+01
7.672482e+13,7.333159e+01
6.259370e+13,5.000957e+00
6.259370e+13,5.691815e+01
5.873993e+13,5.879740e+01
8.937961e+13,3.903811e+01
1.237325e+14,5.062943e+01
9.468673e+13,7.183013e+01
2.323568e+14,4.900785e+01
1.561692e+14,7.597417e+01
2.319129e+14,7.014848e+01
1.403801e+14,4.474368e+01
5.100570e+13,4.999999e+00
5.100570e+13,6.558403e+01
1.627105e+13,5.000000e+00
5.715209e+13,4.822708e+01
3.468394e+13,3.405325e+01
1.677453e+13,4.999872e+00
1.530271e+14,6.654497e+01
1.044100e+13,7.899753e+01
1.322118e+14,2.296340e+01
2.135630e+13,7.895964e+01
4.926603e+14,8.000000e+01
4.926603e+14,8.000000e+01
1.769626e+15,8.000000e+01
1.769626e+15,8.000000e+01
1.769626e+15,8.000000e+01
1.570807e+13,5.000052e+00
3.956152e+13,5.000000e+00
3.956152e+13,7.897764e+01
1.141669e+13,7.899723e+01
6.008260e+13,5.513383e+01
1.030635e+13,7.899764e+01
5.636176e+13,4.792679e+01
2.117226e+13,7.896704e+01
6.256110e+14,8.000000e+01
1.149134e+13,7.899642e+01
2.969629e+13,2.732668e+01
2.300814e+13,7.899395e+01
8.502076e+13,6.948784e+01
8.502076e+13,6.948784e+01
2.127240e+13,7.898041e+01
2.264484e+15,8.000000e+01
2.264484e+15,8.000000e+01
4.390497e+13,4.390286e+01
3.105061e+13,3.123049e+01
1.601386e+14,8.000000e+01
1.672878e+13,7.899070e+01
2.570148e+13,7.899671e+01
1.833813e+13,7.899580e+01
3.494595e+13,7.899307e+01
7.756710e+13,5.351224e+01
7.425845e+13,3.921829e+01
1.542533e+13,7.899584e+01
2.871035e+13,3.429348e+01
1.407748e+13,7.899782e+01
9.743895e+14,8.000000e+01
7.804794e+13,6.990825e+01
7.804794e+13,6.990825e+01
1.397789e+14,8.000000e+01
4.221895e+13,4.174075e+01
1.476926e+14,4.882767e+01
2.249064e+13,7.899848e+01
7.946810e+14,8.000000e+01
7.946810e+14,8.000000e+01
7.946810e+14,8.000000e+01
2.144695e+13,7.899226e+01
2.928925e+13,3.399319e+01
6.368317e+13,8.000000e+01
6.368317e+13,8.000000e+01
5.715714e+14,8.000000e+01
5.715714e+14,8.000000e+01
6.041683e+13,7.465288e+01
2.181726e+13,7.899332e+01
1.677789e+13,7.896222e+01
4.292228e+13,4.474368e+01
1.723138e+14,6.978813e+01
8.224516e+13,4.180081e+01
1.370357e+13,7.899777e+01
2.968399e+13,7.067835e+01
1.419249e+13,7.896360e+01
3.847462e+15,8.000000e+01
3.847462e+15,8.000000e+01
3.847462e+15,8.000000e+01
3.847462e+15,8.000000e+01
3.847462e+15,8.000000e+01
6.775507e+13,3.537454e+01
9.335690e+13,4.702591e+01
1.818934e+14,8.000000e+01
1.818934e+14,8.000000e+01
1.608721e+15,8.000000e+01
1.010371e+14,6.276127e+01
2.341482e+13,7.899885e+01
2.477122e+14,8.000000e+01
2.477122e+14,8.000000e+01
5.842080e+13,4.426321e+01
3.446140e+13,2.924855e+01
3.224097e+13,2.906838e+01
9.775069e+12,7.899728e+01
1.213067e+14,8.000000e+01
1.213067e+14,8.000000e+01
7.981156e+13,4.450345e+01
5.278014e+13,4.528421e+01
5.278014e+13,2.305543e+01
1.853960e+13,7.894757e+01
4.063014e+14,8.000000e+01
4.063014e+14,8.000000e+01
4.063014e+14,8.000000e+01
2.973216e+13,1.699785e+01
5.984871e+13,6.540385e+01
1.960272e+14,8.000000e+01
1.960272e+14,8.000000e+01
1.678498e+13,7.897732e+01
1.133459e+14,4.330228e+01
3.751141e+13,2.882814e+01
2.928649e+13,7.918557e+01
2.928649e+13,7.927410e+01
6.654421e+13,4.150052e+01
2.617684e+13,2.822756e+01
4.720305e+13,6.093254e+01
5.819278e+14,8.000000e+01
2.337760e+13,7.899476e+01
8.374889e+14,8.000000e+01
1.096519e+13,7.899616e+01
1.618690e+13,7.899787e+01
9.642206e+12,7.897815e+01
6.219890e+13,5.657523e+01
9.601324e+12,7.899551e+01
3.736588e+13,3.537454e+01
9.481174e+13,4.846732e+01
2.083890e+13,7.897932e+01
1.899453e+14,8.000000e+01
3.692360e+13,3.201125e+01
4.195813e+13,5.471342e+01
3.733128e+15,7.609429e+01
3.751721e+13,7.899453e+01
8.301998e+13,6.630473e+01
8.301998e+13,7.899375e+01
2.026726e+13,7.898572e+01
1.590771e+13,7.899258e+01
3.133960e+13,2.870803e+01
1.473013e+13,7.897759e+01
3.768697e+13,7.899415e+01
6.473950e+13,6.786626e+01
6.473950e+13,6.786626e+01
1.942235e+13,7.912059e+01
1.975929e+13,3.292600e+01
6.273393e+13,6.708549e+01
3.577294e+13,7.767841e+01
1.823938e+14,8.000000e+01
1.489835e+13,7.899766e+01
3.772149e+13,3.717629e+01
2.157739e+13,2.384328e+01
1.187615e+14,4.804691e+01
5.717410e+13,3.621536e+01
3.627496e+13,7.899400e+01
1.058693e+13,7.899075e+01
3.575205e+13,3.459377e+01
2.022633e+13,7.899787e+01
5.035338e+13,3.267190e+01
3.232557e+13,5.000340e+00
7.180310e+13,8.000000e+01
3.921009e+13,3.345266e+01
1.643706e+13,7.896230e+01
9.617756e+15,8.000000e+01
9.617756e+15,8.000000e+01
1.252900e+15,8.000000e+01
1.252900e+15,8.000000e+01
4.462173e+13,3.417336e+01
1.810171e+14,5.014896e+01
2.365540e+13,4.999529e+00
1.051308e+14,4.858743e+01
6.367025e+13,6.588432e+01
2.225332e+14,8.000000e+01
2.225332e+14,8.000000e+01
3.896442e+14,8.000000e+01
5.350170e+13,3.441360e+01
5.064590e+13,4.402298e+01
4.838333e+13,4.035940e+01
2.937841e+13,7.899197e+01
1.714107e+13,7.899745e+01
8.381536e+13,6.305838e+01
6.643320e+13,5.189066e+01
8.177960e+13,4.804691e+01
6.019717e+13,3.849758e+01
1.711769e+13,7.898935e+01
4.073424e+13,3.032961e+01
1.121696e+14,5.675541e+01
2.287322e+13,4.996542e+00
3.743175e+13,3.213137e+01
1.400215e+14,8.000000e+01
1.400215e+14,8.000000e+01
2.411068e+14,8.000000e+01
2.411068e+14,8.000000e+01
2.411068e+14,8.000000e+01
1.383125e+13,7.899791e+01
2.144831e+13,7.899517e+01
1.511570e+13,7.899350e+01
1.887118e+13,7.899491e+01
1.479798e+14,8.000000e+01
1.479798e+14,8.000000e+01
2.199547e+13,5.733714e+01
6.520739e+13,5.219095e+01
1.207919e+14,5.000000e+00
1.207919e+14,4.999996e+00
2.062260e+13,7.898535e+01
6.289060e+13,6.960139e+01
1.591912e+13,7.899649e+01
3.056855e+13,7.899325e+01
1.522530e+13,7.899323e+01
8.835899e+13,4.083987e+01
4.099501e+13,7.899656e+01
4.099501e+13,7.899366e+01
4.640216e+13,4.999762e+00
3.012200e+13,2.960891e+01
4.993905e+13,3.303225e+01
5.311562e+13,4.041946e+01
2.299826e+13,7.898649e+01
1.473666e+13,7.899362e+01
2.044458e+13,7.880794e+01
5.641139e+13,3.483401e+01
7.903347e+13,4.876761e+01
1.541320e+13,7.869595e+01
2.556255e+13,2.624562e+01
1.397947e+13,7.899816e+01
1.102997e+13,7.898547e+01
3.269627e+13,3.195119e+01
1.463655e+13,7.899738e+01
5.694442e+13,3.747659e+01
2.260823e+13,4.998293e+00
4.588291e+13,4.306204e+01
1.303991e+14,7.855669e+01
4.125198e+13,4.204104e+01
1.374261e+13,7.898752e+01
1.887397e+13,7.898663e+01
1.738251e+14,5.219095e+01
1.716478e+14,8.000000e+01
1.104682e+14,6.978813e+01
1.104682e+14,6.978813e+01
1.871364e+14,7.189018e+01
5.167036e+14,8.000000e+01
5.167036e+14,8.000000e+01
3.788851e+14,8.000000e+01
3.788851e+14,8.000000e+01
4.339625e+13,3.243166e+01
9.855677e+13,5.141019e+01
1.223441e+13,7.899680e+01
4.678173e+13,4.234134e+01
6.638807e+13,5.008890e+01
1.315716e+13,7.899717e+01
3.193140e+14,8.000000e+01
3.193140e+14,8.000000e+01
3.193140e+14,8.000000e+01
3.094852e+13,7.898028e+01
3.094852e+13,5.000010e+00
4.298776e+15,8.000000e+01
1.699909e+13,7.899417e+01
2.723996e+14,8.000000e+01
2.723996e+14,8.000000e+01
2.281468e+13,2.432375e+01
2.217641e+13,7.899717e+01
1.848087e+13,7.899690e+01
1.399212e+16,8.000000e+01
1.449476e+14,6.396245e+01
6.215054e+13,4.654544e+01
1.516257e+14,5.663529e+01
2.779479e+13,2.534474e+01
6.041721e+13,4.138040e+01
6.969041e+14,8.000000e+01
6.969041e+14,8.000000e+01
2.721068e+14,8.000000e+01
7.788392e+13,4.852738e+01
1.210579e+14,4.492386e+01
2.599595e+13,2.672609e+01
2.868067e+13,4.998586e+00
2.469677e+13,2.840773e+01
4.906801e+13,5.459330e+01
4.906801e+13,5.459330e+01
5.507223e+13,3.405325e+01
9.527684e+13,4.108011e+01
3.105490e+13,2.732668e+01
1.109384e+13,7.899797e+01
9.591029e+12,7.903071e+01
1.768909e+13,7.895673e+01
2.232101e+13,7.899401e+01
5.063031e+13,3.519436e+01
9.705076e+13,4.588480e+01
2.875345e+14,7.357183e+01
6.922534e+13,8.000000e+01
6.924659e+13,6.137992e+01
6.924659e+13,6.137992e+01
2.601985e+13,7.896785e+01
1.020897e+14,5.159037e+01
3.903289e+13,3.062990e+01
1.355247e+13,7.899470e+01
1.162842e+13,4.999382e+00
2.598302e+14,6.984819e+01
4.034251e+13,2.930861e+01
1.167092e+15,8.000000e+01
1.167092e+15,8.000000e+01
1.167092e+15,8.000000e+01
1.167092e+15,8.000000e+01
1.276975e+14,8.000000e+01
1.313679e+13,7.899735e+01
2.030299e+13,7.884022e+01
5.660155e+15,8.000000e+01
2.612075e+13,2.540480e+01
2.072909e+15,8.000000e+01
2.072909e+15,8.000000e+01
3.025027e+13,1.900000e+01
1.078836e+13,5.000000e+00
3.703354e+13,7.899079e+01
1.248024e+14,6.534379e+01
2.969370e+16,8.000000e+01
3.043740e+13,7.899819e+01
9.727836e+13,6.636479e+01
9.200632e+13,4.354251e+01
9.321457e+13,5.008890e+01
5.326037e+15,5.957816e+01
2.612030e+13,2.570510e+01
5.037614e+13,7.898833e+01
1.122366e+15,8.000000e+01
1.503331e+14,6.378227e+01
3.037976e+13,2.690627e+01
5.372380e+13,5.255130e+01
3.776147e+13,7.888157e+01
3.002661e+13,2.870803e+01
2.931197e+13,5.313883e+01
6.852158e+13,7.585405e+01
1.400589e+13,4.692935e+01
1.042321e+14,4.822708e+01
1.485891e+13,7.899458e+01
4.998881e+14,6.942778e+01
1.580623e+13,7.899329e+01
5.536212e+13,3.381301e+01
4.318166e+14,8.000000e+01
4.318166e+14,8.000000e+01
1.663112e+13,7.899581e+01
2.456987e+14,5.435306e+01
8.546009e+13,8.000000e+01
8.546009e+13,8.000000e+01
2.765496e+14,8.000000e+01
1.369038e+13,7.899660e+01
3.855510e+13,7.895245e+01
6.668261e+14,8.000000e+01
1.193886e+15,8.000000e+01
1.193886e+15,8.000000e+01
1.193886e+15,8.000000e+01
1.518037e+14,8.000000e+01
2.971337e+14,8.000000e+01
1.172418e+14,4.696585e+01
1.573278e+13,7.898995e+01
5.163950e+14,8.000000e+01
2.340660e+13,7.871017e+01
9.621042e+13,4.168069e+01
2.254997e+13,7.911166e+01
8.897045e+13,6.714555e+01
8.897045e+13,6.714555e+01
2.018102e+13,7.899675e+01
3.007976e+13,3.032961e+01
2.335342e+13,4.998018e+00
6.896458e+17,8.000000e+01
6.896458e+17,8.000000e+01
2.998601e+13,3.123049e+01
2.396510e+13,5.000169e+00
1.554229e+14,5.795658e+01
2.513324e+13,7.897040e+01
5.789588e+13,4.906790e+01
1.814931e+13,7.899183e+01
2.557554e+14,8.000000e+01
2.557554e+14,8.000000e+01
2.557554e+14,8.000000e+01
1.157423e+14,4.642532e+01
1.296217e+14,6.954790e+01
4.207556e+13,7.899491e+01
1.589484e+13,7.899328e+01
2.176632e+13,5.912693e+01
1.962184e+13,7.898709e+01
2.444023e+14,5.795658e+01
2.045996e+13,7.899156e+01
3.035085e+13,2.774709e+01
1.305876e+13,7.899223e+01
1.518579e+14,8.000000e+01
1.518579e+14,8.000000e+01
1.963522e+13,7.884142e+01
3.331793e+13,3.099026e+01
5.919764e+14,8.000000e+01
1.711172e+13,7.890839e+01
2.187388e+13,7.897602e+01
1.845014e+14,6.240092e+01
4.191080e+13,3.669583e+01
8.109506e+14,8.000000e+01
2.481776e+13,7.899774e+01
2.581452e+13,7.898068e+01
3.009746e+13,3.327248e+01
4.158603e+13,3.753665e+01
4.113225e+13,3.363284e+01
6.515322e+13,7.893187e+01
1.863151e+15,7.693511e+01
2.279776e+14,2.500000e+01
8.254045e+13,5.855717e+01
3.294213e+13,3.879788e+01
6.527483e+13,3.435354e+01
1.153816e+14,4.738626e+01
2.546658e+13,7.897322e+01
1.570002e+13,7.899573e+01
2.076032e+13,7.896285e+01
9.684593e+13,8.000000e+01
2.135270e+13,7.899247e+01
5.431906e+13,3.783694e+01
1.654081e+14,5.327201e+01
1.014742e+13,7.899443e+01
1.177729e+13,7.899354e+01
1.200569e+13,2.300000e+01
6.325911e+13,7.725660e+01
6.325911e+13,7.899457e+01
3.657454e+13,5.086966e+01
5.491235e+13,6.097744e+01
1.639376e+13,7.897316e+01
1.743603e+14,8.000000e+01
1.743603e+14,8.000000e+01
6.945257e+13,3.957864e+01
3.826382e+13,3.201125e+01
9.180143e+12,7.899844e+01
1.374785e+13,6.105933e+01
2.326567e+13,7.898804e+01
3.762202e+13,2.948879e+01
3.329530e+13,3.129055e+01
1.411762e+14,5.261136e+01
2.159548e+13,7.898893e+01
1.423462e+13,7.899674e+01
1.476146e+13,6.202348e+01
1.282422e+13,7.899529e+01
6.272902e+13,7.934989e+01
6.272902e+13,8.000000e+01
1.936504e+13,4.999645e+00
1.661825e+13,7.898524e+01
1.263816e+13,7.897676e+01
1.001941e+14,8.000000e+01
1.001941e+14,8.000000e+01
4.197680e+13,7.933837e+01
2.135558e+13,7.899413e+01
1.870800e+13,4.999729e+00
2.842898e+13,7.898223e+01
2.892396e+13,3.075002e+01
2.179031e+13,7.895798e+01
1.739214e+13,7.898666e+01
6.439465e+14,8.000000e+01
1.184586e+13,7.899616e+01
3.019808e+14,7.855669e+01
2.438034e+13,7.899003e+01
7.412594e+13,3.951858e+01
2.829061e+13,2.966897e+01
9.673955e+13,6.708549e+01
9.673955e+13,6.708549e+01
1.203135e+13,7.899529e+01
1.045573e+14,4.372269e+01
1.788885e+13,7.894378e+01
2.943311e+13,3.213137e+01
9.159558e+13,3.897805e+01
1.132695e+14,5.074955e+01
2.263292e+14,5.393265e+01
2.114334e+13,7.899369e+01
1.142779e+14,8.000000e+01
3.463233e+13,3.411330e+01
2.290810e+13,7.895114e+01
5.306711e+13,5.447318e+01
5.306711e+13,4.999988e+00
3.284144e+13,7.899645e+01
4.334980e+13,4.318216e+01
5.539046e+14,8.000000e+01
3.685918e+13,3.357278e+01
1.072363e+13,7.899131e+01
5.975259e+13,8.000000e+01
5.975259e+13,5.000009e+00
8.882955e+13,5.026908e+01
2.445304e+13,7.899850e+01
2.247934e+13,7.899584e+01
2.500529e+14,5.825687e+01
4.638653e+13,4.023928e+01
2.445476e+15,8.000000e+01
3.022812e+14,8.000000e+01
3.022812e+14,8.000000e+01
1.350198e+13,7.899764e+01
6.303427e+13,5.068949e+01
1.609285e+14,8.000000e+01
8.244476e+13,7.495318e+01
3.405493e+13,3.369289e+01
2.372103e+13,7.899756e+01
5.083453e+13,4.648538e+01
3.905932e+14,8.000000e+01
4.287773e+14,8.000000e+01
4.287773e+14,8.000000e+01
4.287773e+14,8.000000e+01
3.047169e+13,7.899567e+01
6.290168e+13,6.282133e+01
4.840753e+13,7.900052e+01
4.840753e+13,6.558403e+01
1.330975e+13,7.899856e+01
1.776501e+13,7.899057e+01
1.979628e+14,5.537406e+01
2.930804e+14,6.438286e+01
3.762421e+13,3.795706e+01
8.641544e+13,6.240092e+01
1.339043e+13,7.899631e+01
3.146248e+13,3.129055e+01
5.555312e+14,8.000000e+01
5.555312e+14,8.000000e+01
5.555312e+14,8.000000e+01
5.555312e+14,8.000000e+01
2.045709e+13,7.899168e+01
6.778395e+13,4.474368e+01
1.044556e+13,7.899594e+01
2.297195e+13,7.898920e+01
2.106054e+13,4.999663e+00
1.103270e+14,8.000000e+01
1.103270e+14,8.000000e+01
1.329011e+14,4.582474e+01
9.756191e+12,7.899801e+01
1.126082e+14,4.966849e+01
1.970558e+13,7.896387e+01
4.393995e+13,3.807717e+01
1.009247e+14,8.000000e+01
1.009247e+14,8.000000e+01
1.492087e+13,7.899473e+01
1.527020e+15,8.000000e+01
1.527020e+15,8.000000e+01
5.288314e+13,5.519388e+01
5.570289e+13,3.675588e+01
2.257435e+14,8.000000e+01
2.257435e+14,8.000000e+01
1.198184e+14,4.510403e+01
1.076976e+13,7.897150e+01
2.757891e+13,7.898475e+01
3.261222e+14,6.780620e+01
1.333870e+14,8.000000e+01
3.156174e+13,3.351272e+01
2.166908e+13,7.899579e+01
1.637131e+13,7.899824e+01
3.203818e+14,8.000000e+01
3.203818e+14,8.000000e+01
3.203818e+14,8.000000e+01
1.770572e+13,7.898033e+01
1.650741e+13,7.899120e+01
3.689158e+13,7.899225e+01
1.509644e+14,8.000000e+01
3.584159e+13,3.597512e+01
2.750360e+13,7.718828e+01
1.858878e+14,8.000000e+01
1.858878e+14,8.000000e+01
4.782119e+13,3.519436e+01
1.893993e+15,8.000000e+01
1.712325e+13,7.899689e+01
2.582451e+14,8.000000e+01
2.582451e+14,8.000000e+01
3.411820e+13,2.822756e+01
2.665017e+13,2.690627e+01
6.836891e+13,4.828714e+01
9.277217e+13,4.174075e+01
1.583088e+13,7.899849e+01
4.254097e+13,3.687600e+01
4.450745e+13,3.050979e+01
1.583254e+13,7.896982e+01
1.093577e+13,7.899653e+01
2.779494e+13,7.899675e+01
4.486642e+13,4.594485e+01
1.168101e+13,7.899717e+01
1.262439e+14,8.000000e+01
1.262439e+14,8.000000e+01
3.580915e+13,3.399319e+01
1.703131e+13,4.999199e+00
3.199063e+13,7.894612e+01
1.507287e+13,7.899567e+01
1.254433e+15,8.000000e+01
4.385517e+13,3.849758e+01
3.095036e+13,2.990920e+01
2.809503e+20,8.000000e+01
2.809503e+20,8.000000e+01
2.809503e+20,8.000000e+01
2.809503e+20,8.000000e+01
2.809503e+20,8.000000e+01
2.809503e+20,8.000000e+01
1.141582e+14,7.901447e+01
5.509362e+13,3.597512e+01
1.630074e+13,7.899701e+01
1.798964e+14,7.951763e+01
9.642890e+13,4.156057e+01
2.016928e+13,7.899226e+01
1.842001e+13,7.899616e+01
6.809566e+13,4.168069e+01
1.189525e+13,7.899395e+01
3.500066e+13,2.930861e+01
2.302721e+13,2.324269e+01
6.745093e+13,6.600444e+01
2.331435e+13,7.899508e+01
1.562339e+15,8.000000e+01
2.809133e+13,2.384328e+01
5.301976e+14,8.000000e+01
4.107469e+13,5.032914e+01
1.147353e+14,5.116996e+01
2.415691e+13,7.898863e+01
1.471278e+13,2.900000e+01
1.480889e+13,7.897997e+01
4.043704e+13,3.459377e+01
5.989686e+13,4.408304e+01
3.133404e+13,3.171096e+01
5.140630e+13,5.000000e+00
5.140630e+13,7.892149e+01
2.338343e+14,8.000000e+01
2.338343e+14,8.000000e+01
2.356305e+13,7.899472e+01
4.058998e+13,7.899185e+01
1.375127e+13,7.893116e+01
9.101237e+13,8.000000e+01
1.308600e+14,5.000036e+00
1.308600e+14,7.898683e+01
1.186712e+13,6.068882e+01
5.414430e+13,3.945852e+01
5.177701e+13,5.375248e+01
7.915385e+13,4.570462e+01
9.818774e+12,7.898642e+01
2.410261e+14,8.000000e+01
2.410261e+14,8.000000e+01
2.410261e+14,8.000000e+01
1.771877e+13,7.899636e+01
2.447384e+15,8.000000e+01
7.900102e+13,7.813628e+01
8.360955e+13,4.888773e+01
2.972365e+13,3.297219e+01
1.625019e+14,8.000000e+01
2.301726e+14,6.378227e+01
1.899262e+13,7.896192e+01
3.786702e+13,3.291213e+01
5.201122e+13,4.732620e+01
2.709396e+13,3.585500e+01
2.453222e+13,5.000000e+00
3.993831e+13,3.081008e+01
9.612972e+13,3.879788e+01
2.510380e+13,7.898597e+01
3.089720e+13,3.087014e+01
1.095614e+13,5.705119e+01
2.862597e+13,5.686131e+01
2.071978e+13,7.897837e+01
2.692877e+13,7.897159e+01
1.088015e+13,7.899772e+01
3.577068e+14,7.014848e+01
7.673975e+13,3.375295e+01
4.084962e+13,3.177102e+01
3.178294e+13,2.786721e+01
4.391033e+13,4.011917e+01
2.628118e+13,7.899541e+01
1.435054e+13,4.999854e+00
1.478992e+13,7.899750e+01
4.239142e+13,4.102005e+01
2.474735e+13,2.708644e+01
7.251236e+13,5.873734e+01
2.843410e+13,4.998359e+00
7.065967e+14,8.000000e+01
7.065967e+14,8.000000e+01
1.577496e+15,8.000000e+01
1.616555e+13,7.899837e+01
1.280384e+13,7.899808e+01
1.939678e+14,6.282133e+01
4.151794e+13,3.549465e+01
1.235761e+13,7.899703e+01
1.108252e+13,7.893587e+01
3.691472e+13,3.711624e+01
1.379537e+13,7.899785e+01
1.901884e+14,5.963822e+01
1.309481e+14,7.477300e+01
9.447574e+13,5.747611e+01
6.304990e+13,5.765629e+01
6.304990e+13,5.765629e+01
9.680096e+12,7.897283e+01
8.548688e+13,7.898630e+01
1.940549e+13,7.898822e+01
2.887625e+13,3.267190e+01
2.174790e+13,7.897617e+01
2.883366e+13,2.708644e+01
2.624988e+13,7.899207e+01
5.289486e+15,8.000000e+01
1.443775e+13,7.898546e+01
2.260519e+14,5.627494e+01
2.105204e+14,8.000000e+01
2.105204e+14,8.000000e+01
8.337103e+14,8.000000e+01
3.640444e+13,4.216116e+01
1.228981e+14,5.513383e+01
6.828115e+13,4.192093e+01
2.291508e+13,4.999964e+00
5.167275e+13,4.089993e+01
7.132091e+13,3.645559e+01
1.852331e+14,8.000000e+01
2.229980e+13,7.889406e+01
1.035317e+13,7.898802e+01
2.530115e+13,7.897952e+01
3.156110e+13,3.321242e+01
2.153040e+14,7.899728e+01
6.981189e+13,5.086966e+01
3.651826e+14,8.000000e+01
3.651826e+14,8.000000e+01
1.170696e+13,7.899767e+01
1.494556e+14,4.966849e+01
1.109131e+14,7.026860e+01
2.038892e+13,4.999192e+00
1.157864e+13,7.898740e+01
1.832087e+13,7.897542e+01
1.334508e+14,4.342239e+01
2.632583e+13,3.291213e+01
3.009344e+15,8.000000e+01
2.940539e+13,2.972902e+01
1.195373e+13,7.899771e+01
1.249421e+13,7.897861e+01
2.423855e+13,7.899238e+01
5.822317e+13,3.849758e+01
1.442813e+13,7.898932e+01
1.305012e+14,5.513383e+01
8.883575e+13,4.999814e+00
3.756681e+13,7.899850e+01
3.641813e+13,3.315237e+01
8.654012e+13,5.297172e+01
5.222079e+14,6.510356e+01
3.791819e+13,3.585500e+01
2.039687e+13,7.899481e+01
5.137192e+15,8.000000e+01
2.910065e+13,7.898641e+01
5.331539e+13,4.047952e+01
3.962290e+13,4.204104e+01
1.299141e+14,5.699564e+01
4.013842e+13,7.898337e+01
3.491609e+13,3.507424e+01
1.670284e+14,8.000000e+01
7.330952e+13,4.324222e+01
2.225920e+13,7.899372e+01
1.045212e+13,7.899461e+01
9.459490e+12,7.899811e+01
6.408869e+13,7.935213e+01
6.408869e+13,8.000000e+01
2.615177e+13,7.896430e+01
9.204152e+13,6.119975e+01
2.302435e+13,7.899014e+01
5.055830e+13,7.899802e+01
5.055830e+13,7.899913e+01
2.188977e+14,5.267142e+01
6.658753e+13,3.843753e+01
1.588953e+13,7.899291e+01
4.959663e+13,3.201125e+01
3.652734e+14,6.288139e+01
1.371574e+15,8.000000e+01
1.638034e+14,8.000000e+01
1.638034e+14,8.000000e+01
9.890903e+13,4.480374e+01
3.636533e+13,7.884852e+01
8.554172e+13,4.999800e+00
8.554172e+13,4.999911e+00
8.554172e+13,5.000084e+00
6.286441e+13,4.234134e+01
2.650225e+13,2.612551e+01
5.234610e+14,8.000000e+01
5.234610e+14,8.000000e+01
5.124779e+13,4.528421e+01
2.006205e+13,7.898492e+01
1.917106e+13,7.899591e+01
7.065484e+13,4.978861e+01
1.893088e+13,7.928398e+01
3.765793e+13,7.918011e+01
3.765793e+13,7.915980e+01
1.994689e+13,6.468866e+01
1.426390e+16,8.000000e+01
1.426390e+16,8.000000e+01
1.928228e+13,7.895114e+01
1.451681e+14,6.312162e+01
1.509307e+13,7.899728e+01
1.494981e+14,7.759576e+01
1.055081e+14,8.000000e+01
3.924500e+14,8.000000e+01
1.644547e+13,7.311515e+01
3.201125e+13,7.899129e+01
1.974941e+14,8.000000e+01
1.974941e+14,8.000000e+01
7.237681e+13,8.000000e+01
7.544881e+13,4.558450e+01
5.229453e+13,3.291213e+01
3.023769e+13,2.744680e+01
2.381636e+13,7.897423e+01
1.960675e+13,7.896672e+01
1.449103e+15,8.000000e+01
1.657961e+14,6.996831e+01
1.027751e+14,4.059964e+01
2.240334e+14,5.423295e+01
2.507463e+13,7.897740e+01
2.302624e+14,8.000000e+01
2.302624e+14,8.000000e+01
1.506081e+14,4.804691e+01
3.286866e+15,8.000000e+01
3.286866e+15,8.000000e+01
3.286866e+15,8.000000e+01
1.510350e+13,7.899429e+01
4.049394e+13,3.735647e+01
2.060460e+13,7.565494e+01
2.600932e+13,7.889970e+01
2.665166e+14,5.867729e+01
3.246687e+13,7.899624e+01
4.425032e+13,7.898235e+01
4.541092e+13,3.093020e+01
9.080193e+13,7.753570e+01
9.080193e+13,7.753570e+01
1.511759e+13,4.999930e+00
3.160969e+13,7.896954e+01
4.656716e+13,4.132034e+01
2.339718e+13,7.898967e+01
1.405252e+13,7.899614e+01
9.479401e+13,6.174028e+01
3.422858e+13,2.894826e+01
4.280181e+13,5.000147e+00
5.696544e+13,6.354203e+01
2.224890e+14,8.000000e+01
2.224890e+14,8.000000e+01
6.579205e+13,4.360257e+01
6.532732e+13,4.516409e+01
1.790243e+14,8.000000e+01
1.790243e+14,8.000000e+01
3.552508e+13,7.899502e+01
1.302731e+14,4.726614e+01
6.573574e+13,4.810697e+01
9.265209e+13,4.576468e+01
1.822989e+13,7.896639e+01
1.912059e+14,5.999858e+01
7.022847e+13,3.993899e+01
9.202207e+13,6.035893e+01
2.070677e+13,7.897810e+01
2.180397e+14,5.237113e+01
3.198180e+14,8.000000e+01
1.870261e+14,4.786673e+01
3.212596e+13,3.261184e+01
1.676966e+13,7.899186e+01
7.259319e+14,8.000000e+01
7.259319e+14,8.000000e+01
7.259319e+14,8.000000e+01
2.272354e+14,7.699517e+01
1.384583e+13,7.896712e+01
1.062192e+13,7.899130e+01
2.383109e+13,7.898534e+01
4.160694e+14,8.000000e+01
3.092069e+13,2.558498e+01
4.217878e+13,3.008938e+01
1.248357e+14,4.828714e+01
2.241262e+13,7.899075e+01
7.758825e+13,4.870755e+01
1.844617e+14,3.972681e+01
2.372894e+14,8.000000e+01
2.372894e+14,8.000000e+01
2.372894e+14,8.000000e+01
3.434815e+13,7.899428e+01
3.434815e+13,7.899700e+01
1.903967e+13,7.899513e+01
1.947485e+13,7.896468e+01
3.875806e+13,7.896545e+01
3.723556e+13,3.285207e+01
1.367224e+13,4.999467e+00
1.125169e+15,8.000000e+01
1.125169e+15,8.000000e+01
5.358288e+14,8.000000e+01
5.358288e+14,8.000000e+01
4.653728e+13,2.298782e+01
1.879123e+13,7.899376e+01
2.100892e+13,7.899523e+01
2.774673e+14,7.681499e+01
1.107800e+14,4.077981e+01
4.635672e+13,3.753665e+01
3.350740e+13,2.768703e+01
4.791455e+13,4.005911e+01
2.805944e+13,2.990920e+01
1.165049e+17,8.000000e+01
3.251723e+14,6.702544e+01
3.191723e+13,3.915823e+01
4.252777e+13,4.114016e+01
2.480178e+13,4.997080e+00
1.512843e+14,8.000000e+01
1.512843e+14,8.000000e+01
1.512843e+14,8.000000e+01
3.897997e+13,4.162063e+01
5.023344e+13,3.117043e+01
6.319695e+13,4.696585e+01
6.487283e+16,8.000000e+01
6.487283e+16,8.000000e+01
2.328974e+14,8.000000e+01
2.328974e+14,8.000000e+01
3.225011e+14,6.107963e+01
6.516357e+13,4.840726e+01
5.367738e+13,3.694861e+01
5.983737e+13,7.899337e+01
2.448178e+13,7.894990e+01
8.372180e+14,8.000000e+01
1.291440e+13,7.896911e+01
1.124329e+13,7.899774e+01
1.750058e+13,7.899624e+01
6.117983e+14,8.000000e+01
8.014637e+13,7.158989e+01
1.118587e+14,8.000000e+01
1.588184e+13,7.899747e+01
1.500229e+13,7.899772e+01
5.576075e+14,7.339165e+01
4.916910e+13,3.789700e+01
4.429946e+14,8.000000e+01
4.429946e+14,8.000000e+01
4.152968e+13,4.984867e+01
4.152968e+13,7.898767e+01
1.757961e+13,7.899470e+01
1.922377e+14,8.000000e+01
1.922377e+14,8.000000e+01
6.842216e+13,5.411283e+01
3.142906e+14,8.000000e+01
1.719399e+13,7.899663e+01
1.350664e+14,5.789652e+01
1.430443e+13,6.107245e+01
5.068554e+13,5.555424e+01
1.891480e+14,7.945757e+01
3.813570e+13,3.195119e+01
1.622178e+13,2.899353e+01
1.437160e+13,7.896561e+01
1.303840e+13,7.898038e+01
1.156535e+14,5.213089e+01
7.907402e+13,7.164995e+01
7.907402e+13,7.164995e+01
5.722732e+13,7.900017e+01
5.722732e+13,5.687553e+01
2.259755e+13,7.888807e+01
4.780953e+13,7.897877e+01
1.806951e+13,7.899658e+01
6.120331e+13,3.915823e+01
2.660902e+13,7.899767e+01
2.935874e+15,8.000000e+01
2.935874e+15,8.000000e+01
1.121708e+14,8.000000e+01
1.121708e+14,8.000000e+01
3.256094e+13,3.627541e+01
2.414707e+13,2.570510e+01
2.627875e+14,8.000000e+01
2.627875e+14,8.000000e+01
2.627875e+14,8.000000e+01
2.086154e+13,7.879697e+01
1.045385e+14,7.315142e+01
4.634583e+13,7.899660e+01
4.634583e+13,7.899403e+01
5.476550e+13,7.899542e+01
1.221314e+13,7.899825e+01
1.568429e+14,6.804643e+01
2.889911e+14,8.000000e+01
2.889911e+14,8.000000e+01
1.135364e+13,7.898140e+01
1.189023e+13,7.899555e+01
6.150909e+13,3.555471e+01
3.710298e+14,7.279106e+01
3.721751e+13,7.899331e+01
4.799215e+13,3.873782e+01
5.950767e+13,4.204104e+01
1.081120e+14,8.000000e+01
8.065548e+13,8.000000e+01
2.900278e+13,7.898739e+01
4.736400e+13,3.405325e+01
1.657730e+13,7.899657e+01
3.451788e+13,3.123049e+01
6.998889e+13,4.276175e+01
1.810005e+14,6.702544e+01
1.810005e+14,6.702544e+01
1.459311e+13,7.899645e+01
1.483491e+13,7.302601e+01
7.826695e+13,4.330228e+01
2.906157e+13,3.087014e+01
9.869704e+13,3.729641e+01
3.913029e+13,7.899507e+01
3.913029e+13,4.999997e+00
3.226839e+14,2.500000e+01
8.132887e+13,4.828714e+01
1.772206e+13,7.899671e+01
8.721655e+13,3.855764e+01
4.466259e+14,6.540385e+01
2.384842e+14,8.000000e+01
1.799788e+13,7.898850e+01
1.561054e+18,8.000000e+01
1.561054e+18,8.000000e+01
1.561054e+18,8.000000e+01
1.561054e+18,8.000000e+01
4.697823e+13,8.000000e+01
8.868924e+13,7.899905e+01
8.868924e+13,8.000000e+01
7.869295e+13,8.000000e+01
3.754723e+15,8.000000e+01
2.692946e+14,8.000000e+01
4.954746e+13,4.576468e+01
1.546615e+13,7.899324e+01
1.338727e+14,5.249125e+01
1.108334e+14,4.966849e+01
4.035110e+13,7.899707e+01
1.503130e+13,7.899467e+01
4.365428e+13,3.219143e+01
2.116977e+13,7.897814e+01
1.860072e+13,7.898995e+01
3.486708e+13,3.717629e+01
2.198007e+13,7.899697e+01
2.065809e+13,7.899823e+01
1.118735e+14,4.882767e+01
5.468312e+13,3.921829e+01
3.173299e+14,8.000000e+01
3.173299e+14,8.000000e+01
1.735245e+13,5.000069e+00
1.964009e+13,7.899775e+01
2.400996e+13,7.899604e+01
3.170056e+13,7.893668e+01
4.852818e+13,3.999905e+01
1.956673e+14,7.177007e+01
2.237747e+13,7.899317e+01
6.598714e+13,3.927835e+01
4.836926e+15,8.000000e+01
3.596953e+13,3.123049e+01
2.652858e+13,2.930861e+01
6.730920e+13,4.522415e+01
2.279737e+13,2.558498e+01
4.475809e+13,3.555471e+01
4.176021e+13,7.899175e+01
3.561677e+13,7.899349e+01
1.293936e+14,8.000000e+01
2.533097e+13,2.492433e+01
4.636322e+13,3.345266e+01
4.026007e+13,3.663577e+01
1.640173e+17,8.000000e+01
1.519735e+15,8.000000e+01
3.014035e+13,4.150052e+01
2.956552e+13,2.996926e+01
5.801966e+14,6.288139e+01
8.979841e+13,5.987846e+01
7.307111e+13,4.654544e+01
8.250178e+13,4.252151e+01
3.110364e+13,2.978908e+01
3.978696e+13,3.501418e+01
7.690732e+13,4.222122e+01
9.028226e+13,6.426274e+01
9.028226e+13,6.426274e+01
2.245070e+14,8.000000e+01
2.245070e+14,8.000000e+01
2.245070e+14,8.000000e+01
1.781472e+13,7.899184e+01
6.649197e+13,4.456351e+01
1.312797e+14,5.261136e+01
5.028118e+13,3.465383e+01
4.092581e+13,4.029934e+01
3.608634e+14,7.447271e+01
2.129243e+13,7.435547e+01
1.987902e+14,5.489359e+01
9.275797e+13,3.789700e+01
6.748156e+14,8.000000e+01
2.106750e+13,7.899474e+01
1.348330e+13,8.998140e+00
2.454885e+13,7.899783e+01
3.539455e+13,2.960891e+01
4.699917e+13,3.489407e+01
2.099311e+13,7.892757e+01
6.770409e+13,5.135013e+01
8.289697e+14,8.000000e+01
3.828392e+13,4.450345e+01
1.447729e+14,6.168022e+01
1.842491e+14,6.035893e+01
2.894422e+14,8.000000e+01
2.894422e+14,8.000000e+01
1.281240e+13,7.899689e+01
6.684717e+14,8.000000e+01
1.152101e+14,8.000000e+01
2.447685e+20,8.000000e+01
2.447685e+20,8.000000e+01
2.447685e+20,8.000000e+01
2.447685e+20,8.000000e+01
2.447685e+20,8.000000e+01
2.447685e+20,8.000000e+01
2.447685e+20,8.000000e+01
2.447685e+20,8.000000e+01
2.447685e+20,8.000000e+01
1.513256e+14,6.480327e+01
9.916858e+12,7.899414e+01
2.599797e+13,5.000190e+00
1.976005e+15,8.000000e+01
9.200913e+14,8.000000e+01
1.094880e+13,7.899389e+01
2.798660e+13,3.447366e+01
1.253801e+14,8.000000e+01
2.596401e+13,1.879835e+01
9.669394e+13,4.210110e+01
5.626655e+13,3.873782e+01
1.876431e+13,7.899265e+01
2.318732e+14,5.861723e+01
2.506988e+13,2.864797e+01
4.541981e+13,3.813723e+01
2.599493e+13,2.912844e+01
9.496491e+13,4.570462e+01
5.902270e+13,5.603471e+01
5.902270e+13,4.999774e+00
3.132616e+13,3.153078e+01
1.157916e+14,8.000000e+01
1.157916e+14,8.000000e+01
4.414441e+13,6.612456e+01
2.723537e+13,2.792726e+01
1.990289e+13,7.898709e+01
1.692911e+13,7.899611e+01
1.278766e+15,8.000000e+01
2.587665e+13,2.660597e+01
2.535032e+13,7.889048e+01
3.446682e+13,3.189113e+01
1.522951e+14,6.396245e+01
5.722697e+14,8.000000e+01
5.722697e+14,8.000000e+01
2.655190e+14,5.951811e+01
1.140821e+14,4.618509e+01
2.052825e+13,7.586714e+01
1.745191e+13,1.899286e+01
4.959587e+13,3.957864e+01
1.060390e+14,5.639506e+01
3.360785e+13,7.899208e+01
2.367764e+14,6.318168e+01
1.444690e+15,7.189018e+01
3.821930e+13,3.261184e+01
5.530381e+13,4.792679e+01
6.369347e+13,5.092972e+01
4.182327e+13,3.447366e+01
3.568110e+13,3.591506e+01
2.094090e+13,7.913605e+01
8.910067e+12,4.999750e+00
2.617054e+13,2.906838e+01
1.215302e+14,8.000000e+01
1.215302e+14,8.000000e+01
8.536999e+13,7.327153e+01
2.170570e+14,5.645512e+01
7.618899e+13,4.282181e+01
2.279521e+13,7.899513e+01
8.758767e+13,5.891752e+01
1.500509e+14,7.753570e+01
1.500509e+14,7.753570e+01
4.802220e+13,3.519436e+01
3.937407e+13,4.708597e+01
1.963962e+13,7.898932e+01
1.308955e+13,7.899768e+01
1.610507e+14,4.804691e+01
2.198313e+13,7.899723e+01
8.003609e+13,5.543412e+01
1.305907e+14,4.774661e+01
7.198209e+13,4.696585e+01
4.735356e+14,7.435259e+01
1.750945e+13,7.885380e+01
5.660865e+13,4.114016e+01
3.942324e+13,3.453371e+01
3.734880e+13,7.899759e+01
3.734880e+13,7.899762e+01
4.548287e+13,3.519436e+01
5.116930e+13,3.867776e+01
8.954913e+14,8.000000e+01
4.107608e+14,8.000000e+01
6.588057e+13,4.756644e+01
5.332456e+13,7.899188e+01
5.332456e+13,7.897831e+01
6.795142e+13,7.948998e+01
6.795142e+13,8.000000e+01
3.041667e+14,8.000000e+01
3.041667e+14,8.000000e+01
3.041667e+14,8.000000e+01
6.561990e+14,7.693511e+01
5.336968e+13,7.899288e+01
5.367900e+13,3.567483e+01
7.561446e+13,6.696538e+01
8.924953e+14,6.216069e+01
4.317386e+13,7.899827e+01
3.972334e+13,3.393313e+01
1.063882e+13,7.899666e+01
2.432471e+13,7.895334e+01
2.170690e+14,8.000000e+01
4.665747e+15,8.000000e+01
1.527184e+13,7.899559e+01
2.111527e+13,4.999104e+00
2.145707e+15,8.000000e+01
3.855197e+13,3.399319e+01
2.032873e+13,7.899586e+01
8.459512e+13,7.363189e+01
1.035594e+14,8.000000e+01
1.035594e+14,8.000000e+01
1.680687e+13,4.998117e+00
5.635544e+13,4.318216e+01
4.300826e+13,3.849758e+01
3.008387e+13,7.897363e+01
1.884419e+13,7.899675e+01
6.225349e+13,6.534379e+01
1.464469e+13,7.899389e+01
2.197165e+15,8.000000e+01
2.197165e+15,8.000000e+01
9.944472e+14,8.000000e+01
9.715850e+12,7.898974e+01
2.526587e+13,7.898210e+01
5.710345e+13,3.447366e+01
2.363259e+13,7.899554e+01
3.783294e+13,2.768703e+01
1.201492e+13,4.908414e+01
1.318276e+14,4.936820e+01
1.565460e+13,7.898511e+01
3.053736e+13,7.899467e+01
3.053736e+13,7.899778e+01
3.001864e+13,2.756691e+01
3.726783e+13,3.099026e+01
1.286441e+16,8.000000e+01
1.311616e+15,8.000000e+01
1.050975e+14,7.898420e+01
1.050975e+14,5.000013e+00
1.050975e+14,4.999996e+00
1.050975e+14,7.899821e+01
7.631240e+13,3.699612e+01
4.189245e+13,3.393313e+01
7.505077e+13,4.846732e+01
1.192911e+14,5.561430e+01
1.557763e+14,8.000000e+01
3.817838e+13,4.077981e+01
5.633155e+13,8.000000e+01
1.124350e+14,4.095999e+01
4.515273e+13,3.549465e+01
1.802999e+14,8.000000e+01
4.842195e+13,3.375295e+01
1.860222e+13,4.868564e+01
1.735567e+13,7.898995e+01
4.206016e+13,3.999905e+01
1.311283e+14,5.411283e+01
6.205558e+13,6.348198e+01
8.012486e+13,4.462357e+01
1.198855e+14,4.858743e+01
8.050006e+13,7.879693e+01
2.101261e+13,2.324269e+01
1.150520e+20,8.000000e+01
1.150520e+20,8.000000e+01
1.150520e+20,8.000000e+01
1.150520e+20,8.000000e+01
1.479454e+14,8.000000e+01
1.446207e+13,7.897089e+01
1.398150e+13,7.892191e+01
5.399830e+13,3.315237e+01
6.345916e+13,4.930814e+01
2.156196e+13,7.899536e+01
3.256893e+13,7.899681e+01
4.417090e+13,4.720609e+01
9.011763e+13,4.047952e+01
2.241948e+13,7.899241e+01
1.907294e+14,5.074955e+01
4.115395e+13,7.899375e+01
4.491839e+13,3.717629e+01
8.488406e+13,7.068901e+01
8.488406e+13,7.068901e+01
1.274144e+14,4.690579e+01
2.206159e+14,6.810649e+01
2.329681e+15,8.000000e+01
1.938180e+13,2.300000e+01
3.644805e+13,3.987893e+01
3.349308e+13,3.159084e+01
1.732155e+14,5.399271e+01
1.401747e+14,7.981792e+01
1.401747e+14,7.981792e+01
3.603985e+13,3.153078e+01
7.831353e+13,5.141019e+01
6.658828e+13,4.480374e+01
4.193065e+14,6.432280e+01
2.471273e+13,2.780715e+01
1.571173e+13,7.896768e+01
2.152886e+13,7.899264e+01
1.832241e+13,7.899650e+01
1.508057e+14,5.189066e+01
1.335408e+14,6.798637e+01
6.564243e+13,3.627541e+01
1.393040e+14,8.000000e+01
2.168952e+15,8.000000e+01
2.168952e+15,8.000000e+01
5.917721e+13,3.993899e+01
2.363288e+14,5.771635e+01
3.226474e+14,7.207036e+01
2.548449e+13,7.899606e+01
4.928469e+14,7.975787e+01
4.928469e+14,7.975787e+01
2.678931e+13,7.899387e+01
9.543285e+13,5.549418e+01
1.202798e+14,4.474368e+01
3.226656e+13,3.195119e+01
3.111337e+13,2.744680e+01
3.058320e+14,6.546391e+01
3.597746e+13,4.999941e+00
1.423823e+13,7.899041e+01
1.611910e+13,7.899567e+01
9.103319e+13,5.813676e+01
2.904398e+13,7.899722e+01
3.769775e+14,7.927740e+01
1.314595e+14,8.000000e+01
1.314595e+14,8.000000e+01
4.845366e+14,8.000000e+01
4.845366e+14,8.000000e+01
4.845366e+14,8.000000e+01
3.059029e+13,7.892426e+01
2.228292e+13,2.396339e+01
2.498251e+13,2.396339e+01
1.332937e+13,7.899887e+01
1.016872e+13,7.898623e+01
2.622650e+13,7.899067e+01
7.496285e+13,5.000021e+00
7.496285e+13,7.898818e+01
1.421872e+14,5.104984e+01
1.183868e+14,8.000000e+01
1.183868e+14,8.000000e+01
2.668459e+13,2.912844e+01
1.458232e+13,7.899871e+01
9.638657e+12,7.899604e+01
2.234387e+13,7.899105e+01
4.695264e+13,7.898811e+01
1.874693e+13,7.897647e+01
8.873995e+14,8.000000e+01
8.873995e+14,8.000000e+01
2.579320e+13,2.660597e+01
4.145474e+13,4.252151e+01
2.993524e+13,3.111037e+01
3.273777e+13,3.423342e+01
1.379569e+13,7.899118e+01
2.401786e+14,6.852690e+01
7.094089e+13,3.771682e+01
1.154226e+14,6.984819e+01
1.154226e+14,6.984819e+01
1.655539e+13,7.899615e+01
1.289419e+13,7.899800e+01
1.232646e+14,8.000000e+01
1.232646e+14,7.915674e+01
2.098283e+14,6.414262e+01
1.539535e+15,8.000000e+01
1.539535e+15,8.000000e+01
1.539535e+15,8.000000e+01
4.530952e+13,4.258157e+01
4.019304e+13,4.930814e+01
1.308497e+15,8.000000e+01
3.062843e+13,2.858791e+01
2.223265e+13,7.890538e+01
4.913884e+13,4.065970e+01
4.670880e+13,4.999001e+00
5.925795e+13,3.867776e+01
6.192318e+13,7.899814e+01
7.495662e+13,4.420315e+01
4.029477e+13,3.363284e+01
4.001584e+14,7.050884e+01
1.509988e+13,7.899644e+01
1.966190e+13,7.899538e+01
1.010921e+14,5.375248e+01
3.714930e+13,3.357278e+01
1.705271e+14,5.609476e+01
1.526430e+14,8.000000e+01
3.485921e+13,4.999987e+00
3.485921e+13,5.000000e+00
5.533152e+13,4.999992e+00
3.201168e+13,7.898031e+01
9.173141e+13,3.897805e+01
1.123408e+14,5.555424e+01
7.016565e+13,4.186087e+01
5.577750e+13,4.168069e+01
1.964748e+13,2.240187e+01
3.315584e+15,8.000000e+01
3.315584e+15,8.000000e+01
3.811466e+13,5.000007e+00
1.584563e+14,6.011869e+01
6.525435e+16,8.000000e+01
8.082412e+14,8.000000e+01
8.082412e+14,8.000000e+01
4.189523e+15,8.000000e+01
4.601971e+13,3.465383e+01
1.755942e+14,6.348198e+01
5.305455e+13,7.201030e+01
1.058852e+14,5.993852e+01
1.058852e+14,5.993852e+01
2.539246e+13,7.899733e+01
8.457553e+13,3.765676e+01
2.888173e+13,3.279201e+01
1.524363e+13,7.899774e+01
1.160560e+14,8.000000e+01
1.239960e+13,7.897516e+01
4.338668e+13,3.897805e+01
1.142996e+13,4.999841e+00
1.452190e+13,5.498530e+01
1.921639e+13,7.899035e+01
2.944298e+15,8.000000e+01
2.944298e+15,8.000000e+01
2.336643e+14,6.270121e+01
1.257906e+13,7.895311e+01
5.520554e+13,3.513430e+01
2.297476e+14,6.552397e+01
1.103961e+14,4.402298e+01
2.464922e+13,7.899669e+01
2.464922e+13,7.899684e+01
4.148705e+13,2.920515e+01
2.268406e+14,8.000000e+01
1.756932e+13,7.899316e+01
1.194771e+14,5.645512e+01
1.009059e+14,4.768656e+01
4.101087e+14,7.801617e+01
9.249956e+13,6.762602e+01
9.249956e+13,6.762602e+01
2.062763e+13,7.899495e+01
1.447915e+14,5.000024e+00
1.447915e+14,8.000000e+01
1.340613e+13,7.505674e+01
3.449413e+13,3.495412e+01
1.895139e+14,8.000000e+01
1.895139e+14,8.000000e+01
1.895139e+14,8.000000e+01
3.222334e+13,5.000121e+00
1.673142e+14,5.993852e+01
1.267615e+13,7.899206e+01
1.667543e+13,5.317434e+01
1.698706e+14,5.459330e+01
2.165413e+14,8.000000e+01
3.136780e+13,2.936867e+01
1.512652e+13,6.906443e+01
2.111733e+13,7.898690e+01
1.686879e+13,7.899480e+01
2.649051e+13,2.510451e+01
4.603392e+13,3.369289e+01
1.753349e+13,7.899337e+01
1.847393e+13,7.899751e+01
4.225194e+13,3.375295e+01
6.415198e+13,6.372221e+01
2.911322e+13,2.978908e+01
1.146482e+15,8.000000e+01
1.146482e+15,8.000000e+01
3.599286e+13,2.834768e+01
2.359635e+13,7.898613e+01
1.368265e+13,7.899325e+01
2.721464e+13,7.931900e+01
5.228916e+13,4.246145e+01
6.192019e+14,7.921734e+01
4.228528e+13,3.231155e+01
9.030530e+13,4.498392e+01
2.651272e+14,5.687553e+01
8.921603e+14,8.000000e+01
1.207557e+13,4.999794e+00
5.734613e+13,5.000073e+00
5.734613e+13,6.432280e+01
1.731004e+14,8.000000e+01
1.731004e+14,8.000000e+01
3.033235e+13,7.899624e+01
3.219115e+13,2.696633e+01
1.322278e+13,7.899766e+01
3.233002e+13,3.056984e+01
4.710043e+13,3.321242e+01
1.795196e+13,7.899069e+01
9.522498e+13,5.129007e+01
2.995142e+14,8.000000e+01
2.384253e+13,2.594533e+01
2.117784e+13,7.899396e+01
2.680315e+13,7.892026e+01
7.978630e+13,4.234134e+01
2.924613e+13,7.899131e+01
1.762107e+13,7.899775e+01
2.095981e+13,7.899642e+01
2.176566e+14,7.723540e+01
7.670824e+13,7.899826e+01
7.670824e+13,7.899865e+01
1.141715e+13,7.899856e+01
1.723605e+14,5.873734e+01
1.788097e+13,7.894516e+01
9.238631e+14,8.000000e+01
9.238631e+14,8.000000e+01
1.617161e+14,8.000000e+01
1.617161e+14,8.000000e+01
5.537563e+13,5.813676e+01
1.239126e+13,6.665017e+01
3.953639e+13,3.663577e+01
3.788692e+13,4.600491e+01
1.370880e+13,7.899760e+01
2.658619e+14,8.000000e+01
2.658619e+14,8.000000e+01
1.294477e+13,7.899574e+01
2.243856e+13,7.899720e+01
3.211159e+14,8.000000e+01
6.432379e+13,4.999983e+00
1.556807e+14,4.606497e+01
2.455003e+13,3.075002e+01
5.597071e+15,8.000000e+01
1.553212e+13,7.437443e+01
7.035192e+14,8.000000e+01
7.035192e+14,8.000000e+01
7.035192e+14,8.000000e+01
7.035192e+14,8.000000e+01
7.035192e+14,8.000000e+01
7.035192e+14,8.000000e+01
3.626441e+13,3.483401e+01
1.735322e+13,7.898877e+01
7.368400e+13,4.426321e+01
1.286359e+13,7.899674e+01
2.898112e+13,2.684621e+01
3.110856e+13,3.297219e+01
1.067385e+13,7.899730e+01
2.203783e+13,6.093425e+01
1.335434e+13,7.897935e+01
1.454093e+14,3.849758e+01
4.542875e+14,7.669488e+01
8.712155e+13,5.171048e+01
2.110063e+13,7.892241e+01
3.755589e+13,7.899373e+01
1.054071e+14,5.189066e+01
2.266867e+13,7.899516e+01
1.337934e+14,5.717582e+01
4.714696e+13,7.896476e+01
1.912407e+13,7.899477e+01
3.076360e+13,2.678615e+01
4.754404e+13,3.915823e+01
2.194992e+14,8.000000e+01
9.136332e+12,7.900000e+01
8.041625e+13,6.168022e+01
3.804382e+13,3.261184e+01
7.129770e+13,5.183060e+01
1.307279e+13,7.894901e+01
2.616466e+14,8.000000e+01
6.422347e+13,7.447271e+01
6.422347e+13,7.899712e+01
3.638342e+13,3.093020e+01
2.060970e+14,6.017875e+01
1.864060e+13,7.899595e+01
1.836475e+15,8.000000e+01
1.949328e+14,7.969781e+01
1.030911e+13,6.085805e+01
1.062941e+13,7.899616e+01
1.596396e+13,7.899476e+01
1.264444e+13,7.899679e+01
4.685825e+13,7.899516e+01
1.160597e+15,8.000000e+01
9.421599e+14,8.000000e+01
2.558176e+14,7.867681e+01
5.554404e+14,8.000000e+01
5.554404e+14,8.000000e+01
5.554404e+14,8.000000e+01
6.005488e+13,6.168022e+01
3.231569e+13,7.899461e+01
8.167876e+14,8.000000e+01
8.167876e+14,8.000000e+01
2.473705e+13,7.899464e+01
2.800020e+13,6.871925e+01
4.130879e+13,3.159084e+01
9.309222e+12,7.899823e+01
3.885688e+13,3.711624e+01
1.006668e+14,4.516409e+01
1.737115e+13,4.999940e+00
2.260172e+13,7.894170e+01
4.720516e+13,3.549465e+01
1.553737e+13,7.911109e+01
1.156095e+14,6.071928e+01
1.010495e+13,7.899671e+01
1.833682e+13,7.899343e+01
4.825543e+13,7.899816e+01
2.346271e+13,7.899246e+01
1.732975e+13,5.000684e+00
3.094990e+13,4.998692e+00
4.398609e+13,7.891203e+01
2.156037e+13,7.894717e+01
3.148528e+13,2.906838e+01
1.336507e+14,7.639458e+01
1.858954e+13,7.899641e+01
1.554972e+14,5.501371e+01
7.141707e+13,4.582474e+01
3.058372e+14,8.000000e+01
3.058372e+14,8.000000e+01
9.591900e+12,7.899437e+01
1.907986e+14,5.339213e+01
1.595876e+14,6.954790e+01
1.595876e+14,6.954790e+01
3.248912e+13,7.885793e+01
7.412787e+14,7.951763e+01
9.569953e+13,5.080960e+01
1.504413e+13,7.899594e+01
8.511027e+12,7.899835e+01
2.478516e+13,7.890854e+01
2.441521e+14,8.000000e+01
2.441521e+14,8.000000e+01
4.112771e+13,3.675588e+01
7.539620e+13,5.429301e+01
1.670067e+13,7.899655e+01
5.631656e+13,7.899249e+01
2.143469e+14,8.000000e+01
2.143469e+14,8.000000e+01
2.401563e+13,7.899818e+01
2.824535e+14,8.000000e+01
4.173583e+13,2.984914e+01
1.004240e+15,8.000000e+01
1.564394e+13,7.892841e+01
1.725772e+15,8.000000e+01
6.305303e+14,7.086919e+01
4.899063e+13,4.468362e+01
9.090425e+13,6.744585e+01
1.876213e+14,8.000000e+01
1.876213e+14,8.000000e+01
1.576971e+13,7.899596e+01
7.437685e+13,3.909817e+01
2.455720e+13,4.999099e+00
3.693261e+13,7.899766e+01
9.362855e+13,8.000000e+01
1.137504e+13,7.902722e+01
2.427882e+13,2.582521e+01
1.792122e+13,7.897636e+01
2.995520e+13,2.930861e+01
1.941268e+13,7.898851e+01
2.801595e+13,3.159084e+01
2.777086e+13,2.690627e+01
1.671092e+13,7.899659e+01
1.537624e+13,7.899724e+01
1.909097e+13,1.899955e+01
6.400463e+13,3.801712e+01
5.034461e+15,8.000000e+01
2.301411e+13,2.462404e+01
4.915332e+13,4.999659e+00
2.450542e+13,7.898890e+01
3.279764e+14,8.000000e+01
2.074131e+13,2.642580e+01
4.561670e+13,3.609524e+01
3.096374e+13,5.699075e+01
1.710316e+13,7.899473e+01
1.248255e+14,4.360257e+01
1.040855e+14,4.720609e+01
7.714124e+13,5.453324e+01
1.509278e+14,8.000000e+01
1.509278e+14,8.000000e+01
8.503990e+13,5.627494e+01
3.254425e+13,3.038967e+01
8.273488e+13,3.849758e+01
5.118727e+13,4.582474e+01
5.115326e+13,3.813723e+01
7.469807e+13,4.282181e+01
2.260504e+13,7.898335e+01
1.561023e+14,5.032914e+01
8.236294e+13,5.315189e+01
2.460123e+14,8.000000e+01
2.460123e+14,8.000000e+01
2.460123e+14,8.000000e+01
8.759831e+13,4.990872e+01
2.911403e+14,6.204057e+01
2.489610e+13,2.714650e+01
4.567633e+13,3.381301e+01
1.088413e+13,7.898330e+01
2.571508e+14,7.585405e+01
2.571508e+14,7.585405e+01
3.020717e+13,7.933953e+01
8.948274e+13,6.858696e+01
5.955564e+13,3.855764e+01
2.737528e+13,2.840773e+01
1.672907e+13,7.899240e+01
2.568731e+13,7.897736e+01
3.894844e+13,7.899104e+01
1.636537e+13,7.899514e+01
1.046423e+13,7.899722e+01
2.036511e+14,6.936772e+01
1.089201e+13,7.904103e+01
1.115923e+13,7.897137e+01
1.497473e+13,7.897928e+01
5.451996e+13,3.501418e+01
1.310585e+14,5.495365e+01
1.294662e+13,7.899037e+01
1.674035e+13,7.899437e+01
5.992038e+13,4.762650e+01
1.616825e+14,4.852738e+01
8.735226e+13,4.612503e+01
1.401985e+14,7.351177e+01
5.004985e+13,3.741653e+01
3.859114e+14,8.000000e+01
2.391646e+13,7.899597e+01
2.246730e+13,7.898219e+01
2.520955e+13,2.744680e+01
9.442890e+15,8.000000e+01
5.683756e+13,4.546439e+01
2.016811e+14,5.165043e+01
2.196777e+13,7.886739e+01
3.362217e+13,7.896951e+01
4.160363e+13,3.213137e+01
6.068486e+13,5.771635e+01
3.636888e+13,7.899726e+01
9.571774e+13,5.879740e+01
1.074160e+14,5.129007e+01
2.290334e+13,7.899542e+01
1.259930e+13,7.897377e+01
6.322855e+13,5.387259e+01
6.322855e+13,5.387259e+01
4.183748e+13,3.531448e+01
5.147887e+14,8.000000e+01
2.003412e+13,2.106600e+01
2.590398e+13,7.899487e+01
1.214832e+14,8.000000e+01
1.214832e+14,8.000000e+01
2.327066e+14,5.345218e+01
5.066864e+13,7.889051e+01
7.769012e+13,4.954837e+01
5.923264e+13,5.038919e+01
5.651735e+13,4.035940e+01
2.020510e+13,7.899872e+01
4.219956e+13,7.899871e+01
4.219956e+13,7.899503e+01
9.178084e+12,7.899639e+01
1.505022e+13,7.899736e+01
1.118266e+17,8.000000e+01
1.118266e+17,8.000000e+01
4.208041e+13,3.020949e+01
2.155375e+13,7.888853e+01
2.670754e+14,5.717582e+01
1.396400e+13,7.899687e+01
7.228062e+13,5.603471e+01
2.213803e+13,7.899576e+01
7.439781e+13,6.576420e+01
1.859264e+13,7.899448e+01
1.378888e+13,7.899802e+01
6.809259e+13,6.336186e+01
1.844860e+14,5.267142e+01
3.493813e+13,2.912844e+01
8.737772e+13,4.095999e+01
2.578879e+14,8.000000e+01
2.136402e+13,7.899400e+01
1.033227e+13,4.999609e+00
7.765787e+14,8.000000e+01
7.559359e+13,4.017923e+01
1.132258e+14,4.948831e+01
6.137781e+13,3.843753e+01
1.893373e+13,2.210158e+01
1.416270e+13,7.912985e+01
5.971745e+13,7.074907e+01
5.971745e+13,5.000000e+00
2.629682e+14,5.093961e+01
3.356529e+13,7.892972e+01
3.310370e+13,7.899211e+01
5.331836e+14,8.000000e+01
5.331836e+14,8.000000e+01
2.566607e+13,2.498439e+01
1.861026e+13,7.897588e+01
2.652684e+13,2.786721e+01
5.068898e+13,4.258157e+01
1.336357e+13,7.899437e+01
7.665231e+14,8.000000e+01
1.676209e+14,8.000000e+01
1.676209e+14,8.000000e+01
1.676209e+14,8.000000e+01
4.398488e+14,6.726567e+01
3.400388e+13,2.846779e+01
2.078213e+14,5.567435e+01
2.742831e+13,7.898342e+01
9.939885e+13,5.435306e+01
4.932315e+13,3.717629e+01
3.610509e+13,7.910460e+01
1.368384e+13,7.897277e+01
2.238810e+13,2.870803e+01
2.850868e+13,2.828762e+01
1.820655e+13,7.898661e+01
8.234379e+14,8.000000e+01
3.884269e+13,3.735647e+01
1.102397e+14,8.000000e+01
1.102397e+14,8.000000e+01
1.078837e+14,5.975834e+01
5.629860e+13,4.059964e+01
4.897042e+13,3.333254e+01
2.411022e+13,7.894824e+01
1.987488e+13,7.897048e+01
2.601614e+14,7.645464e+01
2.741678e+13,7.899733e+01
2.587289e+15,8.000000e+01
1.824733e+13,7.898501e+01
5.468101e+14,8.000000e+01
3.841301e+13,4.041946e+01
1.125765e+14,4.168069e+01
2.767549e+14,5.555424e+01
3.343617e+14,5.657523e+01
1.609531e+13,2.698499e+01
3.610280e+13,2.894826e+01
2.510244e+13,2.702639e+01
2.969022e+13,3.008938e+01
3.051374e+13,7.899315e+01
4.473351e+14,7.351177e+01
6.394086e+13,6.582426e+01
1.392176e+14,7.795611e+01
6.154629e+13,3.627541e+01
9.735626e+12,7.897043e+01
4.808949e+13,6.113969e+01
1.211179e+14,8.000000e+01
9.180430e+13,4.702591e+01
2.193819e+14,8.000000e+01
9.729249e+12,7.903791e+01
1.759768e+13,6.966783e+01
2.083856e+13,7.864953e+01
3.031264e+13,7.894473e+01
1.121777e+13,7.899830e+01
2.525167e+13,7.899597e+01
3.466695e+13,3.561477e+01
3.720031e+13,3.207131e+01
7.271458e+13,5.921781e+01
4.157104e+13,3.693606e+01
2.291130e+13,7.917232e+01
7.474540e+13,4.804691e+01
3.539017e+13,3.321242e+01
3.400835e+13,3.759670e+01
7.696591e+13,6.210063e+01
7.696591e+13,6.210063e+01
2.586427e+13,6.326515e+01
3.637078e+13,3.561477e+01
3.929489e+13,2.786721e+01
1.354507e+13,7.898858e+01
9.089832e+13,4.264163e+01
3.439594e+15,8.000000e+01
3.439594e+15,8.000000e+01
3.812390e+15,8.000000e+01
1.104061e+17,8.000000e+01
1.104061e+17,8.000000e+01
1.967709e+14,8.000000e+01
1.967709e+14,8.000000e+01
1.888403e+13,7.899603e+01
5.504350e+13,4.594485e+01
4.954184e+13,7.879369e+01
4.954184e+13,7.495545e+01
1.692837e+13,7.898439e+01
1.699655e+13,7.914089e+01
7.720441e+13,7.555376e+01
4.059319e+13,4.978861e+01
3.012434e+13,2.750685e+01
2.768735e+13,3.501773e+01
2.229795e+14,5.459330e+01
2.818400e+13,4.100000e+01
1.608430e+13,7.899433e+01
3.007150e+13,2.612551e+01
3.248901e+13,7.899533e+01
6.973512e+13,3.867776e+01
3.310145e+13,2.174123e+01
5.812937e+13,2.495420e+01
2.442621e+14,8.000000e+01
2.442621e+14,8.000000e+01
5.417452e+13,2.699599e+01
2.479762e+13,7.898951e+01
5.874892e+13,4.132034e+01
2.094023e+14,6.101957e+01
1.735240e+13,5.000065e+00
8.319998e+13,4.126028e+01
6.391364e+13,6.100000e+01
1.184859e+13,7.896325e+01
3.146360e+13,2.858791e+01
4.160622e+13,7.899596e+01
2.938968e+13,2.762697e+01
4.736464e+13,5.000010e+00
4.736464e+13,5.483353e+01
2.027529e+13,7.899296e+01
5.010731e+13,6.041899e+01
5.010731e+13,6.041899e+01
1.859796e+13,7.899410e+01
2.998202e+14,8.000000e+01
2.998202e+14,8.000000e+01
2.998202e+14,8.000000e+01
1.266523e+13,7.899573e+01
1.409725e+14,5.597465e+01
1.819748e+13,7.897661e+01
3.445419e+14,8.000000e+01
3.445419e+14,8.000000e+01
7.620357e+13,4.684573e+01
6.733232e+13,6.996831e+01
8.916561e+13,6.642485e+01
4.296761e+13,7.899417e+01
1.686538e+14,8.000000e+01
1.686538e+14,8.000000e+01
7.458547e+13,7.899660e+01
1.483390e+13,7.899705e+01
1.515724e+13,7.899801e+01
5.207190e+13,2.296308e+01
2.576995e+13,7.472958e+01
2.289894e+13,7.899341e+01
7.014116e+13,4.696585e+01
5.338791e+16,8.000000e+01
5.338791e+16,8.000000e+01
3.294233e+13,2.708644e+01
7.402982e+13,5.795658e+01
6.819122e+13,3.987893e+01
2.716008e+14,8.000000e+01
1.794642e+13,7.872242e+01
1.742071e+13,7.899135e+01
3.932634e+14,8.000000e+01
2.379411e+13,7.897480e+01
1.143842e+13,7.899595e+01
3.795901e+13,3.201125e+01
2.210079e+13,7.898647e+01
2.225321e+13,7.899638e+01
5.494155e+13,3.357278e+01
1.029847e+13,7.898642e+01
4.033272e+14,8.000000e+01
4.033272e+14,8.000000e+01
4.413304e+13,7.899151e+01
2.442879e+14,8.000000e+01
1.386138e+14,4.936820e+01
2.179897e+13,7.898372e+01
1.234991e+13,7.897025e+01
7.321221e+14,8.000000e+01
7.321221e+14,8.000000e+01
3.559265e+13,2.912844e+01
2.551608e+13,7.899004e+01
2.017229e+13,7.899600e+01
9.939756e+15,8.000000e+01
1.191160e+14,7.747564e+01
1.191160e+14,7.747564e+01
1.707609e+14,6.378227e+01
2.799542e+14,6.870708e+01
8.440959e+13,7.937614e+01
3.837998e+13,7.897650e+01
7.926209e+13,4.504398e+01
2.677102e+13,7.899647e+01
6.478990e+13,4.834720e+01
3.292895e+13,2.888820e+01
5.217781e+15,8.000000e+01
6.714580e+13,4.780667e+01
2.419915e+13,2.612551e+01
1.697114e+13,7.899036e+01
1.848591e+13,7.899600e+01
4.357890e+13,7.897992e+01
8.278916e+13,5.141019e+01
4.410961e+14,8.000000e+01
4.410961e+14,8.000000e+01
4.410961e+14,8.000000e+01
1.922056e+13,7.898014e+01
3.015576e+13,2.912844e+01
3.488833e+13,7.924012e+01
2.285220e+14,5.705570e+01
5.246317e+14,7.399224e+01
1.514423e+13,7.899779e+01
5.514415e+13,4.240140e+01
7.620149e+14,8.000000e+01
1.046145e+14,7.843658e+01
1.046145e+14,7.843658e+01
9.904140e+13,5.000028e+00
9.904140e+13,7.899194e+01
9.904140e+13,8.000000e+01
2.853445e+13,2.828762e+01
2.090072e+13,6.471788e+01
1.308428e+14,6.426274e+01
5.308887e+13,4.005911e+01
2.544548e+13,2.516457e+01
4.728315e+13,5.106998e+01
1.082171e+13,4.999653e+00
8.495236e+13,3.831741e+01
1.215826e+13,7.899667e+01
2.635892e+13,7.899475e+01
1.079190e+13,4.999772e+00
1.422994e+14,8.000000e+01
1.422994e+14,8.000000e+01
2.403756e+13,2.666603e+01
6.713837e+13,7.267095e+01
6.713837e+13,7.267095e+01
3.597837e+13,3.975882e+01
2.370740e+13,2.474416e+01
1.524573e+13,7.899588e+01
2.131289e+13,7.899874e+01
3.389005e+13,3.291213e+01
8.079526e+13,5.417289e+01
3.132054e+13,7.896923e+01
4.345649e+13,4.150052e+01
1.668117e+13,7.899774e+01
3.284417e+15,8.000000e+01
3.284417e+15,8.000000e+01
3.284417e+15,8.000000e+01
2.169039e+15,8.000000e+01
5.070595e+14,6.408256e+01
5.075087e+14,8.000000e+01
7.392706e+13,7.122954e+01
7.392706e+13,7.122954e+01
1.678993e+13,7.899058e+01
1.427343e+13,7.899277e+01
2.484524e+14,8.000000e+01
2.484524e+14,8.000000e+01
1.358938e+13,7.899783e+01
3.548323e+13,7.899877e+01
2.194358e+13,4.999837e+00
1.576958e+13,7.894344e+01
7.717561e+13,4.999894e+00
7.717561e+13,4.999864e+00
6.238283e+14,8.000000e+01
6.238283e+14,8.000000e+01
4.569912e+13,7.892485e+01
4.569912e+13,5.000062e+00
1.515989e+13,7.899755e+01
1.879765e+13,7.899648e+01
6.711646e+13,4.942826e+01
2.592448e+13,2.384328e+01
3.039457e+13,7.899351e+01
2.277043e+15,8.000000e+01
2.277043e+15,8.000000e+01
7.018838e+13,4.666556e+01
4.771394e+13,3.381301e+01
1.439315e+13,7.899728e+01
5.786013e+13,5.008890e+01
2.902170e+14,7.435259e+01
6.574612e+13,5.026908e+01
1.507004e+13,7.899629e+01
2.312639e+14,8.000000e+01
2.312639e+14,8.000000e+01
2.312639e+14,8.000000e+01
1.767228e+14,6.960796e+01
1.277891e+13,7.899772e+01
5.601311e+13,3.855764e+01
4.613142e+14,8.000000e+01
4.613142e+14,8.000000e+01
8.307060e+13,3.957864e+01
5.473758e+13,3.423342e+01
2.212381e+13,1.700000e+01
2.011486e+13,7.896285e+01
1.752397e+14,7.945757e+01
2.152647e+13,7.899606e+01
4.723471e+14,6.540385e+01
1.346862e+14,6.774614e+01
4.674458e+13,3.345266e+01
5.069577e+13,5.507377e+01
4.623870e+13,5.177054e+01
4.774614e+13,7.899421e+01
4.053634e+13,3.117043e+01
9.168326e+13,7.899635e+01
9.168326e+13,7.899919e+01
1.204040e+13,7.899725e+01
8.084487e+13,4.780667e+01
3.978395e+13,2.912844e+01
1.884280e+14,8.000000e+01
1.884280e+14,8.000000e+01
9.642230e+13,5.213089e+01
1.870467e+14,8.000000e+01
1.870467e+14,8.000000e+01
1.603196e+13,7.896479e+01
1.684941e+13,7.897238e+01
4.430989e+13,3.189113e+01
2.743088e+17,8.000000e+01
3.410020e+14,7.441265e+01
6.492818e+13,4.999836e+00
5.620766e+14,8.000000e+01
4.508215e+13,6.306157e+01
4.508215e+13,5.000579e+00
5.248612e+13,4.450345e+01
3.057758e+13,3.101056e+01
7.829084e+13,4.390286e+01
5.054128e+13,7.899752e+01
7.125077e+14,7.417241e+01
3.381442e+13,3.453371e+01
1.572316e+13,7.898705e+01
1.035372e+18,8.000000e+01
1.035372e+18,8.000000e+01
1.864585e+13,2.228175e+01
2.177399e+13,2.378322e+01
3.267204e+13,2.978908e+01
1.632169e+14,7.831646e+01
1.152236e+14,4.960843e+01
3.854706e+13,7.877328e+01
1.484387e+13,7.896286e+01
1.920255e+13,7.895355e+01
1.790002e+13,7.899768e+01
1.117759e+13,7.899840e+01
1.337199e+13,7.893725e+01
6.995222e+14,7.333159e+01
1.184991e+13,7.899772e+01
1.350807e+13,7.906783e+01
1.042743e+14,8.000000e+01
1.148108e+14,8.000000e+01
1.148108e+14,8.000000e+01
1.148108e+14,8.000000e+01
1.592044e+14,8.000000e+01
1.592044e+14,8.000000e+01
2.363405e+13,4.999738e+00
6.553683e+13,3.951858e+01
2.223862e+13,7.882100e+01
3.172210e+15,8.000000e+01
1.029267e+14,6.684526e+01
1.029267e+14,6.684526e+01
8.746553e+13,6.852690e+01
4.720377e+14,8.000000e+01
1.189516e+14,8.000000e+01
1.189516e+14,8.000000e+01
4.514179e+13,3.291213e+01
2.920636e+13,7.899497e+01
3.442831e+13,2.906838e+01
2.737296e+15,8.000000e+01
2.737296e+15,8.000000e+01
5.664490e+13,3.921829e+01
1.444137e+14,7.903716e+01
1.444137e+14,7.903716e+01
2.847475e+13,2.972902e+01
5.354877e+14,8.000000e+01
5.354877e+14,8.000000e+01
1.065366e+13,7.899854e+01
4.229700e+13,4.114016e+01
1.839714e+13,4.999177e+00
7.525537e+13,6.402250e+01
2.002020e+14,8.000000e+01
2.002020e+14,8.000000e+01
1.354614e+13,7.899796e+01
1.240660e+14,4.636527e+01
1.790506e+14,8.000000e+01
9.570787e+13,5.597465e+01
4.413385e+13,4.999888e+00
4.413385e+13,5.000089e+00
2.205130e+13,7.894578e+01
2.117589e+13,7.899700e+01
1.205931e+13,7.899773e+01
1.747137e+14,7.693511e+01
1.854901e+13,1.567530e+01
3.151835e+13,3.050979e+01
4.979583e+13,6.210063e+01
2.363184e+14,8.000000e+01
2.363184e+14,8.000000e+01
1.097572e+13,7.898255e+01
3.177928e+13,2.942873e+01
5.035608e+13,5.129007e+01
8.487079e+13,4.095999e+01
3.155808e+13,7.899660e+01
8.228544e+13,4.114016e+01
7.883916e+13,4.999980e+00
1.112572e+14,8.000000e+01
1.112572e+14,8.000000e+01
1.962075e+13,7.899639e+01
2.855223e+13,2.864797e+01
2.615101e+13,2.804738e+01
4.650796e+13,3.447366e+01
3.199737e+13,7.889627e+01
2.812006e+14,8.000000e+01
2.545116e+13,7.899786e+01
4.027249e+13,4.999730e+00
4.027249e+13,5.000054e+00
4.125082e+13,3.189113e+01
3.399174e+13,7.899333e+01
2.814254e+13,2.654592e+01
3.236674e+13,2.708644e+01
2.462576e+13,4.999696e+00
4.662999e+13,3.795706e+01
2.028842e+13,7.899302e+01
1.555872e+13,7.899319e+01
1.434756e+13,7.899365e+01
5.324865e+13,3.513430e+01
6.541650e+13,4.180081e+01
5.152993e+14,8.000000e+01
1.258320e+14,5.405277e+01
1.877409e+16,8.000000e+01
4.857382e+13,4.366263e+01
1.514781e+13,7.899269e+01
1.345095e+14,8.000000e+01
4.714916e+13,3.777688e+01
9.238283e+13,4.366263e+01
3.152794e+13,7.899705e+01
1.623924e+14,7.615435e+01
1.623924e+14,7.615435e+01
6.419090e+13,1.900000e+01
6.840321e+13,7.899623e+01
6.840321e+13,7.900058e+01
1.790602e+14,8.000000e+01
1.126241e+13,7.909346e+01
3.268137e+13,7.017101e+01
7.166740e+13,4.876761e+01
2.766211e+13,3.381301e+01
5.164061e+13,4.144046e+01
6.989078e+13,4.354251e+01
3.937722e+13,4.720609e+01
1.389138e+13,7.897362e+01
1.766516e+14,5.141019e+01
8.843192e+13,4.492386e+01
1.721566e+14,8.000000e+01
1.721566e+14,8.000000e+01
1.604355e+13,7.898998e+01
1.889732e+13,7.898851e+01
1.885068e+18,8.000000e+01
1.885068e+18,8.000000e+01
1.885068e+18,8.000000e+01
1.885068e+18,8.000000e+01
1.453849e+13,7.899806e+01
7.018872e+13,5.693558e+01
7.018872e+13,2.100000e+01
1.282869e+14,4.522415e+01
8.079380e+13,8.000000e+01
8.079380e+13,8.000000e+01
7.280883e+13,5.495365e+01
1.564770e+13,7.897994e+01
1.621874e+13,7.897955e+01
3.123670e+13,7.899275e+01
1.157407e+13,7.899558e+01
4.246319e+13,3.465383e+01
4.448299e+14,5.441312e+01
1.640425e+14,4.870755e+01
4.530322e+13,4.246145e+01
2.452235e+14,5.705570e+01
3.954053e+13,4.342239e+01
1.070680e+13,7.899417e+01
1.987127e+13,7.898223e+01
2.917586e+13,2.822756e+01
6.487624e+13,3.807717e+01
1.646247e+13,7.899860e+01
1.076543e+13,6.703549e+01
5.315348e+13,5.126288e+01
5.115898e+13,5.927787e+01
1.524055e+13,4.999458e+00
1.220102e+13,7.899768e+01
2.177964e+13,7.899451e+01
1.801296e+15,8.000000e+01
1.801296e+15,8.000000e+01
5.564261e+13,3.879788e+01
1.352800e+13,7.898454e+01
4.497244e+13,3.117043e+01
3.101202e+13,3.525442e+01
3.999706e+14,5.717582e+01
3.635590e+14,5.969828e+01
1.333411e+14,5.693558e+01
1.856446e+14,7.369194e+01
3.056911e+13,2.966897e+01
2.287413e+13,7.895580e+01
7.374861e+13,4.780667e+01
5.435627e+13,7.898312e+01
1.658793e+13,7.899484e+01
6.805091e+13,5.375248e+01
1.437443e+14,4.600491e+01
9.348536e+13,4.204104e+01
9.387597e+13,4.252151e+01
3.059911e+13,2.732668e+01
1.527224e+14,5.014896e+01
7.837076e+14,8.000000e+01
2.267943e+15,8.000000e+01
2.267943e+15,8.000000e+01
2.267943e+15,8.000000e+01
2.267943e+15,8.000000e+01
2.267943e+15,8.000000e+01
2.543900e+13,7.899185e+01
9.256817e+13,5.483353e+01
8.294991e+13,6.306157e+01
8.294991e+13,6.306157e+01
2.307283e+14,5.050931e+01
7.789610e+13,6.011869e+01
7.789610e+13,6.011869e+01
3.091774e+13,3.189113e+01
8.395188e+13,4.534427e+01
6.281924e+13,4.342239e+01
1.774389e+14,5.615482e+01
1.181610e+14,8.000000e+01
1.181610e+14,8.000000e+01
2.890729e+13,7.137530e+01
1.202623e+14,7.321147e+01
4.775861e+13,4.162063e+01
1.723489e+13,7.899155e+01
4.121784e+13,4.264163e+01
4.121784e+13,7.107693e+01
6.421497e+14,8.000000e+01
6.421497e+14,8.000000e+01
1.111197e+13,7.899777e+01
8.015154e+13,6.954790e+01
8.015154e+13,6.954790e+01
3.675211e+13,3.897805e+01
4.320442e+13,4.450345e+01
4.217614e+13,3.231155e+01
1.060181e+14,4.588480e+01
3.258269e+13,2.798732e+01
1.172624e+13,7.899886e+01
2.043335e+13,7.897507e+01
3.050303e+13,2.540480e+01
6.993394e+13,3.729641e+01
2.840448e+14,8.000000e+01
2.840448e+14,8.000000e+01
1.271632e+13,7.899724e+01
5.657875e+13,6.714555e+01
1.545718e+13,7.899747e+01
1.707446e+13,7.899557e+01
9.015282e+13,7.795611e+01
1.014204e+13,5.685388e+01
3.015704e+14,8.000000e+01
3.015704e+14,8.000000e+01
3.015704e+14,8.000000e+01
2.727592e+13,2.990920e+01
5.628897e+14,8.000000e+01
5.628897e+14,8.000000e+01
2.927789e+13,6.211093e+01
9.439907e+13,5.969828e+01
5.845627e+14,8.000000e+01
9.599252e+13,5.327201e+01
1.252872e+13,7.899461e+01
1.274602e+13,7.899618e+01
1.039383e+14,8.000000e+01
2.269609e+13,7.899177e+01
2.024563e+13,2.330275e+01
2.778359e+13,7.897862e+01
5.940617e+13,5.056937e+01
1.688666e+14,8.000000e+01
1.688666e+14,8.000000e+01
3.164809e+13,7.871451e+01
1.599238e+14,5.074955e+01
2.221063e+14,8.000000e+01
2.221063e+14,8.000000e+01
2.715401e+14,7.393218e+01
6.332175e+13,7.899673e+01
1.815107e+14,7.921734e+01
2.553443e+14,8.000000e+01
2.553443e+14,7.956878e+01
2.538243e+13,7.898473e+01
4.990956e+13,3.801712e+01
8.740900e+13,8.000000e+01
3.742618e+14,8.000000e+01
3.742618e+14,8.000000e+01
1.170078e+14,5.651517e+01
2.723208e+13,7.899447e+01
5.072132e+13,7.900003e+01
5.072132e+13,7.899423e+01
1.165473e+14,4.762650e+01
1.615728e+13,7.899406e+01
4.098309e+15,7.411235e+01
1.501122e+13,3.911642e+01
9.950760e+12,7.894111e+01
2.057333e+13,7.891137e+01
2.114095e+14,5.056937e+01
9.242046e+13,4.468362e+01
2.016464e+13,5.073172e+01
1.523938e+13,7.899740e+01
2.274844e+13,7.899366e+01
2.730739e+15,8.000000e+01
6.980094e+13,4.576468e+01
7.732718e+13,4.378274e+01
1.413825e+13,7.897800e+01
2.656169e+13,7.899495e+01
1.399059e+14,8.000000e+01
1.399059e+14,8.000000e+01
3.625924e+13,3.471389e+01
3.478821e+13,3.513430e+01
7.351612e+13,6.408256e+01
2.002157e+13,4.999207e+00
1.572068e+13,4.999888e+00
8.697651e+13,6.894731e+01
2.511655e+13,2.522463e+01
3.475558e+13,2.948879e+01
2.693447e+14,8.000000e+01
3.386518e+13,3.381301e+01
3.105841e+13,7.932754e+01
7.017329e+13,4.708597e+01
3.771792e+13,3.014943e+01
3.781628e+13,4.204104e+01
2.128650e+13,7.899809e+01
1.027302e+13,7.899827e+01
9.054574e+14,3.044199e+01
1.417444e+13,7.873064e+01
1.274309e+13,7.899439e+01
1.541836e+14,5.092972e+01
6.359822e+13,5.807670e+01
5.925602e+13,4.882767e+01
6.773148e+13,6.684526e+01
2.252742e+13,5.000050e+00
1.446081e+14,7.927740e+01
5.283473e+13,7.899366e+01
5.283473e+13,7.899648e+01
1.219292e+14,4.252151e+01
9.117671e+14,7.471294e+01
1.320333e+13,7.849564e+01
9.656960e+13,4.534427e+01
2.154668e+13,7.899349e+01
1.306868e+13,7.899747e+01
1.498610e+13,7.891721e+01
7.553880e+14,7.987798e+01
4.185870e+13,3.165090e+01
2.914593e+13,2.822756e+01
1.573305e+14,6.143998e+01
1.036335e+13,7.896645e+01
8.873734e+13,4.666556e+01
6.035836e+13,4.300198e+01
1.070662e+14,7.357183e+01
2.635690e+13,7.899406e+01
1.378693e+15,8.000000e+01
2.867785e+16,8.000000e+01
2.867785e+16,8.000000e+01
3.609442e+13,2.780715e+01
1.012726e+14,6.071928e+01
4.770696e+13,3.014943e+01
4.998983e+13,5.327201e+01
5.359467e+13,3.471389e+01
3.199039e+13,3.081008e+01
5.566045e+13,5.489359e+01
3.087160e+13,3.100000e+01
3.229920e+13,7.897937e+01
2.008297e+13,7.899510e+01
4.360607e+13,7.899816e+01
9.738905e+13,5.387259e+01
2.914184e+13,3.026955e+01
1.033170e+14,4.414310e+01
5.686861e+13,3.567483e+01
2.600158e+13,7.899105e+01
4.566074e+13,3.483401e+01
2.174100e+14,5.513383e+01
6.154068e+13,5.086966e+01
1.072929e+14,6.168022e+01
5.922253e+14,8.000000e+01
8.666595e+13,3.969876e+01
4.252593e+13,4.660550e+01
1.295051e+14,4.999997e+00
1.295051e+14,4.999999e+00
4.700165e+13,4.738626e+01
2.212746e+14,7.381206e+01
3.770624e+14,7.453276e+01
2.982678e+13,2.876809e+01
1.785758e+14,6.324174e+01
4.848617e+13,7.899596e+01
4.848617e+13,7.898149e+01
1.789895e+14,3.293291e+01
2.323212e+13,7.875596e+01
6.366600e+13,4.618509e+01
3.517948e+14,8.000000e+01
3.517948e+14,8.000000e+01
2.282160e+14,8.000000e+01
1.515766e+14,8.000000e+01
1.515766e+14,8.000000e+01
1.035123e+13,7.899825e+01
1.464527e+13,7.899440e+01
4.974589e+13,5.537406e+01
1.725813e+13,7.899813e+01
1.141639e+14,4.864749e+01
1.168742e+13,7.898575e+01
2.495456e+13,2.498439e+01
9.530334e+13,4.780667e+01
9.583592e+13,3.498074e+01
3.231056e+13,7.899452e+01
1.839712e+13,7.899554e+01
8.041250e+13,4.204104e+01
3.245089e+14,8.000000e+01
3.245089e+14,8.000000e+01
1.313264e+15,8.000000e+01
1.313264e+15,8.000000e+01
1.004868e+13,7.899306e+01
3.977875e+13,3.159084e+01
5.215892e+14,7.699517e+01
2.999492e+15,8.000000e+01
2.999492e+15,8.000000e+01
2.999492e+15,8.000000e+01
1.285094e+13,4.999664e+00
1.656933e+13,7.863001e+01
4.312364e+13,3.411330e+01
1.070365e+14,5.699564e+01
1.280491e+15,7.645464e+01
9.824244e+13,5.543412e+01
2.025514e+14,8.000000e+01
1.152106e+13,7.881673e+01
6.095625e+13,4.924808e+01
1.844337e+14,5.177054e+01
4.728218e+13,7.898280e+01
5.487860e+13,3.903811e+01
3.723325e+14,5.927787e+01
7.178363e+13,8.000000e+01
8.576165e+13,5.921781e+01
1.141142e+14,5.243119e+01
3.981748e+13,3.579495e+01
1.888339e+13,3.895312e+01
2.283655e+14,6.618461e+01
6.069222e+13,4.552444e+01
2.172843e+13,7.892208e+01
8.632608e+13,4.492386e+01
1.532804e+14,5.591459e+01
3.816813e+13,3.237160e+01
3.494041e+14,6.360209e+01
2.844974e+14,7.939751e+01
3.392195e+15,8.000000e+01
4.582327e+13,3.939846e+01
7.676351e+13,6.306157e+01
7.676351e+13,6.306157e+01
2.566411e+13,2.786721e+01
8.302692e+13,8.000000e+01
8.302692e+13,8.000000e+01
7.345870e+13,6.330180e+01
1.579274e+14,6.360209e+01
1.626575e+16,8.000000e+01
1.626575e+16,8.000000e+01
1.152863e+13,7.898123e+01
3.622218e+13,4.174075e+01
1.285633e+13,7.899673e+01
1.811107e+13,7.898928e+01
7.840229e+13,4.168069e+01
9.184710e+13,8.000000e+01
1.103276e+15,8.000000e+01
1.299662e+13,7.906750e+01
6.725177e+13,4.696585e+01
2.147940e+15,8.000000e+01
2.147940e+15,8.000000e+01
2.147940e+15,8.000000e+01
2.147940e+15,8.000000e+01
1.344298e+13,3.705679e+01
1.944265e+16,5.783646e+01
1.630378e+13,7.899295e+01
9.136597e+14,8.000000e+01
9.136597e+14,8.000000e+01
9.136597e+14,8.000000e+01
9.136597e+14,8.000000e+01
1.731671e+13,7.086902e+01
8.482635e+13,4.552444e+01
2.116810e+13,7.894384e+01
6.847040e+13,3.675588e+01
3.875377e+13,4.029934e+01
2.448145e+13,2.594533e+01
1.745223e+14,8.000000e+01
1.745223e+14,8.000000e+01
1.839156e+13,7.896989e+01
3.074584e+13,2.822756e+01
9.508381e+13,8.000000e+01
2.676342e+13,7.898558e+01
3.001754e+13,3.399319e+01
1.836270e+13,7.899750e+01
6.525672e+13,4.234134e+01
7.358815e+13,4.089993e+01
2.254128e+13,2.504445e+01
1.832046e+14,8.000000e+01
1.832046e+14,8.000000e+01
1.832046e+14,8.000000e+01
1.251176e+14,2.481326e+01
1.837941e+13,7.890882e+01
6.055264e+13,5.615482e+01
4.617158e+13,4.876761e+01
1.684602e+14,6.402250e+01
7.786924e+13,3.999905e+01
3.286173e+13,3.050979e+01
2.212367e+14,4.894779e+01
3.860008e+13,5.000007e+00
3.860008e+13,7.899273e+01
1.618654e+13,4.999909e+00
8.511382e+15,8.000000e+01
1.482469e+14,4.870755e+01
2.851643e+13,3.056984e+01
1.703335e+13,7.899690e+01
2.914237e+13,7.897930e+01
3.845823e+14,8.000000e+01
4.086730e+14,8.000000e+01
1.717229e+14,2.280129e+01
1.585927e+13,4.999232e+00
4.656347e+13,3.651565e+01
1.241445e+13,7.898838e+01
1.222578e+14,4.786673e+01
1.679735e+14,5.897758e+01
1.831051e+13,7.899507e+01
5.522935e+15,8.000000e+01
1.042657e+14,6.582426e+01
2.175831e+14,8.000000e+01
4.901578e+14,8.000000e+01
4.901578e+14,8.000000e+01
1.364557e+14,8.000000e+01
1.433896e+14,8.000000e+01
1.433896e+14,8.000000e+01
1.433896e+14,8.000000e+01
4.412785e+13,3.837747e+01
2.738196e+14,6.684526e+01
4.514088e+14,8.000000e+01
4.798145e+14,5.883729e+01
8.405893e+16,8.000000e+01
8.405893e+16,8.000000e+01
3.161501e+13,4.114016e+01
1.070204e+14,4.414310e+01
2.139134e+14,6.756596e+01
1.446693e+14,7.747564e+01
1.041048e+13,7.899725e+01
2.372527e+14,2.695680e+01
2.257304e+13,7.888037e+01
2.047302e+14,5.921781e+01
1.368497e+13,7.897573e+01
1.344719e+14,5.705570e+01
2.657534e+13,3.273196e+01
2.458535e+14,8.000000e+01
2.458535e+14,8.000000e+01
5.586135e+13,3.855764e+01
2.404630e+13,7.899681e+01
3.210683e+14,6.552397e+01
2.415356e+15,8.000000e+01
1.573319e+13,7.899394e+01
2.809874e+14,8.000000e+01
2.809874e+14,8.000000e+01
2.193266e+13,7.899730e+01
5.058130e+13,4.558450e+01
9.640870e+13,4.858743e+01
4.453134e+13,2.762697e+01
1.638443e+13,4.999764e+00
3.664631e+13,3.723635e+01
2.535855e+13,2.858791e+01
3.749577e+13,3.633547e+01
5.232730e+13,4.108011e+01
2.671413e+13,7.897737e+01
7.536671e+13,5.321195e+01
3.208725e+13,7.898968e+01
8.165511e+13,3.885794e+01
5.206135e+13,3.507424e+01
1.429030e+14,8.000000e+01
1.429030e+14,8.000000e+01
1.209016e+14,8.000000e+01
1.209016e+14,8.000000e+01
2.765475e+18,8.000000e+01
1.488975e+14,8.000000e+01
1.488975e+14,8.000000e+01
2.462870e+13,2.504445e+01
1.268053e+18,8.000000e+01
1.268053e+18,8.000000e+01
1.027296e+13,7.899157e+01
2.284427e+14,6.534379e+01
6.115817e+13,3.939846e+01
1.220840e+14,8.000000e+01
4.882395e+13,7.899660e+01
4.882395e+13,7.899333e+01
7.884690e+13,3.795706e+01
8.454320e+15,8.000000e+01
8.454320e+15,8.000000e+01
6.705378e+13,4.348245e+01
4.659122e+14,8.000000e+01
4.659122e+14,8.000000e+01
1.295563e+13,7.899074e+01
4.098137e+13,7.898822e+01
2.875108e+13,3.303225e+01
4.798847e+14,8.000000e+01
3.536167e+13,3.399319e+01
9.707338e+13,6.456303e+01
1.027114e+14,5.000009e+00
1.027114e+14,4.999997e+00
1.063868e+14,5.711576e+01
4.695845e+13,4.648538e+01
3.543143e+13,3.056984e+01
5.493309e+13,5.165043e+01
5.493309e+13,5.000021e+00
1.749948e+13,7.899778e+01
1.354179e+14,4.984867e+01
1.754055e+16,6.228080e+01
2.299309e+14,6.960796e+01
1.670020e+14,4.888773e+01
1.181781e+14,7.777593e+01
1.181781e+14,7.777593e+01
4.308903e+13,4.258157e+01
3.396145e+13,4.999850e+00
1.479824e+14,4.222122e+01
3.133085e+13,2.768703e+01
1.971065e+13,7.897114e+01
1.830831e+14,8.000000e+01
2.481364e+13,7.929709e+01
2.383448e+14,5.062943e+01
2.571941e+13,2.912844e+01
6.125029e+13,3.765676e+01
2.161049e+13,7.930090e+01
3.897972e+14,6.426274e+01
9.839659e+13,4.999984e+00
9.839659e+13,8.000000e+01
5.913266e+13,3.831741e+01
6.088989e+13,5.315189e+01
2.016706e+13,7.899432e+01
3.896748e+13,3.207131e+01
8.704092e+13,7.056889e+01
1.090826e+13,7.899768e+01
1.514800e+13,7.899739e+01
8.212271e+13,3.675588e+01
4.761957e+13,4.840726e+01
1.026520e+14,7.917742e+01
3.893890e+14,8.000000e+01
3.893890e+14,8.000000e+01
5.648167e+13,4.666556e+01
6.931340e+13,6.162016e+01
6.733682e+14,6.636479e+01
4.066758e+13,5.000004e+00
4.066758e+13,5.123001e+01
2.112630e+14,5.567435e+01
4.926365e+13,3.921829e+01
1.067778e+14,8.000000e+01
1.067778e+14,8.000000e+01
1.067778e+14,8.000000e+01
1.885142e+13,7.898260e+01
5.151973e+13,3.819729e+01
2.101409e+14,8.000000e+01
6.632095e+16,6.210063e+01
3.131171e+13,7.893190e+01
7.373466e+13,5.903764e+01
7.373466e+13,5.903764e+01
1.998839e+15,8.000000e+01
3.902278e+13,3.597512e+01
2.198871e+14,5.639506e+01
7.314558e+13,4.756644e+01
2.811468e+13,7.916742e+01
8.445274e+13,6.684526e+01
2.039100e+13,7.899683e+01
1.890796e+13,7.899713e+01
4.868306e+14,7.405230e+01
1.256893e+14,5.609476e+01
1.536174e+13,7.898540e+01
8.273618e+13,5.219095e+01
4.008228e+14,8.000000e+01
4.008228e+14,8.000000e+01
5.509964e+13,4.138040e+01
1.853818e+14,6.294145e+01
5.722567e+14,8.000000e+01
1.053605e+13,7.898980e+01
7.667364e+13,4.480374e+01
1.290429e+13,7.899530e+01
7.211943e+13,5.097587e+01
2.226790e+15,8.000000e+01
1.510262e+13,7.899813e+01
6.787056e+13,5.000030e+00
3.941137e+14,6.672514e+01
6.646484e+13,5.387259e+01
6.646484e+13,5.387259e+01
3.417982e+13,2.756691e+01
1.484119e+14,8.000000e+01
7.201261e+13,4.732620e+01
1.425068e+15,7.567388e+01
5.089185e+13,3.933841e+01
1.105879e+14,5.189066e+01
2.844282e+14,7.639458e+01
2.877172e+13,4.999646e+00
1.721206e+14,8.000000e+01
5.906169e+13,4.516409e+01
1.203602e+13,7.899855e+01
5.240668e+14,8.000000e+01
5.240668e+14,8.000000e+01
9.937356e+13,6.846684e+01
3.128324e+13,7.899831e+01
3.948741e+13,3.375295e+01
1.026669e+13,7.899122e+01
2.217372e+13,7.899555e+01
6.678292e+13,2.294189e+01
2.956843e+13,2.798732e+01
2.965465e+13,2.666603e+01
7.375461e+13,7.393218e+01
7.375461e+13,4.999971e+00
2.832776e+14,5.531400e+01
4.755566e+13,7.896751e+01
4.337768e+14,8.000000e+01
4.337768e+14,8.000000e+01
6.807972e+13,5.159037e+01
1.559778e+13,7.899702e+01
9.350906e+13,7.831646e+01
9.350906e+13,7.831646e+01
3.503166e+14,8.000000e+01
2.189331e+13,7.899454e+01
1.666453e+13,7.898637e+01
1.955351e+13,6.243734e+01
3.303745e+13,7.899427e+01
6.140920e+13,3.561477e+01
5.432826e+13,3.405325e+01
1.659205e+13,7.895851e+01
2.867467e+14,7.231060e+01
1.076462e+13,7.896340e+01
6.580098e+15,8.000000e+01
2.322431e+13,2.384328e+01
1.960109e+13,7.898606e+01
1.988130e+14,7.585405e+01
5.597093e+13,3.663577e+01
2.215369e+14,7.032866e+01
1.998487e+14,6.456303e+01
3.317453e+13,7.899035e+01
5.256624e+13,3.543459e+01
6.089977e+13,7.899403e+01
6.089977e+13,7.899732e+01
1.440431e+13,7.899690e+01
1.398144e+13,7.899828e+01
2.151924e+14,8.000000e+01
3.879788e+13,5.000051e+00
3.879788e+13,7.896471e+01
6.653592e+13,3.873782e+01
4.054260e+18,8.000000e+01
4.054260e+18,8.000000e+01
4.054260e+18,8.000000e+01
4.419376e+13,4.324222e+01
5.275897e+13,5.000049e+00
5.275897e+13,5.969828e+01
1.659129e+13,7.898455e+01
1.642631e+13,7.898898e+01
1.233885e+14,4.792679e+01
1.753522e+13,7.899646e+01
2.200483e+13,2.390334e+01
5.348152e+14,8.000000e+01
5.348152e+14,8.000000e+01
6.477945e+13,5.279154e+01
7.680857e+15,8.000000e+01
3.538494e+14,8.000000e+01
1.086849e+14,5.591459e+01
5.630294e+13,4.138040e+01
1.761575e+13,4.999847e+00
3.400944e+13,3.855764e+01
1.939238e+13,7.898887e+01
1.409033e+14,4.852738e+01
1.363460e+13,4.999836e+00
6.523535e+13,4.216116e+01
2.348390e+13,2.606545e+01
4.052825e+13,3.123049e+01
1.072622e+14,4.258157e+01
2.964792e+14,6.288139e+01
1.058196e+14,4.480374e+01
2.264495e+15,8.000000e+01
1.183364e+13,4.999861e+00
1.003836e+13,7.899467e+01
2.033179e+14,8.000000e+01
2.033179e+14,8.000000e+01
1.979480e+13,7.899895e+01
5.359113e+13,7.896196e+01
5.359113e+13,7.897307e+01
1.032929e+13,7.899604e+01
7.463137e+13,3.843753e+01
4.679556e+13,3.807717e+01
1.444162e+13,7.899801e+01
2.977797e+13,4.999110e+00
5.036095e+13,4.456351e+01
4.782728e+13,3.783694e+01
2.508290e+13,2.528468e+01
2.738819e+13,7.899245e+01
4.686830e+13,3.849758e+01
1.446189e+14,6.312707e+01
6.905484e+14,8.000000e+01
6.905484e+14,8.000000e+01
2.793969e+13,2.972902e+01
1.357446e+13,7.899326e+01
3.421087e+13,7.899746e+01
3.421087e+13,7.899639e+01
1.910599e+17,8.000000e+01
1.910599e+17,8.000000e+01
2.824499e+13,7.899081e+01
7.083062e+13,7.898914e+01
7.083062e+13,7.898390e+01
5.398816e+13,3.621536e+01
3.304667e+13,5.501841e+01
2.152586e+13,7.895376e+01
2.090267e+13,7.897036e+01
6.319729e+13,7.899761e+01
1.705371e+14,8.000000e+01
1.705371e+14,8.000000e+01
7.078050e+13,4.840726e+01
2.954004e+13,3.002932e+01
2.427851e+13,7.899168e+01
1.679953e+14,5.062943e+01
3.335419e+13,7.896369e+01
2.836550e+13,3.351272e+01
7.660206e+13,4.972855e+01
6.564646e+13,3.813723e+01
1.040365e+13,6.503704e+01
5.384991e+14,8.000000e+01
5.384991e+14,8.000000e+01
5.094057e+13,6.228080e+01
2.620543e+13,2.738674e+01
1.345485e+13,7.899661e+01
1.798039e+13,7.899809e+01
3.869813e+13,7.897660e+01
1.413569e+13,5.000586e+00
1.636181e+14,5.729594e+01
2.194849e+13,2.468410e+01
1.166444e+13,7.899315e+01
3.013844e+14,8.000000e+01
3.013844e+14,8.000000e+01
1.809501e+14,4.534427e+01
1.528879e+13,7.899687e+01
3.052818e+13,7.898368e+01
2.628737e+13,7.899407e+01
1.487372e+13,7.898237e+01
5.395992e+13,5.213089e+01
3.385695e+13,7.893115e+01
2.008647e+13,7.897256e+01
2.444895e+13,7.898434e+01
1.882858e+14,5.957816e+01
7.017878e+13,3.651565e+01
2.319735e+13,7.899543e+01
2.408879e+13,4.999463e+00
3.480585e+13,7.859470e+01
1.124065e+15,8.000000e+01
1.124065e+15,8.000000e+01
3.064629e+13,3.026955e+01
1.770122e+13,7.897861e+01
5.208674e+14,8.000000e+01
5.208674e+14,8.000000e+01
5.208674e+14,8.000000e+01
1.773615e+13,4.999931e+00
3.773460e+14,7.681499e+01
5.925079e+13,3.573489e+01
1.951104e+13,7.899641e+01
2.507390e+13,7.928386e+01
2.103794e+14,6.258110e+01
1.991254e+13,7.898030e+01
1.825689e+13,7.899529e+01
1.716100e+13,7.899747e+01
2.036724e+13,7.899151e+01
1.365537e+14,6.786626e+01
6.750094e+13,5.237113e+01
5.125167e+14,7.933746e+01
5.125167e+14,7.933746e+01
2.445347e+13,7.899391e+01
8.352676e+13,5.351224e+01
1.337028e+14,4.606497e+01
1.900567e+13,7.898879e+01
1.351162e+14,4.954837e+01
2.224829e+16,8.000000e+01
8.992309e+12,2.499692e+01
9.160644e+13,5.609476e+01
3.659753e+14,6.378227e+01
2.610306e+13,5.407832e+01
1.315054e+13,7.898871e+01
1.498577e+13,7.896808e+01
7.081784e+13,4.660550e+01
1.845763e+14,7.453276e+01
1.933932e+13,7.905558e+01
8.183118e+13,3.873782e+01
1.805352e+14,6.107963e+01
1.490464e+13,7.899645e+01
2.484163e+13,7.899254e+01
2.789440e+13,7.899502e+01
2.789440e+13,5.000000e+00
2.722738e+13,7.899354e+01
3.004265e+14,8.000000e+01
3.004265e+14,8.000000e+01
1.537124e+13,7.899451e+01
1.535141e+13,7.899418e+01
2.275258e+13,2.099336e+01
2.247905e+13,2.498439e+01
1.371641e+13,7.898679e+01
1.153865e+14,6.468315e+01
1.483290e+13,7.899653e+01
2.495557e+13,2.792726e+01
3.562350e+13,7.899521e+01
2.229226e+13,2.570510e+01
3.409362e+13,2.990920e+01
1.879494e+13,7.899470e+01
4.809529e+13,3.861770e+01
8.448343e+13,5.531400e+01
2.995422e+13,2.750685e+01
2.583028e+13,2.624562e+01
8.435300e+14,8.000000e+01
1.536294e+14,7.519341e+01
9.514348e+12,7.899538e+01
3.677070e+13,3.032961e+01
4.572466e+14,8.000000e+01
2.605380e+13,7.899460e+01
4.640212e+13,3.687600e+01
2.535206e+13,7.895692e+01
1.085864e+14,6.029887e+01
5.733056e+13,4.414310e+01
1.365496e+13,7.896368e+01
2.096308e+13,7.898376e+01
4.413448e+14,8.000000e+01
2.408760e+13,2.798732e+01
1.020369e+14,7.495318e+01
2.077174e+14,8.000000e+01
2.077174e+14,8.000000e+01
1.255859e+13,7.894571e+01
3.039013e+13,7.898860e+01
1.324955e+13,4.999893e+00
2.065238e+13,6.832538e+01
2.154366e+13,7.899674e+01
7.521540e+13,4.336233e+01
3.276231e+14,8.000000e+01
3.276231e+14,8.000000e+01
4.004112e+13,7.899407e+01
4.004112e+13,4.999997e+00
4.665574e+13,3.621536e+01
6.805437e+13,3.771682e+01
1.532843e+14,5.783646e+01
4.700977e+13,7.893966e+01
2.069327e+13,2.234181e+01
1.701606e+13,7.899444e+01
4.119114e+13,3.951858e+01
4.458951e+13,2.876809e+01
1.509001e+13,7.899626e+01
1.280625e+14,8.000000e+01
1.280625e+14,8.000000e+01
1.961928e+14,6.137992e+01
6.701410e+14,8.000000e+01
2.865563e+13,2.858791e+01
1.154999e+14,4.210110e+01
2.685092e+15,8.000000e+01
4.726264e+15,8.000000e+01
1.175115e+13,7.899734e+01
1.445343e+13,7.899529e+01
3.343811e+13,3.002932e+01
1.945715e+13,7.882079e+01
1.417524e+14,4.870755e+01
8.296429e+13,5.153031e+01
2.256865e+14,8.000000e+01
2.256865e+14,8.000000e+01
1.595303e+14,6.131987e+01
1.560566e+13,7.899318e+01
1.373599e+14,6.414262e+01
2.452295e+13,2.732668e+01
1.111440e+18,8.000000e+01
1.111440e+18,8.000000e+01
3.585192e+14,8.000000e+01
4.385431e+13,3.699612e+01
5.406830e+13,5.525394e+01
4.063283e+13,4.330228e+01
2.123541e+13,7.899856e+01
1.968391e+13,4.512582e+01
1.400597e+13,7.896927e+01
7.226630e+13,4.846732e+01
2.790004e+13,2.978908e+01
2.823563e+13,3.213137e+01
1.673619e+13,1.933888e+01
1.225441e+14,8.000000e+01
1.225441e+14,8.000000e+01
4.817216e+13,3.375295e+01
4.115682e+13,3.104929e+01
8.691912e+13,8.000000e+01
1.285078e+13,7.897449e+01
9.081194e+13,5.693558e+01
2.427071e+13,5.000378e+00
7.361138e+13,7.183013e+01
2.868284e+13,2.732668e+01
1.247250e+13,7.897253e+01
9.458945e+13,5.513383e+01
8.297265e+14,8.000000e+01
3.108000e+13,7.895203e+01
2.310721e+13,2.486427e+01
5.673258e+14,8.000000e+01
2.510310e+13,2.822756e+01
1.265536e+13,4.295310e+01
3.394899e+13,3.417336e+01
3.825436e+13,7.898902e+01
3.825436e+13,7.899183e+01
4.811983e+13,4.972855e+01
1.935798e+14,5.153031e+01
1.498076e+13,4.999491e+00
1.416626e+13,7.873986e+01
2.288570e+13,7.898054e+01
2.318877e+13,7.894817e+01
3.919411e+13,3.465383e+01
2.855007e+13,2.792726e+01
1.273780e+14,5.447318e+01
4.975609e+14,8.000000e+01
3.893960e+13,3.351272e+01
2.727145e+16,8.000000e+01
2.727145e+16,8.000000e+01
5.459250e+13,5.195072e+01
4.629642e+13,7.922369e+01
4.629642e+13,6.522368e+01
8.371132e+13,5.000019e+00
8.371132e+13,4.999969e+00
4.125104e+13,3.585500e+01
1.050057e+14,4.468362e+01
3.131033e+13,7.899749e+01
1.244999e+14,4.900785e+01
4.421977e+13,3.441360e+01
5.193153e+13,3.519436e+01
1.575218e+13,6.485870e+01
1.780666e+13,7.898080e+01
5.760487e+13,4.858743e+01
1.156450e+14,5.723588e+01
1.735931e+14,2.688925e+01
2.514588e+13,4.999941e+00
1.193150e+13,7.899762e+01
1.515631e+14,7.591411e+01
1.752668e+14,8.000000e+01
1.326393e+14,6.288139e+01
1.326393e+14,6.288139e+01
2.235915e+13,7.886294e+01
1.587578e+14,8.000000e+01
2.602140e+15,7.219048e+01
6.566561e+13,4.041946e+01
3.247640e+13,7.899932e+01
3.247640e+13,7.899840e+01
9.105333e+13,8.000000e+01
7.808495e+13,4.186087e+01
8.741438e+13,4.270169e+01
1.077375e+14,2.692897e+01
2.249190e+13,7.899473e+01
1.388199e+19,8.000000e+01
1.388199e+19,8.000000e+01
1.505799e+14,8.000000e+01
5.461482e+13,3.303225e+01
2.577788e+13,7.898634e+01
1.969987e+13,7.898314e+01
2.232822e+13,1.500000e+01
4.015889e+15,8.000000e+01
4.015889e+15,8.000000e+01
6.289432e+14,8.000000e+01
6.289432e+14,8.000000e+01
4.610482e+13,5.092972e+01
3.265822e+13,7.923912e+01
3.692538e+13,3.123049e+01
1.783712e+13,7.898757e+01
2.396032e+14,5.627494e+01
9.973125e+13,7.171001e+01
1.166107e+13,7.899878e+01
5.909436e+14,8.000000e+01
5.909436e+14,8.000000e+01
5.909436e+14,8.000000e+01
4.888893e+13,3.597512e+01
3.306315e+14,8.000000e+01
3.306315e+14,8.000000e+01
3.934772e+13,3.105031e+01
3.753787e+13,3.849758e+01
3.075070e+16,8.000000e+01
3.075070e+16,8.000000e+01
2.039685e+13,7.115666e+01
1.472322e+14,8.000000e+01
1.472322e+14,8.000000e+01
2.962185e+14,8.000000e+01
7.356140e+13,4.570462e+01
2.376598e+14,8.000000e+01
1.276189e+14,5.639506e+01
2.486234e+13,7.899759e+01
1.258155e+13,7.899636e+01
2.352258e+13,7.918501e+01
3.641255e+14,6.270121e+01
6.252245e+13,3.375295e+01
1.656836e+13,6.488601e+01
2.456693e+13,7.898452e+01
3.100828e+13,2.726662e+01
1.200042e+13,1.700000e+01
4.191581e+13,3.867776e+01
1.521339e+13,7.899472e+01
1.405454e+14,7.579400e+01
1.405454e+14,7.579400e+01
3.181703e+13,2.840773e+01
1.305603e+14,6.174028e+01
1.235099e+14,8.000000e+01
2.162911e+13,7.899275e+01
7.390734e+13,4.174075e+01
1.142542e+13,7.899569e+01
1.491254e+14,5.993852e+01
3.348915e+13,2.876809e+01
6.684177e+13,3.597512e+01
3.845534e+13,7.899793e+01
1.558972e+13,7.899897e+01
1.684021e+13,7.893241e+01
4.171182e+14,8.000000e+01
4.343335e+13,4.035940e+01
1.480605e+14,5.573441e+01
1.749768e+13,7.899502e+01
1.319204e+13,7.899864e+01
5.614285e+14,8.000000e+01
5.614285e+14,8.000000e+01
1.895335e+13,7.899509e+01
2.994878e+15,8.000000e+01
7.656831e+12,2.099036e+01
4.818619e+13,7.897425e+01
4.818619e+13,5.000017e+00
2.492890e+13,2.462404e+01
2.117479e+14,8.000000e+01
2.117479e+14,8.000000e+01
3.071143e+15,8.000000e+01
1.255450e+13,1.183155e+01
6.739800e+13,5.243119e+01
1.585035e+13,7.898817e+01
3.182571e+13,3.165090e+01
1.934529e+14,5.453324e+01
2.451211e+13,7.899655e+01
1.070349e+13,7.866560e+01
4.297786e+13,4.786673e+01
1.325781e+14,4.798685e+01
4.614001e+13,3.825735e+01
1.400260e+14,8.000000e+01
5.573814e+13,4.065970e+01
4.887190e+13,3.987893e+01
6.700405e+13,5.000024e+00
6.700405e+13,7.110942e+01
1.581221e+13,7.899253e+01
2.956934e+13,2.774709e+01
2.353487e+13,2.414357e+01
1.687257e+13,7.899691e+01
9.013744e+13,8.000000e+01
1.269313e+14,4.840726e+01
2.616648e+13,4.916038e+01
1.195173e+13,7.898995e+01
1.377523e+13,7.899345e+01
1.603048e+13,7.899836e+01
9.057574e+13,4.882767e+01
1.789550e+14,8.000000e+01
1.789550e+14,8.000000e+01
1.511944e+14,6.762602e+01
1.148021e+13,7.899787e+01
1.981666e+13,4.999873e+00
7.978969e+13,4.570462e+01
1.231486e+14,4.954837e+01
3.637174e+14,7.513335e+01
5.500748e+13,7.899653e+01
5.500748e+13,6.480327e+01
3.924284e+13,7.890659e+01
1.242871e+14,7.110942e+01
1.003746e+14,5.831693e+01
1.003746e+14,5.831693e+01
4.057867e+15,8.000000e+01
4.057867e+15,8.000000e+01
4.057867e+15,8.000000e+01
4.057867e+15,8.000000e+01
2.669339e+13,2.732668e+01
2.125421e+13,7.899415e+01
3.749841e+13,7.899693e+01
6.830678e+13,4.150052e+01
2.631682e+14,5.747611e+01
2.449911e+13,2.705363e+01
3.018315e+13,2.990920e+01
2.802830e+17,8.000000e+01
2.802830e+17,8.000000e+01
1.346572e+14,3.886903e+01
2.168243e+13,2.408351e+01
9.758492e+12,7.897733e+01
9.712044e+13,6.960796e+01
2.661832e+13,7.899337e+01
6.548458e+14,8.000000e+01
6.548458e+14,8.000000e+01
6.079982e+13,6.522368e+01
1.465896e+13,4.894654e+01
5.072566e+13,3.789700e+01
3.016258e+13,2.942873e+01
8.835473e+13,8.000000e+01
1.062267e+14,8.000000e+01
1.062267e+14,8.000000e+01
1.150575e+14,4.692775e+01
1.613147e+14,5.507377e+01
1.818685e+14,4.930814e+01
3.681180e+14,7.747564e+01
7.755191e+13,4.156057e+01
1.065871e+13,7.899292e+01
1.217270e+13,7.899727e+01
7.673199e+13,6.252104e+01
8.374847e+13,8.000000e+01
3.627419e+13,3.225149e+01
2.149619e+13,7.899056e+01
1.679885e+13,7.899652e+01
3.854711e+13,7.899564e+01
1.920313e+13,7.899766e+01
1.747091e+14,7.399224e+01
1.866690e+14,4.882767e+01
6.876677e+13,4.035940e+01
2.048025e+14,8.000000e+01
2.045187e+13,7.899110e+01
1.032646e+14,8.000000e+01
1.032646e+14,8.000000e+01
1.585574e+14,8.000000e+01
1.461967e+14,4.660550e+01
1.042349e+13,7.703881e+01
9.082864e+13,4.954837e+01
5.214563e+13,4.654544e+01
1.315362e+13,7.898991e+01
2.155504e+13,7.899125e+01
1.960761e+13,7.899879e+01
1.743786e+13,3.901425e+01
1.638392e+13,7.899520e+01
2.420056e+13,2.540480e+01
3.719678e+13,4.384280e+01
1.872988e+13,7.852636e+01
3.784870e+13,4.708597e+01
1.633440e+13,7.899552e+01
3.592546e+13,3.297219e+01
2.863770e+13,2.660597e+01
1.602699e+13,7.899634e+01
2.034874e+13,7.899854e+01
2.644868e+13,2.894826e+01
1.588355e+14,5.297172e+01
2.568182e+14,5.471342e+01
1.151687e+14,8.000000e+01
1.022082e+14,8.000000e+01
9.415363e+13,5.369242e+01
3.540531e+13,7.899455e+01
5.601249e+13,7.899470e+01
7.855580e+14,8.000000e+01
9.216623e+13,8.000000e+01
9.216623e+13,8.000000e+01
1.513509e+14,7.525347e+01
6.245010e+13,3.573489e+01
3.575501e+13,7.899715e+01
3.575501e+13,4.999997e+00
8.977866e+13,4.252151e+01
2.383177e+14,8.000000e+01
2.383177e+14,5.000000e+00
2.383177e+14,4.999990e+00
1.003345e+14,5.273148e+01
2.384935e+14,6.005863e+01
4.275934e+13,3.705618e+01
3.839767e+13,2.948879e+01
5.466197e+13,3.945852e+01
2.190966e+13,7.899216e+01
5.478273e+14,8.000000e+01
4.943415e+13,3.675588e+01
2.160791e+13,2.384328e+01
8.950590e+12,7.899796e+01
1.518040e+13,6.805623e+01
1.349715e+13,7.897782e+01
1.526345e+13,7.898154e+01
1.611994e+13,7.898091e+01
2.012963e+15,8.000000e+01
3.241111e+13,3.297219e+01
2.023640e+13,4.999950e+00
4.831288e+13,7.899426e+01
4.831288e+13,5.000004e+00
4.228623e+13,4.162063e+01
2.360851e+14,7.333159e+01
3.398414e+13,7.899278e+01
1.203070e+14,5.879740e+01
5.886263e+13,4.150052e+01
1.466099e+14,7.465288e+01
9.675700e+12,7.899442e+01
1.347058e+13,7.899742e+01
3.149370e+13,3.561477e+01
1.995084e+13,4.854394e+01
6.358047e+13,5.327201e+01
3.482086e+13,3.375295e+01
1.255152e+13,7.899487e+01
3.249781e+13,2.924855e+01
2.622156e+13,3.008938e+01
5.000008e+15,8.000000e+01
2.243385e+13,7.825487e+01
1.053450e+14,5.399271e+01
1.750613e+14,6.240092e+01
6.124689e+13,7.899366e+01
6.124689e+13,4.999996e+00
3.473547e+13,3.165090e+01
1.260882e+13,7.899663e+01
1.246505e+13,7.897111e+01
5.632008e+13,5.429301e+01
3.175357e+17,5.014896e+01
1.356361e+14,8.000000e+01
1.356361e+14,8.000000e+01
1.138911e+13,7.898899e+01
5.487769e+13,3.873782e+01
4.241976e+13,3.447366e+01
2.547585e+13,7.898481e+01
2.296769e+13,2.672609e+01
5.340157e+13,4.186087e+01
2.001330e+13,7.108363e+01
5.864354e+13,4.540433e+01
2.898514e+15,8.000000e+01
2.898514e+15,8.000000e+01
3.997107e+13,4.150052e+01
6.879051e+12,7.899828e+01
7.696648e+13,6.041899e+01
1.136811e+14,8.000000e+01
1.136811e+14,8.000000e+01
2.195567e+13,7.899387e+01
1.115160e+13,7.894300e+01
1.246755e+15,8.000000e+01
1.831748e+13,7.899574e+01
9.775605e+13,3.945852e+01
9.895977e+13,4.210110e+01
1.747702e+13,7.899235e+01
2.700953e+14,6.918755e+01
1.223812e+14,8.000000e+01
1.223812e+14,4.999990e+00
1.212182e+14,8.000000e+01
1.212182e+14,8.000000e+01
1.212182e+14,8.000000e+01
1.305063e+13,7.898661e+01
3.347043e+14,6.810649e+01
1.026412e+15,8.000000e+01
1.453750e+13,7.279578e+01
1.147970e+14,7.183013e+01
1.147970e+14,7.183013e+01
6.321702e+13,6.432280e+01
1.746102e+13,7.898860e+01
6.147318e+13,7.899751e+01
6.147318e+13,5.795658e+01
2.659385e+14,8.000000e+01
6.222595e+15,8.000000e+01
3.866266e+13,4.630521e+01
3.866266e+13,5.000003e+00
1.075297e+14,7.008843e+01
1.075297e+14,7.008843e+01
2.547798e+13,4.107659e+01
1.999169e+15,8.000000e+01
1.999169e+15,8.000000e+01
1.630512e+14,5.020902e+01
1.467949e+14,8.000000e+01
1.467949e+14,8.000000e+01
1.704283e+13,7.898054e+01
5.588035e+14,8.000000e+01
3.060584e+13,7.739633e+01
1.261033e+14,5.573441e+01
4.809162e+13,5.000003e+00
4.809162e+13,4.972855e+01
1.862260e+13,7.894079e+01
2.394473e+13,7.899249e+01
4.348703e+13,4.408304e+01
9.638381e+12,7.899873e+01
7.498246e+13,8.000000e+01
7.498246e+13,8.000000e+01
1.541993e+13,7.898858e+01
6.795934e+13,3.579495e+01
8.225589e+13,3.849758e+01
9.667999e+12,7.899843e+01
4.124106e+13,4.999950e+00
2.350034e+13,7.899721e+01
1.503380e+13,7.894761e+01
1.288178e+15,8.000000e+01
1.288178e+15,8.000000e+01
1.542632e+13,7.899755e+01
2.205359e+14,8.000000e+01
2.205359e+14,8.000000e+01
5.199531e+13,3.429348e+01
2.259897e+13,2.348293e+01
1.279897e+14,6.162016e+01
2.498888e+13,2.894826e+01
8.732652e+13,8.000000e+01
8.732652e+13,8.000000e+01
6.412703e+13,4.582474e+01
2.150027e+14,8.000000e+01
4.475866e+13,3.423342e+01
2.055068e+14,6.798637e+01
1.636885e+13,7.899174e+01
1.002241e+13,7.899674e+01
3.679574e+13,3.993899e+01
3.878928e+13,3.423342e+01
2.233581e+13,2.486427e+01
1.403277e+13,7.899652e+01
5.459361e+13,3.207131e+01
1.249212e+13,7.896680e+01
2.605627e+13,3.183108e+01
2.555379e+13,4.999863e+00
3.453759e+13,3.291213e+01
6.721466e+14,8.000000e+01
8.648388e+13,5.693558e+01
6.099788e+13,4.894779e+01
4.508077e+14,8.000000e+01
1.587659e+14,8.000000e+01
1.587659e+14,8.000000e+01
2.316164e+13,2.534474e+01
6.839495e+14,8.000000e+01
6.839495e+14,8.000000e+01
9.643570e+13,7.579400e+01
2.184256e+13,7.898022e+01
2.731634e+13,2.900832e+01
4.624137e+14,6.948784e+01
2.160437e+14,8.000000e+01
2.622721e+13,7.899523e+01
1.216102e+14,4.528421e+01
3.464172e+13,3.153078e+01
2.304601e+14,6.125981e+01
1.176581e+14,7.351177e+01
3.435984e+16,8.000000e+01
1.315396e+14,6.059916e+01
6.743537e+13,3.843753e+01
3.874770e+13,4.330228e+01
1.777611e+16,8.000000e+01
4.806117e+13,7.899344e+01
7.122671e+13,5.789652e+01
5.209231e+14,6.330180e+01
1.039097e+15,8.000000e+01
1.039097e+15,8.000000e+01
2.829446e+13,2.618556e+01
3.336106e+13,3.597512e+01
4.585621e+13,3.100186e+01
1.396497e+14,4.864749e+01
1.391312e+13,7.899635e+01
2.075522e+13,7.899712e+01
1.039373e+14,7.981792e+01
9.164881e+12,7.898769e+01
1.927604e+14,4.834720e+01
6.301922e+13,4.246145e+01
9.385463e+14,8.000000e+01
1.746750e+16,8.000000e+01
2.188069e+14,7.825640e+01
3.039106e+13,2.780715e+01
1.486471e+13,7.899888e+01
8.446789e+13,3.489407e+01
3.868895e+13,3.573489e+01
4.357549e+13,3.843753e+01
3.526870e+13,4.792679e+01
1.104140e+13,7.899853e+01
2.927367e+13,7.891196e+01
1.168208e+14,8.000000e+01
1.168208e+14,8.000000e+01
1.112558e+14,5.056937e+01
2.141676e+14,8.000000e+01
2.141676e+14,8.000000e+01
1.822374e+13,7.899166e+01
3.213382e+13,3.561477e+01
1.420926e+13,7.899715e+01
1.213576e+13,7.899725e+01
1.205098e+13,7.899847e+01
1.572882e+13,7.899854e+01
3.547438e+14,6.089945e+01
2.165543e+14,8.000000e+01
2.165543e+14,8.000000e+01
2.165543e+14,8.000000e+01
3.652565e+14,8.000000e+01
1.452403e+13,7.899655e+01
4.916594e+13,4.720609e+01
4.916594e+13,4.720609e+01
1.657418e+14,8.000000e+01
1.657418e+14,8.000000e+01
5.122898e+13,3.315237e+01
8.574357e+12,7.899433e+01
5.450060e+13,6.276127e+01
5.450060e+13,5.000003e+00
2.352049e+13,7.899619e+01
1.580245e+13,7.899801e+01
3.261822e+13,4.941841e+01
1.207330e+14,8.000000e+01
1.207330e+14,8.000000e+01
5.042195e+13,5.369242e+01
1.011923e+17,8.000000e+01
1.011923e+17,8.000000e+01
1.197029e+14,4.714603e+01
1.139369e+13,7.899759e+01
2.473324e+13,7.899449e+01
9.361434e+12,7.897038e+01
2.023712e+15,8.000000e+01
1.858787e+13,7.892906e+01
7.337903e+13,4.288186e+01
1.352875e+14,8.000000e+01
1.352875e+14,8.000000e+01
3.932921e+13,3.303225e+01
4.917907e+13,4.828714e+01
2.327682e+13,2.630568e+01
3.419140e+13,3.345266e+01
7.325663e+14,8.000000e+01
1.382412e+14,8.000000e+01
5.306840e+13,7.898676e+01
3.489336e+13,2.978908e+01
6.856238e+13,4.258157e+01
2.867299e+13,2.642580e+01
3.703183e+14,8.000000e+01
2.409425e+13,7.897371e+01
3.159293e+14,7.711529e+01
3.014207e+13,2.720656e+01
1.815066e+13,7.898783e+01
5.962765e+13,3.267190e+01
2.715859e+13,7.899926e+01
2.715859e+13,7.899888e+01
3.575036e+13,3.297219e+01
1.694308e+13,7.897200e+01
2.604678e+13,7.898706e+01
1.381418e+14,8.000000e+01
1.381418e+14,8.000000e+01
7.108273e+13,4.564456e+01
1.642168e+13,7.899582e+01
2.393486e+14,6.810649e+01
2.036097e+14,8.000000e+01
9.262971e+14,8.000000e+01
9.262971e+14,8.000000e+01
3.778686e+14,8.000000e+01
2.910621e+13,7.891298e+01
2.575589e+13,7.898148e+01
6.089682e+14,8.000000e+01
6.089682e+14,8.000000e+01
1.784592e+13,7.899116e+01
1.650599e+14,8.000000e+01
1.650599e+14,8.000000e+01
1.068765e+14,7.423247e+01
2.937852e+14,8.000000e+01
4.751054e+13,2.720656e+01
2.111978e+13,7.922487e+01
2.141583e+13,7.891955e+01
1.024594e+13,7.899685e+01
1.456151e+13,7.898466e+01
1.246630e+13,7.898924e+01
1.806080e+13,7.899862e+01
1.384808e+14,8.000000e+01
6.522542e+13,3.561477e+01
8.071180e+14,6.522368e+01
3.318601e+13,7.899365e+01
2.047697e+13,7.890032e+01
6.484074e+13,5.849711e+01
1.356664e+13,1.899399e+01
1.084738e+13,4.999851e+00
1.237464e+14,6.131987e+01
3.988720e+13,3.723635e+01
4.915450e+13,3.879788e+01
1.099886e+13,7.899827e+01
1.086924e+15,8.000000e+01
1.086924e+15,8.000000e+01
4.511179e+13,3.363284e+01
5.073463e+13,3.561477e+01
2.368896e+13,6.677407e+01
1.292076e+13,7.896124e+01
2.044510e+14,8.000000e+01
4.293926e+13,3.687600e+01
2.739295e+13,7.899658e+01
2.785485e+13,7.933831e+01
6.500787e+14,7.663482e+01
1.859486e+13,7.898660e+01
1.383919e+14,5.369242e+01
1.487611e+13,7.883272e+01
1.663822e+13,7.899804e+01
1.647636e+14,5.963822e+01
2.091868e+13,7.899620e+01
2.431193e+14,7.158989e+01
1.052180e+13,7.894192e+01
1.929433e+13,7.897450e+01
3.386876e+14,8.000000e+01
1.143716e+13,7.899623e+01
1.504793e+13,7.899803e+01
4.164004e+13,4.774661e+01
6.868044e+13,6.077934e+01
1.932364e+13,7.898607e+01
3.654629e+13,3.843753e+01
1.702253e+13,7.899698e+01
1.494387e+14,5.080960e+01
1.237344e+14,3.177102e+01
4.928552e+13,3.633547e+01
3.301487e+13,4.011917e+01
1.780744e+14,8.000000e+01
1.780744e+14,8.000000e+01
5.104465e+13,4.852738e+01
5.127270e+13,3.645559e+01
9.533391e+12,7.899788e+01
2.071770e+13,2.299045e+01
1.783830e+13,7.898646e+01
4.183099e+13,3.813723e+01
1.645586e+13,7.899825e+01
1.508207e+14,5.243119e+01
5.139697e+13,3.531448e+01
7.970055e+13,6.168022e+01
3.195565e+13,3.044973e+01
1.674114e+13,7.898954e+01
1.258199e+14,8.000000e+01
1.258199e+14,8.000000e+01
5.919490e+13,7.899401e+01
5.919490e+13,5.000008e+00
3.396971e+13,7.899645e+01
1.534653e+13,7.899727e+01
1.235827e+14,5.219095e+01
1.200003e+15,8.000000e+01
4.535050e+13,3.111037e+01
9.976977e+13,5.315189e+01
7.514183e+13,7.897127e+01
7.514183e+13,7.896866e+01
4.024107e+13,3.963870e+01
3.053246e+14,8.000000e+01
3.053246e+14,8.000000e+01
1.946258e+13,7.899822e+01
2.614426e+13,7.890067e+01
1.282836e+14,6.636479e+01
8.060559e+13,6.582426e+01
6.389391e+13,4.960843e+01
5.117591e+13,5.002884e+01
1.154899e+13,7.899806e+01
1.671416e+13,7.826307e+01
7.799240e+13,8.000000e+01
4.205404e+13,4.660550e+01
3.966710e+14,8.000000e+01
3.966710e+14,8.000000e+01
4.055306e+13,7.890152e+01
1.717842e+13,7.897412e+01
5.308296e+13,7.899474e+01
2.210608e+13,4.996253e+00
1.318662e+14,4.912796e+01
1.408665e+14,5.423295e+01
1.338062e+14,7.495318e+01
2.026547e+13,7.886084e+01
2.247385e+14,5.867729e+01
4.388323e+13,7.915565e+01
4.388323e+13,7.911988e+01
4.105721e+14,8.000000e+01
4.105721e+14,8.000000e+01
8.450565e+13,3.819729e+01
5.014916e+13,7.896414e+01
6.150590e+13,6.804643e+01
2.528737e+13,2.678615e+01
3.600837e+14,6.216069e+01
1.256168e+14,4.444339e+01
2.654827e+15,8.000000e+01
1.191757e+13,7.881090e+01
2.049246e+13,7.897787e+01
1.271926e+13,7.899700e+01
1.564462e+14,7.987798e+01
1.564462e+14,7.987798e+01
3.325870e+14,8.000000e+01
3.115865e+13,7.899291e+01
1.676543e+13,7.899554e+01
3.630560e+13,4.129417e+01
2.366964e+14,6.384233e+01
1.869945e+13,7.898564e+01
4.242677e+13,3.429348e+01
3.535338e+13,3.183108e+01
6.307999e+13,5.000007e+00
6.307999e+13,6.894731e+01
3.370012e+13,3.141067e+01
1.135201e+14,6.960796e+01
4.543045e+13,3.669583e+01
1.451122e+13,7.898253e+01
4.170551e+13,3.633547e+01
1.588232e+14,5.369242e+01
7.685677e+13,4.300198e+01
1.622102e+13,7.899742e+01
1.144463e+13,7.898697e+01
1.288485e+14,8.000000e+01
9.138977e+13,4.336233e+01
3.248755e+13,7.896762e+01
5.240716e+14,8.000000e+01
5.240716e+14,8.000000e+01
9.099923e+13,8.000000e+01
9.099923e+13,8.000000e+01
2.356498e+13,2.456398e+01
6.977208e+13,4.035940e+01
2.737476e+13,7.881654e+01
1.755475e+14,3.416982e+01
6.369463e+13,4.570462e+01
1.243291e+15,8.000000e+01
5.330247e+13,4.858743e+01
1.671860e+13,7.897556e+01
1.211992e+14,7.477300e+01
1.211992e+14,7.477300e+01
2.125241e+13,7.899686e+01
7.986200e+13,8.000000e+01
5.652904e+13,3.609524e+01
2.001475e+14,5.579447e+01
3.367710e+13,3.477395e+01
7.374551e+13,6.198051e+01
7.786120e+13,6.222074e+01
2.163966e+13,7.899256e+01
1.424711e+13,7.908157e+01
1.300425e+13,7.893218e+01
2.949801e+13,2.810744e+01
4.064483e+13,7.895575e+01
1.569103e+13,7.899765e+01
1.228148e+13,7.899833e+01
4.461305e+13,4.372269e+01
1.545880e+13,7.898565e+01
7.236764e+13,6.828667e+01
7.236764e+13,6.828667e+01
2.760257e+14,8.000000e+01
5.374643e+13,3.717629e+01
4.224064e+13,7.899468e+01
3.417359e+14,8.000000e+01
3.417359e+14,8.000000e+01
2.115565e+13,7.898597e+01
2.966743e+14,7.699517e+01
8.093336e+13,5.000000e+00
8.093336e+13,4.999836e+00
1.643812e+13,7.897113e+01
1.373191e+13,7.898774e+01
2.674484e+14,6.936772e+01
1.987419e+13,7.895889e+01
1.358404e+13,7.897708e+01
2.575663e+13,7.898269e+01
5.119749e+13,3.795706e+01
1.549588e+14,5.369242e+01
4.660238e+13,6.546391e+01
1.716901e+13,7.898355e+01
2.958685e+14,8.000000e+01
2.958685e+14,8.000000e+01
2.184259e+14,7.867681e+01
2.184259e+14,7.867681e+01
7.727920e+13,6.216069e+01
1.117080e+14,4.077981e+01
8.281025e+13,8.000000e+01
1.104529e+14,6.618461e+01
1.159670e+14,5.291166e+01
3.312264e+13,7.898242e+01
1.165266e+14,3.999905e+01
4.444118e+13,3.159084e+01
9.011392e+13,6.899123e+01
9.011392e+13,5.080960e+01
1.328761e+13,7.894115e+01
4.693663e+13,7.897389e+01
4.857484e+13,3.885794e+01
5.301957e+13,4.594485e+01
1.327374e+14,5.068949e+01
2.821695e+14,8.000000e+01
2.821695e+14,8.000000e+01
3.076820e+13,6.505530e+01
1.648636e+14,5.201078e+01
1.412235e+19,8.000000e+01
1.412235e+19,8.000000e+01
2.332972e+13,7.899740e+01
7.552860e+13,4.298077e+01
4.078437e+13,5.000035e+00
1.254220e+13,7.899366e+01
7.999068e+13,6.017875e+01
1.689536e+14,7.225054e+01
7.048236e+13,7.899166e+01
7.048236e+13,5.000045e+00
7.048236e+13,7.898433e+01
3.467383e+13,3.711624e+01
1.249437e+13,7.898654e+01
2.544953e+13,2.660597e+01
3.494210e+13,3.255178e+01
1.537095e+13,7.899841e+01
6.270738e+13,3.885794e+01
1.459839e+13,7.899721e+01
4.163798e+14,8.000000e+01
4.163798e+14,8.000000e+01
3.771872e+13,3.243166e+01
2.895143e+14,8.000000e+01
1.951391e+14,6.618461e+01
4.224322e+14,8.000000e+01
4.224322e+14,8.000000e+01
4.763992e+13,3.615530e+01
4.563768e+13,3.561477e+01
8.233491e+13,6.696538e+01
8.569477e+13,8.000000e+01
8.569477e+13,8.000000e+01
3.699482e+13,3.225149e+01
3.283987e+13,3.471389e+01
6.082758e+13,4.354251e+01
1.894634e+13,7.897458e+01
7.011743e+13,3.807717e+01
3.723016e+13,3.393313e+01
3.352453e+14,2.817445e+01
4.116482e+13,3.459377e+01
8.050008e+13,7.092925e+01
7.015118e+14,8.000000e+01
7.015118e+14,8.000000e+01
2.087094e+13,5.470385e+01
2.693701e+14,6.498344e+01
1.024944e+14,5.225101e+01
5.413644e+13,4.083987e+01
5.579861e+13,3.555471e+01
2.705388e+14,8.000000e+01
2.705388e+14,8.000000e+01
2.593982e+13,2.852785e+01
6.160125e+13,7.899531e+01
6.160125e+13,7.899791e+01
1.529099e+14,5.279154e+01
6.078937e+13,4.198099e+01
1.312327e+14,7.753570e+01
1.312327e+14,7.753570e+01
7.556614e+13,6.888725e+01
1.616226e+13,7.899021e+01
2.097800e+13,7.898767e+01
6.722313e+13,3.939846e+01
4.387151e+13,4.300198e+01
2.000139e+14,5.801664e+01
1.933425e+13,7.899411e+01
1.274607e+14,5.399271e+01
8.921808e+13,5.747611e+01
8.261585e+13,7.899223e+01
1.014470e+13,7.899867e+01
5.995720e+13,3.771682e+01
1.770429e+13,7.898926e+01
2.556210e+13,7.899768e+01
2.851701e+13,7.930232e+01
2.037815e+13,4.999569e+00
2.157922e+13,7.898899e+01
1.271097e+14,5.975834e+01
1.332906e+14,7.909988e+01
1.332906e+14,7.313852e+01
5.410089e+13,4.228128e+01
2.651809e+14,8.000000e+01
2.651809e+14,8.000000e+01
1.545071e+14,8.000000e+01
1.545071e+14,8.000000e+01
1.545071e+14,8.000000e+01
1.610099e+14,6.354203e+01
8.919899e+12,7.899555e+01
9.215866e+13,8.000000e+01
1.703122e+13,5.710224e+01
1.505887e+13,7.899258e+01
1.410971e+14,8.000000e+01
1.410971e+14,8.000000e+01
4.860148e+13,4.750638e+01
5.392825e+13,7.899830e+01
4.646239e+13,3.399319e+01
1.498638e+19,8.000000e+01
1.498638e+19,8.000000e+01
1.498638e+19,8.000000e+01
3.061222e+13,3.879788e+01
4.319351e+13,7.899182e+01
4.319351e+13,7.898434e+01
7.777827e+15,8.000000e+01
7.777827e+15,8.000000e+01
5.013684e+14,6.882719e+01
1.423211e+13,7.898684e+01
4.717251e+14,6.882719e+01
1.236495e+14,8.000000e+01
8.255595e+13,7.891998e+01
8.255595e+13,5.000023e+00
1.089697e+13,7.899348e+01
2.759722e+13,2.618556e+01
9.757599e+13,6.630473e+01
3.158954e+13,2.930861e+01
2.200990e+13,7.899714e+01
1.659877e+13,7.907414e+01
3.728024e+13,3.501418e+01
2.953141e+13,2.894826e+01
1.995211e+14,8.000000e+01
2.024307e+13,7.899130e+01
4.952991e+14,8.000000e+01
1.575684e+13,7.899502e+01
3.299150e+13,3.099026e+01
2.592131e+13,7.899416e+01
3.038672e+13,4.098633e+01
3.876027e+14,6.318168e+01
2.337752e+16,8.000000e+01
2.177990e+13,7.899480e+01
1.306524e+13,7.899740e+01
3.256486e+13,7.887145e+01
4.126300e+13,3.321242e+01
4.173395e+13,4.336233e+01
1.065955e+13,7.898531e+01
2.381426e+13,2.672609e+01
1.383124e+13,2.707042e+01
1.263986e+14,4.996878e+01
1.386778e+14,6.912749e+01
2.693295e+13,7.899712e+01
9.456044e+13,7.038872e+01
2.398012e+14,8.000000e+01
2.398012e+14,8.000000e+01
2.398012e+14,8.000000e+01
9.190998e+13,4.702591e+01
2.392520e+13,7.898887e+01
4.910134e+13,7.104936e+01
1.341117e+14,8.000000e+01
4.402044e+13,3.873782e+01
2.331933e+13,7.898171e+01
2.561704e+13,7.898772e+01
1.391021e+14,7.351177e+01
3.938505e+13,7.925443e+01
3.938505e+13,4.600491e+01
2.920835e+13,7.894011e+01
2.873812e+13,7.938073e+01
8.342919e+13,4.120022e+01
1.569270e+14,8.000000e+01
1.569270e+14,8.000000e+01
2.168679e+19,8.000000e+01
2.168679e+19,8.000000e+01
7.736787e+14,8.000000e+01
7.736787e+14,8.000000e+01
5.009309e+13,4.894779e+01
1.621551e+13,7.898912e+01
3.236068e+13,3.531448e+01
3.797126e+15,8.000000e+01
7.503558e+14,8.000000e+01
7.503558e+14,8.000000e+01
1.775482e+13,7.899822e+01
2.672105e+13,7.897862e+01
4.354141e+13,4.156057e+01
4.310638e+13,3.471389e+01
1.706641e+13,7.898914e+01
1.115179e+13,7.899719e+01
2.903776e+13,3.279201e+01
3.454675e+13,4.744632e+01
1.333732e+14,4.534427e+01
4.764859e+13,3.735647e+01
1.444280e+14,8.000000e+01
2.446750e+14,5.285160e+01
1.242595e+14,6.336186e+01
9.389370e+13,7.899277e+01
9.389370e+13,7.899705e+01
2.101360e+14,5.086966e+01
2.596488e+13,7.896029e+01
3.089946e+13,2.822756e+01
1.323464e+13,4.999090e+00
1.401313e+13,5.455381e+01
1.969944e+13,7.892337e+01
6.691373e+13,3.897805e+01
3.840874e+13,7.900045e+01
3.840874e+13,3.861770e+01
1.649664e+13,7.897796e+01
1.717371e+13,7.899134e+01
2.128057e+13,7.899413e+01
1.077996e+14,4.420315e+01
1.595178e+14,7.086919e+01
1.595178e+14,7.086919e+01
7.126712e+13,4.330228e+01
4.400952e+13,3.099239e+01
7.336469e+13,3.933841e+01
3.083651e+13,2.906838e+01
1.885023e+13,7.897206e+01
3.527450e+14,2.666446e+01
1.832441e+14,8.000000e+01
1.832441e+14,8.000000e+01
1.832441e+14,8.000000e+01
4.960689e+13,3.981887e+01
8.609981e+12,7.703517e+01
2.229998e+13,7.897663e+01
2.247796e+13,7.897027e+01
3.165804e+13,3.279201e+01
5.908008e+14,8.000000e+01
5.908008e+14,8.000000e+01
3.475376e+13,3.171096e+01
2.243808e+13,7.899577e+01
5.824008e+14,8.000000e+01
5.824008e+14,8.000000e+01
1.640302e+13,7.899724e+01
1.854251e+13,7.899628e+01
2.682809e+13,7.899505e+01
3.434659e+13,4.479494e+01
1.178137e+13,7.897064e+01
3.168039e+13,7.896428e+01
5.066390e+13,3.465383e+01
4.327999e+13,7.899085e+01
1.009762e+14,5.153031e+01
2.586747e+13,4.526741e+01
2.216580e+13,7.741179e+01
1.087136e+14,4.540433e+01
1.096701e+15,8.000000e+01
1.096701e+15,8.000000e+01
9.956730e+13,3.993899e+01
1.072040e+14,6.150004e+01
4.454530e+14,8.000000e+01
3.513310e+14,6.606450e+01
8.294728e+13,3.945852e+01
1.310511e+13,7.898931e+01
7.276369e+13,7.899675e+01
7.276369e+13,7.897978e+01
5.091047e+13,7.441265e+01
6.055221e+13,4.354251e+01
6.962723e+14,7.987798e+01
2.840970e+14,6.726567e+01
2.466288e+13,7.899003e+01
1.942968e+13,7.858533e+01
5.225571e+14,8.000000e+01
6.395693e+13,4.480374e+01
3.055987e+13,7.940040e+01
2.394394e+14,5.801664e+01
1.543270e+14,4.301710e+01
1.294823e+16,8.000000e+01
1.429637e+17,8.000000e+01
1.084146e+13,2.499579e+01
2.195453e+14,8.000000e+01
2.195453e+14,8.000000e+01
2.195453e+14,8.000000e+01
5.215707e+13,5.543412e+01
1.563936e+13,7.894355e+01
1.385822e+13,7.897357e+01
1.614479e+14,5.675541e+01
3.144442e+14,8.000000e+01
3.144442e+14,8.000000e+01
3.144442e+14,8.000000e+01
1.634966e+13,4.999076e+00
1.583139e+13,4.666001e+01
8.828806e+13,4.870755e+01
2.051494e+13,7.899104e+01
2.140464e+16,8.000000e+01
5.901591e+13,3.831741e+01
5.729508e+13,7.926648e+01
5.133875e+14,8.000000e+01
2.043249e+14,8.000000e+01
2.951479e+13,2.678615e+01
5.107019e+13,3.171096e+01
1.578233e+13,7.898784e+01
3.225706e+13,3.291213e+01
9.102550e+12,7.899775e+01
1.635080e+14,5.297172e+01
5.846614e+13,7.896026e+01
1.840709e+13,7.898757e+01
7.615795e+13,6.035893e+01
6.590598e+13,4.420315e+01
2.728907e+14,8.000000e+01
1.379492e+13,7.899652e+01
5.813681e+14,7.609429e+01
5.813681e+14,7.609429e+01
2.302175e+13,7.892701e+01
3.549230e+14,8.000000e+01
3.549230e+14,8.000000e+01
5.029546e+13,3.549465e+01
3.581179e+13,3.663577e+01
1.343632e+14,7.008843e+01
5.825103e+13,7.898849e+01
5.825103e+13,7.898584e+01
1.876699e+13,7.894127e+01
6.894858e+13,4.660550e+01
3.969373e+13,3.225149e+01
3.660253e+13,3.153078e+01
1.107493e+16,8.000000e+01
1.402739e+13,7.899207e+01
8.127958e+13,4.011917e+01
2.081789e+14,5.951811e+01
5.310347e+16,8.000000e+01
5.310347e+16,8.000000e+01
2.060170e+13,7.899654e+01
3.884101e+13,3.153078e+01
1.120397e+14,7.447271e+01
1.777969e+13,7.897334e+01
1.202991e+13,7.899213e+01
1.608420e+13,7.898897e+01
1.926130e+13,7.899450e+01
4.828845e+13,3.741653e+01
4.828845e+13,3.741653e+01
1.810227e+14,5.687553e+01
2.146524e+14,5.309183e+01
1.421548e+14,4.738626e+01
1.422815e+14,8.000000e+01
1.422815e+14,8.000000e+01
4.709140e+13,3.573489e+01
1.560826e+13,7.899458e+01
2.332809e+14,8.000000e+01
2.332809e+14,8.000000e+01
2.454159e+13,7.881170e+01
3.904528e+13,3.735647e+01
2.444393e+13,2.636574e+01
5.601219e+13,5.801664e+01
2.239706e+13,1.843800e+01
1.711508e+13,3.692790e+01
3.668364e+13,7.891441e+01
3.585388e+15,8.000000e+01
9.914868e+14,8.000000e+01
3.457615e+13,3.651565e+01
1.326213e+13,7.894537e+01
4.020628e+13,7.894220e+01
1.934781e+13,7.895003e+01
3.762168e+13,7.899130e+01
1.096101e+16,8.000000e+01
1.825040e+13,6.040748e+01
2.377796e+13,7.891036e+01
7.740389e+13,5.000060e+00
7.740389e+13,8.000000e+01
5.932642e+13,5.813676e+01
4.004169e+13,7.947213e+01
3.758345e+13,7.889641e+01
3.013948e+13,2.900832e+01
6.491945e+13,8.000000e+01
6.491945e+13,7.899821e+01
2.033455e+13,7.899569e+01
2.648926e+13,7.899406e+01
2.278624e+14,5.927787e+01
3.543452e+14,8.000000e+01
7.295115e+13,6.898999e+01
3.289098e+13,3.014943e+01
4.219529e+14,8.000000e+01
4.219529e+14,8.000000e+01
1.929585e+13,7.918886e+01
5.235008e+13,5.765629e+01
5.235008e+13,5.000001e+00
2.291040e+13,2.699591e+01
2.432090e+13,7.896350e+01
5.396268e+13,6.810649e+01
2.210942e+13,2.492433e+01
1.754070e+13,7.844493e+01
3.390174e+13,3.357278e+01
1.652935e+13,5.000259e+00
1.778873e+14,6.972807e+01
5.722436e+13,7.895857e+01
7.218722e+13,4.312210e+01
7.898641e+14,8.000000e+01
1.920958e+14,2.300000e+01
2.126204e+13,7.899692e+01
2.049967e+13,7.899422e+01
3.976519e+13,2.494490e+01
3.151638e+13,2.744680e+01
5.546983e+13,4.186087e+01
2.516025e+13,3.267190e+01
5.875696e+13,7.899263e+01
9.950509e+12,7.899747e+01
9.550512e+12,7.899876e+01
3.658346e+13,3.056984e+01
1.525104e+13,7.899496e+01
1.361556e+13,7.899840e+01
2.249866e+15,8.000000e+01
3.487351e+14,6.468315e+01
3.839079e+13,4.954837e+01
2.104599e+16,8.000000e+01
2.104599e+16,8.000000e+01
2.104599e+16,8.000000e+01
5.730074e+13,4.366263e+01
1.314267e+13,7.899495e+01
2.054241e+13,7.899814e+01
5.828590e+13,4.708597e+01
2.444221e+15,8.000000e+01
5.688868e+13,4.168069e+01
2.322325e+13,7.899777e+01
1.539772e+14,3.915823e+01
1.342200e+14,6.612456e+01
7.743684e+13,4.702591e+01
9.411523e+13,5.249125e+01
2.438881e+13,2.480422e+01
1.348208e+14,7.904746e+01
1.348208e+14,8.000000e+01
1.006382e+14,4.588480e+01
6.550298e+13,7.898995e+01
8.512166e+13,4.936820e+01
4.573188e+14,7.549370e+01
2.835096e+13,7.887053e+01
1.137113e+14,6.774614e+01
5.349394e+13,3.777688e+01
2.623742e+13,2.516457e+01
1.971232e+13,7.899209e+01
3.122477e+14,5.495365e+01
6.821666e+13,7.899744e+01
6.821666e+13,5.000001e+00
6.821666e+13,5.000000e+00
1.242623e+13,7.898907e+01
2.989191e+13,2.990920e+01
1.447726e+14,8.000000e+01
1.160596e+15,8.000000e+01
1.160596e+15,8.000000e+01
1.160596e+15,8.000000e+01
4.393171e+13,3.243166e+01
2.665042e+13,2.099604e+01
1.719158e+13,7.897480e+01
9.110983e+13,4.768656e+01
1.279295e+13,7.899409e+01
2.318816e+13,2.414357e+01
1.128502e+13,7.103923e+01
1.895443e+13,7.899196e+01
3.058356e+14,8.000000e+01
9.704445e+13,6.972807e+01
1.975379e+14,5.855717e+01
5.222625e+14,8.000000e+01
1.526036e+14,5.261136e+01
3.784682e+13,3.411330e+01
3.217444e+13,2.966897e+01
2.104547e+14,5.951811e+01
1.176930e+13,7.898771e+01
7.423043e+13,5.014896e+01
1.378398e+13,7.899863e+01
6.075124e+13,4.102005e+01
2.404051e+13,2.534474e+01
1.778764e+14,5.927787e+01
6.689136e+14,8.000000e+01
3.671617e+13,4.114016e+01
8.634454e+13,6.858696e+01
8.634454e+13,6.858696e+01
1.042541e+13,7.899839e+01
3.940470e+14,8.000000e+01
1.264486e+13,7.897418e+01
3.400129e+13,3.645559e+01
1.994710e+13,7.899582e+01
2.638423e+13,4.999651e+00
5.445938e+13,4.017923e+01
1.086890e+13,7.898629e+01
7.877088e+13,3.615530e+01
1.629251e+14,6.606450e+01
1.663273e+14,7.086919e+01
6.176324e+13,3.741653e+01
8.629640e+13,3.945852e+01
4.357550e+13,5.771635e+01
1.432004e+14,8.000000e+01
5.700580e+13,5.315189e+01
8.217011e+13,5.014896e+01
3.658184e+13,3.117043e+01
2.520272e+13,2.709835e+01
2.413353e+13,5.000219e+00
1.017156e+15,8.000000e+01
3.302276e+13,7.891316e+01
3.302276e+13,5.000060e+00
8.960818e+13,8.000000e+01
8.960818e+13,8.000000e+01
1.922642e+13,7.899625e+01
9.280353e+13,6.576420e+01
2.147631e+14,8.000000e+01
2.147631e+14,8.000000e+01
1.036163e+15,8.000000e+01
1.036163e+15,8.000000e+01
3.689089e+13,7.899439e+01
3.589967e+13,2.312257e+01
1.958049e+13,7.898210e+01
9.032464e+13,8.000000e+01
7.462633e+13,4.270169e+01
2.210991e+14,8.000000e+01
2.210991e+14,8.000000e+01
5.622682e+13,3.633547e+01
2.116563e+13,7.899537e+01
4.261330e+15,8.000000e+01
4.261330e+15,8.000000e+01
6.410405e+13,5.399271e+01
7.120711e+13,4.132034e+01
1.644392e+13,7.898775e+01
1.072648e+14,8.000000e+01
1.072648e+14,8.000000e+01
6.474981e+13,3.585500e+01
1.741693e+13,7.895560e+01
2.969556e+13,2.762697e+01
2.626124e+14,6.918755e+01
2.436178e+14,6.162016e+01
4.974780e+15,8.000000e+01
1.499774e+13,7.897604e+01
4.135618e+13,7.898858e+01
4.135618e+13,7.899338e+01
2.386064e+14,5.159037e+01
1.337994e+14,4.510403e+01
9.658154e+14,8.000000e+01
3.648625e+13,2.834768e+01
9.818890e+14,8.000000e+01
6.338836e+13,7.899201e+01
6.338836e+13,5.000009e+00
1.194397e+14,8.000000e+01
1.194397e+14,8.000000e+01
5.371545e+13,7.543364e+01
5.371545e+13,7.543364e+01
2.053453e+14,7.807622e+01
1.435153e+13,7.899035e+01
1.217738e+14,8.000000e+01
1.217738e+14,8.000000e+01
1.217738e+14,8.000000e+01
3.883423e+13,3.699612e+01
1.245776e+13,7.899686e+01
9.074441e+13,4.672562e+01
6.727354e+13,3.951858e+01
1.397898e+13,4.708733e+01
2.014336e+13,7.899367e+01
3.164150e+14,7.723540e+01
5.723024e+13,7.697317e+01
5.006575e+14,8.000000e+01
2.985090e+13,2.984914e+01
5.387260e+13,4.108011e+01
2.090799e+13,7.899194e+01
5.641202e+13,4.396292e+01
1.027038e+14,5.531400e+01
2.458330e+13,2.768703e+01
4.717418e+13,4.552444e+01
1.989860e+13,7.899529e+01
2.584374e+14,5.969828e+01
3.275587e+14,7.417241e+01
2.768398e+13,7.899080e+01
2.605691e+13,7.899618e+01
4.437478e+13,3.831741e+01
1.245409e+14,8.000000e+01
1.245409e+14,8.000000e+01
1.223372e+13,6.084619e+01
1.223328e+15,8.000000e+01
3.949825e+13,3.495412e+01
2.104258e+13,7.899285e+01
2.137667e+13,7.899389e+01
6.825070e+13,4.378274e+01
2.607119e+13,2.834768e+01
1.184296e+13,7.899547e+01
3.757109e+13,4.059964e+01
2.390468e+14,7.267095e+01
3.775538e+14,7.279106e+01
4.567191e+13,5.159037e+01
6.014399e+13,3.441360e+01
3.338991e+13,3.693606e+01
9.196476e+13,4.588480e+01
3.745661e+13,3.957864e+01
2.524436e+13,2.726662e+01
6.166464e+16,8.000000e+01
1.419834e+13,7.899139e+01
2.592137e+13,2.678615e+01
1.624484e+14,6.366215e+01
9.239327e+12,4.999763e+00
4.117894e+13,7.846802e+01
1.356659e+14,5.165043e+01
8.338234e+13,4.276175e+01
1.614905e+13,7.898662e+01
3.120129e+13,3.050979e+01
9.723904e+14,8.000000e+01
2.291149e+13,7.918798e+01
5.341614e+13,4.660550e+01
2.167381e+13,7.898344e+01
2.230178e+13,7.899677e+01
1.687861e+13,1.698810e+01
1.990561e+15,8.000000e+01
4.780258e+13,3.375295e+01
2.140401e+13,7.909313e+01
1.219612e+14,5.135013e+01
4.891693e+13,3.615530e+01
4.047876e+13,5.969828e+01
1.114192e+14,5.285160e+01
4.046764e+13,3.507424e+01
1.052075e+13,7.899477e+01
1.050741e+14,4.102005e+01
2.338450e+14,8.000000e+01
4.285480e+13,3.303225e+01
1.852700e+14,6.180033e+01
1.906981e+13,7.898101e+01
1.350483e+13,7.899651e+01
2.131512e+13,7.899416e+01
2.723365e+13,3.296315e+01
1.633725e+13,7.894336e+01
7.899996e+13,5.219095e+01
1.316603e+13,7.899731e+01
1.389885e+13,7.899152e+01
1.892165e+14,5.933793e+01
2.402933e+14,7.477300e+01
1.596955e+13,7.887355e+01
5.841300e+13,3.699612e+01
1.520007e+13,7.896398e+01
4.225260e+13,3.147072e+01
4.122492e+13,3.285207e+01
2.532945e+14,8.000000e+01
2.532945e+14,8.000000e+01
1.980933e+13,7.897652e+01
1.035457e+13,7.899609e+01
1.339019e+13,7.897606e+01
1.892274e+14,8.000000e+01
4.773295e+13,7.899503e+01
4.773295e+13,7.923095e+01
8.490678e+13,3.993899e+01
1.565800e+14,6.098591e+01
4.965744e+13,4.516409e+01
6.379321e+13,7.899120e+01
2.120202e+16,8.000000e+01
2.120202e+16,8.000000e+01
2.120202e+16,8.000000e+01
1.077792e+13,7.898279e+01
3.090627e+13,7.899519e+01
2.573975e+13,7.899095e+01
3.131405e+14,8.000000e+01
4.697797e+13,3.357278e+01
5.299548e+13,4.612503e+01
1.527781e+13,7.891514e+01
2.458201e+13,7.898754e+01
1.575317e+13,7.899467e+01
5.879654e+13,7.894852e+01
5.879654e+13,7.937937e+01
2.285506e+14,8.000000e+01
1.350449e+13,7.899816e+01
1.458524e+13,4.999724e+00
1.477386e+13,7.896196e+01
3.856835e+13,4.108011e+01
2.293536e+14,8.000000e+01
7.742812e+13,8.000000e+01
6.757758e+13,5.000011e+00
6.757758e+13,7.140972e+01
1.560123e+15,8.000000e+01
1.560123e+15,8.000000e+01
1.560123e+15,8.000000e+01
1.407684e+18,8.000000e+01
2.269855e+13,2.690627e+01
5.802803e+13,4.606497e+01
5.034492e+13,3.447366e+01
3.824107e+13,6.097928e+01
2.863738e+14,8.000000e+01
2.247301e+13,7.895224e+01
1.027583e+14,6.828667e+01
4.135992e+13,3.297219e+01
3.870480e+14,8.000000e+01
4.404775e+13,5.459330e+01
2.614204e+14,5.297172e+01
2.100452e+13,1.735695e+01
1.664253e+13,7.896243e+01
2.623422e+14,8.000000e+01
1.147354e+13,7.899096e+01
1.424815e+14,5.681547e+01
5.541819e+13,4.294192e+01
1.985906e+13,4.998218e+00
9.464994e+13,6.300151e+01
2.852037e+13,2.954885e+01
1.596417e+13,6.508882e+01
1.591622e+13,7.899159e+01
6.380414e+13,4.384280e+01
5.234043e+13,3.975882e+01
1.365380e+13,7.898666e+01
1.817933e+14,6.348198e+01
1.197985e+13,7.899771e+01
5.158067e+13,3.909817e+01
2.055391e+14,7.327153e+01
1.243959e+14,7.207036e+01
3.441843e+13,3.044973e+01
8.914752e+13,6.456303e+01
8.809353e+13,7.717534e+01
8.809353e+13,7.717534e+01
2.343316e+18,8.000000e+01
2.573078e+13,7.881812e+01
1.415462e+13,7.898611e+01
3.307726e+14,8.000000e+01
5.634740e+14,8.000000e+01
5.634740e+14,8.000000e+01
1.759283e+17,8.000000e+01
1.715612e+14,5.255130e+01
6.074793e+13,7.899481e+01
6.074793e+13,5.000005e+00
3.096534e+13,7.895725e+01
4.483376e+13,3.297219e+01
2.663221e+13,4.999690e+00
1.620043e+13,7.897304e+01
4.154775e+13,3.381301e+01
2.399694e+13,7.899756e+01
7.475587e+13,5.165043e+01
8.815575e+13,4.102005e+01
8.975647e+13,4.348245e+01
9.813346e+13,8.000000e+01
3.769759e+13,4.999828e+00
9.050547e+13,4.648538e+01
1.805219e+14,6.474321e+01
1.819165e+14,6.624467e+01
1.084867e+13,7.899821e+01
1.104701e+14,6.330180e+01
1.262420e+14,8.000000e+01
1.262420e+14,8.000000e+01
1.262420e+14,8.000000e+01
2.637715e+13,2.708644e+01
1.206077e+13,7.899346e+01
2.562404e+14,8.000000e+01
2.562404e+14,8.000000e+01
7.200641e+13,4.636527e+01
3.777443e+13,7.899416e+01
2.202473e+14,8.000000e+01
2.914308e+13,7.899780e+01
2.580883e+13,3.369289e+01
8.951318e+13,5.741605e+01
1.256578e+14,7.213042e+01
5.131758e+13,3.639553e+01
4.480384e+13,3.399319e+01
2.714435e+13,2.654592e+01
3.168622e+13,4.540433e+01
1.302809e+13,7.899745e+01
2.017765e+13,7.893664e+01
2.578768e+13,7.897717e+01
8.424149e+13,4.948831e+01
1.640535e+13,7.898899e+01
4.027688e+13,4.618509e+01
5.909527e+13,6.330180e+01
1.731211e+14,8.000000e+01
1.731211e+14,8.000000e+01
3.082404e+13,2.690627e+01
7.891702e+13,6.900737e+01
7.891702e+13,4.999978e+00
4.814401e+13,4.264163e+01
7.630076e+13,5.020902e+01
3.899978e+13,7.941248e+01
3.100174e+13,5.743523e+01
3.921585e+13,4.999505e+00
5.146696e+13,4.372269e+01
8.240625e+13,5.579447e+01
1.384906e+14,5.219095e+01
5.433506e+13,7.899709e+01
4.207901e+13,3.327248e+01
5.561081e+13,3.777688e+01
6.216602e+13,5.525394e+01
1.841687e+13,7.899022e+01
5.351481e+13,3.621536e+01
2.932178e+13,3.038967e+01
1.256231e+13,7.453084e+01
3.986598e+13,3.429348e+01
7.019950e+13,3.969876e+01
2.749171e+15,8.000000e+01
7.844568e+13,4.102005e+01
4.279503e+14,6.228080e+01
3.441458e+13,3.387307e+01
1.832212e+13,7.899537e+01
6.608482e+13,5.000014e+00
6.608482e+13,7.279106e+01
1.326698e+14,4.700784e+01
4.451557e+13,3.855764e+01
4.772239e+13,7.897372e+01
1.182453e+13,7.899835e+01
1.701527e+14,8.000000e+01
2.539175e+13,2.576515e+01
4.986873e+13,3.201125e+01
4.110588e+14,6.750590e+01
7.780705e+13,3.651565e+01
1.719112e+14,8.000000e+01
4.859285e+13,3.381301e+01
1.566560e+13,7.899711e+01
2.410899e+13,2.732668e+01
8.337154e+13,6.450297e+01
2.876268e+13,4.998151e+00
3.512188e+14,8.000000e+01
2.277630e+13,7.892303e+01
3.341295e+13,2.852785e+01
2.820460e+14,4.612503e+01
6.320591e+13,5.831693e+01
6.320591e+13,5.831693e+01
3.784799e+13,3.639553e+01
1.284140e+13,7.883993e+01
1.733767e+14,8.000000e+01
1.733767e+14,8.000000e+01
1.600136e+13,7.897145e+01
9.563175e+12,7.897814e+01
1.567891e+13,7.893260e+01
7.299730e+13,4.768656e+01
1.466244e+14,5.092972e+01
6.116983e+13,6.005863e+01
2.392193e+13,7.899583e+01
2.129041e+13,4.999807e+00
6.975671e+13,6.504350e+01
7.288619e+14,8.000000e+01
7.288619e+14,8.000000e+01
7.288619e+14,8.000000e+01
7.288619e+14,8.000000e+01
7.288619e+14,8.000000e+01
7.027297e+13,7.899368e+01
1.674155e+13,7.899733e+01
1.630242e+13,7.897262e+01
1.221592e+14,4.180081e+01
6.823517e+13,4.390286e+01
1.200807e+14,6.780620e+01
6.280868e+13,5.219095e+01
1.016244e+14,5.471342e+01
3.789585e+13,3.651565e+01
2.801861e+13,7.899447e+01
3.695266e+13,3.747659e+01
9.172804e+14,8.000000e+01
9.172804e+14,8.000000e+01
2.078784e+14,7.483306e+01
2.078784e+14,7.483306e+01
2.342575e+13,2.474416e+01
1.000821e+13,5.000136e+00
9.270203e+13,6.978813e+01
2.345697e+13,7.897443e+01
5.188286e+13,4.744632e+01
1.734349e+14,7.080913e+01
1.486745e+13,7.893296e+01
3.657676e+13,7.895280e+01
2.211687e+13,2.438381e+01
1.100319e+14,5.147025e+01
8.595980e+14,8.000000e+01
2.474716e+13,4.999886e+00
8.193571e+13,4.005911e+01
2.867838e+13,7.899301e+01
1.531230e+14,7.038872e+01
8.996514e+13,2.099700e+01
8.996514e+13,6.288139e+01
3.994100e+13,3.753665e+01
4.133840e+13,3.219143e+01
1.010813e+14,4.498392e+01
3.581132e+13,3.381301e+01
1.682635e+14,6.810649e+01
3.169961e+13,2.876809e+01
7.434568e+14,8.000000e+01
2.600649e+13,2.564504e+01
3.243416e+13,6.126456e+01
3.243416e+13,7.917388e+01
3.029534e+13,3.321242e+01
9.717248e+13,5.273148e+01
4.613131e+13,7.898643e+01
2.224246e+13,2.402345e+01
8.385143e+13,6.708549e+01
2.948654e+13,2.798732e+01
8.638837e+13,4.029934e+01
2.778771e+14,8.000000e+01
3.192815e+13,2.942873e+01
1.881824e+13,7.899707e+01
2.874298e+13,7.899632e+01
2.721802e+13,7.899649e+01
1.439414e+14,4.978861e+01
2.642958e+13,7.897816e+01
9.528296e+13,5.753617e+01
2.675666e+13,7.873292e+01
1.354623e+14,6.588432e+01
1.471508e+13,7.899095e+01
2.624214e+13,2.540480e+01
1.965775e+13,7.899576e+01
3.524744e+13,3.807717e+01
1.541003e+13,7.899813e+01
1.948124e+13,7.894845e+01
9.117885e+13,4.011917e+01
1.386427e+13,7.899680e+01
3.643115e+13,3.243166e+01
1.886351e+14,8.000000e+01
2.785650e+13,2.948879e+01
6.877309e+13,3.543459e+01
6.608853e+13,3.555471e+01
2.393693e+15,8.000000e+01
1.574940e+13,7.899655e+01
8.276519e+13,3.801712e+01
3.242090e+14,8.000000e+01
3.242090e+14,8.000000e+01
9.850609e+12,4.999778e+00
3.286881e+13,3.279201e+01
1.211495e+13,7.899739e+01
3.970822e+13,7.899132e+01
2.995404e+14,8.000000e+01
2.995404e+14,8.000000e+01
3.047746e+13,5.632052e+01
1.078421e+13,7.898842e+01
1.912526e+13,7.899348e+01
1.801973e+13,7.899733e+01
2.134239e+13,7.899742e+01
1.634009e+13,4.999495e+00
1.496323e+14,8.000000e+01
1.496323e+14,8.000000e+01
2.272768e+13,2.570510e+01
1.377712e+13,7.898116e+01
2.384250e+14,8.000000e+01
2.384250e+14,8.000000e+01
9.117221e+16,8.000000e+01
1.793881e+14,8.000000e+01
3.746062e+13,3.715387e+01
1.103206e+13,7.898624e+01
2.533993e+14,6.948784e+01
8.247722e+13,4.053958e+01
6.742321e+13,4.342239e+01
6.927671e+14,8.000000e+01
6.927671e+14,8.000000e+01
6.927671e+14,8.000000e+01
6.022325e+13,3.441360e+01
1.757492e+14,4.924808e+01
4.663395e+14,8.000000e+01
4.663395e+14,8.000000e+01
2.209506e+13,7.898446e+01
6.110910e+13,6.576420e+01
1.279560e+13,7.899330e+01
5.604741e+13,4.071975e+01
1.316045e+14,5.963822e+01
2.727638e+13,2.900832e+01
2.778800e+13,6.731534e+01
5.390268e+13,4.798685e+01
1.641720e+14,5.032914e+01
2.172833e+13,7.897891e+01
3.218305e+13,2.942873e+01
2.737983e+13,7.898146e+01
2.344997e+13,2.534474e+01
6.995908e+13,5.000014e+00
6.995908e+13,7.717534e+01
5.007561e+13,5.399271e+01
1.040812e+14,7.116948e+01
4.913373e+13,6.150004e+01
3.152787e+14,8.000000e+01
1.117095e+13,7.899445e+01
1.648583e+14,7.104936e+01
9.471684e+13,5.747611e+01
5.602111e+13,3.555471e+01
2.753779e+13,2.840773e+01
1.636941e+13,7.898779e+01
7.832884e+13,6.083940e+01
1.836299e+13,7.899262e+01
1.077251e+13,7.894692e+01
9.853206e+12,7.899578e+01
4.799063e+14,6.390239e+01
1.258926e+14,7.110942e+01
3.720544e+13,7.899004e+01
2.679421e+14,7.765581e+01
2.679421e+14,7.765581e+01
7.082462e+13,5.333207e+01
2.778070e+13,7.890073e+01
3.774776e+13,3.981887e+01
2.279221e+13,2.564504e+01
1.763068e+13,7.890794e+01
4.449476e+13,3.303225e+01
5.824481e+13,3.705618e+01
6.576701e+13,7.899964e+01
6.576701e+13,7.158989e+01
2.839370e+13,2.582521e+01
4.305497e+13,3.267190e+01
1.287043e+13,7.899651e+01
6.213093e+13,4.546439e+01
2.156073e+13,5.785714e+01
5.943226e+13,3.831741e+01
1.650022e+13,7.898760e+01
1.097194e+13,7.899609e+01
1.904052e+13,7.899248e+01
1.627674e+14,6.246098e+01
1.457243e+14,6.023881e+01
6.813936e+13,4.378274e+01
1.631637e+13,6.997306e+01
1.477038e+14,5.501371e+01
6.297636e+14,8.000000e+01
6.297636e+14,8.000000e+01
1.175909e+14,8.000000e+01
9.901621e+13,6.600444e+01
3.008266e+13,2.960891e+01
1.461253e+13,7.899023e+01
2.802648e+13,3.117043e+01
2.865929e+13,3.147072e+01
1.328723e+13,7.898970e+01
4.325192e+13,3.165090e+01
1.102997e+14,5.237113e+01
1.317620e+13,7.895744e+01
1.972219e+15,7.122954e+01
4.739048e+13,4.762650e+01
9.514257e+13,5.171048e+01
9.073169e+13,5.927787e+01
2.278890e+13,7.898879e+01
3.826493e+13,4.738626e+01
3.143549e+13,7.899387e+01
1.231664e+16,8.000000e+01
3.908950e+13,3.405325e+01
3.148307e+13,2.984914e+01
1.707790e+13,7.899528e+01
3.511350e+14,7.441265e+01
3.493133e+14,8.000000e+01
1.190072e+13,7.898484e+01
7.394312e+13,4.120022e+01
1.046166e+13,7.898223e+01
1.017318e+13,7.898810e+01
1.264777e+14,7.423247e+01
1.264777e+14,7.423247e+01
9.488561e+12,7.899833e+01
3.101482e+15,8.000000e+01
3.101482e+15,8.000000e+01
2.447555e+14,8.000000e+01
1.613074e+14,8.000000e+01
1.613074e+14,8.000000e+01
1.905538e+13,7.899456e+01
3.768242e+13,4.999478e+00
2.117027e+14,5.303177e+01
1.275933e+14,5.135013e+01
4.075170e+13,3.531448e+01
9.649806e+13,4.780667e+01
5.193992e+13,5.927787e+01
3.099266e+13,2.699598e+01
1.548378e+13,7.896195e+01
1.534695e+13,4.999883e+00
2.222677e+13,7.899070e+01
3.664967e+13,4.258157e+01
7.960532e+14,8.000000e+01
7.960532e+14,8.000000e+01
7.960532e+14,8.000000e+01
1.617169e+13,7.899485e+01
1.165233e+14,8.000000e+01
8.825290e+13,4.912796e+01
5.711442e+15,8.000000e+01
5.711442e+15,8.000000e+01
5.711442e+15,8.000000e+01
1.182326e+14,5.309183e+01
1.165966e+13,7.899807e+01
6.921534e+14,7.423247e+01
1.325251e+13,7.899222e+01
1.166960e+14,8.000000e+01
1.166960e+14,8.000000e+01
2.730659e+13,2.996926e+01
7.485447e+13,7.899417e+01
1.558968e+13,7.899540e+01
2.724098e+13,6.680650e+01
2.724098e+13,3.498711e+01
9.621557e+13,5.225101e+01
8.821609e+13,7.899620e+01
8.821609e+13,7.899651e+01
1.091903e+13,7.899372e+01
4.911104e+13,4.966849e+01
2.053630e+13,7.895516e+01
2.126235e+13,7.897641e+01
4.525124e+13,4.462357e+01
1.767785e+13,7.899299e+01
1.499415e+13,7.899701e+01
1.765556e+13,7.895326e+01
4.113224e+13,3.621536e+01
1.145983e+15,8.000000e+01
1.705002e+13,7.899352e+01
2.119546e+13,7.899384e+01
1.640224e+13,7.816687e+01
2.178336e+13,2.252199e+01
1.260813e+14,4.288186e+01
2.482343e+13,7.899682e+01
1.304887e+13,7.896732e+01
1.575751e+14,5.651517e+01
3.867125e+13,7.899399e+01
2.472738e+14,8.000000e+01
2.472738e+14,8.000000e+01
3.710520e+13,3.105031e+01
1.661108e+14,8.000000e+01
2.821849e+13,7.898136e+01
4.308672e+13,7.899509e+01
1.556687e+13,7.899871e+01
5.878852e+13,3.651565e+01
3.392211e+14,5.693558e+01
2.287850e+13,2.504445e+01
2.808930e+13,7.898150e+01
1.081308e+15,8.000000e+01
1.081308e+15,8.000000e+01
2.668611e+14,6.504350e+01
1.483473e+13,7.898253e+01
1.809543e+13,7.899648e+01
9.303395e+13,7.285112e+01
9.303395e+13,7.285112e+01
2.021759e+14,5.026908e+01
3.993650e+13,3.093020e+01
2.607314e+14,6.053910e+01
2.424168e+13,7.898833e+01
3.547391e+13,3.465383e+01
2.974534e+13,2.774709e+01
2.546013e+13,7.899311e+01
1.791289e+13,7.899414e+01
2.394507e+13,7.899289e+01
3.965205e+13,7.719113e+01
4.484543e+14,6.618461e+01
2.246293e+14,4.893993e+01
3.147543e+14,8.000000e+01
4.196535e+13,3.801712e+01
4.240329e+13,2.876809e+01
2.643799e+14,8.000000e+01
2.643799e+14,8.000000e+01
1.473004e+13,1.447413e+01
6.854006e+13,6.450297e+01
6.854006e+13,6.450297e+01
3.851474e+13,2.864797e+01
2.065673e+14,6.366215e+01
2.937835e+14,8.000000e+01
2.079175e+13,7.899594e+01
1.514574e+13,1.500000e+01
9.619131e+13,6.035893e+01
1.802791e+13,7.899713e+01
1.821710e+13,4.999306e+00
4.153025e+13,7.892274e+01
1.483607e+13,7.899396e+01
2.860190e+14,8.000000e+01
2.860190e+14,8.000000e+01
4.869217e+14,8.000000e+01
4.869217e+14,8.000000e+01
4.869217e+14,8.000000e+01
1.613506e+13,7.899411e+01
2.724820e+14,8.000000e+01
2.627575e+15,8.000000e+01
3.183437e+14,5.849711e+01
2.138002e+13,4.490881e+01
4.513273e+13,4.192093e+01
1.397962e+13,7.896504e+01
3.144625e+13,3.014943e+01
1.156054e+14,8.000000e+01
1.156054e+14,8.000000e+01
8.012838e+13,3.957864e+01
2.483575e+13,2.420363e+01
1.643111e+13,7.898085e+01
1.520965e+13,7.899602e+01
5.821573e+13,3.345266e+01
2.997469e+14,8.000000e+01
2.997469e+14,8.000000e+01
1.266994e+14,5.741605e+01
1.969545e+13,7.898792e+01
6.498745e+13,3.717629e+01
2.883923e+13,7.896916e+01
5.429083e+14,7.050884e+01
5.266490e+13,5.339213e+01
2.725545e+14,7.849663e+01
2.725545e+14,7.849663e+01
3.792216e+13,7.899360e+01
3.792216e+13,7.899879e+01
3.950419e+13,3.543459e+01
9.325261e+13,8.000000e+01
1.189920e+14,8.000000e+01
4.916542e+13,3.711624e+01
5.060780e+13,7.932009e+01
1.307965e+13,6.490245e+01
2.054243e+13,1.909865e+01
8.172808e+14,8.000000e+01
8.172808e+14,8.000000e+01
8.172808e+14,8.000000e+01
5.950960e+13,4.630521e+01
5.761907e+13,4.360257e+01
2.244324e+13,2.492433e+01
1.563229e+13,7.899705e+01
1.842598e+13,7.899503e+01
2.530796e+13,2.456398e+01
1.181974e+13,7.898612e+01
3.313410e+13,3.231155e+01
9.578925e+13,7.899443e+01
9.578925e+13,7.899516e+01
4.149544e+19,8.000000e+01
4.149544e+19,8.000000e+01
1.576487e+13,7.897749e+01
1.125099e+13,7.899393e+01
2.406282e+14,8.000000e+01
4.893065e+13,7.899690e+01
8.094705e+13,4.876761e+01
2.114552e+13,7.897211e+01
6.509458e+13,7.777593e+01
1.513990e+13,7.898996e+01
7.814635e+15,6.768608e+01
2.537258e+13,7.886603e+01
5.013641e+13,3.315237e+01
1.672145e+13,7.898435e+01
3.356747e+13,3.207131e+01
2.505023e+13,7.899910e+01
2.505023e+13,7.899908e+01
1.412577e+14,5.753617e+01
2.270825e+14,5.765629e+01
3.524987e+13,5.308797e+01
8.151882e+14,8.000000e+01
8.151882e+14,8.000000e+01
8.151882e+14,8.000000e+01
3.169009e+13,3.447366e+01
1.135842e+14,6.300151e+01
1.011448e+15,8.000000e+01
1.011448e+15,8.000000e+01
1.011448e+15,8.000000e+01
2.059896e+13,7.892774e+01
2.294273e+14,7.519341e+01
1.411860e+14,5.363236e+01
1.738824e+13,7.892111e+01
3.300797e+13,3.279201e+01
1.403727e+13,7.898740e+01
1.060449e+14,4.894779e+01
1.421900e+13,7.891167e+01
1.172661e+13,7.898579e+01
2.469102e+13,7.898434e+01
3.474051e+13,3.129055e+01
1.633114e+14,4.774661e+01
4.152289e+13,4.528421e+01
1.290916e+13,7.899722e+01
2.863298e+13,7.899336e+01
2.585269e+13,2.408351e+01
9.053388e+13,4.774661e+01
2.641521e+16,8.000000e+01
2.641521e+16,8.000000e+01
2.641521e+16,8.000000e+01
4.426235e+13,4.005911e+01
1.481739e+14,8.000000e+01
1.893522e+13,7.895268e+01
4.751346e+13,3.885794e+01
2.113346e+13,7.899866e+01
6.959039e+13,6.882719e+01
9.071946e+14,7.489312e+01
3.426616e+13,2.882814e+01
5.288066e+13,4.186087e+01
2.894860e+14,8.000000e+01
3.394057e+13,3.393313e+01
1.265776e+13,7.892578e+01
3.367770e+13,2.954885e+01
2.870316e+13,7.898845e+01
3.045541e+13,3.002932e+01
5.136825e+13,3.327248e+01
5.292087e+13,3.435354e+01
4.374571e+14,8.000000e+01
1.330276e+13,7.895305e+01
5.803583e+13,7.898509e+01
1.039245e+13,7.899710e+01
2.133533e+13,2.468410e+01
1.695384e+13,4.999687e+00
8.913838e+13,4.672562e+01
2.220816e+13,7.898990e+01
1.378435e+14,5.279154e+01
1.168675e+14,4.174075e+01
5.749092e+13,5.008890e+01
3.541515e+13,7.899750e+01
6.965640e+13,5.549418e+01
9.852223e+13,8.000000e+01
9.993885e+13,6.059916e+01
1.760602e+14,5.573441e+01
2.874182e+13,7.899060e+01
2.228928e+13,7.898420e+01
4.627599e+13,4.306204e+01
5.382304e+13,4.999901e+00
1.611966e+13,7.898100e+01
1.800831e+13,7.899452e+01
8.880546e+13,8.000000e+01
7.242423e+14,8.000000e+01
3.910239e+13,7.899854e+01
6.744359e+13,7.899849e+01
4.322935e+13,3.495412e+01
1.329521e+14,6.636479e+01
1.541744e+14,8.000000e+01
1.353450e+14,5.423295e+01
1.890111e+13,7.898961e+01
1.826169e+13,7.899235e+01
4.544437e+13,3.183108e+01
1.047618e+13,2.099630e+01
2.850909e+14,6.324174e+01
8.031443e+13,4.474368e+01
1.264708e+14,8.000000e+01
1.448116e+14,5.135013e+01
1.258221e+13,6.907152e+01
4.939346e+13,4.083987e+01
1.683377e+13,7.898252e+01
7.116310e+13,4.426321e+01
1.946874e+13,7.899459e+01
1.736620e+13,7.112560e+01
1.999760e+13,7.892225e+01
2.998886e+14,8.000000e+01
2.735462e+13,7.899239e+01
1.184632e+13,7.899770e+01
9.827226e+13,4.996878e+01
2.847863e+14,8.000000e+01
2.847863e+14,8.000000e+01
5.239201e+13,4.936820e+01
3.051223e+13,7.892544e+01
3.535903e+14,6.492338e+01
2.780777e+14,8.000000e+01
2.780777e+14,8.000000e+01
3.802944e+13,7.896910e+01
3.802944e+13,5.000005e+00
4.129014e+13,4.180081e+01
1.143134e+14,5.507377e+01
1.020098e+13,7.899866e+01
6.176717e+13,6.672514e+01
1.143526e+14,8.000000e+01
1.143526e+14,8.000000e+01
1.428669e+13,7.899788e+01
1.616468e+13,7.899857e+01
9.694449e+13,4.468362e+01
4.189840e+13,7.899421e+01
5.199868e+13,5.000000e+00
5.199868e+13,5.074955e+01
1.229102e+14,6.083940e+01
5.336593e+14,8.000000e+01
5.336593e+14,8.000000e+01
5.601341e+13,6.216069e+01
5.353767e+13,3.513430e+01
1.189187e+13,7.895026e+01
4.655773e+13,3.657571e+01
8.582894e+14,8.000000e+01
3.660645e+13,3.405325e+01
1.098050e+13,7.899436e+01
2.223825e+13,7.898368e+01
1.933261e+13,7.899572e+01
3.243144e+13,3.489407e+01
1.609440e+14,6.342192e+01
3.654615e+14,8.000000e+01
3.654615e+14,8.000000e+01
3.654615e+14,8.000000e+01
3.654615e+14,8.000000e+01
3.654615e+14,8.000000e+01
2.764051e+13,2.912844e+01
1.479014e+13,7.896377e+01
5.776844e+13,5.393265e+01
2.461310e+13,2.546486e+01
5.555746e+13,4.564456e+01
2.261485e+13,4.998594e+00
3.085878e+14,8.000000e+01
5.793222e+13,3.891799e+01
1.809977e+14,5.189066e+01
7.445916e+13,5.687553e+01
4.753483e+13,3.597512e+01
2.966449e+13,2.780715e+01
2.664637e+13,3.075002e+01
5.060307e+13,5.495365e+01
5.617355e+14,8.000000e+01
5.617355e+14,8.000000e+01
2.931169e+13,7.899328e+01
5.346817e+13,6.540385e+01
6.456921e+13,6.798637e+01
1.868801e+13,7.892161e+01
1.674892e+14,8.000000e+01
4.558096e+13,1.898694e+01
3.331165e+13,7.895936e+01
6.106856e+14,7.903716e+01
2.191167e+13,7.898146e+01
2.332818e+13,7.898431e+01
4.486046e+13,7.899547e+01
1.813716e+13,7.899471e+01
1.244508e+13,7.899696e+01
7.767916e+13,6.444291e+01
1.800676e+13,7.898793e+01
4.317252e+13,3.675588e+01
2.309574e+13,2.588527e+01
1.197230e+13,7.899459e+01
3.826317e+13,3.969876e+01
3.644142e+13,2.792726e+01
2.270605e+13,7.898955e+01
2.929227e+14,5.651517e+01
4.990528e+13,3.867776e+01
3.276310e+13,2.804738e+01
7.785839e+13,3.963870e+01
2.671407e+13,2.690627e+01
8.685176e+12,7.899425e+01
4.102725e+13,3.825735e+01
1.336871e+13,7.899628e+01
1.225434e+13,7.899651e+01
9.185988e+12,7.899806e+01
5.628394e+13,4.756644e+01
1.551444e+13,4.999847e+00
5.496064e+14,8.000000e+01
4.778546e+13,4.228128e+01
1.616060e+13,7.899336e+01
1.250884e+14,6.348198e+01
1.161623e+14,8.000000e+01
1.161623e+14,8.000000e+01
8.070393e+13,4.690579e+01
4.224461e+13,4.792679e+01
6.327524e+13,6.924760e+01
1.227599e+14,5.477347e+01
5.338248e+14,8.000000e+01
1.348774e+13,7.899709e+01
1.030629e+14,7.899122e+01
1.030629e+14,4.999999e+00
1.220353e+13,7.904750e+01
2.130845e+13,4.999880e+00
7.730095e+13,7.501323e+01
7.730095e+13,7.501323e+01
1.288927e+14,5.681547e+01
5.951130e+13,5.056937e+01
2.358854e+13,7.899427e+01
2.016043e+13,7.911189e+01
9.343908e+13,8.000000e+01
9.343908e+13,8.000000e+01
9.343908e+13,8.000000e+01
2.036774e+13,6.115715e+01
6.532176e+13,7.898389e+01
4.036413e+13,3.705618e+01
5.499563e+13,3.951858e+01
1.927496e+13,7.893384e+01
1.571861e+14,6.065922e+01
4.490235e+13,3.975882e+01
4.073405e+14,8.000000e+01
6.789733e+14,8.000000e+01
3.741237e+13,3.519436e+01
1.070592e+14,4.924808e+01
2.316161e+15,7.369194e+01
1.947931e+13,7.899735e+01
1.211979e+14,4.996878e+01
3.654979e+13,3.291213e+01
1.737880e+13,7.899479e+01
9.776001e+12,7.899350e+01
2.413302e+13,7.899884e+01
2.243075e+13,7.922738e+01
4.439976e+14,6.107963e+01
5.466346e+13,3.483401e+01
4.162638e+14,8.000000e+01
4.162638e+14,8.000000e+01
4.162638e+14,8.000000e+01
1.997347e+14,5.525394e+01
2.992219e+13,7.899613e+01
3.429987e+13,3.717629e+01
3.910513e+13,3.753665e+01
2.762109e+13,3.339260e+01
1.224727e+13,7.899571e+01
1.164751e+14,7.878789e+01
1.164751e+14,8.000000e+01
1.339020e+13,7.899720e+01
1.979154e+14,7.909722e+01
1.607048e+14,7.771587e+01
1.607048e+14,7.771587e+01
2.381083e+14,8.000000e+01
2.381083e+14,8.000000e+01
3.398645e+14,6.438286e+01
4.445344e+13,3.165090e+01
2.556593e+14,8.000000e+01
1.112374e+13,7.899620e+01
4.289084e+13,3.711624e+01
2.521512e+13,2.744680e+01
2.232401e+13,2.498849e+01
3.798355e+14,6.792631e+01
3.641051e+13,3.549465e+01
2.679020e+13,4.999937e+00
2.104112e+13,7.898756e+01
7.356269e+13,6.942778e+01
2.329653e+13,7.897224e+01
1.076091e+13,7.899370e+01
6.417516e+14,6.960796e+01
1.198054e+14,8.000000e+01
1.198054e+14,5.000000e+00
1.198054e+14,5.000001e+00
1.652284e+14,5.573441e+01
2.119612e+14,5.867729e+01
1.144339e+13,7.899665e+01
4.210638e+13,3.183108e+01
1.585123e+13,7.898637e+01
2.158687e+13,7.898417e+01
3.278259e+14,7.837652e+01
6.462541e+13,3.795706e+01
1.997258e+13,4.999425e+00
9.156508e+12,7.898961e+01
8.867005e+13,4.354251e+01
8.526692e+13,8.000000e+01
2.663790e+14,6.264116e+01
2.104910e+13,7.896813e+01
5.394221e+13,4.630521e+01
2.663962e+13,7.915454e+01
1.181095e+14,7.369194e+01
2.601349e+14,8.000000e+01
2.601349e+14,8.000000e+01
9.971313e+13,7.899103e+01
9.971313e+13,7.898526e+01
6.592382e+13,3.969876e+01
3.933258e+13,4.438333e+01
1.107000e+14,8.000000e+01
1.107000e+14,7.899765e+01
1.547644e+13,7.899839e+01
3.854425e+13,3.279201e+01
1.415019e+13,7.857522e+01
2.242903e+13,2.522463e+01
4.179733e+13,3.441360e+01
2.492702e+13,7.899442e+01
5.775781e+15,8.000000e+01
5.775781e+15,8.000000e+01
4.625521e+14,6.648491e+01
5.690685e+13,5.999858e+01
4.198806e+13,3.501418e+01
2.196860e+13,7.899429e+01
7.936138e+13,4.552444e+01
2.535844e+13,2.898858e+01
2.074173e+14,8.000000e+01
2.074173e+14,8.000000e+01
2.983583e+14,8.000000e+01
1.188920e+14,7.549370e+01
1.188920e+14,7.549370e+01
1.903339e+14,6.180033e+01
7.166209e+13,3.795706e+01
2.278904e+13,7.898108e+01
1.830948e+13,7.899707e+01
1.760531e+14,5.705570e+01
7.393421e+13,5.080960e+01
1.331910e+14,6.978813e+01
3.780640e+13,3.579495e+01
1.063945e+14,4.306204e+01
1.453583e+14,2.693772e+01
1.638101e+14,5.897758e+01
6.015947e+13,5.525394e+01
5.371350e+14,8.000000e+01
2.306238e+13,7.898699e+01
5.514486e+13,3.885794e+01
8.137914e+13,4.666556e+01
1.883878e+14,8.000000e+01
1.237270e+14,6.432280e+01
4.337746e+13,3.771682e+01
7.630322e+13,7.477300e+01
1.011236e+13,7.899377e+01
9.791301e+13,8.000000e+01
1.685859e+13,7.899744e+01
7.371814e+13,3.987893e+01
4.589396e+14,8.000000e+01
4.589396e+14,8.000000e+01
4.589396e+14,8.000000e+01
1.325488e+14,8.000000e+01
1.325488e+14,8.000000e+01
1.325488e+14,8.000000e+01
2.744801e+14,8.000000e+01
1.260815e+14,8.000000e+01
1.260815e+14,8.000000e+01
1.618628e+13,7.914327e+01
2.263808e+13,7.899740e+01
6.339138e+13,3.933841e+01
8.320395e+13,3.789700e+01
2.350747e+13,7.897024e+01
9.741454e+13,6.504350e+01
2.943693e+13,3.531448e+01
1.453023e+13,5.913153e+01
1.500234e+13,7.899791e+01
7.059388e+20,8.000000e+01
7.059388e+20,8.000000e+01
7.059388e+20,8.000000e+01
7.059388e+20,8.000000e+01
7.059388e+20,8.000000e+01
7.059388e+20,8.000000e+01
1.583974e+15,8.000000e+01
1.583974e+15,8.000000e+01
2.708033e+13,2.882814e+01
4.124559e+13,3.339260e+01
2.662524e+15,8.000000e+01
2.662524e+15,8.000000e+01
1.697225e+13,7.897487e+01
6.436657e+13,7.411235e+01
1.178922e+14,4.396292e+01
7.753447e+13,5.549418e+01
1.276014e+14,8.000000e+01
7.724578e+13,7.855669e+01
6.083678e+13,5.050931e+01
1.966423e+14,8.000000e+01
1.966423e+14,8.000000e+01
1.007804e+14,6.174028e+01
9.784447e+17,8.000000e+01
9.784447e+17,8.000000e+01
4.536381e+13,5.381254e+01
3.461607e+13,7.899798e+01
6.162288e+13,6.486332e+01
2.602305e+13,7.898770e+01
2.041313e+13,7.899046e+01
3.853251e+13,7.895936e+01
8.703694e+13,4.672562e+01
2.373037e+13,7.898922e+01
1.358631e+14,8.000000e+01
1.358631e+14,8.000000e+01
1.926858e+13,7.899700e+01
4.951592e+13,2.498575e+01
2.468495e+13,7.897840e+01
1.859081e+13,7.897277e+01
2.372501e+13,4.998728e+00
1.075361e+13,7.896151e+01
2.155339e+13,7.899381e+01
1.389642e+13,7.899478e+01
1.133344e+13,7.899804e+01
8.999261e+13,4.624515e+01
4.310957e+14,8.000000e+01
4.310957e+14,8.000000e+01
6.128247e+13,5.735600e+01
6.333621e+13,3.327248e+01
9.691033e+13,2.500000e+01
3.179290e+14,8.000000e+01
2.513574e+14,7.393218e+01
1.715516e+14,5.951811e+01
2.220802e+14,8.000000e+01
3.619141e+14,8.000000e+01
3.619141e+14,8.000000e+01
1.444145e+13,4.999906e+00
3.847044e+14,6.750590e+01
9.587918e+13,6.750590e+01
1.458253e+13,7.895902e+01
1.747912e+14,8.000000e+01
1.747912e+14,8.000000e+01
4.221223e+13,4.276175e+01
3.078801e+14,8.000000e+01
3.078801e+14,8.000000e+01
3.078801e+14,8.000000e+01
5.393226e+14,6.780620e+01
3.421702e+13,4.065970e+01
2.693599e+13,2.450392e+01
3.959760e+13,4.204104e+01
1.235294e+13,4.999745e+00
1.928312e+14,6.023881e+01
6.141445e+13,5.129007e+01
6.141445e+13,4.999993e+00
3.008814e+13,3.327248e+01
9.633645e+13,7.098931e+01
5.328131e+13,7.333159e+01
5.328131e+13,7.333159e+01
1.592241e+13,7.899807e+01
8.487373e+13,4.720609e+01
4.233086e+14,8.000000e+01
1.792683e+13,7.899211e+01
1.540952e+14,8.000000e+01
1.540952e+14,8.000000e+01
1.540952e+14,8.000000e+01
7.962743e+13,4.282181e+01
3.834368e+13,7.898263e+01
4.540838e+14,8.000000e+01
8.892048e+14,8.000000e+01
1.451973e+15,8.000000e+01
4.118374e+13,3.267190e+01
9.074712e+13,7.639458e+01
9.074712e+13,7.639458e+01
7.396629e+13,4.144046e+01
6.882677e+13,3.777688e+01
2.042105e+13,7.899395e+01
4.838467e+13,3.537454e+01
1.227643e+13,7.899007e+01
7.592736e+13,3.711624e+01
9.324063e+14,8.000000e+01
9.324063e+14,8.000000e+01
5.920926e+13,3.957864e+01
3.574677e+13,3.789700e+01
1.482224e+14,7.899647e+01
2.586850e+13,2.516457e+01
6.901202e+13,4.816702e+01
2.606125e+13,2.902391e+01
5.326473e+14,8.000000e+01
2.320387e+13,7.899438e+01
1.224587e+13,7.899757e+01
3.985548e+14,8.000000e+01
5.055538e+14,8.000000e+01
5.055538e+14,8.000000e+01
4.884954e+13,5.549418e+01
1.290362e+14,8.000000e+01
1.290362e+14,8.000000e+01
3.990698e+14,8.000000e+01
3.990698e+14,8.000000e+01
3.990698e+14,8.000000e+01
2.995555e+13,7.897790e+01
2.606422e+14,8.000000e+01
2.606422e+14,8.000000e+01
2.606422e+14,8.000000e+01
1.693040e+13,7.899780e+01
9.184536e+13,4.690579e+01
6.858940e+13,5.969828e+01
2.296377e+13,7.899550e+01
1.934125e+13,7.899497e+01
3.762441e+13,3.519436e+01
6.833336e+13,3.885794e+01
1.456305e+13,7.899802e+01
1.610740e+14,6.131987e+01
6.317758e+13,6.174028e+01
4.107742e+13,4.097754e+01
2.129261e+13,2.348293e+01
6.118489e+13,6.162016e+01
7.807238e+13,5.627494e+01
9.575523e+13,4.228128e+01
6.084658e+14,8.000000e+01
6.084658e+14,8.000000e+01
1.628920e+13,7.898439e+01
2.810682e+14,5.519388e+01
5.853934e+13,3.969876e+01
5.334617e+14,8.000000e+01
1.952751e+13,7.898363e+01
3.353060e+13,7.898322e+01
9.352184e+13,8.000000e+01
3.605471e+13,7.899472e+01
6.690136e+13,3.100000e+01
7.567815e+14,8.000000e+01
1.382881e+14,8.000000e+01
1.382881e+14,8.000000e+01
7.066432e+13,5.495365e+01
2.051159e+14,6.588432e+01
9.789752e+12,7.899408e+01
1.411972e+13,7.899384e+01
2.753709e+13,2.702639e+01
1.697852e+14,8.000000e+01
1.697852e+14,8.000000e+01
4.189644e+13,3.693606e+01
2.868545e+13,7.899695e+01
5.689780e+13,3.567483e+01
1.506370e+14,8.000000e+01
1.007318e+14,4.648538e+01
6.342097e+13,4.999910e+00
3.335263e+13,3.026955e+01
1.966353e+13,7.898657e+01
2.197071e+13,4.999116e+00
2.295240e+13,7.895633e+01
6.537088e+13,3.663577e+01
1.770454e+13,7.883374e+01
2.776896e+14,8.000000e+01
2.776896e+14,8.000000e+01
8.749451e+13,5.723588e+01
8.749451e+13,5.723588e+01
6.259057e+13,4.498392e+01
1.009554e+14,4.546439e+01
1.758821e+13,7.899618e+01
4.221152e+13,3.105031e+01
4.583735e+13,6.101957e+01
2.761234e+13,2.792726e+01
1.287025e+15,8.000000e+01
1.245117e+14,8.000000e+01
1.245117e+14,8.000000e+01
2.527410e+13,7.899813e+01
1.579356e+14,7.729546e+01
1.579356e+14,7.729546e+01
1.960061e+14,8.000000e+01
6.060616e+16,8.000000e+01
2.988864e+13,2.126076e+01
3.062431e+13,2.852785e+01
1.576549e+13,7.897769e+01
4.722437e+13,3.279201e+01
1.006017e+14,5.249125e+01
2.350092e+13,7.898995e+01
3.893347e+13,4.462357e+01
7.962281e+13,3.561477e+01
1.588867e+13,7.899582e+01
9.114577e+13,4.612503e+01
1.138418e+14,5.789652e+01
6.776913e+13,4.348245e+01
4.744868e+13,4.108011e+01
5.693585e+14,8.000000e+01
5.693585e+14,8.000000e+01
5.693585e+14,8.000000e+01
2.732808e+13,2.888820e+01
2.873960e+13,2.612551e+01
1.775422e+13,7.893466e+01
2.102655e+13,7.899551e+01
2.521543e+13,7.899207e+01
4.796427e+15,8.000000e+01
4.752445e+13,5.639506e+01
4.752445e+13,5.639506e+01
2.248223e+13,7.895429e+01
9.964725e+13,8.000000e+01
1.665198e+13,7.899400e+01
1.455207e+14,7.705523e+01
1.875571e+14,7.597417e+01
3.037084e+13,7.899775e+01
1.447290e+14,7.537359e+01
2.825288e+13,3.100000e+01
4.406585e+13,7.899892e+01
4.406585e+13,7.899697e+01
2.763330e+13,3.147072e+01
2.633389e+14,8.000000e+01
4.206294e+13,3.879788e+01
2.701690e+13,2.744680e+01
6.000121e+13,4.690579e+01
4.930231e+13,4.234134e+01
1.725246e+13,1.700000e+01
8.312398e+13,5.147025e+01
1.003189e+14,7.681499e+01
1.003189e+14,7.681499e+01
1.635944e+14,7.741558e+01
1.569887e+14,8.000000e+01
1.569887e+14,8.000000e+01
6.006062e+13,4.240140e+01
1.742438e+13,7.899602e+01
3.814071e+13,7.899470e+01
1.223614e+13,7.897814e+01
8.187896e+13,7.899016e+01
7.520594e+13,6.071928e+01
9.515102e+12,7.899791e+01
2.429217e+13,7.899599e+01
6.400729e+13,3.837747e+01
3.595889e+13,2.499292e+01
1.218679e+14,5.411283e+01
2.031552e+14,8.000000e+01
2.031552e+14,8.000000e+01
1.211768e+13,4.999556e+00
2.102284e+14,5.843705e+01
1.423240e+13,7.840676e+01
2.356879e+13,7.898722e+01
4.863656e+13,3.663577e+01
3.893988e+13,3.345266e+01
2.017261e+13,7.898738e+01
5.341515e+13,5.000004e+00
5.341515e+13,7.899009e+01
2.686180e+13,3.026955e+01
1.782661e+14,7.951763e+01
1.310126e+13,7.897663e+01
2.592920e+13,4.998927e+00
3.477988e+13,7.845407e+01
3.682692e+17,8.000000e+01
3.682692e+17,8.000000e+01
1.466643e+13,1.698703e+01
2.344148e+13,7.932951e+01
6.349823e+13,6.059916e+01
3.287639e+13,3.297219e+01
2.700225e+13,7.899294e+01
6.416093e+13,3.927835e+01
1.701141e+13,7.899468e+01
1.010869e+14,7.899699e+01
3.772546e+13,4.652273e+01
1.480785e+14,5.327201e+01
1.860580e+13,7.895646e+01
5.927043e+13,4.942826e+01
6.085697e+13,7.999810e+01
3.949017e+14,8.000000e+01
5.221343e+13,4.083987e+01
4.806614e+13,4.450345e+01
2.372281e+13,2.546486e+01
3.053648e+13,2.894826e+01
1.365800e+13,7.899843e+01
1.786088e+14,8.000000e+01
1.568011e+13,7.899626e+01
1.087059e+15,7.285112e+01
1.138757e+14,4.486380e+01
4.484932e+13,3.195119e+01
1.420726e+13,7.899627e+01
2.901198e+13,3.105031e+01
1.295687e+13,7.899744e+01
4.987604e+14,8.000000e+01
4.987604e+14,8.000000e+01
1.032136e+14,5.513383e+01
1.633259e+14,3.096030e+01
2.976884e+14,5.471342e+01
3.631557e+13,4.095999e+01
5.157691e+13,3.315237e+01
1.153927e+14,4.053958e+01
3.511276e+13,3.591506e+01
8.310623e+15,8.000000e+01
1.349614e+13,7.899759e+01
1.285104e+13,7.899727e+01
1.360054e+13,4.999605e+00
2.713559e+13,2.912844e+01
1.445998e+13,7.898656e+01
1.252503e+13,7.899606e+01
3.907209e+13,7.899776e+01
2.691948e+13,4.999262e+00
3.654960e+13,3.693606e+01
2.549424e+13,7.896228e+01
3.465753e+13,2.300000e+01
2.383853e+13,4.101566e+01
3.026861e+14,8.000000e+01
3.026861e+14,8.000000e+01
7.005315e+16,8.000000e+01
5.531449e+13,4.204104e+01
3.889266e+14,4.005911e+01
4.352010e+13,2.703478e+01
1.515853e+13,7.899350e+01
1.266104e+13,7.899810e+01
3.145976e+13,7.892082e+01
2.943667e+13,2.894826e+01
1.119107e+13,7.899861e+01
1.328390e+13,4.999895e+00
5.118646e+13,7.898485e+01
1.744264e+13,7.899607e+01
1.906882e+13,7.899557e+01
7.375544e+14,8.000000e+01
1.010262e+14,7.898473e+01
1.010262e+14,6.774614e+01
3.692453e+15,8.000000e+01
2.081785e+13,2.307863e+01
2.136972e+15,8.000000e+01
1.335173e+14,7.609429e+01
1.831295e+14,5.357230e+01
5.304082e+13,4.071975e+01
1.172249e+14,8.000000e+01
1.172249e+14,8.000000e+01
2.237131e+13,2.480422e+01
2.192435e+13,2.480422e+01
1.522678e+13,7.899470e+01
1.387259e+13,4.999868e+00
6.907919e+13,6.702544e+01
6.907919e+13,6.702544e+01
2.316520e+14,8.000000e+01
2.316520e+14,8.000000e+01
5.058416e+13,4.270169e+01
2.345919e+13,5.000264e+00
9.534699e+13,4.858743e+01
1.431927e+13,7.899383e+01
8.400366e+13,5.038919e+01
2.062424e+14,8.000000e+01
3.768083e+13,3.339260e+01
3.356130e+13,7.899547e+01
1.519882e+13,7.899790e+01
1.851253e+13,7.899511e+01
1.605427e+13,7.893557e+01
2.386400e+13,2.558498e+01
1.645742e+14,5.843705e+01
1.734297e+13,7.899774e+01
1.846192e+14,6.366215e+01
9.480584e+12,5.000000e+00
5.731175e+13,4.546439e+01
1.852908e+14,6.810649e+01
3.459065e+14,8.000000e+01
2.747763e+13,2.660597e+01
3.105297e+13,7.898494e+01
2.847113e+13,7.899486e+01
2.018425e+13,7.899702e+01
2.747751e+13,2.500000e+01
2.503194e+13,7.899821e+01
4.004833e+13,7.899766e+01
1.802673e+14,8.000000e+01
4.165155e+14,7.609429e+01
8.201995e+13,3.171096e+01
2.776192e+13,2.900000e+01
6.489344e+13,3.873782e+01
1.102774e+15,8.000000e+01
2.443662e+13,7.897546e+01
3.925942e+13,3.633547e+01
4.998855e+13,4.354251e+01
1.326411e+14,6.684526e+01
7.302540e+13,5.165043e+01
2.634296e+13,7.893154e+01
3.062292e+14,8.000000e+01
3.062292e+14,8.000000e+01
3.062292e+14,8.000000e+01
5.243197e+13,3.291213e+01
1.613794e+13,7.899771e+01
4.071529e+13,3.357278e+01
3.278173e+13,2.750685e+01
2.347336e+13,7.899421e+01
8.694690e+14,8.000000e+01
8.694690e+14,8.000000e+01
1.679338e+13,7.899544e+01
2.698433e+13,7.899398e+01
4.562469e+13,5.926050e+01
3.416263e+13,5.000092e+00
3.416263e+13,7.894820e+01
1.123417e+13,7.884854e+01
1.163607e+13,5.880544e+01
2.609359e+13,7.894657e+01
1.885180e+14,4.792679e+01
2.392185e+13,7.898948e+01
1.742190e+13,7.891094e+01
2.574022e+13,2.846779e+01
1.158635e+14,7.898588e+01
1.158635e+14,8.000000e+01
3.677586e+13,7.898586e+01
3.047511e+13,7.899542e+01
3.042167e+13,7.521230e+01
1.140477e+16,8.000000e+01
2.408291e+13,2.360304e+01
9.857403e+13,8.000000e+01
9.857403e+13,8.000000e+01
1.696144e+14,6.372221e+01
1.696144e+14,6.372221e+01
1.676774e+14,8.000000e+01
1.676774e+14,8.000000e+01
4.017340e+13,4.276175e+01
3.036579e+13,3.002932e+01
2.146158e+14,8.000000e+01
2.146158e+14,8.000000e+01
2.872002e+13,7.899787e+01
1.648727e+13,7.920575e+01
5.454405e+13,3.639553e+01
7.891248e+13,4.516409e+01
2.241158e+14,6.444291e+01
1.454906e+14,8.000000e+01
8.000020e+13,5.000006e+00
8.000020e+13,8.000000e+01
1.342798e+13,7.898158e+01
1.069585e+13,7.899107e+01
2.950079e+13,2.099814e+01
1.912778e+14,8.000000e+01
1.912778e+14,8.000000e+01
1.104663e+13,7.898241e+01
1.371768e+13,7.896003e+01
1.183033e+13,7.899433e+01
4.565454e+13,3.789700e+01
8.971112e+13,5.633500e+01
8.971112e+13,5.633500e+01
2.698967e+14,5.855717e+01
7.394780e+13,7.435259e+01
6.494187e+13,3.663577e+01
3.073694e+13,7.898149e+01
1.762810e+13,7.899531e+01
1.194069e+14,4.816702e+01
1.770348e+13,7.899672e+01
1.580056e+14,5.801664e+01
5.577611e+13,3.717629e+01
5.289015e+13,3.363284e+01
2.947592e+13,2.894826e+01
1.323062e+13,7.899825e+01
4.038565e+13,6.154004e+01
3.201573e+13,2.792726e+01
1.771549e+13,5.000076e+00
2.920482e+13,2.972902e+01
1.051074e+14,5.014896e+01
3.731455e+13,7.894378e+01
7.886255e+13,5.423295e+01
5.604455e+13,7.525347e+01
2.448849e+13,7.899124e+01
3.972994e+13,4.999907e+00
3.972994e+13,5.000009e+00
3.176745e+13,7.897745e+01
2.323093e+14,8.000000e+01
1.583452e+13,7.899347e+01
1.611972e+13,7.899859e+01
1.207951e+14,7.309136e+01
2.217130e+13,7.255165e+01
4.197199e+13,3.357278e+01
2.343339e+15,8.000000e+01
4.675599e+13,3.471389e+01
2.262685e+13,7.898971e+01
1.608254e+14,8.000000e+01
1.608254e+14,8.000000e+01
1.608254e+14,8.000000e+01
1.282028e+13,7.899849e+01
4.378815e+13,3.321242e+01
6.276959e+13,3.585500e+01
2.148955e+14,6.330180e+01
1.487037e+13,7.899450e+01
1.383594e+13,5.000000e+00
2.000069e+13,7.925185e+01
4.044145e+13,4.270169e+01
1.733585e+14,6.396245e+01
1.858025e+14,8.000000e+01
1.858025e+14,8.000000e+01
1.858025e+14,8.000000e+01
3.725335e+13,3.032961e+01
3.152314e+14,8.000000e+01
2.703106e+14,7.098931e+01
9.945903e+12,7.899829e+01
5.365978e+14,8.000000e+01
5.365978e+14,8.000000e+01
6.305371e+14,8.000000e+01
4.659400e+13,4.288186e+01
4.057191e+13,5.481211e+01
1.012844e+13,7.899099e+01
1.535526e+13,7.899082e+01
2.265581e+14,8.000000e+01
2.265581e+14,8.000000e+01
2.265581e+14,8.000000e+01
1.343818e+14,8.000000e+01
5.121731e+14,8.000000e+01
7.240300e+13,6.522368e+01
7.240300e+13,6.522368e+01
2.973637e+14,8.000000e+01
2.973637e+14,8.000000e+01
1.387068e+14,8.000000e+01
1.835673e+15,8.000000e+01
3.927563e+13,2.996926e+01
2.333575e+13,7.899326e+01
2.256309e+14,8.000000e+01
6.317866e+13,6.119639e+01
5.500680e+13,3.651565e+01
3.424962e+13,5.345218e+01
4.331750e+13,7.899652e+01
1.198868e+14,4.888773e+01
2.320263e+13,2.528468e+01
3.545153e+14,8.000000e+01
1.273152e+13,7.886439e+01
1.044008e+14,4.324222e+01
4.699493e+13,4.750638e+01
1.756991e+13,7.612248e+01
2.730097e+13,2.720656e+01
1.982995e+14,8.000000e+01
1.372536e+14,6.660503e+01
6.622660e+14,8.000000e+01
5.415434e+13,4.720609e+01
5.250633e+13,7.894869e+01
1.526223e+13,7.899444e+01
7.479504e+14,7.621441e+01
5.129205e+13,4.150052e+01
3.858221e+13,5.975834e+01
1.672888e+13,7.899318e+01
3.117664e+14,8.000000e+01
3.117664e+14,8.000000e+01
2.188016e+13,7.899548e+01
2.531739e+14,6.137992e+01
1.248533e+14,4.984867e+01
3.378559e+13,3.141067e+01
1.558638e+13,7.899654e+01
5.079972e+13,5.807670e+01
4.116082e+14,8.000000e+01
5.460026e+13,7.899394e+01
8.326489e+13,4.990872e+01
4.369477e+13,7.898839e+01
3.685196e+13,4.294192e+01
6.857553e+13,4.972855e+01
1.338016e+14,8.000000e+01
1.338016e+14,7.899753e+01
4.248385e+14,8.000000e+01
5.414788e+13,4.999828e+00
2.426752e+13,2.558498e+01
1.630400e+13,7.891817e+01
1.984405e+13,7.898374e+01
1.605032e+13,7.898835e+01
9.033800e+13,4.954837e+01
1.712201e+14,6.888725e+01
2.932510e+13,2.726662e+01
1.235580e+13,7.899792e+01
4.488666e+13,4.954837e+01
1.816154e+13,7.897157e+01
1.757710e+13,7.898170e+01
5.762364e+14,7.164995e+01
1.880951e+13,7.899624e+01
3.966774e+14,8.000000e+01
2.649977e+13,7.889438e+01
1.186138e+14,5.585453e+01
1.689004e+13,5.475084e+01
3.211588e+13,7.898622e+01
2.893231e+13,3.014943e+01
2.636798e+13,2.582521e+01
5.302769e+13,4.396292e+01
1.947013e+14,5.429301e+01
7.923542e+13,4.966849e+01
5.997230e+13,7.899652e+01
1.607802e+14,8.000000e+01
5.019521e+14,8.000000e+01
5.019521e+14,8.000000e+01
9.493757e+13,4.216116e+01
3.211755e+13,2.100000e+01
4.834316e+15,8.000000e+01
1.069330e+14,5.549418e+01
1.210841e+13,7.887917e+01
2.447799e+13,7.894088e+01
2.837457e+13,3.706164e+01
3.702430e+13,2.990920e+01
5.817292e+13,3.915823e+01
5.336259e+13,5.700282e+01
3.563811e+14,8.000000e+01
1.862016e+14,8.000000e+01
1.862016e+14,8.000000e+01
1.200055e+13,7.899447e+01
3.592926e+13,2.756691e+01
2.156907e+13,7.890587e+01
9.939214e+13,6.017875e+01
3.459773e+13,3.843753e+01
7.047730e+13,3.561477e+01
1.874716e+13,7.897103e+01
1.872764e+14,8.000000e+01
1.872764e+14,8.000000e+01
3.007895e+13,3.351272e+01
1.153147e+13,4.999737e+00
1.517211e+14,6.378227e+01
7.497538e+13,4.258157e+01
4.392640e+13,3.315237e+01
2.149574e+13,7.885652e+01
1.309751e+13,7.896642e+01
7.218880e+13,4.558450e+01
4.961492e+13,3.327248e+01
1.888743e+13,3.311508e+01
3.506476e+14,6.222074e+01
2.036892e+13,7.897123e+01
1.817772e+13,7.899235e+01
1.918932e+14,5.885746e+01
4.089454e+13,7.899662e+01
1.965454e+13,7.899729e+01
2.831346e+14,2.500000e+01
1.832200e+14,6.456303e+01
4.475361e+13,3.429348e+01
1.280551e+13,7.899424e+01
1.301865e+15,8.000000e+01
1.971334e+13,7.896326e+01
3.050808e+13,7.897324e+01
6.744015e+13,4.270169e+01
6.539669e+13,5.465336e+01
1.342378e+13,7.896531e+01
3.391866e+13,3.621536e+01
1.222423e+13,7.899665e+01
5.148790e+13,3.645559e+01
7.917883e+13,4.750638e+01
1.098960e+14,5.975834e+01
1.365839e+15,6.192045e+01
1.051701e+13,7.884721e+01
5.574458e+13,3.855764e+01
3.904184e+13,3.387307e+01
2.715141e+13,2.750685e+01
3.008051e+13,7.896964e+01
2.584677e+13,3.081008e+01
7.015747e+13,4.714603e+01
2.634203e+13,7.038190e+01
2.293377e+13,7.893420e+01
5.611149e+14,8.000000e+01
1.612187e+14,4.990872e+01
9.937965e+13,4.534427e+01
1.796859e+13,7.899562e+01
3.215908e+13,2.930861e+01
8.201934e+13,4.252151e+01
4.041795e+13,6.100000e+01
2.113530e+14,5.897758e+01
2.167107e+13,2.510451e+01
1.213778e+13,7.897783e+01
1.172191e+13,7.898585e+01
1.701236e+13,7.898481e+01
8.760863e+13,3.897805e+01
5.220805e+13,4.996878e+01
1.157443e+14,8.000000e+01
1.157443e+14,8.000000e+01
1.936059e+14,5.957816e+01
5.599342e+13,7.890261e+01
5.399650e+13,6.210063e+01
6.890379e+13,5.441312e+01
4.287873e+13,3.567483e+01
5.600090e+13,3.951858e+01
2.814103e+13,2.918850e+01
5.617200e+14,8.000000e+01
1.266483e+13,7.899724e+01
1.835581e+14,5.507377e+01
6.731714e+13,4.990872e+01
3.441783e+13,7.899716e+01
1.573744e+13,7.889502e+01
3.087108e+14,8.000000e+01
3.087108e+14,8.000000e+01
6.376655e+13,4.138040e+01
7.376310e+13,3.711624e+01
2.898308e+13,7.899497e+01
2.667594e+13,7.899723e+01
1.055821e+15,8.000000e+01
5.594593e+13,3.681594e+01
1.760426e+13,7.899721e+01
6.297783e+13,3.753665e+01
2.255433e+14,6.336186e+01
5.798893e+14,8.000000e+01
7.269144e+13,7.297124e+01
7.269144e+13,7.297124e+01
1.098722e+13,7.446526e+01
1.513195e+14,8.000000e+01
1.513195e+14,8.000000e+01
2.667682e+13,7.924819e+01
1.301471e+13,7.899256e+01
4.648186e+13,2.300000e+01
3.742200e+14,6.059916e+01
2.177736e+13,7.899503e+01
3.662448e+13,7.899787e+01
1.833661e+14,6.750590e+01
8.765801e+13,7.741558e+01
8.765801e+13,7.741558e+01
1.762847e+14,6.240092e+01
1.020188e+13,7.899515e+01
1.069312e+14,7.056889e+01
3.581380e+13,3.549465e+01
3.530143e+13,4.998912e+00
4.412644e+13,3.273196e+01
3.931586e+13,3.627541e+01
9.293000e+13,8.000000e+01
9.293000e+13,8.000000e+01
1.174193e+13,7.898174e+01
3.904381e+13,7.899504e+01
2.185169e+13,7.896899e+01
6.294280e+13,3.957864e+01
2.158776e+13,7.899584e+01
2.246184e+14,7.393218e+01
2.778029e+13,3.002932e+01
2.161554e+13,7.896247e+01
7.847843e+13,6.276127e+01
7.847843e+13,6.276127e+01
1.305214e+14,7.915728e+01
1.305214e+14,7.915728e+01
1.305214e+14,7.915728e+01
4.388086e+13,4.999463e+00
5.745132e+13,4.900785e+01
2.160390e+13,7.899144e+01
1.151969e+13,7.899806e+01
7.803953e+13,5.357230e+01
1.634592e+14,5.243119e+01
1.855612e+13,7.888541e+01
4.674095e+13,7.897549e+01
3.446553e+13,4.720609e+01
2.746552e+13,5.258961e+01
3.627628e+14,8.000000e+01
1.153840e+13,7.896760e+01
1.535154e+13,7.899028e+01
8.283862e+14,7.573394e+01
8.363306e+13,8.000000e+01
3.395183e+14,6.582426e+01
9.380436e+13,7.008843e+01
1.429833e+13,7.898866e+01
9.446729e+13,8.000000e+01
2.716525e+13,7.899106e+01
2.869711e+13,7.891790e+01
7.690094e+13,7.899163e+01
7.690094e+13,7.899442e+01
6.919252e+13,3.813723e+01
1.661438e+13,7.899739e+01
5.174338e+13,5.000010e+00
5.174338e+13,5.279154e+01
1.095198e+14,5.477347e+01
1.498910e+13,3.501981e+01
1.356548e+13,7.899643e+01
1.765576e+13,7.899653e+01
4.016906e+14,6.113969e+01
3.060362e+13,7.897316e+01
1.910613e+14,5.110990e+01
1.922427e+13,7.886748e+01
8.092119e+13,7.026860e+01
3.794365e+13,4.999110e+00
3.885898e+13,7.899922e+01
2.750560e+14,4.918802e+01
1.662998e+13,7.899021e+01
1.366385e+14,7.339165e+01
3.571612e+13,2.924855e+01
1.371442e+14,5.417289e+01
7.707380e+13,5.387259e+01
2.244382e+13,7.899392e+01
1.685402e+14,8.000000e+01
1.685402e+14,8.000000e+01
2.054086e+13,7.898270e+01
1.394592e+13,7.898596e+01
7.347083e+13,4.047952e+01
7.738743e+13,6.408256e+01
2.903812e+13,2.846779e+01
4.250547e+13,4.924808e+01
7.491048e+13,4.648538e+01
2.503051e+13,2.698042e+01
7.034672e+14,8.000000e+01
7.034672e+14,8.000000e+01
2.176270e+13,7.899490e+01
5.362596e+13,5.309183e+01
2.387852e+13,7.899459e+01
5.171356e+13,3.903811e+01
4.335510e+13,3.453371e+01
1.179983e+13,7.899662e+01
3.042276e+13,2.804738e+01
1.332558e+13,7.899781e+01
9.082426e+13,4.696585e+01
1.593572e+14,5.261136e+01
1.995105e+14,5.345218e+01
8.356737e+13,4.816702e+01
1.075687e+15,8.000000e+01
1.075687e+15,8.000000e+01
4.349473e+14,8.000000e+01
2.480203e+13,2.498439e+01
6.628102e+13,5.056937e+01
6.385259e+13,6.492338e+01
2.300243e+13,1.898854e+01
5.379695e+13,3.405325e+01
1.629473e+13,7.899020e+01
2.098048e+13,3.696224e+01
1.496173e+13,7.896556e+01
2.190102e+13,7.899571e+01
1.391063e+14,6.408256e+01
1.104519e+14,5.056937e+01
2.098199e+13,7.898908e+01
2.039606e+13,7.899398e+01
5.430498e+13,7.927068e+01
5.430498e+13,7.922342e+01
7.239427e+14,8.000000e+01
7.239427e+14,8.000000e+01
7.239427e+14,8.000000e+01
9.841138e+13,4.702591e+01
2.767052e+13,2.840773e+01
5.692469e+13,3.423342e+01
3.874640e+14,8.000000e+01
9.321326e+13,7.603423e+01
9.321326e+13,7.603423e+01
6.169749e+13,5.987846e+01
3.605123e+13,2.978908e+01
7.584658e+13,8.000000e+01
5.203716e+14,8.000000e+01
5.203716e+14,8.000000e+01
5.203716e+14,8.000000e+01
5.203716e+14,8.000000e+01
2.952649e+13,7.899313e+01
6.822318e+13,4.600491e+01
6.263987e+13,3.963870e+01
1.664623e+14,8.000000e+01
5.605834e+13,4.168069e+01
5.879000e+13,3.975882e+01
6.763589e+14,8.000000e+01
2.816675e+13,2.600539e+01
1.713780e+14,4.972855e+01
8.446519e+13,4.047952e+01
2.310111e+13,7.898710e+01
9.151235e+13,5.777641e+01
9.151235e+13,5.777641e+01
3.358094e+14,6.414262e+01
2.137335e+14,8.000000e+01
2.137335e+14,8.000000e+01
1.368493e+13,7.899736e+01
1.281045e+14,5.291166e+01
1.635863e+13,3.905887e+01
3.560645e+13,7.884990e+01
2.493220e+13,7.897460e+01
4.862236e+13,7.900049e+01
4.862236e+13,6.732573e+01
1.485656e+14,8.000000e+01
1.485656e+14,8.000000e+01
1.577011e+14,6.396245e+01
1.535961e+14,5.056937e+01
1.045421e+14,8.000000e+01
1.045421e+14,8.000000e+01
4.579724e+13,4.708597e+01
1.263481e+14,7.351177e+01
2.824588e+14,5.723588e+01
2.111571e+13,5.660835e+01
2.431231e+13,7.899208e+01
2.721222e+13,2.642580e+01
3.415825e+13,3.657571e+01
6.883976e+13,4.390286e+01
2.758099e+13,7.899433e+01
1.226297e+16,8.000000e+01
2.922739e+14,8.000000e+01
4.108067e+13,7.896414e+01
2.387443e+13,7.899135e+01
2.487196e+13,2.774709e+01
1.000010e+14,5.123001e+01
6.565000e+13,3.735647e+01
2.177470e+13,7.897427e+01
4.183386e+13,3.105031e+01
2.145815e+13,7.899477e+01
1.229726e+15,8.000000e+01
1.541958e+13,7.899598e+01
1.589903e+16,8.000000e+01
9.057131e+12,7.899880e+01
1.062224e+13,7.899821e+01
4.187049e+13,7.898465e+01
6.027454e+13,5.417289e+01
3.759969e+13,7.899489e+01
3.378993e+13,3.735647e+01
2.489680e+13,7.899462e+01
2.295252e+13,6.632548e+01
1.542060e+15,8.000000e+01
1.466298e+14,5.549418e+01
1.790499e+13,7.899636e+01
1.538409e+14,4.408304e+01
5.446377e+14,6.780620e+01
4.309888e+13,3.291213e+01
4.381428e+13,5.000003e+00
4.381428e+13,4.450345e+01
6.695059e+13,5.735600e+01
6.695059e+13,5.735600e+01
4.343497e+13,3.669583e+01
1.198951e+17,8.000000e+01
4.311357e+13,4.720609e+01
9.586491e+17,8.000000e+01
9.257814e+13,8.000000e+01
9.257814e+13,8.000000e+01
9.823382e+13,5.531400e+01
2.418374e+16,8.000000e+01
2.418374e+16,8.000000e+01
3.280840e+13,2.990920e+01
3.441141e+13,2.966897e+01
4.302282e+13,4.402298e+01
1.662598e+13,7.899687e+01
2.597226e+13,4.997890e+00
6.495900e+13,3.645559e+01
6.141769e+13,4.750638e+01
9.280824e+12,7.898680e+01
2.003232e+14,4.390286e+01
3.974702e+13,7.899625e+01
1.032040e+15,8.000000e+01
1.032040e+15,8.000000e+01
1.265006e+13,7.899450e+01
1.679831e+14,5.165043e+01
1.344337e+14,6.324174e+01
9.270665e+13,6.095951e+01
7.959765e+13,5.147025e+01
2.287298e+14,8.000000e+01
2.287298e+14,8.000000e+01
6.486703e+13,4.998359e+00
3.793258e+14,6.029887e+01
1.535690e+13,7.909229e+01
2.715351e+14,7.381206e+01
5.571273e+13,4.684573e+01
5.455053e+13,2.294799e+01
5.821980e+13,8.000000e+01
5.821980e+13,8.000000e+01
3.843494e+14,8.000000e+01
5.147432e+13,5.483353e+01
1.054803e+14,7.315142e+01
2.018313e+13,7.894373e+01
1.528662e+13,7.897092e+01
1.343765e+14,5.381254e+01
4.261857e+13,3.495412e+01
8.257240e+13,4.588480e+01
2.855470e+13,3.135061e+01
5.565469e+14,8.000000e+01
3.369123e+13,7.935837e+01
5.300387e+13,3.957864e+01
6.825572e+14,8.000000e+01
3.679328e+13,7.888489e+01
3.679328e+13,7.921953e+01
4.766292e+13,4.144046e+01
3.250750e+13,2.924855e+01
5.692998e+13,4.999815e+00
5.692998e+13,4.999893e+00
1.747063e+14,8.000000e+01
3.584880e+13,7.899130e+01
8.943100e+13,6.354203e+01
8.791265e+12,7.878045e+01
1.777593e+13,7.899197e+01
3.095510e+14,8.000000e+01
6.746567e+13,6.708549e+01
6.746567e+13,6.708549e+01
1.339345e+13,7.899823e+01
8.809973e+13,8.000000e+01
5.386049e+13,7.899365e+01
2.562595e+13,7.898285e+01
7.343225e+14,7.987798e+01
1.358969e+13,7.899831e+01
4.223349e+13,3.339260e+01
1.268630e+14,5.615482e+01
1.100870e+13,7.899798e+01
4.273587e+13,2.924855e+01
3.929926e+13,3.495412e+01
3.773386e+13,3.945852e+01
8.355388e+13,6.576420e+01
1.441977e+13,7.899096e+01
1.783490e+14,8.000000e+01
5.766670e+14,8.000000e+01
4.465272e+13,4.492386e+01
4.997569e+13,5.171048e+01
6.392156e+13,4.294192e+01
6.440601e+13,4.246145e+01
4.907410e+13,4.204104e+01
8.931068e+13,2.498659e+01
2.270733e+13,4.999746e+00
3.096601e+13,2.960891e+01
1.795333e+14,8.000000e+01
2.468784e+13,7.899735e+01
7.559989e+14,8.000000e+01
7.559989e+14,8.000000e+01
1.324794e+14,8.000000e+01
1.324794e+14,8.000000e+01
5.670080e+13,3.549465e+01
7.445944e+13,4.966849e+01
1.371153e+14,4.768656e+01
1.437136e+13,7.899401e+01
1.235128e+15,8.000000e+01
7.871575e+13,4.858743e+01
8.867231e+13,4.900785e+01
1.070524e+15,6.984819e+01
2.169819e+13,7.898464e+01
2.167531e+14,8.000000e+01
2.167531e+14,8.000000e+01
2.167531e+14,8.000000e+01
1.664192e+13,7.897806e+01
1.241072e+14,6.918755e+01
1.007586e+14,4.330228e+01
2.829885e+13,4.999846e+00
1.254537e+14,8.000000e+01
6.511454e+14,8.000000e+01
6.511454e+14,8.000000e+01
4.034572e+13,4.564456e+01
7.669026e+13,4.047952e+01
7.306467e+13,4.264163e+01
2.389433e+13,7.897205e+01
1.908579e+13,7.899659e+01
2.775554e+13,7.899556e+01
3.702222e+13,3.483401e+01
1.112514e+14,8.000000e+01
2.967392e+13,6.340876e+01
1.270288e+13,7.896594e+01
3.402733e+13,3.267190e+01
2.060993e+14,6.780620e+01
1.432874e+13,2.905327e+01
1.850734e+13,7.898315e+01
2.000025e+13,7.897946e+01
5.309671e+13,7.898910e+01
4.918012e+13,5.849711e+01
2.786345e+13,6.918896e+01
2.705960e+13,7.899366e+01
1.098823e+13,7.899786e+01
4.027922e+13,3.795706e+01
3.298479e+15,8.000000e+01
3.298479e+15,8.000000e+01
3.298479e+15,8.000000e+01
6.436414e+13,4.408304e+01
1.590991e+13,7.893539e+01
1.286981e+13,7.898050e+01
5.997952e+13,4.570462e+01
7.940682e+12,7.899845e+01
2.300075e+13,7.714329e+01
1.102165e+14,8.000000e+01
1.102165e+14,8.000000e+01
3.641267e+15,8.000000e+01
1.029742e+14,5.219095e+01
1.179077e+14,4.094580e+01
6.525007e+13,5.561430e+01
6.525007e+13,5.561430e+01
5.666756e+13,5.303177e+01
9.972448e+12,7.898686e+01
5.454932e+13,4.432327e+01
1.290260e+14,8.000000e+01
1.301803e+13,7.899689e+01
6.572535e+13,5.873734e+01
2.254046e+13,7.898997e+01
1.434951e+13,7.899722e+01
5.495522e+13,5.000192e+00
1.095159e+15,8.000000e+01
1.095159e+15,8.000000e+01
4.495489e+13,7.897652e+01
1.522088e+14,8.000000e+01
1.522088e+14,8.000000e+01
6.245129e+13,5.183060e+01
1.556591e+13,7.899705e+01
2.271669e+14,8.000000e+01
3.259063e+13,3.062990e+01
3.041568e+13,7.899527e+01
5.690268e+13,4.462357e+01
8.486080e+13,4.822708e+01
1.539370e+13,7.899048e+01
1.878261e+13,5.000017e+00
1.448131e+13,7.879965e+01
1.232774e+14,5.000021e+00
1.232774e+14,5.000019e+00
4.249930e+14,8.000000e+01
4.249930e+14,8.000000e+01
2.792605e+13,2.582521e+01
5.836919e+13,4.053958e+01
2.171290e+13,2.438381e+01
2.503631e+13,2.594533e+01
8.092600e+13,3.945852e+01
1.044407e+15,8.000000e+01
5.166460e+13,4.174075e+01
7.498683e+13,5.000037e+00
7.498683e+13,6.504350e+01
4.003984e+14,8.000000e+01
1.195751e+14,4.999930e+00
1.201684e+13,4.999610e+00
4.894281e+13,4.999823e+00
5.047508e+13,4.576468e+01
2.641025e+13,7.893530e+01
7.250618e+13,3.753665e+01
3.223238e+13,7.899190e+01
1.932710e+14,5.867729e+01
1.136241e+14,5.465336e+01
6.056982e+15,8.000000e+01
1.112713e+13,7.899678e+01
9.256438e+13,5.651517e+01
6.611871e+14,8.000000e+01
1.198998e+13,7.899414e+01
1.578158e+15,8.000000e+01
2.272525e+13,6.798166e+01
1.876398e+14,8.000000e+01
1.876398e+14,8.000000e+01
9.676895e+13,8.000000e+01
1.121762e+13,7.894474e+01
4.092443e+13,3.543459e+01
4.473118e+13,3.698248e+01
2.148126e+13,7.886604e+01
1.703183e+13,7.897739e+01
4.150125e+13,3.225149e+01
6.138218e+13,3.687600e+01
3.024424e+14,6.156010e+01
1.900836e+13,7.895252e+01
1.250143e+13,7.899637e+01
2.044294e+13,2.354298e+01
2.273520e+13,7.899598e+01
1.383587e+13,7.899766e+01
1.277840e+13,7.899726e+01
1.300022e+13,7.897590e+01
1.464790e+13,7.899186e+01
1.633530e+13,7.899754e+01
7.346506e+14,7.921734e+01
1.063371e+13,7.899623e+01
1.847488e+14,6.162016e+01
1.847488e+14,6.162016e+01
2.917097e+14,8.000000e+01
2.917097e+14,8.000000e+01
3.143776e+13,7.895591e+01
4.780510e+13,5.038919e+01
4.780510e+13,5.038919e+01
8.415618e+14,8.000000e+01
1.262872e+14,8.000000e+01
2.390900e+14,5.255130e+01
1.086685e+14,7.092925e+01
8.138467e+13,5.273148e+01
6.050881e+13,4.336233e+01
7.982721e+14,6.402250e+01
7.354070e+13,5.000047e+00
7.354070e+13,7.789605e+01
2.203148e+13,7.899198e+01
3.003699e+13,7.899528e+01
1.892723e+14,5.267142e+01
2.090611e+13,2.390334e+01
1.034441e+14,4.606497e+01
1.651637e+14,6.576420e+01
1.341091e+13,4.999807e+00
3.935217e+13,7.756601e+01
3.354738e+13,3.429348e+01
4.601537e+13,4.029934e+01
7.579610e+13,4.204104e+01
5.585803e+13,3.885794e+01
3.946583e+13,3.633547e+01
1.334249e+14,6.900737e+01
5.923688e+13,3.501418e+01
1.144487e+13,7.899848e+01
1.420791e+13,7.899715e+01
2.898687e+14,5.327201e+01
2.730393e+13,7.899376e+01
1.904502e+13,7.899570e+01
3.082069e+13,7.899034e+01
4.006079e+13,2.298357e+01
5.318822e+13,7.894906e+01
3.428876e+13,3.297153e+01
3.178626e+13,3.008938e+01
2.286075e+13,7.896444e+01
4.704488e+14,8.000000e+01
4.399595e+13,3.729641e+01
1.819342e+14,6.174028e+01
6.084060e+13,3.495412e+01
2.371382e+13,2.318263e+01
1.778180e+13,7.898102e+01
6.025949e+13,5.141019e+01
2.527407e+13,5.000000e+00
2.326040e+13,2.324269e+01
5.254790e+13,6.408256e+01
1.880242e+13,7.898276e+01
2.148695e+13,7.899672e+01
1.048794e+14,4.396292e+01
6.634840e+13,5.032914e+01
3.836695e+13,4.618509e+01
3.737289e+15,8.000000e+01
3.027990e+14,5.891752e+01
8.447602e+13,4.210110e+01
1.913326e+13,7.899624e+01
2.946113e+13,3.002932e+01
1.177798e+14,6.162016e+01
2.485070e+14,5.945805e+01
3.502707e+13,3.897805e+01
3.626154e+13,3.219143e+01
2.155223e+13,2.697170e+01
1.528114e+13,7.898703e+01
3.647311e+14,8.000000e+01
8.202845e+13,4.564456e+01
3.625030e+14,7.225054e+01
2.099883e+13,7.899030e+01
1.944135e+13,7.897403e+01
1.700013e+13,7.899155e+01
2.977127e+13,3.201125e+01
8.370921e+13,2.900000e+01
1.750673e+13,7.899612e+01
5.605098e+13,4.768656e+01
2.879331e+15,8.000000e+01
2.879331e+15,8.000000e+01
1.008507e+13,7.899149e+01
1.991149e+13,7.899136e+01
6.088250e+13,4.678568e+01
1.472822e+13,7.899675e+01
2.207725e+13,2.438381e+01
5.873820e+14,7.651470e+01
2.780850e+13,2.768703e+01
2.439458e+13,7.899685e+01
1.479514e+14,8.000000e+01
1.479514e+14,8.000000e+01
5.177275e+14,8.000000e+01
5.177275e+14,8.000000e+01
1.228522e+13,7.899812e+01
2.403875e+13,7.912892e+01
3.574444e+14,8.000000e+01
7.641602e+13,6.089945e+01
1.490633e+13,7.874140e+01
8.977286e+13,4.023928e+01
1.566885e+13,7.899820e+01
2.073951e+13,7.899578e+01
3.319666e+13,4.126028e+01
6.732093e+13,5.219095e+01
9.240761e+13,3.927835e+01
1.816934e+13,7.899525e+01
6.361209e+13,7.899442e+01
3.363979e+13,4.318216e+01
2.375010e+13,7.898542e+01
3.911308e+13,3.549465e+01
4.344507e+13,4.288186e+01
3.399082e+14,7.723540e+01
2.796856e+13,2.804738e+01
1.715656e+14,5.104984e+01
1.745335e+14,8.000000e+01
1.745335e+14,8.000000e+01
1.942152e+13,7.893584e+01
4.121020e+13,3.573489e+01
3.721421e+13,3.339260e+01
1.345481e+13,7.907461e+01
2.808814e+15,8.000000e+01
2.808814e+15,8.000000e+01
5.829829e+13,3.921829e+01
1.237947e+13,7.897050e+01
3.270642e+14,6.708549e+01
2.194514e+13,2.330275e+01
2.557820e+13,2.528468e+01
1.232063e+14,5.357230e+01
3.156109e+14,6.744585e+01
3.016742e+13,3.105031e+01
5.122071e+13,7.899628e+01
3.133872e+13,7.899758e+01
2.069765e+13,7.899779e+01
2.837427e+13,3.249172e+01
2.671664e+13,2.162111e+01
9.991622e+13,8.000000e+01
1.078346e+14,7.669488e+01
4.611685e+13,3.609524e+01
3.942657e+13,3.819729e+01
3.401579e+13,3.387307e+01
4.163455e+13,7.899147e+01
4.163455e+13,5.000005e+00
5.026827e+14,8.000000e+01
1.149836e+13,5.000041e+00
2.563190e+13,6.762562e+01
1.579304e+13,7.899650e+01
8.418189e+13,4.276175e+01
2.474763e+13,4.998615e+00
3.838703e+13,4.999790e+00
6.040779e+13,4.876761e+01
8.063928e+13,3.795706e+01
1.364247e+13,7.899404e+01
2.148805e+13,7.898834e+01
1.129507e+14,8.000000e+01
7.954192e+13,7.899835e+01
7.954192e+13,7.899657e+01
6.450115e+14,8.000000e+01
6.450115e+14,8.000000e+01
6.450115e+14,8.000000e+01
4.591549e+13,5.747611e+01
1.059617e+15,8.000000e+01
5.356330e+13,4.089993e+01
3.740200e+13,3.261184e+01
4.366573e+13,6.047689e+01
4.636680e+13,4.999866e+00
4.636680e+13,4.999971e+00
4.701125e+13,4.354251e+01
6.418217e+13,4.510403e+01
4.818834e+13,3.129055e+01
2.844041e+13,7.898490e+01
1.755615e+14,6.294486e+01
3.140299e+13,7.889553e+01
8.395270e+13,2.097942e+01
1.069531e+13,7.897731e+01
2.151437e+13,7.899405e+01
6.014883e+13,4.978861e+01
1.059182e+14,4.264163e+01
2.290150e+13,7.891482e+01
4.141498e+13,7.899208e+01
1.175148e+14,8.000000e+01
1.175148e+14,8.000000e+01
2.713800e+13,7.897856e+01
1.012492e+14,4.918802e+01
3.073599e+14,7.633452e+01
3.073599e+14,7.633452e+01
2.913287e+13,7.899355e+01
3.529880e+13,7.899212e+01
6.741477e+13,3.741653e+01
3.476442e+14,6.600444e+01
1.089743e+14,4.942826e+01
7.759242e+13,5.987846e+01
7.759242e+13,5.987846e+01
9.423278e+13,6.756596e+01
9.423278e+13,6.756596e+01
1.674879e+13,7.899728e+01
2.376300e+13,7.899602e+01
1.327785e+13,7.899712e+01
1.749825e+13,5.858890e+01
1.000166e+14,5.339213e+01
5.283099e+13,4.822708e+01
1.562694e+13,7.899639e+01
6.254013e+13,3.939846e+01
6.102138e+13,6.366215e+01
4.435965e+13,3.339260e+01
1.602796e+13,7.899856e+01
4.509239e+13,4.095999e+01
2.969504e+13,2.570510e+01
1.802182e+13,7.898628e+01
3.933643e+13,7.899829e+01
1.087945e+14,5.086966e+01
7.946915e+13,6.444291e+01
2.518227e+14,8.000000e+01
8.011974e+13,4.798685e+01
3.669527e+13,7.896864e+01
1.216193e+13,7.898980e+01
1.216778e+14,4.702591e+01
1.614434e+14,8.000000e+01
1.614434e+14,8.000000e+01
1.488533e+13,7.899652e+01
6.050322e+13,6.552397e+01
6.050322e+13,5.000011e+00
4.034749e+13,2.708644e+01
8.997402e+13,5.159037e+01
2.220629e+13,7.899349e+01
4.948300e+13,3.987893e+01
1.714734e+13,7.899210e+01
3.369115e+13,3.056984e+01
8.279741e+13,2.300000e+01
3.690985e+14,7.219048e+01
2.320770e+13,7.896162e+01
3.990939e+13,3.243166e+01
2.199835e+13,7.899643e+01
1.800349e+13,7.899548e+01
2.534183e+14,6.678520e+01
5.065032e+13,3.513430e+01
4.895887e+13,5.026908e+01
4.560986e+13,3.687600e+01
1.884590e+14,8.000000e+01
5.248035e+13,4.552444e+01
9.495608e+13,4.504398e+01
3.190323e+13,3.177102e+01
1.227369e+13,7.899850e+01
3.157885e+13,2.840773e+01
3.604475e+13,3.411330e+01
5.992142e+13,3.771682e+01
1.412435e+14,6.894731e+01
2.091512e+13,7.899250e+01
7.984648e+13,4.095999e+01
1.861426e+13,2.120070e+01
2.253148e+13,4.999948e+00
2.868250e+13,2.660597e+01
1.150801e+13,7.897192e+01
2.939047e+13,7.179989e+01
1.307481e+14,5.513383e+01
1.291971e+14,4.654544e+01
1.464005e+14,4.798685e+01
5.682292e+13,4.156057e+01
3.248946e+13,2.894826e+01
1.119761e+13,7.899856e+01
7.584802e+14,8.000000e+01
1.547128e+13,2.898077e+01
1.746147e+13,7.899118e+01
3.250394e+13,7.899534e+01
4.912034e+13,7.899492e+01
6.652347e+13,6.252104e+01
7.164249e+14,8.000000e+01
2.047225e+13,7.891410e+01
2.023111e+13,7.898080e+01
2.203371e+13,7.899253e+01
5.642211e+13,3.741653e+01
2.123481e+13,3.925831e+01
7.075478e+13,3.807717e+01
5.374177e+13,5.068949e+01
1.071099e+13,7.899788e+01
2.089619e+13,7.896583e+01
1.047813e+14,4.798685e+01
4.074298e+13,5.753617e+01
1.856273e+13,7.898648e+01
1.468674e+14,8.000000e+01
2.694684e+13,4.998599e+00
1.436924e+13,7.898599e+01
3.556632e+13,7.897633e+01
2.099858e+13,7.899243e+01
1.658661e+13,7.897344e+01
7.164067e+13,6.912749e+01
7.164067e+13,6.912749e+01
1.590727e+13,7.899182e+01
1.459226e+14,6.168022e+01
3.291359e+13,3.477395e+01
5.159945e+14,8.000000e+01
1.383018e+14,5.867729e+01
1.755004e+13,7.899864e+01
2.898107e+14,8.000000e+01
3.383703e+14,8.000000e+01
1.534518e+13,7.899660e+01
3.194504e+14,8.000000e+01
1.682548e+14,4.972855e+01
4.756993e+13,3.387307e+01
1.036776e+15,8.000000e+01
1.036776e+15,8.000000e+01
8.389398e+14,8.000000e+01
4.651079e+13,3.327248e+01
4.558393e+13,7.897968e+01
4.558393e+13,7.899277e+01
5.455439e+13,3.735647e+01
2.199033e+13,2.546486e+01
1.408292e+14,8.000000e+01
1.557978e+14,8.000000e+01
9.364051e+13,8.000000e+01
4.626397e+14,7.399224e+01
6.142795e+13,4.534427e+01
1.335756e+14,7.899708e+01
1.335756e+14,8.000000e+01
4.885131e+13,4.348245e+01
5.335070e+13,6.029887e+01
4.621455e+14,6.990825e+01
9.723298e+13,5.333207e+01
5.568471e+13,3.633547e+01
1.290554e+13,7.899821e+01
1.643722e+14,4.804691e+01
3.547214e+16,8.000000e+01
3.547214e+16,8.000000e+01
1.752081e+13,7.899705e+01
3.134473e+13,2.768703e+01
8.043948e+13,7.837652e+01
8.043948e+13,7.837652e+01
2.932896e+14,7.699517e+01
1.724069e+13,7.899321e+01
3.406880e+13,3.795706e+01
1.354379e+13,7.899863e+01
1.936655e+13,4.999426e+00
2.104196e+13,7.898844e+01
1.590746e+15,8.000000e+01
1.590746e+15,8.000000e+01
1.590746e+15,8.000000e+01
2.123674e+13,7.916806e+01
1.682543e+13,7.898799e+01
1.645991e+13,7.899146e+01
4.050559e+13,2.480422e+01
3.186492e+13,4.998689e+00
3.491270e+13,3.231155e+01
2.048292e+13,7.896662e+01
1.157706e+14,4.330228e+01
3.731184e+13,3.231155e+01
5.205278e+13,7.899509e+01
5.205278e+13,5.000001e+00
6.467569e+13,2.518773e+01
2.389116e+13,7.898640e+01
9.927985e+14,8.000000e+01
9.927985e+14,8.000000e+01
1.099541e+15,8.000000e+01
1.099541e+15,8.000000e+01
1.099541e+15,8.000000e+01
8.922175e+13,4.954837e+01
1.789385e+14,8.000000e+01
1.402280e+14,5.657523e+01
1.396045e+13,4.999786e+00
5.870724e+13,4.186087e+01
9.918082e+13,6.996831e+01
9.918082e+13,6.996831e+01
3.693450e+13,3.351272e+01
2.309383e+13,7.899345e+01
1.385609e+14,8.000000e+01
2.774411e+13,7.898911e+01
2.280020e+13,7.899494e+01
4.948008e+13,4.035940e+01
1.834453e+14,5.747611e+01
1.005714e+13,7.871718e+01
5.020526e+13,3.471389e+01
1.750453e+13,7.899535e+01
5.688392e+13,3.999905e+01
1.336468e+15,8.000000e+01
3.341077e+13,3.044973e+01
3.431707e+13,7.898305e+01
4.838817e+13,3.759670e+01
1.217265e+14,5.453324e+01
9.060480e+13,5.537406e+01
1.604468e+13,7.897934e+01
1.263748e+13,7.903589e+01
4.254297e+14,7.717534e+01
4.125914e+13,3.621536e+01
4.133108e+13,5.885746e+01
1.917492e+13,3.904541e+01
8.669899e+13,4.426321e+01
3.321179e+14,8.000000e+01
2.192750e+13,7.867882e+01
1.570946e+13,7.899201e+01
2.871623e+13,7.892206e+01
1.281466e+13,7.899837e+01
3.019010e+13,5.000272e+00
3.019010e+13,4.999900e+00
1.174286e+14,8.000000e+01
7.170819e+13,7.897023e+01
6.760131e+13,4.456987e+01
2.991702e+13,2.954885e+01
2.297896e+13,7.899618e+01
1.600130e+14,6.810649e+01
1.268447e+14,5.201078e+01
3.688886e+14,8.000000e+01
1.703425e+13,7.899603e+01
3.409907e+14,8.000000e+01
8.373070e+13,7.899293e+01
9.758459e+13,5.309183e+01
1.144193e+14,4.558450e+01
1.021838e+13,7.899665e+01
1.937838e+13,7.899794e+01
4.521434e+13,7.898665e+01
4.521434e+13,5.000009e+00
3.337147e+13,3.243166e+01
2.718999e+15,8.000000e+01
4.833105e+14,8.000000e+01
4.833105e+14,8.000000e+01
1.235885e+13,7.899827e+01
4.513719e+13,4.053958e+01
8.064028e+13,4.438333e+01
2.261940e+13,5.895682e+01
6.194559e+14,8.000000e+01
1.272767e+13,7.899562e+01
7.626557e+13,7.062895e+01
4.762021e+13,4.228128e+01
1.405455e+13,7.898252e+01
1.118056e+14,8.000000e+01
1.118056e+14,8.000000e+01
2.211121e+13,5.520882e+01
2.471589e+13,7.897880e+01
1.352358e+13,7.899643e+01
1.565312e+13,7.897028e+01
5.110858e+14,6.732573e+01
2.369507e+13,7.899264e+01
2.117469e+13,7.896880e+01
3.318688e+14,8.000000e+01
7.492663e+13,3.663577e+01
2.711734e+13,7.944081e+01
2.692901e+13,2.702639e+01
1.176428e+14,8.000000e+01
1.176428e+14,8.000000e+01
1.176428e+14,7.899570e+01
1.449784e+13,7.899856e+01
2.493036e+13,2.098090e+01
1.091072e+13,7.847571e+01
1.656025e+13,7.898683e+01
1.742622e+15,8.000000e+01
1.742622e+15,8.000000e+01
9.813477e+13,7.898728e+01
5.803270e+13,3.663577e+01
1.677962e+13,7.899749e+01
1.155382e+13,7.894482e+01
9.031417e+13,7.899312e+01
2.380982e+16,8.000000e+01
3.000332e+13,7.899713e+01
1.699657e+13,7.899662e+01
1.047893e+14,4.450345e+01
1.526404e+13,7.899723e+01
4.171648e+13,7.899473e+01
1.979776e+13,2.162111e+01
2.821330e+13,2.810744e+01
4.173403e+13,4.378274e+01
4.888277e+13,3.435354e+01
2.428453e+14,8.000000e+01
2.428453e+14,8.000000e+01
4.924175e+13,7.899749e+01
2.281952e+13,2.624562e+01
1.266459e+13,4.999866e+00
2.223325e+13,2.570510e+01
1.413323e+19,8.000000e+01
4.190287e+13,3.249172e+01
4.606219e+14,8.000000e+01
6.764897e+13,6.840678e+01
6.764897e+13,6.840678e+01
2.857032e+13,7.898383e+01
1.056097e+14,6.570415e+01
9.782489e+14,8.000000e+01
4.112789e+13,3.038967e+01
5.733698e+13,3.747659e+01
1.948134e+14,7.507329e+01
1.948134e+14,7.507329e+01
1.317323e+14,8.000000e+01
9.980456e+14,8.000000e+01
9.980456e+14,8.000000e+01
3.293955e+13,3.213137e+01
4.069978e+13,2.942873e+01
4.249681e+13,4.780667e+01
4.359987e+13,3.561477e+01
3.183298e+13,7.898547e+01
4.858494e+13,5.038919e+01
5.057941e+13,3.705618e+01
5.275984e+13,5.074955e+01
6.203884e+13,5.315189e+01
3.385297e+13,2.288234e+01
3.088591e+13,2.750685e+01
3.402435e+13,3.243166e+01
7.583991e+13,5.032914e+01
1.429900e+15,8.000000e+01
1.502701e+13,7.898724e+01
5.394645e+13,7.899567e+01
2.203119e+13,7.899520e+01
1.560711e+13,7.114800e+01
3.131239e+14,8.000000e+01
1.029420e+13,7.899775e+01
1.328721e+14,4.582474e+01
1.025961e+15,8.000000e+01
3.408463e+13,2.780715e+01
9.624571e+14,8.000000e+01
4.329330e+13,4.684573e+01
2.428588e+14,8.000000e+01
2.428588e+14,8.000000e+01
2.428588e+14,8.000000e+01
5.524539e+13,7.899486e+01
2.150658e+14,8.000000e+01
2.150658e+14,8.000000e+01
3.688571e+13,3.663577e+01
3.522438e+13,2.948879e+01
4.065103e+13,4.378274e+01
4.065103e+13,4.378274e+01
1.966731e+16,8.000000e+01
8.262439e+13,4.834720e+01
1.450595e+14,8.000000e+01
2.493896e+13,2.234181e+01
8.889048e+13,4.228128e+01
1.854093e+14,8.000000e+01
1.854093e+14,8.000000e+01
1.814218e+14,5.681547e+01
1.376913e+14,8.000000e+01
1.376913e+14,8.000000e+01
4.011539e+14,7.243071e+01
2.453532e+13,2.648586e+01
2.185418e+13,7.898229e+01
9.200440e+13,4.654544e+01
1.952866e+13,7.899605e+01
1.508255e+13,7.880470e+01
1.845606e+13,7.898744e+01
5.295489e+13,4.744632e+01
4.060373e+13,4.174075e+01
2.081595e+13,7.898553e+01
5.179811e+13,6.071928e+01
7.296094e+14,8.000000e+01
2.082814e+13,7.897161e+01
1.291148e+13,7.899566e+01
2.105071e+13,7.899424e+01
2.115322e+14,7.819634e+01
1.296002e+13,7.914682e+01
9.323474e+13,7.897480e+01
9.323474e+13,8.000000e+01
4.509205e+13,5.000012e+00
4.509205e+13,5.603471e+01
5.083034e+13,3.900000e+01
1.738796e+13,7.862621e+01
4.102058e+13,5.000011e+00
4.102058e+13,5.000000e+00
1.692580e+13,7.899130e+01
3.979736e+13,3.375295e+01
8.477951e+13,4.630521e+01
1.817734e+13,7.898684e+01
2.571551e+13,7.899765e+01
1.591889e+13,7.898809e+01
2.680435e+13,7.896882e+01
2.697013e+13,7.008297e+01
5.277352e+13,5.261136e+01
4.626430e+13,3.261184e+01
4.057107e+13,3.459377e+01
2.962554e+13,2.828762e+01
1.324008e+13,7.894938e+01
5.990921e+13,6.828667e+01
8.718235e+13,4.864749e+01
2.425838e+13,7.899223e+01
2.166917e+14,8.000000e+01
3.385759e+14,6.492338e+01
4.597297e+13,4.942826e+01
4.597297e+13,5.000006e+00
2.105227e+13,7.899379e+01
3.638016e+13,7.897607e+01
9.695770e+12,7.899386e+01
5.577303e+13,3.909817e+01
1.252777e+13,7.899790e+01
1.206351e+14,5.897758e+01
1.503576e+14,5.519388e+01
2.353927e+13,4.999955e+00
1.749944e+14,7.050884e+01
2.136636e+17,8.000000e+01
3.503418e+13,7.892617e+01
1.941946e+13,7.899414e+01
2.423594e+13,2.768703e+01
9.504644e+13,5.567435e+01
2.628569e+13,2.618556e+01
3.062215e+14,7.861675e+01
2.633945e+14,5.369242e+01
6.579120e+13,4.144046e+01
6.136261e+14,8.000000e+01
4.668432e+13,7.934776e+01
4.386705e+14,7.957769e+01
1.119453e+14,2.558498e+01
2.650553e+13,2.750685e+01
4.071125e+13,4.144046e+01
1.120797e+13,7.899841e+01
4.101023e+13,3.585500e+01
1.157256e+13,7.897794e+01
3.757189e+13,3.105031e+01
3.658521e+13,3.273196e+01
4.544877e+14,8.000000e+01
4.544877e+14,8.000000e+01
5.744998e+13,4.426321e+01
4.512709e+13,3.447366e+01
6.427717e+13,4.102005e+01
3.225552e+13,7.799889e+01
3.133292e+14,7.183013e+01
9.881075e+13,4.750638e+01
3.259127e+14,8.000000e+01
8.938247e+13,6.714555e+01
1.512396e+13,7.899752e+01
1.713293e+13,7.899653e+01
4.248134e+13,4.186087e+01
4.248134e+13,4.186087e+01
1.467826e+13,7.899538e+01
1.114570e+14,2.090663e+01
2.637561e+14,8.000000e+01
2.092469e+13,7.896127e+01
2.048295e+13,7.896209e+01
6.101205e+13,4.486380e+01
1.629005e+13,7.898142e+01
1.404235e+13,7.899392e+01
4.181336e+13,3.615530e+01
4.678070e+13,3.171096e+01
1.194392e+13,6.504976e+01
1.246540e+14,6.726567e+01
7.939041e+13,5.405277e+01
1.587985e+13,7.899816e+01
3.885664e+13,3.627541e+01
1.813006e+13,7.898204e+01
1.091364e+14,8.000000e+01
2.414614e+15,8.000000e+01
2.414614e+15,8.000000e+01
1.474614e+13,7.899341e+01
1.520539e+15,8.000000e+01
3.017176e+13,2.588527e+01
4.080893e+13,3.291213e+01
1.087824e+14,7.741558e+01
8.730104e+13,5.951811e+01
1.298572e+13,7.899178e+01
2.421036e+14,8.000000e+01
6.558276e+13,6.111513e+01
1.257201e+14,4.906790e+01
1.530574e+13,4.999823e+00
1.462359e+14,5.909770e+01
5.411155e+13,3.351272e+01
2.038566e+14,8.000000e+01
1.046352e+13,7.899813e+01
5.183165e+13,3.837747e+01
2.204064e+13,4.999099e+00
3.166373e+13,2.744680e+01
1.081817e+14,4.582474e+01
7.875380e+18,8.000000e+01
7.875380e+18,8.000000e+01
7.875380e+18,8.000000e+01
5.822042e+14,8.000000e+01
5.822042e+14,8.000000e+01
1.574358e+14,8.000000e+01
1.574358e+14,8.000000e+01
9.348777e+14,8.000000e+01
9.348777e+14,8.000000e+01
1.729038e+13,3.514387e+01
2.167169e+13,7.896874e+01
3.941448e+13,3.225149e+01
1.071232e+17,8.000000e+01
1.071232e+17,8.000000e+01
1.071232e+17,8.000000e+01
9.684320e+13,2.289935e+01
1.218230e+15,8.000000e+01
1.218230e+15,8.000000e+01
3.495551e+13,3.285207e+01
5.533432e+13,3.993899e+01
8.931738e+14,8.000000e+01
8.931738e+14,8.000000e+01
4.322859e+13,2.108058e+01
7.668532e+13,4.624515e+01
1.384073e+13,7.898228e+01
2.029791e+13,2.210158e+01
5.590375e+13,4.450345e+01
3.504721e+13,7.899925e+01
3.504721e+13,7.899724e+01
8.467229e+13,7.585405e+01
9.976167e+15,8.000000e+01
2.576819e+14,8.000000e+01
4.634954e+14,7.056889e+01
6.850923e+13,3.837747e+01
7.076019e+13,3.909817e+01
4.017874e+13,3.050979e+01
1.242129e+13,7.898929e+01
2.239480e+13,7.899426e+01
4.223833e+13,4.210110e+01
1.742702e+13,7.898770e+01
3.446854e+13,3.549465e+01
2.373982e+13,2.618556e+01
1.045966e+13,7.899735e+01
1.197810e+14,4.960843e+01
1.436012e+18,8.000000e+01
1.436012e+18,8.000000e+01
4.984061e+13,3.483401e+01
1.174090e+14,6.456303e+01
4.971452e+14,7.717534e+01
1.626342e+14,6.834673e+01
2.012955e+14,8.000000e+01
1.942314e+13,7.899414e+01
1.780400e+13,8.997751e+00
4.361314e+13,3.549465e+01
3.096345e+14,8.000000e+01
9.841054e+13,4.384280e+01
8.089286e+13,2.683874e+01
5.360043e+14,8.000000e+01
5.201973e+13,5.669535e+01
1.195849e+15,8.000000e+01
2.473394e+13,7.898788e+01
9.756382e+13,8.000000e+01
5.515123e+13,4.005911e+01
3.214278e+14,6.924760e+01
3.212080e+13,7.899476e+01
6.095525e+13,5.002884e+01
2.142903e+13,7.899081e+01
1.197337e+14,6.612456e+01
1.630124e+15,8.000000e+01
3.428293e+14,8.000000e+01
3.428293e+14,8.000000e+01
2.169873e+13,7.899383e+01
1.670657e+13,7.898274e+01
1.169866e+14,8.000000e+01
2.291263e+13,7.918902e+01
6.573425e+13,4.546439e+01
1.514121e+13,7.899425e+01
1.978838e+13,7.897919e+01
7.438913e+13,4.204104e+01
1.031124e+13,7.899532e+01
1.402388e+14,8.000000e+01
4.329988e+13,3.405325e+01
1.629888e+13,4.999901e+00
1.937732e+13,7.896681e+01
1.128859e+13,5.000276e+00
9.809829e+13,5.135013e+01
1.676798e+14,8.000000e+01
1.676798e+14,8.000000e+01
3.039261e+13,2.624562e+01
2.516329e+13,2.690627e+01
5.714987e+13,3.561477e+01
2.377512e+14,6.936772e+01
3.766382e+13,3.099026e+01
1.104203e+13,7.897543e+01
4.650804e+13,6.282133e+01
4.632512e+13,3.105031e+01
4.367201e+14,7.261089e+01
4.847038e+13,3.267190e+01
7.071820e+14,8.000000e+01
7.071820e+14,8.000000e+01
1.402233e+13,7.894941e+01
2.071584e+14,5.008890e+01
2.425609e+17,8.000000e+01
2.425609e+17,8.000000e+01
2.425609e+17,8.000000e+01
2.492425e+13,2.618556e+01
2.632381e+13,2.768703e+01
1.862548e+13,7.899527e+01
1.611593e+13,7.874271e+01
1.264237e+14,5.411283e+01
1.264609e+14,5.285160e+01
1.864679e+15,8.000000e+01
1.976001e+13,7.893448e+01
6.084267e+13,4.108011e+01
3.449242e+14,8.000000e+01
2.431616e+13,7.899837e+01
2.269058e+14,8.000000e+01
5.284182e+13,3.399319e+01
3.242711e+15,8.000000e+01
1.736899e+14,8.000000e+01
1.736899e+14,8.000000e+01
1.736899e+14,8.000000e+01
1.949820e+13,2.240187e+01
4.000477e+13,4.999810e+00
1.364627e+13,7.897025e+01
2.274558e+14,8.000000e+01
2.274558e+14,8.000000e+01
2.274558e+14,8.000000e+01
1.407665e+13,7.890848e+01
1.446242e+14,4.864749e+01
9.504716e+13,5.681547e+01
1.743711e+15,8.000000e+01
1.743711e+15,8.000000e+01
1.149031e+13,7.899171e+01
1.124414e+14,5.849711e+01
2.154442e+14,8.000000e+01
2.154442e+14,8.000000e+01
5.746229e+13,4.999981e+00
5.746229e+13,7.896782e+01
2.599115e+13,2.966897e+01
2.177067e+15,8.000000e+01
9.127631e+13,2.476782e+01
6.132941e+14,8.000000e+01
7.190946e+14,6.492338e+01
1.357823e+14,8.000000e+01
2.286604e+13,4.998122e+00
5.988564e+13,7.891277e+01
3.465873e+14,8.000000e+01
3.465873e+14,8.000000e+01
1.130416e+13,7.897110e+01
3.974908e+13,2.990920e+01
5.989948e+16,8.000000e+01
5.989948e+16,8.000000e+01
5.453558e+13,3.879788e+01
3.475298e+13,5.000035e+00
3.475298e+13,7.892288e+01
1.822603e+13,7.897870e+01
3.641182e+14,8.000000e+01
3.641182e+14,8.000000e+01
2.231775e+14,6.384233e+01
1.204631e+13,7.899781e+01
8.543190e+13,7.908366e+01
8.543190e+13,8.000000e+01
8.543190e+13,8.000000e+01
3.663756e+13,5.026908e+01
8.264551e+13,3.609524e+01
2.453199e+13,7.883319e+01
2.552081e+13,7.897902e+01
8.020413e+13,4.642532e+01
1.264957e+15,8.000000e+01
1.955259e+13,7.912771e+01
3.327460e+13,4.999932e+00
6.244031e+13,4.888773e+01
1.269466e+14,4.636527e+01
5.875647e+13,3.723635e+01
1.473816e+13,7.899749e+01
7.348088e+13,4.810697e+01
1.051699e+15,8.000000e+01
1.051699e+15,8.000000e+01
1.051699e+15,8.000000e+01
2.522871e+13,7.887057e+01
4.664620e+13,4.606497e+01
6.532737e+14,8.000000e+01
2.792052e+14,8.000000e+01
2.792052e+14,8.000000e+01
1.291104e+14,4.870755e+01
3.438536e+13,2.912844e+01
1.194364e+13,7.895616e+01
6.354284e+13,8.000000e+01
8.282322e+13,8.000000e+01
8.282322e+13,8.000000e+01
8.282322e+13,8.000000e+01
1.426217e+15,8.000000e+01
1.363324e+14,5.183060e+01
9.186202e+13,7.501323e+01
1.855092e+14,4.630521e+01
3.501543e+13,3.513430e+01
2.620681e+13,2.876809e+01
9.216916e+13,4.900785e+01
1.845187e+13,7.899694e+01
3.044739e+13,3.447366e+01
2.970892e+13,2.978908e+01
1.220913e+13,7.899585e+01
8.085262e+13,6.594438e+01
8.085262e+13,6.594438e+01
1.653656e+13,7.899704e+01
1.022331e+13,7.899054e+01
1.592115e+13,7.899620e+01
4.552819e+13,6.029887e+01
1.561157e+13,7.876906e+01
8.422901e+13,5.867729e+01
8.422901e+13,5.867729e+01
1.273839e+13,7.898834e+01
2.284104e+13,2.408351e+01
4.811564e+13,3.195119e+01
3.396146e+13,3.243166e+01
2.905898e+13,7.899475e+01
3.435669e+14,8.000000e+01
3.435669e+14,8.000000e+01
2.936562e+13,7.892010e+01
2.125528e+13,2.324269e+01
1.277923e+13,7.807529e+01
3.288571e+13,4.594485e+01
3.316451e+13,3.855764e+01
4.806035e+13,4.582474e+01
3.322775e+13,2.996926e+01
1.024811e+14,2.300000e+01
1.199492e+15,8.000000e+01
1.209242e+14,7.899574e+01
1.209242e+14,7.899490e+01
8.670137e+14,8.000000e+01
4.695840e+13,4.053958e+01
3.017645e+13,7.899411e+01
2.696291e+13,2.414357e+01
1.469541e+13,7.899707e+01
7.550460e+14,8.000000e+01
7.550460e+14,8.000000e+01
7.550460e+14,8.000000e+01
2.743521e+14,8.000000e+01
2.743521e+14,8.000000e+01
2.709239e+13,3.363284e+01
2.197898e+14,8.000000e+01
1.481942e+16,8.000000e+01
1.481942e+16,8.000000e+01
2.232467e+14,7.525347e+01
3.863159e+15,8.000000e+01
1.577650e+14,8.000000e+01
1.577650e+14,8.000000e+01
5.313219e+13,7.899049e+01
1.763589e+13,7.899585e+01
1.897282e+13,7.899632e+01
3.292483e+13,2.804738e+01
6.788955e+13,4.708597e+01
7.141062e+13,3.963870e+01
1.225602e+14,8.000000e+01
4.545599e+13,7.898663e+01
1.660311e+14,5.032914e+01
1.167031e+13,7.899544e+01
4.975166e+13,7.877910e+01
1.340947e+13,7.899247e+01
4.058340e+14,8.000000e+01
4.058340e+14,8.000000e+01
3.763061e+13,4.402298e+01
6.609984e+16,8.000000e+01
6.609984e+16,8.000000e+01
6.609984e+16,8.000000e+01
1.656588e+13,7.897306e+01
2.493214e+13,2.496679e+01
4.061482e+13,7.899293e+01
3.505137e+13,7.899802e+01
2.412141e+13,7.899878e+01
1.259792e+13,7.899822e+01
1.975931e+13,7.899834e+01
8.639976e+13,4.924808e+01
2.027781e+13,7.899825e+01
1.734391e+14,6.606450e+01
3.748160e+13,3.327248e+01
1.955837e+13,7.899362e+01
5.674206e+13,5.669535e+01
5.291560e+14,2.500000e+01
5.988619e+13,3.795706e+01
1.452213e+13,7.898801e+01
2.104570e+13,7.899621e+01
1.875150e+13,4.093051e+01
5.170255e+13,4.360257e+01
5.836392e+13,3.501418e+01
6.193624e+13,4.870755e+01
3.028099e+13,7.899518e+01
9.675046e+14,8.000000e+01
9.675046e+14,8.000000e+01
1.741044e+13,7.899045e+01
2.732911e+13,2.774709e+01
3.915010e+13,3.549465e+01
1.885020e+13,7.899207e+01
1.138725e+13,7.899675e+01
3.483807e+14,8.000000e+01
1.457376e+14,7.555376e+01
2.380780e+14,8.000000e+01
2.380780e+14,8.000000e+01
1.488344e+13,7.510004e+01
7.401562e+13,3.981887e+01
6.609350e+13,4.786673e+01
6.455039e+13,5.014896e+01
1.525540e+13,7.899666e+01
1.424445e+14,5.171048e+01
1.399777e+13,7.899367e+01
1.884060e+13,7.899261e+01
5.355378e+13,3.543459e+01
1.048600e+14,6.384233e+01
2.646853e+14,8.000000e+01
2.646853e+14,8.000000e+01
2.646853e+14,8.000000e+01
1.590564e+13,7.895885e+01
1.358300e+13,7.899408e+01
1.302633e+13,7.899774e+01
3.101670e+13,7.899905e+01
3.101670e+13,7.899732e+01
1.406342e+14,7.747564e+01
2.651669e+13,2.582521e+01
3.020654e+13,7.899441e+01
3.742445e+16,8.000000e+01
3.742445e+16,8.000000e+01
2.538371e+14,8.000000e+01
1.641455e+14,5.405277e+01
1.471146e+14,5.609476e+01
2.047107e+15,8.000000e+01
2.047107e+15,8.000000e+01
4.801816e+13,3.651565e+01
7.246798e+13,6.822661e+01
6.309621e+13,5.705570e+01
6.309621e+13,4.999997e+00
1.370774e+13,7.899819e+01
1.101570e+13,7.899584e+01
3.896477e+14,8.000000e+01
3.896477e+14,8.000000e+01
3.537643e+13,3.315237e+01
4.446363e+13,3.225149e+01
3.480486e+13,2.648586e+01
1.512476e+13,7.899639e+01
2.690924e+13,7.899724e+01
1.689360e+14,6.834673e+01
1.689360e+14,6.834673e+01
4.363198e+13,3.615530e+01
3.379874e+15,8.000000e+01
1.422199e+13,7.899530e+01
1.326777e+14,4.270169e+01
2.592674e+14,5.843705e+01
2.254320e+13,7.897120e+01
1.180877e+13,7.899604e+01
3.416967e+13,3.945852e+01
4.950997e+13,4.372269e+01
7.492309e+13,6.786626e+01
7.492309e+13,6.786626e+01
2.211560e+14,6.996831e+01
5.380017e+13,3.603518e+01
1.598092e+13,7.895197e+01
2.978577e+13,7.893378e+01
4.236044e+13,4.348245e+01
3.702751e+13,2.930861e+01
1.506598e+13,7.899433e+01
8.669332e+13,3.399319e+01
1.237525e+14,4.864749e+01
1.593637e+13,4.999959e+00
3.392216e+13,3.105031e+01
6.238906e+13,7.405230e+01
7.251012e+13,3.657571e+01
2.864240e+14,6.966802e+01
9.924077e+13,4.906790e+01
2.728203e+13,2.099838e+01
1.168401e+13,7.898674e+01
2.336424e+13,2.678615e+01
6.201757e+13,6.522368e+01
6.793347e+14,8.000000e+01
2.161364e+14,8.000000e+01
1.106288e+13,7.899786e+01
7.182390e+13,4.324222e+01
4.357977e+14,8.000000e+01
4.357977e+14,8.000000e+01
4.357977e+14,8.000000e+01
4.357977e+14,8.000000e+01
3.946790e+13,2.828762e+01
3.939263e+14,6.198051e+01
2.879630e+13,2.690627e+01
7.328118e+13,3.675588e+01
5.910451e+13,4.354251e+01
4.017648e+13,3.117043e+01
9.616248e+13,6.125981e+01
9.616248e+13,6.125981e+01
1.383005e+14,6.936772e+01
4.776602e+13,6.414262e+01
4.630366e+13,3.825735e+01
1.433150e+13,7.899539e+01
2.207417e+14,2.290509e+01
1.956294e+14,8.000000e+01
1.097425e+14,5.291166e+01
2.640767e+13,7.899691e+01
9.194794e+12,7.899859e+01
9.090471e+12,7.899798e+01
3.490368e+13,3.165090e+01
1.308487e+14,8.000000e+01
3.070234e+14,8.000000e+01
1.601914e+13,7.893931e+01
1.046944e+13,7.897753e+01
1.495933e+13,7.898823e+01
2.252446e+14,7.705523e+01
2.252446e+14,7.705523e+01
3.419027e+13,2.299290e+01
2.814979e+13,2.732668e+01
1.279849e+14,8.000000e+01
1.279849e+14,8.000000e+01
1.279849e+14,8.000000e+01
8.007390e+13,7.899074e+01
8.007390e+13,5.000013e+00
1.383718e+14,5.369242e+01
4.278678e+13,3.489407e+01
1.570298e+13,7.899686e+01
3.019450e+13,7.898527e+01
4.072702e+13,3.032961e+01
2.156577e+13,7.898839e+01
1.024606e+15,7.453276e+01
1.464379e+13,7.899859e+01
2.291191e+13,3.499818e+01
1.832994e+13,7.899552e+01
9.411889e+12,4.999641e+00
1.917349e+13,7.894250e+01
1.445047e+13,7.898347e+01
3.438219e+13,2.720656e+01
2.229169e+13,4.999725e+00
5.037316e+13,3.297219e+01
1.733830e+13,7.899418e+01
2.903531e+13,7.899246e+01
2.640020e+13,2.636574e+01
1.190016e+13,7.899853e+01
3.607440e+14,8.000000e+01
1.222483e+14,5.645512e+01
1.716929e+14,5.705570e+01
4.174924e+13,3.387307e+01
2.188027e+13,7.899011e+01
2.430612e+13,7.899345e+01
6.694374e+13,3.741653e+01
5.021942e+13,4.852738e+01
5.001897e+13,3.297219e+01
3.411819e+13,3.489407e+01
5.753255e+13,4.162063e+01
5.679122e+13,5.123001e+01
2.654967e+13,7.893450e+01
5.308016e+13,4.126028e+01
1.259648e+13,7.899415e+01
2.363598e+13,7.899266e+01
2.527871e+13,7.898387e+01
3.825944e+13,3.940013e+01
2.508286e+14,6.768608e+01
4.001863e+13,3.123049e+01
9.062935e+13,4.102005e+01
7.692422e+13,6.864702e+01
5.222242e+13,3.513430e+01
2.568465e+15,8.000000e+01
2.568465e+15,8.000000e+01
1.010188e+13,7.899400e+01
1.639719e+14,8.000000e+01
3.875232e+13,3.357278e+01
3.191442e+13,3.333254e+01
2.947221e+13,7.620247e+01
1.521411e+14,5.141019e+01
2.440314e+13,7.899509e+01
4.059332e+13,4.474368e+01
3.817840e+13,4.999957e+00
1.050168e+14,7.573394e+01
2.997153e+13,2.500000e+01
1.340519e+14,7.393218e+01
3.571879e+14,8.000000e+01
1.786994e+13,4.999012e+00
2.098419e+13,7.898680e+01
2.039086e+13,7.899384e+01
6.893676e+13,5.261136e+01
1.332820e+13,7.899630e+01
1.740649e+13,7.898795e+01
2.830089e+13,7.897382e+01
4.326957e+13,3.873782e+01
4.109955e+13,3.429348e+01
4.440743e+13,3.633547e+01
4.388635e+14,8.000000e+01
4.388635e+14,8.000000e+01
3.883120e+13,4.492386e+01
3.883120e+13,5.000047e+00
1.814128e+13,7.899885e+01
3.729812e+13,2.822756e+01
5.224943e+13,5.000091e+00
5.224943e+13,4.999928e+00
8.546214e+13,4.174075e+01
9.430360e+13,7.891704e+01
9.430360e+13,7.891704e+01
9.430360e+13,7.891704e+01
2.420195e+13,7.898930e+01
3.695822e+13,7.895125e+01
3.687893e+13,4.089993e+01
6.645287e+13,3.717629e+01
3.808830e+14,8.000000e+01
3.808830e+14,8.000000e+01
2.636444e+13,2.804738e+01
5.553636e+13,4.852738e+01
7.644263e+13,8.000000e+01
7.644263e+13,8.000000e+01
1.913217e+14,6.882719e+01
2.408895e+13,7.899417e+01
6.722628e+13,3.987893e+01
1.647490e+15,8.000000e+01
2.673123e+13,7.899732e+01
3.353670e+13,2.912844e+01
6.825369e+14,7.705523e+01
9.959675e+13,4.888773e+01
1.537775e+13,7.899133e+01
2.144949e+13,7.899340e+01
4.583899e+13,3.255178e+01
1.108308e+14,5.255130e+01
2.847867e+13,2.858791e+01
1.484921e+13,7.910917e+01
4.202896e+14,8.000000e+01
4.202896e+14,8.000000e+01
3.895439e+13,3.861770e+01
3.422411e+13,3.513430e+01
2.971823e+15,8.000000e+01
2.075570e+13,7.784662e+01
5.068108e+13,3.123049e+01
5.926290e+13,4.246145e+01
3.408592e+14,8.000000e+01
6.682836e+13,3.771682e+01
6.325940e+13,5.189066e+01
2.532163e+14,5.255130e+01
1.649508e+14,6.300151e+01
1.649508e+14,6.300151e+01
1.391128e+14,8.000000e+01
1.394104e+17,5.795658e+01
2.077459e+13,5.000442e+00
1.949578e+14,7.098931e+01
1.318755e+15,8.000000e+01
3.377431e+13,3.081008e+01
1.678999e+13,7.899456e+01
3.524121e+13,3.471389e+01
1.585079e+13,7.897917e+01
2.148924e+14,6.456303e+01
6.923523e+13,6.174028e+01
2.686552e+13,7.895378e+01
1.870799e+13,7.895465e+01
1.376611e+14,6.113969e+01
1.919360e+14,5.603471e+01
1.011667e+13,7.899845e+01
1.417907e+13,7.825150e+01
1.352152e+13,7.899613e+01
7.925637e+13,6.624467e+01
7.925637e+13,6.624467e+01
3.202929e+18,8.000000e+01
3.084266e+13,3.297219e+01
2.844382e+13,2.696633e+01
8.370705e+13,4.390286e+01
6.306036e+13,7.429253e+01
6.545802e+14,6.414262e+01
1.508409e+13,7.896676e+01
2.886719e+13,7.899394e+01
8.300547e+13,4.534427e+01
4.017013e+13,3.555471e+01
5.041880e+14,8.000000e+01
2.576569e+13,7.899474e+01
1.792027e+13,7.899059e+01
4.886958e+13,4.258157e+01
2.624373e+13,5.503925e+01
1.517770e+13,7.896122e+01
3.877091e+14,8.000000e+01
3.877091e+14,8.000000e+01
1.435649e+14,7.435259e+01
6.897520e+13,7.008843e+01
7.320842e+14,8.000000e+01
7.320842e+14,8.000000e+01
6.346581e+13,3.759670e+01
8.316847e+13,4.492386e+01
7.543802e+14,6.882719e+01
1.650210e+14,8.000000e+01
1.650210e+14,8.000000e+01
1.316215e+13,7.910384e+01
6.617348e+13,5.000057e+00
6.617348e+13,7.038872e+01
4.638517e+13,3.717629e+01
8.801579e+13,5.477347e+01
3.848670e+13,3.261184e+01
3.243378e+13,2.816750e+01
1.547082e+13,7.899455e+01
2.150552e+14,8.000000e+01
2.779776e+13,3.062990e+01
3.427714e+14,7.255083e+01
7.590292e+13,6.486332e+01
4.560906e+13,3.549465e+01
2.753154e+14,7.189018e+01
2.240524e+13,7.899676e+01
6.837085e+13,4.999869e+00
6.837085e+13,4.999912e+00
2.821480e+13,2.606545e+01
1.726740e+13,3.104823e+01
1.404202e+13,7.887005e+01
4.571098e+13,4.822708e+01
3.191907e+13,7.898521e+01
1.309302e+14,5.104984e+01
5.205732e+13,3.495412e+01
6.914914e+14,8.000000e+01
6.914914e+14,8.000000e+01
1.596111e+14,6.756596e+01
3.729269e+13,3.777688e+01
4.168229e+13,5.231107e+01
2.025367e+13,7.899513e+01
5.779709e+13,6.750693e+01
1.366400e+14,6.804643e+01
4.485946e+14,8.000000e+01
4.174855e+13,3.597512e+01
5.660674e+13,5.837699e+01
1.151878e+13,7.899105e+01
2.723117e+14,5.717582e+01
1.875983e+13,7.899405e+01
3.556896e+13,3.945852e+01
3.993493e+13,3.855764e+01
1.473790e+13,7.899424e+01
3.106118e+13,3.008938e+01
1.072716e+13,7.899770e+01
4.906906e+14,7.651470e+01
9.299392e+13,6.174028e+01
1.483673e+13,7.899811e+01
1.731738e+13,7.895872e+01
6.363712e+13,5.000012e+00
6.363712e+13,7.899037e+01
3.751321e+14,8.000000e+01
1.533303e+14,8.000000e+01
2.773763e+13,7.899554e+01
3.650992e+14,8.000000e+01
1.676570e+13,7.899436e+01
4.111265e+13,7.899777e+01
2.629664e+15,8.000000e+01
2.629664e+15,8.000000e+01
5.277087e+13,3.639553e+01
1.324686e+13,7.899733e+01
6.537428e+13,4.144046e+01
8.080018e+13,4.696585e+01
2.713380e+13,2.684621e+01
1.250084e+13,7.899777e+01
3.042348e+13,3.044973e+01
9.288379e+13,7.765581e+01
9.288379e+13,7.765581e+01
1.159243e+14,7.044878e+01
1.159243e+14,7.044878e+01
3.547579e+13,3.549465e+01
5.571738e+13,3.699612e+01
2.110779e+13,4.999915e+00
9.959204e+13,5.951811e+01
1.484967e+13,7.899844e+01
1.302961e+14,5.098978e+01
1.705757e+13,7.899136e+01
2.804685e+14,6.804643e+01
2.423366e+13,7.891187e+01
5.887920e+13,3.549465e+01
1.197934e+13,7.898311e+01
3.026354e+13,2.894826e+01
4.509349e+13,3.321242e+01
1.088539e+14,5.147025e+01
1.323751e+14,7.765581e+01
7.223065e+14,7.465288e+01
1.060179e+13,7.899796e+01
4.475734e+13,3.201125e+01
3.995156e+13,7.898557e+01
5.165818e+13,3.303225e+01
1.002398e+14,8.000000e+01
2.494649e+13,2.852785e+01
2.614855e+13,7.899526e+01
1.294280e+13,7.899823e+01
1.213968e+15,8.000000e+01
1.213968e+15,8.000000e+01
1.213968e+15,8.000000e+01
1.213968e+15,8.000000e+01
6.304257e+13,2.694380e+01
5.421455e+13,3.975882e+01
2.925836e+13,3.483401e+01
2.316988e+13,7.898673e+01
1.012751e+13,7.899728e+01
3.530724e+13,2.984914e+01
1.586694e+14,8.000000e+01
2.919747e+13,7.899343e+01
2.504559e+13,2.930861e+01
2.902313e+13,2.660597e+01
1.386335e+14,8.000000e+01
4.452115e+13,3.969876e+01
1.967420e+15,8.000000e+01
1.079877e+13,2.100000e+01
1.070653e+14,5.387259e+01
1.458589e+13,7.899600e+01
5.579920e+13,3.543459e+01
9.509128e+13,8.000000e+01
1.110552e+13,7.899448e+01
8.929397e+14,8.000000e+01
1.259808e+13,7.899681e+01
2.039948e+14,8.000000e+01
4.309826e+13,5.687553e+01
9.735443e+12,2.300000e+01
2.031960e+14,6.906743e+01
1.210237e+14,4.786673e+01
1.355903e+13,7.899171e+01
2.590025e+13,2.936867e+01
9.847897e+12,7.899844e+01
6.082950e+13,4.930814e+01
2.678273e+14,8.000000e+01
2.678273e+14,8.000000e+01
2.678273e+14,8.000000e+01
1.653739e+13,7.899619e+01
3.025790e+13,2.700000e+01
1.589350e+13,7.899301e+01
1.734401e+13,7.899060e+01
1.011380e+13,2.099156e+01
1.414106e+13,7.899151e+01
2.760622e+13,7.899158e+01
5.200651e+13,4.762650e+01
2.819354e+13,2.654592e+01
1.086077e+14,4.666556e+01
4.042156e+13,7.895921e+01
4.552721e+13,3.795706e+01
4.976258e+13,4.522415e+01
4.523675e+13,7.896047e+01
1.293533e+13,7.899287e+01
2.880364e+13,2.936867e+01
8.452529e+13,4.732620e+01
6.148914e+13,3.699612e+01
1.363120e+14,6.089945e+01
1.268575e+13,7.899587e+01
1.346958e+13,7.104448e+01
5.500659e+13,3.771682e+01
7.093914e+14,6.720561e+01
7.156482e+13,3.951858e+01
5.247241e+13,7.423247e+01
1.198873e+13,7.898726e+01
2.146178e+13,2.390334e+01
4.718600e+13,3.381301e+01
1.107348e+13,7.896733e+01
1.254850e+13,7.897950e+01
2.040692e+14,8.000000e+01
2.040692e+14,8.000000e+01
6.276707e+13,3.633547e+01
3.488915e+13,5.000000e+00
2.140240e+13,7.896744e+01
9.313777e+13,5.459330e+01
1.970259e+14,5.549418e+01
2.547423e+15,8.000000e+01
1.627606e+13,7.899274e+01
1.214324e+13,7.899656e+01
3.988524e+14,7.669488e+01
3.988524e+14,7.669488e+01
7.780985e+14,8.000000e+01
1.693469e+14,6.162016e+01
1.645202e+13,7.893518e+01
3.434815e+13,3.573489e+01
4.127680e+14,8.000000e+01
4.127680e+14,8.000000e+01
2.378075e+13,4.999812e+00
1.093354e+13,7.866037e+01
6.618771e+13,3.657571e+01
1.593142e+14,4.894779e+01
1.981228e+13,7.899218e+01
5.046801e+13,7.411235e+01
5.046801e+13,7.899681e+01
2.038796e+13,7.917259e+01
1.983764e+13,7.894260e+01
3.638375e+14,8.000000e+01
3.638375e+14,8.000000e+01
1.065497e+14,6.978813e+01
1.337976e+13,7.897626e+01
9.473759e+13,5.501371e+01
2.548612e+13,2.696633e+01
1.534631e+14,8.000000e+01
1.534631e+14,8.000000e+01
1.534631e+14,8.000000e+01
3.988998e+13,3.885794e+01
1.372906e+13,7.899629e+01
7.683022e+14,8.000000e+01
7.683022e+14,8.000000e+01
6.192643e+13,6.402250e+01
1.528004e+13,7.899685e+01
3.205293e+16,8.000000e+01
3.851956e+13,7.900150e+01
3.851956e+13,3.459377e+01
5.841031e+13,2.500000e+01
4.648443e+13,3.477395e+01
5.871038e+13,5.723588e+01
4.748537e+13,7.899592e+01
1.135991e+13,7.894341e+01
4.619415e+13,4.336233e+01
2.098767e+14,6.990825e+01
7.076143e+13,5.303177e+01
3.856192e+13,2.972902e+01
9.052806e+13,3.729641e+01
7.619458e+14,7.327153e+01
2.124794e+13,2.366310e+01
2.144484e+14,5.123001e+01
4.998736e+13,3.723635e+01
3.600930e+13,3.549465e+01
2.847939e+13,3.117043e+01
1.871259e+14,8.000000e+01
1.871259e+14,8.000000e+01
1.134958e+14,4.960843e+01
2.822305e+13,2.768703e+01
5.736929e+13,4.029934e+01
1.880718e+13,7.894999e+01
1.409536e+14,5.000006e+00
1.409536e+14,7.898544e+01
1.870110e+13,7.899559e+01
3.839971e+13,3.068996e+01
2.472032e+13,7.531062e+01
1.253068e+13,7.899304e+01
2.698125e+13,7.899511e+01
3.603834e+13,3.459377e+01
3.542282e+13,3.807717e+01
5.293842e+13,4.999571e+00
7.551763e+13,6.576420e+01
2.847107e+13,2.822756e+01
1.211741e+13,7.898222e+01
6.712639e+14,8.000000e+01
2.209600e+13,7.899669e+01
6.952837e+13,6.528374e+01
6.952837e+13,6.528374e+01
2.658190e+13,7.898209e+01
5.210154e+13,5.068949e+01
4.902910e+13,4.528421e+01
3.633182e+13,7.935563e+01
3.507089e+13,7.892081e+01
5.176456e+13,4.834720e+01
4.979519e+13,5.939799e+01
2.647894e+13,7.899247e+01
1.096783e+14,4.678568e+01
3.214303e+13,3.038967e+01
7.149940e+14,8.000000e+01
6.353392e+15,8.000000e+01
4.018705e+14,7.543364e+01
1.022581e+13,7.899859e+01
1.942967e+13,5.000471e+00
1.375447e+13,7.897522e+01
3.658072e+13,3.453371e+01
2.179705e+13,7.899624e+01
7.363239e+14,8.000000e+01
7.363239e+14,8.000000e+01
1.579691e+13,7.898543e+01
6.754042e+14,8.000000e+01
6.754042e+14,8.000000e+01
5.519986e+13,7.899627e+01
2.102961e+13,7.899421e+01
2.636264e+13,2.714650e+01
2.012860e+13,7.931010e+01
3.793751e+13,3.861770e+01
3.493751e+13,7.891452e+01
2.946159e+17,8.000000e+01
2.161860e+14,7.741558e+01
2.668451e+16,8.000000e+01
6.440760e+13,3.891799e+01
3.472898e+14,8.000000e+01
3.472898e+14,8.000000e+01
3.472898e+14,8.000000e+01
2.105664e+13,2.384328e+01
3.724509e+13,5.183060e+01
4.331158e+13,4.204104e+01
1.220391e+13,7.899761e+01
5.373515e+13,2.698066e+01
1.977689e+14,8.000000e+01
1.977689e+14,8.000000e+01
2.974011e+13,7.889828e+01
4.664052e+14,8.000000e+01
4.664052e+14,8.000000e+01
4.664052e+14,8.000000e+01
1.455600e+13,7.899013e+01
3.956888e+14,8.000000e+01
3.956888e+14,8.000000e+01
3.956888e+14,8.000000e+01
1.663325e+13,7.899514e+01
4.683409e+13,7.899533e+01
8.449223e+14,8.000000e+01
8.449223e+14,8.000000e+01
2.433754e+13,2.696633e+01
5.659370e+13,4.642532e+01
3.721825e+13,3.219143e+01
3.449665e+14,8.000000e+01
3.449665e+14,8.000000e+01
3.558602e+13,3.026955e+01
5.868427e+14,8.000000e+01
1.409463e+14,5.771635e+01
5.821858e+13,5.591459e+01
4.701242e+13,5.026908e+01
5.262883e+13,3.735647e+01
1.327922e+13,7.897110e+01
2.919856e+14,8.000000e+01
2.919856e+14,8.000000e+01
2.919856e+14,8.000000e+01
2.919856e+14,8.000000e+01
5.061869e+13,4.246145e+01
3.955269e+13,3.411330e+01
3.261328e+13,1.898037e+01
3.086863e+13,2.876809e+01
2.838568e+13,2.864797e+01
2.171611e+13,4.999695e+00
3.650717e+13,2.966897e+01
1.895734e+13,7.898201e+01
1.604403e+13,7.896399e+01
2.984912e+13,7.896732e+01
1.223285e+13,7.907132e+01
4.901747e+14,7.705523e+01
9.568825e+14,8.000000e+01
1.322700e+14,6.672514e+01
3.437376e+13,7.899648e+01
1.933638e+13,7.898996e+01
3.517871e+13,3.993899e+01
7.756752e+13,5.357230e+01
1.408887e+13,7.899759e+01
1.424684e+14,8.000000e+01
1.424684e+14,8.000000e+01
3.232733e+13,2.720656e+01
1.125054e+13,7.899783e+01
3.360846e+13,4.999614e+00
1.916655e+13,7.893841e+01
5.286781e+13,3.117043e+01
2.071605e+13,7.899378e+01
5.993835e+13,5.213089e+01
1.567487e+14,8.000000e+01
1.567487e+14,8.000000e+01
1.364568e+14,6.558403e+01
1.115281e+13,7.899793e+01
1.305979e+13,7.898531e+01
1.784075e+14,8.000000e+01
3.299636e+13,2.899302e+01
3.700873e+13,3.165090e+01
3.977406e+15,8.000000e+01
3.977406e+15,8.000000e+01
3.977406e+15,8.000000e+01
3.421481e+13,3.032961e+01
9.027653e+13,4.228128e+01
5.111800e+13,7.899401e+01
5.111800e+13,7.898934e+01
1.249617e+14,4.528421e+01
9.652494e+13,7.735552e+01
9.652494e+13,7.735552e+01
2.413959e+14,5.615482e+01
3.660762e+14,8.000000e+01
3.479531e+13,3.075002e+01
1.695340e+13,7.892663e+01
2.947825e+13,3.555471e+01
2.011492e+14,7.044878e+01
2.004413e+13,7.899630e+01
8.134552e+13,4.816702e+01
3.315150e+13,3.195119e+01
4.405694e+13,7.899654e+01
2.568934e+13,2.936867e+01
1.776037e+13,7.899840e+01
1.750963e+13,7.899417e+01
6.537552e+13,6.726567e+01
5.169285e+16,8.000000e+01
1.482733e+13,7.899350e+01
8.095109e+13,6.984819e+01
2.152765e+13,7.899394e+01
2.297013e+13,2.300000e+01
4.151186e+14,8.000000e+01
4.927837e+13,3.849758e+01
3.658427e+13,3.429348e+01
3.015959e+13,3.453371e+01
2.134653e+13,7.898839e+01
3.145826e+13,7.898761e+01
1.096580e+14,5.651517e+01
1.356160e+13,7.894197e+01
1.763244e+13,7.894856e+01
9.001185e+13,4.720609e+01
1.913792e+14,8.000000e+01
1.913792e+14,8.000000e+01
3.002445e+13,7.892752e+01
1.523140e+13,7.898570e+01
8.403699e+13,4.624515e+01
2.351279e+14,5.507377e+01
1.652733e+14,5.255130e+01
8.199274e+13,5.074955e+01
1.272011e+13,7.899754e+01
9.745467e+13,5.453324e+01
5.161926e+13,4.150052e+01
8.974479e+13,7.759576e+01
1.634550e+13,7.898151e+01
1.484345e+14,5.381254e+01
1.871416e+14,2.295188e+01
6.324252e+14,8.000000e+01
6.324252e+14,8.000000e+01
2.837193e+13,7.898934e+01
1.885658e+13,7.899351e+01
7.460960e+13,7.900003e+01
7.460960e+13,8.000000e+01
8.732516e+13,2.270379e+01
3.565990e+13,3.255178e+01
5.975648e+14,8.000000e+01
7.334870e+13,6.528374e+01
7.334870e+13,6.528374e+01
3.804179e+13,3.465383e+01
2.418541e+13,2.546486e+01
2.772204e+13,2.774709e+01
1.035866e+13,7.899817e+01
5.296822e+13,3.729641e+01
2.343850e+15,8.000000e+01
2.343850e+15,8.000000e+01
2.868305e+14,8.000000e+01
2.868305e+14,8.000000e+01
2.222962e+14,8.000000e+01
1.912490e+13,7.899450e+01
4.043531e+13,7.899220e+01
4.588184e+13,3.471389e+01
1.167245e+13,4.999631e+00
6.462464e+13,4.222122e+01
4.363855e+13,3.525442e+01
1.315519e+13,7.899822e+01
2.742069e+13,2.918850e+01
1.263454e+14,5.297172e+01
7.851012e+14,8.000000e+01
1.986954e+13,7.899449e+01
1.662166e+14,6.414262e+01
7.178437e+13,3.489407e+01
1.760984e+13,7.899785e+01
6.276271e+17,8.000000e+01
6.276271e+17,8.000000e+01
7.693790e+14,8.000000e+01
7.693790e+14,8.000000e+01
1.537547e+13,1.700000e+01
1.246512e+14,7.975787e+01
1.246512e+14,7.975787e+01
2.619968e+13,7.899547e+01
1.357946e+13,7.895930e+01
3.130252e+13,2.750685e+01
1.522691e+13,7.896872e+01
4.381723e+13,7.899670e+01
4.381723e+13,7.899800e+01
1.597117e+14,8.000000e+01
1.597117e+14,8.000000e+01
2.820319e+14,5.939799e+01
1.477926e+14,4.930814e+01
1.596813e+14,8.000000e+01
4.491117e+13,3.159084e+01
1.570265e+14,8.000000e+01
1.570265e+14,8.000000e+01
3.785686e+14,8.000000e+01
1.136605e+14,8.000000e+01
2.230382e+14,7.525347e+01
4.718910e+13,4.294192e+01
1.409146e+13,2.300062e+01
2.995683e+13,2.846779e+01
2.426491e+13,7.898937e+01
1.008622e+14,7.921734e+01
1.008622e+14,7.921734e+01
1.705091e+14,5.363236e+01
7.056435e+14,8.000000e+01
7.056435e+14,8.000000e+01
1.236816e+14,6.318168e+01
6.038717e+14,8.000000e+01
2.663163e+13,2.516457e+01
1.927452e+13,7.893828e+01
5.698639e+15,8.000000e+01
5.698639e+15,8.000000e+01
3.573264e+13,3.453371e+01
1.461011e+14,5.915775e+01
2.553873e+13,7.895881e+01
1.270298e+14,4.612503e+01
1.011936e+13,7.899649e+01
2.154184e+13,7.899349e+01
1.138366e+13,2.299702e+01
5.577422e+13,5.681547e+01
1.627476e+14,8.000000e+01
1.855489e+13,7.899559e+01
9.849070e+14,8.000000e+01
9.849070e+14,8.000000e+01
3.287804e+13,3.435354e+01
7.657975e+17,8.000000e+01
7.657975e+17,8.000000e+01
7.657975e+17,8.000000e+01
6.299419e+13,4.852738e+01
1.155589e+13,7.899706e+01
4.246069e+13,3.129055e+01
1.124656e+14,5.110990e+01
1.983762e+13,4.999445e+00
2.265495e+13,2.492433e+01
1.528461e+13,7.899216e+01
5.505579e+14,8.000000e+01
9.569147e+13,7.369194e+01
2.429256e+13,7.898803e+01
1.470209e+13,7.898898e+01
5.223117e+13,3.423342e+01
5.727411e+13,4.462357e+01
5.746046e+13,3.429348e+01
1.585698e+13,4.999469e+00
4.450788e+13,3.303225e+01
2.481889e+13,7.895020e+01
3.818800e+15,8.000000e+01
2.093148e+14,6.744585e+01
1.790770e+14,5.579447e+01
6.681888e+13,3.657571e+01
4.578338e+14,8.000000e+01
4.578338e+14,8.000000e+01
1.088978e+13,7.893912e+01
1.717850e+13,7.898807e+01
1.485238e+13,7.899680e+01
6.117412e+13,4.762650e+01
4.668760e+13,3.261184e+01
1.428688e+13,7.306951e+01
3.829909e+13,7.899230e+01
9.328913e+13,4.564456e+01
9.775462e+13,6.714555e+01
3.960378e+13,3.795706e+01
5.968391e+13,3.873782e+01
3.142543e+13,7.899594e+01
1.568234e+13,7.899732e+01
7.573735e+14,8.000000e+01
1.175016e+13,7.899581e+01
1.336416e+14,5.765629e+01
5.526167e+13,4.324222e+01
2.842617e+13,7.899846e+01
3.651406e+13,4.047952e+01
1.483378e+14,8.000000e+01
1.483378e+14,8.000000e+01
9.486486e+13,6.372221e+01
4.088629e+13,3.417336e+01
1.021539e+13,7.899864e+01
1.595171e+13,7.899836e+01
2.018631e+14,8.000000e+01
2.018631e+14,8.000000e+01
3.987606e+13,3.699612e+01
2.947121e+13,7.899859e+01
1.817240e+14,2.900000e+01
1.840753e+13,7.899597e+01
1.082815e+14,4.576468e+01
1.755607e+14,4.954837e+01
6.826334e+13,5.000006e+00
6.826334e+13,7.899837e+01
3.197593e+13,2.870803e+01
9.045752e+13,8.000000e+01
9.045752e+13,8.000000e+01
3.708240e+13,3.555471e+01
1.370552e+13,7.898401e+01
7.389862e+13,7.789605e+01
1.646964e+13,7.899506e+01
1.326759e+13,7.899847e+01
6.158584e+13,6.606450e+01
5.201138e+14,7.056889e+01
3.058947e+13,3.333254e+01
2.392888e+14,6.234086e+01
7.564898e+13,4.288186e+01
2.375539e+13,7.894933e+01
2.104493e+14,7.663482e+01
1.823777e+14,4.918802e+01
5.920900e+13,3.591506e+01
1.593756e+13,7.898907e+01
4.374946e+13,3.531448e+01
2.516258e+13,7.892646e+01
4.837446e+13,7.894294e+01
2.353514e+13,2.438381e+01
3.091557e+13,3.339260e+01
3.745715e+14,8.000000e+01
3.745715e+14,8.000000e+01
3.080249e+13,7.896800e+01
3.363514e+13,3.038967e+01
5.715415e+13,3.801712e+01
4.734457e+13,5.044925e+01
4.734457e+13,5.000001e+00
1.073162e+14,6.330180e+01
8.899022e+13,4.083987e+01
3.577256e+14,6.696538e+01
3.390975e+13,5.689716e+01
6.704038e+13,4.204104e+01
1.711613e+13,7.898314e+01
2.295944e+13,7.899379e+01
1.800768e+13,7.898152e+01
2.367853e+13,7.898459e+01
2.506980e+13,7.899439e+01
8.995217e+13,4.600491e+01
3.161298e+13,7.898770e+01
2.628561e+13,7.899208e+01
2.069271e+13,7.899863e+01
1.808388e+13,7.899710e+01
4.104121e+13,3.123049e+01
6.559695e+13,6.720561e+01
6.559695e+13,5.000004e+00
4.713601e+13,7.899817e+01
4.713601e+13,6.288139e+01
5.219168e+13,7.895255e+01
7.427598e+13,5.000075e+00
7.427598e+13,7.104936e+01
1.446912e+13,7.899835e+01
9.556265e+13,5.243119e+01
1.499691e+14,6.011869e+01
1.953316e+13,7.899385e+01
1.103320e+14,8.000000e+01
1.943941e+14,8.000000e+01
1.943941e+14,8.000000e+01
1.943941e+14,8.000000e+01
2.642663e+15,8.000000e+01
2.642663e+15,8.000000e+01
2.642663e+15,8.000000e+01
2.867367e+13,2.570510e+01
1.427838e+13,7.899852e+01
5.543515e+13,3.579495e+01
6.918342e+13,6.065922e+01
3.101224e+13,7.150154e+01
2.007020e+13,2.504445e+01
4.496948e+13,3.933841e+01
1.768565e+13,7.898832e+01
3.162537e+13,2.858791e+01
7.239210e+13,4.672562e+01
1.310903e+15,8.000000e+01
1.310903e+15,8.000000e+01
6.689095e+13,3.999905e+01
9.512410e+12,7.900851e+01
5.740902e+13,4.288186e+01
1.948248e+13,7.572765e+01
1.004946e+13,7.899509e+01
8.446846e+13,3.933841e+01
1.209763e+14,7.429253e+01
1.209763e+14,7.429253e+01
1.209763e+14,7.429253e+01
5.153925e+15,8.000000e+01
1.760157e+13,7.899652e+01
6.055053e+13,4.324222e+01
2.044952e+13,4.999987e+00
7.369931e+13,5.000094e+00
9.225680e+13,7.339165e+01
9.225680e+13,7.339165e+01
1.320945e+13,7.899041e+01
1.392164e+13,7.899817e+01
4.302498e+14,8.000000e+01
9.534604e+13,4.432327e+01
1.803948e+14,8.000000e+01
1.803948e+14,8.000000e+01
2.758805e+13,7.899224e+01
2.750915e+13,2.924855e+01
5.986235e+14,7.441265e+01
1.060238e+14,5.104984e+01
1.268487e+13,7.899391e+01
3.083491e+13,7.889945e+01
4.985991e+13,4.276175e+01
1.706041e+13,7.896960e+01
1.040755e+13,7.899621e+01
2.981455e+13,7.014740e+01
3.698627e+14,8.000000e+01
1.400859e+13,7.899051e+01
2.889330e+14,8.000000e+01
1.399953e+13,2.298773e+01
2.791724e+13,4.999814e+00
6.025234e+13,3.855764e+01
1.401973e+13,7.036591e+01
2.377932e+14,7.615435e+01
3.259686e+13,7.898322e+01
5.509891e+13,4.618509e+01
5.776616e+15,8.000000e+01
1.081546e+14,8.000000e+01
9.129040e+13,4.546439e+01
1.200488e+13,7.896291e+01
2.649742e+14,8.000000e+01
2.649742e+14,8.000000e+01
6.102717e+13,3.633547e+01
1.659981e+14,5.603471e+01
8.101632e+13,7.158989e+01
1.095635e+13,7.899667e+01
1.465131e+13,4.999880e+00
3.457316e+13,3.579495e+01
4.707592e+13,3.945852e+01
1.620929e+13,7.899353e+01
2.337335e+13,7.899407e+01
1.018333e+14,4.708597e+01
2.726235e+13,2.100000e+01
4.364672e+13,3.261184e+01
3.739849e+13,7.899661e+01
3.789109e+13,3.801712e+01
4.838066e+13,4.918802e+01
2.058002e+14,8.000000e+01
2.058002e+14,8.000000e+01
8.926644e+13,6.588432e+01
1.466494e+14,5.285160e+01
5.701385e+13,4.240140e+01
1.319245e+14,6.984819e+01
1.579135e+14,8.000000e+01
8.354033e+13,8.000000e+01
8.354033e+13,7.899120e+01
9.989360e+13,6.936772e+01
9.989360e+13,6.936772e+01
1.279536e+14,6.456303e+01
4.922797e+13,3.381301e+01
2.458418e+14,8.000000e+01
2.458418e+14,8.000000e+01
4.783997e+13,1.894285e+01
8.958540e+13,8.000000e+01
8.958540e+13,8.000000e+01
1.213894e+13,7.899704e+01
6.090769e+14,7.471294e+01
3.256966e+13,2.846779e+01
4.224862e+13,3.687600e+01
2.273210e+13,2.900000e+01
2.089778e+13,5.000708e+00
6.286811e+14,7.339165e+01
5.685771e+13,5.921781e+01
5.685771e+13,4.998366e+00
8.828903e+13,4.276175e+01
3.339633e+13,3.297219e+01
1.335205e+13,7.899684e+01
5.716194e+14,8.000000e+01
4.137669e+14,8.000000e+01
4.137669e+14,8.000000e+01
4.137669e+14,8.000000e+01
1.495960e+14,8.000000e+01
1.069411e+13,7.898645e+01
2.620256e+14,5.633500e+01
3.114744e+14,7.669488e+01
3.114744e+14,7.669488e+01
1.899542e+14,5.711576e+01
1.776118e+15,8.000000e+01
3.854870e+13,3.513430e+01
1.305218e+13,7.899429e+01
3.878880e+13,2.930861e+01
1.945418e+14,8.000000e+01
1.234088e+13,7.899650e+01
3.853205e+13,3.801712e+01
1.745587e+13,7.899654e+01
1.955919e+13,7.899759e+01
4.162645e+14,7.026860e+01
1.906026e+14,8.000000e+01
1.906026e+14,8.000000e+01
1.906026e+14,8.000000e+01
5.538250e+13,5.351224e+01
5.538250e+13,5.000017e+00
2.083768e+14,5.104984e+01
1.146813e+13,7.899791e+01
1.400388e+14,7.345171e+01
2.740369e+14,6.810649e+01
1.780668e+13,7.899594e+01
4.893337e+13,3.705618e+01
1.856217e+14,8.000000e+01
9.114683e+13,5.110990e+01
5.170790e+13,4.750638e+01
7.393597e+13,4.294192e+01
3.236177e+13,3.050979e+01
6.829687e+13,4.294192e+01
2.208792e+13,7.899368e+01
8.106444e+13,3.963870e+01
2.023397e+14,8.000000e+01
5.592003e+13,7.898593e+01
1.884329e+13,7.883661e+01
1.094930e+16,8.000000e+01
1.094930e+16,8.000000e+01
1.693046e+13,7.899436e+01
4.266773e+13,4.708597e+01
1.643785e+13,7.897158e+01
1.482557e+13,7.898430e+01
4.892801e+13,5.813676e+01
2.519187e+13,2.792726e+01
1.768679e+13,7.899745e+01
6.837467e+13,6.972807e+01
1.033896e+16,8.000000e+01
1.033896e+16,8.000000e+01
1.033896e+16,8.000000e+01
1.862126e+13,7.899575e+01
2.665903e+13,2.450392e+01
2.599650e+14,8.000000e+01
2.599650e+14,8.000000e+01
2.599650e+14,8.000000e+01
2.573088e+13,4.999970e+00
4.647706e+14,8.000000e+01
3.993900e+13,3.717629e+01
6.060549e+13,6.384233e+01
1.316983e+15,8.000000e+01
1.946072e+14,8.000000e+01
1.946072e+14,8.000000e+01
1.242380e+14,5.026908e+01
2.117793e+13,7.892295e+01
1.524868e+13,7.898198e+01
1.510123e+13,7.899699e+01
1.784580e+13,7.899749e+01
1.497568e+13,7.899725e+01
3.471061e+13,5.000262e+00
9.906892e+13,4.999935e+00
3.432999e+14,6.485063e+01
5.594582e+13,4.456351e+01
6.863313e+13,7.693511e+01
5.621651e+15,8.000000e+01
5.621651e+15,8.000000e+01
3.834663e+13,3.897805e+01
4.789508e+13,4.858743e+01
1.964325e+14,7.291118e+01
1.240706e+14,7.819634e+01
9.183154e+12,7.884885e+01
2.164645e+13,2.360304e+01
2.235644e+13,2.270216e+01
2.283162e+13,7.898880e+01
1.082342e+14,8.000000e+01
1.263925e+13,7.897002e+01
4.682503e+14,8.000000e+01
4.682503e+14,8.000000e+01
1.056690e+15,8.000000e+01
1.867743e+13,7.899229e+01
2.120159e+13,7.899592e+01
5.779080e+13,3.753665e+01
3.419934e+13,7.899562e+01
9.181022e+13,4.336233e+01
9.958138e+14,8.000000e+01
1.438861e+13,7.899792e+01
7.173012e+14,8.000000e+01
7.173012e+14,8.000000e+01
9.836471e+13,4.204104e+01
4.033902e+13,7.899542e+01
4.033902e+13,7.899629e+01
6.515339e+13,3.957864e+01
2.982440e+13,7.898824e+01
3.206223e+13,3.933841e+01
5.541130e+13,2.294282e+01
1.294764e+13,7.899786e+01
2.568945e+14,8.000000e+01
2.568945e+14,8.000000e+01
1.184932e+19,8.000000e+01
1.184932e+19,8.000000e+01
1.184932e+19,8.000000e+01
1.184932e+19,8.000000e+01
2.723400e+13,7.899047e+01
2.095809e+13,7.899403e+01
1.101255e+14,4.714603e+01
6.262874e+13,3.723635e+01
5.478154e+13,3.933841e+01
2.536058e+13,7.899530e+01
1.798628e+13,7.897501e+01
1.173238e+13,7.899723e+01
2.355621e+14,8.000000e+01
2.355621e+14,8.000000e+01
3.030917e+13,3.255178e+01
6.322149e+14,8.000000e+01
6.322149e+14,8.000000e+01
1.526791e+14,4.990872e+01
1.319316e+13,4.999758e+00
3.953246e+13,5.639506e+01
3.708910e+13,2.858791e+01
3.661134e+15,8.000000e+01
3.970186e+13,7.898652e+01
2.602167e+14,5.723588e+01
2.919845e+13,2.600539e+01
3.848757e+13,3.044973e+01
2.744584e+14,7.807622e+01
2.744584e+14,7.807622e+01
5.383481e+14,8.000000e+01
2.163698e+13,7.899520e+01
3.679477e+13,3.465383e+01
1.753594e+15,8.000000e+01
1.753594e+15,8.000000e+01
3.037827e+13,2.690627e+01
4.777957e+14,8.000000e+01
4.777957e+14,8.000000e+01
4.777957e+14,8.000000e+01
4.777957e+14,8.000000e+01
1.001851e+14,4.876761e+01
1.332379e+14,8.000000e+01
2.918870e+13,7.899883e+01
2.918870e+13,7.899878e+01
9.146516e+13,4.330228e+01
1.616684e+13,7.899186e+01
4.442655e+13,3.819729e+01
1.300215e+14,5.801664e+01
1.071985e+13,7.896255e+01
3.935280e+13,3.867776e+01
3.393391e+14,7.945757e+01
3.393391e+14,7.945757e+01
4.269612e+13,3.651565e+01
5.212850e+13,3.327248e+01
5.866163e+13,4.071975e+01
2.209765e+13,2.504445e+01
4.937524e+13,3.807717e+01
1.331642e+13,7.899724e+01
4.293764e+13,3.339260e+01
2.235181e+13,2.438381e+01
1.434075e+16,8.000000e+01
4.269381e+13,3.075002e+01
4.268526e+13,5.068949e+01
9.039119e+13,4.366263e+01
3.834074e+13,3.891799e+01
5.017827e+14,8.000000e+01
2.007020e+13,7.899578e+01
1.228317e+14,5.657523e+01
5.941610e+13,7.152983e+01
5.941610e+13,5.000002e+00
1.083859e+14,4.999935e+00
1.083859e+14,8.000000e+01
7.577504e+13,8.000000e+01
1.844763e+13,7.899317e+01
2.487791e+13,2.420363e+01
5.942362e+13,3.819729e+01
4.655507e+13,3.129055e+01
8.254444e+14,7.579400e+01
5.109889e+13,4.318216e+01
2.390640e+14,8.000000e+01
1.289711e+13,7.898441e+01
4.522763e+14,8.000000e+01
7.717005e+13,4.168069e+01
9.410006e+12,7.899855e+01
4.624375e+13,3.639553e+01
4.183253e+13,4.114016e+01
1.882962e+13,7.898642e+01
3.082034e+13,3.339260e+01
3.627235e+13,4.114016e+01
2.790844e+13,4.999133e+00
3.600986e+14,6.047904e+01
1.103721e+13,7.899710e+01
1.971132e+13,7.899687e+01
1.692335e+13,5.000000e+00
7.824848e+13,5.465336e+01
4.034543e+14,8.000000e+01
2.253089e+13,2.372316e+01
2.292104e+13,7.899223e+01
1.948052e+13,7.887886e+01
4.568166e+13,3.525442e+01
1.309321e+13,7.899791e+01
1.612410e+13,7.899803e+01
8.735921e+12,7.898894e+01
2.455728e+14,5.519388e+01
1.063355e+15,3.276789e+01
1.145454e+13,7.899199e+01
1.145886e+13,7.899362e+01
3.614558e+13,3.135061e+01
9.104478e+13,7.899908e+01
9.104478e+13,7.899532e+01
6.909302e+14,8.000000e+01
6.909302e+14,8.000000e+01
1.541094e+13,7.899858e+01
2.511326e+14,8.000000e+01
2.511326e+14,8.000000e+01
1.465458e+13,7.899019e+01
4.200863e+14,6.690532e+01
2.748513e+13,7.899550e+01
5.774170e+13,5.044925e+01
1.111552e+13,7.899431e+01
2.055568e+13,7.898258e+01
6.314170e+13,3.561477e+01
3.622412e+14,8.000000e+01
3.357618e+13,2.798732e+01
1.662316e+13,4.999767e+00
4.282637e+13,3.879788e+01
3.329519e+13,7.899587e+01
1.477985e+13,7.897028e+01
1.922530e+14,8.000000e+01
1.922530e+14,8.000000e+01
1.922530e+14,8.000000e+01
6.757531e+13,5.207084e+01
2.249473e+13,7.899222e+01
1.198680e+14,5.092972e+01
1.960185e+13,7.899396e+01
1.532157e+13,7.894995e+01
1.451281e+14,7.903716e+01
3.025460e+13,7.899099e+01
5.056880e+13,4.750638e+01
2.528470e+13,7.899606e+01
1.364051e+14,8.000000e+01
2.598066e+13,2.654592e+01
7.159470e+13,3.801712e+01
1.253118e+13,7.899149e+01
2.331698e+13,4.997874e+00
6.613704e+13,3.651565e+01
5.913712e+13,4.270169e+01
2.954858e+13,7.897303e+01
3.724231e+14,6.810649e+01
9.421616e+13,4.762650e+01
2.047268e+14,5.261136e+01
3.606136e+13,3.831741e+01
1.692617e+14,8.000000e+01
1.692617e+14,8.000000e+01
9.998094e+13,8.000000e+01
3.839511e+13,4.276175e+01
2.660830e+13,3.237160e+01
2.044091e+13,7.899475e+01
1.065354e+13,7.899852e+01
1.373737e+13,7.895338e+01
5.387313e+13,4.552444e+01
8.583788e+13,4.126028e+01
1.753424e+13,7.898964e+01
4.801149e+13,3.531448e+01
4.583918e+13,4.999719e+00
6.415893e+13,5.129007e+01
8.419876e+13,4.756644e+01
4.772314e+13,3.681594e+01
2.327431e+13,7.875407e+01
8.441729e+13,4.804691e+01
3.419862e+14,8.000000e+01
3.419862e+14,8.000000e+01
1.298437e+15,8.000000e+01
1.096615e+14,8.000000e+01
1.096615e+14,8.000000e+01
9.273590e+12,7.899847e+01
6.943493e+13,4.366263e+01
2.266900e+14,8.000000e+01
2.266900e+14,8.000000e+01
1.198628e+14,8.000000e+01
1.198628e+14,8.000000e+01
6.160700e+13,3.795706e+01
1.658574e+13,7.899547e+01
1.150624e+14,5.621488e+01
6.110373e+13,4.120022e+01
2.805932e+13,7.898107e+01
2.870026e+13,3.008938e+01
3.836668e+13,4.234134e+01
2.531827e+15,8.000000e+01
2.531827e+15,8.000000e+01
4.449999e+13,3.261184e+01
3.434308e+13,3.008938e+01
6.200747e+13,7.898378e+01
2.208267e+13,7.899288e+01
2.485183e+14,5.243119e+01
3.713657e+13,3.513430e+01
2.236225e+13,7.010230e+01
1.749284e+14,7.711529e+01
4.965770e+13,3.303225e+01
1.001844e+14,4.744632e+01
3.519047e+13,2.912844e+01
4.908034e+14,8.000000e+01
4.908034e+14,8.000000e+01
4.908034e+14,8.000000e+01
4.474010e+13,3.591506e+01
5.158442e+13,6.960796e+01
8.509870e+13,4.636527e+01
1.150901e+13,7.895797e+01
4.759509e+14,8.000000e+01
1.097104e+14,5.759623e+01
4.999061e+13,3.026955e+01
3.661302e+14,8.000000e+01
3.661302e+14,8.000000e+01
4.349753e+14,8.000000e+01
4.349753e+14,8.000000e+01
1.279285e+13,7.899730e+01
2.167104e+13,7.899059e+01
8.926718e+12,6.080748e+01
1.756511e+13,7.899257e+01
7.352712e+13,5.723588e+01
3.059202e+13,2.918850e+01
2.230360e+14,8.000000e+01
2.230360e+14,8.000000e+01
6.978216e+14,7.795611e+01
2.813307e+14,8.000000e+01
2.124800e+13,7.898815e+01
6.979106e+13,6.047904e+01
1.744919e+13,6.427455e+01
1.404181e+14,5.195072e+01
1.334215e+13,7.899745e+01
1.545957e+16,8.000000e+01
1.545957e+16,8.000000e+01
3.486079e+13,3.345266e+01
2.196132e+13,3.097609e+01
4.043673e+14,8.000000e+01
4.043673e+14,8.000000e+01
1.904549e+14,7.405230e+01
4.066306e+13,3.609524e+01
3.557308e+13,3.519436e+01
1.592727e+13,7.898461e+01
3.059630e+14,8.000000e+01
5.613193e+13,7.900069e+01
5.613193e+13,6.756596e+01
2.678636e+13,2.564504e+01
2.292062e+13,2.534474e+01
1.699457e+13,7.916533e+01
3.651206e+13,3.723635e+01
5.864759e+13,4.636527e+01
2.442040e+14,5.603471e+01
1.735323e+13,7.899330e+01
9.558809e+13,4.840726e+01
1.684945e+13,7.899149e+01
5.762488e+13,3.699612e+01
2.939038e+14,7.237065e+01
6.012671e+13,3.699612e+01
6.857884e+13,4.059964e+01
1.964069e+13,7.897259e+01
1.358049e+13,7.899839e+01
3.988060e+13,4.999900e+00
4.288740e+13,7.900285e+01
4.288740e+13,5.633500e+01
1.935205e+14,5.915775e+01
5.879543e+13,3.807717e+01
2.594963e+13,4.100049e+01
2.015892e+13,6.294942e+01
3.747966e+13,3.807717e+01
2.406230e+13,4.999265e+00
6.601278e+13,4.552444e+01
2.539885e+13,7.897063e+01
3.603402e+14,8.000000e+01
2.592526e+13,2.498439e+01
1.504444e+14,5.020902e+01
4.879867e+14,6.690532e+01
8.217231e+13,4.846732e+01
4.561399e+17,8.000000e+01
1.429127e+13,5.274962e+01
2.097947e+13,7.895962e+01
1.306249e+14,5.369242e+01
3.521683e+16,8.000000e+01
2.712763e+14,8.000000e+01
2.712763e+14,8.000000e+01
1.315554e+13,7.897781e+01
1.590965e+13,6.070731e+01
1.541581e+13,7.899449e+01
1.344236e+17,8.000000e+01
1.635185e+13,7.899603e+01
2.994518e+13,7.930766e+01
1.767815e+14,8.000000e+01
3.227328e+13,2.792726e+01
1.666610e+14,5.098978e+01
7.427199e+13,7.483306e+01
3.100922e+13,7.899515e+01
1.014909e+14,4.480374e+01
7.361776e+13,7.899836e+01
7.361776e+13,6.936772e+01
3.820898e+14,8.000000e+01
3.820898e+14,8.000000e+01
3.820898e+14,8.000000e+01
2.987972e+13,7.897385e+01
7.062382e+13,5.867729e+01
1.059629e+13,7.899852e+01
5.512016e+13,3.525442e+01
1.383744e+14,5.837699e+01
2.646456e+14,8.000000e+01
8.633495e+13,4.342239e+01
8.146415e+13,4.035940e+01
1.077355e+13,7.898659e+01
3.937094e+13,4.065970e+01
1.424427e+14,6.240092e+01
4.285006e+13,3.339260e+01
4.580343e+13,4.999527e+00
1.578059e+13,7.897438e+01
1.910658e+13,7.899452e+01
1.608059e+14,4.864749e+01
3.257885e+13,2.948879e+01
2.896935e+14,8.000000e+01
2.896935e+14,8.000000e+01
5.908367e+13,3.681594e+01
1.559176e+13,7.899860e+01
2.167685e+14,6.480327e+01
2.308601e+13,2.588527e+01
1.516069e+13,7.897362e+01
2.718160e+13,2.768703e+01
2.050432e+14,8.000000e+01
2.050432e+14,8.000000e+01
1.858086e+13,6.030620e+01
1.681751e+13,7.892941e+01
2.193591e+13,2.474416e+01
1.840664e+13,7.850586e+01
1.285445e+14,4.594485e+01
9.578363e+12,1.899212e+01
1.370955e+13,7.899211e+01
2.122485e+15,8.000000e+01
3.799864e+13,4.053958e+01
9.905710e+12,1.500000e+01
6.277299e+13,5.000059e+00
6.277299e+13,7.896180e+01
1.611792e+14,8.000000e+01
1.334386e+14,8.000000e+01
1.334386e+14,8.000000e+01
3.740005e+13,3.687600e+01
3.971606e+13,3.219143e+01
1.320968e+13,7.899882e+01
7.299288e+13,3.699612e+01
1.740671e+13,5.690633e+01
3.509408e+14,5.975834e+01
6.590045e+13,3.951858e+01
4.805922e+15,8.000000e+01
4.174442e+13,3.207131e+01
5.724403e+14,8.000000e+01
5.724403e+14,8.000000e+01
5.724403e+14,8.000000e+01
6.143585e+13,5.717582e+01
2.601638e+14,6.234086e+01
9.339818e+16,8.000000e+01
4.617313e+13,3.993899e+01
1.051736e+14,7.453276e+01
1.006078e+14,2.898981e+01
3.241609e+14,6.528374e+01
1.692118e+13,7.898427e+01
9.111362e+13,8.000000e+01
8.233646e+13,5.909770e+01
8.233646e+13,5.909770e+01
1.958235e+13,7.897380e+01
6.605215e+13,3.597512e+01
2.495869e+13,2.570510e+01
2.257540e+13,7.899619e+01
2.850316e+13,7.899757e+01
1.940100e+13,3.099436e+01
1.707445e+13,7.899013e+01
6.401817e+13,3.993899e+01
2.573601e+14,8.000000e+01
1.527229e+15,8.000000e+01
4.411513e+14,8.000000e+01
2.241944e+15,8.000000e+01
1.321833e+13,7.899789e+01
3.678036e+13,2.474416e+01
1.105404e+16,8.000000e+01
2.954661e+14,8.000000e+01
1.281603e+14,8.000000e+01
1.281603e+14,8.000000e+01
1.281603e+14,8.000000e+01
5.631338e+13,7.579400e+01
9.358943e+13,4.876761e+01
3.239020e+13,7.894517e+01
2.666587e+13,7.896936e+01
1.151347e+14,4.600491e+01
2.481677e+13,7.899451e+01
2.375916e+13,7.899484e+01
1.619021e+14,8.000000e+01
1.619021e+14,8.000000e+01
2.987263e+14,8.000000e+01
2.701793e+14,8.000000e+01
2.701793e+14,8.000000e+01
1.490403e+13,3.103074e+01
2.292933e+13,7.896835e+01
2.881991e+13,2.762697e+01
2.089544e+14,8.000000e+01
2.089544e+14,8.000000e+01
3.050044e+13,7.898189e+01
1.103145e+14,6.474321e+01
4.944441e+13,4.426321e+01
2.007182e+13,7.899136e+01
1.737869e+13,7.899000e+01
1.853336e+14,5.981840e+01
2.859696e+13,2.888820e+01
3.842634e+13,3.777688e+01
3.544500e+13,3.423342e+01
1.283438e+13,7.899852e+01
1.307886e+14,4.816702e+01
1.347510e+13,7.898550e+01
2.481766e+14,7.951763e+01
1.628036e+14,5.813676e+01
1.962912e+13,7.896256e+01
2.337866e+17,8.000000e+01
1.045833e+14,7.825640e+01
1.045833e+14,7.825640e+01
2.939483e+13,3.008938e+01
5.029926e+13,4.246145e+01
8.652416e+13,4.612503e+01
3.004560e+13,7.931218e+01
3.645219e+14,8.000000e+01
2.359462e+13,2.498439e+01
1.108322e+14,4.576468e+01
5.933322e+13,4.942826e+01
1.621594e+14,8.000000e+01
1.621594e+14,8.000000e+01
1.621594e+14,8.000000e+01
1.863573e+13,7.899572e+01
1.241410e+13,7.468547e+01
2.127560e+13,7.899066e+01
4.714345e+13,3.375295e+01
1.330329e+14,8.000000e+01
1.330329e+14,8.000000e+01
1.330329e+14,8.000000e+01
2.687272e+13,2.618556e+01
7.146233e+13,6.198051e+01
1.164769e+13,7.899199e+01
4.294495e+14,7.969781e+01
3.543789e+13,3.002932e+01
1.003867e+14,2.300000e+01
1.394826e+14,4.312210e+01
2.452826e+14,7.273101e+01
2.828050e+13,2.720656e+01
1.589790e+14,5.177054e+01
1.381165e+13,7.899612e+01
5.880970e+13,4.174075e+01
5.612913e+13,4.095999e+01
1.023912e+14,3.189113e+01
1.423541e+13,7.890016e+01
3.992126e+14,8.000000e+01
4.556205e+13,3.567483e+01
5.432760e+13,4.065970e+01
2.988829e+13,4.999051e+00
9.595831e+13,4.888773e+01
3.999669e+14,8.000000e+01
3.999669e+14,8.000000e+01
3.999669e+14,8.000000e+01
2.112947e+13,2.522463e+01
3.409189e+14,8.000000e+01
6.324299e+13,5.633500e+01
2.675188e+13,7.887565e+01
2.268428e+13,4.997626e+00
8.951389e+13,4.999970e+00
8.951389e+13,4.999998e+00
1.408914e+14,6.990825e+01
5.942514e+13,5.999858e+01
1.707341e+15,8.000000e+01
1.707341e+15,8.000000e+01
4.954731e+13,4.999831e+00
1.132618e+13,7.899283e+01
8.312821e+13,4.065970e+01
2.273858e+13,2.546486e+01
4.852725e+13,3.699612e+01
2.556830e+13,2.660597e+01
9.437047e+13,4.420315e+01
1.781881e+13,7.864086e+01
5.452071e+13,3.879788e+01
5.448470e+14,7.519341e+01
1.500019e+14,5.159037e+01
4.529815e+13,4.059964e+01
7.856981e+14,8.000000e+01
3.592426e+13,3.363284e+01
1.826488e+13,4.999289e+00
3.799805e+13,3.327248e+01
1.628632e+14,8.000000e+01
3.864544e+19,8.000000e+01
3.864544e+19,8.000000e+01
3.864544e+19,8.000000e+01
5.872413e+14,8.000000e+01
3.282588e+13,3.405325e+01
9.742547e+12,7.464136e+01
2.035532e+13,7.899104e+01
3.614166e+13,2.828762e+01
2.164834e+13,2.099277e+01
2.134282e+13,2.384328e+01
6.556737e+13,7.435259e+01
1.003863e+14,8.000000e+01
1.676163e+14,8.000000e+01
1.115407e+14,4.228128e+01
2.515341e+13,2.906838e+01
2.830605e+13,2.894826e+01
2.554343e+13,7.899260e+01
2.254913e+14,8.000000e+01
2.254913e+14,8.000000e+01
3.862425e+15,8.000000e+01
8.390536e+13,7.231060e+01
8.390536e+13,7.231060e+01
1.480227e+13,7.899858e+01
3.429840e+13,3.333254e+01
2.386909e+13,7.898214e+01
1.793219e+13,7.912426e+01
2.901632e+15,8.000000e+01
2.901632e+15,8.000000e+01
1.272906e+13,4.999978e+00
6.921431e+13,4.900785e+01
2.803913e+13,3.056984e+01
1.823568e+13,7.899771e+01
1.848130e+14,8.000000e+01
1.848130e+14,8.000000e+01
1.818499e+13,7.898588e+01
8.700560e+13,3.908801e+01
1.117028e+13,7.888885e+01
7.610964e+13,4.126028e+01
2.890652e+13,7.899548e+01
4.566813e+14,6.534379e+01
1.640068e+13,7.894273e+01
2.751561e+14,6.552397e+01
2.314506e+14,8.000000e+01
9.470861e+13,5.813676e+01
2.427884e+14,8.000000e+01
2.427884e+14,8.000000e+01
3.551189e+13,2.966897e+01
9.264222e+13,8.000000e+01
9.264222e+13,8.000000e+01
1.917103e+13,7.882188e+01
1.130408e+13,7.899675e+01
4.179370e+13,4.999881e+00
6.141027e+13,7.897603e+01
6.141027e+13,7.899444e+01
1.106504e+14,4.912796e+01
1.115898e+14,4.372269e+01
7.797618e+16,8.000000e+01
7.797618e+16,8.000000e+01
3.560534e+13,7.899739e+01
1.033170e+14,4.912796e+01
1.500067e+13,7.899598e+01
4.846344e+14,8.000000e+01
4.846344e+14,8.000000e+01
1.783790e+14,5.609476e+01
1.515867e+13,7.898327e+01
1.952483e+14,8.000000e+01
1.952483e+14,8.000000e+01
4.069553e+13,3.291213e+01
1.041403e+14,5.086966e+01
5.136582e+13,3.945852e+01
6.630615e+14,7.056889e+01
4.208347e+13,3.315237e+01
3.859970e+13,7.899130e+01
8.415891e+13,3.861770e+01
6.617184e+13,4.354251e+01
2.606942e+14,8.000000e+01
3.353212e+13,3.123049e+01
9.394731e+15,8.000000e+01
3.482363e+13,2.702639e+01
6.737155e+13,3.909817e+01
1.188184e+14,8.000000e+01
1.239397e+15,8.000000e+01
5.590882e+14,8.000000e+01
5.590882e+14,8.000000e+01
5.590882e+14,8.000000e+01
4.401040e+13,3.297219e+01
3.057342e+13,7.899112e+01
4.218426e+13,3.615530e+01
1.982656e+13,7.899405e+01
1.694267e+13,4.999024e+00
7.709683e+13,4.726614e+01
3.686584e+13,3.020949e+01
5.609537e+13,4.318216e+01
2.189266e+13,7.899311e+01
8.266449e+13,5.825687e+01
8.129856e+13,5.357230e+01
5.037065e+13,3.699612e+01
3.199101e+13,4.999884e+00
3.863670e+13,3.123049e+01
6.320171e+13,4.053958e+01
3.650264e+13,2.852785e+01
2.557792e+13,7.864802e+01
1.481456e+14,5.255130e+01
2.703624e+13,7.899458e+01
2.090818e+20,8.000000e+01
2.090818e+20,8.000000e+01
2.090818e+20,8.000000e+01
2.090818e+20,8.000000e+01
2.090818e+20,8.000000e+01
2.090818e+20,8.000000e+01
2.090818e+20,8.000000e+01
2.090818e+20,8.000000e+01
2.090818e+20,8.000000e+01
2.090818e+20,8.000000e+01
2.090818e+20,8.000000e+01
4.446649e+13,4.276175e+01
1.339561e+13,7.899658e+01
1.208772e+13,4.999537e+00
1.469189e+13,5.885149e+01
2.016955e+14,8.000000e+01
1.837166e+13,7.899594e+01
6.140880e+13,4.234134e+01
6.085599e+13,5.279154e+01
1.490693e+13,7.899638e+01
1.288259e+14,4.762650e+01
7.911087e+13,4.834720e+01
5.761373e+13,6.396245e+01
5.761373e+13,4.999994e+00
5.590388e+13,4.053958e+01
2.646850e+14,8.000000e+01
2.646850e+14,8.000000e+01
2.646850e+14,8.000000e+01
3.437364e+13,7.899152e+01
3.687218e+13,3.291213e+01
1.349220e+13,5.294126e+01
1.231526e+15,8.000000e+01
7.102576e+13,5.291166e+01
4.951595e+18,8.000000e+01
3.157121e+13,3.165090e+01
1.253838e+14,5.074955e+01
8.581827e+13,8.000000e+01
8.581827e+13,8.000000e+01
5.304377e+13,5.267142e+01
3.217282e+13,3.117043e+01
2.292402e+13,4.999898e+00
4.981348e+13,4.059964e+01
2.522809e+13,7.889888e+01
8.631413e+13,4.132034e+01
4.607816e+13,4.017923e+01
7.459549e+13,8.000000e+01
7.459549e+13,8.000000e+01
1.674657e+14,5.921781e+01
2.870430e+13,3.171096e+01
5.452201e+14,7.309136e+01
1.035835e+13,7.897150e+01
3.995243e+13,3.465383e+01
1.081665e+13,7.899845e+01
2.430134e+13,7.899550e+01
2.661873e+13,7.899311e+01
1.415105e+14,6.468315e+01
7.338421e+13,6.396245e+01
1.414344e+14,4.666556e+01
3.613236e+13,4.624515e+01
1.058249e+14,8.000000e+01
2.739104e+14,7.747564e+01
2.739104e+14,7.747564e+01
8.243046e+14,7.657476e+01
2.823966e+13,3.056984e+01
2.224757e+13,2.402345e+01
1.364295e+14,4.852738e+01
2.123999e+13,7.889752e+01
4.889573e+13,5.813676e+01
1.721306e+13,7.898843e+01
1.631918e+13,7.899376e+01
3.830343e+13,7.891643e+01
3.206099e+14,8.000000e+01
3.206099e+14,8.000000e+01
7.490339e+13,4.936820e+01
5.795815e+13,4.180081e+01
1.922264e+13,7.899664e+01
2.671937e+14,8.000000e+01
4.350912e+14,6.360209e+01
5.790531e+13,5.183060e+01
1.108083e+14,4.492386e+01
1.287772e+13,7.896079e+01
7.571343e+13,4.282181e+01
3.350542e+13,3.345266e+01
7.399690e+13,8.000000e+01
2.031189e+15,8.000000e+01
9.000202e+13,5.032914e+01
8.956440e+12,7.899871e+01
7.680251e+13,7.899454e+01
1.516077e+13,6.043798e+01
3.081611e+13,7.898046e+01
1.586601e+13,7.897159e+01
4.563980e+13,7.894825e+01
3.864341e+14,8.000000e+01
1.958550e+13,7.923811e+01
6.107762e+13,3.927835e+01
1.361367e+13,7.899062e+01
1.314085e+14,6.546391e+01
2.510900e+13,7.884648e+01
5.670520e+13,4.192093e+01
1.501942e+14,8.000000e+01
1.501942e+14,8.000000e+01
2.682391e+13,2.918850e+01
5.737379e+13,3.735647e+01
1.070872e+14,7.044878e+01
1.070872e+14,7.044878e+01
1.697863e+14,5.543412e+01
9.521953e+13,5.369242e+01
1.832847e+13,7.897471e+01
2.039308e+13,7.899560e+01
6.208732e+13,4.810697e+01
1.028358e+13,7.882772e+01
2.754138e+14,7.056889e+01
2.590164e+13,7.899534e+01
1.995174e+13,7.899476e+01
2.991424e+13,2.816750e+01
5.908771e+13,3.879788e+01
1.286392e+13,7.899017e+01
3.466240e+14,7.561382e+01
1.581276e+13,7.898079e+01
1.031496e+13,6.662572e+01
5.134653e+13,3.909817e+01
2.344686e+13,7.899395e+01
1.387131e+13,7.405726e+01
9.740580e+12,7.899265e+01
6.213456e+13,4.294192e+01
3.185578e+13,3.195119e+01
9.851175e+13,6.222074e+01
1.585135e+15,8.000000e+01
1.209406e+14,5.765629e+01
1.371768e+14,5.357230e+01
2.947889e+13,2.954885e+01
3.749458e+13,3.747659e+01
3.443803e+13,3.062990e+01
2.159059e+13,7.899456e+01
3.418493e+13,5.345218e+01
1.299140e+14,4.294192e+01
1.790978e+13,7.899594e+01
4.867026e+14,7.609429e+01
1.361727e+13,7.889704e+01
1.177098e+13,7.899744e+01
1.722146e+15,8.000000e+01
1.331237e+13,7.891016e+01
4.862012e+13,5.092972e+01
3.530018e+13,3.513430e+01
2.351344e+16,8.000000e+01
2.885789e+13,7.899280e+01
1.243655e+13,7.899817e+01
6.419222e+13,4.492386e+01
6.155969e+13,3.885794e+01
2.419405e+13,7.898944e+01
1.647608e+13,7.892830e+01
1.788456e+13,7.899162e+01
4.507378e+13,3.375295e+01
3.768762e+14,6.462309e+01
5.377215e+14,8.000000e+01
6.083681e+13,3.861770e+01
7.822602e+13,5.068949e+01
7.171447e+13,6.606450e+01
6.013230e+13,6.390239e+01
6.013230e+13,6.390239e+01
1.122458e+14,4.192093e+01
2.808511e+13,2.630568e+01
1.283621e+13,7.899130e+01
5.219380e+14,7.339165e+01
3.503245e+13,2.708644e+01
4.943191e+13,3.585500e+01
1.335399e+13,7.899488e+01
7.710608e+13,4.282181e+01
1.363625e+14,8.000000e+01
2.224223e+13,7.899667e+01
3.999621e+13,3.243166e+01
1.346733e+13,7.899357e+01
2.616602e+14,8.000000e+01
2.616602e+14,8.000000e+01
9.934970e+13,5.261136e+01
1.049804e+14,5.783646e+01
5.629558e+16,8.000000e+01
3.297467e+13,7.898565e+01
2.198589e+13,7.898738e+01
4.269124e+13,3.945852e+01
7.736398e+13,5.891752e+01
7.736398e+13,5.891752e+01
2.020543e+14,5.068949e+01
9.926328e+12,7.899848e+01
6.473591e+14,8.000000e+01
6.473591e+14,8.000000e+01
4.309201e+13,4.822708e+01
2.801112e+13,2.786721e+01
2.825241e+13,2.600539e+01
7.524835e+13,3.741653e+01
6.910569e+13,6.053910e+01
1.094652e+14,5.405277e+01
4.718000e+13,3.531448e+01
1.977327e+13,7.898331e+01
3.976335e+13,7.899886e+01
3.976335e+13,7.899703e+01
1.214699e+13,7.898957e+01
2.433725e+14,5.945805e+01
1.340748e+14,5.459330e+01
1.440978e+13,7.899790e+01
1.014077e+14,4.564456e+01
1.590756e+18,8.000000e+01
5.996383e+14,4.750638e+01
3.927500e+13,3.267190e+01
2.749196e+13,7.898532e+01
1.494014e+13,7.899145e+01
1.830276e+13,7.899526e+01
5.141030e+13,3.843753e+01
1.904434e+13,7.896111e+01
1.133395e+13,7.899496e+01
3.420621e+13,7.899204e+01
1.493873e+13,7.899039e+01
4.750762e+13,3.519436e+01
2.493918e+13,7.899235e+01
5.811913e+13,4.750638e+01
2.472639e+14,5.363236e+01
7.194642e+13,3.927835e+01
2.468624e+13,5.000070e+00
1.768576e+14,8.000000e+01
1.768576e+14,8.000000e+01
2.202589e+13,2.516457e+01
1.050325e+13,7.899831e+01
2.354108e+13,2.672609e+01
1.450862e+14,3.900000e+01
7.441023e+13,4.792679e+01
6.215112e+13,6.864702e+01
1.284640e+14,8.000000e+01
4.664041e+13,4.354251e+01
1.141837e+13,1.899865e+01
1.212195e+13,7.896630e+01
2.085539e+13,7.894030e+01
5.136106e+13,7.897910e+01
5.136106e+13,7.898135e+01
2.713794e+14,8.000000e+01
2.264327e+13,7.899120e+01
4.754287e+13,3.495412e+01
1.496925e+14,8.000000e+01
5.390773e+13,3.579495e+01
8.796862e+13,4.678568e+01
1.311704e+14,3.489234e+01
9.196943e+14,8.000000e+01
9.196943e+14,8.000000e+01
1.136309e+13,7.898877e+01
1.793978e+13,7.899353e+01
1.212567e+13,7.899725e+01
2.621525e+13,2.498439e+01
3.789330e+13,3.213137e+01
1.150974e+13,7.899257e+01
2.785554e+13,2.600539e+01
1.177858e+14,7.044878e+01
2.044904e+14,6.192045e+01
3.194110e+13,4.999913e+00
1.001552e+13,7.899595e+01
8.500179e+13,6.336186e+01
8.500179e+13,6.336186e+01
2.860337e+13,3.279201e+01
1.473847e+13,7.899294e+01
3.831362e+13,3.050979e+01
1.706759e+14,8.000000e+01
1.706759e+14,8.000000e+01
1.788516e+13,7.899422e+01
2.999069e+13,3.735647e+01
5.299587e+13,3.621536e+01
7.955579e+13,3.651565e+01
2.771808e+13,3.207131e+01
3.176129e+13,7.796689e+01
3.448518e+13,3.789700e+01
1.876852e+13,7.786767e+01
1.826998e+13,7.899336e+01
1.540377e+13,7.899807e+01
1.353651e+14,7.957769e+01
1.353651e+14,7.957769e+01
6.832487e+13,3.543459e+01
7.684037e+13,4.192093e+01
4.558219e+14,8.000000e+01
4.558219e+14,8.000000e+01
7.582476e+13,4.570462e+01
1.792990e+13,7.881126e+01
9.528771e+13,4.816702e+01
2.842096e+13,2.942873e+01
1.007608e+13,1.699715e+01
1.111282e+14,6.654497e+01
8.449281e+13,5.038919e+01
1.700336e+13,7.895721e+01
1.899555e+13,7.899663e+01
8.164358e+13,5.177054e+01
2.557516e+13,4.999248e+00
4.215013e+13,5.000174e+00
4.215013e+13,7.889254e+01
1.994038e+13,7.899869e+01
3.704909e+13,3.249172e+01
3.870744e+13,4.318216e+01
1.094961e+14,4.240140e+01
2.901856e+13,2.726662e+01
3.767194e+13,3.621536e+01
3.916121e+13,3.297219e+01
1.174157e+13,7.899819e+01
2.987279e+13,3.189113e+01
9.673733e+13,4.156057e+01
1.410417e+14,8.000000e+01
3.185130e+13,7.898925e+01
2.050374e+13,7.911081e+01
5.199626e+14,6.918755e+01
2.284058e+14,6.156010e+01
3.606050e+13,2.564504e+01
1.599976e+13,7.898850e+01
4.175928e+13,4.089993e+01
3.262663e+13,2.696633e+01
2.152443e+13,7.899106e+01
1.031692e+14,8.000000e+01
1.031692e+14,8.000000e+01
7.234265e+13,5.267142e+01
2.055880e+14,6.107963e+01
3.450008e+13,3.567483e+01
1.566044e+14,4.432327e+01
2.736321e+14,8.000000e+01
2.736321e+14,8.000000e+01
3.534631e+13,3.183108e+01
2.503601e+13,2.684621e+01
4.917874e+13,4.468362e+01
2.429604e+13,7.899398e+01
1.604648e+13,7.905714e+01
4.299250e+13,3.567483e+01
2.605802e+13,7.899638e+01
7.176585e+13,4.450345e+01
3.254057e+15,8.000000e+01
3.254057e+15,8.000000e+01
1.032388e+14,8.000000e+01
1.851713e+13,7.896106e+01
3.268292e+13,3.032961e+01
1.241070e+14,5.987846e+01
3.120503e+14,6.756596e+01
3.169509e+13,3.273196e+01
1.381683e+13,7.470139e+01
4.239770e+13,4.762650e+01
2.947427e+14,8.000000e+01
9.445545e+13,4.948831e+01
3.266504e+13,3.261184e+01
1.097184e+13,7.899520e+01
8.697168e+13,7.249077e+01
1.570000e+13,7.693756e+01
2.467901e+13,7.899448e+01
7.088409e+13,4.828714e+01
1.459502e+14,6.702544e+01
5.905480e+13,7.899980e+01
5.905480e+13,7.899380e+01
3.350780e+13,2.990920e+01
7.314293e+13,5.447318e+01
1.820353e+13,7.899710e+01
1.183348e+13,7.899184e+01
1.896498e+14,8.000000e+01
1.896498e+14,8.000000e+01
2.922919e+13,3.243166e+01
1.055189e+14,5.633500e+01
3.831915e+13,3.219143e+01
2.631325e+14,6.738579e+01
3.436823e+13,3.315237e+01
1.399589e+13,7.899692e+01
4.234289e+13,3.567483e+01
3.293415e+13,3.627541e+01
3.188666e+13,2.888820e+01
9.280076e+13,4.804691e+01
1.552578e+14,6.564409e+01
2.208384e+13,7.899530e+01
2.135243e+14,8.000000e+01
1.451415e+14,5.123001e+01
4.451021e+15,8.000000e+01
1.309384e+13,7.899238e+01
1.940202e+13,7.899727e+01
2.194729e+13,2.378322e+01
2.840012e+13,2.636574e+01
9.524673e+14,8.000000e+01
9.524673e+14,8.000000e+01
1.634280e+15,8.000000e+01
3.715589e+14,8.000000e+01
3.643770e+13,3.693606e+01
1.060086e+13,7.899843e+01
9.258886e+13,4.876761e+01
2.442581e+13,7.899726e+01
1.474979e+14,8.000000e+01
1.415279e+13,6.077660e+01
1.050599e+14,6.726567e+01
3.728401e+13,3.261184e+01
1.158406e+13,5.000001e+00
1.189592e+13,4.896264e+01
2.486347e+15,8.000000e+01
1.122504e+13,7.899291e+01
2.661122e+13,2.768703e+01
1.414332e+14,5.531400e+01
1.933578e+13,2.106525e+01
2.551527e+13,7.892703e+01
1.143871e+13,7.899058e+01
4.538228e+13,2.700107e+01
3.555012e+14,7.777593e+01
2.310155e+13,7.897293e+01
6.919366e+13,3.957864e+01
2.114872e+13,7.899578e+01
2.101515e+14,8.000000e+01
2.101515e+14,8.000000e+01
1.098535e+14,5.789652e+01
1.903589e+13,7.899676e+01
4.464917e+13,3.345266e+01
3.801138e+14,8.000000e+01
3.801138e+14,8.000000e+01
1.084845e+14,8.000000e+01
9.420096e+13,5.687553e+01
1.819587e+13,3.114874e+01
5.064106e+13,3.615530e+01
8.014445e+13,5.080960e+01
3.081797e+13,3.381301e+01
1.686007e+13,7.907902e+01
3.963105e+13,2.876809e+01
1.594574e+14,5.147025e+01
1.650542e+13,7.898450e+01
2.117005e+14,8.000000e+01
2.588588e+13,2.678615e+01
5.159023e+14,8.000000e+01
3.373588e+13,3.813723e+01
1.217613e+14,4.912796e+01
6.242155e+13,7.899654e+01
6.242155e+13,7.899865e+01
8.385376e+13,7.207036e+01
2.867755e+13,3.014943e+01
7.495287e+14,8.000000e+01
7.495287e+14,8.000000e+01
7.495287e+14,8.000000e+01
3.573565e+15,8.000000e+01
3.573565e+15,8.000000e+01
9.608582e+13,5.225101e+01
1.426886e+13,7.898655e+01
1.277117e+13,7.896756e+01
8.204965e+13,6.546391e+01
8.204965e+13,6.546391e+01
2.097907e+13,7.899235e+01
1.706156e+13,4.998556e+00
4.387988e+13,7.893622e+01
6.772255e+13,4.630521e+01
1.567250e+13,7.897870e+01
2.507728e+13,2.786721e+01
2.204489e+14,6.095951e+01
6.177075e+13,2.498888e+01
2.111260e+13,2.288234e+01
8.166457e+13,5.345218e+01
1.614873e+13,7.837799e+01
3.377042e+13,3.050979e+01
2.688516e+13,7.896134e+01
7.866174e+13,6.246098e+01
2.127328e+13,2.414357e+01
3.045905e+15,8.000000e+01
3.045905e+15,8.000000e+01
7.211882e+15,8.000000e+01
4.434412e+13,3.038967e+01
5.434272e+13,4.336233e+01
6.257270e+14,8.000000e+01
7.071421e+14,7.663482e+01
3.693695e+13,5.000217e+00
7.316086e+13,4.999990e+00
7.316086e+13,5.000022e+00
5.866653e+13,7.429253e+01
5.866653e+13,7.429253e+01
5.866653e+13,5.000507e+00
4.856857e+13,4.047952e+01
6.142960e+13,3.921829e+01
3.440590e+14,8.000000e+01
1.253111e+14,8.000000e+01
1.086941e+13,7.899126e+01
1.402721e+14,7.795611e+01
2.369658e+13,2.498718e+01
1.093042e+13,7.898366e+01
4.748989e+13,3.453371e+01
3.116105e+13,2.882814e+01
8.286413e+13,4.089993e+01
1.640006e+19,8.000000e+01
1.640006e+19,8.000000e+01
1.640006e+19,8.000000e+01
9.354787e+13,4.294192e+01
5.547203e+13,7.899796e+01
5.547203e+13,7.899904e+01
3.770355e+13,7.899690e+01
1.278071e+13,7.899776e+01
1.473579e+13,7.908713e+01
3.019932e+13,3.165090e+01
3.507813e+13,4.698214e+01
3.189099e+13,7.890027e+01
6.219431e+14,8.000000e+01
6.219431e+14,8.000000e+01
5.411442e+14,8.000000e+01
5.411442e+14,8.000000e+01
3.888247e+13,3.441360e+01
2.636878e+13,7.883443e+01
9.002306e+13,4.240140e+01
2.948788e+13,3.093020e+01
9.559277e+13,5.303177e+01
2.782064e+13,5.000156e+00
1.468425e+14,6.852690e+01
2.967544e+13,2.624562e+01
5.045330e+14,8.000000e+01
1.233514e+13,7.899119e+01
2.767171e+14,8.000000e+01
2.767171e+14,8.000000e+01
2.767171e+14,8.000000e+01
6.097020e+14,7.158989e+01
1.532423e+14,4.666556e+01
1.768937e+13,6.213910e+01
1.141731e+14,6.738579e+01
5.054892e+13,2.300000e+01
1.401474e+13,4.999466e+00
1.197179e+13,7.899320e+01
1.926935e+13,7.899559e+01
2.334847e+13,7.899651e+01
3.648693e+13,4.516409e+01
4.723988e+14,7.471294e+01
3.773956e+13,4.071975e+01
1.269094e+14,5.747611e+01
5.849874e+13,2.300000e+01
2.325428e+13,4.999562e+00
1.439918e+13,7.898531e+01
5.362772e+13,3.951858e+01
4.344726e+13,3.002932e+01
5.740996e+14,8.000000e+01
5.009036e+13,7.898633e+01
3.707606e+13,3.207131e+01
3.197040e+13,2.984914e+01
1.276866e+14,5.044925e+01
3.868997e+13,2.697417e+01
4.989344e+13,4.804691e+01
1.300016e+13,7.897897e+01
1.060629e+14,6.378227e+01
3.606146e+13,7.898280e+01
1.014177e+16,8.000000e+01
8.976333e+12,7.875481e+01
6.987410e+13,3.891799e+01
2.157583e+14,6.846684e+01
3.996797e+13,3.303225e+01
1.106624e+14,8.000000e+01
1.378591e+14,5.014896e+01
7.183937e+13,5.459330e+01
4.679272e+13,5.098978e+01
2.399830e+13,2.426369e+01
6.031028e+13,7.898863e+01
5.066352e+13,3.483401e+01
3.153656e+13,7.893354e+01
1.115571e+13,5.000000e+00
8.403440e+15,7.957769e+01
2.204703e+13,7.897789e+01
1.556239e+13,7.898599e+01
2.427391e+13,7.899137e+01
5.784784e+13,3.651565e+01
2.421253e+13,7.899200e+01
6.721660e+13,3.717629e+01
2.507966e+13,2.780715e+01
1.654554e+17,8.000000e+01
1.138020e+14,7.152983e+01
1.138020e+14,7.152983e+01
2.092485e+13,7.890609e+01
7.677215e+13,5.753617e+01
2.275321e+14,8.000000e+01
2.275321e+14,8.000000e+01
2.275321e+14,8.000000e+01
1.863287e+13,7.899483e+01
2.910004e+13,2.960891e+01
8.727863e+13,5.291166e+01
1.468023e+14,5.381254e+01
1.031945e+14,4.696585e+01
5.704693e+13,4.498392e+01
2.127282e+13,5.000647e+00
7.219902e+13,8.000000e+01
7.219902e+13,5.000106e+00
5.090542e+13,4.870755e+01
6.948971e+13,3.789700e+01
2.644700e+14,5.663529e+01
2.245519e+13,7.899352e+01
2.938343e+13,2.840773e+01
7.219411e+13,6.264116e+01
5.835670e+13,3.585500e+01
2.735767e+13,2.534474e+01
4.439820e+13,5.050931e+01
7.448908e+13,4.162063e+01
2.652974e+13,3.098861e+01
9.039023e+12,2.699200e+01
3.425965e+14,5.801664e+01
5.829878e+14,8.000000e+01
1.113278e+14,7.140972e+01
8.546652e+12,7.899083e+01
1.194603e+13,7.899630e+01
4.075094e+14,6.864702e+01
9.851473e+12,7.899512e+01
7.913428e+13,6.822661e+01
7.913428e+13,7.898339e+01
3.913504e+13,3.243166e+01
4.339220e+13,7.897837e+01
4.339220e+13,4.999990e+00
3.367180e+13,7.899590e+01
2.395865e+13,7.894799e+01
4.403735e+14,8.000000e+01
2.583712e+13,7.899529e+01
9.562545e+13,6.534379e+01
9.562545e+13,6.534379e+01
3.838906e+13,7.896784e+01
9.661865e+13,6.522368e+01
1.021226e+13,7.903460e+01
2.296211e+13,6.876302e+01
4.669734e+13,4.714603e+01
1.248312e+13,7.899703e+01
2.788214e+14,3.900000e+01
4.032639e+13,3.615530e+01
7.078795e+14,8.000000e+01
6.885645e+13,4.005911e+01
1.009792e+14,8.000000e+01
6.310594e+14,8.000000e+01
4.100989e+13,2.978908e+01
4.004098e+14,6.918755e+01
7.053750e+13,3.723635e+01
3.753415e+13,3.729641e+01
9.162059e+13,5.921781e+01
1.108325e+14,6.125981e+01
2.858554e+14,2.681440e+01
3.497137e+13,4.047952e+01
2.610662e+14,8.000000e+01
2.610662e+14,8.000000e+01
6.630380e+13,3.489407e+01
4.005222e+13,3.183108e+01
1.213224e+13,7.899766e+01
1.126516e+13,7.906961e+01
6.955440e+13,3.585500e+01
1.054784e+13,7.899838e+01
1.680524e+14,5.159037e+01
2.836015e+14,8.000000e+01
2.836015e+14,8.000000e+01
2.821105e+13,2.978908e+01
7.363915e+13,3.945852e+01
7.660712e+13,7.819634e+01
8.883547e+13,4.108011e+01
2.039451e+13,2.282228e+01
1.145529e+14,4.876761e+01
5.882328e+14,8.000000e+01
5.882328e+14,8.000000e+01
2.353234e+16,8.000000e+01
4.805396e+13,7.897435e+01
1.304203e+16,8.000000e+01
1.304203e+16,8.000000e+01
5.255286e+13,2.666603e+01
3.303053e+13,3.111037e+01
1.094008e+14,7.297124e+01
1.094008e+14,7.297124e+01
4.481524e+14,8.000000e+01
1.318299e+13,7.899329e+01
4.528948e+13,3.927835e+01
1.296681e+14,7.639458e+01
3.679962e+13,3.315237e+01
2.923098e+13,2.414357e+01
4.126529e+14,8.000000e+01
1.197310e+13,7.899747e+01
1.596022e+13,7.897590e+01
6.287556e+14,7.435259e+01
2.680543e+13,7.899649e+01
1.283139e+13,7.899630e+01
1.761192e+14,5.555424e+01
1.926281e+14,7.819634e+01
3.524756e+16,8.000000e+01
3.524756e+16,8.000000e+01
2.949097e+13,7.898122e+01
4.567450e+13,4.486380e+01
2.576019e+13,7.899548e+01
2.007072e+13,7.898841e+01
1.929514e+13,4.998767e+00
1.491662e+14,8.000000e+01
1.491662e+14,8.000000e+01
1.467641e+13,7.899570e+01
1.958952e+13,7.899399e+01
1.058289e+14,3.171096e+01
2.717578e+14,5.543412e+01
3.561951e+13,7.899306e+01
8.040255e+13,4.738626e+01
2.195132e+14,5.639506e+01
5.930519e+14,7.375200e+01
2.385550e+13,7.899610e+01
8.162979e+13,4.762650e+01
7.304551e+13,7.899839e+01
3.796724e+13,2.852785e+01
9.225293e+14,8.000000e+01
2.115030e+14,5.483353e+01
5.671611e+13,4.450345e+01
2.394073e+13,2.654592e+01
1.536070e+13,7.898446e+01
1.599648e+13,7.899287e+01
4.649264e+13,7.261089e+01
1.102928e+14,4.720609e+01
7.145903e+13,5.825687e+01
3.949432e+13,3.591506e+01
2.376190e+13,7.899057e+01
5.055396e+14,7.969781e+01
7.143201e+13,2.098707e+01
9.403542e+13,7.603423e+01
9.403542e+13,7.603423e+01
5.465247e+13,4.498392e+01
1.732353e+13,7.897628e+01
1.728254e+13,7.899100e+01
8.661328e+13,4.077981e+01
1.737955e+14,8.000000e+01
1.737955e+14,8.000000e+01
6.716026e+13,3.543459e+01
3.128513e+13,2.798732e+01
1.765993e+14,7.681499e+01
9.881256e+13,4.372269e+01
2.363783e+13,7.899639e+01
3.235699e+13,7.899647e+01
1.092738e+14,8.000000e+01
1.092738e+14,8.000000e+01
6.438972e+14,8.000000e+01
2.107303e+13,7.895995e+01
1.434069e+13,7.898929e+01
2.113177e+13,7.898748e+01
1.869616e+13,7.899887e+01
1.424710e+14,8.000000e+01
2.162147e+13,7.705841e+01
1.038149e+14,4.924808e+01
2.820703e+13,2.972902e+01
1.708194e+13,7.899839e+01
1.134599e+13,7.899377e+01
1.658690e+15,8.000000e+01
1.658690e+15,8.000000e+01
5.250668e+13,4.120022e+01
7.895151e+14,5.459330e+01
2.198103e+14,8.000000e+01
2.713314e+13,2.726662e+01
1.149324e+14,4.930814e+01
4.998284e+13,5.327201e+01
2.202404e+13,7.897315e+01
5.273392e+13,4.300198e+01
1.857458e+13,7.899674e+01
3.492549e+13,3.399319e+01
5.063027e+13,3.621536e+01
7.268280e+18,8.000000e+01
7.268280e+18,8.000000e+01
7.268280e+18,8.000000e+01
4.758654e+13,4.894779e+01
5.718550e+13,6.300151e+01
1.754984e+13,7.899240e+01
4.512958e+14,8.000000e+01
4.512958e+14,8.000000e+01
2.038932e+13,2.258205e+01
1.278690e+13,7.899602e+01
5.862505e+13,4.053958e+01
1.551320e+13,7.899139e+01
1.412042e+13,7.899660e+01
2.854512e+14,6.912749e+01
3.129270e+13,3.315237e+01
2.120336e+13,2.462404e+01
2.754451e+14,8.000000e+01
3.852442e+13,4.998934e+00
2.864751e+14,8.000000e+01
2.864751e+14,8.000000e+01
1.412743e+13,7.899372e+01
2.540725e+15,8.000000e+01
2.540725e+15,8.000000e+01
3.722367e+14,7.657476e+01
3.722367e+14,7.657476e+01
4.036477e+13,3.423342e+01
3.458443e+13,3.543459e+01
1.804476e+13,7.894760e+01
2.033434e+13,7.899053e+01
1.061818e+13,7.899831e+01
3.518063e+14,6.912749e+01
4.368233e+13,4.999614e+00
9.324667e+13,3.927835e+01
2.495270e+13,2.882814e+01
8.653693e+13,7.899506e+01
1.366605e+15,7.441265e+01
4.745734e+13,7.899101e+01
5.312897e+14,8.000000e+01
3.760592e+14,8.000000e+01
1.003607e+13,7.899854e+01
2.512973e+14,7.861675e+01
7.884464e+13,7.899851e+01
7.884464e+13,7.899924e+01
7.884464e+13,8.000000e+01
1.211040e+13,4.999647e+00
2.510320e+14,5.801664e+01
8.215331e+13,7.122954e+01
5.962855e+13,7.453276e+01
1.129551e+13,7.899502e+01
9.802617e+13,5.183060e+01
9.802617e+13,5.183060e+01
1.578967e+15,8.000000e+01
1.578967e+15,8.000000e+01
3.121846e+14,6.137992e+01
6.019322e+13,5.813676e+01
6.019322e+13,5.813676e+01
1.255347e+13,7.899841e+01
1.526231e+13,4.999865e+00
3.783675e+13,3.099026e+01
8.230836e+13,5.195072e+01
1.044840e+14,4.462357e+01
1.377751e+15,8.000000e+01
1.377751e+15,8.000000e+01
9.061379e+14,7.279106e+01
1.781890e+13,7.899272e+01
7.248252e+13,4.360257e+01
3.597272e+13,2.894826e+01
3.890950e+13,3.207131e+01
1.008397e+13,7.899062e+01
7.234966e+13,5.000024e+00
7.234966e+13,8.000000e+01
5.367183e+13,3.807717e+01
5.503915e+13,4.150052e+01
3.918349e+14,7.459282e+01
7.862183e+14,8.000000e+01
2.604410e+14,6.606450e+01
1.477317e+13,7.892828e+01
5.965312e+13,6.077934e+01
1.646924e+13,7.899713e+01
3.870061e+13,7.899060e+01
1.569263e+14,7.062895e+01
2.505216e+13,4.999379e+00
9.978152e+13,4.384280e+01
5.344092e+14,8.000000e+01
5.344092e+14,8.000000e+01
5.344092e+14,8.000000e+01
5.344092e+14,8.000000e+01
5.344092e+14,8.000000e+01
5.344092e+14,8.000000e+01
1.308748e+14,8.000000e+01
9.628538e+13,7.999810e+01
1.188097e+13,7.899222e+01
5.002207e+13,3.393313e+01
2.892377e+13,2.720656e+01
8.225455e+13,4.702591e+01
1.692411e+16,8.000000e+01
1.692411e+16,8.000000e+01
7.652673e+13,4.354251e+01
8.237958e+13,5.381254e+01
5.750433e+13,5.777641e+01
1.923926e+13,7.898919e+01
4.537248e+13,4.198099e+01
7.224468e+13,6.162016e+01
7.224468e+13,6.162016e+01
2.344317e+14,8.000000e+01
2.344317e+14,8.000000e+01
2.344317e+14,8.000000e+01
2.589986e+14,7.393218e+01
2.589986e+14,7.393218e+01
1.957381e+14,8.000000e+01
1.957381e+14,8.000000e+01
5.499239e+13,3.369289e+01
1.348512e+13,7.899604e+01
1.495827e+13,7.899861e+01
1.571993e+13,7.898456e+01
1.903804e+13,7.899809e+01
1.980841e+14,5.681547e+01
3.921583e+13,3.351272e+01
3.433814e+13,3.219143e+01
1.543683e+14,6.666508e+01
2.968901e+13,7.898108e+01
1.705207e+13,7.899783e+01
1.036318e+14,7.902818e+01
1.036318e+14,7.933195e+01
1.036318e+14,8.000000e+01
2.154064e+13,4.999367e+00
1.377966e+14,8.000000e+01
1.377966e+14,8.000000e+01
2.110619e+13,7.899835e+01
2.110619e+13,7.899916e+01
1.128026e+14,8.000000e+01
1.128026e+14,8.000000e+01
2.207550e+13,7.896857e+01
2.718835e+13,2.924855e+01
1.805742e+13,7.898884e+01
1.253016e+13,7.899610e+01
5.156006e+13,3.735647e+01
1.950168e+14,6.270121e+01
1.294139e+13,7.899785e+01
1.295407e+13,7.897451e+01
7.831195e+13,4.666556e+01
2.060382e+13,7.899218e+01
2.662607e+13,3.075002e+01
3.202710e+14,6.624467e+01
1.413535e+13,7.898784e+01
6.388597e+13,7.899426e+01
2.126541e+14,7.669488e+01
5.680878e+14,8.000000e+01
4.381320e+13,3.002932e+01
1.968898e+13,7.895594e+01
5.067220e+18,8.000000e+01
2.490077e+14,8.000000e+01
2.852186e+13,3.008938e+01
1.129765e+14,4.408304e+01
4.943570e+13,3.645559e+01
2.393623e+14,6.618461e+01
4.568652e+13,4.899764e+01
3.816399e+13,4.999599e+00
2.483012e+13,4.998042e+00
5.337617e+13,3.591506e+01
2.312329e+13,2.684621e+01
1.822001e+15,8.000000e+01
1.822001e+15,8.000000e+01
1.862588e+13,4.999852e+00
4.936411e+13,4.444339e+01
3.206872e+14,8.000000e+01
3.206872e+14,8.000000e+01
3.206872e+14,8.000000e+01
1.644851e+14,5.879740e+01
1.536290e+13,7.899597e+01
5.138488e+13,4.966849e+01
2.203084e+13,7.897390e+01
3.088950e+14,8.000000e+01
2.165020e+13,7.899260e+01
5.300988e+13,4.059964e+01
4.078298e+13,4.132034e+01
3.220283e+13,2.780715e+01
2.286517e+13,2.528468e+01
1.981940e+14,5.092972e+01
2.328587e+13,2.456398e+01
1.358886e+13,7.899712e+01
2.363813e+13,2.378322e+01
1.111219e+13,7.896721e+01
2.607406e+13,7.896449e+01
1.129309e+13,7.899707e+01
7.269205e+13,4.083987e+01
2.079696e+13,7.898286e+01
1.836651e+14,8.000000e+01
2.692617e+13,7.899624e+01
2.400625e+13,2.816750e+01
4.555253e+13,3.519436e+01
4.870196e+13,3.345266e+01
2.046415e+13,7.899253e+01
1.148348e+13,7.899741e+01
2.411589e+13,7.899337e+01
1.515830e+13,7.895002e+01
9.702035e+13,7.231060e+01
9.702035e+13,7.231060e+01
6.917547e+13,6.143998e+01
6.917547e+13,6.143998e+01
4.083341e+13,3.927835e+01
2.511118e+13,4.999315e+00
2.100599e+14,8.000000e+01
6.246412e+13,5.032914e+01
5.251108e+13,4.984867e+01
3.687850e+13,3.441360e+01
1.312978e+14,8.000000e+01
1.312978e+14,8.000000e+01
2.996678e+13,2.960891e+01
1.629444e+13,1.900000e+01
1.455695e+13,7.899325e+01
1.810195e+13,7.899709e+01
3.272284e+13,2.894826e+01
5.408872e+13,4.999753e+00
4.107130e+13,2.296538e+01
3.909868e+13,4.588480e+01
1.373400e+13,7.898286e+01
1.304094e+13,7.898005e+01
2.629761e+13,2.678615e+01
9.092659e+13,8.000000e+01
9.092659e+13,8.000000e+01
1.080146e+14,6.966802e+01
1.080146e+14,6.966802e+01
2.454696e+13,7.899478e+01
3.156543e+14,7.014848e+01
7.342685e+13,8.000000e+01
3.323462e+13,7.899816e+01
1.605641e+13,7.899598e+01
5.855309e+14,7.447271e+01
1.610643e+15,8.000000e+01
2.500521e+13,7.899631e+01
3.813721e+13,3.026955e+01
2.059401e+13,7.899384e+01
1.334114e+13,3.301621e+01
7.561444e+13,4.930814e+01
3.239643e+13,3.573489e+01
1.516475e+13,7.899853e+01
2.338043e+13,2.564504e+01
6.349504e+13,4.192093e+01
2.952573e+14,5.927787e+01
2.083644e+13,7.899366e+01
1.782439e+13,7.895819e+01
9.026219e+13,4.180081e+01
1.761105e+13,7.899220e+01
7.567367e+14,8.000000e+01
3.721224e+13,4.222122e+01
1.237272e+13,7.899755e+01
5.751253e+13,3.807717e+01
1.972683e+13,4.999157e+00
5.402068e+13,3.303225e+01
1.079562e+14,5.381254e+01
1.212849e+13,7.899691e+01
3.594074e+15,8.000000e+01
2.051863e+14,3.472127e+01
4.917080e+13,3.669583e+01
1.635448e+13,7.284837e+01
4.118069e+13,7.890975e+01
1.251301e+13,7.899552e+01
2.036024e+13,7.899635e+01
9.175325e+13,4.288186e+01
1.408024e+13,7.899106e+01
3.852001e+14,8.000000e+01
3.852001e+14,8.000000e+01
2.018372e+13,2.495582e+01
1.221592e+13,7.896865e+01
1.911853e+13,7.899203e+01
4.416921e+15,8.000000e+01
4.416921e+15,8.000000e+01
1.323448e+14,8.000000e+01
1.323448e+14,7.721181e+01
1.323448e+14,8.000000e+01
1.615619e+14,7.249077e+01
2.589470e+13,2.450392e+01
4.940731e+13,4.600491e+01
2.808427e+13,2.672609e+01
1.805269e+13,7.890975e+01
3.003475e+13,3.303225e+01
2.558512e+13,7.891954e+01
1.881147e+14,8.000000e+01
1.881147e+14,8.000000e+01
1.218390e+14,8.000000e+01
1.218390e+14,8.000000e+01
1.187641e+14,5.567435e+01
1.470203e+14,8.000000e+01
1.555441e+13,7.899770e+01
1.865228e+14,8.000000e+01
1.865228e+14,8.000000e+01
9.146318e+13,4.270169e+01
6.309569e+13,5.207084e+01
1.969291e+13,7.882444e+01
2.169115e+13,7.894094e+01
2.357707e+13,7.898994e+01
1.584817e+13,7.894483e+01
2.984965e+13,7.900000e+01
2.984965e+13,7.898029e+01
3.615982e+13,5.000019e+00
3.615982e+13,4.750638e+01
1.397417e+13,7.899199e+01
1.604802e+13,7.899339e+01
3.600717e+14,7.897710e+01
2.895144e+13,3.675588e+01
3.272561e+14,6.672514e+01
2.141178e+15,8.000000e+01
2.141178e+15,8.000000e+01
1.275782e+14,4.600491e+01
1.495395e+13,7.881353e+01
2.481257e+14,6.558403e+01
1.055253e+14,7.615435e+01
1.010298e+15,8.000000e+01
1.010298e+15,8.000000e+01
1.315328e+13,7.899494e+01
4.294142e+13,7.899825e+01
4.294142e+13,4.216116e+01
8.702911e+13,5.002884e+01
7.822714e+13,5.525394e+01
1.727802e+13,7.916951e+01
1.645563e+14,8.000000e+01
3.926243e+13,3.447366e+01
1.330830e+15,8.000000e+01
1.525907e+13,7.899564e+01
1.781319e+13,7.899442e+01
4.323656e+13,5.000002e+00
4.323656e+13,4.999902e+00
4.323656e+13,5.000006e+00
1.406797e+14,8.000000e+01
1.406797e+14,8.000000e+01
3.322106e+13,3.399319e+01
1.085689e+13,7.899302e+01
2.752743e+13,7.899569e+01
1.191719e+14,8.000000e+01
3.670673e+14,3.263639e+01
7.911013e+13,5.255130e+01
1.580137e+14,4.978861e+01
7.573068e+13,5.261136e+01
2.862214e+13,7.896422e+01
3.823398e+13,5.080960e+01
2.561984e+13,2.558498e+01
4.231396e+13,3.297219e+01
5.477419e+13,4.324222e+01
1.045878e+14,6.912749e+01
2.412952e+14,7.783599e+01
2.412952e+14,7.783599e+01
2.490839e+13,7.907814e+01
3.249528e+13,7.892381e+01
1.338854e+14,7.789605e+01
5.644468e+13,7.899658e+01
1.456152e+13,7.899725e+01
1.076277e+14,5.104984e+01
3.379350e+13,7.897598e+01
5.453749e+13,4.348245e+01
3.402950e+16,8.000000e+01
2.425023e+14,7.561382e+01
2.640705e+13,2.840773e+01
6.358015e+13,3.663577e+01
1.422564e+13,7.899273e+01
2.108749e+13,7.879467e+01
1.028200e+13,7.899156e+01
3.792158e+13,4.348245e+01
2.306847e+13,7.899658e+01
5.424873e+14,8.000000e+01
5.424873e+14,8.000000e+01
1.847082e+13,7.899176e+01
1.217569e+15,7.267095e+01
1.503107e+13,7.898200e+01
9.603605e+13,5.651517e+01
1.756449e+14,7.531353e+01
1.756449e+14,7.531353e+01
8.850583e+13,4.558450e+01
2.033295e+13,7.891976e+01
3.160877e+13,3.711624e+01
2.093489e+13,7.896797e+01
2.538324e+13,2.846779e+01
2.326924e+13,7.897568e+01
3.119198e+13,3.513430e+01
1.116297e+14,4.294192e+01
1.224068e+13,7.899835e+01
1.410607e+14,5.513383e+01
2.955714e+14,8.000000e+01
2.955714e+14,8.000000e+01
3.649026e+13,7.871568e+01
1.604789e+13,7.898805e+01
2.467770e+14,8.000000e+01
2.467770e+14,8.000000e+01
2.467770e+14,8.000000e+01
1.681809e+13,7.891388e+01
4.556925e+13,3.297219e+01
1.360706e+14,4.570462e+01
8.256146e+13,4.864749e+01
2.552454e+13,2.606545e+01
1.395180e+13,7.899686e+01
5.329403e+13,3.729641e+01
1.018124e+14,4.852738e+01
5.246773e+13,5.801664e+01
9.908314e+16,8.000000e+01
9.908314e+16,8.000000e+01
9.908314e+16,8.000000e+01
1.006601e+14,4.336233e+01
1.926742e+13,7.899805e+01
2.826437e+13,7.899545e+01
5.210506e+14,8.000000e+01
5.210506e+14,8.000000e+01
1.512352e+13,7.899801e+01
4.515850e+13,7.896563e+01
4.285384e+13,3.459377e+01
2.447195e+14,8.000000e+01
2.447195e+14,8.000000e+01
4.124288e+13,2.954885e+01
3.447108e+13,4.999614e+00
9.174122e+13,5.014896e+01
1.235929e+14,8.000000e+01
1.235929e+14,8.000000e+01
5.938080e+13,4.108011e+01
8.126369e+13,4.162063e+01
1.892713e+13,7.885076e+01
4.656670e+13,3.957864e+01
1.249601e+14,5.098978e+01
1.145455e+13,7.898458e+01
3.286681e+14,8.000000e+01
1.099745e+13,7.899830e+01
1.533221e+13,7.899629e+01
3.578659e+13,3.351272e+01
2.098423e+13,7.899803e+01
9.777766e+18,8.000000e+01
9.777766e+18,8.000000e+01
9.777766e+18,8.000000e+01
9.777766e+18,8.000000e+01
9.777766e+18,8.000000e+01
9.777766e+18,8.000000e+01
1.194059e+13,7.903642e+01
1.307874e+13,7.899336e+01
2.204328e+13,2.360304e+01
4.742743e+13,3.981887e+01
3.801591e+13,3.165090e+01
3.280669e+13,4.999350e+00
1.368456e+13,7.898078e+01
4.459429e+13,4.035940e+01
3.378649e+13,7.899313e+01
1.739331e+13,7.894680e+01
9.066454e+14,8.000000e+01
4.768878e+13,4.984867e+01
1.749839e+13,7.888678e+01
1.270868e+13,7.899368e+01
1.567759e+13,7.899330e+01
1.770233e+13,7.899826e+01
3.683624e+14,6.486332e+01
3.721021e+13,3.735647e+01
6.484736e+13,4.077981e+01
4.039256e+13,4.546439e+01
1.743859e+13,7.899358e+01
5.697147e+13,4.216116e+01
5.120416e+13,3.165090e+01
5.596098e+15,8.000000e+01
1.025251e+14,5.008890e+01
4.258649e+14,8.000000e+01
4.258649e+14,8.000000e+01
1.018684e+14,8.000000e+01
5.057184e+13,4.984867e+01
3.986155e+13,3.153078e+01
2.807656e+13,2.786721e+01
1.059919e+13,7.899725e+01
7.228508e+14,7.861675e+01
3.017586e+14,8.000000e+01
1.956455e+13,7.925086e+01
7.726239e+13,5.000000e+00
7.726239e+13,7.897696e+01
1.076730e+13,7.899695e+01
5.693270e+13,4.065970e+01
4.218874e+13,3.117043e+01
3.078635e+13,4.998901e+00
1.292795e+13,7.898948e+01
3.420606e+13,7.899300e+01
1.224182e+13,7.897247e+01
7.731450e+13,7.249077e+01
1.120677e+13,7.899276e+01
3.453062e+13,7.898270e+01
2.081405e+14,7.867681e+01
6.378217e+13,2.487376e+01
3.479859e+15,8.000000e+01
3.479859e+15,8.000000e+01
8.545341e+13,6.882719e+01
8.545341e+13,6.882719e+01
1.181928e+13,7.899530e+01
1.404212e+14,5.579447e+01
2.126564e+14,6.168022e+01
4.850109e+13,4.174075e+01
6.481878e+14,8.000000e+01
6.026053e+14,8.000000e+01
1.995858e+13,5.832610e+01
4.170942e+13,3.465383e+01
2.431422e+15,8.000000e+01
2.584641e+14,8.000000e+01
3.075632e+14,8.000000e+01
1.249570e+15,8.000000e+01
2.772896e+13,3.123049e+01
1.231697e+13,7.898662e+01
4.957455e+13,3.759670e+01
1.683817e+13,7.898738e+01
2.892442e+13,2.888820e+01
2.350897e+13,7.899311e+01
1.605454e+13,2.499537e+01
1.074873e+13,7.899280e+01
1.229291e+14,6.174028e+01
2.119860e+13,7.898776e+01
2.357062e+13,7.899380e+01
2.972538e+13,4.999171e+00
3.291002e+13,3.062990e+01
4.307935e+13,4.029934e+01
4.893935e+13,4.696585e+01
1.222692e+13,7.899829e+01
2.144323e+14,5.867729e+01
4.135642e+13,7.897465e+01
4.135642e+13,7.899304e+01
5.823597e+13,7.899250e+01
5.823597e+13,7.899703e+01
1.205448e+14,4.180081e+01
1.560028e+13,7.215731e+01
8.049285e+13,4.065970e+01
3.290277e+13,7.899786e+01
1.347697e+13,7.896185e+01
2.903744e+14,8.000000e+01
2.903744e+14,8.000000e+01
7.285486e+13,6.528374e+01
7.285486e+13,6.528374e+01
4.610780e+13,3.369289e+01
1.739329e+14,4.918802e+01
1.350940e+14,4.996878e+01
1.342619e+13,7.895100e+01
3.171221e+13,2.906838e+01
2.257169e+14,7.387212e+01
6.200940e+13,4.894779e+01
5.763283e+13,3.705618e+01
2.966807e+14,7.495318e+01
1.692548e+13,7.899378e+01
3.111253e+13,3.279201e+01
1.993187e+14,6.714555e+01
2.096365e+14,8.000000e+01
4.881394e+13,4.011917e+01
3.822829e+14,8.000000e+01
3.822829e+14,8.000000e+01
3.822829e+14,8.000000e+01
1.701224e+14,4.720609e+01
2.410561e+14,2.500000e+01
1.576630e+13,7.899357e+01
2.656827e+14,6.996831e+01
7.430621e+13,4.414310e+01
3.055774e+14,5.423295e+01
6.689029e+13,5.999858e+01
1.433044e+14,8.000000e+01
1.811162e+14,5.098978e+01
2.503716e+13,2.582521e+01
4.138873e+13,4.510403e+01
6.220912e+13,3.609524e+01
1.941324e+14,8.000000e+01
2.392044e+14,7.543364e+01
5.955409e+13,8.000000e+01
3.432534e+13,3.627541e+01
4.642722e+13,5.693558e+01
1.436504e+13,7.899746e+01
9.413885e+13,2.283432e+01
2.640174e+13,7.899397e+01
4.675474e+14,8.000000e+01
3.218875e+14,6.023881e+01
5.753557e+13,6.083940e+01
5.753557e+13,5.000008e+00
1.484909e+13,7.899631e+01
2.684647e+13,7.899677e+01
2.370567e+13,7.899572e+01
3.120637e+13,2.922911e+01
1.979405e+13,5.000000e+00
1.311224e+14,7.549370e+01
1.317446e+13,7.895138e+01
8.165486e+13,6.498344e+01
4.995925e+15,8.000000e+01
1.534195e+13,7.899702e+01
4.194449e+13,3.999905e+01
3.170787e+14,8.000000e+01
3.170787e+14,8.000000e+01
3.170787e+14,8.000000e+01
1.218400e+14,5.663529e+01
2.391607e+13,7.898480e+01
1.458233e+14,8.000000e+01
1.458233e+14,8.000000e+01
7.953783e+13,4.594485e+01
8.222062e+14,8.000000e+01
8.222062e+14,8.000000e+01
6.305742e+13,4.156057e+01
4.031607e+13,7.897719e+01
4.031607e+13,5.000000e+00
2.750145e+14,8.000000e+01
2.750145e+14,8.000000e+01
2.750145e+14,8.000000e+01
2.580381e+14,6.486332e+01
9.337613e+13,4.534427e+01
1.586705e+13,7.896825e+01
1.898294e+13,7.899740e+01
1.522304e+13,7.895508e+01
2.713292e+13,7.897737e+01
2.706635e+13,2.648586e+01
9.707799e+13,4.246145e+01
5.216209e+13,5.423295e+01
1.188346e+13,7.899749e+01
1.251845e+13,7.899748e+01
8.446825e+13,6.870708e+01
3.472909e+16,8.000000e+01
3.281921e+13,2.798732e+01
1.470515e+13,6.677204e+01
7.452695e+14,8.000000e+01
7.848570e+13,4.438333e+01
3.487383e+14,5.501371e+01
3.278183e+14,5.945805e+01
1.103145e+14,4.552444e+01
3.332474e+13,7.896472e+01
9.319371e+13,4.438333e+01
5.491816e+14,8.000000e+01
7.952439e+13,4.846732e+01
5.233729e+14,8.000000e+01
1.991343e+13,7.925734e+01
2.961873e+13,2.888820e+01
1.549859e+13,7.899585e+01
4.987627e+13,2.896662e+01
4.265798e+13,3.267190e+01
1.247498e+13,7.898287e+01
2.644266e+13,7.896897e+01
1.522869e+15,8.000000e+01
1.298518e+13,7.899740e+01
4.886626e+14,8.000000e+01
3.087103e+13,2.846779e+01
2.449449e+16,8.000000e+01
5.984732e+13,3.669583e+01
4.062226e+13,4.270169e+01
4.361641e+13,7.898257e+01
1.583473e+14,8.000000e+01
1.105501e+14,8.000000e+01
9.555682e+12,7.897145e+01
1.575829e+13,7.899561e+01
5.730317e+14,8.000000e+01
2.344171e+13,7.686136e+01
2.146355e+13,7.898912e+01
3.236490e+13,3.375295e+01
6.126550e+13,5.000007e+00
6.126550e+13,6.978813e+01
4.677441e+13,2.899393e+01
3.797159e+13,3.183108e+01
8.110848e+13,5.489359e+01
1.201775e+14,8.000000e+01
3.756251e+14,7.819634e+01
3.001184e+13,2.942873e+01
1.893384e+14,5.573441e+01
2.576176e+13,2.738674e+01
1.210253e+13,7.899318e+01
7.146243e+13,5.843705e+01
1.054648e+13,7.904077e+01
9.436248e+12,7.898088e+01
1.254311e+14,6.396245e+01
2.024986e+13,7.898779e+01
4.641610e+13,3.693606e+01
1.870746e+15,8.000000e+01
1.061181e+13,7.899675e+01
1.735792e+13,7.899675e+01
9.495779e+13,6.198051e+01
9.495779e+13,6.198051e+01
7.316499e+13,5.000009e+00
7.316499e+13,8.000000e+01
3.574003e+14,8.000000e+01
1.490526e+13,7.898636e+01
2.254058e+13,7.898408e+01
5.980819e+14,3.278128e+01
5.980819e+14,8.000000e+01
5.643666e+13,4.029934e+01
2.057228e+13,7.899534e+01
2.705032e+14,5.723588e+01
1.070636e+13,2.099813e+01
2.018792e+13,7.899561e+01
2.258452e+13,7.899623e+01
1.845779e+14,8.000000e+01
1.845779e+14,8.000000e+01
3.867166e+14,6.306157e+01
1.363433e+14,8.000000e+01
1.363433e+14,8.000000e+01
1.382534e+13,7.904461e+01
1.941894e+13,7.893118e+01
7.530966e+13,4.342239e+01
3.286849e+13,3.111037e+01
1.399755e+13,7.897909e+01
2.135955e+14,8.000000e+01
2.135955e+14,8.000000e+01
1.192021e+13,7.899810e+01
1.779317e+14,8.000000e+01
1.779317e+14,8.000000e+01
1.779317e+14,8.000000e+01
4.177540e+13,7.896193e+01
6.582442e+13,4.954837e+01
3.769581e+14,7.465288e+01
4.972819e+13,4.450345e+01
4.109193e+14,8.000000e+01
2.834796e+14,3.700000e+01
3.131087e+13,3.044973e+01
5.257831e+13,4.120022e+01
8.679462e+14,7.417241e+01
4.469794e+13,3.627541e+01
1.187497e+13,7.898503e+01
9.033438e+13,4.672562e+01
1.859919e+13,7.899415e+01
3.020136e+16,8.000000e+01
1.758812e+14,5.225101e+01
2.865335e+13,3.032961e+01
3.622855e+14,8.000000e+01
3.622855e+14,8.000000e+01
2.943838e+13,3.291213e+01
5.787876e+13,5.104984e+01
6.951563e+13,4.120022e+01
1.023423e+14,6.384233e+01
1.468369e+13,7.899274e+01
2.607885e+14,8.000000e+01
2.607885e+14,8.000000e+01
3.294459e+13,7.899783e+01
8.908347e+13,4.816702e+01
1.934794e+14,8.000000e+01
1.280858e+16,8.000000e+01
3.020715e+13,7.899627e+01
4.072867e+13,3.285207e+01
1.518899e+13,7.899717e+01
7.817128e+13,3.591506e+01
2.894945e+13,2.582521e+01
1.403666e+13,7.899517e+01
1.340990e+14,8.000000e+01
1.340990e+14,8.000000e+01
4.199769e+13,3.255178e+01
1.699308e+14,5.849711e+01
2.775707e+13,2.738674e+01
4.916143e+13,7.892427e+01
2.225894e+13,7.898311e+01
1.923335e+14,8.000000e+01
1.923335e+14,8.000000e+01
3.120484e+13,3.897458e+01
1.049210e+14,4.999881e+00
6.009265e+13,3.627541e+01
3.503742e+14,7.963775e+01
4.832026e+13,3.579495e+01
4.334992e+13,3.411330e+01
1.440129e+13,7.899278e+01
6.256737e+13,3.855764e+01
1.713307e+13,7.899592e+01
3.944941e+13,3.219143e+01
2.060325e+16,8.000000e+01
2.410684e+13,7.898463e+01
1.756395e+13,7.898366e+01
4.825188e+13,4.618509e+01
4.350339e+13,4.780667e+01
4.350339e+13,5.000004e+00
1.012142e+14,4.924808e+01
9.568301e+12,7.899135e+01
3.815900e+13,2.972902e+01
2.864534e+13,7.899329e+01
2.064993e+13,5.000000e+00
1.153864e+13,7.899809e+01
2.148878e+13,7.894471e+01
3.983002e+14,8.000000e+01
1.392421e+13,7.899619e+01
4.847992e+14,8.000000e+01
4.847992e+14,8.000000e+01
2.011975e+13,7.899204e+01
8.292063e+13,6.125981e+01
4.003055e+13,7.891640e+01
1.110242e+13,7.898469e+01
1.959155e+16,8.000000e+01
2.313664e+13,7.898955e+01
1.057606e+14,6.131987e+01
1.249148e+13,7.899782e+01
1.133235e+13,2.101853e+01
7.943087e+14,8.000000e+01
7.943087e+14,8.000000e+01
1.801781e+13,7.898951e+01
5.821927e+13,5.783646e+01
5.821927e+13,7.899268e+01
3.972465e+13,2.918850e+01
2.092036e+13,7.865750e+01
5.274291e+13,7.899561e+01
3.568917e+13,7.899754e+01
1.995314e+13,2.699441e+01
4.403481e+13,5.387259e+01
1.393659e+14,6.131987e+01
3.306930e+13,7.897186e+01
4.575340e+13,4.035940e+01
4.195014e+13,7.923474e+01
4.692890e+13,7.886474e+01
1.609929e+14,8.000000e+01
1.694617e+14,8.000000e+01
4.712168e+13,3.483401e+01
1.533958e+13,7.899794e+01
1.029042e+13,7.904504e+01
1.258596e+14,5.519388e+01
9.036284e+13,6.071928e+01
2.592318e+13,2.504445e+01
1.115637e+14,4.876761e+01
1.402393e+14,6.131987e+01
1.535047e+13,6.511429e+01
1.226239e+14,7.899221e+01
9.820615e+13,4.339268e+01
7.919193e+13,6.930766e+01
3.480743e+13,3.189113e+01
3.516252e+13,7.900052e+01
3.516252e+13,7.898824e+01
1.648332e+14,8.000000e+01
1.648332e+14,8.000000e+01
1.648332e+14,8.000000e+01
1.868991e+13,7.899808e+01
2.845148e+13,4.999543e+00
2.094650e+13,7.892457e+01
1.338262e+14,4.999996e+00
1.685911e+14,8.000000e+01
1.685911e+14,8.000000e+01
5.195665e+14,8.000000e+01
1.247536e+14,8.000000e+01
4.031623e+13,3.183108e+01
6.229939e+13,3.927835e+01
3.019380e+13,7.892909e+01
4.202015e+13,7.898657e+01
1.332444e+14,8.000000e+01
1.444837e+14,5.717582e+01
3.771930e+13,2.954885e+01
3.354395e+13,7.899678e+01
5.829600e+13,4.342239e+01
1.344144e+16,8.000000e+01
1.344144e+16,8.000000e+01
1.344144e+16,8.000000e+01
2.745016e+13,7.899715e+01
5.034187e+13,3.669583e+01
2.844157e+14,8.000000e+01
2.844157e+14,8.000000e+01
1.016326e+14,5.783646e+01
2.374644e+13,2.474416e+01
1.292713e+13,7.898668e+01
1.222952e+13,7.899641e+01
1.387961e+13,7.899738e+01
1.696974e+15,8.000000e+01
3.689747e+15,8.000000e+01
6.269913e+13,5.687553e+01
2.272311e+14,7.489312e+01
1.911177e+13,7.899493e+01
1.497082e+13,7.899572e+01
1.728737e+13,7.899755e+01
2.078621e+13,7.918692e+01
1.136481e+13,4.999752e+00
1.893974e+13,7.898572e+01
2.143571e+13,2.390334e+01
3.676453e+13,7.898396e+01
3.676453e+13,5.000002e+00
8.225021e+14,8.000000e+01
1.165361e+15,8.000000e+01
1.165361e+15,8.000000e+01
6.166138e+13,5.213089e+01
1.442801e+15,8.000000e+01
2.680302e+16,8.000000e+01
2.623993e+13,7.898651e+01
2.623993e+13,4.999991e+00
3.083183e+13,3.123049e+01
3.071233e+14,8.000000e+01
1.091188e+14,5.008890e+01
5.297897e+13,3.777688e+01
8.753562e+13,5.000003e+00
8.753562e+13,8.000000e+01
9.562418e+13,4.654544e+01
3.351054e+13,2.972902e+01
6.921583e+13,5.026908e+01
1.483719e+13,4.691793e+01
4.273567e+13,3.279201e+01
5.038295e+13,5.807670e+01
8.682526e+13,4.120022e+01
2.529690e+13,7.897844e+01
6.489482e+13,7.900062e+01
6.489482e+13,7.303130e+01
1.453430e+14,8.000000e+01
1.453430e+14,8.000000e+01
1.453430e+14,8.000000e+01
1.188644e+14,8.000000e+01
1.188644e+14,8.000000e+01
2.484946e+13,7.899181e+01
1.130914e+14,8.000000e+01
1.130914e+14,8.000000e+01
2.157968e+14,5.519388e+01
1.638717e+14,6.017875e+01
1.625399e+14,5.663529e+01
3.777329e+14,8.000000e+01
8.325320e+13,4.071975e+01
4.377676e+14,8.000000e+01
4.004597e+13,3.333254e+01
1.732671e+13,7.896707e+01
3.500021e+13,3.669583e+01
2.771729e+14,4.894779e+01
5.307783e+13,3.915823e+01
4.516202e+15,8.000000e+01
4.516202e+15,8.000000e+01
9.009685e+13,8.000000e+01
2.860575e+13,2.852785e+01
2.339540e+13,2.480422e+01
6.568294e+13,5.080960e+01
1.839384e+13,7.916415e+01
5.351490e+13,7.891285e+01
2.095730e+13,7.898275e+01
1.514889e+13,7.910815e+01
4.206908e+13,3.339260e+01
3.664193e+13,3.909817e+01
1.177152e+13,7.899810e+01
2.102791e+13,7.899380e+01
1.436001e+13,7.898577e+01
1.254421e+14,6.750590e+01
9.729339e+13,2.696005e+01
9.042196e+13,4.156057e+01
7.315326e+13,4.582474e+01
2.438187e+13,2.708644e+01
1.310774e+13,4.999437e+00
1.201855e+13,4.999741e+00
1.560926e+13,7.894228e+01
5.648891e+13,3.819729e+01
5.045435e+13,3.477395e+01
5.041260e+14,6.768608e+01
2.036905e+14,6.744585e+01
1.039427e+13,5.000142e+00
1.049498e+13,7.054781e+01
7.968789e+13,4.696585e+01
1.195616e+13,7.898319e+01
2.224497e+13,7.898731e+01
2.309040e+13,7.899030e+01
9.495890e+12,7.899787e+01
1.163450e+13,7.899655e+01
6.040338e+13,4.774661e+01
5.643762e+13,3.933841e+01
2.762594e+15,8.000000e+01
9.987269e+12,7.899439e+01
1.100595e+13,7.899782e+01
1.294822e+13,4.999691e+00
5.377856e+13,4.912796e+01
2.125120e+13,7.899399e+01
2.404744e+13,7.894111e+01
5.421494e+13,7.899615e+01
5.421494e+13,4.999999e+00
5.421494e+13,5.000003e+00
2.145375e+13,4.999457e+00
1.370818e+13,7.899574e+01
1.088786e+14,6.432280e+01
1.973178e+14,5.693558e+01
1.519915e+13,7.899310e+01
1.137235e+13,7.899688e+01
9.825038e+14,6.858696e+01
1.770437e+14,6.750590e+01
3.621987e+13,7.897748e+01
6.212171e+13,3.453371e+01
4.161979e+13,3.387307e+01
5.121702e+13,3.915823e+01
2.833358e+13,3.189113e+01
1.848518e+13,7.898339e+01
1.303143e+13,7.899568e+01
3.973592e+13,3.333254e+01
3.885012e+13,3.008938e+01
9.267332e+13,6.378227e+01
2.484858e+13,7.899499e+01
7.837232e+13,7.515692e+01
7.837232e+13,5.681547e+01
1.832251e+13,7.899227e+01
7.803509e+13,5.249125e+01
7.311401e+13,4.606497e+01
2.076724e+13,7.898818e+01
4.248581e+13,3.273196e+01
4.648881e+13,7.899480e+01
3.218188e+14,4.700000e+01
4.498151e+14,8.000000e+01
4.498151e+14,8.000000e+01
4.316132e+13,7.899636e+01
4.316132e+13,5.000003e+00
1.086899e+14,8.000000e+01
1.086899e+14,8.000000e+01
5.227951e+13,4.325649e+01
5.659409e+13,4.999455e+00
4.984697e+13,4.666556e+01
1.702947e+14,6.930766e+01
4.111832e+13,3.225149e+01
1.167924e+14,6.300151e+01
1.167924e+14,6.300151e+01
2.673845e+13,2.996926e+01
2.929818e+13,3.056984e+01
6.349975e+13,3.795706e+01
3.213024e+13,7.899405e+01
5.192099e+13,4.372269e+01
1.741994e+14,8.000000e+01
4.811525e+13,4.065970e+01
2.039540e+13,7.898674e+01
1.396457e+13,6.891767e+01
1.271770e+14,4.978861e+01
4.671652e+14,8.000000e+01
4.119509e+14,8.000000e+01
4.119509e+14,8.000000e+01
3.034944e+13,7.899992e+01
3.034944e+13,7.899587e+01
1.532952e+14,6.630473e+01
3.471293e+13,3.753665e+01
1.689839e+13,7.899383e+01
2.071761e+13,2.438381e+01
2.132029e+13,2.318263e+01
1.466293e+13,2.099684e+01
1.462396e+13,4.999453e+00
6.779756e+13,3.813723e+01
2.485591e+13,2.606545e+01
3.641697e+13,3.381301e+01
8.334241e+13,6.516362e+01
2.835608e+13,7.899662e+01
1.071193e+13,2.499366e+01
1.868310e+14,6.143998e+01
2.416777e+14,8.000000e+01
2.416777e+14,8.000000e+01
8.379996e+13,3.957864e+01
2.021543e+14,5.110990e+01
3.210699e+15,8.000000e+01
3.210699e+15,8.000000e+01
1.003960e+14,4.576468e+01
7.569977e+14,8.000000e+01
7.569977e+14,8.000000e+01
1.208020e+13,7.899583e+01
1.387770e+13,7.899777e+01
9.878115e+13,8.000000e+01
1.230730e+15,8.000000e+01
1.230730e+15,8.000000e+01
5.487449e+13,3.933841e+01
4.747364e+13,4.384280e+01
4.596877e+13,3.837747e+01
5.063471e+13,4.516409e+01
5.063471e+13,4.516409e+01
2.509156e+14,8.000000e+01
1.432488e+13,7.899643e+01
5.332553e+13,4.402298e+01
1.229638e+13,7.892209e+01
2.123662e+14,6.696538e+01
2.727607e+13,2.834768e+01
1.510111e+13,7.899448e+01
9.690665e+13,4.582474e+01
3.655395e+14,8.000000e+01
3.655395e+14,8.000000e+01
4.487070e+13,3.093020e+01
8.306179e+13,4.378274e+01
3.767608e+13,4.558450e+01
4.610980e+13,7.899607e+01
4.610980e+13,7.899890e+01
2.499770e+13,2.588527e+01
3.865637e+13,3.345266e+01
2.796083e+13,7.899650e+01
1.391614e+14,8.000000e+01
1.391614e+14,8.000000e+01
1.897571e+13,7.887843e+01
7.573484e+13,4.234134e+01
4.864413e+13,3.657571e+01
1.186249e+14,5.255130e+01
7.068795e+13,5.879740e+01
1.834174e+14,5.375248e+01
3.916936e+13,4.897630e+01
8.329298e+13,3.987893e+01
5.009806e+13,3.231155e+01
1.485413e+13,7.897139e+01
4.454440e+14,7.891704e+01
2.123246e+13,7.898149e+01
1.849395e+13,7.898861e+01
2.497499e+13,2.816750e+01
1.066362e+14,7.693511e+01
7.006893e+13,4.726614e+01
9.757691e+12,7.899808e+01
7.845539e+13,3.993899e+01
2.099536e+13,7.899846e+01
1.725515e+14,4.570462e+01
7.272422e+13,5.759623e+01
1.320965e+13,7.897981e+01
3.426014e+13,2.834768e+01
1.755774e+14,7.945757e+01
1.013454e+14,4.390286e+01
1.332122e+13,1.900000e+01
1.066837e+14,6.101957e+01
3.026172e+13,7.897642e+01
9.530837e+12,7.899485e+01
5.222295e+13,5.465336e+01
1.694851e+13,7.911020e+01
2.913182e+13,2.786721e+01
2.361209e+14,7.098931e+01
1.224381e+14,5.333207e+01
4.570331e+13,7.898888e+01
4.757824e+13,3.669583e+01
1.151466e+14,5.627494e+01
2.880569e+13,7.926916e+01
7.477849e+13,5.000038e+00
7.477849e+13,7.441265e+01
4.230335e+13,5.207084e+01
3.735301e+14,8.000000e+01
4.123618e+13,3.579495e+01
1.659898e+13,7.899419e+01
7.583609e+13,6.234086e+01
4.770659e+13,3.549465e+01
2.341396e+13,7.868544e+01
1.443806e+13,7.899284e+01
9.206400e+13,3.987893e+01
8.710031e+13,3.957864e+01
8.076310e+13,4.522415e+01
1.821476e+13,7.896574e+01
1.103536e+13,7.899688e+01
6.035481e+13,4.432327e+01
2.303923e+14,6.342192e+01
1.488982e+13,7.899451e+01
3.618359e+13,3.249172e+01
1.445136e+13,7.899184e+01
7.936884e+13,4.786673e+01
9.605391e+14,8.000000e+01
9.605391e+14,8.000000e+01
9.605391e+14,8.000000e+01
1.938964e+13,7.899393e+01
1.181536e+13,5.908977e+01
3.237837e+14,8.000000e+01
2.944747e+13,2.840773e+01
2.910409e+13,5.141614e+01
1.658294e+13,4.998214e+00
7.112085e+13,3.915823e+01
3.281037e+18,8.000000e+01
3.281037e+18,8.000000e+01
8.106317e+13,5.092972e+01
1.130496e+13,7.898880e+01
3.956645e+13,3.609524e+01
6.586772e+13,7.879693e+01
1.038733e+13,6.676679e+01
2.756235e+13,2.984914e+01
2.084411e+14,6.420268e+01
2.479669e+13,2.672609e+01
3.274016e+14,5.789652e+01
2.403555e+13,7.899405e+01
5.192275e+13,7.899478e+01
3.824906e+14,8.000000e+01
3.137125e+13,2.894826e+01
3.169088e+13,7.899607e+01
1.514504e+14,7.813628e+01
1.689293e+17,8.000000e+01
1.689293e+17,8.000000e+01
2.057639e+14,6.822661e+01
5.683630e+13,3.543459e+01
1.517895e+14,5.056937e+01
1.035142e+14,4.618509e+01
2.040147e+13,7.899126e+01
1.721677e+13,4.999072e+00
3.812359e+14,6.029887e+01
7.364478e+13,6.726567e+01
1.929714e+13,7.899574e+01
3.024329e+13,2.588527e+01
2.661088e+13,7.899578e+01
2.172847e+13,7.899526e+01
2.361272e+13,7.899607e+01
4.364755e+14,8.000000e+01
4.364755e+14,8.000000e+01
9.441374e+13,8.000000e+01
9.441374e+13,8.000000e+01
1.171055e+14,6.065922e+01
3.069482e+13,2.744680e+01
1.450774e+13,7.899074e+01
5.988932e+13,7.899736e+01
5.988932e+13,7.899418e+01
2.816691e+14,7.549370e+01
2.707097e+13,7.899446e+01
3.215093e+13,7.899668e+01
3.091649e+14,7.164995e+01
2.851531e+14,8.000000e+01
2.851531e+14,8.000000e+01
2.851531e+14,8.000000e+01
5.119267e+14,8.000000e+01
9.963835e+14,8.000000e+01
1.633933e+14,8.000000e+01
1.633933e+14,8.000000e+01
1.982064e+13,7.901221e+01
1.482791e+14,5.495365e+01
8.252232e+13,4.528421e+01
4.480514e+13,7.899109e+01
5.495901e+13,5.345218e+01
2.562462e+13,2.828762e+01
1.607811e+13,7.899903e+01
2.702782e+13,7.886578e+01
2.835805e+13,7.898026e+01
5.004260e+13,7.899908e+01
2.852965e+13,2.984914e+01
4.019067e+13,7.891900e+01
1.874876e+13,7.898968e+01
1.687181e+13,7.898437e+01
2.597072e+13,7.899393e+01
5.745100e+13,4.840726e+01
3.151815e+13,2.750685e+01
4.498043e+14,6.690532e+01
3.203065e+13,7.899539e+01
1.748244e+13,7.899806e+01
1.090860e+14,8.000000e+01
1.090860e+14,8.000000e+01
2.610437e+13,2.714650e+01
4.544613e+13,7.899190e+01
7.656370e+14,8.000000e+01
7.656370e+14,8.000000e+01
5.072681e+13,4.948831e+01
8.228522e+13,7.898001e+01
8.228522e+13,5.000015e+00
2.366163e+13,7.898910e+01
1.666575e+13,7.899259e+01
1.347629e+13,7.898748e+01
1.116330e+14,5.501371e+01
1.639472e+13,7.899697e+01
4.172369e+13,3.621536e+01
1.868644e+14,7.038872e+01
3.933928e+13,7.899321e+01
2.760108e+13,2.678615e+01
4.593794e+13,3.999905e+01
3.662754e+14,8.000000e+01
1.361408e+13,7.899719e+01
1.028293e+14,8.000000e+01
1.028293e+14,8.000000e+01
1.028293e+14,8.000000e+01
3.666199e+15,8.000000e+01
3.666199e+15,8.000000e+01
1.435929e+13,7.899711e+01
4.217716e+13,4.882767e+01
4.217716e+13,7.899307e+01
6.501581e+13,4.864749e+01
1.487912e+13,7.103900e+01
4.279872e+13,7.899784e+01
4.787030e+15,8.000000e+01
1.008970e+14,5.171048e+01
1.466219e+13,7.899546e+01
2.217319e+13,7.895184e+01
2.112895e+13,2.306252e+01
2.588301e+13,2.846779e+01
1.969856e+13,7.899446e+01
1.427506e+13,7.899774e+01
3.189918e+13,7.899675e+01
2.984861e+14,8.000000e+01
1.650622e+13,7.896915e+01
7.399217e+13,4.672562e+01
2.360169e+13,7.892884e+01
2.284619e+13,2.480422e+01
1.431039e+14,8.000000e+01
5.370824e+14,8.000000e+01
1.326577e+14,5.333207e+01
2.055622e+13,7.893259e+01
8.743793e+14,8.000000e+01
8.743793e+14,8.000000e+01
8.743793e+14,8.000000e+01
1.797956e+13,5.000000e+00
5.808130e+15,8.000000e+01
5.808130e+15,8.000000e+01
5.808130e+15,8.000000e+01
2.344109e+13,7.897204e+01
2.541679e+13,7.896952e+01
2.336183e+13,7.899703e+01
8.759096e+12,7.899732e+01
2.936200e+13,2.780715e+01
3.455530e+13,7.396335e+01
5.154240e+13,3.747659e+01
1.211025e+13,7.889127e+01
2.149770e+13,2.348293e+01
1.053901e+13,7.898889e+01
3.697676e+13,3.219143e+01
1.778654e+14,8.000000e+01
2.201172e+14,6.101957e+01
3.239297e+15,8.000000e+01
3.239297e+15,8.000000e+01
3.239297e+15,8.000000e+01
1.251318e+13,7.898538e+01
1.379055e+14,8.000000e+01
1.379055e+14,8.000000e+01
2.271359e+13,7.898281e+01
1.884207e+13,7.899261e+01
1.781038e+13,7.898819e+01
1.490043e+14,6.864702e+01
1.193960e+14,7.309136e+01
3.278000e+14,8.000000e+01
1.471874e+13,7.899430e+01
3.869946e+14,7.465288e+01
2.472916e+13,7.697897e+01
5.023097e+13,3.399319e+01
2.439765e+13,2.504445e+01
4.162451e+13,5.231107e+01
1.441424e+14,5.098978e+01
7.330067e+13,6.432280e+01
7.330067e+13,6.432280e+01
1.810700e+13,5.000000e+00
3.912841e+14,8.000000e+01
1.673666e+13,7.898835e+01
3.407806e+13,3.014943e+01
5.975066e+13,4.510403e+01
1.199903e+14,4.696585e+01
2.325367e+13,2.402345e+01
9.241637e+14,8.000000e+01
9.241637e+14,8.000000e+01
9.241637e+14,8.000000e+01
2.720271e+13,4.999965e+00
3.097955e+13,2.720656e+01
1.648989e+14,4.990872e+01
7.111657e+13,3.987893e+01
1.080065e+14,8.000000e+01
1.080065e+14,8.000000e+01
4.675079e+14,6.612456e+01
9.636846e+14,8.000000e+01
5.241725e+14,8.000000e+01
5.636472e+15,8.000000e+01
3.087729e+13,2.738674e+01
3.108084e+13,3.741653e+01
2.645597e+13,2.684621e+01
1.638043e+13,7.899841e+01
1.581523e+13,7.899711e+01
1.501685e+15,8.000000e+01
3.105026e+14,8.000000e+01
3.105026e+14,8.000000e+01
1.189794e+13,7.899884e+01
2.346842e+13,7.065098e+01
1.171897e+13,7.896854e+01
1.081727e+14,4.999876e+00
2.635968e+13,2.930861e+01
4.040073e+13,4.774661e+01
5.769732e+13,3.579495e+01
2.944805e+13,7.896076e+01
1.054932e+13,7.899442e+01
4.590691e+13,3.567483e+01
2.114107e+13,2.450392e+01
7.826309e+13,4.720609e+01
4.008256e+13,4.999674e+00
8.260819e+13,8.000000e+01
8.260819e+13,8.000000e+01
1.826313e+13,7.899612e+01
1.121779e+14,7.912463e+01
6.754668e+13,5.279154e+01
5.965965e+13,3.975882e+01
1.851900e+13,7.899728e+01
2.670085e+13,2.100000e+01
5.648387e+13,5.000009e+00
5.648387e+13,4.999984e+00
1.412156e+13,7.899489e+01
2.417655e+13,7.898801e+01
4.170181e+13,1.875564e+01
2.250046e+13,2.426369e+01
9.665222e+13,5.381254e+01
2.520368e+19,8.000000e+01
4.960894e+13,3.273196e+01
9.779746e+13,8.000000e+01
3.708585e+13,4.999768e+00
1.109586e+14,6.234086e+01
1.109586e+14,6.234086e+01
1.554020e+13,7.899413e+01
2.415509e+13,6.764178e+01
9.172757e+13,7.068901e+01
9.172757e+13,7.068901e+01
9.417846e+13,5.195072e+01
8.256634e+13,5.753617e+01
1.828979e+13,7.899651e+01
3.295139e+14,8.000000e+01
1.264079e+14,5.165043e+01
1.260492e+14,5.549418e+01
5.389161e+13,7.898884e+01
5.389161e+13,5.603471e+01
1.108029e+17,8.000000e+01
4.946592e+13,4.360257e+01
2.652515e+13,7.897980e+01
1.522731e+14,8.000000e+01
1.522731e+14,8.000000e+01
3.212941e+13,7.893954e+01
5.753121e+15,8.000000e+01
2.113675e+13,1.700000e+01
4.026957e+13,3.273196e+01
9.365380e+13,8.000000e+01
1.818514e+13,7.898577e+01
7.855529e+13,4.053958e+01
3.467229e+13,7.898978e+01
3.467229e+13,5.000002e+00
1.934926e+13,3.707007e+01
1.780695e+13,7.328294e+01
2.706267e+15,8.000000e+01
1.078762e+14,4.348245e+01
3.230683e+14,8.000000e+01
1.051833e+14,4.372269e+01
5.086337e+18,8.000000e+01
5.086337e+18,8.000000e+01
5.086337e+18,8.000000e+01
2.142709e+14,6.834673e+01
2.538057e+14,8.000000e+01
4.556374e+13,4.630521e+01
1.529602e+13,4.999592e+00
4.448446e+13,5.116996e+01
2.716077e+13,3.026955e+01
4.721304e+13,4.270169e+01
5.518284e+13,4.041946e+01
1.131806e+14,2.899326e+01
2.950075e+14,8.000000e+01
2.950075e+14,8.000000e+01
1.600497e+13,7.880982e+01
8.836157e+13,4.360257e+01
4.609154e+13,4.420315e+01
8.284188e+13,4.738626e+01
2.250592e+13,2.426369e+01
8.825894e+13,3.957864e+01
1.223175e+14,8.000000e+01
1.223175e+14,8.000000e+01
1.258460e+13,7.673468e+01
4.065483e+13,3.585500e+01
6.079711e+14,8.000000e+01
6.079711e+14,8.000000e+01
1.924131e+13,7.916455e+01
4.963108e+13,4.216116e+01
2.966006e+14,8.000000e+01
2.966006e+14,8.000000e+01
4.939968e+13,3.068996e+01
1.243233e+15,8.000000e+01
6.271551e+13,5.000019e+00
6.271551e+13,7.898645e+01
1.258364e+15,7.999810e+01
1.606381e+15,8.000000e+01
1.606381e+15,8.000000e+01
1.200037e+13,7.897663e+01
2.781580e+13,7.899381e+01
1.138811e+13,7.897302e+01
9.349054e+14,8.000000e+01
1.172610e+14,5.086966e+01
1.079408e+15,8.000000e+01
1.605493e+13,7.894725e+01
1.441741e+13,7.886699e+01
1.437985e+13,7.899725e+01
8.704476e+13,4.912796e+01
1.695663e+13,7.897810e+01
6.546844e+13,3.999905e+01
5.386936e+13,4.534427e+01
2.693055e+13,7.074355e+01
1.542097e+13,7.897808e+01
1.451297e+14,8.000000e+01
1.451297e+14,8.000000e+01
1.632355e+13,7.891490e+01
5.437860e+14,5.855717e+01
1.097919e+13,7.899145e+01
3.024001e+13,2.912844e+01
2.583765e+13,7.896273e+01
4.774516e+13,3.345266e+01
2.478154e+13,7.898171e+01
1.389816e+13,7.899102e+01
5.235937e+14,7.963775e+01
3.683028e+14,6.089945e+01
4.192355e+13,7.899472e+01
2.328795e+13,7.899714e+01
5.053577e+13,5.603471e+01
5.053577e+13,4.999998e+00
1.622093e+13,7.922746e+01
1.671480e+17,8.000000e+01
6.460596e+13,4.456351e+01
3.458897e+13,5.001311e+00
3.458897e+13,5.000103e+00
4.586643e+13,3.759670e+01
5.437416e+13,5.597465e+01
5.437416e+13,4.999997e+00
1.492122e+13,4.999983e+00
3.841433e+13,3.375295e+01
7.019715e+13,6.672514e+01
7.495149e+15,8.000000e+01
2.270943e+13,7.899646e+01
1.312301e+13,7.899299e+01
1.683610e+13,7.898837e+01
1.549902e+14,5.303177e+01
7.226590e+13,4.942826e+01
5.003201e+13,7.893324e+01
1.807257e+13,7.899321e+01
4.153746e+14,8.000000e+01
1.560919e+14,8.000000e+01
7.667573e+13,4.330228e+01
2.257133e+13,7.899438e+01
3.222843e+13,7.899524e+01
3.222843e+13,7.899853e+01
2.617017e+14,5.351224e+01
3.786851e+13,2.870803e+01
1.845211e+13,7.899587e+01
9.150889e+13,8.000000e+01
2.794872e+14,6.774614e+01
3.266216e+13,3.020949e+01
9.359531e+13,6.858696e+01
3.317836e+13,2.672609e+01
3.456489e+13,5.000117e+00
3.456489e+13,5.000005e+00
2.231164e+13,7.897389e+01
1.415271e+13,7.899659e+01
2.434946e+13,7.166673e+01
5.350051e+13,4.077981e+01
1.362681e+14,8.000000e+01
9.360741e+12,7.899766e+01
4.259999e+14,8.000000e+01
4.259999e+14,8.000000e+01
2.340618e+13,4.998147e+00
1.102962e+14,4.786673e+01
5.695325e+13,3.825735e+01
1.588703e+14,6.930766e+01
2.716448e+13,2.594533e+01
1.349947e+13,7.899333e+01
3.890326e+13,7.898745e+01
4.934290e+13,3.303225e+01
5.048222e+13,5.000013e+00
5.048222e+13,5.405277e+01
2.347313e+13,7.905562e+01
1.720787e+13,7.890280e+01
3.907364e+14,8.000000e+01
2.946780e+13,7.898675e+01
4.573659e+14,7.026860e+01
4.731812e+16,8.000000e+01
4.731812e+16,8.000000e+01
4.731812e+16,8.000000e+01
2.484187e+13,7.899344e+01
5.138125e+13,3.717629e+01
2.228195e+13,7.794297e+01
7.577259e+14,7.038872e+01
1.874259e+13,7.924873e+01
8.793359e+13,4.222122e+01
1.487910e+13,7.898122e+01
1.202645e+14,7.633452e+01
3.436522e+14,8.000000e+01
3.436522e+14,8.000000e+01
3.436522e+14,8.000000e+01
4.129770e+13,7.899449e+01
3.947421e+14,8.000000e+01
3.184612e+13,3.056984e+01
1.173873e+14,8.000000e+01
9.709012e+12,7.899850e+01
2.299403e+13,7.781180e+01
1.303966e+13,7.898654e+01
5.608029e+13,4.095999e+01
2.327840e+13,2.708644e+01
1.189456e+13,7.899584e+01
1.876396e+13,7.899338e+01
6.101681e+14,8.000000e+01
1.058978e+13,7.898893e+01
1.103338e+14,5.519781e+01
1.103338e+14,7.939751e+01
1.285186e+13,7.899746e+01
5.320157e+13,3.837747e+01
1.565019e+14,4.540433e+01
8.837441e+12,7.897934e+01
9.472599e+13,6.162016e+01
2.261667e+14,6.432280e+01
2.190535e+13,4.999738e+00
5.294627e+13,3.693606e+01
4.375267e+15,8.000000e+01
1.078425e+14,4.732620e+01
7.662553e+13,4.264163e+01
1.373280e+14,6.282133e+01
3.031554e+13,7.476807e+01
2.938087e+13,3.297219e+01
1.711332e+13,7.899810e+01
1.786372e+13,4.999289e+00
1.831808e+18,8.000000e+01
2.216641e+13,7.899169e+01
7.272803e+13,4.456351e+01
1.131243e+14,5.519388e+01
3.252658e+13,7.899171e+01
1.733589e+14,8.000000e+01
1.733589e+14,8.000000e+01
2.169104e+13,7.899069e+01
1.273978e+13,7.897134e+01
4.510677e+14,8.000000e+01
1.419741e+14,8.000000e+01
1.419741e+14,8.000000e+01
6.004330e+14,8.000000e+01
1.057162e+13,7.899235e+01
2.061991e+13,7.899630e+01
2.965267e+13,3.291213e+01
3.578998e+13,2.900832e+01
1.037709e+14,5.663529e+01
1.037709e+14,5.663529e+01
1.782882e+13,7.899406e+01
3.334226e+13,2.996926e+01
3.494875e+13,3.075002e+01
9.265306e+13,4.636527e+01
4.139687e+13,3.843753e+01
2.212715e+13,5.218737e+01
1.717990e+14,6.510356e+01
2.647496e+13,7.899520e+01
2.534886e+13,4.999584e+00
2.366991e+14,6.222074e+01
1.284532e+14,4.780667e+01
2.160282e+13,7.875626e+01
6.381011e+13,3.969876e+01
5.358703e+13,3.783694e+01
3.818638e+13,7.899529e+01
3.617416e+13,2.100000e+01
2.498435e+13,7.898435e+01
1.037008e+15,8.000000e+01
1.037008e+15,8.000000e+01
4.385361e+13,5.110990e+01
3.657348e+13,6.052669e+01
3.794588e+13,7.891001e+01
1.301581e+13,7.897465e+01
3.513863e+13,3.267190e+01
9.855413e+13,8.000000e+01
9.855413e+13,7.899860e+01
9.855413e+13,8.000000e+01
4.936452e+14,8.000000e+01
1.133557e+13,7.899673e+01
2.356768e+13,2.624562e+01
2.668257e+14,6.198051e+01
2.194881e+13,2.384328e+01
1.252678e+15,8.000000e+01
1.184580e+15,8.000000e+01
1.184580e+15,8.000000e+01
1.498132e+13,7.899643e+01
2.382161e+14,6.804643e+01
2.417506e+13,7.711335e+01
7.675889e+13,4.528421e+01
4.378798e+13,7.898948e+01
4.378798e+13,7.899823e+01
2.391936e+15,8.000000e+01
4.278306e+13,3.543459e+01
1.100638e+13,4.999830e+00
2.153594e+13,7.893961e+01
2.345711e+13,2.684621e+01
6.457187e+13,5.056937e+01
4.500278e+14,8.000000e+01
4.951980e+14,8.000000e+01
4.951980e+14,8.000000e+01
2.929736e+13,2.834768e+01
3.495256e+13,2.738674e+01
2.576968e+13,2.798732e+01
5.566205e+15,8.000000e+01
5.566205e+15,8.000000e+01
1.578895e+13,7.899578e+01
2.034628e+13,7.874522e+01
2.546674e+14,8.000000e+01
2.293416e+13,7.899475e+01
5.195920e+13,3.351272e+01
7.046982e+13,7.899387e+01
4.151878e+13,4.684573e+01
6.245962e+14,8.000000e+01
6.245962e+14,8.000000e+01
2.257804e+13,2.654592e+01
5.585837e+13,7.928916e+01
5.585837e+13,7.921177e+01
1.701856e+13,7.897074e+01
1.814597e+13,7.898731e+01
1.493017e+13,7.899257e+01
6.840811e+13,5.603471e+01
3.989892e+13,3.435354e+01
2.785821e+13,7.887763e+01
1.667999e+13,7.899390e+01
3.988030e+13,3.783694e+01
6.033567e+13,4.930814e+01
1.066800e+13,7.899700e+01
1.263508e+13,7.899556e+01
4.374154e+13,3.513430e+01
1.320398e+13,7.898869e+01
1.319979e+14,6.348198e+01
1.584525e+14,8.000000e+01
1.193849e+13,7.899611e+01
5.909993e+13,6.354203e+01
1.240649e+13,7.899301e+01
4.419774e+13,4.240140e+01
1.469421e+13,7.899509e+01
2.831428e+13,2.678615e+01
1.365054e+13,7.899643e+01
1.415589e+13,7.895314e+01
1.746466e+15,8.000000e+01
1.805225e+14,8.000000e+01
1.805225e+14,8.000000e+01
1.863948e+14,8.000000e+01
1.049974e+14,8.000000e+01
1.629875e+14,8.000000e+01
3.465418e+13,3.495412e+01
1.100633e+14,7.899379e+01
1.100633e+14,7.899740e+01
6.524872e+13,3.591506e+01
9.267099e+13,6.774614e+01
6.489586e+13,3.675588e+01
5.236290e+14,6.131987e+01
7.881104e+13,4.360257e+01
1.341461e+15,8.000000e+01
9.917714e+13,4.999961e+00
9.917714e+13,8.000000e+01
2.909448e+13,7.899002e+01
4.379387e+13,4.684573e+01
2.799601e+13,3.417336e+01
1.083022e+14,8.000000e+01
9.202929e+13,5.092972e+01
1.584185e+13,7.899745e+01
5.304403e+14,4.240140e+01
8.258090e+13,8.000000e+01
2.230672e+13,7.892824e+01
1.905160e+13,7.899708e+01
1.037863e+14,4.792679e+01
6.123042e+13,2.768703e+01
1.059337e+13,6.505154e+01
1.768537e+13,7.893323e+01
2.811211e+13,7.898522e+01
9.140527e+13,7.044878e+01
9.140527e+13,7.044878e+01
4.064119e+14,8.000000e+01
4.064119e+14,8.000000e+01
1.464477e+13,7.899337e+01
1.756892e+14,8.000000e+01
1.756892e+14,8.000000e+01
1.050979e+14,5.585453e+01
3.176147e+14,8.000000e+01
2.632285e+13,2.726662e+01
1.248491e+13,7.899847e+01
3.518823e+14,6.540385e+01
2.523284e+13,7.899476e+01
2.054704e+15,8.000000e+01
2.054704e+15,8.000000e+01
4.237689e+14,8.000000e+01
2.294534e+13,7.890393e+01
1.686393e+14,8.000000e+01
2.564255e+15,8.000000e+01
4.233442e+13,7.899373e+01
7.331163e+13,7.899694e+01
1.291255e+13,7.706868e+01
9.365083e+14,8.000000e+01
9.615472e+12,6.285025e+01
1.091563e+14,6.510356e+01
4.836988e+13,3.345266e+01
1.789091e+13,7.899476e+01
3.104143e+13,7.847913e+01
2.496955e+15,8.000000e+01
1.006251e+14,6.432280e+01
1.006251e+14,6.432280e+01
2.039879e+13,7.899010e+01
4.545140e+13,3.951858e+01
5.342678e+13,4.624515e+01
3.211055e+13,2.846779e+01
7.749586e+13,4.198099e+01
2.639248e+13,7.898834e+01
9.339168e+13,4.582474e+01
1.221424e+13,7.899689e+01
4.568324e+13,7.927916e+01
3.114135e+14,8.000000e+01
3.415970e+13,7.896839e+01
1.547919e+14,7.351177e+01
9.943697e+13,4.005911e+01
2.311371e+14,8.000000e+01
2.311371e+14,8.000000e+01
1.896607e+13,7.899515e+01
6.624292e+14,8.000000e+01
1.118078e+14,4.372269e+01
1.571872e+13,4.898666e+01
2.595304e+13,7.896494e+01
9.476611e+13,6.858696e+01
2.307051e+14,6.576420e+01
5.603484e+13,4.258157e+01
2.168111e+13,7.899507e+01
3.282451e+13,7.898910e+01
1.589935e+13,7.899619e+01
3.272431e+13,2.912844e+01
1.079459e+14,2.294398e+01
4.556876e+14,8.000000e+01
2.188829e+13,7.891265e+01
2.304603e+13,4.998665e+00
1.725158e+14,8.000000e+01
9.527945e+13,4.456351e+01
1.703577e+13,4.999789e+00
3.119619e+13,4.999961e+00
4.180776e+13,3.789700e+01
2.470474e+14,5.375248e+01
1.242306e+14,5.825687e+01
2.073780e+13,7.899187e+01
1.248274e+13,7.899792e+01
1.461075e+13,7.899580e+01
1.340232e+13,7.899823e+01
5.997475e+12,7.899908e+01
2.116894e+14,8.000000e+01
2.116894e+14,8.000000e+01
2.116894e+14,8.000000e+01
1.078454e+14,4.366263e+01
3.211413e+13,2.852785e+01
2.763126e+14,6.101957e+01
1.447208e+13,7.898659e+01
3.675058e+13,3.177102e+01
1.877911e+14,6.648491e+01
2.325853e+14,8.000000e+01
2.325853e+14,8.000000e+01
2.293191e+13,7.888390e+01
9.398817e+13,6.107963e+01
1.498895e+13,7.898900e+01
1.468004e+13,7.895726e+01
9.227369e+13,4.492386e+01
1.703292e+13,7.899437e+01
2.534895e+14,8.000000e+01
3.463210e+13,2.697757e+01
2.651895e+13,7.899431e+01
3.257780e+13,3.417336e+01
1.534319e+13,7.899845e+01
6.050627e+13,4.120022e+01
2.307867e+15,8.000000e+01
2.307867e+15,8.000000e+01
1.409053e+13,7.899110e+01
5.231283e+13,4.378274e+01
8.094473e+13,4.642532e+01
2.165896e+13,7.899481e+01
9.262989e+13,3.705960e+01
9.778068e+13,4.996878e+01
1.522737e+14,7.951763e+01
2.243166e+14,5.309183e+01
1.668719e+13,7.843899e+01
2.208637e+14,7.002837e+01
3.434172e+13,7.898974e+01
2.912191e+13,4.138040e+01
1.362093e+13,7.898522e+01
4.565665e+13,3.417336e+01
2.951709e+13,2.106301e+01
1.046850e+14,8.000000e+01
3.299874e+13,3.225149e+01
2.292807e+14,8.000000e+01
2.292807e+14,8.000000e+01
2.292807e+14,8.000000e+01
1.094800e+13,7.899537e+01
8.328636e+17,8.000000e+01
8.328636e+17,8.000000e+01
3.482268e+13,3.693558e+01
9.984224e+13,5.195072e+01
5.911494e+13,7.899929e+01
5.911494e+13,7.899883e+01
4.006374e+13,3.753665e+01
2.102641e+14,8.000000e+01
2.102641e+14,8.000000e+01
7.875289e+13,4.888773e+01
8.674187e+13,4.966849e+01
2.299395e+13,7.864707e+01
1.383775e+14,5.411283e+01
3.580155e+13,2.846779e+01
1.878071e+14,8.000000e+01
4.089663e+14,8.000000e+01
2.642280e+13,7.897889e+01
9.331878e+14,6.576420e+01
1.471802e+14,8.000000e+01
1.471802e+14,5.000006e+00
4.828862e+13,7.899781e+01
1.439877e+14,8.000000e+01
1.373832e+13,7.896051e+01
2.634717e+13,7.897619e+01
1.560919e+13,7.899239e+01
3.178758e+13,2.666603e+01
4.906303e+15,8.000000e+01
4.906303e+15,8.000000e+01
2.300969e+13,3.894378e+01
3.812187e+13,3.297219e+01
3.667199e+13,4.120022e+01
4.622769e+13,4.414310e+01
2.322330e+13,7.929755e+01
1.727675e+13,7.899520e+01
2.712122e+13,5.000153e+00
4.891754e+13,3.489407e+01
1.456500e+13,7.899627e+01
1.050775e+14,5.135013e+01
1.202169e+14,5.189066e+01
1.371094e+14,5.897758e+01
2.506824e+13,2.702639e+01
2.024563e+14,6.666508e+01
9.211537e+13,8.000000e+01
2.848258e+13,7.883146e+01
3.898680e+13,3.099026e+01
3.796611e+13,7.899763e+01
1.186473e+14,5.843705e+01
1.670605e+14,7.483306e+01
8.668911e+13,4.077981e+01
2.026545e+14,8.000000e+01
2.026545e+14,8.000000e+01
2.026545e+14,8.000000e+01
2.262762e+13,2.564504e+01
3.047758e+13,7.899841e+01
3.013802e+13,1.697109e+01
5.864003e+13,3.909817e+01
2.099001e+13,7.899769e+01
7.770062e+13,3.498149e+01
2.581146e+13,7.893968e+01
5.549732e+13,3.597512e+01
1.317245e+13,7.898359e+01
6.845021e+13,3.975882e+01
9.311838e+13,5.999858e+01
2.489491e+13,2.120070e+01
3.193101e+14,8.000000e+01
8.232647e+13,4.053958e+01
1.351233e+13,7.899528e+01
6.636332e+13,5.681547e+01
7.232599e+13,6.630473e+01
1.709020e+13,7.893184e+01
9.353970e+12,7.899623e+01
2.988654e+13,3.141067e+01
1.326996e+13,4.106886e+01
2.024253e+14,6.360209e+01
8.800119e+13,5.783646e+01
7.379363e+14,8.000000e+01
3.285461e+13,7.891906e+01
1.889062e+14,5.447318e+01
1.515136e+14,5.351224e+01
3.382630e+13,2.996926e+01
1.139984e+14,5.068949e+01
1.807979e+14,5.123001e+01
4.104195e+13,4.942826e+01
2.726523e+13,7.889571e+01
4.377900e+13,3.945852e+01
1.180159e+14,8.000000e+01
1.180159e+14,8.000000e+01
3.089134e+13,2.708644e+01
1.850062e+13,7.899300e+01
3.653465e+13,3.621536e+01
5.332755e+14,8.000000e+01
1.089597e+13,7.899101e+01
1.514883e+13,7.899488e+01
3.660413e+14,8.000000e+01
5.663074e+13,5.477347e+01
1.533361e+13,7.898964e+01
1.530643e+13,7.899533e+01
1.797275e+13,7.899322e+01
1.480724e+13,7.899706e+01
2.984708e+13,5.000049e+00
2.984708e+13,4.999955e+00
1.532857e+13,7.899661e+01
1.339908e+13,7.899866e+01
1.714701e+13,6.688914e+01
1.230084e+14,4.840726e+01
4.082809e+13,3.747659e+01
4.426680e+13,4.792679e+01
1.905861e+13,7.899257e+01
9.659319e+13,7.020854e+01
1.202739e+14,7.873687e+01
1.202739e+14,7.873687e+01
2.360222e+13,7.899545e+01
1.157238e+13,7.899837e+01
5.473210e+14,6.720561e+01
3.831896e+14,8.000000e+01
3.831896e+14,8.000000e+01
1.393514e+14,7.465288e+01
4.587538e+14,8.000000e+01
3.235784e+14,8.000000e+01
1.411329e+13,7.899075e+01
1.849428e+14,8.000000e+01
1.849428e+14,8.000000e+01
1.849428e+14,8.000000e+01
2.427402e+13,7.899829e+01
1.362148e+13,7.875299e+01
2.717636e+14,6.342192e+01
1.532465e+13,7.899526e+01
1.297552e+14,6.894731e+01
1.297552e+14,6.894731e+01
1.268024e+14,4.726614e+01
1.011243e+14,4.810697e+01
1.031644e+13,7.899814e+01
2.113325e+13,7.704723e+01
2.732089e+14,8.000000e+01
2.732089e+14,8.000000e+01
2.938191e+14,8.000000e+01
2.938191e+14,8.000000e+01
2.938191e+14,8.000000e+01
2.938191e+14,8.000000e+01
7.036981e+13,3.669583e+01
1.047906e+13,7.103922e+01
1.748926e+13,7.896779e+01
2.549493e+13,2.780715e+01
1.233828e+13,4.999239e+00
2.880594e+13,4.091227e+01
7.363128e+13,5.237113e+01
2.532342e+13,2.942873e+01
2.202169e+13,2.474416e+01
5.566583e+13,2.881449e+01
1.136755e+14,4.126028e+01
3.712034e+13,3.032961e+01
1.490583e+14,4.954837e+01
1.616420e+13,7.898720e+01
3.507342e+13,2.942873e+01
1.369726e+13,7.898705e+01
1.672701e+15,8.000000e+01
1.672701e+15,8.000000e+01
1.672701e+15,8.000000e+01
3.837897e+13,3.627541e+01
3.149328e+13,7.896445e+01
1.112508e+14,7.351177e+01
3.870033e+13,3.609524e+01
1.657362e+13,2.099897e+01
3.717488e+13,3.981887e+01
1.753629e+14,5.267142e+01
5.796764e+13,3.591506e+01
5.039900e+13,3.495412e+01
2.696601e+13,3.201125e+01
1.940549e+13,7.687515e+01
6.421651e+13,3.429348e+01
1.958137e+13,7.898071e+01
1.027156e+14,5.543412e+01
4.247812e+14,8.000000e+01
4.247812e+14,8.000000e+01
1.091497e+14,4.366263e+01
8.466265e+13,5.411283e+01
5.745945e+13,4.774661e+01
1.509931e+14,8.000000e+01
9.831877e+13,5.495365e+01
3.969651e+13,3.513430e+01
1.614532e+13,7.899136e+01
2.817197e+14,8.000000e+01
3.642683e+13,7.897626e+01
2.836163e+13,3.050979e+01
1.807059e+14,5.098978e+01
2.308841e+13,7.898243e+01
1.762123e+13,7.899599e+01
4.687643e+13,3.651565e+01
9.395627e+13,7.899819e+01
2.226755e+14,6.005863e+01
6.496944e+14,8.000000e+01
2.124693e+13,7.899529e+01
1.607135e+14,6.582426e+01
2.285883e+13,7.899267e+01
2.784726e+13,7.899569e+01
1.063966e+13,7.899839e+01
2.017955e+13,2.336281e+01
5.445190e+13,4.029934e+01
1.089975e+14,4.708597e+01
3.431118e+13,3.357278e+01
6.945088e+13,5.561430e+01
1.258283e+17,8.000000e+01
3.723497e+14,8.000000e+01
3.723497e+14,8.000000e+01
4.067272e+13,3.459377e+01
4.528142e+13,4.384280e+01
5.706568e+13,3.585500e+01
1.688942e+13,7.891166e+01
1.982140e+13,7.887967e+01
5.627019e+13,3.549465e+01
9.553153e+13,8.000000e+01
5.691410e+13,5.909770e+01
2.544592e+13,7.899674e+01
1.104117e+13,7.898416e+01
2.977141e+13,7.898486e+01
2.234340e+13,7.899618e+01
1.271571e+14,5.639506e+01
3.592588e+13,7.897440e+01
4.737259e+13,4.180081e+01
1.178815e+14,6.089945e+01
6.427433e+13,3.933841e+01
6.459345e+13,4.198099e+01
1.471832e+14,8.000000e+01
1.471832e+14,8.000000e+01
1.471832e+14,8.000000e+01
3.778559e+13,3.537454e+01
2.590135e+13,7.899703e+01
1.565161e+15,8.000000e+01
1.565161e+15,8.000000e+01
4.270428e+13,3.477395e+01
3.967561e+13,7.899723e+01
1.941918e+13,7.899290e+01
6.183207e+13,4.756644e+01
1.166113e+13,7.484772e+01
6.370924e+13,3.759670e+01
1.782561e+13,7.908926e+01
1.671847e+13,7.898657e+01
6.726016e+13,4.540433e+01
2.862878e+13,4.999426e+00
2.137799e+13,7.899667e+01
2.174149e+13,7.899869e+01
1.653968e+13,7.897794e+01
3.232343e+13,3.771682e+01
8.288284e+14,8.000000e+01
4.532820e+13,4.576468e+01
1.841866e+13,7.896042e+01
6.597461e+13,4.876761e+01
1.147612e+14,4.444339e+01
4.217671e+13,7.899704e+01
1.418085e+14,6.642485e+01
2.718596e+14,7.891704e+01
9.776605e+13,6.330180e+01
9.776605e+13,6.330180e+01
1.518398e+15,8.000000e+01
1.518398e+15,8.000000e+01
5.115726e+13,4.023928e+01
1.795062e+14,8.000000e+01
1.795062e+14,8.000000e+01
1.329486e+14,8.000000e+01
1.329486e+14,8.000000e+01
1.329486e+14,8.000000e+01
6.954629e+13,7.898896e+01
6.954629e+13,7.895485e+01
1.067183e+14,5.098978e+01
1.352917e+13,7.899754e+01
1.394859e+13,7.898573e+01
2.980173e+14,8.000000e+01
1.147062e+13,7.899769e+01
2.107989e+14,8.000000e+01
6.009299e+13,3.897805e+01
7.672317e+13,6.792631e+01
5.296904e+13,4.174075e+01
2.932478e+13,2.906838e+01
1.420922e+13,4.999856e+00
1.060490e+14,8.000000e+01
1.060490e+14,8.000000e+01
1.596609e+13,7.899025e+01
1.145207e+13,7.899821e+01
4.870834e+13,3.585500e+01
1.965152e+13,7.896727e+01
1.279855e+14,5.879740e+01
3.999693e+14,7.116948e+01
1.409785e+13,7.899364e+01
8.209287e+13,7.899702e+01
8.209287e+13,5.000014e+00
8.209287e+13,8.000000e+01
1.110431e+14,4.047952e+01
1.230972e+13,7.856306e+01
5.729379e+13,5.615482e+01
4.325619e+13,3.303225e+01
6.677346e+13,7.899716e+01
2.989902e+13,2.882814e+01
8.408486e+13,5.915775e+01
2.147523e+13,7.899488e+01
1.392997e+13,7.897013e+01
2.965937e+13,2.840773e+01
8.216189e+13,4.942826e+01
5.071473e+14,8.000000e+01
2.671271e+13,7.894687e+01
1.962054e+13,7.899099e+01
2.166414e+13,4.999909e+00
7.790764e+13,4.360257e+01
2.588906e+13,2.528468e+01
2.092589e+14,7.837652e+01
8.578804e+13,7.092925e+01
1.442704e+14,4.756644e+01
2.642716e+14,7.729546e+01
1.783649e+13,7.899581e+01
6.339583e+13,4.762650e+01
2.531901e+13,7.897109e+01
4.617347e+13,5.561430e+01
4.617347e+13,5.000004e+00
6.115178e+13,3.495412e+01
2.408202e+14,6.840678e+01
2.364250e+13,7.897963e+01
3.697741e+13,3.441360e+01
5.255543e+13,4.954837e+01
1.679866e+15,8.000000e+01
1.679866e+15,8.000000e+01
1.679866e+15,8.000000e+01
3.515245e+19,8.000000e+01
2.302244e+14,6.984819e+01
2.302244e+14,6.984819e+01
1.087913e+14,4.966849e+01
5.261837e+14,8.000000e+01
1.995280e+13,7.899332e+01
1.257594e+13,7.899567e+01
3.638870e+14,5.645512e+01
2.805573e+13,2.732668e+01
6.772545e+13,3.867776e+01
2.372990e+13,7.899346e+01
3.252030e+13,3.038967e+01
4.874220e+14,8.000000e+01
4.874220e+14,8.000000e+01
2.397453e+14,5.729594e+01
3.228370e+14,8.000000e+01
2.641410e+13,7.896985e+01
2.433456e+14,6.162016e+01
1.198676e+15,8.000000e+01
1.931266e+13,7.887388e+01
3.275107e+14,8.000000e+01
3.275107e+14,8.000000e+01
1.539162e+14,8.000000e+01
1.187660e+14,8.000000e+01
1.928518e+14,8.000000e+01
1.928518e+14,8.000000e+01
1.928518e+14,8.000000e+01
6.992662e+13,5.999858e+01
1.593706e+13,3.099526e+01
1.246839e+13,7.899666e+01
2.923731e+13,2.816750e+01
1.328261e+13,7.898382e+01
3.563144e+13,3.249172e+01
3.578552e+13,2.816750e+01
4.867371e+13,7.899720e+01
4.502793e+13,3.423342e+01
3.465806e+13,7.899405e+01
1.929270e+13,7.898330e+01
1.330546e+13,7.899565e+01
2.089735e+13,7.896385e+01
6.877740e+13,7.896024e+01
3.115072e+13,3.291213e+01
7.101459e+13,4.492386e+01
4.929678e+13,5.987846e+01
5.096233e+13,3.387307e+01
1.244644e+14,8.000000e+01
1.244644e+14,8.000000e+01
2.931510e+13,2.684621e+01
1.781364e+13,7.910462e+01
2.066108e+13,2.354298e+01
1.566174e+14,8.000000e+01
1.522699e+20,8.000000e+01
1.522699e+20,8.000000e+01
1.522699e+20,8.000000e+01
1.522699e+20,8.000000e+01
1.522699e+20,8.000000e+01
1.522699e+20,8.000000e+01
1.576435e+15,8.000000e+01
1.576435e+15,8.000000e+01
1.576435e+15,8.000000e+01
1.576435e+15,8.000000e+01
1.515713e+14,8.000000e+01
1.515713e+14,8.000000e+01
3.453388e+13,7.898024e+01
1.136667e+13,7.899758e+01
3.879508e+13,7.301303e+01
3.879508e+13,7.900000e+01
3.197403e+14,8.000000e+01
3.197403e+14,8.000000e+01
3.197403e+14,8.000000e+01
3.197403e+14,8.000000e+01
2.250743e+13,7.898426e+01
4.757929e+13,4.924808e+01
4.757929e+13,4.924808e+01
2.048667e+13,7.899868e+01
3.137474e+13,2.816750e+01
4.330072e+14,8.000000e+01
1.503351e+13,7.898682e+01
3.167191e+13,3.327248e+01
8.794580e+13,7.459282e+01
8.794580e+13,7.459282e+01
1.670481e+14,8.000000e+01
1.670481e+14,8.000000e+01
6.307465e+13,7.898583e+01
1.393038e+13,7.899775e+01
1.251142e+13,7.899737e+01
1.339445e+14,8.000000e+01
1.339445e+14,8.000000e+01
1.646316e+14,4.960843e+01
1.702475e+13,7.898869e+01
1.993681e+14,8.000000e+01
2.416073e+14,8.000000e+01
2.416073e+14,8.000000e+01
5.017421e+13,3.501418e+01
4.723416e+13,5.885746e+01
1.439344e+14,5.429301e+01
9.089140e+13,5.759623e+01
1.043507e+15,8.000000e+01
1.043507e+15,8.000000e+01
1.043507e+15,8.000000e+01
1.780481e+14,8.000000e+01
1.780481e+14,8.000000e+01
2.506137e+13,7.933248e+01
1.002676e+13,7.898954e+01
5.048274e+13,7.898238e+01
8.392490e+13,4.144046e+01
6.766182e+13,4.408304e+01
4.795642e+13,4.564456e+01
1.506794e+14,5.711576e+01
3.198511e+13,3.026955e+01
2.882327e+13,3.351272e+01
5.210231e+13,5.897758e+01
2.229913e+13,2.396339e+01
2.202893e+13,4.070982e+01
2.598544e+14,8.000000e+01
1.503478e+14,8.000000e+01
1.164549e+13,4.999700e+00
1.657214e+13,7.899589e+01
3.143617e+13,3.561477e+01
2.418707e+13,7.894426e+01
1.169420e+13,7.898926e+01
5.283749e+14,8.000000e+01
5.283749e+14,8.000000e+01
4.740427e+13,3.897805e+01
2.577055e+13,2.546486e+01
3.574063e+13,3.129055e+01
1.823233e+13,7.899466e+01
2.948164e+14,8.000000e+01
2.948164e+14,8.000000e+01
4.934792e+13,5.261136e+01
7.608408e+13,5.153031e+01
2.974597e+13,7.899201e+01
3.535683e+13,2.954885e+01
1.057850e+14,8.000000e+01
1.090324e+14,7.898902e+01
3.151996e+13,7.896513e+01
9.064159e+13,4.366263e+01
4.531612e+13,7.899139e+01
2.375320e+13,2.660597e+01
1.536145e+13,2.498403e+01
4.469583e+13,3.435354e+01
3.069996e+13,3.105031e+01
1.938811e+13,7.899675e+01
1.006959e+14,4.192093e+01
2.909204e+13,4.999900e+00
3.655406e+13,7.893169e+01
6.650193e+13,4.912796e+01
1.123990e+13,7.899838e+01
4.280773e+14,8.000000e+01
4.280773e+14,8.000000e+01
1.272354e+14,7.411235e+01
6.550587e+13,4.816702e+01
6.969150e+13,7.899185e+01
6.969150e+13,7.898731e+01
3.013050e+13,3.567483e+01
3.149738e+13,3.699612e+01
4.378673e+13,4.564456e+01
1.824413e+15,8.000000e+01
1.824413e+15,8.000000e+01
1.824413e+15,8.000000e+01
1.072409e+14,5.951811e+01
7.421147e+13,6.708549e+01
4.834844e+13,3.723635e+01
1.171945e+13,7.899724e+01
2.643490e+13,2.840773e+01
4.233446e+13,4.264163e+01
2.738499e+13,7.899469e+01
1.183925e+16,8.000000e+01
1.183925e+16,8.000000e+01
1.183925e+16,8.000000e+01
5.328849e+13,5.008890e+01
5.138152e+13,3.753665e+01
1.474512e+13,7.899245e+01
1.221537e+14,6.864702e+01
4.419330e+13,4.029934e+01
2.019836e+14,6.762602e+01
6.594856e+13,3.513430e+01
1.855190e+13,7.899574e+01
3.383834e+13,3.062990e+01
1.741138e+13,6.119216e+01
2.063429e+13,7.899649e+01
4.102367e+13,3.627541e+01
1.217639e+15,8.000000e+01
3.149068e+13,3.105031e+01
1.714723e+13,7.898929e+01
1.262963e+13,7.899738e+01
9.974718e+13,5.171048e+01
2.068553e+14,8.000000e+01
2.068553e+14,8.000000e+01
3.436485e+13,7.880498e+01
3.436485e+13,5.000156e+00
5.422792e+13,4.071975e+01
3.665962e+13,3.297821e+01
3.545990e+13,4.999983e+00
4.442404e+15,8.000000e+01
4.442404e+15,8.000000e+01
4.255257e+13,3.759670e+01
1.562821e+13,7.898050e+01
1.529908e+13,7.899709e+01
3.888683e+13,3.201125e+01
1.275095e+14,7.831646e+01
1.275095e+14,7.831646e+01
4.322181e+13,7.896680e+01
1.936814e+13,7.899818e+01
8.895979e+14,8.000000e+01
8.707173e+13,4.071975e+01
5.997113e+13,4.186087e+01
3.379514e+13,3.615530e+01
1.229893e+13,7.892206e+01
1.122807e+14,4.978861e+01
1.081821e+14,8.000000e+01
1.081821e+14,8.000000e+01
1.999964e+13,7.899618e+01
5.800957e+13,3.741653e+01
8.705542e+12,7.896872e+01
1.737836e+13,7.899811e+01
5.956552e+13,3.795706e+01
4.838174e+13,3.459377e+01
3.174722e+13,3.099026e+01
7.030991e+15,8.000000e+01
7.254851e+14,8.000000e+01
1.679397e+14,8.000000e+01
1.679397e+14,8.000000e+01
1.892613e+14,8.000000e+01
4.331476e+13,4.402298e+01
4.505118e+14,8.000000e+01
4.505118e+14,8.000000e+01
4.505118e+14,8.000000e+01
2.277711e+13,7.893434e+01
3.451021e+13,3.759670e+01
1.365965e+13,7.899658e+01
2.466309e+14,8.000000e+01
2.466309e+14,8.000000e+01
2.350723e+14,6.318168e+01
1.221592e+13,7.898563e+01
9.812829e+14,7.363189e+01
7.604836e+13,5.531400e+01
4.206665e+13,3.165090e+01
1.734241e+13,4.999743e+00
4.456400e+13,5.000036e+00
1.025317e+16,8.000000e+01
1.025317e+16,8.000000e+01
2.537683e+13,7.893388e+01
4.068919e+13,3.159084e+01
1.606740e+13,7.899750e+01
4.138426e+13,2.894826e+01
1.408135e+13,7.888985e+01
3.884217e+13,3.165090e+01
3.392714e+13,3.753665e+01
2.178613e+14,7.567388e+01
4.123622e+13,3.219143e+01
2.732819e+14,8.000000e+01
1.573639e+13,7.894681e+01
2.266142e+14,8.000000e+01
3.992200e+13,3.183108e+01
9.886989e+13,2.700000e+01
2.536911e+13,4.998666e+00
1.467293e+14,5.399271e+01
8.715399e+13,8.000000e+01
2.310035e+13,7.899436e+01
7.329518e+13,4.996878e+01
2.373650e+13,7.899584e+01
3.482747e+13,3.002932e+01
2.329184e+14,6.786626e+01
2.335985e+13,4.997901e+00
1.334005e+14,6.077934e+01
3.913119e+13,7.886293e+01
2.372586e+13,7.898644e+01
1.213961e+13,7.895333e+01
2.091085e+13,3.692887e+01
4.435526e+13,4.462357e+01
1.029932e+14,6.113969e+01
2.756784e+13,7.894342e+01
1.223985e+14,4.702591e+01
9.815563e+12,7.899199e+01
4.888756e+13,3.735647e+01
3.709589e+13,4.168069e+01
2.297087e+14,8.000000e+01
8.148616e+13,3.825735e+01
1.685323e+13,7.899223e+01
3.642468e+13,3.807717e+01
9.089566e+13,5.957816e+01
2.439820e+13,7.897762e+01
2.225263e+13,7.892356e+01
1.933458e+14,8.000000e+01
1.933458e+14,8.000000e+01
1.933458e+14,8.000000e+01
1.933458e+14,4.999967e+00
4.191086e+13,4.696585e+01
5.633672e+13,4.174075e+01
1.268508e+14,5.309183e+01
3.613105e+13,3.002932e+01
7.420799e+13,5.237113e+01
2.298580e+13,2.348293e+01
1.162603e+14,5.945805e+01
1.668038e+13,7.899365e+01
2.277620e+13,7.899489e+01
5.441954e+13,5.471342e+01
5.337851e+14,8.000000e+01
5.337851e+14,8.000000e+01
4.647646e+13,3.789700e+01
1.201829e+18,8.000000e+01
9.809452e+12,7.899595e+01
1.638300e+14,7.898830e+01
1.638300e+14,5.000000e+00
2.030277e+13,7.899436e+01
1.870956e+13,2.299500e+01
1.038128e+14,6.546391e+01
1.915629e+14,5.777641e+01
1.250292e+13,7.899744e+01
1.072428e+14,6.822661e+01
1.604532e+13,7.899673e+01
1.233704e+18,8.000000e+01
1.233704e+18,8.000000e+01
1.233704e+18,8.000000e+01
1.673856e+13,7.880544e+01
3.352235e+13,7.896517e+01
3.545812e+13,3.008938e+01
1.847417e+13,7.899576e+01
3.843509e+13,3.147072e+01
1.139958e+13,7.899850e+01
1.441993e+15,8.000000e+01
1.441993e+15,8.000000e+01
3.408955e+13,3.231155e+01
1.081503e+14,7.086919e+01
2.004222e+13,2.270216e+01
1.709271e+13,4.999891e+00
5.368543e+13,3.753665e+01
4.621229e+13,3.891799e+01
4.288370e+14,8.000000e+01
4.288370e+14,8.000000e+01
1.813674e+14,5.771635e+01
3.451711e+13,3.927835e+01
9.690132e+12,5.000000e+00
1.068046e+14,7.897062e+01
8.464072e+13,4.162063e+01
1.900148e+13,7.899555e+01
4.209179e+13,4.486380e+01
6.347570e+13,3.783694e+01
6.427955e+13,3.975882e+01
7.233219e+13,4.071975e+01
1.178510e+13,4.999629e+00
5.097214e+13,5.399271e+01
1.112859e+14,4.882767e+01
4.256505e+13,7.893063e+01
3.992413e+13,3.453371e+01
3.866007e+13,3.008938e+01
2.522158e+13,2.462404e+01
1.338603e+13,7.899599e+01
1.846206e+13,7.899259e+01
2.959811e+14,6.071928e+01
7.615712e+13,5.086966e+01
3.610219e+13,3.183108e+01
1.096224e+14,4.972855e+01
5.173779e+13,3.591506e+01
1.617150e+13,7.711131e+01
1.553643e+13,7.896618e+01
9.451888e+13,4.312210e+01
1.951999e+15,8.000000e+01
8.639869e+13,4.582474e+01
9.411788e+13,7.898847e+01
9.411788e+13,8.000000e+01
1.022702e+14,4.594485e+01
3.279488e+13,4.998586e+00
9.520193e+12,7.899578e+01
2.513618e+15,8.000000e+01
2.005074e+13,7.899697e+01
4.440487e+13,3.729641e+01
1.401526e+14,6.264116e+01
1.081494e+14,3.309231e+01
6.111602e+13,5.657523e+01
6.111602e+13,5.657523e+01
1.149996e+14,5.435306e+01
2.583195e+13,2.522463e+01
4.477921e+13,5.056937e+01
1.514065e+15,8.000000e+01
1.015101e+13,5.000000e+00
1.776978e+13,7.896227e+01
1.125976e+13,7.899735e+01
1.800559e+14,5.231107e+01
1.794064e+14,4.942826e+01
1.275457e+13,7.898893e+01
2.563249e+14,6.648491e+01
2.387227e+13,7.899570e+01
1.253898e+13,7.907003e+01
3.677461e+13,3.183108e+01
5.160402e+13,3.669583e+01
3.779781e+13,7.899700e+01
8.158638e+13,7.381206e+01
1.769508e+13,7.549269e+01
3.731998e+13,7.898562e+01
1.534320e+13,7.907623e+01
2.552460e+14,8.000000e+01
1.926146e+14,6.996831e+01
2.025572e+14,6.588432e+01
2.773044e+13,2.720656e+01
3.851120e+13,3.255178e+01
9.936686e+13,4.756644e+01
1.449932e+13,7.899426e+01
5.085662e+13,4.582474e+01
1.584822e+13,7.899571e+01
1.260633e+14,6.756596e+01
3.187734e+13,3.056984e+01
1.412361e+13,4.999588e+00
1.406056e+14,8.000000e+01
1.406056e+14,8.000000e+01
6.677651e+13,4.726614e+01
2.343299e+13,2.552492e+01
1.056066e+14,4.720609e+01
4.367675e+13,4.114016e+01
5.909459e+13,5.645512e+01
5.909459e+13,5.645512e+01
1.659729e+14,5.729594e+01
1.849772e+13,7.898872e+01
3.512437e+13,3.783694e+01
2.081173e+13,7.899237e+01
1.745308e+13,7.899762e+01
7.050708e+13,3.867776e+01
7.802860e+13,4.035940e+01
3.394507e+13,7.899770e+01
2.131034e+13,7.880572e+01
2.903786e+14,7.729546e+01
1.728457e+13,7.899586e+01
5.529105e+13,7.899897e+01
5.529105e+13,7.899768e+01
9.104575e+13,5.092972e+01
1.412057e+13,7.899220e+01
5.789855e+13,4.618509e+01
2.528057e+13,2.498439e+01
8.547264e+13,4.438333e+01
1.076178e+16,8.000000e+01
1.076178e+16,8.000000e+01
2.847962e+13,2.864797e+01
1.088908e+14,6.342192e+01
6.814782e+13,4.522415e+01
1.191943e+13,7.898748e+01
1.270868e+13,7.899165e+01
5.219101e+13,3.801712e+01
1.268517e+13,7.899781e+01
1.757359e+13,4.999232e+00
3.431042e+13,3.177102e+01
1.873005e+13,7.899483e+01
5.869437e+13,7.899854e+01
5.869437e+13,7.899886e+01
5.869437e+13,5.000001e+00
1.616476e+14,8.000000e+01
1.444316e+13,7.899502e+01
1.846408e+14,5.357230e+01
1.475969e+13,7.899443e+01
6.716940e+13,7.899081e+01
5.204275e+13,8.000000e+01
1.738853e+14,7.152983e+01
3.596683e+18,8.000000e+01
3.596683e+18,8.000000e+01
3.596683e+18,8.000000e+01
3.664049e+13,5.000286e+00
1.299053e+14,4.492386e+01
1.719565e+13,7.899448e+01
1.022275e+14,8.000000e+01
9.030578e+14,7.038872e+01
6.201829e+13,5.603471e+01
6.686416e+13,7.050884e+01
1.804726e+13,7.898931e+01
6.505167e+13,5.843705e+01
3.702158e+13,3.507424e+01
3.381379e+13,7.937926e+01
1.013757e+13,7.899598e+01
1.256720e+14,6.948784e+01
8.250477e+13,2.100000e+01
4.010403e+13,3.285207e+01
3.008982e+14,8.000000e+01
3.008982e+14,8.000000e+01
3.008982e+14,8.000000e+01
3.008982e+14,8.000000e+01
3.008982e+14,8.000000e+01
3.008982e+14,8.000000e+01
1.510007e+13,7.899565e+01
9.857480e+13,5.116996e+01
1.536083e+13,7.899163e+01
3.909657e+13,4.999585e+00
1.989896e+13,7.880328e+01
5.986502e+13,3.567483e+01
2.200341e+14,8.000000e+01
2.875069e+14,7.309136e+01
3.094785e+13,7.899409e+01
3.389320e+13,7.892169e+01
1.509123e+14,7.189018e+01
1.509123e+14,7.189018e+01
5.253708e+14,6.684526e+01
1.096401e+14,7.711529e+01
1.096401e+14,7.711529e+01
2.302956e+14,6.035893e+01
2.895886e+13,7.899795e+01
9.457820e+13,7.471294e+01
9.457820e+13,7.471294e+01
2.442642e+13,7.895981e+01
1.189452e+13,7.899589e+01
1.892854e+14,6.582426e+01
2.165127e+14,8.000000e+01
2.165127e+14,8.000000e+01
5.500392e+13,3.771682e+01
1.688085e+17,8.000000e+01
5.086232e+15,8.000000e+01
1.977219e+15,8.000000e+01
1.977219e+15,8.000000e+01
2.026286e+14,3.097055e+01
1.495218e+14,8.000000e+01
1.495218e+14,8.000000e+01
5.994662e+13,3.909817e+01
4.649918e+13,6.216069e+01
4.620538e+13,7.887484e+01
4.620538e+13,5.000063e+00
2.389377e+13,2.444386e+01
1.701205e+14,7.895828e+01
1.260740e+13,1.899698e+01
1.066012e+13,7.897273e+01
2.353314e+14,5.669535e+01
2.198641e+13,4.999806e+00
1.040397e+14,5.429301e+01
8.596793e+13,5.861723e+01
2.346438e+13,2.654592e+01
3.695313e+13,2.299397e+01
1.616576e+14,7.056889e+01
1.616576e+14,7.056889e+01
5.053076e+13,3.531448e+01
1.546622e+14,8.000000e+01
1.546622e+14,8.000000e+01
2.759366e+13,2.846779e+01
1.199204e+13,7.897460e+01
5.960803e+14,7.062895e+01
3.902594e+14,8.000000e+01
2.721761e+13,2.852785e+01
1.191929e+14,4.294192e+01
1.952781e+14,7.429253e+01
3.171890e+13,2.822756e+01
9.799454e+13,4.053958e+01
1.128955e+17,8.000000e+01
1.128955e+17,8.000000e+01
1.128955e+17,8.000000e+01
3.267441e+14,8.000000e+01
3.267441e+14,8.000000e+01
1.710211e+13,4.999323e+00
4.124457e+16,8.000000e+01
2.349625e+13,7.899285e+01
3.705724e+13,3.273196e+01
4.345686e+13,3.885794e+01
2.274314e+13,7.892471e+01
2.491268e+13,7.896366e+01
6.428664e+13,4.534427e+01
1.118409e+13,7.899496e+01
4.169534e+13,3.681594e+01
8.850181e+13,6.504350e+01
8.850181e+13,6.504350e+01
5.579135e+13,3.309231e+01
1.526423e+13,7.893842e+01
4.065941e+13,2.990920e+01
7.638432e+13,5.243119e+01
4.932050e+13,3.699612e+01
1.312012e+13,7.899082e+01
3.347689e+13,3.825735e+01
1.435418e+14,8.000000e+01
2.422342e+13,2.299686e+01
1.311520e+14,5.411283e+01
8.382223e+13,5.086966e+01
2.121862e+13,2.342287e+01
1.201058e+13,7.897873e+01
1.485512e+14,8.000000e+01
1.934464e+13,7.889479e+01
1.241604e+14,8.000000e+01
3.391578e+14,8.000000e+01
3.391578e+14,8.000000e+01
2.831060e+13,3.411330e+01
1.714921e+15,8.000000e+01
1.714921e+15,8.000000e+01
1.632520e+13,7.899664e+01
1.010840e+14,6.522368e+01
1.654438e+13,7.899108e+01
1.271173e+14,7.219048e+01
1.115916e+14,4.618509e+01
2.700189e+13,7.898338e+01
2.006457e+13,7.899276e+01
2.231716e+14,8.000000e+01
2.231716e+14,8.000000e+01
2.416210e+13,7.899580e+01
1.628088e+13,7.899834e+01
5.736286e+14,3.660721e+01
2.289045e+14,5.831693e+01
4.001639e+13,3.453371e+01
1.835512e+15,8.000000e+01
4.151193e+13,3.915823e+01
1.026553e+13,7.899444e+01
3.475830e+13,3.381301e+01
8.897132e+14,8.000000e+01
8.897132e+14,8.000000e+01
1.541635e+14,6.035893e+01
1.153121e+13,7.899686e+01
5.336673e+13,3.423342e+01
6.027293e+13,4.618509e+01
9.922126e+13,4.408304e+01
1.846301e+13,7.898556e+01
4.621724e+13,4.930814e+01
3.506660e+13,7.898540e+01
3.334271e+13,3.783694e+01
4.954094e+13,3.345266e+01
2.311639e+13,2.348293e+01
3.270884e+13,3.465383e+01
1.028558e+13,7.899849e+01
4.080620e+13,3.026955e+01
1.563176e+13,7.899341e+01
4.121204e+13,3.783694e+01
3.173145e+13,7.740296e+01
3.218396e+13,7.893847e+01
1.210947e+14,8.000000e+01
6.625032e+14,7.183013e+01
1.742212e+15,8.000000e+01
1.211098e+13,7.899487e+01
6.015346e+13,4.624515e+01
3.908003e+14,6.414262e+01
6.970418e+13,4.312210e+01
1.168096e+13,7.899586e+01
1.170830e+15,8.000000e+01
1.077819e+13,7.899797e+01
2.169069e+14,8.000000e+01
2.169069e+14,8.000000e+01
1.204815e+15,8.000000e+01
4.402851e+13,3.663577e+01
9.860138e+13,4.510403e+01
9.649976e+13,4.816702e+01
5.361051e+13,7.913645e+01
5.361051e+13,4.912796e+01
5.059033e+13,3.333254e+01
1.602569e+14,6.282133e+01
1.621228e+13,7.899517e+01
7.904398e+13,8.000000e+01
7.904398e+13,5.000005e+00
7.904398e+13,7.899750e+01
2.145125e+13,7.897549e+01
2.513757e+13,2.648586e+01
1.604766e+13,7.899499e+01
6.136662e+14,6.606450e+01
9.399264e+13,4.858743e+01
4.782427e+13,4.240140e+01
5.411335e+13,3.603518e+01
2.792521e+14,6.546391e+01
9.827826e+13,6.636479e+01
5.100937e+13,4.612503e+01
2.295968e+13,7.923479e+01
7.483037e+13,7.899740e+01
7.483037e+13,5.687553e+01
3.193440e+13,3.081008e+01
1.720435e+13,4.999837e+00
6.882709e+14,8.000000e+01
3.530035e+13,3.381301e+01
2.542570e+13,7.899185e+01
2.201598e+13,7.896484e+01
2.088597e+13,7.899450e+01
1.439337e+14,2.210680e+01
1.782949e+13,4.999136e+00
3.844610e+13,5.000074e+00
3.844610e+13,5.000000e+00
8.562332e+13,3.963870e+01
3.148537e+13,7.899732e+01
3.148537e+13,5.000000e+00
1.776007e+13,7.509672e+01
3.576357e+13,3.068996e+01
2.839178e+13,2.594533e+01
7.481791e+14,8.000000e+01
7.591832e+13,4.774661e+01
2.924715e+13,7.899118e+01
4.442088e+13,7.899413e+01
7.597135e+13,6.276127e+01
2.416369e+13,5.000183e+00
2.502773e+13,7.899507e+01
2.888101e+13,7.899799e+01
1.323306e+13,4.999689e+00
7.281670e+13,4.690579e+01
1.768593e+14,7.050884e+01
1.913299e+14,8.000000e+01
1.152641e+14,4.990872e+01
3.856865e+14,8.000000e+01
3.856865e+14,8.000000e+01
2.206950e+13,2.099697e+01
1.973185e+13,7.894122e+01
5.397555e+13,4.192093e+01
1.368269e+13,7.898582e+01
9.336967e+13,8.000000e+01
9.336967e+13,7.899041e+01
1.524623e+14,6.858696e+01
4.213768e+13,3.255178e+01
3.758444e+13,3.183108e+01
2.434025e+13,2.522463e+01
2.651601e+13,7.894256e+01
9.269095e+14,8.000000e+01
9.269095e+14,8.000000e+01
9.269095e+14,8.000000e+01
3.205248e+13,2.972902e+01
2.654862e+13,2.900832e+01
2.068734e+13,7.899485e+01
4.601241e+13,3.969876e+01
1.594779e+14,5.627494e+01
5.922534e+13,3.477395e+01
1.092133e+13,7.897974e+01
2.588925e+13,7.899422e+01
4.628780e+14,8.000000e+01
2.476118e+13,7.915827e+01
3.330971e+13,4.999572e+00
3.330971e+13,5.000099e+00
1.626149e+14,7.435259e+01
2.224425e+14,8.000000e+01
2.224425e+14,8.000000e+01
2.224425e+14,8.000000e+01
1.585760e+13,5.112354e+01
1.983039e+13,4.999281e+00
2.663806e+13,7.894347e+01
1.680145e+13,7.899053e+01
3.998858e+14,8.000000e+01
5.024360e+13,5.693558e+01
3.070989e+13,7.899822e+01
3.033636e+13,2.930861e+01
8.185687e+14,8.000000e+01
1.317982e+13,7.897661e+01
2.954329e+13,2.810744e+01
1.291726e+14,4.354251e+01
1.254106e+13,7.899694e+01
1.301542e+14,5.663529e+01
2.177603e+13,7.899506e+01
5.486087e+18,8.000000e+01
5.486087e+18,8.000000e+01
5.486087e+18,8.000000e+01
5.486087e+18,8.000000e+01
7.179598e+13,5.765629e+01
2.051844e+13,7.886284e+01
1.688866e+13,7.899755e+01
1.411555e+13,7.899737e+01
2.186623e+13,7.871880e+01
8.967512e+13,4.732620e+01
6.046671e+13,5.273148e+01
2.269236e+13,7.899424e+01
8.764529e+13,5.249125e+01
2.169050e+14,5.621488e+01
1.441082e+13,7.896909e+01
3.994517e+13,3.225149e+01
1.825559e+13,7.898889e+01
2.326683e+14,8.000000e+01
9.297972e+13,4.564456e+01
3.190461e+13,7.899843e+01
1.353125e+13,7.893279e+01
5.394952e+14,8.000000e+01
1.215306e+14,6.396245e+01
7.111802e+13,4.138040e+01
5.097323e+14,8.000000e+01
5.097323e+14,8.000000e+01
5.097323e+14,8.000000e+01
2.853982e+13,7.899674e+01
5.762240e+13,4.083987e+01
2.132711e+13,7.894209e+01
4.154470e+13,4.498392e+01
4.667670e+13,3.813723e+01
9.010454e+13,7.899647e+01
3.433792e+13,4.999768e+00
9.558925e+13,8.000000e+01
9.558925e+13,7.899607e+01
4.759356e+14,6.438286e+01
1.209209e+13,7.899868e+01
3.679145e+13,3.237160e+01
1.892505e+13,7.899348e+01
9.574335e+14,7.116948e+01
1.295806e+13,7.892093e+01
2.922971e+13,7.892722e+01
3.772263e+13,3.129055e+01
1.572113e+13,7.899852e+01
3.897274e+14,8.000000e+01
4.247971e+13,3.723635e+01
1.986428e+13,7.899523e+01
4.861658e+13,4.750638e+01
4.861658e+13,5.000062e+00
3.829513e+14,7.273101e+01
2.669161e+13,7.919504e+01
1.936223e+14,8.000000e+01
1.936223e+14,8.000000e+01
4.424677e+13,7.899288e+01
2.779322e+14,5.717582e+01
1.491958e+13,6.907430e+01
1.500087e+13,7.899522e+01
9.747202e+12,7.899774e+01
4.005938e+13,7.896663e+01
2.348354e+14,8.000000e+01
2.348354e+14,8.000000e+01
2.822429e+13,3.255178e+01
9.183095e+13,5.807670e+01
2.439961e+14,8.000000e+01
2.439961e+14,8.000000e+01
3.014029e+13,2.888820e+01
3.184013e+13,2.972902e+01
5.937705e+13,4.708597e+01
1.556390e+14,8.000000e+01
4.501649e+13,4.408304e+01
1.406694e+13,7.899541e+01
4.129345e+13,7.936380e+01
2.125058e+13,5.445177e+01
1.177349e+14,5.465336e+01
1.971538e+13,7.899599e+01
3.230330e+14,7.447271e+01
5.345525e+13,4.144046e+01
1.689022e+13,7.898072e+01
2.163745e+13,2.468410e+01
5.400879e+13,4.999816e+00
1.520287e+14,4.966849e+01
2.267267e+13,7.899237e+01
7.218653e+13,4.498392e+01
3.523247e+13,3.050979e+01
2.529711e+14,8.000000e+01
7.692438e+13,6.083940e+01
7.692438e+13,6.083940e+01
6.067534e+13,3.579495e+01
2.765036e+13,7.897235e+01
3.084336e+13,5.094298e+01
4.092733e+14,8.000000e+01
6.718448e+13,7.898969e+01
1.372223e+13,7.899756e+01
1.118777e+14,4.366263e+01
1.167074e+14,7.900015e+01
1.167074e+14,8.000000e+01
3.963869e+14,8.000000e+01
3.963869e+14,8.000000e+01
7.755799e+13,5.000006e+00
7.755799e+13,7.899977e+01
7.755799e+13,8.000000e+01
2.183903e+13,7.395430e+01
1.614940e+14,8.000000e+01
3.381853e+13,7.894463e+01
4.883004e+14,7.663482e+01
2.752897e+13,3.987893e+01
4.055928e+13,3.663577e+01
3.630040e+13,3.441360e+01
4.199618e+13,3.417336e+01
1.319391e+14,8.000000e+01
1.319391e+14,8.000000e+01
1.812405e+14,5.495365e+01
2.005708e+13,7.896859e+01
1.020389e+14,8.000000e+01
1.020389e+14,8.000000e+01
2.447050e+13,7.899552e+01
5.919197e+13,4.732620e+01
7.333522e+13,6.276127e+01
1.886001e+13,7.922745e+01
1.519604e+14,8.000000e+01
4.616743e+13,7.898983e+01
2.581185e+15,8.000000e+01
2.970949e+13,3.189113e+01
1.429931e+14,5.032914e+01
4.873165e+13,5.123001e+01
1.959841e+13,7.893862e+01
2.913293e+14,7.327153e+01
1.756685e+13,7.899040e+01
8.329400e+13,5.813676e+01
1.569639e+14,8.000000e+01
1.569639e+14,8.000000e+01
2.039168e+15,8.000000e+01
2.039168e+15,8.000000e+01
2.039168e+15,8.000000e+01
6.171933e+13,6.594438e+01
1.786680e+13,2.029982e+01
1.747791e+13,7.898801e+01
1.446531e+13,7.899619e+01
1.642371e+13,7.895241e+01
3.055271e+13,7.898439e+01
1.787376e+13,7.898719e+01
1.524616e+13,7.898978e+01
7.712134e+13,8.000000e+01
1.200341e+14,4.750638e+01
7.481337e+13,5.135013e+01
1.609464e+14,5.014896e+01
5.940264e+13,3.735647e+01
8.472512e+13,3.981887e+01
2.587828e+13,2.732668e+01
1.858219e+13,7.899362e+01
3.783393e+14,8.000000e+01
3.721144e+13,3.651565e+01
1.060355e+14,6.840678e+01
1.952409e+14,8.000000e+01
5.197607e+13,5.657523e+01
4.461216e+14,6.954790e+01
1.256707e+13,7.899761e+01
1.043893e+13,7.898776e+01
4.476883e+13,3.315237e+01
5.486079e+13,4.120022e+01
1.454814e+13,7.888942e+01
2.587645e+13,2.768703e+01
3.921444e+13,7.899571e+01
5.930551e+13,4.108011e+01
1.669942e+13,7.898754e+01
4.140451e+13,3.165090e+01
2.317226e+15,8.000000e+01
2.784825e+13,3.026955e+01
8.971932e+13,4.144046e+01
5.124526e+13,3.687600e+01
6.601820e+13,5.429301e+01
6.635750e+13,4.990872e+01
1.174444e+13,7.899119e+01
1.142414e+13,7.899236e+01
2.735921e+13,7.898984e+01
3.182532e+14,8.000000e+01
1.771686e+13,7.899601e+01
5.190992e+13,7.935312e+01
5.263633e+13,4.690579e+01
2.886611e+13,7.839530e+01
5.749250e+13,3.543459e+01
1.996293e+14,6.414262e+01
2.177973e+13,5.000000e+00
5.138599e+13,3.195119e+01
4.458378e+13,7.899343e+01
7.644701e+13,6.065922e+01
7.644701e+13,6.065922e+01
1.355540e+13,7.898445e+01
4.006705e+14,7.465288e+01
4.572912e+14,6.726567e+01
2.951193e+13,7.893320e+01
2.739162e+14,8.000000e+01
2.739162e+14,8.000000e+01
2.739162e+14,8.000000e+01
2.021460e+13,7.896859e+01
1.891460e+13,7.899537e+01
1.291355e+13,7.899775e+01
1.604790e+14,6.137992e+01
5.306069e+13,4.402298e+01
1.372565e+14,8.000000e+01
1.372565e+14,8.000000e+01
4.640185e+14,8.000000e+01
7.677994e+13,7.899377e+01
9.399701e+13,7.899325e+01
1.283817e+13,7.898336e+01
1.789631e+13,7.898028e+01
1.202074e+13,7.899582e+01
1.788485e+13,4.997804e+00
1.358958e+14,8.000000e+01
2.326039e+13,7.899011e+01
5.421244e+13,7.899888e+01
5.421244e+13,7.899082e+01
1.345998e+13,7.899772e+01
1.331136e+13,5.497973e+01
1.211203e+14,5.195072e+01
1.121767e+14,8.000000e+01
1.172482e+14,7.711529e+01
6.844505e+13,4.114016e+01
1.367148e+13,7.899846e+01
9.961231e+13,5.309183e+01
1.417948e+14,7.899562e+01
1.417948e+14,8.000000e+01
1.291427e+13,7.899777e+01
2.874511e+13,7.891364e+01
2.980565e+14,8.000000e+01
4.138411e+13,7.939167e+01
1.147228e+13,7.899843e+01
1.697833e+13,7.898743e+01
2.752192e+13,7.898856e+01
6.467403e+13,4.984867e+01
1.370546e+13,7.899794e+01
9.164675e+12,7.899876e+01
5.698883e+15,8.000000e+01
2.369990e+13,7.899674e+01
8.137713e+13,6.011869e+01
1.663175e+14,8.000000e+01
1.235192e+13,7.899661e+01
3.339633e+13,3.105031e+01
1.164562e+14,5.981840e+01
1.140879e+13,7.899875e+01
1.614606e+15,8.000000e+01
4.124826e+13,3.741653e+01
3.942367e+13,3.038967e+01
3.590186e+13,3.147072e+01
1.780372e+13,7.899551e+01
9.531927e+14,8.000000e+01
4.092363e+14,8.000000e+01
4.092363e+14,8.000000e+01
1.932678e+13,7.899038e+01
1.983123e+14,5.903764e+01
3.779603e+13,4.342239e+01
3.893324e+13,4.999662e+00
3.384846e+13,2.918850e+01
1.325531e+14,4.396292e+01
1.554556e+13,7.899802e+01
6.844191e+13,4.516409e+01
2.349629e+15,8.000000e+01
2.349629e+15,8.000000e+01
1.086396e+13,7.899532e+01
3.413386e+14,8.000000e+01
3.413386e+14,8.000000e+01
1.492077e+13,7.263995e+01
1.868375e+13,7.899124e+01
4.626863e+13,3.969876e+01
2.330335e+13,2.366310e+01
1.950422e+13,7.899545e+01
5.945043e+13,5.483353e+01
1.140784e+14,8.000000e+01
2.200696e+13,7.899509e+01
3.090114e+14,8.000000e+01
3.090114e+14,8.000000e+01
3.090114e+14,8.000000e+01
2.698567e+13,2.510451e+01
4.031088e+13,7.898450e+01
1.080848e+13,7.899262e+01
3.062592e+14,7.471294e+01
1.080522e+14,4.378274e+01
8.152549e+14,8.000000e+01
4.284849e+13,2.966897e+01
1.642679e+13,7.899530e+01
1.185894e+13,7.899842e+01
2.472112e+14,8.000000e+01
3.907177e+13,3.213137e+01
1.371230e+13,7.899315e+01
1.073150e+14,4.132034e+01
9.140373e+13,5.092972e+01
1.742081e+13,7.899556e+01
1.383747e+13,7.899734e+01
2.314902e+15,8.000000e+01
2.314902e+15,8.000000e+01
7.118866e+14,8.000000e+01
7.118866e+14,8.000000e+01
3.147633e+13,3.507424e+01
5.629241e+13,4.612503e+01
2.805093e+13,3.267190e+01
6.228571e+13,6.035893e+01
4.894807e+14,8.000000e+01
4.894807e+14,8.000000e+01
1.432386e+13,6.080763e+01
1.794931e+13,7.899228e+01
1.137694e+13,7.899795e+01
1.032469e+15,7.855669e+01
1.073732e+15,3.900000e+01
2.994260e+13,3.002932e+01
6.867625e+13,3.705618e+01
1.367646e+13,7.899704e+01
1.736700e+14,5.615482e+01
5.676229e+13,7.914535e+01
3.353706e+15,8.000000e+01
3.353706e+15,8.000000e+01
3.289254e+13,2.864797e+01
1.041333e+15,8.000000e+01
1.041333e+15,8.000000e+01
2.597692e+13,7.899555e+01
3.091113e+13,2.750685e+01
1.004856e+14,6.180033e+01
8.407599e+13,4.864749e+01
3.989353e+13,3.075002e+01
3.388057e+14,6.930766e+01
7.903647e+13,6.354203e+01
5.086219e+13,3.537454e+01
2.039401e+13,7.899442e+01
2.683334e+13,7.899857e+01
1.627392e+14,5.267142e+01
5.352213e+13,3.819729e+01
5.129194e+13,5.129007e+01
1.992309e+13,7.898607e+01
1.490533e+14,5.261136e+01
3.867115e+14,7.567388e+01
6.673708e+13,3.537454e+01
4.249414e+13,5.000003e+00
4.249414e+13,7.899121e+01
2.166896e+13,4.999632e+00
1.912146e+14,8.000000e+01
1.418244e+14,5.062943e+01
4.620222e+13,4.474368e+01
1.892870e+14,8.000000e+01
1.892870e+14,8.000000e+01
1.657399e+13,7.899623e+01
3.368908e+13,4.998939e+00
4.935842e+13,3.729641e+01
3.690792e+13,3.873782e+01
1.010730e+14,4.035940e+01
2.584463e+14,6.888725e+01
2.234077e+14,8.000000e+01
5.432592e+13,4.198099e+01
1.828164e+13,2.120070e+01
4.803431e+13,5.309183e+01
4.803431e+13,4.999999e+00
7.202922e+13,3.705618e+01
8.499130e+14,8.000000e+01
3.657280e+13,2.299288e+01
1.969430e+13,7.899853e+01
1.426263e+14,8.000000e+01
1.426263e+14,8.000000e+01
1.426263e+14,8.000000e+01
5.925596e+13,4.132034e+01
5.004754e+13,4.246145e+01
4.382425e+14,8.000000e+01
2.619114e+13,2.906838e+01
1.561626e+15,7.843658e+01
1.089582e+14,5.231107e+01
1.700851e+13,7.899706e+01
5.183448e+14,8.000000e+01
1.198706e+13,7.899515e+01
3.220779e+13,3.044973e+01
6.006085e+13,3.909817e+01
3.612628e+13,2.700000e+01
5.008962e+13,7.893115e+01
2.400164e+13,7.898782e+01
1.206428e+13,7.899245e+01
1.422340e+14,6.954790e+01
1.144606e+14,6.960796e+01
1.144606e+14,6.960796e+01
4.672660e+14,8.000000e+01
5.604853e+14,8.000000e+01
5.604853e+14,8.000000e+01
5.604853e+14,8.000000e+01
2.932629e+13,7.890773e+01
7.824797e+13,5.261136e+01
2.706982e+13,7.899513e+01
1.892283e+13,5.635389e+01
1.969857e+14,5.207084e+01
1.959547e+13,7.897862e+01
1.549891e+13,7.899041e+01
4.493124e+13,5.000006e+00
4.493124e+13,5.699564e+01
8.378650e+13,6.366215e+01
1.126790e+15,8.000000e+01
3.655031e+13,7.877411e+01
2.117217e+13,7.899609e+01
2.898873e+14,8.000000e+01
1.858149e+13,7.898360e+01
2.012902e+13,5.329070e+01
8.535906e+13,4.348245e+01
1.821459e+14,6.023881e+01
3.099428e+13,2.924855e+01
9.724282e+13,5.086966e+01
1.177516e+14,6.606450e+01
1.847011e+13,2.500000e+01
5.631046e+13,3.777688e+01
3.581654e+13,6.007971e+01
3.298422e+13,3.477395e+01
1.863649e+13,7.896408e+01
3.033983e+13,2.498794e+01
6.143250e+13,5.531400e+01
4.398348e+13,3.315237e+01
1.266911e+13,7.899463e+01
5.566516e+13,4.936820e+01
4.853110e+13,4.999913e+00
2.540692e+13,7.899460e+01
8.984113e+12,4.999707e+00
3.410248e+13,2.966897e+01
2.549691e+13,7.898939e+01
7.872567e+13,3.873782e+01
1.301827e+14,5.261136e+01
2.569826e+13,7.899583e+01
2.140073e+13,7.924838e+01
2.856391e+13,3.309231e+01
5.808007e+13,4.654544e+01
4.714302e+13,3.387307e+01
1.531308e+13,7.912461e+01
1.081247e+15,8.000000e+01
9.945053e+13,6.534379e+01
5.210232e+13,5.597465e+01
2.284650e+13,7.899691e+01
3.321409e+14,6.041899e+01
8.385103e+13,8.000000e+01
8.385103e+13,8.000000e+01
1.037686e+13,7.899805e+01
3.457722e+13,7.910681e+01
4.180627e+13,7.899740e+01
1.399917e+13,7.899294e+01
5.933384e+13,5.098978e+01
5.933384e+13,7.899197e+01
2.264491e+14,8.000000e+01
1.870384e+13,5.520674e+01
4.507462e+14,6.462309e+01
2.228335e+13,7.899412e+01
2.286141e+13,7.899454e+01
5.658213e+13,3.999905e+01
2.691248e+13,7.899293e+01
2.314942e+14,6.840678e+01
2.392207e+14,6.240092e+01
4.158129e+13,3.441360e+01
9.848901e+13,5.074955e+01
2.911476e+13,7.899543e+01
1.160245e+13,7.898558e+01
4.071978e+13,7.898650e+01
2.702335e+14,8.000000e+01
2.702335e+14,8.000000e+01
2.975597e+13,2.978908e+01
1.298434e+13,7.897263e+01
4.973009e+13,3.747659e+01
4.109028e+13,6.113969e+01
1.851135e+14,8.000000e+01
1.067501e+14,8.000000e+01
1.067501e+14,8.000000e+01
1.487623e+13,7.899726e+01
3.749209e+14,6.732573e+01
5.977223e+13,5.000033e+00
5.977223e+13,7.896414e+01
9.793120e+12,7.899441e+01
1.239696e+14,8.000000e+01
6.013065e+13,3.441360e+01
1.975080e+13,7.899527e+01
2.239622e+13,7.898420e+01
2.315493e+13,7.899736e+01
1.437438e+14,6.059916e+01
3.106730e+13,4.998288e+00
3.641714e+14,8.000000e+01
3.641714e+14,8.000000e+01
3.641714e+14,8.000000e+01
2.565567e+13,7.899407e+01
2.296000e+13,2.768703e+01
1.832690e+13,7.894354e+01
9.562729e+13,4.636527e+01
2.651738e+13,7.897239e+01
2.037087e+14,6.216069e+01
1.365077e+13,7.899738e+01
2.141953e+13,7.897899e+01
4.640227e+13,4.318216e+01
2.377926e+13,2.546486e+01
1.205613e+14,5.645512e+01
5.438432e+13,4.114016e+01
1.242460e+14,8.000000e+01
1.444746e+13,7.899597e+01
9.591045e+12,7.899849e+01
4.376939e+13,4.678568e+01
1.373094e+14,5.537991e+01
2.570175e+15,8.000000e+01
2.570175e+15,8.000000e+01
8.201812e+14,8.000000e+01
1.125939e+14,5.855717e+01
1.207673e+13,7.898643e+01
1.606520e+13,7.899458e+01
9.168388e+12,7.899646e+01
7.590649e+13,4.666556e+01
1.918797e+13,7.898681e+01
4.528593e+13,4.840726e+01
4.054902e+13,4.023928e+01
1.031414e+14,6.732573e+01
1.159336e+13,7.899593e+01
3.621236e+13,3.117043e+01
1.393358e+13,7.690925e+01
1.159179e+13,7.898353e+01
6.641304e+13,3.561477e+01
3.036521e+13,7.899388e+01
5.721054e+13,3.903811e+01
1.298663e+14,4.996878e+01
2.312799e+13,7.899697e+01
2.749192e+13,3.020949e+01
1.058768e+13,7.899860e+01
1.307291e+14,4.774661e+01
1.138835e+13,7.898960e+01
2.042409e+13,2.270216e+01
5.687348e+13,5.201078e+01
1.437286e+14,6.570415e+01
1.766654e+14,8.000000e+01
1.766654e+14,8.000000e+01
1.766654e+14,8.000000e+01
2.364579e+15,8.000000e+01
2.364579e+15,8.000000e+01
7.789470e+13,7.777593e+01
1.856654e+13,7.899178e+01
6.867657e+13,4.492386e+01
1.566407e+14,4.570462e+01
5.292914e+13,7.899329e+01
5.292914e+13,7.899005e+01
4.767950e+14,6.378227e+01
7.301627e+14,6.756596e+01
6.767160e+14,8.000000e+01
2.693429e+13,7.899551e+01
4.380088e+13,3.700000e+01
5.271397e+13,3.297219e+01
2.609704e+13,7.899234e+01
2.422046e+14,8.000000e+01
4.467675e+13,3.591506e+01
3.023945e+13,7.898050e+01
4.256024e+14,8.000000e+01
1.146143e+14,7.693511e+01
1.146143e+14,7.693511e+01
4.574926e+13,3.675588e+01
2.107427e+13,7.895936e+01
2.865192e+13,2.924855e+01
3.458870e+14,5.993852e+01
2.364856e+14,8.000000e+01
2.025769e+13,2.100000e+01
3.092057e+13,7.898827e+01
2.010523e+14,6.264116e+01
2.140411e+13,7.899663e+01
3.362451e+13,3.207131e+01
3.362200e+13,7.896571e+01
1.974978e+13,7.899437e+01
8.043438e+13,4.228128e+01
4.810662e+13,3.783694e+01
1.111383e+13,7.896077e+01
1.929592e+13,7.898346e+01
1.308939e+13,7.899723e+01
1.265832e+13,7.899729e+01
1.001184e+14,4.384280e+01
8.834151e+13,4.077981e+01
4.560459e+13,3.879788e+01
2.158352e+13,7.890128e+01
2.239450e+13,7.896971e+01
3.592639e+14,8.000000e+01
3.592639e+14,8.000000e+01
2.601391e+14,5.429301e+01
2.319063e+13,7.898509e+01
1.374332e+14,5.423295e+01
4.991884e+13,3.501418e+01
3.514083e+13,7.898734e+01
3.514083e+13,7.898765e+01
8.213078e+13,5.423295e+01
4.170668e+13,7.899556e+01
4.884130e+13,5.000031e+00
4.884130e+13,7.897425e+01
1.594030e+14,4.852738e+01
6.312453e+13,7.899671e+01
7.391814e+13,6.083940e+01
7.391814e+13,6.083940e+01
3.927293e+13,3.705618e+01
1.719879e+14,8.000000e+01
1.719879e+14,8.000000e+01
2.399281e+14,6.474321e+01
2.786048e+13,3.417336e+01
3.065424e+13,3.177102e+01
1.992026e+14,2.300000e+01
3.103490e+14,5.543412e+01
2.016215e+13,7.898755e+01
1.960532e+13,7.899372e+01
1.560592e+13,7.899159e+01
2.290767e+13,7.898708e+01
9.757081e+12,7.899560e+01
1.452077e+14,6.558403e+01
1.452077e+14,6.558403e+01
4.549995e+16,8.000000e+01
2.997697e+13,2.732668e+01
7.466021e+13,5.519388e+01
7.466021e+13,5.519388e+01
2.538219e+13,6.893445e+01
2.991391e+13,7.898746e+01
1.395842e+13,7.899731e+01
1.302560e+13,7.899703e+01
1.296997e+14,5.237113e+01
1.094953e+14,4.678568e+01
1.444127e+13,7.899205e+01
9.600966e+12,7.898189e+01
1.346552e+13,7.899545e+01
4.481429e+13,3.723635e+01
1.974055e+13,7.895730e+01
3.883009e+13,3.585500e+01
9.289867e+13,4.372269e+01
2.383805e+13,7.899605e+01
1.841937e+13,7.915939e+01
9.246545e+13,5.219095e+01
2.068470e+13,7.897230e+01
1.624607e+14,8.000000e+01
1.397752e+13,7.893534e+01
3.599404e+13,7.899891e+01
3.599404e+13,7.899523e+01
7.920305e+14,8.000000e+01
1.024752e+15,8.000000e+01
1.024752e+15,8.000000e+01
1.024752e+15,8.000000e+01
4.385983e+13,3.489407e+01
6.339874e+13,4.600491e+01
2.975271e+13,2.702639e+01
1.086325e+14,8.000000e+01
1.086325e+14,8.000000e+01
3.317537e+13,3.729641e+01
1.210321e+14,4.726614e+01
2.643552e+14,8.000000e+01
1.047891e+14,7.387212e+01
6.162131e+13,4.570462e+01
6.035666e+14,8.000000e+01
6.035666e+14,8.000000e+01
6.035666e+14,8.000000e+01
6.035666e+14,8.000000e+01
3.003349e+13,3.249172e+01
4.394269e+13,3.711624e+01
1.197208e+13,7.899812e+01
8.744871e+13,4.017923e+01
1.663977e+13,7.890115e+01
1.056321e+13,7.898627e+01
1.868512e+13,7.899030e+01
2.148799e+13,7.899586e+01
9.847482e+13,4.390286e+01
1.463503e+14,6.516362e+01
1.463503e+14,6.516362e+01
1.020340e+14,7.140972e+01
1.020340e+14,7.140972e+01
5.568137e+13,7.897739e+01
3.721640e+13,3.237160e+01
2.872804e+14,8.000000e+01
8.951894e+13,4.936820e+01
1.063410e+13,7.899811e+01
1.224391e+13,7.897654e+01
3.181106e+13,3.498526e+01
6.628078e+13,7.207036e+01
6.628078e+13,7.207036e+01
3.828672e+13,4.216116e+01
5.055438e+14,7.939751e+01
2.529342e+15,8.000000e+01
2.529342e+15,8.000000e+01
1.861642e+14,8.000000e+01
1.861642e+14,8.000000e+01
8.341420e+15,8.000000e+01
5.320673e+13,7.897902e+01
5.320673e+13,7.899620e+01
2.691299e+15,8.000000e+01
2.691299e+15,8.000000e+01
2.691299e+15,8.000000e+01
1.690496e+14,8.000000e+01
5.274640e+13,3.813723e+01
2.742971e+13,2.822756e+01
1.446309e+13,7.907752e+01
4.126809e+13,3.471389e+01
1.727323e+13,7.899358e+01
4.030564e+13,4.174075e+01
5.658180e+13,3.747659e+01
1.516815e+13,7.899867e+01
4.463744e+13,5.351224e+01
2.788913e+13,2.798732e+01
5.953309e+14,8.000000e+01
5.953309e+14,8.000000e+01
2.691041e+13,3.062990e+01
1.046058e+13,7.883600e+01
1.869670e+13,7.898493e+01
3.230267e+14,8.000000e+01
2.939534e+13,3.225149e+01
1.630289e+14,4.810697e+01
5.812054e+13,5.783646e+01
3.903910e+13,3.951858e+01
1.994497e+13,7.899828e+01
3.718132e+18,8.000000e+01
3.718132e+18,8.000000e+01
4.667279e+13,4.138040e+01
1.140178e+13,7.896018e+01
3.208235e+14,6.450297e+01
1.241892e+14,4.702591e+01
1.604701e+13,7.899664e+01
4.325422e+13,3.543459e+01
1.603808e+14,8.000000e+01
4.626131e+14,8.000000e+01
4.621568e+13,3.507424e+01
2.811062e+13,2.630568e+01
2.823069e+13,4.999811e+00
3.820817e+14,8.000000e+01
3.820817e+14,8.000000e+01
2.493494e+14,8.000000e+01
3.777198e+13,3.123049e+01
2.923737e+13,3.087014e+01
6.289969e+13,7.897052e+01
8.490806e+13,7.483306e+01
2.702812e+13,2.552492e+01
3.454264e+13,2.990920e+01
1.581628e+14,5.243119e+01
2.891342e+13,3.075002e+01
4.405330e+13,5.068949e+01
5.123974e+13,3.891799e+01
1.994353e+13,7.896817e+01
5.094597e+14,8.000000e+01
1.229490e+13,7.899696e+01
2.829217e+13,7.899444e+01
6.955856e+13,7.898849e+01
6.955856e+13,5.000000e+00
4.082223e+14,8.000000e+01
5.130340e+13,4.438333e+01
9.614211e+13,7.279106e+01
6.845333e+13,4.999956e+00
1.505743e+13,7.898657e+01
2.193523e+13,7.899805e+01
4.385816e+13,3.333254e+01
3.123988e+13,7.899582e+01
3.123988e+13,7.899594e+01
3.074100e+13,2.984914e+01
3.177182e+13,3.105031e+01
2.387864e+13,2.666603e+01
5.227066e+14,8.000000e+01
1.003887e+15,8.000000e+01
2.421783e+13,2.672609e+01
1.417086e+14,7.537359e+01
1.184810e+14,6.762602e+01
4.838927e+13,5.285160e+01
3.772223e+13,4.996878e+01
3.772223e+13,5.000218e+00
1.198815e+14,8.000000e+01
1.157327e+13,2.100734e+01
2.650499e+13,7.899641e+01
3.558434e+14,8.000000e+01
3.558434e+14,8.000000e+01
3.486868e+13,2.900832e+01
5.292823e+13,7.899734e+01
5.292823e+13,4.999999e+00
5.713525e+13,3.699612e+01
1.942830e+13,7.890267e+01
2.170225e+14,8.000000e+01
2.799179e+13,2.792726e+01
1.780561e+13,7.897352e+01
2.555813e+13,2.786721e+01
1.704856e+13,7.899662e+01
1.415750e+14,5.369242e+01
6.895321e+13,5.561430e+01
2.268231e+14,8.000000e+01
1.349411e+13,7.899074e+01
9.028852e+13,4.366263e+01
3.100557e+13,3.297219e+01
1.231900e+14,8.000000e+01
1.231900e+14,8.000000e+01
1.299263e+13,7.898874e+01
7.873744e+13,4.642532e+01
2.003648e+13,7.898911e+01
6.621628e+13,4.846732e+01
1.957505e+14,5.981840e+01
3.211808e+13,7.899784e+01
2.064572e+13,7.899193e+01
1.354603e+14,2.094354e+01
1.662882e+13,7.897973e+01
2.265618e+13,7.899167e+01
2.320099e+13,7.888384e+01
1.571618e+14,6.870708e+01
1.571618e+14,6.870708e+01
9.272224e+13,8.000000e+01
9.272224e+13,8.000000e+01
2.492273e+15,8.000000e+01
2.297917e+13,2.552492e+01
2.472702e+13,2.792726e+01
2.400394e+13,7.898931e+01
2.394783e+13,7.899658e+01
2.067916e+13,7.893405e+01
9.527281e+12,7.899392e+01
2.347658e+13,4.999336e+00
1.120319e+13,7.890578e+01
9.381713e+12,7.899547e+01
1.617592e+15,8.000000e+01
2.703815e+13,2.936867e+01
4.164667e+13,3.741653e+01
3.509167e+13,7.897372e+01
2.738635e+13,7.897883e+01
1.315636e+14,6.125981e+01
2.402912e+13,7.113283e+01
3.783644e+13,3.489407e+01
6.214516e+13,4.414310e+01
1.077395e+13,7.899236e+01
5.867849e+13,7.899159e+01
2.347055e+13,2.510451e+01
3.389015e+13,3.697742e+01
1.572324e+13,7.898467e+01
2.291215e+13,7.898944e+01
7.052284e+13,4.438333e+01
3.508059e+13,3.339260e+01
1.466029e+13,7.898797e+01
1.323132e+13,4.999734e+00
2.883212e+13,7.899706e+01
3.744339e+13,3.519436e+01
1.209013e+14,5.315189e+01
2.094349e+13,7.899734e+01
1.970142e+13,7.899701e+01
5.886633e+13,3.669583e+01
2.888319e+13,2.882814e+01
1.077834e+14,4.077981e+01
1.426203e+14,5.369242e+01
4.307710e+14,8.000000e+01
9.182231e+13,5.597465e+01
5.416523e+13,4.041946e+01
1.233356e+14,8.000000e+01
3.618893e+14,6.270121e+01
2.366611e+13,7.858885e+01
2.671643e+13,7.897558e+01
6.112260e+13,4.294192e+01
4.103563e+13,3.303225e+01
1.265803e+13,7.899080e+01
1.020347e+13,7.890664e+01
5.818665e+13,7.897607e+01
4.334223e+13,3.098343e+01
2.110250e+13,5.000461e+00
2.910826e+13,7.894034e+01
1.547070e+13,7.897929e+01
6.291689e+13,3.747659e+01
4.882920e+13,3.339260e+01
5.702276e+13,3.981887e+01
1.564649e+14,5.086966e+01
1.641215e+13,7.898769e+01
1.142306e+14,5.135013e+01
3.103070e+13,2.756691e+01
2.934517e+13,2.888820e+01
1.620142e+14,8.000000e+01
3.110941e+13,2.900000e+01
1.070184e+15,8.000000e+01
1.070184e+15,8.000000e+01
2.419016e+13,2.852785e+01
8.775725e+13,7.357183e+01
8.775725e+13,7.357183e+01
2.793421e+14,4.281201e+01
1.121613e+13,4.097735e+01
1.793673e+13,7.896834e+01
1.583361e+14,5.765629e+01
4.459379e+15,8.000000e+01
3.209034e+13,7.899658e+01
3.209034e+13,7.899583e+01
5.971077e+13,5.261136e+01
1.534532e+13,7.899647e+01
3.450788e+13,3.213137e+01
1.473249e+14,4.768656e+01
1.641698e+13,7.899216e+01
2.726905e+13,7.894462e+01
4.833171e+13,5.000014e+00
4.833171e+13,5.267142e+01
2.697318e+13,2.714650e+01
3.083688e+14,8.000000e+01
3.083688e+14,8.000000e+01
1.396286e+14,8.000000e+01
1.633046e+13,7.822701e+01
2.172282e+13,7.899393e+01
1.760796e+13,4.999915e+00
1.584962e+14,6.384233e+01
2.768363e+13,2.972902e+01
1.120241e+13,7.899598e+01
3.350684e+15,8.000000e+01
3.350684e+15,8.000000e+01
3.350684e+15,8.000000e+01
1.097180e+13,7.899752e+01
1.947550e+13,7.885054e+01
1.838458e+14,8.000000e+01
1.838458e+14,8.000000e+01
1.285253e+13,7.899819e+01
3.916381e+13,3.633547e+01
5.238581e+13,3.663577e+01
2.009437e+13,7.897256e+01
4.319172e+13,3.615530e+01
1.507790e+14,5.201078e+01
3.017169e+13,7.899962e+01
3.017169e+13,7.899268e+01
3.203259e+13,2.954885e+01
1.681384e+14,2.475081e+01
1.619645e+13,7.892095e+01
4.748107e+14,8.000000e+01
3.420766e+13,7.921463e+01
3.420766e+13,7.923612e+01
4.398105e+13,3.483401e+01
2.683974e+13,7.899796e+01
4.386197e+13,3.531448e+01
3.577234e+14,7.561382e+01
1.730478e+13,7.895332e+01
2.155444e+13,7.898782e+01
6.580729e+13,7.899685e+01
1.027260e+14,3.898484e+01
1.030588e+14,4.408304e+01
2.077130e+13,7.898711e+01
3.701162e+13,3.177102e+01
2.549252e+13,3.026955e+01
1.254407e+13,7.899734e+01
5.402891e+13,4.984867e+01
5.775856e+13,3.729641e+01
8.004580e+13,6.222074e+01
5.711879e+13,3.465383e+01
3.545338e+13,3.093020e+01
5.277170e+17,8.000000e+01
5.277170e+17,8.000000e+01
1.387214e+14,5.050931e+01
1.253738e+13,7.899774e+01
3.798329e+13,3.219143e+01
1.542516e+13,7.898651e+01
1.647405e+13,7.899154e+01
7.585352e+14,8.000000e+01
7.585352e+14,8.000000e+01
7.585352e+14,8.000000e+01
3.409841e+13,3.099026e+01
1.816278e+13,5.000000e+00
1.375870e+13,7.896928e+01
1.030996e+13,7.899779e+01
9.704064e+13,5.561430e+01
2.972989e+14,8.000000e+01
2.972989e+14,8.000000e+01
4.383278e+13,3.531448e+01
6.043462e+13,3.273196e+01
8.416428e+13,4.372269e+01
8.258606e+13,7.050884e+01
8.258606e+13,7.050884e+01
8.761894e+13,4.528421e+01
2.413442e+13,7.899577e+01
1.543966e+13,7.899823e+01
1.385354e+14,6.240092e+01
4.296067e+13,3.495412e+01
1.193461e+13,4.999826e+00
2.509091e+13,6.582405e+01
3.021775e+14,8.000000e+01
3.038887e+13,4.999936e+00
1.543010e+14,5.225101e+01
7.090767e+13,3.885794e+01
1.492817e+14,6.972807e+01
5.354489e+13,7.447271e+01
1.792501e+13,7.896369e+01
7.240244e+13,4.492386e+01
9.763030e+13,4.882767e+01
3.199826e+13,2.666603e+01
1.074281e+14,4.408304e+01
1.606208e+13,7.899600e+01
3.741809e+13,3.105031e+01
1.332242e+13,6.081071e+01
1.080195e+14,7.927740e+01
1.080195e+14,7.927740e+01
2.454325e+13,7.889127e+01
1.292481e+13,7.899267e+01
4.188295e+13,7.899056e+01
4.188295e+13,7.899474e+01
8.054431e+13,7.900112e+01
8.054431e+13,6.996831e+01
3.545538e+14,7.092925e+01
2.660760e+13,7.898748e+01
1.332035e+13,7.899411e+01
6.015096e+13,6.150004e+01
1.315552e+13,7.895753e+01
2.155107e+13,7.898131e+01
1.576233e+13,7.899002e+01
1.451945e+13,7.899556e+01
1.228419e+14,5.201078e+01
1.401528e+13,7.899192e+01
3.913681e+14,6.858696e+01
1.279658e+13,7.894089e+01
1.527103e+13,7.896764e+01
2.168167e+13,7.899005e+01
2.394132e+14,8.000000e+01
2.394132e+14,8.000000e+01
1.633407e+13,7.897972e+01
4.766135e+14,8.000000e+01
1.911013e+14,6.612456e+01
1.308060e+13,1.699436e+01
5.872111e+13,4.210110e+01
6.199396e+14,8.000000e+01
1.607230e+13,7.891626e+01
2.544513e+13,2.720656e+01
2.506150e+14,5.939799e+01
4.156082e+14,8.000000e+01
4.156082e+14,8.000000e+01
4.265199e+16,8.000000e+01
4.265199e+16,8.000000e+01
4.265199e+16,8.000000e+01
2.243150e+14,6.750590e+01
1.508961e+13,7.899746e+01
1.789134e+13,7.899415e+01
1.212882e+13,7.899045e+01
8.176677e+13,3.687600e+01
1.399010e+13,7.899319e+01
2.524141e+13,2.678615e+01
5.697964e+13,4.486380e+01
1.248674e+13,7.898487e+01
1.399995e+14,8.000000e+01
1.399995e+14,8.000000e+01
3.626567e+13,2.786721e+01
1.517830e+13,7.899575e+01
4.489395e+13,4.077981e+01
2.039115e+13,2.180128e+01
6.981151e+13,4.414310e+01
9.790817e+13,6.852690e+01
1.079001e+14,4.462357e+01
3.447491e+13,7.899708e+01
6.709597e+13,5.219095e+01
3.893528e+13,2.852785e+01
3.668312e+13,3.189113e+01
1.884346e+13,7.899193e+01
3.412179e+13,3.843753e+01
4.637182e+13,4.396292e+01
4.881057e+13,4.348245e+01
5.247155e+13,4.011917e+01
3.167702e+13,4.017923e+01
2.505444e+14,5.831693e+01
2.119199e+14,8.000000e+01
2.119199e+14,8.000000e+01
1.974849e+13,7.899657e+01
3.224382e+13,3.129055e+01
6.384110e+13,4.089993e+01
1.125356e+13,7.899704e+01
1.849777e+13,7.897818e+01
1.390720e+13,7.899213e+01
6.890370e+14,8.000000e+01
6.890370e+14,8.000000e+01
1.519403e+13,7.899836e+01
1.980426e+13,3.110693e+01
6.770862e+13,4.144046e+01
2.060523e+13,2.324269e+01
5.875386e+13,5.074955e+01
3.820503e+13,3.153078e+01
8.756653e+13,6.528374e+01
8.756653e+13,6.528374e+01
9.106986e+13,4.918802e+01
4.993779e+14,8.000000e+01
1.013975e+14,4.882767e+01
3.493525e+13,3.014943e+01
1.098572e+13,7.899300e+01
2.852360e+13,3.062990e+01
2.599222e+13,7.899690e+01
1.360089e+13,7.899658e+01
3.614470e+13,3.981887e+01
8.935444e+13,7.899357e+01
2.142227e+13,7.898646e+01
1.383936e+13,7.899479e+01
1.637425e+14,8.000000e+01
1.637425e+14,8.000000e+01
1.218849e+13,7.899788e+01
1.008613e+14,6.960796e+01
4.792758e+13,3.453371e+01
1.427492e+13,7.899026e+01
1.624637e+13,7.899697e+01
3.734226e+13,5.000037e+00
2.641079e+13,2.504445e+01
1.608241e+13,7.899764e+01
2.585495e+14,5.987846e+01
3.026119e+13,2.894826e+01
1.006095e+14,8.000000e+01
6.207496e+13,4.023928e+01
2.739586e+13,7.897310e+01
7.543372e+13,4.822708e+01
4.668957e+13,4.642532e+01
3.539384e+13,3.819729e+01
1.193737e+13,7.899085e+01
1.208818e+13,7.899317e+01
5.669608e+13,4.606497e+01
1.293345e+13,7.899765e+01
9.119614e+14,8.000000e+01
1.285174e+14,8.000000e+01
8.830549e+12,7.899786e+01
4.877330e+13,4.828714e+01
1.682031e+14,8.000000e+01
5.756047e+13,3.471389e+01
7.557830e+13,8.000000e+01
1.692434e+14,7.783599e+01
1.692434e+14,7.783599e+01
1.042851e+15,8.000000e+01
1.042851e+15,8.000000e+01
1.944982e+13,7.899700e+01
3.395231e+13,3.363284e+01
5.394651e+13,5.000001e+00
5.394651e+13,5.273148e+01
2.870766e+13,7.899586e+01
2.117043e+14,8.000000e+01
2.117043e+14,8.000000e+01
3.384408e+13,7.897629e+01
2.425716e+13,7.871148e+01
1.702469e+14,8.000000e+01
7.501294e+13,4.546439e+01
2.078176e+13,7.883423e+01
1.318117e+13,7.898825e+01
2.347961e+13,7.897160e+01
2.389656e+13,2.528468e+01
4.363849e+14,7.171001e+01
1.137874e+13,7.895335e+01
3.542711e+13,7.899504e+01
1.309668e+13,4.497597e+01
2.163235e+14,8.000000e+01
2.150875e+13,7.898996e+01
1.645817e+13,7.899820e+01
3.804242e+13,7.899914e+01
3.804242e+13,7.899489e+01
1.022785e+14,5.621488e+01
2.659182e+13,2.624562e+01
1.355424e+13,7.899223e+01
5.819255e+13,4.720609e+01
2.461080e+13,7.918035e+01
2.870028e+14,7.279106e+01
5.735271e+13,5.062943e+01
1.610915e+13,7.898152e+01
9.598693e+12,7.899843e+01
2.466595e+13,2.654592e+01
5.838977e+13,3.777688e+01
1.700848e+13,7.898235e+01
2.009237e+13,7.899638e+01
5.810190e+13,4.456351e+01
2.125078e+14,8.000000e+01
4.642952e+14,8.000000e+01
2.676265e+19,8.000000e+01
2.676265e+19,8.000000e+01
2.049076e+13,7.887273e+01
1.067825e+13,7.899196e+01
1.811664e+15,8.000000e+01
1.424124e+14,8.000000e+01
1.424124e+14,8.000000e+01
1.007858e+13,7.898562e+01
1.343154e+14,8.000000e+01
1.771831e+13,7.899615e+01
1.233639e+14,4.396292e+01
1.475619e+13,7.899231e+01
8.625264e+13,7.267095e+01
2.010510e+13,7.874215e+01
3.295806e+13,3.177102e+01
1.099471e+16,8.000000e+01
5.088082e+14,8.000000e+01
2.429227e+13,2.726662e+01
2.013006e+14,7.531353e+01
2.729465e+13,2.726662e+01
6.070558e+14,8.000000e+01
1.041199e+13,7.899628e+01
1.902447e+13,7.899325e+01
5.046843e+13,3.969876e+01
2.228358e+13,7.892546e+01
3.189415e+13,4.990872e+01
9.732577e+13,6.318168e+01
9.732577e+13,6.318168e+01
1.626514e+14,8.000000e+01
8.545175e+19,8.000000e+01
8.545175e+19,8.000000e+01
8.545175e+19,8.000000e+01
8.545175e+19,8.000000e+01
8.545175e+19,8.000000e+01
8.545175e+19,8.000000e+01
8.545175e+19,8.000000e+01
8.545175e+19,8.000000e+01
3.064019e+13,2.900832e+01
3.990388e+13,7.896470e+01
1.503684e+14,8.000000e+01
1.503684e+14,8.000000e+01
5.493802e+13,4.071975e+01
2.759000e+14,8.000000e+01
2.759000e+14,8.000000e+01
5.152249e+13,4.816702e+01
4.026054e+14,8.000000e+01
4.026054e+14,8.000000e+01
1.778565e+14,6.222074e+01
2.288124e+13,7.885487e+01
1.718550e+13,7.897325e+01
9.203002e+13,8.000000e+01
9.203002e+13,8.000000e+01
3.691096e+13,3.087014e+01
1.315146e+13,1.500000e+01
4.841109e+13,5.327201e+01
4.183182e+13,7.899797e+01
1.424615e+13,7.899813e+01
1.753743e+13,4.999670e+00
1.130174e+13,7.899566e+01
3.399266e+13,4.999446e+00
4.559222e+15,8.000000e+01
1.130202e+13,7.899315e+01
1.467621e+14,6.882719e+01
5.097527e+13,3.627541e+01
5.048363e+13,3.573489e+01
2.512205e+13,3.026955e+01
9.643168e+17,8.000000e+01
9.643168e+17,8.000000e+01
2.326127e+13,5.098718e+01
1.224274e+13,7.897880e+01
1.390512e+13,7.899250e+01
4.003731e+13,3.819729e+01
2.110698e+13,7.898425e+01
1.489191e+14,8.000000e+01
5.820024e+14,8.000000e+01
3.714573e+13,3.579495e+01
1.722603e+14,5.261136e+01
4.330285e+13,3.759670e+01
1.204458e+14,7.969781e+01
1.204458e+14,7.969781e+01
1.833689e+13,7.893718e+01
1.000443e+14,5.465336e+01
4.297604e+13,3.435354e+01
2.125394e+13,3.119703e+01
6.230758e+14,8.000000e+01
6.230758e+14,8.000000e+01
1.884509e+14,8.000000e+01
4.943582e+14,8.000000e+01
5.864312e+13,3.879788e+01
2.006559e+14,6.912749e+01
4.708205e+13,3.735647e+01
1.569996e+14,7.900000e+01
3.840210e+13,3.405325e+01
3.393387e+13,3.867776e+01
1.853564e+14,8.000000e+01
1.544205e+14,5.579447e+01
4.283300e+13,3.062990e+01
2.640041e+13,2.768703e+01
1.226893e+14,5.597465e+01
8.957546e+13,5.135013e+01
1.044646e+13,7.899854e+01
1.213826e+14,4.768656e+01
1.612959e+13,7.899819e+01
1.029007e+13,7.898493e+01
1.651123e+13,7.894950e+01
4.877734e+13,4.492386e+01
2.936903e+13,7.899257e+01
3.746619e+16,8.000000e+01
3.746619e+16,8.000000e+01
3.999757e+14,6.666508e+01
3.666270e+13,5.000100e+00
3.272154e+14,8.000000e+01
3.272154e+14,8.000000e+01
3.272154e+14,8.000000e+01
3.450748e+13,3.393313e+01
2.042794e+13,7.896684e+01
5.420647e+14,8.000000e+01
1.587560e+13,7.899636e+01
5.997302e+13,2.654592e+01
1.720547e+13,7.896954e+01
1.992316e+14,8.000000e+01
1.992316e+14,8.000000e+01
1.992316e+14,8.000000e+01
4.628311e+14,8.000000e+01
4.628311e+14,8.000000e+01
3.751574e+13,3.843753e+01
1.315892e+14,8.000000e+01
4.906968e+14,8.000000e+01
7.257416e+13,4.846732e+01
6.537827e+13,5.000023e+00
6.537827e+13,7.894551e+01
9.058077e+13,8.000000e+01
2.103003e+13,7.898264e+01
2.849346e+13,7.899735e+01
3.384902e+13,3.213137e+01
2.212961e+13,7.898931e+01
3.738256e+13,2.792726e+01
1.199981e+13,7.899710e+01
1.488579e+14,8.000000e+01
1.488579e+14,8.000000e+01
1.488579e+14,8.000000e+01
2.830400e+13,3.002932e+01
4.865210e+13,4.288186e+01
1.036314e+14,6.726567e+01
2.272299e+13,7.899002e+01
1.387723e+13,7.899670e+01
1.436319e+13,4.999805e+00
2.220522e+13,4.998143e+00
1.498681e+14,8.000000e+01
1.498681e+14,8.000000e+01
5.370491e+13,3.747659e+01
4.932233e+13,3.603518e+01
2.495722e+13,2.618556e+01
3.424108e+13,7.899903e+01
3.424108e+13,7.899736e+01
5.717164e+15,8.000000e+01
5.717164e+15,8.000000e+01
4.074363e+13,3.591506e+01
8.982695e+13,5.135013e+01
4.726420e+13,3.399319e+01
8.988533e+13,5.531400e+01
1.060671e+14,8.000000e+01
2.028806e+13,7.896625e+01
2.648442e+13,2.774709e+01
2.299056e+14,6.936772e+01
3.239758e+13,3.135061e+01
9.550149e+12,1.900000e+01
1.457945e+13,7.899722e+01
1.215589e+14,8.000000e+01
1.215589e+14,8.000000e+01
7.950687e+13,4.648538e+01
3.811350e+13,5.000000e+00
1.056351e+15,8.000000e+01
1.330016e+14,8.000000e+01
1.895506e+13,7.899830e+01
1.727940e+14,6.636479e+01
3.043999e+13,2.972902e+01
1.361067e+14,8.000000e+01
1.361067e+14,8.000000e+01
1.738251e+14,6.162016e+01
1.435122e+13,7.898637e+01
1.811947e+14,8.000000e+01
1.811947e+14,8.000000e+01
6.190176e+13,7.899356e+01
6.190176e+13,7.899162e+01
1.763276e+13,7.899248e+01
2.044932e+13,5.454313e+01
1.551565e+13,5.000146e+00
3.716273e+13,3.273196e+01
2.351558e+13,7.898419e+01
3.773474e+14,8.000000e+01
3.773474e+14,8.000000e+01
1.853623e+14,8.000000e+01
1.853623e+14,8.000000e+01
2.724845e+13,6.789615e+01
3.062659e+14,7.507329e+01
6.416977e+13,6.774614e+01
1.956057e+13,7.899790e+01
1.096489e+16,8.000000e+01
1.096489e+16,8.000000e+01
1.291828e+13,7.896604e+01
1.658755e+13,7.896647e+01
1.115397e+13,7.899421e+01
8.478069e+13,7.899847e+01
5.092986e+13,3.819729e+01
9.066222e+13,7.261089e+01
9.066222e+13,7.261089e+01
2.274300e+14,8.000000e+01
2.274300e+14,8.000000e+01
4.727144e+17,8.000000e+01
4.727144e+17,8.000000e+01
4.727144e+17,8.000000e+01
1.888052e+13,7.898171e+01
5.335163e+13,5.000003e+00
5.335163e+13,7.062895e+01
9.720370e+12,7.899824e+01
1.676484e+13,7.899611e+01
3.211850e+13,7.878987e+01
8.265981e+13,3.933841e+01
1.226217e+13,7.899718e+01
3.452382e+13,7.865661e+01
1.005925e+14,4.846732e+01
4.166407e+13,3.711624e+01
1.922439e+13,7.898907e+01
1.338057e+13,7.894635e+01
1.948285e+13,7.893033e+01
1.161568e+13,7.899112e+01
7.274912e+13,4.666556e+01
9.836187e+13,6.384233e+01
2.578592e+13,7.899642e+01
2.112397e+13,7.897977e+01
4.982134e+14,8.000000e+01
5.067993e+13,3.975882e+01
1.388209e+14,8.000000e+01
1.388209e+14,8.000000e+01
3.942904e+13,4.138040e+01
1.564929e+13,7.899574e+01
1.959717e+13,7.620952e+01
2.470564e+13,7.875439e+01
2.884552e+13,7.898419e+01
4.394144e+14,8.000000e+01
2.492480e+14,8.000000e+01
2.492480e+14,8.000000e+01
8.627416e+13,4.504398e+01
1.724183e+13,6.807898e+01
1.055359e+14,4.936820e+01
1.252676e+14,7.471294e+01
6.808014e+13,3.747659e+01
3.946416e+13,7.899655e+01
3.946416e+13,7.899936e+01
5.323080e+13,3.597512e+01
6.715473e+13,3.981887e+01
6.718051e+13,4.438333e+01
9.578297e+13,4.534427e+01
1.669561e+14,8.000000e+01
1.669561e+14,8.000000e+01
3.575646e+13,3.062990e+01
4.477992e+13,4.999931e+00
4.477992e+13,4.999993e+00
1.222216e+13,7.899710e+01
1.867484e+13,7.899414e+01
2.274108e+13,7.899555e+01
2.169772e+13,2.390334e+01
2.542970e+14,8.000000e+01
2.542970e+14,8.000000e+01
2.542970e+14,8.000000e+01
1.936419e+13,7.898993e+01
8.490132e+13,6.612456e+01
8.490132e+13,6.612456e+01
4.448830e+13,3.159084e+01
1.127609e+14,5.945805e+01
2.917596e+13,2.948879e+01
9.608020e+12,7.896730e+01
2.637557e+14,8.000000e+01
1.207529e+13,7.864759e+01
1.703518e+14,5.315189e+01
2.308540e+13,2.438381e+01
3.410493e+13,3.237160e+01
1.612057e+15,8.000000e+01
2.158223e+13,2.468410e+01
3.015178e+13,2.918850e+01
1.459146e+13,7.899010e+01
1.098105e+14,4.732620e+01
9.532838e+13,7.899025e+01
9.532838e+13,7.898394e+01
1.303363e+15,8.000000e+01
1.303363e+15,8.000000e+01
4.033473e+13,5.000193e+00
4.033473e+13,7.886566e+01
3.019737e+13,3.315237e+01
1.932136e+13,4.999831e+00
1.020694e+14,5.717582e+01
1.785627e+13,7.896728e+01
2.732573e+13,7.897882e+01
1.585568e+13,4.999795e+00
3.006704e+13,2.900832e+01
1.714023e+13,7.899791e+01
6.818087e+14,7.321147e+01
5.503649e+13,3.549465e+01
1.461674e+14,8.000000e+01
1.842543e+13,7.918614e+01
1.965649e+14,8.000000e+01
5.668935e+13,3.147072e+01
4.336865e+14,8.000000e+01
2.153092e+13,4.999892e+00
1.780237e+13,7.889057e+01
2.404134e+13,7.897628e+01
8.813449e+15,8.000000e+01
3.184021e+13,3.303225e+01
5.129311e+14,8.000000e+01
2.961030e+14,6.119975e+01
2.896885e+13,7.899026e+01
8.659726e+12,7.453031e+01
1.878434e+13,7.898516e+01
1.956816e+13,7.899589e+01
2.046634e+14,8.000000e+01
2.046634e+14,8.000000e+01
2.072709e+13,7.898860e+01
4.129682e+14,8.000000e+01
1.311467e+14,4.780667e+01
7.989258e+14,7.417241e+01
2.643914e+13,7.899603e+01
5.212518e+15,8.000000e+01
4.000835e+13,4.138040e+01
1.482943e+13,7.899059e+01
4.381283e+13,3.639553e+01
4.895154e+13,4.023928e+01
1.458273e+13,7.899449e+01
4.839915e+13,7.892652e+01
5.085754e+13,4.426321e+01
3.099866e+13,2.264210e+01
1.215614e+13,7.887095e+01
2.865422e+13,7.898531e+01
4.408206e+13,7.899368e+01
2.955282e+13,2.660597e+01
3.816431e+14,6.348198e+01
3.997207e+13,4.114016e+01
3.270570e+13,2.624562e+01
6.324333e+13,5.771635e+01
6.828295e+13,3.813723e+01
1.563126e+13,7.899463e+01
1.493334e+13,7.899557e+01
7.884290e+13,4.966849e+01
7.345304e+13,5.849711e+01
7.345304e+13,7.899121e+01
1.732741e+13,7.892768e+01
1.897137e+14,5.789652e+01
3.076524e+13,2.918850e+01
1.844723e+13,7.899309e+01
8.490072e+13,4.768656e+01
8.533666e+13,4.390286e+01
1.217154e+16,8.000000e+01
1.217154e+16,8.000000e+01
2.059224e+14,5.879740e+01
3.135467e+13,3.044973e+01
2.134068e+13,4.999694e+00
1.798198e+14,8.000000e+01
1.798198e+14,8.000000e+01
1.282693e+14,4.606497e+01
5.524874e+13,3.549465e+01
4.607756e+13,3.705618e+01
1.846865e+15,8.000000e+01
3.260033e+13,3.129055e+01
7.486584e+13,4.059964e+01
6.041331e+13,4.083987e+01
4.914788e+13,6.079856e+01
1.348511e+13,7.898180e+01
9.756920e+13,5.471342e+01
1.399323e+13,7.899529e+01
3.691752e+15,8.000000e+01
1.644198e+13,7.899847e+01
9.295263e+13,5.849711e+01
9.774393e+13,3.987893e+01
1.223625e+13,7.899751e+01
1.236151e+13,7.898623e+01
2.831447e+13,3.026955e+01
2.137355e+13,7.899801e+01
2.300873e+13,7.897264e+01
3.275209e+13,3.032961e+01
1.232985e+13,7.899320e+01
2.345192e+13,7.899153e+01
2.695783e+13,2.636574e+01
2.341919e+14,5.573441e+01
1.286247e+14,7.219048e+01
1.743459e+14,6.564409e+01
9.243973e+12,7.899429e+01
9.416851e+12,7.899842e+01
1.319079e+13,7.899709e+01
4.443490e+13,3.177102e+01
4.000744e+13,7.897013e+01
1.188039e+13,7.899408e+01
8.755568e+13,4.774661e+01
4.340692e+13,3.621536e+01
2.108870e+13,7.891223e+01
3.899328e+14,8.000000e+01
1.393313e+13,4.999889e+00
1.802703e+13,7.897563e+01
7.068179e+13,3.813723e+01
4.645774e+13,4.065970e+01
3.794200e+13,7.897626e+01
1.754791e+14,4.852738e+01
2.357929e+14,8.000000e+01
2.357929e+14,8.000000e+01
2.357929e+14,8.000000e+01
1.284520e+14,4.864749e+01
3.944970e+13,7.898762e+01
2.832660e+13,7.898715e+01
1.431980e+13,7.899654e+01
1.134188e+15,7.447271e+01
9.407351e+17,7.164995e+01
6.727758e+13,5.008890e+01
1.723045e+17,8.000000e+01
3.271766e+13,3.093020e+01
6.064065e+13,3.519436e+01
2.126508e+13,4.999309e+00
3.415473e+13,7.896797e+01
1.784736e+13,7.897676e+01
7.476455e+15,8.000000e+01
3.457910e+14,8.000000e+01
8.308330e+13,4.077981e+01
1.253095e+15,8.000000e+01
3.065962e+14,6.390239e+01
1.096829e+14,4.666556e+01
2.337702e+13,2.600539e+01
7.195150e+13,2.300000e+01
1.034618e+14,6.312162e+01
2.686866e+13,2.600539e+01
6.213207e+13,5.549418e+01
2.243233e+13,5.000039e+00
2.950568e+13,2.840773e+01
1.221525e+14,4.186087e+01
1.369702e+14,7.771587e+01
7.510327e+13,5.098978e+01
1.901710e+14,5.237113e+01
2.160224e+13,7.898773e+01
2.547738e+14,6.996831e+01
2.457247e+13,4.995862e+00
4.893776e+14,8.000000e+01
1.642696e+13,7.899543e+01
4.012116e+13,3.699612e+01
1.165485e+14,4.702591e+01
2.825803e+13,7.899743e+01
2.336046e+13,7.899814e+01
2.431917e+13,7.891149e+01
3.687105e+13,4.017923e+01
3.708554e+13,5.000003e+00
3.708554e+13,7.898836e+01
5.179374e+13,3.741653e+01
2.436617e+14,7.477300e+01
1.715291e+13,4.999169e+00
6.474255e+13,6.642485e+01
1.074417e+14,3.915823e+01
3.850104e+13,5.000008e+00
3.850104e+13,4.396292e+01
1.015704e+13,7.899796e+01
3.315627e+13,7.899779e+01
3.469825e+13,7.899789e+01
5.038249e+13,5.237113e+01
9.946080e+13,4.318216e+01
2.441991e+14,8.000000e+01
2.120720e+14,5.459330e+01
1.875309e+13,7.899378e+01
1.301286e+13,1.699004e+01
2.112812e+14,7.585405e+01
7.251705e+13,5.231107e+01
2.716731e+13,7.897485e+01
1.415989e+13,7.899171e+01
1.005745e+14,6.720561e+01
1.005745e+14,6.720561e+01
1.264095e+14,5.261136e+01
1.598611e+13,7.899428e+01
5.889087e+13,6.594438e+01
1.512450e+13,7.895005e+01
5.719733e+13,3.939846e+01
1.303566e+13,7.899556e+01
9.766449e+12,2.100951e+01
3.343492e+13,3.279201e+01
1.454677e+13,7.059435e+01
8.601664e+13,4.858743e+01
3.602100e+14,8.000000e+01
3.602100e+14,8.000000e+01
1.624734e+13,7.897014e+01
4.032177e+14,8.000000e+01
4.032177e+14,8.000000e+01
4.032177e+14,8.000000e+01
4.032177e+14,8.000000e+01
4.032177e+14,8.000000e+01
1.367905e+13,7.899846e+01
1.093141e+14,5.303177e+01
1.548884e+14,4.116178e+01
5.424895e+13,4.186087e+01
1.529059e+14,8.000000e+01
1.909353e+13,7.870729e+01
1.758177e+14,5.255130e+01
1.712690e+13,7.899532e+01
9.365609e+13,4.240140e+01
2.909779e+13,2.732668e+01
2.413629e+15,2.682312e+01
9.319234e+13,4.210110e+01
2.178937e+14,5.279154e+01
3.512598e+13,2.870803e+01
5.043635e+13,3.915823e+01
4.628734e+13,5.000554e+00
4.628734e+13,5.000074e+00
9.636562e+13,6.378227e+01
1.311415e+14,4.918802e+01
4.714184e+13,4.768656e+01
4.794596e+13,3.279201e+01
1.705539e+14,6.510356e+01
1.965705e+13,7.899295e+01
2.459971e+13,2.666603e+01
8.206376e+13,5.525394e+01
3.100883e+13,7.896663e+01
7.533810e+13,4.876761e+01
5.577620e+13,3.993899e+01
2.765502e+14,8.000000e+01
1.997709e+14,5.477347e+01
1.003056e+14,3.097804e+01
1.003056e+14,6.960796e+01
3.941884e+13,3.213137e+01
5.877486e+13,5.261136e+01
4.454688e+13,3.741653e+01
2.545656e+13,7.894716e+01
2.682279e+13,3.189113e+01
1.183761e+13,7.899577e+01
3.809775e+13,3.537454e+01
3.929492e+13,3.723635e+01
1.587801e+14,6.276127e+01
1.850880e+14,4.924808e+01
4.640282e+14,8.000000e+01
1.504285e+13,2.698425e+01
2.310779e+13,7.898835e+01
9.179976e+13,7.201030e+01
1.385406e+13,5.086806e+01
3.068257e+14,8.000000e+01
3.068257e+14,8.000000e+01
1.785383e+15,7.891704e+01
1.722644e+13,5.000617e+00
2.543156e+15,8.000000e+01
2.543156e+15,8.000000e+01
5.313159e+13,3.555471e+01
2.583245e+13,2.618556e+01
3.994306e+13,2.918850e+01
1.087338e+13,7.899593e+01
8.743479e+13,4.648538e+01
1.948808e+13,4.998808e+00
1.416732e+13,3.498211e+01
1.562480e+14,8.000000e+01
1.562480e+14,8.000000e+01
3.002750e+13,2.930861e+01
1.265717e+13,7.894045e+01
1.616694e+13,7.899182e+01
1.492386e+13,7.899795e+01
4.205025e+13,3.345266e+01
2.057314e+14,5.393265e+01
2.917943e+13,2.690627e+01
2.401998e+13,2.618556e+01
2.430288e+13,7.899423e+01
1.238031e+13,7.899545e+01
2.376599e+13,2.480422e+01
1.307927e+13,7.899783e+01
3.049296e+13,7.899443e+01
3.395539e+13,3.147072e+01
9.665203e+13,5.633500e+01
1.368722e+13,7.899385e+01
2.912811e+14,6.480327e+01
2.649852e+13,2.714650e+01
1.457716e+13,7.899637e+01
4.417938e+14,8.000000e+01
4.417938e+14,8.000000e+01
4.417938e+14,8.000000e+01
1.048089e+13,7.899506e+01
1.415146e+13,7.899527e+01
2.705611e+14,8.000000e+01
3.091675e+13,2.714650e+01
5.136324e+13,7.899438e+01
7.053859e+13,6.246098e+01
2.953508e+13,7.898188e+01
5.384155e+13,3.501418e+01
2.555689e+13,5.752453e+01
7.428659e+13,5.639506e+01
3.271778e+13,7.897616e+01
4.193541e+13,3.207131e+01
1.230093e+14,5.663529e+01
5.916977e+13,4.999801e+00
4.984431e+13,4.999666e+00
1.599303e+13,7.899478e+01
1.947957e+13,7.899696e+01
5.903219e+13,5.591459e+01
1.540706e+13,7.897486e+01
2.929657e+13,7.898240e+01
5.798558e+13,5.699564e+01
5.798558e+13,5.000000e+00
1.161408e+14,4.690579e+01
1.736817e+13,7.898694e+01
1.281937e+15,8.000000e+01
2.148819e+14,8.000000e+01
2.598928e+13,2.528468e+01
1.441036e+14,8.000000e+01
1.441036e+14,8.000000e+01
1.441036e+14,5.000000e+00
4.710721e+13,3.555471e+01
9.639446e+13,6.384233e+01
1.862337e+13,7.899378e+01
1.091350e+13,7.899762e+01
1.842472e+13,4.999204e+00
2.564973e+13,7.893074e+01
5.271403e+14,8.000000e+01
2.014118e+13,7.899474e+01
4.958455e+13,5.243119e+01
1.472614e+15,8.000000e+01
1.472614e+15,8.000000e+01
1.503491e+13,7.898048e+01
8.211531e+13,7.969781e+01
1.726516e+14,7.507329e+01
1.726516e+14,7.507329e+01
2.915278e+13,7.888873e+01
4.064355e+13,3.297219e+01
7.236023e+13,4.156057e+01
1.588480e+14,4.552444e+01
1.444219e+14,8.000000e+01
1.933765e+13,7.899726e+01
7.215238e+13,4.918802e+01
2.997784e+13,2.666603e+01
1.647702e+13,7.897455e+01
2.769848e+13,2.678615e+01
1.514293e+13,7.898338e+01
2.793662e+13,3.129055e+01
2.504458e+13,2.768703e+01
3.317818e+14,5.837699e+01
6.729737e+13,3.879788e+01
8.450647e+13,4.132034e+01
2.769330e+15,6.077934e+01
2.235112e+14,8.000000e+01
1.047402e+14,5.765629e+01
4.007585e+13,3.002932e+01
1.132849e+13,7.899631e+01
3.118942e+13,4.312210e+01
1.056284e+14,7.237065e+01
2.198292e+13,7.924349e+01
1.193212e+14,6.630473e+01
1.782942e+13,7.896311e+01
1.512056e+13,7.899162e+01
3.694726e+13,7.897057e+01
9.621628e+13,4.192093e+01
6.066637e+13,5.000380e+00
6.066637e+13,5.000493e+00
2.136837e+13,7.886739e+01
2.851914e+14,8.000000e+01
2.851914e+14,8.000000e+01
2.498743e+13,2.564504e+01
1.327477e+14,8.000000e+01
1.327477e+14,8.000000e+01
1.551176e+13,7.898783e+01
9.186103e+13,5.525394e+01
2.465620e+13,2.882814e+01
2.653408e+14,8.000000e+01
1.664884e+13,7.899812e+01
1.390548e+13,3.102254e+01
5.948283e+13,7.897632e+01
1.658929e+14,6.216069e+01
4.367428e+13,4.204104e+01
5.228298e+13,5.000004e+00
5.228298e+13,5.717582e+01
1.834910e+14,5.639506e+01
1.660896e+13,7.895764e+01
1.772987e+14,4.570462e+01
1.276476e+13,4.999615e+00
4.263481e+13,7.899282e+01
4.263481e+13,7.899818e+01
2.817840e+13,7.130559e+01
9.056848e+13,3.993899e+01
2.694324e+13,3.135061e+01
1.406454e+13,7.899731e+01
1.864404e+13,4.999498e+00
3.147487e+13,3.213137e+01
2.284804e+13,7.898460e+01
2.622195e+13,7.899544e+01
1.040323e+14,5.957816e+01
1.618321e+14,4.996878e+01
6.847831e+13,4.786673e+01
4.833925e+14,8.000000e+01
3.280612e+13,3.465383e+01
3.910280e+14,5.723588e+01
1.404779e+13,7.899637e+01
1.955214e+14,8.000000e+01
1.955214e+14,8.000000e+01
7.072200e+13,4.999619e+00
7.072200e+13,5.000043e+00
4.355142e+14,7.705523e+01
1.968061e+14,5.098978e+01
9.956312e+13,5.687553e+01
9.956312e+13,5.687553e+01
2.072368e+13,7.898644e+01
7.355234e+13,4.108011e+01
4.500884e+13,3.309231e+01
2.001117e+14,6.288139e+01
5.122937e+14,7.675493e+01
3.282544e+13,2.888820e+01
7.958220e+16,8.000000e+01
9.047956e+13,6.534379e+01
2.095389e+14,7.140972e+01
8.278236e+13,5.795658e+01
6.528517e+13,5.171048e+01
2.409715e+13,7.898471e+01
1.340944e+13,7.912540e+01
7.789609e+13,5.231107e+01
1.282374e+14,6.612456e+01
4.433369e+13,3.693606e+01
1.007872e+15,7.014848e+01
7.014326e+13,4.077981e+01
8.222009e+13,4.198099e+01
6.244991e+13,3.927835e+01
1.018851e+14,4.264163e+01
2.122099e+14,8.000000e+01
3.519358e+15,8.000000e+01
1.191154e+14,7.062895e+01
1.191154e+14,7.062895e+01
2.028088e+13,7.899817e+01
3.547100e+13,3.975882e+01
1.548086e+14,5.999858e+01
5.719191e+13,3.753665e+01
4.997509e+13,3.885794e+01
1.295641e+14,4.492386e+01
4.145992e+13,5.771635e+01
2.309798e+13,7.892336e+01
4.060888e+13,7.895383e+01
4.060888e+13,5.000016e+00
2.240600e+13,7.896679e+01
1.669174e+14,7.729546e+01
1.669174e+14,7.729546e+01
3.040373e+13,3.189113e+01
1.518233e+14,5.609476e+01
7.593736e+14,8.000000e+01
7.593736e+14,8.000000e+01
7.593736e+14,8.000000e+01
7.373643e+13,7.897289e+01
3.692414e+13,3.171096e+01
4.667302e+13,3.339260e+01
1.243279e+14,7.895012e+01
3.019219e+13,2.822756e+01
4.806051e+13,6.498344e+01
1.644079e+13,7.899441e+01
6.480112e+13,8.000000e+01
8.137491e+14,8.000000e+01
8.137491e+14,8.000000e+01
2.081569e+13,7.898614e+01
2.043689e+13,7.899313e+01
3.122570e+13,7.899525e+01
2.225239e+13,4.999769e+00
3.785953e+13,4.089993e+01
7.278212e+14,8.000000e+01
7.278212e+14,8.000000e+01
6.586572e+13,3.657571e+01
1.224182e+13,7.899724e+01
1.430019e+14,8.000000e+01
1.430019e+14,8.000000e+01
1.430019e+14,8.000000e+01
5.318740e+13,4.336233e+01
2.192228e+13,7.899217e+01
1.063221e+13,7.899645e+01
1.496486e+13,7.899837e+01
4.938154e+13,7.935525e+01
8.537264e+13,4.510403e+01
4.935905e+13,5.201078e+01
4.935905e+13,5.201078e+01
4.571199e+13,4.102005e+01
4.267550e+13,4.210110e+01
2.644607e+14,8.000000e+01
9.754289e+14,8.000000e+01
8.971134e+13,7.189018e+01
8.971134e+13,7.189018e+01
1.577539e+13,7.898341e+01
3.108113e+14,8.000000e+01
2.831525e+13,7.944206e+01
9.798860e+14,8.000000e+01
8.344291e+13,5.705570e+01
8.344291e+13,5.705570e+01
3.906779e+13,2.497683e+01
1.314690e+13,7.897745e+01
2.101377e+13,2.252199e+01
1.686531e+13,7.898998e+01
9.635492e+13,4.210110e+01
5.635944e+13,4.198099e+01
4.316332e+13,7.894865e+01
1.273659e+13,7.899800e+01
1.314434e+13,7.899745e+01
4.716787e+14,8.000000e+01
2.035038e+14,5.825687e+01
2.081486e+13,2.246193e+01
1.666655e+13,7.899588e+01
1.932825e+13,7.809094e+01
1.694975e+13,7.897191e+01
3.333160e+13,3.062990e+01
3.435519e+16,7.279106e+01
8.218477e+13,6.756596e+01
7.816699e+13,4.870755e+01
1.280042e+14,5.309183e+01
5.496752e+13,3.579495e+01
2.183257e+13,7.898624e+01
5.477970e+17,8.000000e+01
3.780331e+14,5.495365e+01
1.971518e+14,5.585453e+01
1.331232e+13,7.898250e+01
2.776170e+13,7.897778e+01
2.042310e+13,7.899632e+01
2.695370e+13,7.899740e+01
2.695370e+13,7.899837e+01
1.290337e+14,5.351224e+01
5.130970e+13,3.453371e+01
3.889440e+13,3.603518e+01
9.224118e+12,7.899145e+01
9.025238e+12,7.899278e+01
5.800306e+13,4.582474e+01
3.133143e+19,8.000000e+01
3.133143e+19,8.000000e+01
3.133143e+19,8.000000e+01
3.133143e+19,8.000000e+01
3.133143e+19,8.000000e+01
2.805151e+13,7.898253e+01
3.538900e+14,6.648491e+01
9.724287e+13,8.000000e+01
9.724287e+13,5.000000e+00
8.644606e+13,4.384280e+01
2.187130e+13,7.899424e+01
1.295496e+13,7.899606e+01
6.957053e+14,8.000000e+01
2.211253e+14,8.000000e+01
2.211253e+14,8.000000e+01
9.190170e+13,5.116996e+01
3.252868e+13,7.921881e+01
1.136288e+14,4.402298e+01
1.212309e+14,5.537406e+01
5.457653e+14,8.000000e+01
3.034418e+13,2.726662e+01
4.256311e+13,7.883561e+01
4.256311e+13,5.517340e+01
3.417815e+13,3.789700e+01
4.205575e+13,7.899470e+01
3.781681e+13,4.999695e+00
2.394972e+13,4.999994e+00
1.309272e+13,7.899483e+01
6.016266e+13,5.315189e+01
3.253257e+13,7.899396e+01
1.318171e+13,7.899744e+01
1.442664e+13,7.898910e+01
1.611830e+13,7.899813e+01
7.597106e+13,5.723588e+01
2.171698e+13,2.456398e+01
1.462075e+14,7.615435e+01
3.749908e+13,3.711624e+01
1.656526e+13,7.899340e+01
2.062503e+14,8.000000e+01
2.062503e+14,8.000000e+01
1.621116e+13,7.897386e+01
1.097514e+14,8.000000e+01
1.097514e+14,8.000000e+01
1.585735e+14,7.801617e+01
6.902524e+13,6.642485e+01
3.026215e+13,7.899753e+01
1.293629e+15,8.000000e+01
2.208678e+13,4.999087e+00
4.587256e+13,3.062990e+01
5.594813e+13,4.846732e+01
1.187265e+13,7.899769e+01
1.900279e+13,4.999671e+00
6.800902e+13,3.879788e+01
1.129842e+13,7.899626e+01
7.044738e+13,2.290455e+01
4.393185e+14,8.000000e+01
7.834972e+13,7.759576e+01
7.834972e+13,7.759576e+01
1.536615e+13,5.916204e+01
1.107970e+13,6.651210e+01
5.086389e+13,3.789700e+01
1.253608e+13,7.899383e+01
1.519035e+13,7.899856e+01
2.974519e+14,2.900000e+01
1.300995e+13,6.473019e+01
5.328261e+13,5.000064e+00
5.328261e+13,5.189066e+01
7.429133e+14,7.591411e+01
2.701585e+13,7.897947e+01
1.510867e+13,7.899576e+01
2.719429e+14,8.000000e+01
7.519629e+13,5.579447e+01
5.227217e+14,8.000000e+01
5.227217e+14,8.000000e+01
5.495944e+14,8.000000e+01
8.417670e+14,8.000000e+01
8.417670e+14,8.000000e+01
5.585069e+13,4.654544e+01
2.959307e+13,2.840773e+01
3.196779e+13,3.032961e+01
3.382621e+13,2.834768e+01
5.196821e+14,8.000000e+01
2.794130e+13,7.899273e+01
1.487638e+13,7.899718e+01
4.692412e+13,3.837747e+01
1.618170e+14,8.000000e+01
1.663597e+14,8.000000e+01
3.072374e+13,3.543459e+01
2.307186e+13,2.552492e+01
4.628612e+13,3.735647e+01
4.996809e+13,3.279201e+01
2.609379e+13,2.798732e+01
3.697138e+13,7.899668e+01
5.062153e+13,7.911952e+01
7.158267e+13,4.450345e+01
3.844333e+13,3.687600e+01
1.153712e+14,7.393218e+01
1.153712e+14,7.393218e+01
1.335482e+13,7.899373e+01
1.177482e+13,6.866752e+01
4.002631e+14,5.771635e+01
9.994376e+13,6.384233e+01
5.000468e+13,3.945852e+01
3.931517e+13,3.399319e+01
1.364537e+14,7.074907e+01
1.917975e+14,8.000000e+01
1.917975e+14,8.000000e+01
7.098373e+13,7.195024e+01
2.710559e+14,8.000000e+01
2.710559e+14,8.000000e+01
1.173723e+17,8.000000e+01
9.779455e+13,5.819682e+01
2.767887e+13,2.702639e+01
8.484716e+13,4.864749e+01
3.535685e+14,8.000000e+01
1.161655e+13,7.897440e+01
5.277767e+13,3.825735e+01
1.451873e+14,5.080960e+01
2.710382e+13,2.858791e+01
1.813197e+13,7.899698e+01
3.612147e+13,3.068996e+01
3.469005e+13,2.906838e+01
1.603430e+13,7.893881e+01
1.465875e+14,7.573394e+01
1.465875e+14,7.573394e+01
2.431777e+13,7.899175e+01
7.944515e+13,4.089993e+01
1.582435e+14,8.000000e+01
2.550467e+13,2.780715e+01
5.626634e+13,3.519436e+01
9.138559e+14,8.000000e+01
9.138559e+14,8.000000e+01
1.890447e+13,7.899390e+01
1.434438e+13,7.899051e+01
7.376150e+13,7.008843e+01
7.376150e+13,6.605006e+01
4.104707e+13,3.399319e+01
1.912926e+13,7.893667e+01
2.772386e+13,2.930861e+01
2.090816e+13,7.899042e+01
3.147493e+13,3.243166e+01
5.430037e+13,4.899457e+01
3.452808e+13,2.762697e+01
4.148882e+13,4.504398e+01
1.814608e+13,7.898657e+01
7.302164e+13,5.939799e+01
7.302164e+13,5.939799e+01
2.253403e+13,7.899560e+01
1.938744e+14,8.000000e+01
1.190687e+13,7.898313e+01
4.408827e+14,8.000000e+01
5.411366e+13,3.525442e+01
1.334852e+13,4.999862e+00
5.398868e+13,5.453324e+01
5.398868e+13,5.453324e+01
2.245699e+13,7.896067e+01
9.164143e+13,5.591459e+01
7.740120e+13,4.480374e+01
6.120933e+13,3.567483e+01
2.055827e+13,7.898874e+01
8.217713e+13,6.119975e+01
3.508869e+14,8.000000e+01
1.164409e+13,7.899595e+01
3.743580e+13,3.008938e+01
1.036370e+14,4.888773e+01
1.282711e+14,5.171048e+01
2.009384e+13,7.898809e+01
1.178254e+13,7.896497e+01
1.287498e+13,7.899654e+01
4.219012e+14,8.000000e+01
1.431937e+13,7.898149e+01
2.284647e+14,7.074907e+01
3.908350e+13,5.000426e+00
5.229282e+13,3.789700e+01
1.183204e+13,7.899522e+01
2.433119e+14,7.164995e+01
2.384242e+13,7.899627e+01
7.354422e+13,8.000000e+01
7.354422e+13,8.000000e+01
1.236286e+14,8.000000e+01
4.119873e+14,8.000000e+01
4.119873e+14,8.000000e+01
4.119873e+14,8.000000e+01
1.785561e+13,7.898972e+01
1.171687e+14,8.000000e+01
2.097988e+14,8.000000e+01
2.097988e+14,8.000000e+01
2.097988e+14,8.000000e+01
4.228931e+13,3.537454e+01
8.538671e+13,5.195072e+01
2.931160e+13,6.805873e+01
3.107870e+13,7.895524e+01
4.272758e+13,7.899625e+01
7.745375e+14,8.000000e+01
4.171770e+13,3.225149e+01
3.951282e+14,8.000000e+01
4.767582e+13,4.029934e+01
5.377809e+13,7.900094e+01
5.377809e+13,6.816655e+01
1.332027e+13,1.899039e+01
1.620242e+13,7.899241e+01
2.898139e+13,4.999724e+00
5.949444e+13,3.663577e+01
1.612251e+13,7.899406e+01
1.520680e+13,7.899475e+01
9.424168e+13,2.297451e+01
7.593230e+13,5.104984e+01
3.644232e+13,7.898489e+01
3.983182e+13,7.899193e+01
1.600697e+13,7.898180e+01
1.034212e+14,8.000000e+01
1.096829e+14,4.768656e+01
1.066813e+14,4.114016e+01
3.258591e+13,3.573489e+01
7.584934e+13,8.000000e+01
7.584934e+13,8.000000e+01
7.873341e+13,6.624467e+01
6.746042e+13,5.753617e+01
1.780287e+13,7.898722e+01
8.442915e+14,7.933746e+01
3.295373e+13,3.261184e+01
1.261793e+14,7.828910e+01
1.261793e+14,8.000000e+01
6.897602e+13,3.813723e+01
1.161269e+14,5.123001e+01
1.020736e+14,6.720561e+01
4.795126e+13,3.189113e+01
3.611433e+13,3.111037e+01
5.418192e+15,8.000000e+01
5.418192e+15,8.000000e+01
1.541675e+13,6.290276e+01
2.919415e+13,2.918850e+01
1.555544e+13,7.899389e+01
7.066618e+13,5.237113e+01
1.625786e+13,7.899441e+01
2.133141e+13,7.899295e+01
2.171592e+13,4.700400e+01
2.611133e+13,7.390976e+01
1.371639e+13,7.897914e+01
1.269255e+13,7.899784e+01
1.530842e+14,8.000000e+01
1.530842e+14,8.000000e+01
2.228506e+13,7.898705e+01
9.794714e+14,8.000000e+01
9.794714e+14,8.000000e+01
1.175310e+13,7.899606e+01
5.197398e+13,3.747659e+01
5.927213e+13,3.867776e+01
2.017262e+14,6.294145e+01
1.783487e+13,7.899363e+01
2.162605e+14,6.168022e+01
7.666160e+13,5.441312e+01
3.937912e+13,7.899699e+01
2.594536e+13,7.898646e+01
1.910990e+13,7.899789e+01
7.973941e+13,7.177007e+01
4.857150e+13,4.150052e+01
5.883834e+13,4.648538e+01
2.820154e+13,3.032961e+01
1.329398e+13,7.899842e+01
2.030716e+13,7.895063e+01
7.840697e+13,5.543412e+01
7.840697e+13,5.543412e+01
5.103509e+13,4.192093e+01
2.660495e+13,4.999655e+00
1.985983e+14,8.000000e+01
2.667957e+13,2.702639e+01
8.954416e+14,8.000000e+01
1.387214e+13,7.899610e+01
1.859677e+13,7.890431e+01
4.051490e+13,3.105031e+01
7.663338e+13,6.330180e+01
7.663338e+13,6.330180e+01
1.801955e+14,7.741558e+01
2.834788e+13,7.899772e+01
8.728805e+13,7.900125e+01
8.728805e+13,8.000000e+01
2.032112e+14,3.668308e+01
4.736947e+13,3.735647e+01
6.234008e+13,3.825735e+01
1.264996e+13,7.899656e+01
8.429359e+13,3.861770e+01
2.073000e+14,8.000000e+01
1.603153e+15,8.000000e+01
1.862572e+13,7.912489e+01
2.792716e+14,7.297124e+01
4.344217e+13,3.273196e+01
5.817340e+13,4.606497e+01
5.162804e+16,8.000000e+01
6.690700e+13,7.899359e+01
6.690700e+13,7.899622e+01
2.434164e+14,7.417241e+01
2.503767e+13,2.582521e+01
2.947976e+13,2.990920e+01
3.966397e+14,8.000000e+01
3.966397e+14,8.000000e+01
1.542889e+13,7.582084e+01
2.998913e+13,3.026955e+01
6.718570e+13,3.549465e+01
2.187783e+13,7.899855e+01
1.365049e+13,4.999736e+00
3.677291e+13,3.207131e+01
6.938827e+13,6.480327e+01
2.515036e+14,8.000000e+01
2.209943e+14,5.519388e+01
6.218833e+13,4.132034e+01
3.952843e+13,2.972902e+01
2.018471e+14,2.283557e+01
1.762382e+13,7.898606e+01
4.197380e+14,8.000000e+01
4.729803e+13,3.483401e+01
4.274833e+13,7.895846e+01
2.868738e+13,3.056984e+01
2.280975e+15,8.000000e+01
9.579655e+13,6.582426e+01
6.578640e+13,7.273101e+01
6.578640e+13,4.998502e+00
8.834689e+13,5.357230e+01
3.782978e+14,6.750590e+01
2.809743e+14,7.483306e+01
3.575142e+13,4.102005e+01
1.518201e+13,7.899731e+01
6.208302e+13,3.561477e+01
3.773899e+14,8.000000e+01
3.773899e+14,8.000000e+01
3.773899e+14,8.000000e+01
6.519149e+14,8.000000e+01
6.519149e+14,8.000000e+01
2.347001e+13,2.402345e+01
2.613840e+13,7.899512e+01
2.149142e+17,8.000000e+01
2.149142e+17,8.000000e+01
2.149142e+17,8.000000e+01
2.149142e+17,8.000000e+01
2.300373e+13,4.999945e+00
4.225577e+13,3.399319e+01
2.804957e+13,2.870803e+01
9.271043e+13,8.000000e+01
3.168657e+13,4.999538e+00
2.093416e+13,7.898681e+01
1.298147e+13,7.899542e+01
8.122924e+13,5.543412e+01
4.264396e+15,8.000000e+01
3.040286e+13,2.918850e+01
2.008955e+13,7.899812e+01
4.535808e+13,3.615530e+01
1.033877e+13,7.899281e+01
1.007522e+14,8.000000e+01
2.588338e+13,2.534474e+01
2.223110e+13,7.651311e+01
2.036985e+13,4.999976e+00
2.053194e+13,7.898690e+01
2.954953e+13,7.892971e+01
7.171200e+13,6.011869e+01
1.219673e+14,6.258110e+01
2.539918e+13,7.899200e+01
1.631976e+13,7.899653e+01
2.367410e+14,6.660503e+01
1.846932e+14,7.189018e+01
6.197592e+13,4.300198e+01
4.400892e+13,5.255130e+01
1.902406e+13,7.899574e+01
2.237523e+14,8.000000e+01
2.544313e+13,7.888301e+01
4.994552e+13,3.813723e+01
3.692100e+13,4.999940e+00
8.239047e+13,4.402298e+01
1.816630e+14,7.339165e+01
3.128477e+13,4.999258e+00
3.323274e+13,3.207131e+01
2.205466e+13,7.899535e+01
4.855482e+15,8.000000e+01
4.855482e+15,8.000000e+01
4.855482e+15,8.000000e+01
3.641428e+13,7.892288e+01
1.102924e+14,4.990872e+01
3.115143e+13,7.898716e+01
9.614573e+14,8.000000e+01
9.614573e+14,8.000000e+01
1.894991e+15,7.693511e+01
7.822471e+14,6.822661e+01
3.642666e+13,7.898751e+01
1.348711e+13,7.899778e+01
2.416220e+14,7.471294e+01
2.621469e+13,2.522463e+01
1.127478e+13,7.899583e+01
1.346870e+14,6.978813e+01
1.001175e+14,6.168022e+01
1.573892e+13,7.899412e+01
7.387396e+14,6.588432e+01
8.094757e+13,5.687553e+01
1.321918e+14,5.591459e+01
3.578357e+13,5.499548e+01
2.238063e+14,8.000000e+01
2.238063e+14,8.000000e+01
8.512769e+13,4.768656e+01
2.299871e+13,5.496037e+01
1.206270e+14,5.243119e+01
4.422055e+14,6.942778e+01
2.566397e+15,7.777593e+01
1.450522e+14,6.204057e+01
3.456613e+13,3.020949e+01
9.406408e+13,7.002837e+01
3.948708e+13,4.999903e+00
4.712541e+14,8.000000e+01
4.712541e+14,8.000000e+01
6.099940e+13,3.735647e+01
3.241113e+13,3.705618e+01
7.874569e+13,3.885794e+01
2.358091e+13,7.899549e+01
3.547999e+15,8.000000e+01
1.803147e+13,7.899724e+01
1.817954e+14,6.858696e+01
9.440814e+13,5.339213e+01
4.753151e+13,3.783694e+01
2.003712e+13,7.899510e+01
1.447431e+13,2.099996e+01
4.790731e+13,3.705618e+01
1.875656e+13,7.886630e+01
1.302212e+13,7.898673e+01
3.892133e+13,3.333254e+01
9.086251e+13,5.171048e+01
1.631326e+14,6.870708e+01
2.964074e+13,7.899571e+01
4.844753e+13,3.255178e+01
3.958373e+13,7.899877e+01
3.958373e+13,7.899591e+01
1.063884e+15,8.000000e+01
2.402447e+13,7.894106e+01
2.271494e+13,2.498439e+01
6.035880e+13,4.071975e+01
1.434419e+13,7.898611e+01
6.212827e+15,8.000000e+01
2.692161e+13,2.786721e+01
3.855945e+13,4.492386e+01
6.803859e+13,4.999949e+00
6.514224e+13,3.339260e+01
7.908347e+13,5.807670e+01
8.842158e+13,6.408256e+01
8.842158e+13,6.408256e+01
6.886312e+13,4.126028e+01
5.485341e+13,3.483401e+01
1.118665e+15,8.000000e+01
1.118665e+15,8.000000e+01
6.734302e+13,4.264163e+01
5.705865e+13,3.897805e+01
2.064173e+14,8.000000e+01
2.064173e+14,5.000009e+00
2.064173e+14,8.000000e+01
8.842592e+13,4.834720e+01
3.143017e+13,7.898884e+01
3.225337e+14,8.000000e+01
3.225337e+14,8.000000e+01
2.970752e+13,1.896248e+01
1.549957e+13,7.896080e+01
1.645564e+14,7.321147e+01
1.082080e+14,7.906412e+01
1.082080e+14,8.000000e+01
2.021506e+14,8.000000e+01
2.021506e+14,8.000000e+01
2.021506e+14,8.000000e+01
1.018673e+13,7.898920e+01
1.549594e+14,4.948831e+01
7.484575e+13,4.888773e+01
4.996380e+13,4.005911e+01
6.319397e+13,4.618509e+01
1.463321e+13,7.899175e+01
3.995985e+13,7.896168e+01
4.210706e+15,8.000000e+01
4.210706e+15,8.000000e+01
2.807520e+13,3.369289e+01
2.649474e+13,2.702639e+01
9.486563e+13,4.204104e+01
1.915909e+13,7.861362e+01
2.273949e+13,2.516457e+01
2.024276e+13,7.899105e+01
2.064183e+13,7.899482e+01
7.612800e+14,3.032784e+01
3.394883e+13,2.930861e+01
6.440423e+13,4.312210e+01
9.223703e+13,6.368786e+01
9.223703e+13,8.000000e+01
1.987100e+13,7.892526e+01
3.879159e+13,4.888773e+01
8.240541e+13,4.192093e+01
4.852309e+14,8.000000e+01
9.047976e+13,4.660550e+01
1.365150e+14,5.963822e+01
2.914743e+14,5.933793e+01
1.012681e+14,8.000000e+01
3.071439e+14,5.915775e+01
1.849623e+14,8.000000e+01
5.806346e+13,6.011869e+01
2.650449e+13,2.694550e+01
5.306743e+13,4.354251e+01
1.168176e+13,7.899465e+01
2.533034e+14,6.912749e+01
7.710574e+13,3.939846e+01
1.152781e+14,4.420315e+01
6.440284e+13,4.095999e+01
3.475406e+13,4.300000e+01
1.814280e+15,8.000000e+01
1.814280e+15,8.000000e+01
4.746405e+13,3.177102e+01
1.242565e+19,8.000000e+01
1.242565e+19,8.000000e+01
1.242565e+19,8.000000e+01
1.242565e+19,8.000000e+01
2.801541e+13,7.895488e+01
1.558151e+13,7.899053e+01
4.512165e+13,4.071975e+01
1.059867e+14,6.011869e+01
1.062784e+15,8.000000e+01
4.512946e+13,4.999994e+00
4.512946e+13,7.898346e+01
1.580724e+13,7.898959e+01
2.700806e+13,2.726662e+01
1.754710e+13,7.899465e+01
3.814893e+13,7.834951e+01
3.963132e+13,3.111037e+01
2.206656e+13,7.898585e+01
1.767514e+14,7.128960e+01
1.068332e+13,7.899737e+01
2.867138e+14,8.000000e+01
2.867138e+14,8.000000e+01
1.396495e+13,7.899484e+01
4.629109e+14,6.378227e+01
2.361601e+13,5.262164e+01
6.622665e+13,6.678520e+01
6.684510e+13,4.378274e+01
7.128785e+13,4.894779e+01
2.317503e+13,7.896193e+01
1.369423e+14,8.000000e+01
1.369423e+14,8.000000e+01
2.139543e+13,4.899277e+01
3.426090e+14,8.000000e+01
2.890323e+13,7.899771e+01
8.470805e+13,4.999940e+00
8.470805e+13,4.999943e+00
3.143459e+14,6.702544e+01
1.326047e+14,5.885746e+01
5.172382e+13,4.726614e+01
6.532466e+13,4.288186e+01
2.308568e+13,7.859388e+01
4.200635e+13,7.899653e+01
6.431929e+13,5.129007e+01
7.395943e+13,6.564409e+01
7.395943e+13,6.564409e+01
3.691838e+13,7.103303e+01
5.534303e+13,4.780667e+01
1.935772e+13,7.899091e+01
2.188558e+13,7.898880e+01
1.236172e+13,7.899721e+01
1.381092e+13,7.899605e+01
3.204289e+14,8.000000e+01
2.048169e+13,7.893532e+01
2.913808e+13,2.738674e+01
1.125671e+13,7.899679e+01
8.679836e+13,4.336233e+01
3.627655e+13,7.899485e+01
1.975648e+13,7.899657e+01
1.250426e+13,7.899672e+01
3.457606e+13,7.899635e+01
3.457606e+13,7.899987e+01
6.711100e+13,4.666556e+01
2.002873e+13,6.194804e+01
3.291238e+13,7.899433e+01
2.949713e+13,2.690627e+01
1.818226e+13,7.898736e+01
6.331669e+14,8.000000e+01
1.898136e+13,7.899564e+01
4.562548e+13,3.657571e+01
3.530536e+14,8.000000e+01
3.530536e+14,8.000000e+01
6.559406e+13,5.399271e+01
9.916618e+13,4.174075e+01
9.537267e+13,4.089993e+01
1.008021e+14,7.465288e+01
1.008021e+14,7.465288e+01
1.171203e+14,6.011869e+01
2.056427e+14,8.000000e+01
1.741524e+13,7.899231e+01
3.830540e+14,5.615482e+01
1.496753e+14,8.000000e+01
1.496753e+14,8.000000e+01
3.705450e+13,3.669583e+01
2.200625e+14,5.867729e+01
2.946252e+13,7.899315e+01
6.862653e+13,4.828714e+01
1.392986e+17,8.000000e+01
1.392986e+17,8.000000e+01
1.392986e+17,8.000000e+01
9.590236e+12,7.899343e+01
2.020579e+13,7.898726e+01
3.674855e+13,3.297219e+01
4.434408e+13,7.899647e+01
3.572130e+13,2.990920e+01
1.183540e+13,7.899662e+01
2.451041e+13,2.642580e+01
1.080069e+13,7.899795e+01
2.979804e+13,7.899538e+01
2.064886e+14,8.000000e+01
2.064886e+14,8.000000e+01
8.316918e+13,5.207084e+01
6.514304e+13,5.633500e+01
6.514304e+13,5.633500e+01
8.618041e+13,7.885699e+01
5.351628e+13,3.765676e+01
1.674441e+13,7.899602e+01
3.441331e+13,4.210110e+01
1.209743e+13,7.899709e+01
4.076191e+15,8.000000e+01
4.076191e+15,8.000000e+01
4.488935e+14,7.717534e+01
1.389361e+13,6.906242e+01
1.842699e+13,5.840184e+01
2.818795e+14,8.000000e+01
2.818795e+14,8.000000e+01
4.998884e+13,3.591506e+01
2.810755e+13,2.762697e+01
2.941358e+13,2.786721e+01
2.554112e+13,2.438381e+01
2.593773e+13,7.899525e+01
9.763848e+13,8.000000e+01
2.986950e+13,7.874188e+01
1.396129e+14,4.750638e+01
2.118345e+13,7.897811e+01
2.862942e+14,5.687553e+01
2.410749e+13,7.813844e+01
1.131251e+14,8.000000e+01
1.976222e+13,7.899071e+01
1.270819e+13,7.899088e+01
2.287584e+13,2.396339e+01
1.274856e+15,8.000000e+01
1.348836e+14,7.483306e+01
3.586264e+13,3.399319e+01
3.528135e+13,2.828762e+01
8.218907e+14,7.921734e+01
3.935940e+13,4.474368e+01
3.091569e+13,3.135061e+01
6.966933e+14,7.327153e+01
3.572698e+14,8.000000e+01
3.572698e+14,8.000000e+01
4.029845e+13,3.921829e+01
4.322855e+13,4.426321e+01
8.245924e+13,6.402250e+01
1.547506e+14,8.000000e+01
1.547506e+14,8.000000e+01
1.721639e+13,7.899578e+01
1.027566e+13,7.899750e+01
1.013298e+14,5.687553e+01
1.998364e+13,7.880770e+01
1.043199e+13,7.899156e+01
4.258188e+13,4.144046e+01
2.174608e+13,7.899695e+01
7.104115e+13,6.492338e+01
7.104115e+13,6.492338e+01
2.207303e+13,2.456398e+01
4.184645e+14,4.600491e+01
2.956642e+13,4.053958e+01
1.542849e+13,7.899624e+01
2.511067e+14,8.000000e+01
2.511067e+14,8.000000e+01
7.932099e+13,4.840726e+01
5.741758e+13,2.696786e+01
1.108571e+13,7.899686e+01
9.737921e+13,7.939751e+01
2.429717e+13,2.684621e+01
5.472925e+13,4.936820e+01
2.071155e+14,6.252104e+01
8.615836e+13,4.540433e+01
1.514927e+14,8.000000e+01
3.306928e+13,3.219143e+01
2.911980e+13,2.768703e+01
5.133417e+13,6.143998e+01
2.710878e+14,3.479603e+01
2.382382e+13,7.879192e+01
2.184808e+13,7.899322e+01
2.384411e+13,7.897790e+01
1.695599e+14,6.077934e+01
3.485694e+13,7.899776e+01
2.163027e+13,7.899731e+01
7.923366e+13,5.098978e+01
3.527130e+13,3.213137e+01
2.771949e+13,7.897807e+01
5.751281e+14,7.441265e+01
3.505907e+13,7.899469e+01
7.225909e+13,5.381254e+01
2.038143e+13,7.898972e+01
6.264581e+13,6.732573e+01
2.672506e+14,6.180033e+01
1.645568e+13,7.899456e+01
1.217968e+14,4.672562e+01
9.145304e+13,4.330228e+01
1.737287e+14,6.684526e+01
1.628523e+14,5.453324e+01
3.504852e+13,2.840773e+01
1.645849e+13,7.898277e+01
7.646099e+13,3.981887e+01
6.952057e+13,3.945852e+01
1.866231e+13,7.899641e+01
4.503139e+13,4.186087e+01
1.008428e+14,6.089945e+01
8.560547e+12,7.899855e+01
3.082836e+14,5.573441e+01
9.185971e+13,4.900785e+01
2.906536e+14,6.912749e+01
1.695286e+14,4.726614e+01
5.873902e+13,3.651565e+01
3.371352e+14,7.969781e+01
1.290792e+14,4.738626e+01
4.512681e+13,7.898720e+01
2.799233e+14,6.282133e+01
4.015638e+16,8.000000e+01
4.015638e+16,8.000000e+01
4.758550e+14,8.000000e+01
4.758550e+14,8.000000e+01
4.758550e+14,8.000000e+01
4.758550e+14,8.000000e+01
7.345223e+13,3.723635e+01
1.766010e+14,5.129007e+01
3.571210e+14,8.000000e+01
1.077416e+14,8.000000e+01
1.077416e+14,8.000000e+01
1.333155e+14,7.819634e+01
1.260990e+14,5.783646e+01
3.685187e+13,7.899212e+01
1.262845e+14,7.873687e+01
1.744703e+13,6.998827e+00
2.224077e+14,6.876714e+01
2.882520e+13,7.898748e+01
8.899634e+13,5.261136e+01
6.315298e+13,6.516362e+01
4.153302e+13,3.429348e+01
5.989139e+13,6.330180e+01
8.424205e+13,8.000000e+01
5.837407e+13,4.065970e+01
2.770209e+13,7.882641e+01
1.241413e+13,7.898341e+01
6.900605e+13,7.513335e+01
4.281427e+13,3.102121e+01
9.379080e+15,8.000000e+01
1.217218e+13,7.899020e+01
9.193290e+12,7.899429e+01
3.344954e+13,7.936806e+01
3.330431e+13,3.435354e+01
1.059329e+14,7.892352e+01
1.059329e+14,8.000000e+01
1.202006e+13,7.899844e+01
3.300916e+13,3.243166e+01
6.247977e+13,4.192093e+01
3.143002e+13,7.899397e+01
4.504403e+13,4.047952e+01
9.207373e+13,6.180033e+01
1.714499e+13,7.899399e+01
1.799851e+14,6.426274e+01
2.005527e+14,8.000000e+01
2.508201e+14,8.000000e+01
1.026112e+14,4.414310e+01
3.113101e+13,7.899291e+01
1.125876e+14,8.000000e+01
5.831553e+14,8.000000e+01
5.831553e+14,8.000000e+01
3.571395e+13,3.537454e+01
2.426283e+14,5.921781e+01
8.248923e+13,6.180033e+01
2.460810e+13,7.899703e+01
6.546602e+13,4.402298e+01
2.480619e+13,2.564504e+01
1.727632e+13,7.912916e+01
1.750367e+14,6.041899e+01
1.541278e+13,7.898997e+01
2.289812e+13,7.899570e+01
1.025190e+13,7.899840e+01
5.759506e+14,6.780620e+01
1.077169e+13,7.899385e+01
1.115572e+14,6.222074e+01
2.186112e+13,7.899795e+01
3.931725e+13,3.177102e+01
7.396564e+13,5.189066e+01
3.703957e+13,2.300246e+01
4.753566e+13,3.681594e+01
9.019554e+13,6.396245e+01
2.261404e+13,7.890206e+01
2.937210e+14,8.000000e+01
6.234863e+13,3.903811e+01
2.735430e+14,5.501371e+01
5.942546e+13,4.023928e+01
7.913074e+13,4.318216e+01
1.310860e+13,2.499884e+01
1.997484e+14,8.000000e+01
1.190443e+13,7.898664e+01
7.816386e+13,5.000037e+00
7.816386e+13,8.000000e+01
4.086303e+14,8.000000e+01
1.651034e+14,8.000000e+01
2.350986e+13,7.899563e+01
1.972928e+13,4.999701e+00
3.203151e+13,7.884587e+01
2.089290e+13,7.899364e+01
1.123722e+14,4.396292e+01
2.511537e+14,8.000000e+01
8.703946e+13,7.074907e+01
6.373808e+14,8.000000e+01
4.327793e+13,3.933841e+01
7.242368e+13,5.177054e+01
3.141310e+14,8.000000e+01
3.141310e+14,8.000000e+01
2.512559e+14,6.756596e+01
1.070086e+13,7.899411e+01
2.458543e+13,7.932106e+01
2.662139e+13,7.897074e+01
5.153050e+13,8.000000e+01
4.203593e+13,7.899540e+01
1.833173e+13,7.899509e+01
8.986629e+13,7.899281e+01
8.986629e+13,7.899898e+01
8.986629e+13,7.900016e+01
4.672357e+14,8.000000e+01
8.444163e+13,3.723635e+01
1.319910e+13,7.895633e+01
2.369900e+14,6.414262e+01
2.048568e+13,7.899747e+01
1.990489e+14,5.801664e+01
1.764877e+14,5.363236e+01
1.076083e+13,7.898476e+01
9.509369e+13,5.000017e+00
9.509369e+13,8.000000e+01
2.075612e+13,7.884587e+01
2.268289e+13,2.498439e+01
2.832277e+13,7.899567e+01
6.243782e+13,4.810697e+01
1.607125e+13,7.899150e+01
2.080012e+13,7.898969e+01
1.212351e+13,7.899773e+01
1.755762e+14,5.681547e+01
3.000621e+13,7.892795e+01
1.148369e+13,7.899384e+01
7.125803e+13,3.987893e+01
2.524139e+14,8.000000e+01
1.815442e+14,8.000000e+01
1.815442e+14,8.000000e+01
1.157523e+13,7.899679e+01
2.899446e+13,3.705618e+01
7.440797e+13,4.348245e+01
3.728524e+13,2.978908e+01
2.353300e+13,7.899136e+01
2.683894e+13,3.561477e+01
1.290933e+14,3.892205e+01
5.251644e+13,3.447366e+01
1.681960e+13,7.896436e+01
1.588717e+14,6.876714e+01
2.437418e+13,7.898343e+01
2.348511e+13,2.498439e+01
5.035327e+13,3.819729e+01
1.704725e+14,6.738579e+01
1.839930e+14,6.858696e+01
3.603620e+13,2.960891e+01
1.240986e+14,5.969828e+01
4.691531e+13,7.899674e+01
6.488455e+13,4.047952e+01
3.397668e+14,8.000000e+01
3.397668e+14,8.000000e+01
3.397668e+14,8.000000e+01
3.397668e+14,8.000000e+01
4.339371e+14,8.000000e+01
4.339371e+14,8.000000e+01
8.279706e+13,5.000005e+00
8.279706e+13,7.898859e+01
3.485455e+13,7.897343e+01
8.565554e+13,7.898568e+01
1.985536e+13,2.096046e+01
2.215213e+13,2.348293e+01
1.324028e+14,4.978861e+01
3.709608e+13,7.899472e+01
6.636315e+13,3.717629e+01
1.145643e+13,7.898734e+01
7.486793e+13,6.630473e+01
7.486793e+13,6.630473e+01
6.888559e+13,5.249125e+01
6.056156e+13,7.899773e+01
6.056156e+13,7.898920e+01
1.051604e+13,7.899764e+01
6.857739e+13,6.654497e+01
2.445176e+13,6.521907e+01
1.633835e+13,7.899008e+01
4.570539e+13,3.273196e+01
3.406576e+13,2.768703e+01
3.895702e+14,7.399224e+01
4.812413e+13,3.183108e+01
6.477856e+13,5.062943e+01
3.905020e+13,4.732620e+01
4.394772e+13,3.381301e+01
1.403178e+14,8.000000e+01
2.675275e+15,8.000000e+01
2.675275e+15,8.000000e+01
1.801337e+13,2.114064e+01
5.414524e+13,4.582474e+01
7.286158e+13,4.095999e+01
1.315749e+13,7.899443e+01
3.552467e+14,8.000000e+01
3.552467e+14,8.000000e+01
4.291441e+13,7.898850e+01
1.557855e+13,7.894572e+01
3.335552e+13,3.062990e+01
2.740712e+15,8.000000e+01
2.740712e+15,8.000000e+01
2.597841e+13,3.050979e+01
4.224959e+14,6.113969e+01
1.791795e+14,8.000000e+01
2.400124e+13,7.899584e+01
3.502343e+13,7.899272e+01
1.652067e+13,7.897951e+01
2.114342e+14,6.666508e+01
2.110993e+14,8.000000e+01
1.576043e+13,7.899671e+01
4.577460e+13,3.903811e+01
8.329856e+13,8.000000e+01
1.692606e+13,7.897725e+01
3.690209e+13,4.474368e+01
5.639707e+13,4.077981e+01
2.637552e+13,2.384328e+01
2.938709e+13,7.899319e+01
3.739827e+13,2.897592e+01
6.840985e+13,5.897758e+01
1.898006e+15,8.000000e+01
4.231908e+13,3.183108e+01
5.560338e+16,8.000000e+01
3.920374e+13,4.999929e+00
6.753740e+13,6.666508e+01
1.483100e+15,8.000000e+01
8.431716e+14,8.000000e+01
8.431716e+14,8.000000e+01
4.166139e+13,3.969876e+01
1.597468e+13,7.917402e+01
5.417790e+13,5.525394e+01
1.956016e+13,2.264210e+01
1.001622e+14,4.546439e+01
5.061577e+13,4.906790e+01
1.804915e+14,5.231107e+01
2.415403e+13,2.534474e+01
2.534527e+13,4.998031e+00
2.586685e+14,8.000000e+01
8.670280e+13,5.801664e+01
8.461861e+13,5.489359e+01
1.503920e+13,7.899007e+01
2.243260e+13,7.898766e+01
1.608037e+13,7.899347e+01
2.629255e+14,6.059916e+01
1.363949e+14,5.531400e+01
2.586047e+13,7.899396e+01
1.408256e+13,7.899671e+01
6.917608e+13,3.549465e+01
2.420560e+13,7.898651e+01
5.722594e+13,4.660550e+01
8.991141e+13,4.834720e+01
4.772636e+13,3.411330e+01
5.358276e+14,8.000000e+01
1.406101e+13,7.898575e+01
6.252345e+13,4.432327e+01
3.653060e+13,7.895610e+01
2.276484e+13,7.897759e+01
1.853835e+13,7.914025e+01
9.886453e+13,5.777641e+01
1.854794e+16,8.000000e+01
1.854794e+16,8.000000e+01
1.366607e+14,8.000000e+01
4.327452e+14,8.000000e+01
4.327452e+14,8.000000e+01
4.577616e+13,7.899772e+01
3.347611e+13,7.899484e+01
4.699398e+14,8.000000e+01
1.161676e+13,7.897589e+01
5.424410e+13,7.899387e+01
2.112661e+13,7.017381e+01
1.773853e+13,7.899734e+01
6.185052e+13,4.144046e+01
2.576411e+13,2.666603e+01
3.171225e+13,2.684621e+01
1.777363e+13,7.895753e+01
1.546746e+14,6.264116e+01
4.769235e+14,8.000000e+01
6.211669e+13,7.899075e+01
6.211669e+13,7.899234e+01
1.019718e+14,7.273101e+01
7.474061e+14,8.000000e+01
7.692432e+13,4.798685e+01
6.898129e+13,4.011917e+01
2.693684e+13,7.899668e+01
1.644040e+13,4.999289e+00
1.002231e+14,4.564456e+01
4.346500e+13,5.303177e+01
7.654130e+14,8.000000e+01
6.463270e+13,6.360209e+01
3.498286e+13,7.896302e+01
6.483546e+13,7.899487e+01
2.155362e+13,7.896395e+01
1.323166e+14,6.222074e+01
4.257516e+13,3.123049e+01
1.568245e+14,5.002884e+01
1.157792e+14,2.700000e+01
1.056292e+14,7.116948e+01
2.761102e+13,2.570510e+01
1.077545e+16,8.000000e+01
1.077545e+16,8.000000e+01
7.383158e+13,4.378274e+01
5.154303e+13,5.771635e+01
8.949854e+13,3.621536e+01
5.065483e+13,2.912844e+01
1.533189e+13,7.898776e+01
1.589897e+16,8.000000e+01
1.589897e+16,8.000000e+01
1.134536e+17,8.000000e+01
1.134536e+17,8.000000e+01
1.134536e+17,8.000000e+01
2.111232e+13,7.898878e+01
2.314616e+13,2.648586e+01
1.407133e+14,5.711576e+01
2.474447e+13,1.700000e+01
8.183209e+13,6.714555e+01
2.170334e+13,2.498439e+01
5.487909e+13,4.174075e+01
1.633463e+14,8.000000e+01
1.633463e+14,8.000000e+01
1.469532e+13,7.898037e+01
4.168838e+13,3.591506e+01
3.628891e+14,8.000000e+01
3.628891e+14,8.000000e+01
2.922938e+13,2.738674e+01
1.242335e+14,6.660503e+01
4.346549e+13,4.198099e+01
9.612553e+13,7.621441e+01
1.640416e+13,7.877354e+01
2.603228e+13,7.899199e+01
2.370433e+13,7.899655e+01
1.546991e+14,5.663529e+01
1.496574e+13,7.899177e+01
1.803031e+14,6.390239e+01
2.670994e+13,2.768703e+01
2.673872e+14,8.000000e+01
9.780275e+13,4.228128e+01
4.964997e+13,5.351224e+01
4.091820e+14,8.000000e+01
3.067914e+13,2.984914e+01
4.910884e+14,8.000000e+01
1.398681e+16,8.000000e+01
8.064400e+13,3.993899e+01
2.867447e+14,5.831693e+01
2.386826e+14,8.000000e+01
2.386826e+14,8.000000e+01
9.419385e+13,4.462357e+01
6.192510e+13,3.633547e+01
2.943933e+13,7.890131e+01
8.676371e+13,6.858696e+01
8.676371e+13,6.858696e+01
1.204103e+14,4.696585e+01
2.089263e+13,7.897204e+01
4.987172e+14,5.729594e+01
7.809362e+13,6.516362e+01
7.809362e+13,5.000033e+00
1.164628e+13,7.899049e+01
2.984510e+13,3.405325e+01
4.067186e+13,3.093020e+01
1.586030e+13,7.896001e+01
3.050236e+13,3.555471e+01
8.223178e+14,8.000000e+01
6.119713e+13,3.579495e+01
5.469548e+13,3.501418e+01
5.791066e+14,8.000000e+01
5.791066e+14,8.000000e+01
5.791066e+14,8.000000e+01
2.260022e+13,4.999875e+00
5.222134e+13,4.498392e+01
8.278566e+13,6.306157e+01
8.278566e+13,6.306157e+01
7.983010e+13,3.825735e+01
5.866059e+14,8.000000e+01
6.721566e+14,8.000000e+01
7.071385e+13,4.126028e+01
5.482125e+13,3.699612e+01
2.021720e+13,4.999509e+00
4.066601e+13,7.898471e+01
5.671816e+13,3.669583e+01
2.542408e+13,3.928728e+01
3.134779e+13,7.898438e+01
7.116971e+13,7.899770e+01
3.306051e+13,7.907273e+01
1.641200e+13,7.883723e+01
7.774017e+13,4.234134e+01
1.906642e+13,7.895355e+01
3.300604e+13,3.345266e+01
1.764508e+13,7.899288e+01
1.621397e+13,1.900000e+01
8.928312e+14,7.765581e+01
4.042119e+13,3.609524e+01
1.374959e+14,7.002837e+01
1.374959e+14,7.002837e+01
1.828570e+14,8.000000e+01
4.163234e+13,7.898846e+01
3.636824e+13,3.903811e+01
2.618368e+13,3.900000e+01
3.717299e+13,7.899055e+01
3.126907e+13,3.087014e+01
1.910170e+14,8.000000e+01
1.410175e+13,7.878152e+01
1.486415e+13,7.899662e+01
3.854479e+13,3.543459e+01
8.446851e+13,5.417289e+01
2.787795e+13,7.899776e+01
1.920195e+13,7.307858e+01
4.666117e+13,5.000038e+00
1.836215e+13,7.897655e+01
2.389424e+13,7.892961e+01
1.729371e+14,8.000000e+01
1.729371e+14,8.000000e+01
1.729371e+14,8.000000e+01
1.216022e+13,7.897925e+01
3.337886e+13,7.898743e+01
1.951254e+13,7.899387e+01
2.533376e+14,5.333207e+01
4.034219e+13,3.879788e+01
2.212600e+14,5.675541e+01
1.795686e+13,7.899216e+01
3.220141e+14,8.000000e+01
4.061748e+13,3.291213e+01
1.792218e+13,7.899678e+01
5.509784e+13,7.735870e+01
5.509784e+13,5.195072e+01
1.886557e+13,4.999364e+00
2.602073e+13,6.473329e+01
2.368399e+13,2.486427e+01
2.045189e+14,7.116948e+01
2.045189e+14,7.116948e+01
7.712619e+13,4.732620e+01
2.990462e+13,3.333254e+01
2.153431e+14,6.486332e+01
4.111070e+13,3.819729e+01
4.500848e+13,4.390286e+01
2.145479e+13,4.999830e+00
1.283547e+14,8.000000e+01
6.789886e+13,7.899170e+01
1.071555e+14,8.000000e+01
1.071555e+14,8.000000e+01
2.841943e+13,3.501418e+01
1.949495e+13,7.899793e+01
3.215967e+13,7.935602e+01
2.697093e+13,7.730823e+01
3.666223e+14,7.687505e+01
1.598895e+13,7.899336e+01
3.641669e+20,8.000000e+01
3.641669e+20,8.000000e+01
3.641669e+20,8.000000e+01
3.641669e+20,8.000000e+01
3.641669e+20,8.000000e+01
9.906118e+13,8.000000e+01
9.906118e+13,8.000000e+01
9.906118e+13,5.000005e+00
2.224943e+14,8.000000e+01
2.224943e+14,8.000000e+01
1.397203e+13,7.897336e+01
6.350151e+13,6.228080e+01
5.848133e+13,4.798685e+01
6.942304e+13,2.300000e+01
6.942304e+13,5.825687e+01
1.680569e+14,8.000000e+01
1.680569e+14,8.000000e+01
2.711419e+14,6.822661e+01
1.241968e+13,7.905671e+01
6.354439e+13,4.114016e+01
1.587336e+15,8.000000e+01
2.478371e+14,8.000000e+01
6.332346e+13,4.540433e+01
7.846031e+14,7.843658e+01
1.796298e+13,7.898473e+01
1.255014e+13,7.899716e+01
1.324411e+13,7.904300e+01
3.019655e+13,7.897547e+01
5.032887e+13,4.474368e+01
1.696609e+14,5.699564e+01
9.759574e+13,5.255130e+01
1.400372e+15,8.000000e+01
2.827461e+13,7.892685e+01
6.701409e+14,8.000000e+01
3.108157e+13,7.899365e+01
1.880058e+13,2.180128e+01
4.392186e+13,3.496624e+01
5.052182e+13,3.729641e+01
6.234462e+13,3.801712e+01
1.271904e+15,8.000000e+01
2.049531e+13,2.402345e+01
4.020713e+14,7.897710e+01
1.957599e+14,5.735600e+01
8.475282e+13,3.897805e+01
6.010211e+14,6.726567e+01
2.904666e+13,7.898063e+01
1.616959e+13,7.898065e+01
3.004739e+13,3.171096e+01
2.265113e+13,7.899504e+01
1.159186e+13,7.899469e+01
3.631653e+13,7.898985e+01
1.958808e+13,7.899450e+01
4.693248e+13,4.077981e+01
4.278727e+13,3.603518e+01
1.837212e+13,7.897776e+01
2.066888e+15,8.000000e+01
2.066888e+15,8.000000e+01
3.589779e+13,3.032961e+01
7.672961e+13,4.047952e+01
2.236608e+14,5.507377e+01
1.139017e+14,8.000000e+01
1.139017e+14,8.000000e+01
1.843295e+13,7.897943e+01
2.180244e+13,2.300246e+01
6.330703e+14,8.000000e+01
6.330703e+14,8.000000e+01
1.711092e+13,4.999020e+00
3.467638e+13,7.896728e+01
1.676452e+13,7.897945e+01
7.686857e+13,3.963870e+01
9.407622e+13,6.246098e+01
9.721244e+13,5.555424e+01
2.879994e+13,2.618556e+01
1.863903e+14,6.900737e+01
5.713840e+13,3.531448e+01
2.515716e+14,8.000000e+01
2.030573e+14,7.122954e+01
1.590642e+13,7.899599e+01
1.667300e+14,8.000000e+01
1.667300e+14,8.000000e+01
1.275551e+13,7.898422e+01
5.642283e+13,3.759670e+01
1.957793e+14,8.000000e+01
1.957793e+14,8.000000e+01
1.957793e+14,8.000000e+01
3.208571e+13,2.834768e+01
1.627458e+13,3.294115e+01
2.370945e+13,7.898122e+01
6.030230e+13,3.759670e+01
1.150386e+14,5.129007e+01
5.630976e+13,5.201078e+01
2.093890e+14,7.663482e+01
7.731819e+13,3.939846e+01
2.626027e+13,7.897153e+01
2.111925e+13,7.897976e+01
2.020557e+13,7.899680e+01
1.203506e+13,5.000000e+00
2.685369e+13,7.899810e+01
1.718615e+13,7.899632e+01
2.635294e+15,8.000000e+01
4.290852e+14,8.000000e+01
1.611286e+13,7.891284e+01
1.795404e+15,7.987798e+01
3.613796e+14,8.000000e+01
3.613796e+14,8.000000e+01
3.613796e+14,8.000000e+01
2.138703e+13,7.897497e+01
1.549948e+13,7.899600e+01
1.229876e+13,7.899492e+01
6.808983e+13,4.660550e+01
2.370478e+13,2.504445e+01
1.806759e+13,7.899167e+01
2.767471e+13,7.898890e+01
1.556957e+13,7.899636e+01
9.016359e+12,7.899853e+01
1.117974e+14,4.119999e+01
1.117974e+14,6.384233e+01
2.280353e+13,7.896401e+01
5.575369e+13,3.801712e+01
2.081499e+14,6.978813e+01
2.133369e+14,5.843705e+01
5.780427e+14,8.000000e+01
1.384967e+13,7.897714e+01
4.849203e+13,3.609524e+01
1.313296e+13,7.907244e+01
9.619939e+13,5.903764e+01
1.727939e+13,7.898315e+01
5.403515e+19,8.000000e+01
5.403515e+19,8.000000e+01
5.403515e+19,8.000000e+01
5.403515e+19,8.000000e+01
1.206923e+14,7.495318e+01
1.005215e+15,8.000000e+01
1.005215e+15,8.000000e+01
2.437697e+13,7.895772e+01
4.077762e+14,7.044878e+01
1.752976e+13,2.498948e+01
1.247227e+13,4.999553e+00
8.143086e+13,5.933793e+01
8.143086e+13,5.933793e+01
2.260437e+13,7.899841e+01
1.080101e+14,8.000000e+01
6.972318e+13,6.480327e+01
6.972318e+13,6.480327e+01
5.039455e+13,3.627541e+01
3.185554e+13,4.999256e+00
2.695585e+14,6.474321e+01
4.109660e+14,7.080913e+01
5.202451e+13,3.483401e+01
1.009005e+13,7.899036e+01
1.112277e+14,4.582474e+01
3.079220e+14,6.258110e+01
1.240267e+13,7.899489e+01
2.016593e+13,7.899256e+01
1.435147e+14,7.951763e+01
1.439694e+13,7.890860e+01
3.495757e+13,4.300198e+01
4.815261e+13,7.899322e+01
4.815261e+13,7.896513e+01
2.073736e+14,7.417241e+01
2.568994e+15,8.000000e+01
2.442845e+13,5.831325e+01
2.396221e+18,8.000000e+01
2.396221e+18,8.000000e+01
2.900079e+13,3.081008e+01
1.398567e+16,8.000000e+01
1.803072e+15,8.000000e+01
5.889020e+13,4.210110e+01
2.764103e+13,7.894877e+01
1.855774e+13,7.898544e+01
4.775480e+13,4.870755e+01
4.742368e+13,3.310268e+01
1.638503e+14,6.113969e+01
9.854689e+13,5.255130e+01
1.541782e+14,8.000000e+01
1.541782e+14,8.000000e+01
1.437859e+14,5.561430e+01
6.576201e+13,4.011917e+01
5.438483e+13,5.477347e+01
1.529317e+15,8.000000e+01
2.839374e+13,7.899185e+01
1.908634e+13,4.999365e+00
3.686833e+13,2.966897e+01
1.626636e+13,7.898630e+01
1.748386e+13,7.899696e+01
6.962641e+13,4.132034e+01
5.609536e+13,3.099026e+01
1.513095e+13,7.899703e+01
1.547073e+14,8.000000e+01
1.547073e+14,8.000000e+01
8.113715e+14,7.369194e+01
1.192880e+13,7.898801e+01
9.242536e+16,8.000000e+01
1.165681e+14,5.777641e+01
1.194618e+14,3.579495e+01
1.195465e+14,7.693511e+01
1.377054e+14,6.432280e+01
6.235406e+13,3.465383e+01
1.398341e+13,7.899650e+01
2.560396e+14,8.000000e+01
2.645964e+13,7.898620e+01
6.183508e+17,8.000000e+01
1.803757e+13,7.895726e+01
1.820150e+13,7.899270e+01
9.258883e+13,7.945757e+01
9.258883e+13,7.945757e+01
1.475550e+14,4.858743e+01
3.276433e+13,2.630568e+01
2.295724e+13,7.866630e+01
1.317588e+13,7.899702e+01
3.363432e+13,7.899713e+01
3.363432e+13,7.899875e+01
5.877866e+13,3.735647e+01
2.862916e+13,2.678615e+01
7.326166e+13,5.171048e+01
6.732950e+13,4.999983e+00
6.296902e+14,8.000000e+01
3.311240e+13,3.603518e+01
1.664349e+13,1.700000e+01
1.074620e+14,5.549418e+01
2.873738e+13,7.895219e+01
4.047507e+13,3.435354e+01
6.847949e+13,4.276175e+01
2.335817e+13,6.326908e+01
1.166142e+13,7.899491e+01
1.366402e+13,7.899710e+01
3.902011e+13,3.243166e+01
6.547685e+13,4.240140e+01
1.749940e+13,7.899396e+01
2.717138e+13,2.582521e+01
1.852219e+13,7.894910e+01
3.640836e+13,3.165090e+01
2.239806e+13,7.899598e+01
1.827399e+14,6.750590e+01
2.241946e+13,2.480422e+01
3.447062e+14,2.300000e+01
1.206472e+13,7.899419e+01
1.993799e+13,7.899839e+01
1.236211e+15,8.000000e+01
7.507713e+13,5.873734e+01
7.132700e+14,8.000000e+01
2.605229e+13,7.898869e+01
3.170917e+13,3.867776e+01
6.481625e+13,4.999795e+00
7.527239e+13,5.056937e+01
1.693366e+14,3.381301e+01
7.244041e+13,8.000000e+01
3.002424e+13,2.738674e+01
1.339772e+14,8.000000e+01
3.685323e+14,8.000000e+01
3.685323e+14,8.000000e+01
1.866161e+13,7.897310e+01
2.259669e+13,7.899434e+01
2.215332e+13,7.899207e+01
3.867485e+13,3.501418e+01
2.827267e+13,2.948879e+01
1.396896e+14,5.038919e+01
9.667901e+13,6.408256e+01
1.216193e+14,4.732620e+01
1.286946e+13,7.899404e+01
1.138547e+14,4.612503e+01
4.130684e+13,3.807717e+01
1.654826e+13,7.897778e+01
9.130121e+12,7.899632e+01
1.021777e+14,4.999996e+00
1.218531e+15,8.000000e+01
1.218531e+15,8.000000e+01
1.218531e+15,8.000000e+01
4.713065e+13,5.513383e+01
2.136878e+13,7.890155e+01
5.499240e+14,8.000000e+01
5.499240e+14,8.000000e+01
2.762541e+13,2.714650e+01
7.727292e+13,7.393218e+01
5.883604e+13,8.000000e+01
1.064253e+14,4.690579e+01
2.745104e+14,7.669488e+01
3.990545e+13,4.792679e+01
1.295673e+13,7.897030e+01
1.034624e+14,6.131987e+01
8.342689e+13,5.525394e+01
9.689529e+13,5.837699e+01
5.105690e+13,3.903811e+01
9.304705e+13,4.300198e+01
3.670909e+13,3.237160e+01
1.640495e+13,7.899016e+01
1.176174e+13,7.899471e+01
6.997925e+13,4.672562e+01
1.988866e+13,2.300246e+01
9.655467e+14,8.000000e+01
1.264663e+14,6.564409e+01
1.532551e+13,7.899542e+01
2.149515e+13,2.504445e+01
4.620395e+14,8.000000e+01
2.092656e+13,7.898904e+01
6.253885e+13,3.597512e+01
3.607882e+13,3.651565e+01
2.368141e+13,7.899575e+01
2.549280e+13,4.997233e+00
5.094259e+14,8.000000e+01
3.027721e+14,7.999810e+01
1.975605e+14,5.321195e+01
6.208759e+13,4.528421e+01
8.545730e+13,6.035893e+01
1.559852e+13,7.899762e+01
2.500531e+13,2.756691e+01
3.503575e+14,8.000000e+01
9.513276e+12,7.453262e+01
1.006157e+13,7.899812e+01
1.765561e+13,4.998841e+00
1.999906e+13,4.291268e+01
4.568522e+13,3.675588e+01
1.988277e+13,7.897497e+01
2.906776e+13,3.123049e+01
2.984120e+14,8.000000e+01
2.984120e+14,8.000000e+01
6.650857e+13,5.363236e+01
1.126961e+15,8.000000e+01
6.566051e+17,8.000000e+01
1.397688e+13,7.899636e+01
1.263466e+14,4.780667e+01
1.200029e+14,8.000000e+01
1.200029e+14,8.000000e+01
1.673135e+13,7.899079e+01
1.272094e+14,4.714603e+01
3.755889e+14,8.000000e+01
1.888882e+13,7.898719e+01
2.325576e+13,7.899742e+01
1.602051e+14,7.573394e+01
1.668525e+14,8.000000e+01
1.668525e+14,8.000000e+01
1.625691e+13,7.899402e+01
1.365778e+14,5.615482e+01
5.929792e+13,6.192045e+01
1.144617e+13,7.899598e+01
8.095325e+13,5.987846e+01
1.398436e+13,7.899459e+01
4.343703e+13,3.267190e+01
1.576546e+13,7.899745e+01
1.707842e+13,7.899642e+01
9.081662e+12,7.899454e+01
1.708783e+13,7.896330e+01
1.107736e+13,7.898947e+01
3.860609e+13,2.100000e+01
2.204933e+13,7.898243e+01
2.652128e+14,8.000000e+01
2.652128e+14,8.000000e+01
2.652128e+14,8.000000e+01
7.881667e+13,5.537406e+01
7.881667e+13,5.537406e+01
2.528480e+13,2.930861e+01
8.024848e+13,6.702544e+01
8.024848e+13,6.702544e+01
5.752817e+13,6.534379e+01
5.752817e+13,6.534379e+01
5.170919e+14,8.000000e+01
1.724156e+14,7.819634e+01
1.563289e+15,8.000000e+01
1.665799e+13,7.891987e+01
8.020931e+14,7.921734e+01
1.027125e+14,5.939799e+01
2.754732e+13,2.768703e+01
2.189893e+14,8.000000e+01
1.589276e+14,6.576420e+01
4.960542e+13,5.261136e+01
2.541512e+13,7.899816e+01
2.503162e+14,6.053910e+01
2.170037e+13,4.999822e+00
1.411769e+14,7.201030e+01
3.611026e+14,8.000000e+01
2.994004e+14,6.720561e+01
1.006747e+13,7.897149e+01
7.722154e+13,6.798637e+01
9.928050e+14,8.000000e+01
3.661469e+14,6.204057e+01
1.075429e+13,7.898957e+01
2.069353e+13,7.899248e+01
1.030215e+14,5.056937e+01
6.241741e+13,3.759670e+01
1.416820e+14,8.000000e+01
1.416820e+14,8.000000e+01
9.262089e+13,5.050931e+01
1.353977e+13,5.092536e+01
1.220423e+13,7.806127e+01
6.648825e+13,4.414310e+01
4.180454e+13,3.717629e+01
4.033135e+14,8.000000e+01
4.033135e+14,8.000000e+01
4.033135e+14,8.000000e+01
3.671088e+19,8.000000e+01
3.671088e+19,8.000000e+01
3.671088e+19,8.000000e+01
3.671088e+19,8.000000e+01
4.874822e+13,3.393313e+01
2.119314e+13,7.897116e+01
4.054345e+14,8.000000e+01
4.054345e+14,8.000000e+01
6.626145e+13,4.774661e+01
1.592046e+13,7.899478e+01
1.425219e+14,5.789652e+01
3.267426e+14,6.360209e+01
8.662803e+14,6.468315e+01
5.679444e+14,8.000000e+01
8.671020e+13,8.000000e+01
8.671020e+13,8.000000e+01
2.808156e+13,2.936867e+01
5.687324e+13,7.899769e+01
5.687324e+13,7.898907e+01
1.729235e+13,7.896134e+01
1.847103e+14,8.000000e+01
1.847103e+14,8.000000e+01
7.353910e+13,4.306204e+01
1.459102e+14,5.969828e+01
2.109792e+13,7.897295e+01
2.676904e+13,7.899416e+01
3.446178e+13,2.930861e+01
1.343041e+14,5.789652e+01
2.773522e+13,7.899163e+01
2.843846e+13,2.996926e+01
6.438961e+13,4.768656e+01
2.982241e+14,5.747611e+01
3.126457e+13,3.159084e+01
2.515094e+13,6.316424e+01
1.481346e+14,5.789652e+01
2.883487e+13,2.684621e+01
1.136376e+14,6.936772e+01
5.196936e+13,7.201030e+01
2.136630e+13,2.396339e+01
1.375460e+13,7.899153e+01
3.483447e+13,3.032961e+01
7.634368e+13,4.258157e+01
1.465497e+13,7.899765e+01
1.787160e+14,6.588432e+01
1.105168e+15,8.000000e+01
1.446129e+13,7.899824e+01
9.643219e+12,7.899885e+01
1.161727e+14,7.435259e+01
3.662256e+13,4.999859e+00
1.475361e+13,7.899123e+01
7.169476e+13,7.795611e+01
7.169476e+13,7.795611e+01
2.715884e+13,2.756691e+01
3.813795e+13,3.741653e+01
2.652674e+13,2.888820e+01
3.323826e+13,2.912844e+01
3.220959e+13,3.471389e+01
1.375452e+13,7.899793e+01
3.393141e+14,7.164995e+01
5.861433e+13,7.898799e+01
6.613799e+13,2.292298e+01
5.225355e+13,3.885794e+01
6.261789e+13,4.558450e+01
5.220276e+13,7.915448e+01
5.220276e+13,5.520872e+01
3.553194e+13,7.897160e+01
1.409132e+13,7.897514e+01
3.716029e+13,3.231155e+01
2.362121e+13,7.899693e+01
1.146806e+13,2.300000e+01
1.805740e+14,5.381254e+01
3.905319e+14,8.000000e+01
7.815313e+13,4.162063e+01
3.468909e+13,3.171096e+01
1.316787e+14,5.555424e+01
2.631742e+13,7.894745e+01
2.718951e+13,7.921826e+01
1.376468e+13,7.899641e+01
8.129020e+13,5.721391e+01
5.975827e+13,4.095999e+01
3.573086e+13,4.120022e+01
2.521164e+13,7.899583e+01
2.093483e+14,7.899873e+01
1.886842e+14,8.000000e+01
5.618867e+13,5.747611e+01
3.316247e+14,8.000000e+01
6.455056e+14,8.000000e+01
1.672978e+13,7.897638e+01
1.380838e+14,6.047904e+01
1.668101e+13,7.899609e+01
1.168623e+13,7.899280e+01
1.640733e+13,7.899186e+01
6.520540e+13,7.729546e+01
8.479305e+13,4.035940e+01
1.717117e+13,7.899735e+01
4.063156e+13,4.059964e+01
2.921550e+13,7.896646e+01
5.315029e+13,5.723588e+01
1.748571e+13,7.899416e+01
5.630603e+13,4.558450e+01
2.462543e+13,7.899853e+01
3.732045e+13,3.531448e+01
1.224212e+14,6.318168e+01
8.899443e+13,8.000000e+01
1.707534e+14,8.000000e+01
2.293442e+13,2.017970e+01
1.318373e+14,6.690734e+01
1.628496e+13,7.899579e+01
4.256912e+13,4.126028e+01
1.386561e+13,7.899202e+01
2.824293e+13,3.207131e+01
5.536572e+13,5.705570e+01
5.536572e+13,5.705570e+01
3.819435e+13,3.975882e+01
1.875717e+14,8.000000e+01
4.807907e+13,7.899807e+01
4.807907e+13,7.899803e+01
4.286361e+15,8.000000e+01
2.611449e+14,8.000000e+01
2.611449e+14,8.000000e+01
1.841777e+13,7.895887e+01
1.783270e+19,8.000000e+01
1.783270e+19,8.000000e+01
3.550082e+15,8.000000e+01
2.422047e+13,7.787541e+01
1.220819e+14,6.606450e+01
3.329157e+14,8.000000e+01
3.329157e+14,8.000000e+01
3.092548e+13,7.899431e+01
1.193115e+14,6.966802e+01
1.254396e+14,5.213089e+01
2.597841e+13,2.678615e+01
1.466832e+13,7.899684e+01
1.619381e+14,8.000000e+01
1.619381e+14,8.000000e+01
1.125162e+13,7.899825e+01
2.628441e+13,2.576515e+01
3.911917e+13,3.447366e+01
6.725692e+13,7.898670e+01
6.725692e+13,7.899042e+01
4.566657e+13,3.507424e+01
9.663051e+13,6.594438e+01
9.663051e+13,6.594438e+01
1.500944e+13,7.905517e+01
3.323905e+13,7.841623e+01
1.528780e+13,7.899759e+01
6.059157e+13,5.801664e+01
6.059157e+13,5.801664e+01
4.916751e+13,4.714603e+01
4.574516e+13,3.153078e+01
2.904562e+13,2.780715e+01
3.897026e+13,4.252151e+01
1.033576e+14,8.000000e+01
1.033576e+14,8.000000e+01
1.614237e+13,7.899297e+01
4.612938e+14,7.351177e+01
1.546941e+14,7.020854e+01
3.141050e+13,5.000382e+00
1.686477e+13,7.895161e+01
3.290248e+13,3.573489e+01
4.215896e+13,3.044973e+01
8.268047e+13,6.570415e+01
3.699274e+13,2.894826e+01
1.956898e+13,7.899708e+01
6.660917e+13,3.621536e+01
4.378204e+13,3.363284e+01
2.094090e+15,8.000000e+01
2.094090e+15,8.000000e+01
2.094090e+15,8.000000e+01
5.115569e+13,4.336233e+01
1.055649e+14,5.567435e+01
1.963584e+14,8.000000e+01
1.963584e+14,8.000000e+01
2.184311e+14,5.987846e+01
5.443357e+14,8.000000e+01
1.228439e+13,7.899844e+01
1.894611e+14,7.940266e+01
1.894611e+14,8.000000e+01
1.853903e+13,7.895979e+01
1.770412e+13,7.899631e+01
2.690834e+13,4.854535e+01
2.712430e+13,7.889673e+01
1.363094e+13,7.899246e+01
1.987692e+13,7.898893e+01
9.662504e+12,4.999805e+00
6.297619e+13,4.462357e+01
8.960605e+13,6.708549e+01
6.258452e+13,4.942826e+01
6.258452e+13,4.942826e+01
1.970890e+14,6.270121e+01
7.468420e+13,3.735647e+01
3.021567e+13,7.899051e+01
1.246426e+14,5.837699e+01
1.144262e+14,5.723588e+01
8.687320e+13,3.273196e+01
3.746735e+13,4.294192e+01
1.117997e+13,7.896727e+01
1.315276e+13,7.899655e+01
5.992845e+13,4.017923e+01
7.288979e+13,6.258110e+01
5.814851e+13,3.621536e+01
9.018734e+12,7.899836e+01
5.013864e+14,8.000000e+01
6.131652e+13,5.543412e+01
1.245060e+14,8.000000e+01
1.245060e+14,8.000000e+01
3.652092e+14,7.273101e+01
7.953990e+14,8.000000e+01
1.480741e+14,6.234086e+01
4.407983e+13,3.987893e+01
1.359533e+13,7.899763e+01
5.687945e+13,4.099234e+01
3.524754e+13,3.008938e+01
2.981362e+13,2.756691e+01
1.014405e+13,7.899290e+01
1.286227e+13,7.899409e+01
2.762506e+14,8.000000e+01
2.622762e+13,7.899520e+01
5.609061e+13,7.899505e+01
5.609061e+13,5.789652e+01
2.537394e+13,7.899495e+01
8.693575e+13,4.540433e+01
1.333249e+14,5.669535e+01
1.761780e+13,7.899289e+01
3.088862e+14,7.627447e+01
2.537651e+13,4.999895e+00
3.496410e+13,2.990920e+01
3.158052e+13,7.898083e+01
2.281865e+13,7.899550e+01
2.818250e+14,6.342192e+01
4.249150e+13,4.077981e+01
1.319589e+14,8.000000e+01
8.696249e+13,4.834720e+01
2.209565e+14,8.000000e+01
2.209565e+14,8.000000e+01
2.209565e+14,8.000000e+01
1.750657e+14,4.678568e+01
3.722861e+13,3.573489e+01
5.178323e+13,7.899821e+01
5.178323e+13,7.899942e+01
4.985065e+13,3.681594e+01
1.933826e+14,8.000000e+01
1.092269e+14,4.504398e+01
5.621002e+13,4.089993e+01
2.480061e+13,7.898758e+01
2.107827e+14,5.609476e+01
5.454611e+13,2.984914e+01
7.384854e+14,7.789605e+01
4.561507e+14,6.702544e+01
2.550529e+13,3.585500e+01
3.803929e+14,8.000000e+01
1.627898e+13,7.899754e+01
9.752231e+13,6.972807e+01
9.752231e+13,6.972807e+01
7.894302e+13,8.000000e+01
1.328211e+15,8.000000e+01
1.328211e+15,8.000000e+01
9.769580e+16,8.000000e+01
4.011552e+15,8.000000e+01
6.834044e+14,7.957769e+01
9.164768e+12,5.503638e+01
3.289059e+14,6.041899e+01
2.342970e+13,2.372316e+01
1.108141e+13,7.899734e+01
6.908924e+13,3.765676e+01
9.497814e+13,8.000000e+01
1.081247e+13,1.700000e+01
1.078653e+13,4.999808e+00
1.770154e+14,8.000000e+01
3.428041e+13,3.549465e+01
5.440194e+13,4.011917e+01
1.015798e+13,7.899864e+01
1.831155e+13,7.898698e+01
4.395490e+13,4.426321e+01
1.644503e+13,2.499169e+01
2.247634e+13,4.999788e+00
1.572283e+13,7.898430e+01
4.942982e+13,4.924808e+01
4.942982e+13,4.924808e+01
1.185678e+13,7.470497e+01
3.813401e+13,3.429348e+01
1.125081e+13,7.899258e+01
1.059034e+14,4.612503e+01
2.416186e+13,7.899526e+01
1.556572e+13,7.709187e+01
2.835538e+13,2.906838e+01
4.835736e+13,7.899887e+01
4.835736e+13,7.899853e+01
1.242252e+14,6.954790e+01
1.242252e+14,6.954790e+01
2.777799e+13,7.910284e+01
8.650101e+13,4.714603e+01
1.902717e+13,7.898649e+01
1.338168e+14,5.129007e+01
4.310227e+13,3.411330e+01
2.374890e+13,7.899472e+01
1.968269e+13,7.898905e+01
7.267717e+13,5.104984e+01
1.008507e+14,7.639458e+01
1.008507e+14,7.639458e+01
1.271855e+14,6.660503e+01
2.474873e+13,2.762697e+01
2.903821e+13,2.918850e+01
5.419674e+14,8.000000e+01
5.419674e+14,8.000000e+01
1.104458e+14,8.000000e+01
1.104458e+14,8.000000e+01
2.629146e+14,3.759670e+01
1.037550e+13,5.503023e+01
3.116423e+14,8.000000e+01
3.116423e+14,8.000000e+01
1.500409e+14,7.681499e+01
3.045519e+14,6.216069e+01
3.899620e+13,4.528421e+01
3.237764e+13,3.068996e+01
2.018314e+13,7.899034e+01
2.135167e+13,7.898909e+01
3.940350e+13,4.654544e+01
1.412375e+13,2.699243e+01
9.637147e+13,4.999995e+00
3.151127e+14,8.000000e+01
3.151127e+14,8.000000e+01
3.151127e+14,8.000000e+01
1.363646e+13,7.884654e+01
2.052725e+14,8.000000e+01
2.372735e+13,7.888881e+01
3.562704e+13,7.899658e+01
1.524349e+13,7.899489e+01
2.574778e+13,7.899333e+01
1.048225e+13,7.899755e+01
2.004376e+14,7.381206e+01
3.463246e+13,2.960891e+01
2.743462e+14,6.414262e+01
2.141119e+14,8.000000e+01
2.141119e+14,8.000000e+01
1.242867e+14,3.290282e+01
3.191660e+13,3.267190e+01
7.344470e+13,7.899992e+01
3.356351e+13,3.429348e+01
4.337553e+13,3.399319e+01
2.063997e+13,7.899618e+01
1.623937e+13,5.715168e+01
4.358367e+14,6.894731e+01
4.928596e+13,3.573489e+01
4.466897e+13,3.477395e+01
1.734262e+13,7.898763e+01
1.043732e+13,7.899428e+01
1.805316e+14,5.675541e+01
1.109023e+14,7.333159e+01
3.282252e+13,7.935347e+01
4.398522e+13,4.360257e+01
1.711044e+14,7.663482e+01
1.793202e+13,7.897331e+01
1.571715e+13,7.899434e+01
1.198921e+14,8.000000e+01
1.198921e+14,8.000000e+01
6.976523e+13,3.531448e+01
3.047320e+14,7.447271e+01
9.614533e+13,8.000000e+01
9.734286e+13,5.020902e+01
1.286988e+13,7.899369e+01
2.623897e+13,2.666603e+01
1.209182e+13,7.899745e+01
1.259293e+14,6.402250e+01
6.438462e+13,4.486380e+01
2.814225e+13,3.002932e+01
2.252292e+13,7.899344e+01
2.803050e+13,3.038967e+01
2.865494e+14,6.137992e+01
1.565923e+14,7.056889e+01
5.229416e+13,4.999902e+00
1.837743e+13,7.896813e+01
4.944973e+13,4.180081e+01
1.821842e+13,7.920554e+01
2.359348e+14,5.909770e+01
1.545275e+13,7.897771e+01
1.247221e+14,6.005863e+01
1.255230e+14,7.591411e+01
1.217675e+14,8.000000e+01
1.217675e+14,8.000000e+01
1.036916e+13,7.899403e+01
2.908722e+14,6.192045e+01
1.611941e+14,8.000000e+01
1.611941e+14,8.000000e+01
1.480913e+13,7.899201e+01
1.755011e+13,7.899355e+01
9.164062e+13,4.504398e+01
2.532302e+14,8.000000e+01
1.645771e+14,6.324174e+01
3.491839e+13,3.153078e+01
1.870146e+13,7.899531e+01
2.930290e+13,7.899562e+01
2.715826e+14,8.000000e+01
2.150442e+13,2.700000e+01
1.594328e+13,7.898986e+01
3.797075e+13,7.899877e+01
2.444856e+13,7.896985e+01
3.501355e+13,7.899683e+01
3.871802e+13,3.105031e+01
3.510961e+14,8.000000e+01
3.510961e+14,8.000000e+01
2.347095e+13,7.899333e+01
1.979351e+13,4.999866e+00
5.452753e+13,7.895560e+01
5.452753e+13,7.896223e+01
3.854629e+13,3.099026e+01
9.040196e+13,4.912796e+01
5.619027e+13,4.528421e+01
2.500472e+13,7.899699e+01
2.346727e+13,5.721304e+01
1.291005e+14,4.999979e+00
6.527094e+14,7.369194e+01
3.462518e+13,3.453371e+01
7.933567e+13,7.177007e+01
2.350844e+13,4.999752e+00
1.077963e+13,7.899404e+01
7.367464e+13,5.693558e+01
2.085266e+14,6.924760e+01
9.711658e+14,8.000000e+01
2.128230e+13,7.893740e+01
1.241729e+13,7.899305e+01
7.663638e+14,6.924760e+01
3.212078e+14,8.000000e+01
3.212078e+14,8.000000e+01
3.260062e+14,8.000000e+01
3.260062e+14,8.000000e+01
1.547893e+13,7.898780e+01
2.660609e+14,8.000000e+01
2.660609e+14,8.000000e+01
1.806616e+13,7.896119e+01
4.197627e+13,4.114016e+01
1.753613e+14,8.000000e+01
1.753613e+14,8.000000e+01
1.108575e+13,7.899821e+01
1.305329e+15,7.128960e+01
2.654135e+16,8.000000e+01
2.654135e+16,8.000000e+01
8.147289e+13,6.107963e+01
2.304097e+15,8.000000e+01
2.304097e+15,8.000000e+01
1.257058e+13,7.892296e+01
1.069137e+14,5.195072e+01
3.080018e+15,8.000000e+01
1.875413e+13,7.898234e+01
8.360624e+13,4.270169e+01
8.522780e+13,6.216069e+01
3.547629e+13,6.113969e+01
2.390655e+13,7.898949e+01
1.413972e+13,7.899819e+01
9.820573e+13,4.216116e+01
2.604760e+14,7.086919e+01
2.230622e+13,7.899750e+01
5.108291e+13,3.819729e+01
1.912413e+14,8.000000e+01
1.661567e+13,7.899551e+01
2.311470e+14,8.000000e+01
6.269059e+13,6.252104e+01
6.760947e+13,3.519436e+01
7.526252e+13,7.891704e+01
7.580640e+13,3.675588e+01
4.198130e+13,3.573489e+01
1.498091e+13,7.899850e+01
5.117555e+14,8.000000e+01
5.117555e+14,8.000000e+01
4.325981e+13,4.492386e+01
1.563669e+14,8.000000e+01
7.053921e+13,6.119975e+01
1.526310e+13,7.898645e+01
1.978861e+14,6.864702e+01
8.297763e+14,8.000000e+01
8.297763e+14,8.000000e+01
5.907965e+13,3.657571e+01
3.599625e+13,3.249172e+01
1.762743e+13,7.899319e+01
9.762317e+13,4.999991e+00
9.762317e+13,7.899680e+01
1.204486e+13,7.899750e+01
1.212990e+14,4.300198e+01
1.050193e+13,7.899283e+01
2.062462e+14,8.000000e+01
2.062462e+14,8.000000e+01
3.701151e+13,3.615530e+01
1.208999e+13,7.898199e+01
5.801200e+13,3.495412e+01
7.623874e+13,8.000000e+01
7.623874e+13,7.899814e+01
1.981292e+13,4.999675e+00
2.369765e+14,8.000000e+01
2.369765e+14,8.000000e+01
5.998842e+13,6.336186e+01
3.439651e+13,3.020949e+01
7.363757e+13,3.999905e+01
1.473827e+13,7.899595e+01
2.263936e+13,7.899305e+01
1.267008e+13,7.899753e+01
2.303649e+13,2.299243e+01
4.052289e+14,8.000000e+01
4.052289e+14,8.000000e+01
4.052289e+14,8.000000e+01
1.288174e+14,5.363236e+01
7.650054e+13,6.828667e+01
5.107672e+13,5.429301e+01
4.205948e+13,3.303225e+01
1.460750e+13,5.000171e+00
1.150025e+14,8.000000e+01
1.150025e+14,8.000000e+01
2.231141e+13,7.877341e+01
2.287106e+13,2.534474e+01
1.144195e+13,7.899600e+01
2.227252e+13,2.480422e+01
9.322380e+13,5.285160e+01
1.364120e+13,7.899066e+01
2.048321e+13,7.899819e+01
1.148100e+13,7.899802e+01
2.786615e+13,7.896210e+01
1.122149e+13,7.899165e+01
2.172970e+13,7.898617e+01
1.977232e+14,8.000000e+01
1.977232e+14,8.000000e+01
4.517524e+13,4.720609e+01
1.577660e+13,7.912370e+01
2.247687e+13,7.898686e+01
5.319541e+13,4.906790e+01
1.166407e+13,7.899780e+01
1.414817e+13,7.898695e+01
2.808628e+14,7.201030e+01
2.706015e+13,7.899441e+01
1.891870e+14,7.044878e+01
2.862750e+13,2.564504e+01
4.745549e+15,8.000000e+01
2.862620e+13,3.249172e+01
4.181717e+13,7.894163e+01
2.270217e+15,8.000000e+01
2.270217e+15,8.000000e+01
2.270217e+15,8.000000e+01
6.009202e+13,3.939846e+01
5.145318e+13,3.153078e+01
2.149071e+14,5.819682e+01
2.102121e+14,8.000000e+01
2.645187e+13,2.888820e+01
1.877463e+13,7.899446e+01
2.251010e+14,8.000000e+01
2.251010e+14,8.000000e+01
2.251010e+14,8.000000e+01
1.289150e+14,6.684526e+01
1.298280e+13,7.899665e+01
1.287984e+13,7.890351e+01
1.272380e+14,4.522415e+01
4.566824e+13,3.573489e+01
8.569481e+13,5.831693e+01
8.374022e+13,5.441312e+01
1.001346e+13,7.899755e+01
4.809301e+13,4.126028e+01
9.174277e+13,4.192093e+01
5.887110e+13,4.288186e+01
2.535428e+13,7.896650e+01
2.297010e+13,2.594533e+01
5.934969e+14,8.000000e+01
5.934969e+14,8.000000e+01
1.873988e+13,7.899803e+01
3.416248e+13,7.899145e+01
8.114974e+13,5.098978e+01
2.568805e+13,3.189113e+01
1.558692e+13,7.899202e+01
4.190859e+13,4.774661e+01
7.688266e+16,8.000000e+01
7.688266e+16,8.000000e+01
7.801988e+13,6.270121e+01
2.407987e+13,7.882343e+01
1.794887e+14,8.000000e+01
1.794887e+14,8.000000e+01
1.588614e+14,4.948831e+01
1.502739e+13,7.899458e+01
1.797423e+13,3.708429e+01
2.896212e+13,7.888679e+01
1.929776e+13,7.899282e+01
4.531472e+13,7.900069e+01
4.531472e+13,4.011917e+01
1.265739e+13,7.897602e+01
5.306934e+13,3.795706e+01
1.200916e+13,7.899631e+01
4.063162e+13,3.273196e+01
2.648841e+13,2.582521e+01
3.216074e+13,3.050979e+01
5.803792e+13,3.459377e+01
1.142699e+13,7.896916e+01
4.506904e+18,8.000000e+01
3.204989e+13,1.899326e+01
1.157506e+13,7.897302e+01
2.711779e+13,7.893593e+01
3.009957e+13,2.732668e+01
1.077827e+14,4.102005e+01
3.041608e+13,7.897828e+01
2.054802e+13,7.899707e+01
1.263416e+14,5.116996e+01
1.119131e+14,6.930766e+01
4.433060e+13,3.285207e+01
1.106366e+15,8.000000e+01
1.106366e+15,8.000000e+01
1.106366e+15,8.000000e+01
9.964676e+13,6.654497e+01
1.017393e+14,5.897758e+01
1.350915e+13,7.899756e+01
1.678447e+14,8.000000e+01
1.387670e+13,3.698740e+01
6.496050e+13,4.876761e+01
1.592932e+14,8.000000e+01
1.630983e+13,7.910132e+01
1.040034e+13,7.899527e+01
2.825378e+13,3.729641e+01
9.899956e+13,6.576420e+01
2.337721e+13,7.899471e+01
3.619197e+18,8.000000e+01
3.619197e+18,8.000000e+01
2.493708e+13,2.864797e+01
1.666631e+14,8.000000e+01
1.666631e+14,8.000000e+01
5.603878e+13,5.129007e+01
1.925696e+13,7.899143e+01
2.068233e+13,7.895817e+01
1.886695e+14,8.000000e+01
1.886695e+14,8.000000e+01
1.886695e+14,8.000000e+01
3.090816e+13,5.000142e+00
3.090816e+13,5.000000e+00
1.326298e+14,4.504398e+01
5.492409e+13,4.312210e+01
7.611535e+13,5.062943e+01
5.762795e+13,5.147025e+01
4.434793e+13,3.603518e+01
2.797577e+13,3.141067e+01
2.697902e+13,2.804738e+01
4.930432e+13,3.915823e+01
1.948985e+13,7.899227e+01
6.347432e+13,6.252104e+01
6.875828e+13,3.783694e+01
2.083116e+13,7.922877e+01
3.123038e+13,7.898905e+01
1.427870e+13,3.896671e+01
4.338321e+13,5.104984e+01
1.391192e+14,5.000005e+00
1.391192e+14,8.000000e+01
1.391192e+14,8.000000e+01
4.972969e+13,4.804691e+01
1.037463e+14,4.636527e+01
6.645765e+13,4.396292e+01
7.487183e+13,4.083987e+01
2.808292e+13,2.882814e+01
4.400841e+13,3.219143e+01
6.020320e+13,4.156057e+01
2.052956e+14,8.000000e+01
9.844902e+13,8.000000e+01
2.432108e+14,7.897710e+01
1.219919e+13,4.999400e+00
7.490302e+13,5.357230e+01
5.815851e+15,8.000000e+01
5.815851e+15,8.000000e+01
2.751020e+13,2.894826e+01
2.516415e+13,7.899878e+01
4.217950e+13,3.903811e+01
7.316450e+13,6.594438e+01
7.103039e+13,5.405277e+01
4.767837e+13,3.651565e+01
1.041239e+13,7.899160e+01
1.639318e+14,8.000000e+01
1.367395e+14,5.020902e+01
6.741167e+13,4.102005e+01
3.609087e+14,8.000000e+01
3.543161e+13,3.123049e+01
1.543416e+13,7.899339e+01
7.488591e+13,6.438286e+01
4.570812e+13,6.113969e+01
1.508007e+14,8.000000e+01
1.513338e+13,7.899751e+01
1.833314e+13,4.999519e+00
6.462707e+13,3.819729e+01
1.237769e+13,7.898842e+01
1.238104e+14,4.834720e+01
8.353559e+15,8.000000e+01
1.349990e+14,5.627494e+01
5.082108e+14,7.651470e+01
3.243417e+13,3.267190e+01
2.014516e+14,7.597417e+01
2.961981e+13,7.899576e+01
1.852202e+15,8.000000e+01
1.852202e+15,8.000000e+01
1.518637e+14,8.000000e+01
2.441769e+13,2.654592e+01
6.209871e+13,8.000000e+01
6.209871e+13,4.999955e+00
5.549037e+13,3.555471e+01
1.793101e+13,7.899693e+01
1.477081e+13,6.689847e+01
2.888981e+13,2.798732e+01
6.030983e+13,6.366215e+01
4.927445e+13,3.243166e+01
1.898105e+13,7.897747e+01
4.578384e+13,7.899201e+01
4.578384e+13,7.899698e+01
1.053801e+13,7.899866e+01
1.725374e+13,7.899811e+01
1.932269e+13,7.898492e+01
4.084823e+13,7.899136e+01
1.012870e+14,4.492386e+01
1.186444e+14,4.984867e+01
2.718248e+14,8.000000e+01
2.796679e+13,3.026955e+01
2.409187e+14,5.783646e+01
5.498217e+14,8.000000e+01
4.193116e+13,2.804738e+01
2.223139e+13,2.654592e+01
2.215939e+13,2.282228e+01
1.803388e+13,7.898134e+01
4.057678e+13,3.435354e+01
8.513209e+18,8.000000e+01
7.619428e+13,5.561430e+01
3.058168e+13,5.097738e+01
1.819104e+13,7.897679e+01
1.701637e+13,7.899124e+01
2.035497e+13,7.899103e+01
1.679408e+13,7.899706e+01
2.777825e+13,2.624562e+01
1.131890e+13,7.898372e+01
1.434950e+14,8.000000e+01
3.424736e+13,3.441360e+01
2.031429e+13,7.899539e+01
9.813906e+13,5.171048e+01
5.843833e+13,2.914885e+01
3.590998e+13,4.204104e+01
2.184231e+13,7.899717e+01
2.931841e+13,7.899496e+01
3.287737e+13,7.899290e+01
1.152416e+13,5.295830e+01
1.196508e+14,6.198051e+01
3.201322e+13,3.087014e+01
2.098014e+13,7.899716e+01
2.846450e+13,2.852785e+01
1.502142e+13,7.886870e+01
2.114762e+14,8.000000e+01
2.114762e+14,8.000000e+01
2.343117e+14,6.450297e+01
1.310359e+13,5.706056e+01
2.178858e+14,5.867729e+01
1.930572e+13,7.898925e+01
1.925815e+14,5.525394e+01
1.871590e+14,7.146977e+01
1.129595e+13,7.899862e+01
2.606821e+13,7.898392e+01
3.470892e+13,3.026955e+01
3.003995e+13,2.504445e+01
2.682923e+14,8.000000e+01
6.833807e+13,5.747611e+01
1.710776e+13,7.899735e+01
9.308401e+12,7.899864e+01
3.406116e+18,8.000000e+01
1.330250e+13,7.898799e+01
6.405254e+13,4.798685e+01
6.864772e+13,3.855764e+01
2.606518e+13,7.095112e+01
4.471973e+13,3.135061e+01
4.534512e+13,3.375295e+01
8.762035e+13,4.462357e+01
1.889127e+13,7.899162e+01
2.376583e+13,2.576515e+01
1.616529e+14,5.693558e+01
9.570982e+13,8.000000e+01
1.130281e+14,6.918755e+01
3.263262e+17,8.000000e+01
3.263262e+17,8.000000e+01
6.527255e+13,2.300000e+01
1.996548e+13,7.898206e+01
1.479450e+14,7.891704e+01
1.479450e+14,7.891704e+01
2.657043e+16,8.000000e+01
2.657043e+16,8.000000e+01
2.657043e+16,8.000000e+01
1.351533e+13,7.899804e+01
1.651599e+13,4.999797e+00
1.846230e+13,7.897758e+01
5.614406e+13,7.297124e+01
2.937012e+13,2.984914e+01
1.072574e+14,7.531353e+01
1.072574e+14,7.531353e+01
3.440708e+13,7.899368e+01
6.191646e+13,3.981887e+01
1.049372e+13,7.898935e+01
9.645597e+12,7.899474e+01
5.934580e+13,5.549418e+01
1.881074e+13,7.899350e+01
5.547278e+13,3.939846e+01
1.932730e+14,8.000000e+01
9.183078e+13,7.405230e+01
7.335909e+14,8.000000e+01
7.335909e+14,8.000000e+01
1.287814e+14,3.957864e+01
5.485060e+13,7.243071e+01
3.405066e+13,2.828762e+01
2.841767e+13,2.690627e+01
1.747463e+13,7.893046e+01
1.701402e+13,7.899220e+01
3.137568e+13,2.828762e+01
2.591065e+14,6.168022e+01
2.711280e+13,7.897025e+01
2.446220e+13,7.899384e+01
2.273994e+13,7.899426e+01
3.507064e+13,7.899123e+01
9.424665e+13,7.279106e+01
3.923584e+14,8.000000e+01
3.028243e+13,3.135061e+01
3.044281e+13,2.948879e+01
1.091692e+13,7.899673e+01
3.506763e+14,8.000000e+01
3.506763e+14,8.000000e+01
5.010695e+16,8.000000e+01
5.010695e+16,8.000000e+01
4.175389e+13,3.201125e+01
8.873307e+13,5.993852e+01
1.594441e+13,7.899400e+01
1.800040e+13,7.899553e+01
1.568462e+13,7.911283e+01
4.316505e+13,3.261184e+01
2.070168e+13,7.899161e+01
1.513423e+14,8.000000e+01
6.242742e+13,4.924808e+01
8.054068e+13,6.684526e+01
7.329839e+14,8.000000e+01
2.038400e+13,7.899736e+01
1.203473e+14,6.792631e+01
1.519965e+13,7.898920e+01
1.867369e+14,7.273101e+01
6.536598e+13,5.000161e+00
7.158625e+13,6.690532e+01
1.215757e+13,7.069713e+01
2.335578e+18,8.000000e+01
2.335578e+18,8.000000e+01
3.453977e+14,5.843705e+01
1.509265e+13,7.897992e+01
1.031666e+14,6.870708e+01
1.817195e+14,5.038919e+01
5.720167e+13,3.849758e+01
4.091277e+13,7.896772e+01
1.484833e+13,7.888857e+01
2.008564e+14,8.000000e+01
7.188837e+13,7.627447e+01
7.188837e+13,7.627447e+01
1.163228e+14,4.264163e+01
6.143670e+13,3.609524e+01
1.852853e+14,6.540385e+01
1.331747e+14,4.960843e+01
4.450477e+13,7.898062e+01
5.939839e+13,5.104984e+01
4.265820e+14,8.000000e+01
4.265820e+14,8.000000e+01
4.265820e+14,8.000000e+01
1.303396e+13,7.899447e+01
1.351331e+14,8.000000e+01
1.586356e+13,7.899418e+01
1.740371e+13,4.999316e+00
4.093814e+13,3.423342e+01
6.119813e+13,3.867776e+01
4.644017e+13,7.951589e+01
3.795872e+13,3.123049e+01
5.712538e+14,8.000000e+01
5.712538e+14,8.000000e+01
1.089671e+13,6.103099e+01
9.012868e+13,6.834673e+01
3.340827e+13,7.898424e+01
1.763046e+13,7.899344e+01
6.824469e+13,5.124991e+01
5.084365e+13,3.837747e+01
4.010356e+13,7.921655e+01
3.400860e+13,4.999462e+00
3.217691e+13,3.513430e+01
1.340076e+13,7.899250e+01
2.144927e+13,7.899439e+01
2.099431e+13,7.899385e+01
1.706970e+13,7.869220e+01
3.607907e+13,3.267190e+01
3.588104e+14,5.963822e+01
4.288582e+13,3.129055e+01
3.997253e+15,8.000000e+01
2.552625e+13,7.921993e+01
1.322849e+13,7.899801e+01
7.983876e+13,4.138040e+01
1.903787e+13,7.899672e+01
9.227252e+13,5.237113e+01
5.710583e+15,8.000000e+01
7.208852e+13,4.576468e+01
1.992119e+13,7.898239e+01
5.224020e+13,4.504398e+01
2.053592e+14,5.951811e+01
4.147005e+14,7.549370e+01
2.949698e+13,2.924855e+01
4.128991e+13,7.103692e+01
4.128991e+13,7.900253e+01
1.353246e+13,7.889991e+01
3.783091e+13,7.898814e+01
1.096099e+14,5.495365e+01
5.575812e+14,8.000000e+01
5.575812e+14,8.000000e+01
2.803547e+14,8.000000e+01
2.803547e+14,8.000000e+01
2.803547e+14,8.000000e+01
1.706415e+13,7.898071e+01
8.080712e+13,4.420315e+01
4.072535e+13,6.531309e+01
6.362229e+13,6.468315e+01
3.259861e+14,6.882719e+01
1.099669e+14,8.000000e+01
1.099669e+14,8.000000e+01
1.099669e+14,8.000000e+01
1.669962e+13,7.913152e+01
1.148148e+13,7.899207e+01
2.058570e+13,7.898339e+01
2.043098e+13,2.312257e+01
4.696996e+14,8.000000e+01
6.736315e+13,6.486332e+01
6.736315e+13,6.486332e+01
1.066051e+14,4.486380e+01
1.573838e+14,8.000000e+01
1.573838e+14,8.000000e+01
3.296242e+13,3.411330e+01
2.347521e+14,5.699564e+01
1.655205e+13,4.999900e+00
1.234367e+14,8.000000e+01
1.234367e+14,8.000000e+01
2.941454e+13,7.899559e+01
6.940700e+13,2.060698e+01
2.560842e+14,5.597465e+01
6.473881e+13,3.273196e+01
1.896713e+14,7.255083e+01
3.498873e+14,8.000000e+01
5.337041e+14,7.369194e+01
3.791439e+13,3.693606e+01
1.199524e+13,7.899856e+01
4.131054e+13,3.147072e+01
2.884168e+13,2.726662e+01
7.467666e+14,8.000000e+01
5.775619e+14,8.000000e+01
5.775619e+14,8.000000e+01
5.775619e+14,8.000000e+01
4.580365e+14,8.000000e+01
2.150854e+14,8.000000e+01
2.150854e+14,8.000000e+01
7.691104e+13,4.546439e+01
3.784548e+17,8.000000e+01
6.670459e+13,4.047952e+01
1.377569e+13,7.899350e+01
1.639345e+13,7.899444e+01
2.604542e+13,7.899355e+01
2.625445e+13,7.899414e+01
9.044184e+13,5.885746e+01
1.329602e+13,7.895241e+01
1.168813e+14,8.000000e+01
1.429973e+13,7.899536e+01
8.410511e+13,5.225101e+01
2.678452e+15,8.000000e+01
1.021209e+16,8.000000e+01
1.021209e+16,8.000000e+01
5.195639e+13,7.899171e+01
4.230058e+13,4.192093e+01
1.271160e+14,5.819682e+01
9.196303e+13,4.420315e+01
1.988618e+13,7.911111e+01
1.808285e+13,7.895835e+01
1.594552e+14,5.477347e+01
4.166628e+13,5.297172e+01
1.059342e+14,8.000000e+01
6.812451e+13,6.041899e+01
1.811346e+14,8.000000e+01
1.926033e+13,5.000586e+00
2.273688e+13,7.897016e+01
1.454397e+13,7.898663e+01
3.208331e+13,7.883307e+01
2.505951e+13,2.700000e+01
1.257574e+13,7.899724e+01
3.050129e+13,4.999588e+00
6.349698e+14,8.000000e+01
6.349698e+14,8.000000e+01
6.349698e+14,8.000000e+01
1.244290e+14,8.000000e+01
1.241761e+14,7.231060e+01
3.193500e+13,2.942873e+01
5.115624e+13,3.471389e+01
1.771581e+14,6.258110e+01
1.202520e+14,4.852738e+01
2.199490e+14,5.831693e+01
1.074311e+14,5.297172e+01
9.714798e+12,7.898517e+01
2.690344e+13,2.898245e+01
8.430708e+13,7.543364e+01
4.737945e+13,4.636527e+01
5.333488e+13,3.675588e+01
4.807616e+14,8.000000e+01
4.807616e+14,8.000000e+01
3.931228e+14,4.780667e+01
8.037313e+13,5.657523e+01
8.743273e+13,7.104936e+01
8.743273e+13,7.104936e+01
7.273096e+13,3.867776e+01
7.254334e+13,3.861770e+01
4.699751e+14,8.000000e+01
4.699751e+14,8.000000e+01
1.619190e+14,7.957769e+01
1.619190e+14,7.957769e+01
3.536493e+13,3.026955e+01
3.650141e+13,3.369289e+01
3.336584e+14,8.000000e+01
1.488688e+13,7.888509e+01
1.306925e+13,7.893799e+01
2.460233e+15,8.000000e+01
2.460233e+15,8.000000e+01
2.460233e+15,8.000000e+01
2.460233e+15,8.000000e+01
5.727181e+14,7.885699e+01
2.920014e+13,2.642580e+01
1.150731e+13,7.899575e+01
4.214412e+17,8.000000e+01
4.214412e+17,8.000000e+01
4.214412e+17,8.000000e+01
3.265088e+13,3.231155e+01
8.924829e+13,5.537406e+01
2.915159e+13,3.008938e+01
1.018077e+14,5.549418e+01
3.734014e+13,3.471389e+01
9.568613e+13,4.816702e+01
5.822791e+13,3.813723e+01
6.046156e+13,3.939846e+01
1.690405e+14,8.000000e+01
1.128771e+13,7.899466e+01
1.889868e+13,7.896553e+01
4.494211e+14,8.000000e+01
4.494211e+14,8.000000e+01
6.246127e+13,3.651565e+01
5.216458e+13,5.861723e+01
2.408808e+13,7.899719e+01
1.215787e+13,1.500000e+01
3.546733e+13,3.093020e+01
9.420428e+14,8.000000e+01
9.420428e+14,8.000000e+01
1.047822e+13,4.097358e+01
4.021881e+13,3.701680e+01
1.094376e+14,4.834720e+01
1.541168e+14,8.000000e+01
7.487181e+13,5.489359e+01
3.905264e+19,8.000000e+01
3.905264e+19,8.000000e+01
3.905264e+19,8.000000e+01
3.669709e+15,8.000000e+01
3.669709e+15,8.000000e+01
4.537372e+13,5.026908e+01
7.146032e+14,8.000000e+01
1.478134e+14,7.128960e+01
1.223370e+13,7.905116e+01
1.702554e+13,7.897792e+01
1.151422e+14,4.948831e+01
3.066284e+13,2.612551e+01
9.373948e+13,8.000000e+01
3.191432e+13,7.476469e+01
8.018333e+13,3.831741e+01
6.723883e+13,5.225101e+01
3.972907e+13,3.579495e+01
2.185787e+13,2.528468e+01
7.521958e+13,7.255083e+01
1.617615e+14,6.834673e+01
3.214947e+14,6.210063e+01
5.002760e+14,8.000000e+01
4.112108e+14,8.000000e+01
4.112108e+14,8.000000e+01
2.186785e+13,7.894545e+01
1.690446e+13,6.483211e+01
3.851724e+13,7.897821e+01
6.471263e+13,4.540433e+01
3.210831e+13,3.068996e+01
1.943771e+13,7.899583e+01
4.535997e+13,3.369289e+01
2.541743e+14,8.000000e+01
2.541743e+14,8.000000e+01
1.968632e+13,7.898756e+01
1.795479e+13,7.899792e+01
4.585607e+13,4.102005e+01
5.086958e+13,4.234134e+01
1.841810e+13,7.899520e+01
1.566727e+13,7.898087e+01
1.097428e+14,4.618509e+01
9.672648e+13,4.786673e+01
5.472665e+14,8.000000e+01
5.472665e+14,8.000000e+01
3.573900e+13,4.372269e+01
3.207897e+13,3.369289e+01
9.925579e+13,8.000000e+01
9.925579e+13,8.000000e+01
2.688547e+13,5.000130e+00
1.018721e+14,5.116996e+01
2.558994e+14,7.417241e+01
3.036866e+13,3.002932e+01
1.805143e+14,5.287920e+01
4.626588e+13,4.390286e+01
1.485424e+14,7.327153e+01
9.050749e+14,8.000000e+01
3.706956e+14,8.000000e+01
9.154520e+13,5.369242e+01
7.186502e+13,4.516409e+01
1.505776e+13,5.684568e+01
9.407631e+14,6.324174e+01
1.070415e+14,4.444339e+01
1.901500e+15,8.000000e+01
1.901500e+15,8.000000e+01
1.833855e+13,7.899227e+01
2.050193e+13,4.999019e+00
5.742029e+13,5.489359e+01
4.871804e+13,3.633547e+01
8.032129e+12,7.899870e+01
6.312050e+13,5.243119e+01
5.360401e+13,5.561430e+01
9.122908e+13,5.669535e+01
1.178212e+13,7.899773e+01
3.825551e+13,3.201125e+01
9.655736e+13,4.360257e+01
3.726044e+13,3.909817e+01
3.038385e+13,3.014943e+01
8.084599e+13,4.366263e+01
5.407807e+13,5.873734e+01
1.212209e+13,7.899681e+01
3.171409e+13,2.738674e+01
3.305929e+14,8.000000e+01
3.305929e+14,8.000000e+01
5.056929e+13,7.894600e+01
1.481752e+13,4.999640e+00
5.384056e+13,3.567483e+01
2.691520e+14,8.000000e+01
2.691520e+14,8.000000e+01
2.141665e+13,7.898794e+01
6.020714e+13,3.711624e+01
1.097956e+14,5.873734e+01
3.627223e+13,3.345266e+01
4.200592e+13,4.099314e+01
1.893165e+13,7.892496e+01
1.481775e+14,8.000000e+01
4.404202e+13,3.999905e+01
8.429075e+13,4.936820e+01
2.326722e+14,8.000000e+01
5.889224e+13,7.899637e+01
4.394341e+13,4.660550e+01
3.673709e+13,3.075002e+01
2.026150e+13,7.898688e+01
1.945503e+14,8.000000e+01
1.945503e+14,8.000000e+01
9.297796e+13,5.441312e+01
6.156436e+13,3.549465e+01
7.463196e+13,4.894779e+01
8.631455e+13,7.363189e+01
1.585006e+14,6.143998e+01
2.887363e+13,7.899647e+01
1.560935e+13,2.100000e+01
6.027773e+13,3.723635e+01
1.955597e+13,4.998755e+00
2.585186e+14,8.000000e+01
1.988117e+13,7.898325e+01
9.195738e+13,7.411235e+01
7.109374e+14,8.000000e+01
1.456909e+14,4.798685e+01
5.106465e+13,5.032914e+01
5.379658e+13,4.047952e+01
1.121762e+14,5.261136e+01
3.587983e+14,8.000000e+01
3.587983e+14,8.000000e+01
3.587983e+14,8.000000e+01
6.032746e+13,6.786626e+01
6.032746e+13,5.000008e+00
3.048377e+13,3.315237e+01
2.472287e+13,2.300000e+01
6.442251e+13,5.195072e+01
1.368078e+13,7.897733e+01
1.517944e+14,5.507377e+01
2.827506e+13,7.898878e+01
8.982871e+13,4.294192e+01
1.380054e+14,4.768656e+01
2.260448e+13,7.899821e+01
3.091668e+13,4.999838e+00
4.605682e+13,7.898445e+01
1.605514e+14,7.381206e+01
1.640971e+13,7.899299e+01
2.320991e+13,2.468410e+01
1.349727e+13,7.899731e+01
5.946913e+13,4.384280e+01
2.097353e+14,6.282133e+01
1.767163e+13,7.899784e+01
1.537556e+14,7.321147e+01
4.475001e+13,4.348245e+01
3.648651e+13,3.032961e+01
6.644996e+13,5.291166e+01
1.643619e+14,7.110942e+01
3.122409e+13,4.999987e+00
3.122409e+13,6.099379e+01
1.784910e+14,5.537406e+01
2.058192e+13,2.294240e+01
9.623299e+12,7.899845e+01
5.793459e+13,5.591459e+01
5.793459e+13,5.591459e+01
1.285375e+15,8.000000e+01
1.285375e+15,8.000000e+01
1.250765e+14,8.000000e+01
1.815222e+14,5.501371e+01
4.209360e+13,3.429348e+01
7.157261e+13,3.609524e+01
2.112260e+13,7.890178e+01
1.216917e+14,8.000000e+01
3.098958e+14,6.924760e+01
1.139100e+13,7.899845e+01
4.875162e+14,8.000000e+01
4.875162e+14,8.000000e+01
2.798432e+13,2.606545e+01
2.593386e+13,2.654592e+01
1.208824e+14,4.828714e+01
4.090004e+13,3.741653e+01
7.021742e+13,5.771635e+01
7.021742e+13,5.771635e+01
1.362457e+14,8.000000e+01
5.409164e+13,3.561477e+01
6.554355e+13,3.783694e+01
3.779152e+13,3.867776e+01
7.186745e+13,7.899495e+01
7.186745e+13,7.899863e+01
3.776183e+14,8.000000e+01
2.878822e+13,7.898828e+01
3.279246e+13,7.899592e+01
2.585689e+14,8.000000e+01
2.585689e+14,8.000000e+01
2.592248e+13,7.897050e+01
3.814874e+13,7.898454e+01
4.838874e+13,3.543459e+01
1.997452e+13,7.899563e+01
6.115712e+13,3.969876e+01
1.049778e+14,4.792679e+01
7.914848e+13,2.296490e+01
2.330856e+13,6.273187e+01
1.120679e+14,4.462357e+01
9.504979e+13,8.000000e+01
9.504979e+13,8.000000e+01
9.446029e+13,4.216116e+01
3.622544e+13,4.999838e+00
1.060660e+14,5.813676e+01
2.889094e+13,7.897841e+01
1.243379e+13,7.899769e+01
4.622216e+13,3.697563e+01
2.788575e+14,5.807670e+01
2.016299e+13,7.899834e+01
2.789105e+13,7.899711e+01
4.976470e+13,4.108011e+01
4.312142e+13,3.765676e+01
1.084087e+14,5.693558e+01
4.531401e+13,5.000289e+00
2.072540e+13,7.442159e+01
2.600316e+13,2.630568e+01
7.117998e+13,2.500000e+01
4.340803e+14,6.780620e+01
1.747586e+13,7.899448e+01
7.601617e+14,8.000000e+01
2.049102e+13,7.889299e+01
3.123017e+13,3.399319e+01
6.739308e+13,7.899404e+01
6.739308e+13,7.899481e+01
2.353414e+13,2.528468e+01
7.047320e+14,8.000000e+01
1.699144e+14,6.648491e+01
9.050859e+13,7.899760e+01
1.371920e+15,8.000000e+01
1.371920e+15,8.000000e+01
1.371920e+15,8.000000e+01
4.272529e+13,3.165090e+01
1.538749e+13,7.899664e+01
7.322594e+14,8.000000e+01
7.322594e+14,8.000000e+01
7.322594e+14,8.000000e+01
7.322594e+14,8.000000e+01
5.109108e+13,3.417336e+01
5.196252e+13,3.645559e+01
8.667426e+14,8.000000e+01
4.354198e+13,3.219143e+01
1.201960e+14,4.462357e+01
2.349936e+14,8.000000e+01
2.046389e+13,7.899262e+01
2.290636e+13,7.899723e+01
6.904560e+13,7.885699e+01
6.904560e+13,7.900000e+01
2.688248e+13,7.881406e+01
3.032476e+13,2.732668e+01
2.607044e+13,7.899221e+01
8.073516e+14,8.000000e+01
6.879416e+13,4.870755e+01
1.262461e+14,5.340647e+01
2.107948e+13,7.893037e+01
1.241343e+14,6.059916e+01
4.969463e+13,3.693606e+01
5.701517e+13,3.567483e+01
1.739008e+13,7.899055e+01
1.620264e+13,7.909310e+01
6.363030e+13,4.252151e+01
9.540030e+13,6.198051e+01
1.592257e+14,8.000000e+01
3.903479e+13,4.264163e+01
4.927628e+13,4.570462e+01
5.745185e+13,3.525442e+01
1.613264e+13,7.918091e+01
3.629385e+13,7.899405e+01
1.555660e+14,8.000000e+01
1.555660e+14,8.000000e+01
4.506819e+13,3.219143e+01
5.714575e+14,6.378227e+01
4.331507e+13,3.807717e+01
7.804734e+13,4.528421e+01
2.968187e+13,7.899667e+01
2.501958e+13,2.504445e+01
3.108433e+13,2.876809e+01
1.535893e+13,7.899641e+01
1.492255e+14,8.000000e+01
1.233866e+13,7.904452e+01
1.843060e+14,8.000000e+01
1.843060e+14,8.000000e+01
2.612558e+13,7.897647e+01
4.118911e+13,7.899576e+01
1.203796e+13,7.899717e+01
1.784290e+14,6.023881e+01
1.262207e+13,7.899722e+01
2.351290e+13,7.899572e+01
2.523450e+13,7.898152e+01
7.463253e+13,5.399271e+01
3.290844e+13,4.999869e+00
1.295662e+14,5.471342e+01
8.109991e+13,4.354251e+01
1.236973e+13,7.899822e+01
3.349017e+18,8.000000e+01
3.349017e+18,8.000000e+01
3.349017e+18,8.000000e+01
5.815635e+14,6.960796e+01
5.973746e+14,8.000000e+01
1.397070e+13,7.899741e+01
2.305785e+13,7.930111e+01
1.992099e+16,8.000000e+01
1.992099e+16,8.000000e+01
3.782897e+13,3.591506e+01
2.156764e+13,7.897740e+01
1.589240e+13,7.863769e+01
7.469943e+13,4.023928e+01
1.854045e+13,7.892176e+01
1.142737e+14,6.131987e+01
1.179409e+14,6.900737e+01
1.250297e+14,8.000000e+01
1.019188e+13,7.899590e+01
7.337994e+13,5.231107e+01
9.342725e+12,4.304087e+01
1.563100e+13,7.899260e+01
3.260070e+13,2.672609e+01
9.478839e+12,7.898574e+01
3.029053e+13,3.417336e+01
9.436922e+12,7.899862e+01
4.065357e+13,7.898923e+01
1.522244e+13,7.899568e+01
2.756950e+13,2.798732e+01
2.747334e+13,2.690627e+01
1.384106e+14,5.597465e+01
1.977296e+13,7.898432e+01
1.126041e+13,7.899831e+01
6.350403e+13,6.083940e+01
1.793260e+13,7.898194e+01
7.477948e+13,4.228128e+01
5.776213e+13,4.492386e+01
2.981956e+13,2.972902e+01
1.657708e+15,8.000000e+01
1.657708e+15,8.000000e+01
2.135964e+13,7.899416e+01
4.267295e+14,8.000000e+01
4.267295e+14,8.000000e+01
1.056389e+13,7.897781e+01
1.090622e+14,7.519341e+01
1.887685e+14,8.000000e+01
8.808931e+13,5.645512e+01
2.843317e+13,7.899421e+01
3.001212e+13,4.999899e+00
1.460281e+13,7.893267e+01
1.361091e+13,7.894919e+01
1.725634e+13,7.898208e+01
4.641918e+13,3.423342e+01
2.993925e+15,8.000000e+01
2.158602e+14,8.000000e+01
2.158602e+14,8.000000e+01
4.405248e+13,3.249172e+01
1.320101e+13,7.899722e+01
2.761821e+13,7.924309e+01
2.168132e+13,7.898236e+01
1.058432e+13,7.897261e+01
4.388857e+13,6.882719e+01
7.365879e+13,5.525394e+01
3.372923e+14,6.119975e+01
3.011858e+13,7.897424e+01
4.834251e+14,8.000000e+01
4.834251e+14,8.000000e+01
3.369026e+13,3.165090e+01
1.069870e+15,8.000000e+01
1.069870e+15,8.000000e+01
4.568432e+13,7.898780e+01
4.307548e+13,3.921829e+01
6.553755e+13,4.492386e+01
7.485558e+13,5.663529e+01
5.638740e+14,8.000000e+01
5.638740e+14,8.000000e+01
5.690566e+13,3.435354e+01
3.106548e+13,2.978908e+01
8.987669e+13,4.960843e+01
3.736743e+13,2.786721e+01
2.495835e+13,2.606545e+01
2.350245e+13,7.895954e+01
1.473782e+14,5.273148e+01
1.486807e+14,5.687553e+01
1.770057e+14,4.960843e+01
5.635822e+13,3.993899e+01
9.146869e+13,3.807717e+01
1.655654e+13,7.892812e+01
2.274984e+14,8.000000e+01
2.274984e+14,8.000000e+01
2.936509e+13,7.899552e+01
3.895424e+13,3.999905e+01
4.090116e+15,8.000000e+01
4.090116e+15,8.000000e+01
4.301778e+15,8.000000e+01
9.890925e+13,4.895223e+01
3.845217e+13,2.912844e+01
2.218153e+13,7.894536e+01
1.411271e+13,7.899852e+01
6.833090e+13,3.393313e+01
1.073236e+14,6.270121e+01
7.864758e+13,6.444291e+01
3.756814e+13,3.969876e+01
6.111168e+13,6.047904e+01
3.199189e+13,2.924855e+01
3.391495e+14,8.000000e+01
1.074352e+14,4.504398e+01
5.492170e+13,3.471389e+01
3.564342e+13,4.121667e+01
1.978796e+13,7.898020e+01
2.455224e+13,2.948879e+01
5.484201e+13,4.174075e+01
2.259314e+13,7.888193e+01
3.141020e+13,7.899262e+01
2.170772e+13,7.899528e+01
3.326893e+13,2.960891e+01
1.680714e+14,8.000000e+01
8.063864e+13,3.921829e+01
6.042360e+13,4.414310e+01
4.678323e+13,3.489407e+01
9.980137e+13,6.264116e+01
9.980137e+13,6.264116e+01
2.028503e+15,8.000000e+01
2.028503e+15,8.000000e+01
8.186063e+13,4.234134e+01
1.556381e+14,5.207084e+01
3.179567e+13,3.453371e+01
1.282594e+14,8.000000e+01
1.282594e+14,8.000000e+01
3.609901e+13,4.059964e+01
4.257864e+13,3.591506e+01
2.288554e+13,7.898392e+01
1.016372e+13,7.899578e+01
1.370479e+14,5.813676e+01
9.699936e+12,7.899772e+01
1.917591e+13,2.132082e+01
4.120363e+13,4.588480e+01
3.857605e+13,6.432280e+01
1.617246e+13,7.899405e+01
1.054539e+13,7.899789e+01
4.435445e+13,3.459377e+01
1.768947e+13,7.899267e+01
5.296973e+13,6.528374e+01
2.140340e+13,5.923581e+01
4.990213e+13,3.068996e+01
3.862735e+13,7.899606e+01
4.619793e+13,3.969876e+01
1.255848e+14,3.299442e+01
1.189292e+14,6.156010e+01
1.189292e+14,6.156010e+01
3.021390e+14,8.000000e+01
3.021390e+14,8.000000e+01
6.536722e+13,4.041946e+01
1.076065e+14,8.000000e+01
1.076065e+14,8.000000e+01
1.986319e+13,7.899102e+01
8.373602e+14,8.000000e+01
8.373602e+14,8.000000e+01
8.121703e+13,4.132034e+01
1.377288e+13,7.897743e+01
3.809460e+13,3.441360e+01
1.209286e+14,6.918755e+01
1.310993e+13,7.899725e+01
1.682758e+13,5.000000e+00
2.344937e+14,7.567388e+01
8.146099e+13,6.978813e+01
7.205381e+13,4.999919e+00
7.205381e+13,4.999992e+00
2.619825e+13,7.898612e+01
1.985765e+13,7.899487e+01
6.238668e+14,8.000000e+01
8.674465e+14,8.000000e+01
8.674465e+14,8.000000e+01
1.031843e+14,6.696538e+01
1.407001e+14,4.990872e+01
2.166793e+13,4.999812e+00
5.394870e+14,8.000000e+01
9.098350e+13,6.516362e+01
2.497168e+13,6.415996e+01
4.206036e+13,4.011917e+01
5.449000e+13,3.681594e+01
2.402982e+13,7.899587e+01
3.546786e+14,6.798637e+01
4.884618e+13,4.492386e+01
4.065209e+13,7.896800e+01
1.077816e+13,7.898976e+01
4.346151e+13,3.363284e+01
3.547662e+13,3.195119e+01
4.894971e+13,3.008938e+01
5.262842e+13,5.315189e+01
5.950474e+13,3.855764e+01
6.671589e+13,5.489359e+01
4.740860e+13,3.189113e+01
2.228367e+19,8.000000e+01
2.228367e+19,8.000000e+01
1.279114e+16,8.000000e+01
5.250651e+13,4.408304e+01
2.265021e+14,8.000000e+01
2.265021e+14,8.000000e+01
5.122172e+13,7.068901e+01
4.582190e+14,7.831646e+01
2.785219e+13,7.894623e+01
7.880070e+13,4.828714e+01
1.008188e+14,5.000010e+00
1.008188e+14,8.000000e+01
7.780533e+13,5.801664e+01
4.591949e+13,7.898430e+01
2.702279e+13,2.900832e+01
1.565893e+13,7.899061e+01
4.644757e+13,4.999431e+00
1.753268e+13,7.899166e+01
8.762484e+13,3.885794e+01
2.520141e+13,7.899866e+01
2.369087e+15,8.000000e+01
2.369087e+15,8.000000e+01
2.851150e+13,2.660597e+01
1.002678e+14,5.513383e+01
1.652453e+15,8.000000e+01
2.412253e+13,7.897377e+01
1.819603e+14,6.162016e+01
1.768685e+13,7.899591e+01
3.856363e+13,3.285207e+01
4.548640e+13,3.514211e+01
2.926876e+13,6.382458e+01
1.089147e+16,8.000000e+01
7.791832e+13,4.834720e+01
6.768365e+13,3.753665e+01
2.303191e+13,7.897805e+01
7.245643e+13,3.579495e+01
1.217804e+13,7.899760e+01
7.370254e+14,8.000000e+01
1.542238e+14,7.899315e+01
1.542238e+14,7.899774e+01
1.542238e+14,7.899687e+01
1.501874e+14,4.390286e+01
4.114927e+13,4.156057e+01
2.699907e+13,2.774709e+01
9.886046e+14,8.000000e+01
4.401393e+13,4.240140e+01
8.427486e+13,4.156057e+01
6.227204e+13,3.645559e+01
1.319321e+13,7.899600e+01
2.743764e+13,2.858791e+01
3.632045e+13,3.243166e+01
2.537252e+13,3.213137e+01
1.041050e+14,4.888773e+01
1.215378e+13,7.899778e+01
1.692220e+13,7.898273e+01
8.694856e+13,7.681499e+01
8.694856e+13,7.681499e+01
1.611055e+14,4.882767e+01
9.630753e+14,2.551334e+01
1.082636e+13,1.299833e+01
9.519483e+13,4.234134e+01
8.366404e+14,8.000000e+01
2.076931e+13,7.898961e+01
1.092885e+14,5.651517e+01
3.421141e+13,5.000000e+00
1.347274e+13,7.896818e+01
5.891399e+14,8.000000e+01
5.891399e+14,8.000000e+01
7.637202e+13,5.579447e+01
3.637729e+13,2.499399e+01
4.961270e+13,3.885794e+01
1.883323e+14,5.225101e+01
4.238197e+14,6.168022e+01
9.554239e+12,7.899337e+01
1.683170e+13,7.899794e+01
3.487079e+13,2.870803e+01
1.163699e+13,7.899841e+01
2.117179e+13,4.999272e+00
1.240794e+13,7.887256e+01
5.902493e+13,7.897699e+01
5.902493e+13,7.898402e+01
1.219626e+13,7.899701e+01
2.871747e+13,3.351272e+01
1.576280e+14,5.068949e+01
3.511301e+14,8.000000e+01
3.511301e+14,8.000000e+01
1.859628e+14,6.522368e+01
1.477820e+14,4.948831e+01
4.484864e+14,8.000000e+01
4.484864e+14,8.000000e+01
1.713499e+13,7.898137e+01
2.125098e+14,6.318168e+01
4.448244e+13,3.567483e+01
1.518722e+13,7.906088e+01
3.618455e+13,3.075002e+01
3.313198e+14,2.700000e+01
6.108551e+13,3.681594e+01
2.468394e+14,7.801617e+01
1.154818e+14,7.435259e+01
1.780772e+14,7.375200e+01
4.204980e+13,4.156057e+01
5.212384e+13,3.513430e+01
2.540870e+13,7.899247e+01
2.611625e+13,2.780715e+01
1.052874e+14,5.000012e+00
1.052874e+14,7.898704e+01
4.577469e+13,2.996926e+01
1.499474e+15,6.456303e+01
2.252578e+13,7.897208e+01
1.529298e+13,7.899389e+01
4.666300e+13,3.747659e+01
1.540756e+16,8.000000e+01
8.471965e+13,6.942778e+01
1.101947e+13,4.497962e+01
2.692322e+13,2.714650e+01
2.947519e+13,2.696633e+01
2.689247e+14,7.122954e+01
7.871925e+14,8.000000e+01
1.550395e+13,7.897659e+01
8.030795e+13,4.798685e+01
1.104779e+14,6.990825e+01
1.750041e+14,8.000000e+01
3.036270e+13,2.666603e+01
1.400991e+13,7.899707e+01
3.545582e+14,7.513335e+01
4.770651e+13,5.000057e+00
4.770651e+13,5.000098e+00
1.397066e+14,6.089945e+01
2.297417e+15,8.000000e+01
1.507793e+13,7.898801e+01
8.780874e+13,6.684526e+01
8.780874e+13,6.684526e+01
4.058760e+14,8.000000e+01
4.058760e+14,8.000000e+01
2.970030e+13,4.999916e+00
3.097732e+13,2.984914e+01
1.495305e+14,7.369194e+01
7.953789e+13,4.192093e+01
2.674037e+13,2.720656e+01
2.387399e+13,7.899548e+01
1.585250e+14,5.000005e+00
1.585250e+14,5.000010e+00
1.585250e+14,8.000000e+01
1.793724e+14,5.663529e+01
4.131683e+13,3.105031e+01
1.388898e+14,5.333207e+01
6.412667e+13,5.663529e+01
1.591736e+13,7.899584e+01
2.385681e+13,7.899827e+01
1.053904e+14,6.468315e+01
1.612649e+14,3.933841e+01
4.369091e+13,4.294192e+01
4.282523e+13,7.899675e+01
4.282523e+13,7.899790e+01
1.655662e+13,7.899310e+01
3.140589e+13,3.002932e+01
1.194215e+13,7.899821e+01
5.129252e+13,5.000046e+00
5.129252e+13,7.893837e+01
5.717018e+13,3.417336e+01
2.474718e+13,2.504445e+01
1.230217e+13,7.898064e+01
1.059113e+14,6.005863e+01
2.965613e+14,6.071928e+01
1.640669e+13,7.899723e+01
1.747579e+14,6.089945e+01
1.747579e+14,6.089945e+01
4.295321e+13,4.420315e+01
4.295321e+13,5.000017e+00
1.054419e+14,6.324174e+01
1.277149e+13,7.896433e+01
1.008493e+13,1.700000e+01
3.145413e+13,7.899238e+01
4.278345e+14,8.000000e+01
4.278345e+14,8.000000e+01
4.278345e+14,8.000000e+01
2.734666e+13,2.990920e+01
2.765354e+13,7.899295e+01
2.798324e+14,5.579447e+01
1.864449e+14,4.728367e+01
1.864449e+14,7.339165e+01
8.319534e+13,5.579447e+01
7.449580e+14,8.000000e+01
9.857721e+13,4.768656e+01
3.024341e+13,2.870803e+01
2.221457e+13,7.893512e+01
2.215003e+14,7.819634e+01
2.215003e+14,7.819634e+01
4.836240e+13,3.885794e+01
3.934117e+13,3.711624e+01
2.913429e+13,2.690627e+01
1.244084e+13,7.898995e+01
4.227289e+15,8.000000e+01
8.325119e+14,8.000000e+01
9.909429e+12,7.899145e+01
1.167404e+13,7.899242e+01
1.377051e+13,7.899732e+01
1.017430e+13,7.898092e+01
2.322189e+14,6.966802e+01
2.059097e+14,8.000000e+01
2.040124e+14,5.957816e+01
3.804276e+13,7.899715e+01
5.287782e+13,1.900000e+01
3.153246e+13,4.999930e+00
2.162305e+13,7.899706e+01
1.203281e+16,8.000000e+01
1.263484e+14,7.225054e+01
1.035314e+13,7.897122e+01
3.097075e+14,7.867681e+01
3.097075e+14,7.867681e+01
3.562665e+13,3.327248e+01
2.546020e+14,8.000000e+01
2.773843e+14,7.981792e+01
1.540916e+13,7.899666e+01
1.028481e+13,4.999819e+00
3.128961e+13,2.870803e+01
1.402841e+13,7.899691e+01
3.769045e+14,8.000000e+01
1.229689e+14,8.000000e+01
1.229689e+14,8.000000e+01
1.407487e+13,7.899672e+01
4.499900e+13,4.144046e+01
4.499900e+13,4.144046e+01
3.655455e+13,3.111037e+01
4.809818e+13,4.444339e+01
3.184045e+14,6.696538e+01
1.803632e+13,7.899000e+01
3.951184e+13,5.000030e+00
3.951184e+13,7.896776e+01
4.287866e+13,3.249172e+01
2.149442e+13,7.041100e+01
1.025011e+14,4.576468e+01
2.151193e+13,7.897359e+01
1.015549e+14,7.255083e+01
7.288524e+13,6.738579e+01
2.511415e+13,7.895590e+01
1.712092e+14,2.207600e+01
1.944053e+13,4.998842e+00
2.542392e+13,7.892613e+01
1.001459e+13,7.899268e+01
1.150898e+14,4.714603e+01
2.181530e+14,6.522368e+01
2.810768e+13,2.738674e+01
1.620213e+13,7.894998e+01
5.565618e+13,7.183013e+01
1.644797e+13,7.899279e+01
1.098079e+13,7.899720e+01
3.373732e+13,7.899701e+01
1.710557e+14,6.642485e+01
4.156785e+13,5.267142e+01
1.063338e+14,4.510403e+01
4.795381e+13,3.867776e+01
5.318343e+13,2.094482e+01
1.775267e+13,7.899388e+01
1.360881e+13,7.899525e+01
2.944849e+13,3.267190e+01
1.565200e+13,7.899868e+01
5.222263e+13,5.014896e+01
2.890297e+14,8.000000e+01
2.890297e+14,8.000000e+01
3.779147e+13,3.225149e+01
4.554693e+13,3.471389e+01
1.924505e+16,8.000000e+01
5.299907e+13,5.861723e+01
1.660236e+14,5.945805e+01
2.492102e+14,8.000000e+01
2.492102e+14,8.000000e+01
2.492102e+14,8.000000e+01
2.492102e+14,8.000000e+01
1.533004e+13,7.018065e+01
1.227128e+14,4.906790e+01
9.806709e+14,8.000000e+01
9.806709e+14,8.000000e+01
5.357815e+14,7.140972e+01
2.110321e+13,7.899857e+01
1.323057e+15,8.000000e+01
1.323057e+15,8.000000e+01
3.927491e+16,8.000000e+01
3.927491e+16,8.000000e+01
1.883984e+13,7.899597e+01
2.180062e+19,8.000000e+01
2.180062e+19,8.000000e+01
2.180062e+19,8.000000e+01
2.180062e+19,8.000000e+01
2.180062e+19,8.000000e+01
2.180062e+19,8.000000e+01
1.566634e+15,8.000000e+01
4.075142e+13,4.948831e+01
1.484137e+13,7.188542e+01
1.248766e+13,7.899487e+01
1.076946e+13,7.899631e+01
2.236533e+13,7.899487e+01
5.584771e+13,3.921829e+01
1.954030e+13,7.899422e+01
6.420883e+14,7.008843e+01
2.565599e+13,5.519061e+01
1.211612e+14,4.930814e+01
1.934257e+13,7.894883e+01
1.398161e+13,7.894245e+01
4.874327e+14,6.612456e+01
7.715968e+14,8.000000e+01
7.715968e+14,8.000000e+01
2.706935e+13,2.816750e+01
9.557645e+12,2.299423e+01
1.132911e+14,5.729594e+01
2.791620e+13,2.810744e+01
4.446240e+13,4.360257e+01
1.388006e+13,7.898768e+01
2.908575e+13,2.780715e+01
1.737191e+13,7.899779e+01
9.109383e+13,6.360209e+01
4.697085e+13,3.645559e+01
3.089652e+13,3.014943e+01
3.457458e+13,3.465383e+01
5.903006e+13,3.957864e+01
2.144018e+14,8.000000e+01
2.144018e+14,8.000000e+01
2.100869e+13,5.000673e+00
1.463778e+14,4.870755e+01
2.501678e+15,7.759576e+01
5.911198e+13,4.840726e+01
2.778109e+14,8.000000e+01
3.166576e+13,3.711624e+01
9.643547e+13,8.000000e+01
9.643547e+13,7.898946e+01
1.566565e+13,7.899541e+01
5.941728e+13,3.303035e+01
6.085474e+13,3.801712e+01
4.177905e+13,4.516409e+01
1.150839e+14,8.000000e+01
1.150839e+14,5.000001e+00
3.242525e+13,5.435647e+01
1.101280e+13,7.899320e+01
4.030113e+13,3.681594e+01
2.143133e+13,7.899567e+01
1.224212e+14,8.000000e+01
1.224212e+14,8.000000e+01
1.224212e+14,8.000000e+01
2.344231e+14,5.915775e+01
1.675632e+13,7.897037e+01
1.419777e+13,7.897883e+01
2.653124e+13,2.894826e+01
1.388144e+13,7.900000e+01
6.082189e+13,5.519388e+01
3.160019e+13,2.810744e+01
8.491190e+13,6.540385e+01
7.195628e+13,4.480374e+01
3.471685e+14,8.000000e+01
3.471685e+14,8.000000e+01
1.397162e+13,7.899860e+01
3.385206e+14,8.000000e+01
1.360689e+13,7.899141e+01
2.106296e+13,7.898849e+01
4.801404e+13,3.369289e+01
3.296941e+13,3.489407e+01
5.665199e+13,7.899637e+01
5.665199e+13,7.899867e+01
2.400653e+13,7.889984e+01
4.820243e+13,3.663577e+01
8.138151e+13,5.273148e+01
8.715247e+13,4.876761e+01
4.025576e+15,8.000000e+01
4.025576e+15,8.000000e+01
5.793931e+13,4.017923e+01
3.302559e+14,8.000000e+01
2.620063e+13,2.684621e+01
6.820579e+13,4.222122e+01
3.098595e+13,7.898633e+01
4.092650e+13,4.180081e+01
1.724320e+13,7.899501e+01
2.283433e+13,7.899365e+01
6.997346e+13,4.312210e+01
1.334248e+14,6.498344e+01
1.015462e+15,8.000000e+01
1.211361e+15,8.000000e+01
1.292358e+13,7.899739e+01
6.363200e+12,1.700000e+01
3.401380e+13,4.999976e+00
2.499682e+14,5.195072e+01
2.280049e+13,7.899801e+01
2.337440e+13,7.821878e+01
4.152634e+13,3.567483e+01
1.611680e+14,6.504350e+01
3.443054e+13,7.899886e+01
3.443054e+13,7.899816e+01
6.993742e+13,6.697438e+01
3.700444e+14,7.201030e+01
6.073065e+13,7.899445e+01
1.693453e+13,7.898646e+01
2.414523e+13,2.438381e+01
1.757567e+13,7.899529e+01
3.734825e+13,4.077981e+01
6.402317e+13,7.899880e+01
3.947338e+13,3.633547e+01
3.435560e+13,4.966849e+01
2.415935e+13,2.624562e+01
4.515919e+13,7.899211e+01
1.807483e+14,6.011869e+01
1.895053e+13,7.897479e+01
2.247258e+13,7.897368e+01
3.296799e+13,2.792726e+01
9.709827e+12,7.899672e+01
5.844292e+13,7.195024e+01
5.038598e+13,4.810697e+01
2.146033e+13,2.017970e+01
4.673346e+13,3.441360e+01
1.269937e+14,5.669535e+01
1.516021e+14,5.729594e+01
2.156121e+13,7.899327e+01
1.586963e+13,7.899628e+01
1.196170e+13,7.899605e+01
4.028993e+13,3.675588e+01
1.404645e+13,7.896791e+01
2.235875e+14,8.000000e+01
6.853794e+14,7.687505e+01
1.089988e+13,7.899603e+01
1.709434e+14,5.255130e+01
1.589308e+14,7.867681e+01
1.589308e+14,7.867681e+01
1.120789e+14,7.999810e+01
1.336477e+13,7.899811e+01
4.156857e+14,6.834673e+01
1.929833e+13,7.898475e+01
2.790008e+13,7.898349e+01
2.353528e+13,2.780715e+01
1.702002e+14,8.000000e+01
9.351769e+13,8.000000e+01
9.351769e+13,7.899868e+01
8.861340e+12,7.899863e+01
1.408054e+13,7.892260e+01
2.269797e+13,7.898649e+01
5.770324e+13,4.690579e+01
1.628439e+14,8.000000e+01
3.281806e+13,5.335026e+01
1.280664e+14,5.645512e+01
5.323293e+13,3.729641e+01
3.712394e+14,8.000000e+01
1.169362e+14,4.132034e+01
6.801050e+13,3.843753e+01
2.325551e+13,7.898503e+01
2.540270e+13,2.846779e+01
1.180672e+14,4.936820e+01
1.083925e+13,4.999734e+00
9.400653e+13,4.900785e+01
2.857066e+13,2.768703e+01
2.103687e+13,7.898105e+01
2.704316e+13,3.056984e+01
2.197134e+14,7.164995e+01
4.720876e+13,3.219143e+01
1.662125e+13,7.917686e+01
1.940820e+13,7.894017e+01
1.584633e+13,7.895286e+01
5.077206e+13,5.285160e+01
5.077206e+13,4.999972e+00
1.151689e+15,8.000000e+01
1.151689e+15,8.000000e+01
9.044532e+13,5.110990e+01
3.186287e+13,3.087014e+01
1.708872e+13,7.906523e+01
7.678525e+13,3.933841e+01
2.287803e+13,2.486427e+01
1.627809e+14,7.957769e+01
1.581698e+13,7.898531e+01
2.967205e+13,3.633547e+01
1.213176e+13,7.899816e+01
8.056631e+13,5.987846e+01
5.423095e+13,6.348198e+01
5.423095e+13,4.999410e+00
6.189506e+14,8.000000e+01
2.585296e+13,2.852785e+01
3.980730e+13,4.017923e+01
1.152083e+15,8.000000e+01
1.253682e+15,8.000000e+01
1.253682e+15,8.000000e+01
1.253682e+15,8.000000e+01
1.295169e+15,8.000000e+01
1.182365e+14,5.477347e+01
5.398128e+13,5.345218e+01
2.044086e+14,8.000000e+01
2.044086e+14,8.000000e+01
1.261223e+13,7.899696e+01
2.541836e+13,2.930861e+01
1.913638e+13,1.699808e+01
1.153081e+15,8.000000e+01
1.153081e+15,8.000000e+01
1.811232e+13,7.899344e+01
1.047413e+14,4.378274e+01
5.879069e+13,5.357230e+01
5.252643e+13,3.879788e+01
8.547502e+13,6.672514e+01
4.251772e+14,8.000000e+01
4.251772e+14,8.000000e+01
8.223084e+13,4.672562e+01
1.488919e+14,8.000000e+01
1.488919e+14,8.000000e+01
1.488919e+14,8.000000e+01
9.440678e+13,5.177054e+01
2.413814e+13,7.899307e+01
2.413814e+13,4.999995e+00
5.599777e+13,5.062943e+01
1.093617e+13,7.897868e+01
5.646281e+13,7.899914e+01
5.646281e+13,7.899413e+01
7.490279e+13,5.405277e+01
3.340488e+13,3.387307e+01
5.868544e+13,8.000000e+01
2.911794e+14,8.000000e+01
2.911794e+14,8.000000e+01
7.134604e+13,4.192093e+01
8.948996e+13,8.000000e+01
8.948996e+13,8.000000e+01
2.602376e+13,7.898508e+01
6.021620e+14,8.000000e+01
6.021620e+14,8.000000e+01
2.785546e+13,2.732668e+01
1.037831e+14,8.000000e+01
1.037831e+14,8.000000e+01
3.294699e+13,7.889992e+01
1.453088e+14,4.978861e+01
5.106056e+13,3.219143e+01
8.776422e+12,7.897517e+01
1.329384e+14,6.240092e+01
1.389264e+13,7.899613e+01
3.707075e+13,7.899604e+01
1.765780e+13,3.713842e+01
1.167131e+13,7.898638e+01
1.648866e+13,7.899642e+01
1.700648e+13,7.899518e+01
1.297120e+13,7.899724e+01
6.753164e+13,2.292811e+01
3.335532e+14,8.000000e+01
2.008232e+13,7.896742e+01
2.610714e+18,8.000000e+01
2.610714e+18,8.000000e+01
1.026137e+14,8.000000e+01
4.136645e+14,8.000000e+01
4.136645e+14,8.000000e+01
4.136645e+14,8.000000e+01
2.398352e+13,2.444386e+01
6.981881e+17,8.000000e+01
6.981881e+17,8.000000e+01
1.716391e+14,6.216069e+01
2.093716e+13,7.899545e+01
8.769548e+13,8.000000e+01
8.769548e+13,8.000000e+01
7.188848e+13,3.957864e+01
9.104672e+13,4.936820e+01
2.038540e+14,5.062943e+01
5.509141e+13,5.255130e+01
2.779837e+14,7.152983e+01
4.573805e+13,4.516409e+01
1.822810e+13,7.889117e+01
3.647406e+13,3.068996e+01
2.444121e+13,2.720656e+01
1.172524e+15,8.000000e+01
1.680207e+13,4.999881e+00
2.458550e+13,2.378322e+01
4.471013e+13,3.531448e+01
5.073699e+13,4.714603e+01
1.672791e+13,4.998937e+00
4.505581e+14,8.000000e+01
4.505581e+14,8.000000e+01
2.227257e+13,7.899382e+01
4.648730e+13,3.819729e+01
3.945577e+13,3.843753e+01
6.934282e+13,2.698550e+01
1.513460e+13,7.899723e+01
5.819369e+14,8.000000e+01
5.819369e+14,8.000000e+01
9.774280e+12,7.898280e+01
1.692687e+13,7.898325e+01
2.220410e+13,7.899445e+01
1.339903e+13,7.906744e+01
2.656758e+13,7.899852e+01
1.382608e+13,6.488041e+01
5.517580e+13,4.240140e+01
2.787616e+13,7.898248e+01
3.090799e+13,7.933562e+01
2.519745e+13,2.546486e+01
1.718013e+13,7.899251e+01
3.836620e+13,7.899537e+01
4.453071e+14,8.000000e+01
4.468825e+13,3.771682e+01
6.390811e+13,5.062943e+01
2.826281e+13,2.966897e+01
2.244903e+13,7.899265e+01
9.971442e+12,7.898342e+01
1.899315e+13,7.899582e+01
3.451330e+13,3.100000e+01
3.471472e+15,8.000000e+01
3.471472e+15,8.000000e+01
3.471472e+15,8.000000e+01
9.633640e+13,8.000000e+01
9.633640e+13,8.000000e+01
2.818457e+13,2.678615e+01
1.622491e+13,7.897517e+01
1.470318e+13,7.899622e+01
4.422662e+13,3.159084e+01
1.987600e+13,7.899758e+01
3.992158e+13,4.210110e+01
4.890574e+13,4.432327e+01
1.570973e+15,8.000000e+01
1.610822e+13,7.898853e+01
1.130289e+14,7.549370e+01
5.440950e+13,7.899874e+01
5.440950e+13,6.450297e+01
1.047226e+13,7.897065e+01
6.440169e+13,4.402298e+01
1.327888e+13,7.899456e+01
3.465986e+14,8.000000e+01
6.004737e+13,3.825735e+01
5.055223e+13,4.684573e+01
4.179510e+13,3.705618e+01
5.900094e+13,4.288186e+01
1.958809e+13,7.898944e+01
1.244701e+14,7.171001e+01
6.694423e+13,3.837747e+01
8.864435e+13,4.258157e+01
2.936008e+13,4.998579e+00
2.770804e+13,1.699566e+01
1.455522e+13,7.899303e+01
5.827684e+13,4.408304e+01
4.671339e+13,3.351272e+01
1.636425e+14,8.000000e+01
1.636425e+14,8.000000e+01
4.575387e+13,3.501418e+01
4.310740e+13,4.282181e+01
1.911087e+14,6.594438e+01
1.911087e+14,6.594438e+01
1.628518e+14,8.000000e+01
1.628518e+14,8.000000e+01
9.909238e+13,7.897710e+01
1.026968e+14,5.098978e+01
8.044316e+13,7.927740e+01
8.044316e+13,7.927740e+01
1.297670e+14,4.414310e+01
3.764057e+14,8.000000e+01
9.076416e+13,6.270121e+01
3.440858e+13,7.899784e+01
5.938157e+13,5.363236e+01
4.834490e+14,8.000000e+01
1.282494e+14,8.000000e+01
1.827278e+13,5.850293e+01
6.522753e+13,4.612503e+01
6.878002e+13,4.710696e+01
6.878002e+13,7.387212e+01
1.065155e+14,5.363236e+01
7.286822e+14,7.897710e+01
1.275338e+14,7.899747e+01
1.275338e+14,8.000000e+01
6.135876e+15,8.000000e+01
1.718492e+13,4.999491e+00
2.040137e+13,7.899141e+01
3.426829e+14,6.876714e+01
2.056224e+13,7.898971e+01
9.363111e+12,2.499285e+01
1.061622e+14,5.171048e+01
1.162384e+13,7.899701e+01
2.526020e+13,2.732668e+01
1.164534e+14,6.522368e+01
1.953651e+16,8.000000e+01
1.291091e+13,7.897697e+01
1.347625e+13,7.899160e+01
2.428340e+14,6.768608e+01
2.370761e+13,7.899834e+01
6.853896e+14,8.000000e+01
6.644525e+13,5.867729e+01
3.493151e+13,3.795706e+01
9.895489e+12,7.899721e+01
1.011004e+13,7.899778e+01
9.292705e+13,6.996831e+01
9.292705e+13,6.996831e+01
4.871153e+13,5.603471e+01
4.871153e+13,5.000010e+00
3.541249e+13,4.998989e+00
3.102439e+14,5.555424e+01
1.056447e+14,4.660550e+01
3.413018e+13,2.870803e+01
1.774961e+13,6.093955e+01
1.133765e+13,7.899034e+01
6.347941e+13,4.630521e+01
4.016882e+13,7.899353e+01
2.423968e+13,2.438381e+01
2.960921e+13,7.887972e+01
5.530526e+13,7.899992e+01
5.530526e+13,7.098931e+01
1.585621e+14,4.978861e+01
6.846658e+13,3.987893e+01
1.473330e+13,7.898657e+01
1.099695e+13,7.899707e+01
1.346406e+14,5.231107e+01
3.542415e+14,8.000000e+01
3.542415e+14,8.000000e+01
9.852751e+13,4.768656e+01
1.544269e+13,7.096826e+01
5.337719e+13,3.357278e+01
2.065908e+13,7.898830e+01
2.046903e+13,7.899386e+01
1.283352e+13,7.899860e+01
1.912446e+13,2.699212e+01
1.772366e+13,7.013897e+01
1.501269e+14,8.000000e+01
1.839446e+13,7.899605e+01
5.254241e+14,8.000000e+01
2.026007e+13,7.898820e+01
3.250737e+13,3.735647e+01
1.325200e+13,7.899739e+01
3.381297e+13,3.213137e+01
2.218645e+13,2.306252e+01
1.188802e+14,7.026860e+01
1.188802e+14,7.026860e+01
9.014145e+13,8.000000e+01
9.014145e+13,8.000000e+01
1.196844e+13,7.899519e+01
1.282700e+13,7.899719e+01
1.267470e+14,6.348198e+01
1.267470e+14,6.348198e+01
5.172446e+13,3.603518e+01
6.809146e+13,6.456303e+01
1.103630e+14,6.894731e+01
1.103630e+14,6.894731e+01
2.715179e+13,2.798732e+01
2.620616e+13,2.840773e+01
1.808965e+14,8.000000e+01
1.808965e+14,8.000000e+01
6.193901e+13,4.096514e+01
1.138111e+14,4.630521e+01
2.179243e+13,7.896860e+01
2.853486e+14,5.591459e+01
1.875137e+13,7.897961e+01
1.928977e+13,7.896602e+01
5.936558e+14,8.000000e+01
5.936558e+14,8.000000e+01
4.641730e+13,7.899567e+01
1.646800e+13,7.914119e+01
5.810720e+13,2.701240e+01
6.765723e+13,4.120022e+01
2.927720e+13,7.899453e+01
1.237495e+13,7.899484e+01
6.304900e+13,4.870755e+01
2.279780e+13,7.899671e+01
3.509029e+13,3.273196e+01
1.351966e+14,6.011869e+01
4.222885e+13,3.717629e+01
2.091451e+13,7.899098e+01
1.873785e+13,7.896101e+01
2.820641e+13,7.899418e+01
2.478129e+14,7.615435e+01
4.505046e+13,3.819729e+01
1.017978e+17,8.000000e+01
1.017978e+17,8.000000e+01
1.017978e+17,8.000000e+01
1.017978e+17,8.000000e+01
2.434635e+13,2.618556e+01
4.021831e+14,7.098931e+01
2.444031e+13,2.450392e+01
1.037301e+13,7.899868e+01
1.063295e+14,6.582426e+01
4.183345e+13,7.899234e+01
1.049798e+14,8.000000e+01
1.049798e+14,8.000000e+01
1.515360e+14,8.000000e+01
1.515360e+14,8.000000e+01
1.230528e+13,7.898185e+01
3.300554e+13,2.924855e+01
2.445482e+13,7.450107e+01
1.607072e+13,7.899397e+01
1.797258e+13,7.899720e+01
2.938917e+13,3.207131e+01
5.466463e+13,4.999978e+00
5.466463e+13,5.000308e+00
2.097683e+13,7.897307e+01
1.112229e+13,7.899690e+01
3.960811e+13,3.189113e+01
9.896130e+13,6.978813e+01
9.896130e+13,6.978813e+01
3.060654e+13,7.898438e+01
3.494032e+13,2.948879e+01
1.611474e+13,7.898717e+01
3.798269e+13,2.702639e+01
2.901967e+13,7.899487e+01
2.176432e+14,8.000000e+01
2.176432e+14,8.000000e+01
1.377271e+14,5.783646e+01
3.311658e+14,8.000000e+01
6.211481e+13,3.579495e+01
1.101032e+14,4.240140e+01
1.263999e+14,6.348198e+01
8.691849e+13,5.000030e+00
8.691849e+13,7.909722e+01
2.829341e+13,2.768703e+01
5.320972e+15,8.000000e+01
7.508671e+13,7.285112e+01
4.323874e+13,4.999997e+00
4.323874e+13,7.896889e+01
6.851352e+13,4.306204e+01
3.895109e+13,3.075002e+01
6.955024e+13,3.969876e+01
4.938342e+13,3.657571e+01
2.174164e+13,7.921444e+01
3.784734e+15,8.000000e+01
5.689926e+13,3.819729e+01
1.440684e+13,7.899803e+01
2.205238e+14,8.000000e+01
2.205238e+14,8.000000e+01
1.341552e+14,6.546391e+01
1.341552e+14,6.546391e+01
2.415968e+14,8.000000e+01
2.415968e+14,8.000000e+01
2.415968e+14,8.000000e+01
8.660360e+14,5.183060e+01
7.194444e+14,8.000000e+01
1.297294e+13,7.899696e+01
1.675585e+14,4.702591e+01
3.230408e+20,8.000000e+01
3.230408e+20,8.000000e+01
3.230408e+20,8.000000e+01
3.230408e+20,8.000000e+01
3.230408e+20,8.000000e+01
3.230408e+20,8.000000e+01
3.230408e+20,8.000000e+01
3.230408e+20,8.000000e+01
3.230408e+20,8.000000e+01
3.230408e+20,8.000000e+01
9.702085e+13,7.896417e+01
1.065016e+13,7.899339e+01
9.305177e+13,6.738579e+01
2.115537e+14,8.000000e+01
2.488595e+14,6.366215e+01
2.191580e+13,7.899832e+01
1.713310e+14,5.483353e+01
2.007731e+14,7.134966e+01
2.895608e+13,7.895977e+01
2.415290e+13,7.880582e+01
2.028847e+13,7.897206e+01
2.325363e+15,8.000000e+01
2.439233e+13,4.999170e+00
1.570152e+14,5.489359e+01
3.459803e+13,7.899363e+01
1.026422e+13,4.999864e+00
1.056937e+13,7.896688e+01
3.536890e+14,8.000000e+01
3.536890e+14,8.000000e+01
1.939080e+13,7.899473e+01
3.216096e+13,3.062990e+01
1.042798e+13,7.895965e+01
1.459983e+13,7.918836e+01
4.137747e+13,4.282181e+01
7.410525e+13,5.573441e+01
1.952927e+13,7.896082e+01
3.429641e+13,2.798732e+01
1.389971e+15,8.000000e+01
1.620322e+14,7.801617e+01
1.620322e+14,7.801617e+01
2.773089e+13,7.899163e+01
2.081923e+14,8.000000e+01
6.726604e+13,4.499201e+01
1.016598e+13,7.899684e+01
6.640038e+13,7.899307e+01
5.194789e+13,4.618509e+01
1.871127e+14,5.116996e+01
7.771834e+13,3.777688e+01
1.764128e+13,7.903854e+01
7.223355e+14,8.000000e+01
7.223355e+14,8.000000e+01
8.837594e+13,5.243119e+01
2.832602e+13,3.008938e+01
3.959059e+15,8.000000e+01
7.489242e+13,8.000000e+01
2.960932e+14,7.735552e+01
1.483354e+14,8.000000e+01
1.483354e+14,8.000000e+01
3.223387e+13,2.834768e+01
2.311487e+13,6.578575e+01
1.330609e+13,7.898789e+01
2.790329e+14,8.000000e+01
2.790329e+14,8.000000e+01
6.064490e+13,5.231107e+01
6.064490e+13,5.231107e+01
2.121066e+13,4.295315e+01
4.935841e+13,4.816702e+01
7.727151e+13,3.867776e+01
1.471129e+13,7.898622e+01
1.363398e+13,7.899479e+01
7.121438e+13,7.255083e+01
1.503956e+16,8.000000e+01
1.503956e+16,8.000000e+01
1.205898e+13,7.899144e+01
1.337594e+13,7.899372e+01
1.758470e+15,8.000000e+01
1.758470e+15,8.000000e+01
6.822558e+13,5.303177e+01
2.806165e+13,7.899659e+01
3.201667e+14,8.000000e+01
1.699425e+14,3.096017e+01
1.284479e+13,7.897900e+01
1.632838e+13,7.898768e+01
2.980513e+13,2.732668e+01
2.347084e+13,7.895491e+01
6.897698e+13,3.933841e+01
1.806900e+13,7.895441e+01
1.299511e+13,7.898378e+01
4.000603e+13,3.032961e+01
3.111646e+13,2.840773e+01
1.400259e+14,8.000000e+01
6.864582e+13,4.768656e+01
3.238852e+13,3.032961e+01
9.570153e+12,5.289847e+01
2.594636e+13,7.897945e+01
8.957021e+13,5.585453e+01
1.451766e+13,7.899605e+01
4.916254e+13,4.726614e+01
2.207867e+13,2.693807e+01
3.336927e+14,8.000000e+01
3.866910e+13,3.219143e+01
2.160821e+13,7.899820e+01
7.721771e+13,5.000008e+00
7.721771e+13,8.000000e+01
1.806308e+14,4.990872e+01
2.544674e+13,7.899349e+01
2.705921e+13,2.930861e+01
4.074841e+13,3.417336e+01
1.266212e+15,8.000000e+01
3.139652e+13,3.357278e+01
5.805437e+13,4.126028e+01
2.793260e+14,6.654497e+01
7.329084e+14,8.000000e+01
7.329084e+14,8.000000e+01
7.329084e+14,8.000000e+01
1.655539e+13,7.840275e+01
1.923334e+13,7.910022e+01
1.230660e+13,7.898085e+01
4.817866e+13,4.738626e+01
1.382245e+14,5.050931e+01
2.279239e+13,7.897864e+01
1.696479e+13,7.898346e+01
4.353797e+13,3.615530e+01
2.986292e+13,7.899621e+01
2.211139e+13,7.923545e+01
4.737541e+13,4.576468e+01
2.169885e+13,7.874226e+01
1.074708e+13,7.899604e+01
2.680452e+13,7.899737e+01
9.604599e+13,5.405277e+01
6.093798e+13,5.000000e+00
6.093798e+13,5.000000e+00
3.921103e+14,6.660503e+01
3.934617e+13,3.237160e+01
2.589866e+13,7.899329e+01
1.255730e+13,7.877634e+01
6.764471e+13,4.390286e+01
2.532422e+13,3.123049e+01
3.431276e+13,3.669583e+01
3.476499e+13,3.807717e+01
7.729943e+13,3.831741e+01
1.628497e+13,7.899206e+01
1.003122e+14,8.000000e+01
3.379650e+13,2.918850e+01
3.853735e+14,6.954790e+01
2.817296e+13,3.498657e+01
7.954960e+13,6.732573e+01
7.954960e+13,6.732573e+01
5.958629e+13,3.507424e+01
2.540102e+13,4.999544e+00
1.788315e+13,7.894018e+01
1.431282e+13,7.899040e+01
1.687719e+13,7.899502e+01
8.165840e+13,4.162063e+01
1.274969e+13,7.899867e+01
1.666193e+13,7.899671e+01
2.164505e+13,7.899870e+01
1.522452e+13,5.826284e+01
1.253106e+15,8.000000e+01
2.161342e+13,7.897687e+01
4.249591e+13,7.899064e+01
3.556732e+13,3.044973e+01
7.060371e+13,4.372269e+01
5.668570e+13,5.525394e+01
5.668570e+13,5.525394e+01
5.150846e+15,8.000000e+01
3.357261e+13,3.339260e+01
1.477504e+13,7.899739e+01
2.097051e+13,7.898282e+01
2.680305e+14,5.297172e+01
2.177688e+13,7.899509e+01
4.900332e+13,4.035940e+01
6.617079e+14,8.000000e+01
6.617079e+14,8.000000e+01
1.578955e+13,7.899049e+01
2.129403e+13,7.899651e+01
3.748685e+13,3.333254e+01
1.105131e+14,5.525394e+01
2.271237e+14,8.000000e+01
1.781705e+13,7.899316e+01
3.300432e+14,8.000000e+01
3.300432e+14,8.000000e+01
3.300432e+14,8.000000e+01
2.658955e+13,2.786721e+01
1.947436e+13,4.998817e+00
1.825615e+13,7.896756e+01
5.295861e+13,3.945852e+01
5.781620e+13,3.219143e+01
2.467560e+13,7.897064e+01
2.170491e+15,8.000000e+01
6.306039e+13,4.095999e+01
7.728307e+13,6.636479e+01
1.049492e+13,7.899364e+01
9.060855e+13,5.231107e+01
1.764570e+14,4.882767e+01
9.928968e+12,7.899639e+01
2.066289e+13,2.499531e+01
1.461989e+14,8.000000e+01
3.729020e+13,7.896905e+01
1.279320e+16,8.000000e+01
1.464399e+13,7.899394e+01
2.301197e+13,7.890718e+01
1.801151e+14,8.000000e+01
1.801151e+14,8.000000e+01
9.387995e+12,7.899814e+01
1.665088e+13,7.899698e+01
1.138571e+17,8.000000e+01
5.739823e+13,4.780667e+01
3.378691e+14,8.000000e+01
8.486305e+13,6.342192e+01
2.130092e+13,2.480422e+01
1.158753e+14,4.270169e+01
2.241733e+14,8.000000e+01
2.241733e+14,8.000000e+01
4.487367e+18,8.000000e+01
4.487367e+18,8.000000e+01
1.912760e+13,7.899302e+01
2.653655e+17,8.000000e+01
2.653655e+17,8.000000e+01
9.349946e+12,1.699419e+01
5.294305e+13,7.899466e+01
1.487504e+14,5.231107e+01
2.921448e+14,8.000000e+01
1.161904e+20,8.000000e+01
1.161904e+20,8.000000e+01
1.161904e+20,8.000000e+01
1.161904e+20,8.000000e+01
3.407923e+13,7.896894e+01
1.934875e+13,7.899283e+01
1.500601e+13,7.896549e+01
4.145456e+13,7.920125e+01
4.145456e+13,5.000698e+00
6.537432e+13,3.915823e+01
1.594682e+13,7.899130e+01
4.079830e+13,3.129055e+01
1.725422e+13,7.899384e+01
1.504856e+13,7.899650e+01
1.869552e+13,7.899448e+01
1.078392e+13,7.899878e+01
1.038038e+13,4.999640e+00
2.056557e+13,7.890816e+01
7.058527e+13,7.898037e+01
7.389812e+13,4.546439e+01
1.242166e+13,7.899804e+01
8.733277e+13,4.882767e+01
4.401891e+13,4.144046e+01
5.412490e+14,8.000000e+01
1.306691e+13,7.899785e+01
1.469781e+14,4.984867e+01
2.234247e+15,8.000000e+01
2.234247e+15,8.000000e+01
3.058679e+13,2.846779e+01
1.705366e+14,4.493957e+01
8.298569e+14,8.000000e+01
1.929079e+14,8.000000e+01
1.929079e+14,8.000000e+01
1.413256e+13,7.898153e+01
4.979106e+13,3.747659e+01
1.272295e+14,5.104984e+01
2.644113e+13,7.896805e+01
1.006943e+14,4.846732e+01
8.981696e+13,6.097428e+01
2.046410e+13,4.862871e+01
1.167279e+14,7.579400e+01
7.585598e+13,3.975882e+01
4.691620e+13,5.507377e+01
1.474060e+13,7.899775e+01
3.989302e+13,4.999420e+00
1.882356e+14,8.000000e+01
1.392656e+13,7.899481e+01
2.007497e+13,7.899466e+01
3.679354e+13,3.369289e+01
5.289447e+13,4.132034e+01
5.528307e+13,3.903811e+01
5.364290e+13,4.882767e+01
1.952921e+13,7.899678e+01
1.667017e+13,7.899837e+01
2.678268e+13,4.998500e+00
1.486159e+15,8.000000e+01
3.239520e+13,3.062990e+01
1.433696e+14,8.000000e+01
1.252183e+13,7.897825e+01
6.139625e+13,3.459377e+01
6.783183e+13,2.695130e+01
6.546331e+13,4.288186e+01
4.068565e+14,6.005863e+01
4.241656e+13,3.498734e+01
1.869035e+13,7.896432e+01
5.806269e+13,3.981887e+01
1.315078e+14,7.291118e+01
1.315078e+14,7.291118e+01
9.838879e+13,3.043383e+01
4.192575e+13,3.759670e+01
1.312994e+14,8.000000e+01
1.312994e+14,8.000000e+01
5.679245e+13,4.342239e+01
1.746567e+13,7.899204e+01
1.535687e+13,7.897366e+01
4.868642e+13,7.896482e+01
1.545103e+14,4.834720e+01
2.413600e+13,7.899214e+01
2.070585e+13,7.899044e+01
1.048245e+14,5.747611e+01
5.067601e+13,4.138040e+01
1.420624e+14,5.645512e+01
1.821397e+13,7.898881e+01
8.076979e+13,5.399271e+01
1.217206e+13,7.899698e+01
7.236878e+13,5.116996e+01
1.052858e+14,7.717534e+01
7.557338e+13,2.500000e+01
7.834596e+13,6.492338e+01
7.307064e+13,4.786673e+01
1.493608e+13,7.899756e+01
2.000367e+13,7.899836e+01
9.934782e+13,6.005863e+01
3.542568e+13,4.999590e+00
1.495717e+14,5.068949e+01
6.125838e+13,3.381301e+01
1.705472e+14,5.000002e+00
1.705472e+14,4.999994e+00
1.705472e+14,8.000000e+01
7.268831e+13,3.909817e+01
6.611028e+13,3.705618e+01
4.083182e+14,5.891752e+01
1.077228e+15,8.000000e+01
1.077228e+15,8.000000e+01
1.211851e+13,7.899590e+01
1.904939e+14,8.000000e+01
1.904939e+14,8.000000e+01
4.871758e+13,5.000701e+00
4.871758e+13,4.999835e+00
5.302450e+14,8.000000e+01
5.302450e+14,8.000000e+01
9.561032e+13,4.600491e+01
7.095340e+14,8.000000e+01
7.095340e+14,8.000000e+01
1.319974e+14,6.594438e+01
2.330910e+13,7.896139e+01
2.307796e+13,7.897235e+01
1.216882e+13,7.899761e+01
1.250838e+13,5.000024e+00
7.360178e+13,3.939846e+01
2.031693e+13,7.724887e+01
2.140231e+14,8.000000e+01
2.140231e+14,8.000000e+01
1.571449e+13,7.899498e+01
1.978573e+13,7.899511e+01
7.302525e+13,4.684573e+01
4.905226e+13,3.723635e+01
3.958330e+13,3.681594e+01
1.920384e+13,7.899655e+01
4.632740e+13,3.639553e+01
2.830084e+13,2.774709e+01
2.418142e+13,7.899591e+01
1.781738e+13,7.899657e+01
1.172438e+14,8.000000e+01
2.579023e+13,7.896623e+01
1.901953e+13,7.899774e+01
6.773780e+13,4.144046e+01
1.627514e+13,7.893466e+01
1.966594e+13,2.234181e+01
1.617584e+14,8.000000e+01
3.183202e+13,3.393313e+01
8.416946e+13,5.849711e+01
5.443959e+13,5.219095e+01
2.349849e+13,7.899704e+01
1.833340e+13,2.499396e+01
2.487576e+13,3.008938e+01
2.493549e+13,7.896491e+01
5.949906e+13,3.723635e+01
1.028368e+13,7.899626e+01
1.765671e+16,8.000000e+01
6.967187e+13,4.798685e+01
4.522790e+13,7.900104e+01
4.522790e+13,7.898639e+01
1.153125e+13,7.899767e+01
1.418600e+13,7.899657e+01
1.089665e+13,5.294026e+01
1.915485e+13,7.897143e+01
6.719634e+14,8.000000e+01
1.181441e+15,8.000000e+01
1.181441e+15,8.000000e+01
1.067477e+14,4.408304e+01
5.015317e+13,7.891908e+01
1.293785e+13,7.899093e+01
3.267015e+13,7.899392e+01
4.060498e+13,7.899658e+01
1.113618e+14,7.898538e+01
3.979576e+14,7.705523e+01
1.670309e+14,8.000000e+01
1.664680e+13,7.899041e+01
8.385550e+13,4.011917e+01
4.967492e+13,3.603518e+01
9.921659e+16,8.000000e+01
9.921659e+16,8.000000e+01
3.413571e+13,3.405325e+01
8.629935e+13,4.714603e+01
7.118186e+13,4.612503e+01
7.335727e+13,6.510356e+01
7.335727e+13,6.510356e+01
5.447553e+14,8.000000e+01
5.447553e+14,8.000000e+01
5.447553e+14,8.000000e+01
5.447553e+14,8.000000e+01
5.447553e+14,8.000000e+01
1.503356e+13,7.898453e+01
4.231585e+15,8.000000e+01
1.470966e+14,6.119975e+01
2.227844e+14,8.000000e+01
2.227844e+14,8.000000e+01
2.227844e+14,8.000000e+01
7.306499e+13,4.180081e+01
4.558211e+13,3.183108e+01
6.086335e+13,3.519436e+01
5.087131e+14,8.000000e+01
5.087131e+14,8.000000e+01
1.133739e+14,5.044925e+01
1.245957e+13,7.899738e+01
1.414878e+13,7.895593e+01
2.552979e+13,7.894639e+01
1.664801e+13,7.899444e+01
8.271131e+13,4.798685e+01
5.795291e+13,4.318216e+01
6.563137e+13,5.603471e+01
4.168011e+13,3.062990e+01
2.723698e+13,7.897869e+01
2.421945e+13,7.898795e+01
3.057095e+14,8.000000e+01
1.660473e+13,7.899767e+01
2.958489e+14,8.000000e+01
2.958489e+14,8.000000e+01
4.019925e+13,7.892995e+01
4.019925e+13,5.000031e+00
2.118817e+13,7.899609e+01
2.538335e+14,8.000000e+01
2.538335e+14,8.000000e+01
1.228638e+14,5.453324e+01
1.051038e+14,8.000000e+01
1.095458e+13,7.899825e+01
2.641190e+13,4.999466e+00
2.363214e+13,7.878722e+01
1.629747e+15,8.000000e+01
3.933659e+13,3.111037e+01
2.284119e+13,7.928107e+01
3.231457e+14,8.000000e+01
3.231457e+14,8.000000e+01
5.359769e+13,3.261184e+01
2.022678e+13,7.899194e+01
3.629269e+13,3.381301e+01
2.431765e+13,2.636574e+01
1.295494e+13,7.896750e+01
1.532898e+13,7.899254e+01
3.222757e+14,5.663529e+01
2.954003e+13,7.899506e+01
3.441891e+13,3.615530e+01
1.766467e+13,4.999906e+00
1.991146e+13,7.897812e+01
2.340874e+13,7.899227e+01
4.556679e+13,3.032961e+01
2.807282e+13,3.267190e+01
1.640170e+13,7.899673e+01
2.628706e+13,7.896648e+01
1.456374e+13,7.899270e+01
2.136786e+13,2.450392e+01
2.112332e+13,7.897517e+01
1.914631e+13,7.899512e+01
3.321550e+13,7.898044e+01
7.195704e+14,6.846684e+01
1.899130e+14,5.627494e+01
1.474819e+14,6.672514e+01
4.873965e+14,8.000000e+01
1.170065e+13,7.899795e+01
2.335148e+13,2.582521e+01
3.675387e+13,3.285207e+01
2.454747e+13,4.999902e+00
1.529221e+14,6.162016e+01
1.643204e+15,8.000000e+01
2.906117e+13,2.816750e+01
3.019869e+13,3.002932e+01
2.377914e+13,7.899880e+01
5.604491e+13,5.000049e+00
2.029710e+13,7.897963e+01
7.916528e+16,8.000000e+01
7.916528e+16,8.000000e+01
1.608139e+13,7.899180e+01
3.171375e+13,3.177102e+01
8.234250e+13,4.858743e+01
3.210872e+13,4.999776e+00
3.210872e+13,5.000178e+00
1.556501e+13,7.890683e+01
1.620494e+13,7.899285e+01
2.683873e+13,2.804738e+01
1.545626e+15,8.000000e+01
4.724051e+13,4.126028e+01
1.571433e+13,7.898603e+01
7.040476e+13,6.354203e+01
4.683168e+13,4.516409e+01
4.653471e+13,4.846732e+01
2.483916e+13,4.999539e+00
9.459626e+13,3.975882e+01
8.580515e+13,4.804691e+01
1.244969e+14,4.624515e+01
2.999293e+13,4.999901e+00
8.961035e+13,3.999905e+01
5.741313e+13,3.519436e+01
2.138712e+16,8.000000e+01
4.245674e+13,4.999827e+00
9.616472e+13,4.366263e+01
3.569225e+13,3.483401e+01
2.036306e+13,7.899373e+01
2.278155e+13,7.896155e+01
3.926015e+13,2.924855e+01
9.568440e+12,7.899646e+01
5.521331e+14,7.219048e+01
3.574085e+13,3.189113e+01
1.450816e+13,7.899197e+01
2.014633e+13,2.342287e+01
1.974638e+13,7.899631e+01
1.454125e+13,4.999725e+00
2.084637e+13,7.899527e+01
1.210005e+13,7.899741e+01
1.223868e+14,8.000000e+01
1.223868e+14,8.000000e+01
2.187522e+13,7.899736e+01
1.568104e+13,7.895800e+01
4.889374e+13,4.564456e+01
1.474792e+14,6.137992e+01
3.339810e+13,3.291213e+01
1.294344e+13,7.871210e+01
3.957400e+13,3.453371e+01
2.711972e+13,2.834768e+01
1.810776e+14,4.828714e+01
4.125368e+13,7.889550e+01
2.645881e+13,7.899475e+01
4.955992e+13,4.876761e+01
3.719170e+13,7.875343e+01
3.071622e+14,8.000000e+01
1.100985e+13,7.897160e+01
2.054821e+14,5.429301e+01
2.291235e+13,7.898284e+01
1.354652e+13,7.899796e+01
3.158072e+13,4.999183e+00
3.087454e+13,3.261184e+01
2.411483e+14,7.645464e+01
1.034752e+14,6.041899e+01
7.991293e+14,8.000000e+01
7.991293e+14,8.000000e+01
6.887130e+13,7.899798e+01
6.887130e+13,7.899637e+01
1.386537e+14,8.000000e+01
1.386537e+14,8.000000e+01
1.386537e+14,8.000000e+01
3.634998e+13,3.165090e+01
2.472692e+14,6.324174e+01
5.130799e+17,8.000000e+01
1.505090e+14,8.000000e+01
1.111383e+13,7.897903e+01
1.028283e+14,6.636479e+01
2.361054e+14,5.681547e+01
3.062532e+13,2.600539e+01
5.555450e+13,4.300198e+01
1.453328e+14,5.879740e+01
6.725611e+17,8.000000e+01
1.967522e+14,8.000000e+01
1.967522e+14,8.000000e+01
1.967522e+14,8.000000e+01
1.967522e+14,8.000000e+01
4.938421e+14,8.000000e+01
4.938421e+14,8.000000e+01
4.938421e+14,8.000000e+01
4.938421e+14,8.000000e+01
1.459366e+13,7.899316e+01
5.622717e+13,3.345266e+01
2.176982e+13,7.899644e+01
2.102569e+13,4.999716e+00
9.224009e+13,4.522415e+01
4.092055e+14,8.000000e+01
2.703574e+16,8.000000e+01
7.020401e+13,4.456351e+01
2.306972e+13,2.594533e+01
2.625629e+13,2.750685e+01
2.483052e+14,8.000000e+01
2.483052e+14,8.000000e+01
3.114435e+13,2.774709e+01
1.374267e+13,7.899369e+01
1.678771e+15,8.000000e+01
1.775213e+13,7.899419e+01
2.441538e+13,7.899844e+01
2.441538e+13,7.899891e+01
2.830008e+13,7.887947e+01
1.209267e+13,7.899283e+01
1.418300e+15,7.501323e+01
2.478408e+13,2.378322e+01
5.206526e+13,7.897681e+01
5.206526e+13,5.000005e+00
5.676349e+13,3.717629e+01
1.450251e+13,7.899703e+01
1.540830e+13,6.272666e+01
5.742330e+13,4.005911e+01
3.165815e+13,2.762697e+01
1.686849e+13,7.899586e+01
1.199273e+16,8.000000e+01
6.814434e+13,5.369242e+01
4.603457e+14,8.000000e+01
4.603457e+14,8.000000e+01
4.603457e+14,8.000000e+01
4.603457e+14,8.000000e+01
3.270692e+19,8.000000e+01
3.270692e+19,8.000000e+01
3.270692e+19,8.000000e+01
2.123912e+13,7.899596e+01
2.558835e+13,2.822756e+01
3.353621e+13,4.999398e+00
1.982104e+14,6.071928e+01
2.175931e+13,4.999842e+00
3.878465e+13,3.309231e+01
5.069506e+13,3.861770e+01
1.170392e+13,7.899791e+01
2.604397e+14,5.459330e+01
3.194453e+15,8.000000e+01
3.194453e+15,8.000000e+01
2.753252e+13,3.243166e+01
1.732751e+13,7.899563e+01
1.713639e+14,7.140972e+01
6.195612e+13,3.843753e+01
7.224912e+13,5.032914e+01
3.540742e+13,3.237160e+01
5.220174e+13,3.639553e+01
1.274515e+14,8.000000e+01
1.274515e+14,8.000000e+01
1.273803e+13,3.895191e+01
4.119700e+13,3.777688e+01
8.917900e+13,6.282133e+01
1.424151e+14,7.603423e+01
1.424151e+14,7.603423e+01
9.982008e+13,4.204104e+01
1.496919e+13,7.899488e+01
1.100208e+13,7.899803e+01
1.548401e+13,7.899025e+01
1.979985e+14,7.098931e+01
1.458600e+14,8.000000e+01
1.233381e+13,7.898331e+01
2.543834e+14,8.000000e+01
2.543834e+14,8.000000e+01
6.650092e+13,3.621536e+01
3.620132e+13,3.243166e+01
1.335842e+13,7.899756e+01
3.953508e+14,7.597417e+01
1.570881e+14,5.867729e+01
7.307233e+13,4.192093e+01
2.281433e+14,8.000000e+01
2.360536e+14,8.000000e+01
1.406401e+13,7.899538e+01
1.919377e+13,2.710731e+01
2.629728e+13,7.821385e+01
2.905768e+13,2.612551e+01
2.360751e+14,7.495318e+01
1.850026e+14,5.885746e+01
1.608115e+13,7.899453e+01
1.376111e+14,4.480374e+01
1.393923e+13,7.899643e+01
1.493935e+13,3.503068e+01
2.506199e+13,4.443366e+01
1.108901e+14,4.108011e+01
2.086576e+13,7.899538e+01
4.675238e+13,3.627541e+01
2.703509e+17,8.000000e+01
1.778207e+14,5.074955e+01
1.092322e+13,7.899686e+01
1.584786e+13,7.899629e+01
9.813721e+13,5.873734e+01
2.430728e+13,2.510451e+01
3.039617e+13,3.201125e+01
1.418496e+15,8.000000e+01
7.294246e+12,7.899839e+01
2.027137e+15,8.000000e+01
2.027137e+15,8.000000e+01
1.357977e+14,8.000000e+01
1.357977e+14,8.000000e+01
1.179293e+13,7.899482e+01
6.116153e+13,7.899747e+01
8.751697e+13,6.143998e+01
4.249696e+13,4.372269e+01
1.883328e+14,6.804643e+01
1.139638e+14,5.207084e+01
1.958140e+13,7.084525e+01
6.005153e+13,4.306204e+01
3.620738e+14,2.686943e+01
1.556054e+13,7.898820e+01
1.328274e+14,5.387259e+01
3.097089e+14,8.000000e+01
3.097089e+14,8.000000e+01
1.477857e+13,7.899673e+01
1.353398e+16,8.000000e+01
4.615115e+13,3.987893e+01
9.075454e+15,8.000000e+01
1.318537e+13,7.899716e+01
1.191287e+14,4.696585e+01
5.359933e+13,5.000016e+00
5.359933e+13,7.897353e+01
1.884668e+14,7.899106e+01
1.884668e+14,8.000000e+01
7.977159e+13,3.999905e+01
1.753406e+13,7.899573e+01
3.219020e+13,3.399319e+01
1.280544e+13,7.899411e+01
4.844162e+13,3.261184e+01
3.755589e+13,3.441360e+01
1.585594e+13,1.900000e+01
4.819191e+13,3.771682e+01
8.170820e+13,5.291166e+01
4.144070e+13,7.899380e+01
4.120944e+13,3.951858e+01
1.457381e+14,5.327201e+01
3.917313e+13,3.609524e+01
1.679115e+13,7.899659e+01
1.016327e+13,7.899780e+01
4.445647e+14,8.000000e+01
3.476186e+13,3.237160e+01
4.622187e+14,8.000000e+01
9.805825e+13,5.417289e+01
8.908686e+12,6.303704e+01
2.488102e+13,5.283557e+01
1.315026e+13,7.894438e+01
4.902671e+13,3.513430e+01
8.495434e+13,8.000000e+01
8.495434e+13,8.000000e+01
2.012661e+14,5.207084e+01
2.974691e+14,6.696538e+01
9.105754e+13,5.000004e+00
9.105754e+13,7.899507e+01
9.105754e+13,5.000002e+00
3.848396e+13,3.075002e+01
1.295848e+15,8.000000e+01
1.156773e+13,7.858379e+01
6.235949e+13,4.954837e+01
1.041962e+14,4.468362e+01
1.130756e+14,4.288186e+01
1.199636e+14,4.546439e+01
6.033178e+13,7.146977e+01
5.289584e+14,7.747564e+01
5.210493e+13,4.606497e+01
4.312441e+13,3.327248e+01
5.863070e+13,4.696585e+01
3.618979e+14,8.000000e+01
3.618979e+14,8.000000e+01
8.050870e+13,6.330180e+01
7.729828e+13,5.579447e+01
2.476180e+13,7.899530e+01
1.543929e+13,7.898625e+01
4.920199e+13,4.294192e+01
1.623382e+14,7.177007e+01
6.966523e+13,5.098978e+01
4.260976e+13,4.354251e+01
9.013528e+13,4.138040e+01
3.123590e+13,3.099026e+01
1.738435e+14,6.029887e+01
7.058286e+13,5.423295e+01
4.674040e+13,3.861770e+01
3.373803e+13,7.899402e+01
2.382955e+13,7.899009e+01
2.603405e+13,2.888820e+01
5.892136e+14,8.000000e+01
1.553974e+13,4.999824e+00
5.794799e+13,3.651565e+01
1.106891e+13,7.898523e+01
3.227426e+13,3.183108e+01
2.206811e+13,2.438381e+01
1.878645e+13,7.897222e+01
1.123511e+13,7.898045e+01
4.242192e+13,7.898055e+01
3.265850e+14,8.000000e+01
4.849453e+13,5.375248e+01
2.233849e+13,7.865690e+01
6.817379e+13,4.005911e+01
6.913358e+13,5.291166e+01
4.857121e+13,7.898185e+01
1.109021e+14,4.414310e+01
2.390080e+14,2.700000e+01
1.739677e+13,7.899358e+01
1.884020e+14,6.023881e+01
2.901680e+14,8.000000e+01
1.362290e+13,7.899555e+01
5.153220e+13,4.198099e+01
5.782666e+13,4.216116e+01
1.522455e+13,7.860363e+01
6.987118e+13,4.192093e+01
3.934047e+13,3.267190e+01
9.068107e+14,8.000000e+01
9.068107e+14,8.000000e+01
2.663438e+13,7.898711e+01
3.343492e+15,8.000000e+01
7.055941e+13,6.222074e+01
6.494212e+13,6.156010e+01
1.560201e+13,7.898506e+01
1.113619e+14,4.822708e+01
5.951184e+13,3.387307e+01
4.015010e+13,7.899449e+01
7.671954e+13,4.108011e+01
3.593204e+13,4.999461e+00
2.086520e+13,7.887715e+01
2.576349e+14,8.000000e+01
2.576349e+14,8.000000e+01
1.944386e+13,7.899021e+01
9.480197e+13,7.813628e+01
1.903268e+13,2.114064e+01
2.239947e+13,7.899537e+01
3.795377e+13,7.899680e+01
5.360471e+13,3.753665e+01
3.226157e+14,6.408256e+01
4.183038e+13,4.348245e+01
3.544632e+13,7.899732e+01
3.142279e+13,2.696633e+01
3.804849e+13,3.303225e+01
1.046291e+14,7.080913e+01
1.376298e+13,2.299282e+01
9.543738e+13,8.000000e+01
9.543738e+13,8.000000e+01
9.543738e+13,8.000000e+01
9.543738e+13,8.000000e+01
3.065306e+13,2.786721e+01
7.487091e+13,7.899364e+01
7.489444e+13,4.930814e+01
1.196292e+13,7.899252e+01
7.006873e+13,4.456351e+01
1.189314e+14,6.738579e+01
9.773149e+13,3.411330e+01
4.957190e+17,8.000000e+01
2.545567e+13,2.660597e+01
4.131251e+13,3.285207e+01
9.943747e+13,4.996878e+01
7.361064e+14,8.000000e+01
7.361064e+14,8.000000e+01
5.699429e+14,8.000000e+01
2.322015e+13,5.000789e+00
8.069319e+13,5.000000e+00
4.439000e+13,7.899979e+01
4.439000e+13,5.687553e+01
5.357003e+13,3.999905e+01
1.630900e+14,7.237065e+01
4.574857e+13,3.213137e+01
1.558221e+14,4.978861e+01
2.759528e+14,6.354203e+01
6.708519e+14,8.000000e+01
4.065341e+13,7.895749e+01
2.998876e+13,2.618556e+01
3.596924e+13,3.171096e+01
1.626122e+14,5.393265e+01
1.049583e+13,6.079084e+01
3.474121e+13,2.948879e+01
1.532258e+13,7.899272e+01
2.800234e+13,7.899508e+01
5.195743e+13,3.735647e+01
3.892705e+15,8.000000e+01
3.251955e+14,5.585453e+01
1.407773e+13,5.000000e+00
2.241168e+13,2.498439e+01
7.905466e+13,8.000000e+01
7.905466e+13,8.000000e+01
7.905466e+13,8.000000e+01
2.174497e+13,7.899543e+01
1.636305e+14,3.682884e+01
1.612194e+15,8.000000e+01
1.373085e+14,4.906790e+01
4.288469e+13,5.261136e+01
4.288469e+13,4.999996e+00
1.524018e+13,7.899753e+01
4.232526e+13,4.972855e+01
1.835499e+13,7.899816e+01
8.800650e+13,8.000000e+01
3.533357e+14,6.390239e+01
1.235364e+14,8.000000e+01
7.658127e+13,5.303177e+01
1.582899e+14,6.488560e+01
1.582899e+14,5.897758e+01
6.554452e+13,5.098978e+01
7.493974e+13,5.020902e+01
4.892188e+13,3.987893e+01
1.760920e+13,6.645609e+01
2.795798e+13,7.815835e+01
5.184726e+13,3.375295e+01
1.624284e+13,7.911541e+01
2.403407e+13,5.662825e+01
8.314027e+13,8.000000e+01
6.773760e+13,5.026908e+01
1.743696e+15,8.000000e+01
1.646086e+13,7.898594e+01
3.656193e+13,7.899416e+01
3.656193e+13,7.899844e+01
2.403802e+13,2.600539e+01
1.885810e+13,7.899249e+01
3.728233e+13,3.153078e+01
1.091248e+14,6.546391e+01
6.335312e+13,4.396292e+01
7.736634e+13,6.174028e+01
5.136451e+13,4.864749e+01
2.101077e+13,4.999514e+00
6.900882e+13,7.417241e+01
6.900882e+13,7.417241e+01
6.185760e+13,5.129007e+01
7.707662e+14,8.000000e+01
7.707662e+14,8.000000e+01
7.707662e+14,8.000000e+01
2.008530e+14,8.000000e+01
2.008530e+14,8.000000e+01
7.833270e+13,3.747659e+01
1.371111e+13,7.899302e+01
5.918936e+14,8.000000e+01
5.918936e+14,8.000000e+01
2.633346e+13,7.896635e+01
6.462599e+14,8.000000e+01
6.462599e+14,8.000000e+01
2.665256e+15,8.000000e+01
2.665256e+15,8.000000e+01
9.099965e+13,6.174028e+01
2.453916e+13,2.666603e+01
1.785290e+13,1.900000e+01
2.358574e+13,2.456398e+01
3.674253e+13,7.913818e+01
1.633425e+14,5.855717e+01
1.184317e+13,7.899718e+01
1.571895e+13,7.899719e+01
5.397645e+13,5.861723e+01
8.159092e+13,4.474368e+01
4.133148e+13,6.270121e+01
2.530189e+13,7.894547e+01
4.060581e+13,7.898989e+01
4.232019e+13,4.906790e+01
3.213214e+13,7.899426e+01
1.486499e+13,7.899765e+01
2.238511e+13,7.934632e+01
1.161630e+13,7.899873e+01
1.595051e+13,7.899326e+01
3.089109e+13,3.008938e+01
8.168722e+13,5.038919e+01
9.234868e+14,8.000000e+01
7.538009e+13,4.300198e+01
1.946861e+13,7.898816e+01
1.683491e+13,7.891186e+01
2.907076e+13,7.890512e+01
8.338089e+15,8.000000e+01
8.338089e+15,8.000000e+01
8.364464e+14,8.000000e+01
1.580633e+13,7.897564e+01
6.999228e+13,4.005911e+01
4.002772e+14,8.000000e+01
4.002772e+14,8.000000e+01
4.002772e+14,8.000000e+01
4.825205e+13,3.489407e+01
1.324126e+13,7.899704e+01
1.452201e+14,6.089945e+01
7.760763e+13,6.774614e+01
7.760763e+13,6.774614e+01
4.986250e+13,4.744632e+01
4.986250e+13,5.000015e+00
4.470955e+13,3.747659e+01
1.201031e+13,7.899765e+01
2.159277e+13,7.898973e+01
1.518773e+13,7.899389e+01
1.162970e+14,5.062943e+01
3.420362e+14,6.606450e+01
4.303996e+13,2.699519e+01
2.705935e+13,2.744680e+01
1.000187e+14,7.899288e+01
1.000187e+14,7.899736e+01
1.000187e+14,5.000000e+00
2.001899e+13,6.609128e+01
3.205509e+13,7.897090e+01
1.254788e+13,7.899369e+01
1.188937e+13,7.899697e+01
4.012885e+13,3.219143e+01
5.152190e+13,3.117043e+01
2.916596e+14,5.591459e+01
7.727043e+13,4.210110e+01
4.390345e+13,3.993899e+01
4.824166e+13,3.417336e+01
1.650451e+14,8.000000e+01
1.650451e+14,8.000000e+01
3.436222e+13,7.897531e+01
1.186892e+14,4.834720e+01
2.476488e+13,7.899604e+01
2.843610e+13,1.900000e+01
6.332537e+14,8.000000e+01
2.837580e+13,7.899501e+01
1.507771e+13,7.899513e+01
1.167740e+15,8.000000e+01
1.167740e+15,8.000000e+01
3.727556e+13,3.369289e+01
1.926097e+13,7.899200e+01
2.782144e+13,2.768703e+01
1.332203e+13,7.899746e+01
1.447170e+13,7.899808e+01
1.058085e+13,7.899337e+01
2.242793e+13,7.898313e+01
5.319389e+13,4.144046e+01
1.476371e+13,7.899538e+01
1.610028e+14,8.000000e+01
4.097950e+13,3.759670e+01
2.350202e+14,8.000000e+01
2.350202e+14,8.000000e+01
1.038124e+14,4.744632e+01
1.025268e+14,6.846684e+01
1.478231e+13,7.899530e+01
2.335852e+13,7.899537e+01
1.657602e+14,5.459330e+01
1.009038e+13,7.899642e+01
2.108987e+13,7.899749e+01
1.860388e+13,7.899478e+01
2.117892e+13,7.899713e+01
2.111372e+13,6.469787e+01
1.521970e+13,7.896339e+01
1.377272e+17,8.000000e+01
1.377272e+17,8.000000e+01
4.627504e+13,5.849711e+01
4.128318e+13,4.999903e+00
1.907305e+13,2.192140e+01
2.185776e+15,8.000000e+01
1.983409e+13,5.304034e+01
2.893105e+13,3.002932e+01
5.379935e+14,8.000000e+01
3.211746e+13,3.111037e+01
2.801482e+13,7.896672e+01
7.788006e+18,8.000000e+01
7.788006e+18,8.000000e+01
1.894402e+13,7.896113e+01
7.969013e+13,5.963822e+01
6.889689e+16,8.000000e+01
2.353214e+14,8.000000e+01
1.364708e+14,8.000000e+01
1.364708e+14,8.000000e+01
1.299631e+14,5.285160e+01
2.098164e+13,7.122681e+01
1.041078e+14,5.747611e+01
1.504549e+14,7.465288e+01
6.177195e+13,5.945805e+01
2.463085e+13,2.672609e+01
1.443093e+13,7.894500e+01
1.371693e+13,7.898558e+01
2.627470e+13,7.899837e+01
3.833192e+13,4.390286e+01
3.841456e+13,4.348245e+01
5.349331e+13,7.899681e+01
7.491752e+13,5.000023e+00
7.491752e+13,6.948784e+01
6.290889e+14,8.000000e+01
2.797529e+13,7.896208e+01
7.013627e+13,4.095999e+01
1.568121e+14,5.000011e+00
1.568121e+14,7.898706e+01
1.568121e+14,7.899296e+01
1.066807e+14,4.174075e+01
6.205281e+13,3.849758e+01
1.002785e+13,3.898237e+01
2.916585e+13,7.899008e+01
3.401751e+13,7.899354e+01
6.506601e+13,7.140972e+01
6.506601e+13,5.000008e+00
1.180260e+14,4.606497e+01
1.482677e+14,8.000000e+01
1.482677e+14,8.000000e+01
8.290022e+13,7.899285e+01
1.773690e+13,7.899212e+01
4.274581e+19,8.000000e+01
4.274581e+19,8.000000e+01
4.274581e+19,8.000000e+01
4.274581e+19,8.000000e+01
4.274581e+19,8.000000e+01
1.780017e+13,7.899525e+01
8.087437e+13,4.990872e+01
2.614501e+13,2.299357e+01
2.052334e+13,4.999869e+00
2.244754e+13,7.898947e+01
2.533026e+13,2.594533e+01
1.940426e+13,7.899612e+01
2.373859e+13,2.438381e+01
1.443898e+13,7.899046e+01
6.275578e+14,8.000000e+01
1.382115e+14,8.000000e+01
3.199571e+13,5.000021e+00
2.069043e+15,8.000000e+01
2.069043e+15,8.000000e+01
2.069043e+15,8.000000e+01
3.925379e+13,3.501418e+01
3.428375e+13,3.585500e+01
2.505940e+13,7.897549e+01
7.340065e+13,4.900785e+01
8.970749e+13,6.834673e+01
2.093742e+13,7.897147e+01
2.623514e+13,7.898635e+01
4.779324e+13,7.899672e+01
2.778113e+13,7.899490e+01
5.033285e+13,5.297172e+01
1.640615e+14,5.519388e+01
3.618207e+13,7.897206e+01
1.768516e+13,7.899494e+01
2.214778e+13,7.898955e+01
1.109298e+14,5.741605e+01
4.167056e+13,3.663577e+01
1.876422e+13,7.899334e+01
7.554916e+13,4.648538e+01
1.996649e+13,7.899392e+01
1.575235e+14,6.648491e+01
2.370604e+14,8.000000e+01
1.560235e+14,4.960843e+01
2.063829e+13,7.898788e+01
1.380951e+14,5.002884e+01
4.314184e+14,7.489312e+01
2.080392e+14,7.765581e+01
2.588525e+14,7.158989e+01
6.231299e+13,4.714603e+01
3.732920e+14,8.000000e+01
3.732920e+14,8.000000e+01
2.467993e+13,7.899079e+01
1.949045e+14,6.822661e+01
2.392397e+13,4.999039e+00
8.701949e+13,8.000000e+01
8.701949e+13,8.000000e+01
5.968962e+13,5.663529e+01
5.304046e+13,4.966849e+01
2.654311e+14,6.864702e+01
2.654311e+14,6.864702e+01
2.395983e+13,6.273489e+01
1.856484e+14,6.708549e+01
1.706948e+13,7.899031e+01
2.746517e+13,2.636574e+01
4.407699e+14,8.000000e+01
4.407699e+14,8.000000e+01
1.703249e+14,5.759623e+01
4.835266e+14,8.000000e+01
2.937476e+14,8.000000e+01
2.937476e+14,8.000000e+01
2.937476e+14,8.000000e+01
3.862904e+13,3.501418e+01
5.998576e+13,7.375200e+01
5.998576e+13,4.999995e+00
9.673443e+13,5.381254e+01
9.938668e+12,7.899725e+01
4.215090e+14,8.000000e+01
2.474595e+13,7.894794e+01
9.701342e+13,7.489312e+01
2.575946e+13,7.899484e+01
1.937321e+13,7.899486e+01
1.120865e+13,1.699679e+01
4.490759e+13,3.471389e+01
3.755429e+13,3.783694e+01
3.681482e+14,8.000000e+01
8.097747e+13,3.999905e+01
4.181678e+13,4.011917e+01
1.853927e+14,5.675541e+01
9.603427e+13,4.186087e+01
5.940588e+13,5.062943e+01
4.006673e+13,7.899008e+01
5.128922e+14,8.000000e+01
5.128922e+14,8.000000e+01
7.669979e+13,4.300000e+01
3.671373e+13,6.654488e+01
2.295956e+13,7.889953e+01
6.534235e+13,6.180033e+01
1.992016e+13,7.898019e+01
2.252372e+14,6.318168e+01
4.562774e+14,8.000000e+01
4.701050e+13,3.765676e+01
7.420067e+13,4.041946e+01
2.769136e+13,3.499302e+01
3.629574e+13,7.899712e+01
8.288831e+13,4.630521e+01
7.199089e+13,4.300198e+01
1.542991e+13,7.898791e+01
8.860504e+12,7.898944e+01
4.590082e+15,8.000000e+01
2.803183e+13,3.101145e+01
2.225674e+13,7.895191e+01
2.333973e+14,6.654497e+01
7.158982e+13,5.885746e+01
1.361986e+13,7.899724e+01
6.034612e+14,8.000000e+01
6.034612e+14,8.000000e+01
3.405079e+13,4.023928e+01
1.329804e+15,8.000000e+01
2.236070e+13,7.898485e+01
1.239854e+13,7.899087e+01
8.276763e+14,7.927740e+01
2.229419e+13,7.899656e+01
1.641231e+13,7.899569e+01
3.555282e+14,8.000000e+01
1.060884e+14,7.074907e+01
3.216661e+13,3.309231e+01
3.973207e+13,3.627541e+01
1.048479e+14,4.912796e+01
6.704800e+13,4.972855e+01
2.369451e+13,7.897571e+01
2.110724e+13,7.898689e+01
7.467206e+13,2.895061e+01
4.242182e+13,3.291213e+01
5.511766e+13,3.381301e+01
6.640457e+16,8.000000e+01
6.640457e+16,8.000000e+01
1.363012e+13,7.892500e+01
3.978590e+13,7.899511e+01
6.286078e+14,8.000000e+01
3.734129e+13,7.899565e+01
7.882591e+13,6.162016e+01
7.882591e+13,6.162016e+01
1.001099e+14,3.909817e+01
4.323415e+14,8.000000e+01
1.012310e+14,4.324222e+01
4.327873e+13,3.567483e+01
1.117663e+14,8.000000e+01
1.693014e+14,8.000000e+01
2.472474e+13,7.899170e+01
7.370915e+13,5.321195e+01
7.370915e+13,5.321195e+01
1.409852e+14,8.000000e+01
1.409852e+14,8.000000e+01
5.746781e+13,3.471389e+01
1.650401e+13,7.891163e+01
3.853346e+13,4.132034e+01
1.885936e+13,7.899197e+01
2.640151e+13,2.864797e+01
1.775034e+13,7.898954e+01
2.561386e+13,7.899488e+01
1.628381e+13,7.899053e+01
2.222287e+13,7.899523e+01
2.571283e+13,4.999941e+00
5.382836e+14,7.735552e+01
3.998162e+13,7.898563e+01
5.182145e+13,4.864749e+01
4.631963e+14,8.000000e+01
4.631963e+14,8.000000e+01
1.482300e+13,7.899758e+01
1.140091e+15,8.000000e+01
1.140091e+15,8.000000e+01
6.725434e+13,3.711624e+01
2.720290e+13,2.162111e+01
2.010264e+13,6.165908e+01
1.613938e+13,7.861367e+01
3.843176e+14,8.000000e+01
3.162899e+13,2.858791e+01
4.346082e+13,5.000550e+00
2.817631e+13,2.918850e+01
1.015050e+14,4.528421e+01
5.048100e+14,8.000000e+01
1.988468e+14,8.000000e+01
1.988468e+14,8.000000e+01
1.824674e+14,4.816702e+01
1.762947e+13,7.896196e+01
3.227184e+14,6.089945e+01
6.183356e+13,4.192093e+01
5.515189e+13,7.899711e+01
1.779544e+17,8.000000e+01
1.779544e+17,8.000000e+01
1.779544e+17,8.000000e+01
1.779544e+17,8.000000e+01
1.779544e+17,8.000000e+01
8.785455e+12,1.699315e+01
2.746930e+13,2.552492e+01
1.181025e+13,7.899520e+01
5.058636e+13,3.615530e+01
8.614730e+13,5.783646e+01
1.734295e+13,7.894833e+01
1.124207e+13,7.899520e+01
5.838051e+13,4.144046e+01
5.365933e+13,3.567483e+01
1.538327e+14,5.399271e+01
8.810591e+13,4.666556e+01
2.961359e+13,2.906838e+01
2.504227e+13,7.897595e+01
1.314952e+13,7.899534e+01
3.690990e+13,4.938855e+01
2.209113e+13,7.890536e+01
2.727544e+13,2.708644e+01
2.112844e+13,7.898819e+01
3.126206e+13,3.447366e+01
3.895314e+13,3.549465e+01
4.137386e+13,3.417336e+01
2.168222e+13,2.276222e+01
2.599706e+13,7.899367e+01
8.580966e+13,2.672609e+01
4.481531e+13,5.000088e+00
4.481531e+13,7.891602e+01
1.792921e+13,7.896418e+01
2.092960e+13,2.396339e+01
6.292156e+13,3.333254e+01
4.160981e+13,5.002884e+01
5.810366e+13,4.720609e+01
1.791750e+13,7.899405e+01
2.748942e+13,7.935762e+01
3.961438e+14,7.297124e+01
1.158650e+13,7.898246e+01
4.656258e+13,4.798685e+01
1.802043e+13,7.897915e+01
2.601838e+13,7.899301e+01
5.334804e+13,4.999708e+00
5.608712e+13,7.898652e+01
5.608712e+13,4.999997e+00
5.029001e+13,3.597512e+01
5.093738e+13,7.669488e+01
6.098191e+14,8.000000e+01
6.098191e+14,8.000000e+01
2.600778e+13,7.917322e+01
2.106964e+13,7.897849e+01
1.757049e+13,7.898475e+01
5.270182e+13,2.912844e+01
1.729887e+13,7.894774e+01
1.159420e+14,8.000000e+01
1.159420e+14,8.000000e+01
4.449757e+15,8.000000e+01
4.449757e+15,8.000000e+01
1.471659e+14,7.921734e+01
3.023153e+13,2.474416e+01
6.350337e+13,2.498261e+01
1.335789e+13,4.999869e+00
2.174008e+13,7.888927e+01
5.626674e+13,4.252151e+01
2.200789e+13,7.097048e+01
4.500700e+13,5.000000e+00
4.500700e+13,7.898482e+01
3.606672e+13,4.150052e+01
3.257479e+14,8.000000e+01
3.257479e+14,8.000000e+01
2.386911e+13,2.384328e+01
3.173191e+13,2.600539e+01
2.215615e+13,7.855234e+01
2.174211e+13,7.899286e+01
1.413797e+14,5.303177e+01
8.924791e+13,5.177054e+01
8.681405e+13,5.975834e+01
2.995338e+14,8.000000e+01
4.315189e+13,4.017923e+01
1.717674e+14,5.663529e+01
2.831515e+13,7.899625e+01
2.095585e+13,4.901372e+01
1.452439e+13,7.898208e+01
8.698556e+13,7.008843e+01
3.025600e+14,5.933793e+01
1.956496e+13,4.999418e+00
2.145997e+13,7.892770e+01
1.251702e+13,7.899635e+01
4.537276e+13,3.153078e+01
8.650413e+13,4.498392e+01
1.458769e+14,8.000000e+01
1.458769e+14,8.000000e+01
1.794998e+14,7.621441e+01
1.794998e+14,7.621441e+01
1.955224e+13,7.899763e+01
4.300525e+13,4.414310e+01
1.627165e+13,7.899675e+01
4.729447e+13,7.899808e+01
1.278309e+13,7.898945e+01
1.662029e+13,7.893703e+01
5.571388e+14,8.000000e+01
2.360886e+14,8.000000e+01
2.360886e+14,8.000000e+01
1.520063e+13,7.899813e+01
9.271753e+13,6.768608e+01
9.271753e+13,6.768608e+01
1.123499e+13,7.897854e+01
2.567751e+13,7.894118e+01
9.384939e+14,8.000000e+01
9.384939e+14,8.000000e+01
2.444984e+13,7.925441e+01
6.823068e+13,4.702591e+01
3.192949e+13,4.998841e+00
2.046653e+14,7.056889e+01
1.940427e+13,4.998932e+00
4.715288e+13,3.369289e+01
6.348999e+13,4.924808e+01
1.461180e+13,7.896310e+01
3.249018e+13,7.898393e+01
2.894176e+13,6.531671e+01
2.665238e+13,7.844986e+01
2.266265e+13,7.897051e+01
2.102958e+13,1.899556e+01
3.094022e+13,3.327248e+01
5.868826e+13,6.348198e+01
1.761897e+13,7.899768e+01
3.121553e+14,8.000000e+01
5.392751e+13,4.174075e+01
1.985942e+14,5.969828e+01
2.669073e+18,8.000000e+01
2.669073e+18,8.000000e+01
1.848818e+15,7.909722e+01
1.214834e+14,2.297520e+01
1.044279e+13,4.999768e+00
7.905298e+13,6.300151e+01
7.905298e+13,7.899494e+01
4.907029e+13,4.810697e+01
6.438091e+13,3.783694e+01
1.217795e+15,8.000000e+01
7.013623e+13,4.618509e+01
6.713974e+13,6.210063e+01
6.713974e+13,2.499865e+01
2.950204e+13,4.999180e+00
2.154601e+14,8.000000e+01
1.485751e+13,7.899081e+01
1.738977e+14,8.000000e+01
5.968280e+13,4.750638e+01
3.896168e+13,7.899418e+01
2.990885e+13,2.960891e+01
1.013463e+14,4.162063e+01
2.713886e+13,2.954885e+01
1.312389e+15,6.774614e+01
1.392588e+13,7.897080e+01
1.239590e+14,4.468362e+01
1.145142e+14,6.888725e+01
1.687015e+14,8.000000e+01
1.687015e+14,7.899461e+01
1.687015e+14,5.000003e+00
2.476213e+14,6.264116e+01
8.930115e+13,7.615435e+01
4.594793e+13,4.053958e+01
4.553460e+13,4.576468e+01
4.553460e+13,5.000055e+00
1.139204e+13,7.899848e+01
9.940022e+12,7.899715e+01
1.249846e+13,7.899755e+01
2.058872e+14,5.411283e+01
3.267477e+14,8.000000e+01
3.267477e+14,8.000000e+01
3.267477e+14,8.000000e+01
1.001378e+14,7.291118e+01
1.001378e+14,7.291118e+01
3.480433e+13,3.129055e+01
1.037966e+14,6.840678e+01
6.080308e+13,4.996878e+01
2.855547e+13,2.984914e+01
1.901931e+15,8.000000e+01
5.445509e+13,3.411330e+01
2.288133e+13,7.894169e+01
1.450163e+13,7.898802e+01
1.116761e+13,7.899510e+01
1.850475e+14,6.059916e+01
1.335364e+15,8.000000e+01
4.974056e+14,8.000000e+01
4.974056e+14,8.000000e+01
3.423578e+14,6.744585e+01
5.458982e+13,3.501418e+01
1.018490e+13,1.899598e+01
6.000619e+13,3.627541e+01
1.523836e+14,4.762650e+01
3.072033e+13,7.899280e+01
8.386989e+13,7.134966e+01
8.386989e+13,7.134966e+01
5.036360e+13,3.945852e+01
2.250891e+14,7.993804e+01
6.355399e+13,6.156010e+01
2.956091e+13,2.648586e+01
1.901459e+13,7.893694e+01
9.892261e+13,7.375200e+01
9.892261e+13,7.375200e+01
1.622755e+14,5.597465e+01
1.412715e+13,7.899679e+01
1.493771e+13,5.000184e+00
7.790697e+13,5.000031e+00
7.790697e+13,8.000000e+01
4.198055e+14,7.711529e+01
8.024608e+13,5.002884e+01
6.717969e+13,3.657571e+01
1.956217e+13,7.899292e+01
1.305041e+14,7.633452e+01
1.305041e+14,7.633452e+01
3.243188e+13,3.081008e+01
2.317998e+14,8.000000e+01
4.719791e+13,3.651565e+01
3.250307e+13,3.489407e+01
7.829887e+13,5.074955e+01
1.293427e+14,7.783599e+01
4.570043e+14,6.696538e+01
4.292244e+13,3.885794e+01
3.022170e+14,7.681499e+01
2.820690e+13,2.624562e+01
1.403905e+13,7.898359e+01
5.923517e+14,8.000000e+01
1.988236e+13,7.899603e+01
1.539746e+13,7.899405e+01
1.819692e+13,7.899686e+01
1.296922e+13,7.707564e+01
1.848513e+13,7.899553e+01
4.343548e+13,3.657571e+01
1.426986e+13,7.899737e+01
1.180773e+13,4.999804e+00
4.125238e+14,6.198051e+01
1.946574e+13,7.899578e+01
2.424323e+13,7.896505e+01
4.742158e+15,8.000000e+01
4.742158e+15,8.000000e+01
1.111211e+13,7.899821e+01
3.103939e+13,7.899463e+01
1.226408e+13,4.999843e+00
6.243665e+13,3.771682e+01
4.877452e+13,3.261184e+01
2.740619e+13,7.882118e+01
4.927310e+13,7.897731e+01
1.747314e+13,7.899693e+01
3.217236e+13,7.899237e+01
9.925318e+12,7.899881e+01
4.349027e+13,3.717629e+01
4.198588e+13,3.849758e+01
5.769549e+13,3.597512e+01
1.246910e+14,5.657523e+01
1.383435e+13,7.899734e+01
1.040838e+14,4.954837e+01
3.539830e+13,3.681594e+01
1.209101e+13,7.898541e+01
2.039081e+13,2.324269e+01
6.266833e+13,4.318216e+01
2.277315e+13,7.899146e+01
2.893504e+13,3.093020e+01
5.036577e+13,4.624515e+01
8.562548e+13,5.765629e+01
7.475625e+13,5.068949e+01
1.141419e+13,7.899807e+01
1.763476e+13,5.000010e+00
1.310092e+13,7.894766e+01
2.897819e+14,8.000000e+01
2.393535e+13,2.414357e+01
3.353298e+14,8.000000e+01
3.353298e+14,8.000000e+01
2.624734e+13,6.922315e+01
3.173177e+13,3.189113e+01
4.792750e+13,3.729641e+01
5.999192e+13,4.120022e+01
1.619357e+14,5.483353e+01
6.692853e+13,4.840726e+01
1.235281e+14,5.297172e+01
1.999132e+14,8.000000e+01
1.999132e+14,8.000000e+01
7.206070e+13,4.894779e+01
3.547180e+13,3.693606e+01
3.754583e+13,3.489407e+01
5.204768e+14,8.000000e+01
5.204768e+14,8.000000e+01
2.385362e+13,7.899772e+01
1.916327e+15,8.000000e+01
1.916327e+15,8.000000e+01
5.059014e+14,6.486332e+01
4.538440e+13,7.899644e+01
1.251326e+13,4.999626e+00
1.564861e+13,7.898902e+01
1.109437e+14,6.390239e+01
9.526629e+14,8.000000e+01
1.107443e+14,8.000000e+01
1.107443e+14,8.000000e+01
3.347680e+14,8.000000e+01
8.650113e+13,4.999997e+00
8.650113e+13,7.899409e+01
2.745265e+13,2.864797e+01
2.558192e+13,7.899106e+01
1.484091e+13,7.899502e+01
1.537074e+13,7.899735e+01
1.180499e+14,6.618461e+01
1.866144e+13,7.892595e+01
2.436035e+13,2.654592e+01
3.213309e+14,3.855764e+01
1.027937e+14,8.000000e+01
1.233437e+14,8.000000e+01
1.233437e+14,8.000000e+01
1.233437e+14,8.000000e+01
2.307424e+13,1.699180e+01
4.536678e+13,7.893399e+01
7.787299e+13,4.942826e+01
9.155946e+13,6.276127e+01
3.491952e+13,3.627541e+01
1.542764e+13,4.999054e+00
2.296520e+15,8.000000e+01
2.296520e+15,8.000000e+01
1.120608e+14,5.861723e+01
1.556813e+13,5.000000e+00
4.778161e+13,2.294240e+01
1.822889e+14,8.000000e+01
1.822889e+14,8.000000e+01
4.905621e+13,6.792631e+01
4.905621e+13,5.000000e+00
4.312009e+13,2.654592e+01
1.873762e+13,7.917266e+01
4.294235e+14,8.000000e+01
2.399486e+13,7.893536e+01
2.654638e+13,7.896569e+01
1.179955e+14,7.899309e+01
1.179955e+14,5.000007e+00
1.781286e+13,7.913535e+01
1.884613e+13,7.898232e+01
1.865209e+13,7.896203e+01
5.397192e+13,4.372269e+01
1.323650e+13,7.894235e+01
2.159446e+14,5.405277e+01
1.815466e+13,7.899217e+01
4.419102e+13,3.963870e+01
6.044000e+13,3.723635e+01
4.768526e+13,7.891624e+01
2.243006e+13,5.526120e+01
1.603184e+13,7.897422e+01
7.463259e+13,6.071928e+01
1.304155e+13,7.898202e+01
2.773106e+13,7.897865e+01
9.585739e+12,7.899801e+01
1.017979e+14,4.618509e+01
2.839256e+13,7.896601e+01
1.513946e+13,7.899624e+01
6.635804e+13,5.311535e+01
2.786265e+13,2.612551e+01
2.775613e+13,7.898177e+01
2.469040e+13,4.998816e+00
3.114963e+14,7.002837e+01
2.247493e+13,2.534474e+01
3.047126e+13,7.897992e+01
8.788225e+13,5.261136e+01
4.943166e+14,8.000000e+01
1.074810e+14,5.519388e+01
1.449566e+14,4.726614e+01
1.388833e+14,5.807670e+01
2.002180e+13,4.999617e+00
1.664585e+14,7.321147e+01
1.562396e+15,8.000000e+01
4.521174e+14,8.000000e+01
3.298468e+14,8.000000e+01
3.298468e+14,8.000000e+01
2.115079e+14,5.903764e+01
6.252019e+13,4.780667e+01
1.652207e+14,8.000000e+01
1.073247e+13,7.899664e+01
4.186768e+13,5.573441e+01
2.483424e+14,6.822661e+01
2.353478e+13,7.011730e+01
3.984838e+13,3.171096e+01
3.492959e+13,7.899590e+01
1.178618e+14,6.834673e+01
2.725859e+14,2.696841e+01
3.452382e+13,3.597512e+01
5.752350e+14,8.000000e+01
5.752350e+14,8.000000e+01
3.793386e+13,3.477395e+01
1.156850e+13,7.898744e+01
8.633452e+13,5.213089e+01
4.480370e+13,4.999476e+00
2.319361e+13,7.891268e+01
1.868015e+14,5.627494e+01
5.261901e+13,5.297172e+01
2.213441e+15,8.000000e+01
9.589609e+13,8.000000e+01
9.589609e+13,5.000066e+00
9.589609e+13,8.000000e+01
3.544957e+15,8.000000e+01
5.214556e+13,4.198099e+01
5.819353e+13,3.639553e+01
5.184054e+13,4.186087e+01
4.140911e+13,3.038967e+01
1.512570e+13,7.898811e+01
2.222371e+13,7.899266e+01
3.809566e+13,4.234134e+01
1.533004e+13,7.898435e+01
1.393283e+13,7.899523e+01
1.557414e+13,7.899322e+01
1.277088e+13,7.899563e+01
1.979316e+13,7.899126e+01
1.459319e+13,7.899777e+01
4.847949e+13,3.987893e+01
1.463981e+13,7.899292e+01
1.323906e+14,8.000000e+01
5.482744e+13,3.777688e+01
4.470526e+13,7.896630e+01
4.470526e+13,4.999978e+00
4.498680e+13,3.453371e+01
7.297075e+13,3.861770e+01
6.237526e+13,4.372269e+01
5.065710e+13,4.999607e+00
1.315477e+13,7.896934e+01
3.064556e+14,7.849663e+01
1.352572e+13,4.999330e+00
1.926823e+13,7.849084e+01
3.334639e+13,7.898957e+01
1.128857e+14,5.153031e+01
1.628483e+13,7.898506e+01
4.968407e+13,7.899204e+01
2.062507e+13,1.299571e+01
1.410945e+14,7.104936e+01
1.182985e+13,7.897378e+01
4.381839e+13,3.471389e+01
3.077867e+13,7.899153e+01
2.322434e+13,2.642580e+01
1.063195e+14,6.528374e+01
2.748203e+13,1.899175e+01
5.387916e+13,6.100000e+01
2.097250e+15,8.000000e+01
2.097250e+15,8.000000e+01
2.097250e+15,8.000000e+01
1.567172e+13,7.899823e+01
6.688156e+13,3.711624e+01
1.582834e+13,7.896892e+01
2.974008e+14,8.000000e+01
3.191734e+13,3.201125e+01
8.706408e+13,4.678568e+01
1.078341e+13,7.892068e+01
1.500409e+14,7.741558e+01
1.214922e+14,7.387212e+01
1.329672e+13,7.899328e+01
9.651571e+13,4.312210e+01
2.680980e+13,2.618556e+01
3.911331e+14,5.819682e+01
3.029744e+13,7.899514e+01
5.427236e+13,3.699612e+01
3.692559e+13,1.699705e+01
3.344613e+13,2.960891e+01
4.532124e+13,4.210110e+01
3.787811e+14,6.420268e+01
5.567341e+13,3.945852e+01
1.418105e+13,7.899732e+01
1.542272e+13,5.000370e+00
3.492861e+13,2.930861e+01
1.334917e+14,5.014896e+01
5.244610e+13,5.303177e+01
5.033342e+13,3.741653e+01
1.221395e+14,4.618509e+01
6.189680e+13,3.999905e+01
8.651121e+13,3.066312e+01
6.910554e+13,5.000090e+00
6.910554e+13,5.000007e+00
3.759039e+14,6.630473e+01
1.372173e+14,8.000000e+01
3.368910e+14,6.288139e+01
1.298404e+14,6.924760e+01
1.298404e+14,6.924760e+01
2.303074e+14,8.000000e+01
1.627726e+13,7.888160e+01
2.335030e+13,7.894207e+01
1.533458e+13,7.899422e+01
1.124412e+14,4.828714e+01
9.291474e+12,7.899864e+01
2.556870e+13,7.894852e+01
3.052048e+13,7.897739e+01
3.445891e+13,3.159084e+01
1.116792e+14,7.351177e+01
8.164548e+13,7.471294e+01
1.443371e+13,7.899293e+01
8.944357e+12,7.899781e+01
3.556254e+13,4.999629e+00
4.832832e+15,8.000000e+01
2.999316e+13,7.899581e+01
5.667451e+13,4.222122e+01
5.557265e+13,5.351224e+01
5.557265e+13,5.351224e+01
2.305544e+13,7.898069e+01
1.133798e+14,4.942826e+01
3.270622e+14,8.000000e+01
6.388638e+13,4.858743e+01
1.217927e+14,8.000000e+01
1.217927e+14,8.000000e+01
1.714071e+13,7.895427e+01
1.716923e+13,7.899112e+01
3.118388e+13,4.300198e+01
1.902079e+13,7.899397e+01
3.614947e+13,6.132935e+01
1.466742e+13,7.683562e+01
9.238345e+13,6.077934e+01
4.775419e+13,3.609524e+01
2.216036e+13,7.897968e+01
4.836002e+13,7.899252e+01
1.982041e+14,8.000000e+01
8.745602e+13,8.000000e+01
8.745602e+13,8.000000e+01
3.181385e+13,7.518412e+01
1.232889e+13,7.899865e+01
1.046970e+14,6.768608e+01
2.304120e+13,4.998163e+00
3.741264e+13,3.537454e+01
4.806759e+13,5.699564e+01
1.854238e+14,8.000000e+01
1.489474e+13,4.999541e+00
2.756914e+13,7.899575e+01
3.653117e+13,7.899677e+01
5.731383e+13,6.501281e+01
2.851149e+14,6.462309e+01
1.039726e+13,7.896961e+01
3.488737e+14,8.000000e+01
4.303919e+13,3.507424e+01
1.620373e+13,7.898956e+01
5.882078e+14,8.000000e+01
3.004350e+14,7.975787e+01
3.004350e+14,7.975787e+01
3.507263e+13,7.897316e+01
3.348956e+13,3.189113e+01
1.854267e+16,8.000000e+01
6.858148e+13,4.264163e+01
4.863090e+13,3.471389e+01
2.024641e+14,8.000000e+01
2.015827e+13,7.899489e+01
2.429171e+13,2.606545e+01
6.993857e+13,8.000000e+01
1.932970e+14,5.225101e+01
1.295058e+13,7.899744e+01
3.685149e+13,7.891364e+01
2.930931e+14,8.000000e+01
5.249192e+13,7.897280e+01
3.083512e+14,7.723540e+01
1.514020e+13,7.899773e+01
2.482416e+13,6.231691e+01
1.621153e+13,7.898185e+01
6.525114e+13,7.899547e+01
3.346299e+14,8.000000e+01
2.692339e+14,5.585453e+01
5.931903e+13,5.411283e+01
2.241582e+15,8.000000e+01
2.241582e+15,8.000000e+01
2.375948e+15,8.000000e+01
2.375948e+15,8.000000e+01
2.215251e+13,2.564504e+01
1.236814e+14,8.000000e+01
1.105097e+13,5.481423e+01
1.251045e+13,7.897603e+01
1.951273e+14,6.906743e+01
1.754450e+13,4.999175e+00
1.857774e+14,8.000000e+01
1.857774e+14,8.000000e+01
7.866421e+14,7.032866e+01
9.805887e+12,7.899869e+01
3.387188e+13,7.806795e+01
2.685318e+13,3.038967e+01
1.999013e+13,7.899496e+01
4.663078e+13,3.345266e+01
2.848798e+13,2.960891e+01
1.845214e+13,7.897424e+01
8.216086e+13,6.162016e+01
4.452611e+13,6.720492e+01
5.965540e+14,8.000000e+01
6.329964e+13,4.035940e+01
3.333688e+13,3.201125e+01
1.543369e+13,7.896541e+01
2.293982e+13,7.898712e+01
3.330127e+14,6.005863e+01
1.190468e+13,7.899764e+01
2.524345e+13,4.999306e+00
1.105383e+14,5.000016e+00
1.105383e+14,5.000017e+00
1.105383e+14,5.000013e+00
3.120388e+13,7.890956e+01
5.706437e+13,3.381301e+01
1.520753e+13,7.898017e+01
3.508796e+13,2.978908e+01
2.984212e+13,7.899594e+01
2.984212e+13,7.899639e+01
5.154739e+13,3.759670e+01
1.221249e+14,8.000000e+01
1.221249e+14,8.000000e+01
1.561369e+13,7.899286e+01
6.439325e+13,4.312210e+01
6.881038e+13,4.708597e+01
9.841418e+13,7.417241e+01
9.841418e+13,7.417241e+01
6.588976e+14,2.700000e+01
2.808519e+13,1.898576e+01
1.378944e+14,6.306157e+01
1.971769e+15,8.000000e+01
7.209326e+13,4.900000e+01
3.107298e+13,2.924855e+01
3.820693e+14,8.000000e+01
2.072841e+16,8.000000e+01
2.386963e+14,6.900737e+01
8.581171e+13,4.198099e+01
1.096344e+14,8.000000e+01
1.405873e+13,7.899406e+01
1.424284e+15,8.000000e+01
1.124990e+13,7.899863e+01
4.600503e+13,3.921829e+01
1.356570e+14,6.948784e+01
7.507518e+13,5.231107e+01
4.629287e+13,4.852738e+01
1.451682e+13,7.897262e+01
1.037590e+13,7.899183e+01
2.148116e+14,6.564409e+01
5.226673e+13,4.234134e+01
3.049072e+13,7.897465e+01
2.396795e+13,2.690627e+01
2.158267e+16,8.000000e+01
7.060307e+13,5.231107e+01
9.879655e+13,5.405277e+01
1.391388e+13,7.899237e+01
1.418212e+13,7.899499e+01
1.554742e+14,6.083940e+01
2.520743e+13,7.897793e+01
4.118203e+13,6.600444e+01
2.449888e+13,7.897124e+01
2.781351e+13,2.876809e+01
2.290045e+13,7.899596e+01
3.108192e+13,7.899587e+01
4.160692e+13,2.894826e+01
3.893040e+13,7.899688e+01
1.035442e+14,7.020854e+01
9.699147e+13,4.882767e+01
7.338936e+13,5.116996e+01
4.612611e+13,3.309231e+01
2.777448e+13,7.897747e+01
1.738995e+13,7.899778e+01
1.304659e+13,7.899665e+01
5.497809e+13,7.899780e+01
5.497809e+13,5.000000e+00
1.328595e+13,7.899145e+01
1.143572e+14,4.756644e+01
1.389045e+18,8.000000e+01
1.161086e+15,7.639458e+01
1.854867e+13,4.999524e+00
9.193034e+14,8.000000e+01
2.810657e+14,5.609476e+01
6.843772e+13,5.939799e+01
5.082875e+13,4.366263e+01
5.790809e+13,6.228080e+01
9.903171e+13,6.180033e+01
1.717726e+14,2.300000e+01
6.026450e+15,8.000000e+01
3.553222e+13,3.369289e+01
4.233199e+16,8.000000e+01
1.316904e+14,4.510403e+01
4.141682e+13,4.999664e+00
7.297738e+13,6.017875e+01
3.034191e+13,7.896030e+01
3.888385e+13,3.195119e+01
4.542014e+14,8.000000e+01
4.542014e+14,8.000000e+01
5.117013e+14,8.000000e+01
5.117013e+14,8.000000e+01
1.951777e+13,5.508826e+01
3.970563e+13,3.969876e+01
8.482004e+13,7.375200e+01
8.482004e+13,7.375200e+01
2.306105e+14,6.180033e+01
1.079575e+14,5.453324e+01
1.100978e+14,5.795658e+01
7.562749e+13,5.513383e+01
3.146541e+14,5.567435e+01
1.574779e+13,7.899729e+01
6.059230e+13,4.011917e+01
1.645452e+13,7.897861e+01
1.388039e+13,7.893446e+01
3.029101e+14,8.000000e+01
1.380600e+13,7.907243e+01
1.854950e+14,8.000000e+01
1.854950e+14,8.000000e+01
3.214797e+13,7.895134e+01
7.317610e+13,7.899304e+01
2.941416e+13,7.844427e+01
1.211117e+14,7.195024e+01
3.303726e+13,3.465383e+01
4.813021e+13,3.447366e+01
8.954784e+12,7.897331e+01
5.211664e+13,4.894779e+01
2.452406e+13,7.899309e+01
1.589117e+13,7.893388e+01
4.419087e+13,3.543459e+01
1.482648e+15,8.000000e+01
3.475271e+13,7.899285e+01
3.124135e+14,6.846684e+01
3.886924e+13,3.249172e+01
3.723973e+13,7.898062e+01
2.675424e+13,7.898551e+01
2.062161e+13,2.360304e+01
1.342661e+13,7.890032e+01
2.822598e+13,7.897262e+01
1.162169e+14,7.699517e+01
3.284464e+14,8.000000e+01
3.284464e+14,8.000000e+01
3.520222e+13,2.990920e+01
1.638359e+13,7.899661e+01
5.331887e+13,7.899272e+01
4.218239e+14,7.044878e+01
2.127027e+13,7.890969e+01
2.035976e+14,5.375248e+01
5.038817e+13,3.231155e+01
1.760100e+16,8.000000e+01
1.209672e+13,7.895439e+01
2.892824e+13,2.666603e+01
1.541345e+13,7.899551e+01
2.671519e+13,7.896046e+01
4.994468e+13,3.879788e+01
4.253388e+13,3.345266e+01
1.110053e+13,7.899833e+01
8.688548e+13,4.900785e+01
8.077696e+13,5.615482e+01
1.412640e+13,7.899771e+01
1.018444e+13,7.899131e+01
1.630052e+13,7.898749e+01
2.613213e+13,7.899557e+01
4.606948e+13,3.693606e+01
3.680591e+14,8.000000e+01
3.680591e+14,8.000000e+01
3.680591e+14,8.000000e+01
1.747095e+13,7.912188e+01
1.381033e+13,7.899654e+01
4.668016e+13,4.336233e+01
5.131492e+13,4.065970e+01
1.737002e+14,8.000000e+01
1.250051e+15,8.000000e+01
1.250051e+15,8.000000e+01
1.965163e+13,7.899568e+01
2.533760e+13,7.899624e+01
3.083421e+14,8.000000e+01
3.083421e+14,8.000000e+01
3.576322e+19,8.000000e+01
3.576322e+19,8.000000e+01
3.576322e+19,8.000000e+01
9.191833e+13,4.047952e+01
1.014615e+14,7.910636e+01
1.014615e+14,7.908290e+01
2.580163e+13,3.026955e+01
2.717703e+13,2.516457e+01
3.088335e+13,3.417336e+01
3.812280e+13,7.899459e+01
3.812280e+13,4.999998e+00
6.760495e+13,3.927835e+01
6.982840e+13,3.933841e+01
2.565017e+13,7.899135e+01
1.113226e+13,7.899647e+01
4.901606e+13,3.993899e+01
1.974996e+13,7.899761e+01
2.128503e+13,7.893395e+01
9.770011e+12,7.897429e+01
1.781784e+14,5.369242e+01
1.623851e+13,7.889890e+01
3.299496e+15,8.000000e+01
8.067091e+14,8.000000e+01
1.011988e+14,8.000000e+01
1.011988e+14,8.000000e+01
1.210852e+14,8.000000e+01
1.686215e+13,7.899514e+01
1.294301e+13,7.896150e+01
1.791726e+13,7.899698e+01
1.386399e+13,7.899184e+01
3.235572e+13,3.501418e+01
1.833770e+13,7.896809e+01
2.034662e+13,7.898362e+01
5.701977e+13,4.999988e+00
5.701977e+13,6.384233e+01
1.047671e+14,4.696585e+01
1.014528e+14,5.801664e+01
1.182250e+13,7.897275e+01
4.114343e+13,3.237160e+01
7.113933e+13,5.621488e+01
7.113933e+13,5.621488e+01
8.600298e+13,3.891799e+01
1.187874e+13,7.899848e+01
9.717985e+13,5.068949e+01
3.025397e+13,2.930861e+01
9.708197e+13,4.564456e+01
5.877173e+13,6.222074e+01
5.877173e+13,7.899840e+01
3.209505e+13,2.098723e+01
1.222522e+13,7.899787e+01
1.548675e+13,7.899755e+01
1.970050e+13,7.899600e+01
6.396977e+13,4.666556e+01
5.329968e+13,4.324222e+01
2.776580e+13,2.816750e+01
7.019040e+13,7.459282e+01
1.976289e+13,4.998443e+00
2.236637e+15,8.000000e+01
3.879905e+13,4.510403e+01
9.425730e+13,4.798685e+01
1.410408e+13,7.898957e+01
5.656006e+13,4.372269e+01
2.895481e+14,6.864702e+01
6.702799e+13,7.899355e+01
6.702799e+13,7.899467e+01
2.326334e+13,2.510451e+01
4.859521e+13,3.501418e+01
3.725123e+13,7.899790e+01
3.725123e+13,7.899468e+01
8.599914e+13,5.441312e+01
2.637040e+13,7.899786e+01
1.744626e+13,7.889568e+01
1.922376e+13,7.898688e+01
2.297261e+13,7.886465e+01
5.296388e+13,4.756644e+01
2.620110e+13,7.897961e+01
2.102529e+13,7.895248e+01
4.801177e+14,8.000000e+01
4.801177e+14,8.000000e+01
1.603364e+14,8.000000e+01
6.059133e+13,5.044925e+01
5.629389e+13,5.477347e+01
5.629389e+13,5.477347e+01
6.077428e+13,7.927593e+01
1.218090e+15,8.000000e+01
1.218090e+15,8.000000e+01
5.050456e+13,3.237160e+01
1.357269e+13,7.899876e+01
2.392592e+13,7.680013e+01
1.824174e+13,7.899116e+01
8.941049e+13,5.471342e+01
1.996383e+13,6.041716e+01
2.069131e+13,7.857193e+01
2.189080e+13,7.898348e+01
5.314004e+13,3.561477e+01
2.361885e+13,7.899540e+01
3.502695e+13,3.387307e+01
5.632563e+14,8.000000e+01
5.632563e+14,8.000000e+01
1.669821e+13,7.897677e+01
2.525828e+13,7.864233e+01
6.152708e+13,3.765676e+01
5.876985e+13,4.744632e+01
1.139249e+13,7.905496e+01
1.252511e+13,7.886625e+01
1.627447e+13,7.899425e+01
1.664405e+13,7.890359e+01
1.241305e+14,5.831693e+01
7.245017e+13,6.366215e+01
2.819088e+13,7.859874e+01
3.609425e+13,7.899631e+01
2.688128e+13,2.768703e+01
8.992889e+13,5.447318e+01
7.793929e+13,4.047952e+01
4.922710e+13,3.698530e+01
7.739854e+14,8.000000e+01
1.080909e+13,7.899639e+01
3.420809e+13,3.237160e+01
4.126056e+13,3.615530e+01
7.134644e+13,4.708597e+01
1.922831e+14,8.000000e+01
1.922831e+14,8.000000e+01
9.299929e+13,4.336233e+01
5.501725e+14,8.000000e+01
4.594468e+13,2.996926e+01
8.791067e+13,8.000000e+01
8.791067e+13,8.000000e+01
3.304209e+13,3.159084e+01
9.392710e+13,8.000000e+01
2.530653e+13,2.768703e+01
2.979261e+13,7.899142e+01
1.152828e+13,7.899710e+01
1.088321e+13,7.898583e+01
5.184182e+13,7.898811e+01
1.353406e+14,7.861675e+01
3.264285e+14,7.459282e+01
5.281624e+13,4.017923e+01
1.529184e+13,7.899818e+01
1.244116e+14,5.843705e+01
8.200202e+13,4.678568e+01
1.909681e+13,7.899746e+01
2.350040e+16,8.000000e+01
2.350040e+16,8.000000e+01
2.794602e+13,2.720656e+01
6.848526e+13,8.000000e+01
1.344591e+13,7.899802e+01
6.519736e+13,4.366263e+01
3.658542e+13,5.068949e+01
1.523679e+13,7.899686e+01
1.354592e+14,8.000000e+01
1.354592e+14,8.000000e+01
2.959034e+13,3.369289e+01
3.796220e+13,3.207131e+01
5.597984e+13,3.639553e+01
2.799409e+13,7.899763e+01
1.644917e+13,7.899765e+01
9.584994e+13,8.000000e+01
1.638361e+13,7.899725e+01
1.553784e+14,5.231107e+01
7.498936e+13,6.444291e+01
1.893390e+13,7.805426e+01
2.144790e+13,7.892966e+01
3.371701e+13,3.207131e+01
1.410825e+14,7.519341e+01
1.298432e+13,7.898666e+01
1.894806e+14,7.044878e+01
1.869928e+13,7.899589e+01
2.286497e+14,6.047904e+01
1.998537e+13,7.907591e+01
2.210030e+13,7.896568e+01
2.730517e+14,7.435259e+01
1.039411e+13,7.899684e+01
1.336558e+13,7.906617e+01
3.892439e+13,3.056984e+01
5.643260e+13,5.453324e+01
3.144172e+13,3.291213e+01
2.780231e+13,3.300407e+01
1.230299e+13,7.899359e+01
1.649042e+13,7.899180e+01
1.464803e+13,7.899451e+01
3.548606e+13,3.002932e+01
3.224569e+13,3.099026e+01
1.537778e+13,5.000387e+00
2.324881e+13,7.258342e+01
2.760552e+13,2.690627e+01
3.167695e+13,2.660597e+01
2.128739e+13,7.899007e+01
4.365367e+13,3.339260e+01
2.120150e+13,7.899540e+01
1.545692e+13,7.899745e+01
9.601992e+13,4.624515e+01
1.073852e+15,8.000000e+01
1.073852e+15,8.000000e+01
3.023871e+14,8.000000e+01
7.489811e+13,5.819682e+01
1.408900e+13,7.897924e+01
2.094710e+13,7.897842e+01
2.618301e+13,2.750685e+01
3.018453e+13,2.924855e+01
1.430234e+13,2.299613e+01
1.619211e+13,5.841800e+01
2.457311e+14,7.393218e+01
3.466944e+13,3.381301e+01
3.299417e+13,4.999352e+00
5.896180e+14,7.669488e+01
1.540428e+14,8.000000e+01
6.065995e+13,3.899462e+01
1.894796e+13,7.890132e+01
1.936750e+14,7.249077e+01
3.376455e+13,3.207131e+01
8.114896e+13,6.426274e+01
2.504224e+13,7.899185e+01
1.222043e+14,4.948831e+01
1.755535e+13,4.998382e+00
1.954504e+14,8.000000e+01
1.954504e+14,8.000000e+01
1.628538e+13,7.899735e+01
1.569122e+14,7.134966e+01
6.480006e+13,4.120022e+01
3.885388e+13,3.201125e+01
4.736233e+13,3.105031e+01
4.695015e+13,4.744632e+01
1.275010e+14,8.000000e+01
1.275010e+14,8.000000e+01
8.089818e+13,8.000000e+01
8.089818e+13,5.000003e+00
7.965726e+13,3.849758e+01
2.115270e+18,8.000000e+01
2.115270e+18,8.000000e+01
2.115270e+18,8.000000e+01
1.157971e+14,7.900000e+01
1.157971e+14,8.000000e+01
6.108556e+13,4.564456e+01
1.518845e+13,7.899636e+01
3.122517e+14,8.000000e+01
5.148776e+13,2.500000e+01
7.137856e+13,7.285112e+01
7.137856e+13,5.000011e+00
1.269416e+14,5.699564e+01
3.759160e+13,3.699612e+01
2.965261e+14,6.960796e+01
4.421633e+13,3.303225e+01
9.432008e+14,8.000000e+01
2.433700e+13,7.918419e+01
1.849870e+14,5.537406e+01
1.296069e+13,7.899810e+01
2.584136e+13,2.888820e+01
1.282150e+14,7.999810e+01
1.282150e+14,7.999810e+01
1.015514e+13,7.899790e+01
2.984491e+13,7.899727e+01
1.600872e+14,7.092925e+01
9.279490e+13,4.999995e+00
9.279490e+13,4.999992e+00
6.413233e+13,3.939846e+01
3.490150e+14,8.000000e+01
1.721452e+13,7.899839e+01
1.888124e+14,5.014896e+01
2.430971e+13,2.480422e+01
2.362281e+14,6.786626e+01
2.820303e+13,7.893977e+01
1.732992e+14,8.000000e+01
1.732992e+14,8.000000e+01
1.296233e+13,5.893156e+01
4.370021e+14,7.885699e+01
1.229475e+14,6.119975e+01
3.317133e+13,3.093020e+01
1.046446e+14,7.351177e+01
1.046446e+14,7.351177e+01
1.273244e+14,5.981840e+01
1.739317e+13,7.893610e+01
4.060151e+15,8.000000e+01
4.060151e+15,8.000000e+01
3.007749e+13,2.660597e+01
3.981111e+15,8.000000e+01
3.981111e+15,8.000000e+01
6.593168e+13,6.408256e+01
4.633029e+14,8.000000e+01
4.168580e+13,4.450345e+01
1.912834e+13,7.899425e+01
1.402067e+13,5.000183e+00
1.199571e+13,7.899407e+01
2.433145e+13,2.498439e+01
4.046141e+13,3.141067e+01
3.155513e+14,5.153031e+01
2.889628e+14,3.096651e+01
6.810354e+13,4.300198e+01
2.442994e+13,2.774709e+01
1.003934e+14,8.000000e+01
3.915835e+13,3.543459e+01
5.764797e+13,7.943448e+01
9.069118e+13,4.516409e+01
8.834932e+13,4.648538e+01
2.569933e+13,7.898194e+01
3.677328e+13,7.898842e+01
1.353847e+14,6.894731e+01
2.010363e+14,5.507377e+01
9.289663e+13,8.000000e+01
2.512495e+13,2.660597e+01
3.223003e+13,7.899448e+01
3.593664e+13,2.948879e+01
2.386349e+13,7.882616e+01
2.768755e+13,3.213137e+01
3.912036e+13,3.279201e+01
1.603980e+14,8.000000e+01
5.262607e+13,3.435354e+01
5.125013e+14,8.000000e+01
1.903619e+13,7.884656e+01
1.704269e+13,7.898888e+01
1.180696e+13,7.899597e+01
5.426998e+13,4.264163e+01
7.293755e+13,3.183108e+01
1.342925e+13,7.898331e+01
1.652832e+13,7.895347e+01
1.915156e+14,6.978813e+01
1.253857e+13,7.899615e+01
1.059458e+14,8.000000e+01
1.059458e+14,7.899738e+01
8.660205e+13,4.414310e+01
8.660205e+13,4.414310e+01
2.666235e+18,8.000000e+01
2.666235e+18,8.000000e+01
2.666235e+18,8.000000e+01
2.468576e+13,7.899033e+01
1.803216e+13,7.899361e+01
1.512222e+13,7.899518e+01
1.306505e+13,7.899851e+01
2.503949e+13,7.897822e+01
2.081041e+13,2.500000e+01
5.216802e+13,4.198099e+01
2.122327e+14,5.675541e+01
1.491206e+13,7.896547e+01
2.630830e+13,2.834768e+01
4.624627e+13,4.366263e+01
7.551350e+13,5.585453e+01
2.108372e+13,4.998229e+00
3.465220e+13,2.876809e+01
1.082201e+14,6.198051e+01
2.809163e+13,7.899349e+01
2.758299e+13,2.366310e+01
4.059381e+13,2.936867e+01
8.975056e+13,4.408304e+01
3.983618e+13,3.195119e+01
1.786612e+14,4.942826e+01
5.698739e+14,8.000000e+01
5.698739e+14,8.000000e+01
5.698739e+14,8.000000e+01
5.698739e+14,8.000000e+01
2.881155e+14,8.000000e+01
2.881155e+14,8.000000e+01
2.881155e+14,8.000000e+01
6.550290e+13,3.729641e+01
1.708649e+14,6.378227e+01
3.476316e+13,3.705228e+01
2.076220e+13,4.999673e+00
1.846616e+14,6.059916e+01
4.069957e+13,3.585500e+01
3.467131e+14,6.564409e+01
1.786229e+13,7.899601e+01
2.070330e+13,7.899312e+01
4.764722e+13,3.783694e+01
2.551860e+13,7.890388e+01
2.313534e+14,8.000000e+01
1.881819e+14,7.387212e+01
1.760264e+14,8.000000e+01
1.760264e+14,8.000000e+01
5.141743e+13,4.576468e+01
1.542808e+15,8.000000e+01
1.178258e+13,7.899565e+01
1.307920e+13,7.899575e+01
2.181607e+13,7.899578e+01
7.984289e+13,5.429301e+01
4.156505e+14,6.348198e+01
1.333396e+13,7.897899e+01
2.409886e+13,7.899664e+01
1.239109e+14,6.378227e+01
1.960956e+13,7.899116e+01
4.610857e+13,4.005911e+01
9.955761e+13,8.000000e+01
9.955761e+13,8.000000e+01
1.256393e+13,7.899252e+01
2.105430e+13,7.897812e+01
7.799469e+13,3.609524e+01
3.017180e+13,7.822960e+01
9.731061e+13,4.804691e+01
5.286673e+13,2.896858e+01
1.155962e+13,7.891634e+01
3.530639e+13,3.062990e+01
5.467683e+13,3.747659e+01
3.468202e+13,4.210110e+01
3.361537e+13,7.899530e+01
2.637003e+13,7.898561e+01
7.188728e+13,4.486380e+01
5.661005e+13,4.582474e+01
4.650787e+13,3.357278e+01
1.045553e+14,7.899042e+01
1.045553e+14,5.000010e+00
2.988410e+13,2.570510e+01
5.271568e+13,4.768656e+01
1.625119e+13,7.892775e+01
5.893929e+13,3.873782e+01
1.109803e+13,7.899889e+01
3.966786e+13,3.279201e+01
2.943491e+13,3.129055e+01
4.759945e+13,7.899492e+01
4.759945e+13,7.899439e+01
1.324435e+14,8.000000e+01
6.411266e+13,4.636527e+01
2.090938e+14,8.000000e+01
2.090938e+14,8.000000e+01
1.513565e+14,5.351224e+01
7.726202e+13,4.852738e+01
2.401062e+13,7.898780e+01
8.570208e+13,5.963822e+01
1.825617e+14,8.000000e+01
1.825617e+14,8.000000e+01
7.260549e+13,4.408304e+01
2.051950e+13,7.899519e+01
7.656028e+13,2.300000e+01
2.184145e+13,7.897116e+01
4.785588e+13,3.897805e+01
5.969681e+13,5.531400e+01
8.125175e+13,3.891799e+01
2.688221e+13,7.897330e+01
3.429407e+13,2.888820e+01
1.225047e+13,7.897675e+01
1.778886e+13,7.899630e+01
1.264956e+13,7.899813e+01
2.228147e+13,2.402345e+01
2.122607e+13,7.899734e+01
1.968253e+13,6.440023e+01
9.806796e+12,7.899781e+01
3.138217e+13,3.189113e+01
2.396800e+13,7.899514e+01
4.924820e+14,8.000000e+01
4.924820e+14,8.000000e+01
4.924820e+14,8.000000e+01
6.480854e+13,4.102005e+01
5.583323e+13,4.132034e+01
1.634659e+13,7.899377e+01
1.685963e+13,7.899478e+01
4.980634e+13,4.546439e+01
3.274807e+13,3.903811e+01
2.541439e+14,8.000000e+01
2.541439e+14,8.000000e+01
1.455325e+14,6.654497e+01
1.472749e+14,6.840678e+01
5.280392e+13,3.789700e+01
2.292414e+13,2.582521e+01
2.008788e+13,2.306252e+01
9.055483e+13,6.336186e+01
9.055483e+13,6.336186e+01
1.031386e+13,7.899661e+01
5.098814e+13,3.591506e+01
4.056182e+13,3.915823e+01
1.130542e+13,1.500000e+01
2.219245e+13,7.899131e+01
3.862983e+13,7.899002e+01
3.862983e+13,5.000002e+00
5.253649e+13,4.552444e+01
3.168977e+14,8.000000e+01
3.168977e+14,8.000000e+01
8.297618e+15,8.000000e+01
2.103300e+13,7.899355e+01
1.234011e+13,7.899728e+01
2.300400e+13,7.899407e+01
1.704183e+13,7.894638e+01
2.156553e+13,7.899090e+01
1.192201e+13,7.899845e+01
1.910984e+13,7.916920e+01
8.308428e+14,7.813628e+01
2.541665e+13,2.756691e+01
3.203453e+13,3.195119e+01
5.088727e+13,3.513430e+01
1.128231e+13,7.483331e+01
2.447263e+13,2.342287e+01
1.543009e+13,7.898035e+01
3.175008e+13,2.912844e+01
4.281601e+14,7.225054e+01
1.337881e+14,7.189018e+01
2.417835e+13,7.899447e+01
7.504140e+13,1.900971e+01
1.875728e+14,8.000000e+01
1.875728e+14,8.000000e+01
1.415160e+13,4.999763e+00
2.887281e+13,3.014943e+01
1.266372e+15,8.000000e+01
1.266372e+15,8.000000e+01
3.133077e+13,3.062990e+01
2.616171e+14,6.198051e+01
4.292527e+13,3.759670e+01
3.733217e+13,4.546439e+01
3.293370e+13,7.898647e+01
3.846792e+13,2.918850e+01
9.589155e+12,7.899768e+01
1.602787e+13,7.899703e+01
4.089157e+13,3.699612e+01
1.562873e+13,7.899445e+01
1.906463e+13,2.228175e+01
1.545222e+13,7.899804e+01
1.628310e+14,8.000000e+01
8.422443e+13,5.141019e+01
3.558493e+13,5.000082e+00
1.892425e+13,7.899542e+01
7.380086e+13,6.630473e+01
7.380086e+13,6.630473e+01
5.985578e+13,5.537406e+01
2.075454e+13,7.899498e+01
7.621029e+14,8.000000e+01
7.621029e+14,8.000000e+01
2.248768e+14,7.020854e+01
1.545197e+14,4.816702e+01
1.177468e+14,6.510356e+01
1.869671e+13,7.898283e+01
1.984395e+13,7.930178e+01
5.294439e+13,4.816702e+01
4.518254e+13,7.897300e+01
2.180377e+13,5.909802e+01
1.460599e+14,4.876761e+01
2.133345e+13,7.899402e+01
1.454298e+13,7.898853e+01
1.657621e+14,8.000000e+01
3.133507e+13,3.795706e+01
1.831159e+13,7.899555e+01
5.096802e+13,5.183060e+01
1.007442e+14,8.000000e+01
6.334449e+13,6.366215e+01
3.713784e+13,7.898610e+01
1.156653e+13,7.898392e+01
2.683737e+13,2.780715e+01
8.051315e+13,6.882719e+01
8.051315e+13,6.882719e+01
1.552865e+13,7.899791e+01
2.475245e+14,6.444291e+01
3.475906e+13,7.530520e+01
6.238762e+13,4.258157e+01
5.583787e+13,7.899758e+01
5.583787e+13,6.468315e+01
1.800667e+13,7.899777e+01
1.799354e+13,5.835419e+01
8.102260e+13,6.089945e+01
8.102260e+13,6.089945e+01
3.781809e+13,3.765676e+01
1.678523e+14,4.288186e+01
4.109614e+13,3.477395e+01
9.950629e+12,6.461093e+01
2.966429e+13,3.044973e+01
4.317195e+14,2.274098e+01
1.405544e+14,8.000000e+01
1.405544e+14,8.000000e+01
1.056385e+14,6.870708e+01
4.446738e+14,8.000000e+01
4.446738e+14,8.000000e+01
4.446738e+14,8.000000e+01
1.659271e+13,7.899567e+01
2.460221e+13,7.854141e+01
5.528089e+13,4.162063e+01
2.671535e+13,2.696633e+01
1.028390e+14,5.447318e+01
1.619126e+14,7.158989e+01
1.286033e+14,5.603471e+01
1.530588e+14,4.888773e+01
1.285010e+14,4.534427e+01
8.363292e+13,3.855764e+01
6.886100e+13,3.651565e+01
8.625100e+13,5.651517e+01
8.767172e+15,8.000000e+01
8.767172e+15,8.000000e+01
8.767172e+15,8.000000e+01
4.094928e+13,7.899838e+01
4.094928e+13,7.899091e+01
7.206188e+13,8.000000e+01
7.206188e+13,8.000000e+01
1.246888e+14,5.801664e+01
1.240308e+15,8.000000e+01
1.884417e+13,7.891238e+01
2.111224e+13,7.899824e+01
2.924336e+13,7.899543e+01
1.042680e+14,5.237113e+01
1.028547e+13,7.899254e+01
2.841108e+14,8.000000e+01
2.841108e+14,8.000000e+01
2.841108e+14,8.000000e+01
3.178639e+13,2.738674e+01
1.345868e+14,8.000000e+01
8.105268e+13,4.294192e+01
7.762900e+13,4.336233e+01
9.625235e+14,6.684526e+01
9.289243e+14,8.000000e+01
2.079921e+13,7.899755e+01
2.678499e+15,8.000000e+01
2.678499e+15,8.000000e+01
2.678499e+15,8.000000e+01
1.296756e+13,7.862303e+01
2.400362e+13,7.897046e+01
3.493880e+13,3.759670e+01
7.547703e+16,8.000000e+01
7.547703e+16,8.000000e+01
2.696280e+13,2.864797e+01
1.170800e+14,6.023881e+01
3.273497e+13,7.899601e+01
6.573578e+13,5.171048e+01
1.052147e+14,8.000000e+01
1.052147e+14,8.000000e+01
4.997640e+13,5.333207e+01
2.770011e+14,6.378227e+01
8.028767e+13,5.038919e+01
1.693780e+13,4.855854e+01
1.318223e+14,5.567435e+01
5.617467e+13,3.621536e+01
3.873614e+13,4.999902e+00
4.007500e+14,8.000000e+01
4.007500e+14,8.000000e+01
1.975481e+14,6.372221e+01
4.696847e+13,3.789700e+01
1.154687e+14,7.519341e+01
1.154687e+14,7.519341e+01
7.181676e+15,8.000000e+01
1.946140e+13,5.000000e+00
5.925718e+13,5.008890e+01
3.197614e+13,7.897007e+01
1.476344e+14,5.171048e+01
3.992329e+13,4.999823e+00
2.332276e+13,7.899119e+01
7.996305e+13,5.627494e+01
1.721541e+13,4.998891e+00
1.192616e+14,6.228080e+01
3.808041e+14,8.000000e+01
3.808041e+14,8.000000e+01
1.014063e+14,4.624515e+01
1.641350e+13,7.888181e+01
2.186107e+14,8.000000e+01
2.186107e+14,8.000000e+01
1.005750e+13,7.899705e+01
2.026356e+13,7.899754e+01
2.407738e+14,8.000000e+01
2.407738e+14,8.000000e+01
3.677364e+13,3.777688e+01
1.763644e+14,7.116948e+01
4.310117e+13,3.477395e+01
1.158363e+13,7.899362e+01
1.788009e+14,8.000000e+01
1.788009e+14,8.000000e+01
1.375617e+13,7.898689e+01
2.448502e+13,2.654592e+01
9.195590e+13,4.047952e+01
1.883757e+13,7.899683e+01
5.679614e+16,8.000000e+01
5.679614e+16,8.000000e+01
5.679614e+16,8.000000e+01
5.394705e+13,7.885699e+01
2.410882e+13,2.912844e+01
1.995734e+13,7.899424e+01
4.304467e+13,5.831693e+01
4.225221e+14,8.000000e+01
4.225221e+14,8.000000e+01
4.225221e+14,8.000000e+01
2.039216e+13,7.898576e+01
4.765617e+14,7.975787e+01
5.179312e+13,3.453371e+01
4.818488e+13,4.816702e+01
2.255177e+13,7.899603e+01
2.847290e+13,7.899434e+01
6.139003e+13,3.621536e+01
3.815909e+13,4.999930e+00
2.049724e+13,7.898397e+01
7.136653e+13,7.899342e+01
7.136653e+13,7.899826e+01
1.540284e+13,4.999817e+00
2.511974e+13,2.570510e+01
3.277484e+13,3.075002e+01
5.029352e+13,3.261184e+01
8.450507e+13,5.843705e+01
3.367260e+13,7.899479e+01
3.436331e+13,2.918850e+01
1.909338e+13,7.899550e+01
2.928292e+13,7.899718e+01
1.469149e+13,5.504833e+01
4.498377e+13,3.519436e+01
6.700941e+13,5.327201e+01
1.486241e+13,7.899065e+01
2.189819e+14,6.438286e+01
1.802079e+13,7.899282e+01
2.442527e+14,5.723588e+01
2.905474e+13,7.898589e+01
1.679702e+14,6.468315e+01
2.206458e+13,4.998906e+00
1.255941e+13,7.894388e+01
8.202613e+13,3.933841e+01
6.841576e+13,6.384233e+01
3.265331e+13,3.303225e+01
1.821909e+14,4.672562e+01
5.823868e+13,4.174075e+01
5.327193e+13,3.597512e+01
2.763377e+13,7.909938e+01
2.763377e+13,7.920080e+01
5.727201e+13,4.017923e+01
1.967979e+13,3.494029e+01
4.351053e+13,3.615530e+01
1.743656e+13,1.699167e+01
1.091501e+14,6.324174e+01
1.678862e+13,7.896785e+01
1.979436e+13,7.897515e+01
2.208522e+13,7.899019e+01
1.622069e+13,7.912143e+01
6.947444e+14,7.435259e+01
4.624777e+13,3.333254e+01
3.347265e+13,7.899535e+01
8.367179e+13,6.216069e+01
7.382461e+13,7.873687e+01
5.479038e+13,4.906790e+01
6.429561e+13,4.390286e+01
2.155803e+13,7.899633e+01
2.155803e+13,7.899479e+01
9.761212e+13,5.189066e+01
4.406662e+13,4.900785e+01
2.530408e+13,7.898344e+01
3.719317e+14,8.000000e+01
1.687214e+13,7.898325e+01
8.737809e+13,4.666556e+01
8.707391e+13,5.285160e+01
5.429645e+13,3.567483e+01
6.531942e+13,4.180081e+01
3.000330e+13,2.888820e+01
2.767207e+13,2.510451e+01
2.826583e+13,7.897724e+01
2.694589e+13,7.897758e+01
9.278187e+13,5.447318e+01
4.069633e+13,3.609524e+01
4.489244e+13,5.000113e+00
4.489244e+13,7.894413e+01
2.850564e+13,7.894552e+01
2.061404e+13,7.899767e+01
2.309415e+13,7.893177e+01
1.923984e+13,7.897844e+01
5.302654e+13,3.603518e+01
4.454368e+13,4.095999e+01
2.731952e+13,5.975902e+01
4.663195e+14,8.000000e+01
4.663195e+14,8.000000e+01
8.858570e+12,4.999717e+00
1.872496e+14,7.249077e+01
2.732007e+13,2.606545e+01
1.647305e+14,8.000000e+01
8.692988e+14,8.000000e+01
2.123052e+13,7.894879e+01
1.988359e+13,7.898379e+01
4.528431e+13,7.899153e+01
8.277195e+13,3.807717e+01
9.877922e+12,7.898850e+01
3.446694e+13,7.898313e+01
4.362461e+13,4.999520e+00
1.607758e+13,7.894820e+01
2.767099e+13,7.897653e+01
2.315234e+13,2.336281e+01
9.598516e+13,4.918802e+01
6.659081e+13,3.597512e+01
5.750075e+13,4.029934e+01
3.285948e+14,8.000000e+01
1.819690e+13,7.899691e+01
1.995950e+13,7.894086e+01
5.662350e+13,3.315237e+01
6.091280e+13,4.144046e+01
3.604088e+13,3.603518e+01
2.596690e+13,7.899193e+01
3.212646e+13,2.912844e+01
4.181638e+13,3.501418e+01
4.626646e+13,3.975882e+01
6.003897e+14,6.924760e+01
7.172651e+14,7.513335e+01
1.869160e+13,7.899677e+01
3.029016e+13,3.002932e+01
1.142660e+14,8.000000e+01
1.142660e+14,8.000000e+01
8.232134e+13,4.888773e+01
7.149928e+13,3.969876e+01
6.182733e+13,3.939846e+01
5.165701e+13,3.537454e+01
2.091273e+13,7.899412e+01
1.660732e+13,7.899464e+01
1.684558e+13,7.899314e+01
1.694074e+13,7.899712e+01
1.734831e+13,4.999221e+00
8.750731e+13,4.270169e+01
1.025943e+13,7.898673e+01
6.306124e+13,4.089993e+01
1.118948e+13,7.899822e+01
2.066792e+13,7.899722e+01
2.622932e+13,7.920156e+01
3.146464e+13,3.333254e+01
6.792774e+13,3.927835e+01
4.515444e+13,3.159084e+01
1.317381e+14,7.987798e+01
2.971413e+13,2.570510e+01
1.631082e+13,7.897315e+01
1.265180e+14,4.132034e+01
1.394740e+14,5.285160e+01
8.744857e+13,2.700000e+01
1.528361e+13,4.999849e+00
2.468056e+13,4.999954e+00
1.221708e+13,7.899862e+01
1.951973e+13,7.899808e+01
3.411194e+13,3.819729e+01
8.758010e+13,4.624515e+01
7.376260e+14,8.000000e+01
1.169008e+13,7.899863e+01
4.409049e+16,8.000000e+01
4.409049e+16,8.000000e+01
1.810608e+13,7.899406e+01
7.602587e+13,4.696585e+01
3.560744e+13,3.423342e+01
8.395149e+13,6.402250e+01
1.029330e+14,5.531400e+01
6.977482e+13,4.144046e+01
1.442283e+13,7.899736e+01
7.756465e+14,7.032866e+01
1.880294e+14,8.000000e+01
2.480905e+13,3.014943e+01
1.117823e+13,7.899808e+01
4.799094e+13,4.540433e+01
3.125568e+13,2.948879e+01
8.919406e+14,8.000000e+01
8.919406e+14,8.000000e+01
1.602411e+14,8.000000e+01
1.602411e+14,8.000000e+01
2.415593e+14,7.291118e+01
2.140539e+13,7.897175e+01
3.543784e+13,2.912844e+01
1.100079e+14,4.492386e+01
3.729572e+13,3.513430e+01
5.551334e+13,4.900785e+01
1.471402e+14,5.092972e+01
3.632140e+13,3.597512e+01
1.231802e+13,7.896846e+01
3.175014e+13,3.153078e+01
4.464757e+13,3.669583e+01
4.688799e+13,7.899477e+01
4.688799e+13,7.899663e+01
4.831956e+14,8.000000e+01
4.831956e+14,8.000000e+01
1.298589e+14,5.429301e+01
3.180760e+13,3.639553e+01
3.531684e+13,2.972902e+01
7.919598e+13,3.795706e+01
2.646536e+13,7.899271e+01
1.059906e+14,5.849711e+01
1.966556e+14,8.000000e+01
1.966556e+14,8.000000e+01
1.966556e+14,8.000000e+01
1.468912e+13,7.899774e+01
1.255800e+13,5.000302e+00
5.654390e+13,4.029934e+01
1.050946e+14,7.579400e+01
1.237319e+14,4.774661e+01
1.777496e+13,7.896850e+01
5.595816e+13,6.131987e+01
4.583768e+13,7.899815e+01
4.583768e+13,7.899774e+01
8.309887e+13,4.930814e+01
1.052813e+13,4.999777e+00
1.022749e+14,5.615482e+01
6.984778e+13,4.999997e+00
1.634091e+13,7.897181e+01
9.835794e+13,8.000000e+01
9.835794e+13,8.000000e+01
1.020184e+13,7.899822e+01
2.389742e+13,7.898316e+01
1.578873e+14,8.000000e+01
1.578873e+14,8.000000e+01
2.736543e+13,2.624562e+01
4.971515e+13,7.899555e+01
4.971515e+13,7.898025e+01
3.052994e+13,3.099026e+01
1.758709e+14,7.038872e+01
2.533825e+14,8.000000e+01
2.533825e+14,8.000000e+01
2.533825e+14,8.000000e+01
1.555718e+13,4.998972e+00
1.377535e+14,5.837699e+01
1.648591e+13,7.899723e+01
4.806791e+14,8.000000e+01
5.824692e+13,5.092972e+01
5.252728e+13,4.017923e+01
1.230030e+13,7.898435e+01
3.717580e+13,3.141067e+01
1.427850e+13,7.899869e+01
5.184539e+13,4.234134e+01
3.471034e+13,7.899670e+01
2.374147e+13,7.899793e+01
2.464525e+14,8.000000e+01
8.785345e+13,4.882767e+01
1.225497e+13,7.898590e+01
1.914268e+13,7.899448e+01
2.380616e+13,2.480422e+01
7.707979e+13,4.077981e+01
4.792305e+13,3.231155e+01
1.085132e+14,8.000000e+01
3.318693e+13,3.129055e+01
8.029643e+13,8.000000e+01
4.040520e+13,4.246145e+01
2.351821e+15,8.000000e+01
3.739939e+13,4.288186e+01
8.666788e+15,7.855669e+01
1.517309e+13,7.898387e+01
9.895196e+13,5.555424e+01
4.217432e+13,4.138040e+01
3.390254e+14,8.000000e+01
3.390254e+14,8.000000e+01
4.855360e+13,4.180081e+01
1.730539e+14,8.000000e+01
1.730539e+14,7.898797e+01
1.730539e+14,7.898852e+01
1.288830e+13,7.899591e+01
9.302102e+13,4.222122e+01
9.811972e+13,4.678568e+01
1.904292e+13,7.899528e+01
2.380516e+13,7.899679e+01
2.626513e+13,2.498439e+01
1.027397e+14,7.243071e+01
6.745868e+13,5.501371e+01
8.188713e+13,4.192093e+01
5.752120e+14,8.000000e+01
4.609040e+13,3.243166e+01
7.265350e+13,3.693606e+01
2.383708e+13,7.899706e+01
5.446244e+13,3.291213e+01
8.393906e+13,4.288186e+01
1.154304e+14,8.000000e+01
7.862426e+13,5.795658e+01
3.531170e+13,3.165090e+01
1.254821e+13,7.455568e+01
4.161320e+13,3.543459e+01
5.225427e+13,3.699612e+01
3.025816e+13,2.978908e+01
4.165617e+13,3.657571e+01
1.253079e+13,7.899703e+01
5.102049e+13,3.255178e+01
4.060062e+14,8.000000e+01
4.060062e+14,8.000000e+01
1.660424e+13,7.899172e+01
1.917534e+13,7.898863e+01
1.691576e+14,8.000000e+01
1.691576e+14,8.000000e+01
8.358095e+13,4.426321e+01
5.981424e+14,8.000000e+01
2.945793e+13,3.645559e+01
1.709945e+13,7.899406e+01
1.712835e+13,7.899578e+01
3.352772e+13,7.899681e+01
1.136091e+13,3.906230e+01
7.005604e+13,8.000000e+01
7.005604e+13,8.000000e+01
4.182552e+13,3.309231e+01
2.524214e+14,8.000000e+01
2.209347e+13,7.899545e+01
2.888582e+13,3.291213e+01
1.396773e+14,8.000000e+01
1.396773e+14,8.000000e+01
2.614316e+13,7.296229e+01
1.277588e+13,7.899800e+01
9.775670e+12,7.898075e+01
2.248990e+14,5.999858e+01
3.113984e+13,2.900832e+01
3.614266e+14,8.000000e+01
9.016675e+13,4.999968e+00
9.016675e+13,8.000000e+01
1.544599e+13,7.899244e+01
9.770037e+13,5.369242e+01
2.715148e+13,7.899673e+01
1.675064e+14,8.000000e+01
1.675064e+14,8.000000e+01
1.735338e+14,4.960843e+01
3.354654e+13,7.897618e+01
1.435484e+13,7.899553e+01
2.927348e+14,6.480327e+01
1.408415e+13,7.880467e+01
9.932602e+13,4.420315e+01
8.205923e+13,8.000000e+01
8.205923e+13,8.000000e+01
1.150776e+18,8.000000e+01
1.549179e+13,7.895240e+01
1.380021e+13,7.899586e+01
1.737017e+13,7.899621e+01
4.655875e+13,3.741653e+01
3.973970e+13,3.201125e+01
1.748876e+13,7.896684e+01
1.684210e+14,6.083940e+01
8.214914e+13,4.876761e+01
5.493170e+13,5.698248e+01
2.582271e+15,8.000000e+01
2.582271e+15,8.000000e+01
5.630863e+14,8.000000e+01
1.006478e+18,8.000000e+01
1.006478e+18,8.000000e+01
2.897026e+13,7.878155e+01
1.099287e+13,7.897572e+01
8.315891e+13,3.873782e+01
2.709047e+14,5.741605e+01
2.849520e+13,7.898982e+01
2.913184e+13,3.014943e+01
8.987895e+13,5.357230e+01
6.530942e+14,8.000000e+01
5.025853e+20,8.000000e+01
5.025853e+20,8.000000e+01
5.025853e+20,8.000000e+01
5.025853e+20,8.000000e+01
5.025853e+20,8.000000e+01
2.669240e+13,4.998584e+00
1.517583e+13,7.800874e+01
7.066070e+13,4.270169e+01
3.180729e+13,2.840773e+01
4.068938e+13,3.399319e+01
6.062084e+13,3.795706e+01
4.934441e+13,3.693606e+01
1.582674e+13,7.893808e+01
1.570334e+13,7.897505e+01
1.388392e+13,7.898609e+01
3.728575e+13,3.014943e+01
2.081773e+13,7.886918e+01
4.291423e+13,3.693606e+01
1.959051e+13,7.899418e+01
1.155763e+13,4.999849e+00
2.199401e+13,7.890095e+01
1.968869e+14,6.528374e+01
5.685828e+13,4.192093e+01
1.301165e+13,7.899070e+01
3.071154e+13,2.768703e+01
1.348326e+14,4.702591e+01
9.477078e+13,7.399224e+01
2.149674e+13,7.889488e+01
1.217731e+13,7.892891e+01
5.819372e+13,4.180081e+01
2.088528e+13,7.898649e+01
4.362545e+13,3.231155e+01
1.004248e+13,1.899840e+01
2.970948e+13,7.899302e+01
8.645239e+13,8.000000e+01
4.807519e+13,7.899245e+01
4.807519e+13,7.899399e+01
4.214906e+13,3.483401e+01
2.724643e+13,3.435354e+01
1.620835e+14,6.642485e+01
1.271118e+14,5.729594e+01
6.574540e+13,5.219095e+01
4.315173e+13,7.899712e+01
2.528544e+13,2.900000e+01
1.440244e+13,7.896352e+01
1.178268e+14,5.531400e+01
4.538672e+13,4.606497e+01
7.056040e+13,7.899949e+01
7.056040e+13,8.000000e+01
2.355899e+13,2.660597e+01
1.657888e+13,7.899817e+01
7.130204e+13,2.708644e+01
1.816525e+13,4.999758e+00
5.365458e+13,4.438333e+01
1.307831e+14,8.000000e+01
1.307831e+14,8.000000e+01
1.320583e+13,7.898951e+01
1.480338e+14,6.150004e+01
1.324291e+13,1.500000e+01
3.087966e+13,4.998132e+00
9.629889e+12,1.700000e+01
1.574473e+14,6.186039e+01
4.559355e+13,3.759670e+01
3.563468e+13,3.345266e+01
4.146126e+13,3.609524e+01
1.583706e+13,7.896904e+01
1.388851e+13,7.899544e+01
2.435251e+14,5.567435e+01
6.755744e+17,8.000000e+01
4.668275e+13,4.570462e+01
1.568681e+14,5.429301e+01
1.959458e+13,7.899637e+01
6.267420e+13,4.180081e+01
1.106156e+13,7.899783e+01
1.003186e+14,5.279154e+01
1.289396e+13,7.899400e+01
1.378351e+14,5.249125e+01
1.642193e+14,8.000000e+01
2.584792e+13,7.899477e+01
1.772354e+14,6.462309e+01
1.772354e+14,6.462309e+01
6.701353e+13,4.059964e+01
3.230990e+13,3.501418e+01
2.255395e+13,2.390334e+01
1.378899e+14,8.000000e+01
1.378899e+14,8.000000e+01
2.605028e+13,2.858791e+01
1.559981e+13,7.899607e+01
1.089577e+15,8.000000e+01
1.089577e+15,8.000000e+01
1.326870e+13,7.898156e+01
1.573781e+13,7.903376e+01
5.527168e+13,8.000000e+01
6.142394e+13,3.903811e+01
4.283231e+13,6.472392e+01
7.185286e+13,4.126028e+01
1.849711e+13,3.306105e+01
3.626226e+15,8.000000e+01
3.626226e+15,8.000000e+01
3.626226e+15,8.000000e+01
3.626226e+15,8.000000e+01
1.241333e+13,4.999439e+00
3.984180e+13,3.195119e+01
3.836883e+13,3.945852e+01
7.206963e+13,8.000000e+01
8.825946e+12,1.699537e+01
4.237788e+13,3.279201e+01
2.330636e+15,8.000000e+01
6.065091e+13,5.086966e+01
4.265716e+13,6.685877e+01
2.295363e+13,7.898718e+01
2.708605e+13,3.699329e+01
2.901272e+13,2.726662e+01
7.896443e+13,4.156057e+01
3.405832e+13,2.774709e+01
2.713982e+13,3.020949e+01
2.516311e+13,5.000093e+00
2.094737e+13,7.899522e+01
1.662386e+15,8.000000e+01
2.157596e+13,7.899828e+01
2.465945e+14,5.675541e+01
2.348213e+13,7.899758e+01
4.753070e+13,7.899532e+01
1.590566e+13,7.899886e+01
1.880646e+13,3.299726e+01
3.526244e+13,3.639553e+01
6.125330e+14,8.000000e+01
7.312236e+13,3.723635e+01
6.896322e+14,8.000000e+01
9.244448e+13,8.000000e+01
9.244448e+13,8.000000e+01
4.126289e+13,4.198099e+01
5.729059e+13,3.483401e+01
2.146742e+14,5.225101e+01
2.572445e+13,7.897506e+01
1.711762e+13,7.899368e+01
3.373878e+13,2.978908e+01
2.353614e+13,2.486427e+01
2.195625e+13,7.899168e+01
4.682866e+13,4.474368e+01
2.099609e+13,5.986012e+01
3.826237e+13,7.899530e+01
1.840487e+13,7.899795e+01
1.276942e+14,3.489407e+01
9.181978e+13,4.216116e+01
4.531157e+13,3.531448e+01
2.287548e+13,7.899669e+01
1.690560e+13,7.899783e+01
1.160459e+14,5.687553e+01
1.050358e+15,8.000000e+01
1.020996e+17,8.000000e+01
1.199441e+13,7.899486e+01
1.558181e+13,7.899549e+01
2.476788e+13,7.897847e+01
1.408679e+14,8.000000e+01
6.566697e+13,3.795706e+01
3.928787e+13,4.999739e+00
1.597451e+13,7.898909e+01
1.713819e+13,7.899427e+01
3.987994e+13,5.362941e+01
2.591089e+13,7.893152e+01
4.314378e+13,3.555471e+01
2.911690e+13,7.947277e+01
1.388429e+13,7.899458e+01
3.422521e+13,4.198099e+01
2.444429e+13,7.899683e+01
2.427215e+13,2.708644e+01
4.843764e+13,7.899309e+01
2.423497e+13,7.898331e+01
1.159032e+14,7.297124e+01
1.159032e+14,7.297124e+01
7.367261e+13,4.732923e+01
7.367261e+13,6.366215e+01
5.567683e+13,3.717629e+01
4.477737e+13,3.495412e+01
1.887479e+13,7.897423e+01
9.027376e+14,6.816655e+01
2.247828e+15,6.780620e+01
1.336938e+13,7.912011e+01
1.823639e+13,7.898156e+01
7.386432e+13,4.888773e+01
3.664277e+14,8.000000e+01
3.664277e+14,8.000000e+01
5.515821e+14,6.942778e+01
3.277425e+13,3.375295e+01
4.602247e+13,7.904161e+01
4.767618e+14,8.000000e+01
5.442598e+13,3.663577e+01
3.512569e+14,8.000000e+01
3.512569e+14,8.000000e+01
2.997296e+13,3.050979e+01
9.975994e+13,5.663529e+01
2.135850e+15,8.000000e+01
2.135850e+15,8.000000e+01
2.075484e+13,7.898253e+01
1.578785e+14,8.000000e+01
1.578785e+14,8.000000e+01
3.028954e+14,8.000000e+01
6.323807e+13,7.899277e+01
6.323807e+13,7.899378e+01
6.323527e+14,8.000000e+01
6.323527e+14,8.000000e+01
2.671585e+14,8.000000e+01
5.654324e+13,3.309231e+01
3.683738e+13,7.899435e+01
1.878662e+14,6.450297e+01
1.408676e+13,7.898675e+01
2.113063e+13,7.897867e+01
1.303170e+14,7.783599e+01
2.740125e+13,3.273196e+01
1.418555e+14,8.000000e+01
1.418555e+14,8.000000e+01
1.418555e+14,8.000000e+01
3.292197e+13,2.816750e+01
5.949696e+13,4.546439e+01
1.506342e+13,7.899241e+01
1.463884e+15,8.000000e+01
1.463884e+15,8.000000e+01
2.007099e+14,7.819634e+01
3.592191e+13,7.894551e+01
6.443045e+13,5.273148e+01
6.127377e+13,3.555471e+01
7.029666e+13,4.594485e+01
1.120399e+13,7.899657e+01
1.986945e+13,7.899374e+01
3.166780e+14,8.000000e+01
7.741490e+14,8.000000e+01
7.171384e+13,4.594485e+01
1.637954e+14,8.000000e+01
1.637954e+14,8.000000e+01
1.637954e+14,8.000000e+01
1.637954e+14,8.000000e+01
1.488477e+13,7.895560e+01
8.980777e+13,5.675541e+01
1.606389e+13,7.899291e+01
6.585880e+13,8.000000e+01
1.138555e+13,7.704205e+01
9.369026e+13,6.324174e+01
1.320741e+13,7.896064e+01
1.516805e+13,7.898753e+01
2.292283e+14,8.000000e+01
2.292283e+14,8.000000e+01
4.178601e+15,8.000000e+01
4.178601e+15,8.000000e+01
2.451995e+14,6.306157e+01
1.182682e+14,4.942826e+01
1.502491e+13,7.898275e+01
2.855110e+13,2.672609e+01
3.690615e+13,4.083987e+01
3.636255e+13,3.243166e+01
2.245420e+13,7.894988e+01
8.784707e+13,6.198051e+01
6.448815e+13,4.738626e+01
1.656387e+13,7.898693e+01
4.484751e+13,4.168069e+01
2.543084e+13,2.702639e+01
1.150204e+14,4.684573e+01
5.651057e+13,4.576468e+01
1.215574e+13,7.895150e+01
4.249363e+13,3.044973e+01
4.858519e+13,3.399319e+01
2.144203e+13,7.899610e+01
1.680383e+14,8.000000e+01
1.680383e+14,8.000000e+01
4.389371e+13,4.474368e+01
2.791905e+13,5.785450e+01
1.229678e+14,7.495318e+01
1.229678e+14,7.495318e+01
2.653491e+14,6.300151e+01
2.440429e+13,7.898825e+01
1.006660e+13,7.899743e+01
5.017942e+14,8.000000e+01
5.017942e+14,8.000000e+01
5.017942e+14,8.000000e+01
8.377824e+13,5.062943e+01
9.211004e+14,7.399224e+01
5.185598e+13,5.807670e+01
5.185598e+13,5.807670e+01
1.804411e+13,7.893808e+01
1.581150e+13,7.899714e+01
5.329433e+13,3.543459e+01
2.154403e+13,6.691634e+01
3.024404e+14,8.000000e+01
3.024404e+14,8.000000e+01
4.132896e+13,3.129055e+01
2.106719e+14,8.000000e+01
1.325606e+14,6.486332e+01
1.325606e+14,6.486332e+01
3.218616e+13,2.756691e+01
4.007489e+13,2.882814e+01
1.413456e+14,8.000000e+01
1.413456e+14,8.000000e+01
4.287396e+13,7.898798e+01
1.578602e+13,7.899563e+01
2.114950e+13,7.899100e+01
4.075835e+14,8.000000e+01
6.215688e+13,6.240092e+01
1.063191e+14,5.014896e+01
3.022954e+13,3.147072e+01
1.717070e+14,7.675493e+01
2.003334e+13,7.899595e+01
2.900907e+13,3.135061e+01
1.333261e+15,8.000000e+01
1.333261e+15,8.000000e+01
1.333261e+15,8.000000e+01
5.833663e+13,6.282133e+01
5.833663e+13,6.282133e+01
2.213386e+13,7.899406e+01
2.265334e+14,6.774614e+01
3.302112e+15,8.000000e+01
7.187585e+13,3.873782e+01
5.655639e+13,3.849758e+01
4.219727e+13,4.999091e+00
1.791671e+13,7.894946e+01
1.844548e+13,7.899059e+01
7.151527e+13,4.228128e+01
6.471857e+13,5.459330e+01
1.347715e+13,7.898663e+01
5.056144e+13,6.906743e+01
1.875430e+14,6.972807e+01
1.449490e+13,7.899550e+01
5.176853e+13,5.375248e+01
1.443567e+13,4.999478e+00
9.624148e+13,6.288139e+01
9.624148e+13,6.288139e+01
1.509792e+13,7.899828e+01
3.419494e+13,3.141067e+01
3.374535e+13,3.081008e+01
2.946348e+14,7.080913e+01
1.057792e+14,7.195024e+01
6.558370e+13,2.898769e+01
6.652977e+13,4.870755e+01
1.064876e+13,7.899806e+01
1.130867e+13,7.251506e+01
1.457984e+13,7.899127e+01
2.262182e+13,2.702639e+01
1.796293e+13,5.000203e+00
1.205394e+13,7.895797e+01
1.421477e+13,7.896552e+01
2.309269e+13,7.897497e+01
9.113534e+14,8.000000e+01
9.113534e+14,8.000000e+01
6.683979e+13,4.372269e+01
2.522951e+14,7.789605e+01
2.471650e+13,7.899470e+01
3.084886e+13,7.899613e+01
1.441807e+14,5.501371e+01
5.466908e+13,4.612503e+01
1.429435e+14,5.423295e+01
3.622853e+13,7.899675e+01
3.622853e+13,7.899608e+01
2.173427e+14,6.354203e+01
1.148056e+14,8.000000e+01
