k_s_per_km,P_k_mean_km_per_s,P_k_std,P_k_err
0.000000e+00,1.244753e+01,8.385124e+01,8.385124e-01
2.843466e-03,8.360946e+00,1.399266e+01,1.399266e-01
5.686932e-03,6.705215e+00,9.124641e+00,9.124641e-02
8.530398e-03,5.504268e+00,7.341151e+00,7.341151e-02
1.137386e-02,4.337133e+00,5.489237e+00,5.489237e-02
1.421733e-02,3.555547e+00,4.365174e+00,4.365174e-02
1.706080e-02,2.975818e+00,3.686987e+00,3.686987e-02
1.990426e-02,2.495996e+00,3.089454e+00,3.089454e-02
2.274773e-02,2.106649e+00,2.602661e+00,2.602661e-02
2.559119e-02,1.828188e+00,2.195170e+00,2.195170e-02
2.843466e-02,1.571250e+00,1.842983e+00,1.842983e-02
3.127813e-02,1.366653e+00,1.623578e+00,1.623578e-02
3.412159e-02,1.178691e+00,1.425118e+00,1.425118e-02
3.696506e-02,1.029567e+00,1.219930e+00,1.219930e-02
3.980852e-02,8.827593e-01,1.045761e+00,1.045761e-02
4.265199e-02,7.561858e-01,8.653489e-01,8.653489e-03
4.549546e-02,6.676723e-01,7.802210e-01,7.802210e-03
4.833892e-02,5.756194e-01,6.663336e-01,6.663336e-03
5.118239e-02,5.142779e-01,6.003896e-01,6.003896e-03
5.402585e-02,4.529758e-01,5.232531e-01,5.232531e-03
5.686932e-02,3.929709e-01,4.758621e-01,4.758621e-03
5.971278e-02,3.411454e-01,4.011249e-01,4.011249e-03
6.255625e-02,3.049326e-01,3.480734e-01,3.480734e-03
6.539972e-02,2.603962e-01,2.975535e-01,2.975535e-03
6.824318e-02,2.297718e-01,2.721609e-01,2.721609e-03
7.108665e-02,2.050970e-01,2.287658e-01,2.287658e-03
7.393011e-02,1.809447e-01,2.056196e-01,2.056196e-03
7.677358e-02,1.642979e-01,1.858309e-01,1.858309e-03
7.961705e-02,1.410504e-01,1.624352e-01,1.624352e-03
8.246051e-02,1.274132e-01,1.458145e-01,1.458145e-03
8.530398e-02,1.109884e-01,1.255074e-01,1.255074e-03
8.814744e-02,9.736733e-02,1.109402e-01,1.109402e-03
9.099091e-02,8.533126e-02,9.470994e-02,9.470994e-04
9.383438e-02,7.737737e-02,8.871196e-02,8.871196e-04
9.667784e-02,6.669385e-02,7.648500e-02,7.648500e-04
9.952131e-02,6.009946e-02,6.873031e-02,6.873031e-04
1.023648e-01,5.389719e-02,6.154338e-02,6.154338e-04
1.052082e-01,4.638137e-02,5.271446e-02,5.271446e-04
1.080517e-01,4.043959e-02,4.578371e-02,4.578371e-04
1.108952e-01,3.685293e-02,4.281724e-02,4.281724e-04
1.137386e-01,3.173104e-02,3.628859e-02,3.628859e-04
1.165821e-01,2.829563e-02,3.239158e-02,3.239158e-04
1.194256e-01,2.513505e-02,2.907322e-02,2.907322e-04
1.222690e-01,2.258875e-02,2.673513e-02,2.673513e-04
1.251125e-01,1.958946e-02,2.217722e-02,2.217722e-04
1.279560e-01,1.781812e-02,2.030032e-02,2.030032e-04
1.307994e-01,1.553549e-02,1.792049e-02,1.792049e-04
1.336429e-01,1.377585e-02,1.601883e-02,1.601883e-04
1.364864e-01,1.230342e-02,1.442863e-02,1.442863e-04
1.393298e-01,1.102744e-02,1.305507e-02,1.305507e-04
1.421733e-01,9.608792e-03,1.120083e-02,1.120083e-04
1.450168e-01,8.519837e-03,1.025410e-02,1.025410e-04
1.478602e-01,7.511493e-03,8.996344e-03,8.996344e-05
1.507037e-01,6.626298e-03,7.980124e-03,7.980124e-05
1.535472e-01,5.916641e-03,7.226140e-03,7.226140e-05
1.563906e-01,5.307149e-03,6.440464e-03,6.440464e-05
1.592341e-01,4.638122e-03,5.645120e-03,5.645120e-05
1.620776e-01,4.161080e-03,5.199733e-03,5.199733e-05
1.649210e-01,3.617593e-03,4.350196e-03,4.350196e-05
1.677645e-01,3.290427e-03,4.036912e-03,4.036912e-05
1.706080e-01,2.933781e-03,3.642741e-03,3.642741e-05
1.734514e-01,2.540368e-03,3.221213e-03,3.221213e-05
1.762949e-01,2.305349e-03,2.935804e-03,2.935804e-05
1.791384e-01,1.966617e-03,2.392414e-03,2.392414e-05
1.819818e-01,1.812385e-03,2.342871e-03,2.342871e-05
1.848253e-01,1.584701e-03,2.007810e-03,2.007810e-05
1.876688e-01,1.430503e-03,1.850968e-03,1.850968e-05
1.905122e-01,1.268359e-03,1.707393e-03,1.707393e-05
1.933557e-01,1.149738e-03,1.545649e-03,1.545649e-05
1.961992e-01,1.003290e-03,1.344272e-03,1.344272e-05
1.990426e-01,9.153410e-04,1.301593e-03,1.301593e-05
2.018861e-01,7.949604e-04,1.104444e-03,1.104444e-05
2.047295e-01,7.228977e-04,1.037183e-03,1.037183e-05
2.075730e-01,6.420268e-04,9.427210e-04,9.427210e-06
2.104165e-01,5.743419e-04,8.303539e-04,8.303539e-06
2.132599e-01,5.106954e-04,7.874260e-04,7.874260e-06
2.161034e-01,4.566635e-04,7.133397e-04,7.133397e-06
2.189469e-01,4.047118e-04,6.365572e-04,6.365572e-06
2.217903e-01,3.624217e-04,5.672744e-04,5.672744e-06
2.246338e-01,3.211454e-04,4.929484e-04,4.929484e-06
2.274773e-01,2.895380e-04,4.783262e-04,4.783262e-06
2.303207e-01,2.554689e-04,4.191278e-04,4.191278e-06
2.331642e-01,2.339944e-04,4.275081e-04,4.275081e-06
2.360077e-01,2.076079e-04,3.699935e-04,3.699935e-06
2.388511e-01,1.845387e-04,3.596764e-04,3.596764e-06
2.416946e-01,1.679253e-04,3.318578e-04,3.318578e-06
2.445381e-01,1.475037e-04,2.990604e-04,2.990604e-06
2.473815e-01,1.363508e-04,3.037722e-04,3.037722e-06
2.502250e-01,1.221305e-04,2.775816e-04,2.775816e-06
2.530685e-01,1.078969e-04,2.532842e-04,2.532842e-06
2.559119e-01,9.794169e-05,2.389907e-04,2.389907e-06
2.587554e-01,9.005796e-05,2.261657e-04,2.261657e-06
2.615989e-01,7.841416e-05,2.102802e-04,2.102802e-06
2.644423e-01,7.137383e-05,1.854378e-04,1.854378e-06
2.672858e-01,6.424430e-05,1.663257e-04,1.663257e-06
2.701293e-01,5.755264e-05,1.510279e-04,1.510279e-06
2.729727e-01,5.330869e-05,1.456635e-04,1.456635e-06
2.758162e-01,4.788060e-05,1.329147e-04,1.329147e-06
2.786597e-01,4.337388e-05,1.293038e-04,1.293038e-06
2.815031e-01,3.968140e-05,1.217706e-04,1.217706e-06
2.843466e-01,3.585578e-05,1.156282e-04,1.156282e-06
2.871901e-01,3.284795e-05,1.103275e-04,1.103275e-06
2.900335e-01,3.018266e-05,1.099190e-04,1.099190e-06
2.928770e-01,2.755546e-05,1.052710e-04,1.052710e-06
2.957205e-01,2.510612e-05,9.717258e-05,9.717258e-07
2.985639e-01,2.360920e-05,9.942222e-05,9.942222e-07
3.014074e-01,2.162850e-05,9.823715e-05,9.823715e-07
3.042509e-01,1.927693e-05,9.151852e-05,9.151852e-07
3.070943e-01,1.822773e-05,8.618336e-05,8.618336e-07
3.099378e-01,1.674242e-05,8.098783e-05,8.098783e-07
3.127813e-01,1.523419e-05,7.457655e-05,7.457655e-07
3.156247e-01,1.412799e-05,6.828896e-05,6.828896e-07
3.184682e-01,1.274973e-05,5.890590e-05,5.890590e-07
3.213117e-01,1.175405e-05,5.660806e-05,5.660806e-07
3.241551e-01,1.060733e-05,5.253245e-05,5.253245e-07
3.269986e-01,9.710680e-06,4.937544e-05,4.937544e-07
3.298420e-01,9.103625e-06,4.922154e-05,4.922154e-07
3.326855e-01,8.453146e-06,4.895401e-05,4.895401e-07
3.355290e-01,7.828803e-06,4.409475e-05,4.409475e-07
3.383724e-01,7.241467e-06,4.292232e-05,4.292232e-07
3.412159e-01,6.701107e-06,4.056440e-05,4.056440e-07
3.440594e-01,6.258741e-06,4.111178e-05,4.111178e-07
3.469028e-01,6.025633e-06,4.289896e-05,4.289896e-07
3.497463e-01,5.747293e-06,4.335375e-05,4.335375e-07
3.525898e-01,5.296509e-06,4.091513e-05,4.091513e-07
3.554332e-01,4.990813e-06,3.834659e-05,3.834659e-07
3.582767e-01,4.775544e-06,3.675934e-05,3.675934e-07
3.611202e-01,4.402979e-06,3.381797e-05,3.381797e-07
3.639636e-01,4.227360e-06,3.196946e-05,3.196946e-07
3.668071e-01,3.952400e-06,2.971169e-05,2.971169e-07
3.696506e-01,3.555751e-06,2.664022e-05,2.664022e-07
3.724940e-01,3.362511e-06,2.566407e-05,2.566407e-07
3.753375e-01,3.162351e-06,2.555890e-05,2.555890e-07
3.781810e-01,2.932456e-06,2.468509e-05,2.468509e-07
3.810244e-01,2.759816e-06,2.403022e-05,2.403022e-07
3.838679e-01,2.603251e-06,2.356912e-05,2.356912e-07
3.867114e-01,2.442067e-06,2.289365e-05,2.289365e-07
3.895548e-01,2.387351e-06,2.273085e-05,2.273085e-07
3.923983e-01,2.273226e-06,2.259831e-05,2.259831e-07
3.952418e-01,2.097748e-06,2.190289e-05,2.190289e-07
3.980852e-01,2.037210e-06,2.226329e-05,2.226329e-07
4.009287e-01,1.944509e-06,2.182121e-05,2.182121e-07
4.037722e-01,1.853471e-06,2.111040e-05,2.111040e-07
4.066156e-01,1.810772e-06,2.019873e-05,2.019873e-07
4.094591e-01,1.654719e-06,1.828232e-05,1.828232e-07
4.123026e-01,1.554209e-06,1.744639e-05,1.744639e-07
4.151460e-01,1.483274e-06,1.698444e-05,1.698444e-07
4.179895e-01,1.391720e-06,1.615697e-05,1.615697e-07
4.208330e-01,1.330099e-06,1.547856e-05,1.547856e-07
4.236764e-01,1.263588e-06,1.502371e-05,1.502371e-07
4.265199e-01,1.174519e-06,1.420827e-05,1.420827e-07
4.293634e-01,1.120346e-06,1.392976e-05,1.392976e-07
4.322068e-01,1.104119e-06,1.406448e-05,1.406448e-07
4.350503e-01,1.058184e-06,1.376667e-05,1.376667e-07
4.378938e-01,1.000184e-06,1.299057e-05,1.299057e-07
4.407372e-01,9.641512e-07,1.258023e-05,1.258023e-07
4.435807e-01,9.125523e-07,1.212566e-05,1.212566e-07
4.464242e-01,8.742855e-07,1.201347e-05,1.201347e-07
4.492676e-01,8.430142e-07,1.197983e-05,1.197983e-07
4.521111e-01,7.853257e-07,1.132413e-05,1.132413e-07
4.549546e-01,7.344271e-07,1.053619e-05,1.053619e-07
4.577980e-01,6.963397e-07,9.713098e-06,9.713098e-08
4.606415e-01,6.614333e-07,9.052228e-06,9.052228e-08
4.634849e-01,6.431686e-07,8.858716e-06,8.858716e-08
4.663284e-01,6.060996e-07,8.468570e-06,8.468570e-08
4.691719e-01,5.606708e-07,7.906250e-06,7.906250e-08
4.720153e-01,5.341458e-07,7.604286e-06,7.604286e-08
4.748588e-01,5.227618e-07,7.319670e-06,7.319670e-08
4.777023e-01,4.987932e-07,6.971745e-06,6.971745e-08
4.805457e-01,4.843241e-07,6.712360e-06,6.712360e-08
4.833892e-01,4.678399e-07,6.455567e-06,6.455567e-08
4.862327e-01,4.387639e-07,6.040550e-06,6.040550e-08
4.890761e-01,4.315899e-07,5.831432e-06,5.831432e-08
4.919196e-01,4.157114e-07,5.698107e-06,5.698107e-08
4.947631e-01,3.879518e-07,5.407147e-06,5.407147e-08
4.976065e-01,3.701160e-07,5.173238e-06,5.173238e-08
5.004500e-01,3.461976e-07,4.930156e-06,4.930156e-08
5.032935e-01,3.279422e-07,4.641323e-06,4.641323e-08
5.061369e-01,3.160722e-07,4.367516e-06,4.367516e-08
5.089804e-01,2.969089e-07,4.001260e-06,4.001260e-08
5.118239e-01,2.768545e-07,3.668231e-06,3.668231e-08
5.146673e-01,2.634970e-07,3.462197e-06,3.462197e-08
5.175108e-01,2.529814e-07,3.328830e-06,3.328830e-08
5.203543e-01,2.422646e-07,3.255498e-06,3.255498e-08
5.231977e-01,2.338435e-07,3.137968e-06,3.137968e-08
5.260412e-01,2.168423e-07,2.880964e-06,2.880964e-08
5.288847e-01,2.048107e-07,2.711515e-06,2.711515e-08
5.317281e-01,2.042342e-07,2.640321e-06,2.640321e-08
5.345716e-01,1.952091e-07,2.506448e-06,2.506448e-08
5.374151e-01,1.871397e-07,2.400614e-06,2.400614e-08
5.402585e-01,1.810126e-07,2.329209e-06,2.329209e-08
5.431020e-01,1.676692e-07,2.213287e-06,2.213287e-08
5.459455e-01,1.611204e-07,2.159646e-06,2.159646e-08
5.487889e-01,1.596036e-07,2.175433e-06,2.175433e-08
5.516324e-01,1.514892e-07,2.086703e-06,2.086703e-08
5.544759e-01,1.423341e-07,1.907230e-06,1.907230e-08
5.573193e-01,1.353957e-07,1.774062e-06,1.774062e-08
5.601628e-01,1.281297e-07,1.667475e-06,1.667475e-08
5.630063e-01,1.234099e-07,1.614183e-06,1.614183e-08
5.658497e-01,1.204376e-07,1.587317e-06,1.587317e-08
5.686932e-01,1.114202e-07,1.493929e-06,1.493929e-08
5.715367e-01,1.048584e-07,1.430234e-06,1.430234e-08
5.743801e-01,1.016567e-07,1.381597e-06,1.381597e-08
5.772236e-01,9.608473e-08,1.315913e-06,1.315913e-08
5.800671e-01,9.305362e-08,1.266825e-06,1.266825e-08
5.829105e-01,8.858330e-08,1.176172e-06,1.176172e-08
5.857540e-01,8.257489e-08,1.102240e-06,1.102240e-08
5.885975e-01,8.175488e-08,1.109393e-06,1.109393e-08
5.914409e-01,8.074334e-08,1.129838e-06,1.129838e-08
5.942844e-01,7.789605e-08,1.130989e-06,1.130989e-08
5.971278e-01,7.545109e-08,1.097744e-06,1.097744e-08
5.999713e-01,7.153115e-08,1.044845e-06,1.044845e-08
6.028148e-01,6.792906e-08,9.874417e-07,9.874417e-09
6.056582e-01,6.706551e-08,9.581283e-07,9.581283e-09
6.085017e-01,6.545214e-08,9.360139e-07,9.360139e-09
6.113452e-01,6.097223e-08,8.697983e-07,8.697983e-09
6.141886e-01,5.761278e-08,8.180195e-07,8.180195e-09
6.170321e-01,5.478944e-08,7.926027e-07,7.926027e-09
6.198756e-01,5.208615e-08,7.698948e-07,7.698948e-09
6.227190e-01,5.080652e-08,7.499380e-07,7.499380e-09
6.255625e-01,4.760609e-08,6.937796e-07,6.937796e-09
6.284060e-01,4.437117e-08,6.423550e-07,6.423550e-09
6.312494e-01,4.310133e-08,6.116583e-07,6.116583e-09
6.340929e-01,4.203246e-08,5.941800e-07,5.941800e-09
6.369364e-01,4.146910e-08,6.034839e-07,6.034839e-09
6.397798e-01,4.087952e-08,5.982781e-07,5.982781e-09
6.426233e-01,3.942429e-08,5.845525e-07,5.845525e-09
6.454668e-01,3.852861e-08,5.838829e-07,5.838829e-09
6.483102e-01,3.866152e-08,5.885112e-07,5.885112e-09
6.511537e-01,3.798788e-08,5.847117e-07,5.847117e-09
6.539972e-01,3.628548e-08,5.583359e-07,5.583359e-09
6.568406e-01,3.464479e-08,5.303584e-07,5.303584e-09
6.596841e-01,3.262132e-08,5.054258e-07,5.054258e-09
6.625276e-01,3.141630e-08,4.911391e-07,4.911391e-09
6.653710e-01,3.066893e-08,4.893179e-07,4.893179e-09
6.682145e-01,2.852548e-08,4.674196e-07,4.674196e-09
6.710580e-01,2.647912e-08,4.396410e-07,4.396410e-09
6.739014e-01,2.505310e-08,4.205520e-07,4.205520e-09
6.767449e-01,2.399324e-08,4.058610e-07,4.058610e-09
6.795884e-01,2.370713e-08,3.993058e-07,3.993058e-09
6.824318e-01,2.316117e-08,3.875675e-07,3.875675e-09
6.852753e-01,2.223151e-08,3.752182e-07,3.752182e-09
6.881188e-01,2.176709e-08,3.712457e-07,3.712457e-09
6.909622e-01,2.173168e-08,3.727869e-07,3.727869e-09
6.938057e-01,2.160503e-08,3.787780e-07,3.787780e-09
6.966492e-01,2.129412e-08,3.775236e-07,3.775236e-09
6.994926e-01,2.060620e-08,3.677820e-07,3.677820e-09
7.023361e-01,1.953784e-08,3.555718e-07,3.555718e-09
7.051796e-01,1.906249e-08,3.472963e-07,3.472963e-09
7.080230e-01,1.852420e-08,3.405826e-07,3.405826e-09
7.108665e-01,1.739228e-08,3.276841e-07,3.276841e-09
7.137100e-01,1.631687e-08,3.128959e-07,3.128959e-09
7.165534e-01,1.521502e-08,3.004675e-07,3.004675e-09
7.193969e-01,1.445492e-08,2.904062e-07,2.904062e-09
7.222404e-01,1.414963e-08,2.833007e-07,2.833007e-09
7.250838e-01,1.360374e-08,2.729637e-07,2.729637e-09
7.279273e-01,1.288237e-08,2.586317e-07,2.586317e-09
7.307707e-01,1.237877e-08,2.470694e-07,2.470694e-09
7.336142e-01,1.213130e-08,2.404923e-07,2.404923e-09
7.364577e-01,1.200607e-08,2.374408e-07,2.374408e-09
7.393011e-01,1.189136e-08,2.337230e-07,2.337230e-09
7.421446e-01,1.149273e-08,2.270258e-07,2.270258e-09
7.449881e-01,1.099773e-08,2.206921e-07,2.206921e-09
7.478315e-01,1.083891e-08,2.162128e-07,2.162128e-09
7.506750e-01,1.062845e-08,2.120184e-07,2.120184e-09
7.535185e-01,1.027086e-08,2.063030e-07,2.063030e-09
7.563619e-01,9.806122e-09,1.966153e-07,1.966153e-09
7.592054e-01,9.123702e-09,1.858140e-07,1.858140e-09
7.620489e-01,8.664051e-09,1.778653e-07,1.778653e-09
7.648923e-01,8.425378e-09,1.720271e-07,1.720271e-09
7.677358e-01,8.042423e-09,1.653017e-07,1.653017e-09
7.705793e-01,7.579064e-09,1.559528e-07,1.559528e-09
7.734227e-01,7.157710e-09,1.467067e-07,1.467067e-09
7.762662e-01,6.840998e-09,1.391586e-07,1.391586e-09
7.791097e-01,6.655130e-09,1.328500e-07,1.328500e-09
7.819531e-01,6.508459e-09,1.278953e-07,1.278953e-09
7.847966e-01,6.201586e-09,1.213560e-07,1.213560e-09
7.876401e-01,5.898296e-09,1.153928e-07,1.153928e-09
7.904835e-01,5.760529e-09,1.121486e-07,1.121486e-09
7.933270e-01,5.658228e-09,1.101451e-07,1.101451e-09
7.961705e-01,5.580704e-09,1.085437e-07,1.085437e-09
7.990139e-01,5.382608e-09,1.044187e-07,1.044187e-09
8.018574e-01,5.060363e-09,9.920197e-08,9.920197e-10
8.047009e-01,4.857572e-09,9.507046e-08,9.507046e-10
8.075443e-01,4.721487e-09,9.137238e-08,9.137238e-10
8.103878e-01,4.544811e-09,8.815749e-08,8.815749e-10
8.132313e-01,4.316835e-09,8.326705e-08,8.326705e-10
8.160747e-01,4.033960e-09,7.762875e-08,7.762875e-10
8.189182e-01,3.788721e-09,7.318305e-08,7.318305e-10
8.217617e-01,3.657693e-09,6.966447e-08,6.966447e-10
8.246051e-01,3.548461e-09,6.681191e-08,6.681191e-10
8.274486e-01,3.350208e-09,6.237495e-08,6.237495e-10
8.302921e-01,3.163238e-09,5.787314e-08,5.787314e-10
8.331355e-01,3.039946e-09,5.510317e-08,5.510317e-10
8.359790e-01,2.962637e-09,5.339512e-08,5.339512e-10
8.388225e-01,2.939398e-09,5.309069e-08,5.309069e-10
8.416659e-01,2.853034e-09,5.188665e-08,5.188665e-10
8.445094e-01,2.713253e-09,5.000213e-08,5.000213e-10
8.473529e-01,2.621998e-09,4.879688e-08,4.879688e-10
8.501963e-01,2.565432e-09,4.790212e-08,4.790212e-10
8.530398e-01,2.519009e-09,4.744388e-08,4.744388e-10
8.558832e-01,2.428112e-09,4.565693e-08,4.565693e-10
8.587267e-01,2.280291e-09,4.297741e-08,4.297741e-10
8.615702e-01,2.146107e-09,4.080065e-08,4.080065e-10
8.644136e-01,2.068987e-09,3.909646e-08,3.909646e-10
8.672571e-01,1.998730e-09,3.792746e-08,3.792746e-10
8.701006e-01,1.892924e-09,3.604267e-08,3.604267e-10
8.729440e-01,1.777273e-09,3.358648e-08,3.358648e-10
8.757875e-01,1.667718e-09,3.156945e-08,3.156945e-10
8.786310e-01,1.608063e-09,3.020269e-08,3.020269e-10
8.814744e-01,1.590873e-09,2.966735e-08,2.966735e-10
8.843179e-01,1.538211e-09,2.869895e-08,2.869895e-10
8.871614e-01,1.466543e-09,2.739384e-08,2.739384e-10
8.900048e-01,1.410880e-09,2.662928e-08,2.662928e-10
8.928483e-01,1.376734e-09,2.633935e-08,2.633935e-10
8.956918e-01,1.363978e-09,2.650893e-08,2.650893e-10
8.985352e-01,1.335381e-09,2.627703e-08,2.627703e-10
9.013787e-01,1.275773e-09,2.541603e-08,2.541603e-10
9.042222e-01,1.216852e-09,2.451920e-08,2.451920e-10
9.070656e-01,1.184354e-09,2.381119e-08,2.381119e-10
9.099091e-01,1.159218e-09,2.333652e-08,2.333652e-10
9.127526e-01,1.116115e-09,2.251033e-08,2.251033e-10
9.155960e-01,1.051430e-09,2.118421e-08,2.118421e-10
9.184395e-01,9.805925e-10,1.993102e-08,1.993102e-10
9.212830e-01,9.408647e-10,1.906131e-08,1.906131e-10
9.241264e-01,9.214464e-10,1.850497e-08,1.850497e-10
9.269699e-01,8.894924e-10,1.782254e-08,1.782254e-10
9.298134e-01,8.495865e-10,1.683235e-08,1.683235e-10
9.326568e-01,8.072320e-10,1.590630e-08,1.590630e-10
9.355003e-01,7.809424e-10,1.536010e-08,1.536010e-10
9.383438e-01,7.758325e-10,1.520217e-08,1.520217e-10
9.411872e-01,7.651962e-10,1.510746e-08,1.510746e-10
9.440307e-01,7.381138e-10,1.475215e-08,1.475215e-10
9.468742e-01,7.103635e-10,1.439758e-08,1.439758e-10
9.497176e-01,6.958173e-10,1.424957e-08,1.424957e-10
9.525611e-01,6.887209e-10,1.417258e-08,1.417258e-10
9.554046e-01,6.776019e-10,1.397689e-08,1.397689e-10
9.582480e-01,6.496207e-10,1.342182e-08,1.342182e-10
9.610915e-01,6.114189e-10,1.271566e-08,1.271566e-10
9.639350e-01,5.860008e-10,1.216401e-08,1.216401e-10
9.667784e-01,5.704405e-10,1.174462e-08,1.174462e-10
9.696219e-01,5.523601e-10,1.136404e-08,1.136404e-10
9.724654e-01,5.266074e-10,1.077454e-08,1.077454e-10
9.753088e-01,4.950489e-10,1.013200e-08,1.013200e-10
9.781523e-01,4.738011e-10,9.698180e-09,9.698180e-11
9.809958e-01,4.655748e-10,9.419126e-09,9.419126e-11
9.838392e-01,4.572774e-10,9.235416e-09,9.235416e-11
9.866827e-01,4.423231e-10,8.936435e-09,8.936435e-11
9.895261e-01,4.248869e-10,8.624414e-09,8.624414e-11
9.923696e-01,4.129583e-10,8.491663e-09,8.491663e-11
9.952131e-01,4.092800e-10,8.464870e-09,8.464870e-11
9.980565e-01,4.071781e-10,8.489786e-09,8.489786e-11
1.000900e+00,3.949573e-10,8.333606e-09,8.333606e-11
1.003743e+00,3.761350e-10,8.041792e-09,8.041792e-11
1.006587e+00,3.618017e-10,7.800012e-09,7.800012e-11
1.009430e+00,3.522723e-10,7.579322e-09,7.579322e-11
1.012274e+00,3.443580e-10,7.386222e-09,7.386222e-11
1.015117e+00,3.311397e-10,7.075978e-09,7.075978e-11
1.017961e+00,3.122125e-10,6.691020e-09,6.691020e-11
1.020804e+00,2.968907e-10,6.390866e-09,6.390866e-11
1.023648e+00,2.882157e-10,6.163125e-09,6.163125e-11
1.026491e+00,2.812349e-10,6.007433e-09,6.007433e-11
1.029335e+00,2.711639e-10,5.790056e-09,5.790056e-11
1.032178e+00,2.586178e-10,5.523560e-09,5.523560e-11
1.035022e+00,2.485512e-10,5.339676e-09,5.339676e-11
1.037865e+00,2.445543e-10,5.227181e-09,5.227181e-11
1.040709e+00,2.430295e-10,5.185640e-09,5.185640e-11
1.043552e+00,2.372336e-10,5.093110e-09,5.093110e-11
1.046395e+00,2.279642e-10,4.943737e-09,4.943737e-11
1.049239e+00,2.195351e-10,4.826780e-09,4.826780e-11
1.052082e+00,2.140830e-10,4.733557e-09,4.733557e-11
1.054926e+00,2.111501e-10,4.669197e-09,4.669197e-11
1.057769e+00,2.051179e-10,4.546080e-09,4.546080e-11
1.060613e+00,1.952853e-10,4.348258e-09,4.348258e-11
1.063456e+00,1.860451e-10,4.161480e-09,4.161480e-11
1.066300e+00,1.796501e-10,3.998538e-09,3.998538e-11
1.069143e+00,1.746239e-10,3.872060e-09,3.872060e-11
1.071987e+00,1.678654e-10,3.718122e-09,3.718122e-11
1.074830e+00,1.586364e-10,3.525968e-09,3.525968e-11
1.077674e+00,1.500301e-10,3.361050e-09,3.361050e-11
1.080517e+00,1.451192e-10,3.237779e-09,3.237779e-11
1.083361e+00,1.425631e-10,3.160314e-09,3.160314e-11
1.086204e+00,1.388056e-10,3.074977e-09,3.074977e-11
1.089047e+00,1.334532e-10,2.962285e-09,2.962285e-11
1.091891e+00,1.280373e-10,2.866300e-09,2.866300e-11
1.094734e+00,1.248348e-10,2.805333e-09,2.805333e-11
1.097578e+00,1.236786e-10,2.775518e-09,2.775518e-11
1.100421e+00,1.211570e-10,2.733024e-09,2.733024e-11
1.103265e+00,1.165830e-10,2.651880e-09,2.651880e-11
1.106108e+00,1.115396e-10,2.562319e-09,2.562319e-11
1.108952e+00,1.079345e-10,2.481331e-09,2.481331e-11
1.111795e+00,1.053959e-10,2.407885e-09,2.407885e-11
1.114639e+00,1.019815e-10,2.320106e-09,2.320106e-11
1.117482e+00,9.653666e-11,2.200484e-09,2.200484e-11
1.120326e+00,9.066871e-11,2.078764e-09,2.078764e-11
1.123169e+00,8.653372e-11,1.982342e-09,1.982342e-11
1.126013e+00,8.405170e-11,1.913420e-09,1.913420e-11
1.128856e+00,8.148645e-11,1.851993e-09,1.851993e-11
1.131699e+00,7.801708e-11,1.775845e-09,1.775845e-11
1.134543e+00,7.418729e-11,1.702868e-09,1.702868e-11
1.137386e+00,7.179631e-11,1.653403e-09,1.653403e-11
1.140230e+00,7.088043e-11,1.624000e-09,1.624000e-11
1.143073e+00,6.981526e-11,1.600822e-09,1.600822e-11
1.145917e+00,6.778774e-11,1.561992e-09,1.561992e-11
1.148760e+00,6.516815e-11,1.516654e-09,1.516654e-11
1.151604e+00,6.321833e-11,1.480768e-09,1.480768e-11
1.154447e+00,6.216116e-11,1.451069e-09,1.451069e-11
1.157291e+00,6.084002e-11,1.417022e-09,1.417022e-11
1.160134e+00,5.826120e-11,1.362014e-09,1.362014e-11
1.162978e+00,5.500207e-11,1.294501e-09,1.294501e-11
1.165821e+00,5.234772e-11,1.236494e-09,1.236494e-11
1.168665e+00,5.061274e-11,1.188196e-09,1.188196e-11
1.171508e+00,4.905998e-11,1.148022e-09,1.148022e-11
1.174351e+00,4.691628e-11,1.100650e-09,1.100650e-11
1.177195e+00,4.424066e-11,1.049567e-09,1.049567e-11
1.180038e+00,4.226515e-11,1.011774e-09,1.011774e-11
1.182882e+00,4.113837e-11,9.844823e-10,9.844823e-12
1.185725e+00,4.027302e-11,9.644797e-10,9.644797e-12
1.188569e+00,3.901460e-11,9.383803e-10,9.383803e-12
1.191412e+00,3.738087e-11,9.065342e-10,9.065342e-12
1.194256e+00,3.615405e-11,8.838310e-10,8.838310e-12
1.197099e+00,3.564099e-11,8.672748e-10,8.672748e-12
1.199943e+00,3.525078e-11,8.544551e-10,8.544551e-12
1.202786e+00,3.427170e-11,8.330829e-10,8.330829e-12
1.205630e+00,3.280365e-11,8.036721e-10,8.036721e-12
1.208473e+00,3.141242e-11,7.767232e-10,7.767232e-12
1.211316e+00,3.052913e-11,7.527074e-10,7.527074e-12
1.214160e+00,2.983873e-11,7.315528e-10,7.315528e-12
1.217003e+00,2.877504e-11,7.055911e-10,7.055911e-12
1.219847e+00,2.726098e-11,6.731566e-10,6.731566e-12
1.222690e+00,2.590677e-11,6.448037e-10,6.448037e-12
1.225534e+00,2.498241e-11,6.212266e-10,6.212266e-12
1.228377e+00,2.433021e-11,6.035037e-10,6.035037e-12
1.231221e+00,2.346046e-11,5.837529e-10,5.837529e-12
1.234064e+00,2.231878e-11,5.603131e-10,5.603131e-12
1.236908e+00,2.133758e-11,5.414485e-10,5.414485e-12
1.239751e+00,2.083817e-11,5.279621e-10,5.279621e-12
1.242595e+00,2.061358e-11,5.193388e-10,5.193388e-12
1.245438e+00,2.022627e-11,5.094284e-10,5.094284e-12
1.248282e+00,1.953631e-11,4.951504e-10,4.951504e-12
1.251125e+00,1.881853e-11,4.819589e-10,4.819589e-12
1.253968e+00,1.838411e-11,4.710223e-10,4.710223e-12
1.256812e+00,1.814274e-11,4.617807e-10,4.617807e-12
1.259655e+00,1.771064e-11,4.496715e-10,4.496715e-12
1.262499e+00,1.701062e-11,4.331150e-10,4.331150e-12
1.265342e+00,1.623494e-11,4.153894e-10,4.153894e-12
1.268186e+00,1.565059e-11,3.995999e-10,3.995999e-12
1.271029e+00,1.523821e-11,3.858167e-10,3.858167e-12
1.273873e+00,1.472909e-11,3.715334e-10,3.715334e-12
1.276716e+00,1.401498e-11,3.552462e-10,3.552462e-12
1.279560e+00,1.329565e-11,3.405266e-10,3.405266e-12
1.282403e+00,1.282203e-11,3.296092e-10,3.296092e-12
1.285247e+00,1.256180e-11,3.222539e-10,3.222539e-12
1.288090e+00,1.229413e-11,3.156998e-10,3.156998e-12
1.290934e+00,1.187725e-11,3.072510e-10,3.072510e-12
1.293777e+00,1.141988e-11,2.989808e-10,2.989808e-12
1.296620e+00,1.110779e-11,2.923974e-10,2.923974e-12
1.299464e+00,1.094653e-11,2.868829e-10,2.868829e-12
1.302307e+00,1.076316e-11,2.812097e-10,2.812097e-12
1.305151e+00,1.043150e-11,2.725901e-10,2.725901e-12
1.307994e+00,1.003213e-11,2.631662e-10,2.631662e-12
1.310838e+00,9.726969e-12,2.546245e-10,2.546245e-12
1.313681e+00,9.510291e-12,2.466553e-10,2.466553e-12
1.316525e+00,9.266880e-12,2.384274e-10,2.384274e-12
1.319368e+00,8.884207e-12,2.286472e-10,2.286472e-12
1.322212e+00,8.466601e-12,2.189931e-10,2.189931e-12
1.325055e+00,8.136618e-12,2.111333e-10,2.111333e-12
1.327899e+00,7.914537e-12,2.049285e-10,2.049285e-12
1.330742e+00,7.717968e-12,1.998374e-10,1.998374e-12
1.333586e+00,7.440687e-12,1.940842e-10,1.940842e-12
1.336429e+00,7.115216e-12,1.878319e-10,1.878319e-12
1.339272e+00,6.871305e-12,1.828220e-10,1.828220e-12
1.342116e+00,6.714666e-12,1.785861e-10,1.785861e-12
1.344959e+00,6.578598e-12,1.748482e-10,1.748482e-12
1.347803e+00,6.377556e-12,1.701322e-10,1.701322e-12
1.350646e+00,6.138507e-12,1.646689e-10,1.646689e-12
1.353490e+00,5.958985e-12,1.599793e-10,1.599793e-12
1.356333e+00,5.851882e-12,1.558097e-10,1.558097e-12
1.359177e+00,5.743892e-12,1.517459e-10,1.517459e-12
1.362020e+00,5.565824e-12,1.471901e-10,1.471901e-12
1.364864e+00,5.339171e-12,1.416716e-10,1.416716e-12
1.367707e+00,5.136023e-12,1.367909e-10,1.367909e-12
1.370551e+00,5.004220e-12,1.325078e-10,1.325078e-12
1.373394e+00,4.880924e-12,1.287568e-10,1.287568e-12
1.376238e+00,4.707040e-12,1.244383e-10,1.244383e-12
1.379081e+00,4.494637e-12,1.199788e-10,1.199788e-12
1.381924e+00,4.310167e-12,1.159328e-10,1.159328e-12
1.384768e+00,4.186619e-12,1.124299e-10,1.124299e-12
1.387611e+00,4.083338e-12,1.095314e-10,1.095314e-12
1.390455e+00,3.949027e-12,1.064989e-10,1.064989e-12
1.393298e+00,3.779579e-12,1.031174e-10,1.031174e-12
1.396142e+00,3.645783e-12,1.002734e-10,1.002734e-12
1.398985e+00,3.575712e-12,9.797439e-11,9.797439e-13
1.401829e+00,3.522240e-12,9.599677e-11,9.599677e-13
1.404672e+00,3.439173e-12,9.367166e-11,9.367166e-13
1.407516e+00,3.309738e-12,9.076225e-11,9.076225e-13
1.410359e+00,3.190651e-12,8.804459e-11,8.804459e-13
1.413203e+00,3.111945e-12,8.543968e-11,8.543968e-13
1.416046e+00,3.051646e-12,8.301880e-11,8.301880e-13
1.418890e+00,2.963672e-12,8.031649e-11,8.031649e-13
1.421733e+00,2.838212e-12,7.724879e-11,7.724879e-13
1.424576e+00,2.713240e-12,7.432229e-11,7.432229e-13
1.427420e+00,2.624127e-12,7.170481e-11,7.170481e-13
1.430263e+00,2.562287e-12,6.953800e-11,6.953800e-13
1.433107e+00,2.481358e-12,6.738610e-11,6.738610e-13
1.435950e+00,2.376109e-12,6.518731e-11,6.518731e-13
1.438794e+00,2.276434e-12,6.336883e-11,6.336883e-13
1.441637e+00,2.213060e-12,6.178927e-11,6.178927e-13
1.444481e+00,2.175584e-12,6.059454e-11,6.059454e-13
1.447324e+00,2.132346e-12,5.928312e-11,5.928312e-13
1.450168e+00,2.060013e-12,5.775034e-11,5.775034e-13
1.453011e+00,1.984331e-12,5.608818e-11,5.608818e-13
1.455855e+00,1.922759e-12,5.448572e-11,5.448572e-13
1.458698e+00,1.889655e-12,5.303837e-11,5.303837e-13
1.461541e+00,1.845772e-12,5.143871e-11,5.143871e-13
1.464385e+00,1.782188e-12,4.960139e-11,4.960139e-13
1.467228e+00,1.709578e-12,4.783506e-11,4.783506e-13
1.470072e+00,1.649235e-12,4.614652e-11,4.614652e-13
1.472915e+00,1.612030e-12,4.470656e-11,4.470656e-13
1.475759e+00,1.567601e-12,4.334354e-11,4.334354e-13
1.478602e+00,1.511390e-12,4.194442e-11,4.194442e-13
1.481446e+00,1.444335e-12,4.055378e-11,4.055378e-13
1.484289e+00,1.394296e-12,3.948645e-11,3.948645e-13
1.487133e+00,1.359849e-12,3.854572e-11,3.854572e-13
1.489976e+00,1.333630e-12,3.768350e-11,3.768350e-13
1.492820e+00,1.289682e-12,3.665141e-11,3.665141e-13
1.495663e+00,1.241265e-12,3.557525e-11,3.557525e-13
1.498507e+00,1.197313e-12,3.460568e-11,3.460568e-13
1.501350e+00,1.168730e-12,3.364951e-11,3.364951e-13
1.504193e+00,1.141306e-12,3.272308e-11,3.272308e-13
1.507037e+00,1.108634e-12,3.171616e-11,3.171616e-13
1.509880e+00,1.068312e-12,3.073994e-11,3.073994e-13
1.512724e+00,1.033255e-12,2.977710e-11,2.977710e-13
1.515567e+00,1.006502e-12,2.891046e-11,2.891046e-13
1.518411e+00,9.840940e-13,2.810816e-11,2.810816e-13
1.521254e+00,9.541145e-13,2.727173e-11,2.727173e-13
1.524098e+00,9.171104e-13,2.637566e-11,2.637566e-13
1.526941e+00,8.844405e-13,2.554951e-11,2.554951e-13
1.529785e+00,8.589626e-13,2.484048e-11,2.484048e-13
1.532628e+00,8.378931e-13,2.410997e-11,2.410997e-13
1.535472e+00,8.110775e-13,2.337912e-11,2.337912e-13
1.538315e+00,7.830353e-13,2.267620e-11,2.267620e-13
1.541159e+00,7.548850e-13,2.197094e-11,2.197094e-13
1.544002e+00,7.350298e-13,2.135450e-11,2.135450e-13
1.546845e+00,7.168198e-13,2.084792e-11,2.084792e-13
1.549689e+00,6.973239e-13,2.031542e-11,2.031542e-13
1.552532e+00,6.736346e-13,1.973247e-11,1.973247e-13
1.555376e+00,6.530848e-13,1.917640e-11,1.917640e-13
1.558219e+00,6.362379e-13,1.866549e-11,1.866549e-13
1.561063e+00,6.232915e-13,1.821974e-11,1.821974e-13
1.563906e+00,6.056357e-13,1.772538e-11,1.772538e-13
1.566750e+00,5.844600e-13,1.717607e-11,1.717607e-13
1.569593e+00,5.649959e-13,1.665281e-11,1.665281e-13
1.572437e+00,5.482822e-13,1.609660e-11,1.609660e-13
1.575280e+00,5.350210e-13,1.562438e-11,1.562438e-13
1.578124e+00,5.174328e-13,1.511120e-11,1.511120e-13
1.580967e+00,4.991442e-13,1.459480e-11,1.459480e-13
1.583811e+00,4.821142e-13,1.415633e-11,1.415633e-13
1.586654e+00,4.698045e-13,1.372502e-11,1.372502e-13
1.589497e+00,4.575411e-13,1.335501e-11,1.335501e-13
1.592341e+00,4.449286e-13,1.303597e-11,1.303597e-13
1.595184e+00,4.301514e-13,1.268713e-11,1.268713e-13
1.598028e+00,4.168060e-13,1.231655e-11,1.231655e-13
1.600871e+00,4.088477e-13,1.209229e-11,1.209229e-13
1.603715e+00,4.007259e-13,1.179269e-11,1.179269e-13
1.606558e+00,3.901456e-13,1.148674e-11,1.148674e-13
1.609402e+00,3.782601e-13,1.117603e-11,1.117603e-13
1.612245e+00,3.653436e-13,1.079384e-11,1.079384e-13
1.615089e+00,3.568136e-13,1.046375e-11,1.046375e-13
1.617932e+00,3.499009e-13,1.015838e-11,1.015838e-13
1.620776e+00,3.408072e-13,9.838350e-12,9.838350e-14
1.623619e+00,3.302686e-13,9.497429e-12,9.497429e-14
1.626463e+00,3.186404e-13,9.178215e-12,9.178215e-14
1.629306e+00,3.128495e-13,8.935346e-12,8.935346e-14
1.632149e+00,3.066793e-13,8.681918e-12,8.681918e-14
1.634993e+00,3.010656e-13,8.464743e-12,8.464743e-14
1.637836e+00,2.918283e-13,8.257705e-12,8.257705e-14
1.640680e+00,2.825650e-13,8.022440e-12,8.022440e-14
1.643523e+00,2.762906e-13,7.818714e-12,7.818714e-14
1.646367e+00,2.717282e-13,7.649927e-12,7.649927e-14
1.649210e+00,2.665277e-13,7.434310e-12,7.434310e-14
1.652054e+00,2.581880e-13,7.231476e-12,7.231476e-14
1.654897e+00,2.495505e-13,7.011790e-12,7.011790e-14
1.657741e+00,2.424895e-13,6.802452e-12,6.802452e-14
1.660584e+00,2.378532e-13,6.618883e-12,6.618883e-14
1.663428e+00,2.323167e-13,6.426688e-12,6.426688e-14
1.666271e+00,2.252366e-13,6.242462e-12,6.242462e-14
1.669115e+00,2.171597e-13,6.047584e-12,6.047584e-14
1.671958e+00,2.122285e-13,5.925572e-12,5.925572e-14
1.674801e+00,2.076688e-13,5.744247e-12,5.744247e-14
1.677645e+00,2.036918e-13,5.590793e-12,5.590793e-14
1.680488e+00,1.974802e-13,5.426462e-12,5.426462e-14
1.683332e+00,1.908141e-13,5.263625e-12,5.263625e-14
1.686175e+00,1.847123e-13,5.126418e-12,5.126418e-14
1.689019e+00,1.807643e-13,4.976246e-12,4.976246e-14
1.691862e+00,1.775880e-13,4.848139e-12,4.848139e-14
1.694706e+00,1.729850e-13,4.710953e-12,4.710953e-14
1.697549e+00,1.673856e-13,4.571368e-12,4.571368e-14
1.700393e+00,1.619889e-13,4.454658e-12,4.454658e-14
1.703236e+00,1.590210e-13,4.335786e-12,4.335786e-14
1.706080e+00,1.557166e-13,4.223441e-12,4.223441e-14
1.708923e+00,1.526249e-13,4.110914e-12,4.110914e-14
1.711766e+00,1.482152e-13,4.030221e-12,4.030221e-14
1.714610e+00,1.438793e-13,3.917227e-12,3.917227e-14
1.717453e+00,1.408647e-13,3.818851e-12,3.818851e-14
1.720297e+00,1.380867e-13,3.702071e-12,3.702071e-14
1.723140e+00,1.359631e-13,3.633219e-12,3.633219e-14
1.725984e+00,1.319985e-13,3.515167e-12,3.515167e-14
1.728827e+00,1.282626e-13,3.417920e-12,3.417920e-14
1.731671e+00,1.249692e-13,3.312346e-12,3.312346e-14
1.734514e+00,1.222595e-13,3.220586e-12,3.220586e-14
1.737358e+00,1.203942e-13,3.124352e-12,3.124352e-14
1.740201e+00,1.175675e-13,3.051262e-12,3.051262e-14
1.743045e+00,1.146651e-13,2.976946e-12,2.976946e-14
1.745888e+00,1.119318e-13,2.888959e-12,2.888959e-14
1.748732e+00,1.103187e-13,2.842757e-12,2.842757e-14
1.751575e+00,1.082775e-13,2.768894e-12,2.768894e-14
1.754418e+00,1.063161e-13,2.712251e-12,2.712251e-14
1.757262e+00,1.039544e-13,2.633896e-12,2.633896e-14
1.760105e+00,1.014808e-13,2.578338e-12,2.578338e-14
1.762949e+00,9.981111e-14,2.513623e-12,2.513623e-14
1.765792e+00,9.768332e-14,2.448164e-12,2.448164e-14
1.768636e+00,9.602079e-14,2.380694e-12,2.380694e-14
1.771479e+00,9.364367e-14,2.305459e-12,2.305459e-14
1.774323e+00,9.140643e-14,2.238203e-12,2.238203e-14
1.777166e+00,8.914244e-14,2.176279e-12,2.176279e-14
1.780010e+00,8.737113e-14,2.115933e-12,2.115933e-14
1.782853e+00,8.530777e-14,2.054808e-12,2.054808e-14
1.785697e+00,8.384996e-14,2.008238e-12,2.008238e-14
1.788540e+00,8.182899e-14,1.963580e-12,1.963580e-14
1.791384e+00,8.001183e-14,1.912013e-12,1.912013e-14
1.794227e+00,7.795550e-14,1.864970e-12,1.864970e-14
1.797070e+00,7.612665e-14,1.807853e-12,1.807853e-14
1.799914e+00,7.470757e-14,1.773862e-12,1.773862e-14
1.802757e+00,7.297096e-14,1.720278e-12,1.720278e-14
1.805601e+00,7.111539e-14,1.662394e-12,1.662394e-14
1.808444e+00,6.940412e-14,1.629208e-12,1.629208e-14
1.811288e+00,6.746182e-14,1.580696e-12,1.580696e-14
1.814131e+00,6.617536e-14,1.533091e-12,1.533091e-14
1.816975e+00,6.503004e-14,1.495668e-12,1.495668e-14
1.819818e+00,6.349676e-14,1.463655e-12,1.463655e-14
1.822662e+00,6.198469e-14,1.414370e-12,1.414370e-14
1.825505e+00,6.056491e-14,1.394878e-12,1.394878e-14
1.828349e+00,5.980973e-14,1.362542e-12,1.362542e-14
1.831192e+00,5.860622e-14,1.322162e-12,1.322162e-14
1.834036e+00,5.836708e-14,1.304778e-12,1.304778e-14
1.836879e+00,5.698174e-14,1.273972e-12,1.273972e-14
1.839722e+00,5.588890e-14,1.241939e-12,1.241939e-14
1.842566e+00,5.483684e-14,1.222954e-12,1.222954e-14
1.845409e+00,5.434225e-14,1.193481e-12,1.193481e-14
1.848253e+00,5.337857e-14,1.158899e-12,1.158899e-14
1.851096e+00,5.261866e-14,1.141400e-12,1.141400e-14
1.853940e+00,5.123347e-14,1.112011e-12,1.112011e-14
1.856783e+00,5.030351e-14,1.092791e-12,1.092791e-14
1.859627e+00,4.957370e-14,1.067334e-12,1.067334e-14
1.862470e+00,4.895265e-14,1.051363e-12,1.051363e-14
1.865314e+00,4.846625e-14,1.041750e-12,1.041750e-14
1.868157e+00,4.742696e-14,1.027632e-12,1.027632e-14
1.871001e+00,4.657002e-14,1.008242e-12,1.008242e-14
1.873844e+00,4.574473e-14,9.903329e-13,9.903329e-15
1.876688e+00,4.572517e-14,9.809761e-13,9.809761e-15
1.879531e+00,4.513915e-14,9.637469e-13,9.637469e-15
1.882374e+00,4.453891e-14,9.513540e-13,9.513540e-15
1.885218e+00,4.359275e-14,9.324708e-13,9.324708e-15
1.888061e+00,4.320833e-14,9.139916e-13,9.139916e-15
1.890905e+00,4.295612e-14,9.010568e-13,9.010568e-15
1.893748e+00,4.302500e-14,8.875077e-13,8.875077e-15
1.896592e+00,4.229755e-14,8.690376e-13,8.690376e-15
1.899435e+00,4.172597e-14,8.565991e-13,8.565991e-15
1.902279e+00,4.111382e-14,8.439102e-13,8.439102e-15
1.905122e+00,4.073341e-14,8.240471e-13,8.240471e-15
1.907966e+00,4.047834e-14,8.103241e-13,8.103241e-15
1.910809e+00,3.986769e-14,7.992998e-13,7.992998e-15
1.913653e+00,3.912744e-14,7.822038e-13,7.822038e-15
1.916496e+00,3.819588e-14,7.651972e-13,7.651972e-15
1.919340e+00,3.760245e-14,7.517941e-13,7.517941e-15
1.922183e+00,3.716838e-14,7.351718e-13,7.351718e-15
1.925026e+00,3.662306e-14,7.202859e-13,7.202859e-15
1.927870e+00,3.572111e-14,7.060451e-13,7.060451e-15
1.930713e+00,3.482081e-14,6.885809e-13,6.885809e-15
1.933557e+00,3.395265e-14,6.684184e-13,6.684184e-15
1.936400e+00,3.343576e-14,6.546111e-13,6.546111e-15
1.939244e+00,3.293505e-14,6.411998e-13,6.411998e-15
1.942087e+00,3.234548e-14,6.254397e-13,6.254397e-15
1.944931e+00,3.137057e-14,6.067385e-13,6.067385e-15
1.947774e+00,3.085324e-14,5.963869e-13,5.963869e-15
1.950618e+00,3.040015e-14,5.815855e-13,5.815855e-15
1.953461e+00,3.016037e-14,5.716924e-13,5.716924e-15
1.956305e+00,2.972385e-14,5.619205e-13,5.619205e-15
1.959148e+00,2.923501e-14,5.493467e-13,5.493467e-15
1.961992e+00,2.855793e-14,5.380552e-13,5.380552e-15
1.964835e+00,2.811514e-14,5.277570e-13,5.277570e-15
1.967678e+00,2.787392e-14,5.194415e-13,5.194415e-15
1.970522e+00,2.754885e-14,5.121330e-13,5.121330e-15
1.973365e+00,2.711218e-14,5.086209e-13,5.086209e-15
1.976209e+00,2.652167e-14,4.996112e-13,4.996112e-15
1.979052e+00,2.605884e-14,4.974657e-13,4.974657e-15
1.981896e+00,2.570751e-14,4.940983e-13,4.940983e-15
1.984739e+00,2.534430e-14,4.897137e-13,4.897137e-15
1.987583e+00,2.506209e-14,4.879403e-13,4.879403e-15
1.990426e+00,2.447789e-14,4.828901e-13,4.828901e-15
1.993270e+00,2.397060e-14,4.764516e-13,4.764516e-15
1.996113e+00,2.346194e-14,4.709856e-13,4.709856e-15
1.998957e+00,2.293226e-14,4.601959e-13,4.601959e-15
2.001800e+00,2.262058e-14,4.501991e-13,4.501991e-15
2.004643e+00,2.205677e-14,4.428465e-13,4.428465e-15
2.007487e+00,2.141183e-14,4.281823e-13,4.281823e-15
2.010330e+00,2.075539e-14,4.126250e-13,4.126250e-15
2.013174e+00,2.025802e-14,3.959651e-13,3.959651e-15
2.016017e+00,1.981821e-14,3.797139e-13,3.797139e-15
2.018861e+00,1.906243e-14,3.588383e-13,3.588383e-15
2.021704e+00,1.849764e-14,3.455502e-13,3.455502e-15
2.024548e+00,1.770415e-14,3.258703e-13,3.258703e-15
2.027391e+00,1.723525e-14,3.092505e-13,3.092505e-15
2.030235e+00,1.683697e-14,2.968585e-13,2.968585e-15
2.033078e+00,1.625454e-14,2.825146e-13,2.825146e-15
2.035922e+00,1.585024e-14,2.755073e-13,2.755073e-15
2.038765e+00,1.527563e-14,2.648832e-13,2.648832e-15
2.041609e+00,1.494482e-14,2.584600e-13,2.584600e-15
2.044452e+00,1.471637e-14,2.536395e-13,2.536395e-15
2.047295e+00,1.468277e-14,2.532568e-13,2.532568e-15
2.050139e+00,1.452796e-14,2.498076e-13,2.498076e-15
2.052982e+00,1.448265e-14,2.497173e-13,2.497173e-15
2.055826e+00,1.452427e-14,2.535235e-13,2.535235e-15
2.058669e+00,1.466931e-14,2.518165e-13,2.518165e-15
2.061513e+00,1.496120e-14,2.559577e-13,2.559577e-15
2.064356e+00,1.526356e-14,2.582807e-13,2.582807e-15
2.067200e+00,1.544993e-14,2.623811e-13,2.623811e-15
2.070043e+00,1.563099e-14,2.654464e-13,2.654464e-15
2.072887e+00,1.600079e-14,2.716038e-13,2.716038e-15
2.075730e+00,1.635950e-14,2.780567e-13,2.780567e-15
2.078574e+00,1.655236e-14,2.804869e-13,2.804869e-15
2.081417e+00,1.676102e-14,2.852885e-13,2.852885e-15
2.084261e+00,1.685610e-14,2.898214e-13,2.898214e-15
2.087104e+00,1.692510e-14,2.936277e-13,2.936277e-15
2.089947e+00,1.711804e-14,2.979802e-13,2.979802e-15
2.092791e+00,1.718738e-14,3.010633e-13,3.010633e-15
2.095634e+00,1.718278e-14,3.032390e-13,3.032390e-15
2.098478e+00,1.708237e-14,3.045119e-13,3.045119e-15
2.101321e+00,1.688239e-14,3.040204e-13,3.040204e-15
2.104165e+00,1.671879e-14,3.041824e-13,3.041824e-15
2.107008e+00,1.667150e-14,3.042656e-13,3.042656e-15
2.109852e+00,1.652636e-14,3.044204e-13,3.044204e-15
2.112695e+00,1.633626e-14,3.030306e-13,3.030306e-15
2.115539e+00,1.607515e-14,3.023714e-13,3.023714e-15
2.118382e+00,1.594673e-14,3.025688e-13,3.025688e-15
2.121226e+00,1.578214e-14,3.018055e-13,3.018055e-15
2.124069e+00,1.565285e-14,3.010041e-13,3.010041e-15
2.126913e+00,1.559066e-14,3.024359e-13,3.024359e-15
2.129756e+00,1.539896e-14,3.018267e-13,3.018267e-15
2.132599e+00,1.525878e-14,3.029451e-13,3.029451e-15
2.135443e+00,1.524002e-14,3.044857e-13,3.044857e-15
2.138286e+00,1.519308e-14,3.061558e-13,3.061558e-15
2.141130e+00,1.524145e-14,3.088505e-13,3.088505e-15
2.143973e+00,1.516583e-14,3.109388e-13,3.109388e-15
2.146817e+00,1.517918e-14,3.134921e-13,3.134921e-15
2.149660e+00,1.517669e-14,3.163207e-13,3.163207e-15
2.152504e+00,1.515543e-14,3.189133e-13,3.189133e-15
2.155347e+00,1.524352e-14,3.220138e-13,3.220138e-15
2.158191e+00,1.523218e-14,3.251711e-13,3.251711e-15
2.161034e+00,1.517887e-14,3.272862e-13,3.272862e-15
2.163878e+00,1.510896e-14,3.293556e-13,3.293556e-15
2.166721e+00,1.509525e-14,3.307441e-13,3.307441e-15
2.169565e+00,1.500919e-14,3.315781e-13,3.315781e-15
2.172408e+00,1.500277e-14,3.324970e-13,3.324970e-15
2.175251e+00,1.486252e-14,3.321588e-13,3.321588e-15
2.178095e+00,1.477710e-14,3.310868e-13,3.310868e-15
2.180938e+00,1.461549e-14,3.291684e-13,3.291684e-15
2.183782e+00,1.456792e-14,3.272603e-13,3.272603e-15
2.186625e+00,1.439776e-14,3.247516e-13,3.247516e-15
2.189469e+00,1.416728e-14,3.212349e-13,3.212349e-15
2.192312e+00,1.401849e-14,3.179878e-13,3.179878e-15
2.195156e+00,1.385069e-14,3.145009e-13,3.145009e-15
2.197999e+00,1.368841e-14,3.110838e-13,3.110838e-15
2.200843e+00,1.360690e-14,3.077152e-13,3.077152e-15
2.203686e+00,1.349739e-14,3.046773e-13,3.046773e-15
2.206530e+00,1.330545e-14,3.012662e-13,3.012662e-15
2.209373e+00,1.320873e-14,2.984173e-13,2.984173e-15
2.212217e+00,1.311199e-14,2.958883e-13,2.958883e-15
2.215060e+00,1.310369e-14,2.937927e-13,2.937927e-15
2.217903e+00,1.306673e-14,2.905820e-13,2.905820e-15
2.220747e+00,1.300611e-14,2.868714e-13,2.868714e-15
2.223590e+00,1.290128e-14,2.831229e-13,2.831229e-15
2.226434e+00,1.284224e-14,2.799571e-13,2.799571e-15
2.229277e+00,1.278572e-14,2.769801e-13,2.769801e-15
2.232121e+00,1.291891e-14,2.744854e-13,2.744854e-15
2.234964e+00,1.292111e-14,2.709548e-13,2.709548e-15
2.237808e+00,1.287542e-14,2.669998e-13,2.669998e-15
2.240651e+00,1.290277e-14,2.637822e-13,2.637822e-15
2.243495e+00,1.291555e-14,2.606030e-13,2.606030e-15
2.246338e+00,1.300295e-14,2.576439e-13,2.576439e-15
2.249182e+00,1.306881e-14,2.549613e-13,2.549613e-15
2.252025e+00,1.310226e-14,2.529980e-13,2.529980e-15
2.254868e+00,1.318323e-14,2.516316e-13,2.516316e-15
2.257712e+00,1.327265e-14,2.504062e-13,2.504062e-15
2.260555e+00,1.331891e-14,2.492126e-13,2.492126e-15
2.263399e+00,1.338647e-14,2.483147e-13,2.483147e-15
2.266242e+00,1.344134e-14,2.473243e-13,2.473243e-15
2.269086e+00,1.347826e-14,2.466831e-13,2.466831e-15
2.271929e+00,1.342540e-14,2.463770e-13,2.463770e-15
2.274773e+00,1.347553e-14,2.462382e-13,2.462382e-15
2.277616e+00,1.345635e-14,2.456036e-13,2.456036e-15
2.280460e+00,1.337238e-14,2.447584e-13,2.447584e-15
2.283303e+00,1.322961e-14,2.441221e-13,2.441221e-15
2.286147e+00,1.316071e-14,2.439248e-13,2.439248e-15
2.288990e+00,1.301579e-14,2.438529e-13,2.438529e-15
2.291834e+00,1.292029e-14,2.436681e-13,2.436681e-15
2.294677e+00,1.276804e-14,2.433399e-13,2.433399e-15
2.297520e+00,1.262615e-14,2.429959e-13,2.429959e-15
2.300364e+00,1.245416e-14,2.426932e-13,2.426932e-15
2.303207e+00,1.232179e-14,2.427589e-13,2.427589e-15
2.306051e+00,1.217241e-14,2.426665e-13,2.426665e-15
2.308894e+00,1.200097e-14,2.422008e-13,2.422008e-15
2.311738e+00,1.187810e-14,2.419196e-13,2.419196e-15
2.314581e+00,1.178030e-14,2.422512e-13,2.422512e-15
2.317425e+00,1.167347e-14,2.423722e-13,2.423722e-15
2.320268e+00,1.156578e-14,2.419571e-13,2.419571e-15
2.323112e+00,1.147594e-14,2.414033e-13,2.414033e-15
2.325955e+00,1.139671e-14,2.411352e-13,2.411352e-15
2.328799e+00,1.131658e-14,2.409917e-13,2.409917e-15
2.331642e+00,1.123578e-14,2.408773e-13,2.408773e-15
2.334486e+00,1.119445e-14,2.408650e-13,2.408650e-15
2.337329e+00,1.117766e-14,2.406987e-13,2.406987e-15
2.340172e+00,1.112669e-14,2.403293e-13,2.403293e-15
2.343016e+00,1.102965e-14,2.399255e-13,2.399255e-15
2.345859e+00,1.098076e-14,2.392276e-13,2.392276e-15
2.348703e+00,1.088164e-14,2.381642e-13,2.381642e-15
2.351546e+00,1.079707e-14,2.369611e-13,2.369611e-15
2.354390e+00,1.071067e-14,2.360629e-13,2.360629e-15
2.357233e+00,1.068338e-14,2.354210e-13,2.354210e-15
2.360077e+00,1.058548e-14,2.344501e-13,2.344501e-15
2.362920e+00,1.048232e-14,2.336528e-13,2.336528e-15
2.365764e+00,1.044822e-14,2.331656e-13,2.331656e-15
2.368607e+00,1.044602e-14,2.327242e-13,2.327242e-15
2.371451e+00,1.039912e-14,2.320896e-13,2.320896e-15
2.374294e+00,1.036061e-14,2.312253e-13,2.312253e-15
2.377138e+00,1.032394e-14,2.301518e-13,2.301518e-15
2.379981e+00,1.029237e-14,2.293348e-13,2.293348e-15
2.382824e+00,1.031339e-14,2.287419e-13,2.287419e-15
2.385668e+00,1.033023e-14,2.281391e-13,2.281391e-15
2.388511e+00,1.035725e-14,2.275109e-13,2.275109e-15
2.391355e+00,1.030984e-14,2.270321e-13,2.270321e-15
2.394198e+00,1.033908e-14,2.266951e-13,2.266951e-15
2.397042e+00,1.034366e-14,2.264957e-13,2.264957e-15
2.399885e+00,1.036497e-14,2.263229e-13,2.263229e-15
2.402729e+00,1.034172e-14,2.260977e-13,2.260977e-15
2.405572e+00,1.034260e-14,2.259852e-13,2.259852e-15
2.408416e+00,1.034353e-14,2.261853e-13,2.261853e-15
2.411259e+00,1.036194e-14,2.267348e-13,2.267348e-15
2.414103e+00,1.037119e-14,2.275799e-13,2.275799e-15
2.416946e+00,1.036480e-14,2.286976e-13,2.286976e-15
2.419790e+00,1.037502e-14,2.298321e-13,2.298321e-15
2.422633e+00,1.035337e-14,2.307250e-13,2.307250e-15
2.425476e+00,1.037033e-14,2.316488e-13,2.316488e-15
2.428320e+00,1.042173e-14,2.326453e-13,2.326453e-15
2.431163e+00,1.038728e-14,2.331965e-13,2.331965e-15
2.434007e+00,1.039499e-14,2.329861e-13,2.329861e-15
2.436850e+00,1.031014e-14,2.319586e-13,2.319586e-15
2.439694e+00,1.026835e-14,2.304614e-13,2.304614e-15
2.442537e+00,1.022842e-14,2.287456e-13,2.287456e-15
2.445381e+00,1.016759e-14,2.266889e-13,2.266889e-15
2.448224e+00,1.009363e-14,2.240952e-13,2.240952e-15
2.451068e+00,1.000983e-14,2.210281e-13,2.210281e-15
2.453911e+00,9.897116e-15,2.177042e-13,2.177042e-15
2.456755e+00,9.784658e-15,2.141840e-13,2.141840e-15
2.459598e+00,9.674825e-15,2.102089e-13,2.102089e-15
2.462442e+00,9.517267e-15,2.057961e-13,2.057961e-15
2.465285e+00,9.344730e-15,2.016380e-13,2.016380e-15
2.468128e+00,9.220810e-15,1.980500e-13,1.980500e-15
2.470972e+00,9.038673e-15,1.948510e-13,1.948510e-15
2.473815e+00,8.890773e-15,1.918756e-13,1.918756e-15
2.476659e+00,8.793356e-15,1.888042e-13,1.888042e-15
2.479502e+00,8.661382e-15,1.857771e-13,1.857771e-15
2.482346e+00,8.550912e-15,1.831814e-13,1.831814e-15
2.485189e+00,8.440315e-15,1.808030e-13,1.808030e-15
2.488033e+00,8.362976e-15,1.783742e-13,1.783742e-15
2.490876e+00,8.289983e-15,1.761931e-13,1.761931e-15
2.493720e+00,8.253255e-15,1.744884e-13,1.744884e-15
2.496563e+00,8.218861e-15,1.730994e-13,1.730994e-15
2.499407e+00,8.146324e-15,1.718981e-13,1.718981e-15
2.502250e+00,8.077254e-15,1.707525e-13,1.707525e-15
2.505093e+00,8.052207e-15,1.692657e-13,1.692657e-15
2.507937e+00,7.999909e-15,1.673008e-13,1.673008e-15
2.510780e+00,7.949161e-15,1.655732e-13,1.655732e-15
2.513624e+00,7.901979e-15,1.644402e-13,1.644402e-15
2.516467e+00,7.847824e-15,1.633123e-13,1.633123e-15
2.519311e+00,7.776829e-15,1.618721e-13,1.618721e-15
2.522154e+00,7.752923e-15,1.602777e-13,1.602777e-15
2.524998e+00,7.672057e-15,1.584575e-13,1.584575e-15
2.527841e+00,7.594292e-15,1.563709e-13,1.563709e-15
2.530685e+00,7.544047e-15,1.542470e-13,1.542470e-15
2.533528e+00,7.477422e-15,1.525772e-13,1.525772e-15
2.536372e+00,7.465072e-15,1.516163e-13,1.516163e-15
2.539215e+00,7.426813e-15,1.506586e-13,1.506586e-15
2.542059e+00,7.388370e-15,1.489641e-13,1.489641e-15
2.544902e+00,7.328964e-15,1.470399e-13,1.470399e-15
2.547745e+00,7.300583e-15,1.458109e-13,1.458109e-15
2.550589e+00,7.314158e-15,1.454162e-13,1.454162e-15
2.553432e+00,7.319910e-15,1.453764e-13,1.453764e-15
2.556276e+00,7.331130e-15,1.452442e-13,1.452442e-15
2.559119e+00,7.378838e-15,1.452659e-13,1.452659e-15
2.561963e+00,7.435286e-15,1.457945e-13,1.457945e-15
2.564806e+00,7.474272e-15,1.465085e-13,1.465085e-15
2.567650e+00,7.551904e-15,1.473393e-13,1.473393e-15
2.570493e+00,7.612996e-15,1.485111e-13,1.485111e-15
2.573337e+00,7.675971e-15,1.498604e-13,1.498604e-15
2.576180e+00,7.762138e-15,1.514621e-13,1.514621e-15
2.579024e+00,7.836999e-15,1.533304e-13,1.533304e-15
2.581867e+00,7.874956e-15,1.550400e-13,1.550400e-15
2.584711e+00,7.903071e-15,1.567589e-13,1.567589e-15
2.587554e+00,7.981406e-15,1.588975e-13,1.588975e-15
2.590397e+00,7.975011e-15,1.610825e-13,1.610825e-15
2.593241e+00,8.000394e-15,1.629742e-13,1.629742e-15
2.596084e+00,7.989503e-15,1.647274e-13,1.647274e-15
2.598928e+00,7.970671e-15,1.664292e-13,1.664292e-15
2.601771e+00,7.936827e-15,1.679768e-13,1.679768e-15
2.604615e+00,7.897217e-15,1.692897e-13,1.692897e-15
2.607458e+00,7.851749e-15,1.704523e-13,1.704523e-15
2.610302e+00,7.757554e-15,1.714604e-13,1.714604e-15
2.613145e+00,7.668513e-15,1.720998e-13,1.720998e-15
2.615989e+00,7.600825e-15,1.724174e-13,1.724174e-15
2.618832e+00,7.525695e-15,1.725454e-13,1.725454e-15
2.621676e+00,7.450970e-15,1.723757e-13,1.723757e-15
2.624519e+00,7.355089e-15,1.718891e-13,1.718891e-15
2.627363e+00,7.289253e-15,1.712510e-13,1.712510e-15
2.630206e+00,7.207925e-15,1.704420e-13,1.704420e-15
2.633049e+00,7.143571e-15,1.693485e-13,1.693485e-15
2.635893e+00,7.055634e-15,1.681113e-13,1.681113e-15
2.638736e+00,6.973978e-15,1.668376e-13,1.668376e-15
2.641580e+00,6.911158e-15,1.656625e-13,1.656625e-15
2.644423e+00,6.855739e-15,1.647558e-13,1.647558e-15
2.647267e+00,6.810629e-15,1.638307e-13,1.638307e-15
2.650110e+00,6.722264e-15,1.626803e-13,1.626803e-15
2.652954e+00,6.643872e-15,1.615176e-13,1.615176e-15
2.655797e+00,6.596877e-15,1.604013e-13,1.604013e-15
2.658641e+00,6.515900e-15,1.591765e-13,1.591765e-15
2.661484e+00,6.441382e-15,1.577471e-13,1.577471e-15
2.664328e+00,6.337224e-15,1.563892e-13,1.563892e-15
2.667171e+00,6.302974e-15,1.553249e-13,1.553249e-15
2.670015e+00,6.270069e-15,1.542350e-13,1.542350e-15
2.672858e+00,6.182772e-15,1.530027e-13,1.530027e-15
2.675701e+00,6.123687e-15,1.519483e-13,1.519483e-15
2.678545e+00,6.127203e-15,1.510989e-13,1.510989e-15
2.681388e+00,6.094576e-15,1.502725e-13,1.502725e-15
2.684232e+00,6.076688e-15,1.495951e-13,1.495951e-15
2.687075e+00,6.083365e-15,1.491514e-13,1.491514e-15
2.689919e+00,6.115960e-15,1.486609e-13,1.486609e-15
2.692762e+00,6.131622e-15,1.480741e-13,1.480741e-15
2.695606e+00,6.148108e-15,1.476431e-13,1.476431e-15
2.698449e+00,6.190309e-15,1.472417e-13,1.472417e-15
2.701293e+00,6.199498e-15,1.466754e-13,1.466754e-15
2.704136e+00,6.196615e-15,1.460881e-13,1.460881e-15
2.706980e+00,6.212436e-15,1.455453e-13,1.455453e-15
2.709823e+00,6.233427e-15,1.451349e-13,1.451349e-15
2.712667e+00,6.251721e-15,1.448319e-13,1.448319e-15
2.715510e+00,6.239242e-15,1.441929e-13,1.441929e-15
2.718353e+00,6.233411e-15,1.431420e-13,1.431420e-15
2.721197e+00,6.212024e-15,1.420043e-13,1.420043e-15
2.724040e+00,6.199150e-15,1.407783e-13,1.407783e-15
2.726884e+00,6.187266e-15,1.394435e-13,1.394435e-15
2.729727e+00,6.161346e-15,1.381633e-13,1.381633e-15
2.732571e+00,6.166333e-15,1.368823e-13,1.368823e-15
2.735414e+00,6.138056e-15,1.355578e-13,1.355578e-15
2.738258e+00,6.135842e-15,1.343392e-13,1.343392e-15
2.741101e+00,6.140396e-15,1.332842e-13,1.332842e-15
2.743945e+00,6.159835e-15,1.323882e-13,1.323882e-15
2.746788e+00,6.161471e-15,1.317288e-13,1.317288e-15
2.749632e+00,6.192546e-15,1.312570e-13,1.312570e-15
2.752475e+00,6.234632e-15,1.309163e-13,1.309163e-15
2.755319e+00,6.251771e-15,1.308670e-13,1.308670e-15
2.758162e+00,6.285922e-15,1.311901e-13,1.311901e-15
2.761005e+00,6.317685e-15,1.316441e-13,1.316441e-15
2.763849e+00,6.338443e-15,1.321624e-13,1.321624e-15
2.766692e+00,6.379586e-15,1.328483e-13,1.328483e-15
2.769536e+00,6.411106e-15,1.335078e-13,1.335078e-15
2.772379e+00,6.424497e-15,1.340866e-13,1.340866e-15
2.775223e+00,6.441845e-15,1.346159e-13,1.346159e-15
2.778066e+00,6.440657e-15,1.345330e-13,1.345330e-15
2.780910e+00,6.394707e-15,1.338047e-13,1.338047e-15
2.783753e+00,6.347433e-15,1.332204e-13,1.332204e-15
2.786597e+00,6.304510e-15,1.328641e-13,1.328641e-15
2.789440e+00,6.259134e-15,1.322865e-13,1.322865e-15
2.792284e+00,6.202503e-15,1.315029e-13,1.315029e-15
2.795127e+00,6.117171e-15,1.305550e-13,1.305550e-15
2.797970e+00,6.044214e-15,1.292374e-13,1.292374e-15
2.800814e+00,5.969321e-15,1.277280e-13,1.277280e-15
2.803657e+00,5.894446e-15,1.266119e-13,1.266119e-15
2.806501e+00,5.827151e-15,1.260660e-13,1.260660e-15
2.809344e+00,5.741111e-15,1.256557e-13,1.256557e-15
2.812188e+00,5.678614e-15,1.250464e-13,1.250464e-15
2.815031e+00,5.613275e-15,1.243322e-13,1.243322e-15
2.817875e+00,5.532418e-15,1.236959e-13,1.236959e-15
2.820718e+00,5.465038e-15,1.232616e-13,1.232616e-15
2.823562e+00,5.410032e-15,1.230588e-13,1.230588e-15
2.826405e+00,5.353433e-15,1.228450e-13,1.228450e-15
2.829249e+00,5.302420e-15,1.223943e-13,1.223943e-15
2.832092e+00,5.262021e-15,1.218961e-13,1.218961e-15
2.834936e+00,5.230371e-15,1.215858e-13,1.215858e-15
2.837779e+00,5.224651e-15,1.214759e-13,1.214759e-15
2.840622e+00,5.229613e-15,1.215856e-13,1.215856e-15
2.843466e+00,5.229899e-15,1.216853e-13,1.216853e-15
2.846309e+00,5.203655e-15,1.213723e-13,1.213723e-15
2.849153e+00,5.194660e-15,1.208208e-13,1.208208e-15
2.851996e+00,5.209502e-15,1.205176e-13,1.205176e-15
2.854840e+00,5.206323e-15,1.203770e-13,1.203770e-15
2.857683e+00,5.207489e-15,1.201261e-13,1.201261e-15
2.860527e+00,5.217188e-15,1.198541e-13,1.198541e-15
2.863370e+00,5.212814e-15,1.197260e-13,1.197260e-15
2.866214e+00,5.209464e-15,1.196547e-13,1.196547e-15
2.869057e+00,5.201492e-15,1.193892e-13,1.193892e-15
2.871901e+00,5.200988e-15,1.188315e-13,1.188315e-15
2.874744e+00,5.196167e-15,1.179927e-13,1.179927e-15
2.877588e+00,5.157101e-15,1.170170e-13,1.170170e-15
2.880431e+00,5.153781e-15,1.161899e-13,1.161899e-15
2.883274e+00,5.165182e-15,1.154803e-13,1.154803e-15
2.886118e+00,5.151867e-15,1.146628e-13,1.146628e-15
2.888961e+00,5.166146e-15,1.137830e-13,1.137830e-15
2.891805e+00,5.160660e-15,1.128960e-13,1.128960e-15
2.894648e+00,5.157337e-15,1.119318e-13,1.119318e-15
2.897492e+00,5.152762e-15,1.109362e-13,1.109362e-15
2.900335e+00,5.149806e-15,1.099000e-13,1.099000e-15
2.903179e+00,5.138989e-15,1.088549e-13,1.088549e-15
2.906022e+00,5.152667e-15,1.079149e-13,1.079149e-15
2.908866e+00,5.167405e-15,1.070785e-13,1.070785e-15
2.911709e+00,5.167198e-15,1.063569e-13,1.063569e-15
2.914553e+00,5.159287e-15,1.058383e-13,1.058383e-15
2.917396e+00,5.159666e-15,1.056258e-13,1.056258e-15
2.920240e+00,5.186423e-15,1.056259e-13,1.056259e-15
2.923083e+00,5.180792e-15,1.055758e-13,1.055758e-15
2.925926e+00,5.198447e-15,1.054919e-13,1.054919e-15
2.928770e+00,5.202628e-15,1.055197e-13,1.055197e-15
2.931613e+00,5.190444e-15,1.055187e-13,1.055187e-15
2.934457e+00,5.170022e-15,1.053995e-13,1.053995e-15
2.937300e+00,5.162989e-15,1.052450e-13,1.052450e-15
2.940144e+00,5.142997e-15,1.050154e-13,1.050154e-15
2.942987e+00,5.107570e-15,1.046902e-13,1.046902e-15
2.945831e+00,5.086597e-15,1.042741e-13,1.042741e-15
2.948674e+00,5.056949e-15,1.036463e-13,1.036463e-15
2.951518e+00,5.008647e-15,1.027504e-13,1.027504e-15
2.954361e+00,4.937119e-15,1.017180e-13,1.017180e-15
2.957205e+00,4.880780e-15,1.007286e-13,1.007286e-15
2.960048e+00,4.826246e-15,9.984790e-14,9.984790e-16
2.962892e+00,4.747263e-15,9.895193e-14,9.895193e-16
2.965735e+00,4.671636e-15,9.799719e-14,9.799719e-16
2.968578e+00,4.583446e-15,9.703202e-14,9.703202e-16
2.971422e+00,4.500251e-15,9.595578e-14,9.595578e-16
2.974265e+00,4.404719e-15,9.477381e-14,9.477381e-16
2.977109e+00,4.332262e-15,9.372635e-14,9.372635e-16
2.979952e+00,4.242040e-15,9.284023e-14,9.284023e-16
2.982796e+00,4.172628e-15,9.189051e-14,9.189051e-16
2.985639e+00,4.097997e-15,9.079568e-14,9.079568e-16
2.988483e+00,4.035038e-15,8.968710e-14,8.968710e-16
2.991326e+00,3.992530e-15,8.874356e-14,8.874356e-16
2.994170e+00,3.949883e-15,8.795518e-14,8.795518e-16
2.997013e+00,3.922108e-15,8.708839e-14,8.708839e-16
2.999857e+00,3.923121e-15,8.599516e-14,8.599516e-16
3.002700e+00,3.918104e-15,8.483777e-14,8.483777e-16
3.005544e+00,3.923907e-15,8.382060e-14,8.382060e-16
3.008387e+00,3.948227e-15,8.291360e-14,8.291360e-16
3.011230e+00,3.959300e-15,8.202458e-14,8.202458e-16
3.014074e+00,3.968469e-15,8.124134e-14,8.124134e-16
3.016917e+00,4.004262e-15,8.069456e-14,8.069456e-16
3.019761e+00,4.027233e-15,8.029533e-14,8.029533e-16
3.022604e+00,4.052202e-15,7.988900e-14,7.988900e-16
3.025448e+00,4.064325e-15,7.949790e-14,7.949790e-16
3.028291e+00,4.067989e-15,7.917225e-14,7.917225e-16
3.031135e+00,4.052091e-15,7.890178e-14,7.890178e-16
3.033978e+00,4.046311e-15,7.870727e-14,7.870727e-16
3.036822e+00,4.020181e-15,7.855489e-14,7.855489e-16
3.039665e+00,4.007044e-15,7.837129e-14,7.837129e-16
3.042509e+00,3.975056e-15,7.813985e-14,7.813985e-16
3.045352e+00,3.954485e-15,7.792521e-14,7.792521e-16
3.048195e+00,3.932811e-15,7.777440e-14,7.777440e-16
3.051039e+00,3.919122e-15,7.751498e-14,7.751498e-16
3.053882e+00,3.889896e-15,7.708676e-14,7.708676e-16
3.056726e+00,3.852489e-15,7.671029e-14,7.671029e-16
3.059569e+00,3.824999e-15,7.637360e-14,7.637360e-16
3.062413e+00,3.798452e-15,7.599079e-14,7.599079e-16
3.065256e+00,3.780776e-15,7.561194e-14,7.561194e-16
3.068100e+00,3.763721e-15,7.516175e-14,7.516175e-16
3.070943e+00,3.749382e-15,7.474732e-14,7.474732e-16
3.073787e+00,3.748551e-15,7.453058e-14,7.453058e-16
3.076630e+00,3.748015e-15,7.427819e-14,7.427819e-16
3.079474e+00,3.747134e-15,7.393291e-14,7.393291e-16
3.082317e+00,3.732826e-15,7.374759e-14,7.374759e-16
3.085161e+00,3.721017e-15,7.368192e-14,7.368192e-16
3.088004e+00,3.719151e-15,7.352938e-14,7.352938e-16
3.090847e+00,3.697559e-15,7.339802e-14,7.339802e-16
3.093691e+00,3.698662e-15,7.360277e-14,7.360277e-16
3.096534e+00,3.693578e-15,7.402396e-14,7.402396e-16
3.099378e+00,3.675621e-15,7.422490e-14,7.422490e-16
3.102221e+00,3.639716e-15,7.431852e-14,7.431852e-16
3.105065e+00,3.650494e-15,7.468878e-14,7.468878e-16
3.107908e+00,3.630966e-15,7.524331e-14,7.524331e-16
3.110752e+00,3.617770e-15,7.571565e-14,7.571565e-16
3.113595e+00,3.599250e-15,7.607675e-14,7.607675e-16
3.116439e+00,3.580437e-15,7.635573e-14,7.635573e-16
3.119282e+00,3.567105e-15,7.657113e-14,7.657113e-16
3.122126e+00,3.545897e-15,7.673584e-14,7.673584e-16
3.124969e+00,3.524968e-15,7.695388e-14,7.695388e-16
3.127813e+00,3.519818e-15,7.741824e-14,7.741824e-16
3.130656e+00,3.509576e-15,7.789465e-14,7.789465e-16
3.133499e+00,3.498620e-15,7.808945e-14,7.808945e-16
3.136343e+00,3.490494e-15,7.826739e-14,7.826739e-16
3.139186e+00,3.483568e-15,7.860732e-14,7.860732e-16
3.142030e+00,3.488816e-15,7.887183e-14,7.887183e-16
3.144873e+00,3.480968e-15,7.902596e-14,7.902596e-16
3.147717e+00,3.489430e-15,7.919382e-14,7.919382e-16
3.150560e+00,3.504532e-15,7.927894e-14,7.927894e-16
3.153404e+00,3.503669e-15,7.918614e-14,7.918614e-16
3.156247e+00,3.504578e-15,7.904626e-14,7.904626e-16
3.159091e+00,3.521962e-15,7.901674e-14,7.901674e-16
3.161934e+00,3.544393e-15,7.903414e-14,7.903414e-16
3.164778e+00,3.556094e-15,7.886697e-14,7.886697e-16
3.167621e+00,3.593549e-15,7.852823e-14,7.852823e-16
3.170465e+00,3.621539e-15,7.828233e-14,7.828233e-16
3.173308e+00,3.644566e-15,7.815275e-14,7.815275e-16
3.176151e+00,3.665549e-15,7.805848e-14,7.805848e-16
3.178995e+00,3.679750e-15,7.797900e-14,7.797900e-16
3.181838e+00,3.699899e-15,7.785161e-14,7.785161e-16
3.184682e+00,3.709859e-15,7.777183e-14,7.777183e-16
3.187525e+00,3.736491e-15,7.793148e-14,7.793148e-16
3.190369e+00,3.759300e-15,7.824752e-14,7.824752e-16
3.193212e+00,3.768882e-15,7.857509e-14,7.857509e-16
3.196056e+00,3.772696e-15,7.898977e-14,7.898977e-16
3.198899e+00,3.815386e-15,7.947819e-14,7.947819e-16
3.201743e+00,3.825845e-15,7.984789e-14,7.984789e-16
3.204586e+00,3.830346e-15,8.006929e-14,8.006929e-16
3.207430e+00,3.839801e-15,8.021718e-14,8.021718e-16
3.210273e+00,3.860090e-15,8.025650e-14,8.025650e-16
3.213117e+00,3.862478e-15,8.018674e-14,8.018674e-16
3.215960e+00,3.862954e-15,7.999619e-14,7.999619e-16
3.218803e+00,3.872602e-15,7.959485e-14,7.959485e-16
3.221647e+00,3.867966e-15,7.897994e-14,7.897994e-16
3.224490e+00,3.858610e-15,7.824176e-14,7.824176e-16
3.227334e+00,3.855309e-15,7.740336e-14,7.740336e-16
3.230177e+00,3.826492e-15,7.639811e-14,7.639811e-16
3.233021e+00,3.796829e-15,7.520011e-14,7.520011e-16
3.235864e+00,3.758451e-15,7.393522e-14,7.393522e-16
3.238708e+00,3.715147e-15,7.272325e-14,7.272325e-16
3.241551e+00,3.678181e-15,7.150079e-14,7.150079e-16
3.244395e+00,3.617318e-15,7.011574e-14,7.011574e-16
3.247238e+00,3.547864e-15,6.848705e-14,6.848705e-16
3.250082e+00,3.473464e-15,6.663691e-14,6.663691e-16
3.252925e+00,3.386833e-15,6.468836e-14,6.468836e-16
3.255769e+00,3.305361e-15,6.278141e-14,6.278141e-16
3.258612e+00,3.210826e-15,6.087169e-14,6.087169e-16
3.261455e+00,3.128450e-15,5.888079e-14,5.888079e-16
3.264299e+00,3.040429e-15,5.691607e-14,5.691607e-16
3.267142e+00,2.956307e-15,5.518987e-14,5.518987e-16
3.269986e+00,2.887109e-15,5.370117e-14,5.370117e-16
3.272829e+00,2.828582e-15,5.230841e-14,5.230841e-16
3.275673e+00,2.758387e-15,5.103595e-14,5.103595e-16
3.278516e+00,2.697314e-15,4.994225e-14,4.994225e-16
3.281360e+00,2.642066e-15,4.901869e-14,4.901869e-16
3.284203e+00,2.606641e-15,4.828179e-14,4.828179e-16
3.287047e+00,2.557113e-15,4.764307e-14,4.764307e-16
3.289890e+00,2.529509e-15,4.704192e-14,4.704192e-16
3.292734e+00,2.517429e-15,4.653885e-14,4.653885e-16
3.295577e+00,2.492031e-15,4.611118e-14,4.611118e-16
3.298420e+00,2.474339e-15,4.568361e-14,4.568361e-16
3.301264e+00,2.472441e-15,4.516334e-14,4.516334e-16
3.304107e+00,2.463061e-15,4.464175e-14,4.464175e-16
3.306951e+00,2.462061e-15,4.429447e-14,4.429447e-16
3.309794e+00,2.455751e-15,4.404172e-14,4.404172e-16
3.312638e+00,2.430112e-15,4.378707e-14,4.378707e-16
3.315481e+00,2.415621e-15,4.349215e-14,4.349215e-16
3.318325e+00,2.407477e-15,4.315874e-14,4.315874e-16
3.321168e+00,2.396298e-15,4.295793e-14,4.295793e-16
3.324012e+00,2.382550e-15,4.282677e-14,4.282677e-16
3.326855e+00,2.365567e-15,4.251999e-14,4.251999e-16
3.329699e+00,2.341042e-15,4.210454e-14,4.210454e-16
3.332542e+00,2.306297e-15,4.179909e-14,4.179909e-16
3.335386e+00,2.285757e-15,4.165189e-14,4.165189e-16
3.338229e+00,2.264378e-15,4.150808e-14,4.150808e-16
3.341072e+00,2.249658e-15,4.127765e-14,4.127765e-16
3.343916e+00,2.220388e-15,4.116569e-14,4.116569e-16
3.346759e+00,2.200374e-15,4.127524e-14,4.127524e-16
3.349603e+00,2.196224e-15,4.141917e-14,4.141917e-16
3.352446e+00,2.187055e-15,4.149501e-14,4.149501e-16
3.355290e+00,2.177357e-15,4.172957e-14,4.172957e-16
3.358133e+00,2.200004e-15,4.231494e-14,4.231494e-16
3.360977e+00,2.206464e-15,4.295150e-14,4.295150e-16
3.363820e+00,2.216162e-15,4.343405e-14,4.343405e-16
3.366664e+00,2.245448e-15,4.400970e-14,4.400970e-16
3.369507e+00,2.267723e-15,4.469243e-14,4.469243e-16
3.372351e+00,2.279344e-15,4.533111e-14,4.533111e-16
3.375194e+00,2.306150e-15,4.598018e-14,4.598018e-16
3.378038e+00,2.352188e-15,4.659672e-14,4.659672e-16
3.380881e+00,2.381849e-15,4.706048e-14,4.706048e-16
3.383724e+00,2.408048e-15,4.753264e-14,4.753264e-16
3.386568e+00,2.440827e-15,4.813882e-14,4.813882e-16
3.389411e+00,2.487881e-15,4.865309e-14,4.865309e-16
3.392255e+00,2.505950e-15,4.886695e-14,4.886695e-16
3.395098e+00,2.530082e-15,4.882090e-14,4.882090e-16
3.397942e+00,2.543400e-15,4.865815e-14,4.865815e-16
3.400785e+00,2.543267e-15,4.846307e-14,4.846307e-16
3.403629e+00,2.549356e-15,4.813453e-14,4.813453e-16
3.406472e+00,2.544355e-15,4.753796e-14,4.753796e-16
3.409316e+00,2.517346e-15,4.680892e-14,4.680892e-16
3.412159e+00,2.499407e-15,4.612934e-14,4.612934e-16
3.415003e+00,2.482556e-15,4.549187e-14,4.549187e-16
3.417846e+00,2.452342e-15,4.486617e-14,4.486617e-16
3.420690e+00,2.423835e-15,4.417990e-14,4.417990e-16
3.423533e+00,2.407042e-15,4.342354e-14,4.342354e-16
3.426376e+00,2.377101e-15,4.277167e-14,4.277167e-16
3.429220e+00,2.337878e-15,4.229983e-14,4.229983e-16
3.432063e+00,2.319471e-15,4.193573e-14,4.193573e-16
3.434907e+00,2.301072e-15,4.169897e-14,4.169897e-16
3.437750e+00,2.278505e-15,4.158166e-14,4.158166e-16
3.440594e+00,2.263957e-15,4.152602e-14,4.152602e-16
3.443437e+00,2.239434e-15,4.157405e-14,4.157405e-16
3.446281e+00,2.241250e-15,4.170605e-14,4.170605e-16
3.449124e+00,2.228619e-15,4.184146e-14,4.184146e-16
3.451968e+00,2.225659e-15,4.210972e-14,4.210972e-16
3.454811e+00,2.223349e-15,4.267578e-14,4.267578e-16
3.457655e+00,2.241985e-15,4.335759e-14,4.335759e-16
3.460498e+00,2.243678e-15,4.394389e-14,4.394389e-16
3.463342e+00,2.259813e-15,4.453369e-14,4.453369e-16
3.466185e+00,2.254721e-15,4.514436e-14,4.514436e-16
3.469028e+00,2.271091e-15,4.577122e-14,4.577122e-16
3.471872e+00,2.285647e-15,4.659016e-14,4.659016e-16
3.474715e+00,2.299367e-15,4.750106e-14,4.750106e-16
3.477559e+00,2.331353e-15,4.826730e-14,4.826730e-16
3.480402e+00,2.347561e-15,4.900145e-14,4.900145e-16
3.483246e+00,2.368836e-15,4.977810e-14,4.977810e-16
3.486089e+00,2.381115e-15,5.044430e-14,5.044430e-16
3.488933e+00,2.406074e-15,5.100189e-14,5.100189e-16
3.491776e+00,2.420411e-15,5.160493e-14,5.160493e-16
3.494620e+00,2.449019e-15,5.228275e-14,5.228275e-16
3.497463e+00,2.467914e-15,5.291623e-14,5.291623e-16
3.500307e+00,2.485062e-15,5.341874e-14,5.341874e-16
3.503150e+00,2.502622e-15,5.384546e-14,5.384546e-16
3.505994e+00,2.516912e-15,5.422311e-14,5.422311e-16
3.508837e+00,2.541619e-15,5.449087e-14,5.449087e-16
3.511680e+00,2.531324e-15,5.473725e-14,5.473725e-16
3.514524e+00,2.558096e-15,5.506720e-14,5.506720e-16
3.517367e+00,2.576800e-15,5.531733e-14,5.531733e-16
3.520211e+00,2.583097e-15,5.538656e-14,5.538656e-16
3.523054e+00,2.587262e-15,5.542429e-14,5.542429e-16
3.525898e+00,2.600054e-15,5.542980e-14,5.542980e-16
3.528741e+00,2.604614e-15,5.534720e-14,5.534720e-16
3.531585e+00,2.611267e-15,5.524078e-14,5.524078e-16
3.534428e+00,2.618691e-15,5.510370e-14,5.510370e-16
3.537272e+00,2.613984e-15,5.491508e-14,5.491508e-16
3.540115e+00,2.620231e-15,5.470410e-14,5.470410e-16
3.542959e+00,2.616580e-15,5.444806e-14,5.444806e-16
3.545802e+00,2.617182e-15,5.408545e-14,5.408545e-16
3.548645e+00,2.611507e-15,5.364847e-14,5.364847e-16
3.551489e+00,2.613285e-15,5.319273e-14,5.319273e-16
3.554332e+00,2.604134e-15,5.266380e-14,5.266380e-16
3.557176e+00,2.584072e-15,5.201083e-14,5.201083e-16
3.560019e+00,2.564045e-15,5.122153e-14,5.122153e-16
3.562863e+00,2.531681e-15,5.030651e-14,5.030651e-16
3.565706e+00,2.495566e-15,4.931709e-14,4.931709e-16
3.568550e+00,2.451942e-15,4.827003e-14,4.827003e-16
3.571393e+00,2.430641e-15,4.718956e-14,4.718956e-16
3.574237e+00,2.380214e-15,4.611046e-14,4.611046e-16
3.577080e+00,2.344485e-15,4.503676e-14,4.503676e-16
3.579924e+00,2.295596e-15,4.400684e-14,4.400684e-16
3.582767e+00,2.257884e-15,4.303141e-14,4.303141e-16
3.585611e+00,2.216345e-15,4.212262e-14,4.212262e-16
3.588454e+00,2.184639e-15,4.133939e-14,4.133939e-16
3.591297e+00,2.137224e-15,4.065006e-14,4.065006e-16
3.594141e+00,2.091911e-15,4.000899e-14,4.000899e-16
3.596984e+00,2.051338e-15,3.948395e-14,3.948395e-16
3.599828e+00,2.024602e-15,3.911099e-14,3.911099e-16
3.602671e+00,2.000977e-15,3.881550e-14,3.881550e-16
3.605515e+00,1.984559e-15,3.855273e-14,3.855273e-16
3.608358e+00,1.951072e-15,3.833951e-14,3.833951e-16
3.611202e+00,1.930366e-15,3.817898e-14,3.817898e-16
3.614045e+00,1.919480e-15,3.799172e-14,3.799172e-16
3.616889e+00,1.901681e-15,3.775057e-14,3.775057e-16
3.619732e+00,1.874748e-15,3.754835e-14,3.754835e-16
3.622576e+00,1.880320e-15,3.741819e-14,3.741819e-16
3.625419e+00,1.871354e-15,3.730699e-14,3.730699e-16
3.628263e+00,1.854142e-15,3.717140e-14,3.717140e-16
3.631106e+00,1.847855e-15,3.698993e-14,3.698993e-16
3.633949e+00,1.842073e-15,3.675565e-14,3.675565e-16
3.636793e+00,1.838062e-15,3.647590e-14,3.647590e-16
3.639636e+00,1.829790e-15,3.621727e-14,3.621727e-16
3.642480e+00,1.825201e-15,3.605521e-14,3.605521e-16
3.645323e+00,1.832037e-15,3.594491e-14,3.594491e-16
3.648167e+00,1.837052e-15,3.577570e-14,3.577570e-16
3.651010e+00,1.828277e-15,3.550954e-14,3.550954e-16
3.653854e+00,1.820553e-15,3.523105e-14,3.523105e-16
3.656697e+00,1.818952e-15,3.498338e-14,3.498338e-16
3.659541e+00,1.818037e-15,3.469905e-14,3.469905e-16
3.662384e+00,1.823989e-15,3.442522e-14,3.442522e-16
3.665228e+00,1.813752e-15,3.421310e-14,3.421310e-16
3.668071e+00,1.808514e-15,3.392408e-14,3.392408e-16
3.670915e+00,1.799582e-15,3.350574e-14,3.350574e-16
3.673758e+00,1.792067e-15,3.314882e-14,3.314882e-16
3.676601e+00,1.786861e-15,3.290536e-14,3.290536e-16
3.679445e+00,1.784434e-15,3.266036e-14,3.266036e-16
3.682288e+00,1.776572e-15,3.244492e-14,3.244492e-16
3.685132e+00,1.783053e-15,3.236147e-14,3.236147e-16
3.687975e+00,1.787861e-15,3.236031e-14,3.236031e-16
3.690819e+00,1.785913e-15,3.236554e-14,3.236554e-16
3.693662e+00,1.769558e-15,3.240298e-14,3.240298e-16
3.696506e+00,1.773605e-15,3.262966e-14,3.262966e-16
3.699349e+00,1.795822e-15,3.309904e-14,3.309904e-16
3.702193e+00,1.807251e-15,3.359223e-14,3.359223e-16
3.705036e+00,1.813117e-15,3.396895e-14,3.396895e-16
3.707880e+00,1.819075e-15,3.434157e-14,3.434157e-16
3.710723e+00,1.825531e-15,3.477484e-14,3.477484e-16
3.713567e+00,1.833254e-15,3.516720e-14,3.516720e-16
3.716410e+00,1.847073e-15,3.536956e-14,3.536956e-16
3.719253e+00,1.839056e-15,3.546776e-14,3.546776e-16
3.722097e+00,1.844194e-15,3.559480e-14,3.559480e-16
3.724940e+00,1.842072e-15,3.567801e-14,3.567801e-16
3.727784e+00,1.839872e-15,3.571595e-14,3.571595e-16
3.730627e+00,1.841660e-15,3.573477e-14,3.573477e-16
3.733471e+00,1.840005e-15,3.571958e-14,3.571958e-16
3.736314e+00,1.832985e-15,3.571710e-14,3.571710e-16
3.739158e+00,1.822935e-15,3.564919e-14,3.564919e-16
3.742001e+00,1.816626e-15,3.545265e-14,3.545265e-16
3.744845e+00,1.807736e-15,3.522773e-14,3.522773e-16
3.747688e+00,1.807032e-15,3.499374e-14,3.499374e-16
3.750532e+00,1.796436e-15,3.468938e-14,3.468938e-16
3.753375e+00,1.790237e-15,3.436242e-14,3.436242e-16
3.756219e+00,1.774657e-15,3.412397e-14,3.412397e-16
3.759062e+00,1.762920e-15,3.390592e-14,3.390592e-16
3.761905e+00,1.754529e-15,3.350224e-14,3.350224e-16
3.764749e+00,1.736535e-15,3.296659e-14,3.296659e-16
3.767592e+00,1.720652e-15,3.253520e-14,3.253520e-16
3.770436e+00,1.715695e-15,3.219350e-14,3.219350e-16
3.773279e+00,1.703635e-15,3.176019e-14,3.176019e-16
3.776123e+00,1.690110e-15,3.130940e-14,3.130940e-16
3.778966e+00,1.688600e-15,3.099057e-14,3.099057e-16
3.781810e+00,1.675934e-15,3.065608e-14,3.065608e-16
3.784653e+00,1.658294e-15,3.015946e-14,3.015946e-16
3.787497e+00,1.649057e-15,2.966368e-14,2.966368e-16
3.790340e+00,1.638163e-15,2.932222e-14,2.932222e-16
3.793184e+00,1.632209e-15,2.913727e-14,2.913727e-16
3.796027e+00,1.621159e-15,2.904638e-14,2.904638e-16
3.798871e+00,1.617956e-15,2.892737e-14,2.892737e-16
3.801714e+00,1.611556e-15,2.884286e-14,2.884286e-16
3.804557e+00,1.600606e-15,2.895572e-14,2.895572e-16
3.807401e+00,1.603988e-15,2.910501e-14,2.910501e-16
3.810244e+00,1.603157e-15,2.912410e-14,2.912410e-16
3.813088e+00,1.583510e-15,2.922766e-14,2.922766e-16
3.815931e+00,1.584409e-15,2.946433e-14,2.946433e-16
3.818775e+00,1.574074e-15,2.957912e-14,2.957912e-16
3.821618e+00,1.567560e-15,2.951019e-14,2.951019e-16
3.824462e+00,1.557912e-15,2.938678e-14,2.938678e-16
3.827305e+00,1.541584e-15,2.925483e-14,2.925483e-16
3.830149e+00,1.525776e-15,2.901750e-14,2.901750e-16
3.832992e+00,1.521787e-15,2.855169e-14,2.855169e-16
3.835836e+00,1.502628e-15,2.783888e-14,2.783888e-16
3.838679e+00,1.455502e-15,2.699673e-14,2.699673e-16
3.841522e+00,1.439080e-15,2.618362e-14,2.618362e-16
3.844366e+00,1.425105e-15,2.528361e-14,2.528361e-16
3.847209e+00,1.385170e-15,2.414831e-14,2.414831e-16
3.850053e+00,1.358722e-15,2.293187e-14,2.293187e-16
3.852896e+00,1.332685e-15,2.173958e-14,2.173958e-16
3.855740e+00,1.296788e-15,2.058753e-14,2.058753e-16
3.858583e+00,1.267138e-15,1.951383e-14,1.951383e-16
3.861427e+00,1.243038e-15,1.842630e-14,1.842630e-16
3.864270e+00,1.200518e-15,1.738564e-14,1.738564e-16
3.867114e+00,1.177505e-15,1.651276e-14,1.651276e-16
3.869957e+00,1.142254e-15,1.576883e-14,1.576883e-16
3.872801e+00,1.121403e-15,1.512626e-14,1.512626e-16
3.875644e+00,1.107641e-15,1.456787e-14,1.456787e-16
3.878488e+00,1.073959e-15,1.407028e-14,1.407028e-16
3.881331e+00,1.052678e-15,1.364468e-14,1.364468e-16
3.884174e+00,1.042877e-15,1.326625e-14,1.326625e-16
3.887018e+00,1.024476e-15,1.291834e-14,1.291834e-16
3.889861e+00,1.014861e-15,1.263758e-14,1.263758e-16
3.892705e+00,1.006305e-15,1.242148e-14,1.242148e-16
3.895548e+00,9.976591e-16,1.227963e-14,1.227963e-16
3.898392e+00,9.925441e-16,1.228807e-14,1.228807e-16
3.901235e+00,9.908283e-16,1.240576e-14,1.240576e-16
3.904079e+00,9.990550e-16,1.262780e-14,1.262780e-16
3.906922e+00,9.972201e-16,1.296710e-14,1.296710e-16
3.909766e+00,1.013712e-15,1.333495e-14,1.333495e-16
3.912609e+00,1.016795e-15,1.369061e-14,1.369061e-16
3.915453e+00,1.023948e-15,1.406922e-14,1.406922e-16
3.918296e+00,1.032664e-15,1.444421e-14,1.444421e-16
3.921140e+00,1.044195e-15,1.484767e-14,1.484767e-16
3.923983e+00,1.063964e-15,1.531699e-14,1.531699e-16
3.926826e+00,1.081491e-15,1.576932e-14,1.576932e-16
3.929670e+00,1.084387e-15,1.613861e-14,1.613861e-16
3.932513e+00,1.095884e-15,1.652131e-14,1.652131e-16
3.935357e+00,1.117481e-15,1.702980e-14,1.702980e-16
3.938200e+00,1.140242e-15,1.759716e-14,1.759716e-16
3.941044e+00,1.162699e-15,1.812032e-14,1.812032e-16
3.943887e+00,1.185167e-15,1.860685e-14,1.860685e-16
3.946731e+00,1.206062e-15,1.913590e-14,1.913590e-16
3.949574e+00,1.222445e-15,1.973327e-14,1.973327e-16
3.952418e+00,1.244907e-15,2.035040e-14,2.035040e-16
3.955261e+00,1.277500e-15,2.096863e-14,2.096863e-16
3.958105e+00,1.294875e-15,2.163677e-14,2.163677e-16
3.960948e+00,1.330656e-15,2.235716e-14,2.235716e-16
3.963792e+00,1.365520e-15,2.310726e-14,2.310726e-16
3.966635e+00,1.394293e-15,2.388621e-14,2.388621e-16
3.969478e+00,1.428123e-15,2.467072e-14,2.467072e-16
3.972322e+00,1.464614e-15,2.544383e-14,2.544383e-16
3.975165e+00,1.490990e-15,2.622839e-14,2.622839e-16
3.978009e+00,1.524560e-15,2.702875e-14,2.702875e-16
3.980852e+00,1.558826e-15,2.782271e-14,2.782271e-16
3.983696e+00,1.579358e-15,2.858107e-14,2.858107e-16
3.986539e+00,1.595813e-15,2.932507e-14,2.932507e-16
3.989383e+00,1.622786e-15,3.008681e-14,3.008681e-16
3.992226e+00,1.650377e-15,3.080626e-14,3.080626e-16
3.995070e+00,1.668294e-15,3.140352e-14,3.140352e-16
3.997913e+00,1.674636e-15,3.185575e-14,3.185575e-16
4.000757e+00,1.680692e-15,3.222479e-14,3.222479e-16
4.003600e+00,1.679031e-15,3.256297e-14,3.256297e-16
4.006444e+00,1.687711e-15,3.281677e-14,3.281677e-16
4.009287e+00,1.686749e-15,3.302165e-14,3.302165e-16
4.012130e+00,1.691569e-15,3.327868e-14,3.327868e-16
4.014974e+00,1.702964e-15,3.349366e-14,3.349366e-16
4.017817e+00,1.691757e-15,3.354890e-14,3.354890e-16
4.020661e+00,1.692725e-15,3.355753e-14,3.355753e-16
4.023504e+00,1.683061e-15,3.363991e-14,3.363991e-16
4.026348e+00,1.688338e-15,3.374895e-14,3.374895e-16
4.029191e+00,1.683504e-15,3.380129e-14,3.380129e-16
4.032035e+00,1.673533e-15,3.379689e-14,3.379689e-16
4.034878e+00,1.664520e-15,3.377948e-14,3.377948e-16
4.037722e+00,1.660882e-15,3.376488e-14,3.376488e-16
4.040565e+00,1.655879e-15,3.374214e-14,3.374214e-16
4.043409e+00,1.643017e-15,3.365956e-14,3.365956e-16
4.046252e+00,1.632227e-15,3.351153e-14,3.351153e-16
4.049096e+00,1.623614e-15,3.334265e-14,3.334265e-16
4.051939e+00,1.604431e-15,3.313216e-14,3.313216e-16
4.054782e+00,1.589513e-15,3.286104e-14,3.286104e-16
4.057626e+00,1.570871e-15,3.257027e-14,3.257027e-16
4.060469e+00,1.575280e-15,3.221973e-14,3.221973e-16
4.063313e+00,1.559287e-15,3.175543e-14,3.175543e-16
4.066156e+00,1.539199e-15,3.122046e-14,3.122046e-16
4.069000e+00,1.523058e-15,3.068844e-14,3.068844e-16
4.071843e+00,1.513031e-15,3.016802e-14,3.016802e-16
4.074687e+00,1.497798e-15,2.961642e-14,2.961642e-16
4.077530e+00,1.482886e-15,2.897652e-14,2.897652e-16
4.080374e+00,1.457054e-15,2.824297e-14,2.824297e-16
4.083217e+00,1.445591e-15,2.747557e-14,2.747557e-16
4.086061e+00,1.434080e-15,2.674857e-14,2.674857e-16
4.088904e+00,1.415810e-15,2.602779e-14,2.602779e-16
4.091747e+00,1.393728e-15,2.523256e-14,2.523256e-16
4.094591e+00,1.366205e-15,2.444712e-14,2.444712e-16
4.097434e+00,1.343279e-15,2.375872e-14,2.375872e-16
4.100278e+00,1.323868e-15,2.306394e-14,2.306394e-16
4.103121e+00,1.301262e-15,2.235164e-14,2.235164e-16
4.105965e+00,1.291137e-15,2.173719e-14,2.173719e-16
4.108808e+00,1.268470e-15,2.117610e-14,2.117610e-16
4.111652e+00,1.248211e-15,2.060180e-14,2.060180e-16
4.114495e+00,1.221737e-15,2.007726e-14,2.007726e-16
4.117339e+00,1.206341e-15,1.963738e-14,1.963738e-16
4.120182e+00,1.195389e-15,1.925719e-14,1.925719e-16
4.123026e+00,1.184118e-15,1.892101e-14,1.892101e-16
4.125869e+00,1.167066e-15,1.858050e-14,1.858050e-16
4.128713e+00,1.149056e-15,1.825395e-14,1.825395e-16
4.131556e+00,1.134854e-15,1.801050e-14,1.801050e-16
4.134399e+00,1.138235e-15,1.783509e-14,1.783509e-16
4.137243e+00,1.135762e-15,1.770780e-14,1.770780e-16
4.140086e+00,1.131680e-15,1.763462e-14,1.763462e-16
4.142930e+00,1.132761e-15,1.759233e-14,1.759233e-16
4.145773e+00,1.133898e-15,1.758216e-14,1.758216e-16
4.148617e+00,1.135649e-15,1.760951e-14,1.760951e-16
4.151460e+00,1.137178e-15,1.762245e-14,1.762245e-16
4.154304e+00,1.139274e-15,1.766654e-14,1.766654e-16
4.157147e+00,1.141391e-15,1.777949e-14,1.777949e-16
4.159991e+00,1.145434e-15,1.787462e-14,1.787462e-16
4.162834e+00,1.154720e-15,1.794783e-14,1.794783e-16
4.165678e+00,1.155062e-15,1.803902e-14,1.803902e-16
4.168521e+00,1.153689e-15,1.811343e-14,1.811343e-16
4.171365e+00,1.151828e-15,1.813610e-14,1.813610e-16
4.174208e+00,1.148621e-15,1.809026e-14,1.809026e-16
4.177051e+00,1.146820e-15,1.801248e-14,1.801248e-16
4.179895e+00,1.135356e-15,1.796433e-14,1.796433e-16
4.182738e+00,1.131869e-15,1.790341e-14,1.790341e-16
4.185582e+00,1.119117e-15,1.779232e-14,1.779232e-16
4.188425e+00,1.106567e-15,1.768960e-14,1.768960e-16
4.191269e+00,1.092752e-15,1.758072e-14,1.758072e-16
4.194112e+00,1.076911e-15,1.738643e-14,1.738643e-16
4.196956e+00,1.067651e-15,1.715700e-14,1.715700e-16
4.199799e+00,1.056997e-15,1.697362e-14,1.697362e-16
4.202643e+00,1.032438e-15,1.684510e-14,1.684510e-16
4.205486e+00,1.019187e-15,1.676119e-14,1.676119e-16
4.208330e+00,1.014699e-15,1.667155e-14,1.667155e-16
4.211173e+00,1.004413e-15,1.652559e-14,1.652559e-16
4.214017e+00,9.915160e-16,1.636843e-14,1.636843e-16
4.216860e+00,9.855896e-16,1.630891e-14,1.630891e-16
4.219703e+00,9.843503e-16,1.631629e-14,1.631629e-16
4.222547e+00,9.855956e-16,1.626172e-14,1.626172e-16
4.225390e+00,9.855236e-16,1.617016e-14,1.617016e-16
4.228234e+00,9.887056e-16,1.612859e-14,1.612859e-16
4.231077e+00,1.000983e-15,1.608838e-14,1.608838e-16
4.233921e+00,1.013785e-15,1.599806e-14,1.599806e-16
4.236764e+00,1.012706e-15,1.592970e-14,1.592970e-16
4.239608e+00,1.021770e-15,1.590628e-14,1.590628e-16
4.242451e+00,1.038576e-15,1.589578e-14,1.589578e-16
4.245295e+00,1.049044e-15,1.594878e-14,1.594878e-16
4.248138e+00,1.054028e-15,1.607592e-14,1.607592e-16
4.250982e+00,1.058603e-15,1.615227e-14,1.615227e-16
4.253825e+00,1.066033e-15,1.616980e-14,1.616980e-16
4.256669e+00,1.065182e-15,1.621778e-14,1.621778e-16
4.259512e+00,1.061834e-15,1.624547e-14,1.624547e-16
4.262355e+00,1.063550e-15,1.619599e-14,1.619599e-16
4.265199e+00,1.056172e-15,1.610974e-14,1.610974e-16
4.268042e+00,1.052984e-15,1.600477e-14,1.600477e-16
4.270886e+00,1.037010e-15,1.585728e-14,1.585728e-16
4.273729e+00,1.027295e-15,1.566872e-14,1.566872e-16
4.276573e+00,1.019876e-15,1.548439e-14,1.548439e-16
4.279416e+00,1.006177e-15,1.529285e-14,1.529285e-16
4.282260e+00,9.983200e-16,1.505156e-14,1.505156e-16
4.285103e+00,9.869978e-16,1.481814e-14,1.481814e-16
4.287947e+00,9.767010e-16,1.460533e-14,1.460533e-16
4.290790e+00,9.681506e-16,1.434871e-14,1.434871e-16
4.293634e+00,9.640930e-16,1.409494e-14,1.409494e-16
4.296477e+00,9.564122e-16,1.393846e-14,1.393846e-16
4.299321e+00,9.543445e-16,1.384918e-14,1.384918e-16
4.302164e+00,9.441237e-16,1.374023e-14,1.374023e-16
4.305007e+00,9.432448e-16,1.362100e-14,1.362100e-16
4.307851e+00,9.459055e-16,1.356980e-14,1.356980e-16
4.310694e+00,9.449148e-16,1.363533e-14,1.363533e-16
4.313538e+00,9.455852e-16,1.377827e-14,1.377827e-16
4.316381e+00,9.476329e-16,1.392989e-14,1.392989e-16
4.319225e+00,9.476677e-16,1.412194e-14,1.412194e-16
4.322068e+00,9.521552e-16,1.436650e-14,1.436650e-16
4.324912e+00,9.585333e-16,1.467087e-14,1.467087e-16
4.327755e+00,9.685585e-16,1.506131e-14,1.506131e-16
4.330599e+00,9.753906e-16,1.546916e-14,1.546916e-16
4.333442e+00,9.878870e-16,1.583667e-14,1.583667e-16
4.336286e+00,1.004405e-15,1.624279e-14,1.624279e-16
4.339129e+00,1.015585e-15,1.674257e-14,1.674257e-16
4.341972e+00,1.033801e-15,1.725641e-14,1.725641e-16
4.344816e+00,1.038947e-15,1.769291e-14,1.769291e-16
4.347659e+00,1.039204e-15,1.807534e-14,1.807534e-16
4.350503e+00,1.054440e-15,1.846781e-14,1.846781e-16
4.353346e+00,1.058555e-15,1.885533e-14,1.885533e-16
4.356190e+00,1.061013e-15,1.921078e-14,1.921078e-16
4.359033e+00,1.068923e-15,1.954987e-14,1.954987e-16
4.361877e+00,1.073682e-15,1.984529e-14,1.984529e-16
4.364720e+00,1.069114e-15,2.007407e-14,2.007407e-16
4.367564e+00,1.059790e-15,2.025110e-14,2.025110e-16
4.370407e+00,1.068386e-15,2.036747e-14,2.036747e-16
4.373251e+00,1.064080e-15,2.044966e-14,2.044966e-16
4.376094e+00,1.057605e-15,2.053144e-14,2.053144e-16
4.378938e+00,1.050595e-15,2.060228e-14,2.060228e-16
4.381781e+00,1.051665e-15,2.064636e-14,2.064636e-16
4.384624e+00,1.051087e-15,2.064700e-14,2.064700e-16
4.387468e+00,1.047340e-15,2.061739e-14,2.061739e-16
4.390311e+00,1.053571e-15,2.059089e-14,2.059089e-16
4.393155e+00,1.049601e-15,2.056445e-14,2.056445e-16
4.395998e+00,1.048923e-15,2.048649e-14,2.048649e-16
4.398842e+00,1.053693e-15,2.036251e-14,2.036251e-16
4.401685e+00,1.055917e-15,2.025591e-14,2.025591e-16
4.404529e+00,1.065662e-15,2.019994e-14,2.019994e-16
4.407372e+00,1.068700e-15,2.018854e-14,2.018854e-16
4.410216e+00,1.077328e-15,2.017616e-14,2.017616e-16
4.413059e+00,1.085360e-15,2.015531e-14,2.015531e-16
4.415903e+00,1.086537e-15,2.018137e-14,2.018137e-16
4.418746e+00,1.092202e-15,2.019470e-14,2.019470e-16
4.421590e+00,1.101390e-15,2.012699e-14,2.012699e-16
4.424433e+00,1.090948e-15,2.008825e-14,2.008825e-16
4.427276e+00,1.096077e-15,2.014943e-14,2.014943e-16
4.430120e+00,1.100654e-15,2.020136e-14,2.020136e-16
4.432963e+00,1.096737e-15,2.011424e-14,2.011424e-16
4.435807e+00,1.090320e-15,1.988103e-14,1.988103e-16
4.438650e+00,1.086810e-15,1.958516e-14,1.958516e-16
4.441494e+00,1.074035e-15,1.928994e-14,1.928994e-16
4.444337e+00,1.064994e-15,1.899465e-14,1.899465e-16
4.447181e+00,1.052739e-15,1.869585e-14,1.869585e-16
4.450024e+00,1.041865e-15,1.837767e-14,1.837767e-16
4.452868e+00,1.029044e-15,1.801725e-14,1.801725e-16
4.455711e+00,1.015690e-15,1.758752e-14,1.758752e-16
4.458555e+00,9.955444e-16,1.708105e-14,1.708105e-16
4.461398e+00,9.769379e-16,1.656807e-14,1.656807e-16
4.464242e+00,9.596431e-16,1.611575e-14,1.611575e-16
4.467085e+00,9.453583e-16,1.569669e-14,1.569669e-16
4.469928e+00,9.274873e-16,1.525449e-14,1.525449e-16
4.472772e+00,9.099286e-16,1.480188e-14,1.480188e-16
4.475615e+00,8.949054e-16,1.441662e-14,1.441662e-16
4.478459e+00,8.824312e-16,1.410896e-14,1.410896e-16
4.481302e+00,8.615777e-16,1.382048e-14,1.382048e-16
4.484146e+00,8.567627e-16,1.354615e-14,1.354615e-16
4.486989e+00,8.359459e-16,1.328455e-14,1.328455e-16
4.489833e+00,8.290305e-16,1.304012e-14,1.304012e-16
4.492676e+00,8.157955e-16,1.283189e-14,1.283189e-16
4.495520e+00,8.065638e-16,1.262521e-14,1.262521e-16
4.498363e+00,7.917424e-16,1.240094e-14,1.240094e-16
4.501207e+00,7.852643e-16,1.217140e-14,1.217140e-16
4.504050e+00,7.776784e-16,1.193813e-14,1.193813e-16
4.506894e+00,7.715983e-16,1.172997e-14,1.172997e-16
4.509737e+00,7.679590e-16,1.152521e-14,1.152521e-16
4.512580e+00,7.618613e-16,1.128594e-14,1.128594e-16
4.515424e+00,7.604687e-16,1.108034e-14,1.108034e-16
4.518267e+00,7.605407e-16,1.094760e-14,1.094760e-16
4.521111e+00,7.567123e-16,1.082432e-14,1.082432e-16
4.523954e+00,7.567689e-16,1.069205e-14,1.069205e-16
4.526798e+00,7.559464e-16,1.055172e-14,1.055172e-16
4.529641e+00,7.530569e-16,1.041842e-14,1.041842e-16
4.532485e+00,7.495765e-16,1.029949e-14,1.029949e-16
4.535328e+00,7.513749e-16,1.017633e-14,1.017633e-16
4.538172e+00,7.533641e-16,1.008106e-14,1.008106e-16
4.541015e+00,7.537950e-16,1.003407e-14,1.003407e-16
4.543859e+00,7.560955e-16,1.002164e-14,1.002164e-16
4.546702e+00,7.657539e-16,1.005351e-14,1.005351e-16
4.549546e+00,7.643538e-16,1.007926e-14,1.007926e-16
4.552389e+00,7.746347e-16,1.011146e-14,1.011146e-16
4.555232e+00,7.796068e-16,1.023519e-14,1.023519e-16
4.558076e+00,7.786941e-16,1.036693e-14,1.036693e-16
4.560919e+00,7.813330e-16,1.047109e-14,1.047109e-16
4.563763e+00,7.867331e-16,1.065158e-14,1.065158e-16
4.566606e+00,7.896892e-16,1.087430e-14,1.087430e-16
4.569450e+00,7.976289e-16,1.107005e-14,1.107005e-16
4.572293e+00,8.011125e-16,1.127248e-14,1.127248e-16
4.575137e+00,8.035295e-16,1.152292e-14,1.152292e-16
4.577980e+00,8.128453e-16,1.180841e-14,1.180841e-16
4.580824e+00,8.104727e-16,1.206750e-14,1.206750e-16
4.583667e+00,8.110240e-16,1.230836e-14,1.230836e-16
4.586511e+00,8.127100e-16,1.261193e-14,1.261193e-16
4.589354e+00,8.149098e-16,1.298174e-14,1.298174e-16
4.592198e+00,8.252516e-16,1.336162e-14,1.336162e-16
4.595041e+00,8.231052e-16,1.373347e-14,1.373347e-16
4.597884e+00,8.291480e-16,1.411721e-14,1.411721e-16
4.600728e+00,8.361830e-16,1.452381e-14,1.452381e-16
4.603571e+00,8.363400e-16,1.488444e-14,1.488444e-16
4.606415e+00,8.401294e-16,1.512385e-14,1.512385e-16
4.609258e+00,8.357053e-16,1.526314e-14,1.526314e-16
4.612102e+00,8.350302e-16,1.535362e-14,1.535362e-16
4.614945e+00,8.392488e-16,1.540155e-14,1.540155e-16
4.617789e+00,8.409851e-16,1.537598e-14,1.537598e-16
4.620632e+00,8.377297e-16,1.525129e-14,1.525129e-16
4.623476e+00,8.338564e-16,1.504994e-14,1.504994e-16
4.626319e+00,8.350781e-16,1.481370e-14,1.481370e-16
4.629163e+00,8.352427e-16,1.459680e-14,1.459680e-16
4.632006e+00,8.394884e-16,1.441207e-14,1.441207e-16
4.634849e+00,8.352472e-16,1.417497e-14,1.417497e-16
4.637693e+00,8.315027e-16,1.389995e-14,1.389995e-16
4.640536e+00,8.292835e-16,1.369931e-14,1.369931e-16
4.643380e+00,8.255681e-16,1.358481e-14,1.358481e-16
4.646223e+00,8.258761e-16,1.347142e-14,1.347142e-16
4.649067e+00,8.190812e-16,1.332222e-14,1.332222e-16
4.651910e+00,8.168459e-16,1.318273e-14,1.318273e-16
4.654754e+00,8.137276e-16,1.308949e-14,1.308949e-16
4.657597e+00,8.099794e-16,1.308243e-14,1.308243e-16
4.660441e+00,8.131281e-16,1.311967e-14,1.311967e-16
4.663284e+00,8.064085e-16,1.310137e-14,1.310137e-16
4.666128e+00,8.008024e-16,1.308660e-14,1.308660e-16
4.668971e+00,7.977510e-16,1.309334e-14,1.309334e-16
4.671815e+00,7.901486e-16,1.303724e-14,1.303724e-16
4.674658e+00,7.846819e-16,1.298669e-14,1.298669e-16
4.677501e+00,7.841302e-16,1.299282e-14,1.299282e-16
4.680345e+00,7.782988e-16,1.299019e-14,1.299019e-16
4.683188e+00,7.706614e-16,1.295095e-14,1.295095e-16
4.686032e+00,7.677955e-16,1.284248e-14,1.284248e-16
4.688875e+00,7.611830e-16,1.268412e-14,1.268412e-16
4.691719e+00,7.546338e-16,1.259461e-14,1.259461e-16
4.694562e+00,7.568596e-16,1.262786e-14,1.262786e-16
4.697406e+00,7.602175e-16,1.269479e-14,1.269479e-16
4.700249e+00,7.646633e-16,1.270792e-14,1.270792e-16
4.703093e+00,7.603139e-16,1.268280e-14,1.268280e-16
4.705936e+00,7.614935e-16,1.264209e-14,1.264209e-16
4.708780e+00,7.634402e-16,1.260125e-14,1.260125e-16
4.711623e+00,7.717025e-16,1.255721e-14,1.255721e-16
4.714467e+00,7.732803e-16,1.247763e-14,1.247763e-16
4.717310e+00,7.711040e-16,1.237012e-14,1.237012e-16
4.720153e+00,7.741828e-16,1.231084e-14,1.231084e-16
4.722997e+00,7.786050e-16,1.228493e-14,1.228493e-16
4.725840e+00,7.789493e-16,1.221177e-14,1.221177e-16
4.728684e+00,7.715412e-16,1.209292e-14,1.209292e-16
4.731527e+00,7.718122e-16,1.197939e-14,1.197939e-16
4.734371e+00,7.767947e-16,1.185681e-14,1.185681e-16
4.737214e+00,7.638787e-16,1.170307e-14,1.170307e-16
4.740058e+00,7.557766e-16,1.152356e-14,1.152356e-16
4.742901e+00,7.526755e-16,1.136517e-14,1.136517e-16
4.745745e+00,7.487621e-16,1.129110e-14,1.129110e-16
4.748588e+00,7.448162e-16,1.122812e-14,1.122812e-16
4.751432e+00,7.315687e-16,1.107688e-14,1.107688e-16
4.754275e+00,7.267082e-16,1.094070e-14,1.094070e-16
4.757119e+00,7.287648e-16,1.086546e-14,1.086546e-16
4.759962e+00,7.190009e-16,1.074520e-14,1.074520e-16
4.762805e+00,7.161098e-16,1.061063e-14,1.061063e-16
4.765649e+00,7.119124e-16,1.053722e-14,1.053722e-16
4.768492e+00,7.112925e-16,1.050132e-14,1.050132e-16
4.771336e+00,7.157569e-16,1.049674e-14,1.049674e-16
4.774179e+00,7.165911e-16,1.051437e-14,1.051437e-16
4.777023e+00,7.158196e-16,1.052986e-14,1.052986e-16
4.779866e+00,7.144027e-16,1.056548e-14,1.056548e-16
4.782710e+00,7.150049e-16,1.062754e-14,1.062754e-16
4.785553e+00,7.177183e-16,1.071254e-14,1.071254e-16
4.788397e+00,7.188504e-16,1.082918e-14,1.082918e-16
4.791240e+00,7.246444e-16,1.095787e-14,1.095787e-16
4.794084e+00,7.162937e-16,1.110539e-14,1.110539e-16
4.796927e+00,7.258202e-16,1.130836e-14,1.130836e-16
4.799771e+00,7.262020e-16,1.155469e-14,1.155469e-16
4.802614e+00,7.255647e-16,1.182825e-14,1.182825e-16
4.805457e+00,7.262761e-16,1.212642e-14,1.212642e-16
4.808301e+00,7.290347e-16,1.241939e-14,1.241939e-16
4.811144e+00,7.203997e-16,1.268684e-14,1.268684e-16
4.813988e+00,7.284579e-16,1.294997e-14,1.294997e-16
4.816831e+00,7.194074e-16,1.323116e-14,1.323116e-16
4.819675e+00,7.255276e-16,1.351626e-14,1.351626e-16
4.822518e+00,7.225992e-16,1.377654e-14,1.377654e-16
4.825362e+00,7.263344e-16,1.399166e-14,1.399166e-16
4.828205e+00,7.274555e-16,1.415320e-14,1.415320e-16
4.831049e+00,7.308850e-16,1.428255e-14,1.428255e-16
4.833892e+00,7.332644e-16,1.440774e-14,1.440774e-16
4.836736e+00,7.381908e-16,1.453896e-14,1.453896e-16
4.839579e+00,7.466198e-16,1.465319e-14,1.465319e-16
4.842423e+00,7.578400e-16,1.470588e-14,1.470588e-16
4.845266e+00,7.524270e-16,1.472773e-14,1.472773e-16
4.848109e+00,7.560942e-16,1.479225e-14,1.479225e-16
4.850953e+00,7.654249e-16,1.487534e-14,1.487534e-16
4.853796e+00,7.717354e-16,1.490848e-14,1.490848e-16
4.856640e+00,7.761936e-16,1.490840e-14,1.490840e-16
4.859483e+00,7.813803e-16,1.490878e-14,1.490878e-16
4.862327e+00,7.838686e-16,1.488534e-14,1.488534e-16
4.865170e+00,7.817009e-16,1.480583e-14,1.480583e-16
4.868014e+00,7.792698e-16,1.466502e-14,1.466502e-16
4.870857e+00,7.758505e-16,1.447086e-14,1.447086e-16
4.873701e+00,7.744778e-16,1.425200e-14,1.425200e-16
4.876544e+00,7.697953e-16,1.402066e-14,1.402066e-16
4.879388e+00,7.609778e-16,1.373046e-14,1.373046e-16
4.882231e+00,7.535056e-16,1.337603e-14,1.337603e-16
4.885074e+00,7.486867e-16,1.300480e-14,1.300480e-16
4.887918e+00,7.409001e-16,1.261757e-14,1.261757e-16
4.890761e+00,7.269138e-16,1.219690e-14,1.219690e-16
4.893605e+00,7.173424e-16,1.174822e-14,1.174822e-16
4.896448e+00,6.972404e-16,1.127536e-14,1.127536e-16
4.899292e+00,6.853803e-16,1.080582e-14,1.080582e-16
4.902135e+00,6.706881e-16,1.037982e-14,1.037982e-16
4.904979e+00,6.618599e-16,1.000350e-14,1.000350e-16
4.907822e+00,6.476667e-16,9.680094e-15,9.680094e-17
4.910666e+00,6.421429e-16,9.423685e-15,9.423685e-17
4.913509e+00,6.334574e-16,9.213085e-15,9.213085e-17
4.916353e+00,6.260166e-16,9.029435e-15,9.029435e-17
4.919196e+00,6.190064e-16,8.889623e-15,8.889623e-17
4.922040e+00,6.138825e-16,8.799272e-15,8.799272e-17
4.924883e+00,6.126415e-16,8.733098e-15,8.733098e-17
4.927726e+00,6.027925e-16,8.677951e-15,8.677951e-17
4.930570e+00,6.034323e-16,8.646319e-15,8.646319e-17
4.933413e+00,6.050242e-16,8.655218e-15,8.655218e-17
4.936257e+00,6.021484e-16,8.672413e-15,8.672413e-17
4.939100e+00,6.096097e-16,8.694687e-15,8.694687e-17
4.941944e+00,6.110144e-16,8.749864e-15,8.749864e-17
4.944787e+00,6.115297e-16,8.821523e-15,8.821523e-17
4.947631e+00,6.061595e-16,8.880707e-15,8.880707e-17
4.950474e+00,6.106368e-16,8.922309e-15,8.922309e-17
4.953318e+00,6.111230e-16,8.947000e-15,8.947000e-17
4.956161e+00,6.098036e-16,8.966958e-15,8.966958e-17
4.959005e+00,6.094957e-16,8.967871e-15,8.967871e-17
4.961848e+00,6.070341e-16,8.928385e-15,8.928385e-17
4.964692e+00,6.100993e-16,8.874245e-15,8.874245e-17
4.967535e+00,6.116926e-16,8.807261e-15,8.807261e-17
4.970378e+00,6.040303e-16,8.709561e-15,8.709561e-17
4.973222e+00,6.030352e-16,8.626618e-15,8.626618e-17
4.976065e+00,6.050567e-16,8.572753e-15,8.572753e-17
4.978909e+00,6.003921e-16,8.527125e-15,8.527125e-17
4.981752e+00,6.037578e-16,8.487108e-15,8.487108e-17
4.984596e+00,6.004849e-16,8.416615e-15,8.416615e-17
4.987439e+00,5.929048e-16,8.304367e-15,8.304367e-17
4.990283e+00,5.916031e-16,8.223900e-15,8.223900e-17
4.993126e+00,5.943901e-16,8.204704e-15,8.204704e-17
4.995970e+00,5.937423e-16,8.219396e-15,8.219396e-17
4.998813e+00,5.959039e-16,8.232090e-15,8.232090e-17
5.001657e+00,5.952890e-16,8.224045e-15,8.224045e-17
5.004500e+00,6.016836e-16,8.208513e-15,8.208513e-17
5.007344e+00,6.005302e-16,8.211074e-15,8.211074e-17
5.010187e+00,6.043347e-16,8.275209e-15,8.275209e-17
5.013030e+00,6.116578e-16,8.391562e-15,8.391562e-17
5.015874e+00,6.128310e-16,8.477057e-15,8.477057e-17
5.018717e+00,6.161736e-16,8.551590e-15,8.551590e-17
5.021561e+00,6.226459e-16,8.698067e-15,8.698067e-17
5.024404e+00,6.392864e-16,8.901587e-15,8.901587e-17
5.027248e+00,6.413220e-16,9.100932e-15,9.100932e-17
5.030091e+00,6.448454e-16,9.275604e-15,9.275604e-17
5.032935e+00,6.522956e-16,9.465655e-15,9.465655e-17
5.035778e+00,6.576973e-16,9.687176e-15,9.687176e-17
5.038622e+00,6.680245e-16,9.888431e-15,9.888431e-17
5.041465e+00,6.730038e-16,1.002832e-14,1.002832e-16
5.044309e+00,6.717576e-16,1.011715e-14,1.011715e-16
5.047152e+00,6.698385e-16,1.017446e-14,1.017446e-16
5.049996e+00,6.736764e-16,1.021309e-14,1.021309e-16
5.052839e+00,6.699466e-16,1.023133e-14,1.023133e-16
5.055682e+00,6.667659e-16,1.021643e-14,1.021643e-16
5.058526e+00,6.614210e-16,1.019678e-14,1.019678e-16
5.061369e+00,6.514699e-16,1.021484e-14,1.021484e-16
5.064213e+00,6.458327e-16,1.023679e-14,1.023679e-16
5.067056e+00,6.478242e-16,1.020551e-14,1.020551e-16
5.069900e+00,6.415990e-16,1.016245e-14,1.016245e-16
5.072743e+00,6.388841e-16,1.017552e-14,1.017552e-16
5.075587e+00,6.380404e-16,1.018677e-14,1.018677e-16
5.078430e+00,6.356220e-16,1.012079e-14,1.012079e-16
5.081274e+00,6.303336e-16,1.004471e-14,1.004471e-16
5.084117e+00,6.279688e-16,1.000843e-14,1.000843e-16
5.086961e+00,6.244456e-16,9.969168e-15,9.969168e-17
5.089804e+00,6.240554e-16,9.913202e-15,9.913202e-17
5.092648e+00,6.238075e-16,9.870919e-15,9.870919e-17
5.095491e+00,6.210724e-16,9.867808e-15,9.867808e-17
5.098334e+00,6.194996e-16,9.910340e-15,9.910340e-17
5.101178e+00,6.252662e-16,9.908240e-15,9.908240e-17
5.104021e+00,6.192921e-16,9.765119e-15,9.765119e-17
5.106865e+00,6.098872e-16,9.568416e-15,9.568416e-17
5.109708e+00,6.045089e-16,9.434024e-15,9.434024e-17
5.112552e+00,5.955723e-16,9.286943e-15,9.286943e-17
5.115395e+00,5.894830e-16,9.083527e-15,9.083527e-17
5.118239e+00,5.813523e-16,8.891722e-15,8.891722e-17
5.121082e+00,5.786173e-16,8.680075e-15,8.680075e-17
5.123926e+00,5.674710e-16,8.410093e-15,8.410093e-17
5.126769e+00,5.572732e-16,8.143421e-15,8.143421e-17
5.129613e+00,5.484418e-16,7.894171e-15,7.894171e-17
5.132456e+00,5.388942e-16,7.643730e-15,7.643730e-17
5.135299e+00,5.301273e-16,7.405548e-15,7.405548e-17
5.138143e+00,5.269748e-16,7.147798e-15,7.147798e-17
5.140986e+00,5.148837e-16,6.843885e-15,6.843885e-17
5.143830e+00,5.051124e-16,6.570545e-15,6.570545e-17
5.146673e+00,4.994120e-16,6.361698e-15,6.361698e-17
5.149517e+00,4.969602e-16,6.172857e-15,6.172857e-17
5.152360e+00,4.960987e-16,6.032803e-15,6.032803e-17
5.155204e+00,4.945409e-16,5.950805e-15,5.950805e-17
5.158047e+00,4.922862e-16,5.865738e-15,5.865738e-17
5.160891e+00,4.892278e-16,5.816593e-15,5.816593e-17
5.163734e+00,4.873577e-16,5.812160e-15,5.812160e-17
5.166578e+00,4.893061e-16,5.766263e-15,5.766263e-17
5.169421e+00,4.850036e-16,5.724265e-15,5.724265e-17
5.172265e+00,4.860305e-16,5.763365e-15,5.763365e-17
5.175108e+00,4.930537e-16,5.798860e-15,5.798860e-17
5.177951e+00,4.942502e-16,5.790258e-15,5.790258e-17
5.180795e+00,4.940351e-16,5.807562e-15,5.807562e-17
5.183638e+00,4.974632e-16,5.835860e-15,5.835860e-17
5.186482e+00,4.990110e-16,5.838100e-15,5.838100e-17
5.189325e+00,4.945456e-16,5.853659e-15,5.853659e-17
5.192169e+00,4.961000e-16,5.892877e-15,5.892877e-17
5.195012e+00,4.938436e-16,5.967044e-15,5.967044e-17
5.197856e+00,5.005630e-16,6.085459e-15,6.085459e-17
5.200699e+00,5.000492e-16,6.202043e-15,6.202043e-17
5.203543e+00,4.948240e-16,6.318706e-15,6.318706e-17
5.206386e+00,4.940369e-16,6.463586e-15,6.463586e-17
5.209230e+00,4.979577e-16,6.626535e-15,6.626535e-17
5.212073e+00,4.975803e-16,6.804467e-15,6.804467e-17
5.214917e+00,5.008714e-16,6.982662e-15,6.982662e-17
5.217760e+00,4.985407e-16,7.125626e-15,7.125626e-17
5.220603e+00,4.981660e-16,7.233373e-15,7.233373e-17
5.223447e+00,4.959400e-16,7.343064e-15,7.343064e-17
5.226290e+00,5.038961e-16,7.457209e-15,7.457209e-17
5.229134e+00,5.100728e-16,7.558411e-15,7.558411e-17
5.231977e+00,5.128781e-16,7.648723e-15,7.648723e-17
5.234821e+00,5.111353e-16,7.737786e-15,7.737786e-17
5.237664e+00,5.190754e-16,7.850503e-15,7.850503e-17
5.240508e+00,5.233774e-16,7.989575e-15,7.989575e-17
5.243351e+00,5.284533e-16,8.128400e-15,8.128400e-17
5.246195e+00,5.393464e-16,8.273277e-15,8.273277e-17
5.249038e+00,5.373341e-16,8.434830e-15,8.434830e-17
5.251882e+00,5.426771e-16,8.612944e-15,8.612944e-17
5.254725e+00,5.494283e-16,8.827379e-15,8.827379e-17
5.257569e+00,5.585942e-16,9.063777e-15,9.063777e-17
5.260412e+00,5.636538e-16,9.287762e-15,9.287762e-17
5.263255e+00,5.667017e-16,9.515590e-15,9.515590e-17
5.266099e+00,5.687525e-16,9.776200e-15,9.776200e-17
5.268942e+00,5.799528e-16,1.005473e-14,1.005473e-16
5.271786e+00,5.818666e-16,1.032842e-14,1.032842e-16
5.274629e+00,5.934458e-16,1.060458e-14,1.060458e-16
5.277473e+00,6.019737e-16,1.087870e-14,1.087870e-16
5.280316e+00,6.080492e-16,1.113079e-14,1.113079e-16
5.283160e+00,6.135891e-16,1.135932e-14,1.135932e-16
5.286003e+00,6.224937e-16,1.156178e-14,1.156178e-16
5.288847e+00,6.257350e-16,1.174435e-14,1.174435e-16
5.291690e+00,6.315560e-16,1.192778e-14,1.192778e-16
5.294534e+00,6.382439e-16,1.211755e-14,1.211755e-16
5.297377e+00,6.429379e-16,1.230609e-14,1.230609e-16
5.300221e+00,6.479183e-16,1.247142e-14,1.247142e-16
5.303064e+00,6.540410e-16,1.255929e-14,1.255929e-16
5.305907e+00,6.547145e-16,1.257004e-14,1.257004e-16
5.308751e+00,6.531759e-16,1.256776e-14,1.256776e-16
5.311594e+00,6.552339e-16,1.256926e-14,1.256926e-16
5.314438e+00,6.547784e-16,1.255631e-14,1.255631e-16
5.317281e+00,6.569020e-16,1.250941e-14,1.250941e-16
5.320125e+00,6.544483e-16,1.239619e-14,1.239619e-16
5.322968e+00,6.509773e-16,1.222877e-14,1.222877e-16
5.325812e+00,6.428890e-16,1.203904e-14,1.203904e-16
5.328655e+00,6.375486e-16,1.183714e-14,1.183714e-16
5.331499e+00,6.387074e-16,1.163216e-14,1.163216e-16
5.334342e+00,6.375638e-16,1.141181e-14,1.141181e-16
5.337186e+00,6.281087e-16,1.116584e-14,1.116584e-16
5.340029e+00,6.258230e-16,1.092644e-14,1.092644e-16
5.342873e+00,6.210611e-16,1.070097e-14,1.070097e-16
5.345716e+00,6.162540e-16,1.045581e-14,1.045581e-16
5.348559e+00,6.154750e-16,1.019806e-14,1.019806e-16
5.351403e+00,6.089094e-16,9.960830e-15,9.960830e-17
5.354246e+00,6.045481e-16,9.739948e-15,9.739948e-17
5.357090e+00,6.004384e-16,9.535249e-15,9.535249e-17
5.359933e+00,5.988208e-16,9.355508e-15,9.355508e-17
5.362777e+00,5.965987e-16,9.198930e-15,9.198930e-17
5.365620e+00,5.947125e-16,9.080798e-15,9.080798e-17
5.368464e+00,5.932935e-16,9.004630e-15,9.004630e-17
5.371307e+00,5.870681e-16,8.920706e-15,8.920706e-17
5.374151e+00,5.846035e-16,8.825845e-15,8.825845e-17
5.376994e+00,5.806176e-16,8.779901e-15,8.779901e-17
5.379838e+00,5.777075e-16,8.804185e-15,8.804185e-17
5.382681e+00,5.742824e-16,8.851434e-15,8.851434e-17
5.385524e+00,5.759830e-16,8.880716e-15,8.880716e-17
5.388368e+00,5.744743e-16,8.911055e-15,8.911055e-17
5.391211e+00,5.768249e-16,8.952169e-15,8.952169e-17
5.394055e+00,5.813898e-16,8.963729e-15,8.963729e-17
5.396898e+00,5.759888e-16,8.940302e-15,8.940302e-17
5.399742e+00,5.744385e-16,8.898440e-15,8.898440e-17
5.402585e+00,5.747915e-16,8.835045e-15,8.835045e-17
5.405429e+00,5.706629e-16,8.755169e-15,8.755169e-17
5.408272e+00,5.756114e-16,8.669203e-15,8.669203e-17
5.411116e+00,5.720168e-16,8.569969e-15,8.569969e-17
5.413959e+00,5.637527e-16,8.430950e-15,8.430950e-17
5.416803e+00,5.630501e-16,8.256703e-15,8.256703e-17
5.419646e+00,5.558119e-16,8.103343e-15,8.103343e-17
5.422490e+00,5.516971e-16,7.996565e-15,7.996565e-17
5.425333e+00,5.469009e-16,7.889251e-15,7.889251e-17
5.428176e+00,5.406568e-16,7.746375e-15,7.746375e-17
5.431020e+00,5.297771e-16,7.619895e-15,7.619895e-17
5.433863e+00,5.253053e-16,7.546439e-15,7.546439e-17
5.436707e+00,5.186302e-16,7.505947e-15,7.505947e-17
5.439550e+00,5.124161e-16,7.482136e-15,7.482136e-17
5.442394e+00,5.134856e-16,7.461552e-15,7.461552e-17
5.445237e+00,5.055338e-16,7.434879e-15,7.434879e-17
5.448081e+00,5.034875e-16,7.414222e-15,7.414222e-17
5.450924e+00,4.991262e-16,7.409126e-15,7.409126e-17
5.453768e+00,5.070383e-16,7.413072e-15,7.413072e-17
5.456611e+00,5.046650e-16,7.423719e-15,7.423719e-17
5.459455e+00,5.065437e-16,7.433928e-15,7.433928e-17
5.462298e+00,5.065373e-16,7.443048e-15,7.443048e-17
5.465142e+00,5.102458e-16,7.478625e-15,7.478625e-17
5.467985e+00,5.127269e-16,7.526662e-15,7.526662e-17
5.470828e+00,5.118295e-16,7.549471e-15,7.549471e-17
5.473672e+00,5.152599e-16,7.558790e-15,7.558790e-17
5.476515e+00,5.152582e-16,7.555233e-15,7.555233e-17
5.479359e+00,5.198977e-16,7.526418e-15,7.526418e-17
5.482202e+00,5.102093e-16,7.488302e-15,7.488302e-17
5.485046e+00,5.091246e-16,7.438419e-15,7.438419e-17
5.487889e+00,5.061931e-16,7.381559e-15,7.381559e-17
5.490733e+00,5.053554e-16,7.329628e-15,7.329628e-17
5.493576e+00,5.012011e-16,7.245647e-15,7.245647e-17
5.496420e+00,4.909506e-16,7.136212e-15,7.136212e-17
5.499263e+00,4.896443e-16,7.058670e-15,7.058670e-17
5.502107e+00,4.806973e-16,6.980138e-15,6.980138e-17
5.504950e+00,4.770375e-16,6.852114e-15,6.852114e-17
5.507794e+00,4.677953e-16,6.713166e-15,6.713166e-17
5.510637e+00,4.611700e-16,6.583112e-15,6.583112e-17
5.513480e+00,4.495788e-16,6.454285e-15,6.454285e-17
5.516324e+00,4.425323e-16,6.349665e-15,6.349665e-17
5.519167e+00,4.409592e-16,6.263333e-15,6.263333e-17
5.522011e+00,4.343893e-16,6.157154e-15,6.157154e-17
5.524854e+00,4.326651e-16,6.035619e-15,6.035619e-17
5.527698e+00,4.256213e-16,5.926579e-15,5.926579e-17
5.530541e+00,4.207430e-16,5.824638e-15,5.824638e-17
5.533385e+00,4.166173e-16,5.714179e-15,5.714179e-17
5.536228e+00,4.113788e-16,5.603154e-15,5.603154e-17
5.539072e+00,4.105128e-16,5.477341e-15,5.477341e-17
5.541915e+00,4.054157e-16,5.335028e-15,5.335028e-17
5.544759e+00,4.073572e-16,5.212845e-15,5.212845e-17
5.547602e+00,4.057175e-16,5.106377e-15,5.106377e-17
5.550446e+00,4.008544e-16,4.987905e-15,4.987905e-17
5.553289e+00,4.026438e-16,4.860210e-15,4.860210e-17
5.556132e+00,4.010171e-16,4.720024e-15,4.720024e-17
5.558976e+00,3.921875e-16,4.577045e-15,4.577045e-17
5.561819e+00,3.933730e-16,4.468497e-15,4.468497e-17
5.564663e+00,3.888116e-16,4.354176e-15,4.354176e-17
5.567506e+00,3.837962e-16,4.216599e-15,4.216599e-17
5.570350e+00,3.822982e-16,4.111280e-15,4.111280e-17
5.573193e+00,3.781151e-16,4.057362e-15,4.057362e-17
5.576037e+00,3.727965e-16,4.030638e-15,4.030638e-17
5.578880e+00,3.694196e-16,4.000763e-15,4.000763e-17
5.581724e+00,3.650998e-16,3.980098e-15,3.980098e-17
5.584567e+00,3.660047e-16,3.989060e-15,3.989060e-17
5.587411e+00,3.603239e-16,4.004915e-15,4.004915e-17
5.590254e+00,3.583651e-16,4.056160e-15,4.056160e-17
5.593098e+00,3.586691e-16,4.168015e-15,4.168015e-17
5.595941e+00,3.592025e-16,4.264010e-15,4.264010e-17
5.598784e+00,3.621500e-16,4.345531e-15,4.345531e-17
5.601628e+00,3.625623e-16,4.493731e-15,4.493731e-17
5.604471e+00,3.704543e-16,4.648720e-15,4.648720e-17
5.607315e+00,3.721969e-16,4.726902e-15,4.726902e-17
5.610158e+00,3.729276e-16,4.810903e-15,4.810903e-17
5.613002e+00,3.817958e-16,4.957127e-15,4.957127e-17
5.615845e+00,3.862504e-16,5.117634e-15,5.117634e-17
5.618689e+00,3.968760e-16,5.306042e-15,5.306042e-17
5.621532e+00,4.005131e-16,5.564143e-15,5.564143e-17
5.624376e+00,4.068747e-16,5.851135e-15,5.851135e-17
5.627219e+00,4.141664e-16,6.121114e-15,6.121114e-17
5.630063e+00,4.205071e-16,6.411141e-15,6.411141e-17
5.632906e+00,4.357403e-16,6.747210e-15,6.747210e-17
5.635750e+00,4.418593e-16,7.099500e-15,7.099500e-17
5.638593e+00,4.538441e-16,7.440163e-15,7.440163e-17
5.641436e+00,4.607052e-16,7.778454e-15,7.778454e-17
5.644280e+00,4.654236e-16,8.127089e-15,8.127089e-17
5.647123e+00,4.783273e-16,8.460286e-15,8.460286e-17
5.649967e+00,4.867902e-16,8.732035e-15,8.732035e-17
5.652810e+00,4.955377e-16,8.949691e-15,8.949691e-17
5.655654e+00,5.008220e-16,9.156272e-15,9.156272e-17
5.658497e+00,5.147429e-16,9.353141e-15,9.353141e-17
5.661341e+00,5.171520e-16,9.508921e-15,9.508921e-17
5.664184e+00,5.249243e-16,9.614126e-15,9.614126e-17
5.667028e+00,5.320453e-16,9.674266e-15,9.674266e-17
5.669871e+00,5.337850e-16,9.685413e-15,9.685413e-17
5.672715e+00,5.402661e-16,9.656645e-15,9.656645e-17
5.675558e+00,5.405244e-16,9.614883e-15,9.614883e-17
5.678401e+00,5.420537e-16,9.574190e-15,9.574190e-17
5.681245e+00,5.446035e-16,9.523695e-15,9.523695e-17
5.684088e+00,5.472390e-16,9.456044e-15,9.456044e-17
5.686932e+00,5.465355e-16,9.373737e-15,9.373737e-17
5.689775e+00,5.441660e-16,9.284645e-15,9.284645e-17
5.692619e+00,5.391225e-16,9.202491e-15,9.202491e-17
5.695462e+00,5.369188e-16,9.145068e-15,9.145068e-17
5.698306e+00,5.382099e-16,9.109200e-15,9.109200e-17
5.701149e+00,5.356974e-16,9.060144e-15,9.060144e-17
5.703993e+00,5.270375e-16,8.994082e-15,8.994082e-17
5.706836e+00,5.232991e-16,8.946120e-15,8.946120e-17
5.709680e+00,5.256127e-16,8.922706e-15,8.922706e-17
5.712523e+00,5.237412e-16,8.899561e-15,8.899561e-17
5.715367e+00,5.233368e-16,8.860635e-15,8.860635e-17
5.718210e+00,5.141723e-16,8.802270e-15,8.802270e-17
5.721053e+00,5.104922e-16,8.743279e-15,8.743279e-17
5.723897e+00,5.134019e-16,8.702087e-15,8.702087e-17
5.726740e+00,5.156632e-16,8.662201e-15,8.662201e-17
5.729584e+00,5.076169e-16,8.596792e-15,8.596792e-17
5.732427e+00,5.031505e-16,8.501058e-15,8.501058e-17
5.735271e+00,5.016420e-16,8.394917e-15,8.394917e-17
5.738114e+00,4.993153e-16,8.297840e-15,8.297840e-17
5.740958e+00,4.954889e-16,8.197866e-15,8.197866e-17
5.743801e+00,4.905539e-16,8.080334e-15,8.080334e-17
5.746645e+00,4.850869e-16,7.956827e-15,7.956827e-17
5.749488e+00,4.883338e-16,7.838413e-15,7.838413e-17
5.752332e+00,4.810554e-16,7.717286e-15,7.717286e-17
5.755175e+00,4.818698e-16,7.589287e-15,7.589287e-17
5.758019e+00,4.728345e-16,7.473018e-15,7.473018e-17
5.760862e+00,4.683379e-16,7.365773e-15,7.365773e-17
5.763705e+00,4.651869e-16,7.238702e-15,7.238702e-17
5.766549e+00,4.581302e-16,7.100750e-15,7.100750e-17
5.769392e+00,4.558910e-16,6.987876e-15,6.987876e-17
5.772236e+00,4.519002e-16,6.892380e-15,6.892380e-17
5.775079e+00,4.511122e-16,6.785821e-15,6.785821e-17
5.777923e+00,4.458340e-16,6.666850e-15,6.666850e-17
5.780766e+00,4.366947e-16,6.551419e-15,6.551419e-17
5.783610e+00,4.339281e-16,6.455613e-15,6.455613e-17
5.786453e+00,4.317558e-16,6.386587e-15,6.386587e-17
5.789297e+00,4.259391e-16,6.343022e-15,6.343022e-17
5.792140e+00,4.260847e-16,6.307290e-15,6.307290e-17
5.794984e+00,4.195541e-16,6.263585e-15,6.263585e-17
5.797827e+00,4.206171e-16,6.212594e-15,6.212594e-17
5.800671e+00,4.134922e-16,6.165881e-15,6.165881e-17
5.803514e+00,4.072639e-16,6.136209e-15,6.136209e-17
5.806357e+00,4.061890e-16,6.121852e-15,6.121852e-17
5.809201e+00,4.005921e-16,6.105394e-15,6.105394e-17
5.812044e+00,3.988425e-16,6.076185e-15,6.076185e-17
5.814888e+00,3.937466e-16,6.033454e-15,6.033454e-17
5.817731e+00,3.933700e-16,5.984389e-15,5.984389e-17
5.820575e+00,3.822609e-16,5.938752e-15,5.938752e-17
5.823418e+00,3.851226e-16,5.886323e-15,5.886323e-17
5.826262e+00,3.827374e-16,5.805289e-15,5.805289e-17
5.829105e+00,3.803773e-16,5.690845e-15,5.690845e-17
5.831949e+00,3.747335e-16,5.562254e-15,5.562254e-17
5.834792e+00,3.739557e-16,5.434836e-15,5.434836e-17
5.837636e+00,3.696087e-16,5.292422e-15,5.292422e-17
5.840479e+00,3.632675e-16,5.124762e-15,5.124762e-17
5.843323e+00,3.642417e-16,4.954187e-15,4.954187e-17
5.846166e+00,3.608358e-16,4.789617e-15,4.789617e-17
5.849009e+00,3.568850e-16,4.625580e-15,4.625580e-17
5.851853e+00,3.524712e-16,4.465664e-15,4.465664e-17
5.854696e+00,3.520400e-16,4.323693e-15,4.323693e-17
5.857540e+00,3.494868e-16,4.205608e-15,4.205608e-17
5.860383e+00,3.431152e-16,4.098196e-15,4.098196e-17
5.863227e+00,3.402507e-16,3.995340e-15,3.995340e-17
5.866070e+00,3.395994e-16,3.923523e-15,3.923523e-17
5.868914e+00,3.395287e-16,3.891615e-15,3.891615e-17
5.871757e+00,3.416442e-16,3.879517e-15,3.879517e-17
5.874601e+00,3.398891e-16,3.881031e-15,3.881031e-17
5.877444e+00,3.416383e-16,3.901104e-15,3.901104e-17
5.880288e+00,3.414191e-16,3.934485e-15,3.934485e-17
5.883131e+00,3.418070e-16,3.984027e-15,3.984027e-17
5.885975e+00,3.475327e-16,4.059314e-15,4.059314e-17
5.888818e+00,3.467362e-16,4.152549e-15,4.152549e-17
5.891661e+00,3.498637e-16,4.248036e-15,4.248036e-17
5.894505e+00,3.538224e-16,4.322203e-15,4.322203e-17
5.897348e+00,3.578426e-16,4.371870e-15,4.371870e-17
5.900192e+00,3.592912e-16,4.443256e-15,4.443256e-17
5.903035e+00,3.608696e-16,4.550011e-15,4.550011e-17
5.905879e+00,3.633850e-16,4.673717e-15,4.673717e-17
5.908722e+00,3.710083e-16,4.816007e-15,4.816007e-17
5.911566e+00,3.740357e-16,4.956117e-15,4.956117e-17
5.914409e+00,3.750763e-16,5.070255e-15,5.070255e-17
5.917253e+00,3.812457e-16,5.171745e-15,5.171745e-17
5.920096e+00,3.793215e-16,5.266627e-15,5.266627e-17
5.922940e+00,3.861666e-16,5.362650e-15,5.362650e-17
5.925783e+00,3.904384e-16,5.471676e-15,5.471676e-17
5.928626e+00,3.935590e-16,5.578912e-15,5.578912e-17
5.931470e+00,3.953985e-16,5.662429e-15,5.662429e-17
5.934313e+00,3.960737e-16,5.718802e-15,5.718802e-17
5.937157e+00,4.016482e-16,5.774056e-15,5.774056e-17
5.940000e+00,4.049081e-16,5.853239e-15,5.853239e-17
5.942844e+00,4.101867e-16,5.925640e-15,5.925640e-17
5.945687e+00,4.104347e-16,5.960052e-15,5.960052e-17
5.948531e+00,4.113719e-16,5.989623e-15,5.989623e-17
5.951374e+00,4.083808e-16,6.039397e-15,6.039397e-17
5.954218e+00,4.136572e-16,6.080604e-15,6.080604e-17
5.957061e+00,4.136803e-16,6.093123e-15,6.093123e-17
5.959905e+00,4.117084e-16,6.095717e-15,6.095717e-17
5.962748e+00,4.140176e-16,6.096029e-15,6.096029e-17
5.965592e+00,4.124056e-16,6.085707e-15,6.085707e-17
5.968435e+00,4.123365e-16,6.071197e-15,6.071197e-17
5.971278e+00,4.155428e-16,6.062091e-15,6.062091e-17
5.974122e+00,4.124521e-16,6.048197e-15,6.048197e-17
5.976965e+00,4.129324e-16,6.020755e-15,6.020755e-17
5.979809e+00,4.111607e-16,5.990551e-15,5.990551e-17
5.982652e+00,4.097029e-16,5.971769e-15,5.971769e-17
5.985496e+00,4.100998e-16,5.963850e-15,5.963850e-17
5.988339e+00,4.106327e-16,5.945881e-15,5.945881e-17
5.991183e+00,4.104225e-16,5.913151e-15,5.913151e-17
5.994026e+00,4.087455e-16,5.869656e-15,5.869656e-17
5.996870e+00,4.027920e-16,5.806843e-15,5.806843e-17
5.999713e+00,4.006119e-16,5.736486e-15,5.736486e-17
6.002557e+00,4.012592e-16,5.669546e-15,5.669546e-17
6.005400e+00,3.989718e-16,5.595118e-15,5.595118e-17
6.008244e+00,3.967448e-16,5.507380e-15,5.507380e-17
6.011087e+00,3.908733e-16,5.411634e-15,5.411634e-17
6.013930e+00,3.888714e-16,5.328599e-15,5.328599e-17
6.016774e+00,3.832553e-16,5.269876e-15,5.269876e-17
6.019617e+00,3.837363e-16,5.219288e-15,5.219288e-17
6.022461e+00,3.820119e-16,5.165576e-15,5.165576e-17
6.025304e+00,3.750732e-16,5.111885e-15,5.111885e-17
6.028148e+00,3.697087e-16,5.073519e-15,5.073519e-17
6.030991e+00,3.721628e-16,5.055610e-15,5.055610e-17
6.033835e+00,3.659969e-16,5.049168e-15,5.049168e-17
6.036678e+00,3.669405e-16,5.055740e-15,5.055740e-17
6.039522e+00,3.653387e-16,5.078734e-15,5.078734e-17
6.042365e+00,3.595276e-16,5.110329e-15,5.110329e-17
6.045209e+00,3.605888e-16,5.137963e-15,5.137963e-17
6.048052e+00,3.615511e-16,5.153518e-15,5.153518e-17
6.050896e+00,3.622764e-16,5.153793e-15,5.153793e-17
6.053739e+00,3.589121e-16,5.155788e-15,5.155788e-17
6.056582e+00,3.580671e-16,5.189995e-15,5.189995e-17
6.059426e+00,3.623330e-16,5.251823e-15,5.251823e-17
6.062269e+00,3.637996e-16,5.313957e-15,5.313957e-17
6.065113e+00,3.649724e-16,5.359187e-15,5.359187e-17
6.067956e+00,3.680481e-16,5.387903e-15,5.387903e-17
6.070800e+00,3.680560e-16,5.427440e-15,5.427440e-17
6.073643e+00,3.740892e-16,5.491250e-15,5.491250e-17
6.076487e+00,3.779910e-16,5.559418e-15,5.559418e-17
6.079330e+00,3.827419e-16,5.627416e-15,5.627416e-17
6.082174e+00,3.850281e-16,5.702173e-15,5.702173e-17
6.085017e+00,3.919745e-16,5.791699e-15,5.791699e-17
6.087861e+00,3.932241e-16,5.905585e-15,5.905585e-17
6.090704e+00,3.977195e-16,6.034123e-15,6.034123e-17
6.093548e+00,4.022565e-16,6.149219e-15,6.149219e-17
6.096391e+00,4.077693e-16,6.241500e-15,6.241500e-17
6.099234e+00,4.109966e-16,6.333634e-15,6.333634e-17
6.102078e+00,4.150935e-16,6.452487e-15,6.452487e-17
6.104921e+00,4.182002e-16,6.601151e-15,6.601151e-17
6.107765e+00,4.256314e-16,6.737959e-15,6.737959e-17
6.110608e+00,4.267269e-16,6.828715e-15,6.828715e-17
6.113452e+00,4.288736e-16,6.901840e-15,6.901840e-17
6.116295e+00,4.280052e-16,6.989536e-15,6.989536e-17
6.119139e+00,4.296427e-16,7.091196e-15,7.091196e-17
6.121982e+00,4.305251e-16,7.189320e-15,7.189320e-17
6.124826e+00,4.294933e-16,7.269027e-15,7.269027e-17
6.127669e+00,4.295284e-16,7.337585e-15,7.337585e-17
6.130513e+00,4.280095e-16,7.395722e-15,7.395722e-17
6.133356e+00,4.336505e-16,7.429823e-15,7.429823e-17
6.136200e+00,4.298909e-16,7.452348e-15,7.452348e-17
6.139043e+00,4.316175e-16,7.486405e-15,7.486405e-17
6.141886e+00,4.324909e-16,7.520068e-15,7.520068e-17
6.144730e+00,4.281837e-16,7.521509e-15,7.521509e-17
6.147573e+00,4.259284e-16,7.497759e-15,7.497759e-17
6.150417e+00,4.266948e-16,7.473258e-15,7.473258e-17
6.153260e+00,4.261797e-16,7.432879e-15,7.432879e-17
6.156104e+00,4.265170e-16,7.358136e-15,7.358136e-17
6.158947e+00,4.233017e-16,7.275556e-15,7.275556e-17
6.161791e+00,4.206896e-16,7.203156e-15,7.203156e-17
6.164634e+00,4.194172e-16,7.122862e-15,7.122862e-17
6.167478e+00,4.188103e-16,7.031167e-15,7.031167e-17
6.170321e+00,4.184741e-16,6.944786e-15,6.944786e-17
6.173165e+00,4.123271e-16,6.863544e-15,6.863544e-17
6.176008e+00,4.120610e-16,6.773853e-15,6.773853e-17
6.178851e+00,4.090609e-16,6.673751e-15,6.673751e-17
6.181695e+00,4.065472e-16,6.566716e-15,6.566716e-17
6.184538e+00,4.035134e-16,6.456997e-15,6.456997e-17
6.187382e+00,3.992742e-16,6.351205e-15,6.351205e-17
6.190225e+00,3.918971e-16,6.261215e-15,6.261215e-17
6.193069e+00,3.893159e-16,6.183797e-15,6.183797e-17
6.195912e+00,3.868159e-16,6.102438e-15,6.102438e-17
6.198756e+00,3.805791e-16,6.020719e-15,6.020719e-17
6.201599e+00,3.786411e-16,5.939376e-15,5.939376e-17
6.204443e+00,3.745046e-16,5.843801e-15,5.843801e-17
6.207286e+00,3.713862e-16,5.749893e-15,5.749893e-17
6.210130e+00,3.699486e-16,5.674978e-15,5.674978e-17
6.212973e+00,3.658937e-16,5.612023e-15,5.612023e-17
6.215817e+00,3.593790e-16,5.551701e-15,5.551701e-17
6.218660e+00,3.577247e-16,5.495323e-15,5.495323e-17
6.221503e+00,3.541709e-16,5.450949e-15,5.450949e-17
6.224347e+00,3.493833e-16,5.421662e-15,5.421662e-17
6.227190e+00,3.506640e-16,5.393184e-15,5.393184e-17
6.230034e+00,3.493876e-16,5.354275e-15,5.354275e-17
6.232877e+00,3.489260e-16,5.316584e-15,5.316584e-17
6.235721e+00,3.481752e-16,5.287466e-15,5.287466e-17
6.238564e+00,3.483512e-16,5.260580e-15,5.260580e-17
6.241408e+00,3.500566e-16,5.246791e-15,5.246791e-17
6.244251e+00,3.516189e-16,5.245106e-15,5.245106e-17
6.247095e+00,3.542189e-16,5.227413e-15,5.227413e-17
6.249938e+00,3.508010e-16,5.201088e-15,5.201088e-17
6.252782e+00,3.537417e-16,5.187826e-15,5.187826e-17
6.255625e+00,3.542144e-16,5.167346e-15,5.167346e-17
6.258469e+00,3.541049e-16,5.118965e-15,5.118965e-17
6.261312e+00,3.542016e-16,5.045413e-15,5.045413e-17
6.264155e+00,3.536589e-16,4.957434e-15,4.957434e-17
6.266999e+00,3.488197e-16,4.873774e-15,4.873774e-17
6.269842e+00,3.479196e-16,4.793931e-15,4.793931e-17
6.272686e+00,3.451439e-16,4.709517e-15,4.709517e-17
6.275529e+00,3.437190e-16,4.606343e-15,4.606343e-17
6.278373e+00,3.391799e-16,4.475653e-15,4.475653e-17
6.281216e+00,3.306050e-16,4.341598e-15,4.341598e-17
6.284060e+00,3.314247e-16,4.221933e-15,4.221933e-17
6.286903e+00,3.284269e-16,4.098366e-15,4.098366e-17
6.289747e+00,3.192543e-16,3.964941e-15,3.964941e-17
6.292590e+00,3.190241e-16,3.835723e-15,3.835723e-17
6.295434e+00,3.140627e-16,3.726518e-15,3.726518e-17
6.298277e+00,3.090168e-16,3.640688e-15,3.640688e-17
6.301121e+00,3.067770e-16,3.553214e-15,3.553214e-17
6.303964e+00,3.038000e-16,3.452093e-15,3.452093e-17
6.306807e+00,2.990743e-16,3.374662e-15,3.374662e-17
6.309651e+00,2.997587e-16,3.336836e-15,3.336836e-17
6.312494e+00,2.990189e-16,3.297914e-15,3.297914e-17
6.315338e+00,2.965502e-16,3.235683e-15,3.235683e-17
6.318181e+00,2.918920e-16,3.188115e-15,3.188115e-17
6.321025e+00,2.927882e-16,3.170615e-15,3.170615e-17
6.323868e+00,2.907946e-16,3.163232e-15,3.163232e-17
6.326712e+00,2.914395e-16,3.159402e-15,3.159402e-17
6.329555e+00,2.909301e-16,3.154571e-15,3.154571e-17
6.332399e+00,2.910398e-16,3.144339e-15,3.144339e-17
6.335242e+00,2.891653e-16,3.147337e-15,3.147337e-17
6.338086e+00,2.905782e-16,3.171569e-15,3.171569e-17
6.340929e+00,2.930347e-16,3.203322e-15,3.203322e-17
6.343773e+00,2.910976e-16,3.212635e-15,3.212635e-17
6.346616e+00,2.893824e-16,3.193562e-15,3.193562e-17
6.349459e+00,2.858729e-16,3.191787e-15,3.191787e-17
6.352303e+00,2.886856e-16,3.213968e-15,3.213968e-17
6.355146e+00,2.899592e-16,3.223647e-15,3.223647e-17
6.357990e+00,2.845414e-16,3.230465e-15,3.230465e-17
6.360833e+00,2.850892e-16,3.245363e-15,3.245363e-17
6.363677e+00,2.841990e-16,3.245287e-15,3.245287e-17
6.366520e+00,2.834057e-16,3.235070e-15,3.235070e-17
6.369364e+00,2.826128e-16,3.240209e-15,3.240209e-17
6.372207e+00,2.807984e-16,3.260177e-15,3.260177e-17
6.375051e+00,2.803909e-16,3.281772e-15,3.281772e-17
6.377894e+00,2.798682e-16,3.303424e-15,3.303424e-17
6.380738e+00,2.800954e-16,3.322305e-15,3.322305e-17
6.383581e+00,2.811161e-16,3.322266e-15,3.322266e-17
6.386425e+00,2.813704e-16,3.311205e-15,3.311205e-17
6.389268e+00,2.802256e-16,3.309020e-15,3.309020e-17
6.392111e+00,2.828324e-16,3.311997e-15,3.311997e-17
6.394955e+00,2.835402e-16,3.315271e-15,3.315271e-17
6.397798e+00,2.856751e-16,3.320069e-15,3.320069e-17
6.400642e+00,2.875914e-16,3.326916e-15,3.326916e-17
6.403485e+00,2.877753e-16,3.348293e-15,3.348293e-17
6.406329e+00,2.926667e-16,3.380025e-15,3.380025e-17
6.409172e+00,2.948421e-16,3.409141e-15,3.409141e-17
6.412016e+00,2.951326e-16,3.450686e-15,3.450686e-17
6.414859e+00,2.984287e-16,3.519992e-15,3.519992e-17
6.417703e+00,3.002286e-16,3.597371e-15,3.597371e-17
6.420546e+00,3.033474e-16,3.666949e-15,3.666949e-17
6.423390e+00,3.025636e-16,3.750233e-15,3.750233e-17
6.426233e+00,3.065779e-16,3.849974e-15,3.849974e-17
6.429077e+00,3.063272e-16,3.940407e-15,3.940407e-17
6.431920e+00,3.082496e-16,4.021824e-15,4.021824e-17
6.434763e+00,3.054995e-16,4.091428e-15,4.091428e-17
6.437607e+00,3.066293e-16,4.143217e-15,4.143217e-17
6.440450e+00,3.034787e-16,4.189713e-15,4.189713e-17
6.443294e+00,3.044149e-16,4.226369e-15,4.226369e-17
6.446137e+00,3.011027e-16,4.233810e-15,4.233810e-17
6.448981e+00,3.015601e-16,4.212113e-15,4.212113e-17
6.451824e+00,2.984138e-16,4.173217e-15,4.173217e-17
6.454668e+00,2.936040e-16,4.128005e-15,4.128005e-17
6.457511e+00,2.901271e-16,4.076476e-15,4.076476e-17
6.460355e+00,2.896445e-16,4.015952e-15,4.015952e-17
6.463198e+00,2.879387e-16,3.953302e-15,3.953302e-17
6.466042e+00,2.904595e-16,3.890540e-15,3.890540e-17
6.468885e+00,2.898001e-16,3.828214e-15,3.828214e-17
6.471728e+00,2.903042e-16,3.774976e-15,3.774976e-17
6.474572e+00,2.912931e-16,3.735326e-15,3.735326e-17
6.477415e+00,2.923845e-16,3.697573e-15,3.697573e-17
6.480259e+00,2.934931e-16,3.661408e-15,3.661408e-17
6.483102e+00,2.912649e-16,3.643237e-15,3.643237e-17
6.485946e+00,2.967939e-16,3.655976e-15,3.655976e-17
6.488789e+00,2.937603e-16,3.704423e-15,3.704423e-17
6.491633e+00,2.987831e-16,3.762612e-15,3.762612e-17
6.494476e+00,3.004652e-16,3.804062e-15,3.804062e-17
6.497320e+00,3.030043e-16,3.850528e-15,3.850528e-17
6.500163e+00,3.062881e-16,3.914262e-15,3.914262e-17
6.503007e+00,3.066501e-16,3.969528e-15,3.969528e-17
6.505850e+00,3.097189e-16,4.013705e-15,4.013705e-17
6.508694e+00,3.082929e-16,4.060220e-15,4.060220e-17
6.511537e+00,3.081084e-16,4.112250e-15,4.112250e-17
6.514380e+00,3.132905e-16,4.164415e-15,4.164415e-17
6.517224e+00,3.134772e-16,4.202407e-15,4.202407e-17
6.520067e+00,3.108883e-16,4.225273e-15,4.225273e-17
6.522911e+00,3.092265e-16,4.246382e-15,4.246382e-17
6.525754e+00,3.102514e-16,4.271347e-15,4.271347e-17
6.528598e+00,3.110064e-16,4.302101e-15,4.302101e-17
6.531441e+00,3.132041e-16,4.342750e-15,4.342750e-17
6.534285e+00,3.117490e-16,4.369649e-15,4.369649e-17
6.537128e+00,3.109376e-16,4.375489e-15,4.375489e-17
6.539972e+00,3.087921e-16,4.389428e-15,4.389428e-17
6.542815e+00,3.107375e-16,4.408496e-15,4.408496e-17
6.545659e+00,3.096936e-16,4.404269e-15,4.404269e-17
6.548502e+00,3.104453e-16,4.394631e-15,4.394631e-17
6.551346e+00,3.072871e-16,4.394524e-15,4.394524e-17
6.554189e+00,3.093219e-16,4.402885e-15,4.402885e-17
6.557032e+00,3.114593e-16,4.421208e-15,4.421208e-17
6.559876e+00,3.106587e-16,4.436051e-15,4.436051e-17
6.562719e+00,3.164542e-16,4.449014e-15,4.449014e-17
6.565563e+00,3.170038e-16,4.473408e-15,4.473408e-17
6.568406e+00,3.177805e-16,4.501785e-15,4.501785e-17
6.571250e+00,3.225393e-16,4.522512e-15,4.522512e-17
6.574093e+00,3.231649e-16,4.541599e-15,4.541599e-17
6.576937e+00,3.277652e-16,4.577669e-15,4.577669e-17
6.579780e+00,3.277071e-16,4.630988e-15,4.630988e-17
6.582624e+00,3.291613e-16,4.675771e-15,4.675771e-17
6.585467e+00,3.317932e-16,4.705067e-15,4.705067e-17
6.588311e+00,3.326880e-16,4.734866e-15,4.734866e-17
6.591154e+00,3.333371e-16,4.779549e-15,4.779549e-17
6.593998e+00,3.358674e-16,4.838980e-15,4.838980e-17
6.596841e+00,3.362963e-16,4.889881e-15,4.889881e-17
6.599684e+00,3.386001e-16,4.929313e-15,4.929313e-17
6.602528e+00,3.410626e-16,4.969973e-15,4.969973e-17
6.605371e+00,3.427798e-16,5.001819e-15,5.001819e-17
6.608215e+00,3.425597e-16,5.013385e-15,5.013385e-17
6.611058e+00,3.421468e-16,5.009224e-15,5.009224e-17
6.613902e+00,3.420808e-16,4.988642e-15,4.988642e-17
6.616745e+00,3.431693e-16,4.948431e-15,4.948431e-17
6.619589e+00,3.417949e-16,4.900113e-15,4.900113e-17
6.622432e+00,3.422191e-16,4.841911e-15,4.841911e-17
6.625276e+00,3.424038e-16,4.765113e-15,4.765113e-17
6.628119e+00,3.378740e-16,4.676365e-15,4.676365e-17
6.630963e+00,3.371528e-16,4.577856e-15,4.577856e-17
6.633806e+00,3.366584e-16,4.462886e-15,4.462886e-17
6.636650e+00,3.333312e-16,4.331989e-15,4.331989e-17
6.639493e+00,3.262715e-16,4.195130e-15,4.195130e-17
6.642336e+00,3.210424e-16,4.070464e-15,4.070464e-17
6.645180e+00,3.157988e-16,3.967277e-15,3.967277e-17
6.648023e+00,3.131188e-16,3.860468e-15,3.860468e-17
6.650867e+00,3.093874e-16,3.741320e-15,3.741320e-17
6.653710e+00,3.025685e-16,3.631112e-15,3.631112e-17
6.656554e+00,2.982011e-16,3.536258e-15,3.536258e-17
6.659397e+00,2.939369e-16,3.448831e-15,3.448831e-17
6.662241e+00,2.861351e-16,3.366622e-15,3.366622e-17
6.665084e+00,2.836647e-16,3.294677e-15,3.294677e-17
6.667928e+00,2.800610e-16,3.234856e-15,3.234856e-17
6.670771e+00,2.804065e-16,3.176889e-15,3.176889e-17
6.673615e+00,2.767712e-16,3.131985e-15,3.131985e-17
6.676458e+00,2.756256e-16,3.112268e-15,3.112268e-17
6.679302e+00,2.752244e-16,3.100120e-15,3.100120e-17
6.682145e+00,2.716386e-16,3.091775e-15,3.091775e-17
6.684988e+00,2.731081e-16,3.104002e-15,3.104002e-17
6.687832e+00,2.760336e-16,3.135563e-15,3.135563e-17
6.690675e+00,2.738053e-16,3.180209e-15,3.180209e-17
6.693519e+00,2.786015e-16,3.238262e-15,3.238262e-17
6.696362e+00,2.802937e-16,3.299077e-15,3.299077e-17
6.699206e+00,2.790226e-16,3.364773e-15,3.364773e-17
6.702049e+00,2.802889e-16,3.441334e-15,3.441334e-17
6.704893e+00,2.816763e-16,3.513377e-15,3.513377e-17
6.707736e+00,2.812862e-16,3.569101e-15,3.569101e-17
6.710580e+00,2.825872e-16,3.618360e-15,3.618360e-17
6.713423e+00,2.835019e-16,3.667447e-15,3.667447e-17
6.716267e+00,2.826065e-16,3.709786e-15,3.709786e-17
6.719110e+00,2.806246e-16,3.735482e-15,3.735482e-17
6.721953e+00,2.805471e-16,3.750493e-15,3.750493e-17
6.724797e+00,2.807000e-16,3.764209e-15,3.764209e-17
6.727640e+00,2.809431e-16,3.777558e-15,3.777558e-17
6.730484e+00,2.835772e-16,3.792302e-15,3.792302e-17
6.733327e+00,2.841381e-16,3.803169e-15,3.803169e-17
6.736171e+00,2.832199e-16,3.804545e-15,3.804545e-17
6.739014e+00,2.792628e-16,3.805164e-15,3.805164e-17
6.741858e+00,2.835038e-16,3.807903e-15,3.807903e-17
6.744701e+00,2.848495e-16,3.811267e-15,3.811267e-17
6.747545e+00,2.856563e-16,3.801947e-15,3.801947e-17
6.750388e+00,2.837036e-16,3.781394e-15,3.781394e-17
6.753232e+00,2.851225e-16,3.779396e-15,3.779396e-17
6.756075e+00,2.818226e-16,3.782088e-15,3.782088e-17
6.758919e+00,2.809114e-16,3.759371e-15,3.759371e-17
6.761762e+00,2.808051e-16,3.733503e-15,3.733503e-17
6.764605e+00,2.790907e-16,3.715116e-15,3.715116e-17
6.767449e+00,2.793784e-16,3.686350e-15,3.686350e-17
6.770292e+00,2.734713e-16,3.642209e-15,3.642209e-17
6.773136e+00,2.745463e-16,3.594459e-15,3.594459e-17
6.775979e+00,2.710933e-16,3.548425e-15,3.548425e-17
6.778823e+00,2.698441e-16,3.505433e-15,3.505433e-17
6.781666e+00,2.671756e-16,3.462054e-15,3.462054e-17
6.784510e+00,2.671473e-16,3.416156e-15,3.416156e-17
6.787353e+00,2.622024e-16,3.377656e-15,3.377656e-17
6.790197e+00,2.605929e-16,3.348336e-15,3.348336e-17
6.793040e+00,2.615785e-16,3.306944e-15,3.306944e-17
6.795884e+00,2.557658e-16,3.249205e-15,3.249205e-17
6.798727e+00,2.576177e-16,3.204737e-15,3.204737e-17
6.801571e+00,2.539991e-16,3.172369e-15,3.172369e-17
6.804414e+00,2.552500e-16,3.130149e-15,3.130149e-17
6.807257e+00,2.526649e-16,3.095288e-15,3.095288e-17
6.810101e+00,2.530007e-16,3.074428e-15,3.074428e-17
6.812944e+00,2.509415e-16,3.039251e-15,3.039251e-17
6.815788e+00,2.498877e-16,3.003338e-15,3.003338e-17
6.818631e+00,2.504645e-16,2.995004e-15,2.995004e-17
6.821475e+00,2.535859e-16,2.993595e-15,2.993595e-17
6.824318e+00,2.536549e-16,2.969332e-15,2.969332e-17
6.827162e+00,2.537677e-16,2.930551e-15,2.930551e-17
6.830005e+00,2.515121e-16,2.899139e-15,2.899139e-17
6.832849e+00,2.517627e-16,2.884999e-15,2.884999e-17
6.835692e+00,2.544563e-16,2.882672e-15,2.882672e-17
6.838536e+00,2.504966e-16,2.886901e-15,2.886901e-17
6.841379e+00,2.512149e-16,2.894035e-15,2.894035e-17
6.844223e+00,2.523177e-16,2.907062e-15,2.907062e-17
6.847066e+00,2.510025e-16,2.934868e-15,2.934868e-17
6.849909e+00,2.529980e-16,2.972126e-15,2.972126e-17
6.852753e+00,2.543987e-16,3.008017e-15,3.008017e-17
6.855596e+00,2.522859e-16,3.040756e-15,3.040756e-17
6.858440e+00,2.541170e-16,3.073963e-15,3.073963e-17
6.861283e+00,2.542811e-16,3.112404e-15,3.112404e-17
6.864127e+00,2.534382e-16,3.152804e-15,3.152804e-17
6.866970e+00,2.529474e-16,3.185489e-15,3.185489e-17
6.869814e+00,2.546110e-16,3.210683e-15,3.210683e-17
6.872657e+00,2.508793e-16,3.227196e-15,3.227196e-17
6.875501e+00,2.518321e-16,3.239490e-15,3.239490e-17
6.878344e+00,2.533735e-16,3.259306e-15,3.259306e-17
6.881188e+00,2.537730e-16,3.260391e-15,3.260391e-17
6.884031e+00,2.529159e-16,3.215965e-15,3.215965e-17
6.886875e+00,2.479828e-16,3.156927e-15,3.156927e-17
6.889718e+00,2.472225e-16,3.109656e-15,3.109656e-17
6.892561e+00,2.461270e-16,3.044315e-15,3.044315e-17
6.895405e+00,2.431023e-16,2.960458e-15,2.960458e-17
6.898248e+00,2.423326e-16,2.898387e-15,2.898387e-17
6.901092e+00,2.391614e-16,2.844487e-15,2.844487e-17
6.903935e+00,2.360557e-16,2.771470e-15,2.771470e-17
6.906779e+00,2.347512e-16,2.712089e-15,2.712089e-17
6.909622e+00,2.349758e-16,2.687767e-15,2.687767e-17
6.912466e+00,2.343919e-16,2.665960e-15,2.665960e-17
6.915309e+00,2.321321e-16,2.625979e-15,2.625979e-17
6.918153e+00,2.295656e-16,2.589358e-15,2.589358e-17
6.920996e+00,2.318507e-16,2.584339e-15,2.584339e-17
6.923840e+00,2.308688e-16,2.599560e-15,2.599560e-17
6.926683e+00,2.323540e-16,2.605592e-15,2.605592e-17
6.929527e+00,2.332420e-16,2.613737e-15,2.613737e-17
6.932370e+00,2.355148e-16,2.637281e-15,2.637281e-17
6.935213e+00,2.347303e-16,2.661751e-15,2.661751e-17
6.938057e+00,2.374298e-16,2.690417e-15,2.690417e-17
6.940900e+00,2.379406e-16,2.732795e-15,2.732795e-17
6.943744e+00,2.388584e-16,2.785184e-15,2.785184e-17
6.946587e+00,2.436588e-16,2.845944e-15,2.845944e-17
6.949431e+00,2.474339e-16,2.910079e-15,2.910079e-17
6.952274e+00,2.502782e-16,2.968407e-15,2.968407e-17
6.955118e+00,2.508348e-16,3.017343e-15,3.017343e-17
6.957961e+00,2.517353e-16,3.058241e-15,3.058241e-17
6.960805e+00,2.508418e-16,3.095590e-15,3.095590e-17
6.963648e+00,2.541680e-16,3.144712e-15,3.144712e-17
6.966492e+00,2.541967e-16,3.211532e-15,3.211532e-17
6.969335e+00,2.584143e-16,3.282938e-15,3.282938e-17
6.972178e+00,2.554073e-16,3.353743e-15,3.353743e-17
6.975022e+00,2.597884e-16,3.423624e-15,3.423624e-17
6.977865e+00,2.602818e-16,3.485409e-15,3.485409e-17
6.980709e+00,2.612101e-16,3.534902e-15,3.534902e-17
6.983552e+00,2.591188e-16,3.572829e-15,3.572829e-17
6.986396e+00,2.587408e-16,3.608881e-15,3.608881e-17
6.989239e+00,2.574872e-16,3.648669e-15,3.648669e-17
6.992083e+00,2.598938e-16,3.683351e-15,3.683351e-17
6.994926e+00,2.593592e-16,3.706073e-15,3.706073e-17
6.997770e+00,2.596736e-16,3.718923e-15,3.718923e-17
7.000613e+00,2.613381e-16,3.723478e-15,3.723478e-17
7.003457e+00,2.596485e-16,3.727285e-15,3.727285e-17
7.006300e+00,2.614009e-16,3.730939e-15,3.730939e-17
7.009144e+00,2.608355e-16,3.722538e-15,3.722538e-17
7.011987e+00,2.614759e-16,3.700393e-15,3.700393e-17
7.014830e+00,2.606005e-16,3.679003e-15,3.679003e-17
7.017674e+00,2.596227e-16,3.657403e-15,3.657403e-17
7.020517e+00,2.608954e-16,3.628640e-15,3.628640e-17
7.023361e+00,2.607198e-16,3.604432e-15,3.604432e-17
7.026204e+00,2.571819e-16,3.589585e-15,3.589585e-17
7.029048e+00,2.567095e-16,3.574087e-15,3.574087e-17
7.031891e+00,2.571380e-16,3.548560e-15,3.548560e-17
7.034735e+00,2.563877e-16,3.519239e-15,3.519239e-17
7.037578e+00,2.538447e-16,3.501461e-15,3.501461e-17
7.040422e+00,2.508116e-16,3.495434e-15,3.495434e-17
7.043265e+00,2.510163e-16,3.483621e-15,3.483621e-17
7.046109e+00,2.518664e-16,3.456463e-15,3.456463e-17
7.048952e+00,2.511003e-16,3.418775e-15,3.418775e-17
7.051796e+00,2.525997e-16,3.378578e-15,3.378578e-17
7.054639e+00,2.495330e-16,3.340111e-15,3.340111e-17
7.057482e+00,2.503748e-16,3.304916e-15,3.304916e-17
7.060326e+00,2.501717e-16,3.264409e-15,3.264409e-17
7.063169e+00,2.490983e-16,3.210453e-15,3.210453e-17
7.066013e+00,2.482118e-16,3.150725e-15,3.150725e-17
7.068856e+00,2.456894e-16,3.091852e-15,3.091852e-17
7.071700e+00,2.450189e-16,3.030640e-15,3.030640e-17
7.074543e+00,2.448402e-16,2.967671e-15,2.967671e-17
7.077387e+00,2.422180e-16,2.905945e-15,2.905945e-17
7.080230e+00,2.404919e-16,2.852836e-15,2.852836e-17
7.083074e+00,2.394628e-16,2.818762e-15,2.818762e-17
7.085917e+00,2.374009e-16,2.795067e-15,2.795067e-17
7.088761e+00,2.360757e-16,2.762907e-15,2.762907e-17
7.091604e+00,2.325448e-16,2.718824e-15,2.718824e-17
7.094448e+00,2.272897e-16,2.670822e-15,2.670822e-17
7.097291e+00,2.265838e-16,2.623138e-15,2.623138e-17
7.100134e+00,2.250977e-16,2.581015e-15,2.581015e-17
7.102978e+00,2.224499e-16,2.538119e-15,2.538119e-17
7.105821e+00,2.190902e-16,2.492252e-15,2.492252e-17
7.108665e+00,2.193590e-16,2.453313e-15,2.453313e-17
7.111508e+00,2.176737e-16,2.414291e-15,2.414291e-17
7.114352e+00,2.132906e-16,2.365184e-15,2.365184e-17
7.117195e+00,2.128021e-16,2.321957e-15,2.321957e-17
7.120039e+00,2.110646e-16,2.286800e-15,2.286800e-17
7.122882e+00,2.094043e-16,2.246263e-15,2.246263e-17
7.125726e+00,2.081776e-16,2.207533e-15,2.207533e-17
7.128569e+00,2.057991e-16,2.173682e-15,2.173682e-17
7.131413e+00,2.066687e-16,2.140738e-15,2.140738e-17
7.134256e+00,2.026324e-16,2.107788e-15,2.107788e-17
7.137100e+00,1.985748e-16,2.071167e-15,2.071167e-17
7.139943e+00,1.954420e-16,2.041822e-15,2.041822e-17
7.142786e+00,1.960394e-16,2.024370e-15,2.024370e-17
7.145630e+00,1.936794e-16,2.002101e-15,2.002101e-17
7.148473e+00,1.936351e-16,1.981647e-15,1.981647e-17
7.151317e+00,1.922829e-16,1.975171e-15,1.975171e-17
7.154160e+00,1.900124e-16,1.970999e-15,1.970999e-17
7.157004e+00,1.885335e-16,1.954234e-15,1.954234e-17
7.159847e+00,1.887182e-16,1.931690e-15,1.931690e-17
7.162691e+00,1.864209e-16,1.926576e-15,1.926576e-17
7.165534e+00,1.852607e-16,1.942629e-15,1.942629e-17
7.168378e+00,1.845496e-16,1.951961e-15,1.951961e-17
7.171221e+00,1.846582e-16,1.949088e-15,1.949088e-17
7.174065e+00,1.843883e-16,1.960038e-15,1.960038e-17
7.176908e+00,1.851642e-16,1.978872e-15,1.978872e-17
7.179752e+00,1.855125e-16,1.989244e-15,1.989244e-17
7.182595e+00,1.854182e-16,1.996504e-15,1.996504e-17
7.185438e+00,1.863937e-16,1.999506e-15,1.999506e-17
7.188282e+00,1.888738e-16,2.010052e-15,2.010052e-17
7.191125e+00,1.910617e-16,2.036318e-15,2.036318e-17
7.193969e+00,1.909781e-16,2.051928e-15,2.051928e-17
7.196812e+00,1.943535e-16,2.047383e-15,2.047383e-17
7.199656e+00,1.916077e-16,2.056216e-15,2.056216e-17
7.202499e+00,1.952572e-16,2.077705e-15,2.077705e-17
7.205343e+00,1.947655e-16,2.083033e-15,2.083033e-17
7.208186e+00,1.956925e-16,2.070260e-15,2.070260e-17
7.211030e+00,1.966669e-16,2.057490e-15,2.057490e-17
7.213873e+00,1.959712e-16,2.060952e-15,2.060952e-17
7.216717e+00,1.973594e-16,2.074482e-15,2.074482e-17
7.219560e+00,1.953717e-16,2.078168e-15,2.078168e-17
7.222404e+00,1.962544e-16,2.061559e-15,2.061559e-17
7.225247e+00,1.944025e-16,2.031259e-15,2.031259e-17
7.228090e+00,1.961665e-16,2.017235e-15,2.017235e-17
7.230934e+00,1.946866e-16,2.020853e-15,2.020853e-17
7.233777e+00,1.952638e-16,1.997674e-15,1.997674e-17
7.236621e+00,1.915441e-16,1.946122e-15,1.946122e-17
7.239464e+00,1.939356e-16,1.907363e-15,1.907363e-17
7.242308e+00,1.924604e-16,1.882962e-15,1.882962e-17
7.245151e+00,1.913877e-16,1.842030e-15,1.842030e-17
7.247995e+00,1.881687e-16,1.798128e-15,1.798128e-17
7.250838e+00,1.888127e-16,1.772849e-15,1.772849e-17
7.253682e+00,1.853753e-16,1.751989e-15,1.751989e-17
7.256525e+00,1.830260e-16,1.732758e-15,1.732758e-17
7.259369e+00,1.830750e-16,1.724637e-15,1.724637e-17
7.262212e+00,1.832089e-16,1.717480e-15,1.717480e-17
7.265055e+00,1.823555e-16,1.698950e-15,1.698950e-17
7.267899e+00,1.820409e-16,1.673706e-15,1.673706e-17
7.270742e+00,1.795845e-16,1.661083e-15,1.661083e-17
7.273586e+00,1.776059e-16,1.650819e-15,1.650819e-17
7.276429e+00,1.780509e-16,1.623207e-15,1.623207e-17
7.279273e+00,1.739535e-16,1.604792e-15,1.604792e-17
7.282116e+00,1.747782e-16,1.602859e-15,1.602859e-17
7.284960e+00,1.743761e-16,1.595316e-15,1.595316e-17
7.287803e+00,1.717145e-16,1.588715e-15,1.588715e-17
7.290647e+00,1.735336e-16,1.591723e-15,1.591723e-17
7.293490e+00,1.739692e-16,1.593757e-15,1.593757e-17
7.296334e+00,1.745318e-16,1.596173e-15,1.596173e-17
7.299177e+00,1.743043e-16,1.597570e-15,1.597570e-17
7.302021e+00,1.745802e-16,1.590673e-15,1.590673e-17
7.304864e+00,1.738281e-16,1.588123e-15,1.588123e-17
7.307707e+00,1.767413e-16,1.597469e-15,1.597469e-17
7.310551e+00,1.787853e-16,1.608817e-15,1.608817e-17
7.313394e+00,1.808651e-16,1.624850e-15,1.624850e-17
7.316238e+00,1.815494e-16,1.643862e-15,1.643862e-17
7.319081e+00,1.820142e-16,1.662389e-15,1.662389e-17
7.321925e+00,1.828877e-16,1.687897e-15,1.687897e-17
7.324768e+00,1.873194e-16,1.720749e-15,1.720749e-17
7.327612e+00,1.850707e-16,1.754849e-15,1.754849e-17
7.330455e+00,1.879726e-16,1.790142e-15,1.790142e-17
7.333299e+00,1.920398e-16,1.826757e-15,1.826757e-17
7.336142e+00,1.911604e-16,1.862868e-15,1.862868e-17
7.338986e+00,1.924287e-16,1.896065e-15,1.896065e-17
7.341829e+00,1.938255e-16,1.934124e-15,1.934124e-17
7.344673e+00,1.954608e-16,1.978556e-15,1.978556e-17
7.347516e+00,1.967485e-16,2.024430e-15,2.024430e-17
7.350359e+00,1.983642e-16,2.081954e-15,2.081954e-17
7.353203e+00,1.997403e-16,2.146492e-15,2.146492e-17
7.356046e+00,2.007784e-16,2.202480e-15,2.202480e-17
7.358890e+00,2.038509e-16,2.253230e-15,2.253230e-17
7.361733e+00,2.050465e-16,2.314550e-15,2.314550e-17
7.364577e+00,2.086351e-16,2.390707e-15,2.390707e-17
7.367420e+00,2.093085e-16,2.475853e-15,2.475853e-17
7.370264e+00,2.118045e-16,2.555875e-15,2.555875e-17
7.373107e+00,2.142799e-16,2.628861e-15,2.628861e-17
7.375951e+00,2.168781e-16,2.705824e-15,2.705824e-17
7.378794e+00,2.176366e-16,2.780038e-15,2.780038e-17
7.381638e+00,2.202322e-16,2.839870e-15,2.839870e-17
7.384481e+00,2.185726e-16,2.898120e-15,2.898120e-17
7.387325e+00,2.214146e-16,2.954979e-15,2.954979e-17
7.390168e+00,2.209308e-16,3.000542e-15,3.000542e-17
7.393011e+00,2.248803e-16,3.029995e-15,3.029995e-17
7.395855e+00,2.226341e-16,3.039947e-15,3.039947e-17
7.398698e+00,2.247073e-16,3.040702e-15,3.040702e-17
7.401542e+00,2.249022e-16,3.044885e-15,3.044885e-17
7.404385e+00,2.249860e-16,3.038244e-15,3.038244e-17
7.407229e+00,2.256639e-16,3.006106e-15,3.006106e-17
7.410072e+00,2.227283e-16,2.964682e-15,2.964682e-17
7.412916e+00,2.222608e-16,2.935066e-15,2.935066e-17
7.415759e+00,2.232752e-16,2.910702e-15,2.910702e-17
7.418603e+00,2.235359e-16,2.875451e-15,2.875451e-17
7.421446e+00,2.222821e-16,2.830865e-15,2.830865e-17
7.424290e+00,2.212582e-16,2.796323e-15,2.796323e-17
7.427133e+00,2.211328e-16,2.782381e-15,2.782381e-17
7.429977e+00,2.206280e-16,2.769784e-15,2.769784e-17
7.432820e+00,2.186768e-16,2.741002e-15,2.741002e-17
7.435663e+00,2.194953e-16,2.720537e-15,2.720537e-17
7.438507e+00,2.190936e-16,2.721570e-15,2.721570e-17
7.441350e+00,2.166686e-16,2.715243e-15,2.715243e-17
7.444194e+00,2.158399e-16,2.690112e-15,2.690112e-17
7.447037e+00,2.164227e-16,2.664076e-15,2.664076e-17
7.449881e+00,2.141955e-16,2.640619e-15,2.640619e-17
7.452724e+00,2.134954e-16,2.614238e-15,2.614238e-17
7.455568e+00,2.146531e-16,2.591972e-15,2.591972e-17
7.458411e+00,2.122971e-16,2.572071e-15,2.572071e-17
7.461255e+00,2.146496e-16,2.545762e-15,2.545762e-17
7.464098e+00,2.119190e-16,2.523079e-15,2.523079e-17
7.466942e+00,2.120243e-16,2.506236e-15,2.506236e-17
7.469785e+00,2.116462e-16,2.481378e-15,2.481378e-17
7.472629e+00,2.126851e-16,2.451782e-15,2.451782e-17
7.475472e+00,2.136082e-16,2.434139e-15,2.434139e-17
7.478315e+00,2.123156e-16,2.423906e-15,2.423906e-17
7.481159e+00,2.096671e-16,2.411834e-15,2.411834e-17
7.484002e+00,2.082945e-16,2.401864e-15,2.401864e-17
7.486846e+00,2.070708e-16,2.396717e-15,2.396717e-17
7.489689e+00,2.087789e-16,2.398083e-15,2.398083e-17
7.492533e+00,2.091607e-16,2.399662e-15,2.399662e-17
7.495376e+00,2.066130e-16,2.396233e-15,2.396233e-17
7.498220e+00,2.065042e-16,2.389659e-15,2.389659e-17
7.501063e+00,2.051517e-16,2.373969e-15,2.373969e-17
7.503907e+00,2.055129e-16,2.352251e-15,2.352251e-17
7.506750e+00,2.023303e-16,2.341160e-15,2.341160e-17
7.509594e+00,2.033550e-16,2.344826e-15,2.344826e-17
7.512437e+00,2.028536e-16,2.341970e-15,2.341970e-17
7.515280e+00,2.021865e-16,2.315967e-15,2.315967e-17
7.518124e+00,2.003971e-16,2.282764e-15,2.282764e-17
7.520967e+00,2.004187e-16,2.266444e-15,2.266444e-17
7.523811e+00,1.999607e-16,2.257778e-15,2.257778e-17
7.526654e+00,2.008470e-16,2.240400e-15,2.240400e-17
7.529498e+00,1.983390e-16,2.213975e-15,2.213975e-17
7.532341e+00,1.985251e-16,2.190441e-15,2.190441e-17
7.535185e+00,1.968966e-16,2.178557e-15,2.178557e-17
7.538028e+00,1.960379e-16,2.173531e-15,2.173531e-17
7.540872e+00,1.963591e-16,2.170481e-15,2.170481e-17
7.543715e+00,1.967582e-16,2.176312e-15,2.176312e-17
7.546559e+00,1.959093e-16,2.182475e-15,2.182475e-17
7.549402e+00,1.939255e-16,2.184861e-15,2.184861e-17
7.552246e+00,1.967847e-16,2.195419e-15,2.195419e-17
7.555089e+00,1.961010e-16,2.210624e-15,2.210624e-17
7.557932e+00,1.949895e-16,2.224823e-15,2.224823e-17
7.560776e+00,1.927318e-16,2.245574e-15,2.245574e-17
7.563619e+00,1.945729e-16,2.270244e-15,2.270244e-17
7.566463e+00,1.946726e-16,2.284668e-15,2.284668e-17
7.569306e+00,1.909284e-16,2.279139e-15,2.279139e-17
7.572150e+00,1.892137e-16,2.261573e-15,2.261573e-17
7.574993e+00,1.905268e-16,2.253315e-15,2.253315e-17
7.577837e+00,1.880151e-16,2.255450e-15,2.255450e-17
7.580680e+00,1.873559e-16,2.243225e-15,2.243225e-17
7.583524e+00,1.848672e-16,2.216268e-15,2.216268e-17
7.586367e+00,1.862961e-16,2.196839e-15,2.196839e-17
7.589211e+00,1.833934e-16,2.186262e-15,2.186262e-17
7.592054e+00,1.830230e-16,2.169456e-15,2.169456e-17
7.594898e+00,1.802307e-16,2.142783e-15,2.142783e-17
7.597741e+00,1.787361e-16,2.110177e-15,2.110177e-17
7.600584e+00,1.799232e-16,2.077750e-15,2.077750e-17
7.603428e+00,1.776952e-16,2.048019e-15,2.048019e-17
7.606271e+00,1.782954e-16,2.011225e-15,2.011225e-17
7.609115e+00,1.783143e-16,1.973327e-15,1.973327e-17
7.611958e+00,1.783981e-16,1.947148e-15,1.947148e-17
7.614802e+00,1.778855e-16,1.938903e-15,1.938903e-17
7.617645e+00,1.776693e-16,1.934257e-15,1.934257e-17
7.620489e+00,1.764164e-16,1.916664e-15,1.916664e-17
7.623332e+00,1.770417e-16,1.903374e-15,1.903374e-17
7.626176e+00,1.778113e-16,1.912518e-15,1.912518e-17
7.629019e+00,1.812232e-16,1.937421e-15,1.937421e-17
7.631863e+00,1.816719e-16,1.972571e-15,1.972571e-17
7.634706e+00,1.819215e-16,2.013584e-15,2.013584e-17
7.637550e+00,1.829269e-16,2.052456e-15,2.052456e-17
7.640393e+00,1.807540e-16,2.095583e-15,2.095583e-17
7.643236e+00,1.821987e-16,2.147127e-15,2.147127e-17
7.646080e+00,1.840107e-16,2.193495e-15,2.193495e-17
7.648923e+00,1.841220e-16,2.225372e-15,2.225372e-17
7.651767e+00,1.821510e-16,2.250531e-15,2.250531e-17
7.654610e+00,1.844314e-16,2.276794e-15,2.276794e-17
7.657454e+00,1.831670e-16,2.297888e-15,2.297888e-17
7.660297e+00,1.839031e-16,2.305909e-15,2.305909e-17
7.663141e+00,1.842076e-16,2.298678e-15,2.298678e-17
7.665984e+00,1.822800e-16,2.280995e-15,2.280995e-17
7.668828e+00,1.816761e-16,2.259312e-15,2.259312e-17
7.671671e+00,1.793102e-16,2.235620e-15,2.235620e-17
7.674515e+00,1.806242e-16,2.201077e-15,2.201077e-17
7.677358e+00,1.776719e-16,2.149014e-15,2.149014e-17
7.680202e+00,1.782910e-16,2.092269e-15,2.092269e-17
7.683045e+00,1.764235e-16,2.040098e-15,2.040098e-17
7.685888e+00,1.763563e-16,1.988246e-15,1.988246e-17
7.688732e+00,1.744671e-16,1.937611e-15,1.937611e-17
7.691575e+00,1.731759e-16,1.893838e-15,1.893838e-17
7.694419e+00,1.720118e-16,1.851355e-15,1.851355e-17
7.697262e+00,1.712858e-16,1.805809e-15,1.805809e-17
7.700106e+00,1.712163e-16,1.764527e-15,1.764527e-17
7.702949e+00,1.699592e-16,1.733700e-15,1.733700e-17
7.705793e+00,1.665160e-16,1.703474e-15,1.703474e-17
7.708636e+00,1.639443e-16,1.661055e-15,1.661055e-17
7.711480e+00,1.621378e-16,1.618569e-15,1.618569e-17
7.714323e+00,1.626021e-16,1.586982e-15,1.586982e-17
7.717167e+00,1.622277e-16,1.556410e-15,1.556410e-17
7.720010e+00,1.596023e-16,1.518364e-15,1.518364e-17
7.722854e+00,1.586298e-16,1.484756e-15,1.484756e-17
7.725697e+00,1.595210e-16,1.464087e-15,1.464087e-17
7.728540e+00,1.562348e-16,1.446323e-15,1.446323e-17
7.731384e+00,1.574287e-16,1.422581e-15,1.422581e-17
7.734227e+00,1.568562e-16,1.392695e-15,1.392695e-17
7.737071e+00,1.557027e-16,1.368784e-15,1.368784e-17
7.739914e+00,1.563467e-16,1.357516e-15,1.357516e-17
7.742758e+00,1.580452e-16,1.356293e-15,1.356293e-17
7.745601e+00,1.572834e-16,1.360627e-15,1.360627e-17
7.748445e+00,1.588174e-16,1.358297e-15,1.358297e-17
7.751288e+00,1.610400e-16,1.348071e-15,1.348071e-17
7.754132e+00,1.589953e-16,1.342957e-15,1.342957e-17
7.756975e+00,1.596756e-16,1.345211e-15,1.345211e-17
7.759819e+00,1.594648e-16,1.348645e-15,1.348645e-17
7.762662e+00,1.582956e-16,1.342595e-15,1.342595e-17
7.765505e+00,1.592003e-16,1.332370e-15,1.332370e-17
7.768349e+00,1.598397e-16,1.337028e-15,1.337028e-17
7.771192e+00,1.577575e-16,1.357277e-15,1.357277e-17
7.774036e+00,1.559330e-16,1.378472e-15,1.378472e-17
7.776879e+00,1.589213e-16,1.396424e-15,1.396424e-17
7.779723e+00,1.574426e-16,1.415188e-15,1.415188e-17
7.782566e+00,1.588126e-16,1.436719e-15,1.436719e-17
7.785410e+00,1.591025e-16,1.466007e-15,1.466007e-17
7.788253e+00,1.557221e-16,1.495719e-15,1.495719e-17
7.791097e+00,1.597894e-16,1.531191e-15,1.531191e-17
7.793940e+00,1.586356e-16,1.590724e-15,1.590724e-17
7.796784e+00,1.611129e-16,1.653305e-15,1.653305e-17
7.799627e+00,1.606731e-16,1.698735e-15,1.698735e-17
7.802471e+00,1.612249e-16,1.755882e-15,1.755882e-17
7.805314e+00,1.641607e-16,1.826591e-15,1.826591e-17
7.808157e+00,1.661470e-16,1.884346e-15,1.884346e-17
7.811001e+00,1.665933e-16,1.929388e-15,1.929388e-17
7.813844e+00,1.672566e-16,1.970462e-15,1.970462e-17
7.816688e+00,1.672393e-16,2.006243e-15,2.006243e-17
7.819531e+00,1.663953e-16,2.037456e-15,2.037456e-17
7.822375e+00,1.687169e-16,2.058760e-15,2.058760e-17
7.825218e+00,1.697572e-16,2.070021e-15,2.070021e-17
7.828062e+00,1.706729e-16,2.085941e-15,2.085941e-17
7.830905e+00,1.721555e-16,2.099353e-15,2.099353e-17
7.833749e+00,1.696011e-16,2.087252e-15,2.087252e-17
7.836592e+00,1.687790e-16,2.057968e-15,2.057968e-17
7.839436e+00,1.695797e-16,2.028234e-15,2.028234e-17
7.842279e+00,1.674327e-16,1.990390e-15,1.990390e-17
7.845123e+00,1.664023e-16,1.930729e-15,1.930729e-17
7.847966e+00,1.666396e-16,1.859381e-15,1.859381e-17
7.850809e+00,1.650869e-16,1.794544e-15,1.794544e-17
7.853653e+00,1.647145e-16,1.741796e-15,1.741796e-17
7.856496e+00,1.646609e-16,1.695509e-15,1.695509e-17
7.859340e+00,1.628020e-16,1.657084e-15,1.657084e-17
7.862183e+00,1.629643e-16,1.630945e-15,1.630945e-17
7.865027e+00,1.621132e-16,1.610250e-15,1.610250e-17
7.867870e+00,1.612381e-16,1.589681e-15,1.589681e-17
7.870714e+00,1.630357e-16,1.579318e-15,1.579318e-17
7.873557e+00,1.613479e-16,1.582206e-15,1.582206e-17
7.876401e+00,1.620885e-16,1.595026e-15,1.595026e-17
7.879244e+00,1.629262e-16,1.612699e-15,1.612699e-17
7.882088e+00,1.623894e-16,1.634464e-15,1.634464e-17
7.884931e+00,1.622362e-16,1.660382e-15,1.660382e-17
7.887775e+00,1.640671e-16,1.687245e-15,1.687245e-17
7.890618e+00,1.651871e-16,1.712918e-15,1.712918e-17
7.893461e+00,1.645735e-16,1.732865e-15,1.732865e-17
7.896305e+00,1.643785e-16,1.749345e-15,1.749345e-17
7.899148e+00,1.636307e-16,1.767464e-15,1.767464e-17
7.901992e+00,1.644466e-16,1.786605e-15,1.786605e-17
7.904835e+00,1.655049e-16,1.804975e-15,1.804975e-17
7.907679e+00,1.665119e-16,1.822737e-15,1.822737e-17
7.910522e+00,1.653428e-16,1.834373e-15,1.834373e-17
7.913366e+00,1.657347e-16,1.835089e-15,1.835089e-17
7.916209e+00,1.637293e-16,1.828131e-15,1.828131e-17
7.919053e+00,1.626648e-16,1.820442e-15,1.820442e-17
7.921896e+00,1.632312e-16,1.810472e-15,1.810472e-17
7.924740e+00,1.596427e-16,1.795113e-15,1.795113e-17
7.927583e+00,1.581975e-16,1.774375e-15,1.774375e-17
7.930427e+00,1.576854e-16,1.749768e-15,1.749768e-17
7.933270e+00,1.577340e-16,1.725133e-15,1.725133e-17
7.936113e+00,1.580089e-16,1.698203e-15,1.698203e-17
7.938957e+00,1.548335e-16,1.664555e-15,1.664555e-17
7.941800e+00,1.548988e-16,1.630051e-15,1.630051e-17
7.944644e+00,1.530145e-16,1.601266e-15,1.601266e-17
7.947487e+00,1.531386e-16,1.575300e-15,1.575300e-17
7.950331e+00,1.528686e-16,1.544728e-15,1.544728e-17
7.953174e+00,1.504958e-16,1.510644e-15,1.510644e-17
7.956018e+00,1.495583e-16,1.486295e-15,1.486295e-17
7.958861e+00,1.512559e-16,1.475608e-15,1.475608e-17
7.961705e+00,1.503471e-16,1.473159e-15,1.473159e-17
7.964548e+00,1.511952e-16,1.476041e-15,1.476041e-17
7.967392e+00,1.514666e-16,1.480750e-15,1.480750e-17
7.970235e+00,1.511448e-16,1.484032e-15,1.484032e-17
7.973079e+00,1.509750e-16,1.492140e-15,1.492140e-17
7.975922e+00,1.528271e-16,1.510023e-15,1.510023e-17
7.978765e+00,1.510383e-16,1.537151e-15,1.537151e-17
7.981609e+00,1.493136e-16,1.565465e-15,1.565465e-17
7.984452e+00,1.520812e-16,1.594304e-15,1.594304e-17
7.987296e+00,1.522213e-16,1.631329e-15,1.631329e-17
7.990139e+00,1.551309e-16,1.671933e-15,1.671933e-17
7.992983e+00,1.542318e-16,1.711640e-15,1.711640e-17
7.995826e+00,1.562269e-16,1.749175e-15,1.749175e-17
7.998670e+00,1.555768e-16,1.786485e-15,1.786485e-17
8.001513e+00,1.565861e-16,1.829032e-15,1.829032e-17
8.004357e+00,1.565176e-16,1.872608e-15,1.872608e-17
8.007200e+00,1.582704e-16,1.911658e-15,1.911658e-17
8.010044e+00,1.595233e-16,1.952247e-15,1.952247e-17
8.012887e+00,1.605462e-16,1.995561e-15,1.995561e-17
8.015730e+00,1.614351e-16,2.032377e-15,2.032377e-17
8.018574e+00,1.620741e-16,2.063390e-15,2.063390e-17
8.021417e+00,1.619582e-16,2.095754e-15,2.095754e-17
8.024261e+00,1.623542e-16,2.122013e-15,2.122013e-17
8.027104e+00,1.645816e-16,2.136506e-15,2.136506e-17
8.029948e+00,1.639088e-16,2.146438e-15,2.146438e-17
8.032791e+00,1.642482e-16,2.154151e-15,2.154151e-17
8.035635e+00,1.665890e-16,2.160943e-15,2.160943e-17
8.038478e+00,1.651235e-16,2.172051e-15,2.172051e-17
8.041322e+00,1.659967e-16,2.179785e-15,2.179785e-17
8.044165e+00,1.667344e-16,2.169953e-15,2.169953e-17
8.047009e+00,1.664660e-16,2.150341e-15,2.150341e-17
8.049852e+00,1.657797e-16,2.131485e-15,2.131485e-17
8.052696e+00,1.686756e-16,2.114658e-15,2.114658e-17
8.055539e+00,1.682047e-16,2.099748e-15,2.099748e-17
8.058382e+00,1.689586e-16,2.084924e-15,2.084924e-17
8.061226e+00,1.693778e-16,2.068659e-15,2.068659e-17
8.064069e+00,1.674407e-16,2.051591e-15,2.051591e-17
8.066913e+00,1.680920e-16,2.028031e-15,2.028031e-17
8.069756e+00,1.689684e-16,2.003279e-15,2.003279e-17
8.072600e+00,1.656458e-16,1.989662e-15,1.989662e-17
8.075443e+00,1.674298e-16,1.984749e-15,1.984749e-17
8.078287e+00,1.683260e-16,1.976324e-15,1.976324e-17
8.081130e+00,1.678212e-16,1.961378e-15,1.961378e-17
8.083974e+00,1.644366e-16,1.948194e-15,1.948194e-17
8.086817e+00,1.636316e-16,1.940543e-15,1.940543e-17
8.089661e+00,1.630017e-16,1.931733e-15,1.931733e-17
8.092504e+00,1.622908e-16,1.924825e-15,1.924825e-17
8.095348e+00,1.628695e-16,1.919379e-15,1.919379e-17
8.098191e+00,1.629003e-16,1.901203e-15,1.901203e-17
8.101034e+00,1.623651e-16,1.871595e-15,1.871595e-17
8.103878e+00,1.606872e-16,1.852957e-15,1.852957e-17
8.106721e+00,1.608846e-16,1.845114e-15,1.845114e-17
8.109565e+00,1.610536e-16,1.819296e-15,1.819296e-17
8.112408e+00,1.587760e-16,1.775784e-15,1.775784e-17
8.115252e+00,1.583853e-16,1.747751e-15,1.747751e-17
8.118095e+00,1.590470e-16,1.737800e-15,1.737800e-17
8.120939e+00,1.576495e-16,1.725977e-15,1.725977e-17
8.123782e+00,1.568729e-16,1.710812e-15,1.710812e-17
8.126626e+00,1.567631e-16,1.696747e-15,1.696747e-17
8.129469e+00,1.569237e-16,1.689623e-15,1.689623e-17
8.132313e+00,1.564176e-16,1.689378e-15,1.689378e-17
8.135156e+00,1.567153e-16,1.677930e-15,1.677930e-17
8.138000e+00,1.575516e-16,1.656219e-15,1.656219e-17
8.140843e+00,1.572787e-16,1.650050e-15,1.650050e-17
8.143686e+00,1.557529e-16,1.657406e-15,1.657406e-17
8.146530e+00,1.548909e-16,1.651352e-15,1.651352e-17
8.149373e+00,1.538323e-16,1.635507e-15,1.635507e-17
8.152217e+00,1.536257e-16,1.626832e-15,1.626832e-17
8.155060e+00,1.535812e-16,1.621436e-15,1.621436e-17
8.157904e+00,1.552251e-16,1.617277e-15,1.617277e-17
8.160747e+00,1.550930e-16,1.614144e-15,1.614144e-17
8.163591e+00,1.538983e-16,1.606298e-15,1.606298e-17
8.166434e+00,1.522557e-16,1.602940e-15,1.602940e-17
8.169278e+00,1.526009e-16,1.607338e-15,1.607338e-17
8.172121e+00,1.551029e-16,1.603373e-15,1.603373e-17
8.174965e+00,1.527568e-16,1.592408e-15,1.592408e-17
8.177808e+00,1.505783e-16,1.586757e-15,1.586757e-17
8.180652e+00,1.522351e-16,1.585436e-15,1.585436e-17
8.183495e+00,1.507260e-16,1.582403e-15,1.582403e-17
8.186338e+00,1.501614e-16,1.572334e-15,1.572334e-17
8.189182e+00,1.501353e-16,1.550874e-15,1.550874e-17
8.192025e+00,1.501311e-16,1.522290e-15,1.522290e-17
8.194869e+00,1.488709e-16,1.492771e-15,1.492771e-17
8.197712e+00,1.475068e-16,1.462069e-15,1.462069e-17
8.200556e+00,1.470484e-16,1.429045e-15,1.429045e-17
8.203399e+00,1.451880e-16,1.399710e-15,1.399710e-17
8.206243e+00,1.449288e-16,1.373744e-15,1.373744e-17
8.209086e+00,1.429491e-16,1.345269e-15,1.345269e-17
8.211930e+00,1.440706e-16,1.318574e-15,1.318574e-17
8.214773e+00,1.426557e-16,1.290517e-15,1.290517e-17
8.217617e+00,1.410291e-16,1.258747e-15,1.258747e-17
8.220460e+00,1.403184e-16,1.236499e-15,1.236499e-17
8.223304e+00,1.398160e-16,1.222941e-15,1.222941e-17
8.226147e+00,1.371340e-16,1.204487e-15,1.204487e-17
8.228990e+00,1.362358e-16,1.184330e-15,1.184330e-17
8.231834e+00,1.382762e-16,1.171585e-15,1.171585e-17
8.234677e+00,1.359302e-16,1.159800e-15,1.159800e-17
8.237521e+00,1.364680e-16,1.145148e-15,1.145148e-17
8.240364e+00,1.358675e-16,1.137782e-15,1.137782e-17
8.243208e+00,1.360809e-16,1.138654e-15,1.138654e-17
8.246051e+00,1.356619e-16,1.147198e-15,1.147198e-17
8.248895e+00,1.355228e-16,1.160212e-15,1.160212e-17
8.251738e+00,1.384741e-16,1.168783e-15,1.168783e-17
8.254582e+00,1.370329e-16,1.179565e-15,1.179565e-17
8.257425e+00,1.388567e-16,1.202707e-15,1.202707e-17
8.260269e+00,1.411405e-16,1.232485e-15,1.232485e-17
8.263112e+00,1.410831e-16,1.262508e-15,1.262508e-17
8.265956e+00,1.419589e-16,1.291687e-15,1.291687e-17
8.268799e+00,1.425904e-16,1.315144e-15,1.315144e-17
8.271642e+00,1.429498e-16,1.338080e-15,1.338080e-17
8.274486e+00,1.421294e-16,1.361734e-15,1.361734e-17
8.277329e+00,1.417186e-16,1.378131e-15,1.378131e-17
8.280173e+00,1.413738e-16,1.390050e-15,1.390050e-17
8.283016e+00,1.409077e-16,1.401851e-15,1.401851e-17
8.285860e+00,1.419841e-16,1.404073e-15,1.404073e-17
8.288703e+00,1.401341e-16,1.397182e-15,1.397182e-17
8.291547e+00,1.396716e-16,1.386837e-15,1.386837e-17
8.294390e+00,1.391334e-16,1.370315e-15,1.370315e-17
8.297234e+00,1.376982e-16,1.352418e-15,1.352418e-17
8.300077e+00,1.349576e-16,1.340182e-15,1.340182e-17
8.302921e+00,1.357722e-16,1.326854e-15,1.326854e-17
8.305764e+00,1.353584e-16,1.309975e-15,1.309975e-17
8.308607e+00,1.346654e-16,1.296051e-15,1.296051e-17
8.311451e+00,1.320517e-16,1.286484e-15,1.286484e-17
8.314294e+00,1.316808e-16,1.282127e-15,1.282127e-17
8.317138e+00,1.321075e-16,1.289670e-15,1.289670e-17
8.319981e+00,1.325379e-16,1.304525e-15,1.304525e-17
8.322825e+00,1.331268e-16,1.315879e-15,1.315879e-17
8.325668e+00,1.321723e-16,1.329414e-15,1.329414e-17
8.328512e+00,1.316183e-16,1.349896e-15,1.349896e-17
8.331355e+00,1.330893e-16,1.373481e-15,1.373481e-17
8.334199e+00,1.342303e-16,1.399936e-15,1.399936e-17
8.337042e+00,1.344286e-16,1.427787e-15,1.427787e-17
8.339886e+00,1.353672e-16,1.448380e-15,1.448380e-17
8.342729e+00,1.348937e-16,1.467335e-15,1.467335e-17
8.345573e+00,1.361049e-16,1.493435e-15,1.493435e-17
8.348416e+00,1.361596e-16,1.521430e-15,1.521430e-17
8.351259e+00,1.356792e-16,1.544732e-15,1.544732e-17
8.354103e+00,1.367846e-16,1.567006e-15,1.567006e-17
8.356946e+00,1.377632e-16,1.587377e-15,1.587377e-17
8.359790e+00,1.383824e-16,1.601493e-15,1.601493e-17
8.362633e+00,1.386239e-16,1.615164e-15,1.615164e-17
8.365477e+00,1.385772e-16,1.639252e-15,1.639252e-17
8.368320e+00,1.397363e-16,1.668427e-15,1.668427e-17
8.371164e+00,1.423291e-16,1.694445e-15,1.694445e-17
8.374007e+00,1.431612e-16,1.721172e-15,1.721172e-17
8.376851e+00,1.458365e-16,1.750308e-15,1.750308e-17
8.379694e+00,1.451891e-16,1.775079e-15,1.775079e-17
8.382538e+00,1.488012e-16,1.793794e-15,1.793794e-17
8.385381e+00,1.470315e-16,1.811271e-15,1.811271e-17
8.388225e+00,1.487436e-16,1.830806e-15,1.830806e-17
8.391068e+00,1.495969e-16,1.857702e-15,1.857702e-17
8.393911e+00,1.518834e-16,1.892428e-15,1.892428e-17
8.396755e+00,1.539507e-16,1.925072e-15,1.925072e-17
8.399598e+00,1.559633e-16,1.955398e-15,1.955398e-17
8.402442e+00,1.571863e-16,1.987388e-15,1.987388e-17
8.405285e+00,1.584063e-16,2.015881e-15,2.015881e-17
8.408129e+00,1.606520e-16,2.042634e-15,2.042634e-17
8.410972e+00,1.646470e-16,2.078710e-15,2.078710e-17
8.413816e+00,1.649903e-16,2.125341e-15,2.125341e-17
8.416659e+00,1.680806e-16,2.173272e-15,2.173272e-17
8.419503e+00,1.684031e-16,2.214070e-15,2.214070e-17
8.422346e+00,1.682516e-16,2.240461e-15,2.240461e-17
8.425190e+00,1.720198e-16,2.257592e-15,2.257592e-17
8.428033e+00,1.715967e-16,2.278844e-15,2.278844e-17
8.430877e+00,1.700942e-16,2.305412e-15,2.305412e-17
8.433720e+00,1.723170e-16,2.329590e-15,2.329590e-17
8.436563e+00,1.740899e-16,2.346499e-15,2.346499e-17
8.439407e+00,1.712434e-16,2.346681e-15,2.346681e-17
8.442250e+00,1.703673e-16,2.334067e-15,2.334067e-17
8.445094e+00,1.678058e-16,2.326524e-15,2.326524e-17
8.447937e+00,1.677492e-16,2.316381e-15,2.316381e-17
8.450781e+00,1.657375e-16,2.282608e-15,2.282608e-17
8.453624e+00,1.642587e-16,2.237264e-15,2.237264e-17
8.456468e+00,1.625174e-16,2.201277e-15,2.201277e-17
8.459311e+00,1.617657e-16,2.169802e-15,2.169802e-17
8.462155e+00,1.612132e-16,2.128883e-15,2.128883e-17
8.464998e+00,1.581288e-16,2.079900e-15,2.079900e-17
8.467842e+00,1.562914e-16,2.032452e-15,2.032452e-17
8.470685e+00,1.563067e-16,1.990324e-15,1.990324e-17
8.473529e+00,1.547328e-16,1.954282e-15,1.954282e-17
8.476372e+00,1.537717e-16,1.921988e-15,1.921988e-17
8.479215e+00,1.524471e-16,1.890091e-15,1.890091e-17
8.482059e+00,1.511803e-16,1.861449e-15,1.861449e-17
8.484902e+00,1.499406e-16,1.836681e-15,1.836681e-17
8.487746e+00,1.510356e-16,1.813803e-15,1.813803e-17
8.490589e+00,1.476942e-16,1.788316e-15,1.788316e-17
8.493433e+00,1.480261e-16,1.766538e-15,1.766538e-17
8.496276e+00,1.485772e-16,1.763864e-15,1.763864e-17
8.499120e+00,1.473832e-16,1.771944e-15,1.771944e-17
8.501963e+00,1.471186e-16,1.766088e-15,1.766088e-17
8.504807e+00,1.454145e-16,1.745375e-15,1.745375e-17
8.507650e+00,1.447925e-16,1.720319e-15,1.720319e-17
8.510494e+00,1.450332e-16,1.696897e-15,1.696897e-17
8.513337e+00,1.453065e-16,1.680267e-15,1.680267e-17
8.516181e+00,1.439524e-16,1.664095e-15,1.664095e-17
8.519024e+00,1.420886e-16,1.640204e-15,1.640204e-17
8.521867e+00,1.413730e-16,1.610882e-15,1.610882e-17
8.524711e+00,1.407993e-16,1.582535e-15,1.582535e-17
8.527554e+00,1.398526e-16,1.558542e-15,1.558542e-17
8.530398e+00,1.398039e-16,1.536175e-15,1.536175e-17
8.533241e+00,1.373361e-16,1.511374e-15,1.511374e-17
8.536085e+00,1.361391e-16,1.486374e-15,1.486374e-17
8.538928e+00,1.361709e-16,1.460720e-15,1.460720e-17
8.541772e+00,1.357862e-16,1.434242e-15,1.434242e-17
8.544615e+00,1.348775e-16,1.412622e-15,1.412622e-17
8.547459e+00,1.325577e-16,1.396210e-15,1.396210e-17
8.550302e+00,1.318932e-16,1.377784e-15,1.377784e-17
8.553146e+00,1.320575e-16,1.362554e-15,1.362554e-17
8.555989e+00,1.311920e-16,1.357114e-15,1.357114e-17
8.558832e+00,1.318243e-16,1.353360e-15,1.353360e-17
8.561676e+00,1.309578e-16,1.348760e-15,1.348760e-17
8.564519e+00,1.309826e-16,1.351064e-15,1.351064e-17
8.567363e+00,1.314979e-16,1.355550e-15,1.355550e-17
8.570206e+00,1.318881e-16,1.362231e-15,1.362231e-17
8.573050e+00,1.320615e-16,1.370126e-15,1.370126e-17
8.575893e+00,1.324695e-16,1.376917e-15,1.376917e-17
8.578737e+00,1.316086e-16,1.390326e-15,1.390326e-17
8.581580e+00,1.331851e-16,1.417301e-15,1.417301e-17
8.584424e+00,1.337183e-16,1.447925e-15,1.447925e-17
8.587267e+00,1.351304e-16,1.475083e-15,1.475083e-17
8.590111e+00,1.372597e-16,1.498029e-15,1.498029e-17
8.592954e+00,1.368434e-16,1.522290e-15,1.522290e-17
8.595798e+00,1.379675e-16,1.553526e-15,1.553526e-17
8.598641e+00,1.380832e-16,1.587038e-15,1.587038e-17
8.601484e+00,1.391098e-16,1.619529e-15,1.619529e-17
8.604328e+00,1.407858e-16,1.649193e-15,1.649193e-17
8.607171e+00,1.388592e-16,1.672327e-15,1.672327e-17
8.610015e+00,1.392066e-16,1.692713e-15,1.692713e-17
8.612858e+00,1.404786e-16,1.716758e-15,1.716758e-17
8.615702e+00,1.404956e-16,1.741285e-15,1.741285e-17
8.618545e+00,1.405467e-16,1.759144e-15,1.759144e-17
8.621389e+00,1.415709e-16,1.765994e-15,1.765994e-17
8.624232e+00,1.425650e-16,1.762594e-15,1.762594e-17
8.627076e+00,1.409358e-16,1.750970e-15,1.750970e-17
8.629919e+00,1.399254e-16,1.736818e-15,1.736818e-17
8.632763e+00,1.382130e-16,1.724099e-15,1.724099e-17
8.635606e+00,1.386484e-16,1.709162e-15,1.709162e-17
8.638450e+00,1.392056e-16,1.684650e-15,1.684650e-17
8.641293e+00,1.380534e-16,1.653083e-15,1.653083e-17
8.644136e+00,1.376239e-16,1.625276e-15,1.625276e-17
8.646980e+00,1.372011e-16,1.602684e-15,1.602684e-17
8.649823e+00,1.366441e-16,1.575746e-15,1.575746e-17
8.652667e+00,1.358745e-16,1.541411e-15,1.541411e-17
8.655510e+00,1.339873e-16,1.503223e-15,1.503223e-17
8.658354e+00,1.340709e-16,1.465511e-15,1.465511e-17
8.661197e+00,1.352886e-16,1.435008e-15,1.435008e-17
8.664041e+00,1.352053e-16,1.413010e-15,1.413010e-17
8.666884e+00,1.325841e-16,1.388927e-15,1.388927e-17
8.669728e+00,1.334942e-16,1.359573e-15,1.359573e-17
8.672571e+00,1.333122e-16,1.334804e-15,1.334804e-17
8.675415e+00,1.325468e-16,1.315734e-15,1.315734e-17
8.678258e+00,1.323572e-16,1.295533e-15,1.295533e-17
8.681102e+00,1.306264e-16,1.278433e-15,1.278433e-17
8.683945e+00,1.298561e-16,1.267177e-15,1.267177e-17
8.686788e+00,1.304371e-16,1.260696e-15,1.260696e-17
8.689632e+00,1.301200e-16,1.255937e-15,1.255937e-17
8.692475e+00,1.286904e-16,1.251546e-15,1.251546e-17
8.695319e+00,1.287127e-16,1.250259e-15,1.250259e-17
8.698162e+00,1.299360e-16,1.247593e-15,1.247593e-17
8.701006e+00,1.289565e-16,1.243641e-15,1.243641e-17
8.703849e+00,1.288711e-16,1.242058e-15,1.242058e-17
8.706693e+00,1.292573e-16,1.238505e-15,1.238505e-17
8.709536e+00,1.297024e-16,1.234639e-15,1.234639e-17
8.712380e+00,1.298382e-16,1.232896e-15,1.232896e-17
8.715223e+00,1.275710e-16,1.224163e-15,1.224163e-17
8.718067e+00,1.285366e-16,1.208849e-15,1.208849e-17
8.720910e+00,1.264828e-16,1.199496e-15,1.199496e-17
8.723754e+00,1.266680e-16,1.192525e-15,1.192525e-17
8.726597e+00,1.270657e-16,1.177940e-15,1.177940e-17
8.729440e+00,1.251784e-16,1.161804e-15,1.161804e-17
8.732284e+00,1.241361e-16,1.155143e-15,1.155143e-17
8.735127e+00,1.241243e-16,1.151711e-15,1.151711e-17
8.737971e+00,1.239879e-16,1.137817e-15,1.137817e-17
8.740814e+00,1.225675e-16,1.119521e-15,1.119521e-17
8.743658e+00,1.215053e-16,1.109723e-15,1.109723e-17
8.746501e+00,1.203888e-16,1.097929e-15,1.097929e-17
8.749345e+00,1.198149e-16,1.079807e-15,1.079807e-17
8.752188e+00,1.197478e-16,1.069303e-15,1.069303e-17
8.755032e+00,1.189614e-16,1.062430e-15,1.062430e-17
8.757875e+00,1.192517e-16,1.056932e-15,1.056932e-17
8.760719e+00,1.176119e-16,1.062082e-15,1.062082e-17
8.763562e+00,1.173952e-16,1.077929e-15,1.077929e-17
8.766406e+00,1.187320e-16,1.091421e-15,1.091421e-17
8.769249e+00,1.191549e-16,1.085056e-15,1.085056e-17
8.772092e+00,1.181909e-16,1.066007e-15,1.066007e-17
8.774936e+00,1.163980e-16,1.062970e-15,1.062970e-17
8.777779e+00,1.178682e-16,1.080741e-15,1.080741e-17
8.780623e+00,1.178275e-16,1.101155e-15,1.101155e-17
8.783466e+00,1.183304e-16,1.112130e-15,1.112130e-17
8.786310e+00,1.181461e-16,1.114785e-15,1.114785e-17
8.789153e+00,1.177755e-16,1.117328e-15,1.117328e-17
8.791997e+00,1.185853e-16,1.124397e-15,1.124397e-17
8.794840e+00,1.181353e-16,1.131148e-15,1.131148e-17
8.797684e+00,1.203243e-16,1.136112e-15,1.136112e-17
8.800527e+00,1.188423e-16,1.147849e-15,1.147849e-17
8.803371e+00,1.195282e-16,1.169807e-15,1.169807e-17
8.806214e+00,1.201893e-16,1.193666e-15,1.193666e-17
8.809057e+00,1.215615e-16,1.215081e-15,1.215081e-17
8.811901e+00,1.225314e-16,1.235360e-15,1.235360e-17
8.814744e+00,1.229862e-16,1.254103e-15,1.254103e-17
8.817588e+00,1.240945e-16,1.276662e-15,1.276662e-17
8.820431e+00,1.249988e-16,1.305953e-15,1.305953e-17
8.823275e+00,1.246110e-16,1.337172e-15,1.337172e-17
8.826118e+00,1.271537e-16,1.366019e-15,1.366019e-17
8.828962e+00,1.277661e-16,1.394006e-15,1.394006e-17
8.831805e+00,1.293972e-16,1.423066e-15,1.423066e-17
8.834649e+00,1.302420e-16,1.456149e-15,1.456149e-17
8.837492e+00,1.311508e-16,1.492272e-15,1.492272e-17
8.840336e+00,1.335564e-16,1.527620e-15,1.527620e-17
8.843179e+00,1.360912e-16,1.566275e-15,1.566275e-17
8.846023e+00,1.376543e-16,1.614061e-15,1.614061e-17
8.848866e+00,1.380661e-16,1.662674e-15,1.662674e-17
8.851709e+00,1.406525e-16,1.705399e-15,1.705399e-17
8.854553e+00,1.402485e-16,1.753143e-15,1.753143e-17
8.857396e+00,1.414802e-16,1.809421e-15,1.809421e-17
8.860240e+00,1.442707e-16,1.861106e-15,1.861106e-17
8.863083e+00,1.446820e-16,1.902100e-15,1.902100e-17
8.865927e+00,1.465358e-16,1.933953e-15,1.933953e-17
8.868770e+00,1.449029e-16,1.961400e-15,1.961400e-17
8.871614e+00,1.469435e-16,1.992635e-15,1.992635e-17
8.874457e+00,1.458630e-16,2.022266e-15,2.022266e-17
8.877301e+00,1.482189e-16,2.033550e-15,2.033550e-17
8.880144e+00,1.466471e-16,2.029329e-15,2.029329e-17
8.882988e+00,1.475199e-16,2.027918e-15,2.027918e-17
8.885831e+00,1.477097e-16,2.029536e-15,2.029536e-17
8.888675e+00,1.462135e-16,2.020562e-15,2.020562e-17
8.891518e+00,1.447669e-16,1.997403e-15,1.997403e-17
8.894361e+00,1.424111e-16,1.967516e-15,1.967516e-17
8.897205e+00,1.429029e-16,1.936586e-15,1.936586e-17
8.900048e+00,1.423643e-16,1.908509e-15,1.908509e-17
8.902892e+00,1.415242e-16,1.883597e-15,1.883597e-17
8.905735e+00,1.412652e-16,1.851690e-15,1.851690e-17
8.908579e+00,1.383048e-16,1.812342e-15,1.812342e-17
8.911422e+00,1.386545e-16,1.779565e-15,1.779565e-17
8.914266e+00,1.370975e-16,1.754588e-15,1.754588e-17
8.917109e+00,1.338654e-16,1.725210e-15,1.725210e-17
8.919953e+00,1.316129e-16,1.697080e-15,1.697080e-17
8.922796e+00,1.307556e-16,1.678981e-15,1.678981e-17
8.925640e+00,1.291467e-16,1.657512e-15,1.657512e-17
8.928483e+00,1.291355e-16,1.623511e-15,1.623511e-17
8.931327e+00,1.268318e-16,1.590692e-15,1.590692e-17
8.934170e+00,1.252457e-16,1.568182e-15,1.568182e-17
8.937013e+00,1.241890e-16,1.553643e-15,1.553643e-17
8.939857e+00,1.227782e-16,1.543045e-15,1.543045e-17
8.942700e+00,1.248863e-16,1.530363e-15,1.530363e-17
8.945544e+00,1.214600e-16,1.512623e-15,1.512623e-17
8.948387e+00,1.224038e-16,1.494992e-15,1.494992e-17
8.951231e+00,1.221874e-16,1.481119e-15,1.481119e-17
8.954074e+00,1.195655e-16,1.471345e-15,1.471345e-17
8.956918e+00,1.198588e-16,1.465382e-15,1.465382e-17
8.959761e+00,1.200981e-16,1.463940e-15,1.463940e-17
8.962605e+00,1.197004e-16,1.465554e-15,1.465554e-17
8.965448e+00,1.204520e-16,1.468054e-15,1.468054e-17
8.968292e+00,1.197236e-16,1.472442e-15,1.472442e-17
8.971135e+00,1.205562e-16,1.478056e-15,1.478056e-17
8.973979e+00,1.202744e-16,1.479123e-15,1.479123e-17
8.976822e+00,1.188527e-16,1.476805e-15,1.476805e-17
8.979665e+00,1.188215e-16,1.475809e-15,1.475809e-17
8.982509e+00,1.196884e-16,1.476478e-15,1.476478e-17
8.985352e+00,1.193693e-16,1.477262e-15,1.477262e-17
8.988196e+00,1.197401e-16,1.476018e-15,1.476018e-17
8.991039e+00,1.189742e-16,1.468008e-15,1.468008e-17
8.993883e+00,1.196968e-16,1.455287e-15,1.455287e-17
8.996726e+00,1.199395e-16,1.439118e-15,1.439118e-17
8.999570e+00,1.188261e-16,1.416213e-15,1.416213e-17
9.002413e+00,1.186522e-16,1.389738e-15,1.389738e-17
9.005257e+00,1.171152e-16,1.364918e-15,1.364918e-17
9.008100e+00,1.181088e-16,1.342248e-15,1.342248e-17
9.010944e+00,1.167070e-16,1.317711e-15,1.317711e-17
9.013787e+00,1.167579e-16,1.288834e-15,1.288834e-17
9.016631e+00,1.165330e-16,1.257381e-15,1.257381e-17
9.019474e+00,1.155314e-16,1.226082e-15,1.226082e-17
9.022317e+00,1.160439e-16,1.196119e-15,1.196119e-17
9.025161e+00,1.157834e-16,1.169640e-15,1.169640e-17
9.028004e+00,1.155752e-16,1.150480e-15,1.150480e-17
9.030848e+00,1.158991e-16,1.137643e-15,1.137643e-17
9.033691e+00,1.141058e-16,1.122847e-15,1.122847e-17
9.036535e+00,1.139676e-16,1.106119e-15,1.106119e-17
9.039378e+00,1.143703e-16,1.093879e-15,1.093879e-17
9.042222e+00,1.146576e-16,1.085078e-15,1.085078e-17
9.045065e+00,1.148607e-16,1.075600e-15,1.075600e-17
9.047909e+00,1.141625e-16,1.075613e-15,1.075613e-17
9.050752e+00,1.134257e-16,1.083766e-15,1.083766e-17
9.053596e+00,1.141320e-16,1.086824e-15,1.086824e-17
9.056439e+00,1.137225e-16,1.083421e-15,1.083421e-17
9.059283e+00,1.138426e-16,1.080377e-15,1.080377e-17
9.062126e+00,1.138513e-16,1.075123e-15,1.075123e-17
9.064969e+00,1.126250e-16,1.066615e-15,1.066615e-17
9.067813e+00,1.130377e-16,1.059912e-15,1.059912e-17
9.070656e+00,1.129067e-16,1.061945e-15,1.061945e-17
9.073500e+00,1.149079e-16,1.069521e-15,1.069521e-17
9.076343e+00,1.151403e-16,1.073673e-15,1.073673e-17
9.079187e+00,1.147233e-16,1.076811e-15,1.076811e-17
9.082030e+00,1.146027e-16,1.085948e-15,1.085948e-17
9.084874e+00,1.133540e-16,1.100757e-15,1.100757e-17
9.087717e+00,1.141585e-16,1.118643e-15,1.118643e-17
9.090561e+00,1.150498e-16,1.134550e-15,1.134550e-17
9.093404e+00,1.147148e-16,1.146834e-15,1.146834e-17
9.096248e+00,1.167674e-16,1.157887e-15,1.157887e-17
9.099091e+00,1.169443e-16,1.169313e-15,1.169313e-17
9.101934e+00,1.165334e-16,1.183510e-15,1.183510e-17
9.104778e+00,1.163467e-16,1.194898e-15,1.194898e-17
9.107621e+00,1.158570e-16,1.200937e-15,1.200937e-17
9.110465e+00,1.167176e-16,1.211349e-15,1.211349e-17
9.113308e+00,1.157440e-16,1.219645e-15,1.219645e-17
9.116152e+00,1.162439e-16,1.219518e-15,1.219518e-17
9.118995e+00,1.156043e-16,1.223083e-15,1.223083e-17
9.121839e+00,1.170215e-16,1.231550e-15,1.231550e-17
9.124682e+00,1.154116e-16,1.235768e-15,1.235768e-17
9.127526e+00,1.151184e-16,1.236784e-15,1.236784e-17
9.130369e+00,1.152960e-16,1.240087e-15,1.240087e-17
9.133213e+00,1.142684e-16,1.246617e-15,1.246617e-17
9.136056e+00,1.149791e-16,1.248527e-15,1.248527e-17
9.138900e+00,1.165361e-16,1.241366e-15,1.241366e-17
9.141743e+00,1.138162e-16,1.235336e-15,1.235336e-17
9.144586e+00,1.154154e-16,1.237148e-15,1.237148e-17
9.147430e+00,1.134481e-16,1.238304e-15,1.238304e-17
9.150273e+00,1.151423e-16,1.234097e-15,1.234097e-17
9.153117e+00,1.147567e-16,1.229007e-15,1.229007e-17
9.155960e+00,1.151255e-16,1.224215e-15,1.224215e-17
9.158804e+00,1.133825e-16,1.219613e-15,1.219613e-17
9.161647e+00,1.123099e-16,1.218005e-15,1.218005e-17
9.164491e+00,1.138791e-16,1.220860e-15,1.220860e-17
9.167334e+00,1.130171e-16,1.225060e-15,1.225060e-17
9.170178e+00,1.138481e-16,1.223774e-15,1.223774e-17
9.173021e+00,1.149762e-16,1.217044e-15,1.217044e-17
9.175865e+00,1.134240e-16,1.212562e-15,1.212562e-17
9.178708e+00,1.144556e-16,1.211126e-15,1.211126e-17
9.181552e+00,1.136831e-16,1.211068e-15,1.211068e-17
9.184395e+00,1.147673e-16,1.211125e-15,1.211125e-17
9.187238e+00,1.145891e-16,1.211844e-15,1.211844e-17
9.190082e+00,1.159649e-16,1.220847e-15,1.220847e-17
9.192925e+00,1.160830e-16,1.240525e-15,1.240525e-17
9.195769e+00,1.158583e-16,1.255392e-15,1.255392e-17
9.198612e+00,1.166136e-16,1.260361e-15,1.260361e-17
9.201456e+00,1.178382e-16,1.268330e-15,1.268330e-17
9.204299e+00,1.189681e-16,1.284188e-15,1.284188e-17
9.207143e+00,1.190787e-16,1.298054e-15,1.298054e-17
9.209986e+00,1.208825e-16,1.307639e-15,1.307639e-17
9.212830e+00,1.199866e-16,1.315223e-15,1.315223e-17
9.215673e+00,1.200491e-16,1.319194e-15,1.319194e-17
9.218517e+00,1.201136e-16,1.322163e-15,1.322163e-17
9.221360e+00,1.202824e-16,1.326995e-15,1.326995e-17
9.224204e+00,1.197612e-16,1.331645e-15,1.331645e-17
9.227047e+00,1.215335e-16,1.333091e-15,1.333091e-17
9.229890e+00,1.212324e-16,1.331807e-15,1.331807e-17
9.232734e+00,1.207145e-16,1.328024e-15,1.328024e-17
9.235577e+00,1.214810e-16,1.315825e-15,1.315825e-17
9.238421e+00,1.191095e-16,1.293865e-15,1.293865e-17
9.241264e+00,1.195906e-16,1.274579e-15,1.274579e-17
9.244108e+00,1.189666e-16,1.261008e-15,1.261008e-17
9.246951e+00,1.186294e-16,1.246251e-15,1.246251e-17
9.249795e+00,1.187646e-16,1.229314e-15,1.229314e-17
9.252638e+00,1.184566e-16,1.215881e-15,1.215881e-17
9.255482e+00,1.170894e-16,1.207897e-15,1.207897e-17
9.258325e+00,1.177178e-16,1.199037e-15,1.199037e-17
9.261169e+00,1.168996e-16,1.186544e-15,1.186544e-17
9.264012e+00,1.161451e-16,1.175437e-15,1.175437e-17
9.266856e+00,1.169933e-16,1.169243e-15,1.169243e-17
9.269699e+00,1.148738e-16,1.165281e-15,1.165281e-17
9.272542e+00,1.148185e-16,1.165729e-15,1.165729e-17
9.275386e+00,1.147596e-16,1.168137e-15,1.168137e-17
9.278229e+00,1.155833e-16,1.165828e-15,1.165828e-17
9.281073e+00,1.139139e-16,1.163975e-15,1.163975e-17
9.283916e+00,1.149289e-16,1.171146e-15,1.171146e-17
9.286760e+00,1.166376e-16,1.181155e-15,1.181155e-17
9.289603e+00,1.160036e-16,1.188222e-15,1.188222e-17
9.292447e+00,1.167299e-16,1.193119e-15,1.193119e-17
9.295290e+00,1.177719e-16,1.198546e-15,1.198546e-17
9.298134e+00,1.162924e-16,1.205674e-15,1.205674e-17
9.300977e+00,1.166191e-16,1.213653e-15,1.213653e-17
9.303821e+00,1.189481e-16,1.219844e-15,1.219844e-17
9.306664e+00,1.172420e-16,1.225497e-15,1.225497e-17
9.309508e+00,1.162171e-16,1.233161e-15,1.233161e-17
9.312351e+00,1.170454e-16,1.245091e-15,1.245091e-17
9.315194e+00,1.169832e-16,1.259427e-15,1.259427e-17
9.318038e+00,1.178130e-16,1.267563e-15,1.267563e-17
9.320881e+00,1.162092e-16,1.267973e-15,1.267973e-17
9.323725e+00,1.171536e-16,1.265794e-15,1.265794e-17
9.326568e+00,1.165044e-16,1.270487e-15,1.270487e-17
9.329412e+00,1.171875e-16,1.284990e-15,1.284990e-17
9.332255e+00,1.182302e-16,1.298731e-15,1.298731e-17
9.335099e+00,1.184469e-16,1.304599e-15,1.304599e-17
9.337942e+00,1.178277e-16,1.304649e-15,1.304649e-17
9.340786e+00,1.177340e-16,1.301804e-15,1.301804e-17
9.343629e+00,1.181239e-16,1.294149e-15,1.294149e-17
9.346473e+00,1.158640e-16,1.281850e-15,1.281850e-17
9.349316e+00,1.160085e-16,1.275479e-15,1.275479e-17
9.352159e+00,1.160939e-16,1.275068e-15,1.275068e-17
9.355003e+00,1.159832e-16,1.268637e-15,1.268637e-17
9.357846e+00,1.154905e-16,1.253887e-15,1.253887e-17
9.360690e+00,1.138417e-16,1.235493e-15,1.235493e-17
9.363533e+00,1.137850e-16,1.214368e-15,1.214368e-17
9.366377e+00,1.135016e-16,1.196328e-15,1.196328e-17
9.369220e+00,1.110387e-16,1.183169e-15,1.183169e-17
9.372064e+00,1.119211e-16,1.166874e-15,1.166874e-17
9.374907e+00,1.104637e-16,1.142600e-15,1.142600e-17
9.377751e+00,1.096873e-16,1.116439e-15,1.116439e-17
9.380594e+00,1.097396e-16,1.097039e-15,1.097039e-17
9.383438e+00,1.076490e-16,1.080212e-15,1.080212e-17
9.386281e+00,1.084936e-16,1.054753e-15,1.054753e-17
9.389125e+00,1.064339e-16,1.021497e-15,1.021497e-17
9.391968e+00,1.063835e-16,9.923956e-16,9.923956e-18
9.394811e+00,1.051126e-16,9.672297e-16,9.672297e-18
9.397655e+00,1.049810e-16,9.416772e-16,9.416772e-18
9.400498e+00,1.052148e-16,9.189529e-16,9.189529e-18
9.403342e+00,1.030403e-16,9.013434e-16,9.013434e-18
9.406185e+00,1.038292e-16,8.837870e-16,8.837870e-18
9.409029e+00,1.034735e-16,8.669603e-16,8.669603e-18
9.411872e+00,1.029733e-16,8.588214e-16,8.588214e-18
9.414716e+00,1.025444e-16,8.569473e-16,8.569473e-18
9.417559e+00,1.032453e-16,8.529707e-16,8.529707e-18
9.420403e+00,1.028081e-16,8.433895e-16,8.433895e-18
9.423246e+00,1.021360e-16,8.352091e-16,8.352091e-18
9.426090e+00,1.021768e-16,8.371458e-16,8.371458e-18
9.428933e+00,1.022719e-16,8.436039e-16,8.436039e-18
9.431777e+00,1.039081e-16,8.486024e-16,8.486024e-18
9.434620e+00,1.039675e-16,8.519574e-16,8.519574e-18
9.437463e+00,1.038287e-16,8.559066e-16,8.559066e-18
9.440307e+00,1.043400e-16,8.653808e-16,8.653808e-18
9.443150e+00,1.048985e-16,8.811893e-16,8.811893e-18
9.445994e+00,1.054716e-16,8.992672e-16,8.992672e-18
9.448837e+00,1.060536e-16,9.129320e-16,9.129320e-18
9.451681e+00,1.063457e-16,9.198038e-16,9.198038e-18
9.454524e+00,1.063012e-16,9.292812e-16,9.292812e-18
9.457368e+00,1.086832e-16,9.476350e-16,9.476350e-18
9.460211e+00,1.089545e-16,9.717503e-16,9.717503e-18
9.463055e+00,1.096405e-16,1.000101e-15,1.000101e-17
9.465898e+00,1.091692e-16,1.031674e-15,1.031674e-17
9.468742e+00,1.110082e-16,1.060818e-15,1.060818e-17
9.471585e+00,1.110648e-16,1.086238e-15,1.086238e-17
9.474429e+00,1.125593e-16,1.110520e-15,1.110520e-17
9.477272e+00,1.124442e-16,1.131951e-15,1.131951e-17
9.480115e+00,1.121770e-16,1.150777e-15,1.150777e-17
9.482959e+00,1.120627e-16,1.167449e-15,1.167449e-17
9.485802e+00,1.108334e-16,1.186923e-15,1.186923e-17
9.488646e+00,1.123128e-16,1.210774e-15,1.210774e-17
9.491489e+00,1.130075e-16,1.229301e-15,1.229301e-17
9.494333e+00,1.119859e-16,1.236758e-15,1.236758e-17
9.497176e+00,1.113297e-16,1.235359e-15,1.235359e-17
9.500020e+00,1.111377e-16,1.228513e-15,1.228513e-17
9.502863e+00,1.111816e-16,1.223209e-15,1.223209e-17
9.505707e+00,1.112340e-16,1.217721e-15,1.217721e-17
9.508550e+00,1.113863e-16,1.206514e-15,1.206514e-17
9.511394e+00,1.123145e-16,1.190808e-15,1.190808e-17
9.514237e+00,1.104674e-16,1.174541e-15,1.174541e-17
9.517081e+00,1.094479e-16,1.157224e-15,1.157224e-17
9.519924e+00,1.092941e-16,1.140542e-15,1.140542e-17
9.522767e+00,1.102784e-16,1.123366e-15,1.123366e-17
9.525611e+00,1.087798e-16,1.106044e-15,1.106044e-17
9.528454e+00,1.082518e-16,1.090098e-15,1.090098e-17
9.531298e+00,1.069959e-16,1.074968e-15,1.074968e-17
9.534141e+00,1.075119e-16,1.063172e-15,1.063172e-17
9.536985e+00,1.078856e-16,1.054828e-15,1.054828e-17
9.539828e+00,1.063764e-16,1.043949e-15,1.043949e-17
9.542672e+00,1.053130e-16,1.030023e-15,1.030023e-17
9.545515e+00,1.039896e-16,1.016271e-15,1.016271e-17
9.548359e+00,1.021397e-16,1.005338e-15,1.005338e-17
9.551202e+00,1.008932e-16,9.971402e-16,9.971402e-18
9.554046e+00,9.992715e-17,9.846340e-16,9.846340e-18
9.556889e+00,1.008743e-16,9.669608e-16,9.669608e-18
9.559733e+00,9.743974e-17,9.504410e-16,9.504410e-18
9.562576e+00,9.799188e-17,9.363087e-16,9.363087e-18
9.565419e+00,9.595100e-17,9.174675e-16,9.174675e-18
9.568263e+00,9.609702e-17,8.983431e-16,8.983431e-18
9.571106e+00,9.519997e-17,8.790268e-16,8.790268e-18
9.573950e+00,9.354874e-17,8.548528e-16,8.548528e-18
9.576793e+00,9.244029e-17,8.288372e-16,8.288372e-18
9.579637e+00,9.348147e-17,8.028065e-16,8.028065e-18
9.582480e+00,9.103984e-17,7.724116e-16,7.724116e-18
9.585324e+00,9.236541e-17,7.436450e-16,7.436450e-18
9.588167e+00,9.069998e-17,7.175058e-16,7.175058e-18
9.591011e+00,9.044412e-17,6.899378e-16,6.899378e-18
9.593854e+00,8.917257e-17,6.643860e-16,6.643860e-18
9.596698e+00,8.911717e-17,6.437935e-16,6.437935e-18
9.599541e+00,8.942467e-17,6.253271e-16,6.253271e-18
9.602384e+00,8.880395e-17,6.119541e-16,6.119541e-18
9.605228e+00,9.033528e-17,6.091709e-16,6.091709e-18
9.608071e+00,9.038232e-17,6.073262e-16,6.073262e-18
9.610915e+00,9.026905e-17,6.061463e-16,6.061463e-18
9.613758e+00,8.946504e-17,6.112760e-16,6.112760e-18
9.616602e+00,9.114581e-17,6.170893e-16,6.170893e-18
9.619445e+00,9.077483e-17,6.250432e-16,6.250432e-18
9.622289e+00,9.136378e-17,6.414187e-16,6.414187e-18
9.625132e+00,9.265407e-17,6.647035e-16,6.647035e-18
9.627976e+00,9.253286e-17,6.937695e-16,6.937695e-18
9.630819e+00,9.333488e-17,7.268935e-16,7.268935e-18
9.633663e+00,9.431670e-17,7.608917e-16,7.608917e-18
9.636506e+00,9.572310e-17,7.966260e-16,7.966260e-18
9.639350e+00,9.600893e-17,8.337676e-16,8.337676e-18
9.642193e+00,9.735804e-17,8.716486e-16,8.716486e-18
9.645036e+00,9.816503e-17,9.093655e-16,9.093655e-18
9.647880e+00,1.007289e-16,9.503495e-16,9.503495e-18
9.650723e+00,1.011069e-16,9.939162e-16,9.939162e-18
9.653567e+00,1.020766e-16,1.031608e-15,1.031608e-17
9.656410e+00,1.044713e-16,1.059693e-15,1.059693e-17
9.659254e+00,1.038480e-16,1.084406e-15,1.084406e-17
9.662097e+00,1.054488e-16,1.108749e-15,1.108749e-17
9.664941e+00,1.048834e-16,1.130588e-15,1.130588e-17
9.667784e+00,1.066254e-16,1.150973e-15,1.150973e-17
9.670628e+00,1.085658e-16,1.166859e-15,1.166859e-17
9.673471e+00,1.069744e-16,1.173982e-15,1.173982e-17
9.676315e+00,1.085155e-16,1.178305e-15,1.178305e-17
9.679158e+00,1.083526e-16,1.184157e-15,1.184157e-17
9.682002e+00,1.082508e-16,1.185206e-15,1.185206e-17
9.684845e+00,1.076486e-16,1.180124e-15,1.180124e-17
9.687688e+00,1.077714e-16,1.174549e-15,1.174549e-17
9.690532e+00,1.070399e-16,1.169570e-15,1.169570e-17
9.693375e+00,1.068374e-16,1.163602e-15,1.163602e-17
9.696219e+00,1.068106e-16,1.157026e-15,1.157026e-17
9.699062e+00,1.070622e-16,1.149486e-15,1.149486e-17
9.701906e+00,1.068661e-16,1.142310e-15,1.142310e-17
9.704749e+00,1.073221e-16,1.138854e-15,1.138854e-17
9.707593e+00,1.065662e-16,1.139933e-15,1.139933e-17
9.710436e+00,1.064185e-16,1.141788e-15,1.141788e-17
9.713280e+00,1.065091e-16,1.141046e-15,1.141046e-17
9.716123e+00,1.072109e-16,1.137207e-15,1.137207e-17
9.718967e+00,1.062864e-16,1.132935e-15,1.132935e-17
9.721810e+00,1.044630e-16,1.131851e-15,1.131851e-17
9.724654e+00,1.046877e-16,1.134522e-15,1.134522e-17
9.727497e+00,1.059579e-16,1.134493e-15,1.134493e-17
9.730340e+00,1.057595e-16,1.128483e-15,1.128483e-17
9.733184e+00,1.046606e-16,1.123161e-15,1.123161e-17
9.736027e+00,1.049789e-16,1.122270e-15,1.122270e-17
9.738871e+00,1.050436e-16,1.122080e-15,1.122080e-17
9.741714e+00,1.053388e-16,1.121785e-15,1.121785e-17
9.744558e+00,1.043027e-16,1.120284e-15,1.120284e-17
9.747401e+00,1.046466e-16,1.117541e-15,1.117541e-17
9.750245e+00,1.031142e-16,1.118852e-15,1.118852e-17
9.753088e+00,1.031114e-16,1.121667e-15,1.121667e-17
9.755932e+00,1.051722e-16,1.114944e-15,1.114944e-17
9.758775e+00,1.036388e-16,1.099939e-15,1.099939e-17
9.761619e+00,1.022493e-16,1.085802e-15,1.085802e-17
9.764462e+00,1.022685e-16,1.074334e-15,1.074334e-17
9.767306e+00,1.022364e-16,1.062729e-15,1.062729e-17
9.770149e+00,9.980764e-17,1.050069e-15,1.050069e-17
9.772992e+00,9.966159e-17,1.037125e-15,1.037125e-17
9.775836e+00,9.848555e-17,1.025839e-15,1.025839e-17
9.778679e+00,9.909526e-17,1.019879e-15,1.019879e-17
9.781523e+00,9.829024e-17,1.016842e-15,1.016842e-17
9.784366e+00,9.893021e-17,1.008919e-15,1.008919e-17
9.787210e+00,9.759865e-17,9.959029e-16,9.959029e-18
9.790053e+00,9.741544e-17,9.883072e-16,9.883072e-18
9.792897e+00,9.742087e-17,9.887629e-16,9.887629e-18
9.795740e+00,9.645217e-17,9.855010e-16,9.855010e-18
9.798584e+00,9.613365e-17,9.734936e-16,9.734936e-18
9.801427e+00,9.506895e-17,9.613504e-16,9.613504e-18
9.804271e+00,9.449824e-17,9.550169e-16,9.550169e-18
9.807114e+00,9.549160e-17,9.528866e-16,9.528866e-18
9.809958e+00,9.626771e-17,9.511528e-16,9.511528e-18
9.812801e+00,9.519602e-17,9.486803e-16,9.486803e-18
9.815644e+00,9.388699e-17,9.441085e-16,9.441085e-18
9.818488e+00,9.440614e-17,9.354258e-16,9.354258e-18
9.821331e+00,9.503136e-17,9.285750e-16,9.285750e-18
9.824175e+00,9.512400e-17,9.233908e-16,9.233908e-18
9.827018e+00,9.505334e-17,9.150619e-16,9.150619e-18
9.829862e+00,9.393747e-17,9.057406e-16,9.057406e-18
9.832705e+00,9.478744e-17,8.968910e-16,8.968910e-18
9.835549e+00,9.418893e-17,8.824165e-16,8.824165e-18
9.838392e+00,9.218063e-17,8.639825e-16,8.639825e-18
9.841236e+00,9.225935e-17,8.478995e-16,8.478995e-18
9.844079e+00,9.160783e-17,8.344056e-16,8.344056e-18
9.846923e+00,9.161608e-17,8.188889e-16,8.188889e-18
9.849766e+00,9.127914e-17,7.995505e-16,7.995505e-18
9.852609e+00,9.045754e-17,7.840896e-16,7.840896e-18
9.855453e+00,9.008847e-17,7.769443e-16,7.769443e-18
9.858296e+00,8.930472e-17,7.703528e-16,7.703528e-18
9.861140e+00,8.819849e-17,7.581498e-16,7.581498e-18
9.863983e+00,8.791302e-17,7.446393e-16,7.446393e-18
9.866827e+00,8.828968e-17,7.366865e-16,7.366865e-18
9.869670e+00,8.780885e-17,7.338104e-16,7.338104e-18
9.872514e+00,8.715364e-17,7.345368e-16,7.345368e-18
9.875357e+00,8.757193e-17,7.377340e-16,7.377340e-18
9.878201e+00,8.710696e-17,7.418790e-16,7.418790e-18
9.881044e+00,8.709734e-17,7.494579e-16,7.494579e-18
9.883888e+00,8.787480e-17,7.622824e-16,7.622824e-18
9.886731e+00,8.884910e-17,7.750179e-16,7.750179e-18
9.889575e+00,8.817569e-17,7.858911e-16,7.858911e-18
9.892418e+00,8.790764e-17,7.967258e-16,7.967258e-18
9.895261e+00,9.063259e-17,8.117430e-16,8.117430e-18
9.898105e+00,9.228046e-17,8.360138e-16,8.360138e-18
9.900948e+00,9.159077e-17,8.665530e-16,8.665530e-18
9.903792e+00,9.329279e-17,8.944213e-16,8.944213e-18
9.906635e+00,9.348378e-17,9.157913e-16,9.157913e-18
9.909479e+00,9.466501e-17,9.362766e-16,9.362766e-18
9.912322e+00,9.484384e-17,9.600175e-16,9.600175e-18
9.915166e+00,9.497935e-17,9.822983e-16,9.822983e-18
9.918009e+00,9.733673e-17,1.000143e-15,1.000143e-17
9.920853e+00,9.641318e-17,1.015185e-15,1.015185e-17
9.923696e+00,9.596081e-17,1.026049e-15,1.026049e-17
9.926540e+00,9.670039e-17,1.033481e-15,1.033481e-17
9.929383e+00,9.705130e-17,1.039596e-15,1.039596e-17
9.932227e+00,9.745104e-17,1.041436e-15,1.041436e-17
9.935070e+00,9.715425e-17,1.034695e-15,1.034695e-17
9.937913e+00,9.707897e-17,1.019361e-15,1.019361e-17
9.940757e+00,9.607414e-17,1.000185e-15,1.000185e-17
9.943600e+00,9.459571e-17,9.803501e-16,9.803501e-18
9.946444e+00,9.517248e-17,9.573080e-16,9.573080e-18
9.949287e+00,9.324762e-17,9.302212e-16,9.302212e-18
9.952131e+00,9.299073e-17,9.043249e-16,9.043249e-18
9.954974e+00,9.225692e-17,8.797088e-16,8.797088e-18
9.957818e+00,9.167128e-17,8.540086e-16,8.540086e-18
9.960661e+00,9.211289e-17,8.265678e-16,8.265678e-18
9.963505e+00,9.041579e-17,7.968414e-16,7.968414e-18
9.966348e+00,8.902860e-17,7.701726e-16,7.701726e-18
9.969192e+00,8.884078e-17,7.541680e-16,7.541680e-18
9.972035e+00,8.871799e-17,7.448376e-16,7.448376e-18
9.974879e+00,8.781046e-17,7.318628e-16,7.318628e-18
9.977722e+00,8.639582e-17,7.109321e-16,7.109321e-18
9.980565e+00,8.573654e-17,6.904219e-16,6.904219e-18
9.983409e+00,8.503162e-17,6.841428e-16,6.841428e-18
9.986252e+00,8.513577e-17,6.861491e-16,6.861491e-18
9.989096e+00,8.421740e-17,6.810647e-16,6.810647e-18
9.991939e+00,8.502344e-17,6.720284e-16,6.720284e-18
9.994783e+00,8.397018e-17,6.684443e-16,6.684443e-18
9.997626e+00,8.345748e-17,6.671072e-16,6.671072e-18
1.000047e+01,8.348752e-17,6.624677e-16,6.624677e-18
1.000331e+01,8.341997e-17,6.589496e-16,6.589496e-18
1.000616e+01,8.367788e-17,6.564702e-16,6.564702e-18
1.000900e+01,8.260334e-17,6.508153e-16,6.508153e-18
1.001184e+01,8.268074e-17,6.442188e-16,6.442188e-18
1.001469e+01,8.272471e-17,6.423902e-16,6.423902e-18
1.001753e+01,8.178299e-17,6.421553e-16,6.421553e-18
1.002037e+01,8.182124e-17,6.381334e-16,6.381334e-18
1.002322e+01,8.264289e-17,6.344440e-16,6.344440e-18
1.002606e+01,8.176772e-17,6.286433e-16,6.286433e-18
1.002890e+01,8.245917e-17,6.174653e-16,6.174653e-18
1.003175e+01,8.080095e-17,6.091957e-16,6.091957e-18
1.003459e+01,8.120545e-17,6.075421e-16,6.075421e-18
1.003743e+01,7.981638e-17,6.059850e-16,6.059850e-18
1.004028e+01,8.083016e-17,6.042533e-16,6.042533e-18
1.004312e+01,8.021413e-17,6.059059e-16,6.059059e-18
1.004597e+01,7.984568e-17,6.082064e-16,6.082064e-18
1.004881e+01,8.079559e-17,6.072726e-16,6.072726e-18
1.005165e+01,7.980608e-17,6.052822e-16,6.052822e-18
1.005450e+01,7.945868e-17,6.077445e-16,6.077445e-18
1.005734e+01,8.000099e-17,6.098566e-16,6.098566e-18
1.006018e+01,8.044756e-17,6.078438e-16,6.078438e-18
1.006303e+01,7.932388e-17,6.048284e-16,6.048284e-18
1.006587e+01,8.041028e-17,6.020905e-16,6.020905e-18
1.006871e+01,8.031399e-17,5.996700e-16,5.996700e-18
1.007156e+01,7.924245e-17,6.001725e-16,6.001725e-18
1.007440e+01,8.039776e-17,5.991388e-16,5.991388e-18
1.007724e+01,7.983641e-17,5.901700e-16,5.901700e-18
1.008009e+01,7.948908e-17,5.816007e-16,5.816007e-18
1.008293e+01,7.986392e-17,5.823401e-16,5.823401e-18
1.008577e+01,8.021747e-17,5.852308e-16,5.852308e-18
1.008862e+01,7.973312e-17,5.833434e-16,5.833434e-18
1.009146e+01,8.114770e-17,5.841707e-16,5.841707e-18
1.009430e+01,8.010225e-17,5.882114e-16,5.882114e-18
1.009715e+01,8.061151e-17,5.904442e-16,5.904442e-18
1.009999e+01,8.097569e-17,5.930143e-16,5.930143e-18
1.010283e+01,8.206499e-17,5.996499e-16,5.996499e-18
1.010568e+01,8.152716e-17,6.072939e-16,6.072939e-18
1.010852e+01,8.159757e-17,6.128592e-16,6.128592e-18
1.011136e+01,8.167643e-17,6.176556e-16,6.176556e-18
1.011421e+01,8.168531e-17,6.270251e-16,6.270251e-18
1.011705e+01,8.257867e-17,6.345333e-16,6.345333e-18
1.011990e+01,8.225473e-17,6.366031e-16,6.366031e-18
1.012274e+01,8.325252e-17,6.466520e-16,6.466520e-18
1.012558e+01,8.428310e-17,6.651357e-16,6.651357e-18
1.012843e+01,8.439279e-17,6.783969e-16,6.783969e-18
1.013127e+01,8.540740e-17,6.881442e-16,6.881442e-18
1.013411e+01,8.598758e-17,6.996972e-16,6.996972e-18
1.013696e+01,8.549773e-17,7.154251e-16,7.154251e-18
1.013980e+01,8.690184e-17,7.368975e-16,7.368975e-18
1.014264e+01,8.559981e-17,7.580355e-16,7.580355e-18
1.014549e+01,8.637160e-17,7.739744e-16,7.739744e-18
1.014833e+01,8.711699e-17,7.840246e-16,7.840246e-18
1.015117e+01,8.762573e-17,7.882391e-16,7.882391e-18
1.015402e+01,8.688182e-17,7.930316e-16,7.930316e-18
1.015686e+01,8.843085e-17,8.053680e-16,8.053680e-18
1.015970e+01,8.657298e-17,8.194958e-16,8.194958e-18
1.016255e+01,8.661792e-17,8.262979e-16,8.262979e-18
1.016539e+01,8.741335e-17,8.256307e-16,8.256307e-18
1.016823e+01,8.653957e-17,8.209328e-16,8.209328e-18
1.017108e+01,8.584674e-17,8.161385e-16,8.161385e-18
1.017392e+01,8.586205e-17,8.123449e-16,8.123449e-18
1.017676e+01,8.482948e-17,8.072262e-16,8.072262e-18
1.017961e+01,8.521410e-17,7.979983e-16,7.979983e-18
1.018245e+01,8.487297e-17,7.800351e-16,7.800351e-18
1.018530e+01,8.284513e-17,7.558131e-16,7.558131e-18
1.018814e+01,8.259657e-17,7.371550e-16,7.371550e-18
1.019098e+01,8.175102e-17,7.260614e-16,7.260614e-18
1.019383e+01,8.127975e-17,7.120311e-16,7.120311e-18
1.019667e+01,8.157766e-17,6.893466e-16,6.893466e-18
1.019951e+01,8.045411e-17,6.628523e-16,6.628523e-18
1.020236e+01,8.007073e-17,6.395892e-16,6.395892e-18
1.020520e+01,7.911165e-17,6.194143e-16,6.194143e-18
1.020804e+01,7.867429e-17,5.998437e-16,5.998437e-18
1.021089e+01,7.944367e-17,5.780536e-16,5.780536e-18
1.021373e+01,7.965784e-17,5.557646e-16,5.557646e-18
1.021657e+01,7.737232e-17,5.360799e-16,5.360799e-18
1.021942e+01,7.833080e-17,5.202234e-16,5.202234e-18
1.022226e+01,7.882617e-17,5.053420e-16,5.053420e-18
1.022510e+01,7.830166e-17,4.919127e-16,4.919127e-18
1.022795e+01,7.668327e-17,4.824090e-16,4.824090e-18
1.023079e+01,7.786743e-17,4.765210e-16,4.765210e-18
1.023363e+01,7.814276e-17,4.719851e-16,4.719851e-18
1.023648e+01,7.767694e-17,4.732719e-16,4.732719e-18
1.023932e+01,7.804153e-17,4.824371e-16,4.824371e-18
1.024216e+01,7.813643e-17,5.001774e-16,5.001774e-18
1.024501e+01,7.888382e-17,5.264673e-16,5.264673e-18
1.024785e+01,7.991408e-17,5.561357e-16,5.561357e-18
1.025069e+01,7.918742e-17,5.846270e-16,5.846270e-18
1.025354e+01,8.072877e-17,6.122185e-16,6.122185e-18
1.025638e+01,8.164981e-17,6.413148e-16,6.413148e-18
1.025923e+01,8.210873e-17,6.726117e-16,6.726117e-18
1.026207e+01,8.303768e-17,7.039845e-16,7.039845e-18
1.026491e+01,8.319328e-17,7.336027e-16,7.336027e-18
1.026776e+01,8.427755e-17,7.636171e-16,7.636171e-18
1.027060e+01,8.572608e-17,7.955062e-16,7.955062e-18
1.027344e+01,8.728121e-17,8.272991e-16,8.272991e-18
1.027629e+01,8.711750e-17,8.533366e-16,8.533366e-18
1.027913e+01,8.666805e-17,8.709288e-16,8.709288e-18
1.028197e+01,8.739569e-17,8.831915e-16,8.831915e-18
1.028482e+01,8.792659e-17,8.942368e-16,8.942368e-18
1.028766e+01,9.053810e-17,9.018406e-16,9.018406e-18
1.029050e+01,8.860453e-17,9.019585e-16,9.019585e-18
1.029335e+01,8.792527e-17,8.985779e-16,8.985779e-18
1.029619e+01,8.913481e-17,8.960155e-16,8.960155e-18
1.029903e+01,8.892890e-17,8.907831e-16,8.907831e-18
1.030188e+01,8.930512e-17,8.848324e-16,8.848324e-18
1.030472e+01,8.892532e-17,8.794755e-16,8.794755e-18
1.030756e+01,8.936016e-17,8.746303e-16,8.746303e-18
1.031041e+01,8.811373e-17,8.710329e-16,8.710329e-18
1.031325e+01,8.848920e-17,8.695785e-16,8.695785e-18
1.031609e+01,8.776094e-17,8.675110e-16,8.675110e-18
1.031894e+01,8.787891e-17,8.621639e-16,8.621639e-18
1.032178e+01,8.603290e-17,8.548178e-16,8.548178e-18
1.032462e+01,8.713060e-17,8.512224e-16,8.512224e-18
1.032747e+01,8.686105e-17,8.513891e-16,8.513891e-18
1.033031e+01,8.660822e-17,8.497280e-16,8.497280e-18
1.033316e+01,8.614537e-17,8.492089e-16,8.492089e-18
1.033600e+01,8.626803e-17,8.552436e-16,8.552436e-18
1.033884e+01,8.644564e-17,8.588741e-16,8.588741e-18
1.034169e+01,8.546641e-17,8.516319e-16,8.516319e-18
1.034453e+01,8.648849e-17,8.420326e-16,8.420326e-18
1.034737e+01,8.551080e-17,8.391770e-16,8.391770e-18
1.035022e+01,8.541051e-17,8.421725e-16,8.421725e-18
1.035306e+01,8.515538e-17,8.420018e-16,8.420018e-18
1.035590e+01,8.425938e-17,8.340485e-16,8.340485e-18
1.035875e+01,8.282435e-17,8.212955e-16,8.212955e-18
1.036159e+01,8.318182e-17,8.079796e-16,8.079796e-18
1.036443e+01,8.221162e-17,7.975588e-16,7.975588e-18
1.036728e+01,8.150761e-17,7.962713e-16,7.962713e-18
1.037012e+01,8.234551e-17,7.996654e-16,7.996654e-18
1.037296e+01,8.150769e-17,7.907912e-16,7.907912e-18
1.037581e+01,8.124651e-17,7.675232e-16,7.675232e-18
1.037865e+01,8.057586e-17,7.469321e-16,7.469321e-18
1.038149e+01,7.977832e-17,7.372492e-16,7.372492e-18
1.038434e+01,8.075684e-17,7.327137e-16,7.327137e-18
1.038718e+01,8.157766e-17,7.242570e-16,7.242570e-18
1.039002e+01,8.033472e-17,7.088531e-16,7.088531e-18
1.039287e+01,8.003700e-17,6.961420e-16,6.961420e-18
1.039571e+01,8.105739e-17,6.907318e-16,6.907318e-18
1.039855e+01,8.181960e-17,6.866931e-16,6.866931e-18
1.040140e+01,8.129741e-17,6.791751e-16,6.791751e-18
1.040424e+01,8.123350e-17,6.676004e-16,6.676004e-18
1.040709e+01,8.176818e-17,6.554801e-16,6.554801e-18
1.040993e+01,8.069250e-17,6.462846e-16,6.462846e-18
1.041277e+01,8.160103e-17,6.416524e-16,6.416524e-18
1.041562e+01,8.106521e-17,6.350552e-16,6.350552e-18
1.041846e+01,8.026817e-17,6.211479e-16,6.211479e-18
1.042130e+01,8.038877e-17,6.096899e-16,6.096899e-18
1.042415e+01,8.026366e-17,6.070412e-16,6.070412e-18
1.042699e+01,7.989639e-17,6.067212e-16,6.067212e-18
1.042983e+01,8.035034e-17,6.047232e-16,6.047232e-18
1.043268e+01,8.020448e-17,6.002851e-16,6.002851e-18
1.043552e+01,8.014408e-17,5.925183e-16,5.925183e-18
1.043836e+01,7.900476e-17,5.825038e-16,5.825038e-18
1.044121e+01,7.887688e-17,5.737719e-16,5.737719e-18
1.044405e+01,7.950576e-17,5.658525e-16,5.658525e-18
1.044689e+01,7.845170e-17,5.576128e-16,5.576128e-18
1.044974e+01,7.833252e-17,5.497601e-16,5.497601e-18
1.045258e+01,7.698485e-17,5.403574e-16,5.403574e-18
1.045542e+01,7.790986e-17,5.350265e-16,5.350265e-18
1.045827e+01,7.709463e-17,5.348708e-16,5.348708e-18
1.046111e+01,7.742376e-17,5.306883e-16,5.306883e-18
1.046395e+01,7.756696e-17,5.238005e-16,5.238005e-18
1.046680e+01,7.653543e-17,5.218901e-16,5.218901e-18
1.046964e+01,7.758876e-17,5.233844e-16,5.233844e-18
1.047249e+01,7.643250e-17,5.259250e-16,5.259250e-18
1.047533e+01,7.774765e-17,5.290899e-16,5.290899e-18
1.047817e+01,7.595074e-17,5.323701e-16,5.323701e-18
1.048102e+01,7.575166e-17,5.387351e-16,5.387351e-18
1.048386e+01,7.665393e-17,5.449600e-16,5.449600e-18
1.048670e+01,7.627351e-17,5.535881e-16,5.535881e-18
1.048955e+01,7.668158e-17,5.648578e-16,5.648578e-18
1.049239e+01,7.616763e-17,5.738557e-16,5.738557e-18
1.049523e+01,7.569949e-17,5.824550e-16,5.824550e-18
1.049808e+01,7.604242e-17,5.944819e-16,5.944819e-18
1.050092e+01,7.759521e-17,6.090445e-16,6.090445e-18
1.050376e+01,7.714782e-17,6.239318e-16,6.239318e-18
1.050661e+01,7.813029e-17,6.379448e-16,6.379448e-18
1.050945e+01,7.783396e-17,6.489822e-16,6.489822e-18
1.051229e+01,7.813048e-17,6.601088e-16,6.601088e-18
1.051514e+01,7.940987e-17,6.728326e-16,6.728326e-18
1.051798e+01,8.011596e-17,6.821758e-16,6.821758e-18
1.052082e+01,8.018490e-17,6.854283e-16,6.854283e-18
1.052367e+01,8.059276e-17,6.901485e-16,6.901485e-18
1.052651e+01,8.055471e-17,6.984850e-16,6.984850e-18
1.052935e+01,8.177503e-17,7.047723e-16,7.047723e-18
1.053220e+01,8.144646e-17,7.073943e-16,7.073943e-18
1.053504e+01,8.120494e-17,7.094101e-16,7.094101e-18
1.053788e+01,8.185886e-17,7.121690e-16,7.121690e-18
1.054073e+01,8.212764e-17,7.149268e-16,7.149268e-18
1.054357e+01,8.105274e-17,7.158542e-16,7.158542e-18
1.054642e+01,8.189255e-17,7.171998e-16,7.171998e-18
1.054926e+01,8.122398e-17,7.199073e-16,7.199073e-18
1.055210e+01,8.150296e-17,7.219126e-16,7.219126e-18
1.055495e+01,8.183614e-17,7.243603e-16,7.243603e-18
1.055779e+01,8.094304e-17,7.270528e-16,7.270528e-18
1.056063e+01,8.030865e-17,7.276401e-16,7.276401e-18
1.056348e+01,8.051686e-17,7.287445e-16,7.287445e-18
1.056632e+01,8.045015e-17,7.337779e-16,7.337779e-18
1.056916e+01,8.079578e-17,7.412772e-16,7.412772e-18
1.057201e+01,8.180704e-17,7.484569e-16,7.484569e-18
1.057485e+01,8.071639e-17,7.522650e-16,7.522650e-18
1.057769e+01,8.014927e-17,7.519658e-16,7.519658e-18
1.058054e+01,7.957427e-17,7.497363e-16,7.497363e-18
1.058338e+01,7.912961e-17,7.521898e-16,7.521898e-18
1.058622e+01,8.081325e-17,7.614255e-16,7.614255e-18
1.058907e+01,8.059639e-17,7.697897e-16,7.697897e-18
1.059191e+01,8.008991e-17,7.729971e-16,7.729971e-18
1.059475e+01,8.078093e-17,7.776059e-16,7.776059e-18
1.059760e+01,8.121586e-17,7.864689e-16,7.864689e-18
1.060044e+01,8.008105e-17,7.957634e-16,7.957634e-18
1.060328e+01,8.025236e-17,8.019029e-16,8.019029e-18
1.060613e+01,7.930587e-17,8.088411e-16,8.088411e-18
1.060897e+01,8.093157e-17,8.150570e-16,8.150570e-18
1.061181e+01,8.100671e-17,8.124894e-16,8.124894e-18
1.061466e+01,8.086612e-17,8.054572e-16,8.054572e-18
1.061750e+01,7.894696e-17,8.013286e-16,8.013286e-18
1.062035e+01,7.996076e-17,7.970536e-16,7.970536e-18
1.062319e+01,7.990871e-17,7.899232e-16,7.899232e-18
1.062603e+01,8.045102e-17,7.775602e-16,7.775602e-18
1.062888e+01,7.886266e-17,7.583287e-16,7.583287e-18
1.063172e+01,7.877580e-17,7.371463e-16,7.371463e-18
1.063456e+01,7.837610e-17,7.197102e-16,7.197102e-18
1.063741e+01,7.714091e-17,7.060798e-16,7.060798e-18
1.064025e+01,7.602883e-17,6.888901e-16,6.888901e-18
1.064309e+01,7.632668e-17,6.662202e-16,6.662202e-18
1.064594e+01,7.468490e-17,6.464163e-16,6.464163e-18
1.064878e+01,7.521410e-17,6.312889e-16,6.312889e-18
1.065162e+01,7.498274e-17,6.120983e-16,6.120983e-18
1.065447e+01,7.385701e-17,5.887381e-16,5.887381e-18
1.065731e+01,7.359647e-17,5.688211e-16,5.688211e-18
1.066015e+01,7.316892e-17,5.513836e-16,5.513836e-18
1.066300e+01,7.222704e-17,5.341031e-16,5.341031e-18
1.066584e+01,7.238370e-17,5.192723e-16,5.192723e-18
1.066868e+01,7.175000e-17,5.017252e-16,5.017252e-18
1.067153e+01,7.086969e-17,4.814830e-16,4.814830e-18
1.067437e+01,7.136249e-17,4.650505e-16,4.650505e-18
1.067721e+01,7.145986e-17,4.503282e-16,4.503282e-18
1.068006e+01,7.054599e-17,4.388234e-16,4.388234e-18
1.068290e+01,7.017293e-17,4.294446e-16,4.294446e-18
1.068575e+01,7.032879e-17,4.157060e-16,4.157060e-18
1.068859e+01,7.009805e-17,4.061312e-16,4.061312e-18
1.069143e+01,7.000990e-17,4.074862e-16,4.074862e-18
1.069428e+01,6.916478e-17,4.070524e-16,4.070524e-18
1.069712e+01,6.872347e-17,4.080260e-16,4.080260e-18
1.069996e+01,6.876006e-17,4.191360e-16,4.191360e-18
1.070281e+01,6.942084e-17,4.280222e-16,4.280222e-18
1.070565e+01,6.996946e-17,4.307441e-16,4.307441e-18
1.070849e+01,7.049555e-17,4.325838e-16,4.325838e-18
1.071134e+01,6.949251e-17,4.321605e-16,4.321605e-18
1.071418e+01,7.049613e-17,4.328895e-16,4.328895e-18
1.071702e+01,7.083586e-17,4.384945e-16,4.384945e-18
1.071987e+01,6.997917e-17,4.426793e-16,4.426793e-18
1.072271e+01,7.082241e-17,4.427496e-16,4.427496e-18
1.072555e+01,7.075781e-17,4.426359e-16,4.426359e-18
1.072840e+01,7.109881e-17,4.446084e-16,4.446084e-18
1.073124e+01,7.097400e-17,4.439801e-16,4.439801e-18
1.073408e+01,7.142504e-17,4.372358e-16,4.372358e-18
1.073693e+01,7.070651e-17,4.358009e-16,4.358009e-18
1.073977e+01,7.014455e-17,4.467933e-16,4.467933e-18
1.074261e+01,7.116530e-17,4.622252e-16,4.622252e-18
1.074546e+01,7.125665e-17,4.736811e-16,4.736811e-18
1.074830e+01,7.104157e-17,4.834915e-16,4.834915e-18
1.075114e+01,7.179156e-17,4.934036e-16,4.934036e-18
1.075399e+01,7.157787e-17,5.011387e-16,5.011387e-18
1.075683e+01,7.220181e-17,5.076828e-16,5.076828e-18
1.075968e+01,7.133565e-17,5.192146e-16,5.192146e-18
1.076252e+01,7.106442e-17,5.343210e-16,5.343210e-18
1.076536e+01,7.216964e-17,5.447474e-16,5.447474e-18
1.076821e+01,7.207516e-17,5.487530e-16,5.487530e-18
1.077105e+01,7.206957e-17,5.554003e-16,5.554003e-18
1.077389e+01,7.189781e-17,5.684042e-16,5.684042e-18
1.077674e+01,7.338774e-17,5.771465e-16,5.771465e-18
1.077958e+01,7.255622e-17,5.799554e-16,5.799554e-18
1.078242e+01,7.197262e-17,5.835479e-16,5.835479e-18
1.078527e+01,7.265695e-17,5.868352e-16,5.868352e-18
1.078811e+01,7.253275e-17,5.909786e-16,5.909786e-18
1.079095e+01,7.278612e-17,6.013063e-16,6.013063e-18
1.079380e+01,7.254836e-17,6.065496e-16,6.065496e-18
1.079664e+01,7.237768e-17,6.017803e-16,6.017803e-18
1.079948e+01,7.381360e-17,6.025759e-16,6.025759e-18
1.080233e+01,7.401184e-17,6.117099e-16,6.117099e-18
1.080517e+01,7.259851e-17,6.147993e-16,6.147993e-18
1.080801e+01,7.372924e-17,6.135632e-16,6.135632e-18
1.081086e+01,7.231229e-17,6.133952e-16,6.133952e-18
1.081370e+01,7.250916e-17,6.077912e-16,6.077912e-18
1.081654e+01,7.332658e-17,6.010793e-16,6.010793e-18
1.081939e+01,7.352766e-17,6.013186e-16,6.013186e-18
1.082223e+01,7.231006e-17,6.037375e-16,6.037375e-18
1.082507e+01,7.343973e-17,6.050038e-16,6.050038e-18
1.082792e+01,7.467929e-17,6.048899e-16,6.048899e-18
1.083076e+01,7.348180e-17,6.025158e-16,6.025158e-18
1.083361e+01,7.416291e-17,5.995233e-16,5.995233e-18
1.083645e+01,7.482796e-17,6.000088e-16,6.000088e-18
1.083929e+01,7.406489e-17,6.037955e-16,6.037955e-18
1.084214e+01,7.462459e-17,6.042678e-16,6.042678e-18
1.084498e+01,7.411514e-17,5.985764e-16,5.985764e-18
1.084782e+01,7.318769e-17,5.947799e-16,5.947799e-18
1.085067e+01,7.393557e-17,5.972629e-16,5.972629e-18
1.085351e+01,7.416006e-17,6.017059e-16,6.017059e-18
1.085635e+01,7.401198e-17,6.065391e-16,6.065391e-18
1.085920e+01,7.468251e-17,6.121441e-16,6.121441e-18
1.086204e+01,7.420968e-17,6.181718e-16,6.181718e-18
1.086488e+01,7.397662e-17,6.245097e-16,6.245097e-18
1.086773e+01,7.456763e-17,6.299136e-16,6.299136e-18
1.087057e+01,7.392875e-17,6.328642e-16,6.328642e-18
1.087341e+01,7.437238e-17,6.323518e-16,6.323518e-18
1.087626e+01,7.440267e-17,6.284391e-16,6.284391e-18
1.087910e+01,7.342920e-17,6.237318e-16,6.237318e-18
1.088194e+01,7.341242e-17,6.180955e-16,6.180955e-18
1.088479e+01,7.431782e-17,6.101501e-16,6.101501e-18
1.088763e+01,7.298306e-17,5.996893e-16,5.996893e-18
1.089047e+01,7.240242e-17,5.846367e-16,5.846367e-18
1.089332e+01,7.188477e-17,5.701000e-16,5.701000e-18
1.089616e+01,7.202628e-17,5.597956e-16,5.597956e-18
1.089900e+01,7.085220e-17,5.505781e-16,5.505781e-18
1.090185e+01,7.130783e-17,5.426638e-16,5.426638e-18
1.090469e+01,7.050198e-17,5.353975e-16,5.353975e-18
1.090754e+01,7.072027e-17,5.259421e-16,5.259421e-18
1.091038e+01,7.008634e-17,5.186725e-16,5.186725e-18
1.091322e+01,6.970648e-17,5.178722e-16,5.178722e-18
1.091607e+01,6.954964e-17,5.193564e-16,5.193564e-18
1.091891e+01,6.993175e-17,5.202680e-16,5.202680e-18
1.092175e+01,7.048017e-17,5.237148e-16,5.237148e-18
1.092460e+01,6.970876e-17,5.281652e-16,5.281652e-18
1.092744e+01,6.932078e-17,5.320124e-16,5.320124e-18
1.093028e+01,7.015228e-17,5.365280e-16,5.365280e-18
1.093313e+01,6.990399e-17,5.399896e-16,5.399896e-18
1.093597e+01,6.907530e-17,5.429365e-16,5.429365e-18
1.093881e+01,7.138314e-17,5.514484e-16,5.514484e-18
1.094166e+01,7.133325e-17,5.638603e-16,5.638603e-18
1.094450e+01,7.152016e-17,5.731448e-16,5.731448e-18
1.094734e+01,7.131053e-17,5.755679e-16,5.755679e-18
1.095019e+01,7.212388e-17,5.768278e-16,5.768278e-18
1.095303e+01,7.210025e-17,5.837717e-16,5.837717e-18
1.095587e+01,7.061846e-17,5.975478e-16,5.975478e-18
1.095872e+01,7.291941e-17,6.149542e-16,6.149542e-18
1.096156e+01,7.313144e-17,6.296839e-16,6.296839e-18
1.096440e+01,7.306764e-17,6.349668e-16,6.349668e-18
1.096725e+01,7.231362e-17,6.319391e-16,6.319391e-18
1.097009e+01,7.309926e-17,6.327176e-16,6.327176e-18
1.097294e+01,7.261850e-17,6.437487e-16,6.437487e-18
1.097578e+01,7.368585e-17,6.581518e-16,6.581518e-18
1.097862e+01,7.351013e-17,6.660122e-16,6.660122e-18
1.098147e+01,7.323160e-17,6.663012e-16,6.663012e-18
1.098431e+01,7.291655e-17,6.667698e-16,6.667698e-18
1.098715e+01,7.335494e-17,6.718854e-16,6.718854e-18
1.099000e+01,7.374617e-17,6.749935e-16,6.749935e-18
1.099284e+01,7.290757e-17,6.727050e-16,6.727050e-18
1.099568e+01,7.313293e-17,6.713504e-16,6.713504e-18
1.099853e+01,7.248450e-17,6.712164e-16,6.712164e-18
1.100137e+01,7.366319e-17,6.717969e-16,6.717969e-18
1.100421e+01,7.345977e-17,6.732123e-16,6.732123e-18
1.100706e+01,7.307692e-17,6.726612e-16,6.726612e-18
1.100990e+01,7.270364e-17,6.680287e-16,6.680287e-18
1.101274e+01,7.245511e-17,6.625057e-16,6.625057e-18
1.101559e+01,7.222586e-17,6.578071e-16,6.578071e-18
1.101843e+01,7.348860e-17,6.537062e-16,6.537062e-18
1.102127e+01,7.297640e-17,6.507056e-16,6.507056e-18
1.102412e+01,7.272187e-17,6.491506e-16,6.491506e-18
1.102696e+01,7.241332e-17,6.472519e-16,6.472519e-18
1.102980e+01,7.185934e-17,6.475056e-16,6.475056e-18
1.103265e+01,7.233858e-17,6.507155e-16,6.507155e-18
1.103549e+01,7.249642e-17,6.545646e-16,6.545646e-18
1.103833e+01,7.226371e-17,6.567256e-16,6.567256e-18
1.104118e+01,7.420994e-17,6.580058e-16,6.580058e-18
1.104402e+01,7.299669e-17,6.595806e-16,6.595806e-18
1.104687e+01,7.332163e-17,6.623791e-16,6.623791e-18
1.104971e+01,7.353975e-17,6.648703e-16,6.648703e-18
1.105255e+01,7.365859e-17,6.662605e-16,6.662605e-18
1.105540e+01,7.365097e-17,6.666654e-16,6.666654e-18
1.105824e+01,7.424748e-17,6.639728e-16,6.639728e-18
1.106108e+01,7.343442e-17,6.606086e-16,6.606086e-18
1.106393e+01,7.377407e-17,6.575652e-16,6.575652e-18
1.106677e+01,7.270661e-17,6.516519e-16,6.516519e-18
1.106961e+01,7.354531e-17,6.440128e-16,6.440128e-18
1.107246e+01,7.442286e-17,6.363395e-16,6.363395e-18
1.107530e+01,7.371726e-17,6.260065e-16,6.260065e-18
1.107814e+01,7.215010e-17,6.141709e-16,6.141709e-18
1.108099e+01,7.182944e-17,6.041070e-16,6.041070e-18
1.108383e+01,7.115994e-17,5.932582e-16,5.932582e-18
1.108667e+01,7.168667e-17,5.805215e-16,5.805215e-18
1.108952e+01,7.035981e-17,5.664790e-16,5.664790e-18
1.109236e+01,7.055736e-17,5.519356e-16,5.519356e-18
1.109520e+01,6.922973e-17,5.391642e-16,5.391642e-18
1.109805e+01,6.923969e-17,5.302896e-16,5.302896e-18
1.110089e+01,6.849799e-17,5.206486e-16,5.206486e-18
1.110373e+01,6.656022e-17,5.051011e-16,5.051011e-18
1.110658e+01,6.556325e-17,4.906227e-16,4.906227e-18
1.110942e+01,6.695055e-17,4.815043e-16,4.815043e-18
1.111226e+01,6.560917e-17,4.707186e-16,4.707186e-18
1.111511e+01,6.465587e-17,4.556274e-16,4.556274e-18
1.111795e+01,6.437798e-17,4.387029e-16,4.387029e-18
1.112080e+01,6.466547e-17,4.223419e-16,4.223419e-18
1.112364e+01,6.449306e-17,4.083730e-16,4.083730e-18
1.112648e+01,6.357825e-17,3.966421e-16,3.966421e-18
1.112933e+01,6.299209e-17,3.865537e-16,3.865537e-18
1.113217e+01,6.272410e-17,3.766407e-16,3.766407e-18
1.113501e+01,6.213814e-17,3.661359e-16,3.661359e-18
1.113786e+01,6.249281e-17,3.578724e-16,3.578724e-18
1.114070e+01,6.333755e-17,3.541429e-16,3.541429e-18
1.114354e+01,6.212005e-17,3.487032e-16,3.487032e-18
1.114639e+01,6.242659e-17,3.431211e-16,3.431211e-18
1.114923e+01,6.284366e-17,3.435233e-16,3.435233e-18
1.115207e+01,6.185722e-17,3.452709e-16,3.452709e-18
1.115492e+01,6.271021e-17,3.435279e-16,3.435279e-18
1.115776e+01,6.323120e-17,3.418150e-16,3.418150e-18
1.116060e+01,6.360451e-17,3.470502e-16,3.470502e-18
1.116345e+01,6.257668e-17,3.568593e-16,3.568593e-18
1.116629e+01,6.281418e-17,3.634128e-16,3.634128e-18
1.116913e+01,6.290243e-17,3.671890e-16,3.671890e-18
1.117198e+01,6.371173e-17,3.755920e-16,3.755920e-18
1.117482e+01,6.331379e-17,3.875293e-16,3.875293e-18
1.117766e+01,6.271708e-17,3.956073e-16,3.956073e-18
1.118051e+01,6.344064e-17,4.025020e-16,4.025020e-18
1.118335e+01,6.422828e-17,4.175157e-16,4.175157e-18
1.118620e+01,6.482318e-17,4.379219e-16,4.379219e-18
1.118904e+01,6.471881e-17,4.507114e-16,4.507114e-18
1.119188e+01,6.484647e-17,4.539535e-16,4.539535e-18
1.119473e+01,6.501360e-17,4.580373e-16,4.580373e-18
1.119757e+01,6.539898e-17,4.680457e-16,4.680457e-18
1.120041e+01,6.553547e-17,4.791387e-16,4.791387e-18
1.120326e+01,6.587042e-17,4.908519e-16,4.908519e-18
1.120610e+01,6.680147e-17,5.072034e-16,5.072034e-18
1.120894e+01,6.700910e-17,5.201508e-16,5.201508e-18
1.121179e+01,6.680348e-17,5.258592e-16,5.258592e-18
1.121463e+01,6.768108e-17,5.331335e-16,5.331335e-18
1.121747e+01,6.770726e-17,5.397945e-16,5.397945e-18
1.122032e+01,6.776221e-17,5.381900e-16,5.381900e-18
1.122316e+01,6.722621e-17,5.359926e-16,5.359926e-18
1.122600e+01,6.809588e-17,5.410999e-16,5.410999e-18
1.122885e+01,6.765232e-17,5.450676e-16,5.450676e-18
1.123169e+01,6.800171e-17,5.422495e-16,5.422495e-18
1.123453e+01,6.694075e-17,5.347740e-16,5.347740e-18
1.123738e+01,6.720314e-17,5.248811e-16,5.248811e-18
1.124022e+01,6.606604e-17,5.169061e-16,5.169061e-18
1.124306e+01,6.621270e-17,5.125644e-16,5.125644e-18
1.124591e+01,6.644001e-17,5.049780e-16,5.049780e-18
1.124875e+01,6.637852e-17,4.956490e-16,4.956490e-18
1.125159e+01,6.566590e-17,4.901578e-16,4.901578e-18
1.125444e+01,6.608750e-17,4.871335e-16,4.871335e-18
1.125728e+01,6.570272e-17,4.826457e-16,4.826457e-18
1.126013e+01,6.512478e-17,4.757723e-16,4.757723e-18
1.126297e+01,6.515290e-17,4.677327e-16,4.677327e-18
1.126581e+01,6.547533e-17,4.614678e-16,4.614678e-18
1.126866e+01,6.515588e-17,4.592851e-16,4.592851e-18
1.127150e+01,6.516058e-17,4.630183e-16,4.630183e-18
1.127434e+01,6.535334e-17,4.665966e-16,4.665966e-18
1.127719e+01,6.521700e-17,4.608758e-16,4.608758e-18
1.128003e+01,6.577435e-17,4.522520e-16,4.522520e-18
1.128287e+01,6.528644e-17,4.488306e-16,4.488306e-18
1.128572e+01,6.453108e-17,4.471832e-16,4.471832e-18
1.128856e+01,6.456027e-17,4.469755e-16,4.469755e-18
1.129140e+01,6.466486e-17,4.515427e-16,4.515427e-18
1.129425e+01,6.524546e-17,4.564842e-16,4.564842e-18
1.129709e+01,6.511051e-17,4.579647e-16,4.579647e-18
1.129993e+01,6.477745e-17,4.580771e-16,4.580771e-18
1.130278e+01,6.561742e-17,4.600963e-16,4.600963e-18
1.130562e+01,6.540116e-17,4.663454e-16,4.663454e-18
1.130846e+01,6.544995e-17,4.687942e-16,4.687942e-18
1.131131e+01,6.543983e-17,4.665293e-16,4.665293e-18
1.131415e+01,6.473504e-17,4.700298e-16,4.700298e-18
1.131699e+01,6.588734e-17,4.754439e-16,4.754439e-18
1.131984e+01,6.381898e-17,4.757893e-16,4.757893e-18
1.132268e+01,6.431297e-17,4.752401e-16,4.752401e-18
1.132552e+01,6.336467e-17,4.731242e-16,4.731242e-18
1.132837e+01,6.429509e-17,4.664157e-16,4.664157e-18
1.133121e+01,6.483879e-17,4.605631e-16,4.605631e-18
1.133406e+01,6.349375e-17,4.551052e-16,4.551052e-18
1.133690e+01,6.362476e-17,4.460790e-16,4.460790e-18
1.133974e+01,6.307604e-17,4.388253e-16,4.388253e-18
1.134259e+01,6.404741e-17,4.375213e-16,4.375213e-18
1.134543e+01,6.387708e-17,4.368458e-16,4.368458e-18
1.134827e+01,6.478011e-17,4.340591e-16,4.340591e-18
1.135112e+01,6.400189e-17,4.299857e-16,4.299857e-18
1.135396e+01,6.424657e-17,4.234506e-16,4.234506e-18
1.135680e+01,6.386850e-17,4.204991e-16,4.204991e-18
1.135965e+01,6.462680e-17,4.231271e-16,4.231271e-18
1.136249e+01,6.515044e-17,4.293957e-16,4.293957e-18
1.136533e+01,6.529315e-17,4.384019e-16,4.384019e-18
1.136818e+01,6.588730e-17,4.460157e-16,4.460157e-18
1.137102e+01,6.591421e-17,4.519068e-16,4.519068e-18
1.137386e+01,6.667443e-17,4.595177e-16,4.595177e-18
1.137671e+01,6.630045e-17,4.691888e-16,4.691888e-18
1.137955e+01,6.722009e-17,4.793332e-16,4.793332e-18
1.138239e+01,6.804017e-17,4.888211e-16,4.888211e-18
1.138524e+01,6.681873e-17,4.990723e-16,4.990723e-18
1.138808e+01,6.827917e-17,5.093990e-16,5.093990e-18
1.139092e+01,6.814049e-17,5.195114e-16,5.195114e-18
1.139377e+01,6.787176e-17,5.327738e-16,5.327738e-18
1.139661e+01,6.871320e-17,5.453647e-16,5.453647e-18
1.139945e+01,6.873202e-17,5.538951e-16,5.538951e-18
1.140230e+01,6.861249e-17,5.609192e-16,5.609192e-18
1.140514e+01,6.855393e-17,5.680633e-16,5.680633e-18
1.140799e+01,6.976361e-17,5.737777e-16,5.737777e-18
1.141083e+01,6.900566e-17,5.807051e-16,5.807051e-18
1.141367e+01,6.953498e-17,5.913516e-16,5.913516e-18
1.141652e+01,6.987263e-17,6.026950e-16,6.026950e-18
1.141936e+01,6.945892e-17,6.121856e-16,6.121856e-18
1.142220e+01,7.065100e-17,6.208639e-16,6.208639e-18
1.142505e+01,7.095224e-17,6.289036e-16,6.289036e-18
1.142789e+01,6.987284e-17,6.359360e-16,6.359360e-18
1.143073e+01,7.070738e-17,6.460793e-16,6.460793e-18
1.143358e+01,7.188821e-17,6.582269e-16,6.582269e-18
1.143642e+01,7.110830e-17,6.633302e-16,6.633302e-18
1.143926e+01,7.069744e-17,6.590315e-16,6.590315e-18
1.144211e+01,6.972684e-17,6.534021e-16,6.534021e-18
1.144495e+01,7.030541e-17,6.498001e-16,6.498001e-18
1.144779e+01,6.973626e-17,6.448423e-16,6.448423e-18
1.145064e+01,7.015074e-17,6.397812e-16,6.397812e-18
1.145348e+01,7.048883e-17,6.381163e-16,6.381163e-18
1.145632e+01,7.001735e-17,6.385835e-16,6.385835e-18
1.145917e+01,7.011723e-17,6.359940e-16,6.359940e-18
1.146201e+01,6.984320e-17,6.307361e-16,6.307361e-18
1.146485e+01,7.028889e-17,6.250363e-16,6.250363e-18
1.146770e+01,6.901320e-17,6.168454e-16,6.168454e-18
1.147054e+01,6.923120e-17,6.071281e-16,6.071281e-18
1.147339e+01,6.872224e-17,5.995146e-16,5.995146e-18
1.147623e+01,6.888084e-17,5.942053e-16,5.942053e-18
1.147907e+01,6.857115e-17,5.891764e-16,5.891764e-18
1.148192e+01,6.760162e-17,5.837920e-16,5.837920e-18
1.148476e+01,6.741394e-17,5.798761e-16,5.798761e-18
1.148760e+01,6.783540e-17,5.760231e-16,5.760231e-18
1.149045e+01,6.788828e-17,5.697972e-16,5.697972e-18
1.149329e+01,6.761526e-17,5.653077e-16,5.653077e-18
1.149613e+01,6.773208e-17,5.620174e-16,5.620174e-18
1.149898e+01,6.604955e-17,5.539851e-16,5.539851e-18
1.150182e+01,6.585159e-17,5.423316e-16,5.423316e-18
1.150466e+01,6.559564e-17,5.302257e-16,5.302257e-18
1.150751e+01,6.520501e-17,5.191335e-16,5.191335e-18
1.151035e+01,6.489802e-17,5.106373e-16,5.106373e-18
1.151319e+01,6.323959e-17,5.026248e-16,5.026248e-18
1.151604e+01,6.352624e-17,4.942084e-16,4.942084e-18
1.151888e+01,6.367506e-17,4.858060e-16,4.858060e-18
1.152172e+01,6.393053e-17,4.781094e-16,4.781094e-18
1.152457e+01,6.269909e-17,4.723604e-16,4.723604e-18
1.152741e+01,6.353938e-17,4.696384e-16,4.696384e-18
1.153025e+01,6.213128e-17,4.671586e-16,4.671586e-18
1.153310e+01,6.254592e-17,4.631568e-16,4.631568e-18
1.153594e+01,6.170313e-17,4.584069e-16,4.584069e-18
1.153878e+01,6.122915e-17,4.555959e-16,4.555959e-18
1.154163e+01,6.146761e-17,4.539297e-16,4.539297e-18
1.154447e+01,6.081946e-17,4.492319e-16,4.492319e-18
1.154732e+01,6.093712e-17,4.454108e-16,4.454108e-18
1.155016e+01,6.052892e-17,4.489238e-16,4.489238e-18
1.155300e+01,6.124846e-17,4.534594e-16,4.534594e-18
1.155585e+01,6.140773e-17,4.531752e-16,4.531752e-18
1.155869e+01,6.133239e-17,4.549212e-16,4.549212e-18
1.156153e+01,6.196369e-17,4.610536e-16,4.610536e-18
1.156438e+01,6.110145e-17,4.634710e-16,4.634710e-18
1.156722e+01,6.128961e-17,4.619774e-16,4.619774e-18
1.157006e+01,6.064355e-17,4.638164e-16,4.638164e-18
1.157291e+01,6.175189e-17,4.700492e-16,4.700492e-18
1.157575e+01,6.212267e-17,4.739951e-16,4.739951e-18
1.157859e+01,6.241647e-17,4.741499e-16,4.741499e-18
1.158144e+01,6.184603e-17,4.745388e-16,4.745388e-18
1.158428e+01,6.171977e-17,4.775060e-16,4.775060e-18
1.158712e+01,6.276423e-17,4.833839e-16,4.833839e-18
1.158997e+01,6.320415e-17,4.908287e-16,4.908287e-18
1.159281e+01,6.297052e-17,4.950481e-16,4.950481e-18
1.159565e+01,6.356281e-17,4.975430e-16,4.975430e-18
1.159850e+01,6.412959e-17,5.017365e-16,5.017365e-18
1.160134e+01,6.308032e-17,5.039630e-16,5.039630e-18
1.160418e+01,6.387581e-17,5.057962e-16,5.057962e-18
1.160703e+01,6.386553e-17,5.111539e-16,5.111539e-18
1.160987e+01,6.473045e-17,5.128616e-16,5.128616e-18
1.161271e+01,6.453638e-17,5.098380e-16,5.098380e-18
1.161556e+01,6.373540e-17,5.120023e-16,5.120023e-18
1.161840e+01,6.482783e-17,5.184886e-16,5.184886e-18
1.162125e+01,6.525318e-17,5.187605e-16,5.187605e-18
1.162409e+01,6.505003e-17,5.174624e-16,5.174624e-18
1.162693e+01,6.551567e-17,5.207240e-16,5.207240e-18
1.162978e+01,6.551060e-17,5.202677e-16,5.202677e-18
1.163262e+01,6.462202e-17,5.172452e-16,5.172452e-18
1.163546e+01,6.376003e-17,5.220089e-16,5.220089e-18
1.163831e+01,6.495846e-17,5.306178e-16,5.306178e-18
1.164115e+01,6.476487e-17,5.351845e-16,5.351845e-18
1.164399e+01,6.467770e-17,5.373713e-16,5.373713e-18
1.164684e+01,6.476040e-17,5.379807e-16,5.379807e-18
1.164968e+01,6.501047e-17,5.373028e-16,5.373028e-18
1.165252e+01,6.540112e-17,5.381676e-16,5.381676e-18
1.165537e+01,6.445486e-17,5.386112e-16,5.386112e-18
1.165821e+01,6.401341e-17,5.359048e-16,5.359048e-18
1.166105e+01,6.401444e-17,5.314734e-16,5.314734e-18
1.166390e+01,6.408780e-17,5.256957e-16,5.256957e-18
1.166674e+01,6.321549e-17,5.184325e-16,5.184325e-18
1.166958e+01,6.458725e-17,5.123318e-16,5.123318e-18
1.167243e+01,6.305111e-17,5.078449e-16,5.078449e-18
1.167527e+01,6.298803e-17,5.016074e-16,5.016074e-18
1.167811e+01,6.307140e-17,4.917149e-16,4.917149e-18
1.168096e+01,6.258416e-17,4.804163e-16,4.804163e-18
1.168380e+01,6.227573e-17,4.689155e-16,4.689155e-18
1.168665e+01,6.204924e-17,4.574212e-16,4.574212e-18
1.168949e+01,6.221579e-17,4.453161e-16,4.453161e-18
1.169233e+01,6.060285e-17,4.298688e-16,4.298688e-18
1.169518e+01,5.947899e-17,4.148287e-16,4.148287e-18
1.169802e+01,5.957721e-17,4.039130e-16,4.039130e-18
1.170086e+01,5.954741e-17,3.960642e-16,3.960642e-18
1.170371e+01,5.853567e-17,3.867396e-16,3.867396e-18
1.170655e+01,5.838538e-17,3.747593e-16,3.747593e-18
1.170939e+01,5.760632e-17,3.639010e-16,3.639010e-18
1.171224e+01,5.755748e-17,3.575533e-16,3.575533e-18
1.171508e+01,5.659731e-17,3.534536e-16,3.534536e-18
1.171792e+01,5.702652e-17,3.482064e-16,3.482064e-18
1.172077e+01,5.711805e-17,3.422768e-16,3.422768e-18
1.172361e+01,5.635567e-17,3.398310e-16,3.398310e-18
1.172645e+01,5.702082e-17,3.398235e-16,3.398235e-18
1.172930e+01,5.633698e-17,3.404126e-16,3.404126e-18
1.173214e+01,5.683024e-17,3.422950e-16,3.422950e-18
1.173498e+01,5.651119e-17,3.447316e-16,3.447316e-18
1.173783e+01,5.752062e-17,3.459991e-16,3.459991e-18
1.174067e+01,5.730558e-17,3.455940e-16,3.455940e-18
1.174351e+01,5.708592e-17,3.478787e-16,3.478787e-18
1.174636e+01,5.719480e-17,3.525108e-16,3.525108e-18
1.174920e+01,5.738413e-17,3.553796e-16,3.553796e-18
1.175204e+01,5.734770e-17,3.592193e-16,3.592193e-18
1.175489e+01,5.799093e-17,3.673354e-16,3.673354e-18
1.175773e+01,5.781368e-17,3.752822e-16,3.752822e-18
1.176058e+01,5.787766e-17,3.804202e-16,3.804202e-18
1.176342e+01,5.829226e-17,3.858542e-16,3.858542e-18
1.176626e+01,5.904102e-17,3.923967e-16,3.923967e-18
1.176911e+01,5.914806e-17,3.991308e-16,3.991308e-18
1.177195e+01,5.914440e-17,4.064918e-16,4.064918e-18
1.177479e+01,5.982560e-17,4.161368e-16,4.161368e-18
1.177764e+01,6.057121e-17,4.282216e-16,4.282216e-18
1.178048e+01,6.037171e-17,4.408436e-16,4.408436e-18
1.178332e+01,6.179308e-17,4.542317e-16,4.542317e-18
1.178617e+01,6.161641e-17,4.663652e-16,4.663652e-18
1.178901e+01,6.161901e-17,4.748497e-16,4.748497e-18
1.179185e+01,6.179259e-17,4.828043e-16,4.828043e-18
1.179470e+01,6.239166e-17,4.930376e-16,4.930376e-18
1.179754e+01,6.270101e-17,5.042127e-16,5.042127e-18
1.180038e+01,6.348511e-17,5.156714e-16,5.156714e-18
1.180323e+01,6.475168e-17,5.283108e-16,5.283108e-18
1.180607e+01,6.414361e-17,5.386492e-16,5.386492e-18
1.180891e+01,6.506588e-17,5.443518e-16,5.443518e-18
1.181176e+01,6.622140e-17,5.486205e-16,5.486205e-18
1.181460e+01,6.489599e-17,5.538134e-16,5.538134e-18
1.181744e+01,6.640845e-17,5.570328e-16,5.570328e-18
1.182029e+01,6.550086e-17,5.595904e-16,5.595904e-18
1.182313e+01,6.552262e-17,5.639367e-16,5.639367e-18
1.182597e+01,6.621405e-17,5.674296e-16,5.674296e-18
1.182882e+01,6.623198e-17,5.693468e-16,5.693468e-18
1.183166e+01,6.584882e-17,5.719554e-16,5.719554e-18
1.183451e+01,6.626648e-17,5.705292e-16,5.705292e-18
1.183735e+01,6.555249e-17,5.646495e-16,5.646495e-18
1.184019e+01,6.539475e-17,5.612320e-16,5.612320e-18
1.184304e+01,6.512369e-17,5.603158e-16,5.603158e-18
1.184588e+01,6.521390e-17,5.588291e-16,5.588291e-18
1.184872e+01,6.491673e-17,5.574897e-16,5.574897e-18
1.185157e+01,6.411281e-17,5.571013e-16,5.571013e-18
1.185441e+01,6.473926e-17,5.569740e-16,5.569740e-18
1.185725e+01,6.407770e-17,5.556220e-16,5.556220e-18
1.186010e+01,6.352788e-17,5.522564e-16,5.522564e-18
1.186294e+01,6.391988e-17,5.481231e-16,5.481231e-18
1.186578e+01,6.261698e-17,5.449955e-16,5.449955e-18
1.186863e+01,6.334486e-17,5.403784e-16,5.403784e-18
1.187147e+01,6.275022e-17,5.338264e-16,5.338264e-18
1.187431e+01,6.262501e-17,5.295115e-16,5.295115e-18
1.187716e+01,6.202025e-17,5.266735e-16,5.266735e-18
1.188000e+01,6.234701e-17,5.224631e-16,5.224631e-18
1.188284e+01,6.251731e-17,5.181375e-16,5.181375e-18
1.188569e+01,6.180590e-17,5.158691e-16,5.158691e-18
1.188853e+01,6.127189e-17,5.136506e-16,5.136506e-18
1.189137e+01,6.161351e-17,5.096576e-16,5.096576e-18
1.189422e+01,6.190790e-17,5.041878e-16,5.041878e-18
1.189706e+01,6.108326e-17,4.985154e-16,4.985154e-18
1.189990e+01,6.095854e-17,4.919509e-16,4.919509e-18
1.190275e+01,6.102169e-17,4.850920e-16,4.850920e-18
1.190559e+01,6.100696e-17,4.797163e-16,4.797163e-18
1.190844e+01,6.098226e-17,4.752670e-16,4.752670e-18
1.191128e+01,6.145729e-17,4.711704e-16,4.711704e-18
1.191412e+01,6.063306e-17,4.684918e-16,4.684918e-18
1.191697e+01,6.146729e-17,4.659353e-16,4.659353e-18
1.191981e+01,6.044285e-17,4.590045e-16,4.590045e-18
1.192265e+01,5.993743e-17,4.508644e-16,4.508644e-18
1.192550e+01,6.015590e-17,4.456401e-16,4.456401e-18
1.192834e+01,5.955648e-17,4.430737e-16,4.430737e-18
1.193118e+01,6.077157e-17,4.430144e-16,4.430144e-18
1.193403e+01,5.996333e-17,4.413577e-16,4.413577e-18
1.193687e+01,5.999585e-17,4.341627e-16,4.341627e-18
1.193971e+01,5.902546e-17,4.239639e-16,4.239639e-18
1.194256e+01,5.816293e-17,4.163896e-16,4.163896e-18
1.194540e+01,5.893090e-17,4.117236e-16,4.117236e-18
1.194824e+01,5.854879e-17,4.074517e-16,4.074517e-18
1.195109e+01,5.826314e-17,4.030736e-16,4.030736e-18
1.195393e+01,5.829884e-17,3.987433e-16,3.987433e-18
1.195677e+01,5.766291e-17,3.915051e-16,3.915051e-18
1.195962e+01,5.700947e-17,3.837451e-16,3.837451e-18
1.196246e+01,5.720515e-17,3.789835e-16,3.789835e-18
1.196530e+01,5.651913e-17,3.740048e-16,3.740048e-18
1.196815e+01,5.670399e-17,3.664377e-16,3.664377e-18
1.197099e+01,5.625867e-17,3.574682e-16,3.574682e-18
1.197384e+01,5.694340e-17,3.503781e-16,3.503781e-18
1.197668e+01,5.558911e-17,3.449086e-16,3.449086e-18
1.197952e+01,5.600132e-17,3.403986e-16,3.403986e-18
1.198237e+01,5.613294e-17,3.348423e-16,3.348423e-18
1.198521e+01,5.588527e-17,3.290189e-16,3.290189e-18
1.198805e+01,5.667678e-17,3.250678e-16,3.250678e-18
1.199090e+01,5.570851e-17,3.218337e-16,3.218337e-18
1.199374e+01,5.578347e-17,3.197412e-16,3.197412e-18
1.199658e+01,5.706463e-17,3.206940e-16,3.206940e-18
1.199943e+01,5.587072e-17,3.239372e-16,3.239372e-18
1.200227e+01,5.595534e-17,3.271117e-16,3.271117e-18
1.200511e+01,5.606528e-17,3.276320e-16,3.276320e-18
1.200796e+01,5.665811e-17,3.271957e-16,3.271957e-18
1.201080e+01,5.562033e-17,3.279036e-16,3.279036e-18
1.201364e+01,5.582427e-17,3.304908e-16,3.304908e-18
1.201649e+01,5.543272e-17,3.331577e-16,3.331577e-18
1.201933e+01,5.544459e-17,3.349774e-16,3.349774e-18
1.202217e+01,5.517586e-17,3.382129e-16,3.382129e-18
1.202502e+01,5.536601e-17,3.413184e-16,3.413184e-18
1.202786e+01,5.510123e-17,3.429523e-16,3.429523e-18
1.203070e+01,5.504689e-17,3.450754e-16,3.450754e-18
1.203355e+01,5.571993e-17,3.506517e-16,3.506517e-18
1.203639e+01,5.512306e-17,3.603165e-16,3.603165e-18
1.203923e+01,5.515890e-17,3.702394e-16,3.702394e-18
1.204208e+01,5.541651e-17,3.745055e-16,3.745055e-18
1.204492e+01,5.532684e-17,3.777651e-16,3.777651e-18
1.204777e+01,5.564013e-17,3.847909e-16,3.847909e-18
1.205061e+01,5.613862e-17,3.929857e-16,3.929857e-18
1.205345e+01,5.526030e-17,4.021912e-16,4.021912e-18
1.205630e+01,5.639343e-17,4.126583e-16,4.126583e-18
1.205914e+01,5.653419e-17,4.191975e-16,4.191975e-18
1.206198e+01,5.676710e-17,4.222670e-16,4.222670e-18
1.206483e+01,5.579484e-17,4.283192e-16,4.283192e-18
1.206767e+01,5.757753e-17,4.389540e-16,4.389540e-18
1.207051e+01,5.742232e-17,4.480004e-16,4.480004e-18
1.207336e+01,5.696268e-17,4.513066e-16,4.513066e-18
1.207620e+01,5.755253e-17,4.538504e-16,4.538504e-18
1.207904e+01,5.815617e-17,4.612002e-16,4.612002e-18
1.208189e+01,5.832508e-17,4.696596e-16,4.696596e-18
1.208473e+01,5.832334e-17,4.746989e-16,4.746989e-18
1.208757e+01,5.861178e-17,4.796853e-16,4.796853e-18
1.209042e+01,5.943858e-17,4.867459e-16,4.867459e-18
1.209326e+01,5.952276e-17,4.941701e-16,4.941701e-18
1.209610e+01,6.007295e-17,5.000506e-16,5.000506e-18
1.209895e+01,6.054827e-17,5.028172e-16,5.028172e-18
1.210179e+01,6.159023e-17,5.022493e-16,5.022493e-18
1.210463e+01,6.082035e-17,5.031560e-16,5.031560e-18
1.210748e+01,6.120158e-17,5.083344e-16,5.083344e-18
1.211032e+01,6.047759e-17,5.152343e-16,5.152343e-18
1.211316e+01,6.086422e-17,5.190093e-16,5.190093e-18
1.211601e+01,6.072943e-17,5.168464e-16,5.168464e-18
1.211885e+01,6.091022e-17,5.103078e-16,5.103078e-18
1.212170e+01,6.098013e-17,5.043475e-16,5.043475e-18
1.212454e+01,6.017784e-17,5.015721e-16,5.015721e-18
1.212738e+01,6.105540e-17,4.962083e-16,4.962083e-18
1.213023e+01,6.006002e-17,4.839960e-16,4.839960e-18
1.213307e+01,6.014426e-17,4.707792e-16,4.707792e-18
1.213591e+01,5.867752e-17,4.635541e-16,4.635541e-18
1.213876e+01,6.014122e-17,4.602619e-16,4.602619e-18
1.214160e+01,5.969111e-17,4.528947e-16,4.528947e-18
1.214444e+01,5.881354e-17,4.443298e-16,4.443298e-18
1.214729e+01,5.849977e-17,4.392507e-16,4.392507e-18
1.215013e+01,5.819898e-17,4.345491e-16,4.345491e-18
1.215297e+01,5.800165e-17,4.281866e-16,4.281866e-18
1.215582e+01,5.836656e-17,4.240244e-16,4.240244e-18
1.215866e+01,5.793223e-17,4.219344e-16,4.219344e-18
1.216150e+01,5.797544e-17,4.201658e-16,4.201658e-18
1.216435e+01,5.862991e-17,4.175801e-16,4.175801e-18
1.216719e+01,5.777192e-17,4.119412e-16,4.119412e-18
1.217003e+01,5.741685e-17,4.035244e-16,4.035244e-18
1.217288e+01,5.662610e-17,3.980701e-16,3.980701e-18
1.217572e+01,5.674038e-17,3.980900e-16,3.980900e-18
1.217856e+01,5.676109e-17,3.969390e-16,3.969390e-18
1.218141e+01,5.635641e-17,3.898595e-16,3.898595e-18
1.218425e+01,5.596091e-17,3.846838e-16,3.846838e-18
1.218710e+01,5.563467e-17,3.848522e-16,3.848522e-18
1.218994e+01,5.525958e-17,3.842778e-16,3.842778e-18
1.219278e+01,5.621447e-17,3.803129e-16,3.803129e-18
1.219563e+01,5.567803e-17,3.780842e-16,3.780842e-18
1.219847e+01,5.564056e-17,3.779920e-16,3.779920e-18
1.220131e+01,5.569068e-17,3.743705e-16,3.743705e-18
1.220416e+01,5.548346e-17,3.707952e-16,3.707952e-18
1.220700e+01,5.446898e-17,3.730807e-16,3.730807e-18
1.220984e+01,5.523915e-17,3.770150e-16,3.770150e-18
1.221269e+01,5.583121e-17,3.806027e-16,3.806027e-18
1.221553e+01,5.526840e-17,3.847850e-16,3.847850e-18
1.221837e+01,5.570130e-17,3.885359e-16,3.885359e-18
1.222122e+01,5.623525e-17,3.940916e-16,3.940916e-18
1.222406e+01,5.697170e-17,3.997474e-16,3.997474e-18
1.222690e+01,5.626715e-17,4.003655e-16,4.003655e-18
1.222975e+01,5.671986e-17,4.045267e-16,4.045267e-18
1.223259e+01,5.732884e-17,4.147918e-16,4.147918e-18
1.223543e+01,5.668029e-17,4.247514e-16,4.247514e-18
1.223828e+01,5.699873e-17,4.353084e-16,4.353084e-18
1.224112e+01,5.825899e-17,4.480363e-16,4.480363e-18
1.224396e+01,5.812522e-17,4.581050e-16,4.581050e-18
1.224681e+01,5.822513e-17,4.645520e-16,4.645520e-18
1.224965e+01,5.876803e-17,4.739858e-16,4.739858e-18
1.225249e+01,5.891602e-17,4.852724e-16,4.852724e-18
1.225534e+01,5.837372e-17,4.931439e-16,4.931439e-18
1.225818e+01,5.870297e-17,4.974797e-16,4.974797e-18
1.226103e+01,5.929082e-17,5.019785e-16,5.019785e-18
1.226387e+01,5.957981e-17,5.079261e-16,5.079261e-18
1.226671e+01,5.953647e-17,5.124689e-16,5.124689e-18
1.226956e+01,6.011746e-17,5.127036e-16,5.127036e-18
1.227240e+01,5.915172e-17,5.098660e-16,5.098660e-18
1.227524e+01,5.942742e-17,5.050668e-16,5.050668e-18
1.227809e+01,5.846815e-17,4.962817e-16,4.962817e-18
1.228093e+01,5.887412e-17,4.844488e-16,4.844488e-18
1.228377e+01,5.916147e-17,4.703281e-16,4.703281e-18
1.228662e+01,5.787793e-17,4.565405e-16,4.565405e-18
1.228946e+01,5.711677e-17,4.462088e-16,4.462088e-18
1.229230e+01,5.769239e-17,4.371606e-16,4.371606e-18
1.229515e+01,5.655788e-17,4.227097e-16,4.227097e-18
1.229799e+01,5.707987e-17,4.044172e-16,4.044172e-18
1.230083e+01,5.609878e-17,3.902546e-16,3.902546e-18
1.230368e+01,5.560840e-17,3.821742e-16,3.821742e-18
1.230652e+01,5.602081e-17,3.739525e-16,3.739525e-18
1.230936e+01,5.509161e-17,3.650540e-16,3.650540e-18
1.231221e+01,5.505630e-17,3.581663e-16,3.581663e-18
1.231505e+01,5.475455e-17,3.501566e-16,3.501566e-18
1.231789e+01,5.383779e-17,3.406624e-16,3.406624e-18
1.232074e+01,5.344670e-17,3.347711e-16,3.347711e-18
1.232358e+01,5.339809e-17,3.325283e-16,3.325283e-18
1.232642e+01,5.323277e-17,3.302213e-16,3.302213e-18
1.232927e+01,5.316433e-17,3.264855e-16,3.264855e-18
1.233211e+01,5.314338e-17,3.246158e-16,3.246158e-18
1.233496e+01,5.280170e-17,3.233884e-16,3.233884e-18
1.233780e+01,5.194324e-17,3.199907e-16,3.199907e-18
1.234064e+01,5.237445e-17,3.184065e-16,3.184065e-18
1.234349e+01,5.201748e-17,3.190833e-16,3.190833e-18
1.234633e+01,5.135204e-17,3.190656e-16,3.190656e-18
1.234917e+01,5.182298e-17,3.189880e-16,3.189880e-18
1.235202e+01,5.188755e-17,3.207629e-16,3.207629e-18
1.235486e+01,5.180055e-17,3.232442e-16,3.232442e-18
1.235770e+01,5.218029e-17,3.251665e-16,3.251665e-18
1.236055e+01,5.138615e-17,3.286943e-16,3.286943e-18
1.236339e+01,5.237170e-17,3.344361e-16,3.344361e-18
1.236623e+01,5.217234e-17,3.396793e-16,3.396793e-18
1.236908e+01,5.294060e-17,3.436490e-16,3.436490e-18
1.237192e+01,5.357834e-17,3.476471e-16,3.476471e-18
1.237476e+01,5.291087e-17,3.514520e-16,3.514520e-18
1.237761e+01,5.283175e-17,3.558408e-16,3.558408e-18
1.238045e+01,5.330929e-17,3.611317e-16,3.611317e-18
1.238329e+01,5.317002e-17,3.648139e-16,3.648139e-18
1.238614e+01,5.322988e-17,3.650901e-16,3.650901e-18
1.238898e+01,5.441794e-17,3.646952e-16,3.646952e-18
1.239182e+01,5.330789e-17,3.653224e-16,3.653224e-18
1.239467e+01,5.388774e-17,3.671663e-16,3.671663e-18
1.239751e+01,5.439344e-17,3.695204e-16,3.695204e-18
1.240035e+01,5.338828e-17,3.725999e-16,3.725999e-18
1.240320e+01,5.407410e-17,3.754660e-16,3.754660e-18
1.240604e+01,5.467421e-17,3.752481e-16,3.752481e-18
1.240889e+01,5.415541e-17,3.730267e-16,3.730267e-18
1.241173e+01,5.468291e-17,3.713900e-16,3.713900e-18
1.241457e+01,5.505847e-17,3.727939e-16,3.727939e-18
1.241742e+01,5.482777e-17,3.760046e-16,3.760046e-18
1.242026e+01,5.503686e-17,3.785147e-16,3.785147e-18
1.242310e+01,5.522787e-17,3.807115e-16,3.807115e-18
1.242595e+01,5.628353e-17,3.817793e-16,3.817793e-18
1.242879e+01,5.620781e-17,3.802208e-16,3.802208e-18
1.243163e+01,5.577665e-17,3.797204e-16,3.797204e-18
1.243448e+01,5.559536e-17,3.797388e-16,3.797388e-18
1.243732e+01,5.574962e-17,3.768041e-16,3.768041e-18
1.244016e+01,5.535977e-17,3.733866e-16,3.733866e-18
1.244301e+01,5.540771e-17,3.724068e-16,3.724068e-18
1.244585e+01,5.611590e-17,3.718618e-16,3.718618e-18
1.244869e+01,5.538975e-17,3.702270e-16,3.702270e-18
1.245154e+01,5.606802e-17,3.681531e-16,3.681531e-18
1.245438e+01,5.557327e-17,3.647122e-16,3.647122e-18
1.245722e+01,5.418141e-17,3.593781e-16,3.593781e-18
1.246007e+01,5.421923e-17,3.560531e-16,3.560531e-18
1.246291e+01,5.519864e-17,3.572392e-16,3.572392e-18
1.246575e+01,5.465142e-17,3.586936e-16,3.586936e-18
1.246860e+01,5.435445e-17,3.561606e-16,3.561606e-18
1.247144e+01,5.390448e-17,3.535396e-16,3.535396e-18
1.247429e+01,5.420382e-17,3.548178e-16,3.548178e-18
1.247713e+01,5.339745e-17,3.595473e-16,3.595473e-18
1.247997e+01,5.442983e-17,3.642859e-16,3.642859e-18
1.248282e+01,5.358366e-17,3.672778e-16,3.672778e-18
1.248566e+01,5.352478e-17,3.704397e-16,3.704397e-18
1.248850e+01,5.363716e-17,3.741986e-16,3.741986e-18
1.249135e+01,5.336456e-17,3.765830e-16,3.765830e-18
1.249419e+01,5.496426e-17,3.782712e-16,3.782712e-18
1.249703e+01,5.384751e-17,3.783699e-16,3.783699e-18
1.249988e+01,5.342455e-17,3.782861e-16,3.782861e-18
1.250272e+01,5.360646e-17,3.816277e-16,3.816277e-18
1.250556e+01,5.316716e-17,3.853053e-16,3.853053e-18
1.250841e+01,5.378946e-17,3.855521e-16,3.855521e-18
1.251125e+01,5.334732e-17,3.815680e-16,3.815680e-18
1.251409e+01,5.321096e-17,3.761394e-16,3.761394e-18
1.251694e+01,5.321913e-17,3.754908e-16,3.754908e-18
1.251978e+01,5.319293e-17,3.799766e-16,3.799766e-18
1.252262e+01,5.378242e-17,3.813433e-16,3.813433e-18
1.252547e+01,5.272182e-17,3.751656e-16,3.751656e-18
1.252831e+01,5.191370e-17,3.668452e-16,3.668452e-18
1.253115e+01,5.290390e-17,3.632508e-16,3.632508e-18
1.253400e+01,5.196848e-17,3.609637e-16,3.609637e-18
1.253684e+01,5.267805e-17,3.530973e-16,3.530973e-18
1.253968e+01,5.168525e-17,3.407818e-16,3.407818e-18
1.254253e+01,5.101540e-17,3.307510e-16,3.307510e-18
1.254537e+01,5.108789e-17,3.216154e-16,3.216154e-18
1.254822e+01,5.110792e-17,3.127972e-16,3.127972e-18
1.255106e+01,5.056348e-17,3.035540e-16,3.035540e-18
1.255390e+01,5.041787e-17,2.903250e-16,2.903250e-18
1.255675e+01,4.996339e-17,2.772328e-16,2.772328e-18
1.255959e+01,4.937714e-17,2.686854e-16,2.686854e-18
1.256243e+01,5.056124e-17,2.619631e-16,2.619631e-18
1.256528e+01,4.922482e-17,2.520235e-16,2.520235e-18
1.256812e+01,4.903769e-17,2.401026e-16,2.401026e-18
1.257096e+01,4.816901e-17,2.290571e-16,2.290571e-18
1.257381e+01,4.803230e-17,2.197220e-16,2.197220e-18
1.257665e+01,4.820272e-17,2.110626e-16,2.110626e-18
1.257949e+01,4.821410e-17,2.052112e-16,2.052112e-18
1.258234e+01,4.682091e-17,2.021091e-16,2.021091e-18
1.258518e+01,4.688681e-17,1.990336e-16,1.990336e-18
1.258802e+01,4.647430e-17,1.942953e-16,1.942953e-18
1.259087e+01,4.602525e-17,1.909157e-16,1.909157e-18
1.259371e+01,4.649751e-17,1.907800e-16,1.907800e-18
1.259655e+01,4.740055e-17,1.917971e-16,1.917971e-18
1.259940e+01,4.710072e-17,1.899050e-16,1.899050e-18
1.260224e+01,4.683279e-17,1.856417e-16,1.856417e-18
1.260508e+01,4.609516e-17,1.825328e-16,1.825328e-18
1.260793e+01,4.653996e-17,1.841264e-16,1.841264e-18
1.261077e+01,4.581269e-17,1.876173e-16,1.876173e-18
1.261361e+01,4.719917e-17,1.900685e-16,1.900685e-18
1.261646e+01,4.603852e-17,1.923679e-16,1.923679e-18
1.261930e+01,4.721858e-17,1.982813e-16,1.982813e-18
1.262215e+01,4.668455e-17,2.046713e-16,2.046713e-18
1.262499e+01,4.724573e-17,2.084013e-16,2.084013e-18
1.262783e+01,4.676268e-17,2.100548e-16,2.100548e-18
1.263068e+01,4.695083e-17,2.120163e-16,2.120163e-18
1.263352e+01,4.697118e-17,2.145548e-16,2.145548e-18
1.263636e+01,4.624330e-17,2.180272e-16,2.180272e-18
1.263921e+01,4.636646e-17,2.235520e-16,2.235520e-18
1.264205e+01,4.638496e-17,2.301786e-16,2.301786e-18
1.264489e+01,4.681199e-17,2.376475e-16,2.376475e-18
1.264774e+01,4.634279e-17,2.438048e-16,2.438048e-18
1.265058e+01,4.701846e-17,2.487435e-16,2.487435e-18
1.265342e+01,4.664551e-17,2.544103e-16,2.544103e-18
1.265627e+01,4.692527e-17,2.625702e-16,2.625702e-18
1.265911e+01,4.732040e-17,2.686478e-16,2.686478e-18
1.266195e+01,4.709017e-17,2.726423e-16,2.726423e-18
1.266480e+01,4.742824e-17,2.785406e-16,2.785406e-18
1.266764e+01,4.708534e-17,2.879766e-16,2.879766e-18
1.267048e+01,4.851843e-17,2.961841e-16,2.961841e-18
1.267333e+01,4.791032e-17,3.034787e-16,3.034787e-18
1.267617e+01,4.753747e-17,3.132949e-16,3.132949e-18
1.267901e+01,4.850858e-17,3.209843e-16,3.209843e-18
1.268186e+01,4.898671e-17,3.252619e-16,3.252619e-18
1.268470e+01,4.915998e-17,3.333218e-16,3.333218e-18
1.268755e+01,4.936893e-17,3.442045e-16,3.442045e-18
1.269039e+01,5.008794e-17,3.516843e-16,3.516843e-18
1.269323e+01,4.971995e-17,3.566746e-16,3.566746e-18
1.269608e+01,5.042267e-17,3.647217e-16,3.647217e-18
1.269892e+01,5.080895e-17,3.748718e-16,3.748718e-18
1.270176e+01,5.064959e-17,3.808796e-16,3.808796e-18
1.270461e+01,5.151532e-17,3.812166e-16,3.812166e-18
1.270745e+01,5.094827e-17,3.787101e-16,3.787101e-18
1.271029e+01,5.143116e-17,3.781136e-16,3.781136e-18
1.271314e+01,5.156687e-17,3.807701e-16,3.807701e-18
1.271598e+01,5.208524e-17,3.829725e-16,3.829725e-18
1.271882e+01,5.137275e-17,3.817505e-16,3.817505e-18
1.272167e+01,5.162002e-17,3.800518e-16,3.800518e-18
1.272451e+01,5.128282e-17,3.776553e-16,3.776553e-18
1.272735e+01,5.159991e-17,3.716529e-16,3.716529e-18
1.273020e+01,5.154925e-17,3.639961e-16,3.639961e-18
1.273304e+01,5.157489e-17,3.607304e-16,3.607304e-18
1.273588e+01,5.117397e-17,3.598440e-16,3.598440e-18
1.273873e+01,5.132017e-17,3.546291e-16,3.546291e-18
1.274157e+01,5.098119e-17,3.469620e-16,3.469620e-18
1.274441e+01,5.169535e-17,3.423788e-16,3.423788e-18
1.274726e+01,5.142434e-17,3.404798e-16,3.404798e-18
1.275010e+01,5.099370e-17,3.392795e-16,3.392795e-18
1.275294e+01,5.154053e-17,3.371898e-16,3.371898e-18
1.275579e+01,5.036300e-17,3.321295e-16,3.321295e-18
1.275863e+01,5.041285e-17,3.264016e-16,3.264016e-18
1.276148e+01,5.108904e-17,3.214026e-16,3.214026e-18
1.276432e+01,5.038883e-17,3.156306e-16,3.156306e-18
1.276716e+01,5.036233e-17,3.110592e-16,3.110592e-18
1.277001e+01,4.972647e-17,3.093261e-16,3.093261e-18
1.277285e+01,4.958548e-17,3.061570e-16,3.061570e-18
1.277569e+01,4.960726e-17,2.999829e-16,2.999829e-18
1.277854e+01,4.967995e-17,2.954715e-16,2.954715e-18
1.278138e+01,4.944104e-17,2.940899e-16,2.940899e-18
1.278422e+01,4.903998e-17,2.932697e-16,2.932697e-18
1.278707e+01,4.896803e-17,2.926042e-16,2.926042e-18
1.278991e+01,4.935735e-17,2.929458e-16,2.929458e-18
1.279275e+01,4.863728e-17,2.914005e-16,2.914005e-18
1.279560e+01,4.939531e-17,2.878595e-16,2.878595e-18
1.279844e+01,4.848579e-17,2.865739e-16,2.865739e-18
1.280128e+01,4.816752e-17,2.857262e-16,2.857262e-18
1.280413e+01,4.869483e-17,2.814268e-16,2.814268e-18
1.280697e+01,4.818705e-17,2.759325e-16,2.759325e-18
1.280981e+01,4.820225e-17,2.739491e-16,2.739491e-18
1.281266e+01,4.829449e-17,2.773011e-16,2.773011e-18
1.281550e+01,4.769103e-17,2.802580e-16,2.802580e-18
1.281834e+01,4.741875e-17,2.764413e-16,2.764413e-18
1.282119e+01,4.805804e-17,2.717325e-16,2.717325e-18
1.282403e+01,4.800105e-17,2.699510e-16,2.699510e-18
1.282687e+01,4.811214e-17,2.690823e-16,2.690823e-18
1.282972e+01,4.820049e-17,2.678888e-16,2.678888e-18
1.283256e+01,4.859494e-17,2.667942e-16,2.667942e-18
1.283541e+01,4.764015e-17,2.676081e-16,2.676081e-18
1.283825e+01,4.853330e-17,2.713595e-16,2.713595e-18
1.284109e+01,4.868765e-17,2.742281e-16,2.742281e-18
1.284394e+01,4.763087e-17,2.760273e-16,2.760273e-18
1.284678e+01,4.781187e-17,2.756519e-16,2.756519e-18
1.284962e+01,4.837598e-17,2.742531e-16,2.742531e-18
1.285247e+01,4.750955e-17,2.754833e-16,2.754833e-18
1.285531e+01,4.850108e-17,2.770561e-16,2.770561e-18
1.285815e+01,4.823088e-17,2.766044e-16,2.766044e-18
1.286100e+01,4.855444e-17,2.786409e-16,2.786409e-18
1.286384e+01,4.856609e-17,2.837955e-16,2.837955e-18
1.286668e+01,4.912514e-17,2.866864e-16,2.866864e-18
1.286953e+01,4.862575e-17,2.861685e-16,2.861685e-18
1.287237e+01,4.956145e-17,2.855287e-16,2.855287e-18
1.287521e+01,4.874512e-17,2.877756e-16,2.877756e-18
1.287806e+01,4.894739e-17,2.903205e-16,2.903205e-18
1.288090e+01,4.906232e-17,2.907286e-16,2.907286e-18
1.288374e+01,4.887099e-17,2.921602e-16,2.921602e-18
1.288659e+01,4.866773e-17,2.946546e-16,2.946546e-18
1.288943e+01,4.948744e-17,2.952666e-16,2.952666e-18
1.289227e+01,4.928647e-17,2.938614e-16,2.938614e-18
1.289512e+01,4.839901e-17,2.905673e-16,2.905673e-18
1.289796e+01,4.924933e-17,2.878125e-16,2.878125e-18
1.290080e+01,4.890241e-17,2.860834e-16,2.860834e-18
1.290365e+01,4.845453e-17,2.819489e-16,2.819489e-18
1.290649e+01,4.820496e-17,2.785339e-16,2.785339e-18
1.290934e+01,4.871600e-17,2.788538e-16,2.788538e-18
1.291218e+01,4.857014e-17,2.784387e-16,2.784387e-18
1.291502e+01,4.945240e-17,2.764957e-16,2.764957e-18
1.291787e+01,4.961711e-17,2.748586e-16,2.748586e-18
1.292071e+01,4.820526e-17,2.715269e-16,2.715269e-18
1.292355e+01,4.879478e-17,2.674679e-16,2.674679e-18
1.292640e+01,4.824883e-17,2.656063e-16,2.656063e-18
1.292924e+01,4.860046e-17,2.668153e-16,2.668153e-18
1.293208e+01,4.848351e-17,2.677567e-16,2.677567e-18
1.293493e+01,4.845094e-17,2.647245e-16,2.647245e-18
1.293777e+01,4.764139e-17,2.604881e-16,2.604881e-18
1.294061e+01,4.795415e-17,2.602574e-16,2.602574e-18
1.294346e+01,4.774963e-17,2.629244e-16,2.629244e-18
1.294630e+01,4.801457e-17,2.635316e-16,2.635316e-18
1.294914e+01,4.793739e-17,2.611525e-16,2.611525e-18
1.295199e+01,4.710444e-17,2.583326e-16,2.583326e-18
1.295483e+01,4.680198e-17,2.571404e-16,2.571404e-18
1.295767e+01,4.757061e-17,2.564444e-16,2.564444e-18
1.296052e+01,4.671584e-17,2.527885e-16,2.527885e-18
1.296336e+01,4.662232e-17,2.469547e-16,2.469547e-18
1.296620e+01,4.590315e-17,2.413134e-16,2.413134e-18
1.296905e+01,4.584271e-17,2.368160e-16,2.368160e-18
1.297189e+01,4.532115e-17,2.339246e-16,2.339246e-18
1.297474e+01,4.545217e-17,2.333086e-16,2.333086e-18
1.297758e+01,4.575540e-17,2.336684e-16,2.336684e-18
1.298042e+01,4.478733e-17,2.334932e-16,2.334932e-18
1.298327e+01,4.537099e-17,2.318110e-16,2.318110e-18
1.298611e+01,4.442325e-17,2.297434e-16,2.297434e-18
1.298895e+01,4.389791e-17,2.295948e-16,2.295948e-18
1.299180e+01,4.480677e-17,2.303154e-16,2.303154e-18
1.299464e+01,4.441153e-17,2.298189e-16,2.298189e-18
1.299748e+01,4.502167e-17,2.283915e-16,2.283915e-18
1.300033e+01,4.476381e-17,2.276588e-16,2.276588e-18
1.300317e+01,4.466613e-17,2.290240e-16,2.290240e-18
1.300601e+01,4.408964e-17,2.304409e-16,2.304409e-18
1.300886e+01,4.432871e-17,2.295437e-16,2.295437e-18
1.301170e+01,4.502139e-17,2.286865e-16,2.286865e-18
1.301454e+01,4.475200e-17,2.304054e-16,2.304054e-18
1.301739e+01,4.555997e-17,2.327322e-16,2.327322e-18
1.302023e+01,4.476365e-17,2.332722e-16,2.332722e-18
1.302307e+01,4.486182e-17,2.370980e-16,2.370980e-18
1.302592e+01,4.508266e-17,2.442390e-16,2.442390e-18
1.302876e+01,4.544836e-17,2.537283e-16,2.537283e-18
1.303160e+01,4.553479e-17,2.644499e-16,2.644499e-18
1.303445e+01,4.541652e-17,2.748089e-16,2.748089e-18
1.303729e+01,4.478840e-17,2.839326e-16,2.839326e-18
1.304013e+01,4.516355e-17,2.941822e-16,2.941822e-18
1.304298e+01,4.541846e-17,3.052222e-16,3.052222e-18
1.304582e+01,4.562440e-17,3.132521e-16,3.132521e-18
1.304867e+01,4.536132e-17,3.198039e-16,3.198039e-18
1.305151e+01,4.627508e-17,3.257179e-16,3.257179e-18
1.305435e+01,4.650729e-17,3.293617e-16,3.293617e-18
1.305720e+01,4.633100e-17,3.324075e-16,3.324075e-18
1.306004e+01,4.651429e-17,3.351625e-16,3.351625e-18
1.306288e+01,4.669699e-17,3.369227e-16,3.369227e-18
1.306573e+01,4.636973e-17,3.374677e-16,3.374677e-18
1.306857e+01,4.726352e-17,3.355189e-16,3.355189e-18
1.307141e+01,4.729194e-17,3.299974e-16,3.299974e-18
1.307426e+01,4.731759e-17,3.246725e-16,3.246725e-18
1.307710e+01,4.721619e-17,3.221881e-16,3.221881e-18
1.307994e+01,4.754683e-17,3.179565e-16,3.179565e-18
1.308279e+01,4.708599e-17,3.099756e-16,3.099756e-18
1.308563e+01,4.672494e-17,3.070525e-16,3.070525e-18
1.308847e+01,4.684387e-17,3.103650e-16,3.103650e-18
1.309132e+01,4.670449e-17,3.113292e-16,3.113292e-18
1.309416e+01,4.681205e-17,3.081986e-16,3.081986e-18
1.309700e+01,4.699832e-17,3.060293e-16,3.060293e-18
1.309985e+01,4.723953e-17,3.080117e-16,3.080117e-18
1.310269e+01,4.689235e-17,3.116079e-16,3.116079e-18
1.310553e+01,4.711234e-17,3.120384e-16,3.120384e-18
1.310838e+01,4.719052e-17,3.124790e-16,3.124790e-18
1.311122e+01,4.806483e-17,3.168971e-16,3.168971e-18
1.311406e+01,4.770461e-17,3.205210e-16,3.205210e-18
1.311691e+01,4.834014e-17,3.209180e-16,3.209180e-18
1.311975e+01,4.682934e-17,3.211307e-16,3.211307e-18
1.312260e+01,4.775926e-17,3.208385e-16,3.208385e-18
1.312544e+01,4.758411e-17,3.196987e-16,3.196987e-18
1.312828e+01,4.808061e-17,3.212981e-16,3.212981e-18
1.313113e+01,4.841356e-17,3.253589e-16,3.253589e-18
1.313397e+01,4.778524e-17,3.288463e-16,3.288463e-18
1.313681e+01,4.836624e-17,3.309707e-16,3.309707e-18
1.313966e+01,4.798966e-17,3.293496e-16,3.293496e-18
1.314250e+01,4.846966e-17,3.237523e-16,3.237523e-18
1.314534e+01,4.848811e-17,3.208619e-16,3.208619e-18
1.314819e+01,4.849583e-17,3.243537e-16,3.243537e-18
1.315103e+01,4.874293e-17,3.277802e-16,3.277802e-18
1.315387e+01,4.821579e-17,3.266519e-16,3.266519e-18
1.315672e+01,4.846666e-17,3.230661e-16,3.230661e-18
1.315956e+01,4.862285e-17,3.219890e-16,3.219890e-18
1.316240e+01,4.812443e-17,3.234290e-16,3.234290e-18
1.316525e+01,4.856962e-17,3.236287e-16,3.236287e-18
1.316809e+01,4.867532e-17,3.212325e-16,3.212325e-18
1.317093e+01,4.859751e-17,3.186384e-16,3.186384e-18
1.317378e+01,4.884149e-17,3.164959e-16,3.164959e-18
1.317662e+01,4.813517e-17,3.119437e-16,3.119437e-18
1.317946e+01,4.814354e-17,3.054650e-16,3.054650e-18
1.318231e+01,4.824263e-17,3.017296e-16,3.017296e-18
1.318515e+01,4.859788e-17,3.019395e-16,3.019395e-18
1.318800e+01,4.797887e-17,3.016654e-16,3.016654e-18
1.319084e+01,4.725964e-17,2.989169e-16,2.989169e-18
1.319368e+01,4.727092e-17,2.940626e-16,2.940626e-18
1.319653e+01,4.786024e-17,2.878535e-16,2.878535e-18
1.319937e+01,4.730006e-17,2.825595e-16,2.825595e-18
1.320221e+01,4.678324e-17,2.806524e-16,2.806524e-18
1.320506e+01,4.676165e-17,2.819614e-16,2.819614e-18
1.320790e+01,4.788494e-17,2.824969e-16,2.824969e-18
1.321074e+01,4.710500e-17,2.806771e-16,2.806771e-18
1.321359e+01,4.703910e-17,2.795424e-16,2.795424e-18
1.321643e+01,4.661047e-17,2.796430e-16,2.796430e-18
1.321927e+01,4.626258e-17,2.796504e-16,2.796504e-18
1.322212e+01,4.669577e-17,2.779657e-16,2.779657e-18
1.322496e+01,4.651188e-17,2.746035e-16,2.746035e-18
1.322780e+01,4.712857e-17,2.730165e-16,2.730165e-18
1.323065e+01,4.659656e-17,2.735242e-16,2.735242e-18
1.323349e+01,4.607361e-17,2.735087e-16,2.735087e-18
1.323633e+01,4.702140e-17,2.724716e-16,2.724716e-18
1.323918e+01,4.677811e-17,2.711802e-16,2.711802e-18
1.324202e+01,4.674036e-17,2.695947e-16,2.695947e-18
1.324486e+01,4.706382e-17,2.682143e-16,2.682143e-18
1.324771e+01,4.680616e-17,2.677740e-16,2.677740e-18
1.325055e+01,4.660043e-17,2.666409e-16,2.666409e-18
1.325339e+01,4.734433e-17,2.653386e-16,2.653386e-18
1.325624e+01,4.658499e-17,2.624201e-16,2.624201e-18
1.325908e+01,4.568901e-17,2.588805e-16,2.588805e-18
1.326193e+01,4.654117e-17,2.571211e-16,2.571211e-18
1.326477e+01,4.595171e-17,2.551391e-16,2.551391e-18
1.326761e+01,4.650524e-17,2.522917e-16,2.522917e-18
1.327046e+01,4.568755e-17,2.514513e-16,2.514513e-18
1.327330e+01,4.631932e-17,2.529727e-16,2.529727e-18
1.327614e+01,4.578892e-17,2.547908e-16,2.547908e-18
1.327899e+01,4.591018e-17,2.544406e-16,2.544406e-18
1.328183e+01,4.562496e-17,2.514358e-16,2.514358e-18
1.328467e+01,4.620594e-17,2.509368e-16,2.509368e-18
1.328752e+01,4.573526e-17,2.556997e-16,2.556997e-18
1.329036e+01,4.512764e-17,2.617070e-16,2.617070e-18
1.329320e+01,4.661637e-17,2.660660e-16,2.660660e-18
1.329605e+01,4.626586e-17,2.702437e-16,2.702437e-18
1.329889e+01,4.605904e-17,2.771721e-16,2.771721e-18
1.330173e+01,4.595451e-17,2.839744e-16,2.839744e-18
1.330458e+01,4.628240e-17,2.881048e-16,2.881048e-18
1.330742e+01,4.585061e-17,2.923132e-16,2.923132e-18
1.331026e+01,4.652508e-17,2.979869e-16,2.979869e-18
1.331311e+01,4.574442e-17,3.025752e-16,3.025752e-18
1.331595e+01,4.697767e-17,3.078943e-16,3.078943e-18
1.331879e+01,4.589618e-17,3.124796e-16,3.124796e-18
1.332164e+01,4.634733e-17,3.136215e-16,3.136215e-18
1.332448e+01,4.637378e-17,3.118628e-16,3.118628e-18
1.332732e+01,4.565800e-17,3.089369e-16,3.089369e-18
1.333017e+01,4.550602e-17,3.051084e-16,3.051084e-18
1.333301e+01,4.566959e-17,3.011224e-16,3.011224e-18
1.333586e+01,4.645536e-17,2.965511e-16,2.965511e-18
1.333870e+01,4.517192e-17,2.905109e-16,2.905109e-18
1.334154e+01,4.555738e-17,2.845346e-16,2.845346e-18
1.334439e+01,4.518885e-17,2.795722e-16,2.795722e-18
1.334723e+01,4.526070e-17,2.754060e-16,2.754060e-18
1.335007e+01,4.568260e-17,2.680515e-16,2.680515e-18
1.335292e+01,4.432222e-17,2.587800e-16,2.587800e-18
1.335576e+01,4.445564e-17,2.525925e-16,2.525925e-18
1.335860e+01,4.431381e-17,2.478315e-16,2.478315e-18
1.336145e+01,4.423710e-17,2.432675e-16,2.432675e-18
1.336429e+01,4.460822e-17,2.385284e-16,2.385284e-18
1.336713e+01,4.462794e-17,2.334508e-16,2.334508e-18
1.336998e+01,4.402954e-17,2.299043e-16,2.299043e-18
1.337282e+01,4.354210e-17,2.285951e-16,2.285951e-18
1.337566e+01,4.427830e-17,2.267149e-16,2.267149e-18
1.337851e+01,4.364752e-17,2.241567e-16,2.241567e-18
1.338135e+01,4.370385e-17,2.224232e-16,2.224232e-18
1.338419e+01,4.397413e-17,2.215876e-16,2.215876e-18
1.338704e+01,4.463501e-17,2.190512e-16,2.190512e-18
1.338988e+01,4.369842e-17,2.144742e-16,2.144742e-18
1.339272e+01,4.403176e-17,2.107089e-16,2.107089e-18
1.339557e+01,4.314713e-17,2.079119e-16,2.079119e-18
1.339841e+01,4.321583e-17,2.049809e-16,2.049809e-18
1.340125e+01,4.293847e-17,2.021475e-16,2.021475e-18
1.340410e+01,4.305775e-17,1.976323e-16,1.976323e-18
1.340694e+01,4.199268e-17,1.935342e-16,1.935342e-18
1.340979e+01,4.294844e-17,1.908330e-16,1.908330e-18
1.341263e+01,4.194065e-17,1.873956e-16,1.873956e-18
1.341547e+01,4.226699e-17,1.837996e-16,1.837996e-18
1.341832e+01,4.147953e-17,1.836868e-16,1.836868e-18
1.342116e+01,4.241304e-17,1.873137e-16,1.873137e-18
1.342400e+01,4.243637e-17,1.876424e-16,1.876424e-18
1.342685e+01,4.154349e-17,1.837334e-16,1.837334e-18
1.342969e+01,4.215122e-17,1.832770e-16,1.832770e-18
1.343253e+01,4.301557e-17,1.874122e-16,1.874122e-18
1.343538e+01,4.272482e-17,1.910899e-16,1.910899e-18
1.343822e+01,4.244687e-17,1.935600e-16,1.935600e-18
1.344106e+01,4.313282e-17,1.969865e-16,1.969865e-18
1.344391e+01,4.313932e-17,2.018747e-16,2.018747e-18
1.344675e+01,4.369149e-17,2.069038e-16,2.069038e-18
1.344959e+01,4.293298e-17,2.095211e-16,2.095211e-18
1.345244e+01,4.329677e-17,2.145902e-16,2.145902e-18
1.345528e+01,4.389832e-17,2.254242e-16,2.254242e-18
1.345812e+01,4.479758e-17,2.363588e-16,2.363588e-18
1.346097e+01,4.479582e-17,2.449647e-16,2.449647e-18
1.346381e+01,4.499932e-17,2.531474e-16,2.531474e-18
1.346665e+01,4.423753e-17,2.608784e-16,2.608784e-18
1.346950e+01,4.509716e-17,2.699291e-16,2.699291e-18
1.347234e+01,4.531620e-17,2.803615e-16,2.803615e-18
1.347519e+01,4.542573e-17,2.926239e-16,2.926239e-18
1.347803e+01,4.643670e-17,3.062425e-16,3.062425e-18
1.348087e+01,4.604760e-17,3.180028e-16,3.180028e-18
1.348372e+01,4.650899e-17,3.241137e-16,3.241137e-18
1.348656e+01,4.609486e-17,3.267680e-16,3.267680e-18
1.348940e+01,4.636105e-17,3.299091e-16,3.299091e-18
1.349225e+01,4.614119e-17,3.337174e-16,3.337174e-18
1.349509e+01,4.612335e-17,3.359255e-16,3.359255e-18
1.349793e+01,4.700472e-17,3.384346e-16,3.384346e-18
1.350078e+01,4.674679e-17,3.405916e-16,3.405916e-18
1.350362e+01,4.658414e-17,3.380092e-16,3.380092e-18
1.350646e+01,4.583595e-17,3.309778e-16,3.309778e-18
1.350931e+01,4.583617e-17,3.258038e-16,3.258038e-18
1.351215e+01,4.588379e-17,3.235825e-16,3.235825e-18
1.351499e+01,4.593541e-17,3.214669e-16,3.214669e-18
1.351784e+01,4.533655e-17,3.193550e-16,3.193550e-18
1.352068e+01,4.556918e-17,3.160960e-16,3.160960e-18
1.352352e+01,4.529875e-17,3.112459e-16,3.112459e-18
1.352637e+01,4.534676e-17,3.095348e-16,3.095348e-18
1.352921e+01,4.547613e-17,3.107125e-16,3.107125e-18
1.353205e+01,4.508123e-17,3.111790e-16,3.111790e-18
1.353490e+01,4.443750e-17,3.115948e-16,3.115948e-18
1.353774e+01,4.487454e-17,3.141093e-16,3.141093e-18
1.354058e+01,4.485270e-17,3.154640e-16,3.154640e-18
1.354343e+01,4.467055e-17,3.132125e-16,3.132125e-18
1.354627e+01,4.433750e-17,3.115817e-16,3.115817e-18
1.354912e+01,4.438965e-17,3.119320e-16,3.119320e-18
1.355196e+01,4.492444e-17,3.107132e-16,3.107132e-18
1.355480e+01,4.527679e-17,3.084452e-16,3.084452e-18
1.355765e+01,4.446075e-17,3.083288e-16,3.083288e-18
1.356049e+01,4.399167e-17,3.077026e-16,3.077026e-18
1.356333e+01,4.461651e-17,3.053666e-16,3.053666e-18
1.356618e+01,4.488798e-17,3.037231e-16,3.037231e-18
1.356902e+01,4.414408e-17,3.012688e-16,3.012688e-18
1.357186e+01,4.377547e-17,2.965861e-16,2.965861e-18
1.357471e+01,4.460647e-17,2.918096e-16,2.918096e-18
1.357755e+01,4.351717e-17,2.867835e-16,2.867835e-18
1.358039e+01,4.457332e-17,2.818205e-16,2.818205e-18
1.358324e+01,4.434787e-17,2.784093e-16,2.784093e-18
1.358608e+01,4.418825e-17,2.748331e-16,2.748331e-18
1.358892e+01,4.452378e-17,2.683357e-16,2.683357e-18
1.359177e+01,4.426693e-17,2.621246e-16,2.621246e-18
1.359461e+01,4.434251e-17,2.584123e-16,2.584123e-18
1.359745e+01,4.395490e-17,2.518947e-16,2.518947e-18
1.360030e+01,4.356005e-17,2.413507e-16,2.413507e-18
1.360314e+01,4.336526e-17,2.326927e-16,2.326927e-18
1.360598e+01,4.327364e-17,2.272390e-16,2.272390e-18
1.360883e+01,4.284235e-17,2.221893e-16,2.221893e-18
1.361167e+01,4.176977e-17,2.160433e-16,2.160433e-18
1.361451e+01,4.259532e-17,2.096819e-16,2.096819e-18
1.361736e+01,4.269428e-17,2.045990e-16,2.045990e-18
1.362020e+01,4.188845e-17,2.019639e-16,2.019639e-18
1.362305e+01,4.203968e-17,1.997263e-16,1.997263e-18
1.362589e+01,4.174705e-17,1.957097e-16,1.957097e-18
1.362873e+01,4.148352e-17,1.906417e-16,1.906417e-18
1.363158e+01,4.169045e-17,1.873993e-16,1.873993e-18
1.363442e+01,4.128800e-17,1.867906e-16,1.867906e-18
1.363726e+01,4.117497e-17,1.866881e-16,1.866881e-18
1.364011e+01,4.138053e-17,1.867628e-16,1.867628e-18
1.364295e+01,4.104679e-17,1.870274e-16,1.870274e-18
1.364579e+01,4.086168e-17,1.875376e-16,1.875376e-18
1.364864e+01,4.177705e-17,1.889996e-16,1.889996e-18
1.365148e+01,4.102259e-17,1.906123e-16,1.906123e-18
1.365432e+01,4.160110e-17,1.912882e-16,1.912882e-18
1.365717e+01,4.133184e-17,1.915167e-16,1.915167e-18
1.366001e+01,4.138930e-17,1.937001e-16,1.937001e-18
1.366285e+01,4.143561e-17,1.966723e-16,1.966723e-18
1.366570e+01,4.193236e-17,1.978956e-16,1.978956e-18
1.366854e+01,4.120540e-17,1.982523e-16,1.982523e-18
1.367138e+01,4.157734e-17,2.015099e-16,2.015099e-18
1.367423e+01,4.131365e-17,2.056007e-16,2.056007e-18
1.367707e+01,4.235632e-17,2.107127e-16,2.107127e-18
1.367991e+01,4.283803e-17,2.166066e-16,2.166066e-18
1.368276e+01,4.259207e-17,2.223902e-16,2.223902e-18
1.368560e+01,4.285784e-17,2.284732e-16,2.284732e-18
1.368845e+01,4.317941e-17,2.360674e-16,2.360674e-18
1.369129e+01,4.332002e-17,2.430817e-16,2.430817e-18
1.369413e+01,4.341448e-17,2.496180e-16,2.496180e-18
1.369698e+01,4.352914e-17,2.558048e-16,2.558048e-18
1.369982e+01,4.342824e-17,2.611642e-16,2.611642e-18
1.370266e+01,4.391527e-17,2.671601e-16,2.671601e-18
1.370551e+01,4.420944e-17,2.742792e-16,2.742792e-18
1.370835e+01,4.452373e-17,2.819153e-16,2.819153e-18
1.371119e+01,4.463827e-17,2.891598e-16,2.891598e-18
1.371404e+01,4.485799e-17,2.939306e-16,2.939306e-18
1.371688e+01,4.498730e-17,2.959193e-16,2.959193e-18
1.371972e+01,4.494270e-17,2.998607e-16,2.998607e-18
1.372257e+01,4.528113e-17,3.045675e-16,3.045675e-18
1.372541e+01,4.517622e-17,3.065899e-16,3.065899e-18
1.372825e+01,4.558329e-17,3.073445e-16,3.073445e-18
1.373110e+01,4.468651e-17,3.077216e-16,3.077216e-18
1.373394e+01,4.475569e-17,3.061211e-16,3.061211e-18
1.373678e+01,4.480284e-17,3.027449e-16,3.027449e-18
1.373963e+01,4.437171e-17,3.016371e-16,3.016371e-18
1.374247e+01,4.477982e-17,3.038192e-16,3.038192e-18
1.374531e+01,4.442686e-17,3.033601e-16,3.033601e-18
1.374816e+01,4.502711e-17,3.006489e-16,3.006489e-18
1.375100e+01,4.476371e-17,2.981085e-16,2.981085e-18
1.375384e+01,4.478851e-17,2.960986e-16,2.960986e-18
1.375669e+01,4.525844e-17,2.954786e-16,2.954786e-18
1.375953e+01,4.512069e-17,2.949153e-16,2.949153e-18
1.376238e+01,4.511956e-17,2.915867e-16,2.915867e-18
1.376522e+01,4.465108e-17,2.880451e-16,2.880451e-18
1.376806e+01,4.499693e-17,2.861150e-16,2.861150e-18
1.377091e+01,4.529232e-17,2.841213e-16,2.841213e-18
1.377375e+01,4.474790e-17,2.824471e-16,2.824471e-18
1.377659e+01,4.462912e-17,2.817393e-16,2.817393e-18
1.377944e+01,4.518935e-17,2.798757e-16,2.798757e-18
1.378228e+01,4.409470e-17,2.754451e-16,2.754451e-18
1.378512e+01,4.436434e-17,2.717414e-16,2.717414e-18
1.378797e+01,4.368338e-17,2.700315e-16,2.700315e-18
1.379081e+01,4.418732e-17,2.689212e-16,2.689212e-18
1.379365e+01,4.396087e-17,2.681832e-16,2.681832e-18
1.379650e+01,4.390795e-17,2.682597e-16,2.682597e-18
1.379934e+01,4.358105e-17,2.688218e-16,2.688218e-18
1.380218e+01,4.391906e-17,2.682689e-16,2.682689e-18
1.380503e+01,4.397721e-17,2.651127e-16,2.651127e-18
1.380787e+01,4.330897e-17,2.613976e-16,2.613976e-18
1.381071e+01,4.375271e-17,2.611315e-16,2.611315e-18
1.381356e+01,4.382722e-17,2.626328e-16,2.626328e-18
1.381640e+01,4.356597e-17,2.616074e-16,2.616074e-18
1.381924e+01,4.375790e-17,2.599395e-16,2.599395e-18
1.382209e+01,4.347837e-17,2.607607e-16,2.607607e-18
1.382493e+01,4.326076e-17,2.615605e-16,2.615605e-18
1.382777e+01,4.313091e-17,2.600779e-16,2.600779e-18
1.383062e+01,4.261781e-17,2.567677e-16,2.567677e-18
1.383346e+01,4.241318e-17,2.536341e-16,2.536341e-18
1.383631e+01,4.236454e-17,2.509175e-16,2.509175e-18
1.383915e+01,4.193410e-17,2.487835e-16,2.487835e-18
1.384199e+01,4.244678e-17,2.480280e-16,2.480280e-18
1.384484e+01,4.246485e-17,2.470283e-16,2.470283e-18
1.384768e+01,4.216868e-17,2.427170e-16,2.427170e-18
1.385052e+01,4.198052e-17,2.368912e-16,2.368912e-18
1.385337e+01,4.188441e-17,2.322114e-16,2.322114e-18
1.385621e+01,4.167106e-17,2.269423e-16,2.269423e-18
1.385905e+01,4.118153e-17,2.209132e-16,2.209132e-18
1.386190e+01,4.134776e-17,2.147795e-16,2.147795e-18
1.386474e+01,4.107081e-17,2.084003e-16,2.084003e-18
1.386758e+01,4.049797e-17,2.040231e-16,2.040231e-18
1.387043e+01,4.077441e-17,2.028634e-16,2.028634e-18
1.387327e+01,4.106519e-17,2.036690e-16,2.036690e-18
1.387611e+01,4.058308e-17,2.046472e-16,2.046472e-18
1.387896e+01,4.048827e-17,2.062920e-16,2.062920e-18
1.388180e+01,4.101099e-17,2.077836e-16,2.077836e-18
1.388464e+01,4.111430e-17,2.084266e-16,2.084266e-18
1.388749e+01,4.016317e-17,2.087849e-16,2.087849e-18
1.389033e+01,4.093187e-17,2.096916e-16,2.096916e-18
1.389317e+01,4.079024e-17,2.115440e-16,2.115440e-18
1.389602e+01,4.064420e-17,2.146232e-16,2.146232e-18
1.389886e+01,4.011199e-17,2.177434e-16,2.177434e-18
1.390171e+01,4.008669e-17,2.202931e-16,2.202931e-18
1.390455e+01,4.070356e-17,2.232290e-16,2.232290e-18
1.390739e+01,4.045368e-17,2.259753e-16,2.259753e-18
1.391024e+01,4.117301e-17,2.286766e-16,2.286766e-18
1.391308e+01,4.092086e-17,2.304904e-16,2.304904e-18
1.391592e+01,4.082292e-17,2.335748e-16,2.335748e-18
1.391877e+01,4.093932e-17,2.373879e-16,2.373879e-18
1.392161e+01,4.053296e-17,2.372900e-16,2.372900e-18
1.392445e+01,4.074694e-17,2.341670e-16,2.341670e-18
1.392730e+01,4.055492e-17,2.338781e-16,2.338781e-18
1.393014e+01,4.004371e-17,2.344934e-16,2.344934e-18
1.393298e+01,4.103001e-17,2.331534e-16,2.331534e-18
1.393583e+01,4.025733e-17,2.314938e-16,2.314938e-18
1.393867e+01,4.062501e-17,2.326872e-16,2.326872e-18
1.394151e+01,4.038226e-17,2.358763e-16,2.358763e-18
1.394436e+01,4.118805e-17,2.369276e-16,2.369276e-18
1.394720e+01,4.030893e-17,2.359344e-16,2.359344e-18
1.395004e+01,4.171799e-17,2.373226e-16,2.373226e-18
1.395289e+01,4.103893e-17,2.397392e-16,2.397392e-18
1.395573e+01,4.063421e-17,2.385629e-16,2.385629e-18
1.395857e+01,4.068536e-17,2.352405e-16,2.352405e-18
1.396142e+01,4.111841e-17,2.333084e-16,2.333084e-18
1.396426e+01,4.093236e-17,2.356847e-16,2.356847e-18
1.396710e+01,4.126259e-17,2.417879e-16,2.417879e-18
1.396995e+01,4.155801e-17,2.457255e-16,2.457255e-18
1.397279e+01,4.123404e-17,2.443512e-16,2.443512e-18
1.397564e+01,4.073732e-17,2.424009e-16,2.424009e-18
1.397848e+01,4.119603e-17,2.407029e-16,2.407029e-18
1.398132e+01,4.073445e-17,2.399881e-16,2.399881e-18
1.398417e+01,4.106228e-17,2.425412e-16,2.425412e-18
1.398701e+01,4.112461e-17,2.448585e-16,2.448585e-18
1.398985e+01,4.146797e-17,2.423057e-16,2.423057e-18
1.399270e+01,4.145725e-17,2.394129e-16,2.394129e-18
1.399554e+01,4.183665e-17,2.411861e-16,2.411861e-18
1.399838e+01,4.174091e-17,2.440483e-16,2.440483e-18
1.400123e+01,4.117003e-17,2.452247e-16,2.452247e-18
1.400407e+01,4.141794e-17,2.441090e-16,2.441090e-18
1.400691e+01,4.141188e-17,2.399081e-16,2.399081e-18
1.400976e+01,4.129560e-17,2.358093e-16,2.358093e-18
1.401260e+01,4.142636e-17,2.369429e-16,2.369429e-18
1.401544e+01,4.192179e-17,2.410350e-16,2.410350e-18
1.401829e+01,4.124247e-17,2.415736e-16,2.415736e-18
1.402113e+01,4.121164e-17,2.395587e-16,2.395587e-18
1.402397e+01,4.169457e-17,2.390173e-16,2.390173e-18
1.402682e+01,4.203688e-17,2.383808e-16,2.383808e-18
1.402966e+01,4.105680e-17,2.366510e-16,2.366510e-18
1.403250e+01,4.140395e-17,2.375432e-16,2.375432e-18
1.403535e+01,4.158701e-17,2.399357e-16,2.399357e-18
1.403819e+01,4.174041e-17,2.406362e-16,2.406362e-18
1.404103e+01,4.146173e-17,2.395664e-16,2.395664e-18
1.404388e+01,4.211868e-17,2.383461e-16,2.383461e-18
1.404672e+01,4.134951e-17,2.373147e-16,2.373147e-18
1.404957e+01,4.172420e-17,2.388076e-16,2.388076e-18
1.405241e+01,4.145144e-17,2.410142e-16,2.410142e-18
1.405525e+01,4.167947e-17,2.412751e-16,2.412751e-18
1.405810e+01,4.154154e-17,2.421888e-16,2.421888e-18
1.406094e+01,4.237935e-17,2.455851e-16,2.455851e-18
1.406378e+01,4.172059e-17,2.491364e-16,2.491364e-18
1.406663e+01,4.175592e-17,2.523586e-16,2.523586e-18
1.406947e+01,4.217785e-17,2.554778e-16,2.554778e-18
1.407231e+01,4.212257e-17,2.593173e-16,2.593173e-18
1.407516e+01,4.253302e-17,2.657303e-16,2.657303e-18
1.407800e+01,4.245083e-17,2.747733e-16,2.747733e-18
1.408084e+01,4.308103e-17,2.847606e-16,2.847606e-18
1.408369e+01,4.319172e-17,2.930289e-16,2.930289e-18
1.408653e+01,4.269269e-17,2.973686e-16,2.973686e-18
1.408937e+01,4.274740e-17,3.005884e-16,3.005884e-18
1.409222e+01,4.260673e-17,3.067402e-16,3.067402e-18
1.409506e+01,4.324880e-17,3.144097e-16,3.144097e-18
1.409790e+01,4.314788e-17,3.196857e-16,3.196857e-18
1.410075e+01,4.292382e-17,3.226982e-16,3.226982e-18
1.410359e+01,4.247886e-17,3.241979e-16,3.241979e-18
1.410643e+01,4.294920e-17,3.254379e-16,3.254379e-18
1.410928e+01,4.282369e-17,3.271336e-16,3.271336e-18
1.411212e+01,4.289874e-17,3.282940e-16,3.282940e-18
1.411496e+01,4.270759e-17,3.271518e-16,3.271518e-18
1.411781e+01,4.235769e-17,3.251331e-16,3.251331e-18
1.412065e+01,4.254354e-17,3.234374e-16,3.234374e-18
1.412350e+01,4.336196e-17,3.197291e-16,3.197291e-18
1.412634e+01,4.199096e-17,3.147021e-16,3.147021e-18
1.412918e+01,4.281043e-17,3.115975e-16,3.115975e-18
1.413203e+01,4.276306e-17,3.091086e-16,3.091086e-18
1.413487e+01,4.187225e-17,3.064675e-16,3.064675e-18
1.413771e+01,4.217083e-17,3.038838e-16,3.038838e-18
1.414056e+01,4.197581e-17,3.003980e-16,3.003980e-18
1.414340e+01,4.184563e-17,2.969587e-16,2.969587e-18
1.414624e+01,4.189412e-17,2.963025e-16,2.963025e-18
1.414909e+01,4.148505e-17,2.982113e-16,2.982113e-18
1.415193e+01,4.216260e-17,2.999931e-16,2.999931e-18
1.415477e+01,4.164279e-17,2.995957e-16,2.995957e-18
1.415762e+01,4.139203e-17,2.968982e-16,2.968982e-18
1.416046e+01,4.127133e-17,2.931812e-16,2.931812e-18
1.416330e+01,4.206318e-17,2.934914e-16,2.934914e-18
1.416615e+01,4.111894e-17,2.978350e-16,2.978350e-18
1.416899e+01,4.138759e-17,3.005123e-16,3.005123e-18
1.417183e+01,4.121529e-17,2.993753e-16,2.993753e-18
1.417468e+01,4.124793e-17,2.981229e-16,2.981229e-18
1.417752e+01,4.101157e-17,2.997204e-16,2.997204e-18
1.418036e+01,4.123612e-17,3.030183e-16,3.030183e-18
1.418321e+01,4.168806e-17,3.043424e-16,3.043424e-18
1.418605e+01,4.174408e-17,3.026188e-16,3.026188e-18
1.418890e+01,4.118857e-17,3.013346e-16,3.013346e-18
1.419174e+01,4.136504e-17,3.017049e-16,3.017049e-18
1.419458e+01,4.138149e-17,3.031893e-16,3.031893e-18
1.419743e+01,4.095092e-17,3.035314e-16,3.035314e-18
1.420027e+01,4.106971e-17,3.012746e-16,3.012746e-18
1.420311e+01,4.130757e-17,2.992420e-16,2.992420e-18
1.420596e+01,4.100331e-17,2.996497e-16,2.996497e-18
1.420880e+01,4.072373e-17,2.998441e-16,2.998441e-18
1.421164e+01,4.097352e-17,2.969813e-16,2.969813e-18
1.421449e+01,4.095130e-17,2.932552e-16,2.932552e-18
1.421733e+01,4.105550e-17,2.906914e-16,2.906914e-18
1.422017e+01,4.122373e-17,2.881990e-16,2.881990e-18
1.422302e+01,4.116750e-17,2.854038e-16,2.854038e-18
1.422586e+01,4.076374e-17,2.846310e-16,2.846310e-18
1.422870e+01,4.088330e-17,2.859321e-16,2.859321e-18
1.423155e+01,4.079520e-17,2.865467e-16,2.865467e-18
1.423439e+01,4.102920e-17,2.850707e-16,2.850707e-18
1.423723e+01,4.095306e-17,2.827738e-16,2.827738e-18
1.424008e+01,4.073125e-17,2.812841e-16,2.812841e-18
1.424292e+01,4.098243e-17,2.808448e-16,2.808448e-18
1.424576e+01,4.077373e-17,2.803962e-16,2.803962e-18
1.424861e+01,4.119843e-17,2.812259e-16,2.812259e-18
1.425145e+01,4.079075e-17,2.836697e-16,2.836697e-18
1.425429e+01,4.116440e-17,2.858697e-16,2.858697e-18
1.425714e+01,4.117120e-17,2.874831e-16,2.874831e-18
1.425998e+01,4.093356e-17,2.887542e-16,2.887542e-18
1.426283e+01,4.081682e-17,2.885580e-16,2.885580e-18
1.426567e+01,4.073554e-17,2.877945e-16,2.877945e-18
1.426851e+01,4.042414e-17,2.872003e-16,2.872003e-18
1.427136e+01,4.115242e-17,2.875300e-16,2.875300e-18
1.427420e+01,4.030776e-17,2.878224e-16,2.878224e-18
1.427704e+01,4.062918e-17,2.860547e-16,2.860547e-18
1.427989e+01,4.011272e-17,2.814467e-16,2.814467e-18
1.428273e+01,3.984640e-17,2.752567e-16,2.752567e-18
1.428557e+01,3.989141e-17,2.686380e-16,2.686380e-18
1.428842e+01,3.982259e-17,2.612098e-16,2.612098e-18
1.429126e+01,3.977334e-17,2.525429e-16,2.525429e-18
1.429410e+01,3.891282e-17,2.439267e-16,2.439267e-18
1.429695e+01,3.877916e-17,2.361894e-16,2.361894e-18
1.429979e+01,3.857241e-17,2.292680e-16,2.292680e-18
1.430263e+01,3.910534e-17,2.235033e-16,2.235033e-18
1.430548e+01,3.867765e-17,2.180356e-16,2.180356e-18
1.430832e+01,3.910949e-17,2.119723e-16,2.119723e-18
1.431116e+01,3.843775e-17,2.068363e-16,2.068363e-18
1.431401e+01,3.837298e-17,2.026800e-16,2.026800e-18
1.431685e+01,3.824953e-17,1.986302e-16,1.986302e-18
1.431969e+01,3.848871e-17,1.960075e-16,1.960075e-18
1.432254e+01,3.923674e-17,1.947418e-16,1.947418e-18
1.432538e+01,3.876628e-17,1.945841e-16,1.945841e-18
1.432822e+01,3.865427e-17,1.945556e-16,1.945556e-18
1.433107e+01,3.826792e-17,1.941196e-16,1.941196e-18
1.433391e+01,3.852408e-17,1.945408e-16,1.945408e-18
1.433676e+01,3.831459e-17,1.951220e-16,1.951220e-18
1.433960e+01,3.855416e-17,1.953793e-16,1.953793e-18
1.434244e+01,3.846125e-17,1.977254e-16,1.977254e-18
1.434529e+01,3.851955e-17,2.018324e-16,2.018324e-18
1.434813e+01,3.851234e-17,2.034926e-16,2.034926e-18
1.435097e+01,3.896758e-17,2.027765e-16,2.027765e-18
1.435382e+01,3.856899e-17,2.024628e-16,2.024628e-18
1.435666e+01,3.861055e-17,2.043943e-16,2.043943e-18
1.435950e+01,3.865551e-17,2.081125e-16,2.081125e-18
1.436235e+01,3.882905e-17,2.102017e-16,2.102017e-18
1.436519e+01,3.879547e-17,2.084470e-16,2.084470e-18
1.436803e+01,3.831403e-17,2.068019e-16,2.068019e-18
1.437088e+01,3.828207e-17,2.081748e-16,2.081748e-18
1.437372e+01,3.855542e-17,2.099934e-16,2.099934e-18
1.437656e+01,3.873084e-17,2.105064e-16,2.105064e-18
1.437941e+01,3.820835e-17,2.122277e-16,2.122277e-18
1.438225e+01,3.880567e-17,2.131188e-16,2.131188e-18
1.438509e+01,3.873217e-17,2.121895e-16,2.121895e-18
1.438794e+01,3.885147e-17,2.112762e-16,2.112762e-18
1.439078e+01,3.909456e-17,2.108689e-16,2.108689e-18
1.439362e+01,3.903155e-17,2.120903e-16,2.120903e-18
1.439647e+01,3.922013e-17,2.143021e-16,2.143021e-18
1.439931e+01,3.897688e-17,2.143087e-16,2.143087e-18
1.440216e+01,3.908375e-17,2.123345e-16,2.123345e-18
1.440500e+01,3.810116e-17,2.108500e-16,2.108500e-18
1.440784e+01,3.883238e-17,2.091398e-16,2.091398e-18
1.441069e+01,3.857275e-17,2.054225e-16,2.054225e-18
1.441353e+01,3.805118e-17,2.015727e-16,2.015727e-18
1.441637e+01,3.831120e-17,1.998974e-16,1.998974e-18
1.441922e+01,3.852007e-17,1.992956e-16,1.992956e-18
1.442206e+01,3.851475e-17,1.975911e-16,1.975911e-18
1.442490e+01,3.802121e-17,1.936216e-16,1.936216e-18
1.442775e+01,3.800713e-17,1.901874e-16,1.901874e-18
1.443059e+01,3.758026e-17,1.886568e-16,1.886568e-18
1.443343e+01,3.841981e-17,1.867155e-16,1.867155e-18
1.443628e+01,3.800342e-17,1.832567e-16,1.832567e-18
1.443912e+01,3.754688e-17,1.801956e-16,1.801956e-18
1.444196e+01,3.712486e-17,1.793690e-16,1.793690e-18
1.444481e+01,3.732686e-17,1.789539e-16,1.789539e-18
1.444765e+01,3.754750e-17,1.772771e-16,1.772771e-18
1.445049e+01,3.687081e-17,1.741970e-16,1.741970e-18
1.445334e+01,3.732995e-17,1.705341e-16,1.705341e-18
1.445618e+01,3.720658e-17,1.668219e-16,1.668219e-18
1.445902e+01,3.672858e-17,1.641528e-16,1.641528e-18
1.446187e+01,3.660472e-17,1.631933e-16,1.631933e-18
1.446471e+01,3.650449e-17,1.621763e-16,1.621763e-18
1.446755e+01,3.697370e-17,1.622530e-16,1.622530e-18
1.447040e+01,3.625398e-17,1.629863e-16,1.629863e-18
1.447324e+01,3.603148e-17,1.627092e-16,1.627092e-18
1.447609e+01,3.599233e-17,1.611174e-16,1.611174e-18
1.447893e+01,3.610927e-17,1.614724e-16,1.614724e-18
1.448177e+01,3.587326e-17,1.630435e-16,1.630435e-18
1.448462e+01,3.655453e-17,1.629196e-16,1.629196e-18
1.448746e+01,3.621151e-17,1.619324e-16,1.619324e-18
1.449030e+01,3.611789e-17,1.633142e-16,1.633142e-18
1.449315e+01,3.634882e-17,1.673162e-16,1.673162e-18
1.449599e+01,3.688532e-17,1.712995e-16,1.712995e-18
1.449883e+01,3.633061e-17,1.734435e-16,1.734435e-18
1.450168e+01,3.708707e-17,1.753135e-16,1.753135e-18
1.450452e+01,3.736264e-17,1.773888e-16,1.773888e-18
1.450736e+01,3.740608e-17,1.810422e-16,1.810422e-18
1.451021e+01,3.716947e-17,1.874716e-16,1.874716e-18
1.451305e+01,3.778945e-17,1.935369e-16,1.935369e-18
1.451589e+01,3.821352e-17,1.970552e-16,1.970552e-18
1.451874e+01,3.837577e-17,2.016958e-16,2.016958e-18
1.452158e+01,3.836215e-17,2.100005e-16,2.100005e-18
1.452442e+01,3.849129e-17,2.199474e-16,2.199474e-18
1.452727e+01,3.888112e-17,2.277233e-16,2.277233e-18
1.453011e+01,3.936890e-17,2.312732e-16,2.312732e-18
1.453295e+01,3.920138e-17,2.332899e-16,2.332899e-18
1.453580e+01,3.915242e-17,2.379442e-16,2.379442e-18
1.453864e+01,3.910751e-17,2.434504e-16,2.434504e-18
1.454148e+01,3.977814e-17,2.465861e-16,2.465861e-18
1.454433e+01,3.962673e-17,2.478669e-16,2.478669e-18
1.454717e+01,3.939214e-17,2.489116e-16,2.489116e-18
1.455002e+01,3.987292e-17,2.505535e-16,2.505535e-18
1.455286e+01,3.975378e-17,2.524253e-16,2.524253e-18
1.455570e+01,3.946313e-17,2.533178e-16,2.533178e-18
1.455855e+01,3.983745e-17,2.533447e-16,2.533447e-18
1.456139e+01,4.010838e-17,2.534770e-16,2.534770e-18
1.456423e+01,3.938051e-17,2.549035e-16,2.549035e-18
1.456708e+01,4.010465e-17,2.558964e-16,2.558964e-18
1.456992e+01,3.988190e-17,2.554011e-16,2.554011e-18
1.457276e+01,4.042289e-17,2.550044e-16,2.550044e-18
1.457561e+01,4.023047e-17,2.557688e-16,2.557688e-18
1.457845e+01,4.050590e-17,2.593950e-16,2.593950e-18
1.458129e+01,4.018963e-17,2.644877e-16,2.644877e-18
1.458414e+01,4.085529e-17,2.660367e-16,2.660367e-18
1.458698e+01,4.053555e-17,2.634759e-16,2.634759e-18
1.458982e+01,3.968395e-17,2.630844e-16,2.630844e-18
1.459267e+01,4.066972e-17,2.663671e-16,2.663671e-18
1.459551e+01,4.046033e-17,2.684004e-16,2.684004e-18
1.459835e+01,4.050616e-17,2.687806e-16,2.687806e-18
1.460120e+01,4.039377e-17,2.701158e-16,2.701158e-18
1.460404e+01,4.050456e-17,2.731472e-16,2.731472e-18
1.460688e+01,4.068290e-17,2.759923e-16,2.759923e-18
1.460973e+01,4.094903e-17,2.770136e-16,2.770136e-18
1.461257e+01,4.150580e-17,2.761297e-16,2.761297e-18
1.461541e+01,4.063595e-17,2.743545e-16,2.743545e-18
1.461826e+01,4.072990e-17,2.740294e-16,2.740294e-18
1.462110e+01,4.084101e-17,2.756476e-16,2.756476e-18
1.462395e+01,4.035667e-17,2.766879e-16,2.766879e-18
1.462679e+01,4.108282e-17,2.743946e-16,2.743946e-18
1.462963e+01,3.996593e-17,2.717724e-16,2.717724e-18
1.463248e+01,4.056633e-17,2.710376e-16,2.710376e-18
1.463532e+01,4.006673e-17,2.695196e-16,2.695196e-18
1.463816e+01,4.017222e-17,2.660126e-16,2.660126e-18
1.464101e+01,4.004104e-17,2.639510e-16,2.639510e-18
1.464385e+01,3.972616e-17,2.649236e-16,2.649236e-18
1.464669e+01,3.993383e-17,2.637145e-16,2.637145e-18
1.464954e+01,3.929241e-17,2.597402e-16,2.597402e-18
1.465238e+01,3.975727e-17,2.558110e-16,2.558110e-18
1.465522e+01,3.907620e-17,2.530837e-16,2.530837e-18
1.465807e+01,3.960517e-17,2.502369e-16,2.502369e-18
1.466091e+01,3.945522e-17,2.470502e-16,2.470502e-18
1.466375e+01,3.930485e-17,2.440792e-16,2.440792e-18
1.466660e+01,3.898690e-17,2.417218e-16,2.417218e-18
1.466944e+01,3.865282e-17,2.399089e-16,2.399089e-18
1.467228e+01,3.861536e-17,2.377687e-16,2.377687e-18
1.467513e+01,3.814924e-17,2.349264e-16,2.349264e-18
1.467797e+01,3.803067e-17,2.318531e-16,2.318531e-18
1.468081e+01,3.820625e-17,2.290700e-16,2.290700e-18
1.468366e+01,3.800383e-17,2.278168e-16,2.278168e-18
1.468650e+01,3.818034e-17,2.273789e-16,2.273789e-18
1.468935e+01,3.798237e-17,2.264672e-16,2.264672e-18
1.469219e+01,3.823668e-17,2.245948e-16,2.245948e-18
1.469503e+01,3.788110e-17,2.235973e-16,2.235973e-18
1.469788e+01,3.889058e-17,2.249294e-16,2.249294e-18
1.470072e+01,3.823916e-17,2.263451e-16,2.263451e-18
1.470356e+01,3.818534e-17,2.236965e-16,2.236965e-18
1.470641e+01,3.820223e-17,2.207579e-16,2.207579e-18
1.470925e+01,3.853153e-17,2.211868e-16,2.211868e-18
1.471209e+01,3.810464e-17,2.223716e-16,2.223716e-18
1.471494e+01,3.786439e-17,2.222520e-16,2.222520e-18
1.471778e+01,3.780130e-17,2.208535e-16,2.208535e-18
1.472062e+01,3.752325e-17,2.193958e-16,2.193958e-18
1.472347e+01,3.802185e-17,2.167367e-16,2.167367e-18
1.472631e+01,3.794740e-17,2.130981e-16,2.130981e-18
1.472915e+01,3.783246e-17,2.118396e-16,2.118396e-18
1.473200e+01,3.748433e-17,2.127064e-16,2.127064e-18
1.473484e+01,3.749556e-17,2.105395e-16,2.105395e-18
1.473768e+01,3.729439e-17,2.047376e-16,2.047376e-18
1.474053e+01,3.671556e-17,1.984080e-16,1.984080e-18
1.474337e+01,3.601007e-17,1.935670e-16,1.935670e-18
1.474621e+01,3.703888e-17,1.913597e-16,1.913597e-18
1.474906e+01,3.707813e-17,1.915586e-16,1.915586e-18
1.475190e+01,3.696246e-17,1.926529e-16,1.926529e-18
1.475474e+01,3.690514e-17,1.919429e-16,1.919429e-18
1.475759e+01,3.641589e-17,1.892450e-16,1.892450e-18
1.476043e+01,3.610301e-17,1.864220e-16,1.864220e-18
1.476328e+01,3.690174e-17,1.849793e-16,1.849793e-18
1.476612e+01,3.696761e-17,1.845096e-16,1.845096e-18
1.476896e+01,3.736869e-17,1.842067e-16,1.842067e-18
1.477181e+01,3.639887e-17,1.835665e-16,1.835665e-18
1.477465e+01,3.692018e-17,1.840393e-16,1.840393e-18
1.477749e+01,3.667001e-17,1.858172e-16,1.858172e-18
1.478034e+01,3.671369e-17,1.876826e-16,1.876826e-18
1.478318e+01,3.682368e-17,1.875290e-16,1.875290e-18
1.478602e+01,3.623976e-17,1.864578e-16,1.864578e-18
1.478887e+01,3.670082e-17,1.875639e-16,1.875639e-18
1.479171e+01,3.653700e-17,1.902640e-16,1.902640e-18
1.479455e+01,3.650729e-17,1.921042e-16,1.921042e-18
1.479740e+01,3.589161e-17,1.940072e-16,1.940072e-18
1.480024e+01,3.669906e-17,1.965492e-16,1.965492e-18
1.480308e+01,3.671773e-17,1.976610e-16,1.976610e-18
1.480593e+01,3.605942e-17,1.974080e-16,1.974080e-18
1.480877e+01,3.642676e-17,1.970035e-16,1.970035e-18
1.481161e+01,3.653044e-17,1.976780e-16,1.976780e-18
1.481446e+01,3.624768e-17,1.989922e-16,1.989922e-18
1.481730e+01,3.617040e-17,1.992990e-16,1.992990e-18
1.482014e+01,3.576580e-17,1.999283e-16,1.999283e-18
1.482299e+01,3.586735e-17,2.005218e-16,2.005218e-18
1.482583e+01,3.566794e-17,1.995238e-16,1.995238e-18
1.482867e+01,3.606768e-17,1.993806e-16,1.993806e-18
1.483152e+01,3.593777e-17,2.000957e-16,2.000957e-18
1.483436e+01,3.568070e-17,2.000548e-16,2.000548e-18
1.483721e+01,3.576203e-17,1.977161e-16,1.977161e-18
1.484005e+01,3.595157e-17,1.943258e-16,1.943258e-18
1.484289e+01,3.597850e-17,1.930960e-16,1.930960e-18
1.484574e+01,3.560596e-17,1.922046e-16,1.922046e-18
1.484858e+01,3.565611e-17,1.900992e-16,1.900992e-18
1.485142e+01,3.533270e-17,1.883547e-16,1.883547e-18
1.485427e+01,3.609649e-17,1.878729e-16,1.878729e-18
1.485711e+01,3.595479e-17,1.871387e-16,1.871387e-18
1.485995e+01,3.603072e-17,1.854478e-16,1.854478e-18
1.486280e+01,3.540496e-17,1.835503e-16,1.835503e-18
1.486564e+01,3.554662e-17,1.816452e-16,1.816452e-18
1.486848e+01,3.541556e-17,1.801830e-16,1.801830e-18
1.487133e+01,3.543602e-17,1.807175e-16,1.807175e-18
1.487417e+01,3.592670e-17,1.816085e-16,1.816085e-18
1.487701e+01,3.538323e-17,1.797228e-16,1.797228e-18
1.487986e+01,3.511414e-17,1.777199e-16,1.777199e-18
1.488270e+01,3.574022e-17,1.782378e-16,1.782378e-18
1.488554e+01,3.568623e-17,1.787362e-16,1.787362e-18
1.488839e+01,3.528927e-17,1.777564e-16,1.777564e-18
1.489123e+01,3.528814e-17,1.763253e-16,1.763253e-18
1.489407e+01,3.490777e-17,1.734753e-16,1.734753e-18
1.489692e+01,3.475835e-17,1.693531e-16,1.693531e-18
1.489976e+01,3.463681e-17,1.660742e-16,1.660742e-18
1.490261e+01,3.546563e-17,1.628974e-16,1.628974e-18
1.490545e+01,3.511026e-17,1.590393e-16,1.590393e-18
1.490829e+01,3.524196e-17,1.555290e-16,1.555290e-18
1.491114e+01,3.478184e-17,1.515295e-16,1.515295e-18
1.491398e+01,3.532440e-17,1.485628e-16,1.485628e-18
1.491682e+01,3.522684e-17,1.466858e-16,1.466858e-18
1.491967e+01,3.503014e-17,1.430120e-16,1.430120e-18
1.492251e+01,3.514175e-17,1.371906e-16,1.371906e-18
1.492535e+01,3.512921e-17,1.331076e-16,1.331076e-18
1.492820e+01,3.471662e-17,1.324104e-16,1.324104e-18
1.493104e+01,3.504600e-17,1.328122e-16,1.328122e-18
1.493388e+01,3.477782e-17,1.332762e-16,1.332762e-18
1.493673e+01,3.432933e-17,1.340053e-16,1.340053e-18
1.493957e+01,3.445699e-17,1.344881e-16,1.344881e-18
1.494241e+01,3.435794e-17,1.345763e-16,1.345763e-18
1.494526e+01,3.414432e-17,1.363959e-16,1.363959e-18
1.494810e+01,3.484840e-17,1.420280e-16,1.420280e-18
1.495094e+01,3.488361e-17,1.474813e-16,1.474813e-18
1.495379e+01,3.525832e-17,1.507089e-16,1.507089e-18
1.495663e+01,3.488242e-17,1.555888e-16,1.555888e-18
1.495947e+01,3.536827e-17,1.635518e-16,1.635518e-18
1.496232e+01,3.508495e-17,1.707620e-16,1.707620e-18
1.496516e+01,3.538571e-17,1.773714e-16,1.773714e-18
1.496800e+01,3.571674e-17,1.844690e-16,1.844690e-18
1.497085e+01,3.523130e-17,1.905149e-16,1.905149e-18
1.497369e+01,3.589605e-17,1.976165e-16,1.976165e-18
1.497654e+01,3.584445e-17,2.049585e-16,2.049585e-18
1.497938e+01,3.628666e-17,2.101060e-16,2.101060e-18
1.498222e+01,3.601830e-17,2.142562e-16,2.142562e-18
1.498507e+01,3.609087e-17,2.195981e-16,2.195981e-18
1.498791e+01,3.636307e-17,2.252263e-16,2.252263e-18
1.499075e+01,3.683617e-17,2.314347e-16,2.314347e-18
1.499360e+01,3.728019e-17,2.374120e-16,2.374120e-18
1.499644e+01,3.712758e-17,2.412632e-16,2.412632e-18
1.499928e+01,3.712860e-17,2.462077e-16,2.462077e-18
1.500213e+01,3.728883e-17,2.533163e-16,2.533163e-18
1.500497e+01,3.766566e-17,2.578582e-16,2.578582e-18
1.500781e+01,3.809700e-17,2.613076e-16,2.613076e-18
1.501066e+01,3.842703e-17,2.668500e-16,2.668500e-18
1.501350e+01,3.837030e-17,2.727002e-16,2.727002e-18
1.501634e+01,3.878165e-17,2.769140e-16,2.769140e-18
1.501919e+01,3.881009e-17,2.790872e-16,2.790872e-18
1.502203e+01,3.896029e-17,2.794933e-16,2.794933e-18
1.502487e+01,3.947560e-17,2.813052e-16,2.813052e-18
1.502772e+01,3.970288e-17,2.849550e-16,2.849550e-18
1.503056e+01,3.994605e-17,2.887259e-16,2.887259e-18
1.503340e+01,3.964623e-17,2.917031e-16,2.917031e-18
1.503625e+01,3.927513e-17,2.933566e-16,2.933566e-18
1.503909e+01,3.926656e-17,2.923342e-16,2.923342e-18
1.504193e+01,3.963697e-17,2.898780e-16,2.898780e-18
1.504478e+01,3.932202e-17,2.888858e-16,2.888858e-18
1.504762e+01,3.924463e-17,2.887793e-16,2.887793e-18
1.505047e+01,3.925978e-17,2.883221e-16,2.883221e-18
1.505331e+01,3.935054e-17,2.869575e-16,2.869575e-18
1.505615e+01,3.895863e-17,2.837834e-16,2.837834e-18
1.505900e+01,3.919788e-17,2.792867e-16,2.792867e-18
1.506184e+01,3.857305e-17,2.744021e-16,2.744021e-18
1.506468e+01,3.831843e-17,2.690417e-16,2.690417e-18
1.506753e+01,3.826715e-17,2.626174e-16,2.626174e-18
1.507037e+01,3.848574e-17,2.544408e-16,2.544408e-18
1.507321e+01,3.757694e-17,2.454836e-16,2.454836e-18
1.507606e+01,3.755375e-17,2.394841e-16,2.394841e-18
1.507890e+01,3.729010e-17,2.369217e-16,2.369217e-18
1.508174e+01,3.719120e-17,2.342801e-16,2.342801e-18
1.508459e+01,3.727570e-17,2.290529e-16,2.290529e-18
1.508743e+01,3.749671e-17,2.237020e-16,2.237020e-18
1.509027e+01,3.734939e-17,2.204436e-16,2.204436e-18
1.509312e+01,3.677949e-17,2.170347e-16,2.170347e-18
1.509596e+01,3.700702e-17,2.130940e-16,2.130940e-18
1.509880e+01,3.662450e-17,2.116877e-16,2.116877e-18
1.510165e+01,3.688027e-17,2.121910e-16,2.121910e-18
1.510449e+01,3.682301e-17,2.123240e-16,2.123240e-18
1.510733e+01,3.683094e-17,2.113163e-16,2.113163e-18
1.511018e+01,3.662013e-17,2.093956e-16,2.093956e-18
1.511302e+01,3.589070e-17,2.075959e-16,2.075959e-18
1.511586e+01,3.600158e-17,2.065160e-16,2.065160e-18
1.511871e+01,3.593825e-17,2.048480e-16,2.048480e-18
1.512155e+01,3.569424e-17,2.019577e-16,2.019577e-18
1.512440e+01,3.512401e-17,1.983341e-16,1.983341e-18
1.512724e+01,3.501202e-17,1.957800e-16,1.957800e-18
1.513008e+01,3.532930e-17,1.951507e-16,1.951507e-18
1.513293e+01,3.504653e-17,1.948418e-16,1.948418e-18
1.513577e+01,3.517276e-17,1.941844e-16,1.941844e-18
1.513861e+01,3.512311e-17,1.942750e-16,1.942750e-18
1.514146e+01,3.508673e-17,1.957710e-16,1.957710e-18
1.514430e+01,3.487456e-17,1.962813e-16,1.962813e-18
1.514714e+01,3.463869e-17,1.941612e-16,1.941612e-18
1.514999e+01,3.423138e-17,1.920000e-16,1.920000e-18
1.515283e+01,3.424840e-17,1.906941e-16,1.906941e-18
1.515567e+01,3.428310e-17,1.890741e-16,1.890741e-18
1.515852e+01,3.468675e-17,1.874064e-16,1.874064e-18
1.516136e+01,3.411866e-17,1.849630e-16,1.849630e-18
1.516420e+01,3.413457e-17,1.824197e-16,1.824197e-18
1.516705e+01,3.396468e-17,1.802981e-16,1.802981e-18
1.516989e+01,3.359662e-17,1.778003e-16,1.778003e-18
1.517273e+01,3.383220e-17,1.737521e-16,1.737521e-18
1.517558e+01,3.350378e-17,1.685557e-16,1.685557e-18
1.517842e+01,3.378218e-17,1.645124e-16,1.645124e-18
1.518126e+01,3.307186e-17,1.633294e-16,1.633294e-18
1.518411e+01,3.371329e-17,1.635199e-16,1.635199e-18
1.518695e+01,3.334987e-17,1.619834e-16,1.619834e-18
1.518980e+01,3.399565e-17,1.596195e-16,1.596195e-18
1.519264e+01,3.368989e-17,1.580129e-16,1.580129e-18
1.519548e+01,3.354049e-17,1.570949e-16,1.570949e-18
1.519833e+01,3.377833e-17,1.551791e-16,1.551791e-18
1.520117e+01,3.368448e-17,1.531333e-16,1.531333e-18
1.520401e+01,3.389384e-17,1.519657e-16,1.519657e-18
1.520686e+01,3.373191e-17,1.515989e-16,1.515989e-18
1.520970e+01,3.368411e-17,1.521516e-16,1.521516e-18
1.521254e+01,3.381432e-17,1.531061e-16,1.531061e-18
1.521539e+01,3.354089e-17,1.529133e-16,1.529133e-18
1.521823e+01,3.342499e-17,1.513740e-16,1.513740e-18
1.522107e+01,3.406580e-17,1.505506e-16,1.505506e-18
1.522392e+01,3.379611e-17,1.509938e-16,1.509938e-18
1.522676e+01,3.334309e-17,1.503483e-16,1.503483e-18
1.522960e+01,3.354419e-17,1.482256e-16,1.482256e-18
1.523245e+01,3.369131e-17,1.476113e-16,1.476113e-18
1.523529e+01,3.353448e-17,1.486027e-16,1.486027e-18
1.523813e+01,3.358568e-17,1.496804e-16,1.496804e-18
1.524098e+01,3.330028e-17,1.519366e-16,1.519366e-18
1.524382e+01,3.377747e-17,1.536979e-16,1.536979e-18
1.524666e+01,3.430307e-17,1.517324e-16,1.517324e-18
1.524951e+01,3.431447e-17,1.489238e-16,1.489238e-18
1.525235e+01,3.351312e-17,1.482894e-16,1.482894e-18
1.525519e+01,3.394339e-17,1.493703e-16,1.493703e-18
1.525804e+01,3.401797e-17,1.507494e-16,1.507494e-18
1.526088e+01,3.376312e-17,1.521118e-16,1.521118e-18
1.526373e+01,3.376153e-17,1.524288e-16,1.524288e-18
1.526657e+01,3.411588e-17,1.515430e-16,1.515430e-18
1.526941e+01,3.404710e-17,1.508906e-16,1.508906e-18
1.527226e+01,3.417686e-17,1.513445e-16,1.513445e-18
1.527510e+01,3.402010e-17,1.514151e-16,1.514151e-18
1.527794e+01,3.354454e-17,1.515892e-16,1.515892e-18
1.528079e+01,3.411262e-17,1.526671e-16,1.526671e-18
1.528363e+01,3.448797e-17,1.542122e-16,1.542122e-18
1.528647e+01,3.400141e-17,1.560894e-16,1.560894e-18
1.528932e+01,3.502154e-17,1.566041e-16,1.566041e-18
1.529216e+01,3.388096e-17,1.564492e-16,1.564492e-18
1.529500e+01,3.439200e-17,1.588825e-16,1.588825e-18
1.529785e+01,3.472593e-17,1.632323e-16,1.632323e-18
1.530069e+01,3.394691e-17,1.660081e-16,1.660081e-18
1.530353e+01,3.456495e-17,1.679774e-16,1.679774e-18
1.530638e+01,3.455322e-17,1.710524e-16,1.710524e-18
1.530922e+01,3.405295e-17,1.761611e-16,1.761611e-18
1.531206e+01,3.440112e-17,1.820613e-16,1.820613e-18
1.531491e+01,3.478021e-17,1.857374e-16,1.857374e-18
1.531775e+01,3.460010e-17,1.876541e-16,1.876541e-18
1.532059e+01,3.466316e-17,1.894186e-16,1.894186e-18
1.532344e+01,3.428145e-17,1.923717e-16,1.923717e-18
1.532628e+01,3.466172e-17,1.951514e-16,1.951514e-18
1.532912e+01,3.508645e-17,1.958758e-16,1.958758e-18
1.533197e+01,3.466849e-17,1.951642e-16,1.951642e-18
1.533481e+01,3.488929e-17,1.939636e-16,1.939636e-18
1.533766e+01,3.523855e-17,1.927295e-16,1.927295e-18
1.534050e+01,3.444800e-17,1.919224e-16,1.919224e-18
1.534334e+01,3.451250e-17,1.901749e-16,1.901749e-18
1.534619e+01,3.518848e-17,1.867384e-16,1.867384e-18
1.534903e+01,3.473144e-17,1.827802e-16,1.827802e-18
1.535187e+01,3.421636e-17,1.804724e-16,1.804724e-18
1.535472e+01,3.458039e-17,1.795282e-16,1.795282e-18
1.535756e+01,3.431023e-17,1.783540e-16,1.783540e-18
1.536040e+01,3.435499e-17,1.766586e-16,1.766586e-18
1.536325e+01,3.506218e-17,1.756670e-16,1.756670e-18
1.536609e+01,3.453482e-17,1.754877e-16,1.754877e-18
1.536893e+01,3.448186e-17,1.750517e-16,1.750517e-18
1.537178e+01,3.462430e-17,1.751684e-16,1.751684e-18
1.537462e+01,3.424544e-17,1.770412e-16,1.770412e-18
1.537746e+01,3.457500e-17,1.796323e-16,1.796323e-18
1.538031e+01,3.408412e-17,1.812610e-16,1.812610e-18
1.538315e+01,3.444619e-17,1.820333e-16,1.820333e-18
1.538599e+01,3.406000e-17,1.819521e-16,1.819521e-18
1.538884e+01,3.475504e-17,1.831329e-16,1.831329e-18
1.539168e+01,3.452211e-17,1.862245e-16,1.862245e-18
1.539452e+01,3.472515e-17,1.884620e-16,1.884620e-18
1.539737e+01,3.424497e-17,1.897811e-16,1.897811e-18
1.540021e+01,3.358282e-17,1.920939e-16,1.920939e-18
1.540306e+01,3.447017e-17,1.933512e-16,1.933512e-18
1.540590e+01,3.434283e-17,1.929325e-16,1.929325e-18
1.540874e+01,3.414970e-17,1.944326e-16,1.944326e-18
1.541159e+01,3.473685e-17,1.976436e-16,1.976436e-18
1.541443e+01,3.510128e-17,1.996222e-16,1.996222e-18
1.541727e+01,3.438885e-17,2.010290e-16,2.010290e-18
1.542012e+01,3.467247e-17,2.022042e-16,2.022042e-18
1.542296e+01,3.461869e-17,2.012049e-16,2.012049e-18
1.542580e+01,3.369205e-17,2.002051e-16,2.002051e-18
1.542865e+01,3.408648e-17,2.020733e-16,2.020733e-18
1.543149e+01,3.436724e-17,2.055197e-16,2.055197e-18
1.543433e+01,3.438505e-17,2.072520e-16,2.072520e-18
1.543718e+01,3.406327e-17,2.068690e-16,2.068690e-18
1.544002e+01,3.405260e-17,2.077480e-16,2.077480e-18
1.544286e+01,3.401427e-17,2.118250e-16,2.118250e-18
1.544571e+01,3.467306e-17,2.174051e-16,2.174051e-18
1.544855e+01,3.468524e-17,2.214315e-16,2.214315e-18
1.545139e+01,3.433056e-17,2.254418e-16,2.254418e-18
1.545424e+01,3.467241e-17,2.303195e-16,2.303195e-18
1.545708e+01,3.493711e-17,2.351978e-16,2.351978e-18
1.545992e+01,3.498559e-17,2.401177e-16,2.401177e-18
1.546277e+01,3.498614e-17,2.434989e-16,2.434989e-18
1.546561e+01,3.515648e-17,2.455441e-16,2.455441e-18
1.546845e+01,3.599271e-17,2.483614e-16,2.483614e-18
1.547130e+01,3.559578e-17,2.520760e-16,2.520760e-18
1.547414e+01,3.513469e-17,2.547278e-16,2.547278e-18
1.547699e+01,3.524075e-17,2.561325e-16,2.561325e-18
1.547983e+01,3.572604e-17,2.571411e-16,2.571411e-18
1.548267e+01,3.556469e-17,2.574121e-16,2.574121e-18
1.548552e+01,3.516386e-17,2.547208e-16,2.547208e-18
1.548836e+01,3.545728e-17,2.476483e-16,2.476483e-18
1.549120e+01,3.486810e-17,2.406198e-16,2.406198e-18
1.549405e+01,3.555559e-17,2.368121e-16,2.368121e-18
1.549689e+01,3.536465e-17,2.334397e-16,2.334397e-18
1.549973e+01,3.516057e-17,2.262120e-16,2.262120e-18
1.550258e+01,3.495513e-17,2.165085e-16,2.165085e-18
1.550542e+01,3.423633e-17,2.076586e-16,2.076586e-18
1.550826e+01,3.478937e-17,2.008001e-16,2.008001e-18
1.551111e+01,3.468382e-17,1.943099e-16,1.943099e-18
1.551395e+01,3.450369e-17,1.857784e-16,1.857784e-18
1.551679e+01,3.368959e-17,1.765301e-16,1.765301e-18
1.551964e+01,3.386153e-17,1.698103e-16,1.698103e-18
1.552248e+01,3.399470e-17,1.644059e-16,1.644059e-18
1.552532e+01,3.348447e-17,1.584180e-16,1.584180e-18
1.552817e+01,3.304124e-17,1.520310e-16,1.520310e-18
1.553101e+01,3.301859e-17,1.470277e-16,1.470277e-18
1.553385e+01,3.302453e-17,1.439992e-16,1.439992e-18
1.553670e+01,3.275551e-17,1.415728e-16,1.415728e-18
1.553954e+01,3.303942e-17,1.381331e-16,1.381331e-18
1.554238e+01,3.293748e-17,1.346088e-16,1.346088e-18
1.554523e+01,3.217903e-17,1.323530e-16,1.323530e-18
1.554807e+01,3.245893e-17,1.301318e-16,1.301318e-18
1.555092e+01,3.199693e-17,1.269134e-16,1.269134e-18
1.555376e+01,3.243594e-17,1.244172e-16,1.244172e-18
1.555660e+01,3.292054e-17,1.235071e-16,1.235071e-18
1.555945e+01,3.261553e-17,1.226967e-16,1.226967e-18
1.556229e+01,3.260729e-17,1.227285e-16,1.227285e-18
1.556513e+01,3.238864e-17,1.253191e-16,1.253191e-18
1.556798e+01,3.263603e-17,1.281350e-16,1.281350e-18
1.557082e+01,3.225679e-17,1.284573e-16,1.284573e-18
1.557366e+01,3.221967e-17,1.278871e-16,1.278871e-18
1.557651e+01,3.241750e-17,1.300416e-16,1.300416e-18
1.557935e+01,3.230903e-17,1.345939e-16,1.345939e-18
1.558219e+01,3.317531e-17,1.392510e-16,1.392510e-18
1.558504e+01,3.262220e-17,1.429873e-16,1.429873e-18
1.558788e+01,3.281074e-17,1.469582e-16,1.469582e-18
1.559072e+01,3.294998e-17,1.505191e-16,1.505191e-18
1.559357e+01,3.272342e-17,1.529974e-16,1.529974e-18
1.559641e+01,3.231809e-17,1.557156e-16,1.557156e-18
1.559925e+01,3.282406e-17,1.597157e-16,1.597157e-18
1.560210e+01,3.289259e-17,1.641758e-16,1.641758e-18
1.560494e+01,3.327357e-17,1.688890e-16,1.688890e-18
1.560778e+01,3.302315e-17,1.725959e-16,1.725959e-18
1.561063e+01,3.246334e-17,1.747355e-16,1.747355e-18
1.561347e+01,3.297924e-17,1.763239e-16,1.763239e-18
1.561631e+01,3.301953e-17,1.785103e-16,1.785103e-18
1.561916e+01,3.281198e-17,1.808071e-16,1.808071e-18
1.562200e+01,3.298427e-17,1.807531e-16,1.807531e-18
1.562485e+01,3.288470e-17,1.803451e-16,1.803451e-18
1.562769e+01,3.288945e-17,1.817731e-16,1.817731e-18
1.563053e+01,3.287475e-17,1.830983e-16,1.830983e-18
1.563338e+01,3.266168e-17,1.840356e-16,1.840356e-18
1.563622e+01,3.286783e-17,1.864717e-16,1.864717e-18
1.563906e+01,3.281150e-17,1.897950e-16,1.897950e-18
1.564191e+01,3.298374e-17,1.909755e-16,1.909755e-18
1.564475e+01,3.307844e-17,1.888036e-16,1.888036e-18
1.564759e+01,3.302609e-17,1.865626e-16,1.865626e-18
1.565044e+01,3.319827e-17,1.859147e-16,1.859147e-18
1.565328e+01,3.292912e-17,1.850309e-16,1.850309e-18
1.565612e+01,3.322885e-17,1.842102e-16,1.842102e-18
1.565897e+01,3.352780e-17,1.836799e-16,1.836799e-18
1.566181e+01,3.303648e-17,1.823872e-16,1.823872e-18
1.566465e+01,3.274507e-17,1.814015e-16,1.814015e-18
1.566750e+01,3.318741e-17,1.806946e-16,1.806946e-18
1.567034e+01,3.304618e-17,1.792726e-16,1.792726e-18
1.567318e+01,3.296529e-17,1.781702e-16,1.781702e-18
1.567603e+01,3.261281e-17,1.778880e-16,1.778880e-18
1.567887e+01,3.319850e-17,1.763195e-16,1.763195e-18
1.568171e+01,3.289715e-17,1.735801e-16,1.735801e-18
1.568456e+01,3.262499e-17,1.719019e-16,1.719019e-18
1.568740e+01,3.254696e-17,1.700234e-16,1.700234e-18
1.569025e+01,3.262124e-17,1.672782e-16,1.672782e-18
1.569309e+01,3.308135e-17,1.657269e-16,1.657269e-18
1.569593e+01,3.288309e-17,1.652480e-16,1.652480e-18
1.569878e+01,3.229778e-17,1.635007e-16,1.635007e-18
1.570162e+01,3.273122e-17,1.596055e-16,1.596055e-18
1.570446e+01,3.209139e-17,1.555262e-16,1.555262e-18
1.570731e+01,3.232259e-17,1.540053e-16,1.540053e-18
1.571015e+01,3.183289e-17,1.531508e-16,1.531508e-18
1.571299e+01,3.162580e-17,1.487872e-16,1.487872e-18
1.571584e+01,3.194572e-17,1.439620e-16,1.439620e-18
1.571868e+01,3.211859e-17,1.436218e-16,1.436218e-18
1.572152e+01,3.129867e-17,1.442439e-16,1.442439e-18
1.572437e+01,3.164836e-17,1.425619e-16,1.425619e-18
1.572721e+01,3.112394e-17,1.389687e-16,1.389687e-18
1.573005e+01,3.140797e-17,1.366051e-16,1.366051e-18
1.573290e+01,3.137413e-17,1.350066e-16,1.350066e-18
1.573574e+01,3.097551e-17,1.334126e-16,1.334126e-18
1.573858e+01,3.141029e-17,1.328078e-16,1.328078e-18
1.574143e+01,3.110908e-17,1.303866e-16,1.303866e-18
1.574427e+01,3.077880e-17,1.245411e-16,1.245411e-18
1.574711e+01,3.052242e-17,1.198205e-16,1.198205e-18
1.574996e+01,3.112706e-17,1.197568e-16,1.197568e-18
1.575280e+01,3.049178e-17,1.203460e-16,1.203460e-18
1.575564e+01,3.059679e-17,1.187690e-16,1.187690e-18
1.575849e+01,3.067978e-17,1.150256e-16,1.150256e-18
1.576133e+01,3.057894e-17,1.132766e-16,1.132766e-18
1.576418e+01,3.094438e-17,1.129129e-16,1.129129e-18
1.576702e+01,3.090465e-17,1.113327e-16,1.113327e-18
1.576986e+01,3.061689e-17,1.095952e-16,1.095952e-18
1.577271e+01,3.043175e-17,1.074288e-16,1.074288e-18
1.577555e+01,3.005759e-17,1.054927e-16,1.054927e-18
1.577839e+01,3.001011e-17,1.053372e-16,1.053372e-18
1.578124e+01,3.015607e-17,1.056342e-16,1.056342e-18
1.578408e+01,3.029918e-17,1.047417e-16,1.047417e-18
1.578692e+01,3.047089e-17,1.036011e-16,1.036011e-18
1.578977e+01,2.995189e-17,1.046017e-16,1.046017e-18
1.579261e+01,3.075886e-17,1.084926e-16,1.084926e-18
1.579545e+01,3.070052e-17,1.121031e-16,1.121031e-18
1.579830e+01,3.058115e-17,1.122286e-16,1.122286e-18
1.580114e+01,3.094385e-17,1.112098e-16,1.112098e-18
1.580398e+01,3.050515e-17,1.137244e-16,1.137244e-18
1.580683e+01,3.053690e-17,1.188022e-16,1.188022e-18
1.580967e+01,3.117901e-17,1.236856e-16,1.236856e-18
1.581251e+01,3.116027e-17,1.270471e-16,1.270471e-18
1.581536e+01,3.097951e-17,1.295264e-16,1.295264e-18
1.581820e+01,3.117337e-17,1.335305e-16,1.335305e-18
1.582104e+01,3.177694e-17,1.395741e-16,1.395741e-18
1.582389e+01,3.159803e-17,1.461071e-16,1.461071e-18
1.582673e+01,3.181693e-17,1.516488e-16,1.516488e-18
1.582957e+01,3.211946e-17,1.563842e-16,1.563842e-18
1.583242e+01,3.272119e-17,1.602194e-16,1.602194e-18
1.583526e+01,3.224929e-17,1.626040e-16,1.626040e-18
1.583811e+01,3.203904e-17,1.650064e-16,1.650064e-18
1.584095e+01,3.232868e-17,1.688602e-16,1.688602e-18
1.584379e+01,3.255815e-17,1.733560e-16,1.733560e-18
1.584664e+01,3.323416e-17,1.773367e-16,1.773367e-18
1.584948e+01,3.328860e-17,1.816987e-16,1.816987e-18
1.585232e+01,3.264733e-17,1.864318e-16,1.864318e-18
1.585517e+01,3.290853e-17,1.890514e-16,1.890514e-18
1.585801e+01,3.311180e-17,1.895653e-16,1.895653e-18
1.586085e+01,3.344062e-17,1.906416e-16,1.906416e-18
1.586370e+01,3.333855e-17,1.926998e-16,1.926998e-18
1.586654e+01,3.307665e-17,1.955576e-16,1.955576e-18
1.586938e+01,3.308937e-17,1.982497e-16,1.982497e-18
1.587223e+01,3.302506e-17,1.990056e-16,1.990056e-18
1.587507e+01,3.319763e-17,1.993134e-16,1.993134e-18
1.587791e+01,3.325406e-17,2.013695e-16,2.013695e-18
1.588076e+01,3.297290e-17,2.044907e-16,2.044907e-18
1.588360e+01,3.310341e-17,2.064154e-16,2.064154e-18
1.588644e+01,3.307683e-17,2.073725e-16,2.073725e-18
1.588929e+01,3.387442e-17,2.084175e-16,2.084175e-18
1.589213e+01,3.294767e-17,2.082402e-16,2.082402e-18
1.589497e+01,3.289985e-17,2.075390e-16,2.075390e-18
1.589782e+01,3.317597e-17,2.085128e-16,2.085128e-18
1.590066e+01,3.319552e-17,2.093128e-16,2.093128e-18
1.590351e+01,3.384306e-17,2.078249e-16,2.078249e-18
1.590635e+01,3.346567e-17,2.067268e-16,2.067268e-18
1.590919e+01,3.363455e-17,2.065486e-16,2.065486e-18
1.591204e+01,3.353099e-17,2.057626e-16,2.057626e-18
1.591488e+01,3.356668e-17,2.065648e-16,2.065648e-18
1.591772e+01,3.320816e-17,2.076454e-16,2.076454e-18
1.592057e+01,3.389374e-17,2.056507e-16,2.056507e-18
1.592341e+01,3.387568e-17,2.029871e-16,2.029871e-18
1.592625e+01,3.328892e-17,2.022790e-16,2.022790e-18
1.592910e+01,3.338942e-17,2.020673e-16,2.020673e-18
1.593194e+01,3.377254e-17,2.014248e-16,2.014248e-18
1.593478e+01,3.331538e-17,2.004563e-16,2.004563e-18
1.593763e+01,3.365174e-17,1.994657e-16,1.994657e-18
1.594047e+01,3.330276e-17,1.974795e-16,1.974795e-18
1.594331e+01,3.340466e-17,1.949542e-16,1.949542e-18
1.594616e+01,3.334450e-17,1.927866e-16,1.927866e-18
1.594900e+01,3.311096e-17,1.902858e-16,1.902858e-18
1.595184e+01,3.357750e-17,1.866205e-16,1.866205e-18
1.595469e+01,3.307698e-17,1.834890e-16,1.834890e-18
1.595753e+01,3.284021e-17,1.822983e-16,1.822983e-18
1.596037e+01,3.285416e-17,1.828396e-16,1.828396e-18
1.596322e+01,3.314880e-17,1.827465e-16,1.827465e-18
1.596606e+01,3.232474e-17,1.815662e-16,1.815662e-18
1.596890e+01,3.240657e-17,1.808640e-16,1.808640e-18
1.597175e+01,3.244718e-17,1.806510e-16,1.806510e-18
1.597459e+01,3.250343e-17,1.798699e-16,1.798699e-18
1.597744e+01,3.240024e-17,1.789464e-16,1.789464e-18
1.598028e+01,3.255856e-17,1.790394e-16,1.790394e-18
1.598312e+01,3.218681e-17,1.787287e-16,1.787287e-18
1.598597e+01,3.223316e-17,1.782561e-16,1.782561e-18
1.598881e+01,3.234972e-17,1.779957e-16,1.779957e-18
1.599165e+01,3.199890e-17,1.772465e-16,1.772465e-18
1.599450e+01,3.175917e-17,1.766296e-16,1.766296e-18
1.599734e+01,3.202964e-17,1.772368e-16,1.772368e-18
1.600018e+01,3.203363e-17,1.773865e-16,1.773865e-18
1.600303e+01,3.219833e-17,1.763993e-16,1.763993e-18
1.600587e+01,3.223166e-17,1.755540e-16,1.755540e-18
1.600871e+01,3.185317e-17,1.746561e-16,1.746561e-18
1.601156e+01,3.223089e-17,1.725635e-16,1.725635e-18
1.601440e+01,3.185296e-17,1.698247e-16,1.698247e-18
1.601724e+01,3.196599e-17,1.694119e-16,1.694119e-18
1.602009e+01,3.182120e-17,1.707951e-16,1.707951e-18
1.602293e+01,3.224391e-17,1.708081e-16,1.708081e-18
1.602577e+01,3.216921e-17,1.698376e-16,1.698376e-18
1.602862e+01,3.225627e-17,1.697247e-16,1.697247e-18
1.603146e+01,3.215040e-17,1.693412e-16,1.693412e-18
1.603430e+01,3.230979e-17,1.668478e-16,1.668478e-18
1.603715e+01,3.186490e-17,1.636567e-16,1.636567e-18
1.603999e+01,3.245650e-17,1.625581e-16,1.625581e-18
1.604283e+01,3.193809e-17,1.634024e-16,1.634024e-18
1.604568e+01,3.212876e-17,1.624772e-16,1.624772e-18
1.604852e+01,3.162623e-17,1.592380e-16,1.592380e-18
1.605137e+01,3.188064e-17,1.563457e-16,1.563457e-18
1.605421e+01,3.206802e-17,1.533616e-16,1.533616e-18
1.605705e+01,3.156501e-17,1.503349e-16,1.503349e-18
1.605990e+01,3.165540e-17,1.484144e-16,1.484144e-18
1.606274e+01,3.152975e-17,1.477290e-16,1.477290e-18
1.606558e+01,3.143302e-17,1.471420e-16,1.471420e-18
1.606843e+01,3.100862e-17,1.471156e-16,1.471156e-18
1.607127e+01,3.135831e-17,1.481624e-16,1.481624e-18
1.607411e+01,3.155866e-17,1.499277e-16,1.499277e-18
1.607696e+01,3.117608e-17,1.514250e-16,1.514250e-18
1.607980e+01,3.139281e-17,1.511745e-16,1.511745e-18
1.608264e+01,3.105932e-17,1.488115e-16,1.488115e-18
1.608549e+01,3.126835e-17,1.477070e-16,1.477070e-18
1.608833e+01,3.106865e-17,1.490058e-16,1.490058e-18
1.609117e+01,3.044092e-17,1.507059e-16,1.507059e-18
1.609402e+01,3.111537e-17,1.525057e-16,1.525057e-18
1.609686e+01,3.119023e-17,1.547022e-16,1.547022e-18
1.609970e+01,3.063315e-17,1.559665e-16,1.559665e-18
1.610255e+01,3.087424e-17,1.561369e-16,1.561369e-18
1.610539e+01,3.076126e-17,1.557036e-16,1.557036e-18
1.610823e+01,3.072938e-17,1.540508e-16,1.540508e-18
1.611108e+01,3.093314e-17,1.521614e-16,1.521614e-18
1.611392e+01,3.073113e-17,1.502202e-16,1.502202e-18
1.611676e+01,3.080679e-17,1.478705e-16,1.478705e-18
1.611961e+01,3.107563e-17,1.447272e-16,1.447272e-18
1.612245e+01,3.026706e-17,1.422104e-16,1.422104e-18
1.612530e+01,3.057365e-17,1.414401e-16,1.414401e-18
1.612814e+01,3.011577e-17,1.396300e-16,1.396300e-18
1.613098e+01,3.096640e-17,1.362432e-16,1.362432e-18
1.613383e+01,3.053515e-17,1.333244e-16,1.333244e-18
1.613667e+01,3.028556e-17,1.306820e-16,1.306820e-18
1.613951e+01,3.000539e-17,1.281310e-16,1.281310e-18
1.614236e+01,3.070555e-17,1.279420e-16,1.279420e-18
1.614520e+01,3.061577e-17,1.287396e-16,1.287396e-18
1.614804e+01,3.051624e-17,1.289707e-16,1.289707e-18
1.615089e+01,3.017873e-17,1.289755e-16,1.289755e-18
1.615373e+01,3.027358e-17,1.284787e-16,1.284787e-18
1.615657e+01,3.034626e-17,1.274638e-16,1.274638e-18
1.615942e+01,3.063342e-17,1.279581e-16,1.279581e-18
1.616226e+01,3.041094e-17,1.294341e-16,1.294341e-18
1.616510e+01,3.012536e-17,1.311319e-16,1.311319e-18
1.616795e+01,3.070623e-17,1.338012e-16,1.338012e-18
1.617079e+01,3.083314e-17,1.364070e-16,1.364070e-18
1.617363e+01,3.070443e-17,1.359267e-16,1.359267e-18
1.617648e+01,3.030742e-17,1.353265e-16,1.353265e-18
1.617932e+01,3.041438e-17,1.365360e-16,1.365360e-18
1.618216e+01,3.033385e-17,1.369164e-16,1.369164e-18
1.618501e+01,3.032983e-17,1.355620e-16,1.355620e-18
1.618785e+01,3.062786e-17,1.347245e-16,1.347245e-18
1.619070e+01,3.071925e-17,1.354425e-16,1.354425e-18
1.619354e+01,3.113757e-17,1.371676e-16,1.371676e-18
1.619638e+01,3.100359e-17,1.384425e-16,1.384425e-18
1.619923e+01,3.075617e-17,1.388102e-16,1.388102e-18
1.620207e+01,3.066637e-17,1.389800e-16,1.389800e-18
1.620491e+01,3.070628e-17,1.396866e-16,1.396866e-18
1.620776e+01,3.126789e-17,1.404366e-16,1.404366e-18
1.621060e+01,3.063704e-17,1.414241e-16,1.414241e-18
1.621344e+01,3.027836e-17,1.420794e-16,1.420794e-18
1.621629e+01,3.044404e-17,1.418497e-16,1.418497e-18
1.621913e+01,3.062671e-17,1.438420e-16,1.438420e-18
1.622197e+01,3.125954e-17,1.489808e-16,1.489808e-18
1.622482e+01,3.138784e-17,1.524412e-16,1.524412e-18
1.622766e+01,3.107620e-17,1.533768e-16,1.533768e-18
1.623050e+01,3.037358e-17,1.541208e-16,1.541208e-18
1.623335e+01,3.155169e-17,1.565584e-16,1.565584e-18
1.623619e+01,3.149935e-17,1.602310e-16,1.602310e-18
1.623903e+01,3.134921e-17,1.649894e-16,1.649894e-18
1.624188e+01,3.161889e-17,1.704509e-16,1.704509e-18
1.624472e+01,3.185635e-17,1.753606e-16,1.753606e-18
1.624756e+01,3.168940e-17,1.794632e-16,1.794632e-18
1.625041e+01,3.140143e-17,1.854732e-16,1.854732e-18
1.625325e+01,3.217069e-17,1.933794e-16,1.933794e-18
1.625609e+01,3.237554e-17,1.989662e-16,1.989662e-18
1.625894e+01,3.182793e-17,2.020877e-16,2.020877e-18
1.626178e+01,3.184233e-17,2.054942e-16,2.054942e-18
1.626463e+01,3.221678e-17,2.077534e-16,2.077534e-18
1.626747e+01,3.194151e-17,2.070776e-16,2.070776e-18
1.627031e+01,3.204715e-17,2.070353e-16,2.070353e-18
1.627316e+01,3.192657e-17,2.086774e-16,2.086774e-18
1.627600e+01,3.179471e-17,2.096440e-16,2.096440e-18
1.627884e+01,3.213316e-17,2.095259e-16,2.095259e-18
1.628169e+01,3.233975e-17,2.086423e-16,2.086423e-18
1.628453e+01,3.216735e-17,2.063315e-16,2.063315e-18
1.628737e+01,3.259152e-17,2.039401e-16,2.039401e-18
1.629022e+01,3.215725e-17,2.021585e-16,2.021585e-18
1.629306e+01,3.267637e-17,1.989633e-16,1.989633e-18
1.629590e+01,3.137573e-17,1.946664e-16,1.946664e-18
1.629875e+01,3.221168e-17,1.912697e-16,1.912697e-18
1.630159e+01,3.124616e-17,1.879015e-16,1.879015e-18
1.630443e+01,3.158809e-17,1.856310e-16,1.856310e-18
1.630728e+01,3.153056e-17,1.847369e-16,1.847369e-18
1.631012e+01,3.173592e-17,1.828424e-16,1.828424e-18
1.631296e+01,3.159902e-17,1.804147e-16,1.804147e-18
1.631581e+01,3.222142e-17,1.786560e-16,1.786560e-18
1.631865e+01,3.153415e-17,1.760361e-16,1.760361e-18
1.632149e+01,3.131845e-17,1.719537e-16,1.719537e-18
1.632434e+01,3.134526e-17,1.685694e-16,1.685694e-18
1.632718e+01,3.165864e-17,1.675166e-16,1.675166e-18
1.633002e+01,3.104745e-17,1.664580e-16,1.664580e-18
1.633287e+01,3.108374e-17,1.626012e-16,1.626012e-18
1.633571e+01,3.091339e-17,1.569279e-16,1.569279e-18
1.633856e+01,3.154643e-17,1.526982e-16,1.526982e-18
1.634140e+01,3.108065e-17,1.503599e-16,1.503599e-18
1.634424e+01,3.125253e-17,1.488500e-16,1.488500e-18
1.634709e+01,3.091197e-17,1.460732e-16,1.460732e-18
1.634993e+01,3.038834e-17,1.411310e-16,1.411310e-18
1.635277e+01,3.065546e-17,1.360726e-16,1.360726e-18
1.635562e+01,3.076194e-17,1.328139e-16,1.328139e-18
1.635846e+01,3.018981e-17,1.307759e-16,1.307759e-18
1.636130e+01,3.069459e-17,1.281574e-16,1.281574e-18
1.636415e+01,2.993111e-17,1.243434e-16,1.243434e-18
1.636699e+01,2.994624e-17,1.210474e-16,1.210474e-18
1.636983e+01,2.983543e-17,1.191546e-16,1.191546e-18
1.637268e+01,3.018748e-17,1.190433e-16,1.190433e-18
1.637552e+01,2.963541e-17,1.174840e-16,1.174840e-18
1.637836e+01,2.981663e-17,1.145120e-16,1.145120e-18
1.638121e+01,2.990523e-17,1.122935e-16,1.122935e-18
1.638405e+01,2.930312e-17,1.110137e-16,1.110137e-18
1.638689e+01,2.983078e-17,1.091523e-16,1.091523e-18
1.638974e+01,2.913315e-17,1.082614e-16,1.082614e-18
1.639258e+01,2.898688e-17,1.078959e-16,1.078959e-18
1.639542e+01,2.920040e-17,1.071703e-16,1.071703e-18
1.639827e+01,2.930317e-17,1.069594e-16,1.069594e-18
1.640111e+01,2.980698e-17,1.065922e-16,1.065922e-18
1.640396e+01,2.869243e-17,1.058904e-16,1.058904e-18
1.640680e+01,2.906062e-17,1.062139e-16,1.062139e-18
1.640964e+01,2.881069e-17,1.065908e-16,1.065908e-18
1.641249e+01,2.922801e-17,1.073764e-16,1.073764e-18
1.641533e+01,2.944116e-17,1.079595e-16,1.079595e-18
1.641817e+01,2.952296e-17,1.092766e-16,1.092766e-18
1.642102e+01,2.969851e-17,1.112664e-16,1.112664e-18
1.642386e+01,2.886889e-17,1.126543e-16,1.126543e-18
1.642670e+01,2.967413e-17,1.145796e-16,1.145796e-18
1.642955e+01,2.914579e-17,1.166714e-16,1.166714e-18
1.643239e+01,2.921957e-17,1.186841e-16,1.186841e-18
1.643523e+01,2.954417e-17,1.204685e-16,1.204685e-18
1.643808e+01,2.929985e-17,1.216929e-16,1.216929e-18
1.644092e+01,2.931696e-17,1.230717e-16,1.230717e-18
1.644376e+01,3.001726e-17,1.248749e-16,1.248749e-18
1.644661e+01,2.923040e-17,1.269506e-16,1.269506e-18
1.644945e+01,2.944822e-17,1.285720e-16,1.285720e-18
1.645229e+01,2.893541e-17,1.305797e-16,1.305797e-18
1.645514e+01,2.912878e-17,1.337116e-16,1.337116e-18
1.645798e+01,2.935065e-17,1.356187e-16,1.356187e-18
1.646082e+01,2.949388e-17,1.366538e-16,1.366538e-18
1.646367e+01,2.945088e-17,1.386603e-16,1.386603e-18
1.646651e+01,2.943407e-17,1.394847e-16,1.394847e-18
1.646935e+01,2.923672e-17,1.393322e-16,1.393322e-18
1.647220e+01,2.930937e-17,1.421791e-16,1.421791e-18
1.647504e+01,2.938630e-17,1.455343e-16,1.455343e-18
1.647789e+01,3.020728e-17,1.470041e-16,1.470041e-18
1.648073e+01,2.950244e-17,1.482868e-16,1.482868e-18
1.648357e+01,2.969077e-17,1.508939e-16,1.508939e-18
1.648642e+01,2.972321e-17,1.533061e-16,1.533061e-18
1.648926e+01,3.025652e-17,1.564305e-16,1.564305e-18
1.649210e+01,3.043268e-17,1.607157e-16,1.607157e-18
1.649495e+01,2.998739e-17,1.650887e-16,1.650887e-18
1.649779e+01,3.042783e-17,1.681465e-16,1.681465e-18
1.650063e+01,3.055926e-17,1.713103e-16,1.713103e-18
1.650348e+01,3.060043e-17,1.754854e-16,1.754854e-18
1.650632e+01,3.095432e-17,1.804757e-16,1.804757e-18
1.650916e+01,3.126526e-17,1.854786e-16,1.854786e-18
1.651201e+01,3.165320e-17,1.906715e-16,1.906715e-18
1.651485e+01,3.140537e-17,1.954937e-16,1.954937e-18
1.651769e+01,3.143436e-17,2.007589e-16,2.007589e-18
1.652054e+01,3.178834e-17,2.070682e-16,2.070682e-18
1.652338e+01,3.210870e-17,2.136207e-16,2.136207e-18
1.652622e+01,3.259032e-17,2.182865e-16,2.182865e-18
1.652907e+01,3.250600e-17,2.218998e-16,2.218998e-18
1.653191e+01,3.256617e-17,2.267980e-16,2.267980e-18
1.653475e+01,3.300935e-17,2.316223e-16,2.316223e-18
1.653760e+01,3.338723e-17,2.344992e-16,2.344992e-18
1.654044e+01,3.335638e-17,2.364405e-16,2.364405e-18
1.654328e+01,3.281520e-17,2.397194e-16,2.397194e-18
1.654613e+01,3.308216e-17,2.435513e-16,2.435513e-18
1.654897e+01,3.305409e-17,2.440386e-16,2.440386e-18
1.655182e+01,3.291525e-17,2.407216e-16,2.407216e-18
1.655466e+01,3.311186e-17,2.375579e-16,2.375579e-18
1.655750e+01,3.332058e-17,2.355366e-16,2.355366e-18
1.656035e+01,3.269211e-17,2.330869e-16,2.330869e-18
1.656319e+01,3.237186e-17,2.300218e-16,2.300218e-18
1.656603e+01,3.251445e-17,2.266124e-16,2.266124e-18
1.656888e+01,3.226389e-17,2.226193e-16,2.226193e-18
1.657172e+01,3.273377e-17,2.187049e-16,2.187049e-18
1.657456e+01,3.205275e-17,2.150537e-16,2.150537e-18
1.657741e+01,3.152012e-17,2.108488e-16,2.108488e-18
1.658025e+01,3.197515e-17,2.060884e-16,2.060884e-18
1.658309e+01,3.100810e-17,2.006556e-16,2.006556e-18
1.658594e+01,3.151836e-17,1.955074e-16,1.955074e-18
1.658878e+01,3.113661e-17,1.906357e-16,1.906357e-18
1.659162e+01,3.105603e-17,1.859565e-16,1.859565e-18
1.659447e+01,3.045802e-17,1.819354e-16,1.819354e-18
1.659731e+01,3.027336e-17,1.788675e-16,1.788675e-18
1.660015e+01,3.013426e-17,1.759533e-16,1.759533e-18
1.660300e+01,3.034885e-17,1.729179e-16,1.729179e-18
1.660584e+01,3.044109e-17,1.708325e-16,1.708325e-18
1.660868e+01,3.023001e-17,1.689744e-16,1.689744e-18
1.661153e+01,3.015702e-17,1.648317e-16,1.648317e-18
1.661437e+01,3.004896e-17,1.614780e-16,1.614780e-18
1.661721e+01,2.992549e-17,1.613690e-16,1.613690e-18
1.662006e+01,3.003283e-17,1.618686e-16,1.618686e-18
1.662290e+01,3.015823e-17,1.613513e-16,1.613513e-18
1.662575e+01,2.964968e-17,1.596683e-16,1.596683e-18
1.662859e+01,2.996496e-17,1.566086e-16,1.566086e-18
1.663143e+01,3.002365e-17,1.530242e-16,1.530242e-18
1.663428e+01,2.947853e-17,1.514633e-16,1.514633e-18
1.663712e+01,2.986214e-17,1.519784e-16,1.519784e-18
1.663996e+01,2.994101e-17,1.521988e-16,1.521988e-18
1.664281e+01,3.024588e-17,1.509814e-16,1.509814e-18
1.664565e+01,2.967038e-17,1.485345e-16,1.485345e-18
1.664849e+01,2.991849e-17,1.469199e-16,1.469199e-18
1.665134e+01,2.941469e-17,1.472293e-16,1.472293e-18
1.665418e+01,2.975684e-17,1.492693e-16,1.492693e-18
1.665702e+01,2.987644e-17,1.511684e-16,1.511684e-18
1.665987e+01,2.970586e-17,1.517328e-16,1.517328e-18
1.666271e+01,3.028476e-17,1.514770e-16,1.514770e-18
1.666555e+01,2.978542e-17,1.503156e-16,1.503156e-18
1.666840e+01,2.996023e-17,1.494945e-16,1.494945e-18
1.667124e+01,3.009033e-17,1.506359e-16,1.506359e-18
1.667408e+01,2.971186e-17,1.532148e-16,1.532148e-18
1.667693e+01,2.988537e-17,1.554649e-16,1.554649e-18
1.667977e+01,2.971718e-17,1.580150e-16,1.580150e-18
1.668261e+01,3.004800e-17,1.608288e-16,1.608288e-18
1.668546e+01,3.077344e-17,1.621069e-16,1.621069e-18
1.668830e+01,3.035764e-17,1.624139e-16,1.624139e-18
1.669115e+01,3.019348e-17,1.628298e-16,1.628298e-18
1.669399e+01,3.051809e-17,1.626634e-16,1.626634e-18
1.669683e+01,3.027525e-17,1.634105e-16,1.634105e-18
1.669968e+01,3.039987e-17,1.658033e-16,1.658033e-18
1.670252e+01,3.020824e-17,1.681910e-16,1.681910e-18
1.670536e+01,3.027381e-17,1.691191e-16,1.691191e-18
1.670821e+01,3.012894e-17,1.681652e-16,1.681652e-18
1.671105e+01,2.985857e-17,1.674995e-16,1.674995e-18
1.671389e+01,3.006740e-17,1.691498e-16,1.691498e-18
1.671674e+01,3.031357e-17,1.710117e-16,1.710117e-18
1.671958e+01,3.023926e-17,1.706000e-16,1.706000e-18
1.672242e+01,3.036598e-17,1.682169e-16,1.682169e-18
1.672527e+01,3.022542e-17,1.645546e-16,1.645546e-18
1.672811e+01,2.982600e-17,1.609008e-16,1.609008e-18
1.673095e+01,3.008339e-17,1.592035e-16,1.592035e-18
1.673380e+01,2.985987e-17,1.584334e-16,1.584334e-18
1.673664e+01,2.934502e-17,1.560473e-16,1.560473e-18
1.673948e+01,3.026613e-17,1.519612e-16,1.519612e-18
1.674233e+01,2.983610e-17,1.481954e-16,1.481954e-18
1.674517e+01,2.970535e-17,1.464032e-16,1.464032e-18
1.674801e+01,2.923178e-17,1.446075e-16,1.446075e-18
1.675086e+01,2.965814e-17,1.424933e-16,1.424933e-18
1.675370e+01,2.911522e-17,1.397535e-16,1.397535e-18
1.675654e+01,2.883960e-17,1.373749e-16,1.373749e-18
1.675939e+01,2.882016e-17,1.365598e-16,1.365598e-18
1.676223e+01,2.904445e-17,1.361412e-16,1.361412e-18
1.676508e+01,2.906542e-17,1.359225e-16,1.359225e-18
1.676792e+01,2.926050e-17,1.369146e-16,1.369146e-18
1.677076e+01,2.932244e-17,1.371829e-16,1.371829e-18
1.677361e+01,2.943370e-17,1.365003e-16,1.365003e-18
1.677645e+01,2.924543e-17,1.361727e-16,1.361727e-18
1.677929e+01,2.942924e-17,1.355501e-16,1.355501e-18
1.678214e+01,2.931784e-17,1.347252e-16,1.347252e-18
1.678498e+01,2.949987e-17,1.347715e-16,1.347715e-18
1.678782e+01,2.951368e-17,1.355665e-16,1.355665e-18
1.679067e+01,2.964122e-17,1.361194e-16,1.361194e-18
1.679351e+01,2.931325e-17,1.361281e-16,1.361281e-18
1.679635e+01,2.963242e-17,1.363869e-16,1.363869e-18
1.679920e+01,2.946789e-17,1.368226e-16,1.368226e-18
1.680204e+01,2.935167e-17,1.368831e-16,1.368831e-18
1.680488e+01,2.956173e-17,1.367210e-16,1.367210e-18
1.680773e+01,2.916764e-17,1.375902e-16,1.375902e-18
1.681057e+01,2.947399e-17,1.379019e-16,1.379019e-18
1.681341e+01,2.898363e-17,1.368506e-16,1.368506e-18
1.681626e+01,2.930521e-17,1.364946e-16,1.364946e-18
1.681910e+01,2.896301e-17,1.379112e-16,1.379112e-18
1.682194e+01,2.894645e-17,1.396441e-16,1.396441e-18
1.682479e+01,2.948529e-17,1.408358e-16,1.408358e-18
1.682763e+01,2.966994e-17,1.412408e-16,1.412408e-18
1.683047e+01,2.935802e-17,1.420953e-16,1.420953e-18
1.683332e+01,2.949446e-17,1.435053e-16,1.435053e-18
1.683616e+01,2.980310e-17,1.433435e-16,1.433435e-18
1.683901e+01,2.937080e-17,1.413237e-16,1.413237e-18
1.684185e+01,2.966334e-17,1.415871e-16,1.415871e-18
1.684469e+01,2.949692e-17,1.445529e-16,1.445529e-18
1.684754e+01,2.975514e-17,1.478178e-16,1.478178e-18
1.685038e+01,3.004973e-17,1.481191e-16,1.481191e-18
1.685322e+01,2.958225e-17,1.471236e-16,1.471236e-18
1.685607e+01,2.963932e-17,1.476765e-16,1.476765e-18
1.685891e+01,2.958465e-17,1.492560e-16,1.492560e-18
1.686175e+01,2.972304e-17,1.515786e-16,1.515786e-18
1.686460e+01,2.959356e-17,1.534554e-16,1.534554e-18
1.686744e+01,2.998272e-17,1.555021e-16,1.555021e-18
1.687028e+01,3.012782e-17,1.585334e-16,1.585334e-18
1.687313e+01,3.019366e-17,1.618614e-16,1.618614e-18
1.687597e+01,2.966072e-17,1.646845e-16,1.646845e-18
1.687881e+01,3.010672e-17,1.680442e-16,1.680442e-18
1.688166e+01,3.001633e-17,1.706641e-16,1.706641e-18
1.688450e+01,3.036876e-17,1.729102e-16,1.729102e-18
1.688734e+01,3.054530e-17,1.769440e-16,1.769440e-18
1.689019e+01,3.009989e-17,1.819072e-16,1.819072e-18
1.689303e+01,3.045243e-17,1.851658e-16,1.851658e-18
1.689587e+01,3.028296e-17,1.876562e-16,1.876562e-18
1.689872e+01,3.007728e-17,1.910864e-16,1.910864e-18
1.690156e+01,3.014747e-17,1.948234e-16,1.948234e-18
1.690441e+01,3.090289e-17,1.982587e-16,1.982587e-18
1.690725e+01,3.107505e-17,2.016308e-16,2.016308e-18
1.691009e+01,3.096154e-17,2.038540e-16,2.038540e-18
1.691294e+01,3.067695e-17,2.057042e-16,2.057042e-18
1.691578e+01,3.037337e-17,2.085672e-16,2.085672e-18
1.691862e+01,3.048769e-17,2.110600e-16,2.110600e-18
1.692147e+01,3.084276e-17,2.121347e-16,2.121347e-18
1.692431e+01,3.074208e-17,2.117241e-16,2.117241e-18
1.692715e+01,3.092264e-17,2.096121e-16,2.096121e-18
1.693000e+01,3.049634e-17,2.079585e-16,2.079585e-18
1.693284e+01,3.018776e-17,2.072528e-16,2.072528e-18
1.693568e+01,3.042132e-17,2.061531e-16,2.061531e-18
1.693853e+01,3.013138e-17,2.030894e-16,2.030894e-18
1.694137e+01,2.990238e-17,1.979407e-16,1.979407e-18
1.694421e+01,2.977128e-17,1.927778e-16,1.927778e-18
1.694706e+01,3.014570e-17,1.886119e-16,1.886119e-18
1.694990e+01,2.990446e-17,1.831963e-16,1.831963e-18
1.695274e+01,2.956693e-17,1.764178e-16,1.764178e-18
1.695559e+01,2.926814e-17,1.709661e-16,1.709661e-18
1.695843e+01,2.909689e-17,1.659925e-16,1.659925e-18
1.696127e+01,2.877827e-17,1.607344e-16,1.607344e-18
1.696412e+01,2.906055e-17,1.561121e-16,1.561121e-18
1.696696e+01,2.900882e-17,1.513839e-16,1.513839e-18
1.696980e+01,2.874450e-17,1.476239e-16,1.476239e-18
1.697265e+01,2.903560e-17,1.443475e-16,1.443475e-18
1.697549e+01,2.873289e-17,1.387285e-16,1.387285e-18
1.697834e+01,2.832429e-17,1.323920e-16,1.323920e-18
1.698118e+01,2.842254e-17,1.279202e-16,1.279202e-18
1.698402e+01,2.824002e-17,1.244138e-16,1.244138e-18
1.698687e+01,2.839338e-17,1.205113e-16,1.205113e-18
1.698971e+01,2.851166e-17,1.158420e-16,1.158420e-18
1.699255e+01,2.822063e-17,1.108958e-16,1.108958e-18
1.699540e+01,2.769209e-17,1.065988e-16,1.065988e-18
1.699824e+01,2.785669e-17,1.033995e-16,1.033995e-18
1.700108e+01,2.785842e-17,1.004565e-16,1.004565e-18
1.700393e+01,2.745656e-17,9.788923e-17,9.788923e-19
1.700677e+01,2.752499e-17,9.592224e-17,9.592224e-19
1.700961e+01,2.709990e-17,9.412776e-17,9.412776e-19
1.701246e+01,2.717788e-17,9.262053e-17,9.262053e-19
1.701530e+01,2.714183e-17,9.156382e-17,9.156382e-19
1.701814e+01,2.687976e-17,9.111932e-17,9.111932e-19
1.702099e+01,2.674231e-17,9.122831e-17,9.122831e-19
1.702383e+01,2.687196e-17,9.052316e-17,9.052316e-19
1.702667e+01,2.699873e-17,8.977348e-17,8.977348e-19
1.702952e+01,2.675464e-17,8.929644e-17,8.929644e-19
1.703236e+01,2.609583e-17,8.818284e-17,8.818284e-19
1.703520e+01,2.627983e-17,8.700806e-17,8.700806e-19
1.703805e+01,2.660482e-17,8.675415e-17,8.675415e-19
1.704089e+01,2.614546e-17,8.745970e-17,8.745970e-19
1.704373e+01,2.670608e-17,8.847495e-17,8.847495e-19
1.704658e+01,2.636188e-17,8.931419e-17,8.931419e-19
1.704942e+01,2.680005e-17,8.970354e-17,8.970354e-19
1.705227e+01,2.639681e-17,8.938648e-17,8.938648e-19
1.705511e+01,2.609772e-17,8.857800e-17,8.857800e-19
1.705795e+01,2.660904e-17,8.836934e-17,8.836934e-19
1.706080e+01,2.628017e-17,8.791252e-17,8.791252e-19
1.706364e+01,2.636263e-17,8.694956e-17,8.694956e-19
1.706648e+01,2.628052e-17,8.534608e-17,8.534608e-19
1.706933e+01,2.629241e-17,8.446871e-17,8.446871e-19
1.707217e+01,2.699130e-17,8.305752e-17,8.305752e-19
1.707501e+01,2.685344e-17,8.062100e-17,8.062100e-19
1.707786e+01,2.592554e-17,8.024388e-17,8.024388e-19
1.708070e+01,2.611595e-17,8.059290e-17,8.059290e-19
1.708354e+01,2.626698e-17,7.919705e-17,7.919705e-19
1.708639e+01,2.614188e-17,7.859911e-17,7.859911e-19
1.708923e+01,2.671227e-17,7.883737e-17,7.883737e-19
1.709207e+01,2.625978e-17,7.837576e-17,7.837576e-19
1.709492e+01,2.644198e-17,7.994857e-17,7.994857e-19
1.709776e+01,2.684407e-17,8.230367e-17,8.230367e-19
1.710060e+01,2.666322e-17,8.393247e-17,8.393247e-19
1.710345e+01,2.660387e-17,8.602017e-17,8.602017e-19
1.710629e+01,2.663821e-17,8.889067e-17,8.889067e-19
1.710913e+01,2.667954e-17,9.116646e-17,9.116646e-19
1.711198e+01,2.736627e-17,9.385158e-17,9.385158e-19
1.711482e+01,2.682176e-17,9.735230e-17,9.735230e-19
1.711766e+01,2.688516e-17,1.002243e-16,1.002243e-18
1.712051e+01,2.736101e-17,1.024382e-16,1.024382e-18
1.712335e+01,2.774661e-17,1.050121e-16,1.050121e-18
1.712620e+01,2.741675e-17,1.078153e-16,1.078153e-18
1.712904e+01,2.738868e-17,1.108742e-16,1.108742e-18
1.713188e+01,2.771331e-17,1.144575e-16,1.144575e-18
1.713473e+01,2.761096e-17,1.179251e-16,1.179251e-18
1.713757e+01,2.776489e-17,1.202955e-16,1.202955e-18
1.714041e+01,2.820888e-17,1.216072e-16,1.216072e-18
1.714326e+01,2.805687e-17,1.228004e-16,1.228004e-18
1.714610e+01,2.832154e-17,1.251535e-16,1.251535e-18
1.714894e+01,2.850621e-17,1.272518e-16,1.272518e-18
1.715179e+01,2.848275e-17,1.284513e-16,1.284513e-18
1.715463e+01,2.838455e-17,1.289701e-16,1.289701e-18
1.715747e+01,2.871179e-17,1.298035e-16,1.298035e-18
1.716032e+01,2.887474e-17,1.313980e-16,1.313980e-18
1.716316e+01,2.848451e-17,1.317907e-16,1.317907e-18
1.716600e+01,2.873239e-17,1.305895e-16,1.305895e-18
1.716885e+01,2.878290e-17,1.306163e-16,1.306163e-18
1.717169e+01,2.878143e-17,1.315342e-16,1.315342e-18
1.717453e+01,2.855963e-17,1.315622e-16,1.315622e-18
1.717738e+01,2.863081e-17,1.302082e-16,1.302082e-18
1.718022e+01,2.872070e-17,1.284793e-16,1.284793e-18
1.718306e+01,2.851184e-17,1.286606e-16,1.286606e-18
1.718591e+01,2.848849e-17,1.309000e-16,1.309000e-18
1.718875e+01,2.856929e-17,1.320129e-16,1.320129e-18
1.719160e+01,2.786907e-17,1.314319e-16,1.314319e-18
1.719444e+01,2.874141e-17,1.310153e-16,1.310153e-18
1.719728e+01,2.779472e-17,1.309027e-16,1.309027e-18
1.720013e+01,2.814489e-17,1.325246e-16,1.325246e-18
1.720297e+01,2.795868e-17,1.345182e-16,1.345182e-18
1.720581e+01,2.814896e-17,1.357905e-16,1.357905e-18
1.720866e+01,2.799671e-17,1.362292e-16,1.362292e-18
1.721150e+01,2.810798e-17,1.362587e-16,1.362587e-18
1.721434e+01,2.808907e-17,1.356237e-16,1.356237e-18
1.721719e+01,2.767242e-17,1.361089e-16,1.361089e-18
1.722003e+01,2.815761e-17,1.374755e-16,1.374755e-18
1.722287e+01,2.811879e-17,1.369922e-16,1.369922e-18
1.722572e+01,2.765738e-17,1.357985e-16,1.357985e-18
1.722856e+01,2.807253e-17,1.354189e-16,1.354189e-18
1.723140e+01,2.774082e-17,1.346742e-16,1.346742e-18
1.723425e+01,2.794609e-17,1.345057e-16,1.345057e-18
1.723709e+01,2.786059e-17,1.341697e-16,1.341697e-18
1.723993e+01,2.793087e-17,1.324146e-16,1.324146e-18
1.724278e+01,2.798942e-17,1.313794e-16,1.313794e-18
1.724562e+01,2.812320e-17,1.318702e-16,1.318702e-18
1.724846e+01,2.769186e-17,1.313876e-16,1.313876e-18
1.725131e+01,2.810290e-17,1.301280e-16,1.301280e-18
1.725415e+01,2.774640e-17,1.297923e-16,1.297923e-18
1.725699e+01,2.784241e-17,1.314557e-16,1.314557e-18
1.725984e+01,2.827244e-17,1.336724e-16,1.336724e-18
1.726268e+01,2.794384e-17,1.342545e-16,1.342545e-18
1.726553e+01,2.805835e-17,1.334296e-16,1.334296e-18
1.726837e+01,2.777485e-17,1.330082e-16,1.330082e-18
1.727121e+01,2.834804e-17,1.339568e-16,1.339568e-18
1.727406e+01,2.837196e-17,1.360176e-16,1.360176e-18
1.727690e+01,2.892539e-17,1.373685e-16,1.373685e-18
1.727974e+01,2.818637e-17,1.373056e-16,1.373056e-18
1.728259e+01,2.929370e-17,1.373600e-16,1.373600e-18
1.728543e+01,2.823940e-17,1.381501e-16,1.381501e-18
1.728827e+01,2.855629e-17,1.414248e-16,1.414248e-18
1.729112e+01,2.876446e-17,1.460782e-16,1.460782e-18
1.729396e+01,2.907676e-17,1.498324e-16,1.498324e-18
1.729680e+01,2.857865e-17,1.526171e-16,1.526171e-18
1.729965e+01,2.846115e-17,1.563138e-16,1.563138e-18
1.730249e+01,2.912268e-17,1.598567e-16,1.598567e-18
1.730533e+01,2.883999e-17,1.627439e-16,1.627439e-18
1.730818e+01,2.896639e-17,1.656265e-16,1.656265e-18
1.731102e+01,2.855640e-17,1.687037e-16,1.687037e-18
1.731386e+01,2.879462e-17,1.715380e-16,1.715380e-18
1.731671e+01,2.842980e-17,1.747069e-16,1.747069e-18
1.731955e+01,2.896755e-17,1.798015e-16,1.798015e-18
1.732239e+01,2.870951e-17,1.841318e-16,1.841318e-18
1.732524e+01,2.871220e-17,1.854270e-16,1.854270e-18
1.732808e+01,2.891488e-17,1.856941e-16,1.856941e-18
1.733092e+01,2.913531e-17,1.878616e-16,1.878616e-18
1.733377e+01,2.861158e-17,1.890334e-16,1.890334e-18
1.733661e+01,2.913193e-17,1.869462e-16,1.869462e-18
1.733946e+01,2.902423e-17,1.853626e-16,1.853626e-18
1.734230e+01,2.857989e-17,1.859135e-16,1.859135e-18
1.734514e+01,2.885417e-17,1.846879e-16,1.846879e-18
1.734799e+01,2.855059e-17,1.804901e-16,1.804901e-18
1.735083e+01,2.869302e-17,1.766817e-16,1.766817e-18
1.735367e+01,2.835018e-17,1.757155e-16,1.757155e-18
1.735652e+01,2.840681e-17,1.766330e-16,1.766330e-18
1.735936e+01,2.848513e-17,1.766445e-16,1.766445e-18
1.736220e+01,2.870365e-17,1.734144e-16,1.734144e-18
1.736505e+01,2.826636e-17,1.687980e-16,1.687980e-18
1.736789e+01,2.796384e-17,1.669105e-16,1.669105e-18
1.737073e+01,2.783852e-17,1.668958e-16,1.668958e-18
1.737358e+01,2.790037e-17,1.657084e-16,1.657084e-18
1.737642e+01,2.806334e-17,1.641213e-16,1.641213e-18
1.737926e+01,2.829230e-17,1.620157e-16,1.620157e-18
1.738211e+01,2.802297e-17,1.569775e-16,1.569775e-18
1.738495e+01,2.775688e-17,1.504877e-16,1.504877e-18
1.738779e+01,2.750709e-17,1.457250e-16,1.457250e-18
1.739064e+01,2.730312e-17,1.430333e-16,1.430333e-18
1.739348e+01,2.745378e-17,1.417122e-16,1.417122e-18
1.739632e+01,2.741300e-17,1.403325e-16,1.403325e-18
1.739917e+01,2.701084e-17,1.363716e-16,1.363716e-18
1.740201e+01,2.749645e-17,1.303051e-16,1.303051e-18
1.740486e+01,2.709404e-17,1.258054e-16,1.258054e-18
1.740770e+01,2.704885e-17,1.243657e-16,1.243657e-18
1.741054e+01,2.720907e-17,1.223729e-16,1.223729e-18
1.741339e+01,2.691526e-17,1.182353e-16,1.182353e-18
1.741623e+01,2.694796e-17,1.148641e-16,1.148641e-18
1.741907e+01,2.677972e-17,1.133446e-16,1.133446e-18
1.742192e+01,2.654301e-17,1.119437e-16,1.119437e-18
1.742476e+01,2.666950e-17,1.090770e-16,1.090770e-18
1.742760e+01,2.677673e-17,1.058672e-16,1.058672e-18
1.743045e+01,2.614252e-17,1.038500e-16,1.038500e-18
1.743329e+01,2.632862e-17,1.023416e-16,1.023416e-18
1.743613e+01,2.607301e-17,1.014730e-16,1.014730e-18
1.743898e+01,2.643930e-17,1.012654e-16,1.012654e-18
1.744182e+01,2.686976e-17,1.009465e-16,1.009465e-18
1.744466e+01,2.656424e-17,1.018191e-16,1.018191e-18
1.744751e+01,2.681451e-17,1.029414e-16,1.029414e-18
1.745035e+01,2.692288e-17,1.035975e-16,1.035975e-18
1.745319e+01,2.653431e-17,1.048924e-16,1.048924e-18
1.745604e+01,2.678253e-17,1.064812e-16,1.064812e-18
1.745888e+01,2.701891e-17,1.079738e-16,1.079738e-18
1.746172e+01,2.691003e-17,1.109315e-16,1.109315e-18
1.746457e+01,2.699560e-17,1.153168e-16,1.153168e-18
1.746741e+01,2.755191e-17,1.193809e-16,1.193809e-18
1.747025e+01,2.730292e-17,1.217566e-16,1.217566e-18
1.747310e+01,2.770673e-17,1.238744e-16,1.238744e-18
1.747594e+01,2.757749e-17,1.266168e-16,1.266168e-18
1.747879e+01,2.771390e-17,1.299524e-16,1.299524e-18
1.748163e+01,2.765057e-17,1.334687e-16,1.334687e-18
1.748447e+01,2.769937e-17,1.376519e-16,1.376519e-18
1.748732e+01,2.789223e-17,1.414574e-16,1.414574e-18
1.749016e+01,2.765585e-17,1.440440e-16,1.440440e-18
1.749300e+01,2.749855e-17,1.449135e-16,1.449135e-18
1.749585e+01,2.733039e-17,1.464685e-16,1.464685e-18
1.749869e+01,2.815851e-17,1.500299e-16,1.500299e-18
1.750153e+01,2.816741e-17,1.529377e-16,1.529377e-18
1.750438e+01,2.809696e-17,1.535840e-16,1.535840e-18
1.750722e+01,2.784280e-17,1.536741e-16,1.536741e-18
1.751006e+01,2.803976e-17,1.535776e-16,1.535776e-18
1.751291e+01,2.806494e-17,1.524879e-16,1.524879e-18
1.751575e+01,2.756028e-17,1.515669e-16,1.515669e-18
1.751859e+01,2.760834e-17,1.502852e-16,1.502852e-18
1.752144e+01,2.701724e-17,1.476703e-16,1.476703e-18
1.752428e+01,2.772599e-17,1.466506e-16,1.466506e-18
1.752712e+01,2.774480e-17,1.473167e-16,1.473167e-18
1.752997e+01,2.746835e-17,1.462095e-16,1.462095e-18
1.753281e+01,2.745754e-17,1.430375e-16,1.430375e-18
1.753565e+01,2.776763e-17,1.404851e-16,1.404851e-18
1.753850e+01,2.783814e-17,1.389611e-16,1.389611e-18
1.754134e+01,2.780919e-17,1.378689e-16,1.378689e-18
1.754418e+01,2.752757e-17,1.365151e-16,1.365151e-18
1.754703e+01,2.735810e-17,1.344156e-16,1.344156e-18
1.754987e+01,2.754904e-17,1.319013e-16,1.319013e-18
1.755272e+01,2.738125e-17,1.301391e-16,1.301391e-18
1.755556e+01,2.719488e-17,1.286991e-16,1.286991e-18
1.755840e+01,2.718510e-17,1.279354e-16,1.279354e-18
1.756125e+01,2.765362e-17,1.264029e-16,1.264029e-18
1.756409e+01,2.687594e-17,1.242322e-16,1.242322e-18
1.756693e+01,2.714481e-17,1.237747e-16,1.237747e-18
1.756978e+01,2.703896e-17,1.242565e-16,1.242565e-18
1.757262e+01,2.686928e-17,1.234455e-16,1.234455e-18
1.757546e+01,2.688221e-17,1.220469e-16,1.220469e-18
1.757831e+01,2.671431e-17,1.206817e-16,1.206817e-18
1.758115e+01,2.672394e-17,1.200450e-16,1.200450e-18
1.758399e+01,2.729520e-17,1.201776e-16,1.201776e-18
1.758684e+01,2.700803e-17,1.193999e-16,1.193999e-18
1.758968e+01,2.692441e-17,1.172951e-16,1.172951e-18
1.759252e+01,2.640224e-17,1.151766e-16,1.151766e-18
1.759537e+01,2.642710e-17,1.121594e-16,1.121594e-18
1.759821e+01,2.672231e-17,1.084934e-16,1.084934e-18
1.760105e+01,2.660580e-17,1.066183e-16,1.066183e-18
1.760390e+01,2.625886e-17,1.057089e-16,1.057089e-18
1.760674e+01,2.676788e-17,1.042712e-16,1.042712e-18
1.760958e+01,2.630984e-17,1.025389e-16,1.025389e-18
1.761243e+01,2.622460e-17,1.005821e-16,1.005821e-18
1.761527e+01,2.605616e-17,9.762445e-17,9.762445e-19
1.761811e+01,2.603158e-17,9.549821e-17,9.549821e-19
1.762096e+01,2.568730e-17,9.362563e-17,9.362563e-19
1.762380e+01,2.591728e-17,9.094380e-17,9.094380e-19
1.762665e+01,2.538838e-17,8.885199e-17,8.885199e-19
1.762949e+01,2.586431e-17,8.863432e-17,8.863432e-19
1.763233e+01,2.557348e-17,8.759957e-17,8.759957e-19
1.763518e+01,2.526557e-17,8.523625e-17,8.523625e-19
1.763802e+01,2.558666e-17,8.367805e-17,8.367805e-19
1.764086e+01,2.584535e-17,8.443210e-17,8.443210e-19
1.764371e+01,2.583299e-17,8.646220e-17,8.646220e-19
1.764655e+01,2.563489e-17,8.748105e-17,8.748105e-19
1.764939e+01,2.571446e-17,8.740055e-17,8.740055e-19
1.765224e+01,2.580095e-17,8.746455e-17,8.746455e-19
1.765508e+01,2.566445e-17,8.847896e-17,8.847896e-19
1.765792e+01,2.521956e-17,8.994840e-17,8.994840e-19
1.766077e+01,2.599636e-17,9.023533e-17,9.023533e-19
1.766361e+01,2.607457e-17,8.945772e-17,8.945772e-19
1.766645e+01,2.556166e-17,8.841522e-17,8.841522e-19
1.766930e+01,2.577984e-17,8.830258e-17,8.830258e-19
1.767214e+01,2.538151e-17,8.874900e-17,8.874900e-19
1.767498e+01,2.584594e-17,8.792187e-17,8.792187e-19
1.767783e+01,2.574653e-17,8.583718e-17,8.583718e-19
1.768067e+01,2.560965e-17,8.450997e-17,8.450997e-19
1.768351e+01,2.532558e-17,8.272147e-17,8.272147e-19
1.768636e+01,2.547895e-17,8.060939e-17,8.060939e-19
1.768920e+01,2.542903e-17,8.102254e-17,8.102254e-19
1.769205e+01,2.534317e-17,8.280695e-17,8.280695e-19
1.769489e+01,2.553487e-17,8.166709e-17,8.166709e-19
1.769773e+01,2.476241e-17,7.999707e-17,7.999707e-19
1.770058e+01,2.525000e-17,8.203922e-17,8.203922e-19
1.770342e+01,2.544619e-17,8.543623e-17,8.543623e-19
1.770626e+01,2.559363e-17,8.778735e-17,8.778735e-19
1.770911e+01,2.519182e-17,8.861685e-17,8.861685e-19
1.771195e+01,2.526817e-17,8.908819e-17,8.908819e-19
1.771479e+01,2.553806e-17,9.161091e-17,9.161091e-19
1.771764e+01,2.541167e-17,9.603666e-17,9.603666e-19
1.772048e+01,2.565611e-17,1.005359e-16,1.005359e-18
1.772332e+01,2.572331e-17,1.043319e-16,1.043319e-18
1.772617e+01,2.574107e-17,1.068258e-16,1.068258e-18
1.772901e+01,2.568959e-17,1.096909e-16,1.096909e-18
1.773185e+01,2.608274e-17,1.155173e-16,1.155173e-18
1.773470e+01,2.582498e-17,1.205403e-16,1.205403e-18
1.773754e+01,2.613568e-17,1.217774e-16,1.217774e-18
1.774038e+01,2.588580e-17,1.231148e-16,1.231148e-18
1.774323e+01,2.629026e-17,1.271747e-16,1.271747e-18
1.774607e+01,2.635850e-17,1.326848e-16,1.326848e-18
1.774891e+01,2.627198e-17,1.375358e-16,1.375358e-18
1.775176e+01,2.630863e-17,1.399402e-16,1.399402e-18
1.775460e+01,2.624888e-17,1.404271e-16,1.404271e-18
1.775744e+01,2.638310e-17,1.426207e-16,1.426207e-18
1.776029e+01,2.680623e-17,1.480964e-16,1.480964e-18
1.776313e+01,2.655351e-17,1.523192e-16,1.523192e-18
1.776598e+01,2.681271e-17,1.520578e-16,1.520578e-18
1.776882e+01,2.676900e-17,1.511310e-16,1.511310e-18
1.777166e+01,2.713001e-17,1.540741e-16,1.540741e-18
1.777451e+01,2.691164e-17,1.581476e-16,1.581476e-18
1.777735e+01,2.685072e-17,1.583796e-16,1.583796e-18
1.778019e+01,2.690749e-17,1.555978e-16,1.555978e-18
1.778304e+01,2.681412e-17,1.541283e-16,1.541283e-18
1.778588e+01,2.710336e-17,1.551014e-16,1.551014e-18
1.778872e+01,2.702314e-17,1.562086e-16,1.562086e-18
1.779157e+01,2.728973e-17,1.547524e-16,1.547524e-18
1.779441e+01,2.690589e-17,1.505778e-16,1.505778e-18
1.779725e+01,2.675570e-17,1.481131e-16,1.481131e-18
1.780010e+01,2.699235e-17,1.487348e-16,1.487348e-18
1.780294e+01,2.716963e-17,1.492372e-16,1.492372e-18
1.780578e+01,2.723637e-17,1.479996e-16,1.479996e-18
1.780863e+01,2.722996e-17,1.460752e-16,1.460752e-18
1.781147e+01,2.763118e-17,1.451499e-16,1.451499e-18
1.781431e+01,2.709274e-17,1.448995e-16,1.448995e-18
1.781716e+01,2.732971e-17,1.442368e-16,1.442368e-18
1.782000e+01,2.712113e-17,1.425876e-16,1.425876e-18
1.782284e+01,2.739648e-17,1.412566e-16,1.412566e-18
1.782569e+01,2.693669e-17,1.410032e-16,1.410032e-18
1.782853e+01,2.758534e-17,1.409215e-16,1.409215e-18
1.783137e+01,2.721836e-17,1.396504e-16,1.396504e-18
1.783422e+01,2.669216e-17,1.387926e-16,1.387926e-18
1.783706e+01,2.692719e-17,1.398870e-16,1.398870e-18
1.783991e+01,2.682883e-17,1.404986e-16,1.404986e-18
1.784275e+01,2.710475e-17,1.402882e-16,1.402882e-18
1.784559e+01,2.718445e-17,1.414896e-16,1.414896e-18
1.784844e+01,2.703912e-17,1.432471e-16,1.432471e-18
1.785128e+01,2.699558e-17,1.426822e-16,1.426822e-18
1.785412e+01,2.710722e-17,1.404140e-16,1.404140e-18
1.785697e+01,2.674309e-17,1.382442e-16,1.382442e-18
1.785981e+01,2.710501e-17,1.376049e-16,1.376049e-18
1.786265e+01,2.654739e-17,1.377322e-16,1.377322e-18
1.786550e+01,2.653739e-17,1.360479e-16,1.360479e-18
1.786834e+01,2.678676e-17,1.330967e-16,1.330967e-18
1.787118e+01,2.650980e-17,1.313814e-16,1.313814e-18
1.787403e+01,2.625165e-17,1.301516e-16,1.301516e-18
1.787687e+01,2.636223e-17,1.286928e-16,1.286928e-18
1.787971e+01,2.668430e-17,1.281417e-16,1.281417e-18
1.788256e+01,2.648460e-17,1.281327e-16,1.281327e-18
1.788540e+01,2.633801e-17,1.276714e-16,1.276714e-18
1.788824e+01,2.623087e-17,1.272251e-16,1.272251e-18
1.789109e+01,2.609777e-17,1.270174e-16,1.270174e-18
1.789393e+01,2.681374e-17,1.265125e-16,1.265125e-18
1.789677e+01,2.637742e-17,1.259248e-16,1.259248e-18
1.789962e+01,2.596972e-17,1.260592e-16,1.260592e-18
1.790246e+01,2.627633e-17,1.267420e-16,1.267420e-18
1.790531e+01,2.644528e-17,1.274719e-16,1.274719e-18
1.790815e+01,2.653424e-17,1.280920e-16,1.280920e-18
1.791099e+01,2.662765e-17,1.280755e-16,1.280755e-18
1.791384e+01,2.634687e-17,1.280392e-16,1.280392e-18
1.791668e+01,2.638309e-17,1.299352e-16,1.299352e-18
1.791952e+01,2.642343e-17,1.338579e-16,1.338579e-18
1.792237e+01,2.716973e-17,1.377261e-16,1.377261e-18
1.792521e+01,2.703901e-17,1.388968e-16,1.388968e-18
1.792805e+01,2.699738e-17,1.383329e-16,1.383329e-18
1.793090e+01,2.659866e-17,1.388460e-16,1.388460e-18
1.793374e+01,2.677393e-17,1.406248e-16,1.406248e-18
1.793658e+01,2.689819e-17,1.403051e-16,1.403051e-18
1.793943e+01,2.670388e-17,1.391188e-16,1.391188e-18
1.794227e+01,2.722019e-17,1.390142e-16,1.390142e-18
1.794511e+01,2.681350e-17,1.385328e-16,1.385328e-18
1.794796e+01,2.684705e-17,1.378008e-16,1.378008e-18
1.795080e+01,2.671985e-17,1.382933e-16,1.382933e-18
1.795364e+01,2.708624e-17,1.394887e-16,1.394887e-18
1.795649e+01,2.706630e-17,1.388928e-16,1.388928e-18
1.795933e+01,2.712159e-17,1.363113e-16,1.363113e-18
1.796217e+01,2.689865e-17,1.339105e-16,1.339105e-18
1.796502e+01,2.657723e-17,1.329391e-16,1.329391e-18
1.796786e+01,2.673756e-17,1.321296e-16,1.321296e-18
1.797070e+01,2.649363e-17,1.304632e-16,1.304632e-18
1.797355e+01,2.653862e-17,1.292307e-16,1.292307e-18
1.797639e+01,2.659241e-17,1.291827e-16,1.291827e-18
1.797924e+01,2.637625e-17,1.288090e-16,1.288090e-18
1.798208e+01,2.624554e-17,1.267446e-16,1.267446e-18
1.798492e+01,2.605343e-17,1.236618e-16,1.236618e-18
1.798777e+01,2.609762e-17,1.205188e-16,1.205188e-18
1.799061e+01,2.560008e-17,1.175169e-16,1.175169e-18
1.799345e+01,2.592156e-17,1.165310e-16,1.165310e-18
1.799630e+01,2.579020e-17,1.165237e-16,1.165237e-18
1.799914e+01,2.544395e-17,1.148040e-16,1.148040e-18
1.800198e+01,2.535535e-17,1.118052e-16,1.118052e-18
1.800483e+01,2.539338e-17,1.105245e-16,1.105245e-18
1.800767e+01,2.547932e-17,1.110303e-16,1.110303e-18
1.801051e+01,2.568294e-17,1.117535e-16,1.117535e-18
1.801336e+01,2.532232e-17,1.092490e-16,1.092490e-18
1.801620e+01,2.516889e-17,1.030082e-16,1.030082e-18
1.801904e+01,2.519084e-17,9.830551e-17,9.830551e-19
1.802189e+01,2.503749e-17,9.789894e-17,9.789894e-19
1.802473e+01,2.459522e-17,9.775333e-17,9.775333e-19
1.802757e+01,2.460660e-17,9.531015e-17,9.531015e-19
1.803042e+01,2.474571e-17,9.289585e-17,9.289585e-19
1.803326e+01,2.515575e-17,9.156861e-17,9.156861e-19
1.803610e+01,2.470912e-17,9.005968e-17,9.005968e-19
1.803895e+01,2.483988e-17,8.828525e-17,8.828525e-19
1.804179e+01,2.504197e-17,8.779505e-17,8.779505e-19
1.804463e+01,2.465993e-17,8.756428e-17,8.756428e-19
1.804748e+01,2.488358e-17,8.690827e-17,8.690827e-19
1.805032e+01,2.460901e-17,8.588011e-17,8.588011e-19
1.805317e+01,2.482553e-17,8.517803e-17,8.517803e-19
1.805601e+01,2.469433e-17,8.588950e-17,8.588950e-19
1.805885e+01,2.478977e-17,8.633886e-17,8.633886e-19
1.806170e+01,2.477937e-17,8.554248e-17,8.554248e-19
1.806454e+01,2.468996e-17,8.560685e-17,8.560685e-19
1.806738e+01,2.469333e-17,8.718900e-17,8.718900e-19
1.807023e+01,2.516162e-17,8.821695e-17,8.821695e-19
1.807307e+01,2.469944e-17,8.862068e-17,8.862068e-19
1.807591e+01,2.520898e-17,9.048554e-17,9.048554e-19
1.807876e+01,2.492069e-17,9.313530e-17,9.313530e-19
1.808160e+01,2.478341e-17,9.537237e-17,9.537237e-19
1.808444e+01,2.485541e-17,9.730020e-17,9.730020e-19
1.808729e+01,2.512226e-17,9.908108e-17,9.908108e-19
1.809013e+01,2.503455e-17,1.013934e-16,1.013934e-18
1.809297e+01,2.492446e-17,1.045648e-16,1.045648e-18
1.809582e+01,2.528285e-17,1.069719e-16,1.069719e-18
1.809866e+01,2.515064e-17,1.078685e-16,1.078685e-18
1.810150e+01,2.490906e-17,1.090863e-16,1.090863e-18
1.810435e+01,2.502826e-17,1.105828e-16,1.105828e-18
1.810719e+01,2.505725e-17,1.107303e-16,1.107303e-18
1.811003e+01,2.559515e-17,1.092886e-16,1.092886e-18
1.811288e+01,2.478413e-17,1.079854e-16,1.079854e-18
1.811572e+01,2.547517e-17,1.075985e-16,1.075985e-18
1.811857e+01,2.530950e-17,1.072736e-16,1.072736e-18
1.812141e+01,2.546910e-17,1.076183e-16,1.076183e-18
1.812425e+01,2.480922e-17,1.072621e-16,1.072621e-18
1.812710e+01,2.528551e-17,1.060282e-16,1.060282e-18
1.812994e+01,2.513634e-17,1.053467e-16,1.053467e-18
1.813278e+01,2.544045e-17,1.043355e-16,1.043355e-18
1.813563e+01,2.502245e-17,1.026802e-16,1.026802e-18
1.813847e+01,2.551889e-17,1.022713e-16,1.022713e-18
1.814131e+01,2.556869e-17,1.024481e-16,1.024481e-18
1.814416e+01,2.524735e-17,1.033307e-16,1.033307e-18
1.814700e+01,2.513968e-17,1.046174e-16,1.046174e-18
1.814984e+01,2.523533e-17,1.063552e-16,1.063552e-18
1.815269e+01,2.513802e-17,1.080172e-16,1.080172e-18
1.815553e+01,2.523465e-17,1.093785e-16,1.093785e-18
1.815837e+01,2.532278e-17,1.106617e-16,1.106617e-18
1.816122e+01,2.541496e-17,1.123729e-16,1.123729e-18
1.816406e+01,2.605103e-17,1.139119e-16,1.139119e-18
1.816690e+01,2.595421e-17,1.144403e-16,1.144403e-18
1.816975e+01,2.577241e-17,1.157430e-16,1.157430e-18
1.817259e+01,2.559934e-17,1.191640e-16,1.191640e-18
1.817543e+01,2.619981e-17,1.229122e-16,1.229122e-18
1.817828e+01,2.609586e-17,1.250285e-16,1.250285e-18
1.818112e+01,2.595814e-17,1.268154e-16,1.268154e-18
1.818396e+01,2.602740e-17,1.282437e-16,1.282437e-18
1.818681e+01,2.613970e-17,1.292668e-16,1.292668e-18
1.818965e+01,2.642941e-17,1.318436e-16,1.318436e-18
1.819250e+01,2.645596e-17,1.355057e-16,1.355057e-18
1.819534e+01,2.627505e-17,1.374309e-16,1.374309e-18
1.819818e+01,2.595256e-17,1.385977e-16,1.385977e-18
1.820103e+01,2.631787e-17,1.410475e-16,1.410475e-18
1.820387e+01,2.642734e-17,1.424885e-16,1.424885e-18
1.820671e+01,2.645021e-17,1.412091e-16,1.412091e-18
1.820956e+01,2.651409e-17,1.393456e-16,1.393456e-18
1.821240e+01,2.675851e-17,1.383149e-16,1.383149e-18
1.821524e+01,2.649171e-17,1.380566e-16,1.380566e-18
1.821809e+01,2.659710e-17,1.379290e-16,1.379290e-18
1.822093e+01,2.652902e-17,1.374113e-16,1.374113e-18
1.822377e+01,2.652546e-17,1.374609e-16,1.374609e-18
1.822662e+01,2.593898e-17,1.375582e-16,1.375582e-18
1.822946e+01,2.657628e-17,1.362020e-16,1.362020e-18
1.823230e+01,2.661100e-17,1.338124e-16,1.338124e-18
1.823515e+01,2.638491e-17,1.332351e-16,1.332351e-18
1.823799e+01,2.611730e-17,1.340158e-16,1.340158e-18
1.824083e+01,2.609005e-17,1.323120e-16,1.323120e-18
1.824368e+01,2.638886e-17,1.286035e-16,1.286035e-18
1.824652e+01,2.580566e-17,1.266823e-16,1.266823e-18
1.824936e+01,2.647093e-17,1.262981e-16,1.262981e-18
1.825221e+01,2.629608e-17,1.248420e-16,1.248420e-18
1.825505e+01,2.629426e-17,1.232555e-16,1.232555e-18
1.825789e+01,2.578960e-17,1.222790e-16,1.222790e-18
1.826074e+01,2.588309e-17,1.206707e-16,1.206707e-18
1.826358e+01,2.598638e-17,1.185722e-16,1.185722e-18
1.826643e+01,2.543916e-17,1.172813e-16,1.172813e-18
1.826927e+01,2.582598e-17,1.162056e-16,1.162056e-18
1.827211e+01,2.534312e-17,1.145926e-16,1.145926e-18
1.827496e+01,2.601257e-17,1.131566e-16,1.131566e-18
1.827780e+01,2.563656e-17,1.123808e-16,1.123808e-18
1.828064e+01,2.539762e-17,1.119166e-16,1.119166e-18
1.828349e+01,2.550403e-17,1.106045e-16,1.106045e-18
1.828633e+01,2.529950e-17,1.089351e-16,1.089351e-18
1.828917e+01,2.514977e-17,1.084521e-16,1.084521e-18
1.829202e+01,2.478843e-17,1.078582e-16,1.078582e-18
1.829486e+01,2.460944e-17,1.062285e-16,1.062285e-18
1.829770e+01,2.456354e-17,1.048706e-16,1.048706e-18
1.830055e+01,2.464201e-17,1.049943e-16,1.049943e-18
1.830339e+01,2.461542e-17,1.058385e-16,1.058385e-18
1.830623e+01,2.459814e-17,1.063183e-16,1.063183e-18
1.830908e+01,2.460630e-17,1.053218e-16,1.053218e-18
1.831192e+01,2.472177e-17,1.048296e-16,1.048296e-18
1.831476e+01,2.487121e-17,1.056585e-16,1.056585e-18
1.831761e+01,2.503565e-17,1.069351e-16,1.069351e-18
1.832045e+01,2.453028e-17,1.080507e-16,1.080507e-18
1.832329e+01,2.519045e-17,1.094953e-16,1.094953e-18
1.832614e+01,2.462889e-17,1.105081e-16,1.105081e-18
1.832898e+01,2.531729e-17,1.122580e-16,1.122580e-18
1.833182e+01,2.460543e-17,1.135013e-16,1.135013e-18
1.833467e+01,2.507533e-17,1.143228e-16,1.143228e-18
1.833751e+01,2.541728e-17,1.154559e-16,1.154559e-18
1.834036e+01,2.534192e-17,1.168542e-16,1.168542e-18
1.834320e+01,2.548939e-17,1.177938e-16,1.177938e-18
1.834604e+01,2.540747e-17,1.183127e-16,1.183127e-18
1.834889e+01,2.536899e-17,1.197538e-16,1.197538e-18
1.835173e+01,2.516989e-17,1.220946e-16,1.220946e-18
1.835457e+01,2.581542e-17,1.229849e-16,1.229849e-18
1.835742e+01,2.548381e-17,1.224477e-16,1.224477e-18
1.836026e+01,2.489599e-17,1.228478e-16,1.228478e-18
1.836310e+01,2.500648e-17,1.240575e-16,1.240575e-18
1.836595e+01,2.584158e-17,1.246505e-16,1.246505e-18
1.836879e+01,2.509933e-17,1.242922e-16,1.242922e-18
1.837163e+01,2.544190e-17,1.250016e-16,1.250016e-18
1.837448e+01,2.542566e-17,1.262750e-16,1.262750e-18
1.837732e+01,2.540829e-17,1.264126e-16,1.264126e-18
1.838016e+01,2.540775e-17,1.252960e-16,1.252960e-18
1.838301e+01,2.554097e-17,1.251832e-16,1.251832e-18
1.838585e+01,2.507536e-17,1.262068e-16,1.262068e-18
1.838869e+01,2.502457e-17,1.271302e-16,1.271302e-18
1.839154e+01,2.501985e-17,1.274810e-16,1.274810e-18
1.839438e+01,2.545308e-17,1.267592e-16,1.267592e-18
1.839722e+01,2.467029e-17,1.254071e-16,1.254071e-18
1.840007e+01,2.520024e-17,1.262954e-16,1.262954e-18
1.840291e+01,2.474529e-17,1.287997e-16,1.287997e-18
1.840576e+01,2.522774e-17,1.300659e-16,1.300659e-18
1.840860e+01,2.536019e-17,1.299970e-16,1.299970e-18
1.841144e+01,2.535307e-17,1.309157e-16,1.309157e-18
1.841429e+01,2.524442e-17,1.323222e-16,1.323222e-18
1.841713e+01,2.554044e-17,1.333063e-16,1.333063e-18
1.841997e+01,2.501567e-17,1.338320e-16,1.338320e-18
1.842282e+01,2.522881e-17,1.340759e-16,1.340759e-18
1.842566e+01,2.536868e-17,1.338647e-16,1.338647e-18
1.842850e+01,2.539191e-17,1.342917e-16,1.342917e-18
1.843135e+01,2.530114e-17,1.345136e-16,1.345136e-18
1.843419e+01,2.533129e-17,1.339703e-16,1.339703e-18
1.843703e+01,2.535451e-17,1.335708e-16,1.335708e-18
1.843988e+01,2.539060e-17,1.328209e-16,1.328209e-18
1.844272e+01,2.524884e-17,1.310442e-16,1.310442e-18
1.844556e+01,2.540121e-17,1.291673e-16,1.291673e-18
1.844841e+01,2.543719e-17,1.278359e-16,1.278359e-18
1.845125e+01,2.504109e-17,1.268517e-16,1.268517e-18
1.845409e+01,2.510106e-17,1.248888e-16,1.248888e-18
1.845694e+01,2.548229e-17,1.221748e-16,1.221748e-18
1.845978e+01,2.537453e-17,1.202722e-16,1.202722e-18
1.846262e+01,2.487579e-17,1.192115e-16,1.192115e-18
1.846547e+01,2.537557e-17,1.185430e-16,1.185430e-18
1.846831e+01,2.455373e-17,1.172024e-16,1.172024e-18
1.847115e+01,2.473740e-17,1.151082e-16,1.151082e-18
1.847400e+01,2.481938e-17,1.125867e-16,1.125867e-18
1.847684e+01,2.480430e-17,1.100210e-16,1.100210e-18
1.847969e+01,2.476188e-17,1.083205e-16,1.083205e-18
1.848253e+01,2.458122e-17,1.075846e-16,1.075846e-18
1.848537e+01,2.433073e-17,1.073753e-16,1.073753e-18
1.848822e+01,2.461899e-17,1.068048e-16,1.068048e-18
1.849106e+01,2.441339e-17,1.058078e-16,1.058078e-18
1.849390e+01,2.444648e-17,1.052084e-16,1.052084e-18
1.849675e+01,2.423936e-17,1.054034e-16,1.054034e-18
1.849959e+01,2.407368e-17,1.048816e-16,1.048816e-18
1.850243e+01,2.418998e-17,1.021965e-16,1.021965e-18
1.850528e+01,2.429138e-17,9.895312e-17,9.895312e-19
1.850812e+01,2.437661e-17,9.791649e-17,9.791649e-19
1.851096e+01,2.464663e-17,9.817131e-17,9.817131e-19
1.851381e+01,2.436896e-17,9.792865e-17,9.792865e-19
1.851665e+01,2.456590e-17,9.664984e-17,9.664984e-19
1.851949e+01,2.408400e-17,9.455415e-17,9.455415e-19
1.852234e+01,2.408137e-17,9.335855e-17,9.335855e-19
1.852518e+01,2.407733e-17,9.283072e-17,9.283072e-19
1.852802e+01,2.426985e-17,9.265898e-17,9.265898e-19
1.853087e+01,2.398140e-17,9.245849e-17,9.245849e-19
1.853371e+01,2.427031e-17,9.199982e-17,9.199982e-19
1.853655e+01,2.407097e-17,9.078619e-17,9.078619e-19
1.853940e+01,2.404925e-17,8.977894e-17,8.977894e-19
1.854224e+01,2.419130e-17,8.953292e-17,8.953292e-19
1.854508e+01,2.428122e-17,9.001246e-17,9.001246e-19
1.854793e+01,2.421273e-17,8.982573e-17,8.982573e-19
1.855077e+01,2.428803e-17,8.899432e-17,8.899432e-19
1.855362e+01,2.379498e-17,8.845445e-17,8.845445e-19
1.855646e+01,2.426740e-17,8.889444e-17,8.889444e-19
1.855930e+01,2.372181e-17,8.941407e-17,8.941407e-19
1.856215e+01,2.436500e-17,8.900749e-17,8.900749e-19
1.856499e+01,2.377395e-17,8.708119e-17,8.708119e-19
1.856783e+01,2.426873e-17,8.605828e-17,8.605828e-19
1.857068e+01,2.397484e-17,8.546886e-17,8.546886e-19
1.857352e+01,2.365622e-17,8.470463e-17,8.470463e-19
1.857636e+01,2.368000e-17,8.453646e-17,8.453646e-19
1.857921e+01,2.362688e-17,8.526759e-17,8.526759e-19
1.858205e+01,2.377487e-17,8.676113e-17,8.676113e-19
1.858489e+01,2.389500e-17,8.893041e-17,8.893041e-19
1.858774e+01,2.378062e-17,9.050527e-17,9.050527e-19
1.859058e+01,2.407528e-17,9.083066e-17,9.083066e-19
1.859342e+01,2.403529e-17,9.142169e-17,9.142169e-19
1.859627e+01,2.402119e-17,9.350781e-17,9.350781e-19
1.859911e+01,2.389361e-17,9.559168e-17,9.559168e-19
1.860195e+01,2.375074e-17,9.676363e-17,9.676363e-19
1.860480e+01,2.417817e-17,9.801596e-17,9.801596e-19
1.860764e+01,2.415218e-17,9.961156e-17,9.961156e-19
1.861048e+01,2.416384e-17,1.016472e-16,1.016472e-18
1.861333e+01,2.432632e-17,1.047366e-16,1.047366e-18
1.861617e+01,2.426474e-17,1.065758e-16,1.065758e-18
1.861902e+01,2.427266e-17,1.067591e-16,1.067591e-18
1.862186e+01,2.426849e-17,1.080743e-16,1.080743e-18
1.862470e+01,2.424424e-17,1.107638e-16,1.107638e-18
1.862755e+01,2.424225e-17,1.127164e-16,1.127164e-18
1.863039e+01,2.447957e-17,1.137160e-16,1.137160e-18
1.863323e+01,2.488023e-17,1.146787e-16,1.146787e-18
1.863608e+01,2.439917e-17,1.142992e-16,1.142992e-18
1.863892e+01,2.467482e-17,1.127265e-16,1.127265e-18
1.864176e+01,2.437877e-17,1.111417e-16,1.111417e-18
1.864461e+01,2.453716e-17,1.104750e-16,1.104750e-18
1.864745e+01,2.405569e-17,1.105848e-16,1.105848e-18
1.865029e+01,2.409853e-17,1.101517e-16,1.101517e-18
1.865314e+01,2.450710e-17,1.076173e-16,1.076173e-18
1.865598e+01,2.416946e-17,1.030637e-16,1.030637e-18
1.865882e+01,2.386803e-17,9.861067e-17,9.861067e-19
1.866167e+01,2.412811e-17,9.613336e-17,9.613336e-19
1.866451e+01,2.387831e-17,9.456147e-17,9.456147e-19
1.866735e+01,2.404967e-17,9.206300e-17,9.206300e-19
1.867020e+01,2.385460e-17,8.850563e-17,8.850563e-19
1.867304e+01,2.361710e-17,8.565892e-17,8.565892e-19
1.867588e+01,2.392725e-17,8.488027e-17,8.488027e-19
1.867873e+01,2.370431e-17,8.575563e-17,8.575563e-19
1.868157e+01,2.384622e-17,8.653705e-17,8.653705e-19
1.868441e+01,2.385801e-17,8.618624e-17,8.618624e-19
1.868726e+01,2.340526e-17,8.601391e-17,8.601391e-19
1.869010e+01,2.361539e-17,8.774791e-17,8.774791e-19
1.869295e+01,2.363561e-17,9.050140e-17,9.050140e-19
1.869579e+01,2.383427e-17,9.269892e-17,9.269892e-19
1.869863e+01,2.383743e-17,9.422314e-17,9.422314e-19
1.870148e+01,2.321330e-17,9.648632e-17,9.648632e-19
1.870432e+01,2.393438e-17,9.926834e-17,9.926834e-19
1.870716e+01,2.366712e-17,1.014889e-16,1.014889e-18
1.871001e+01,2.389438e-17,1.033694e-16,1.033694e-18
1.871285e+01,2.366012e-17,1.056043e-16,1.056043e-18
1.871569e+01,2.382812e-17,1.080366e-16,1.080366e-18
1.871854e+01,2.387356e-17,1.098674e-16,1.098674e-18
1.872138e+01,2.405931e-17,1.110743e-16,1.110743e-18
1.872422e+01,2.376267e-17,1.107904e-16,1.107904e-18
1.872707e+01,2.346043e-17,1.085627e-16,1.085627e-18
1.872991e+01,2.386411e-17,1.063805e-16,1.063805e-18
1.873275e+01,2.347505e-17,1.053788e-16,1.053788e-18
1.873560e+01,2.413746e-17,1.056054e-16,1.056054e-18
1.873844e+01,2.405956e-17,1.061401e-16,1.061401e-18
1.874128e+01,2.401945e-17,1.062418e-16,1.062418e-18
1.874413e+01,2.378213e-17,1.058958e-16,1.058958e-18
1.874697e+01,2.384043e-17,1.056131e-16,1.056131e-18
1.874981e+01,2.405382e-17,1.058123e-16,1.058123e-18
1.875266e+01,2.399598e-17,1.071823e-16,1.071823e-18
1.875550e+01,2.412890e-17,1.088644e-16,1.088644e-18
1.875834e+01,2.384287e-17,1.107813e-16,1.107813e-18
1.876119e+01,2.405000e-17,1.136223e-16,1.136223e-18
1.876403e+01,2.393144e-17,1.166111e-16,1.166111e-18
1.876688e+01,2.442321e-17,1.189921e-16,1.189921e-18
1.876972e+01,2.442626e-17,1.206624e-16,1.206624e-18
1.877256e+01,2.445779e-17,1.227393e-16,1.227393e-18
1.877541e+01,2.419188e-17,1.256186e-16,1.256186e-18
1.877825e+01,2.444678e-17,1.284021e-16,1.284021e-18
1.878109e+01,2.442667e-17,1.305415e-16,1.305415e-18
1.878394e+01,2.426384e-17,1.320033e-16,1.320033e-18
1.878678e+01,2.462444e-17,1.330907e-16,1.330907e-18
1.878962e+01,2.428308e-17,1.347861e-16,1.347861e-18
1.879247e+01,2.465894e-17,1.368905e-16,1.368905e-18
1.879531e+01,2.471958e-17,1.386824e-16,1.386824e-18
1.879815e+01,2.448259e-17,1.404867e-16,1.404867e-18
1.880100e+01,2.484448e-17,1.422069e-16,1.422069e-18
1.880384e+01,2.469562e-17,1.427238e-16,1.427238e-18
1.880668e+01,2.452600e-17,1.423686e-16,1.423686e-18
1.880953e+01,2.496300e-17,1.425394e-16,1.425394e-18
1.881237e+01,2.470501e-17,1.426743e-16,1.426743e-18
1.881521e+01,2.480546e-17,1.429161e-16,1.429161e-18
1.881806e+01,2.487320e-17,1.426676e-16,1.426676e-18
1.882090e+01,2.483806e-17,1.413302e-16,1.413302e-18
1.882374e+01,2.437718e-17,1.402113e-16,1.402113e-18
1.882659e+01,2.460397e-17,1.411683e-16,1.411683e-18
1.882943e+01,2.465080e-17,1.419183e-16,1.419183e-18
1.883227e+01,2.496274e-17,1.401530e-16,1.401530e-18
1.883512e+01,2.489908e-17,1.379395e-16,1.379395e-18
1.883796e+01,2.504897e-17,1.363394e-16,1.363394e-18
1.884081e+01,2.459515e-17,1.347922e-16,1.347922e-18
1.884365e+01,2.488910e-17,1.336398e-16,1.336398e-18
1.884649e+01,2.458839e-17,1.327004e-16,1.327004e-18
1.884934e+01,2.477585e-17,1.315162e-16,1.315162e-18
1.885218e+01,2.465074e-17,1.299469e-16,1.299469e-18
1.885502e+01,2.437752e-17,1.278788e-16,1.278788e-18
1.885787e+01,2.486468e-17,1.265911e-16,1.265911e-18
1.886071e+01,2.458110e-17,1.264883e-16,1.264883e-18
1.886355e+01,2.482441e-17,1.260924e-16,1.260924e-18
1.886640e+01,2.498154e-17,1.242504e-16,1.242504e-18
1.886924e+01,2.474566e-17,1.222641e-16,1.222641e-18
1.887208e+01,2.435810e-17,1.210027e-16,1.210027e-18
1.887493e+01,2.426730e-17,1.211236e-16,1.211236e-18
1.887777e+01,2.448327e-17,1.219388e-16,1.219388e-18
1.888061e+01,2.430902e-17,1.215020e-16,1.215020e-18
1.888346e+01,2.436590e-17,1.189590e-16,1.189590e-18
1.888630e+01,2.474960e-17,1.157857e-16,1.157857e-18
1.888914e+01,2.438529e-17,1.140862e-16,1.140862e-18
1.889199e+01,2.455377e-17,1.144238e-16,1.144238e-18
1.889483e+01,2.456645e-17,1.147431e-16,1.147431e-18
1.889767e+01,2.451013e-17,1.139651e-16,1.139651e-18
1.890052e+01,2.434890e-17,1.126324e-16,1.126324e-18
1.890336e+01,2.453076e-17,1.106484e-16,1.106484e-18
1.890621e+01,2.427889e-17,1.081285e-16,1.081285e-18
1.890905e+01,2.410207e-17,1.065415e-16,1.065415e-18
1.891189e+01,2.430720e-17,1.070597e-16,1.070597e-18
1.891474e+01,2.410880e-17,1.079364e-16,1.079364e-18
1.891758e+01,2.406216e-17,1.071755e-16,1.071755e-18
1.892042e+01,2.431736e-17,1.049436e-16,1.049436e-18
1.892327e+01,2.360139e-17,1.024001e-16,1.024001e-18
1.892611e+01,2.353008e-17,1.012305e-16,1.012305e-18
1.892895e+01,2.421306e-17,1.013862e-16,1.013862e-18
1.893180e+01,2.378202e-17,1.013128e-16,1.013128e-18
1.893464e+01,2.384908e-17,1.001906e-16,1.001906e-18
1.893748e+01,2.409013e-17,9.944521e-17,9.944521e-19
1.894033e+01,2.406672e-17,9.923631e-17,9.923631e-19
1.894317e+01,2.401902e-17,9.945426e-17,9.945426e-19
1.894601e+01,2.366838e-17,1.005443e-16,1.005443e-18
1.894886e+01,2.416007e-17,1.012438e-16,1.012438e-18
1.895170e+01,2.403471e-17,9.963255e-17,9.963255e-19
1.895454e+01,2.342555e-17,9.694650e-17,9.694650e-19
1.895739e+01,2.378786e-17,9.554480e-17,9.554480e-19
1.896023e+01,2.378321e-17,9.638367e-17,9.638367e-19
1.896307e+01,2.368579e-17,9.837713e-17,9.837713e-19
1.896592e+01,2.351680e-17,9.938473e-17,9.938473e-19
1.896876e+01,2.384934e-17,9.908079e-17,9.908079e-19
1.897160e+01,2.372947e-17,9.890727e-17,9.890727e-19
1.897445e+01,2.375328e-17,9.978502e-17,9.978502e-19
1.897729e+01,2.329944e-17,1.006973e-16,1.006973e-18
1.898014e+01,2.385248e-17,1.013013e-16,1.013013e-18
1.898298e+01,2.377102e-17,1.024847e-16,1.024847e-18
1.898582e+01,2.396462e-17,1.039880e-16,1.039880e-18
1.898867e+01,2.394013e-17,1.055507e-16,1.055507e-18
1.899151e+01,2.364509e-17,1.075847e-16,1.075847e-18
1.899435e+01,2.397748e-17,1.090239e-16,1.090239e-18
1.899720e+01,2.406630e-17,1.089884e-16,1.089884e-18
1.900004e+01,2.369798e-17,1.083412e-16,1.083412e-18
1.900288e+01,2.427937e-17,1.085979e-16,1.085979e-18
1.900573e+01,2.444217e-17,1.101549e-16,1.101549e-18
1.900857e+01,2.457998e-17,1.117214e-16,1.117214e-18
1.901141e+01,2.454190e-17,1.116457e-16,1.116457e-18
1.901426e+01,2.442525e-17,1.106797e-16,1.106797e-18
1.901710e+01,2.460933e-17,1.104694e-16,1.104694e-18
1.901994e+01,2.466310e-17,1.114819e-16,1.114819e-18
1.902279e+01,2.391758e-17,1.129121e-16,1.129121e-18
1.902563e+01,2.419370e-17,1.133950e-16,1.133950e-18
1.902847e+01,2.446526e-17,1.121942e-16,1.121942e-18
1.903132e+01,2.439473e-17,1.113611e-16,1.113611e-18
1.903416e+01,2.406225e-17,1.120386e-16,1.120386e-18
1.903700e+01,2.417788e-17,1.132481e-16,1.132481e-18
1.903985e+01,2.439958e-17,1.126950e-16,1.126950e-18
1.904269e+01,2.408772e-17,1.098323e-16,1.098323e-18
1.904553e+01,2.406936e-17,1.073431e-16,1.073431e-18
1.904838e+01,2.373799e-17,1.066424e-16,1.066424e-18
1.905122e+01,2.394047e-17,1.066430e-16,1.066430e-18
1.905407e+01,2.372339e-17,1.053242e-16,1.053242e-18
1.905691e+01,2.367650e-17,1.035113e-16,1.035113e-18
1.905975e+01,2.345310e-17,1.023215e-16,1.023215e-18
1.906260e+01,2.381085e-17,1.020619e-16,1.020619e-18
1.906544e+01,2.361393e-17,1.014122e-16,1.014122e-18
1.906828e+01,2.403534e-17,1.007659e-16,1.007659e-18
1.907113e+01,2.376424e-17,9.979964e-17,9.979964e-19
1.907397e+01,2.345919e-17,9.848530e-17,9.848530e-19
1.907681e+01,2.369249e-17,9.735543e-17,9.735543e-19
1.907966e+01,2.340209e-17,9.604855e-17,9.604855e-19
1.908250e+01,2.297421e-17,9.430974e-17,9.430974e-19
1.908534e+01,2.278276e-17,9.303148e-17,9.303148e-19
1.908819e+01,2.299700e-17,9.307012e-17,9.307012e-19
1.909103e+01,2.311045e-17,9.301353e-17,9.301353e-19
1.909387e+01,2.316012e-17,9.220752e-17,9.220752e-19
1.909672e+01,2.316523e-17,9.097043e-17,9.097043e-19
1.909956e+01,2.284318e-17,8.986955e-17,8.986955e-19
1.910240e+01,2.290864e-17,8.936941e-17,8.936941e-19
1.910525e+01,2.332702e-17,8.955876e-17,8.955876e-19
1.910809e+01,2.286592e-17,8.928538e-17,8.928538e-19
1.911093e+01,2.316878e-17,8.882712e-17,8.882712e-19
1.911378e+01,2.334672e-17,8.933812e-17,8.933812e-19
1.911662e+01,2.326979e-17,9.063862e-17,9.063862e-19
1.911947e+01,2.283198e-17,9.150279e-17,9.150279e-19
1.912231e+01,2.319369e-17,9.216175e-17,9.216175e-19
1.912515e+01,2.351811e-17,9.320628e-17,9.320628e-19
1.912800e+01,2.335102e-17,9.447071e-17,9.447071e-19
1.913084e+01,2.341531e-17,9.601033e-17,9.601033e-19
1.913368e+01,2.318535e-17,9.777774e-17,9.777774e-19
1.913653e+01,2.336463e-17,1.001814e-16,1.001814e-18
1.913937e+01,2.324154e-17,1.012941e-16,1.012941e-18
1.914221e+01,2.338289e-17,1.016640e-16,1.016640e-18
1.914506e+01,2.331091e-17,1.022314e-16,1.022314e-18
1.914790e+01,2.344470e-17,1.031321e-16,1.031321e-18
1.915074e+01,2.334849e-17,1.033615e-16,1.033615e-18
1.915359e+01,2.359168e-17,1.029447e-16,1.029447e-18
1.915643e+01,2.354821e-17,1.018383e-16,1.018383e-18
1.915927e+01,2.348054e-17,9.993118e-17,9.993118e-19
1.916212e+01,2.372954e-17,9.786263e-17,9.786263e-19
1.916496e+01,2.350183e-17,9.544403e-17,9.544403e-19
1.916780e+01,2.376039e-17,9.375013e-17,9.375013e-19
1.917065e+01,2.338940e-17,9.242360e-17,9.242360e-19
1.917349e+01,2.308363e-17,9.091344e-17,9.091344e-19
1.917633e+01,2.272356e-17,8.863257e-17,8.863257e-19
1.917918e+01,2.277427e-17,8.609511e-17,8.609511e-19
1.918202e+01,2.287364e-17,8.412072e-17,8.412072e-19
1.918486e+01,2.287233e-17,8.288738e-17,8.288738e-19
1.918771e+01,2.295416e-17,8.208079e-17,8.208079e-19
1.919055e+01,2.288308e-17,8.158212e-17,8.158212e-19
1.919340e+01,2.282665e-17,8.140399e-17,8.140399e-19
1.919624e+01,2.293709e-17,8.231841e-17,8.231841e-19
1.919908e+01,2.284380e-17,8.398052e-17,8.398052e-19
1.920193e+01,2.274267e-17,8.408657e-17,8.408657e-19
1.920477e+01,2.266342e-17,8.302141e-17,8.302141e-19
1.920761e+01,2.251613e-17,8.428105e-17,8.428105e-19
1.921046e+01,2.292230e-17,8.739884e-17,8.739884e-19
1.921330e+01,2.224838e-17,8.936769e-17,8.936769e-19
1.921614e+01,2.233635e-17,9.158241e-17,9.158241e-19
1.921899e+01,2.272874e-17,9.524135e-17,9.524135e-19
1.922183e+01,2.262816e-17,9.683914e-17,9.683914e-19
1.922467e+01,2.236658e-17,9.526399e-17,9.526399e-19
1.922752e+01,2.228998e-17,9.481664e-17,9.481664e-19
1.923036e+01,2.229625e-17,9.725339e-17,9.725339e-19
1.923320e+01,2.221301e-17,9.962942e-17,9.962942e-19
1.923605e+01,2.264065e-17,1.002150e-16,1.002150e-18
1.923889e+01,2.227387e-17,1.014805e-16,1.014805e-18
1.924173e+01,2.244505e-17,1.054720e-16,1.054720e-18
1.924458e+01,2.277635e-17,1.100234e-16,1.100234e-18
1.924742e+01,2.255415e-17,1.120125e-16,1.120125e-18
1.925026e+01,2.288268e-17,1.121905e-16,1.121905e-18
1.925311e+01,2.271553e-17,1.114588e-16,1.114588e-18
1.925595e+01,2.314718e-17,1.115786e-16,1.115786e-18
1.925879e+01,2.273921e-17,1.135000e-16,1.135000e-18
1.926164e+01,2.297337e-17,1.142581e-16,1.142581e-18
1.926448e+01,2.307934e-17,1.137178e-16,1.137178e-18
1.926733e+01,2.319149e-17,1.142641e-16,1.142641e-18
1.927017e+01,2.326343e-17,1.148329e-16,1.148329e-18
1.927301e+01,2.309527e-17,1.142167e-16,1.142167e-18
1.927586e+01,2.300634e-17,1.143210e-16,1.143210e-18
1.927870e+01,2.273689e-17,1.140128e-16,1.140128e-18
1.928154e+01,2.281863e-17,1.112691e-16,1.112691e-18
1.928439e+01,2.293541e-17,1.075940e-16,1.075940e-18
1.928723e+01,2.306778e-17,1.050977e-16,1.050977e-18
1.929007e+01,2.305717e-17,1.043193e-16,1.043193e-18
1.929292e+01,2.290077e-17,1.036614e-16,1.036614e-18
1.929576e+01,2.290375e-17,1.016543e-16,1.016543e-18
1.929860e+01,2.267931e-17,9.879999e-17,9.879999e-19
1.930145e+01,2.267859e-17,9.548890e-17,9.548890e-19
1.930429e+01,2.259856e-17,9.287368e-17,9.287368e-19
1.930713e+01,2.277609e-17,9.135700e-17,9.135700e-19
1.930998e+01,2.262762e-17,8.979555e-17,8.979555e-19
1.931282e+01,2.233449e-17,8.769348e-17,8.769348e-19
1.931566e+01,2.265016e-17,8.595171e-17,8.595171e-19
1.931851e+01,2.247449e-17,8.479898e-17,8.479898e-19
1.932135e+01,2.233853e-17,8.288412e-17,8.288412e-19
1.932419e+01,2.231509e-17,7.908423e-17,7.908423e-19
1.932704e+01,2.217999e-17,7.610970e-17,7.610970e-19
1.932988e+01,2.214657e-17,7.452097e-17,7.452097e-19
1.933272e+01,2.211529e-17,7.394796e-17,7.394796e-19
1.933557e+01,2.223645e-17,7.307128e-17,7.307128e-19
1.933841e+01,2.229498e-17,7.155241e-17,7.155241e-19
1.934126e+01,2.183302e-17,7.011823e-17,7.011823e-19
1.934410e+01,2.241427e-17,6.927428e-17,6.927428e-19
1.934694e+01,2.201757e-17,6.907821e-17,6.907821e-19
1.934979e+01,2.229861e-17,7.022473e-17,7.022473e-19
1.935263e+01,2.190652e-17,7.130724e-17,7.130724e-19
1.935547e+01,2.235932e-17,7.203496e-17,7.203496e-19
1.935832e+01,2.193784e-17,7.271355e-17,7.271355e-19
1.936116e+01,2.227497e-17,7.473260e-17,7.473260e-19
1.936400e+01,2.183839e-17,7.623616e-17,7.623616e-19
1.936685e+01,2.240780e-17,7.737225e-17,7.737225e-19
1.936969e+01,2.206989e-17,7.787968e-17,7.787968e-19
1.937253e+01,2.213058e-17,7.895776e-17,7.895776e-19
1.937538e+01,2.222437e-17,8.030404e-17,8.030404e-19
1.937822e+01,2.227853e-17,8.161278e-17,8.161278e-19
1.938106e+01,2.212799e-17,8.232119e-17,8.232119e-19
1.938391e+01,2.220608e-17,8.273112e-17,8.273112e-19
1.938675e+01,2.225202e-17,8.409373e-17,8.409373e-19
1.938959e+01,2.251391e-17,8.635022e-17,8.635022e-19
1.939244e+01,2.201100e-17,8.789592e-17,8.789592e-19
1.939528e+01,2.224502e-17,8.863158e-17,8.863158e-19
1.939812e+01,2.241387e-17,8.957794e-17,8.957794e-19
1.940097e+01,2.220798e-17,9.057405e-17,9.057405e-19
1.940381e+01,2.244694e-17,9.035611e-17,9.035611e-19
1.940666e+01,2.224651e-17,9.003290e-17,9.003290e-19
1.940950e+01,2.225679e-17,9.115415e-17,9.115415e-19
1.941234e+01,2.268538e-17,9.219055e-17,9.219055e-19
1.941519e+01,2.258117e-17,9.233380e-17,9.233380e-19
1.941803e+01,2.265229e-17,9.299423e-17,9.299423e-19
1.942087e+01,2.239111e-17,9.324293e-17,9.324293e-19
1.942372e+01,2.250767e-17,9.308575e-17,9.308575e-19
1.942656e+01,2.255547e-17,9.374199e-17,9.374199e-19
1.942940e+01,2.297449e-17,9.537628e-17,9.537628e-19
1.943225e+01,2.277439e-17,9.683010e-17,9.683010e-19
1.943509e+01,2.332091e-17,9.799782e-17,9.799782e-19
1.943793e+01,2.333139e-17,9.917446e-17,9.917446e-19
1.944078e+01,2.310814e-17,1.001017e-16,1.001017e-18
1.944362e+01,2.370565e-17,1.007017e-16,1.007017e-18
1.944646e+01,2.319302e-17,1.004254e-16,1.004254e-18
1.944931e+01,2.298781e-17,9.924468e-17,9.924468e-19
1.945215e+01,2.319847e-17,9.999229e-17,9.999229e-19
1.945499e+01,2.309349e-17,1.030338e-16,1.030338e-18
1.945784e+01,2.318821e-17,1.039890e-16,1.039890e-18
1.946068e+01,2.330181e-17,1.025580e-16,1.025580e-18
1.946352e+01,2.327664e-17,1.020735e-16,1.020735e-18
1.946637e+01,2.350244e-17,1.031198e-16,1.031198e-18
1.946921e+01,2.311257e-17,1.049168e-16,1.049168e-18
1.947205e+01,2.309665e-17,1.068471e-16,1.068471e-18
1.947490e+01,2.346253e-17,1.072102e-16,1.072102e-18
1.947774e+01,2.371076e-17,1.055657e-16,1.055657e-18
1.948059e+01,2.285812e-17,1.042980e-16,1.042980e-18
1.948343e+01,2.327030e-17,1.060203e-16,1.060203e-18
1.948627e+01,2.320164e-17,1.082515e-16,1.082515e-18
1.948912e+01,2.294006e-17,1.091939e-16,1.091939e-18
1.949196e+01,2.340446e-17,1.093947e-16,1.093947e-18
1.949480e+01,2.346850e-17,1.101722e-16,1.101722e-18
1.949765e+01,2.329715e-17,1.111596e-16,1.111596e-18
1.950049e+01,2.338305e-17,1.114340e-16,1.114340e-18
1.950333e+01,2.313404e-17,1.104669e-16,1.104669e-18
1.950618e+01,2.329296e-17,1.090444e-16,1.090444e-18
1.950902e+01,2.274468e-17,1.079206e-16,1.079206e-18
1.951186e+01,2.299024e-17,1.081546e-16,1.081546e-18
1.951471e+01,2.324637e-17,1.088490e-16,1.088490e-18
1.951755e+01,2.289060e-17,1.092619e-16,1.092619e-18
1.952039e+01,2.298918e-17,1.096682e-16,1.096682e-18
1.952324e+01,2.279628e-17,1.090458e-16,1.090458e-18
1.952608e+01,2.258104e-17,1.069540e-16,1.069540e-18
1.952892e+01,2.248515e-17,1.053560e-16,1.053560e-18
1.953177e+01,2.252806e-17,1.041366e-16,1.041366e-18
1.953461e+01,2.248984e-17,1.015550e-16,1.015550e-18
1.953745e+01,2.231646e-17,9.847005e-17,9.847005e-19
1.954030e+01,2.237045e-17,9.715415e-17,9.715415e-19
1.954314e+01,2.192709e-17,9.736919e-17,9.736919e-19
1.954598e+01,2.213574e-17,9.796988e-17,9.796988e-19
1.954883e+01,2.182021e-17,9.738547e-17,9.738547e-19
1.955167e+01,2.210372e-17,9.500596e-17,9.500596e-19
1.955452e+01,2.166708e-17,9.238087e-17,9.238087e-19
1.955736e+01,2.186726e-17,9.171136e-17,9.171136e-19
1.956020e+01,2.189669e-17,9.135804e-17,9.135804e-19
1.956305e+01,2.210728e-17,8.893954e-17,8.893954e-19
1.956589e+01,2.169265e-17,8.546385e-17,8.546385e-19
1.956873e+01,2.161372e-17,8.337808e-17,8.337808e-19
1.957158e+01,2.188680e-17,8.271173e-17,8.271173e-19
1.957442e+01,2.190971e-17,8.273719e-17,8.273719e-19
1.957726e+01,2.209903e-17,8.284155e-17,8.284155e-19
1.958011e+01,2.202336e-17,8.146650e-17,8.146650e-19
1.958295e+01,2.154161e-17,7.888585e-17,7.888585e-19
1.958579e+01,2.179493e-17,7.725603e-17,7.725603e-19
1.958864e+01,2.170085e-17,7.706140e-17,7.706140e-19
1.959148e+01,2.163443e-17,7.704585e-17,7.704585e-19
1.959432e+01,2.164718e-17,7.691734e-17,7.691734e-19
1.959717e+01,2.183039e-17,7.661871e-17,7.661871e-19
1.960001e+01,2.197109e-17,7.655490e-17,7.655490e-19
1.960285e+01,2.168311e-17,7.783037e-17,7.783037e-19
1.960570e+01,2.180653e-17,7.940468e-17,7.940468e-19
1.960854e+01,2.192299e-17,8.159513e-17,8.159513e-19
1.961138e+01,2.199049e-17,8.441519e-17,8.441519e-19
1.961423e+01,2.215049e-17,8.652897e-17,8.652897e-19
1.961707e+01,2.187601e-17,8.748735e-17,8.748735e-19
1.961992e+01,2.206701e-17,8.870463e-17,8.870463e-19
1.962276e+01,2.196993e-17,9.005320e-17,9.005320e-19
1.962560e+01,2.187001e-17,9.208949e-17,9.208949e-19
1.962845e+01,2.179217e-17,9.411959e-17,9.411959e-19
1.963129e+01,2.231245e-17,9.585286e-17,9.585286e-19
1.963413e+01,2.261405e-17,9.673814e-17,9.673814e-19
1.963698e+01,2.218878e-17,9.693321e-17,9.693321e-19
1.963982e+01,2.234712e-17,9.735764e-17,9.735764e-19
1.964266e+01,2.289919e-17,9.840538e-17,9.840538e-19
1.964551e+01,2.199090e-17,1.005242e-16,1.005242e-18
1.964835e+01,2.242810e-17,1.053698e-16,1.053698e-18
1.965119e+01,2.273491e-17,1.088372e-16,1.088372e-18
1.965404e+01,2.268659e-17,1.076911e-16,1.076911e-18
1.965688e+01,2.290542e-17,1.055655e-16,1.055655e-18
1.965972e+01,2.254915e-17,1.064896e-16,1.064896e-18
1.966257e+01,2.293054e-17,1.096672e-16,1.096672e-18
1.966541e+01,2.301162e-17,1.115398e-16,1.115398e-18
1.966825e+01,2.308396e-17,1.100662e-16,1.100662e-18
1.967110e+01,2.250802e-17,1.080494e-16,1.080494e-18
1.967394e+01,2.280166e-17,1.091744e-16,1.091744e-18
1.967678e+01,2.254302e-17,1.112067e-16,1.112067e-18
1.967963e+01,2.245723e-17,1.113077e-16,1.113077e-18
1.968247e+01,2.229126e-17,1.108460e-16,1.108460e-18
1.968531e+01,2.236478e-17,1.113894e-16,1.113894e-18
1.968816e+01,2.235704e-17,1.098431e-16,1.098431e-18
1.969100e+01,2.243727e-17,1.069012e-16,1.069012e-18
1.969385e+01,2.250835e-17,1.066205e-16,1.066205e-18
1.969669e+01,2.213486e-17,1.082819e-16,1.082819e-18
1.969953e+01,2.210022e-17,1.082893e-16,1.082893e-18
1.970238e+01,2.177093e-17,1.058753e-16,1.058753e-18
1.970522e+01,2.240517e-17,1.029034e-16,1.029034e-18
1.970806e+01,2.175323e-17,1.002442e-16,1.002442e-18
1.971091e+01,2.235372e-17,9.843348e-17,9.843348e-19
1.971375e+01,2.202219e-17,9.726889e-17,9.726889e-19
1.971659e+01,2.217293e-17,9.630179e-17,9.630179e-19
1.971944e+01,2.211235e-17,9.484266e-17,9.484266e-19
1.972228e+01,2.199025e-17,9.325488e-17,9.325488e-19
1.972512e+01,2.172859e-17,9.160949e-17,9.160949e-19
1.972797e+01,2.170726e-17,9.004227e-17,9.004227e-19
1.973081e+01,2.216687e-17,8.845754e-17,8.845754e-19
1.973365e+01,2.213716e-17,8.722797e-17,8.722797e-19
1.973650e+01,2.261205e-17,8.691402e-17,8.691402e-19
1.973934e+01,2.222674e-17,8.754103e-17,8.754103e-19
1.974218e+01,2.224734e-17,8.849999e-17,8.849999e-19
1.974503e+01,2.263920e-17,8.950369e-17,8.950369e-19
1.974787e+01,2.241755e-17,9.056173e-17,9.056173e-19
1.975071e+01,2.235668e-17,9.135038e-17,9.135038e-19
1.975356e+01,2.272018e-17,9.261128e-17,9.261128e-19
1.975640e+01,2.264955e-17,9.353782e-17,9.353782e-19
1.975924e+01,2.267350e-17,9.388921e-17,9.388921e-19
1.976209e+01,2.252254e-17,9.426415e-17,9.426415e-19
1.976493e+01,2.228546e-17,9.423031e-17,9.423031e-19
1.976778e+01,2.233470e-17,9.357357e-17,9.357357e-19
1.977062e+01,2.251045e-17,9.279092e-17,9.279092e-19
1.977346e+01,2.232408e-17,9.091689e-17,9.091689e-19
1.977631e+01,2.179350e-17,8.868384e-17,8.868384e-19
1.977915e+01,2.221356e-17,8.762475e-17,8.762475e-19
1.978199e+01,2.191897e-17,8.648091e-17,8.648091e-19
1.978484e+01,2.204906e-17,8.372367e-17,8.372367e-19
1.978768e+01,2.173487e-17,7.999161e-17,7.999161e-19
1.979052e+01,2.183001e-17,7.754954e-17,7.754954e-19
1.979337e+01,2.185835e-17,7.578983e-17,7.578983e-19
1.979621e+01,2.174007e-17,7.345801e-17,7.345801e-19
1.979905e+01,2.170714e-17,7.147470e-17,7.147470e-19
1.980190e+01,2.203730e-17,6.975898e-17,6.975898e-19
1.980474e+01,2.177062e-17,6.791434e-17,6.791434e-19
1.980758e+01,2.152797e-17,6.656282e-17,6.656282e-19
1.981043e+01,2.167982e-17,6.594621e-17,6.594621e-19
1.981327e+01,2.143612e-17,6.569121e-17,6.569121e-19
1.981611e+01,2.161709e-17,6.557242e-17,6.557242e-19
1.981896e+01,2.158481e-17,6.510376e-17,6.510376e-19
1.982180e+01,2.133793e-17,6.519599e-17,6.519599e-19
1.982464e+01,2.129037e-17,6.596871e-17,6.596871e-19
1.982749e+01,2.148254e-17,6.648627e-17,6.648627e-19
1.983033e+01,2.108404e-17,6.657483e-17,6.657483e-19
1.983317e+01,2.101510e-17,6.753225e-17,6.753225e-19
1.983602e+01,2.135269e-17,6.904743e-17,6.904743e-19
1.983886e+01,2.127153e-17,6.949474e-17,6.949474e-19
1.984171e+01,2.133075e-17,6.998094e-17,6.998094e-19
1.984455e+01,2.154268e-17,7.086338e-17,7.086338e-19
1.984739e+01,2.131125e-17,7.099547e-17,7.099547e-19
1.985024e+01,2.134029e-17,7.139900e-17,7.139900e-19
1.985308e+01,2.106357e-17,7.274189e-17,7.274189e-19
1.985592e+01,2.114703e-17,7.352777e-17,7.352777e-19
1.985877e+01,2.104376e-17,7.284373e-17,7.284373e-19
1.986161e+01,2.100934e-17,7.100461e-17,7.100461e-19
1.986445e+01,2.114717e-17,6.940391e-17,6.940391e-19
1.986730e+01,2.092856e-17,6.869336e-17,6.869336e-19
1.987014e+01,2.126415e-17,6.910179e-17,6.910179e-19
1.987298e+01,2.107171e-17,6.994214e-17,6.994214e-19
1.987583e+01,2.104674e-17,6.961528e-17,6.961528e-19
1.987867e+01,2.131725e-17,6.769826e-17,6.769826e-19
1.988151e+01,2.096935e-17,6.671798e-17,6.671798e-19
1.988436e+01,2.100707e-17,6.712819e-17,6.712819e-19
1.988720e+01,2.119409e-17,6.747855e-17,6.747855e-19
1.989004e+01,2.125477e-17,6.849399e-17,6.849399e-19
1.989289e+01,2.110249e-17,6.969424e-17,6.969424e-19
1.989573e+01,2.120083e-17,6.990813e-17,6.990813e-19
1.989857e+01,2.115836e-17,6.994803e-17,6.994803e-19
1.990142e+01,2.121454e-17,7.167570e-17,7.167570e-19
1.990426e+01,2.106844e-17,7.491676e-17,7.491676e-19
1.990711e+01,2.131981e-17,7.824961e-17,7.824961e-19
1.990995e+01,2.181665e-17,8.046004e-17,8.046004e-19
1.991279e+01,2.152599e-17,8.087531e-17,8.087531e-19
1.991564e+01,2.124893e-17,8.151029e-17,8.151029e-19
1.991848e+01,2.174817e-17,8.411896e-17,8.411896e-19
1.992132e+01,2.162162e-17,8.761045e-17,8.761045e-19
1.992417e+01,2.147166e-17,8.956395e-17,8.956395e-19
1.992701e+01,2.204119e-17,9.009273e-17,9.009273e-19
1.992985e+01,2.204118e-17,9.129208e-17,9.129208e-19
1.993270e+01,2.196989e-17,9.291523e-17,9.291523e-19
1.993554e+01,2.198817e-17,9.428516e-17,9.428516e-19
1.993838e+01,2.196177e-17,9.535338e-17,9.535338e-19
1.994123e+01,2.229771e-17,9.611351e-17,9.611351e-19
1.994407e+01,2.224422e-17,9.607597e-17,9.607597e-19
1.994691e+01,2.228279e-17,9.579902e-17,9.579902e-19
1.994976e+01,2.235352e-17,9.501881e-17,9.501881e-19
1.995260e+01,2.212763e-17,9.411369e-17,9.411369e-19
1.995544e+01,2.232134e-17,9.324547e-17,9.324547e-19
1.995829e+01,2.247373e-17,9.240696e-17,9.240696e-19
1.996113e+01,2.241460e-17,9.159281e-17,9.159281e-19
1.996397e+01,2.222007e-17,8.970801e-17,8.970801e-19
1.996682e+01,2.236412e-17,8.799998e-17,8.799998e-19
1.996966e+01,2.206599e-17,8.673393e-17,8.673393e-19
1.997250e+01,2.195679e-17,8.410080e-17,8.410080e-19
1.997535e+01,2.164532e-17,8.115228e-17,8.115228e-19
1.997819e+01,2.200446e-17,7.983748e-17,7.983748e-19
1.998104e+01,2.198224e-17,7.936033e-17,7.936033e-19
1.998388e+01,2.161735e-17,7.797354e-17,7.797354e-19
1.998672e+01,2.160868e-17,7.638598e-17,7.638598e-19
1.998957e+01,2.158416e-17,7.612746e-17,7.612746e-19
1.999241e+01,2.162821e-17,7.657377e-17,7.657377e-19
1.999525e+01,2.173509e-17,7.595966e-17,7.595966e-19
1.999810e+01,2.178604e-17,7.378596e-17,7.378596e-19
2.000094e+01,2.130373e-17,7.224026e-17,7.224026e-19
2.000378e+01,2.159466e-17,7.232461e-17,7.232461e-19
2.000663e+01,2.158665e-17,7.285973e-17,7.285973e-19
2.000947e+01,2.144598e-17,7.311536e-17,7.311536e-19
2.001231e+01,2.169770e-17,7.410992e-17,7.410992e-19
2.001516e+01,2.179144e-17,7.618864e-17,7.618864e-19
2.001800e+01,2.154464e-17,7.876689e-17,7.876689e-19
2.002084e+01,2.171971e-17,8.004500e-17,8.004500e-19
2.002369e+01,2.153109e-17,8.058020e-17,8.058020e-19
2.002653e+01,2.170193e-17,8.183654e-17,8.183654e-19
2.002937e+01,2.157588e-17,8.402220e-17,8.402220e-19
2.003222e+01,2.196484e-17,8.715471e-17,8.715471e-19
2.003506e+01,2.160884e-17,9.002024e-17,9.002024e-19
2.003790e+01,2.170588e-17,9.194224e-17,9.194224e-19
2.004075e+01,2.163379e-17,9.345559e-17,9.345559e-19
2.004359e+01,2.157730e-17,9.534375e-17,9.534375e-19
2.004643e+01,2.207083e-17,9.743011e-17,9.743011e-19
2.004928e+01,2.168553e-17,9.992533e-17,9.992533e-19
2.005212e+01,2.194087e-17,1.031122e-16,1.031122e-18
2.005497e+01,2.226870e-17,1.053900e-16,1.053900e-18
2.005781e+01,2.199041e-17,1.071723e-16,1.071723e-18
2.006065e+01,2.237804e-17,1.094743e-16,1.094743e-18
2.006350e+01,2.233059e-17,1.117131e-16,1.117131e-18
2.006634e+01,2.241749e-17,1.133275e-16,1.133275e-18
2.006918e+01,2.250685e-17,1.152400e-16,1.152400e-18
2.007203e+01,2.282700e-17,1.177545e-16,1.177545e-18
2.007487e+01,2.240793e-17,1.195681e-16,1.195681e-18
2.007771e+01,2.259462e-17,1.205594e-16,1.205594e-18
2.008056e+01,2.255153e-17,1.216996e-16,1.216996e-18
2.008340e+01,2.268726e-17,1.232573e-16,1.232573e-18
2.008624e+01,2.265144e-17,1.246590e-16,1.246590e-18
2.008909e+01,2.249848e-17,1.256804e-16,1.256804e-18
2.009193e+01,2.266744e-17,1.248870e-16,1.248870e-18
2.009477e+01,2.257420e-17,1.234850e-16,1.234850e-18
2.009762e+01,2.277866e-17,1.240388e-16,1.240388e-18
2.010046e+01,2.289953e-17,1.254462e-16,1.254462e-18
2.010330e+01,2.263647e-17,1.250434e-16,1.250434e-18
2.010615e+01,2.297408e-17,1.224746e-16,1.224746e-18
2.010899e+01,2.223661e-17,1.195106e-16,1.195106e-18
2.011183e+01,2.248786e-17,1.188943e-16,1.188943e-18
2.011468e+01,2.194849e-17,1.194995e-16,1.194995e-18
2.011752e+01,2.215949e-17,1.181447e-16,1.181447e-18
2.012037e+01,2.250595e-17,1.154694e-16,1.154694e-18
2.012321e+01,2.212309e-17,1.140824e-16,1.140824e-18
2.012605e+01,2.209118e-17,1.129316e-16,1.129316e-18
2.012890e+01,2.188018e-17,1.100707e-16,1.100707e-18
2.013174e+01,2.203515e-17,1.066281e-16,1.066281e-18
2.013458e+01,2.191413e-17,1.037922e-16,1.037922e-18
2.013743e+01,2.179302e-17,1.011886e-16,1.011886e-18
2.014027e+01,2.155784e-17,9.912818e-17,9.912818e-19
2.014311e+01,2.134098e-17,9.729054e-17,9.729054e-19
2.014596e+01,2.133639e-17,9.452296e-17,9.452296e-19
2.014880e+01,2.118502e-17,9.152253e-17,9.152253e-19
2.015164e+01,2.146363e-17,8.975878e-17,8.975878e-19
2.015449e+01,2.128122e-17,8.751078e-17,8.751078e-19
2.015733e+01,2.110896e-17,8.518753e-17,8.518753e-19
2.016017e+01,2.118595e-17,8.350484e-17,8.350484e-19
2.016302e+01,2.139459e-17,8.194816e-17,8.194816e-19
2.016586e+01,2.110863e-17,8.026751e-17,8.026751e-19
2.016870e+01,2.110920e-17,7.912163e-17,7.912163e-19
2.017155e+01,2.109470e-17,7.900189e-17,7.900189e-19
2.017439e+01,2.119856e-17,7.928176e-17,7.928176e-19
2.017723e+01,2.115728e-17,7.929829e-17,7.929829e-19
2.018008e+01,2.187013e-17,7.930416e-17,7.930416e-19
2.018292e+01,2.145033e-17,7.933000e-17,7.933000e-19
2.018576e+01,2.134687e-17,7.997823e-17,7.997823e-19
2.018861e+01,2.149250e-17,8.060265e-17,8.060265e-19
2.019145e+01,2.126293e-17,8.092493e-17,8.092493e-19
2.019430e+01,2.142846e-17,8.110159e-17,8.110159e-19
2.019714e+01,2.116190e-17,8.084055e-17,8.084055e-19
2.019998e+01,2.161764e-17,8.096774e-17,8.096774e-19
2.020283e+01,2.141053e-17,8.128154e-17,8.128154e-19
2.020567e+01,2.176713e-17,8.119111e-17,8.119111e-19
2.020851e+01,2.114535e-17,8.068532e-17,8.068532e-19
2.021136e+01,2.124445e-17,8.071372e-17,8.071372e-19
2.021420e+01,2.154960e-17,8.091279e-17,8.091279e-19
2.021704e+01,2.151807e-17,8.015621e-17,8.015621e-19
2.021989e+01,2.117331e-17,7.810454e-17,7.810454e-19
2.022273e+01,2.140378e-17,7.637956e-17,7.637956e-19
2.022557e+01,2.113209e-17,7.504663e-17,7.504663e-19
2.022842e+01,2.110372e-17,7.393167e-17,7.393167e-19
2.023126e+01,2.153863e-17,7.353010e-17,7.353010e-19
2.023410e+01,2.105439e-17,7.242418e-17,7.242418e-19
2.023695e+01,2.137145e-17,7.003411e-17,7.003411e-19
2.023979e+01,2.112500e-17,6.861717e-17,6.861717e-19
2.024263e+01,2.142044e-17,6.922330e-17,6.922330e-19
2.024548e+01,2.088615e-17,6.928602e-17,6.928602e-19
2.024832e+01,2.096480e-17,6.886756e-17,6.886756e-19
2.025116e+01,2.110966e-17,6.849908e-17,6.849908e-19
2.025401e+01,2.089842e-17,6.893297e-17,6.893297e-19
2.025685e+01,2.142582e-17,7.061121e-17,7.061121e-19
2.025969e+01,2.134564e-17,7.194107e-17,7.194107e-19
2.026254e+01,2.131505e-17,7.346296e-17,7.346296e-19
2.026538e+01,2.116024e-17,7.524890e-17,7.524890e-19
2.026823e+01,2.153288e-17,7.605882e-17,7.605882e-19
2.027107e+01,2.167689e-17,7.779412e-17,7.779412e-19
2.027391e+01,2.132467e-17,8.091467e-17,8.091467e-19
2.027676e+01,2.145501e-17,8.234637e-17,8.234637e-19
2.027960e+01,2.119447e-17,8.237133e-17,8.237133e-19
2.028244e+01,2.165512e-17,8.315502e-17,8.315502e-19
2.028529e+01,2.121018e-17,8.356524e-17,8.356524e-19
2.028813e+01,2.137866e-17,8.334937e-17,8.334937e-19
2.029097e+01,2.133293e-17,8.450578e-17,8.450578e-19
2.029382e+01,2.159834e-17,8.629391e-17,8.629391e-19
2.029666e+01,2.172410e-17,8.725715e-17,8.725715e-19
2.029950e+01,2.160209e-17,8.789641e-17,8.789641e-19
2.030235e+01,2.116673e-17,8.858971e-17,8.858971e-19
2.030519e+01,2.140647e-17,9.004141e-17,9.004141e-19
2.030803e+01,2.170754e-17,9.187877e-17,9.187877e-19
2.031088e+01,2.195565e-17,9.229020e-17,9.229020e-19
2.031372e+01,2.139244e-17,9.105489e-17,9.105489e-19
2.031656e+01,2.147190e-17,9.029272e-17,9.029272e-19
2.031941e+01,2.174248e-17,9.031082e-17,9.031082e-19
2.032225e+01,2.160740e-17,9.022794e-17,9.022794e-19
2.032509e+01,2.161500e-17,9.021971e-17,9.021971e-19
2.032794e+01,2.181845e-17,9.077513e-17,9.077513e-19
2.033078e+01,2.155754e-17,8.990543e-17,8.990543e-19
2.033362e+01,2.197937e-17,8.766478e-17,8.766478e-19
2.033647e+01,2.150291e-17,8.504870e-17,8.504870e-19
2.033931e+01,2.155247e-17,8.312145e-17,8.312145e-19
2.034216e+01,2.124766e-17,8.143507e-17,8.143507e-19
2.034500e+01,2.132947e-17,7.974427e-17,7.974427e-19
2.034784e+01,2.160191e-17,7.844030e-17,7.844030e-19
2.035069e+01,2.137079e-17,7.786182e-17,7.786182e-19
2.035353e+01,2.154706e-17,7.632665e-17,7.632665e-19
2.035637e+01,2.118853e-17,7.353332e-17,7.353332e-19
2.035922e+01,2.130021e-17,7.186272e-17,7.186272e-19
2.036206e+01,2.116984e-17,7.016027e-17,7.016027e-19
2.036490e+01,2.097928e-17,6.813246e-17,6.813246e-19
2.036775e+01,2.085562e-17,6.583678e-17,6.583678e-19
2.037059e+01,2.070669e-17,6.239366e-17,6.239366e-19
2.037343e+01,2.086203e-17,5.954788e-17,5.954788e-19
2.037628e+01,2.060448e-17,5.828502e-17,5.828502e-19
2.037912e+01,2.086076e-17,5.819745e-17,5.819745e-19
2.038196e+01,2.058430e-17,5.824680e-17,5.824680e-19
2.038481e+01,2.035845e-17,5.722720e-17,5.722720e-19
2.038765e+01,2.065086e-17,5.567001e-17,5.567001e-19
2.039049e+01,2.047956e-17,5.413439e-17,5.413439e-19
2.039334e+01,2.027142e-17,5.327368e-17,5.327368e-19
2.039618e+01,2.049078e-17,5.288135e-17,5.288135e-19
2.039902e+01,2.023269e-17,5.244076e-17,5.244076e-19
2.040187e+01,2.037345e-17,5.175515e-17,5.175515e-19
2.040471e+01,2.012403e-17,5.232169e-17,5.232169e-19
2.040756e+01,2.032436e-17,5.553373e-17,5.553373e-19
2.041040e+01,2.028081e-17,5.773926e-17,5.773926e-19
2.041324e+01,2.065459e-17,5.803972e-17,5.803972e-19
2.041609e+01,2.055609e-17,5.801895e-17,5.801895e-19
2.041893e+01,2.038348e-17,5.800885e-17,5.800885e-19
2.042177e+01,2.044710e-17,5.831308e-17,5.831308e-19
2.042462e+01,2.051081e-17,5.908932e-17,5.908932e-19
2.042746e+01,2.056391e-17,5.922710e-17,5.922710e-19
2.043030e+01,2.053895e-17,5.916898e-17,5.916898e-19
2.043315e+01,2.029216e-17,6.046761e-17,6.046761e-19
2.043599e+01,2.017796e-17,6.146692e-17,6.146692e-19
2.043883e+01,2.035751e-17,6.075623e-17,6.075623e-19
2.044168e+01,2.062075e-17,6.009297e-17,6.009297e-19
2.044452e+01,2.068247e-17,6.042392e-17,6.042392e-19
2.044736e+01,2.034236e-17,6.114428e-17,6.114428e-19
2.045021e+01,2.026792e-17,6.098168e-17,6.098168e-19
2.045305e+01,2.045077e-17,5.988429e-17,5.988429e-19
2.045589e+01,2.067029e-17,5.926878e-17,5.926878e-19
2.045874e+01,2.047494e-17,5.932484e-17,5.932484e-19
2.046158e+01,2.042468e-17,5.914461e-17,5.914461e-19
2.046442e+01,2.014377e-17,5.818495e-17,5.818495e-19
2.046727e+01,2.022281e-17,5.797456e-17,5.797456e-19
2.047011e+01,2.035092e-17,5.766440e-17,5.766440e-19
2.047295e+01,2.037723e-17,5.676713e-17,5.676713e-19
2.047580e+01,2.046824e-17,5.714095e-17,5.714095e-19
2.047864e+01,2.067622e-17,5.876065e-17,5.876065e-19
2.048149e+01,2.008950e-17,5.979765e-17,5.979765e-19
2.048433e+01,1.998221e-17,6.059558e-17,6.059558e-19
2.048717e+01,2.043555e-17,6.189876e-17,6.189876e-19
2.049002e+01,2.032310e-17,6.230709e-17,6.230709e-19
2.049286e+01,2.040460e-17,6.297707e-17,6.297707e-19
2.049570e+01,1.967459e-17,6.474995e-17,6.474995e-19
2.049855e+01,2.028200e-17,6.686124e-17,6.686124e-19
2.050139e+01,2.043580e-17,6.876806e-17,6.876806e-19
2.050423e+01,2.016981e-17,7.219372e-17,7.219372e-19
2.050708e+01,1.988425e-17,7.571892e-17,7.571892e-19
2.050992e+01,2.020575e-17,7.721117e-17,7.721117e-19
2.051276e+01,2.046311e-17,7.727530e-17,7.727530e-19
2.051561e+01,2.050119e-17,7.792960e-17,7.792960e-19
2.051845e+01,2.057971e-17,8.005668e-17,8.005668e-19
2.052129e+01,2.023480e-17,8.154639e-17,8.154639e-19
2.052414e+01,2.032738e-17,8.200934e-17,8.200934e-19
2.052698e+01,2.084264e-17,8.336639e-17,8.336639e-19
2.052982e+01,2.061460e-17,8.495768e-17,8.495768e-19
2.053267e+01,2.077544e-17,8.556685e-17,8.556685e-19
2.053551e+01,2.092534e-17,8.556178e-17,8.556178e-19
2.053835e+01,2.095353e-17,8.647197e-17,8.647197e-19
2.054120e+01,2.084203e-17,8.879132e-17,8.879132e-19
2.054404e+01,2.137629e-17,9.124831e-17,9.124831e-19
2.054688e+01,2.111840e-17,9.197951e-17,9.197951e-19
2.054973e+01,2.097647e-17,9.134250e-17,9.134250e-19
2.055257e+01,2.130911e-17,9.104505e-17,9.104505e-19
2.055542e+01,2.089718e-17,9.095270e-17,9.095270e-19
2.055826e+01,2.122308e-17,9.074487e-17,9.074487e-19
2.056110e+01,2.105715e-17,9.067420e-17,9.067420e-19
2.056395e+01,2.146918e-17,9.109105e-17,9.109105e-19
2.056679e+01,2.143337e-17,9.126628e-17,9.126628e-19
2.056963e+01,2.158227e-17,9.136161e-17,9.136161e-19
2.057248e+01,2.138309e-17,9.154686e-17,9.154686e-19
2.057532e+01,2.151248e-17,9.153400e-17,9.153400e-19
2.057816e+01,2.171128e-17,9.108676e-17,9.108676e-19
2.058101e+01,2.141513e-17,9.010897e-17,9.010897e-19
2.058385e+01,2.135054e-17,8.906409e-17,8.906409e-19
2.058669e+01,2.085281e-17,8.791798e-17,8.791798e-19
2.058954e+01,2.103504e-17,8.716325e-17,8.716325e-19
2.059238e+01,2.134547e-17,8.755662e-17,8.755662e-19
2.059522e+01,2.136750e-17,8.835387e-17,8.835387e-19
2.059807e+01,2.100313e-17,8.881512e-17,8.881512e-19
2.060091e+01,2.115946e-17,8.878178e-17,8.878178e-19
2.060375e+01,2.110353e-17,8.873299e-17,8.873299e-19
2.060660e+01,2.126299e-17,8.895013e-17,8.895013e-19
2.060944e+01,2.115672e-17,8.847003e-17,8.847003e-19
2.061228e+01,2.134050e-17,8.756302e-17,8.756302e-19
2.061513e+01,2.074920e-17,8.654159e-17,8.654159e-19
2.061797e+01,2.116022e-17,8.558789e-17,8.558789e-19
2.062082e+01,2.098044e-17,8.493912e-17,8.493912e-19
2.062366e+01,2.084347e-17,8.580472e-17,8.580472e-19
2.062650e+01,2.073140e-17,8.645464e-17,8.645464e-19
2.062935e+01,2.123299e-17,8.584097e-17,8.584097e-19
2.063219e+01,2.086930e-17,8.516350e-17,8.516350e-19
2.063503e+01,2.099994e-17,8.505639e-17,8.505639e-19
2.063788e+01,2.081355e-17,8.495203e-17,8.495203e-19
2.064072e+01,2.079417e-17,8.498833e-17,8.498833e-19
2.064356e+01,2.091481e-17,8.533929e-17,8.533929e-19
2.064641e+01,2.115939e-17,8.537765e-17,8.537765e-19
2.064925e+01,2.104651e-17,8.482170e-17,8.482170e-19
2.065209e+01,2.082581e-17,8.483335e-17,8.483335e-19
2.065494e+01,2.086886e-17,8.541891e-17,8.541891e-19
2.065778e+01,2.075270e-17,8.603102e-17,8.603102e-19
2.066062e+01,2.100511e-17,8.819642e-17,8.819642e-19
2.066347e+01,2.104240e-17,9.104794e-17,9.104794e-19
2.066631e+01,2.113427e-17,9.204956e-17,9.204956e-19
2.066915e+01,2.116823e-17,9.211485e-17,9.211485e-19
2.067200e+01,2.100126e-17,9.376184e-17,9.376184e-19
2.067484e+01,2.159912e-17,9.670877e-17,9.670877e-19
2.067768e+01,2.141295e-17,9.825367e-17,9.825367e-19
2.068053e+01,2.131355e-17,9.915847e-17,9.915847e-19
2.068337e+01,2.130523e-17,1.001761e-16,1.001761e-18
2.068621e+01,2.153912e-17,1.014177e-16,1.014177e-18
2.068906e+01,2.188731e-17,1.037415e-16,1.037415e-18
2.069190e+01,2.157970e-17,1.058872e-16,1.058872e-18
2.069475e+01,2.158210e-17,1.065428e-16,1.065428e-18
2.069759e+01,2.159171e-17,1.067782e-16,1.067782e-18
2.070043e+01,2.160141e-17,1.081280e-16,1.081280e-18
2.070328e+01,2.175306e-17,1.096148e-16,1.096148e-18
2.070612e+01,2.180721e-17,1.109171e-16,1.109171e-18
2.070896e+01,2.230816e-17,1.120369e-16,1.120369e-18
2.071181e+01,2.206042e-17,1.119381e-16,1.119381e-18
2.071465e+01,2.186451e-17,1.109597e-16,1.109597e-18
2.071749e+01,2.169211e-17,1.097192e-16,1.097192e-18
2.072034e+01,2.148536e-17,1.088571e-16,1.088571e-18
2.072318e+01,2.175354e-17,1.089449e-16,1.089449e-18
2.072602e+01,2.147021e-17,1.088447e-16,1.088447e-18
2.072887e+01,2.132079e-17,1.077936e-16,1.077936e-18
2.073171e+01,2.163519e-17,1.065978e-16,1.065978e-18
2.073455e+01,2.190914e-17,1.058902e-16,1.058902e-18
2.073740e+01,2.172717e-17,1.053235e-16,1.053235e-18
2.074024e+01,2.137708e-17,1.045516e-16,1.045516e-18
2.074308e+01,2.167934e-17,1.034295e-16,1.034295e-18
2.074593e+01,2.152096e-17,1.020496e-16,1.020496e-18
2.074877e+01,2.140117e-17,1.009150e-16,1.009150e-18
2.075161e+01,2.160657e-17,1.004647e-16,1.004647e-18
2.075446e+01,2.133035e-17,1.008148e-16,1.008148e-18
2.075730e+01,2.119392e-17,1.005654e-16,1.005654e-18
2.076014e+01,2.132956e-17,9.917242e-17,9.917242e-19
2.076299e+01,2.160519e-17,9.901948e-17,9.901948e-19
2.076583e+01,2.143291e-17,1.001307e-16,1.001307e-18
2.076868e+01,2.140915e-17,9.945631e-17,9.945631e-19
2.077152e+01,2.144894e-17,9.671472e-17,9.671472e-19
2.077436e+01,2.177657e-17,9.497467e-17,9.497467e-19
2.077721e+01,2.144373e-17,9.426887e-17,9.426887e-19
2.078005e+01,2.117373e-17,9.397232e-17,9.397232e-19
2.078289e+01,2.137788e-17,9.356498e-17,9.356498e-19
2.078574e+01,2.100327e-17,9.257076e-17,9.257076e-19
2.078858e+01,2.158203e-17,9.197584e-17,9.197584e-19
2.079142e+01,2.144341e-17,9.173479e-17,9.173479e-19
2.079427e+01,2.106234e-17,9.094221e-17,9.094221e-19
2.079711e+01,2.122405e-17,8.964385e-17,8.964385e-19
2.079995e+01,2.120321e-17,8.859113e-17,8.859113e-19
2.080280e+01,2.121216e-17,8.796807e-17,8.796807e-19
2.080564e+01,2.088610e-17,8.742807e-17,8.742807e-19
2.080848e+01,2.138930e-17,8.767804e-17,8.767804e-19
2.081133e+01,2.121038e-17,8.751870e-17,8.751870e-19
2.081417e+01,2.088748e-17,8.641521e-17,8.641521e-19
2.081701e+01,2.070889e-17,8.477293e-17,8.477293e-19
2.081986e+01,2.084866e-17,8.297719e-17,8.297719e-19
2.082270e+01,2.084561e-17,8.105602e-17,8.105602e-19
2.082554e+01,2.065151e-17,7.973968e-17,7.973968e-19
2.082839e+01,2.083290e-17,7.893454e-17,7.893454e-19
2.083123e+01,2.082178e-17,7.807675e-17,7.807675e-19
2.083407e+01,2.051902e-17,7.752178e-17,7.752178e-19
2.083692e+01,2.060851e-17,7.740420e-17,7.740420e-19
2.083976e+01,2.086399e-17,7.729996e-17,7.729996e-19
2.084261e+01,2.058664e-17,7.643718e-17,7.643718e-19
2.084545e+01,2.050277e-17,7.609327e-17,7.609327e-19
2.084829e+01,2.023415e-17,7.596838e-17,7.596838e-19
2.085114e+01,2.041046e-17,7.575862e-17,7.575862e-19
2.085398e+01,2.039407e-17,7.571537e-17,7.571537e-19
2.085682e+01,2.063761e-17,7.643778e-17,7.643778e-19
2.085967e+01,2.079128e-17,7.730852e-17,7.730852e-19
2.086251e+01,2.064763e-17,7.774126e-17,7.774126e-19
2.086535e+01,2.035114e-17,7.806597e-17,7.806597e-19
2.086820e+01,2.036914e-17,7.859289e-17,7.859289e-19
2.087104e+01,2.034204e-17,7.925275e-17,7.925275e-19
2.087388e+01,2.049613e-17,8.064309e-17,8.064309e-19
2.087673e+01,2.045623e-17,8.237377e-17,8.237377e-19
2.087957e+01,2.068744e-17,8.311366e-17,8.311366e-19
2.088241e+01,2.061816e-17,8.307394e-17,8.307394e-19
2.088526e+01,2.047965e-17,8.257459e-17,8.257459e-19
2.088810e+01,2.094538e-17,8.206979e-17,8.206979e-19
2.089094e+01,2.069501e-17,8.158221e-17,8.158221e-19
2.089379e+01,2.075728e-17,8.037350e-17,8.037350e-19
2.089663e+01,2.037654e-17,7.858002e-17,7.858002e-19
2.089947e+01,2.051066e-17,7.787948e-17,7.787948e-19
2.090232e+01,2.079018e-17,7.833361e-17,7.833361e-19
2.090516e+01,2.054363e-17,7.824997e-17,7.824997e-19
2.090801e+01,2.079464e-17,7.723183e-17,7.723183e-19
2.091085e+01,2.053292e-17,7.596513e-17,7.596513e-19
2.091369e+01,2.088050e-17,7.548299e-17,7.548299e-19
2.091654e+01,2.048652e-17,7.601295e-17,7.601295e-19
2.091938e+01,2.070173e-17,7.689283e-17,7.689283e-19
2.092222e+01,2.092976e-17,7.741517e-17,7.741517e-19
2.092507e+01,2.064747e-17,7.795413e-17,7.795413e-19
2.092791e+01,2.091803e-17,7.882162e-17,7.882162e-19
2.093075e+01,2.058718e-17,7.991501e-17,7.991501e-19
2.093360e+01,2.090818e-17,8.126119e-17,8.126119e-19
2.093644e+01,2.046661e-17,8.217129e-17,8.217129e-19
2.093928e+01,2.112348e-17,8.251451e-17,8.251451e-19
2.094213e+01,2.034496e-17,8.419723e-17,8.419723e-19
2.094497e+01,2.071823e-17,8.740340e-17,8.740340e-19
2.094781e+01,2.109252e-17,8.789749e-17,8.789749e-19
2.095066e+01,2.053759e-17,8.670394e-17,8.670394e-19
2.095350e+01,2.066430e-17,8.623803e-17,8.623803e-19
2.095634e+01,2.071532e-17,8.684733e-17,8.684733e-19
2.095919e+01,2.065864e-17,8.875023e-17,8.875023e-19
2.096203e+01,2.023714e-17,9.093431e-17,9.093431e-19
2.096487e+01,2.104651e-17,9.177955e-17,9.177955e-19
2.096772e+01,2.121277e-17,9.186072e-17,9.186072e-19
2.097056e+01,2.074374e-17,9.175707e-17,9.175707e-19
2.097340e+01,2.107837e-17,9.143542e-17,9.143542e-19
2.097625e+01,2.074186e-17,9.108732e-17,9.108732e-19
2.097909e+01,2.069900e-17,9.151966e-17,9.151966e-19
2.098194e+01,2.079231e-17,9.169903e-17,9.169903e-19
2.098478e+01,2.042578e-17,9.037393e-17,9.037393e-19
2.098762e+01,2.067450e-17,8.807890e-17,8.807890e-19
2.099047e+01,2.034943e-17,8.605166e-17,8.605166e-19
2.099331e+01,2.060552e-17,8.408171e-17,8.408171e-19
2.099615e+01,2.052209e-17,8.148878e-17,8.148878e-19
2.099900e+01,2.020222e-17,7.887109e-17,7.887109e-19
2.100184e+01,2.038065e-17,7.547296e-17,7.547296e-19
2.100468e+01,2.038907e-17,7.211438e-17,7.211438e-19
2.100753e+01,2.022206e-17,6.958332e-17,6.958332e-19
2.101037e+01,2.023551e-17,6.736030e-17,6.736030e-19
2.101321e+01,1.995322e-17,6.458544e-17,6.458544e-19
2.101606e+01,1.996418e-17,6.137438e-17,6.137438e-19
2.101890e+01,1.984068e-17,5.800404e-17,5.800404e-19
2.102174e+01,1.975932e-17,5.541809e-17,5.541809e-19
2.102459e+01,1.968887e-17,5.352829e-17,5.352829e-19
2.102743e+01,1.976008e-17,5.181153e-17,5.181153e-19
2.103027e+01,1.957994e-17,4.953945e-17,4.953945e-19
2.103312e+01,1.945675e-17,4.719605e-17,4.719605e-19
2.103596e+01,1.929361e-17,4.549572e-17,4.549572e-19
2.103880e+01,1.935813e-17,4.467390e-17,4.467390e-19
2.104165e+01,1.961563e-17,4.428342e-17,4.428342e-19
2.104449e+01,1.949633e-17,4.262292e-17,4.262292e-19
2.104733e+01,1.909860e-17,4.129805e-17,4.129805e-19
2.105018e+01,1.923291e-17,4.124668e-17,4.124668e-19
2.105302e+01,1.895735e-17,4.171358e-17,4.171358e-19
2.105587e+01,1.895505e-17,4.152765e-17,4.152765e-19
2.105871e+01,1.926067e-17,4.162151e-17,4.162151e-19
2.106155e+01,1.869758e-17,4.265106e-17,4.265106e-19
2.106440e+01,1.900331e-17,4.390768e-17,4.390768e-19
2.106724e+01,1.918789e-17,4.482734e-17,4.482734e-19
2.107008e+01,1.914889e-17,4.612715e-17,4.612715e-19
2.107293e+01,1.925717e-17,4.830669e-17,4.830669e-19
2.107577e+01,1.937630e-17,4.960637e-17,4.960637e-19
2.107861e+01,1.939748e-17,5.115061e-17,5.115061e-19
2.108146e+01,1.948607e-17,5.449136e-17,5.449136e-19
2.108430e+01,1.964664e-17,5.740387e-17,5.740387e-19
2.108714e+01,1.953884e-17,5.934067e-17,5.934067e-19
2.108999e+01,1.980110e-17,6.245562e-17,6.245562e-19
2.109283e+01,1.984567e-17,6.655902e-17,6.655902e-19
2.109567e+01,2.020102e-17,7.048669e-17,7.048669e-19
2.109852e+01,2.001408e-17,7.307590e-17,7.307590e-19
2.110136e+01,1.991947e-17,7.525043e-17,7.525043e-19
2.110420e+01,2.001469e-17,7.894199e-17,7.894199e-19
2.110705e+01,2.055904e-17,8.340418e-17,8.340418e-19
2.110989e+01,2.035079e-17,8.622227e-17,8.622227e-19
2.111273e+01,2.056098e-17,8.862145e-17,8.862145e-19
2.111558e+01,2.050298e-17,9.154247e-17,9.154247e-19
2.111842e+01,2.067417e-17,9.546845e-17,9.546845e-19
2.112127e+01,2.044890e-17,1.002191e-16,1.002191e-18
2.112411e+01,2.073903e-17,1.043583e-16,1.043583e-18
2.112695e+01,2.078714e-17,1.066589e-16,1.066589e-18
2.112980e+01,2.073907e-17,1.077718e-16,1.077718e-18
2.113264e+01,2.092434e-17,1.087493e-16,1.087493e-18
2.113548e+01,2.111050e-17,1.102215e-16,1.102215e-18
2.113833e+01,2.066885e-17,1.119514e-16,1.119514e-18
2.114117e+01,2.072183e-17,1.135292e-16,1.135292e-18
2.114401e+01,2.106794e-17,1.142224e-16,1.142224e-18
2.114686e+01,2.070658e-17,1.140710e-16,1.140710e-18
2.114970e+01,2.076554e-17,1.139997e-16,1.139997e-18
2.115254e+01,2.097940e-17,1.137609e-16,1.137609e-18
2.115539e+01,2.063351e-17,1.130631e-16,1.130631e-18
2.115823e+01,2.039969e-17,1.116614e-16,1.116614e-18
2.116107e+01,2.059957e-17,1.101621e-16,1.101621e-18
2.116392e+01,2.076926e-17,1.095729e-16,1.095729e-18
2.116676e+01,2.044924e-17,1.084045e-16,1.084045e-18
2.116960e+01,2.071589e-17,1.058660e-16,1.058660e-18
2.117245e+01,2.015426e-17,1.035154e-16,1.035154e-18
2.117529e+01,2.040797e-17,1.018308e-16,1.018308e-18
2.117813e+01,2.037251e-17,9.852433e-17,9.852433e-19
2.118098e+01,1.998751e-17,9.415985e-17,9.415985e-19
2.118382e+01,2.020307e-17,9.195861e-17,9.195861e-19
2.118666e+01,2.019459e-17,9.152057e-17,9.152057e-19
2.118951e+01,2.034266e-17,9.003272e-17,9.003272e-19
2.119235e+01,2.027080e-17,8.770266e-17,8.770266e-19
2.119520e+01,2.014883e-17,8.609367e-17,8.609367e-19
2.119804e+01,2.009990e-17,8.486555e-17,8.486555e-19
2.120088e+01,2.030227e-17,8.371525e-17,8.371525e-19
2.120373e+01,2.008753e-17,8.234360e-17,8.234360e-19
2.120657e+01,1.990217e-17,8.041727e-17,8.041727e-19
2.120941e+01,1.983719e-17,7.858417e-17,7.858417e-19
2.121226e+01,2.010243e-17,7.779139e-17,7.779139e-19
2.121510e+01,2.003749e-17,7.761156e-17,7.761156e-19
2.121794e+01,2.018262e-17,7.723377e-17,7.723377e-19
2.122079e+01,2.019727e-17,7.662044e-17,7.662044e-19
2.122363e+01,2.028372e-17,7.584363e-17,7.584363e-19
2.122647e+01,2.035777e-17,7.492691e-17,7.492691e-19
2.122932e+01,2.037714e-17,7.462645e-17,7.462645e-19
2.123216e+01,2.006520e-17,7.459769e-17,7.459769e-19
2.123500e+01,2.053820e-17,7.483420e-17,7.483420e-19
2.123785e+01,2.022890e-17,7.582978e-17,7.582978e-19
2.124069e+01,1.994627e-17,7.685536e-17,7.685536e-19
2.124353e+01,2.048268e-17,7.770747e-17,7.770747e-19
2.124638e+01,2.037678e-17,7.790015e-17,7.790015e-19
2.124922e+01,2.035755e-17,7.762739e-17,7.762739e-19
2.125206e+01,2.012284e-17,7.724713e-17,7.724713e-19
2.125491e+01,2.021082e-17,7.723236e-17,7.723236e-19
2.125775e+01,2.011306e-17,7.745719e-17,7.745719e-19
2.126059e+01,1.979930e-17,7.794968e-17,7.794968e-19
2.126344e+01,2.001615e-17,7.913076e-17,7.913076e-19
2.126628e+01,2.014403e-17,8.009998e-17,8.009998e-19
2.126913e+01,2.025745e-17,8.057051e-17,8.057051e-19
2.127197e+01,2.040835e-17,8.046668e-17,8.046668e-19
2.127481e+01,2.002059e-17,8.017042e-17,8.017042e-19
2.127766e+01,1.992527e-17,7.947598e-17,7.947598e-19
2.128050e+01,2.031440e-17,7.773407e-17,7.773407e-19
2.128334e+01,1.979002e-17,7.640727e-17,7.640727e-19
2.128619e+01,2.011099e-17,7.701654e-17,7.701654e-19
2.128903e+01,2.023477e-17,7.763695e-17,7.763695e-19
2.129187e+01,2.046189e-17,7.615160e-17,7.615160e-19
2.129472e+01,2.008627e-17,7.359159e-17,7.359159e-19
2.129756e+01,2.020944e-17,7.196735e-17,7.196735e-19
2.130040e+01,2.036800e-17,7.111251e-17,7.111251e-19
2.130325e+01,2.009439e-17,7.135655e-17,7.135655e-19
2.130609e+01,2.013811e-17,7.160478e-17,7.160478e-19
2.130893e+01,1.996532e-17,7.082135e-17,7.082135e-19
2.131178e+01,2.007930e-17,6.978034e-17,6.978034e-19
2.131462e+01,2.008183e-17,6.938648e-17,6.938648e-19
2.131746e+01,1.996004e-17,6.942576e-17,6.942576e-19
2.132031e+01,2.028887e-17,7.015701e-17,7.015701e-19
2.132315e+01,2.028384e-17,7.033741e-17,7.033741e-19
2.132599e+01,1.999583e-17,7.029398e-17,7.029398e-19
2.132884e+01,2.001814e-17,7.005628e-17,7.005628e-19
2.133168e+01,2.025635e-17,6.946815e-17,6.946815e-19
2.133452e+01,2.013812e-17,6.966168e-17,6.966168e-19
2.133737e+01,1.984835e-17,7.081028e-17,7.081028e-19
2.134021e+01,2.011469e-17,7.167345e-17,7.167345e-19
2.134306e+01,2.035270e-17,7.243712e-17,7.243712e-19
2.134590e+01,2.009675e-17,7.309846e-17,7.309846e-19
2.134874e+01,2.006304e-17,7.311127e-17,7.311127e-19
2.135159e+01,2.002666e-17,7.315748e-17,7.315748e-19
2.135443e+01,1.995800e-17,7.372388e-17,7.372388e-19
2.135727e+01,2.025242e-17,7.448882e-17,7.448882e-19
2.136012e+01,1.995836e-17,7.470007e-17,7.470007e-19
2.136296e+01,2.015780e-17,7.431018e-17,7.431018e-19
2.136580e+01,2.027269e-17,7.382970e-17,7.382970e-19
2.136865e+01,2.019639e-17,7.400563e-17,7.400563e-19
2.137149e+01,1.998208e-17,7.388038e-17,7.388038e-19
2.137433e+01,1.977373e-17,7.264871e-17,7.264871e-19
2.137718e+01,2.012437e-17,7.163302e-17,7.163302e-19
2.138002e+01,1.997881e-17,7.125016e-17,7.125016e-19
2.138286e+01,1.980963e-17,7.121948e-17,7.121948e-19
2.138571e+01,1.988720e-17,7.107279e-17,7.107279e-19
2.138855e+01,1.981110e-17,7.049482e-17,7.049482e-19
2.139139e+01,1.983178e-17,6.918414e-17,6.918414e-19
2.139424e+01,1.926684e-17,6.737864e-17,6.737864e-19
2.139708e+01,1.942871e-17,6.677165e-17,6.677165e-19
2.139992e+01,1.969641e-17,6.743455e-17,6.743455e-19
2.140277e+01,1.955819e-17,6.721002e-17,6.721002e-19
2.140561e+01,1.950823e-17,6.566269e-17,6.566269e-19
2.140846e+01,1.968175e-17,6.454753e-17,6.454753e-19
2.141130e+01,1.987023e-17,6.389694e-17,6.389694e-19
2.141414e+01,1.955597e-17,6.288397e-17,6.288397e-19
2.141699e+01,1.950411e-17,6.157361e-17,6.157361e-19
2.141983e+01,1.935186e-17,6.069855e-17,6.069855e-19
2.142267e+01,1.962933e-17,6.034834e-17,6.034834e-19
2.142552e+01,1.898963e-17,5.932960e-17,5.932960e-19
2.142836e+01,1.936247e-17,5.777881e-17,5.777881e-19
2.143120e+01,1.911053e-17,5.624709e-17,5.624709e-19
2.143405e+01,1.925513e-17,5.613475e-17,5.613475e-19
2.143689e+01,1.913563e-17,5.643323e-17,5.643323e-19
2.143973e+01,1.926752e-17,5.592927e-17,5.592927e-19
2.144258e+01,1.922148e-17,5.376068e-17,5.376068e-19
2.144542e+01,1.904431e-17,5.147184e-17,5.147184e-19
2.144826e+01,1.846370e-17,5.015127e-17,5.015127e-19
2.145111e+01,1.868360e-17,4.886167e-17,4.886167e-19
2.145395e+01,1.862596e-17,4.790733e-17,4.790733e-19
2.145679e+01,1.865434e-17,4.685276e-17,4.685276e-19
2.145964e+01,1.865808e-17,4.542089e-17,4.542089e-19
2.146248e+01,1.862780e-17,4.480165e-17,4.480165e-19
2.146532e+01,1.841586e-17,4.484113e-17,4.484113e-19
2.146817e+01,1.862268e-17,4.519994e-17,4.519994e-19
2.147101e+01,1.878165e-17,4.536589e-17,4.536589e-19
2.147385e+01,1.875956e-17,4.592463e-17,4.592463e-19
2.147670e+01,1.838354e-17,4.684441e-17,4.684441e-19
2.147954e+01,1.851509e-17,4.700566e-17,4.700566e-19
2.148239e+01,1.846970e-17,4.754843e-17,4.754843e-19
2.148523e+01,1.907051e-17,4.937373e-17,4.937373e-19
2.148807e+01,1.916003e-17,4.998376e-17,4.998376e-19
2.149092e+01,1.904179e-17,5.044489e-17,5.044489e-19
2.149376e+01,1.900049e-17,5.180751e-17,5.180751e-19
2.149660e+01,1.893880e-17,5.307468e-17,5.307468e-19
2.149945e+01,1.885068e-17,5.387273e-17,5.387273e-19
2.150229e+01,1.916329e-17,5.481225e-17,5.481225e-19
2.150513e+01,1.884676e-17,5.543985e-17,5.543985e-19
2.150798e+01,1.924808e-17,5.651855e-17,5.651855e-19
2.151082e+01,1.932356e-17,5.761356e-17,5.761356e-19
2.151366e+01,1.887936e-17,5.827387e-17,5.827387e-19
2.151651e+01,1.917294e-17,5.999215e-17,5.999215e-19
2.151935e+01,1.905286e-17,6.186310e-17,6.186310e-19
2.152219e+01,1.928264e-17,6.285740e-17,6.285740e-19
2.152504e+01,1.910856e-17,6.434448e-17,6.434448e-19
2.152788e+01,1.897763e-17,6.651569e-17,6.651569e-19
2.153072e+01,1.949411e-17,6.815146e-17,6.815146e-19
2.153357e+01,1.947644e-17,7.076444e-17,7.076444e-19
2.153641e+01,1.908041e-17,7.484866e-17,7.484866e-19
2.153925e+01,1.919438e-17,7.669600e-17,7.669600e-19
2.154210e+01,1.932653e-17,7.702671e-17,7.702671e-19
2.154494e+01,1.932940e-17,7.977561e-17,7.977561e-19
2.154778e+01,1.955379e-17,8.401172e-17,8.401172e-19
2.155063e+01,1.963363e-17,8.529081e-17,8.529081e-19
2.155347e+01,1.957952e-17,8.549091e-17,8.549091e-19
2.155632e+01,1.962507e-17,8.807172e-17,8.807172e-19
2.155916e+01,1.929633e-17,9.060071e-17,9.060071e-19
2.156200e+01,1.960970e-17,9.156013e-17,9.156013e-19
2.156485e+01,1.980151e-17,9.247020e-17,9.247020e-19
2.156769e+01,1.970273e-17,9.379383e-17,9.379383e-19
2.157053e+01,1.953577e-17,9.574611e-17,9.574611e-19
2.157338e+01,1.970831e-17,9.767432e-17,9.767432e-19
2.157622e+01,1.989649e-17,9.791276e-17,9.791276e-19
2.157906e+01,1.961556e-17,9.726057e-17,9.726057e-19
2.158191e+01,1.992896e-17,9.837592e-17,9.837592e-19
2.158475e+01,1.992306e-17,9.939519e-17,9.939519e-19
2.158759e+01,2.023918e-17,9.731629e-17,9.731629e-19
2.159044e+01,2.009803e-17,9.467121e-17,9.467121e-19
2.159328e+01,2.044383e-17,9.559624e-17,9.559624e-19
2.159612e+01,2.024148e-17,9.764622e-17,9.764622e-19
2.159897e+01,1.998251e-17,9.852458e-17,9.852458e-19
2.160181e+01,2.007960e-17,9.860407e-17,9.860407e-19
2.160465e+01,2.012758e-17,9.687558e-17,9.687558e-19
2.160750e+01,1.995065e-17,9.472492e-17,9.472492e-19
2.161034e+01,2.013658e-17,9.503577e-17,9.503577e-19
2.161318e+01,1.978986e-17,9.512702e-17,9.512702e-19
2.161603e+01,2.021337e-17,9.245679e-17,9.245679e-19
2.161887e+01,2.020395e-17,9.035319e-17,9.035319e-19
2.162172e+01,1.987476e-17,9.023465e-17,9.023465e-19
2.162456e+01,1.987497e-17,8.996877e-17,8.996877e-19
2.162740e+01,1.951926e-17,8.850755e-17,8.850755e-19
2.163025e+01,1.959651e-17,8.661564e-17,8.661564e-19
2.163309e+01,1.994533e-17,8.389708e-17,8.389708e-19
2.163593e+01,1.950011e-17,8.161588e-17,8.161588e-19
2.163878e+01,1.946835e-17,8.097678e-17,8.097678e-19
2.164162e+01,1.966560e-17,8.073066e-17,8.073066e-19
2.164446e+01,1.984269e-17,7.868654e-17,7.868654e-19
2.164731e+01,1.939383e-17,7.454591e-17,7.454591e-19
2.165015e+01,1.915298e-17,7.085107e-17,7.085107e-19
2.165299e+01,1.943997e-17,6.915083e-17,6.915083e-19
2.165584e+01,1.941643e-17,6.853475e-17,6.853475e-19
2.165868e+01,1.923777e-17,6.717722e-17,6.717722e-19
2.166152e+01,1.901468e-17,6.538643e-17,6.538643e-19
2.166437e+01,1.898020e-17,6.381828e-17,6.381828e-19
2.166721e+01,1.904074e-17,6.295375e-17,6.295375e-19
2.167005e+01,1.891263e-17,6.210726e-17,6.210726e-19
2.167290e+01,1.935016e-17,5.997287e-17,5.997287e-19
2.167574e+01,1.886399e-17,5.696868e-17,5.696868e-19
2.167858e+01,1.894770e-17,5.533829e-17,5.533829e-19
2.168143e+01,1.876224e-17,5.460984e-17,5.460984e-19
2.168427e+01,1.885015e-17,5.384416e-17,5.384416e-19
2.168711e+01,1.873269e-17,5.247121e-17,5.247121e-19
2.168996e+01,1.881532e-17,5.171162e-17,5.171162e-19
2.169280e+01,1.869719e-17,5.157625e-17,5.157625e-19
2.169565e+01,1.882892e-17,5.130583e-17,5.130583e-19
2.169849e+01,1.867848e-17,5.035461e-17,5.035461e-19
2.170133e+01,1.889328e-17,5.035474e-17,5.035474e-19
2.170418e+01,1.896885e-17,5.094076e-17,5.094076e-19
2.170702e+01,1.850470e-17,5.084610e-17,5.084610e-19
2.170986e+01,1.889519e-17,5.142026e-17,5.142026e-19
2.171271e+01,1.883736e-17,5.286671e-17,5.286671e-19
2.171555e+01,1.900958e-17,5.404543e-17,5.404543e-19
2.171839e+01,1.888072e-17,5.559599e-17,5.559599e-19
2.172124e+01,1.885471e-17,5.772323e-17,5.772323e-19
2.172408e+01,1.864437e-17,5.913267e-17,5.913267e-19
2.172692e+01,1.918153e-17,6.023424e-17,6.023424e-19
2.172977e+01,1.919787e-17,6.151940e-17,6.151940e-19
2.173261e+01,1.906129e-17,6.243937e-17,6.243937e-19
2.173545e+01,1.912293e-17,6.323120e-17,6.323120e-19
2.173830e+01,1.885890e-17,6.451854e-17,6.451854e-19
2.174114e+01,1.926494e-17,6.570077e-17,6.570077e-19
2.174398e+01,1.935774e-17,6.594288e-17,6.594288e-19
2.174683e+01,1.933553e-17,6.669739e-17,6.669739e-19
2.174967e+01,1.895117e-17,6.746569e-17,6.746569e-19
2.175251e+01,1.915931e-17,6.761426e-17,6.761426e-19
2.175536e+01,1.904886e-17,6.725659e-17,6.725659e-19
2.175820e+01,1.885929e-17,6.653114e-17,6.653114e-19
2.176104e+01,1.880776e-17,6.584278e-17,6.584278e-19
2.176389e+01,1.877809e-17,6.573537e-17,6.573537e-19
2.176673e+01,1.882149e-17,6.558403e-17,6.558403e-19
2.176958e+01,1.877662e-17,6.449182e-17,6.449182e-19
2.177242e+01,1.873199e-17,6.393110e-17,6.393110e-19
2.177526e+01,1.913371e-17,6.328734e-17,6.328734e-19
2.177811e+01,1.873970e-17,6.165200e-17,6.165200e-19
2.178095e+01,1.888371e-17,6.025914e-17,6.025914e-19
2.178379e+01,1.858459e-17,5.995278e-17,5.995278e-19
2.178664e+01,1.885320e-17,5.966343e-17,5.966343e-19
2.178948e+01,1.885073e-17,5.795608e-17,5.795608e-19
2.179232e+01,1.821116e-17,5.593542e-17,5.593542e-19
2.179517e+01,1.842117e-17,5.453060e-17,5.453060e-19
2.179801e+01,1.873007e-17,5.351231e-17,5.351231e-19
2.180085e+01,1.852994e-17,5.308090e-17,5.308090e-19
2.180370e+01,1.869230e-17,5.182754e-17,5.182754e-19
2.180654e+01,1.885931e-17,5.108198e-17,5.108198e-19
2.180938e+01,1.894860e-17,5.095702e-17,5.095702e-19
2.181223e+01,1.865561e-17,5.104024e-17,5.104024e-19
2.181507e+01,1.859093e-17,5.043990e-17,5.043990e-19
2.181791e+01,1.833165e-17,4.897451e-17,4.897451e-19
2.182076e+01,1.861097e-17,4.810479e-17,4.810479e-19
2.182360e+01,1.863392e-17,4.945267e-17,4.945267e-19
2.182644e+01,1.882395e-17,5.013301e-17,5.013301e-19
2.182929e+01,1.886240e-17,4.820956e-17,4.820956e-19
2.183213e+01,1.852646e-17,4.697652e-17,4.697652e-19
2.183497e+01,1.872475e-17,4.766762e-17,4.766762e-19
2.183782e+01,1.877200e-17,4.779141e-17,4.779141e-19
2.184066e+01,1.870249e-17,4.646464e-17,4.646464e-19
2.184351e+01,1.872569e-17,4.523417e-17,4.523417e-19
2.184635e+01,1.871695e-17,4.557334e-17,4.557334e-19
2.184919e+01,1.863703e-17,4.578809e-17,4.578809e-19
2.185204e+01,1.868517e-17,4.562594e-17,4.562594e-19
2.185488e+01,1.881862e-17,4.618262e-17,4.618262e-19
2.185772e+01,1.857941e-17,4.699440e-17,4.699440e-19
2.186057e+01,1.860758e-17,4.731769e-17,4.731769e-19
2.186341e+01,1.850192e-17,4.755303e-17,4.755303e-19
2.186625e+01,1.867189e-17,4.738097e-17,4.738097e-19
2.186910e+01,1.835650e-17,4.699550e-17,4.699550e-19
2.187194e+01,1.841393e-17,4.759989e-17,4.759989e-19
2.187478e+01,1.868829e-17,4.845872e-17,4.845872e-19
2.187763e+01,1.862878e-17,4.902013e-17,4.902013e-19
2.188047e+01,1.859121e-17,4.968044e-17,4.968044e-19
2.188331e+01,1.850095e-17,5.105208e-17,5.105208e-19
2.188616e+01,1.886624e-17,5.407610e-17,5.407610e-19
2.188900e+01,1.865104e-17,5.670687e-17,5.670687e-19
2.189184e+01,1.890914e-17,5.842081e-17,5.842081e-19
2.189469e+01,1.879958e-17,5.983488e-17,5.983488e-19
2.189753e+01,1.893135e-17,6.203729e-17,6.203729e-19
2.190037e+01,1.879036e-17,6.537231e-17,6.537231e-19
2.190322e+01,1.905372e-17,6.937836e-17,6.937836e-19
2.190606e+01,1.947639e-17,7.351035e-17,7.351035e-19
2.190891e+01,1.932102e-17,7.726550e-17,7.726550e-19
2.191175e+01,1.921514e-17,8.079247e-17,8.079247e-19
2.191459e+01,1.949356e-17,8.428554e-17,8.428554e-19
2.191744e+01,1.934414e-17,8.720533e-17,8.720533e-19
2.192028e+01,1.943493e-17,8.980339e-17,8.980339e-19
2.192312e+01,1.969965e-17,9.301496e-17,9.301496e-19
2.192597e+01,1.978199e-17,9.579217e-17,9.579217e-19
2.192881e+01,1.985385e-17,9.672078e-17,9.672078e-19
2.193165e+01,1.958149e-17,9.661166e-17,9.661166e-19
2.193450e+01,1.950461e-17,9.681298e-17,9.681298e-19
2.193734e+01,1.987205e-17,9.718861e-17,9.718861e-19
2.194018e+01,2.002305e-17,9.763030e-17,9.763030e-19
2.194303e+01,2.006318e-17,9.740595e-17,9.740595e-19
2.194587e+01,1.961978e-17,9.646496e-17,9.646496e-19
2.194871e+01,1.994282e-17,9.540544e-17,9.540544e-19
2.195156e+01,1.986073e-17,9.463698e-17,9.463698e-19
2.195440e+01,1.984831e-17,9.398066e-17,9.398066e-19
2.195724e+01,1.969776e-17,9.276351e-17,9.276351e-19
2.196009e+01,1.966846e-17,9.188983e-17,9.188983e-19
2.196293e+01,1.984551e-17,9.258661e-17,9.258661e-19
2.196577e+01,1.977303e-17,9.270389e-17,9.270389e-19
2.196862e+01,1.969773e-17,9.207092e-17,9.207092e-19
2.197146e+01,1.983047e-17,9.260739e-17,9.260739e-19
2.197430e+01,1.937545e-17,9.338283e-17,9.338283e-19
2.197715e+01,1.967181e-17,9.392514e-17,9.392514e-19
2.197999e+01,1.984894e-17,9.540922e-17,9.540922e-19
2.198284e+01,1.966004e-17,9.659559e-17,9.659559e-19
2.198568e+01,1.949322e-17,9.581248e-17,9.581248e-19
2.198852e+01,1.951938e-17,9.565972e-17,9.565972e-19
2.199137e+01,1.946692e-17,9.727534e-17,9.727534e-19
2.199421e+01,1.906510e-17,9.816028e-17,9.816028e-19
2.199705e+01,1.948438e-17,9.732275e-17,9.732275e-19
2.199990e+01,1.933740e-17,9.771649e-17,9.771649e-19
2.200274e+01,1.922637e-17,9.969266e-17,9.969266e-19
2.200558e+01,1.916616e-17,1.008683e-16,1.008683e-18
2.200843e+01,1.943578e-17,1.009370e-16,1.009370e-18
2.201127e+01,1.925438e-17,1.008601e-16,1.008601e-18
2.201411e+01,1.917424e-17,1.000494e-16,1.000494e-18
2.201696e+01,1.927307e-17,9.767543e-17,9.767543e-19
2.201980e+01,1.920347e-17,9.514046e-17,9.514046e-19
2.202264e+01,1.927879e-17,9.507155e-17,9.507155e-19
2.202549e+01,1.950283e-17,9.580408e-17,9.580408e-19
2.202833e+01,1.934283e-17,9.483803e-17,9.483803e-19
2.203117e+01,1.915244e-17,9.363651e-17,9.363651e-19
2.203402e+01,1.957515e-17,9.197824e-17,9.197824e-19
2.203686e+01,1.910221e-17,8.882581e-17,8.882581e-19
2.203970e+01,1.918348e-17,8.595289e-17,8.595289e-19
2.204255e+01,1.976760e-17,8.392422e-17,8.392422e-19
2.204539e+01,1.897427e-17,8.062613e-17,8.062613e-19
2.204823e+01,1.900157e-17,7.710230e-17,7.710230e-19
2.205108e+01,1.903956e-17,7.473265e-17,7.473265e-19
2.205392e+01,1.918696e-17,7.285067e-17,7.285067e-19
2.205677e+01,1.893305e-17,7.089729e-17,7.089729e-19
2.205961e+01,1.873545e-17,6.819185e-17,6.819185e-19
2.206245e+01,1.863028e-17,6.543653e-17,6.543653e-19
2.206530e+01,1.857981e-17,6.384086e-17,6.384086e-19
2.206814e+01,1.872160e-17,6.192187e-17,6.192187e-19
2.207098e+01,1.862729e-17,5.920836e-17,5.920836e-19
2.207383e+01,1.829055e-17,5.780541e-17,5.780541e-19
2.207667e+01,1.849824e-17,5.742117e-17,5.742117e-19
2.207951e+01,1.880665e-17,5.611782e-17,5.611782e-19
2.208236e+01,1.826002e-17,5.444058e-17,5.444058e-19
2.208520e+01,1.833365e-17,5.426792e-17,5.426792e-19
2.208804e+01,1.862272e-17,5.445364e-17,5.445364e-19
2.209089e+01,1.841424e-17,5.343379e-17,5.343379e-19
2.209373e+01,1.832643e-17,5.269773e-17,5.269773e-19
2.209657e+01,1.850763e-17,5.233230e-17,5.233230e-19
2.209942e+01,1.836178e-17,5.176700e-17,5.176700e-19
2.210226e+01,1.887833e-17,5.137894e-17,5.137894e-19
2.210510e+01,1.858083e-17,5.041670e-17,5.041670e-19
2.210795e+01,1.848653e-17,4.970861e-17,4.970861e-19
2.211079e+01,1.840899e-17,4.830573e-17,4.830573e-19
2.211363e+01,1.848838e-17,4.634682e-17,4.634682e-19
2.211648e+01,1.819925e-17,4.527846e-17,4.527846e-19
2.211932e+01,1.799564e-17,4.512231e-17,4.512231e-19
2.212217e+01,1.809696e-17,4.487988e-17,4.487988e-19
2.212501e+01,1.838224e-17,4.359532e-17,4.359532e-19
2.212785e+01,1.827355e-17,4.225665e-17,4.225665e-19
2.213070e+01,1.819468e-17,4.181868e-17,4.181868e-19
2.213354e+01,1.813303e-17,4.219231e-17,4.219231e-19
2.213638e+01,1.828431e-17,4.197584e-17,4.197584e-19
2.213923e+01,1.816135e-17,4.151184e-17,4.151184e-19
2.214207e+01,1.837274e-17,4.186140e-17,4.186140e-19
2.214491e+01,1.799137e-17,4.212764e-17,4.212764e-19
2.214776e+01,1.801723e-17,4.304467e-17,4.304467e-19
2.215060e+01,1.849694e-17,4.487349e-17,4.487349e-19
2.215344e+01,1.849496e-17,4.653927e-17,4.653927e-19
2.215629e+01,1.836055e-17,4.758142e-17,4.758142e-19
2.215913e+01,1.818462e-17,4.846672e-17,4.846672e-19
2.216197e+01,1.825986e-17,5.044176e-17,5.044176e-19
2.216482e+01,1.866124e-17,5.324090e-17,5.324090e-19
2.216766e+01,1.845293e-17,5.607226e-17,5.607226e-19
2.217050e+01,1.875546e-17,5.846245e-17,5.846245e-19
2.217335e+01,1.859974e-17,6.006632e-17,6.006632e-19
2.217619e+01,1.885397e-17,6.201230e-17,6.201230e-19
2.217903e+01,1.857651e-17,6.401193e-17,6.401193e-19
2.218188e+01,1.871874e-17,6.581279e-17,6.581279e-19
2.218472e+01,1.857754e-17,6.739173e-17,6.739173e-19
2.218756e+01,1.853683e-17,6.845436e-17,6.845436e-19
2.219041e+01,1.895314e-17,6.938284e-17,6.938284e-19
2.219325e+01,1.886916e-17,7.061133e-17,7.061133e-19
2.219610e+01,1.893807e-17,7.223198e-17,7.223198e-19
2.219894e+01,1.897916e-17,7.332129e-17,7.332129e-19
2.220178e+01,1.932179e-17,7.447692e-17,7.447692e-19
2.220463e+01,1.912719e-17,7.526258e-17,7.526258e-19
2.220747e+01,1.927551e-17,7.440176e-17,7.440176e-19
2.221031e+01,1.919191e-17,7.300905e-17,7.300905e-19
2.221316e+01,1.924193e-17,7.269062e-17,7.269062e-19
2.221600e+01,1.926147e-17,7.259321e-17,7.259321e-19
2.221884e+01,1.898908e-17,7.266960e-17,7.266960e-19
2.222169e+01,1.924332e-17,7.320004e-17,7.320004e-19
2.222453e+01,1.916329e-17,7.366732e-17,7.366732e-19
2.222737e+01,1.920602e-17,7.368569e-17,7.368569e-19
2.223022e+01,1.897989e-17,7.289721e-17,7.289721e-19
2.223306e+01,1.921908e-17,7.179736e-17,7.179736e-19
2.223590e+01,1.912091e-17,7.062411e-17,7.062411e-19
2.223875e+01,1.924734e-17,7.032637e-17,7.032637e-19
2.224159e+01,1.910586e-17,7.022024e-17,7.022024e-19
2.224443e+01,1.917705e-17,6.939175e-17,6.939175e-19
2.224728e+01,1.885313e-17,6.776647e-17,6.776647e-19
2.225012e+01,1.908851e-17,6.727489e-17,6.727489e-19
2.225296e+01,1.886696e-17,6.762072e-17,6.762072e-19
2.225581e+01,1.864071e-17,6.776198e-17,6.776198e-19
2.225865e+01,1.910623e-17,6.774215e-17,6.774215e-19
2.226149e+01,1.883193e-17,6.744725e-17,6.744725e-19
2.226434e+01,1.892681e-17,6.624463e-17,6.624463e-19
2.226718e+01,1.865085e-17,6.445406e-17,6.445406e-19
2.227003e+01,1.855457e-17,6.328682e-17,6.328682e-19
2.227287e+01,1.872494e-17,6.249462e-17,6.249462e-19
2.227571e+01,1.876268e-17,6.178140e-17,6.178140e-19
2.227856e+01,1.835630e-17,6.112189e-17,6.112189e-19
2.228140e+01,1.863831e-17,6.096442e-17,6.096442e-19
2.228424e+01,1.884109e-17,6.092090e-17,6.092090e-19
2.228709e+01,1.833089e-17,6.001544e-17,6.001544e-19
2.228993e+01,1.828479e-17,5.930190e-17,5.930190e-19
2.229277e+01,1.826760e-17,5.830178e-17,5.830178e-19
2.229562e+01,1.805974e-17,5.666195e-17,5.666195e-19
2.229846e+01,1.835392e-17,5.574589e-17,5.574589e-19
2.230130e+01,1.796672e-17,5.583538e-17,5.583538e-19
2.230415e+01,1.818024e-17,5.561441e-17,5.561441e-19
2.230699e+01,1.819135e-17,5.456901e-17,5.456901e-19
2.230983e+01,1.816423e-17,5.438761e-17,5.438761e-19
2.231268e+01,1.773627e-17,5.422736e-17,5.422736e-19
2.231552e+01,1.802317e-17,5.300941e-17,5.300941e-19
2.231836e+01,1.782363e-17,5.165724e-17,5.165724e-19
2.232121e+01,1.763905e-17,5.111061e-17,5.111061e-19
2.232405e+01,1.807292e-17,5.002870e-17,5.002870e-19
2.232689e+01,1.802049e-17,4.927560e-17,4.927560e-19
2.232974e+01,1.801590e-17,4.838617e-17,4.838617e-19
2.233258e+01,1.768589e-17,4.672401e-17,4.672401e-19
2.233542e+01,1.794209e-17,4.577390e-17,4.577390e-19
2.233827e+01,1.793807e-17,4.524975e-17,4.524975e-19
2.234111e+01,1.786206e-17,4.464524e-17,4.464524e-19
2.234396e+01,1.782689e-17,4.491304e-17,4.491304e-19
2.234680e+01,1.823578e-17,4.605046e-17,4.605046e-19
2.234964e+01,1.796846e-17,4.649199e-17,4.649199e-19
2.235249e+01,1.803855e-17,4.700992e-17,4.700992e-19
2.235533e+01,1.817531e-17,4.786016e-17,4.786016e-19
2.235817e+01,1.829309e-17,4.808380e-17,4.808380e-19
2.236102e+01,1.846631e-17,4.858030e-17,4.858030e-19
2.236386e+01,1.857412e-17,5.048078e-17,5.048078e-19
2.236670e+01,1.805045e-17,5.148595e-17,5.148595e-19
2.236955e+01,1.816067e-17,5.155871e-17,5.155871e-19
2.237239e+01,1.805735e-17,5.253157e-17,5.253157e-19
2.237523e+01,1.820817e-17,5.455066e-17,5.455066e-19
2.237808e+01,1.818994e-17,5.664743e-17,5.664743e-19
2.238092e+01,1.829145e-17,5.856677e-17,5.856677e-19
2.238376e+01,1.796671e-17,6.024169e-17,6.024169e-19
2.238661e+01,1.836793e-17,6.215825e-17,6.215825e-19
2.238945e+01,1.848106e-17,6.358395e-17,6.358395e-19
2.239229e+01,1.832624e-17,6.501300e-17,6.501300e-19
2.239514e+01,1.840038e-17,6.563557e-17,6.563557e-19
2.239798e+01,1.812555e-17,6.573749e-17,6.573749e-19
2.240082e+01,1.791700e-17,6.712073e-17,6.712073e-19
2.240367e+01,1.841238e-17,7.044862e-17,7.044862e-19
2.240651e+01,1.864636e-17,7.286469e-17,7.286469e-19
2.240936e+01,1.818552e-17,7.301587e-17,7.301587e-19
2.241220e+01,1.817483e-17,7.306896e-17,7.306896e-19
2.241504e+01,1.849432e-17,7.484972e-17,7.484972e-19
2.241789e+01,1.847764e-17,7.567159e-17,7.567159e-19
2.242073e+01,1.839453e-17,7.589432e-17,7.589432e-19
2.242357e+01,1.868798e-17,7.718511e-17,7.718511e-19
2.242642e+01,1.857427e-17,7.799380e-17,7.799380e-19
2.242926e+01,1.836374e-17,7.712471e-17,7.712471e-19
2.243210e+01,1.848412e-17,7.719530e-17,7.719530e-19
2.243495e+01,1.862213e-17,7.760424e-17,7.760424e-19
2.243779e+01,1.838101e-17,7.670848e-17,7.670848e-19
2.244063e+01,1.834340e-17,7.629230e-17,7.629230e-19
2.244348e+01,1.853324e-17,7.734248e-17,7.734248e-19
2.244632e+01,1.836098e-17,7.611303e-17,7.611303e-19
2.244916e+01,1.848707e-17,7.316817e-17,7.316817e-19
2.245201e+01,1.861761e-17,7.210230e-17,7.210230e-19
2.245485e+01,1.831154e-17,7.148638e-17,7.148638e-19
2.245769e+01,1.836428e-17,6.947954e-17,6.947954e-19
2.246054e+01,1.827187e-17,6.773245e-17,6.773245e-19
2.246338e+01,1.834278e-17,6.683834e-17,6.683834e-19
2.246622e+01,1.818344e-17,6.447592e-17,6.447592e-19
2.246907e+01,1.829200e-17,6.178586e-17,6.178586e-19
2.247191e+01,1.829683e-17,6.121588e-17,6.121588e-19
2.247475e+01,1.817170e-17,6.059154e-17,6.059154e-19
2.247760e+01,1.845225e-17,5.788079e-17,5.788079e-19
2.248044e+01,1.787912e-17,5.562877e-17,5.562877e-19
2.248329e+01,1.793477e-17,5.536586e-17,5.536586e-19
2.248613e+01,1.793599e-17,5.458138e-17,5.458138e-19
2.248897e+01,1.783941e-17,5.283501e-17,5.283501e-19
2.249182e+01,1.791547e-17,5.112964e-17,5.112964e-19
2.249466e+01,1.794207e-17,4.971063e-17,4.971063e-19
2.249750e+01,1.805622e-17,4.891076e-17,4.891076e-19
2.250035e+01,1.820450e-17,4.919415e-17,4.919415e-19
2.250319e+01,1.787037e-17,4.985763e-17,4.985763e-19
2.250603e+01,1.804694e-17,5.019473e-17,5.019473e-19
2.250888e+01,1.800425e-17,5.000861e-17,5.000861e-19
2.251172e+01,1.795364e-17,5.030625e-17,5.030625e-19
2.251456e+01,1.837494e-17,5.135198e-17,5.135198e-19
2.251741e+01,1.790264e-17,5.285055e-17,5.285055e-19
2.252025e+01,1.822890e-17,5.457542e-17,5.457542e-19
2.252309e+01,1.824050e-17,5.453791e-17,5.453791e-19
2.252594e+01,1.833382e-17,5.420630e-17,5.420630e-19
2.252878e+01,1.851064e-17,5.559630e-17,5.559630e-19
2.253162e+01,1.843705e-17,5.743258e-17,5.743258e-19
2.253447e+01,1.822708e-17,5.781920e-17,5.781920e-19
2.253731e+01,1.850152e-17,5.775029e-17,5.775029e-19
2.254015e+01,1.846714e-17,5.775448e-17,5.775448e-19
2.254300e+01,1.836315e-17,5.792335e-17,5.792335e-19
2.254584e+01,1.829570e-17,5.852620e-17,5.852620e-19
2.254868e+01,1.866967e-17,5.874537e-17,5.874537e-19
2.255153e+01,1.856479e-17,5.840693e-17,5.840693e-19
2.255437e+01,1.833190e-17,5.743307e-17,5.743307e-19
2.255722e+01,1.843753e-17,5.743636e-17,5.743636e-19
2.256006e+01,1.833677e-17,5.811233e-17,5.811233e-19
2.256290e+01,1.868315e-17,5.828483e-17,5.828483e-19
2.256575e+01,1.847277e-17,5.773625e-17,5.773625e-19
2.256859e+01,1.857257e-17,5.706595e-17,5.706595e-19
2.257143e+01,1.846227e-17,5.735400e-17,5.735400e-19
2.257428e+01,1.838398e-17,5.762129e-17,5.762129e-19
2.257712e+01,1.828692e-17,5.768601e-17,5.768601e-19
2.257996e+01,1.838212e-17,5.787916e-17,5.787916e-19
2.258281e+01,1.830412e-17,5.820560e-17,5.820560e-19
2.258565e+01,1.823862e-17,5.847472e-17,5.847472e-19
2.258849e+01,1.859544e-17,5.957510e-17,5.957510e-19
2.259134e+01,1.840574e-17,6.033143e-17,6.033143e-19
2.259418e+01,1.840156e-17,6.086490e-17,6.086490e-19
2.259702e+01,1.837100e-17,6.166033e-17,6.166033e-19
2.259987e+01,1.856551e-17,6.230055e-17,6.230055e-19
2.260271e+01,1.822686e-17,6.287176e-17,6.287176e-19
2.260555e+01,1.875190e-17,6.384639e-17,6.384639e-19
2.260840e+01,1.850825e-17,6.402143e-17,6.402143e-19
2.261124e+01,1.866015e-17,6.521144e-17,6.521144e-19
2.261408e+01,1.840515e-17,6.719301e-17,6.719301e-19
2.261693e+01,1.831446e-17,6.853829e-17,6.853829e-19
2.261977e+01,1.854400e-17,6.893029e-17,6.893029e-19
2.262262e+01,1.863964e-17,6.984460e-17,6.984460e-19
2.262546e+01,1.842568e-17,7.058009e-17,7.058009e-19
2.262830e+01,1.864920e-17,7.081763e-17,7.081763e-19
2.263115e+01,1.860553e-17,7.168504e-17,7.168504e-19
2.263399e+01,1.850750e-17,7.375866e-17,7.375866e-19
2.263683e+01,1.856302e-17,7.457544e-17,7.457544e-19
2.263968e+01,1.864320e-17,7.397561e-17,7.397561e-19
2.264252e+01,1.826413e-17,7.425700e-17,7.425700e-19
2.264536e+01,1.867401e-17,7.529986e-17,7.529986e-19
2.264821e+01,1.831525e-17,7.534557e-17,7.534557e-19
2.265105e+01,1.878414e-17,7.584030e-17,7.584030e-19
2.265389e+01,1.852356e-17,7.613991e-17,7.613991e-19
2.265674e+01,1.847496e-17,7.552460e-17,7.552460e-19
2.265958e+01,1.851073e-17,7.531340e-17,7.531340e-19
2.266242e+01,1.885023e-17,7.685169e-17,7.685169e-19
2.266527e+01,1.861081e-17,7.802058e-17,7.802058e-19
2.266811e+01,1.846204e-17,7.670726e-17,7.670726e-19
2.267095e+01,1.849285e-17,7.527607e-17,7.527607e-19
2.267380e+01,1.847948e-17,7.571290e-17,7.571290e-19
2.267664e+01,1.863878e-17,7.617023e-17,7.617023e-19
2.267948e+01,1.878181e-17,7.522578e-17,7.522578e-19
2.268233e+01,1.843447e-17,7.420161e-17,7.420161e-19
2.268517e+01,1.851768e-17,7.323553e-17,7.323553e-19
2.268801e+01,1.840133e-17,7.240735e-17,7.240735e-19
2.269086e+01,1.875061e-17,7.267982e-17,7.267982e-19
2.269370e+01,1.870663e-17,7.324454e-17,7.324454e-19
2.269655e+01,1.889191e-17,7.314223e-17,7.314223e-19
2.269939e+01,1.872445e-17,7.255224e-17,7.255224e-19
2.270223e+01,1.852747e-17,7.216334e-17,7.216334e-19
2.270508e+01,1.850456e-17,7.174137e-17,7.174137e-19
2.270792e+01,1.868544e-17,7.131758e-17,7.131758e-19
2.271076e+01,1.851484e-17,7.069090e-17,7.069090e-19
2.271361e+01,1.878381e-17,6.994074e-17,6.994074e-19
2.271645e+01,1.855394e-17,6.919034e-17,6.919034e-19
2.271929e+01,1.837237e-17,6.909273e-17,6.909273e-19
2.272214e+01,1.841154e-17,6.887744e-17,6.887744e-19
2.272498e+01,1.842860e-17,6.800027e-17,6.800027e-19
2.272782e+01,1.828560e-17,6.744889e-17,6.744889e-19
2.273067e+01,1.829640e-17,6.717397e-17,6.717397e-19
2.273351e+01,1.847262e-17,6.700854e-17,6.700854e-19
2.273635e+01,1.851301e-17,6.672149e-17,6.672149e-19
2.273920e+01,1.820376e-17,6.572880e-17,6.572880e-19
2.274204e+01,1.855197e-17,6.446841e-17,6.446841e-19
2.274488e+01,1.820418e-17,6.352474e-17,6.352474e-19
2.274773e+01,1.834953e-17,6.374025e-17,6.374025e-19
2.275057e+01,1.824314e-17,6.433340e-17,6.433340e-19
2.275341e+01,1.839707e-17,6.490483e-17,6.490483e-19
2.275626e+01,1.821746e-17,6.534361e-17,6.534361e-19
2.275910e+01,1.819500e-17,6.564411e-17,6.564411e-19
2.276194e+01,1.813438e-17,6.612601e-17,6.612601e-19
2.276479e+01,1.798538e-17,6.680197e-17,6.680197e-19
2.276763e+01,1.827991e-17,6.747147e-17,6.747147e-19
2.277048e+01,1.835428e-17,6.880136e-17,6.880136e-19
2.277332e+01,1.820269e-17,7.020067e-17,7.020067e-19
2.277616e+01,1.853403e-17,7.099166e-17,7.099166e-19
2.277901e+01,1.826869e-17,7.127307e-17,7.127307e-19
2.278185e+01,1.852824e-17,7.195853e-17,7.195853e-19
2.278469e+01,1.845245e-17,7.237300e-17,7.237300e-19
2.278754e+01,1.867602e-17,7.289096e-17,7.289096e-19
2.279038e+01,1.848252e-17,7.311971e-17,7.311971e-19
2.279322e+01,1.866202e-17,7.300949e-17,7.300949e-19
2.279607e+01,1.846667e-17,7.293999e-17,7.293999e-19
2.279891e+01,1.860166e-17,7.404772e-17,7.404772e-19
2.280175e+01,1.869080e-17,7.553173e-17,7.553173e-19
2.280460e+01,1.888144e-17,7.682782e-17,7.682782e-19
2.280744e+01,1.871635e-17,7.768980e-17,7.768980e-19
2.281028e+01,1.899453e-17,7.856235e-17,7.856235e-19
2.281313e+01,1.886017e-17,7.920537e-17,7.920537e-19
2.281597e+01,1.860843e-17,7.965656e-17,7.965656e-19
2.281881e+01,1.866762e-17,8.001589e-17,8.001589e-19
2.282166e+01,1.850318e-17,8.025531e-17,8.025531e-19
2.282450e+01,1.860061e-17,7.979074e-17,7.979074e-19
2.282734e+01,1.889526e-17,7.955431e-17,7.955431e-19
2.283019e+01,1.849227e-17,8.057790e-17,8.057790e-19
2.283303e+01,1.866728e-17,8.244012e-17,8.244012e-19
2.283588e+01,1.876863e-17,8.248858e-17,8.248858e-19
2.283872e+01,1.904433e-17,8.151214e-17,8.151214e-19
2.284156e+01,1.848637e-17,8.176164e-17,8.176164e-19
2.284441e+01,1.871872e-17,8.318810e-17,8.318810e-19
2.284725e+01,1.902405e-17,8.331115e-17,8.331115e-19
2.285009e+01,1.910551e-17,8.185975e-17,8.185975e-19
2.285294e+01,1.870662e-17,8.113825e-17,8.113825e-19
2.285578e+01,1.894194e-17,8.170870e-17,8.170870e-19
2.285862e+01,1.891470e-17,8.175637e-17,8.175637e-19
2.286147e+01,1.844841e-17,8.052676e-17,8.052676e-19
2.286431e+01,1.866353e-17,7.974265e-17,7.974265e-19
2.286715e+01,1.885517e-17,8.008642e-17,8.008642e-19
2.287000e+01,1.902661e-17,8.111116e-17,8.111116e-19
2.287284e+01,1.908725e-17,8.154163e-17,8.154163e-19
2.287568e+01,1.851576e-17,8.034472e-17,8.034472e-19
2.287853e+01,1.891523e-17,7.891750e-17,7.891750e-19
2.288137e+01,1.862831e-17,7.888541e-17,7.888541e-19
2.288421e+01,1.853084e-17,7.888516e-17,7.888516e-19
2.288706e+01,1.852231e-17,7.750253e-17,7.750253e-19
2.288990e+01,1.853849e-17,7.562833e-17,7.562833e-19
2.289274e+01,1.856553e-17,7.398314e-17,7.398314e-19
2.289559e+01,1.842160e-17,7.309049e-17,7.309049e-19
2.289843e+01,1.860020e-17,7.295834e-17,7.295834e-19
2.290127e+01,1.835019e-17,7.254961e-17,7.254961e-19
2.290412e+01,1.811661e-17,7.172765e-17,7.172765e-19
2.290696e+01,1.837610e-17,7.052756e-17,7.052756e-19
2.290981e+01,1.854958e-17,6.889675e-17,6.889675e-19
2.291265e+01,1.825627e-17,6.731833e-17,6.731833e-19
2.291549e+01,1.790485e-17,6.571342e-17,6.571342e-19
2.291834e+01,1.815293e-17,6.431724e-17,6.431724e-19
2.292118e+01,1.810772e-17,6.336679e-17,6.336679e-19
2.292402e+01,1.800210e-17,6.204856e-17,6.204856e-19
2.292687e+01,1.782729e-17,6.102562e-17,6.102562e-19
2.292971e+01,1.806917e-17,6.115897e-17,6.115897e-19
2.293255e+01,1.802765e-17,6.146930e-17,6.146930e-19
2.293540e+01,1.778375e-17,6.056020e-17,6.056020e-19
2.293824e+01,1.800910e-17,5.956190e-17,5.956190e-19
2.294108e+01,1.789372e-17,5.960236e-17,5.960236e-19
2.294393e+01,1.795466e-17,6.002472e-17,6.002472e-19
2.294677e+01,1.786630e-17,6.037714e-17,6.037714e-19
2.294961e+01,1.799747e-17,6.036997e-17,6.036997e-19
2.295246e+01,1.779859e-17,6.047038e-17,6.047038e-19
2.295530e+01,1.783995e-17,6.203630e-17,6.203630e-19
2.295814e+01,1.795107e-17,6.445981e-17,6.445981e-19
2.296099e+01,1.778253e-17,6.652888e-17,6.652888e-19
2.296383e+01,1.802086e-17,6.808976e-17,6.808976e-19
2.296667e+01,1.809877e-17,6.999782e-17,6.999782e-19
2.296952e+01,1.819335e-17,7.180302e-17,7.180302e-19
2.297236e+01,1.806549e-17,7.229546e-17,7.229546e-19
2.297520e+01,1.827355e-17,7.246366e-17,7.246366e-19
2.297805e+01,1.796989e-17,7.363847e-17,7.363847e-19
2.298089e+01,1.809523e-17,7.479563e-17,7.479563e-19
2.298374e+01,1.795520e-17,7.498781e-17,7.498781e-19
2.298658e+01,1.818245e-17,7.447550e-17,7.447550e-19
2.298942e+01,1.817855e-17,7.360552e-17,7.360552e-19
2.299227e+01,1.824734e-17,7.351494e-17,7.351494e-19
2.299511e+01,1.814756e-17,7.445431e-17,7.445431e-19
2.299795e+01,1.797542e-17,7.523483e-17,7.523483e-19
2.300080e+01,1.810897e-17,7.473563e-17,7.473563e-19
2.300364e+01,1.834837e-17,7.383559e-17,7.383559e-19
2.300648e+01,1.817949e-17,7.226793e-17,7.226793e-19
2.300933e+01,1.810407e-17,7.061494e-17,7.061494e-19
2.301217e+01,1.845114e-17,7.001997e-17,7.001997e-19
2.301501e+01,1.831995e-17,7.027593e-17,7.027593e-19
2.301786e+01,1.818023e-17,7.088209e-17,7.088209e-19
2.302070e+01,1.818708e-17,7.111148e-17,7.111148e-19
2.302354e+01,1.850879e-17,7.133459e-17,7.133459e-19
2.302639e+01,1.815584e-17,7.287347e-17,7.287347e-19
2.302923e+01,1.831330e-17,7.501642e-17,7.501642e-19
2.303207e+01,1.849267e-17,7.570720e-17,7.570720e-19
2.303492e+01,1.822715e-17,7.686507e-17,7.686507e-19
2.303776e+01,1.876262e-17,7.970884e-17,7.970884e-19
2.304060e+01,1.847403e-17,8.028902e-17,8.028902e-19
2.304345e+01,1.852688e-17,7.932897e-17,7.932897e-19
2.304629e+01,1.858791e-17,8.004157e-17,8.004157e-19
2.304913e+01,1.855459e-17,8.219515e-17,8.219515e-19
2.305198e+01,1.851818e-17,8.340934e-17,8.340934e-19
2.305482e+01,1.830559e-17,8.347903e-17,8.347903e-19
2.305767e+01,1.845856e-17,8.384253e-17,8.384253e-19
2.306051e+01,1.865771e-17,8.429609e-17,8.429609e-19
2.306335e+01,1.867530e-17,8.446101e-17,8.446101e-19
2.306620e+01,1.836664e-17,8.461240e-17,8.461240e-19
2.306904e+01,1.825491e-17,8.436041e-17,8.436041e-19
2.307188e+01,1.844942e-17,8.354974e-17,8.354974e-19
2.307473e+01,1.856573e-17,8.298006e-17,8.298006e-19
2.307757e+01,1.814390e-17,8.217441e-17,8.217441e-19
2.308041e+01,1.817188e-17,8.053179e-17,8.053179e-19
2.308326e+01,1.803523e-17,7.858130e-17,7.858130e-19
2.308610e+01,1.821197e-17,7.640132e-17,7.640132e-19
2.308894e+01,1.832326e-17,7.388200e-17,7.388200e-19
2.309179e+01,1.836466e-17,7.250661e-17,7.250661e-19
2.309463e+01,1.819037e-17,7.192169e-17,7.192169e-19
2.309747e+01,1.795604e-17,6.936609e-17,6.936609e-19
2.310032e+01,1.783154e-17,6.565903e-17,6.565903e-19
2.310316e+01,1.794254e-17,6.347181e-17,6.347181e-19
2.310600e+01,1.787978e-17,6.138496e-17,6.138496e-19
2.310885e+01,1.769761e-17,5.888162e-17,5.888162e-19
2.311169e+01,1.777767e-17,5.705191e-17,5.705191e-19
2.311453e+01,1.795647e-17,5.561033e-17,5.561033e-19
2.311738e+01,1.761144e-17,5.461962e-17,5.461962e-19
2.312022e+01,1.758393e-17,5.512361e-17,5.512361e-19
2.312307e+01,1.787528e-17,5.517433e-17,5.517433e-19
2.312591e+01,1.786218e-17,5.358914e-17,5.358914e-19
2.312875e+01,1.745242e-17,5.237805e-17,5.237805e-19
2.313160e+01,1.754130e-17,5.211007e-17,5.211007e-19
2.313444e+01,1.744408e-17,5.210877e-17,5.210877e-19
2.313728e+01,1.781289e-17,5.257928e-17,5.257928e-19
2.314013e+01,1.790303e-17,5.293267e-17,5.293267e-19
2.314297e+01,1.786942e-17,5.268651e-17,5.268651e-19
2.314581e+01,1.780358e-17,5.282534e-17,5.282534e-19
2.314866e+01,1.751702e-17,5.369133e-17,5.369133e-19
2.315150e+01,1.754034e-17,5.503901e-17,5.503901e-19
2.315434e+01,1.788928e-17,5.560057e-17,5.560057e-19
2.315719e+01,1.780628e-17,5.468998e-17,5.468998e-19
2.316003e+01,1.756569e-17,5.392691e-17,5.392691e-19
2.316287e+01,1.771928e-17,5.451982e-17,5.451982e-19
2.316572e+01,1.764326e-17,5.597486e-17,5.597486e-19
2.316856e+01,1.792034e-17,5.742190e-17,5.742190e-19
2.317140e+01,1.776967e-17,5.740415e-17,5.740415e-19
2.317425e+01,1.785008e-17,5.704407e-17,5.704407e-19
2.317709e+01,1.772619e-17,5.710380e-17,5.710380e-19
2.317993e+01,1.796211e-17,5.741479e-17,5.741479e-19
2.318278e+01,1.788139e-17,5.776392e-17,5.776392e-19
2.318562e+01,1.773734e-17,5.871088e-17,5.871088e-19
2.318846e+01,1.789297e-17,5.978516e-17,5.978516e-19
2.319131e+01,1.782000e-17,6.064101e-17,6.064101e-19
2.319415e+01,1.801699e-17,6.172422e-17,6.172422e-19
2.319700e+01,1.791032e-17,6.242965e-17,6.242965e-19
2.319984e+01,1.781625e-17,6.310466e-17,6.310466e-19
2.320268e+01,1.814779e-17,6.464908e-17,6.464908e-19
2.320553e+01,1.828012e-17,6.603008e-17,6.603008e-19
2.320837e+01,1.817707e-17,6.708597e-17,6.708597e-19
2.321121e+01,1.817552e-17,6.726724e-17,6.726724e-19
2.321406e+01,1.808271e-17,6.699199e-17,6.699199e-19
2.321690e+01,1.850770e-17,6.762561e-17,6.762561e-19
2.321974e+01,1.827314e-17,6.830318e-17,6.830318e-19
2.322259e+01,1.838604e-17,6.843366e-17,6.843366e-19
2.322543e+01,1.796539e-17,6.942526e-17,6.942526e-19
2.322827e+01,1.822297e-17,7.124030e-17,7.124030e-19
2.323112e+01,1.822669e-17,7.213735e-17,7.213735e-19
2.323396e+01,1.818318e-17,7.254219e-17,7.254219e-19
2.323680e+01,1.827733e-17,7.325232e-17,7.325232e-19
2.323965e+01,1.817342e-17,7.317822e-17,7.317822e-19
2.324249e+01,1.851749e-17,7.264053e-17,7.264053e-19
2.324533e+01,1.818050e-17,7.229664e-17,7.229664e-19
2.324818e+01,1.802056e-17,7.265162e-17,7.265162e-19
2.325102e+01,1.827121e-17,7.320203e-17,7.320203e-19
2.325386e+01,1.818554e-17,7.367882e-17,7.367882e-19
2.325671e+01,1.845528e-17,7.435679e-17,7.435679e-19
2.325955e+01,1.821375e-17,7.432721e-17,7.432721e-19
2.326239e+01,1.823490e-17,7.362418e-17,7.362418e-19
2.326524e+01,1.848157e-17,7.347458e-17,7.347458e-19
2.326808e+01,1.860589e-17,7.382085e-17,7.382085e-19
2.327093e+01,1.819314e-17,7.371910e-17,7.371910e-19
2.327377e+01,1.791544e-17,7.322889e-17,7.322889e-19
2.327661e+01,1.809997e-17,7.316868e-17,7.316868e-19
2.327946e+01,1.797505e-17,7.368156e-17,7.368156e-19
2.328230e+01,1.826815e-17,7.469514e-17,7.469514e-19
2.328514e+01,1.838938e-17,7.551883e-17,7.551883e-19
2.328799e+01,1.805335e-17,7.459773e-17,7.459773e-19
2.329083e+01,1.803094e-17,7.375690e-17,7.375690e-19
2.329367e+01,1.808285e-17,7.421247e-17,7.421247e-19
2.329652e+01,1.792223e-17,7.475044e-17,7.475044e-19
2.329936e+01,1.801103e-17,7.486278e-17,7.486278e-19
2.330220e+01,1.816970e-17,7.510368e-17,7.510368e-19
2.330505e+01,1.807983e-17,7.468697e-17,7.468697e-19
2.330789e+01,1.822059e-17,7.419311e-17,7.419311e-19
2.331073e+01,1.789006e-17,7.399914e-17,7.399914e-19
2.331358e+01,1.815899e-17,7.449620e-17,7.449620e-19
2.331642e+01,1.815899e-17,7.464719e-17,7.464719e-19
2.331926e+01,1.832495e-17,7.425550e-17,7.425550e-19
2.332211e+01,1.798680e-17,7.303930e-17,7.303930e-19
2.332495e+01,1.798118e-17,7.147553e-17,7.147553e-19
2.332779e+01,1.750636e-17,7.065102e-17,7.065102e-19
2.333064e+01,1.794659e-17,7.065597e-17,7.065597e-19
2.333348e+01,1.768840e-17,7.036281e-17,7.036281e-19
2.333633e+01,1.774591e-17,6.950629e-17,6.950629e-19
2.333917e+01,1.766074e-17,6.778963e-17,6.778963e-19
2.334201e+01,1.768874e-17,6.656361e-17,6.656361e-19
2.334486e+01,1.772977e-17,6.669169e-17,6.669169e-19
2.334770e+01,1.758853e-17,6.682793e-17,6.682793e-19
2.335054e+01,1.759566e-17,6.594140e-17,6.594140e-19
2.335339e+01,1.756285e-17,6.499757e-17,6.499757e-19
2.335623e+01,1.775033e-17,6.473132e-17,6.473132e-19
2.335907e+01,1.750122e-17,6.472141e-17,6.472141e-19
2.336192e+01,1.757557e-17,6.467260e-17,6.467260e-19
2.336476e+01,1.770859e-17,6.441185e-17,6.441185e-19
2.336760e+01,1.742998e-17,6.334062e-17,6.334062e-19
2.337045e+01,1.744171e-17,6.247967e-17,6.247967e-19
2.337329e+01,1.763890e-17,6.233548e-17,6.233548e-19
2.337613e+01,1.767189e-17,6.262035e-17,6.262035e-19
2.337898e+01,1.730346e-17,6.252676e-17,6.252676e-19
2.338182e+01,1.728364e-17,6.229850e-17,6.229850e-19
2.338466e+01,1.742208e-17,6.210143e-17,6.210143e-19
2.338751e+01,1.750615e-17,6.265383e-17,6.265383e-19
2.339035e+01,1.756850e-17,6.365206e-17,6.365206e-19
2.339319e+01,1.756684e-17,6.399994e-17,6.399994e-19
2.339604e+01,1.769740e-17,6.393132e-17,6.393132e-19
2.339888e+01,1.780409e-17,6.414751e-17,6.414751e-19
2.340172e+01,1.771141e-17,6.453774e-17,6.453774e-19
2.340457e+01,1.764991e-17,6.510568e-17,6.510568e-19
2.340741e+01,1.749839e-17,6.564090e-17,6.564090e-19
2.341026e+01,1.741804e-17,6.632038e-17,6.632038e-19
2.341310e+01,1.750196e-17,6.732089e-17,6.732089e-19
2.341594e+01,1.755528e-17,6.862608e-17,6.862608e-19
2.341879e+01,1.753554e-17,6.916150e-17,6.916150e-19
2.342163e+01,1.771219e-17,6.898473e-17,6.898473e-19
2.342447e+01,1.735591e-17,6.958309e-17,6.958309e-19
2.342732e+01,1.769939e-17,7.138939e-17,7.138939e-19
2.343016e+01,1.748224e-17,7.314394e-17,7.314394e-19
2.343300e+01,1.776876e-17,7.445492e-17,7.445492e-19
2.343585e+01,1.756754e-17,7.544746e-17,7.544746e-19
2.343869e+01,1.771937e-17,7.712442e-17,7.712442e-19
2.344153e+01,1.775258e-17,7.887348e-17,7.887348e-19
2.344438e+01,1.790736e-17,7.965030e-17,7.965030e-19
2.344722e+01,1.770493e-17,7.986245e-17,7.986245e-19
2.345006e+01,1.778262e-17,8.106384e-17,8.106384e-19
2.345291e+01,1.807439e-17,8.332121e-17,8.332121e-19
2.345575e+01,1.810718e-17,8.532830e-17,8.532830e-19
2.345859e+01,1.794117e-17,8.634161e-17,8.634161e-19
2.346144e+01,1.820514e-17,8.723241e-17,8.723241e-19
2.346428e+01,1.798804e-17,8.916504e-17,8.916504e-19
2.346712e+01,1.790149e-17,9.101141e-17,9.101141e-19
2.346997e+01,1.793771e-17,9.145658e-17,9.145658e-19
2.347281e+01,1.815264e-17,9.106652e-17,9.106652e-19
2.347565e+01,1.786064e-17,9.169124e-17,9.169124e-19
2.347850e+01,1.800427e-17,9.305355e-17,9.305355e-19
2.348134e+01,1.807994e-17,9.294417e-17,9.294417e-19
2.348419e+01,1.798416e-17,9.197078e-17,9.197078e-19
2.348703e+01,1.798218e-17,9.164261e-17,9.164261e-19
2.348987e+01,1.812120e-17,9.184370e-17,9.184370e-19
2.349272e+01,1.843964e-17,9.307270e-17,9.307270e-19
2.349556e+01,1.816376e-17,9.465826e-17,9.465826e-19
2.349840e+01,1.814751e-17,9.373437e-17,9.373437e-19
2.350125e+01,1.807163e-17,9.122096e-17,9.122096e-19
2.350409e+01,1.815653e-17,8.978014e-17,8.978014e-19
2.350693e+01,1.804474e-17,8.789860e-17,8.789860e-19
2.350978e+01,1.806156e-17,8.488498e-17,8.488498e-19
2.351262e+01,1.802351e-17,8.262763e-17,8.262763e-19
2.351546e+01,1.782127e-17,8.123454e-17,8.123454e-19
2.351831e+01,1.800834e-17,7.956956e-17,7.956956e-19
2.352115e+01,1.795293e-17,7.740204e-17,7.740204e-19
2.352399e+01,1.819027e-17,7.614615e-17,7.614615e-19
2.352684e+01,1.796892e-17,7.588145e-17,7.588145e-19
2.352968e+01,1.791041e-17,7.446581e-17,7.446581e-19
2.353252e+01,1.779379e-17,7.169282e-17,7.169282e-19
2.353537e+01,1.777436e-17,6.911331e-17,6.911331e-19
2.353821e+01,1.774876e-17,6.727781e-17,6.727781e-19
2.354105e+01,1.779344e-17,6.550494e-17,6.550494e-19
2.354390e+01,1.786854e-17,6.416017e-17,6.416017e-19
2.354674e+01,1.775591e-17,6.373081e-17,6.373081e-19
2.354958e+01,1.781086e-17,6.335021e-17,6.335021e-19
2.355243e+01,1.762437e-17,6.271907e-17,6.271907e-19
2.355527e+01,1.785848e-17,6.317924e-17,6.317924e-19
2.355812e+01,1.805645e-17,6.329638e-17,6.329638e-19
2.356096e+01,1.776097e-17,6.252831e-17,6.252831e-19
2.356380e+01,1.770250e-17,6.154923e-17,6.154923e-19
2.356665e+01,1.812433e-17,6.106419e-17,6.106419e-19
2.356949e+01,1.767224e-17,6.058467e-17,6.058467e-19
2.357233e+01,1.745366e-17,6.083977e-17,6.083977e-19
2.357518e+01,1.776834e-17,6.160349e-17,6.160349e-19
2.357802e+01,1.754271e-17,6.241911e-17,6.241911e-19
2.358086e+01,1.773091e-17,6.307151e-17,6.307151e-19
2.358371e+01,1.775740e-17,6.296508e-17,6.296508e-19
2.358655e+01,1.757534e-17,6.257636e-17,6.257636e-19
2.358939e+01,1.777580e-17,6.193769e-17,6.193769e-19
2.359224e+01,1.770390e-17,6.090014e-17,6.090014e-19
2.359508e+01,1.776351e-17,5.994047e-17,5.994047e-19
2.359792e+01,1.783223e-17,5.988516e-17,5.988516e-19
2.360077e+01,1.759511e-17,5.992808e-17,5.992808e-19
2.360361e+01,1.751675e-17,5.925234e-17,5.925234e-19
2.360645e+01,1.784345e-17,5.859617e-17,5.859617e-19
2.360930e+01,1.737458e-17,5.772131e-17,5.772131e-19
2.361214e+01,1.758413e-17,5.693602e-17,5.693602e-19
2.361498e+01,1.732489e-17,5.638158e-17,5.638158e-19
2.361783e+01,1.753633e-17,5.627283e-17,5.627283e-19
2.362067e+01,1.743749e-17,5.557784e-17,5.557784e-19
2.362352e+01,1.747463e-17,5.448905e-17,5.448905e-19
2.362636e+01,1.751931e-17,5.378828e-17,5.378828e-19
2.362920e+01,1.704988e-17,5.353859e-17,5.353859e-19
2.363205e+01,1.728655e-17,5.323954e-17,5.323954e-19
2.363489e+01,1.719571e-17,5.255235e-17,5.255235e-19
2.363773e+01,1.747052e-17,5.255439e-17,5.255439e-19
2.364058e+01,1.757233e-17,5.285226e-17,5.285226e-19
2.364342e+01,1.751969e-17,5.229111e-17,5.229111e-19
2.364626e+01,1.730840e-17,5.216653e-17,5.216653e-19
2.364911e+01,1.692069e-17,5.235569e-17,5.235569e-19
2.365195e+01,1.709703e-17,5.142706e-17,5.142706e-19
2.365479e+01,1.716111e-17,5.139801e-17,5.139801e-19
2.365764e+01,1.741000e-17,5.251943e-17,5.251943e-19
2.366048e+01,1.715135e-17,5.266365e-17,5.266365e-19
2.366332e+01,1.709733e-17,5.293057e-17,5.293057e-19
2.366617e+01,1.762895e-17,5.395313e-17,5.395313e-19
2.366901e+01,1.702227e-17,5.436722e-17,5.436722e-19
2.367185e+01,1.725497e-17,5.448797e-17,5.448797e-19
2.367470e+01,1.711720e-17,5.416764e-17,5.416764e-19
2.367754e+01,1.710487e-17,5.457831e-17,5.457831e-19
2.368038e+01,1.747256e-17,5.566715e-17,5.566715e-19
2.368323e+01,1.710330e-17,5.592822e-17,5.592822e-19
2.368607e+01,1.728660e-17,5.569035e-17,5.569035e-19
2.368891e+01,1.749540e-17,5.570511e-17,5.570511e-19
2.369176e+01,1.748806e-17,5.653377e-17,5.653377e-19
2.369460e+01,1.724616e-17,5.766025e-17,5.766025e-19
2.369745e+01,1.734930e-17,5.856163e-17,5.856163e-19
2.370029e+01,1.727443e-17,5.758581e-17,5.758581e-19
2.370313e+01,1.746315e-17,5.652995e-17,5.652995e-19
2.370598e+01,1.742027e-17,5.723813e-17,5.723813e-19
2.370882e+01,1.754340e-17,5.854024e-17,5.854024e-19
2.371166e+01,1.737503e-17,5.874170e-17,5.874170e-19
2.371451e+01,1.750435e-17,5.794599e-17,5.794599e-19
2.371735e+01,1.738683e-17,5.676907e-17,5.676907e-19
2.372019e+01,1.740751e-17,5.590567e-17,5.590567e-19
2.372304e+01,1.747082e-17,5.625726e-17,5.625726e-19
2.372588e+01,1.737255e-17,5.736848e-17,5.736848e-19
2.372872e+01,1.728983e-17,5.688016e-17,5.688016e-19
2.373157e+01,1.744224e-17,5.584034e-17,5.584034e-19
2.373441e+01,1.752361e-17,5.583154e-17,5.583154e-19
2.373725e+01,1.753382e-17,5.634247e-17,5.634247e-19
2.374010e+01,1.750335e-17,5.701176e-17,5.701176e-19
2.374294e+01,1.751591e-17,5.794998e-17,5.794998e-19
2.374578e+01,1.730657e-17,5.803777e-17,5.803777e-19
2.374863e+01,1.749800e-17,5.795635e-17,5.795635e-19
2.375147e+01,1.729897e-17,5.824278e-17,5.824278e-19
2.375431e+01,1.721843e-17,5.922939e-17,5.922939e-19
2.375716e+01,1.747126e-17,6.064316e-17,6.064316e-19
2.376000e+01,1.741231e-17,6.162327e-17,6.162327e-19
2.376284e+01,1.732629e-17,6.198123e-17,6.198123e-19
2.376569e+01,1.762257e-17,6.155003e-17,6.155003e-19
2.376853e+01,1.721633e-17,6.039717e-17,6.039717e-19
2.377138e+01,1.731252e-17,5.951725e-17,5.951725e-19
2.377422e+01,1.707810e-17,5.895339e-17,5.895339e-19
2.377706e+01,1.684818e-17,5.791505e-17,5.791505e-19
2.377991e+01,1.687085e-17,5.607427e-17,5.607427e-19
2.378275e+01,1.702090e-17,5.464865e-17,5.464865e-19
2.378559e+01,1.670780e-17,5.359136e-17,5.359136e-19
2.378844e+01,1.698087e-17,5.260125e-17,5.260125e-19
2.379128e+01,1.687521e-17,5.136209e-17,5.136209e-19
2.379412e+01,1.706990e-17,5.000937e-17,5.000937e-19
2.379697e+01,1.695880e-17,4.856813e-17,4.856813e-19
2.379981e+01,1.718703e-17,4.779907e-17,4.779907e-19
2.380265e+01,1.666838e-17,4.600917e-17,4.600917e-19
2.380550e+01,1.691089e-17,4.512702e-17,4.512702e-19
2.380834e+01,1.671343e-17,4.457470e-17,4.457470e-19
2.381118e+01,1.690083e-17,4.383954e-17,4.383954e-19
2.381403e+01,1.689374e-17,4.397143e-17,4.397143e-19
2.381687e+01,1.706062e-17,4.482677e-17,4.482677e-19
2.381971e+01,1.674323e-17,4.490408e-17,4.490408e-19
2.382256e+01,1.702329e-17,4.500038e-17,4.500038e-19
2.382540e+01,1.679722e-17,4.524164e-17,4.524164e-19
2.382824e+01,1.678165e-17,4.633795e-17,4.633795e-19
2.383109e+01,1.680274e-17,4.709785e-17,4.709785e-19
2.383393e+01,1.706269e-17,4.793210e-17,4.793210e-19
2.383678e+01,1.695725e-17,4.985066e-17,4.985066e-19
2.383962e+01,1.754187e-17,5.210891e-17,5.210891e-19
2.384246e+01,1.677859e-17,5.224930e-17,5.224930e-19
2.384531e+01,1.711199e-17,5.317460e-17,5.317460e-19
2.384815e+01,1.740384e-17,5.568144e-17,5.568144e-19
2.385099e+01,1.738828e-17,5.864738e-17,5.864738e-19
2.385384e+01,1.741786e-17,6.088582e-17,6.088582e-19
2.385668e+01,1.744428e-17,6.246104e-17,6.246104e-19
2.385952e+01,1.738122e-17,6.416198e-17,6.416198e-19
2.386237e+01,1.719516e-17,6.637150e-17,6.637150e-19
2.386521e+01,1.735978e-17,6.854114e-17,6.854114e-19
2.386805e+01,1.769624e-17,7.050972e-17,7.050972e-19
2.387090e+01,1.766570e-17,7.292251e-17,7.292251e-19
2.387374e+01,1.776165e-17,7.581327e-17,7.581327e-19
2.387658e+01,1.778765e-17,7.853146e-17,7.853146e-19
2.387943e+01,1.774294e-17,8.060928e-17,8.060928e-19
2.388227e+01,1.793727e-17,8.249533e-17,8.249533e-19
2.388511e+01,1.768050e-17,8.440103e-17,8.440103e-19
2.388796e+01,1.777891e-17,8.581494e-17,8.581494e-19
2.389080e+01,1.782921e-17,8.593033e-17,8.593033e-19
2.389364e+01,1.781660e-17,8.538224e-17,8.538224e-19
2.389649e+01,1.812956e-17,8.601713e-17,8.601713e-19
2.389933e+01,1.776688e-17,8.866330e-17,8.866330e-19
2.390217e+01,1.807510e-17,9.244604e-17,9.244604e-19
2.390502e+01,1.818751e-17,9.470914e-17,9.470914e-19
2.390786e+01,1.845629e-17,9.420672e-17,9.420672e-19
2.391071e+01,1.796619e-17,9.268256e-17,9.268256e-19
2.391355e+01,1.819568e-17,9.183200e-17,9.183200e-19
2.391639e+01,1.829133e-17,9.108772e-17,9.108772e-19
2.391924e+01,1.803960e-17,9.091336e-17,9.091336e-19
2.392208e+01,1.823642e-17,9.235934e-17,9.235934e-19
2.392492e+01,1.833212e-17,9.346566e-17,9.346566e-19
2.392777e+01,1.831106e-17,9.235986e-17,9.235986e-19
2.393061e+01,1.802663e-17,9.073168e-17,9.073168e-19
2.393345e+01,1.811298e-17,9.016573e-17,9.016573e-19
2.393630e+01,1.801084e-17,8.935970e-17,8.935970e-19
2.393914e+01,1.818658e-17,8.819295e-17,8.819295e-19
2.394198e+01,1.818429e-17,8.575698e-17,8.575698e-19
2.394483e+01,1.787189e-17,8.216251e-17,8.216251e-19
2.394767e+01,1.792471e-17,8.049213e-17,8.049213e-19
2.395051e+01,1.790523e-17,8.025968e-17,8.025968e-19
2.395336e+01,1.783979e-17,7.843759e-17,7.843759e-19
2.395620e+01,1.780828e-17,7.511875e-17,7.511875e-19
2.395904e+01,1.789623e-17,7.281534e-17,7.281534e-19
2.396189e+01,1.778138e-17,7.170329e-17,7.170329e-19
2.396473e+01,1.755051e-17,7.064819e-17,7.064819e-19
2.396757e+01,1.757434e-17,6.874682e-17,6.874682e-19
2.397042e+01,1.763854e-17,6.636473e-17,6.636473e-19
2.397326e+01,1.710570e-17,6.401380e-17,6.401380e-19
2.397610e+01,1.730014e-17,6.217002e-17,6.217002e-19
2.397895e+01,1.756246e-17,6.150646e-17,6.150646e-19
2.398179e+01,1.718701e-17,6.135072e-17,6.135072e-19
2.398464e+01,1.771288e-17,6.090773e-17,6.090773e-19
2.398748e+01,1.721869e-17,6.010575e-17,6.010575e-19
2.399032e+01,1.753321e-17,5.930702e-17,5.930702e-19
2.399317e+01,1.766740e-17,5.880007e-17,5.880007e-19
2.399601e+01,1.755343e-17,5.856995e-17,5.856995e-19
2.399885e+01,1.748986e-17,5.872511e-17,5.872511e-19
2.400170e+01,1.790835e-17,5.887152e-17,5.887152e-19
2.400454e+01,1.739393e-17,5.808881e-17,5.808881e-19
2.400738e+01,1.752233e-17,5.773293e-17,5.773293e-19
2.401023e+01,1.738213e-17,5.763604e-17,5.763604e-19
2.401307e+01,1.730075e-17,5.743947e-17,5.743947e-19
2.401591e+01,1.747798e-17,5.778755e-17,5.778755e-19
2.401876e+01,1.780815e-17,5.863613e-17,5.863613e-19
2.402160e+01,1.762759e-17,5.848760e-17,5.848760e-19
2.402444e+01,1.762598e-17,5.842048e-17,5.842048e-19
2.402729e+01,1.746391e-17,5.874541e-17,5.874541e-19
2.403013e+01,1.784793e-17,5.944330e-17,5.944330e-19
2.403297e+01,1.756577e-17,6.006744e-17,6.006744e-19
2.403582e+01,1.740837e-17,6.017200e-17,6.017200e-19
2.403866e+01,1.761113e-17,6.091333e-17,6.091333e-19
2.404150e+01,1.753802e-17,6.155997e-17,6.155997e-19
2.404435e+01,1.739588e-17,6.108394e-17,6.108394e-19
2.404719e+01,1.725105e-17,6.093806e-17,6.093806e-19
2.405003e+01,1.728637e-17,6.096460e-17,6.096460e-19
2.405288e+01,1.711540e-17,6.033938e-17,6.033938e-19
2.405572e+01,1.729018e-17,5.979759e-17,5.979759e-19
2.405857e+01,1.729448e-17,5.908771e-17,5.908771e-19
2.406141e+01,1.710890e-17,5.899124e-17,5.899124e-19
2.406425e+01,1.740670e-17,5.936845e-17,5.936845e-19
2.406710e+01,1.709552e-17,5.855297e-17,5.855297e-19
2.406994e+01,1.757077e-17,5.721680e-17,5.721680e-19
2.407278e+01,1.729427e-17,5.649033e-17,5.649033e-19
2.407563e+01,1.698111e-17,5.688111e-17,5.688111e-19
2.407847e+01,1.727495e-17,5.783238e-17,5.783238e-19
2.408131e+01,1.752282e-17,5.889184e-17,5.889184e-19
2.408416e+01,1.733410e-17,5.944627e-17,5.944627e-19
2.408700e+01,1.735446e-17,5.973811e-17,5.973811e-19
2.408984e+01,1.762299e-17,6.007657e-17,6.007657e-19
2.409269e+01,1.733309e-17,6.050170e-17,6.050170e-19
2.409553e+01,1.698086e-17,6.121879e-17,6.121879e-19
2.409837e+01,1.742183e-17,6.228849e-17,6.228849e-19
2.410122e+01,1.755933e-17,6.289671e-17,6.289671e-19
2.410406e+01,1.738484e-17,6.253185e-17,6.253185e-19
2.410690e+01,1.746998e-17,6.176224e-17,6.176224e-19
2.410975e+01,1.726295e-17,6.108741e-17,6.108741e-19
2.411259e+01,1.742365e-17,6.110360e-17,6.110360e-19
2.411543e+01,1.742631e-17,6.200888e-17,6.200888e-19
2.411828e+01,1.717249e-17,6.181457e-17,6.181457e-19
2.412112e+01,1.723133e-17,6.136344e-17,6.136344e-19
2.412397e+01,1.738097e-17,6.207045e-17,6.207045e-19
2.412681e+01,1.750890e-17,6.302769e-17,6.302769e-19
2.412965e+01,1.748694e-17,6.269626e-17,6.269626e-19
2.413250e+01,1.716372e-17,6.146755e-17,6.146755e-19
2.413534e+01,1.735014e-17,6.141239e-17,6.141239e-19
2.413818e+01,1.686374e-17,6.208447e-17,6.208447e-19
2.414103e+01,1.694428e-17,6.208649e-17,6.208649e-19
2.414387e+01,1.734751e-17,6.133691e-17,6.133691e-19
2.414671e+01,1.716439e-17,6.062459e-17,6.062459e-19
2.414956e+01,1.716730e-17,6.000247e-17,6.000247e-19
2.415240e+01,1.709609e-17,5.959474e-17,5.959474e-19
2.415524e+01,1.699474e-17,5.933302e-17,5.933302e-19
2.415809e+01,1.691089e-17,5.896464e-17,5.896464e-19
2.416093e+01,1.729238e-17,5.915140e-17,5.915140e-19
2.416377e+01,1.715135e-17,6.003453e-17,6.003453e-19
2.416662e+01,1.732338e-17,6.094306e-17,6.094306e-19
2.416946e+01,1.727462e-17,6.085254e-17,6.085254e-19
2.417230e+01,1.721167e-17,6.047776e-17,6.047776e-19
2.417515e+01,1.700762e-17,6.027783e-17,6.027783e-19
2.417799e+01,1.716983e-17,6.018302e-17,6.018302e-19
2.418083e+01,1.721449e-17,5.974227e-17,5.974227e-19
2.418368e+01,1.715554e-17,5.954698e-17,5.954698e-19
2.418652e+01,1.721463e-17,5.987827e-17,5.987827e-19
2.418936e+01,1.726733e-17,5.987600e-17,5.987600e-19
2.419221e+01,1.746033e-17,5.937233e-17,5.937233e-19
2.419505e+01,1.727570e-17,5.921466e-17,5.921466e-19
2.419790e+01,1.709824e-17,5.958248e-17,5.958248e-19
2.420074e+01,1.748796e-17,6.008971e-17,6.008971e-19
2.420358e+01,1.750065e-17,5.991932e-17,5.991932e-19
2.420643e+01,1.723992e-17,5.908070e-17,5.908070e-19
2.420927e+01,1.720978e-17,5.826417e-17,5.826417e-19
2.421211e+01,1.732936e-17,5.800455e-17,5.800455e-19
2.421496e+01,1.730815e-17,5.798967e-17,5.798967e-19
2.421780e+01,1.730676e-17,5.770721e-17,5.770721e-19
2.422064e+01,1.739114e-17,5.727343e-17,5.727343e-19
2.422349e+01,1.692221e-17,5.673012e-17,5.673012e-19
2.422633e+01,1.712201e-17,5.624677e-17,5.624677e-19
2.422917e+01,1.728111e-17,5.669252e-17,5.669252e-19
2.423202e+01,1.714862e-17,5.761797e-17,5.761797e-19
2.423486e+01,1.700210e-17,5.771390e-17,5.771390e-19
2.423770e+01,1.705025e-17,5.665815e-17,5.665815e-19
2.424055e+01,1.696980e-17,5.511031e-17,5.511031e-19
2.424339e+01,1.709003e-17,5.434510e-17,5.434510e-19
2.424623e+01,1.733021e-17,5.527574e-17,5.527574e-19
2.424908e+01,1.712809e-17,5.637967e-17,5.637967e-19
2.425192e+01,1.701120e-17,5.668991e-17,5.668991e-19
2.425476e+01,1.684137e-17,5.664192e-17,5.664192e-19
2.425761e+01,1.714469e-17,5.680910e-17,5.680910e-19
2.426045e+01,1.704760e-17,5.741481e-17,5.741481e-19
2.426329e+01,1.688012e-17,5.773574e-17,5.773574e-19
2.426614e+01,1.718429e-17,5.802661e-17,5.802661e-19
2.426898e+01,1.689106e-17,5.858592e-17,5.858592e-19
2.427183e+01,1.715543e-17,5.896770e-17,5.896770e-19
2.427467e+01,1.700282e-17,5.938478e-17,5.938478e-19
2.427751e+01,1.697664e-17,6.136446e-17,6.136446e-19
2.428036e+01,1.709985e-17,6.310448e-17,6.310448e-19
2.428320e+01,1.702890e-17,6.294632e-17,6.294632e-19
2.428604e+01,1.702935e-17,6.387914e-17,6.387914e-19
2.428889e+01,1.724748e-17,6.608277e-17,6.608277e-19
2.429173e+01,1.733361e-17,6.774815e-17,6.774815e-19
2.429457e+01,1.722316e-17,6.892944e-17,6.892944e-19
2.429742e+01,1.720485e-17,7.057918e-17,7.057918e-19
2.430026e+01,1.735427e-17,7.259485e-17,7.259485e-19
2.430310e+01,1.717319e-17,7.470596e-17,7.470596e-19
2.430595e+01,1.753553e-17,7.613042e-17,7.613042e-19
2.430879e+01,1.733439e-17,7.533684e-17,7.533684e-19
2.431163e+01,1.730167e-17,7.489465e-17,7.489465e-19
2.431448e+01,1.726183e-17,7.692445e-17,7.692445e-19
2.431732e+01,1.769331e-17,7.943798e-17,7.943798e-19
2.432016e+01,1.752275e-17,7.981523e-17,7.981523e-19
2.432301e+01,1.758639e-17,7.979178e-17,7.979178e-19
2.432585e+01,1.781515e-17,8.087132e-17,8.087132e-19
2.432869e+01,1.758286e-17,8.238138e-17,8.238138e-19
2.433154e+01,1.765630e-17,8.422029e-17,8.422029e-19
2.433438e+01,1.792941e-17,8.575985e-17,8.575985e-19
2.433723e+01,1.768715e-17,8.617079e-17,8.617079e-19
2.434007e+01,1.775214e-17,8.602899e-17,8.602899e-19
2.434291e+01,1.795528e-17,8.598948e-17,8.598948e-19
2.434576e+01,1.778473e-17,8.593689e-17,8.593689e-19
2.434860e+01,1.749367e-17,8.628158e-17,8.628158e-19
2.435144e+01,1.815331e-17,8.689429e-17,8.689429e-19
2.435429e+01,1.796396e-17,8.721652e-17,8.721652e-19
2.435713e+01,1.757238e-17,8.676751e-17,8.676751e-19
2.435997e+01,1.775009e-17,8.498982e-17,8.498982e-19
2.436282e+01,1.760830e-17,8.291678e-17,8.291678e-19
2.436566e+01,1.779389e-17,8.208596e-17,8.208596e-19
2.436850e+01,1.767392e-17,8.109269e-17,8.109269e-19
2.437135e+01,1.777314e-17,7.940674e-17,7.940674e-19
2.437419e+01,1.726838e-17,7.766438e-17,7.766438e-19
2.437703e+01,1.761323e-17,7.553602e-17,7.553602e-19
2.437988e+01,1.774946e-17,7.272111e-17,7.272111e-19
2.438272e+01,1.748675e-17,7.016810e-17,7.016810e-19
2.438556e+01,1.745658e-17,6.814551e-17,6.814551e-19
2.438841e+01,1.718902e-17,6.582424e-17,6.582424e-19
2.439125e+01,1.683283e-17,6.195291e-17,6.195291e-19
2.439409e+01,1.722249e-17,5.847270e-17,5.847270e-19
2.439694e+01,1.694196e-17,5.659620e-17,5.659620e-19
2.439978e+01,1.699126e-17,5.453794e-17,5.453794e-19
2.440262e+01,1.671125e-17,5.179052e-17,5.179052e-19
2.440547e+01,1.659441e-17,4.959714e-17,4.959714e-19
2.440831e+01,1.644737e-17,4.732569e-17,4.732569e-19
2.441116e+01,1.689725e-17,4.521754e-17,4.521754e-19
2.441400e+01,1.677601e-17,4.390564e-17,4.390564e-19
2.441684e+01,1.651830e-17,4.200153e-17,4.200153e-19
2.441969e+01,1.661932e-17,4.052054e-17,4.052054e-19
2.442253e+01,1.632497e-17,3.931534e-17,3.931534e-19
2.442537e+01,1.636904e-17,3.836499e-17,3.836499e-19
2.442822e+01,1.667096e-17,3.733202e-17,3.733202e-19
2.443106e+01,1.642431e-17,3.658263e-17,3.658263e-19
2.443390e+01,1.616774e-17,3.560265e-17,3.560265e-19
2.443675e+01,1.648123e-17,3.566966e-17,3.566966e-19
2.443959e+01,1.629744e-17,3.561691e-17,3.561691e-19
2.444243e+01,1.625403e-17,3.524408e-17,3.524408e-19
2.444528e+01,1.601802e-17,3.474398e-17,3.474398e-19
2.444812e+01,1.606095e-17,3.455509e-17,3.455509e-19
2.445096e+01,1.619946e-17,3.465733e-17,3.465733e-19
2.445381e+01,1.581159e-17,3.458576e-17,3.458576e-19
2.445665e+01,1.631120e-17,3.506624e-17,3.506624e-19
2.445949e+01,1.609607e-17,3.536257e-17,3.536257e-19
2.446234e+01,1.596891e-17,3.492467e-17,3.492467e-19
2.446518e+01,1.631482e-17,3.531623e-17,3.531623e-19
2.446802e+01,1.610665e-17,3.569583e-17,3.569583e-19
2.447087e+01,1.589990e-17,3.574886e-17,3.574886e-19
2.447371e+01,1.594169e-17,3.651135e-17,3.651135e-19
2.447655e+01,1.610354e-17,3.723030e-17,3.723030e-19
2.447940e+01,1.604704e-17,3.763896e-17,3.763896e-19
2.448224e+01,1.643256e-17,3.837120e-17,3.837120e-19
2.448509e+01,1.647822e-17,3.928494e-17,3.928494e-19
2.448793e+01,1.610928e-17,4.022765e-17,4.022765e-19
2.449077e+01,1.602283e-17,4.120369e-17,4.120369e-19
2.449362e+01,1.643264e-17,4.222069e-17,4.222069e-19
2.449646e+01,1.610506e-17,4.353513e-17,4.353513e-19
2.449930e+01,1.635257e-17,4.453329e-17,4.453329e-19
2.450215e+01,1.627541e-17,4.587554e-17,4.587554e-19
2.450499e+01,1.664991e-17,4.726276e-17,4.726276e-19
2.450783e+01,1.644894e-17,4.881702e-17,4.881702e-19
2.451068e+01,1.665161e-17,5.080318e-17,5.080318e-19
2.451352e+01,1.663892e-17,5.288646e-17,5.288646e-19
2.451636e+01,1.654402e-17,5.437352e-17,5.437352e-19
2.451921e+01,1.700266e-17,5.589020e-17,5.589020e-19
2.452205e+01,1.681135e-17,5.751901e-17,5.751901e-19
2.452489e+01,1.697243e-17,5.925311e-17,5.925311e-19
2.452774e+01,1.690150e-17,6.070356e-17,6.070356e-19
2.453058e+01,1.689327e-17,6.168853e-17,6.168853e-19
2.453342e+01,1.697005e-17,6.276472e-17,6.276472e-19
2.453627e+01,1.683206e-17,6.320523e-17,6.320523e-19
2.453911e+01,1.714207e-17,6.309195e-17,6.309195e-19
2.454195e+01,1.694296e-17,6.374763e-17,6.374763e-19
2.454480e+01,1.695595e-17,6.503394e-17,6.503394e-19
2.454764e+01,1.750849e-17,6.538851e-17,6.538851e-19
2.455048e+01,1.702210e-17,6.531728e-17,6.531728e-19
2.455333e+01,1.687881e-17,6.534256e-17,6.534256e-19
2.455617e+01,1.675622e-17,6.437929e-17,6.437929e-19
2.455902e+01,1.695925e-17,6.299215e-17,6.299215e-19
2.456186e+01,1.704546e-17,6.220392e-17,6.220392e-19
2.456470e+01,1.691686e-17,6.147154e-17,6.147154e-19
2.456755e+01,1.670950e-17,6.008226e-17,6.008226e-19
2.457039e+01,1.672329e-17,5.852481e-17,5.852481e-19
2.457323e+01,1.694452e-17,5.763554e-17,5.763554e-19
2.457608e+01,1.685902e-17,5.711863e-17,5.711863e-19
2.457892e+01,1.670466e-17,5.655452e-17,5.655452e-19
2.458176e+01,1.676219e-17,5.547289e-17,5.547289e-19
2.458461e+01,1.644524e-17,5.419594e-17,5.419594e-19
2.458745e+01,1.631944e-17,5.300238e-17,5.300238e-19
2.459029e+01,1.647225e-17,5.252550e-17,5.252550e-19
2.459314e+01,1.643812e-17,5.233485e-17,5.233485e-19
2.459598e+01,1.649329e-17,5.246618e-17,5.246618e-19
2.459882e+01,1.645931e-17,5.280018e-17,5.280018e-19
2.460167e+01,1.688304e-17,5.345369e-17,5.345369e-19
2.460451e+01,1.655992e-17,5.361390e-17,5.361390e-19
2.460735e+01,1.638726e-17,5.331379e-17,5.331379e-19
2.461020e+01,1.662568e-17,5.365273e-17,5.365273e-19
2.461304e+01,1.666316e-17,5.518545e-17,5.518545e-19
2.461588e+01,1.673605e-17,5.719141e-17,5.719141e-19
2.461873e+01,1.674754e-17,5.836357e-17,5.836357e-19
2.462157e+01,1.663023e-17,5.800775e-17,5.800775e-19
2.462442e+01,1.668486e-17,5.720738e-17,5.720738e-19
2.462726e+01,1.687913e-17,5.703726e-17,5.703726e-19
2.463010e+01,1.670132e-17,5.829518e-17,5.829518e-19
2.463295e+01,1.681197e-17,5.954473e-17,5.954473e-19
2.463579e+01,1.671051e-17,5.949777e-17,5.949777e-19
2.463863e+01,1.690786e-17,5.904908e-17,5.904908e-19
2.464148e+01,1.691286e-17,5.898033e-17,5.898033e-19
2.464432e+01,1.671909e-17,5.948462e-17,5.948462e-19
2.464716e+01,1.683854e-17,6.009014e-17,6.009014e-19
2.465001e+01,1.677051e-17,6.005606e-17,6.005606e-19
2.465285e+01,1.697853e-17,5.961515e-17,5.961515e-19
2.465569e+01,1.704869e-17,5.917381e-17,5.917381e-19
2.465854e+01,1.693672e-17,5.927460e-17,5.927460e-19
2.466138e+01,1.661961e-17,5.951215e-17,5.951215e-19
2.466422e+01,1.678859e-17,5.942761e-17,5.942761e-19
2.466707e+01,1.682724e-17,5.847951e-17,5.847951e-19
2.466991e+01,1.717755e-17,5.791491e-17,5.791491e-19
2.467275e+01,1.668454e-17,5.731217e-17,5.731217e-19
2.467560e+01,1.672934e-17,5.709520e-17,5.709520e-19
2.467844e+01,1.695327e-17,5.773456e-17,5.773456e-19
2.468128e+01,1.684094e-17,5.897628e-17,5.897628e-19
2.468413e+01,1.681416e-17,5.982336e-17,5.982336e-19
2.468697e+01,1.658399e-17,5.972479e-17,5.972479e-19
2.468981e+01,1.692100e-17,5.991831e-17,5.991831e-19
2.469266e+01,1.672269e-17,6.058149e-17,6.058149e-19
2.469550e+01,1.726628e-17,6.144579e-17,6.144579e-19
2.469835e+01,1.685866e-17,6.206457e-17,6.206457e-19
2.470119e+01,1.680554e-17,6.259230e-17,6.259230e-19
2.470403e+01,1.709804e-17,6.307372e-17,6.307372e-19
2.470688e+01,1.680018e-17,6.366152e-17,6.366152e-19
2.470972e+01,1.687141e-17,6.495372e-17,6.495372e-19
2.471256e+01,1.686039e-17,6.602527e-17,6.602527e-19
2.471541e+01,1.675207e-17,6.656236e-17,6.656236e-19
2.471825e+01,1.686015e-17,6.650411e-17,6.650411e-19
2.472109e+01,1.700336e-17,6.600080e-17,6.600080e-19
2.472394e+01,1.709950e-17,6.607019e-17,6.607019e-19
2.472678e+01,1.690140e-17,6.728357e-17,6.728357e-19
2.472962e+01,1.683931e-17,6.857084e-17,6.857084e-19
2.473247e+01,1.691978e-17,6.879032e-17,6.879032e-19
2.473531e+01,1.693154e-17,6.766272e-17,6.766272e-19
2.473815e+01,1.708995e-17,6.627451e-17,6.627451e-19
2.474100e+01,1.669250e-17,6.691368e-17,6.691368e-19
2.474384e+01,1.680078e-17,6.904283e-17,6.904283e-19
2.474668e+01,1.695018e-17,7.012414e-17,7.012414e-19
2.474953e+01,1.676388e-17,6.994450e-17,6.994450e-19
2.475237e+01,1.705633e-17,6.994487e-17,6.994487e-19
2.475521e+01,1.732753e-17,7.087097e-17,7.087097e-19
2.475806e+01,1.691232e-17,7.180845e-17,7.180845e-19
2.476090e+01,1.693645e-17,7.188276e-17,7.188276e-19
2.476374e+01,1.677577e-17,7.111024e-17,7.111024e-19
2.476659e+01,1.702565e-17,7.081996e-17,7.081996e-19
2.476943e+01,1.672006e-17,7.105184e-17,7.105184e-19
2.477228e+01,1.729929e-17,7.147470e-17,7.147470e-19
2.477512e+01,1.699797e-17,7.161741e-17,7.161741e-19
2.477796e+01,1.739696e-17,7.129698e-17,7.129698e-19
2.478081e+01,1.700434e-17,7.077647e-17,7.077647e-19
2.478365e+01,1.719298e-17,7.107426e-17,7.107426e-19
2.478649e+01,1.707012e-17,7.064938e-17,7.064938e-19
2.478934e+01,1.713552e-17,6.886347e-17,6.886347e-19
2.479218e+01,1.705775e-17,6.830355e-17,6.830355e-19
2.479502e+01,1.734790e-17,6.975185e-17,6.975185e-19
2.479787e+01,1.728565e-17,7.089985e-17,7.089985e-19
2.480071e+01,1.713115e-17,7.097119e-17,7.097119e-19
2.480355e+01,1.725805e-17,7.045076e-17,7.045076e-19
2.480640e+01,1.716397e-17,6.982222e-17,6.982222e-19
2.480924e+01,1.739727e-17,7.017605e-17,7.017605e-19
2.481208e+01,1.717451e-17,7.071572e-17,7.071572e-19
2.481493e+01,1.722290e-17,7.039341e-17,7.039341e-19
2.481777e+01,1.732786e-17,6.964720e-17,6.964720e-19
2.482061e+01,1.717874e-17,6.960131e-17,6.960131e-19
2.482346e+01,1.738932e-17,6.982983e-17,6.982983e-19
2.482630e+01,1.752450e-17,6.939968e-17,6.939968e-19
2.482914e+01,1.710513e-17,6.822858e-17,6.822858e-19
2.483199e+01,1.695558e-17,6.716320e-17,6.716320e-19
2.483483e+01,1.726445e-17,6.665204e-17,6.665204e-19
2.483768e+01,1.691320e-17,6.627545e-17,6.627545e-19
2.484052e+01,1.692189e-17,6.650778e-17,6.650778e-19
2.484336e+01,1.714061e-17,6.693760e-17,6.693760e-19
2.484621e+01,1.690037e-17,6.605996e-17,6.605996e-19
2.484905e+01,1.681731e-17,6.457856e-17,6.457856e-19
2.485189e+01,1.675085e-17,6.378554e-17,6.378554e-19
2.485474e+01,1.695882e-17,6.391624e-17,6.391624e-19
2.485758e+01,1.679691e-17,6.456235e-17,6.456235e-19
2.486042e+01,1.684596e-17,6.503848e-17,6.503848e-19
2.486327e+01,1.693248e-17,6.502868e-17,6.502868e-19
2.486611e+01,1.691523e-17,6.469077e-17,6.469077e-19
2.486895e+01,1.685437e-17,6.418189e-17,6.418189e-19
2.487180e+01,1.678561e-17,6.386719e-17,6.386719e-19
2.487464e+01,1.708137e-17,6.390893e-17,6.390893e-19
2.487748e+01,1.693613e-17,6.344068e-17,6.344068e-19
2.488033e+01,1.683048e-17,6.330450e-17,6.330450e-19
2.488317e+01,1.686061e-17,6.294570e-17,6.294570e-19
2.488601e+01,1.715196e-17,6.210466e-17,6.210466e-19
2.488886e+01,1.696075e-17,6.088942e-17,6.088942e-19
2.489170e+01,1.685417e-17,6.095536e-17,6.095536e-19
2.489454e+01,1.667712e-17,6.181013e-17,6.181013e-19
2.489739e+01,1.698219e-17,6.222904e-17,6.222904e-19
2.490023e+01,1.702408e-17,6.192646e-17,6.192646e-19
2.490307e+01,1.679061e-17,6.121230e-17,6.121230e-19
2.490592e+01,1.689089e-17,6.049043e-17,6.049043e-19
2.490876e+01,1.694358e-17,6.010011e-17,6.010011e-19
2.491161e+01,1.690224e-17,6.046548e-17,6.046548e-19
2.491445e+01,1.683753e-17,6.095865e-17,6.095865e-19
2.491729e+01,1.679039e-17,6.067365e-17,6.067365e-19
2.492014e+01,1.663404e-17,6.005836e-17,6.005836e-19
2.492298e+01,1.682565e-17,6.098387e-17,6.098387e-19
2.492582e+01,1.690938e-17,6.249461e-17,6.249461e-19
2.492867e+01,1.674048e-17,6.337877e-17,6.337877e-19
2.493151e+01,1.705868e-17,6.425176e-17,6.425176e-19
2.493435e+01,1.707768e-17,6.492095e-17,6.492095e-19
2.493720e+01,1.687969e-17,6.515030e-17,6.515030e-19
2.494004e+01,1.725768e-17,6.609397e-17,6.609397e-19
2.494288e+01,1.684196e-17,6.763248e-17,6.763248e-19
2.494573e+01,1.687938e-17,6.897504e-17,6.897504e-19
2.494857e+01,1.721811e-17,6.978542e-17,6.978542e-19
2.495141e+01,1.708865e-17,7.044244e-17,7.044244e-19
2.495426e+01,1.694594e-17,7.188559e-17,7.188559e-19
2.495710e+01,1.709114e-17,7.263156e-17,7.263156e-19
2.495994e+01,1.685113e-17,7.201947e-17,7.201947e-19
2.496279e+01,1.727697e-17,7.164331e-17,7.164331e-19
2.496563e+01,1.691923e-17,7.115241e-17,7.115241e-19
2.496847e+01,1.695093e-17,7.120801e-17,7.120801e-19
2.497132e+01,1.686230e-17,7.200269e-17,7.200269e-19
2.497416e+01,1.686277e-17,7.278971e-17,7.278971e-19
2.497700e+01,1.708446e-17,7.242996e-17,7.242996e-19
2.497985e+01,1.696548e-17,7.154823e-17,7.154823e-19
2.498269e+01,1.694741e-17,7.105093e-17,7.105093e-19
2.498554e+01,1.692272e-17,7.120241e-17,7.120241e-19
2.498838e+01,1.686677e-17,7.017047e-17,7.017047e-19
2.499122e+01,1.693002e-17,6.802259e-17,6.802259e-19
2.499407e+01,1.674286e-17,6.665296e-17,6.665296e-19
2.499691e+01,1.700780e-17,6.660092e-17,6.660092e-19
2.499975e+01,1.700691e-17,6.600511e-17,6.600511e-19
2.500260e+01,1.696550e-17,6.496951e-17,6.496951e-19
2.500544e+01,1.681032e-17,6.425328e-17,6.425328e-19
2.500828e+01,1.702595e-17,6.432445e-17,6.432445e-19
2.501113e+01,1.673966e-17,6.385729e-17,6.385729e-19
2.501397e+01,1.669249e-17,6.268776e-17,6.268776e-19
2.501681e+01,1.675102e-17,6.198529e-17,6.198529e-19
2.501966e+01,1.693459e-17,6.252041e-17,6.252041e-19
2.502250e+01,1.658005e-17,6.221542e-17,6.221542e-19
2.502534e+01,1.650110e-17,6.092944e-17,6.092944e-19
2.502819e+01,1.652554e-17,5.948258e-17,5.948258e-19
2.503103e+01,1.679350e-17,5.890456e-17,5.890456e-19
2.503387e+01,1.651823e-17,5.868868e-17,5.868868e-19
2.503672e+01,1.659796e-17,5.784410e-17,5.784410e-19
2.503956e+01,1.624267e-17,5.642206e-17,5.642206e-19
2.504240e+01,1.638410e-17,5.532190e-17,5.532190e-19
2.504525e+01,1.667734e-17,5.541105e-17,5.541105e-19
2.504809e+01,1.652211e-17,5.514745e-17,5.514745e-19
2.505093e+01,1.629199e-17,5.459958e-17,5.459958e-19
2.505378e+01,1.669532e-17,5.462212e-17,5.462212e-19
2.505662e+01,1.644023e-17,5.396793e-17,5.396793e-19
2.505947e+01,1.642182e-17,5.268712e-17,5.268712e-19
2.506231e+01,1.638747e-17,5.163988e-17,5.163988e-19
2.506515e+01,1.629616e-17,5.065041e-17,5.065041e-19
2.506800e+01,1.611019e-17,4.997751e-17,4.997751e-19
2.507084e+01,1.619209e-17,4.979093e-17,4.979093e-19
2.507368e+01,1.603253e-17,4.939200e-17,4.939200e-19
2.507653e+01,1.628291e-17,4.914868e-17,4.914868e-19
2.507937e+01,1.629005e-17,4.876116e-17,4.876116e-19
2.508221e+01,1.600375e-17,4.851102e-17,4.851102e-19
2.508506e+01,1.620868e-17,4.868080e-17,4.868080e-19
2.508790e+01,1.589452e-17,4.831187e-17,4.831187e-19
2.509074e+01,1.632697e-17,4.833912e-17,4.833912e-19
2.509359e+01,1.618958e-17,4.850769e-17,4.850769e-19
2.509643e+01,1.617244e-17,4.814515e-17,4.814515e-19
2.509927e+01,1.603769e-17,4.819454e-17,4.819454e-19
2.510212e+01,1.631276e-17,4.868289e-17,4.868289e-19
2.510496e+01,1.616864e-17,4.895348e-17,4.895348e-19
2.510780e+01,1.605621e-17,4.951826e-17,4.951826e-19
2.511065e+01,1.623065e-17,5.058260e-17,5.058260e-19
2.511349e+01,1.607262e-17,5.170523e-17,5.170523e-19
2.511633e+01,1.627731e-17,5.292926e-17,5.292926e-19
2.511918e+01,1.645352e-17,5.436727e-17,5.436727e-19
2.512202e+01,1.640389e-17,5.594875e-17,5.594875e-19
2.512487e+01,1.643003e-17,5.699230e-17,5.699230e-19
2.512771e+01,1.646316e-17,5.757551e-17,5.757551e-19
2.513055e+01,1.621291e-17,5.807730e-17,5.807730e-19
2.513340e+01,1.669116e-17,5.952506e-17,5.952506e-19
2.513624e+01,1.639155e-17,6.177709e-17,6.177709e-19
2.513908e+01,1.657532e-17,6.403734e-17,6.403734e-19
2.514193e+01,1.679270e-17,6.532456e-17,6.532456e-19
2.514477e+01,1.673415e-17,6.587726e-17,6.587726e-19
2.514761e+01,1.681805e-17,6.630422e-17,6.630422e-19
2.515046e+01,1.681948e-17,6.672840e-17,6.672840e-19
2.515330e+01,1.685471e-17,6.731111e-17,6.731111e-19
2.515614e+01,1.659173e-17,6.815439e-17,6.815439e-19
2.515899e+01,1.672607e-17,6.956153e-17,6.956153e-19
2.516183e+01,1.661703e-17,7.050183e-17,7.050183e-19
2.516467e+01,1.685103e-17,7.088228e-17,7.088228e-19
2.516752e+01,1.697529e-17,7.077348e-17,7.077348e-19
2.517036e+01,1.688674e-17,7.049549e-17,7.049549e-19
2.517320e+01,1.677355e-17,6.983220e-17,6.983220e-19
2.517605e+01,1.683218e-17,6.932013e-17,6.932013e-19
2.517889e+01,1.667077e-17,6.870220e-17,6.870220e-19
2.518173e+01,1.697955e-17,6.809432e-17,6.809432e-19
2.518458e+01,1.671214e-17,6.726986e-17,6.726986e-19
2.518742e+01,1.680576e-17,6.639145e-17,6.639145e-19
2.519026e+01,1.649961e-17,6.514921e-17,6.514921e-19
2.519311e+01,1.654967e-17,6.383955e-17,6.383955e-19
2.519595e+01,1.660395e-17,6.332993e-17,6.332993e-19
2.519880e+01,1.672403e-17,6.324732e-17,6.324732e-19
2.520164e+01,1.632408e-17,6.249233e-17,6.249233e-19
2.520448e+01,1.645572e-17,6.151127e-17,6.151127e-19
2.520733e+01,1.689205e-17,6.061752e-17,6.061752e-19
2.521017e+01,1.664200e-17,5.954001e-17,5.954001e-19
2.521301e+01,1.642830e-17,5.806616e-17,5.806616e-19
2.521586e+01,1.607030e-17,5.660635e-17,5.660635e-19
2.521870e+01,1.648488e-17,5.554869e-17,5.554869e-19
2.522154e+01,1.625662e-17,5.449428e-17,5.449428e-19
2.522439e+01,1.609855e-17,5.350614e-17,5.350614e-19
2.522723e+01,1.617418e-17,5.251886e-17,5.251886e-19
2.523007e+01,1.631739e-17,5.098906e-17,5.098906e-19
2.523292e+01,1.605863e-17,5.004784e-17,5.004784e-19
2.523576e+01,1.633401e-17,5.027168e-17,5.027168e-19
2.523860e+01,1.634745e-17,5.042543e-17,5.042543e-19
2.524145e+01,1.584497e-17,4.993437e-17,4.993437e-19
2.524429e+01,1.636432e-17,4.968594e-17,4.968594e-19
2.524713e+01,1.607478e-17,4.903904e-17,4.903904e-19
2.524998e+01,1.638464e-17,4.882827e-17,4.882827e-19
2.525282e+01,1.614414e-17,4.907915e-17,4.907915e-19
2.525566e+01,1.617095e-17,4.863939e-17,4.863939e-19
2.525851e+01,1.593935e-17,4.736185e-17,4.736185e-19
2.526135e+01,1.579199e-17,4.666194e-17,4.666194e-19
2.526419e+01,1.619304e-17,4.621056e-17,4.621056e-19
2.526704e+01,1.612677e-17,4.619994e-17,4.619994e-19
2.526988e+01,1.641855e-17,4.708581e-17,4.708581e-19
2.527273e+01,1.627461e-17,4.782220e-17,4.782220e-19
2.527557e+01,1.631785e-17,4.811493e-17,4.811493e-19
2.527841e+01,1.618924e-17,4.830282e-17,4.830282e-19
2.528126e+01,1.616042e-17,4.821375e-17,4.821375e-19
2.528410e+01,1.612888e-17,4.770629e-17,4.770629e-19
2.528694e+01,1.637128e-17,4.761472e-17,4.761472e-19
2.528979e+01,1.635741e-17,4.812079e-17,4.812079e-19
2.529263e+01,1.629726e-17,4.891303e-17,4.891303e-19
2.529547e+01,1.621477e-17,4.935328e-17,4.935328e-19
2.529832e+01,1.622080e-17,4.967033e-17,4.967033e-19
2.530116e+01,1.598430e-17,5.052904e-17,5.052904e-19
2.530400e+01,1.625024e-17,5.152575e-17,5.152575e-19
2.530685e+01,1.616187e-17,5.187217e-17,5.187217e-19
2.530969e+01,1.636040e-17,5.192898e-17,5.192898e-19
2.531253e+01,1.630502e-17,5.226253e-17,5.226253e-19
2.531538e+01,1.621645e-17,5.358419e-17,5.358419e-19
2.531822e+01,1.653725e-17,5.553209e-17,5.553209e-19
2.532106e+01,1.653658e-17,5.654701e-17,5.654701e-19
2.532391e+01,1.643506e-17,5.691235e-17,5.691235e-19
2.532675e+01,1.630521e-17,5.797924e-17,5.797924e-19
2.532959e+01,1.657903e-17,5.988632e-17,5.988632e-19
2.533244e+01,1.658488e-17,6.113629e-17,6.113629e-19
2.533528e+01,1.650002e-17,6.141518e-17,6.141518e-19
2.533813e+01,1.680181e-17,6.166044e-17,6.166044e-19
2.534097e+01,1.677490e-17,6.306091e-17,6.306091e-19
2.534381e+01,1.663522e-17,6.559926e-17,6.559926e-19
2.534666e+01,1.667338e-17,6.693497e-17,6.693497e-19
2.534950e+01,1.644784e-17,6.702119e-17,6.702119e-19
2.535234e+01,1.656582e-17,6.793479e-17,6.793479e-19
2.535519e+01,1.660625e-17,6.950984e-17,6.950984e-19
2.535803e+01,1.688258e-17,7.042060e-17,7.042060e-19
2.536087e+01,1.691211e-17,7.175667e-17,7.175667e-19
2.536372e+01,1.666474e-17,7.330024e-17,7.330024e-19
2.536656e+01,1.675287e-17,7.391003e-17,7.391003e-19
2.536940e+01,1.668523e-17,7.377323e-17,7.377323e-19
2.537225e+01,1.656116e-17,7.480637e-17,7.480637e-19
2.537509e+01,1.666686e-17,7.709068e-17,7.709068e-19
2.537793e+01,1.694926e-17,7.896062e-17,7.896062e-19
2.538078e+01,1.663761e-17,7.907882e-17,7.907882e-19
2.538362e+01,1.667607e-17,7.852100e-17,7.852100e-19
2.538646e+01,1.704657e-17,7.878634e-17,7.878634e-19
2.538931e+01,1.691504e-17,7.937561e-17,7.937561e-19
2.539215e+01,1.683965e-17,8.032397e-17,8.032397e-19
2.539499e+01,1.697141e-17,8.157740e-17,8.157740e-19
2.539784e+01,1.684381e-17,8.203764e-17,8.203764e-19
2.540068e+01,1.690868e-17,8.244307e-17,8.244307e-19
2.540352e+01,1.681511e-17,8.241732e-17,8.241732e-19
2.540637e+01,1.689860e-17,8.151344e-17,8.151344e-19
2.540921e+01,1.680435e-17,8.076374e-17,8.076374e-19
2.541206e+01,1.702215e-17,8.031194e-17,8.031194e-19
2.541490e+01,1.719404e-17,7.933567e-17,7.933567e-19
2.541774e+01,1.694610e-17,7.868137e-17,7.868137e-19
2.542059e+01,1.701241e-17,7.804257e-17,7.804257e-19
2.542343e+01,1.683646e-17,7.589577e-17,7.589577e-19
2.542627e+01,1.715283e-17,7.416762e-17,7.416762e-19
2.542912e+01,1.681656e-17,7.398742e-17,7.398742e-19
2.543196e+01,1.696407e-17,7.360819e-17,7.360819e-19
2.543480e+01,1.675439e-17,7.232972e-17,7.232972e-19
2.543765e+01,1.688613e-17,7.134650e-17,7.134650e-19
2.544049e+01,1.700782e-17,7.059062e-17,7.059062e-19
2.544333e+01,1.699123e-17,6.988740e-17,6.988740e-19
2.544618e+01,1.692612e-17,6.963692e-17,6.963692e-19
2.544902e+01,1.696743e-17,6.944923e-17,6.944923e-19
2.545186e+01,1.672535e-17,6.858634e-17,6.858634e-19
2.545471e+01,1.670032e-17,6.748713e-17,6.748713e-19
2.545755e+01,1.685814e-17,6.667986e-17,6.667986e-19
2.546039e+01,1.675234e-17,6.601557e-17,6.601557e-19
2.546324e+01,1.658820e-17,6.531605e-17,6.531605e-19
2.546608e+01,1.677929e-17,6.500986e-17,6.500986e-19
2.546892e+01,1.659124e-17,6.480275e-17,6.480275e-19
2.547177e+01,1.641677e-17,6.427292e-17,6.427292e-19
2.547461e+01,1.652870e-17,6.393207e-17,6.393207e-19
2.547745e+01,1.631610e-17,6.336728e-17,6.336728e-19
2.548030e+01,1.648225e-17,6.219967e-17,6.219967e-19
2.548314e+01,1.643299e-17,6.154105e-17,6.154105e-19
2.548599e+01,1.648795e-17,6.197531e-17,6.197531e-19
2.548883e+01,1.631295e-17,6.293767e-17,6.293767e-19
2.549167e+01,1.660127e-17,6.361291e-17,6.361291e-19
2.549452e+01,1.651368e-17,6.343212e-17,6.343212e-19
2.549736e+01,1.642307e-17,6.304762e-17,6.304762e-19
2.550020e+01,1.617820e-17,6.316654e-17,6.316654e-19
2.550305e+01,1.639169e-17,6.311322e-17,6.311322e-19
2.550589e+01,1.637395e-17,6.199988e-17,6.199988e-19
2.550873e+01,1.633936e-17,6.122024e-17,6.122024e-19
2.551158e+01,1.611898e-17,6.109591e-17,6.109591e-19
2.551442e+01,1.653881e-17,6.177014e-17,6.177014e-19
2.551726e+01,1.615090e-17,6.290676e-17,6.290676e-19
2.552011e+01,1.640132e-17,6.352756e-17,6.352756e-19
2.552295e+01,1.629996e-17,6.229890e-17,6.229890e-19
2.552579e+01,1.634394e-17,6.108005e-17,6.108005e-19
2.552864e+01,1.654966e-17,6.092603e-17,6.092603e-19
2.553148e+01,1.649329e-17,6.105956e-17,6.105956e-19
2.553432e+01,1.613355e-17,6.098865e-17,6.098865e-19
2.553717e+01,1.660819e-17,6.116162e-17,6.116162e-19
2.554001e+01,1.648255e-17,6.175981e-17,6.175981e-19
2.554285e+01,1.653155e-17,6.283408e-17,6.283408e-19
2.554570e+01,1.633099e-17,6.314020e-17,6.314020e-19
2.554854e+01,1.640643e-17,6.302064e-17,6.302064e-19
2.555138e+01,1.651004e-17,6.326131e-17,6.326131e-19
2.555423e+01,1.653357e-17,6.305337e-17,6.305337e-19
2.555707e+01,1.668061e-17,6.302019e-17,6.302019e-19
2.555992e+01,1.641812e-17,6.352496e-17,6.352496e-19
2.556276e+01,1.643346e-17,6.378134e-17,6.378134e-19
2.556560e+01,1.635788e-17,6.360682e-17,6.360682e-19
2.556845e+01,1.653275e-17,6.411199e-17,6.411199e-19
2.557129e+01,1.637411e-17,6.441510e-17,6.441510e-19
2.557413e+01,1.661182e-17,6.434411e-17,6.434411e-19
2.557698e+01,1.637281e-17,6.430340e-17,6.430340e-19
2.557982e+01,1.657468e-17,6.433205e-17,6.433205e-19
2.558266e+01,1.637134e-17,6.417179e-17,6.417179e-19
2.558551e+01,1.642139e-17,6.463476e-17,6.463476e-19
2.558835e+01,1.665971e-17,6.544980e-17,6.544980e-19
2.559119e+01,1.648812e-17,6.572299e-17,6.572299e-19
2.559404e+01,1.654295e-17,6.519842e-17,6.519842e-19
2.559688e+01,1.641839e-17,6.462580e-17,6.462580e-19
2.559972e+01,1.625323e-17,6.446604e-17,6.446604e-19
2.560257e+01,1.641945e-17,6.405567e-17,6.405567e-19
2.560541e+01,1.653539e-17,6.414323e-17,6.414323e-19
2.560825e+01,1.630838e-17,6.427429e-17,6.427429e-19
2.561110e+01,1.618702e-17,6.359784e-17,6.359784e-19
2.561394e+01,1.621416e-17,6.272075e-17,6.272075e-19
2.561678e+01,1.633594e-17,6.264925e-17,6.264925e-19
2.561963e+01,1.640166e-17,6.316679e-17,6.316679e-19
2.562247e+01,1.652632e-17,6.339471e-17,6.339471e-19
2.562532e+01,1.648043e-17,6.378024e-17,6.378024e-19
2.562816e+01,1.648737e-17,6.371181e-17,6.371181e-19
2.563100e+01,1.641731e-17,6.344527e-17,6.344527e-19
2.563385e+01,1.622835e-17,6.386423e-17,6.386423e-19
2.563669e+01,1.656793e-17,6.489288e-17,6.489288e-19
2.563953e+01,1.652077e-17,6.513121e-17,6.513121e-19
2.564238e+01,1.636219e-17,6.493796e-17,6.493796e-19
2.564522e+01,1.655536e-17,6.515924e-17,6.515924e-19
2.564806e+01,1.608081e-17,6.568474e-17,6.568474e-19
2.565091e+01,1.661912e-17,6.638288e-17,6.638288e-19
2.565375e+01,1.639196e-17,6.670840e-17,6.670840e-19
2.565659e+01,1.647558e-17,6.705822e-17,6.705822e-19
2.565944e+01,1.640211e-17,6.760085e-17,6.760085e-19
2.566228e+01,1.647118e-17,6.871638e-17,6.871638e-19
2.566512e+01,1.636226e-17,6.899515e-17,6.899515e-19
2.566797e+01,1.644680e-17,6.768650e-17,6.768650e-19
2.567081e+01,1.623463e-17,6.720141e-17,6.720141e-19
2.567365e+01,1.639533e-17,6.854510e-17,6.854510e-19
2.567650e+01,1.652526e-17,7.015136e-17,7.015136e-19
2.567934e+01,1.661885e-17,7.150417e-17,7.150417e-19
2.568218e+01,1.628681e-17,7.195702e-17,7.195702e-19
2.568503e+01,1.614899e-17,7.177167e-17,7.177167e-19
2.568787e+01,1.645432e-17,7.157417e-17,7.157417e-19
2.569071e+01,1.627767e-17,7.101592e-17,7.101592e-19
2.569356e+01,1.636277e-17,7.079513e-17,7.079513e-19
2.569640e+01,1.640046e-17,7.062131e-17,7.062131e-19
2.569925e+01,1.619028e-17,6.908946e-17,6.908946e-19
2.570209e+01,1.609915e-17,6.762566e-17,6.762566e-19
2.570493e+01,1.640790e-17,6.794629e-17,6.794629e-19
2.570778e+01,1.627074e-17,6.845672e-17,6.845672e-19
2.571062e+01,1.624921e-17,6.802540e-17,6.802540e-19
2.571346e+01,1.624694e-17,6.719598e-17,6.719598e-19
2.571631e+01,1.635444e-17,6.732964e-17,6.732964e-19
2.571915e+01,1.626195e-17,6.800314e-17,6.800314e-19
2.572199e+01,1.616666e-17,6.828265e-17,6.828265e-19
2.572484e+01,1.633449e-17,6.825244e-17,6.825244e-19
2.572768e+01,1.598701e-17,6.843977e-17,6.843977e-19
2.573052e+01,1.619562e-17,6.946014e-17,6.946014e-19
2.573337e+01,1.609339e-17,7.097935e-17,7.097935e-19
2.573621e+01,1.644288e-17,7.213384e-17,7.213384e-19
2.573905e+01,1.627305e-17,7.288291e-17,7.288291e-19
2.574190e+01,1.638344e-17,7.374481e-17,7.374481e-19
2.574474e+01,1.627910e-17,7.482703e-17,7.482703e-19
2.574758e+01,1.644849e-17,7.624440e-17,7.624440e-19
2.575043e+01,1.631442e-17,7.775867e-17,7.775867e-19
2.575327e+01,1.667764e-17,7.901023e-17,7.901023e-19
2.575611e+01,1.640005e-17,7.953929e-17,7.953929e-19
2.575896e+01,1.659368e-17,7.971943e-17,7.971943e-19
2.576180e+01,1.641863e-17,7.979649e-17,7.979649e-19
2.576464e+01,1.621162e-17,7.963316e-17,7.963316e-19
2.576749e+01,1.630191e-17,7.888587e-17,7.888587e-19
2.577033e+01,1.627853e-17,7.882980e-17,7.882980e-19
2.577318e+01,1.636975e-17,7.976393e-17,7.976393e-19
2.577602e+01,1.654697e-17,7.969543e-17,7.969543e-19
2.577886e+01,1.637440e-17,7.897754e-17,7.897754e-19
2.578171e+01,1.637313e-17,7.942014e-17,7.942014e-19
2.578455e+01,1.639993e-17,8.043236e-17,8.043236e-19
2.578739e+01,1.606530e-17,8.009049e-17,8.009049e-19
2.579024e+01,1.661624e-17,7.922238e-17,7.922238e-19
2.579308e+01,1.648314e-17,7.958661e-17,7.958661e-19
2.579592e+01,1.637718e-17,8.120518e-17,8.120518e-19
2.579877e+01,1.638936e-17,8.134146e-17,8.134146e-19
2.580161e+01,1.636296e-17,8.043250e-17,8.043250e-19
2.580445e+01,1.634047e-17,8.180269e-17,8.180269e-19
2.580730e+01,1.642094e-17,8.394337e-17,8.394337e-19
2.581014e+01,1.655554e-17,8.396283e-17,8.396283e-19
2.581298e+01,1.617170e-17,8.319938e-17,8.319938e-19
2.581583e+01,1.621238e-17,8.330302e-17,8.330302e-19
2.581867e+01,1.628654e-17,8.328181e-17,8.328181e-19
2.582151e+01,1.645199e-17,8.252228e-17,8.252228e-19
2.582436e+01,1.645951e-17,8.193500e-17,8.193500e-19
2.582720e+01,1.628560e-17,8.172561e-17,8.172561e-19
2.583004e+01,1.630626e-17,8.072818e-17,8.072818e-19
2.583289e+01,1.647460e-17,7.934662e-17,7.934662e-19
2.583573e+01,1.625441e-17,7.877020e-17,7.877020e-19
2.583858e+01,1.629951e-17,7.874591e-17,7.874591e-19
2.584142e+01,1.642609e-17,7.801529e-17,7.801529e-19
2.584426e+01,1.641495e-17,7.719720e-17,7.719720e-19
2.584711e+01,1.656448e-17,7.644890e-17,7.644890e-19
2.584995e+01,1.638525e-17,7.473101e-17,7.473101e-19
2.585279e+01,1.650852e-17,7.280934e-17,7.280934e-19
2.585564e+01,1.642867e-17,7.138689e-17,7.138689e-19
2.585848e+01,1.649702e-17,7.033492e-17,7.033492e-19
2.586132e+01,1.651613e-17,6.989085e-17,6.989085e-19
2.586417e+01,1.638679e-17,6.940984e-17,6.940984e-19
2.586701e+01,1.658617e-17,6.826694e-17,6.826694e-19
2.586985e+01,1.629056e-17,6.720325e-17,6.720325e-19
2.587270e+01,1.645798e-17,6.674942e-17,6.674942e-19
2.587554e+01,1.673859e-17,6.587521e-17,6.587521e-19
2.587838e+01,1.650863e-17,6.461926e-17,6.461926e-19
2.588123e+01,1.631525e-17,6.353211e-17,6.353211e-19
2.588407e+01,1.639847e-17,6.259985e-17,6.259985e-19
2.588691e+01,1.633481e-17,6.187199e-17,6.187199e-19
2.588976e+01,1.627596e-17,6.163017e-17,6.163017e-19
2.589260e+01,1.626577e-17,6.198130e-17,6.198130e-19
2.589544e+01,1.665569e-17,6.234401e-17,6.234401e-19
2.589829e+01,1.648495e-17,6.235441e-17,6.235441e-19
2.590113e+01,1.646662e-17,6.245337e-17,6.245337e-19
2.590397e+01,1.651568e-17,6.274836e-17,6.274836e-19
2.590682e+01,1.634996e-17,6.305128e-17,6.305128e-19
2.590966e+01,1.623687e-17,6.361024e-17,6.361024e-19
2.591251e+01,1.627407e-17,6.374194e-17,6.374194e-19
2.591535e+01,1.612702e-17,6.296368e-17,6.296368e-19
2.591819e+01,1.638610e-17,6.292737e-17,6.292737e-19
2.592104e+01,1.616050e-17,6.356263e-17,6.356263e-19
2.592388e+01,1.621455e-17,6.352261e-17,6.352261e-19
2.592672e+01,1.624886e-17,6.276860e-17,6.276860e-19
2.592957e+01,1.660614e-17,6.241514e-17,6.241514e-19
2.593241e+01,1.609699e-17,6.239185e-17,6.239185e-19
2.593525e+01,1.635878e-17,6.329646e-17,6.329646e-19
2.593810e+01,1.648046e-17,6.417610e-17,6.417610e-19
2.594094e+01,1.620922e-17,6.386694e-17,6.386694e-19
2.594378e+01,1.628083e-17,6.293347e-17,6.293347e-19
2.594663e+01,1.627875e-17,6.258020e-17,6.258020e-19
2.594947e+01,1.667083e-17,6.312523e-17,6.312523e-19
2.595231e+01,1.649958e-17,6.413596e-17,6.413596e-19
2.595516e+01,1.663523e-17,6.537383e-17,6.537383e-19
2.595800e+01,1.656913e-17,6.602096e-17,6.602096e-19
2.596084e+01,1.659413e-17,6.607366e-17,6.607366e-19
2.596369e+01,1.651387e-17,6.593700e-17,6.593700e-19
2.596653e+01,1.664420e-17,6.594721e-17,6.594721e-19
2.596937e+01,1.658664e-17,6.567864e-17,6.567864e-19
2.597222e+01,1.675699e-17,6.558661e-17,6.558661e-19
2.597506e+01,1.674666e-17,6.566354e-17,6.566354e-19
2.597790e+01,1.669985e-17,6.535004e-17,6.535004e-19
2.598075e+01,1.660500e-17,6.465923e-17,6.465923e-19
2.598359e+01,1.682009e-17,6.517035e-17,6.517035e-19
2.598644e+01,1.658075e-17,6.650292e-17,6.650292e-19
2.598928e+01,1.655600e-17,6.726747e-17,6.726747e-19
2.599212e+01,1.646049e-17,6.717427e-17,6.717427e-19
2.599497e+01,1.675506e-17,6.697556e-17,6.697556e-19
2.599781e+01,1.670153e-17,6.685873e-17,6.685873e-19
2.600065e+01,1.670779e-17,6.709517e-17,6.709517e-19
2.600350e+01,1.655478e-17,6.737628e-17,6.737628e-19
2.600634e+01,1.678958e-17,6.754505e-17,6.754505e-19
2.600918e+01,1.689382e-17,6.781882e-17,6.781882e-19
2.601203e+01,1.703703e-17,6.821778e-17,6.821778e-19
2.601487e+01,1.681571e-17,6.806215e-17,6.806215e-19
2.601771e+01,1.640847e-17,6.734190e-17,6.734190e-19
2.602056e+01,1.662689e-17,6.671079e-17,6.671079e-19
2.602340e+01,1.631630e-17,6.602148e-17,6.602148e-19
2.602624e+01,1.635201e-17,6.511643e-17,6.511643e-19
2.602909e+01,1.678980e-17,6.419856e-17,6.419856e-19
2.603193e+01,1.623630e-17,6.281630e-17,6.281630e-19
2.603477e+01,1.612262e-17,6.142722e-17,6.142722e-19
2.603762e+01,1.661283e-17,6.103943e-17,6.103943e-19
2.604046e+01,1.638319e-17,6.158074e-17,6.158074e-19
2.604330e+01,1.612385e-17,6.171484e-17,6.171484e-19
2.604615e+01,1.612961e-17,6.048604e-17,6.048604e-19
2.604899e+01,1.629146e-17,5.902654e-17,5.902654e-19
2.605183e+01,1.623708e-17,5.845095e-17,5.845095e-19
2.605468e+01,1.589769e-17,5.800498e-17,5.800498e-19
2.605752e+01,1.623957e-17,5.756891e-17,5.756891e-19
2.606037e+01,1.609633e-17,5.686980e-17,5.686980e-19
2.606321e+01,1.625691e-17,5.661938e-17,5.661938e-19
2.606605e+01,1.618046e-17,5.691314e-17,5.691314e-19
2.606890e+01,1.604597e-17,5.702490e-17,5.702490e-19
2.607174e+01,1.612304e-17,5.641223e-17,5.641223e-19
2.607458e+01,1.605642e-17,5.529297e-17,5.529297e-19
2.607743e+01,1.597164e-17,5.422661e-17,5.422661e-19
2.608027e+01,1.609658e-17,5.410567e-17,5.410567e-19
2.608311e+01,1.598376e-17,5.463378e-17,5.463378e-19
2.608596e+01,1.629374e-17,5.496470e-17,5.496470e-19
2.608880e+01,1.622546e-17,5.450199e-17,5.450199e-19
2.609164e+01,1.585909e-17,5.340495e-17,5.340495e-19
2.609449e+01,1.612407e-17,5.277395e-17,5.277395e-19
2.609733e+01,1.582815e-17,5.274455e-17,5.274455e-19
2.610017e+01,1.601839e-17,5.266383e-17,5.266383e-19
2.610302e+01,1.621192e-17,5.202588e-17,5.202588e-19
2.610586e+01,1.591760e-17,5.122049e-17,5.122049e-19
2.610870e+01,1.606528e-17,5.123600e-17,5.123600e-19
2.611155e+01,1.593206e-17,5.105919e-17,5.105919e-19
2.611439e+01,1.605660e-17,5.101180e-17,5.101180e-19
2.611723e+01,1.567251e-17,5.137000e-17,5.137000e-19
2.612008e+01,1.610368e-17,5.175740e-17,5.175740e-19
2.612292e+01,1.609289e-17,5.122155e-17,5.122155e-19
2.612577e+01,1.598239e-17,5.100075e-17,5.100075e-19
2.612861e+01,1.613729e-17,5.131290e-17,5.131290e-19
2.613145e+01,1.607224e-17,5.161909e-17,5.161909e-19
2.613430e+01,1.594687e-17,5.156887e-17,5.156887e-19
2.613714e+01,1.600433e-17,5.159865e-17,5.159865e-19
2.613998e+01,1.582284e-17,5.241109e-17,5.241109e-19
2.614283e+01,1.598584e-17,5.305004e-17,5.305004e-19
2.614567e+01,1.617144e-17,5.324952e-17,5.324952e-19
2.614851e+01,1.576710e-17,5.385343e-17,5.385343e-19
2.615136e+01,1.590086e-17,5.429601e-17,5.429601e-19
2.615420e+01,1.593355e-17,5.395448e-17,5.395448e-19
2.615704e+01,1.610209e-17,5.427508e-17,5.427508e-19
2.615989e+01,1.607750e-17,5.537536e-17,5.537536e-19
2.616273e+01,1.618447e-17,5.648581e-17,5.648581e-19
2.616557e+01,1.604985e-17,5.771226e-17,5.771226e-19
2.616842e+01,1.605713e-17,5.913664e-17,5.913664e-19
2.617126e+01,1.626886e-17,6.042221e-17,6.042221e-19
2.617410e+01,1.629076e-17,6.108349e-17,6.108349e-19
2.617695e+01,1.623915e-17,6.179132e-17,6.179132e-19
2.617979e+01,1.640922e-17,6.323858e-17,6.323858e-19
2.618263e+01,1.636654e-17,6.390891e-17,6.390891e-19
2.618548e+01,1.624405e-17,6.445501e-17,6.445501e-19
2.618832e+01,1.627751e-17,6.644683e-17,6.644683e-19
2.619116e+01,1.635702e-17,6.850211e-17,6.850211e-19
2.619401e+01,1.615541e-17,6.892366e-17,6.892366e-19
2.619685e+01,1.652372e-17,6.997979e-17,6.997979e-19
2.619970e+01,1.637918e-17,7.175078e-17,7.175078e-19
2.620254e+01,1.653449e-17,7.306047e-17,7.306047e-19
2.620538e+01,1.640197e-17,7.368107e-17,7.368107e-19
2.620823e+01,1.647185e-17,7.456777e-17,7.456777e-19
2.621107e+01,1.641786e-17,7.543841e-17,7.543841e-19
2.621391e+01,1.655693e-17,7.573764e-17,7.573764e-19
2.621676e+01,1.680274e-17,7.583276e-17,7.583276e-19
2.621960e+01,1.643055e-17,7.592270e-17,7.592270e-19
2.622244e+01,1.628180e-17,7.620682e-17,7.620682e-19
2.622529e+01,1.624847e-17,7.696209e-17,7.696209e-19
2.622813e+01,1.643691e-17,7.758403e-17,7.758403e-19
2.623097e+01,1.630186e-17,7.729780e-17,7.729780e-19
2.623382e+01,1.620024e-17,7.713458e-17,7.713458e-19
2.623666e+01,1.645902e-17,7.767017e-17,7.767017e-19
2.623950e+01,1.623098e-17,7.763762e-17,7.763762e-19
2.624235e+01,1.640750e-17,7.630298e-17,7.630298e-19
2.624519e+01,1.643766e-17,7.533916e-17,7.533916e-19
2.624803e+01,1.627018e-17,7.526348e-17,7.526348e-19
2.625088e+01,1.635586e-17,7.502679e-17,7.502679e-19
2.625372e+01,1.634010e-17,7.383864e-17,7.383864e-19
2.625656e+01,1.652824e-17,7.267937e-17,7.267937e-19
2.625941e+01,1.639818e-17,7.208617e-17,7.208617e-19
2.626225e+01,1.638020e-17,7.209502e-17,7.209502e-19
2.626509e+01,1.617437e-17,7.141400e-17,7.141400e-19
2.626794e+01,1.624634e-17,6.927861e-17,6.927861e-19
2.627078e+01,1.626016e-17,6.696448e-17,6.696448e-19
2.627363e+01,1.606393e-17,6.540461e-17,6.540461e-19
2.627647e+01,1.619685e-17,6.373733e-17,6.373733e-19
2.627931e+01,1.616806e-17,6.150495e-17,6.150495e-19
2.628216e+01,1.606823e-17,5.994873e-17,5.994873e-19
2.628500e+01,1.589882e-17,5.906589e-17,5.906589e-19
2.628784e+01,1.621076e-17,5.817749e-17,5.817749e-19
2.629069e+01,1.606746e-17,5.706176e-17,5.706176e-19
2.629353e+01,1.595224e-17,5.598769e-17,5.598769e-19
2.629637e+01,1.618199e-17,5.513241e-17,5.513241e-19
2.629922e+01,1.595361e-17,5.387007e-17,5.387007e-19
2.630206e+01,1.567658e-17,5.255223e-17,5.255223e-19
2.630490e+01,1.575729e-17,5.177356e-17,5.177356e-19
2.630775e+01,1.616531e-17,5.183881e-17,5.183881e-19
2.631059e+01,1.593753e-17,5.191759e-17,5.191759e-19
2.631343e+01,1.598048e-17,5.174462e-17,5.174462e-19
2.631628e+01,1.606253e-17,5.159148e-17,5.159148e-19
2.631912e+01,1.573693e-17,5.159086e-17,5.159086e-19
2.632196e+01,1.594913e-17,5.179300e-17,5.179300e-19
2.632481e+01,1.606738e-17,5.198793e-17,5.198793e-19
2.632765e+01,1.608282e-17,5.187935e-17,5.187935e-19
2.633049e+01,1.581149e-17,5.195263e-17,5.195263e-19
2.633334e+01,1.590270e-17,5.222066e-17,5.222066e-19
2.633618e+01,1.575457e-17,5.193603e-17,5.193603e-19
2.633903e+01,1.577503e-17,5.191940e-17,5.191940e-19
2.634187e+01,1.595083e-17,5.282053e-17,5.282053e-19
2.634471e+01,1.580052e-17,5.355592e-17,5.355592e-19
2.634756e+01,1.604934e-17,5.380660e-17,5.380660e-19
2.635040e+01,1.575747e-17,5.418114e-17,5.418114e-19
2.635324e+01,1.611355e-17,5.457122e-17,5.457122e-19
2.635609e+01,1.578386e-17,5.434401e-17,5.434401e-19
2.635893e+01,1.602509e-17,5.457618e-17,5.457618e-19
2.636177e+01,1.596295e-17,5.473157e-17,5.473157e-19
2.636462e+01,1.561237e-17,5.461671e-17,5.461671e-19
2.636746e+01,1.598590e-17,5.471126e-17,5.471126e-19
2.637030e+01,1.622070e-17,5.439411e-17,5.439411e-19
2.637315e+01,1.594035e-17,5.362098e-17,5.362098e-19
2.637599e+01,1.616646e-17,5.297848e-17,5.297848e-19
2.637883e+01,1.582692e-17,5.238471e-17,5.238471e-19
2.638168e+01,1.593377e-17,5.189141e-17,5.189141e-19
2.638452e+01,1.579097e-17,5.187828e-17,5.187828e-19
2.638736e+01,1.568690e-17,5.156272e-17,5.156272e-19
2.639021e+01,1.576311e-17,5.079251e-17,5.079251e-19
2.639305e+01,1.585226e-17,4.973584e-17,4.973584e-19
2.639589e+01,1.596455e-17,4.884631e-17,4.884631e-19
2.639874e+01,1.598481e-17,4.868290e-17,4.868290e-19
2.640158e+01,1.588709e-17,4.958916e-17,4.958916e-19
2.640442e+01,1.589167e-17,4.980269e-17,4.980269e-19
2.640727e+01,1.564097e-17,4.910531e-17,4.910531e-19
2.641011e+01,1.559103e-17,4.920134e-17,4.920134e-19
2.641296e+01,1.571908e-17,5.022396e-17,5.022396e-19
2.641580e+01,1.552120e-17,5.098441e-17,5.098441e-19
2.641864e+01,1.573752e-17,5.063971e-17,5.063971e-19
2.642149e+01,1.546856e-17,5.040623e-17,5.040623e-19
2.642433e+01,1.585134e-17,5.150802e-17,5.150802e-19
2.642717e+01,1.572093e-17,5.243305e-17,5.243305e-19
2.643002e+01,1.590770e-17,5.287461e-17,5.287461e-19
2.643286e+01,1.604969e-17,5.355667e-17,5.355667e-19
2.643570e+01,1.583554e-17,5.413665e-17,5.413665e-19
2.643855e+01,1.556598e-17,5.499268e-17,5.499268e-19
2.644139e+01,1.576112e-17,5.678526e-17,5.678526e-19
2.644423e+01,1.580567e-17,5.820464e-17,5.820464e-19
2.644708e+01,1.591343e-17,5.871287e-17,5.871287e-19
2.644992e+01,1.593718e-17,5.959203e-17,5.959203e-19
2.645276e+01,1.571915e-17,6.060188e-17,6.060188e-19
2.645561e+01,1.612151e-17,6.108116e-17,6.108116e-19
2.645845e+01,1.588877e-17,6.111909e-17,6.111909e-19
2.646129e+01,1.607816e-17,6.152393e-17,6.152393e-19
2.646414e+01,1.577620e-17,6.165509e-17,6.165509e-19
2.646698e+01,1.604587e-17,6.150652e-17,6.150652e-19
2.646982e+01,1.619950e-17,6.084482e-17,6.084482e-19
2.647267e+01,1.583825e-17,6.006813e-17,6.006813e-19
2.647551e+01,1.625145e-17,5.965158e-17,5.965158e-19
2.647835e+01,1.602837e-17,5.955471e-17,5.955471e-19
2.648120e+01,1.600965e-17,5.974763e-17,5.974763e-19
2.648404e+01,1.595968e-17,6.009900e-17,6.009900e-19
2.648689e+01,1.591048e-17,6.062602e-17,6.062602e-19
2.648973e+01,1.599047e-17,6.116645e-17,6.116645e-19
2.649257e+01,1.602192e-17,6.103361e-17,6.103361e-19
2.649542e+01,1.594653e-17,6.071182e-17,6.071182e-19
2.649826e+01,1.581373e-17,6.116717e-17,6.116717e-19
2.650110e+01,1.600796e-17,6.170184e-17,6.170184e-19
2.650395e+01,1.608750e-17,6.124355e-17,6.124355e-19
2.650679e+01,1.576777e-17,6.077042e-17,6.077042e-19
2.650963e+01,1.623645e-17,6.150226e-17,6.150226e-19
2.651248e+01,1.601688e-17,6.277641e-17,6.277641e-19
2.651532e+01,1.588909e-17,6.426649e-17,6.426649e-19
2.651816e+01,1.605397e-17,6.500296e-17,6.500296e-19
2.652101e+01,1.605530e-17,6.475440e-17,6.475440e-19
2.652385e+01,1.599075e-17,6.474721e-17,6.474721e-19
2.652669e+01,1.579553e-17,6.590551e-17,6.590551e-19
2.652954e+01,1.597149e-17,6.813729e-17,6.813729e-19
2.653238e+01,1.592363e-17,6.955628e-17,6.955628e-19
2.653522e+01,1.590582e-17,6.886166e-17,6.886166e-19
2.653807e+01,1.600775e-17,6.733207e-17,6.733207e-19
2.654091e+01,1.609138e-17,6.653264e-17,6.653264e-19
2.654375e+01,1.621346e-17,6.670434e-17,6.670434e-19
2.654660e+01,1.613916e-17,6.697898e-17,6.697898e-19
2.654944e+01,1.624970e-17,6.691868e-17,6.691868e-19
2.655228e+01,1.599974e-17,6.635148e-17,6.635148e-19
2.655513e+01,1.605391e-17,6.620172e-17,6.620172e-19
2.655797e+01,1.602721e-17,6.627859e-17,6.627859e-19
2.656082e+01,1.589314e-17,6.577351e-17,6.577351e-19
2.656366e+01,1.599880e-17,6.467949e-17,6.467949e-19
2.656650e+01,1.596840e-17,6.335244e-17,6.335244e-19
2.656935e+01,1.599354e-17,6.217307e-17,6.217307e-19
2.657219e+01,1.605761e-17,6.190292e-17,6.190292e-19
2.657503e+01,1.627476e-17,6.197455e-17,6.197455e-19
2.657788e+01,1.576812e-17,6.143360e-17,6.143360e-19
2.658072e+01,1.587983e-17,6.044060e-17,6.044060e-19
2.658356e+01,1.615042e-17,5.917298e-17,5.917298e-19
2.658641e+01,1.593247e-17,5.840445e-17,5.840445e-19
2.658925e+01,1.595666e-17,5.879997e-17,5.879997e-19
2.659209e+01,1.569731e-17,5.948763e-17,5.948763e-19
2.659494e+01,1.587551e-17,5.890503e-17,5.890503e-19
2.659778e+01,1.606414e-17,5.803703e-17,5.803703e-19
2.660062e+01,1.603091e-17,5.785505e-17,5.785505e-19
2.660347e+01,1.569099e-17,5.835473e-17,5.835473e-19
2.660631e+01,1.579603e-17,5.899804e-17,5.899804e-19
2.660915e+01,1.580261e-17,5.923456e-17,5.923456e-19
2.661200e+01,1.593059e-17,5.938034e-17,5.938034e-19
2.661484e+01,1.590395e-17,6.003160e-17,6.003160e-19
2.661768e+01,1.582654e-17,6.127350e-17,6.127350e-19
2.662053e+01,1.601131e-17,6.281179e-17,6.281179e-19
2.662337e+01,1.606604e-17,6.350010e-17,6.350010e-19
2.662622e+01,1.585871e-17,6.408145e-17,6.408145e-19
2.662906e+01,1.574148e-17,6.551895e-17,6.551895e-19
2.663190e+01,1.621079e-17,6.708306e-17,6.708306e-19
2.663475e+01,1.592060e-17,6.788447e-17,6.788447e-19
2.663759e+01,1.607434e-17,6.889756e-17,6.889756e-19
2.664043e+01,1.606963e-17,7.028211e-17,7.028211e-19
2.664328e+01,1.609335e-17,7.116506e-17,7.116506e-19
2.664612e+01,1.607683e-17,7.035728e-17,7.035728e-19
2.664896e+01,1.622546e-17,6.928674e-17,6.928674e-19
2.665181e+01,1.614956e-17,6.975415e-17,6.975415e-19
2.665465e+01,1.607209e-17,7.104088e-17,7.104088e-19
2.665749e+01,1.616930e-17,7.179194e-17,7.179194e-19
2.666034e+01,1.627778e-17,7.200228e-17,7.200228e-19
2.666318e+01,1.581434e-17,7.141660e-17,7.141660e-19
2.666602e+01,1.617120e-17,7.015136e-17,7.015136e-19
2.666887e+01,1.601186e-17,6.846271e-17,6.846271e-19
2.667171e+01,1.586842e-17,6.667161e-17,6.667161e-19
2.667455e+01,1.608437e-17,6.543368e-17,6.543368e-19
2.667740e+01,1.598612e-17,6.518153e-17,6.518153e-19
2.668024e+01,1.586966e-17,6.462969e-17,6.462969e-19
2.668308e+01,1.559582e-17,6.307190e-17,6.307190e-19
2.668593e+01,1.600604e-17,6.161987e-17,6.161987e-19
2.668877e+01,1.596897e-17,6.059154e-17,6.059154e-19
2.669161e+01,1.567219e-17,6.007415e-17,6.007415e-19
2.669446e+01,1.583343e-17,5.880088e-17,5.880088e-19
2.669730e+01,1.597184e-17,5.668642e-17,5.668642e-19
2.670015e+01,1.566302e-17,5.426123e-17,5.426123e-19
2.670299e+01,1.591875e-17,5.299985e-17,5.299985e-19
2.670583e+01,1.578101e-17,5.226063e-17,5.226063e-19
2.670868e+01,1.574392e-17,5.174900e-17,5.174900e-19
2.671152e+01,1.593502e-17,5.082849e-17,5.082849e-19
2.671436e+01,1.578772e-17,5.006722e-17,5.006722e-19
2.671721e+01,1.563178e-17,4.957601e-17,4.957601e-19
2.672005e+01,1.571092e-17,4.948100e-17,4.948100e-19
2.672289e+01,1.590952e-17,4.860969e-17,4.860969e-19
2.672574e+01,1.570139e-17,4.754457e-17,4.754457e-19
2.672858e+01,1.555316e-17,4.701118e-17,4.701118e-19
2.673142e+01,1.561436e-17,4.639254e-17,4.639254e-19
2.673427e+01,1.549809e-17,4.551488e-17,4.551488e-19
2.673711e+01,1.543443e-17,4.534403e-17,4.534403e-19
2.673995e+01,1.584865e-17,4.540697e-17,4.540697e-19
2.674280e+01,1.539714e-17,4.464674e-17,4.464674e-19
2.674564e+01,1.545303e-17,4.403547e-17,4.403547e-19
2.674848e+01,1.552385e-17,4.401421e-17,4.401421e-19
2.675133e+01,1.561853e-17,4.425089e-17,4.425089e-19
2.675417e+01,1.547392e-17,4.437994e-17,4.437994e-19
2.675701e+01,1.553507e-17,4.448691e-17,4.448691e-19
2.675986e+01,1.545846e-17,4.487711e-17,4.487711e-19
2.676270e+01,1.580508e-17,4.572712e-17,4.572712e-19
2.676554e+01,1.565870e-17,4.688246e-17,4.688246e-19
2.676839e+01,1.544050e-17,4.776363e-17,4.776363e-19
2.677123e+01,1.559085e-17,4.867400e-17,4.867400e-19
2.677408e+01,1.538033e-17,4.983622e-17,4.983622e-19
2.677692e+01,1.551411e-17,5.140773e-17,5.140773e-19
2.677976e+01,1.577817e-17,5.339659e-17,5.339659e-19
2.678261e+01,1.557727e-17,5.497284e-17,5.497284e-19
2.678545e+01,1.581845e-17,5.673154e-17,5.673154e-19
2.678829e+01,1.582081e-17,5.854050e-17,5.854050e-19
2.679114e+01,1.596746e-17,5.993264e-17,5.993264e-19
2.679398e+01,1.586469e-17,6.094905e-17,6.094905e-19
2.679682e+01,1.595929e-17,6.211742e-17,6.211742e-19
2.679967e+01,1.592178e-17,6.358891e-17,6.358891e-19
2.680251e+01,1.590478e-17,6.460740e-17,6.460740e-19
2.680535e+01,1.611246e-17,6.511096e-17,6.511096e-19
2.680820e+01,1.615018e-17,6.569764e-17,6.569764e-19
2.681104e+01,1.607339e-17,6.607972e-17,6.607972e-19
2.681388e+01,1.631727e-17,6.591729e-17,6.591729e-19
2.681673e+01,1.581317e-17,6.583951e-17,6.583951e-19
2.681957e+01,1.609797e-17,6.617674e-17,6.617674e-19
2.682241e+01,1.605624e-17,6.580896e-17,6.580896e-19
2.682526e+01,1.599492e-17,6.481658e-17,6.481658e-19
2.682810e+01,1.595680e-17,6.388792e-17,6.388792e-19
2.683094e+01,1.588718e-17,6.353999e-17,6.353999e-19
2.683379e+01,1.604664e-17,6.397385e-17,6.397385e-19
2.683663e+01,1.601556e-17,6.416183e-17,6.416183e-19
2.683948e+01,1.585076e-17,6.375979e-17,6.375979e-19
2.684232e+01,1.597756e-17,6.366375e-17,6.366375e-19
2.684516e+01,1.572859e-17,6.383574e-17,6.383574e-19
2.684801e+01,1.598041e-17,6.377990e-17,6.377990e-19
2.685085e+01,1.601093e-17,6.350451e-17,6.350451e-19
2.685369e+01,1.599146e-17,6.303163e-17,6.303163e-19
2.685654e+01,1.588238e-17,6.222666e-17,6.222666e-19
2.685938e+01,1.595736e-17,6.193048e-17,6.193048e-19
2.686222e+01,1.586499e-17,6.220184e-17,6.220184e-19
2.686507e+01,1.573433e-17,6.154705e-17,6.154705e-19
2.686791e+01,1.581858e-17,5.988259e-17,5.988259e-19
2.687075e+01,1.560728e-17,5.942055e-17,5.942055e-19
2.687360e+01,1.579982e-17,6.015734e-17,6.015734e-19
2.687644e+01,1.569735e-17,5.963987e-17,5.963987e-19
2.687928e+01,1.577722e-17,5.809426e-17,5.809426e-19
2.688213e+01,1.583443e-17,5.671169e-17,5.671169e-19
2.688497e+01,1.569442e-17,5.459203e-17,5.459203e-19
2.688781e+01,1.571621e-17,5.218684e-17,5.218684e-19
2.689066e+01,1.583123e-17,5.128343e-17,5.128343e-19
2.689350e+01,1.560526e-17,5.113410e-17,5.113410e-19
2.689634e+01,1.572236e-17,5.038743e-17,5.038743e-19
2.689919e+01,1.574739e-17,4.955626e-17,4.955626e-19
2.690203e+01,1.578852e-17,4.889379e-17,4.889379e-19
2.690487e+01,1.556361e-17,4.717344e-17,4.717344e-19
2.690772e+01,1.556412e-17,4.549401e-17,4.549401e-19
2.691056e+01,1.544479e-17,4.464408e-17,4.464408e-19
2.691341e+01,1.538211e-17,4.418325e-17,4.418325e-19
2.691625e+01,1.569931e-17,4.398841e-17,4.398841e-19
2.691909e+01,1.544340e-17,4.346504e-17,4.346504e-19
2.692194e+01,1.539816e-17,4.274372e-17,4.274372e-19
2.692478e+01,1.570014e-17,4.207335e-17,4.207335e-19
2.692762e+01,1.541538e-17,4.197459e-17,4.197459e-19
2.693047e+01,1.573903e-17,4.210607e-17,4.210607e-19
2.693331e+01,1.526371e-17,4.146762e-17,4.146762e-19
2.693615e+01,1.549805e-17,4.070585e-17,4.070585e-19
2.693900e+01,1.560276e-17,4.019483e-17,4.019483e-19
2.694184e+01,1.570552e-17,4.088446e-17,4.088446e-19
2.694468e+01,1.547083e-17,4.146015e-17,4.146015e-19
2.694753e+01,1.552925e-17,4.150118e-17,4.150118e-19
2.695037e+01,1.524078e-17,4.118046e-17,4.118046e-19
2.695321e+01,1.579787e-17,4.151116e-17,4.151116e-19
2.695606e+01,1.532432e-17,4.159937e-17,4.159937e-19
2.695890e+01,1.562719e-17,4.250173e-17,4.250173e-19
2.696174e+01,1.531055e-17,4.319566e-17,4.319566e-19
2.696459e+01,1.518025e-17,4.324877e-17,4.324877e-19
2.696743e+01,1.552452e-17,4.375851e-17,4.375851e-19
2.697027e+01,1.547805e-17,4.437366e-17,4.437366e-19
2.697312e+01,1.568748e-17,4.540986e-17,4.540986e-19
2.697596e+01,1.549313e-17,4.599416e-17,4.599416e-19
2.697880e+01,1.567011e-17,4.640351e-17,4.640351e-19
2.698165e+01,1.536999e-17,4.620980e-17,4.620980e-19
2.698449e+01,1.544343e-17,4.614122e-17,4.614122e-19
2.698734e+01,1.566363e-17,4.645511e-17,4.645511e-19
2.699018e+01,1.582292e-17,4.637575e-17,4.637575e-19
2.699302e+01,1.526937e-17,4.556589e-17,4.556589e-19
2.699587e+01,1.531894e-17,4.558331e-17,4.558331e-19
2.699871e+01,1.555948e-17,4.642879e-17,4.642879e-19
2.700155e+01,1.549199e-17,4.756218e-17,4.756218e-19
2.700440e+01,1.530096e-17,4.807125e-17,4.807125e-19
2.700724e+01,1.521908e-17,4.806605e-17,4.806605e-19
2.701008e+01,1.520388e-17,4.827990e-17,4.827990e-19
2.701293e+01,1.542158e-17,4.898065e-17,4.898065e-19
2.701577e+01,1.562895e-17,5.013402e-17,5.013402e-19
2.701861e+01,1.548341e-17,5.094414e-17,5.094414e-19
2.702146e+01,1.573770e-17,5.127388e-17,5.127388e-19
2.702430e+01,1.565101e-17,5.128937e-17,5.128937e-19
2.702714e+01,1.563784e-17,5.185053e-17,5.185053e-19
2.702999e+01,1.561461e-17,5.324489e-17,5.324489e-19
2.703283e+01,1.560023e-17,5.474148e-17,5.474148e-19
2.703567e+01,1.571953e-17,5.595079e-17,5.595079e-19
2.703852e+01,1.589284e-17,5.704449e-17,5.704449e-19
2.704136e+01,1.567243e-17,5.849776e-17,5.849776e-19
2.704420e+01,1.581202e-17,6.029163e-17,6.029163e-19
2.704705e+01,1.574642e-17,6.183111e-17,6.183111e-19
2.704989e+01,1.562138e-17,6.316889e-17,6.316889e-19
2.705274e+01,1.572971e-17,6.452653e-17,6.452653e-19
2.705558e+01,1.599217e-17,6.552207e-17,6.552207e-19
2.705842e+01,1.551310e-17,6.627106e-17,6.627106e-19
2.706127e+01,1.569918e-17,6.730488e-17,6.730488e-19
2.706411e+01,1.602440e-17,6.808697e-17,6.808697e-19
2.706695e+01,1.603884e-17,6.922346e-17,6.922346e-19
2.706980e+01,1.569078e-17,7.069805e-17,7.069805e-19
2.707264e+01,1.590806e-17,7.143855e-17,7.143855e-19
2.707548e+01,1.601624e-17,7.143452e-17,7.143452e-19
2.707833e+01,1.615669e-17,7.193807e-17,7.193807e-19
2.708117e+01,1.583107e-17,7.212072e-17,7.212072e-19
2.708401e+01,1.593327e-17,7.140999e-17,7.140999e-19
2.708686e+01,1.604899e-17,7.144861e-17,7.144861e-19
2.708970e+01,1.612636e-17,7.188791e-17,7.188791e-19
2.709254e+01,1.589826e-17,7.137019e-17,7.137019e-19
2.709539e+01,1.593967e-17,7.045601e-17,7.045601e-19
2.709823e+01,1.620288e-17,6.978359e-17,6.978359e-19
2.710107e+01,1.617875e-17,6.899804e-17,6.899804e-19
2.710392e+01,1.621427e-17,6.776122e-17,6.776122e-19
2.710676e+01,1.587155e-17,6.611653e-17,6.611653e-19
2.710960e+01,1.589455e-17,6.469790e-17,6.469790e-19
2.711245e+01,1.549701e-17,6.391429e-17,6.391429e-19
2.711529e+01,1.562090e-17,6.398903e-17,6.398903e-19
2.711813e+01,1.597021e-17,6.383826e-17,6.383826e-19
2.712098e+01,1.576032e-17,6.234864e-17,6.234864e-19
2.712382e+01,1.572002e-17,6.034003e-17,6.034003e-19
2.712667e+01,1.570467e-17,5.943112e-17,5.943112e-19
2.712951e+01,1.602911e-17,6.010635e-17,6.010635e-19
2.713235e+01,1.582465e-17,6.055661e-17,6.055661e-19
2.713520e+01,1.570593e-17,5.979662e-17,5.979662e-19
2.713804e+01,1.580505e-17,5.787707e-17,5.787707e-19
2.714088e+01,1.568636e-17,5.586934e-17,5.586934e-19
2.714373e+01,1.558930e-17,5.514477e-17,5.514477e-19
2.714657e+01,1.582860e-17,5.591819e-17,5.591819e-19
2.714941e+01,1.541359e-17,5.635688e-17,5.635688e-19
2.715226e+01,1.565779e-17,5.530940e-17,5.530940e-19
2.715510e+01,1.563886e-17,5.350607e-17,5.350607e-19
2.715794e+01,1.552691e-17,5.293089e-17,5.293089e-19
2.716079e+01,1.562743e-17,5.304869e-17,5.304869e-19
2.716363e+01,1.560370e-17,5.226417e-17,5.226417e-19
2.716647e+01,1.562933e-17,5.112764e-17,5.112764e-19
2.716932e+01,1.540725e-17,5.004078e-17,5.004078e-19
2.717216e+01,1.555869e-17,4.911720e-17,4.911720e-19
2.717500e+01,1.534630e-17,4.875126e-17,4.875126e-19
2.717785e+01,1.533886e-17,4.936853e-17,4.936853e-19
2.718069e+01,1.565711e-17,4.951450e-17,4.951450e-19
2.718353e+01,1.547964e-17,4.832143e-17,4.832143e-19
2.718638e+01,1.556941e-17,4.741734e-17,4.741734e-19
2.718922e+01,1.539431e-17,4.749767e-17,4.749767e-19
2.719206e+01,1.537661e-17,4.790729e-17,4.790729e-19
2.719491e+01,1.557363e-17,4.794716e-17,4.794716e-19
2.719775e+01,1.562268e-17,4.696299e-17,4.696299e-19
2.720060e+01,1.540287e-17,4.557069e-17,4.557069e-19
2.720344e+01,1.538499e-17,4.592128e-17,4.592128e-19
2.720628e+01,1.570704e-17,4.726519e-17,4.726519e-19
2.720913e+01,1.544281e-17,4.769738e-17,4.769738e-19
2.721197e+01,1.538604e-17,4.727909e-17,4.727909e-19
2.721481e+01,1.527353e-17,4.671967e-17,4.671967e-19
2.721766e+01,1.529535e-17,4.718663e-17,4.718663e-19
2.722050e+01,1.559261e-17,4.811748e-17,4.811748e-19
2.722334e+01,1.532368e-17,4.866150e-17,4.866150e-19
2.722619e+01,1.545146e-17,4.857995e-17,4.857995e-19
2.722903e+01,1.567835e-17,4.852293e-17,4.852293e-19
2.723187e+01,1.552911e-17,4.847084e-17,4.847084e-19
2.723472e+01,1.555572e-17,4.904992e-17,4.904992e-19
2.723756e+01,1.536666e-17,5.087132e-17,5.087132e-19
2.724040e+01,1.548276e-17,5.358986e-17,5.358986e-19
2.724325e+01,1.564316e-17,5.498856e-17,5.498856e-19
2.724609e+01,1.567028e-17,5.500902e-17,5.500902e-19
2.724893e+01,1.583057e-17,5.475628e-17,5.475628e-19
2.725178e+01,1.548890e-17,5.440723e-17,5.440723e-19
2.725462e+01,1.582426e-17,5.453848e-17,5.453848e-19
2.725746e+01,1.539394e-17,5.550253e-17,5.550253e-19
2.726031e+01,1.550541e-17,5.703402e-17,5.703402e-19
2.726315e+01,1.567675e-17,5.805335e-17,5.805335e-19
2.726599e+01,1.566537e-17,5.853653e-17,5.853653e-19
2.726884e+01,1.541475e-17,5.878287e-17,5.878287e-19
2.727168e+01,1.552245e-17,5.928391e-17,5.928391e-19
2.727453e+01,1.572595e-17,6.068631e-17,6.068631e-19
2.727737e+01,1.538517e-17,6.136594e-17,6.136594e-19
2.728021e+01,1.563511e-17,6.073491e-17,6.073491e-19
2.728306e+01,1.571156e-17,6.044539e-17,6.044539e-19
2.728590e+01,1.565525e-17,6.114104e-17,6.114104e-19
2.728874e+01,1.531827e-17,6.126852e-17,6.126852e-19
2.729159e+01,1.574739e-17,6.117771e-17,6.117771e-19
2.729443e+01,1.552130e-17,6.106261e-17,6.106261e-19
2.729727e+01,1.567773e-17,6.051370e-17,6.051370e-19
2.730012e+01,1.596905e-17,5.968173e-17,5.968173e-19
2.730296e+01,1.549820e-17,5.933340e-17,5.933340e-19
2.730580e+01,1.571356e-17,5.985683e-17,5.985683e-19
2.730865e+01,1.549113e-17,6.078753e-17,6.078753e-19
2.731149e+01,1.543018e-17,6.111189e-17,6.111189e-19
2.731433e+01,1.565727e-17,6.025858e-17,6.025858e-19
2.731718e+01,1.568016e-17,5.899263e-17,5.899263e-19
2.732002e+01,1.527270e-17,5.821514e-17,5.821514e-19
2.732286e+01,1.577664e-17,5.881226e-17,5.881226e-19
2.732571e+01,1.572903e-17,5.917771e-17,5.917771e-19
2.732855e+01,1.565450e-17,5.783201e-17,5.783201e-19
2.733139e+01,1.586127e-17,5.612656e-17,5.612656e-19
2.733424e+01,1.560092e-17,5.553435e-17,5.553435e-19
2.733708e+01,1.573249e-17,5.546532e-17,5.546532e-19
2.733993e+01,1.565506e-17,5.446581e-17,5.446581e-19
2.734277e+01,1.557239e-17,5.255452e-17,5.255452e-19
2.734561e+01,1.560554e-17,5.124396e-17,5.124396e-19
2.734846e+01,1.512901e-17,5.084162e-17,5.084162e-19
2.735130e+01,1.519137e-17,5.103408e-17,5.103408e-19
2.735414e+01,1.516567e-17,5.061918e-17,5.061918e-19
2.735699e+01,1.539716e-17,4.993106e-17,4.993106e-19
2.735983e+01,1.526033e-17,4.935604e-17,4.935604e-19
2.736267e+01,1.533652e-17,4.891286e-17,4.891286e-19
2.736552e+01,1.545761e-17,4.905869e-17,4.905869e-19
2.736836e+01,1.536091e-17,4.955550e-17,4.955550e-19
2.737120e+01,1.546194e-17,4.975049e-17,4.975049e-19
2.737405e+01,1.533527e-17,4.958496e-17,4.958496e-19
2.737689e+01,1.561271e-17,4.957097e-17,4.957097e-19
2.737973e+01,1.537271e-17,4.984505e-17,4.984505e-19
2.738258e+01,1.548272e-17,5.067391e-17,5.067391e-19
2.738542e+01,1.550537e-17,5.194794e-17,5.194794e-19
2.738826e+01,1.526638e-17,5.297429e-17,5.297429e-19
2.739111e+01,1.563456e-17,5.351727e-17,5.351727e-19
2.739395e+01,1.569717e-17,5.384735e-17,5.384735e-19
2.739679e+01,1.546045e-17,5.426429e-17,5.426429e-19
2.739964e+01,1.543893e-17,5.477935e-17,5.477935e-19
2.740248e+01,1.542277e-17,5.545250e-17,5.545250e-19
2.740532e+01,1.564983e-17,5.637551e-17,5.637551e-19
2.740817e+01,1.544813e-17,5.720864e-17,5.720864e-19
2.741101e+01,1.552937e-17,5.811639e-17,5.811639e-19
2.741386e+01,1.587243e-17,5.885913e-17,5.885913e-19
2.741670e+01,1.574762e-17,5.900205e-17,5.900205e-19
2.741954e+01,1.552841e-17,5.908267e-17,5.908267e-19
2.742239e+01,1.566251e-17,5.965098e-17,5.965098e-19
2.742523e+01,1.570728e-17,6.035059e-17,6.035059e-19
2.742807e+01,1.580430e-17,6.089433e-17,6.089433e-19
2.743092e+01,1.572942e-17,6.135075e-17,6.135075e-19
2.743376e+01,1.591654e-17,6.197662e-17,6.197662e-19
2.743660e+01,1.593645e-17,6.202790e-17,6.202790e-19
2.743945e+01,1.591339e-17,6.159779e-17,6.159779e-19
2.744229e+01,1.554316e-17,6.129167e-17,6.129167e-19
2.744513e+01,1.612381e-17,6.142501e-17,6.142501e-19
2.744798e+01,1.561368e-17,6.113911e-17,6.113911e-19
2.745082e+01,1.586051e-17,6.123108e-17,6.123108e-19
2.745366e+01,1.600865e-17,6.134744e-17,6.134744e-19
2.745651e+01,1.584930e-17,6.143927e-17,6.143927e-19
2.745935e+01,1.604137e-17,6.183466e-17,6.183466e-19
2.746219e+01,1.590892e-17,6.214324e-17,6.214324e-19
2.746504e+01,1.604131e-17,6.293501e-17,6.293501e-19
2.746788e+01,1.578902e-17,6.345388e-17,6.345388e-19
2.747072e+01,1.626879e-17,6.384588e-17,6.384588e-19
2.747357e+01,1.608591e-17,6.427696e-17,6.427696e-19
2.747641e+01,1.598945e-17,6.461453e-17,6.461453e-19
2.747925e+01,1.602075e-17,6.398430e-17,6.398430e-19
2.748210e+01,1.585889e-17,6.320043e-17,6.320043e-19
2.748494e+01,1.605114e-17,6.302913e-17,6.302913e-19
2.748779e+01,1.558935e-17,6.301770e-17,6.301770e-19
2.749063e+01,1.600566e-17,6.286311e-17,6.286311e-19
2.749347e+01,1.600342e-17,6.265014e-17,6.265014e-19
2.749632e+01,1.598399e-17,6.302147e-17,6.302147e-19
2.749916e+01,1.617197e-17,6.362579e-17,6.362579e-19
2.750200e+01,1.590597e-17,6.279472e-17,6.279472e-19
2.750485e+01,1.599674e-17,6.158960e-17,6.158960e-19
2.750769e+01,1.600727e-17,6.164383e-17,6.164383e-19
2.751053e+01,1.598190e-17,6.235744e-17,6.235744e-19
2.751338e+01,1.611679e-17,6.235302e-17,6.235302e-19
2.751622e+01,1.565979e-17,6.150248e-17,6.150248e-19
2.751906e+01,1.605682e-17,6.085979e-17,6.085979e-19
2.752191e+01,1.572751e-17,6.043856e-17,6.043856e-19
2.752475e+01,1.572783e-17,5.969073e-17,5.969073e-19
2.752759e+01,1.577427e-17,5.832809e-17,5.832809e-19
2.753044e+01,1.564993e-17,5.761369e-17,5.761369e-19
2.753328e+01,1.571059e-17,5.717330e-17,5.717330e-19
2.753612e+01,1.569216e-17,5.536195e-17,5.536195e-19
2.753897e+01,1.558456e-17,5.397310e-17,5.397310e-19
2.754181e+01,1.589827e-17,5.409175e-17,5.409175e-19
2.754465e+01,1.554483e-17,5.395397e-17,5.395397e-19
2.754750e+01,1.561628e-17,5.357303e-17,5.357303e-19
2.755034e+01,1.547791e-17,5.309931e-17,5.309931e-19
2.755319e+01,1.563971e-17,5.299495e-17,5.299495e-19
2.755603e+01,1.557709e-17,5.358799e-17,5.358799e-19
2.755887e+01,1.547936e-17,5.449424e-17,5.449424e-19
2.756172e+01,1.544739e-17,5.549953e-17,5.549953e-19
2.756456e+01,1.583001e-17,5.665990e-17,5.665990e-19
2.756740e+01,1.556244e-17,5.812134e-17,5.812134e-19
2.757025e+01,1.539667e-17,5.998872e-17,5.998872e-19
2.757309e+01,1.548462e-17,6.143554e-17,6.143554e-19
2.757593e+01,1.548948e-17,6.249138e-17,6.249138e-19
2.757878e+01,1.577131e-17,6.361867e-17,6.361867e-19
2.758162e+01,1.564904e-17,6.476313e-17,6.476313e-19
2.758446e+01,1.554808e-17,6.603593e-17,6.603593e-19
2.758731e+01,1.559369e-17,6.711518e-17,6.711518e-19
2.759015e+01,1.549798e-17,6.796279e-17,6.796279e-19
2.759299e+01,1.563758e-17,6.878363e-17,6.878363e-19
2.759584e+01,1.572454e-17,6.935046e-17,6.935046e-19
2.759868e+01,1.567597e-17,6.909430e-17,6.909430e-19
2.760152e+01,1.568078e-17,6.834337e-17,6.834337e-19
2.760437e+01,1.597426e-17,6.722310e-17,6.722310e-19
2.760721e+01,1.584345e-17,6.582870e-17,6.582870e-19
2.761005e+01,1.580615e-17,6.497705e-17,6.497705e-19
2.761290e+01,1.566202e-17,6.459601e-17,6.459601e-19
2.761574e+01,1.587736e-17,6.474947e-17,6.474947e-19
2.761858e+01,1.573113e-17,6.468039e-17,6.468039e-19
2.762143e+01,1.573032e-17,6.363986e-17,6.363986e-19
2.762427e+01,1.581714e-17,6.217075e-17,6.217075e-19
2.762712e+01,1.562575e-17,6.144207e-17,6.144207e-19
2.762996e+01,1.559815e-17,6.200410e-17,6.200410e-19
2.763280e+01,1.570408e-17,6.335894e-17,6.335894e-19
2.763565e+01,1.565708e-17,6.413174e-17,6.413174e-19
2.763849e+01,1.566278e-17,6.348725e-17,6.348725e-19
2.764133e+01,1.561273e-17,6.214016e-17,6.214016e-19
2.764418e+01,1.564871e-17,6.121935e-17,6.121935e-19
2.764702e+01,1.565894e-17,6.142561e-17,6.142561e-19
2.764986e+01,1.561060e-17,6.214543e-17,6.214543e-19
2.765271e+01,1.588493e-17,6.223970e-17,6.223970e-19
2.765555e+01,1.567745e-17,6.192058e-17,6.192058e-19
2.765839e+01,1.546324e-17,6.220129e-17,6.220129e-19
2.766124e+01,1.535930e-17,6.282162e-17,6.282162e-19
2.766408e+01,1.555552e-17,6.388903e-17,6.388903e-19
2.766692e+01,1.544499e-17,6.537261e-17,6.537261e-19
2.766977e+01,1.547583e-17,6.665172e-17,6.665172e-19
2.767261e+01,1.598007e-17,6.771035e-17,6.771035e-19
2.767545e+01,1.571345e-17,6.868424e-17,6.868424e-19
2.767830e+01,1.557011e-17,6.967131e-17,6.967131e-19
2.768114e+01,1.577324e-17,7.025412e-17,7.025412e-19
2.768398e+01,1.564464e-17,7.055283e-17,7.055283e-19
2.768683e+01,1.570594e-17,7.135383e-17,7.135383e-19
2.768967e+01,1.553268e-17,7.243244e-17,7.243244e-19
2.769251e+01,1.555840e-17,7.307162e-17,7.307162e-19
2.769536e+01,1.574354e-17,7.243063e-17,7.243063e-19
2.769820e+01,1.552594e-17,7.159801e-17,7.159801e-19
2.770105e+01,1.552307e-17,7.199394e-17,7.199394e-19
2.770389e+01,1.552523e-17,7.319759e-17,7.319759e-19
2.770673e+01,1.564567e-17,7.427280e-17,7.427280e-19
2.770958e+01,1.562064e-17,7.516025e-17,7.516025e-19
2.771242e+01,1.571938e-17,7.584381e-17,7.584381e-19
2.771526e+01,1.551377e-17,7.594809e-17,7.594809e-19
2.771811e+01,1.585506e-17,7.581599e-17,7.581599e-19
2.772095e+01,1.569131e-17,7.630420e-17,7.630420e-19
2.772379e+01,1.596694e-17,7.662589e-17,7.662589e-19
2.772664e+01,1.570065e-17,7.586376e-17,7.586376e-19
2.772948e+01,1.552432e-17,7.503293e-17,7.503293e-19
2.773232e+01,1.587209e-17,7.449739e-17,7.449739e-19
2.773517e+01,1.545872e-17,7.271812e-17,7.271812e-19
2.773801e+01,1.565055e-17,7.123398e-17,7.123398e-19
2.774085e+01,1.602522e-17,7.090143e-17,7.090143e-19
2.774370e+01,1.566954e-17,6.957708e-17,6.957708e-19
2.774654e+01,1.584991e-17,6.718464e-17,6.718464e-19
2.774938e+01,1.557472e-17,6.580768e-17,6.580768e-19
2.775223e+01,1.554470e-17,6.509609e-17,6.509609e-19
2.775507e+01,1.564268e-17,6.389148e-17,6.389148e-19
2.775791e+01,1.577587e-17,6.287861e-17,6.287861e-19
2.776076e+01,1.576883e-17,6.199501e-17,6.199501e-19
2.776360e+01,1.588881e-17,6.022876e-17,6.022876e-19
2.776644e+01,1.571732e-17,5.810422e-17,5.810422e-19
2.776929e+01,1.583713e-17,5.669042e-17,5.669042e-19
2.777213e+01,1.573810e-17,5.557164e-17,5.557164e-19
2.777498e+01,1.567432e-17,5.426476e-17,5.426476e-19
2.777782e+01,1.560193e-17,5.344162e-17,5.344162e-19
2.778066e+01,1.546524e-17,5.301849e-17,5.301849e-19
2.778351e+01,1.570365e-17,5.214356e-17,5.214356e-19
2.778635e+01,1.558562e-17,5.094216e-17,5.094216e-19
2.778919e+01,1.521697e-17,5.025911e-17,5.025911e-19
2.779204e+01,1.543467e-17,4.939442e-17,4.939442e-19
2.779488e+01,1.534280e-17,4.825488e-17,4.825488e-19
2.779772e+01,1.535191e-17,4.832171e-17,4.832171e-19
2.780057e+01,1.551463e-17,4.853859e-17,4.853859e-19
2.780341e+01,1.525382e-17,4.775380e-17,4.775380e-19
2.780625e+01,1.547991e-17,4.697423e-17,4.697423e-19
2.780910e+01,1.526540e-17,4.666809e-17,4.666809e-19
2.781194e+01,1.532539e-17,4.660966e-17,4.660966e-19
2.781478e+01,1.535206e-17,4.630600e-17,4.630600e-19
2.781763e+01,1.567664e-17,4.628914e-17,4.628914e-19
2.782047e+01,1.542095e-17,4.580874e-17,4.580874e-19
2.782331e+01,1.540121e-17,4.571417e-17,4.571417e-19
2.782616e+01,1.525136e-17,4.589714e-17,4.589714e-19
2.782900e+01,1.521380e-17,4.647548e-17,4.647548e-19
2.783184e+01,1.536249e-17,4.713210e-17,4.713210e-19
2.783469e+01,1.550500e-17,4.758753e-17,4.758753e-19
2.783753e+01,1.548977e-17,4.801344e-17,4.801344e-19
2.784038e+01,1.525568e-17,4.824960e-17,4.824960e-19
2.784322e+01,1.542431e-17,4.774896e-17,4.774896e-19
2.784606e+01,1.545615e-17,4.763791e-17,4.763791e-19
2.784891e+01,1.550145e-17,4.832241e-17,4.832241e-19
2.785175e+01,1.533894e-17,4.843908e-17,4.843908e-19
2.785459e+01,1.519811e-17,4.791914e-17,4.791914e-19
2.785744e+01,1.501482e-17,4.701900e-17,4.701900e-19
2.786028e+01,1.505930e-17,4.612657e-17,4.612657e-19
2.786312e+01,1.512227e-17,4.551350e-17,4.551350e-19
2.786597e+01,1.528807e-17,4.535231e-17,4.535231e-19
2.786881e+01,1.521878e-17,4.452529e-17,4.452529e-19
2.787165e+01,1.496143e-17,4.319294e-17,4.319294e-19
2.787450e+01,1.520925e-17,4.249838e-17,4.249838e-19
2.787734e+01,1.503256e-17,4.186564e-17,4.186564e-19
2.788018e+01,1.494299e-17,4.157372e-17,4.157372e-19
2.788303e+01,1.508133e-17,4.135053e-17,4.135053e-19
2.788587e+01,1.489547e-17,4.079934e-17,4.079934e-19
2.788871e+01,1.516181e-17,4.068742e-17,4.068742e-19
2.789156e+01,1.495689e-17,4.097367e-17,4.097367e-19
2.789440e+01,1.502180e-17,4.123587e-17,4.123587e-19
2.789724e+01,1.504910e-17,4.091399e-17,4.091399e-19
2.790009e+01,1.495283e-17,4.145691e-17,4.145691e-19
2.790293e+01,1.506027e-17,4.179718e-17,4.179718e-19
2.790577e+01,1.471579e-17,4.128720e-17,4.128720e-19
2.790862e+01,1.483316e-17,4.183246e-17,4.183246e-19
2.791146e+01,1.501599e-17,4.357882e-17,4.357882e-19
2.791431e+01,1.497588e-17,4.366266e-17,4.366266e-19
2.791715e+01,1.471488e-17,4.318478e-17,4.318478e-19
2.791999e+01,1.499547e-17,4.428564e-17,4.428564e-19
2.792284e+01,1.478991e-17,4.568716e-17,4.568716e-19
2.792568e+01,1.475283e-17,4.614821e-17,4.614821e-19
2.792852e+01,1.494356e-17,4.653773e-17,4.653773e-19
2.793137e+01,1.496032e-17,4.678371e-17,4.678371e-19
2.793421e+01,1.505891e-17,4.689259e-17,4.689259e-19
2.793705e+01,1.512579e-17,4.726259e-17,4.726259e-19
2.793990e+01,1.500834e-17,4.825199e-17,4.825199e-19
2.794274e+01,1.508743e-17,4.883996e-17,4.883996e-19
2.794558e+01,1.514947e-17,4.857901e-17,4.857901e-19
2.794843e+01,1.503145e-17,4.843726e-17,4.843726e-19
2.795127e+01,1.503458e-17,4.867256e-17,4.867256e-19
2.795411e+01,1.521807e-17,4.882670e-17,4.882670e-19
2.795696e+01,1.525497e-17,4.857579e-17,4.857579e-19
2.795980e+01,1.493519e-17,4.876876e-17,4.876876e-19
2.796264e+01,1.503589e-17,4.930843e-17,4.930843e-19
2.796549e+01,1.530285e-17,4.987389e-17,4.987389e-19
2.796833e+01,1.512738e-17,5.009977e-17,5.009977e-19
2.797117e+01,1.545999e-17,5.045296e-17,5.045296e-19
2.797402e+01,1.489292e-17,5.102589e-17,5.102589e-19
2.797686e+01,1.547628e-17,5.218761e-17,5.218761e-19
2.797970e+01,1.514415e-17,5.279778e-17,5.279778e-19
2.798255e+01,1.494339e-17,5.311494e-17,5.311494e-19
2.798539e+01,1.532030e-17,5.361473e-17,5.361473e-19
2.798824e+01,1.544524e-17,5.401137e-17,5.401137e-19
2.799108e+01,1.521191e-17,5.429366e-17,5.429366e-19
2.799392e+01,1.536001e-17,5.519005e-17,5.519005e-19
2.799677e+01,1.554043e-17,5.644065e-17,5.644065e-19
2.799961e+01,1.511957e-17,5.681930e-17,5.681930e-19
2.800245e+01,1.520312e-17,5.674498e-17,5.674498e-19
2.800530e+01,1.522225e-17,5.659212e-17,5.659212e-19
2.800814e+01,1.537101e-17,5.667596e-17,5.667596e-19
2.801098e+01,1.519123e-17,5.646543e-17,5.646543e-19
2.801383e+01,1.513518e-17,5.665813e-17,5.665813e-19
2.801667e+01,1.527895e-17,5.753792e-17,5.753792e-19
2.801951e+01,1.533610e-17,5.843343e-17,5.843343e-19
2.802236e+01,1.549246e-17,5.905587e-17,5.905587e-19
2.802520e+01,1.527452e-17,5.936470e-17,5.936470e-19
2.802804e+01,1.535561e-17,5.939096e-17,5.939096e-19
2.803089e+01,1.528043e-17,5.963911e-17,5.963911e-19
2.803373e+01,1.549990e-17,6.002772e-17,6.002772e-19
2.803657e+01,1.550489e-17,5.984109e-17,5.984109e-19
2.803942e+01,1.542533e-17,5.965397e-17,5.965397e-19
2.804226e+01,1.524127e-17,5.992742e-17,5.992742e-19
2.804510e+01,1.539520e-17,6.011796e-17,6.011796e-19
2.804795e+01,1.508118e-17,6.033256e-17,6.033256e-19
2.805079e+01,1.521631e-17,6.118847e-17,6.118847e-19
2.805364e+01,1.524824e-17,6.218188e-17,6.218188e-19
2.805648e+01,1.537511e-17,6.264329e-17,6.264329e-19
2.805932e+01,1.551702e-17,6.282820e-17,6.282820e-19
2.806217e+01,1.528981e-17,6.336989e-17,6.336989e-19
2.806501e+01,1.537783e-17,6.436395e-17,6.436395e-19
2.806785e+01,1.546841e-17,6.532411e-17,6.532411e-19
2.807070e+01,1.568486e-17,6.615060e-17,6.615060e-19
2.807354e+01,1.547884e-17,6.717289e-17,6.717289e-19
2.807638e+01,1.516748e-17,6.805716e-17,6.805716e-19
2.807923e+01,1.532922e-17,6.878860e-17,6.878860e-19
2.808207e+01,1.535950e-17,6.983741e-17,6.983741e-19
2.808491e+01,1.522695e-17,7.124621e-17,7.124621e-19
2.808776e+01,1.556586e-17,7.288335e-17,7.288335e-19
2.809060e+01,1.567010e-17,7.366997e-17,7.366997e-19
2.809344e+01,1.553755e-17,7.339608e-17,7.339608e-19
2.809629e+01,1.544317e-17,7.385465e-17,7.385465e-19
2.809913e+01,1.562784e-17,7.571418e-17,7.571418e-19
2.810197e+01,1.555723e-17,7.733065e-17,7.733065e-19
2.810482e+01,1.548699e-17,7.794554e-17,7.794554e-19
2.810766e+01,1.556276e-17,7.892023e-17,7.892023e-19
2.811050e+01,1.542306e-17,8.016366e-17,8.016366e-19
2.811335e+01,1.575024e-17,8.079064e-17,8.079064e-19
2.811619e+01,1.560014e-17,8.104403e-17,8.104403e-19
2.811903e+01,1.538432e-17,8.141449e-17,8.141449e-19
2.812188e+01,1.568913e-17,8.194409e-17,8.194409e-19
2.812472e+01,1.572326e-17,8.221984e-17,8.221984e-19
2.812757e+01,1.560617e-17,8.244301e-17,8.244301e-19
2.813041e+01,1.561942e-17,8.293559e-17,8.293559e-19
2.813325e+01,1.582366e-17,8.312567e-17,8.312567e-19
2.813610e+01,1.556017e-17,8.315290e-17,8.315290e-19
2.813894e+01,1.578180e-17,8.290035e-17,8.290035e-19
2.814178e+01,1.557469e-17,8.168236e-17,8.168236e-19
2.814463e+01,1.569328e-17,8.046868e-17,8.046868e-19
2.814747e+01,1.594213e-17,8.068884e-17,8.068884e-19
2.815031e+01,1.552302e-17,8.114850e-17,8.114850e-19
2.815316e+01,1.571923e-17,8.029143e-17,8.029143e-19
2.815600e+01,1.546393e-17,7.865625e-17,7.865625e-19
2.815884e+01,1.577784e-17,7.691047e-17,7.691047e-19
2.816169e+01,1.565679e-17,7.522635e-17,7.522635e-19
2.816453e+01,1.572791e-17,7.481056e-17,7.481056e-19
2.816737e+01,1.566432e-17,7.454706e-17,7.454706e-19
2.817022e+01,1.555465e-17,7.330611e-17,7.330611e-19
2.817306e+01,1.560030e-17,7.110843e-17,7.110843e-19
2.817590e+01,1.559007e-17,6.857065e-17,6.857065e-19
2.817875e+01,1.564054e-17,6.676626e-17,6.676626e-19
2.818159e+01,1.560210e-17,6.611669e-17,6.611669e-19
2.818443e+01,1.541217e-17,6.573632e-17,6.573632e-19
2.818728e+01,1.543428e-17,6.458523e-17,6.458523e-19
2.819012e+01,1.547938e-17,6.226204e-17,6.226204e-19
2.819296e+01,1.542797e-17,5.972931e-17,5.972931e-19
2.819581e+01,1.555732e-17,5.802056e-17,5.802056e-19
2.819865e+01,1.541069e-17,5.685606e-17,5.685606e-19
2.820150e+01,1.550909e-17,5.593053e-17,5.593053e-19
2.820434e+01,1.526039e-17,5.512087e-17,5.512087e-19
2.820718e+01,1.516768e-17,5.472165e-17,5.472165e-19
2.821003e+01,1.540807e-17,5.397037e-17,5.397037e-19
2.821287e+01,1.517178e-17,5.267071e-17,5.267071e-19
2.821571e+01,1.528576e-17,5.162437e-17,5.162437e-19
2.821856e+01,1.515797e-17,5.081574e-17,5.081574e-19
2.822140e+01,1.536732e-17,5.010985e-17,5.010985e-19
2.822424e+01,1.528598e-17,4.909856e-17,4.909856e-19
2.822709e+01,1.530059e-17,4.775997e-17,4.775997e-19
2.822993e+01,1.508127e-17,4.615330e-17,4.615330e-19
2.823277e+01,1.504848e-17,4.569207e-17,4.569207e-19
2.823562e+01,1.509637e-17,4.556306e-17,4.556306e-19
2.823846e+01,1.514652e-17,4.536325e-17,4.536325e-19
2.824130e+01,1.505093e-17,4.522045e-17,4.522045e-19
2.824415e+01,1.506826e-17,4.545867e-17,4.545867e-19
2.824699e+01,1.497509e-17,4.522496e-17,4.522496e-19
2.824983e+01,1.484568e-17,4.446209e-17,4.446209e-19
2.825268e+01,1.500600e-17,4.448645e-17,4.448645e-19
2.825552e+01,1.500605e-17,4.431926e-17,4.431926e-19
2.825836e+01,1.510064e-17,4.332592e-17,4.332592e-19
2.826121e+01,1.515286e-17,4.283401e-17,4.283401e-19
2.826405e+01,1.485742e-17,4.310192e-17,4.310192e-19
2.826689e+01,1.507308e-17,4.341608e-17,4.341608e-19
2.826974e+01,1.512243e-17,4.409049e-17,4.409049e-19
2.827258e+01,1.520514e-17,4.430421e-17,4.430421e-19
2.827543e+01,1.473011e-17,4.396842e-17,4.396842e-19
2.827827e+01,1.487778e-17,4.388971e-17,4.388971e-19
2.828111e+01,1.528525e-17,4.432088e-17,4.432088e-19
2.828396e+01,1.508643e-17,4.493564e-17,4.493564e-19
2.828680e+01,1.486249e-17,4.519932e-17,4.519932e-19
2.828964e+01,1.493299e-17,4.494846e-17,4.494846e-19
2.829249e+01,1.509765e-17,4.539388e-17,4.539388e-19
2.829533e+01,1.496308e-17,4.616039e-17,4.616039e-19
2.829817e+01,1.506983e-17,4.675002e-17,4.675002e-19
2.830102e+01,1.522455e-17,4.691387e-17,4.691387e-19
2.830386e+01,1.528442e-17,4.644623e-17,4.644623e-19
2.830670e+01,1.511738e-17,4.661135e-17,4.661135e-19
2.830955e+01,1.489788e-17,4.771503e-17,4.771503e-19
2.831239e+01,1.545038e-17,4.904683e-17,4.904683e-19
2.831523e+01,1.535541e-17,4.942880e-17,4.942880e-19
2.831808e+01,1.526464e-17,4.927549e-17,4.927549e-19
2.832092e+01,1.527885e-17,4.960867e-17,4.960867e-19
2.832376e+01,1.557321e-17,5.075416e-17,5.075416e-19
2.832661e+01,1.513166e-17,5.247100e-17,5.247100e-19
2.832945e+01,1.522610e-17,5.364396e-17,5.364396e-19
2.833229e+01,1.518658e-17,5.393844e-17,5.393844e-19
2.833514e+01,1.540543e-17,5.445286e-17,5.445286e-19
2.833798e+01,1.522790e-17,5.542359e-17,5.542359e-19
2.834083e+01,1.512486e-17,5.645688e-17,5.645688e-19
2.834367e+01,1.556374e-17,5.761919e-17,5.761919e-19
2.834651e+01,1.589450e-17,5.886856e-17,5.886856e-19
2.834936e+01,1.542594e-17,5.981314e-17,5.981314e-19
2.835220e+01,1.545767e-17,6.073278e-17,6.073278e-19
2.835504e+01,1.559297e-17,6.134806e-17,6.134806e-19
2.835789e+01,1.556193e-17,6.133088e-17,6.133088e-19
2.836073e+01,1.565895e-17,6.168710e-17,6.168710e-19
2.836357e+01,1.547702e-17,6.213451e-17,6.213451e-19
2.836642e+01,1.534017e-17,6.196998e-17,6.196998e-19
2.836926e+01,1.539020e-17,6.100723e-17,6.100723e-19
2.837210e+01,1.537441e-17,5.985575e-17,5.985575e-19
2.837495e+01,1.519266e-17,5.851428e-17,5.851428e-19
2.837779e+01,1.554698e-17,5.748460e-17,5.748460e-19
2.838063e+01,1.511797e-17,5.641235e-17,5.641235e-19
2.838348e+01,1.524473e-17,5.552055e-17,5.552055e-19
2.838632e+01,1.541763e-17,5.480140e-17,5.480140e-19
2.838916e+01,1.519480e-17,5.352582e-17,5.352582e-19
2.839201e+01,1.509675e-17,5.151741e-17,5.151741e-19
2.839485e+01,1.519594e-17,4.941586e-17,4.941586e-19
2.839769e+01,1.513387e-17,4.731989e-17,4.731989e-19
2.840054e+01,1.502495e-17,4.586738e-17,4.586738e-19
2.840338e+01,1.495357e-17,4.448467e-17,4.448467e-19
2.840622e+01,1.523103e-17,4.290045e-17,4.290045e-19
2.840907e+01,1.494503e-17,4.109498e-17,4.109498e-19
2.841191e+01,1.488149e-17,3.922242e-17,3.922242e-19
2.841476e+01,1.485451e-17,3.784931e-17,3.784931e-19
2.841760e+01,1.463698e-17,3.712178e-17,3.712178e-19
2.842044e+01,1.488440e-17,3.647987e-17,3.647987e-19
2.842329e+01,1.478655e-17,3.537964e-17,3.537964e-19
2.842613e+01,1.472731e-17,3.444711e-17,3.444711e-19
2.842897e+01,1.486410e-17,3.454371e-17,3.454371e-19
2.843182e+01,1.481320e-17,3.439689e-17,3.439689e-19
2.843466e+01,1.478800e-17,3.420149e-17,3.420149e-19
2.843750e+01,1.501138e-17,3.423510e-17,3.423510e-19
2.844035e+01,1.471909e-17,3.352755e-17,3.352755e-19
2.844319e+01,1.463168e-17,3.299590e-17,3.299590e-19
2.844603e+01,1.469127e-17,3.349083e-17,3.349083e-19
2.844888e+01,1.463985e-17,3.403133e-17,3.403133e-19
2.845172e+01,1.472467e-17,3.460560e-17,3.460560e-19
2.845456e+01,1.481945e-17,3.502556e-17,3.502556e-19
2.845741e+01,1.479438e-17,3.535981e-17,3.535981e-19
2.846025e+01,1.498387e-17,3.577552e-17,3.577552e-19
2.846309e+01,1.485715e-17,3.643482e-17,3.643482e-19
2.846594e+01,1.510179e-17,3.758414e-17,3.758414e-19
2.846878e+01,1.479792e-17,3.807379e-17,3.807379e-19
2.847162e+01,1.472334e-17,3.754472e-17,3.754472e-19
2.847447e+01,1.471860e-17,3.749238e-17,3.749238e-19
2.847731e+01,1.490401e-17,3.899655e-17,3.899655e-19
2.848015e+01,1.483588e-17,4.034844e-17,4.034844e-19
2.848300e+01,1.480344e-17,4.077448e-17,4.077448e-19
2.848584e+01,1.471791e-17,4.106247e-17,4.106247e-19
2.848869e+01,1.498887e-17,4.209986e-17,4.209986e-19
2.849153e+01,1.493380e-17,4.336723e-17,4.336723e-19
2.849437e+01,1.475089e-17,4.479710e-17,4.479710e-19
2.849722e+01,1.515043e-17,4.544118e-17,4.544118e-19
2.850006e+01,1.488537e-17,4.545163e-17,4.545163e-19
2.850290e+01,1.503067e-17,4.685245e-17,4.685245e-19
2.850575e+01,1.510753e-17,4.883528e-17,4.883528e-19
2.850859e+01,1.505041e-17,5.062266e-17,5.062266e-19
2.851143e+01,1.502892e-17,5.219568e-17,5.219568e-19
2.851428e+01,1.478869e-17,5.349927e-17,5.349927e-19
2.851712e+01,1.467088e-17,5.466140e-17,5.466140e-19
2.851996e+01,1.476507e-17,5.566806e-17,5.566806e-19
2.852281e+01,1.508839e-17,5.668051e-17,5.668051e-19
2.852565e+01,1.510736e-17,5.772056e-17,5.772056e-19
2.852849e+01,1.506613e-17,5.877026e-17,5.877026e-19
2.853134e+01,1.528135e-17,5.991552e-17,5.991552e-19
2.853418e+01,1.512287e-17,6.141012e-17,6.141012e-19
2.853702e+01,1.481858e-17,6.364654e-17,6.364654e-19
2.853987e+01,1.508011e-17,6.540455e-17,6.540455e-19
2.854271e+01,1.514687e-17,6.556208e-17,6.556208e-19
2.854555e+01,1.494187e-17,6.463242e-17,6.463242e-19
2.854840e+01,1.492681e-17,6.410522e-17,6.410522e-19
2.855124e+01,1.517749e-17,6.487276e-17,6.487276e-19
2.855409e+01,1.501160e-17,6.620681e-17,6.620681e-19
2.855693e+01,1.516450e-17,6.663458e-17,6.663458e-19
2.855977e+01,1.510446e-17,6.623220e-17,6.623220e-19
2.856262e+01,1.501451e-17,6.597613e-17,6.597613e-19
2.856546e+01,1.511766e-17,6.597751e-17,6.597751e-19
2.856830e+01,1.505010e-17,6.546852e-17,6.546852e-19
2.857115e+01,1.521896e-17,6.504221e-17,6.504221e-19
2.857399e+01,1.487461e-17,6.482995e-17,6.482995e-19
2.857683e+01,1.528911e-17,6.435553e-17,6.435553e-19
2.857968e+01,1.519242e-17,6.370124e-17,6.370124e-19
2.858252e+01,1.507661e-17,6.331388e-17,6.331388e-19
2.858536e+01,1.490699e-17,6.225153e-17,6.225153e-19
2.858821e+01,1.505922e-17,6.116543e-17,6.116543e-19
2.859105e+01,1.522794e-17,6.125734e-17,6.125734e-19
2.859389e+01,1.535839e-17,6.141791e-17,6.141791e-19
2.859674e+01,1.505792e-17,6.018702e-17,6.018702e-19
2.859958e+01,1.517945e-17,5.872066e-17,5.872066e-19
2.860242e+01,1.514282e-17,5.802909e-17,5.802909e-19
2.860527e+01,1.521867e-17,5.741314e-17,5.741314e-19
2.860811e+01,1.539815e-17,5.670630e-17,5.670630e-19
2.861095e+01,1.525675e-17,5.639068e-17,5.639068e-19
2.861380e+01,1.508990e-17,5.657300e-17,5.657300e-19
2.861664e+01,1.500986e-17,5.707453e-17,5.707453e-19
2.861948e+01,1.524337e-17,5.800533e-17,5.800533e-19
2.862233e+01,1.518181e-17,5.811957e-17,5.811957e-19
2.862517e+01,1.504339e-17,5.799594e-17,5.799594e-19
2.862802e+01,1.545924e-17,5.876956e-17,5.876956e-19
2.863086e+01,1.534053e-17,5.991023e-17,5.991023e-19
2.863370e+01,1.537108e-17,6.060609e-17,6.060609e-19
2.863655e+01,1.546937e-17,6.039971e-17,6.039971e-19
2.863939e+01,1.528547e-17,6.019569e-17,6.019569e-19
2.864223e+01,1.521836e-17,6.042184e-17,6.042184e-19
2.864508e+01,1.538365e-17,6.092033e-17,6.092033e-19
2.864792e+01,1.543081e-17,6.093579e-17,6.093579e-19
2.865076e+01,1.541921e-17,6.103012e-17,6.103012e-19
2.865361e+01,1.546641e-17,6.166905e-17,6.166905e-19
2.865645e+01,1.567474e-17,6.227427e-17,6.227427e-19
2.865929e+01,1.554163e-17,6.153906e-17,6.153906e-19
2.866214e+01,1.519398e-17,6.031642e-17,6.031642e-19
2.866498e+01,1.551975e-17,5.952034e-17,5.952034e-19
2.866782e+01,1.553058e-17,5.932097e-17,5.932097e-19
2.867067e+01,1.537584e-17,5.960306e-17,5.960306e-19
2.867351e+01,1.553093e-17,5.952436e-17,5.952436e-19
2.867635e+01,1.544279e-17,5.870866e-17,5.870866e-19
2.867920e+01,1.536992e-17,5.787262e-17,5.787262e-19
2.868204e+01,1.555322e-17,5.750749e-17,5.750749e-19
2.868488e+01,1.534126e-17,5.746210e-17,5.746210e-19
2.868773e+01,1.529869e-17,5.769687e-17,5.769687e-19
2.869057e+01,1.522752e-17,5.822001e-17,5.822001e-19
2.869341e+01,1.564366e-17,5.862951e-17,5.862951e-19
2.869626e+01,1.548964e-17,5.858452e-17,5.858452e-19
2.869910e+01,1.523065e-17,5.777622e-17,5.777622e-19
2.870195e+01,1.516861e-17,5.694701e-17,5.694701e-19
2.870479e+01,1.537914e-17,5.727687e-17,5.727687e-19
2.870763e+01,1.524574e-17,5.802140e-17,5.802140e-19
2.871048e+01,1.558274e-17,5.854678e-17,5.854678e-19
2.871332e+01,1.547555e-17,5.861834e-17,5.861834e-19
2.871616e+01,1.537473e-17,5.837975e-17,5.837975e-19
2.871901e+01,1.550443e-17,5.863397e-17,5.863397e-19
2.872185e+01,1.531185e-17,5.906923e-17,5.906923e-19
2.872469e+01,1.553147e-17,5.991795e-17,5.991795e-19
2.872754e+01,1.538050e-17,6.068431e-17,6.068431e-19
2.873038e+01,1.555707e-17,6.138405e-17,6.138405e-19
2.873322e+01,1.550394e-17,6.173549e-17,6.173549e-19
2.873607e+01,1.561840e-17,6.204785e-17,6.204785e-19
2.873891e+01,1.580450e-17,6.262050e-17,6.262050e-19
2.874175e+01,1.558123e-17,6.296733e-17,6.296733e-19
2.874460e+01,1.560975e-17,6.290099e-17,6.290099e-19
2.874744e+01,1.548056e-17,6.232893e-17,6.232893e-19
2.875028e+01,1.583399e-17,6.192309e-17,6.192309e-19
2.875313e+01,1.559728e-17,6.266794e-17,6.266794e-19
2.875597e+01,1.548433e-17,6.385794e-17,6.385794e-19
2.875881e+01,1.553282e-17,6.422536e-17,6.422536e-19
2.876166e+01,1.580924e-17,6.392020e-17,6.392020e-19
2.876450e+01,1.587656e-17,6.392760e-17,6.392760e-19
2.876734e+01,1.577573e-17,6.435333e-17,6.435333e-19
2.877019e+01,1.568415e-17,6.434993e-17,6.434993e-19
2.877303e+01,1.561900e-17,6.437319e-17,6.437319e-19
2.877588e+01,1.582785e-17,6.439749e-17,6.439749e-19
2.877872e+01,1.551930e-17,6.394769e-17,6.394769e-19
2.878156e+01,1.596104e-17,6.410590e-17,6.410590e-19
2.878441e+01,1.568069e-17,6.427775e-17,6.427775e-19
2.878725e+01,1.563444e-17,6.353039e-17,6.353039e-19
2.879009e+01,1.566481e-17,6.212894e-17,6.212894e-19
2.879294e+01,1.542632e-17,6.149690e-17,6.149690e-19
2.879578e+01,1.589843e-17,6.182955e-17,6.182955e-19
2.879862e+01,1.560735e-17,6.131829e-17,6.131829e-19
2.880147e+01,1.578841e-17,6.005447e-17,6.005447e-19
2.880431e+01,1.568961e-17,5.890935e-17,5.890935e-19
2.880715e+01,1.542052e-17,5.718826e-17,5.718826e-19
2.881000e+01,1.530302e-17,5.551548e-17,5.551548e-19
2.881284e+01,1.525475e-17,5.470652e-17,5.470652e-19
2.881568e+01,1.514983e-17,5.435012e-17,5.435012e-19
2.881853e+01,1.535459e-17,5.330998e-17,5.330998e-19
2.882137e+01,1.503602e-17,5.167855e-17,5.167855e-19
2.882421e+01,1.490516e-17,5.023186e-17,5.023186e-19
2.882706e+01,1.519417e-17,4.909950e-17,4.909950e-19
2.882990e+01,1.481253e-17,4.736456e-17,4.736456e-19
2.883274e+01,1.489476e-17,4.563700e-17,4.563700e-19
2.883559e+01,1.480205e-17,4.483263e-17,4.483263e-19
2.883843e+01,1.489102e-17,4.408890e-17,4.408890e-19
2.884128e+01,1.504875e-17,4.323093e-17,4.323093e-19
2.884412e+01,1.460239e-17,4.193358e-17,4.193358e-19
2.884696e+01,1.492912e-17,4.034976e-17,4.034976e-19
2.884981e+01,1.454997e-17,3.871438e-17,3.871438e-19
2.885265e+01,1.452755e-17,3.815171e-17,3.815171e-19
2.885549e+01,1.455968e-17,3.822781e-17,3.822781e-19
2.885834e+01,1.457463e-17,3.759610e-17,3.759610e-19
2.886118e+01,1.428604e-17,3.600491e-17,3.600491e-19
2.886402e+01,1.430038e-17,3.490459e-17,3.490459e-19
2.886687e+01,1.475734e-17,3.429466e-17,3.429466e-19
2.886971e+01,1.460188e-17,3.343889e-17,3.343889e-19
2.887255e+01,1.442510e-17,3.257641e-17,3.257641e-19
2.887540e+01,1.435203e-17,3.190377e-17,3.190377e-19
2.887824e+01,1.437878e-17,3.153067e-17,3.153067e-19
2.888108e+01,1.454016e-17,3.158058e-17,3.158058e-19
2.888393e+01,1.425842e-17,3.091622e-17,3.091622e-19
2.888677e+01,1.437698e-17,3.024714e-17,3.024714e-19
2.888961e+01,1.429611e-17,2.972057e-17,2.972057e-19
2.889246e+01,1.440623e-17,2.974937e-17,2.974937e-19
2.889530e+01,1.439977e-17,3.042861e-17,3.042861e-19
2.889814e+01,1.429323e-17,3.086550e-17,3.086550e-19
2.890099e+01,1.439181e-17,3.094108e-17,3.094108e-19
2.890383e+01,1.451806e-17,3.109787e-17,3.109787e-19
2.890667e+01,1.437566e-17,3.114450e-17,3.114450e-19
2.890952e+01,1.434663e-17,3.150058e-17,3.150058e-19
2.891236e+01,1.422783e-17,3.221602e-17,3.221602e-19
2.891521e+01,1.436871e-17,3.294359e-17,3.294359e-19
2.891805e+01,1.460293e-17,3.375255e-17,3.375255e-19
2.892089e+01,1.442980e-17,3.484946e-17,3.484946e-19
2.892374e+01,1.460360e-17,3.631510e-17,3.631510e-19
2.892658e+01,1.439123e-17,3.871410e-17,3.871410e-19
2.892942e+01,1.458734e-17,4.074344e-17,4.074344e-19
2.893227e+01,1.474930e-17,4.217363e-17,4.217363e-19
2.893511e+01,1.449811e-17,4.371485e-17,4.371485e-19
2.893795e+01,1.459702e-17,4.581506e-17,4.581506e-19
2.894080e+01,1.480933e-17,4.802060e-17,4.802060e-19
2.894364e+01,1.471537e-17,4.990754e-17,4.990754e-19
2.894648e+01,1.471068e-17,5.155715e-17,5.155715e-19
2.894933e+01,1.461113e-17,5.293012e-17,5.293012e-19
2.895217e+01,1.470008e-17,5.383624e-17,5.383624e-19
2.895501e+01,1.471769e-17,5.437080e-17,5.437080e-19
2.895786e+01,1.490406e-17,5.581535e-17,5.581535e-19
2.896070e+01,1.482592e-17,5.778089e-17,5.778089e-19
2.896354e+01,1.493769e-17,5.899068e-17,5.899068e-19
2.896639e+01,1.461844e-17,5.950699e-17,5.950699e-19
2.896923e+01,1.506686e-17,6.025565e-17,6.025565e-19
2.897207e+01,1.486828e-17,5.997085e-17,5.997085e-19
2.897492e+01,1.478922e-17,5.874868e-17,5.874868e-19
2.897776e+01,1.469398e-17,5.824815e-17,5.824815e-19
2.898060e+01,1.504789e-17,5.912180e-17,5.912180e-19
2.898345e+01,1.503624e-17,6.009705e-17,6.009705e-19
2.898629e+01,1.503524e-17,5.990158e-17,5.990158e-19
2.898914e+01,1.483460e-17,5.856313e-17,5.856313e-19
2.899198e+01,1.509630e-17,5.746624e-17,5.746624e-19
2.899482e+01,1.478998e-17,5.658449e-17,5.658449e-19
2.899767e+01,1.494908e-17,5.580037e-17,5.580037e-19
2.900051e+01,1.506227e-17,5.511705e-17,5.511705e-19
2.900335e+01,1.491718e-17,5.427791e-17,5.427791e-19
2.900620e+01,1.489425e-17,5.298179e-17,5.298179e-19
2.900904e+01,1.477615e-17,5.205090e-17,5.205090e-19
2.901188e+01,1.497050e-17,5.202828e-17,5.202828e-19
2.901473e+01,1.493514e-17,5.107078e-17,5.107078e-19
2.901757e+01,1.461687e-17,4.962399e-17,4.962399e-19
2.902041e+01,1.468243e-17,4.879989e-17,4.879989e-19
2.902326e+01,1.473824e-17,4.844587e-17,4.844587e-19
2.902610e+01,1.487244e-17,4.810792e-17,4.810792e-19
2.902894e+01,1.466966e-17,4.782561e-17,4.782561e-19
2.903179e+01,1.492819e-17,4.737542e-17,4.737542e-19
2.903463e+01,1.462326e-17,4.665771e-17,4.665771e-19
2.903747e+01,1.486860e-17,4.662714e-17,4.662714e-19
2.904032e+01,1.475330e-17,4.655070e-17,4.655070e-19
2.904316e+01,1.470653e-17,4.617841e-17,4.617841e-19
2.904600e+01,1.490659e-17,4.641127e-17,4.641127e-19
2.904885e+01,1.483518e-17,4.675151e-17,4.675151e-19
2.905169e+01,1.497250e-17,4.648800e-17,4.648800e-19
2.905454e+01,1.465042e-17,4.517527e-17,4.517527e-19
2.905738e+01,1.460771e-17,4.454356e-17,4.454356e-19
2.906022e+01,1.457161e-17,4.483617e-17,4.483617e-19
2.906307e+01,1.479341e-17,4.556334e-17,4.556334e-19
2.906591e+01,1.472617e-17,4.555747e-17,4.555747e-19
2.906875e+01,1.465373e-17,4.482810e-17,4.482810e-19
2.907160e+01,1.482552e-17,4.444360e-17,4.444360e-19
2.907444e+01,1.472395e-17,4.422978e-17,4.422978e-19
2.907728e+01,1.487675e-17,4.361559e-17,4.361559e-19
2.908013e+01,1.489586e-17,4.275352e-17,4.275352e-19
2.908297e+01,1.485401e-17,4.194615e-17,4.194615e-19
2.908581e+01,1.478400e-17,4.159877e-17,4.159877e-19
2.908866e+01,1.493055e-17,4.214643e-17,4.214643e-19
2.909150e+01,1.466871e-17,4.172239e-17,4.172239e-19
2.909434e+01,1.477746e-17,4.096977e-17,4.096977e-19
2.909719e+01,1.494228e-17,4.108509e-17,4.108509e-19
2.910003e+01,1.472847e-17,4.067619e-17,4.067619e-19
2.910287e+01,1.467587e-17,3.983628e-17,3.983628e-19
2.910572e+01,1.467567e-17,3.955893e-17,3.955893e-19
2.910856e+01,1.489628e-17,3.928886e-17,3.928886e-19
2.911140e+01,1.476703e-17,3.819390e-17,3.819390e-19
2.911425e+01,1.477344e-17,3.779109e-17,3.779109e-19
2.911709e+01,1.468653e-17,3.772598e-17,3.772598e-19
2.911993e+01,1.460205e-17,3.764162e-17,3.764162e-19
2.912278e+01,1.468224e-17,3.788581e-17,3.788581e-19
2.912562e+01,1.481826e-17,3.874734e-17,3.874734e-19
2.912847e+01,1.458726e-17,3.951339e-17,3.951339e-19
2.913131e+01,1.477452e-17,3.994758e-17,3.994758e-19
2.913415e+01,1.463817e-17,3.953787e-17,3.953787e-19
2.913700e+01,1.453004e-17,3.992226e-17,3.992226e-19
2.913984e+01,1.452455e-17,4.129727e-17,4.129727e-19
2.914268e+01,1.503617e-17,4.320333e-17,4.320333e-19
2.914553e+01,1.495861e-17,4.392766e-17,4.392766e-19
2.914837e+01,1.508671e-17,4.298422e-17,4.298422e-19
2.915121e+01,1.474377e-17,4.227277e-17,4.227277e-19
2.915406e+01,1.466265e-17,4.307032e-17,4.307032e-19
2.915690e+01,1.456626e-17,4.458104e-17,4.458104e-19
2.915974e+01,1.465447e-17,4.571795e-17,4.571795e-19
2.916259e+01,1.487623e-17,4.648122e-17,4.648122e-19
2.916543e+01,1.491275e-17,4.711359e-17,4.711359e-19
2.916827e+01,1.493128e-17,4.813133e-17,4.813133e-19
2.917112e+01,1.491964e-17,4.955641e-17,4.955641e-19
2.917396e+01,1.497901e-17,5.057366e-17,5.057366e-19
2.917680e+01,1.505093e-17,5.089750e-17,5.089750e-19
2.917965e+01,1.491372e-17,5.193824e-17,5.193824e-19
2.918249e+01,1.480753e-17,5.302848e-17,5.302848e-19
2.918533e+01,1.486867e-17,5.296344e-17,5.296344e-19
2.918818e+01,1.476569e-17,5.203766e-17,5.203766e-19
2.919102e+01,1.463648e-17,5.112421e-17,5.112421e-19
2.919386e+01,1.463870e-17,5.079983e-17,5.079983e-19
2.919671e+01,1.505198e-17,5.163033e-17,5.163033e-19
2.919955e+01,1.463199e-17,5.216387e-17,5.216387e-19
2.920240e+01,1.466280e-17,5.196794e-17,5.196794e-19
2.920524e+01,1.475897e-17,5.184088e-17,5.184088e-19
2.920808e+01,1.483876e-17,5.138963e-17,5.138963e-19
2.921093e+01,1.476257e-17,5.042443e-17,5.042443e-19
2.921377e+01,1.468717e-17,4.906714e-17,4.906714e-19
2.921661e+01,1.458506e-17,4.688165e-17,4.688165e-19
2.921946e+01,1.439739e-17,4.513070e-17,4.513070e-19
2.922230e+01,1.453061e-17,4.488555e-17,4.488555e-19
2.922514e+01,1.449102e-17,4.463432e-17,4.463432e-19
2.922799e+01,1.488058e-17,4.359217e-17,4.359217e-19
2.923083e+01,1.473018e-17,4.226778e-17,4.226778e-19
2.923367e+01,1.467438e-17,4.176122e-17,4.176122e-19
2.923652e+01,1.488248e-17,4.201816e-17,4.201816e-19
2.923936e+01,1.488278e-17,4.187247e-17,4.187247e-19
2.924220e+01,1.480307e-17,4.129997e-17,4.129997e-19
2.924505e+01,1.484233e-17,4.151936e-17,4.151936e-19
2.924789e+01,1.497092e-17,4.207219e-17,4.207219e-19
2.925073e+01,1.477273e-17,4.191546e-17,4.191546e-19
2.925358e+01,1.451559e-17,4.152193e-17,4.152193e-19
2.925642e+01,1.481136e-17,4.155282e-17,4.155282e-19
2.925926e+01,1.466461e-17,4.245386e-17,4.245386e-19
2.926211e+01,1.462258e-17,4.331524e-17,4.331524e-19
2.926495e+01,1.491276e-17,4.373657e-17,4.373657e-19
2.926779e+01,1.480894e-17,4.448836e-17,4.448836e-19
2.927064e+01,1.478389e-17,4.541465e-17,4.541465e-19
2.927348e+01,1.492048e-17,4.595846e-17,4.595846e-19
2.927633e+01,1.491350e-17,4.633557e-17,4.633557e-19
2.927917e+01,1.510979e-17,4.664046e-17,4.664046e-19
2.928201e+01,1.494805e-17,4.657877e-17,4.657877e-19
2.928486e+01,1.519228e-17,4.714185e-17,4.714185e-19
2.928770e+01,1.523519e-17,4.788430e-17,4.788430e-19
2.929054e+01,1.503252e-17,4.785167e-17,4.785167e-19
2.929339e+01,1.489692e-17,4.828482e-17,4.828482e-19
2.929623e+01,1.528308e-17,4.976503e-17,4.976503e-19
2.929907e+01,1.521471e-17,5.076190e-17,5.076190e-19
2.930192e+01,1.516174e-17,5.091449e-17,5.091449e-19
2.930476e+01,1.523321e-17,5.089770e-17,5.089770e-19
2.930760e+01,1.506079e-17,5.119534e-17,5.119534e-19
2.931045e+01,1.523638e-17,5.168453e-17,5.168453e-19
2.931329e+01,1.524161e-17,5.233127e-17,5.233127e-19
2.931613e+01,1.543773e-17,5.279675e-17,5.279675e-19
2.931898e+01,1.506054e-17,5.279980e-17,5.279980e-19
2.932182e+01,1.519558e-17,5.279495e-17,5.279495e-19
2.932466e+01,1.527964e-17,5.316204e-17,5.316204e-19
2.932751e+01,1.529230e-17,5.309388e-17,5.309388e-19
2.933035e+01,1.527215e-17,5.309079e-17,5.309079e-19
2.933319e+01,1.524859e-17,5.361871e-17,5.361871e-19
2.933604e+01,1.507686e-17,5.403679e-17,5.403679e-19
2.933888e+01,1.547568e-17,5.408526e-17,5.408526e-19
2.934173e+01,1.526341e-17,5.409990e-17,5.409990e-19
2.934457e+01,1.517991e-17,5.433032e-17,5.433032e-19
2.934741e+01,1.528891e-17,5.423862e-17,5.423862e-19
2.935026e+01,1.526650e-17,5.427656e-17,5.427656e-19
2.935310e+01,1.520111e-17,5.495138e-17,5.495138e-19
2.935594e+01,1.514137e-17,5.538435e-17,5.538435e-19
2.935879e+01,1.530127e-17,5.582485e-17,5.582485e-19
2.936163e+01,1.518756e-17,5.638153e-17,5.638153e-19
2.936447e+01,1.514315e-17,5.657059e-17,5.657059e-19
2.936732e+01,1.540554e-17,5.676984e-17,5.676984e-19
2.937016e+01,1.510432e-17,5.751676e-17,5.751676e-19
2.937300e+01,1.498298e-17,5.877509e-17,5.877509e-19
2.937585e+01,1.529148e-17,5.955871e-17,5.955871e-19
2.937869e+01,1.518742e-17,5.966426e-17,5.966426e-19
2.938153e+01,1.540307e-17,5.983593e-17,5.983593e-19
2.938438e+01,1.524631e-17,6.040163e-17,6.040163e-19
2.938722e+01,1.518529e-17,6.118061e-17,6.118061e-19
2.939006e+01,1.523275e-17,6.159988e-17,6.159988e-19
2.939291e+01,1.530700e-17,6.182534e-17,6.182534e-19
2.939575e+01,1.534795e-17,6.236586e-17,6.236586e-19
2.939859e+01,1.534001e-17,6.339161e-17,6.339161e-19
2.940144e+01,1.546457e-17,6.436637e-17,6.436637e-19
2.940428e+01,1.516521e-17,6.409786e-17,6.409786e-19
2.940712e+01,1.531956e-17,6.364520e-17,6.364520e-19
2.940997e+01,1.537410e-17,6.337915e-17,6.337915e-19
2.941281e+01,1.545395e-17,6.381451e-17,6.381451e-19
2.941566e+01,1.542021e-17,6.473977e-17,6.473977e-19
2.941850e+01,1.543258e-17,6.465085e-17,6.465085e-19
2.942134e+01,1.536632e-17,6.361952e-17,6.361952e-19
2.942419e+01,1.548874e-17,6.282888e-17,6.282888e-19
2.942703e+01,1.532718e-17,6.251178e-17,6.251178e-19
2.942987e+01,1.524565e-17,6.137016e-17,6.137016e-19
2.943272e+01,1.523624e-17,5.978657e-17,5.978657e-19
2.943556e+01,1.532578e-17,5.873386e-17,5.873386e-19
2.943840e+01,1.514382e-17,5.793127e-17,5.793127e-19
2.944125e+01,1.525326e-17,5.697676e-17,5.697676e-19
2.944409e+01,1.512772e-17,5.593359e-17,5.593359e-19
2.944693e+01,1.513189e-17,5.463895e-17,5.463895e-19
2.944978e+01,1.517606e-17,5.322077e-17,5.322077e-19
2.945262e+01,1.510247e-17,5.151024e-17,5.151024e-19
2.945546e+01,1.500141e-17,5.015705e-17,5.015705e-19
2.945831e+01,1.506948e-17,4.946451e-17,4.946451e-19
2.946115e+01,1.466479e-17,4.856456e-17,4.856456e-19
2.946399e+01,1.495074e-17,4.652597e-17,4.652597e-19
2.946684e+01,1.498292e-17,4.454603e-17,4.454603e-19
2.946968e+01,1.494171e-17,4.316988e-17,4.316988e-19
2.947252e+01,1.478417e-17,4.198780e-17,4.198780e-19
2.947537e+01,1.496622e-17,4.064495e-17,4.064495e-19
2.947821e+01,1.453049e-17,3.902565e-17,3.902565e-19
2.948105e+01,1.469641e-17,3.746725e-17,3.746725e-19
2.948390e+01,1.448752e-17,3.571704e-17,3.571704e-19
2.948674e+01,1.463367e-17,3.471257e-17,3.471257e-19
2.948959e+01,1.451963e-17,3.426292e-17,3.426292e-19
2.949243e+01,1.451461e-17,3.346398e-17,3.346398e-19
2.949527e+01,1.449308e-17,3.215569e-17,3.215569e-19
2.949812e+01,1.438359e-17,3.142832e-17,3.142832e-19
2.950096e+01,1.466024e-17,3.064175e-17,3.064175e-19
2.950380e+01,1.474047e-17,3.030439e-17,3.030439e-19
2.950665e+01,1.435954e-17,2.993386e-17,2.993386e-19
2.950949e+01,1.450562e-17,2.950934e-17,2.950934e-19
2.951233e+01,1.430522e-17,2.851289e-17,2.851289e-19
2.951518e+01,1.436824e-17,2.790047e-17,2.790047e-19
2.951802e+01,1.436883e-17,2.813771e-17,2.813771e-19
2.952086e+01,1.422163e-17,2.841655e-17,2.841655e-19
2.952371e+01,1.421971e-17,2.844981e-17,2.844981e-19
2.952655e+01,1.424711e-17,2.894711e-17,2.894711e-19
2.952939e+01,1.421670e-17,2.959303e-17,2.959303e-19
2.953224e+01,1.438608e-17,3.062085e-17,3.062085e-19
2.953508e+01,1.447445e-17,3.136778e-17,3.136778e-19
2.953792e+01,1.447425e-17,3.213672e-17,3.213672e-19
2.954077e+01,1.454916e-17,3.348249e-17,3.348249e-19
2.954361e+01,1.432230e-17,3.546511e-17,3.546511e-19
2.954645e+01,1.447216e-17,3.766274e-17,3.766274e-19
2.954930e+01,1.463391e-17,3.937354e-17,3.937354e-19
2.955214e+01,1.457129e-17,4.158533e-17,4.158533e-19
2.955499e+01,1.443550e-17,4.430525e-17,4.430525e-19
2.955783e+01,1.479242e-17,4.648523e-17,4.648523e-19
2.956067e+01,1.478863e-17,4.813069e-17,4.813069e-19
2.956352e+01,1.490217e-17,5.030267e-17,5.030267e-19
2.956636e+01,1.489866e-17,5.259562e-17,5.259562e-19
2.956920e+01,1.518323e-17,5.525724e-17,5.525724e-19
2.957205e+01,1.508334e-17,5.794524e-17,5.794524e-19
2.957489e+01,1.519343e-17,5.979963e-17,5.979963e-19
2.957773e+01,1.490624e-17,6.096601e-17,6.096601e-19
2.958058e+01,1.508178e-17,6.191573e-17,6.191573e-19
2.958342e+01,1.505899e-17,6.248727e-17,6.248727e-19
2.958626e+01,1.498391e-17,6.283620e-17,6.283620e-19
2.958911e+01,1.485066e-17,6.300262e-17,6.300262e-19
2.959195e+01,1.495146e-17,6.349672e-17,6.349672e-19
2.959479e+01,1.507806e-17,6.418875e-17,6.418875e-19
2.959764e+01,1.518232e-17,6.430942e-17,6.430942e-19
2.960048e+01,1.517498e-17,6.386277e-17,6.386277e-19
2.960332e+01,1.502549e-17,6.430673e-17,6.430673e-19
2.960617e+01,1.475954e-17,6.511143e-17,6.511143e-19
2.960901e+01,1.521319e-17,6.531366e-17,6.531366e-19
2.961185e+01,1.504646e-17,6.480880e-17,6.480880e-19
2.961470e+01,1.522728e-17,6.376271e-17,6.376271e-19
2.961754e+01,1.517705e-17,6.174716e-17,6.174716e-19
2.962038e+01,1.509863e-17,6.049299e-17,6.049299e-19
2.962323e+01,1.496111e-17,6.063927e-17,6.063927e-19
2.962607e+01,1.466743e-17,5.957747e-17,5.957747e-19
2.962892e+01,1.487841e-17,5.719621e-17,5.719621e-19
2.963176e+01,1.494189e-17,5.642293e-17,5.642293e-19
2.963460e+01,1.486130e-17,5.683183e-17,5.683183e-19
2.963745e+01,1.490294e-17,5.663483e-17,5.663483e-19
2.964029e+01,1.494651e-17,5.600353e-17,5.600353e-19
2.964313e+01,1.520096e-17,5.545419e-17,5.545419e-19
2.964598e+01,1.490291e-17,5.392162e-17,5.392162e-19
2.964882e+01,1.484719e-17,5.166119e-17,5.166119e-19
2.965166e+01,1.491263e-17,5.050943e-17,5.050943e-19
2.965451e+01,1.476531e-17,4.976490e-17,4.976490e-19
2.965735e+01,1.481201e-17,4.874081e-17,4.874081e-19
2.966019e+01,1.480694e-17,4.768666e-17,4.768666e-19
2.966304e+01,1.490710e-17,4.676500e-17,4.676500e-19
2.966588e+01,1.458874e-17,4.498819e-17,4.498819e-19
2.966872e+01,1.465562e-17,4.333495e-17,4.333495e-19
2.967157e+01,1.477718e-17,4.277125e-17,4.277125e-19
2.967441e+01,1.481210e-17,4.324638e-17,4.324638e-19
2.967725e+01,1.483520e-17,4.366947e-17,4.366947e-19
2.968010e+01,1.465233e-17,4.314692e-17,4.314692e-19
2.968294e+01,1.478031e-17,4.262909e-17,4.262909e-19
2.968578e+01,1.487735e-17,4.176309e-17,4.176309e-19
2.968863e+01,1.495968e-17,4.137578e-17,4.137578e-19
2.969147e+01,1.494933e-17,4.212450e-17,4.212450e-19
2.969431e+01,1.477527e-17,4.269372e-17,4.269372e-19
2.969716e+01,1.472611e-17,4.254654e-17,4.254654e-19
2.970000e+01,1.471090e-17,4.307125e-17,4.307125e-19
2.970285e+01,1.471560e-17,4.318215e-17,4.318215e-19
2.970569e+01,1.476399e-17,4.295629e-17,4.295629e-19
2.970853e+01,1.491845e-17,4.329048e-17,4.329048e-19
2.971138e+01,1.472440e-17,4.341328e-17,4.341328e-19
2.971422e+01,1.471861e-17,4.321229e-17,4.321229e-19
2.971706e+01,1.454741e-17,4.352892e-17,4.352892e-19
2.971991e+01,1.500437e-17,4.435869e-17,4.435869e-19
2.972275e+01,1.499975e-17,4.489986e-17,4.489986e-19
2.972559e+01,1.472431e-17,4.491813e-17,4.491813e-19
2.972844e+01,1.484462e-17,4.515103e-17,4.515103e-19
2.973128e+01,1.469345e-17,4.549246e-17,4.549246e-19
2.973412e+01,1.518903e-17,4.546580e-17,4.546580e-19
2.973697e+01,1.497661e-17,4.447243e-17,4.447243e-19
2.973981e+01,1.480275e-17,4.362743e-17,4.362743e-19
2.974265e+01,1.503158e-17,4.393205e-17,4.393205e-19
2.974550e+01,1.501882e-17,4.409181e-17,4.409181e-19
2.974834e+01,1.463596e-17,4.373606e-17,4.373606e-19
2.975118e+01,1.489929e-17,4.312783e-17,4.312783e-19
2.975403e+01,1.462001e-17,4.264385e-17,4.264385e-19
2.975687e+01,1.482722e-17,4.271399e-17,4.271399e-19
2.975971e+01,1.474938e-17,4.204229e-17,4.204229e-19
2.976256e+01,1.472129e-17,4.131963e-17,4.131963e-19
2.976540e+01,1.506061e-17,4.128334e-17,4.128334e-19
2.976824e+01,1.494729e-17,4.095546e-17,4.095546e-19
2.977109e+01,1.457399e-17,4.022765e-17,4.022765e-19
2.977393e+01,1.490085e-17,3.993449e-17,3.993449e-19
2.977678e+01,1.471145e-17,3.962003e-17,3.962003e-19
2.977962e+01,1.476593e-17,3.929357e-17,3.929357e-19
2.978246e+01,1.489542e-17,3.904830e-17,3.904830e-19
2.978531e+01,1.482606e-17,3.879955e-17,3.879955e-19
2.978815e+01,1.459997e-17,3.891846e-17,3.891846e-19
2.979099e+01,1.489761e-17,4.020199e-17,4.020199e-19
2.979384e+01,1.498673e-17,4.078211e-17,4.078211e-19
2.979668e+01,1.455626e-17,3.982230e-17,3.982230e-19
2.979952e+01,1.486613e-17,3.967764e-17,3.967764e-19
2.980237e+01,1.473125e-17,4.085605e-17,4.085605e-19
2.980521e+01,1.468018e-17,4.204045e-17,4.204045e-19
2.980805e+01,1.464156e-17,4.136154e-17,4.136154e-19
2.981090e+01,1.448981e-17,4.088276e-17,4.088276e-19
2.981374e+01,1.483766e-17,4.165468e-17,4.165468e-19
2.981658e+01,1.468856e-17,4.288635e-17,4.288635e-19
2.981943e+01,1.461568e-17,4.372964e-17,4.372964e-19
2.982227e+01,1.449615e-17,4.398041e-17,4.398041e-19
2.982511e+01,1.466689e-17,4.428153e-17,4.428153e-19
2.982796e+01,1.464881e-17,4.464806e-17,4.464806e-19
2.983080e+01,1.458154e-17,4.454311e-17,4.454311e-19
2.983364e+01,1.479385e-17,4.441395e-17,4.441395e-19
2.983649e+01,1.482518e-17,4.487360e-17,4.487360e-19
2.983933e+01,1.475683e-17,4.557344e-17,4.557344e-19
2.984218e+01,1.482511e-17,4.538633e-17,4.538633e-19
2.984502e+01,1.459656e-17,4.467979e-17,4.467979e-19
2.984786e+01,1.480501e-17,4.473297e-17,4.473297e-19
2.985071e+01,1.494756e-17,4.488724e-17,4.488724e-19
2.985355e+01,1.487058e-17,4.428393e-17,4.428393e-19
2.985639e+01,1.457525e-17,4.314723e-17,4.314723e-19
2.985924e+01,1.465591e-17,4.251240e-17,4.251240e-19
2.986208e+01,1.457478e-17,4.213545e-17,4.213545e-19
2.986492e+01,1.483911e-17,4.215682e-17,4.215682e-19
2.986777e+01,1.473088e-17,4.145378e-17,4.145378e-19
2.987061e+01,1.461626e-17,4.052445e-17,4.052445e-19
2.987345e+01,1.478986e-17,4.025186e-17,4.025186e-19
2.987630e+01,1.450695e-17,3.966887e-17,3.966887e-19
2.987914e+01,1.463272e-17,3.869095e-17,3.869095e-19
2.988198e+01,1.466819e-17,3.818835e-17,3.818835e-19
2.988483e+01,1.471697e-17,3.796859e-17,3.796859e-19
2.988767e+01,1.451188e-17,3.780927e-17,3.780927e-19
2.989051e+01,1.454996e-17,3.759411e-17,3.759411e-19
2.989336e+01,1.443080e-17,3.720680e-17,3.720680e-19
2.989620e+01,1.443801e-17,3.671043e-17,3.671043e-19
2.989904e+01,1.439936e-17,3.628977e-17,3.628977e-19
2.990189e+01,1.455557e-17,3.635922e-17,3.635922e-19
2.990473e+01,1.449313e-17,3.689357e-17,3.689357e-19
2.990757e+01,1.478895e-17,3.731381e-17,3.731381e-19
2.991042e+01,1.456457e-17,3.692578e-17,3.692578e-19
2.991326e+01,1.454778e-17,3.641393e-17,3.641393e-19
2.991611e+01,1.426857e-17,3.609760e-17,3.609760e-19
2.991895e+01,1.431828e-17,3.611810e-17,3.611810e-19
2.992179e+01,1.447551e-17,3.666996e-17,3.666996e-19
2.992464e+01,1.476111e-17,3.678316e-17,3.678316e-19
2.992748e+01,1.459338e-17,3.721499e-17,3.721499e-19
2.993032e+01,1.453904e-17,3.847075e-17,3.847075e-19
2.993317e+01,1.468519e-17,3.908773e-17,3.908773e-19
2.993601e+01,1.454911e-17,3.870695e-17,3.870695e-19
2.993885e+01,1.427245e-17,3.851001e-17,3.851001e-19
2.994170e+01,1.475163e-17,3.883037e-17,3.883037e-19
2.994454e+01,1.452935e-17,3.980155e-17,3.980155e-19
2.994738e+01,1.488918e-17,4.164566e-17,4.164566e-19
2.995023e+01,1.467767e-17,4.267910e-17,4.267910e-19
2.995307e+01,1.485185e-17,4.272262e-17,4.272262e-19
2.995591e+01,1.485563e-17,4.323189e-17,4.323189e-19
2.995876e+01,1.480764e-17,4.427383e-17,4.427383e-19
2.996160e+01,1.473518e-17,4.538253e-17,4.538253e-19
2.996444e+01,1.496135e-17,4.639294e-17,4.639294e-19
2.996729e+01,1.515308e-17,4.714254e-17,4.714254e-19
2.997013e+01,1.498347e-17,4.746937e-17,4.746937e-19
2.997297e+01,1.463117e-17,4.823226e-17,4.823226e-19
2.997582e+01,1.462376e-17,4.907289e-17,4.907289e-19
2.997866e+01,1.466111e-17,5.022308e-17,5.022308e-19
2.998150e+01,1.475268e-17,5.160209e-17,5.160209e-19
2.998435e+01,1.463340e-17,5.350551e-17,5.350551e-19
2.998719e+01,1.505253e-17,5.522176e-17,5.522176e-19
2.999004e+01,1.496978e-17,5.645882e-17,5.645882e-19
2.999288e+01,1.518481e-17,5.740249e-17,5.740249e-19
2.999572e+01,1.519794e-17,5.832147e-17,5.832147e-19
2.999857e+01,1.504814e-17,6.002373e-17,6.002373e-19
3.000141e+01,1.520890e-17,6.251975e-17,6.251975e-19
3.000425e+01,1.494229e-17,6.454367e-17,6.454367e-19
3.000710e+01,1.516321e-17,6.508629e-17,6.508629e-19
3.000994e+01,1.484322e-17,6.506258e-17,6.506258e-19
3.001278e+01,1.510839e-17,6.623641e-17,6.623641e-19
3.001563e+01,1.564083e-17,6.875961e-17,6.875961e-19
3.001847e+01,1.565817e-17,7.019524e-17,7.019524e-19
3.002131e+01,1.528790e-17,6.977907e-17,6.977907e-19
3.002416e+01,1.530354e-17,6.969754e-17,6.969754e-19
3.002700e+01,1.495677e-17,7.033709e-17,7.033709e-19
3.002984e+01,1.526000e-17,6.996582e-17,6.996582e-19
3.003269e+01,1.522593e-17,6.975611e-17,6.975611e-19
3.003553e+01,1.533121e-17,7.095209e-17,7.095209e-19
3.003837e+01,1.526583e-17,7.154917e-17,7.154917e-19
3.004122e+01,1.512501e-17,7.087600e-17,7.087600e-19
3.004406e+01,1.518752e-17,7.083629e-17,7.083629e-19
3.004690e+01,1.548244e-17,7.110995e-17,7.110995e-19
3.004975e+01,1.527404e-17,7.012734e-17,7.012734e-19
3.005259e+01,1.504311e-17,6.788787e-17,6.788787e-19
3.005544e+01,1.504618e-17,6.550553e-17,6.550553e-19
3.005828e+01,1.540200e-17,6.441832e-17,6.441832e-19
3.006112e+01,1.506151e-17,6.435389e-17,6.435389e-19
3.006397e+01,1.518037e-17,6.359464e-17,6.359464e-19
3.006681e+01,1.510425e-17,6.216947e-17,6.216947e-19
3.006965e+01,1.529217e-17,6.119495e-17,6.119495e-19
3.007250e+01,1.529185e-17,6.048550e-17,6.048550e-19
3.007534e+01,1.514761e-17,6.045623e-17,6.045623e-19
3.007818e+01,1.502622e-17,6.054534e-17,6.054534e-19
3.008103e+01,1.518467e-17,5.961834e-17,5.961834e-19
3.008387e+01,1.507294e-17,5.783538e-17,5.783538e-19
3.008671e+01,1.496451e-17,5.639686e-17,5.639686e-19
3.008956e+01,1.526149e-17,5.542313e-17,5.542313e-19
3.009240e+01,1.497187e-17,5.421299e-17,5.421299e-19
3.009524e+01,1.505212e-17,5.281012e-17,5.281012e-19
3.009809e+01,1.494059e-17,5.173607e-17,5.173607e-19
3.010093e+01,1.524957e-17,5.172325e-17,5.172325e-19
3.010377e+01,1.497934e-17,5.171590e-17,5.171590e-19
3.010662e+01,1.557117e-17,5.090210e-17,5.090210e-19
3.010946e+01,1.504639e-17,4.935542e-17,4.935542e-19
3.011230e+01,1.490468e-17,4.848536e-17,4.848536e-19
3.011515e+01,1.500704e-17,4.699691e-17,4.699691e-19
3.011799e+01,1.503071e-17,4.503253e-17,4.503253e-19
3.012083e+01,1.490476e-17,4.420196e-17,4.420196e-19
3.012368e+01,1.491614e-17,4.370660e-17,4.370660e-19
3.012652e+01,1.496637e-17,4.264650e-17,4.264650e-19
3.012937e+01,1.486689e-17,4.155017e-17,4.155017e-19
3.013221e+01,1.463993e-17,4.062098e-17,4.062098e-19
3.013505e+01,1.477259e-17,3.955310e-17,3.955310e-19
3.013790e+01,1.461103e-17,3.883983e-17,3.883983e-19
3.014074e+01,1.468669e-17,3.835024e-17,3.835024e-19
3.014358e+01,1.477695e-17,3.728241e-17,3.728241e-19
3.014643e+01,1.472322e-17,3.633096e-17,3.633096e-19
3.014927e+01,1.456308e-17,3.574426e-17,3.574426e-19
3.015211e+01,1.443125e-17,3.511786e-17,3.511786e-19
3.015496e+01,1.433156e-17,3.417207e-17,3.417207e-19
3.015780e+01,1.440548e-17,3.335241e-17,3.335241e-19
3.016064e+01,1.428932e-17,3.247675e-17,3.247675e-19
3.016349e+01,1.461038e-17,3.201776e-17,3.201776e-19
3.016633e+01,1.432603e-17,3.174580e-17,3.174580e-19
3.016917e+01,1.423354e-17,3.189001e-17,3.189001e-19
3.017202e+01,1.444040e-17,3.238678e-17,3.238678e-19
3.017486e+01,1.438031e-17,3.241229e-17,3.241229e-19
3.017770e+01,1.440761e-17,3.208040e-17,3.208040e-19
3.018055e+01,1.425497e-17,3.208754e-17,3.208754e-19
3.018339e+01,1.434134e-17,3.260160e-17,3.260160e-19
3.018623e+01,1.426332e-17,3.311684e-17,3.311684e-19
3.018908e+01,1.449222e-17,3.366630e-17,3.366630e-19
3.019192e+01,1.440150e-17,3.381690e-17,3.381690e-19
3.019476e+01,1.440063e-17,3.456801e-17,3.456801e-19
3.019761e+01,1.434503e-17,3.512325e-17,3.512325e-19
3.020045e+01,1.463300e-17,3.572538e-17,3.572538e-19
3.020330e+01,1.442947e-17,3.658145e-17,3.658145e-19
3.020614e+01,1.495837e-17,3.768579e-17,3.768579e-19
3.020898e+01,1.458596e-17,3.824623e-17,3.824623e-19
3.021183e+01,1.454593e-17,3.847001e-17,3.847001e-19
3.021467e+01,1.460835e-17,3.897429e-17,3.897429e-19
3.021751e+01,1.444733e-17,3.971280e-17,3.971280e-19
3.022036e+01,1.458196e-17,4.066754e-17,4.066754e-19
3.022320e+01,1.452118e-17,4.198222e-17,4.198222e-19
3.022604e+01,1.452023e-17,4.300554e-17,4.300554e-19
3.022889e+01,1.483289e-17,4.347005e-17,4.347005e-19
3.023173e+01,1.455103e-17,4.392579e-17,4.392579e-19
3.023457e+01,1.459248e-17,4.483878e-17,4.483878e-19
3.023742e+01,1.472074e-17,4.552227e-17,4.552227e-19
3.024026e+01,1.473534e-17,4.604155e-17,4.604155e-19
3.024310e+01,1.479765e-17,4.651445e-17,4.651445e-19
3.024595e+01,1.451024e-17,4.725411e-17,4.725411e-19
3.024879e+01,1.471367e-17,4.849746e-17,4.849746e-19
3.025163e+01,1.487300e-17,4.929598e-17,4.929598e-19
3.025448e+01,1.486109e-17,4.925169e-17,4.925169e-19
3.025732e+01,1.490957e-17,4.910466e-17,4.910466e-19
3.026016e+01,1.505029e-17,4.946226e-17,4.946226e-19
3.026301e+01,1.515769e-17,4.955967e-17,4.955967e-19
3.026585e+01,1.488677e-17,4.907963e-17,4.907963e-19
3.026869e+01,1.487897e-17,4.840921e-17,4.840921e-19
3.027154e+01,1.484965e-17,4.786017e-17,4.786017e-19
3.027438e+01,1.485617e-17,4.692508e-17,4.692508e-19
3.027723e+01,1.478826e-17,4.562633e-17,4.562633e-19
3.028007e+01,1.457789e-17,4.478839e-17,4.478839e-19
3.028291e+01,1.492193e-17,4.479258e-17,4.479258e-19
3.028576e+01,1.476205e-17,4.456662e-17,4.456662e-19
3.028860e+01,1.474554e-17,4.371414e-17,4.371414e-19
3.029144e+01,1.487646e-17,4.289400e-17,4.289400e-19
3.029429e+01,1.482020e-17,4.198248e-17,4.198248e-19
3.029713e+01,1.452857e-17,4.089434e-17,4.089434e-19
3.029997e+01,1.472977e-17,4.018036e-17,4.018036e-19
3.030282e+01,1.465987e-17,3.974013e-17,3.974013e-19
3.030566e+01,1.486175e-17,3.934850e-17,3.934850e-19
3.030850e+01,1.464951e-17,3.853716e-17,3.853716e-19
3.031135e+01,1.453542e-17,3.765611e-17,3.765611e-19
3.031419e+01,1.457564e-17,3.722202e-17,3.722202e-19
3.031703e+01,1.462197e-17,3.691786e-17,3.691786e-19
3.031988e+01,1.438844e-17,3.631633e-17,3.631633e-19
3.032272e+01,1.444257e-17,3.621725e-17,3.621725e-19
3.032556e+01,1.466449e-17,3.704930e-17,3.704930e-19
3.032841e+01,1.453536e-17,3.785465e-17,3.785465e-19
3.033125e+01,1.458883e-17,3.820686e-17,3.820686e-19
3.033409e+01,1.456089e-17,3.800143e-17,3.800143e-19
3.033694e+01,1.431567e-17,3.814777e-17,3.814777e-19
3.033978e+01,1.425314e-17,3.975698e-17,3.975698e-19
3.034263e+01,1.464354e-17,4.103737e-17,4.103737e-19
3.034547e+01,1.426225e-17,4.125165e-17,4.125165e-19
3.034831e+01,1.451270e-17,4.209781e-17,4.209781e-19
3.035116e+01,1.481908e-17,4.354186e-17,4.354186e-19
3.035400e+01,1.477897e-17,4.472291e-17,4.472291e-19
3.035684e+01,1.440501e-17,4.543946e-17,4.543946e-19
3.035969e+01,1.457502e-17,4.610927e-17,4.610927e-19
3.036253e+01,1.451219e-17,4.697817e-17,4.697817e-19
3.036537e+01,1.484043e-17,4.776041e-17,4.776041e-19
3.036822e+01,1.482306e-17,4.809277e-17,4.809277e-19
3.037106e+01,1.472098e-17,4.839756e-17,4.839756e-19
3.037390e+01,1.480981e-17,4.828057e-17,4.828057e-19
3.037675e+01,1.479488e-17,4.782518e-17,4.782518e-19
3.037959e+01,1.486206e-17,4.708737e-17,4.708737e-19
3.038243e+01,1.475283e-17,4.660788e-17,4.660788e-19
3.038528e+01,1.482281e-17,4.679497e-17,4.679497e-19
3.038812e+01,1.485188e-17,4.709218e-17,4.709218e-19
3.039096e+01,1.495475e-17,4.671023e-17,4.671023e-19
3.039381e+01,1.489842e-17,4.596715e-17,4.596715e-19
3.039665e+01,1.488888e-17,4.585217e-17,4.585217e-19
3.039949e+01,1.458713e-17,4.640014e-17,4.640014e-19
3.040234e+01,1.471891e-17,4.746121e-17,4.746121e-19
3.040518e+01,1.479433e-17,4.835501e-17,4.835501e-19
3.040802e+01,1.461891e-17,4.847561e-17,4.847561e-19
3.041087e+01,1.457629e-17,4.915114e-17,4.915114e-19
3.041371e+01,1.484433e-17,5.103218e-17,5.103218e-19
3.041656e+01,1.478094e-17,5.309030e-17,5.309030e-19
3.041940e+01,1.494887e-17,5.490235e-17,5.490235e-19
3.042224e+01,1.472609e-17,5.668457e-17,5.668457e-19
3.042509e+01,1.483705e-17,5.828017e-17,5.828017e-19
3.042793e+01,1.506082e-17,5.835405e-17,5.835405e-19
3.043077e+01,1.471070e-17,5.829620e-17,5.829620e-19
3.043362e+01,1.469308e-17,6.046427e-17,6.046427e-19
3.043646e+01,1.500467e-17,6.386890e-17,6.386890e-19
3.043930e+01,1.511513e-17,6.572365e-17,6.572365e-19
3.044215e+01,1.495368e-17,6.595680e-17,6.595680e-19
3.044499e+01,1.513622e-17,6.649371e-17,6.649371e-19
3.044783e+01,1.499672e-17,6.780186e-17,6.780186e-19
3.045068e+01,1.523570e-17,6.912108e-17,6.912108e-19
3.045352e+01,1.504300e-17,6.879490e-17,6.879490e-19
3.045636e+01,1.494800e-17,6.834821e-17,6.834821e-19
3.045921e+01,1.513889e-17,6.921093e-17,6.921093e-19
3.046205e+01,1.504199e-17,6.937994e-17,6.937994e-19
3.046489e+01,1.501373e-17,6.843528e-17,6.843528e-19
3.046774e+01,1.496706e-17,6.823344e-17,6.823344e-19
3.047058e+01,1.507316e-17,6.807094e-17,6.807094e-19
3.047342e+01,1.520599e-17,6.675490e-17,6.675490e-19
3.047627e+01,1.485470e-17,6.554279e-17,6.554279e-19
3.047911e+01,1.487839e-17,6.492756e-17,6.492756e-19
3.048195e+01,1.480407e-17,6.404593e-17,6.404593e-19
3.048480e+01,1.460625e-17,6.247229e-17,6.247229e-19
3.048764e+01,1.483924e-17,6.047950e-17,6.047950e-19
3.049049e+01,1.459706e-17,5.852128e-17,5.852128e-19
3.049333e+01,1.479753e-17,5.745175e-17,5.745175e-19
3.049617e+01,1.453092e-17,5.640445e-17,5.640445e-19
3.049902e+01,1.477254e-17,5.431005e-17,5.431005e-19
3.050186e+01,1.489719e-17,5.161760e-17,5.161760e-19
3.050470e+01,1.466113e-17,5.039348e-17,5.039348e-19
3.050755e+01,1.456343e-17,4.995947e-17,4.995947e-19
3.051039e+01,1.446752e-17,4.854677e-17,4.854677e-19
3.051323e+01,1.497549e-17,4.758891e-17,4.758891e-19
3.051608e+01,1.465807e-17,4.592657e-17,4.592657e-19
3.051892e+01,1.481516e-17,4.353686e-17,4.353686e-19
3.052176e+01,1.470811e-17,4.179607e-17,4.179607e-19
3.052461e+01,1.494564e-17,4.127601e-17,4.127601e-19
3.052745e+01,1.444815e-17,4.031149e-17,4.031149e-19
3.053029e+01,1.450746e-17,3.913935e-17,3.913935e-19
3.053314e+01,1.450844e-17,3.807416e-17,3.807416e-19
3.053598e+01,1.468133e-17,3.736940e-17,3.736940e-19
3.053882e+01,1.462520e-17,3.672850e-17,3.672850e-19
3.054167e+01,1.463746e-17,3.595682e-17,3.595682e-19
3.054451e+01,1.428527e-17,3.523687e-17,3.523687e-19
3.054735e+01,1.452280e-17,3.482882e-17,3.482882e-19
3.055020e+01,1.452838e-17,3.466297e-17,3.466297e-19
3.055304e+01,1.448486e-17,3.497731e-17,3.497731e-19
3.055589e+01,1.432820e-17,3.474141e-17,3.474141e-19
3.055873e+01,1.439311e-17,3.487631e-17,3.487631e-19
3.056157e+01,1.431752e-17,3.546784e-17,3.546784e-19
3.056442e+01,1.464582e-17,3.562413e-17,3.562413e-19
3.056726e+01,1.450184e-17,3.524044e-17,3.524044e-19
3.057010e+01,1.455567e-17,3.591919e-17,3.591919e-19
3.057295e+01,1.439430e-17,3.628310e-17,3.628310e-19
3.057579e+01,1.463323e-17,3.682770e-17,3.682770e-19
3.057863e+01,1.455630e-17,3.754161e-17,3.754161e-19
3.058148e+01,1.457972e-17,3.907102e-17,3.907102e-19
3.058432e+01,1.480666e-17,4.123934e-17,4.123934e-19
3.058716e+01,1.469418e-17,4.203674e-17,4.203674e-19
3.059001e+01,1.463465e-17,4.239648e-17,4.239648e-19
3.059285e+01,1.484012e-17,4.331703e-17,4.331703e-19
3.059569e+01,1.491760e-17,4.392701e-17,4.392701e-19
3.059854e+01,1.480639e-17,4.466254e-17,4.466254e-19
3.060138e+01,1.504546e-17,4.620627e-17,4.620627e-19
3.060422e+01,1.501868e-17,4.774101e-17,4.774101e-19
3.060707e+01,1.501806e-17,4.920578e-17,4.920578e-19
3.060991e+01,1.505681e-17,5.071014e-17,5.071014e-19
3.061275e+01,1.514516e-17,5.131433e-17,5.131433e-19
3.061560e+01,1.489115e-17,5.176586e-17,5.176586e-19
3.061844e+01,1.541086e-17,5.290550e-17,5.290550e-19
3.062128e+01,1.535085e-17,5.353207e-17,5.353207e-19
3.062413e+01,1.510179e-17,5.357906e-17,5.357906e-19
3.062697e+01,1.516608e-17,5.352088e-17,5.352088e-19
3.062982e+01,1.533116e-17,5.334340e-17,5.334340e-19
3.063266e+01,1.513494e-17,5.365545e-17,5.365545e-19
3.063550e+01,1.507311e-17,5.417598e-17,5.417598e-19
3.063835e+01,1.531430e-17,5.436567e-17,5.436567e-19
3.064119e+01,1.529916e-17,5.392893e-17,5.392893e-19
3.064403e+01,1.494297e-17,5.284101e-17,5.284101e-19
3.064688e+01,1.517477e-17,5.197265e-17,5.197265e-19
3.064972e+01,1.506361e-17,5.139806e-17,5.139806e-19
3.065256e+01,1.521012e-17,5.056053e-17,5.056053e-19
3.065541e+01,1.493535e-17,4.970758e-17,4.970758e-19
3.065825e+01,1.513963e-17,4.901078e-17,4.901078e-19
3.066109e+01,1.479268e-17,4.822603e-17,4.822603e-19
3.066394e+01,1.487111e-17,4.755539e-17,4.755539e-19
3.066678e+01,1.495168e-17,4.721210e-17,4.721210e-19
3.066962e+01,1.495532e-17,4.713582e-17,4.713582e-19
3.067247e+01,1.504641e-17,4.714248e-17,4.714248e-19
3.067531e+01,1.465826e-17,4.656600e-17,4.656600e-19
3.067815e+01,1.468058e-17,4.574552e-17,4.574552e-19
3.068100e+01,1.453991e-17,4.484828e-17,4.484828e-19
3.068384e+01,1.461685e-17,4.449648e-17,4.449648e-19
3.068668e+01,1.460725e-17,4.400681e-17,4.400681e-19
3.068953e+01,1.486453e-17,4.317486e-17,4.317486e-19
3.069237e+01,1.470775e-17,4.268516e-17,4.268516e-19
3.069521e+01,1.486954e-17,4.231783e-17,4.231783e-19
3.069806e+01,1.503959e-17,4.167895e-17,4.167895e-19
3.070090e+01,1.489374e-17,4.099971e-17,4.099971e-19
3.070375e+01,1.469498e-17,4.053747e-17,4.053747e-19
3.070659e+01,1.439384e-17,3.984662e-17,3.984662e-19
3.070943e+01,1.470977e-17,3.962772e-17,3.962772e-19
3.071228e+01,1.474538e-17,3.922933e-17,3.922933e-19
3.071512e+01,1.470817e-17,3.860197e-17,3.860197e-19
3.071796e+01,1.454988e-17,3.835926e-17,3.835926e-19
3.072081e+01,1.460628e-17,3.855060e-17,3.855060e-19
3.072365e+01,1.460256e-17,3.838700e-17,3.838700e-19
3.072649e+01,1.476257e-17,3.857329e-17,3.857329e-19
3.072934e+01,1.502626e-17,3.912366e-17,3.912366e-19
3.073218e+01,1.471978e-17,3.952853e-17,3.952853e-19
3.073502e+01,1.457476e-17,3.923917e-17,3.923917e-19
3.073787e+01,1.447711e-17,3.923663e-17,3.923663e-19
3.074071e+01,1.476045e-17,4.014445e-17,4.014445e-19
3.074355e+01,1.446703e-17,4.048712e-17,4.048712e-19
3.074640e+01,1.480759e-17,4.065406e-17,4.065406e-19
3.074924e+01,1.469502e-17,4.116582e-17,4.116582e-19
3.075208e+01,1.454008e-17,4.152298e-17,4.152298e-19
3.075493e+01,1.454947e-17,4.158665e-17,4.158665e-19
3.075777e+01,1.489665e-17,4.257645e-17,4.257645e-19
3.076061e+01,1.450309e-17,4.272877e-17,4.272877e-19
3.076346e+01,1.465608e-17,4.202232e-17,4.202232e-19
3.076630e+01,1.441752e-17,4.103923e-17,4.103923e-19
3.076914e+01,1.439318e-17,4.033572e-17,4.033572e-19
3.077199e+01,1.462722e-17,4.056616e-17,4.056616e-19
3.077483e+01,1.452996e-17,4.155885e-17,4.155885e-19
3.077768e+01,1.490642e-17,4.255829e-17,4.255829e-19
3.078052e+01,1.459244e-17,4.140461e-17,4.140461e-19
3.078336e+01,1.431335e-17,4.054971e-17,4.054971e-19
3.078621e+01,1.458067e-17,4.121064e-17,4.121064e-19
3.078905e+01,1.473012e-17,4.218473e-17,4.218473e-19
3.079189e+01,1.462271e-17,4.185760e-17,4.185760e-19
3.079474e+01,1.451875e-17,4.137064e-17,4.137064e-19
3.079758e+01,1.466048e-17,4.142678e-17,4.142678e-19
3.080042e+01,1.468489e-17,4.105657e-17,4.105657e-19
3.080327e+01,1.463491e-17,4.074905e-17,4.074905e-19
3.080611e+01,1.455423e-17,4.058637e-17,4.058637e-19
3.080895e+01,1.465681e-17,4.044356e-17,4.044356e-19
3.081180e+01,1.459485e-17,4.057182e-17,4.057182e-19
3.081464e+01,1.460674e-17,4.049381e-17,4.049381e-19
3.081748e+01,1.463366e-17,3.987921e-17,3.987921e-19
3.082033e+01,1.446238e-17,3.996943e-17,3.996943e-19
3.082317e+01,1.463463e-17,4.104827e-17,4.104827e-19
3.082601e+01,1.446843e-17,4.149287e-17,4.149287e-19
3.082886e+01,1.477905e-17,4.171004e-17,4.171004e-19
3.083170e+01,1.461821e-17,4.259857e-17,4.259857e-19
3.083454e+01,1.469193e-17,4.395120e-17,4.395120e-19
3.083739e+01,1.441405e-17,4.375955e-17,4.375955e-19
3.084023e+01,1.462181e-17,4.384417e-17,4.384417e-19
3.084308e+01,1.453001e-17,4.494194e-17,4.494194e-19
3.084592e+01,1.435164e-17,4.641421e-17,4.641421e-19
3.084876e+01,1.463078e-17,4.798899e-17,4.798899e-19
3.085161e+01,1.459228e-17,4.979505e-17,4.979505e-19
3.085445e+01,1.434409e-17,5.142623e-17,5.142623e-19
3.085729e+01,1.436746e-17,5.317858e-17,5.317858e-19
3.086014e+01,1.468059e-17,5.511718e-17,5.511718e-19
3.086298e+01,1.472295e-17,5.642294e-17,5.642294e-19
3.086582e+01,1.453684e-17,5.613817e-17,5.613817e-19
3.086867e+01,1.466281e-17,5.585446e-17,5.585446e-19
3.087151e+01,1.476403e-17,5.673616e-17,5.673616e-19
3.087435e+01,1.468357e-17,5.842142e-17,5.842142e-19
3.087720e+01,1.473786e-17,6.022147e-17,6.022147e-19
3.088004e+01,1.479452e-17,6.110812e-17,6.110812e-19
3.088288e+01,1.465779e-17,6.069278e-17,6.069278e-19
3.088573e+01,1.462706e-17,6.050493e-17,6.050493e-19
3.088857e+01,1.487338e-17,6.118220e-17,6.118220e-19
3.089141e+01,1.466071e-17,6.110110e-17,6.110110e-19
3.089426e+01,1.466619e-17,5.941083e-17,5.941083e-19
3.089710e+01,1.445099e-17,5.833189e-17,5.833189e-19
3.089994e+01,1.480765e-17,5.896084e-17,5.896084e-19
3.090279e+01,1.466424e-17,5.948557e-17,5.948557e-19
3.090563e+01,1.485009e-17,5.860651e-17,5.860651e-19
3.090847e+01,1.476218e-17,5.731930e-17,5.731930e-19
3.091132e+01,1.462550e-17,5.609055e-17,5.609055e-19
3.091416e+01,1.469160e-17,5.590237e-17,5.590237e-19
3.091701e+01,1.476387e-17,5.606029e-17,5.606029e-19
3.091985e+01,1.479154e-17,5.391559e-17,5.391559e-19
3.092269e+01,1.487909e-17,5.050800e-17,5.050800e-19
3.092554e+01,1.459073e-17,4.941779e-17,4.941779e-19
3.092838e+01,1.454633e-17,4.957979e-17,4.957979e-19
3.093122e+01,1.483207e-17,4.845461e-17,4.845461e-19
3.093407e+01,1.457150e-17,4.654648e-17,4.654648e-19
3.093691e+01,1.455376e-17,4.526443e-17,4.526443e-19
3.093975e+01,1.483045e-17,4.375799e-17,4.375799e-19
3.094260e+01,1.465380e-17,4.167096e-17,4.167096e-19
3.094544e+01,1.454525e-17,4.044560e-17,4.044560e-19
3.094828e+01,1.467542e-17,3.968786e-17,3.968786e-19
3.095113e+01,1.477034e-17,3.887285e-17,3.887285e-19
3.095397e+01,1.446490e-17,3.827836e-17,3.827836e-19
3.095681e+01,1.460463e-17,3.735964e-17,3.735964e-19
3.095966e+01,1.455978e-17,3.545093e-17,3.545093e-19
3.096250e+01,1.456287e-17,3.415341e-17,3.415341e-19
3.096534e+01,1.461803e-17,3.379158e-17,3.379158e-19
3.096819e+01,1.447771e-17,3.287224e-17,3.287224e-19
3.097103e+01,1.411383e-17,3.185070e-17,3.185070e-19
3.097387e+01,1.423321e-17,3.146349e-17,3.146349e-19
3.097672e+01,1.429602e-17,3.119973e-17,3.119973e-19
3.097956e+01,1.405889e-17,3.063452e-17,3.063452e-19
3.098240e+01,1.436970e-17,3.072283e-17,3.072283e-19
3.098525e+01,1.422588e-17,3.041485e-17,3.041485e-19
3.098809e+01,1.407741e-17,2.952326e-17,2.952326e-19
3.099094e+01,1.394031e-17,2.891390e-17,2.891390e-19
3.099378e+01,1.432920e-17,2.885225e-17,2.885225e-19
3.099662e+01,1.394511e-17,2.845451e-17,2.845451e-19
3.099947e+01,1.414700e-17,2.815723e-17,2.815723e-19
3.100231e+01,1.396218e-17,2.802779e-17,2.802779e-19
3.100515e+01,1.390750e-17,2.830827e-17,2.830827e-19
3.100800e+01,1.409260e-17,2.884593e-17,2.884593e-19
3.101084e+01,1.405789e-17,2.872435e-17,2.872435e-19
3.101368e+01,1.387922e-17,2.864669e-17,2.864669e-19
3.101653e+01,1.410601e-17,2.923680e-17,2.923680e-19
3.101937e+01,1.417279e-17,2.985200e-17,2.985200e-19
3.102221e+01,1.384243e-17,3.043248e-17,3.043248e-19
3.102506e+01,1.439463e-17,3.093789e-17,3.093789e-19
3.102790e+01,1.448948e-17,3.156805e-17,3.156805e-19
3.103074e+01,1.412973e-17,3.207714e-17,3.207714e-19
3.103359e+01,1.417874e-17,3.227114e-17,3.227114e-19
3.103643e+01,1.424350e-17,3.325263e-17,3.325263e-19
3.103927e+01,1.444050e-17,3.524029e-17,3.524029e-19
3.104212e+01,1.417362e-17,3.590424e-17,3.590424e-19
3.104496e+01,1.441994e-17,3.604551e-17,3.604551e-19
3.104780e+01,1.438780e-17,3.638711e-17,3.638711e-19
3.105065e+01,1.454883e-17,3.797012e-17,3.797012e-19
3.105349e+01,1.476612e-17,4.025097e-17,4.025097e-19
3.105634e+01,1.457104e-17,4.184281e-17,4.184281e-19
3.105918e+01,1.453787e-17,4.253001e-17,4.253001e-19
3.106202e+01,1.473634e-17,4.268303e-17,4.268303e-19
3.106487e+01,1.469285e-17,4.320640e-17,4.320640e-19
3.106771e+01,1.476177e-17,4.403466e-17,4.403466e-19
3.107055e+01,1.476756e-17,4.500289e-17,4.500289e-19
3.107340e+01,1.483050e-17,4.577473e-17,4.577473e-19
3.107624e+01,1.455025e-17,4.625918e-17,4.625918e-19
3.107908e+01,1.469026e-17,4.681703e-17,4.681703e-19
3.108193e+01,1.434436e-17,4.719816e-17,4.719816e-19
3.108477e+01,1.471226e-17,4.687183e-17,4.687183e-19
3.108761e+01,1.463881e-17,4.578912e-17,4.578912e-19
3.109046e+01,1.470543e-17,4.485169e-17,4.485169e-19
3.109330e+01,1.472163e-17,4.470034e-17,4.470034e-19
3.109614e+01,1.468370e-17,4.521221e-17,4.521221e-19
3.109899e+01,1.468402e-17,4.537058e-17,4.537058e-19
3.110183e+01,1.456132e-17,4.489295e-17,4.489295e-19
3.110467e+01,1.456196e-17,4.417345e-17,4.417345e-19
3.110752e+01,1.454217e-17,4.415762e-17,4.415762e-19
3.111036e+01,1.455206e-17,4.456861e-17,4.456861e-19
3.111320e+01,1.450029e-17,4.415984e-17,4.415984e-19
3.111605e+01,1.438171e-17,4.273528e-17,4.273528e-19
3.111889e+01,1.446085e-17,4.188126e-17,4.188126e-19
3.112173e+01,1.451479e-17,4.116533e-17,4.116533e-19
3.112458e+01,1.459213e-17,4.052912e-17,4.052912e-19
3.112742e+01,1.467988e-17,4.014779e-17,4.014779e-19
3.113027e+01,1.462770e-17,3.918250e-17,3.918250e-19
3.113311e+01,1.452755e-17,3.834452e-17,3.834452e-19
3.113595e+01,1.459343e-17,3.868812e-17,3.868812e-19
3.113880e+01,1.434380e-17,3.901068e-17,3.901068e-19
3.114164e+01,1.452391e-17,3.902703e-17,3.902703e-19
3.114448e+01,1.423493e-17,3.896361e-17,3.896361e-19
3.114733e+01,1.443741e-17,3.911838e-17,3.911838e-19
3.115017e+01,1.453510e-17,3.890638e-17,3.890638e-19
3.115301e+01,1.423011e-17,3.820027e-17,3.820027e-19
3.115586e+01,1.449154e-17,3.793704e-17,3.793704e-19
3.115870e+01,1.432606e-17,3.771510e-17,3.771510e-19
3.116154e+01,1.450234e-17,3.728424e-17,3.728424e-19
3.116439e+01,1.434325e-17,3.725199e-17,3.725199e-19
3.116723e+01,1.437933e-17,3.690725e-17,3.690725e-19
3.117007e+01,1.437781e-17,3.639667e-17,3.639667e-19
3.117292e+01,1.425802e-17,3.586824e-17,3.586824e-19
3.117576e+01,1.433452e-17,3.525700e-17,3.525700e-19
3.117860e+01,1.452718e-17,3.484989e-17,3.484989e-19
3.118145e+01,1.418816e-17,3.475594e-17,3.475594e-19
3.118429e+01,1.439573e-17,3.459995e-17,3.459995e-19
3.118713e+01,1.455502e-17,3.401930e-17,3.401930e-19
3.118998e+01,1.444098e-17,3.366607e-17,3.366607e-19
3.119282e+01,1.414310e-17,3.441542e-17,3.441542e-19
3.119566e+01,1.443156e-17,3.472362e-17,3.472362e-19
3.119851e+01,1.435390e-17,3.425929e-17,3.425929e-19
3.120135e+01,1.437712e-17,3.379561e-17,3.379561e-19
3.120420e+01,1.426266e-17,3.377719e-17,3.377719e-19
3.120704e+01,1.430497e-17,3.354556e-17,3.354556e-19
3.120988e+01,1.452501e-17,3.319731e-17,3.319731e-19
3.121273e+01,1.411690e-17,3.325109e-17,3.325109e-19
3.121557e+01,1.440085e-17,3.423226e-17,3.423226e-19
3.121841e+01,1.448129e-17,3.534813e-17,3.534813e-19
3.122126e+01,1.453409e-17,3.617142e-17,3.617142e-19
3.122410e+01,1.441870e-17,3.585753e-17,3.585753e-19
3.122694e+01,1.431829e-17,3.610940e-17,3.610940e-19
3.122979e+01,1.423595e-17,3.700213e-17,3.700213e-19
3.123263e+01,1.424459e-17,3.776508e-17,3.776508e-19
3.123547e+01,1.447305e-17,3.890744e-17,3.890744e-19
3.123832e+01,1.449354e-17,3.995473e-17,3.995473e-19
3.124116e+01,1.455017e-17,4.036148e-17,4.036148e-19
3.124400e+01,1.447435e-17,4.044497e-17,4.044497e-19
3.124685e+01,1.463349e-17,4.104706e-17,4.104706e-19
3.124969e+01,1.460909e-17,4.199753e-17,4.199753e-19
3.125253e+01,1.443532e-17,4.268056e-17,4.268056e-19
3.125538e+01,1.453169e-17,4.344587e-17,4.344587e-19
3.125822e+01,1.448451e-17,4.443651e-17,4.443651e-19
3.126106e+01,1.447048e-17,4.503769e-17,4.503769e-19
3.126391e+01,1.492830e-17,4.647110e-17,4.647110e-19
3.126675e+01,1.454021e-17,4.762696e-17,4.762696e-19
3.126959e+01,1.465207e-17,4.833373e-17,4.833373e-19
3.127244e+01,1.480426e-17,4.926057e-17,4.926057e-19
3.127528e+01,1.479511e-17,5.060137e-17,5.060137e-19
3.127813e+01,1.460995e-17,5.063839e-17,5.063839e-19
3.128097e+01,1.472568e-17,5.017592e-17,5.017592e-19
3.128381e+01,1.454492e-17,5.122530e-17,5.122530e-19
3.128666e+01,1.466710e-17,5.320620e-17,5.320620e-19
3.128950e+01,1.493405e-17,5.433925e-17,5.433925e-19
3.129234e+01,1.453221e-17,5.398695e-17,5.398695e-19
3.129519e+01,1.460191e-17,5.397199e-17,5.397199e-19
3.129803e+01,1.467085e-17,5.503252e-17,5.503252e-19
3.130087e+01,1.446460e-17,5.543774e-17,5.543774e-19
3.130372e+01,1.479976e-17,5.482250e-17,5.482250e-19
3.130656e+01,1.451480e-17,5.396298e-17,5.396298e-19
3.130940e+01,1.440996e-17,5.386836e-17,5.386836e-19
3.131225e+01,1.462771e-17,5.414062e-17,5.414062e-19
3.131509e+01,1.463654e-17,5.403017e-17,5.403017e-19
3.131793e+01,1.465062e-17,5.357686e-17,5.357686e-19
3.132078e+01,1.479594e-17,5.314287e-17,5.314287e-19
3.132362e+01,1.440686e-17,5.238837e-17,5.238837e-19
3.132646e+01,1.455193e-17,5.161134e-17,5.161134e-19
3.132931e+01,1.452794e-17,5.046307e-17,5.046307e-19
3.133215e+01,1.439804e-17,4.861987e-17,4.861987e-19
3.133499e+01,1.442104e-17,4.722646e-17,4.722646e-19
3.133784e+01,1.456678e-17,4.715046e-17,4.715046e-19
3.134068e+01,1.453700e-17,4.724945e-17,4.724945e-19
3.134353e+01,1.437971e-17,4.568038e-17,4.568038e-19
3.134637e+01,1.468753e-17,4.403579e-17,4.403579e-19
3.134921e+01,1.466383e-17,4.377709e-17,4.377709e-19
3.135206e+01,1.444616e-17,4.349975e-17,4.349975e-19
3.135490e+01,1.419984e-17,4.192946e-17,4.192946e-19
3.135774e+01,1.433279e-17,4.022352e-17,4.022352e-19
3.136059e+01,1.459921e-17,3.939174e-17,3.939174e-19
3.136343e+01,1.465753e-17,3.893871e-17,3.893871e-19
3.136627e+01,1.446774e-17,3.884361e-17,3.884361e-19
3.136912e+01,1.459974e-17,3.945247e-17,3.945247e-19
3.137196e+01,1.463752e-17,4.050857e-17,4.050857e-19
3.137480e+01,1.505508e-17,4.183109e-17,4.183109e-19
3.137765e+01,1.485495e-17,4.265322e-17,4.265322e-19
3.138049e+01,1.494065e-17,4.316399e-17,4.316399e-19
3.138333e+01,1.467884e-17,4.404315e-17,4.404315e-19
3.138618e+01,1.447570e-17,4.539760e-17,4.539760e-19
3.138902e+01,1.502431e-17,4.763595e-17,4.763595e-19
3.139186e+01,1.514230e-17,4.970302e-17,4.970302e-19
3.139471e+01,1.490012e-17,5.133629e-17,5.133629e-19
3.139755e+01,1.500175e-17,5.224479e-17,5.224479e-19
3.140039e+01,1.505374e-17,5.263889e-17,5.263889e-19
3.140324e+01,1.488774e-17,5.347851e-17,5.347851e-19
3.140608e+01,1.491857e-17,5.504677e-17,5.504677e-19
3.140892e+01,1.495591e-17,5.597786e-17,5.597786e-19
3.141177e+01,1.505300e-17,5.579198e-17,5.579198e-19
3.141461e+01,1.503179e-17,5.716024e-17,5.716024e-19
