N_HI,b_param_km_s
2.536204e+13,7.283442e+01
1.795385e+14,7.182884e+01
1.598605e+20,8.000000e+01
2.840144e+13,7.710798e+01
6.413324e+13,5.170955e+01
1.069002e+13,7.899782e+01
3.184890e+13,2.576469e+01
1.421435e+13,7.898302e+01
1.034333e+13,7.899183e+01
3.296388e+14,8.000000e+01
3.296388e+14,8.000000e+01
8.352696e+13,7.886900e+01
1.995150e+14,8.000000e+01
1.995150e+14,8.000000e+01
6.098232e+16,8.000000e+01
6.098232e+16,8.000000e+01
1.620887e+14,5.447220e+01
8.015845e+13,5.080869e+01
1.215934e+13,7.896866e+01
3.547109e+13,1.900000e+01
8.645679e+13,6.276015e+01
4.047530e+13,7.899163e+01
2.052232e+14,5.285065e+01
3.487446e+13,3.813655e+01
4.475533e+14,7.927597e+01
2.482331e+13,7.896869e+01
1.089833e+14,6.468199e+01
4.147798e+13,3.561413e+01
8.494520e+13,4.840639e+01
3.299849e+14,6.444176e+01
5.486135e+13,4.834633e+01
1.046124e+13,7.898257e+01
8.317346e+13,4.426242e+01
4.698102e+13,4.186012e+01
2.672941e+13,7.891579e+01
9.446725e+12,7.899487e+01
2.194887e+13,7.898498e+01
2.959979e+13,4.999811e+00
2.358354e+13,2.516412e+01
2.310808e+13,4.999921e+00
1.671598e+15,8.000000e+01
1.671598e+15,8.000000e+01
4.495578e+13,5.000018e+00
4.495578e+13,7.897001e+01
4.452704e+13,3.477332e+01
6.691562e+13,6.510239e+01
4.351469e+13,3.147016e+01
1.558786e+13,7.899615e+01
4.687012e+13,4.510322e+01
4.428708e+13,4.999914e+00
5.710959e+13,3.387246e+01
1.920235e+13,7.899439e+01
1.812405e+14,6.191934e+01
1.451283e+13,7.899296e+01
5.315873e+18,8.000000e+01
5.315873e+18,8.000000e+01
4.318691e+14,8.000000e+01
1.143846e+14,4.384202e+01
2.233557e+13,7.894363e+01
2.661006e+13,7.897342e+01
7.532021e+13,8.000000e+01
1.684708e+13,7.899036e+01
9.317414e+12,7.889685e+01
1.415552e+13,7.899871e+01
8.833806e+12,7.898782e+01
7.239815e+14,8.000000e+01
2.482088e+13,7.665510e+01
1.598054e+13,7.898751e+01
2.559505e+13,7.898114e+01
1.526876e+14,6.678400e+01
2.804160e+13,7.889211e+01
1.819998e+13,7.899533e+01
7.149354e+15,8.000000e+01
4.079340e+13,3.459315e+01
1.298250e+14,8.000000e+01
1.298250e+14,8.000000e+01
1.298250e+14,8.000000e+01
3.240837e+14,8.000000e+01
1.979669e+14,5.963715e+01
6.038465e+13,4.312132e+01
9.263320e+13,7.911511e+01
9.263320e+13,8.000000e+01
1.389507e+13,7.896163e+01
3.948860e+13,3.249114e+01
2.614217e+13,2.654544e+01
6.028319e+13,3.957793e+01
3.091409e+13,2.972849e+01
8.592617e+13,7.032740e+01
8.592617e+13,7.032740e+01
1.341376e+13,7.898932e+01
6.360118e+13,4.480294e+01
2.942840e+14,7.086791e+01
2.532547e+13,7.887641e+01
2.472994e+13,2.612504e+01
1.421533e+13,7.899486e+01
2.618335e+13,2.624515e+01
7.768950e+13,4.999991e+00
7.768950e+13,5.000053e+00
1.038864e+14,7.272970e+01
2.739456e+13,7.898737e+01
1.165553e+13,7.899478e+01
4.037480e+13,3.399258e+01
2.602220e+13,2.516412e+01
1.090431e+13,7.898784e+01
9.787375e+13,7.429120e+01
2.352875e+13,7.898674e+01
3.428176e+13,3.020895e+01
3.856359e+13,3.429286e+01
4.884014e+13,3.086958e+01
8.222683e+13,7.899298e+01
5.269164e+14,6.660383e+01
5.087173e+13,3.621471e+01
2.004878e+14,8.000000e+01
8.233794e+13,4.414230e+01
3.624250e+13,7.883585e+01
4.291598e+13,4.330150e+01
3.139349e+13,2.810694e+01
4.869698e+13,5.477249e+01
2.145563e+13,7.899442e+01
3.082666e+18,8.000000e+01
6.968470e+13,3.861701e+01
9.960961e+13,8.000000e+01
2.936632e+13,2.899582e+01
1.836911e+14,8.000000e+01
3.799336e+17,8.000000e+01
3.799336e+17,8.000000e+01
2.534343e+14,8.000000e+01
2.534343e+14,8.000000e+01
2.190658e+13,7.895567e+01
8.712840e+13,7.892319e+01
8.615907e+13,4.342161e+01
7.387010e+13,4.222046e+01
2.304340e+13,3.298358e+01
1.624564e+13,7.898978e+01
7.534005e+13,7.955358e+01
2.959988e+13,7.941982e+01
6.878237e+13,3.699545e+01
3.278734e+13,2.918797e+01
1.161838e+14,8.000000e+01
7.129727e+13,4.456271e+01
1.184947e+13,7.899851e+01
3.131544e+13,2.816699e+01
2.761303e+14,7.999666e+01
1.433650e+14,8.000000e+01
1.433650e+14,8.000000e+01
1.701177e+13,7.899536e+01
4.983486e+13,3.741586e+01
3.791002e+13,7.857900e+01
1.597729e+13,7.897356e+01
2.260156e+13,7.898911e+01
1.034852e+14,6.696417e+01
1.928755e+13,7.899319e+01
1.825905e+14,7.080786e+01
4.033636e+13,4.420236e+01
6.981911e+13,7.899178e+01
6.981911e+13,7.899360e+01
1.259153e+16,8.000000e+01
1.209798e+14,8.000000e+01
1.209798e+14,8.000000e+01
1.930157e+13,7.898768e+01
1.318036e+14,4.954748e+01
1.350453e+14,5.537307e+01
1.834772e+14,5.146932e+01
2.655406e+14,6.047796e+01
1.719847e+13,7.899464e+01
1.540970e+13,7.899562e+01
1.792448e+13,4.999282e+00
2.819085e+13,2.695579e+01
3.944185e+13,4.999998e+00
1.017799e+14,6.077825e+01
1.791579e+13,7.899684e+01
2.642915e+13,7.893126e+01
4.040854e+13,2.966843e+01
4.091253e+13,3.074947e+01
4.649419e+13,3.669517e+01
1.657264e+13,7.899663e+01
5.968688e+13,6.984694e+01
5.968688e+13,4.999845e+00
5.527479e+13,4.306127e+01
8.070174e+13,5.062852e+01
8.282663e+14,8.000000e+01
9.939642e+12,7.899005e+01
1.542515e+13,7.898484e+01
6.301180e+13,8.000000e+01
1.037602e+17,8.000000e+01
1.037602e+17,8.000000e+01
1.037602e+17,8.000000e+01
1.037602e+17,8.000000e+01
3.768176e+13,2.984860e+01
2.356150e+14,7.170872e+01
5.331521e+13,2.293933e+01
4.230471e+13,3.195062e+01
4.618617e+13,3.189056e+01
4.889365e+13,3.903741e+01
2.070596e+14,8.000000e+01
2.418029e+13,2.690578e+01
9.102703e+13,4.228052e+01
2.169742e+13,7.898602e+01
5.124426e+13,4.480294e+01
2.132984e+13,7.895672e+01
3.191920e+13,4.564374e+01
2.232222e+13,2.298489e+01
3.220362e+15,7.417108e+01
1.531094e+13,7.899539e+01
1.764756e+14,2.300000e+01
1.153816e+14,8.000000e+01
1.153816e+14,7.899545e+01
1.153816e+14,5.000002e+00
1.240025e+14,5.309088e+01
1.144586e+13,7.886095e+01
3.782559e+13,3.777620e+01
2.274605e+13,7.899599e+01
3.313455e+13,2.954832e+01
1.163828e+13,7.899612e+01
2.160287e+13,4.705222e+01
3.542012e+13,3.549402e+01
2.268544e+13,2.444342e+01
4.240454e+13,7.899907e+01
4.240454e+13,7.899947e+01
1.996142e+14,5.044835e+01
8.840921e+13,6.666389e+01
3.901684e+13,7.899172e+01
1.859317e+13,7.899776e+01
2.835656e+13,6.942193e+01
2.428981e+14,5.591358e+01
2.701144e+13,2.504400e+01
1.797715e+13,7.898001e+01
2.376495e+13,7.895465e+01
4.754981e+13,3.369229e+01
1.742504e+13,7.013758e+01
3.076040e+13,5.500000e+01
1.865434e+13,1.700000e+01
1.187779e+14,6.185928e+01
4.873863e+13,3.717563e+01
3.263319e+14,8.000000e+01
3.263319e+14,8.000000e+01
3.263319e+14,8.000000e+01
9.708672e+13,4.330150e+01
5.575735e+13,6.107853e+01
1.891178e+13,7.896396e+01
1.122618e+13,7.897487e+01
7.100778e+13,8.000000e+01
8.731936e+13,8.000000e+01
2.523622e+13,2.654544e+01
2.427718e+13,7.892331e+01
6.674556e+13,4.023856e+01
4.026026e+13,2.870751e+01
1.482377e+13,7.899379e+01
4.739858e+13,5.321099e+01
1.894859e+13,7.899818e+01
1.090884e+13,7.899857e+01
5.356379e+13,7.894462e+01
5.356379e+13,4.999966e+00
1.437096e+14,8.000000e+01
1.437096e+14,8.000000e+01
2.991785e+13,3.363223e+01
7.923115e+13,4.228052e+01
1.505569e+13,5.000000e+00
8.140346e+13,3.639488e+01
1.939404e+13,1.903219e+01
2.192445e+13,7.891203e+01
1.286009e+13,7.899148e+01
2.091962e+13,7.898225e+01
5.063960e+13,4.234058e+01
4.436822e+13,7.899567e+01
3.297178e+13,2.924803e+01
7.452949e+13,3.837678e+01
8.745757e+13,3.981816e+01
5.858597e+13,7.898965e+01
1.101564e+14,5.699462e+01
5.819308e+13,4.546357e+01
1.501601e+13,4.999836e+00
6.818288e+14,8.000000e+01
6.818288e+14,8.000000e+01
6.818288e+14,8.000000e+01
1.609379e+13,7.899202e+01
9.965351e+14,8.000000e+01
1.205380e+14,4.900696e+01
3.802729e+13,3.987822e+01
1.152723e+14,5.789548e+01
5.546533e+13,6.143888e+01
9.681593e+13,8.000000e+01
9.681593e+13,8.000000e+01
1.519760e+14,5.225007e+01
3.270675e+13,4.005839e+01
2.682298e+13,2.204112e+01
4.036862e+13,3.987822e+01
4.097212e+13,3.657505e+01
3.648333e+13,3.375235e+01
5.784744e+13,4.155983e+01
1.241563e+13,7.899771e+01
4.104213e+13,3.195062e+01
6.082865e+13,5.110898e+01
1.214242e+14,8.000000e+01
1.214242e+14,7.899732e+01
5.231683e+15,8.000000e+01
1.395071e+14,6.828544e+01
3.639344e+14,8.000000e+01
1.804099e+13,7.899040e+01
1.448331e+13,7.899762e+01
1.532188e+14,4.600409e+01
1.322802e+13,7.899236e+01
4.532142e+13,4.684489e+01
4.091090e+13,3.183050e+01
1.734581e+13,7.898636e+01
2.275999e+13,7.898837e+01
2.434877e+13,7.897858e+01
9.738677e+13,8.000000e+01
1.002116e+14,7.296993e+01
1.126460e+13,7.898661e+01
1.322805e+13,7.899084e+01
1.560003e+13,7.899631e+01
6.417103e+13,4.426242e+01
1.947533e+14,5.483255e+01
1.989582e+13,7.898677e+01
1.507452e+15,7.230930e+01
1.445689e+13,7.899339e+01
1.487186e+14,8.000000e+01
1.487186e+14,8.000000e+01
1.351018e+13,1.900000e+01
2.815313e+13,7.899388e+01
3.997795e+13,7.899661e+01
4.709217e+13,7.899537e+01
3.502842e+13,3.513367e+01
1.545065e+13,7.899169e+01
5.871378e+13,5.555324e+01
2.314550e+14,5.957709e+01
1.112724e+13,7.899843e+01
2.874469e+13,7.894843e+01
1.751829e+14,8.000000e+01
1.038582e+14,8.000000e+01
1.038582e+14,8.000000e+01
3.287397e+13,7.899245e+01
3.287397e+13,7.899852e+01
5.850235e+13,7.899575e+01
5.850235e+13,5.000003e+00
2.083777e+13,2.252158e+01
1.447945e+14,6.077825e+01
4.903120e+13,3.435292e+01
9.688805e+12,7.899839e+01
2.566657e+13,7.916198e+01
2.319852e+13,7.899251e+01
1.465013e+14,8.000000e+01
1.465013e+14,8.000000e+01
3.167697e+13,3.899297e+01
7.705861e+13,4.204029e+01
1.238517e+14,5.945698e+01
1.732673e+13,7.909731e+01
3.622727e+13,3.717563e+01
1.237546e+13,7.897055e+01
2.926408e+13,2.684573e+01
2.148289e+14,8.000000e+01
4.110657e+13,3.687534e+01
1.795458e+13,7.896417e+01
3.889673e+13,4.999657e+00
6.300550e+13,3.507361e+01
1.608441e+13,7.899373e+01
7.477745e+13,5.837594e+01
9.312642e+13,5.411186e+01
8.120913e+13,6.750469e+01
1.663479e+13,7.895753e+01
1.304976e+13,7.899257e+01
1.980811e+13,7.899737e+01
3.304338e+14,8.000000e+01
3.304338e+14,8.000000e+01
9.720771e+12,7.899257e+01
1.133297e+13,7.899425e+01
1.641421e+13,7.899486e+01
3.070663e+13,3.309171e+01
4.535221e+13,6.155899e+01
2.244921e+13,7.899143e+01
2.188349e+14,8.000000e+01
2.188349e+14,8.000000e+01
5.146398e+13,3.837678e+01
1.945580e+13,7.899383e+01
9.577308e+13,5.723485e+01
9.577308e+13,5.723485e+01
1.762269e+13,2.041957e+01
4.734307e+13,3.369229e+01
4.189301e+13,3.789632e+01
3.511558e+13,7.899142e+01
8.752930e+14,8.000000e+01
3.917215e+13,3.273137e+01
8.462217e+13,8.000000e+01
1.388561e+14,6.816532e+01
5.231919e+12,1.499818e+01
3.089484e+15,7.104809e+01
2.639931e+13,5.899257e+01
1.779608e+13,7.899593e+01
5.496511e+13,6.342078e+01
5.496511e+13,5.000030e+00
7.073323e+13,4.714518e+01
8.862452e+13,7.068774e+01
7.506303e+13,6.714435e+01
5.321397e+13,4.990783e+01
1.100587e+14,4.852650e+01
2.119105e+13,7.899395e+01
1.213193e+14,4.876673e+01
3.856296e+13,3.435292e+01
1.022249e+13,7.899802e+01
5.227078e+13,5.225007e+01
2.421114e+14,5.483255e+01
2.361155e+13,2.522417e+01
8.041269e+13,4.228052e+01
3.257553e+13,3.639488e+01
1.020718e+13,7.898357e+01
1.066407e+13,7.898236e+01
2.359262e+14,5.489261e+01
3.114459e+13,3.159027e+01
4.691681e+13,4.480294e+01
1.897097e+13,7.899355e+01
2.999788e+13,3.333194e+01
5.084117e+17,8.000000e+01
4.312480e+13,3.459315e+01
5.848773e+13,3.849689e+01
4.950484e+13,3.759603e+01
1.253562e+14,4.828627e+01
5.704332e+14,8.000000e+01
5.704332e+14,8.000000e+01
5.760617e+13,4.180006e+01
9.805353e+13,6.498227e+01
9.805353e+13,6.498227e+01
3.477961e+13,7.897936e+01
2.177597e+14,7.134838e+01
1.468650e+14,8.000000e+01
1.468650e+14,8.000000e+01
2.379763e+13,2.570463e+01
3.875420e+13,2.924803e+01
2.085425e+13,7.899447e+01
2.195840e+13,7.899862e+01
5.666118e+13,3.471327e+01
4.008925e+13,3.261125e+01
3.199801e+13,7.899924e+01
3.199801e+13,7.899732e+01
2.391438e+13,7.899239e+01
1.423600e+13,7.899704e+01
1.009700e+14,4.312132e+01
1.182917e+13,7.899793e+01
1.686947e+14,8.000000e+01
1.686947e+14,8.000000e+01
1.561947e+13,7.909989e+01
2.242615e+14,8.000000e+01
6.532773e+13,4.504317e+01
1.952529e+13,7.899218e+01
5.558088e+13,4.234058e+01
8.898043e+13,4.432248e+01
2.238556e+13,7.899402e+01
1.342457e+13,7.899837e+01
1.937538e+13,7.887701e+01
1.315613e+13,7.899712e+01
8.350031e+13,5.429203e+01
5.534078e+12,1.699564e+01
4.340956e+13,4.618426e+01
1.718990e+14,8.000000e+01
1.718990e+14,8.000000e+01
2.547555e+13,7.899492e+01
1.126387e+14,4.119948e+01
6.687417e+13,5.158944e+01
1.966183e+13,7.890440e+01
3.232047e+13,2.792676e+01
1.608753e+13,7.891104e+01
3.604517e+13,3.405263e+01
4.594048e+13,4.999912e+00
4.594048e+13,7.897661e+01
6.073034e+13,6.311395e+01
1.383319e+13,7.899748e+01
3.678623e+13,2.744630e+01
1.232891e+13,4.999749e+00
1.472757e+13,7.899812e+01
2.032432e+16,8.000000e+01
5.977206e+13,5.429203e+01
1.477213e+14,8.000000e+01
1.242209e+14,6.438170e+01
1.581377e+13,7.899416e+01
1.275338e+13,7.898631e+01
1.871335e+13,4.996734e+00
8.272844e+12,7.899500e+01
1.518180e+14,7.837511e+01
8.557971e+13,5.393168e+01
7.084555e+13,3.092964e+01
2.109464e+14,6.462193e+01
2.680321e+14,8.000000e+01
5.059446e+13,3.903741e+01
2.027215e+14,6.197940e+01
1.157811e+13,7.898457e+01
1.523538e+13,7.898980e+01
3.381486e+13,3.363223e+01
5.188401e+13,3.303166e+01
5.475936e+13,3.531384e+01
5.745262e+13,4.999621e+00
5.745262e+13,4.999898e+00
9.397042e+12,7.898229e+01
2.132013e+13,7.899179e+01
2.417279e+13,7.877982e+01
6.767781e+14,8.000000e+01
6.767781e+14,8.000000e+01
1.692090e+13,7.897945e+01
2.019411e+13,7.877416e+01
4.585107e+14,8.000000e+01
4.585107e+14,8.000000e+01
1.325456e+14,5.000015e+00
1.325456e+14,8.000000e+01
3.416056e+13,3.435292e+01
3.143647e+13,7.894948e+01
2.717130e+13,7.899399e+01
3.001038e+13,3.062935e+01
1.004452e+13,7.899836e+01
1.582395e+13,7.107619e+01
2.479833e+13,4.999363e+00
1.518323e+13,7.893337e+01
1.881162e+13,7.899389e+01
4.098577e+13,3.309171e+01
3.741387e+13,3.153022e+01
6.514402e+13,6.750469e+01
6.514402e+13,6.750469e+01
7.998040e+13,6.876590e+01
7.998040e+13,6.876590e+01
9.892991e+12,7.898902e+01
1.563535e+13,7.899657e+01
1.060762e+14,5.465238e+01
1.335145e+13,7.899774e+01
5.324618e+15,8.000000e+01
1.221826e+14,4.534345e+01
4.527186e+13,7.898897e+01
1.665263e+13,7.899257e+01
3.927845e+13,2.372273e+01
9.196317e+12,7.899454e+01
2.573284e+13,2.642532e+01
5.035500e+13,5.831589e+01
1.647139e+13,7.896868e+01
2.302430e+13,2.360262e+01
3.476861e+13,7.899868e+01
8.313042e+13,7.549235e+01
1.089150e+14,8.000000e+01
1.089150e+14,8.000000e+01
1.076216e+14,7.921592e+01
1.076216e+14,7.921592e+01
2.943631e+13,5.000101e+00
5.748296e+13,7.900000e+01
2.327862e+14,8.000000e+01
1.124625e+14,8.000000e+01
1.124625e+14,8.000000e+01
7.894532e+13,7.723402e+01
7.894532e+13,7.723402e+01
2.062488e+13,7.897526e+01
1.281263e+14,7.218918e+01
1.182756e+14,8.000000e+01
2.223185e+13,4.999148e+00
4.830156e+13,3.381240e+01
4.044935e+13,3.171039e+01
1.327997e+13,7.899357e+01
5.374887e+13,5.026817e+01
2.173469e+13,7.897515e+01
4.513689e+13,7.897826e+01
2.335182e+14,8.000000e+01
5.589696e+13,3.633482e+01
1.201800e+14,8.000000e+01
2.620543e+13,7.894325e+01
5.359182e+13,4.372190e+01
5.386573e+13,5.333111e+01
4.328666e+13,2.342245e+01
6.753961e+13,5.544784e+01
5.908603e+13,3.897735e+01
2.652755e+14,8.000000e+01
2.652755e+14,8.000000e+01
3.719160e+13,2.690578e+01
3.201437e+14,8.000000e+01
3.201437e+14,8.000000e+01
1.258476e+16,8.000000e+01
1.258476e+16,8.000000e+01
1.298215e+13,7.898850e+01
9.382684e+13,8.000000e+01
8.656698e+13,7.375068e+01
7.923645e+13,4.984777e+01
2.737170e+13,3.141010e+01
1.897207e+13,7.899538e+01
6.773668e+13,6.095842e+01
1.451038e+14,8.000000e+01
7.510201e+13,4.017850e+01
6.713539e+13,3.471327e+01
1.417570e+13,7.888812e+01
4.659950e+13,3.897735e+01
1.468186e+14,7.375068e+01
1.241629e+14,5.206990e+01
2.405993e+14,8.000000e+01
9.961807e+13,4.438253e+01
1.868832e+13,7.898461e+01
1.524388e+13,7.899852e+01
8.926055e+13,5.651416e+01
2.011349e+13,7.899107e+01
2.514677e+13,2.708596e+01
2.414675e+14,7.387079e+01
1.182956e+14,8.000000e+01
3.741966e+13,7.892678e+01
2.304911e+13,7.898471e+01
3.875061e+13,7.897296e+01
9.367555e+13,8.000000e+01
9.367555e+13,8.000000e+01
3.649661e+13,3.861701e+01
1.046706e+14,2.899269e+01
5.636948e+13,7.860243e+01
9.993559e+13,8.000000e+01
3.170055e+13,2.612504e+01
6.539962e+14,7.248947e+01
7.897075e+13,3.789632e+01
1.597329e+14,8.000000e+01
1.597329e+14,8.000000e+01
5.563956e+13,5.086875e+01
3.989837e+14,8.000000e+01
3.359436e+13,7.899540e+01
5.272415e+13,7.921985e+01
9.646031e+12,7.898882e+01
2.245540e+13,7.899757e+01
1.696043e+14,4.714518e+01
1.659135e+14,5.507278e+01
5.856507e+13,4.918714e+01
2.766964e+14,7.110815e+01
2.659687e+13,3.708361e+01
1.021534e+13,7.899524e+01
8.108127e+13,4.912708e+01
1.101590e+14,8.000000e+01
1.532176e+13,7.898916e+01
7.909849e+13,4.882679e+01
4.075231e+13,7.899117e+01
1.815749e+13,7.899275e+01
1.881231e+13,7.899252e+01
1.870550e+13,7.898426e+01
7.517167e+14,6.390124e+01
2.337911e+13,7.897977e+01
3.396744e+13,2.972849e+01
1.392387e+13,7.899851e+01
1.994285e+13,7.898691e+01
3.632924e+13,3.183050e+01
9.289517e+12,7.899601e+01
2.741069e+13,2.618509e+01
1.493246e+14,5.194979e+01
2.498157e+14,8.000000e+01
1.236038e+14,7.459148e+01
2.613908e+13,7.899282e+01
2.585625e+13,7.897156e+01
1.276640e+13,7.898001e+01
2.916883e+13,2.954832e+01
9.395231e+14,8.000000e+01
1.319725e+13,7.899662e+01
2.472350e+13,6.875288e+01
1.002029e+14,5.279059e+01
1.732470e+14,5.000058e+00
1.732470e+14,4.999960e+00
1.881025e+13,7.895155e+01
2.621516e+13,2.750636e+01
8.905692e+13,7.158861e+01
1.558334e+13,7.899760e+01
1.318447e+13,4.999805e+00
1.851595e+13,4.999974e+00
9.840578e+12,7.898783e+01
3.840381e+13,4.456271e+01
1.109025e+13,7.899865e+01
1.528864e+14,8.000000e+01
7.572161e+14,8.000000e+01
3.243913e+14,8.000000e+01
3.243913e+14,8.000000e+01
7.959720e+13,7.567252e+01
7.959720e+13,7.567252e+01
1.703466e+13,7.898594e+01
6.581043e+13,5.897652e+01
6.581043e+13,5.897652e+01
1.164736e+14,5.975727e+01
3.076709e+13,3.062935e+01
2.477091e+14,8.000000e+01
2.477091e+14,8.000000e+01
2.477091e+14,8.000000e+01
9.465053e+12,7.899833e+01
2.941298e+13,7.899859e+01
1.366030e+13,7.897393e+01
4.448904e+13,4.029862e+01
5.131269e+13,3.753597e+01
4.270993e+13,7.897680e+01
1.173236e+13,7.899218e+01
1.266085e+13,7.906719e+01
9.904610e+13,4.522334e+01
2.841455e+13,7.897158e+01
1.769821e+13,7.899629e+01
5.271241e+13,5.225007e+01
2.220049e+14,5.663427e+01
1.605084e+19,8.000000e+01
1.948064e+13,7.899350e+01
1.600058e+13,7.898796e+01
1.219573e+13,7.897168e+01
3.159572e+19,8.000000e+01
3.159572e+19,8.000000e+01
1.563046e+14,6.300038e+01
2.738319e+13,7.893007e+01
6.624978e+13,4.378196e+01
1.477916e+13,7.899601e+01
4.050430e+13,4.083914e+01
9.531859e+14,8.000000e+01
9.325461e+13,4.330150e+01
3.797034e+13,7.899030e+01
1.330571e+13,7.897362e+01
1.424121e+13,4.999019e+00
1.037995e+13,1.899472e+01
1.147442e+13,5.000289e+00
3.097117e+14,8.000000e+01
3.174103e+14,8.000000e+01
3.174103e+14,8.000000e+01
2.357196e+13,7.898450e+01
2.531206e+13,7.888299e+01
1.751154e+14,8.000000e+01
9.143915e+13,4.258081e+01
1.130703e+14,5.309088e+01
1.639353e+13,7.899568e+01
1.772569e+13,7.899456e+01
4.337110e+14,5.897652e+01
5.901337e+13,4.954748e+01
5.848536e+13,3.285148e+01
6.930880e+13,3.801643e+01
4.382982e+13,3.339200e+01
8.134430e+13,5.951704e+01
6.396270e+13,4.474288e+01
6.232449e+13,4.149977e+01
1.110838e+13,7.899841e+01
4.580908e+13,3.447304e+01
1.454647e+14,8.000000e+01
1.906030e+14,6.408141e+01
2.276500e+13,7.897737e+01
1.691812e+14,2.883264e+01
1.201551e+13,7.105605e+01
3.909116e+14,8.000000e+01
3.909116e+14,8.000000e+01
9.446503e+13,5.819577e+01
1.709500e+13,7.896337e+01
4.802335e+13,7.899575e+01
6.998613e+13,4.888685e+01
9.173188e+12,7.453105e+01
3.555373e+13,3.477332e+01
3.397920e+13,2.792676e+01
8.585269e+13,3.705551e+01
3.207928e+13,4.999939e+00
1.333878e+14,5.573341e+01
5.511950e+13,5.000034e+00
5.382354e+13,3.837678e+01
2.832274e+14,8.000000e+01
2.832274e+14,8.000000e+01
1.069842e+14,6.041790e+01
3.833478e+13,3.309171e+01
1.568636e+14,8.000000e+01
1.568636e+14,8.000000e+01
1.568636e+14,8.000000e+01
4.724335e+13,3.357217e+01
4.237971e+13,7.897499e+01
1.471452e+13,7.899180e+01
2.132144e+13,3.302641e+01
1.940002e+13,7.926706e+01
4.342640e+13,7.936600e+01
1.921764e+14,5.573341e+01
1.364108e+14,7.164866e+01
1.364108e+14,7.164866e+01
4.277315e+13,6.276015e+01
1.614143e+13,7.899743e+01
8.125384e+13,5.261042e+01
2.214424e+13,7.898103e+01
1.403059e+13,7.899755e+01
2.643076e+13,7.891130e+01
5.207972e+13,5.387163e+01
5.207972e+13,7.896987e+01
6.932318e+13,5.519289e+01
6.698482e+13,8.000000e+01
1.480745e+13,7.896109e+01
7.333177e+13,3.999833e+01
5.059898e+13,4.240063e+01
2.027682e+13,7.899528e+01
1.028983e+14,7.453143e+01
2.083214e+13,7.714072e+01
2.999895e+13,2.912791e+01
3.275942e+14,8.000000e+01
1.309605e+13,7.898878e+01
2.999293e+13,4.999872e+00
2.275993e+13,4.999599e+00
7.300634e+13,6.432164e+01
2.383678e+13,7.898619e+01
8.944025e+13,5.861617e+01
1.240942e+13,4.487491e+01
2.446650e+13,7.914975e+01
4.043168e+13,3.693540e+01
2.647385e+13,7.897828e+01
9.920687e+13,5.188973e+01
2.598242e+13,7.899512e+01
9.581742e+13,6.456187e+01
1.049481e+13,7.897095e+01
2.608780e+14,6.342078e+01
8.969622e+13,4.858656e+01
1.272403e+15,6.516245e+01
2.418879e+14,8.000000e+01
5.656598e+14,8.000000e+01
5.656598e+14,8.000000e+01
5.656598e+14,8.000000e+01
2.309743e+13,7.898330e+01
1.380233e+13,7.899619e+01
9.036658e+12,7.899763e+01
6.471852e+16,8.000000e+01
6.471852e+16,8.000000e+01
2.583785e+20,8.000000e+01
2.583785e+20,8.000000e+01
2.583785e+20,8.000000e+01
2.583785e+20,8.000000e+01
2.583785e+20,8.000000e+01
2.583044e+13,7.089891e+01
2.124821e+13,7.897006e+01
2.783222e+13,2.840722e+01
7.315897e+13,3.795637e+01
1.225639e+13,7.899359e+01
3.358703e+13,3.849689e+01
5.733718e+13,4.786587e+01
7.507714e+13,7.898182e+01
5.704273e+13,4.594403e+01
1.798337e+14,4.918714e+01
2.216158e+13,7.899820e+01
9.143020e+13,6.047796e+01
3.929637e+13,2.894774e+01
7.344501e+14,8.000000e+01
2.812857e+13,7.888183e+01
2.172912e+13,7.899294e+01
8.084781e+13,6.636360e+01
1.720212e+13,7.899435e+01
3.325047e+13,3.231096e+01
8.983470e+12,7.899863e+01
4.425899e+13,3.705551e+01
3.653565e+13,5.008800e+01
2.523800e+13,7.913061e+01
4.086188e+13,4.999886e+00
7.347730e+13,3.483338e+01
3.724400e+13,3.687534e+01
1.565556e+15,8.000000e+01
1.070893e+13,7.899655e+01
8.666742e+13,4.666472e+01
2.767828e+13,4.999072e+00
9.452203e+13,5.555324e+01
3.454461e+13,2.714601e+01
1.893663e+13,7.897209e+01
2.862233e+13,3.116987e+01
1.441757e+13,7.899787e+01
1.529366e+13,7.899803e+01
5.848014e+13,4.480294e+01
1.179125e+14,6.918630e+01
2.252379e+14,8.000000e+01
2.252379e+14,8.000000e+01
8.059735e+13,5.747508e+01
2.990092e+14,8.000000e+01
4.773568e+13,7.899114e+01
3.227409e+13,2.702590e+01
4.473244e+15,8.000000e+01
4.473244e+15,8.000000e+01
1.999414e+13,7.899026e+01
3.730617e+13,3.663511e+01
5.235414e+13,6.948301e+01
1.271644e+13,7.897851e+01
1.360175e+14,7.899833e+01
1.360175e+14,8.000000e+01
1.752812e+13,2.053968e+01
1.747959e+13,7.898518e+01
3.123910e+13,7.899217e+01
5.789862e+13,3.579430e+01
8.982852e+13,5.315094e+01
1.501038e+13,7.898199e+01
2.283040e+13,7.897757e+01
8.260334e+12,7.899877e+01
6.589087e+13,3.927764e+01
7.734846e+13,4.486299e+01
5.111614e+13,3.927764e+01
1.501796e+13,7.899438e+01
3.247176e+15,6.774492e+01
5.392336e+13,3.741586e+01
2.207679e+13,7.892101e+01
7.980635e+13,6.504705e+01
1.186109e+13,7.899673e+01
4.692929e+13,3.219085e+01
2.751299e+13,3.171039e+01
9.089949e+13,8.000000e+01
9.089949e+13,8.000000e+01
3.449456e+13,3.333194e+01
3.886722e+14,5.741502e+01
4.921579e+13,4.954748e+01
1.918388e+13,5.315213e+01
1.908500e+13,7.880176e+01
1.677793e+13,7.890597e+01
2.225076e+13,2.270176e+01
1.776283e+13,7.897944e+01
9.019360e+13,8.000000e+01
3.718567e+14,8.000000e+01
3.718567e+14,8.000000e+01
2.717608e+13,1.699889e+01
4.453766e+13,4.342161e+01
2.980126e+13,3.153022e+01
2.133715e+13,7.895073e+01
2.386064e+13,7.898552e+01
2.923975e+14,8.000000e+01
1.327196e+14,5.357134e+01
2.341163e+13,4.998132e+00
7.180710e+13,4.732535e+01
1.885007e+13,7.899653e+01
1.473786e+13,7.896395e+01
3.076241e+13,7.741702e+01
1.013760e+14,4.738541e+01
1.929527e+16,8.000000e+01
1.182558e+14,4.474288e+01
1.018778e+14,6.588314e+01
2.246812e+13,5.717466e+01
7.975613e+13,7.894329e+01
4.890591e+13,3.309171e+01
8.228664e+13,4.810610e+01
2.941453e+13,4.998750e+00
6.849350e+13,3.987822e+01
3.592896e+13,3.543396e+01
6.299970e+14,8.000000e+01
1.071629e+14,3.461080e+01
2.583808e+13,6.555364e+01
6.372474e+13,5.297076e+01
1.494804e+13,7.899723e+01
4.821140e+13,4.756558e+01
1.512909e+13,7.885097e+01
9.421252e+12,7.899630e+01
2.378886e+14,8.000000e+01
2.378886e+14,8.000000e+01
2.378886e+14,8.000000e+01
2.014520e+13,7.899622e+01
6.017609e+13,4.192017e+01
1.878440e+14,8.000000e+01
1.734664e+13,7.899168e+01
5.476733e+14,6.282020e+01
4.841466e+13,4.744547e+01
3.702430e+13,7.900000e+01
3.702430e+13,7.900000e+01
9.689520e+13,3.993827e+01
1.360938e+13,7.894916e+01
1.434445e+13,7.890820e+01
1.115388e+14,7.218918e+01
1.037618e+14,5.531301e+01
3.899285e+13,3.279143e+01
2.612054e+13,7.899837e+01
2.684626e+13,7.896899e+01
4.027484e+13,7.919913e+01
1.225414e+14,4.240063e+01
1.865149e+13,7.899781e+01
1.053479e+14,8.000000e+01
9.457451e+12,7.899189e+01
4.197768e+13,7.887341e+01
4.845489e+13,6.005756e+01
1.135880e+14,8.000000e+01
1.135880e+14,8.000000e+01
4.530942e+13,7.899764e+01
4.301990e+13,2.882763e+01
1.320868e+13,7.897006e+01
2.074545e+13,7.899762e+01
2.093188e+13,7.894684e+01
5.581932e+13,3.549402e+01
7.135944e+13,5.399174e+01
1.053100e+15,8.000000e+01
1.003888e+14,5.200984e+01
1.106444e+13,7.899032e+01
4.486623e+15,8.000000e+01
3.724346e+13,2.822705e+01
1.716444e+13,1.951871e+01
2.843214e+14,8.000000e+01
2.843214e+14,8.000000e+01
1.140226e+13,7.899708e+01
2.075822e+13,7.898260e+01
3.873576e+13,3.465321e+01
1.435325e+13,7.899633e+01
2.201702e+13,5.220412e+01
7.535659e+13,5.104892e+01
6.884932e+13,3.285148e+01
3.851497e+13,7.897001e+01
3.110108e+18,8.000000e+01
6.767041e+13,7.897480e+01
1.955509e+14,8.000000e+01
1.760544e+14,8.000000e+01
1.608957e+13,5.000000e+00
2.148858e+14,8.000000e+01
1.610501e+13,7.898333e+01
1.678473e+14,8.000000e+01
1.678473e+14,8.000000e+01
1.762956e+13,7.895865e+01
1.555092e+14,8.000000e+01
1.555092e+14,8.000000e+01
7.485255e+14,7.783459e+01
1.036869e+14,5.188973e+01
6.677313e+13,4.348167e+01
3.369687e+13,7.898410e+01
4.733943e+13,4.017850e+01
1.724266e+13,7.898378e+01
3.208260e+13,3.339200e+01
3.095722e+13,3.333194e+01
1.225257e+13,7.898143e+01
3.436347e+13,3.321183e+01
3.140914e+13,3.279143e+01
7.082819e+14,7.477166e+01
5.646317e+14,6.288026e+01
2.301461e+14,5.699462e+01
1.009258e+13,7.907422e+01
6.655071e+13,4.984777e+01
7.113807e+13,7.893157e+01
1.720099e+13,7.899722e+01
5.192427e+13,3.957793e+01
1.023430e+13,7.899685e+01
3.878060e+13,3.483338e+01
3.581441e+13,4.282104e+01
1.159970e+18,8.000000e+01
1.186220e+14,4.690495e+01
4.299163e+13,2.296559e+01
3.974431e+13,3.393252e+01
4.051832e+13,3.201068e+01
2.273057e+13,7.898735e+01
1.958092e+13,5.000279e+00
2.401213e+13,7.899888e+01
3.199924e+13,3.639488e+01
4.447615e+13,3.213079e+01
3.581588e+13,4.228052e+01
2.343950e+13,7.898731e+01
4.264195e+14,7.957626e+01
1.348699e+13,7.899802e+01
1.201115e+13,7.898369e+01
1.014594e+14,5.086875e+01
1.170922e+14,8.000000e+01
1.170922e+14,8.000000e+01
3.449193e+13,3.567419e+01
2.293308e+13,7.898831e+01
1.843710e+13,7.899505e+01
1.892769e+14,8.000000e+01
1.379146e+14,8.000000e+01
2.648718e+14,8.000000e+01
3.000297e+13,3.537390e+01
8.437903e+13,3.819660e+01
1.735807e+15,4.660466e+01
1.832214e+13,2.096009e+01
1.113937e+13,7.899660e+01
1.426374e+14,5.333111e+01
7.659402e+13,4.378196e+01
1.356635e+14,8.000000e+01
5.425916e+14,7.134838e+01
4.459261e+13,2.978855e+01
9.515189e+12,7.899875e+01
1.252933e+15,8.000000e+01
4.481039e+13,3.056930e+01
1.279607e+14,7.014722e+01
1.492336e+13,7.909704e+01
1.526784e+13,3.704486e+01
2.043739e+13,2.240147e+01
9.385013e+13,5.225007e+01
6.324803e+13,4.999965e+00
2.697168e+13,2.828711e+01
1.848055e+13,7.899669e+01
2.449181e+14,6.125871e+01
5.628362e+13,6.984694e+01
4.844168e+13,6.468199e+01
3.088460e+13,3.291154e+01
1.354201e+13,7.899801e+01
5.622144e+13,3.867707e+01
6.887517e+14,8.000000e+01
2.490685e+13,2.384285e+01
1.273827e+13,7.899222e+01
1.739623e+13,7.908754e+01
2.000378e+13,7.898172e+01
1.589954e+15,8.000000e+01
2.448026e+14,7.218918e+01
1.183970e+13,7.899698e+01
2.197289e+13,2.486383e+01
2.274560e+14,4.479270e+01
4.316685e+13,3.177045e+01
3.133259e+13,2.900780e+01
2.922870e+13,7.899560e+01
4.498236e+13,4.612420e+01
2.939480e+13,2.972849e+01
3.623883e+13,7.893959e+01
1.700711e+14,5.321099e+01
4.051222e+14,8.000000e+01
2.626107e+16,8.000000e+01
2.488974e+13,7.898054e+01
1.935797e+13,7.899348e+01
1.282391e+13,7.899630e+01
3.799482e+14,8.000000e+01
1.121962e+14,7.134838e+01
1.200066e+13,7.898713e+01
4.914658e+13,7.896197e+01
2.425399e+13,7.899756e+01
1.185959e+13,7.896357e+01
1.484736e+13,7.899165e+01
2.276751e+13,2.564458e+01
1.933335e+13,7.899576e+01
1.325141e+13,7.899763e+01
1.022235e+14,5.789548e+01
1.357571e+14,6.342078e+01
3.733269e+13,3.237102e+01
7.076749e+13,4.360178e+01
1.030349e+13,7.898506e+01
4.228586e+13,3.447304e+01
7.419311e+13,4.210035e+01
4.186002e+14,7.777453e+01
3.736058e+13,7.899384e+01
7.764093e+13,3.771614e+01
6.450264e+13,4.113943e+01
2.304882e+13,2.402302e+01
4.417701e+13,3.309171e+01
1.679521e+13,7.899651e+01
1.484398e+14,8.000000e+01
1.484398e+14,8.000000e+01
2.473813e+13,2.420319e+01
1.966571e+13,7.899796e+01
7.817645e+13,3.717563e+01
1.855587e+13,7.899544e+01
1.912971e+13,4.710837e+01
2.620893e+13,2.678567e+01
5.842750e+14,8.000000e+01
4.263607e+13,4.276098e+01
7.376596e+13,4.726530e+01
2.285273e+14,5.285065e+01
2.173096e+13,7.889341e+01
9.792861e+12,7.899868e+01
5.546427e+13,4.216040e+01
4.312860e+13,4.654461e+01
2.883591e+13,2.960837e+01
1.318242e+14,6.029779e+01
4.964834e+13,5.000817e+00
2.327908e+14,8.000000e+01
2.151384e+14,8.000000e+01
1.304284e+14,6.906619e+01
3.044382e+13,7.899459e+01
1.258036e+13,7.898887e+01
8.392439e+13,4.228052e+01
4.032604e+13,3.591442e+01
3.692796e+13,3.110981e+01
1.200182e+13,3.297937e+01
1.930078e+13,7.894316e+01
8.474653e+13,4.071902e+01
2.729972e+14,7.723402e+01
2.729972e+14,7.723402e+01
1.645893e+14,8.000000e+01
1.645893e+14,8.000000e+01
1.795925e+13,7.898586e+01
3.675960e+14,8.000000e+01
2.761428e+13,2.822705e+01
1.322908e+13,7.899816e+01
8.644044e+13,4.756558e+01
2.536476e+13,7.893690e+01
1.896055e+13,7.306182e+01
1.940206e+13,7.899658e+01
1.207824e+13,7.899766e+01
4.089987e+13,3.927764e+01
1.305072e+14,6.816532e+01
2.934400e+13,2.696584e+01
4.552872e+13,4.636443e+01
5.581716e+13,7.895027e+01
7.660262e+13,7.266964e+01
4.589088e+13,3.459315e+01
3.726747e+14,6.882596e+01
1.305181e+14,8.000000e+01
1.305181e+14,8.000000e+01
5.169588e+13,4.792593e+01
3.115949e+15,8.000000e+01
3.115949e+15,8.000000e+01
8.938010e+13,8.000000e+01
1.756289e+13,7.888241e+01
5.632508e+13,5.759520e+01
2.308827e+13,7.899215e+01
1.829190e+13,4.511466e+01
1.871932e+14,8.000000e+01
2.428006e+13,2.534429e+01
1.994309e+13,4.997769e+00
1.184209e+13,7.899784e+01
1.860552e+14,7.777453e+01
3.573823e+13,7.899817e+01
1.175422e+14,6.161905e+01
5.578119e+13,5.711473e+01
3.262069e+13,7.899059e+01
8.726124e+13,8.000000e+01
8.164571e+13,4.161989e+01
4.510244e+13,3.819660e+01
9.834550e+13,5.387163e+01
5.073647e+14,8.000000e+01
6.856939e+13,4.999827e+00
5.418068e+13,7.898411e+01
2.589267e+13,3.177045e+01
1.309656e+13,7.898026e+01
3.790714e+13,3.098970e+01
4.694100e+13,3.699545e+01
2.270850e+13,7.897723e+01
2.649999e+19,8.000000e+01
2.649999e+19,8.000000e+01
2.649999e+19,8.000000e+01
3.043693e+13,2.750636e+01
1.141458e+13,7.899781e+01
1.696576e+13,7.899631e+01
1.760037e+13,5.000186e+00
2.731998e+13,1.099710e+01
3.198947e+13,7.897011e+01
1.072436e+13,5.483744e+01
1.611774e+13,7.899626e+01
4.164206e+13,7.895507e+01
1.011482e+13,7.898972e+01
6.618438e+13,5.068858e+01
1.523398e+13,4.999583e+00
4.315017e+13,3.104976e+01
4.425262e+13,4.276098e+01
1.479549e+13,7.899825e+01
1.521584e+13,7.880345e+01
2.156848e+13,7.899550e+01
1.848258e+14,6.480210e+01
8.691076e+13,5.381157e+01
2.711772e+13,3.549402e+01
4.285716e+13,4.582391e+01
2.144068e+13,7.896273e+01
3.096978e+13,2.966843e+01
5.257465e+13,3.321183e+01
1.192561e+13,7.899458e+01
4.258843e+14,6.876590e+01
3.679644e+13,3.255119e+01
2.987877e+13,7.899758e+01
1.687878e+13,7.897827e+01
1.118609e+14,5.813571e+01
3.178141e+13,6.920693e+01
3.190935e+13,3.315177e+01
1.874617e+13,7.898256e+01
1.283908e+13,7.899192e+01
2.374017e+14,6.143888e+01
2.276878e+13,2.312216e+01
1.070386e+14,7.339033e+01
2.821280e+13,2.654544e+01
1.555736e+13,7.899093e+01
4.696650e+13,4.999715e+00
2.415607e+13,7.899535e+01
8.246159e+13,4.474288e+01
1.166392e+13,7.898948e+01
1.651021e+13,7.914005e+01
3.143829e+13,7.889508e+01
3.143829e+13,5.000097e+00
6.337797e+13,4.204029e+01
3.608676e+14,5.933686e+01
1.962162e+13,7.898150e+01
7.476803e+13,7.898501e+01
7.476803e+13,4.999999e+00
7.476803e+13,5.000005e+00
9.869709e+13,4.948743e+01
6.898781e+13,4.828627e+01
2.194674e+13,7.899161e+01
1.427396e+13,7.899772e+01
1.995235e+13,7.898361e+01
4.163400e+13,3.068941e+01
6.290731e+13,5.200984e+01
5.018362e+13,4.774576e+01
3.417782e+14,5.807566e+01
1.043053e+13,7.889938e+01
1.612674e+13,7.899104e+01
7.554957e+13,7.585269e+01
9.201976e+13,6.749861e+01
2.116767e+14,8.000000e+01
2.116767e+14,8.000000e+01
3.471643e+13,3.141010e+01
3.286090e+13,7.890380e+01
1.090538e+15,8.000000e+01
1.090538e+15,8.000000e+01
2.072950e+13,7.899336e+01
2.287977e+13,7.899553e+01
1.887596e+13,7.896278e+01
4.425852e+13,4.558368e+01
2.035296e+13,7.899486e+01
2.412350e+13,2.672561e+01
2.525672e+13,7.897762e+01
3.176254e+13,7.899743e+01
2.603557e+14,7.254953e+01
2.086619e+13,7.899825e+01
2.086619e+13,7.899422e+01
1.361364e+13,7.899224e+01
1.849433e+13,7.899743e+01
8.485569e+16,8.000000e+01
1.763902e+13,7.899173e+01
9.687675e+13,6.924636e+01
1.707493e+14,8.000000e+01
1.853967e+13,7.886982e+01
4.338474e+13,4.852650e+01
1.610815e+13,7.413823e+01
3.064815e+13,3.399258e+01
1.526125e+13,7.899813e+01
1.919373e+13,7.899643e+01
2.683625e+13,2.942820e+01
5.402094e+14,8.000000e+01
5.402094e+14,8.000000e+01
5.402094e+14,8.000000e+01
3.843202e+13,7.899073e+01
1.960461e+13,7.892456e+01
1.339599e+14,4.684489e+01
4.857811e+13,7.898528e+01
4.857811e+13,5.000007e+00
2.187675e+13,7.890831e+01
2.197041e+13,7.899334e+01
1.185324e+13,7.899861e+01
7.702616e+13,5.243025e+01
1.304209e+13,7.897989e+01
4.702605e+13,3.207073e+01
4.744457e+13,4.612420e+01
2.106898e+13,7.899318e+01
2.990641e+13,7.898724e+01
2.696014e+13,7.899265e+01
4.188097e+13,4.999987e+00
1.875545e+13,7.899489e+01
2.482315e+14,8.000000e+01
2.482315e+14,8.000000e+01
3.651759e+13,3.147016e+01
6.171087e+13,3.399258e+01
7.081764e+13,4.720524e+01
2.558077e+14,6.648371e+01
2.132495e+14,8.000000e+01
1.430442e+14,6.882596e+01
3.340999e+13,7.918831e+01
1.276534e+13,7.899122e+01
2.042140e+13,7.899558e+01
1.048692e+13,4.496406e+01
1.584331e+13,7.898604e+01
1.805916e+13,7.899497e+01
3.532802e+13,3.285148e+01
5.139618e+13,5.002794e+01
7.427244e+13,4.486299e+01
1.924808e+14,5.651416e+01
1.250293e+13,7.897595e+01
1.205507e+13,7.899295e+01
1.187581e+13,7.899273e+01
9.534072e+13,8.000000e+01
1.740088e+14,4.402219e+01
1.136828e+13,7.898290e+01
1.928915e+13,7.862697e+01
8.872934e+13,8.000000e+01
2.304511e+15,8.000000e+01
3.739233e+13,3.243108e+01
2.630875e+13,4.999296e+00
1.314781e+14,6.402135e+01
1.388113e+13,7.899837e+01
2.364553e+13,7.895087e+01
4.235844e+14,8.000000e+01
4.235844e+14,8.000000e+01
4.235844e+14,8.000000e+01
2.726223e+13,5.000532e+00
2.310113e+13,5.097588e+01
6.379560e+14,8.000000e+01
4.754779e+13,4.204029e+01
1.355089e+13,7.888120e+01
4.159076e+13,4.005839e+01
1.027883e+13,7.899888e+01
2.673527e+14,5.597364e+01
2.048589e+13,4.999136e+00
5.814236e+13,3.080953e+01
1.521936e+14,4.876673e+01
1.748566e+13,7.899451e+01
1.068231e+13,7.899488e+01
6.367746e+13,6.125871e+01
5.500777e+13,4.131960e+01
1.065019e+14,8.000000e+01
2.832492e+13,3.098970e+01
1.518151e+14,8.000000e+01
1.518151e+14,8.000000e+01
4.217700e+13,3.633482e+01
2.423151e+13,5.000163e+00
2.827935e+14,5.663427e+01
2.975226e+13,7.944032e+01
3.452420e+14,8.000000e+01
8.301956e+13,4.113943e+01
3.850846e+13,3.237102e+01
8.732956e+13,4.198023e+01
2.191075e+13,7.897061e+01
5.291618e+13,2.099001e+01
1.003174e+13,7.899218e+01
2.236325e+13,4.999692e+00
2.330802e+13,7.894459e+01
1.504034e+13,7.898381e+01
2.596142e+13,7.899171e+01
1.572268e+13,7.899472e+01
1.924673e+13,4.123137e+01
1.709410e+13,5.289378e+01
7.349799e+13,4.312132e+01
1.566624e+13,7.648283e+01
7.683624e+13,4.077908e+01
5.663804e+13,4.360178e+01
2.397821e+13,7.899408e+01
2.295282e+13,7.899888e+01
6.818610e+13,6.047796e+01
1.222513e+13,7.899486e+01
1.839334e+14,5.741502e+01
1.813147e+14,7.224924e+01
3.294995e+13,2.618509e+01
1.131052e+13,7.897076e+01
3.855699e+13,3.531384e+01
2.412227e+13,2.540435e+01
2.937511e+13,4.999339e+00
3.514484e+13,7.898089e+01
2.121338e+13,7.895474e+01
2.312912e+13,7.897848e+01
9.164932e+13,7.026734e+01
4.923465e+13,3.549402e+01
2.454727e+13,2.708596e+01
1.673974e+14,6.342078e+01
2.233935e+13,7.898236e+01
2.145096e+14,5.900000e+01
2.957139e+14,8.000000e+01
1.290724e+14,6.107853e+01
6.203531e+13,5.164950e+01
4.970604e+13,3.285148e+01
1.660257e+13,7.899743e+01
8.280615e+13,5.615381e+01
6.697629e+13,5.585353e+01
1.774073e+13,7.899699e+01
1.085526e+14,8.000000e+01
1.085526e+14,8.000000e+01
7.470601e+13,4.726530e+01
1.097006e+14,4.420236e+01
1.444828e+14,8.000000e+01
1.444828e+14,8.000000e+01
1.444828e+14,8.000000e+01
3.435191e+13,3.177045e+01
1.215697e+14,8.000000e+01
8.527190e+13,4.930725e+01
8.527190e+13,4.930725e+01
3.509533e+13,7.897293e+01
6.539867e+13,5.000058e+00
6.539867e+13,7.899114e+01
1.291476e+13,7.836415e+01
3.586269e+13,7.898728e+01
7.156084e+13,3.795637e+01
2.062627e+13,7.899650e+01
2.906138e+13,7.899136e+01
5.287265e+13,4.318138e+01
3.763198e+14,8.000000e+01
2.205965e+13,7.886515e+01
2.453087e+13,2.348250e+01
8.873040e+14,8.000000e+01
8.181824e+13,6.618343e+01
8.181824e+13,6.618343e+01
5.757402e+14,8.000000e+01
5.757402e+14,8.000000e+01
3.123014e+13,2.906786e+01
2.207506e+13,2.228135e+01
1.325135e+13,7.898773e+01
3.555753e+13,2.966843e+01
1.316197e+13,7.899514e+01
5.384264e+13,4.660466e+01
4.487989e+13,3.189056e+01
1.219567e+13,5.285590e+01
3.619368e+13,3.597448e+01
1.677378e+13,7.899680e+01
1.010332e+13,7.899734e+01
1.295747e+14,5.447220e+01
1.874393e+13,7.897203e+01
2.160533e+13,7.899204e+01
1.467476e+13,7.899664e+01
1.453534e+14,8.000000e+01
1.453534e+14,8.000000e+01
3.046575e+13,2.750636e+01
6.108219e+13,3.897735e+01
1.453909e+13,7.893792e+01
3.123225e+14,8.000000e+01
3.123225e+14,8.000000e+01
1.239673e+13,7.899775e+01
1.179432e+14,6.690412e+01
3.128387e+13,7.898056e+01
1.086297e+13,7.899243e+01
1.691370e+13,7.899442e+01
3.085598e+13,2.522417e+01
1.475462e+13,7.898906e+01
5.873587e+13,5.777537e+01
3.600862e+13,3.939776e+01
6.757914e+13,4.999984e+00
4.853921e+13,3.369229e+01
2.141264e+13,2.499483e+01
1.079193e+14,6.257997e+01
5.228520e+13,3.495350e+01
2.822075e+13,5.000603e+00
1.427584e+13,7.899844e+01
3.234289e+13,3.189056e+01
9.234799e+13,4.660466e+01
3.825162e+13,3.999833e+01
1.184189e+13,4.999667e+00
1.725033e+13,5.694536e+01
4.148210e+13,3.969804e+01
5.073661e+14,8.000000e+01
5.073661e+14,8.000000e+01
1.264786e+13,7.899748e+01
2.398135e+13,2.858740e+01
6.267720e+13,5.735497e+01
6.267720e+13,5.000009e+00
2.067964e+13,3.291804e+01
7.746858e+13,5.525295e+01
3.249628e+13,3.189056e+01
9.678073e+13,4.672478e+01
1.738907e+14,8.000000e+01
8.549517e+13,4.149977e+01
9.833678e+12,7.899868e+01
1.350693e+13,7.899823e+01
7.699779e+13,4.294115e+01
6.348050e+13,5.543312e+01
1.390603e+13,7.899006e+01
1.171998e+13,5.478737e+01
2.678026e+13,7.899559e+01
1.376528e+13,7.898420e+01
1.098449e+14,5.225007e+01
1.111112e+13,7.899790e+01
1.591700e+13,7.899238e+01
2.640143e+13,7.897733e+01
1.746343e+14,7.086791e+01
3.869286e+13,7.899037e+01
2.615746e+13,2.618509e+01
6.164275e+13,4.900696e+01
8.030179e+13,4.222046e+01
3.060598e+13,2.726613e+01
1.086506e+20,8.000000e+01
1.086506e+20,8.000000e+01
1.086506e+20,8.000000e+01
1.496225e+15,8.000000e+01
1.496225e+15,8.000000e+01
6.187381e+13,6.215957e+01
3.754656e+13,2.888768e+01
1.737333e+13,7.899190e+01
1.106233e+13,7.898738e+01
1.965867e+13,7.899451e+01
1.269008e+14,8.000000e+01
2.214508e+13,7.899143e+01
5.955893e+13,7.899098e+01
2.291309e+13,7.898366e+01
2.499351e+13,7.899298e+01
2.768662e+14,8.000000e+01
2.768662e+14,8.000000e+01
9.431710e+12,7.899614e+01
8.432704e+13,5.741502e+01
6.875634e+13,3.702095e+01
3.445057e+13,2.798682e+01
6.398526e+14,8.000000e+01
6.398526e+14,8.000000e+01
6.398526e+14,8.000000e+01
1.354500e+14,6.432164e+01
2.174504e+13,7.896375e+01
1.034846e+14,4.348167e+01
1.080409e+14,5.002794e+01
3.040373e+13,2.840722e+01
1.253777e+14,8.000000e+01
1.253777e+14,8.000000e+01
5.058918e+13,3.225091e+01
8.604009e+13,7.899549e+01
2.335712e+13,7.899525e+01
8.473229e+13,4.167994e+01
3.609816e+13,7.899227e+01
1.636509e+13,7.899581e+01
1.533612e+14,6.342078e+01
3.583117e+13,7.898414e+01
2.560762e+13,7.899182e+01
2.216312e+13,7.809868e+01
2.568661e+16,8.000000e+01
2.905821e+13,2.698850e+01
1.483964e+14,4.810610e+01
3.874045e+13,3.645494e+01
3.610685e+13,7.896863e+01
3.612291e+13,4.999888e+00
1.430195e+14,8.000000e+01
1.430195e+14,8.000000e+01
2.337686e+13,2.348250e+01
5.713561e+13,3.213079e+01
2.090322e+13,7.899764e+01
2.830313e+13,7.894569e+01
1.027066e+14,6.005756e+01
2.787646e+13,7.898497e+01
1.795864e+15,8.000000e+01
1.672367e+13,7.899392e+01
1.599393e+14,6.318055e+01
3.152794e+13,5.297826e+01
3.061912e+13,7.898970e+01
2.424421e+13,2.624515e+01
1.465360e+14,8.000000e+01
1.780310e+13,7.899762e+01
8.651870e+13,5.939692e+01
2.258736e+13,7.898296e+01
9.325320e+13,4.192017e+01
2.691512e+13,7.899779e+01
3.461816e+13,3.939776e+01
1.424473e+14,6.336072e+01
1.671046e+13,7.897857e+01
2.401552e+13,7.899740e+01
2.442965e+13,2.690578e+01
1.053562e+13,7.899598e+01
9.279303e+13,4.113943e+01
3.587242e+13,3.183050e+01
3.806854e+13,3.771614e+01
9.617493e+13,4.029862e+01
8.667689e+13,3.753597e+01
1.465209e+13,7.895915e+01
1.208730e+13,7.899518e+01
2.394706e+13,7.922702e+01
1.235518e+14,4.480294e+01
4.078416e+13,3.765609e+01
2.155019e+13,7.899864e+01
3.568328e+13,3.500000e+01
4.380619e+13,4.999985e+00
1.779651e+13,7.899175e+01
2.345855e+14,8.000000e+01
2.345855e+14,8.000000e+01
1.605515e+13,7.899486e+01
2.907622e+13,2.948826e+01
6.245989e+13,5.357134e+01
2.719692e+13,7.896287e+01
6.850117e+13,3.477332e+01
4.601100e+13,7.907589e+01
4.601100e+13,7.915914e+01
3.236969e+13,3.741586e+01
5.424204e+13,3.008884e+01
1.477412e+14,6.978688e+01
1.662796e+13,7.896754e+01
1.595115e+13,7.899644e+01
5.116335e+13,3.363223e+01
2.060090e+13,7.899498e+01
1.218713e+14,7.945615e+01
1.088300e+14,7.304088e+01
3.726715e+14,8.000000e+01
5.194856e+13,4.852650e+01
4.334468e+13,7.899650e+01
1.305521e+14,7.899085e+01
1.305521e+14,4.999997e+00
4.790013e+18,8.000000e+01
5.473615e+13,5.453226e+01
1.509740e+13,7.897934e+01
2.254874e+13,7.897911e+01
1.519745e+13,7.899674e+01
2.382707e+14,8.000000e+01
3.973356e+13,3.537390e+01
1.558801e+13,7.895391e+01
1.777100e+14,4.486299e+01
4.162377e+13,3.351212e+01
1.398239e+13,7.899430e+01
5.906051e+13,3.357217e+01
2.658070e+13,7.899592e+01
1.283025e+13,7.897144e+01
3.071455e+13,3.495350e+01
1.542136e+14,8.000000e+01
9.474988e+13,6.720440e+01
1.939941e+13,7.899504e+01
1.519449e+13,7.899806e+01
1.665545e+13,7.893801e+01
1.376665e+14,8.000000e+01
1.029471e+14,5.621387e+01
1.771884e+14,8.000000e+01
1.426281e+13,7.893616e+01
1.903502e+14,7.975643e+01
1.362727e+13,7.899307e+01
1.341543e+13,7.897394e+01
3.308705e+13,3.549402e+01
2.849146e+14,8.000000e+01
9.281919e+13,8.000000e+01
2.834745e+13,7.899502e+01
8.611357e+13,3.696594e+01
6.582930e+13,5.945698e+01
2.084016e+13,7.898150e+01
1.742967e+13,7.899347e+01
2.886117e+13,2.768653e+01
1.580360e+13,7.895305e+01
5.277078e+13,3.639488e+01
2.878623e+14,7.903574e+01
1.176361e+14,8.000000e+01
7.979602e+14,8.000000e+01
7.979602e+14,8.000000e+01
3.120834e+13,7.893569e+01
9.006666e+13,4.186012e+01
9.781266e+14,8.000000e+01
4.258644e+13,7.897617e+01
6.387484e+13,7.898383e+01
2.250735e+13,5.000359e+00
1.363605e+13,7.893889e+01
4.237526e+16,8.000000e+01
2.739146e+13,2.726613e+01
1.997107e+14,5.212996e+01
7.663466e+12,1.500000e+01
3.066705e+14,6.131876e+01
1.024665e+15,8.000000e+01
3.625582e+13,7.898287e+01
4.177267e+13,3.681528e+01
8.331355e+13,5.399174e+01
4.162298e+14,6.870584e+01
6.024065e+13,7.899310e+01
2.119492e+13,2.234141e+01
1.068383e+15,8.000000e+01
3.116945e+13,7.899851e+01
4.901661e+13,3.945781e+01
9.180658e+13,4.924720e+01
4.612089e+13,3.855695e+01
3.541616e+13,3.086958e+01
1.950975e+13,4.999895e+00
1.011221e+14,5.423197e+01
4.549781e+13,7.899862e+01
2.854535e+13,7.888455e+01
4.425269e+13,4.204029e+01
4.209719e+14,8.000000e+01
4.209719e+14,8.000000e+01
2.751802e+13,2.672561e+01
4.917949e+13,3.717563e+01
1.767144e+13,7.898569e+01
9.715830e+12,7.899844e+01
1.396040e+13,4.999812e+00
4.076368e+13,3.020895e+01
1.821038e+13,7.897447e+01
4.035218e+13,7.893859e+01
1.735937e+13,7.899703e+01
9.950966e+13,4.462276e+01
1.817383e+14,8.000000e+01
7.943735e+13,4.065896e+01
1.163122e+15,8.000000e+01
2.323924e+14,8.000000e+01
2.323924e+14,8.000000e+01
1.114260e+14,4.234058e+01
9.185279e+12,4.999648e+00
6.664474e+13,5.549318e+01
1.786933e+13,7.899733e+01
4.200598e+13,3.104976e+01
1.120306e+13,7.899307e+01
1.154467e+13,2.099502e+01
3.434959e+13,7.899228e+01
1.805482e+13,7.897443e+01
8.295969e+12,7.899722e+01
9.762752e+13,4.174000e+01
1.216528e+13,7.899642e+01
1.365679e+13,7.899637e+01
5.133284e+13,4.113943e+01
4.188542e+13,4.999925e+00
1.601034e+13,7.899761e+01
3.939821e+14,8.000000e+01
7.421498e+13,4.492305e+01
2.121120e+13,6.206667e+01
5.055266e+13,7.899516e+01
1.152213e+13,7.898592e+01
2.277494e+14,6.534262e+01
2.517746e+13,2.768653e+01
2.110357e+13,7.905504e+01
5.555707e+13,3.753597e+01
1.009737e+13,7.899639e+01
4.068467e+13,3.615465e+01
6.127843e+13,4.756558e+01
3.959627e+13,3.447304e+01
1.219368e+14,8.000000e+01
6.269088e+13,5.206990e+01
2.917949e+13,2.666555e+01
7.766207e+13,3.981816e+01
1.547762e+13,7.896176e+01
2.277771e+13,7.899293e+01
2.037845e+13,7.899524e+01
1.378643e+14,4.558368e+01
1.619647e+13,5.269722e+01
2.886457e+13,2.774659e+01
2.591269e+14,8.000000e+01
3.819548e+13,4.017850e+01
2.460973e+13,7.899501e+01
1.492166e+13,7.899843e+01
7.901624e+13,3.999833e+01
6.479713e+13,4.684489e+01
2.777258e+13,7.043668e+01
8.262843e+13,5.957709e+01
2.686685e+13,7.898519e+01
3.583301e+16,8.000000e+01
4.141184e+13,2.966843e+01
2.068184e+13,7.898178e+01
1.233124e+13,7.906952e+01
1.293163e+13,7.899724e+01
1.849456e+13,7.898806e+01
1.834095e+14,4.912708e+01
1.449873e+14,8.000000e+01
1.449873e+14,8.000000e+01
4.395696e+13,3.867707e+01
1.713408e+13,3.499555e+01
6.139117e+13,4.174000e+01
1.221984e+14,4.999983e+00
1.157838e+14,7.899132e+01
3.010222e+13,7.899456e+01
1.263319e+13,7.898445e+01
1.172305e+13,7.899800e+01
4.248091e+13,3.297160e+01
1.337571e+13,7.899656e+01
1.796893e+14,6.137882e+01
4.623513e+13,3.327189e+01
1.309530e+13,7.899802e+01
3.162788e+13,7.842703e+01
3.802307e+14,8.000000e+01
3.802307e+14,8.000000e+01
1.872612e+13,7.899409e+01
1.389945e+13,7.899461e+01
1.685534e+13,7.899479e+01
1.606679e+13,7.899547e+01
4.524492e+13,4.330150e+01
1.850768e+13,7.899198e+01
2.054159e+13,7.899581e+01
1.310460e+13,7.899672e+01
7.855719e+13,4.065896e+01
1.913784e+13,7.896775e+01
1.516468e+13,7.899713e+01
1.549923e+14,8.000000e+01
5.439254e+13,7.899518e+01
2.239318e+14,5.561330e+01
2.642616e+13,5.000070e+00
6.719491e+13,7.897818e+01
2.055119e+13,7.899550e+01
2.709473e+14,8.000000e+01
2.408112e+13,7.899728e+01
3.620954e+14,6.155899e+01
6.781242e+13,2.700000e+01
2.436304e+13,2.798682e+01
6.439072e+14,8.000000e+01
6.439072e+14,8.000000e+01
4.370618e+13,3.813655e+01
1.215248e+15,7.351045e+01
8.933950e+14,8.000000e+01
8.933950e+14,8.000000e+01
2.023831e+13,7.899722e+01
1.696572e+13,7.899825e+01
1.488337e+15,8.000000e+01
2.236256e+13,7.894850e+01
3.866959e+13,7.898836e+01
1.456834e+13,7.880977e+01
2.193703e+13,7.897320e+01
3.461345e+13,7.897410e+01
1.199225e+14,7.296993e+01
1.199225e+14,7.296993e+01
3.190208e+14,8.000000e+01
9.969768e+12,7.899630e+01
1.662090e+13,7.898754e+01
3.189849e+14,8.000000e+01
1.747360e+13,2.011928e+01
5.714727e+13,3.375235e+01
9.985079e+13,8.000000e+01
4.379869e+13,4.999822e+00
5.056459e+14,8.000000e+01
5.056459e+14,8.000000e+01
3.603859e+13,3.159027e+01
1.538840e+13,7.899513e+01
2.149740e+13,7.899112e+01
2.091948e+14,8.000000e+01
2.053599e+13,7.899361e+01
3.796281e+13,4.954748e+01
1.702466e+14,5.279059e+01
1.361210e+13,7.897156e+01
4.137134e+13,2.804688e+01
1.749583e+13,7.899502e+01
7.778755e+13,4.065896e+01
4.220770e+14,8.000000e+01
4.220770e+14,8.000000e+01
8.695989e+13,8.000000e+01
8.695989e+13,5.000014e+00
8.695989e+13,5.000024e+00
2.332440e+13,2.528423e+01
5.437091e+13,7.893515e+01
3.083797e+14,7.897568e+01
1.253583e+14,8.000000e+01
1.973656e+13,3.727708e+01
8.658962e+13,7.899193e+01
8.658962e+13,8.000000e+01
8.658962e+13,5.000009e+00
7.712085e+13,6.936648e+01
2.830827e+13,7.898937e+01
9.956463e+13,8.000000e+01
9.956463e+13,8.000000e+01
1.572604e+14,5.651416e+01
2.666828e+13,2.912791e+01
1.608036e+17,8.000000e+01
1.497246e+14,8.000000e+01
1.139365e+14,7.290987e+01
1.139365e+14,7.290987e+01
3.929010e+13,4.131960e+01
2.217031e+14,8.000000e+01
2.217031e+14,8.000000e+01
2.465730e+13,7.897736e+01
1.076143e+14,5.861617e+01
1.152687e+14,5.513284e+01
1.523863e+13,7.899884e+01
3.695392e+13,2.954832e+01
1.104744e+13,7.899709e+01
1.516468e+14,4.678484e+01
1.401186e+13,7.899441e+01
1.780151e+13,7.899767e+01
9.191100e+13,4.552363e+01
2.273941e+13,2.780665e+01
1.151063e+14,6.816532e+01
2.942909e+13,7.899171e+01
1.513408e+13,7.896086e+01
3.030680e+13,3.333194e+01
1.616004e+14,6.828544e+01
1.928158e+14,6.378112e+01
2.818695e+13,2.720607e+01
1.971225e+13,2.204112e+01
1.898647e+13,7.899495e+01
1.866667e+14,8.000000e+01
1.866667e+14,8.000000e+01
2.124784e+13,7.899717e+01
1.948953e+13,7.899726e+01
7.775264e+13,5.645410e+01
1.403823e+13,7.899438e+01
7.060263e+13,6.696417e+01
3.099134e+14,5.687450e+01
1.522560e+13,7.899649e+01
4.449389e+13,3.645494e+01
3.724496e+13,4.999902e+00
5.557505e+15,4.384202e+01
2.579935e+13,2.474371e+01
1.171328e+13,7.899791e+01
3.345531e+15,8.000000e+01
5.952259e+14,3.500000e+01
3.821620e+13,3.243108e+01
2.086402e+13,2.396296e+01
8.048657e+13,4.298425e+01
3.187048e+13,7.894450e+01
3.245542e+13,7.899640e+01
3.883606e+13,3.008884e+01
4.878863e+14,8.000000e+01
2.709832e+13,2.570463e+01
1.580182e+13,7.899496e+01
3.570206e+13,3.477332e+01
7.721410e+13,4.990783e+01
4.850919e+13,6.191934e+01
1.425480e+14,8.000000e+01
7.897417e+13,6.498227e+01
7.897417e+13,6.498227e+01
9.315997e+12,7.898105e+01
2.311988e+13,7.897914e+01
2.243236e+13,7.898723e+01
3.144952e+14,6.239980e+01
4.347120e+13,4.999072e+00
5.451106e+14,8.000000e+01
1.193591e+13,7.899129e+01
2.135021e+13,7.898581e+01
4.031070e+13,7.897032e+01
3.711215e+13,5.110898e+01
2.489354e+13,2.960837e+01
4.598935e+13,7.898274e+01
6.667712e+13,4.786587e+01
4.625687e+13,7.899192e+01
3.205839e+13,2.594486e+01
1.112328e+14,7.899475e+01
3.159265e+14,8.000000e+01
3.159265e+14,8.000000e+01
1.590118e+14,8.000000e+01
2.254094e+13,2.378279e+01
1.064854e+13,7.899831e+01
6.331488e+13,7.375068e+01
1.274759e+16,8.000000e+01
1.274759e+16,8.000000e+01
6.070471e+13,7.741419e+01
6.070471e+13,4.999932e+00
6.894287e+16,8.000000e+01
2.296882e+13,7.899465e+01
3.720733e+13,3.008884e+01
3.750202e+13,7.896618e+01
3.993159e+13,3.741586e+01
1.684519e+13,7.899256e+01
1.664684e+15,8.000000e+01
2.295221e+13,7.897896e+01
1.539997e+13,7.899210e+01
2.465689e+14,8.000000e+01
5.306416e+13,3.549402e+01
3.043519e+13,3.153022e+01
1.423079e+13,6.896357e+01
1.128435e+14,4.618426e+01
5.145437e+13,4.222046e+01
5.854890e+13,3.501355e+01
1.073948e+14,8.000000e+01
1.073948e+14,8.000000e+01
1.998692e+14,5.591358e+01
3.554472e+13,7.899573e+01
1.379760e+13,7.898464e+01
1.364443e+15,7.915586e+01
2.088530e+13,7.889842e+01
1.236131e+13,7.899425e+01
4.267746e+14,5.951704e+01
5.057512e+13,3.026901e+01
2.386519e+13,7.899457e+01
2.713271e+13,5.000555e+00
3.396800e+13,3.279143e+01
1.116491e+14,4.834633e+01
3.522032e+13,2.870751e+01
4.277070e+13,4.330150e+01
2.403143e+14,7.459148e+01
2.529631e+13,7.898379e+01
1.318122e+14,8.000000e+01
1.548124e+13,7.899658e+01
8.261121e+12,7.899617e+01
3.421269e+13,3.050924e+01
3.564378e+13,3.393252e+01
3.387008e+13,4.999859e+00
3.597548e+13,3.110981e+01
4.852836e+13,4.342161e+01
2.785020e+13,3.201068e+01
3.651964e+13,7.897634e+01
9.511132e+14,8.000000e+01
2.715142e+13,2.918797e+01
3.084175e+14,7.549235e+01
2.013586e+14,5.333111e+01
1.026759e+13,7.899272e+01
2.311453e+13,2.510406e+01
6.442257e+13,4.894691e+01
2.492310e+14,6.948659e+01
1.438170e+13,7.899721e+01
4.936676e+13,4.696501e+01
3.579873e+13,2.972849e+01
6.478102e+13,3.627476e+01
2.488213e+13,2.366268e+01
8.663955e+13,4.312132e+01
2.278221e+13,2.666555e+01
1.603364e+13,7.898774e+01
6.582399e+14,8.000000e+01
7.329221e+13,4.666472e+01
4.212973e+13,4.999754e+00
1.154265e+13,7.897807e+01
2.043782e+13,7.899445e+01
9.224150e+13,5.146932e+01
2.481270e+13,2.702590e+01
2.174777e+13,7.899514e+01
8.512137e+13,6.282020e+01
2.867179e+13,7.898188e+01
4.385584e+13,3.207073e+01
6.880210e+13,6.402135e+01
9.501477e+13,5.116904e+01
1.401881e+14,8.000000e+01
1.007424e+14,4.999922e+00
1.341428e+13,7.896861e+01
6.516105e+13,2.972849e+01
1.650611e+13,7.899862e+01
1.473789e+13,7.899585e+01
2.756388e+13,3.020895e+01
5.276941e+13,4.456271e+01
2.113767e+14,8.000000e+01
2.113767e+14,8.000000e+01
2.113767e+14,8.000000e+01
1.812483e+13,7.915560e+01
5.104355e+13,3.849689e+01
1.306109e+14,4.816616e+01
3.082768e+13,2.894774e+01
1.442021e+13,7.899718e+01
1.261522e+14,8.000000e+01
2.051364e+13,4.999903e+00
1.837233e+14,7.206907e+01
2.702733e+13,7.898644e+01
3.778999e+14,8.000000e+01
3.778999e+14,8.000000e+01
3.033479e+13,7.899650e+01
1.012303e+14,5.032823e+01
5.016732e+14,8.000000e+01
2.481096e+13,7.899848e+01
3.065576e+14,7.555240e+01
8.117689e+13,4.978771e+01
3.809339e+13,7.887450e+01
5.040763e+13,4.516328e+01
4.248318e+13,3.183050e+01
1.638543e+14,8.000000e+01
1.037322e+14,8.000000e+01
1.464945e+14,5.891646e+01
1.060804e+14,5.531301e+01
3.414329e+13,7.298342e+01
3.782190e+14,8.000000e+01
1.018663e+14,4.822622e+01
1.577728e+13,1.900000e+01
3.853501e+13,7.898410e+01
2.025382e+13,7.898377e+01
4.343054e+13,3.195062e+01
2.079075e+14,5.621387e+01
2.134249e+13,7.898878e+01
9.149522e+12,7.898401e+01
7.337095e+13,5.056846e+01
1.965273e+13,7.899627e+01
1.764509e+14,8.000000e+01
1.328665e+13,7.899396e+01
2.523992e+13,3.231096e+01
1.514578e+13,7.899767e+01
8.822343e+14,6.107853e+01
1.098388e+14,6.588314e+01
1.098388e+14,6.588314e+01
2.412470e+13,2.660550e+01
4.216439e+13,3.898122e+01
7.873291e+13,6.390124e+01
1.284583e+14,6.892036e+01
7.505010e+13,4.161989e+01
2.723102e+13,6.086230e+01
9.518619e+13,7.903574e+01
1.367274e+14,7.483171e+01
1.489516e+14,5.543312e+01
6.243274e+13,4.510322e+01
1.234571e+13,7.899788e+01
8.952589e+13,4.882679e+01
1.692167e+13,7.898140e+01
1.144639e+14,8.000000e+01
2.504272e+13,7.899815e+01
5.889279e+13,3.795637e+01
9.867464e+13,4.798599e+01
1.594586e+13,7.898953e+01
1.851526e+13,7.250838e+01
3.952259e+13,4.336155e+01
8.589854e+13,8.000000e+01
1.192879e+13,7.899721e+01
4.013444e+13,3.705551e+01
1.217056e+13,7.898325e+01
1.252566e+13,7.899771e+01
2.550821e+13,3.627476e+01
1.101061e+13,7.897335e+01
2.808133e+13,7.896943e+01
5.863453e+13,4.582391e+01
8.342735e+15,8.000000e+01
8.342735e+15,8.000000e+01
1.834190e+13,7.895494e+01
7.349036e+13,5.044835e+01
2.529249e+13,7.897273e+01
1.165473e+13,7.899752e+01
7.915007e+13,6.738458e+01
4.455730e+13,4.999715e+00
1.078141e+13,7.899681e+01
2.228121e+13,6.105716e+01
1.448228e+14,7.315010e+01
2.594452e+13,2.582475e+01
5.995332e+13,5.000213e+00
5.995332e+13,5.000055e+00
5.995332e+13,4.999943e+00
1.229260e+13,7.898175e+01
1.451687e+13,7.896451e+01
8.739752e+12,7.898577e+01
1.134147e+13,7.899310e+01
1.127091e+13,7.899762e+01
7.759954e+14,8.000000e+01
8.714595e+13,4.228052e+01
2.524570e+13,7.906274e+01
1.909000e+13,7.898124e+01
5.505576e+13,4.999288e+00
1.140560e+14,8.000000e+01
1.566107e+13,7.899637e+01
6.844327e+13,5.507278e+01
2.293202e+14,7.495183e+01
2.395470e+13,7.919148e+01
2.376226e+14,8.000000e+01
2.376226e+14,8.000000e+01
1.042250e+13,7.899864e+01
2.246216e+13,5.912897e+01
6.705229e+13,5.669433e+01
1.048578e+14,7.122826e+01
3.049633e+13,7.899561e+01
3.901607e+13,7.896333e+01
2.335795e+14,8.000000e+01
2.328253e+13,2.706498e+01
3.519643e+13,7.894498e+01
8.637966e+13,4.999948e+00
1.413782e+13,7.898642e+01
6.912766e+13,4.210035e+01
1.571854e+13,7.899740e+01
3.164324e+13,3.489344e+01
1.422411e+13,7.899833e+01
4.488460e+14,8.000000e+01
3.198203e+14,8.000000e+01
2.387759e+13,7.899659e+01
2.387759e+13,7.899899e+01
2.433361e+13,2.762648e+01
1.243689e+13,7.899675e+01
3.359045e+13,7.899691e+01
4.102755e+13,3.080953e+01
7.867188e+13,4.552363e+01
2.162965e+13,2.402302e+01
5.590593e+13,7.890234e+01
5.590593e+13,7.892253e+01
4.076612e+13,3.153022e+01
2.231335e+13,2.570463e+01
5.145242e+13,7.898316e+01
6.076185e+13,5.465238e+01
6.594746e+14,7.849522e+01
6.594746e+14,7.849522e+01
1.935662e+13,7.899593e+01
2.349194e+13,2.402302e+01
9.921480e+13,6.107853e+01
1.570746e+13,7.896095e+01
8.033954e+13,5.543312e+01
1.175881e+14,8.000000e+01
2.069632e+14,8.000000e+01
1.212062e+14,5.453226e+01
1.337195e+13,7.891728e+01
3.592911e+13,3.603453e+01
1.907333e+13,7.899260e+01
2.734035e+13,2.618509e+01
4.946413e+13,7.898949e+01
1.011161e+13,7.899840e+01
8.583382e+13,6.227968e+01
5.791413e+13,3.987822e+01
9.137488e+14,8.000000e+01
2.472853e+13,2.468366e+01
4.079188e+13,4.687871e+01
1.711014e+13,7.895520e+01
1.470056e+14,8.000000e+01
1.124503e+17,8.000000e+01
1.186418e+13,7.899784e+01
1.202844e+13,3.898605e+01
2.420841e+13,2.420319e+01
1.019682e+14,6.708429e+01
1.450107e+13,2.499493e+01
2.553111e+13,7.898164e+01
1.748703e+13,7.899428e+01
3.146114e+13,7.898828e+01
1.784574e+13,7.891315e+01
1.344686e+13,7.897406e+01
9.828822e+12,7.898960e+01
4.910445e+13,3.867707e+01
1.962552e+14,8.000000e+01
2.288264e+14,7.969638e+01
3.272427e+13,2.906786e+01
3.998940e+13,7.897928e+01
1.799575e+13,7.899782e+01
7.894278e+13,7.567252e+01
7.894278e+13,7.567252e+01
5.683305e+13,5.795554e+01
2.625533e+13,5.000339e+00
1.462950e+13,7.898986e+01
6.808818e+13,7.899198e+01
1.915439e+13,7.899842e+01
5.052226e+13,3.267131e+01
1.021967e+13,7.896733e+01
1.934950e+14,8.000000e+01
2.188877e+13,2.234141e+01
1.215447e+13,7.899618e+01
2.609068e+14,7.098803e+01
7.883150e+13,4.210035e+01
2.854901e+13,2.804688e+01
7.586374e+13,3.567419e+01
5.925607e+13,4.318138e+01
1.660409e+13,4.914385e+01
1.869571e+13,7.897875e+01
1.750984e+14,5.321099e+01
2.095017e+13,7.897617e+01
1.328210e+13,7.898150e+01
6.532187e+19,8.000000e+01
1.205150e+14,6.984694e+01
1.423906e+13,7.898291e+01
1.824653e+13,7.899581e+01
3.157699e+13,4.998986e+00
1.556188e+13,7.877010e+01
1.027405e+13,7.273031e+01
1.169443e+14,6.059807e+01
6.167509e+13,5.000001e+00
6.167509e+13,7.899554e+01
2.791090e+13,4.998852e+00
8.408535e+13,5.849606e+01
1.408220e+13,7.897933e+01
2.254800e+14,8.000000e+01
3.393511e+14,8.000000e+01
9.254977e+13,6.306043e+01
4.403705e+13,3.513367e+01
5.441163e+13,5.525295e+01
1.500161e+15,8.000000e+01
1.466459e+13,7.898911e+01
1.061627e+13,7.899376e+01
1.321666e+13,7.899152e+01
2.705853e+13,7.899767e+01
7.859325e+13,7.899609e+01
3.983152e+14,5.963715e+01
3.148799e+13,7.020795e+01
2.314335e+13,2.438337e+01
1.790181e+13,7.898584e+01
2.042077e+20,8.000000e+01
2.042077e+20,8.000000e+01
2.042077e+20,8.000000e+01
2.042077e+20,8.000000e+01
2.042077e+20,8.000000e+01
1.805133e+13,7.898288e+01
9.776398e+13,5.513284e+01
2.391552e+14,2.170837e+01
4.877228e+13,3.645494e+01
1.175728e+13,7.894975e+01
2.284214e+13,2.498394e+01
3.167567e+13,2.582475e+01
9.007293e+13,6.209951e+01
2.977289e+14,6.942653e+01
9.660637e+12,7.895791e+01
5.505951e+13,3.903741e+01
7.148506e+13,4.720524e+01
2.290754e+13,7.897667e+01
5.087705e+14,8.000000e+01
5.087705e+14,8.000000e+01
4.727940e+13,3.711557e+01
2.787883e+13,3.681528e+01
3.323368e+14,8.000000e+01
5.209540e+13,3.405263e+01
4.396773e+13,3.459315e+01
2.684189e+13,3.020895e+01
7.340739e+13,3.897735e+01
2.880338e+13,7.899469e+01
4.884275e+13,3.345206e+01
3.610404e+13,7.897998e+01
3.610404e+13,5.000002e+00
1.228033e+13,7.908203e+01
1.394149e+13,7.866775e+01
1.393418e+13,7.899642e+01
8.032465e+13,8.000000e+01
2.155333e+13,7.899702e+01
3.245533e+14,6.390124e+01
8.380688e+14,6.894607e+01
6.425814e+13,4.882679e+01
1.512649e+14,8.000000e+01
1.960604e+13,7.899055e+01
8.613074e+13,3.861701e+01
4.321990e+14,8.000000e+01
3.808404e+13,3.567419e+01
1.352567e+13,7.899712e+01
6.815619e+14,8.000000e+01
6.815619e+14,8.000000e+01
1.161654e+14,4.354173e+01
1.385031e+13,7.899918e+01
6.945906e+13,4.414230e+01
5.441977e+13,3.597448e+01
4.914350e+13,3.243108e+01
1.425727e+14,8.000000e+01
1.088983e+15,8.000000e+01
4.052398e+13,7.896735e+01
1.644977e+13,7.899753e+01
4.856724e+14,8.000000e+01
1.334541e+13,7.899423e+01
4.946327e+13,7.899044e+01
4.946327e+13,5.873629e+01
1.132039e+14,7.777453e+01
3.057112e+16,8.000000e+01
4.401038e+13,3.321183e+01
9.419965e+12,7.898761e+01
1.432698e+13,7.899618e+01
9.102787e+12,1.700000e+01
2.101301e+13,7.899585e+01
1.369442e+13,1.500000e+01
2.239137e+13,7.898562e+01
3.095723e+14,8.000000e+01
5.315439e+13,3.741586e+01
1.117799e+14,8.000000e+01
9.886899e+12,7.899649e+01
1.840267e+13,7.899458e+01
4.140025e+15,8.000000e+01
2.924823e+13,2.846728e+01
1.604870e+13,7.899196e+01
3.011406e+13,3.038912e+01
4.703073e+13,4.053885e+01
1.137327e+14,6.462193e+01
3.808482e+13,7.899704e+01
2.537825e+13,7.899589e+01
8.212121e+14,8.000000e+01
5.703796e+13,4.017850e+01
2.090198e+13,7.894724e+01
1.553562e+13,7.898119e+01
5.675256e+13,5.633399e+01
8.508703e+13,7.931584e+01
8.508703e+13,8.000000e+01
1.409189e+13,7.899555e+01
3.664311e+13,3.195062e+01
3.072733e+13,7.899856e+01
3.377004e+13,3.591442e+01
3.662275e+13,7.899610e+01
4.048589e+13,3.104976e+01
2.766330e+13,7.899662e+01
1.828918e+13,7.899439e+01
1.188695e+14,4.606414e+01
4.885518e+13,3.315177e+01
2.873301e+14,7.122826e+01
5.049473e+13,7.899872e+01
1.049043e+13,7.895955e+01
3.406485e+13,7.897341e+01
2.070066e+13,7.899179e+01
1.507379e+14,6.227968e+01
5.514054e+13,5.000240e+00
5.514054e+13,5.000172e+00
1.642499e+14,7.399091e+01
1.072273e+13,7.899879e+01
5.480911e+13,7.899299e+01
5.480911e+13,7.899821e+01
3.586571e+13,3.801643e+01
2.561243e+13,7.897207e+01
3.641057e+13,3.699545e+01
1.283360e+13,4.999574e+00
1.562791e+13,7.897573e+01
2.005686e+13,2.210118e+01
2.062410e+13,5.498450e+01
4.633732e+13,3.621471e+01
9.602227e+12,7.898769e+01
1.616497e+13,7.915840e+01
1.011869e+14,5.225007e+01
1.277455e+13,7.898641e+01
9.114796e+14,8.000000e+01
9.114796e+14,8.000000e+01
1.015280e+13,7.899600e+01
2.486612e+13,4.999699e+00
1.396406e+13,1.699630e+01
1.953679e+13,7.898966e+01
3.429533e+13,7.899003e+01
1.236367e+14,6.780498e+01
3.935645e+13,3.171039e+01
3.053470e+13,7.899089e+01
1.353140e+13,7.899569e+01
1.568870e+13,7.897748e+01
7.851953e+13,5.717479e+01
3.848629e+13,3.471327e+01
8.095543e+13,4.047879e+01
5.070216e+13,3.315177e+01
1.657631e+13,7.899738e+01
1.581760e+13,7.898934e+01
1.663777e+14,8.000000e+01
1.663777e+14,8.000000e+01
3.182191e+13,7.841073e+01
1.859609e+14,8.000000e+01
2.119466e+14,4.898079e+01
3.019398e+14,5.903658e+01
5.352374e+13,3.183050e+01
1.643794e+13,7.899877e+01
2.144974e+17,8.000000e+01
3.237205e+14,8.000000e+01
3.237205e+14,8.000000e+01
5.324117e+13,4.161989e+01
1.698276e+13,7.888436e+01
2.815438e+13,7.899376e+01
1.318919e+14,8.000000e+01
3.123661e+13,3.411269e+01
2.686233e+13,7.895473e+01
3.511717e+13,7.899615e+01
5.557845e+13,5.447220e+01
4.248974e+13,7.894517e+01
1.268650e+13,7.899896e+01
2.472863e+13,2.474371e+01
1.838482e+13,7.899532e+01
1.562821e+13,4.999042e+00
1.565023e+13,7.899158e+01
1.022950e+13,1.699602e+01
1.038137e+13,5.284458e+01
2.592387e+14,8.000000e+01
2.592387e+14,8.000000e+01
6.894144e+14,3.867707e+01
1.910456e+13,2.210118e+01
1.468191e+13,7.898715e+01
8.030701e+13,4.228052e+01
9.963943e+13,4.462276e+01
6.437552e+15,8.000000e+01
2.757002e+13,2.576469e+01
1.286517e+13,7.895414e+01
1.288261e+13,7.898665e+01
1.413372e+19,8.000000e+01
1.413372e+19,8.000000e+01
7.579473e+13,3.699042e+01
2.347087e+13,2.618509e+01
1.942475e+13,7.899427e+01
1.352594e+13,7.899235e+01
3.251260e+13,7.899618e+01
2.608477e+13,4.851266e+01
2.327479e+13,2.264170e+01
2.072707e+13,7.838368e+01
6.646769e+13,4.324144e+01
1.138634e+13,4.999651e+00
2.781406e+13,7.898750e+01
3.056227e+13,7.917623e+01
2.236404e+13,5.473703e+01
4.682870e+13,7.897287e+01
2.318695e+13,7.899567e+01
2.864786e+13,4.999043e+00
4.183635e+13,7.896789e+01
1.372375e+14,7.501189e+01
1.912212e+13,7.899232e+01
9.801659e+13,4.504317e+01
1.431740e+13,7.899863e+01
1.789695e+14,8.000000e+01
1.789695e+14,8.000000e+01
1.022322e+14,5.291071e+01
3.167997e+13,2.588481e+01
4.704551e+13,6.516245e+01
6.175870e+13,7.897679e+01
1.977046e+13,7.898691e+01
4.762721e+13,4.192017e+01
1.822048e+13,6.865333e+01
3.915730e+13,7.894690e+01
2.287871e+13,2.420319e+01
2.075913e+13,7.899544e+01
1.277965e+14,7.315010e+01
5.653129e+12,7.899902e+01
2.606708e+13,7.894049e+01
5.718278e+13,5.000101e+00
1.388075e+14,6.858573e+01
1.258819e+13,7.898950e+01
9.459061e+13,6.270009e+01
5.245792e+13,5.000002e+00
5.245792e+13,7.898749e+01
8.510829e+13,5.056846e+01
8.117093e+13,8.000000e+01
1.491566e+14,4.636443e+01
4.159414e+13,7.899736e+01
4.035672e+15,7.333027e+01
8.927571e+13,7.843517e+01
8.927571e+13,7.843517e+01
2.094056e+14,8.000000e+01
2.094056e+14,8.000000e+01
1.198003e+14,5.020812e+01
1.451909e+13,7.894365e+01
3.101629e+13,3.068941e+01
1.723310e+13,7.899626e+01
2.881462e+13,7.890346e+01
1.106985e+13,7.898847e+01
1.138717e+16,8.000000e+01
1.210770e+13,7.899070e+01
3.078729e+13,2.696584e+01
5.423871e+13,3.471327e+01
1.230902e+13,7.897979e+01
3.065166e+14,8.000000e+01
9.467156e+12,7.898270e+01
3.817693e+13,3.513367e+01
3.839061e+13,3.020895e+01
3.976823e+13,3.939776e+01
1.255278e+14,5.122909e+01
4.423172e+13,3.669517e+01
1.069557e+13,7.895435e+01
1.493869e+13,7.887935e+01
2.620485e+13,1.700000e+01
7.384211e+13,6.131876e+01
1.161327e+14,8.000000e+01
4.141046e+13,3.273137e+01
6.741423e+13,6.203945e+01
4.047669e+13,3.165033e+01
3.081047e+13,2.678567e+01
1.190496e+13,7.899390e+01
2.815231e+13,2.444342e+01
9.743063e+13,7.050757e+01
9.341690e+13,6.864579e+01
1.326105e+13,7.899731e+01
3.417991e+13,3.171039e+01
4.785803e+13,7.899778e+01
1.017164e+15,8.000000e+01
1.938929e+13,7.897790e+01
6.414730e+14,5.429203e+01
1.567666e+13,7.899544e+01
1.154679e+14,7.963632e+01
4.094550e+13,2.852734e+01
1.362917e+14,6.900613e+01
2.104188e+14,6.618343e+01
2.210895e+13,7.898930e+01
1.698596e+14,5.158944e+01
2.557879e+13,7.896020e+01
8.503164e+13,8.000000e+01
2.187552e+13,7.899416e+01
4.503187e+13,4.402219e+01
3.299587e+14,8.000000e+01
3.299587e+14,8.000000e+01
3.299587e+14,8.000000e+01
2.949775e+13,7.898702e+01
1.647147e+13,7.899327e+01
3.037124e+13,2.864745e+01
1.212602e+13,7.899629e+01
3.910663e+13,3.315177e+01
3.769110e+13,3.243108e+01
7.019729e+13,6.336072e+01
1.285663e+14,6.822538e+01
1.285663e+14,6.822538e+01
4.381454e+13,5.459232e+01
1.710276e+14,5.249030e+01
1.096809e+13,7.899306e+01
8.894735e+12,7.253540e+01
1.942937e+13,7.897540e+01
1.121313e+14,7.579263e+01
1.616534e+13,7.890455e+01
5.683780e+13,3.711557e+01
4.919170e+15,8.000000e+01
5.215595e+13,7.896898e+01
9.676733e+16,8.000000e+01
4.618148e+13,7.899725e+01
2.611433e+13,2.624515e+01
2.425590e+13,2.468366e+01
3.026921e+13,2.906786e+01
1.991428e+13,7.898776e+01
1.998546e+13,7.899070e+01
1.325513e+14,7.429120e+01
1.523543e+13,7.897245e+01
6.409746e+13,5.315094e+01
9.918237e+12,7.899688e+01
2.571377e+13,7.899756e+01
1.276658e+14,4.738541e+01
5.075961e+13,7.898858e+01
1.230225e+13,4.999648e+00
4.020384e+13,7.897069e+01
1.922787e+13,7.897524e+01
6.468526e+13,3.831672e+01
1.292891e+13,7.899441e+01
5.194275e+14,8.000000e+01
3.847390e+13,3.171039e+01
4.151129e+13,3.621471e+01
6.320385e+13,6.462193e+01
4.125466e+13,3.489344e+01
2.034229e+13,6.539687e+01
3.329323e+13,4.999529e+00
2.069156e+17,8.000000e+01
2.069156e+17,8.000000e+01
3.311640e+13,2.630521e+01
4.248873e+13,4.600409e+01
2.328023e+13,2.456354e+01
1.832327e+14,5.831589e+01
3.135976e+13,3.153022e+01
2.232773e+13,2.522417e+01
2.607323e+14,8.000000e+01
1.200342e+13,7.899086e+01
2.980168e+13,2.870751e+01
2.402783e+13,7.899479e+01
3.847419e+13,7.891718e+01
3.886537e+13,4.035868e+01
6.801577e+13,3.711557e+01
1.554028e+13,7.899666e+01
3.908995e+13,4.035868e+01
2.153302e+13,2.204112e+01
2.021967e+13,7.898387e+01
1.145750e+13,4.999748e+00
1.015799e+13,7.898426e+01
4.643394e+14,8.000000e+01
8.843074e+13,7.897332e+01
9.281959e+13,5.212996e+01
1.227248e+14,8.000000e+01
2.471933e+14,8.000000e+01
4.273260e+13,3.525378e+01
2.596143e+13,7.899055e+01
3.278742e+13,7.899675e+01
3.278742e+13,7.899805e+01
3.982688e+13,4.701105e+01
3.997928e+13,3.068941e+01
5.065372e+13,4.498311e+01
1.064515e+13,7.899216e+01
1.783165e+13,7.899478e+01
1.521847e+14,6.570297e+01
4.449894e+13,3.183050e+01
1.609080e+13,5.000000e+00
6.706356e+13,4.017850e+01
2.922687e+14,6.384118e+01
1.933018e+14,8.000000e+01
1.933018e+14,8.000000e+01
2.381014e+13,7.899615e+01
3.594824e+13,3.537390e+01
3.631847e+13,2.882763e+01
3.148098e+13,2.702590e+01
2.543979e+13,7.897921e+01
2.907042e+13,7.897697e+01
1.282740e+13,7.897079e+01
2.138686e+13,7.895314e+01
1.055106e+14,5.993744e+01
1.171919e+15,8.000000e+01
1.675998e+13,7.896123e+01
1.497428e+13,7.899602e+01
2.766196e+13,7.899387e+01
1.167391e+14,7.116820e+01
1.540962e+13,7.899342e+01
6.858265e+13,7.272970e+01
2.752067e+14,8.000000e+01
7.783740e+13,6.119865e+01
1.660251e+14,5.831589e+01
1.277723e+13,7.899561e+01
2.279215e+14,7.807482e+01
1.640050e+13,7.896477e+01
1.305903e+14,8.000000e+01
2.977468e+13,7.660345e+01
1.061487e+14,7.861534e+01
4.521111e+13,3.801643e+01
3.539708e+13,3.068941e+01
1.984023e+13,2.186095e+01
1.457987e+13,7.885185e+01
9.040245e+14,8.000000e+01
9.040245e+14,8.000000e+01
7.552898e+13,7.898939e+01
1.587645e+13,7.836319e+01
5.970246e+13,7.898997e+01
1.114618e+13,7.899873e+01
3.465950e+15,8.000000e+01
3.917399e+13,3.375235e+01
2.405979e+13,2.702590e+01
1.367810e+14,6.221963e+01
2.181636e+13,7.899612e+01
2.603439e+14,7.242941e+01
2.828534e+13,7.899640e+01
2.107200e+13,7.897141e+01
1.368535e+13,6.910229e+01
2.077145e+13,7.896932e+01
2.068448e+14,7.651333e+01
1.416136e+13,7.899457e+01
2.377775e+13,2.498053e+01
1.394240e+13,7.899087e+01
2.027650e+14,5.134921e+01
1.329881e+14,5.849606e+01
1.259464e+14,7.008717e+01
1.625946e+14,8.000000e+01
9.948293e+13,5.008800e+01
1.856040e+13,7.892426e+01
1.641087e+14,7.591275e+01
6.642731e+18,8.000000e+01
2.758244e+13,7.899008e+01
1.835361e+14,5.753514e+01
1.214802e+13,7.899235e+01
2.004961e+14,8.000000e+01
5.635119e+13,3.495350e+01
1.370656e+13,7.896373e+01
5.230229e+13,3.849689e+01
4.766686e+13,4.999759e+00
3.799636e+14,8.000000e+01
2.659062e+13,7.867158e+01
2.463982e+13,2.522417e+01
1.905006e+13,7.899664e+01
2.720493e+13,7.899542e+01
4.452463e+13,5.519289e+01
6.912201e+13,3.867707e+01
2.920082e+13,4.999955e+00
4.716545e+13,4.270092e+01
3.136722e+13,3.171039e+01
1.226272e+14,8.000000e+01
1.226272e+14,8.000000e+01
2.642998e+13,7.918975e+01
5.219621e+13,3.765609e+01
7.368405e+14,6.846561e+01
1.183646e+14,8.000000e+01
1.431440e+14,4.822622e+01
8.816128e+13,8.000000e+01
1.986147e+15,8.000000e+01
3.529289e+13,3.621471e+01
1.557262e+14,6.666389e+01
1.557262e+14,6.666389e+01
3.090277e+13,2.804688e+01
1.670135e+13,7.899609e+01
1.967439e+15,8.000000e+01
9.723391e+13,5.309088e+01
1.667931e+13,7.889071e+01
1.973406e+13,7.898238e+01
4.064380e+13,7.899499e+01
4.064380e+13,7.899632e+01
2.332467e+13,2.510406e+01
9.931252e+12,7.899056e+01
2.509438e+13,7.894985e+01
1.478874e+13,7.894499e+01
1.123982e+13,7.899354e+01
2.147287e+13,2.342245e+01
5.143329e+13,2.300000e+01
4.428420e+13,3.831672e+01
2.722361e+13,7.884719e+01
1.085910e+14,4.678484e+01
3.950996e+13,3.771614e+01
6.299148e+13,4.330150e+01
1.706235e+13,7.898194e+01
8.510349e+12,7.899676e+01
4.708478e+13,4.149977e+01
3.132489e+13,2.924803e+01
7.263685e+13,7.899423e+01
1.637550e+13,7.885978e+01
1.527454e+15,6.384118e+01
2.208761e+13,7.899434e+01
2.526295e+13,7.886155e+01
6.054620e+13,3.777620e+01
3.409392e+13,7.898221e+01
1.060108e+14,4.840639e+01
5.034692e+13,4.089919e+01
3.437989e+13,3.074947e+01
2.361373e+13,4.112677e+01
1.659246e+13,4.999937e+00
1.615875e+13,1.699014e+01
6.482616e+16,8.000000e+01
6.482616e+16,8.000000e+01
6.092113e+13,6.690412e+01
6.092113e+13,5.000134e+00
2.811637e+13,3.321183e+01
1.122402e+13,4.999550e+00
9.248934e+13,7.561246e+01
9.121107e+14,8.000000e+01
9.121107e+14,8.000000e+01
3.422418e+13,7.896958e+01
2.075398e+13,7.899806e+01
2.484824e+13,7.899583e+01
1.132028e+14,4.816616e+01
7.972402e+13,4.228052e+01
1.894148e+13,7.899378e+01
9.648151e+12,7.898844e+01
8.041823e+12,7.899601e+01
8.727153e+13,4.852650e+01
6.366731e+13,4.270092e+01
3.709435e+13,3.267131e+01
6.377082e+13,7.248947e+01
6.377082e+13,7.248947e+01
2.931680e+13,5.000095e+00
2.242595e+14,8.000000e+01
2.194465e+13,7.899695e+01
1.973312e+14,3.300000e+01
4.510952e+13,7.898509e+01
3.827350e+13,4.174000e+01
9.681551e+13,8.000000e+01
9.681551e+13,5.000112e+00
2.161065e+14,8.000000e+01
2.161065e+14,8.000000e+01
2.673554e+13,4.299024e+01
9.562608e+13,5.363140e+01
1.885751e+13,7.899640e+01
4.030553e+13,7.897677e+01
1.722271e+13,7.899829e+01
5.610906e+13,7.898362e+01
3.962157e+13,4.999750e+00
3.227872e+13,2.924803e+01
4.136805e+14,8.000000e+01
4.136805e+14,8.000000e+01
7.154559e+13,8.000000e+01
2.918500e+13,7.898758e+01
2.511035e+13,7.898981e+01
3.888398e+13,3.657505e+01
6.903971e+13,7.899708e+01
1.270737e+13,7.899805e+01
5.368492e+13,7.696909e+01
5.368492e+13,7.948287e+01
1.411336e+14,8.000000e+01
5.056895e+13,3.921758e+01
7.003192e+13,7.899227e+01
1.970606e+13,7.899852e+01
3.001791e+13,2.909822e+01
3.198743e+13,2.732619e+01
9.124609e+13,7.459148e+01
1.731464e+14,4.594403e+01
7.495907e+13,4.095925e+01
3.584848e+13,7.898784e+01
8.623905e+12,7.899809e+01
1.113256e+13,7.897958e+01
5.219661e+13,4.726530e+01
6.791037e+13,5.987738e+01
2.882752e+14,8.000000e+01
2.882752e+14,8.000000e+01
2.738061e+20,8.000000e+01
2.738061e+20,8.000000e+01
2.738061e+20,8.000000e+01
2.738061e+20,8.000000e+01
2.738061e+20,8.000000e+01
2.738061e+20,8.000000e+01
2.738061e+20,8.000000e+01
1.526096e+13,7.898380e+01
7.488340e+13,4.396213e+01
1.180534e+13,7.899603e+01
1.351827e+13,4.999625e+00
1.639467e+14,5.579347e+01
2.980493e+13,2.666555e+01
2.723522e+14,6.294032e+01
5.483765e+13,3.879718e+01
7.053585e+13,3.915753e+01
7.803502e+13,4.648455e+01
4.112453e+13,3.165033e+01
7.225996e+13,6.318055e+01
3.973989e+14,7.801476e+01
3.765889e+14,8.000000e+01
3.459965e+14,8.000000e+01
1.799643e+13,7.899443e+01
2.011880e+13,2.282187e+01
2.750100e+13,3.098682e+01
8.030284e+13,6.161905e+01
7.068410e+13,4.119948e+01
2.482413e+13,7.896982e+01
1.737421e+13,7.897118e+01
2.551073e+13,7.898264e+01
7.649083e+13,5.261042e+01
1.513541e+13,7.899318e+01
1.221421e+13,7.899548e+01
8.670362e+13,5.633399e+01
1.285086e+13,7.899745e+01
8.583255e+13,5.993744e+01
1.296315e+14,4.768570e+01
3.014420e+13,3.092964e+01
1.005895e+13,4.295086e+01
1.681220e+13,7.899721e+01
1.081845e+14,8.000000e+01
1.958456e+13,7.822550e+01
3.625691e+13,3.195062e+01
1.379313e+13,7.899756e+01
6.857465e+13,5.000004e+00
6.857465e+13,7.899739e+01
2.515691e+13,2.420319e+01
2.429768e+13,2.672561e+01
1.860723e+13,4.999938e+00
2.455477e+13,2.366268e+01
2.907312e+13,2.780665e+01
4.674924e+13,5.651416e+01
5.548264e+13,4.606414e+01
5.548264e+13,4.606414e+01
4.031829e+13,3.159027e+01
4.372522e+14,8.000000e+01
2.347005e+13,7.899209e+01
1.290120e+13,7.898382e+01
9.341062e+12,7.899816e+01
1.304638e+13,2.697984e+01
2.823774e+13,7.892947e+01
1.264579e+13,7.898381e+01
1.317867e+15,6.191934e+01
1.157253e+13,7.899780e+01
2.434169e+13,2.552446e+01
2.283695e+13,2.600492e+01
9.430747e+13,7.899930e+01
9.430747e+13,7.899928e+01
5.336576e+13,3.555407e+01
1.399004e+13,7.899735e+01
2.236718e+14,8.000000e+01
2.236718e+14,8.000000e+01
1.136278e+13,7.899747e+01
1.850370e+15,8.000000e+01
1.340423e+14,5.056846e+01
1.446134e+14,4.486299e+01
1.144541e+14,6.059807e+01
2.700218e+13,7.898623e+01
1.009287e+14,8.000000e+01
1.009287e+14,4.999998e+00
5.053116e+13,4.898585e+01
3.459935e+13,3.183050e+01
2.215095e+13,7.899837e+01
2.577631e+13,7.887219e+01
1.031112e+14,5.939692e+01
2.403158e+13,7.894247e+01
3.097839e+14,7.699379e+01
2.598839e+13,7.897966e+01
2.292307e+13,2.438337e+01
7.086793e+13,8.000000e+01
1.604857e+14,8.000000e+01
7.788021e+13,7.218918e+01
9.614387e+13,6.197940e+01
4.593685e+13,5.000265e+00
7.846364e+13,5.000170e+00
7.846364e+13,4.999926e+00
1.957390e+13,7.897156e+01
2.194970e+13,7.898413e+01
1.726556e+13,7.892981e+01
1.349057e+13,6.288849e+01
1.595472e+14,7.104809e+01
1.190770e+13,7.894083e+01
2.673934e+13,2.774659e+01
1.381647e+13,7.899757e+01
5.226732e+13,4.468282e+01
1.574292e+14,8.000000e+01
3.693222e+13,3.074947e+01
3.491460e+13,4.258081e+01
2.198318e+13,7.896316e+01
4.951107e+13,4.011845e+01
5.027583e+13,3.375235e+01
3.756341e+13,3.687534e+01
2.419767e+13,7.899695e+01
1.212453e+13,7.899254e+01
4.470106e+13,3.110981e+01
1.052147e+14,7.899337e+01
1.052147e+14,8.000000e+01
1.739115e+13,7.898905e+01
8.638615e+13,8.000000e+01
6.934016e+13,3.741586e+01
5.119573e+13,5.212996e+01
4.601334e+14,2.878438e+01
1.817262e+14,7.843517e+01
2.406356e+13,2.408308e+01
1.799387e+14,3.293852e+01
2.181215e+13,7.898510e+01
2.273823e+13,2.384285e+01
1.005283e+14,5.152938e+01
8.085682e+14,5.951704e+01
6.662895e+13,7.918888e+01
3.828754e+14,5.615381e+01
4.526363e+13,4.005839e+01
1.684622e+13,7.897737e+01
1.534708e+14,8.000000e+01
4.811246e+13,7.912384e+01
2.145392e+13,7.897968e+01
9.661527e+13,3.999833e+01
2.116689e+13,7.892178e+01
2.419036e+13,7.891766e+01
4.271391e+13,7.697729e+01
1.979230e+13,7.898346e+01
1.458182e+14,8.000000e+01
1.458182e+14,8.000000e+01
2.302911e+13,2.342245e+01
1.165596e+14,6.414147e+01
1.165596e+14,6.414147e+01
5.412227e+14,8.000000e+01
1.825515e+14,6.288026e+01
8.230630e+13,4.630437e+01
6.792147e+13,4.900696e+01
2.120183e+16,8.000000e+01
2.120183e+16,8.000000e+01
4.524704e+13,3.116987e+01
1.308956e+13,7.899364e+01
1.401131e+15,5.603370e+01
3.109635e+14,8.000000e+01
2.061795e+13,5.867968e+01
1.250512e+14,5.225007e+01
2.562412e+14,6.564291e+01
1.613442e+13,4.999787e+00
3.849024e+13,7.923593e+01
3.859217e+13,2.732619e+01
3.094703e+13,2.972849e+01
2.379062e+13,7.899501e+01
3.025882e+13,3.008884e+01
2.057790e+13,7.908643e+01
3.135110e+13,7.899630e+01
2.811582e+14,8.000000e+01
2.034124e+13,2.270176e+01
1.564694e+13,7.899769e+01
1.676637e+13,7.899078e+01
7.711575e+13,4.822622e+01
1.816795e+14,8.000000e+01
1.508734e+13,7.898733e+01
1.863192e+13,7.899607e+01
1.179974e+13,7.899722e+01
8.407952e+12,7.899656e+01
1.702346e+14,7.951620e+01
4.405341e+13,4.456271e+01
2.870055e+13,2.660550e+01
2.104129e+13,7.899575e+01
1.408873e+14,3.500000e+01
4.258861e+13,3.074947e+01
1.148729e+13,7.899864e+01
2.429867e+13,2.708596e+01
4.617722e+13,3.531384e+01
8.882653e+13,5.675439e+01
7.201855e+13,5.531301e+01
4.103633e+13,3.122993e+01
3.748115e+13,2.906786e+01
2.812509e+14,8.000000e+01
4.133813e+14,6.125871e+01
1.361722e+13,7.896973e+01
4.640985e+13,3.219085e+01
2.546652e+13,7.899260e+01
2.262186e+13,7.896844e+01
7.346378e+13,4.756558e+01
5.319276e+13,5.158944e+01
1.202261e+13,1.900000e+01
3.579997e+13,3.717563e+01
2.975173e+13,7.892637e+01
1.399384e+13,7.899580e+01
1.448851e+14,8.000000e+01
4.376920e+13,2.298452e+01
2.025259e+13,7.898011e+01
1.588424e+13,7.898948e+01
3.012025e+13,2.924803e+01
2.111743e+14,6.125871e+01
1.027517e+14,7.315010e+01
1.027517e+14,7.315010e+01
1.360536e+13,5.708404e+01
1.007241e+14,7.891563e+01
9.900988e+13,3.507329e+01
9.414742e+13,8.000000e+01
9.414742e+13,8.000000e+01
1.855149e+13,7.898894e+01
7.116294e+13,6.708429e+01
2.475520e+14,7.675356e+01
2.257807e+14,6.618343e+01
2.777996e+13,6.524057e+01
2.993333e+14,6.402135e+01
3.530690e+13,3.255119e+01
1.024949e+13,7.899676e+01
1.770561e+13,7.899325e+01
2.426748e+13,7.899308e+01
5.408078e+13,7.899471e+01
5.847237e+13,2.692151e+01
5.722478e+14,6.786504e+01
8.932895e+13,3.879718e+01
1.723830e+13,7.898561e+01
8.588906e+13,7.693373e+01
8.588906e+13,7.693373e+01
1.942030e+13,7.899128e+01
1.828765e+14,4.456271e+01
1.147610e+14,8.000000e+01
3.378157e+13,2.570463e+01
1.611174e+13,7.899017e+01
2.477289e+13,7.896897e+01
6.037443e+14,8.000000e+01
6.037443e+14,8.000000e+01
6.037443e+14,8.000000e+01
6.037443e+14,8.000000e+01
5.635725e+13,4.702507e+01
5.893369e+14,8.000000e+01
5.893369e+14,8.000000e+01
2.544587e+13,7.890638e+01
2.793294e+13,2.630521e+01
4.204184e+13,4.786587e+01
1.777211e+13,7.896862e+01
8.963084e+12,7.899863e+01
3.219207e+13,3.219085e+01
2.975410e+13,7.899446e+01
2.387332e+14,8.000000e+01
6.799690e+13,4.161989e+01
1.001825e+14,8.000000e+01
1.001825e+14,8.000000e+01
6.985171e+13,5.303082e+01
9.321274e+13,5.309088e+01
1.483451e+13,7.898343e+01
4.749284e+13,3.369229e+01
1.096145e+14,5.134921e+01
1.453691e+13,7.899632e+01
7.274473e+16,8.000000e+01
1.665256e+13,7.898235e+01
1.332763e+13,7.898673e+01
2.375084e+13,2.642532e+01
4.838325e+13,7.898495e+01
1.856612e+14,8.000000e+01
1.856612e+14,8.000000e+01
1.108642e+13,7.899573e+01
2.214745e+16,8.000000e+01
8.924628e+13,5.074863e+01
7.138670e+13,4.216040e+01
1.943843e+13,6.724093e+01
1.638770e+13,7.897233e+01
5.611479e+13,3.957793e+01
3.982523e+13,3.225091e+01
5.266009e+13,5.777537e+01
2.060866e+13,7.897080e+01
2.877839e+13,7.810788e+01
1.639383e+14,6.714435e+01
8.917564e+13,6.696417e+01
9.870411e+12,7.899201e+01
2.700154e+13,7.951431e+01
1.532948e+13,7.897838e+01
1.135182e+13,7.899165e+01
2.164698e+13,2.384285e+01
2.640840e+13,7.897946e+01
2.344200e+14,7.446255e+01
2.863808e+13,3.201068e+01
3.917066e+13,3.345206e+01
4.094439e+13,6.999482e+01
1.953431e+13,7.898212e+01
1.426696e+13,7.897540e+01
8.471095e+13,6.810527e+01
1.885066e+13,7.895700e+01
2.380070e+13,4.999117e+00
1.866328e+13,7.897843e+01
6.033545e+13,7.206907e+01
3.329402e+13,3.104976e+01
2.683658e+14,6.900613e+01
3.969608e+13,3.333194e+01
1.246779e+13,7.071791e+01
3.950467e+13,2.810694e+01
1.297963e+15,7.351045e+01
2.356135e+13,2.756642e+01
2.248686e+14,8.000000e+01
2.248686e+14,8.000000e+01
3.213079e+13,7.899504e+01
1.922957e+13,7.911754e+01
3.660180e+14,8.000000e+01
3.660180e+14,8.000000e+01
3.660180e+14,8.000000e+01
2.895543e+13,7.909535e+01
4.010005e+13,3.729574e+01
5.860416e+14,8.000000e+01
1.957690e+13,4.069296e+01
7.048930e+13,3.867707e+01
1.735924e+14,8.000000e+01
2.819405e+13,2.870751e+01
9.350750e+13,4.180006e+01
1.566392e+13,7.899628e+01
1.406851e+13,5.080114e+01
6.992608e+13,5.963715e+01
1.075784e+14,7.465154e+01
7.411246e+13,3.885724e+01
7.698927e+13,4.077908e+01
2.888089e+13,5.000189e+00
2.888089e+13,5.000000e+00
1.871704e+13,7.910118e+01
5.346772e+13,3.098970e+01
1.804500e+13,7.899468e+01
1.424477e+13,7.899272e+01
9.322146e+12,7.899762e+01
1.194774e+13,7.905553e+01
2.568680e+13,7.898809e+01
4.103609e+13,2.098514e+01
3.151600e+13,7.898021e+01
2.821857e+13,2.990866e+01
1.632745e+13,7.891727e+01
1.495669e+13,7.881747e+01
1.130823e+14,8.000000e+01
1.130823e+14,8.000000e+01
2.324272e+13,2.576469e+01
9.894330e+12,7.899712e+01
5.252683e+13,4.999747e+00
1.894905e+13,7.898972e+01
1.698475e+14,5.164950e+01
6.329975e+13,4.390207e+01
3.157830e+14,5.098886e+01
3.459344e+14,7.212912e+01
1.475273e+14,8.000000e+01
2.102384e+14,5.693456e+01
8.464682e+13,4.131960e+01
1.631328e+13,7.895812e+01
1.913067e+13,7.896573e+01
1.843756e+13,7.917035e+01
7.377949e+13,3.741586e+01
1.026889e+13,7.899661e+01
2.149411e+14,8.000000e+01
2.947936e+14,8.000000e+01
1.626963e+13,7.899382e+01
2.273760e+13,2.516412e+01
4.594550e+14,8.000000e+01
1.260665e+13,7.898989e+01
7.959232e+13,3.801643e+01
6.275722e+14,8.000000e+01
6.275722e+14,8.000000e+01
5.048290e+13,4.113943e+01
1.084459e+14,6.774492e+01
2.830127e+13,3.026901e+01
2.786681e+13,2.822705e+01
1.297203e+13,7.899350e+01
7.890515e+13,6.336072e+01
6.767289e+13,3.843684e+01
4.705032e+13,4.999977e+00
4.705032e+13,7.885217e+01
1.421362e+13,7.896792e+01
8.372404e+13,5.765525e+01
4.035264e+14,7.912180e+01
6.908111e+13,5.801560e+01
7.035014e+13,6.282020e+01
7.876053e+13,3.711557e+01
1.030824e+15,8.000000e+01
6.138406e+13,5.080869e+01
9.813171e+12,7.899844e+01
2.934966e+13,2.996872e+01
4.576678e+13,7.899001e+01
6.360339e+14,6.107853e+01
3.848717e+13,3.417275e+01
4.343324e+13,7.889665e+01
4.291469e+13,2.948826e+01
1.472358e+13,7.894826e+01
5.461110e+13,3.939776e+01
1.796966e+13,7.896945e+01
1.213521e+14,8.000000e+01
1.213521e+14,8.000000e+01
2.824978e+13,7.899476e+01
1.156981e+13,7.898946e+01
4.385351e+13,3.285148e+01
8.281054e+13,4.234058e+01
3.502823e+13,2.954832e+01
1.420353e+14,7.921592e+01
7.913777e+13,7.900000e+01
7.913777e+13,8.000000e+01
1.291474e+13,7.899798e+01
2.243328e+13,7.899132e+01
3.191451e+13,3.237102e+01
6.634568e+13,5.000027e+00
6.634568e+13,6.282020e+01
4.170736e+13,3.315177e+01
2.898894e+13,7.895303e+01
2.901004e+14,7.429120e+01
1.826810e+13,7.899721e+01
1.879385e+13,7.894959e+01
1.154754e+13,3.907994e+01
5.771291e+13,8.000000e+01
6.484176e+13,4.999932e+00
1.864176e+13,7.899263e+01
2.606367e+13,7.898180e+01
2.223069e+13,7.898778e+01
3.528467e+14,8.000000e+01
2.010325e+13,7.859614e+01
8.991663e+13,5.176961e+01
7.377760e+13,3.573425e+01
2.738295e+14,5.225007e+01
2.832012e+13,2.642532e+01
5.249571e+13,5.249030e+01
1.221113e+13,7.899620e+01
3.083493e+13,3.399258e+01
2.463890e+13,2.738625e+01
5.242677e+13,3.909747e+01
1.469481e+13,7.899567e+01
8.807125e+13,4.678484e+01
8.224468e+13,7.896360e+01
8.224468e+13,7.898442e+01
4.099399e+13,3.987822e+01
4.204855e+13,4.270092e+01
3.201310e+13,7.899788e+01
3.462767e+13,7.899686e+01
4.306747e+13,3.122993e+01
7.432895e+13,5.909663e+01
2.075851e+14,2.900000e+01
2.671986e+13,7.075644e+01
4.613967e+13,4.450265e+01
2.898094e+14,8.000000e+01
2.898094e+14,8.000000e+01
6.597742e+13,4.035868e+01
6.337180e+13,7.899622e+01
6.337180e+13,7.899937e+01
2.194935e+13,7.899645e+01
1.255721e+13,4.999764e+00
2.212494e+13,7.894825e+01
1.524936e+13,7.899004e+01
1.487858e+15,8.000000e+01
1.254352e+13,7.898777e+01
2.977883e+13,7.891803e+01
6.197837e+13,4.999886e+00
6.197837e+13,5.000081e+00
1.431378e+14,7.074780e+01
7.454703e+13,8.000000e+01
9.837641e+13,4.540351e+01
1.429910e+14,8.000000e+01
1.429910e+14,8.000000e+01
1.457073e+14,7.627309e+01
7.837200e+19,8.000000e+01
3.729963e+14,6.432164e+01
3.230675e+13,2.582475e+01
2.126593e+13,7.899341e+01
2.096924e+13,7.898397e+01
1.743208e+13,7.899654e+01
5.997961e+13,6.336072e+01
2.793938e+13,7.896818e+01
3.983764e+13,7.888770e+01
4.688789e+13,7.096363e+01
1.966382e+14,8.000000e+01
1.966382e+14,8.000000e+01
6.147601e+13,7.899978e+01
9.845619e+12,7.899722e+01
1.051808e+14,6.179922e+01
1.521540e+14,6.390124e+01
3.800008e+13,4.011845e+01
1.161004e+13,7.898936e+01
4.876540e+13,4.035868e+01
4.606209e+13,7.899321e+01
6.356467e+13,4.810610e+01
1.312296e+14,6.191934e+01
3.363747e+13,2.888768e+01
2.709832e+13,7.899410e+01
9.614459e+13,4.210035e+01
4.760224e+13,3.687534e+01
8.977374e+12,7.899196e+01
9.144005e+12,7.899755e+01
2.492685e+13,7.893162e+01
1.317404e+13,7.898260e+01
1.607516e+13,7.899639e+01
1.340109e+13,7.899494e+01
2.321878e+13,7.899085e+01
6.317302e+13,4.999926e+00
1.969978e+14,8.000000e+01
1.969978e+14,8.000000e+01
9.761296e+13,5.000016e+00
3.400516e+13,7.899637e+01
9.517186e+13,4.500000e+01
5.768382e+13,3.921758e+01
3.332519e+13,4.678484e+01
3.268339e+13,2.762648e+01
3.384637e+13,2.612504e+01
1.337661e+13,5.000000e+00
1.176091e+14,8.000000e+01
2.322908e+13,2.582475e+01
1.521995e+13,7.899609e+01
1.319423e+14,8.000000e+01
1.189441e+13,7.899813e+01
1.089286e+14,6.071819e+01
2.982877e+13,3.351212e+01
1.953797e+13,7.899642e+01
6.785569e+13,5.122909e+01
1.416031e+13,5.000125e+00
1.873309e+13,7.899740e+01
2.009867e+13,7.896064e+01
2.056658e+13,7.899329e+01
1.470260e+13,7.899662e+01
1.147090e+13,4.999732e+00
1.194222e+13,7.898813e+01
1.007475e+14,3.993827e+01
1.605702e+13,7.899826e+01
7.049390e+13,6.125871e+01
9.979583e+13,8.000000e+01
1.802662e+13,7.896931e+01
8.946620e+13,5.369145e+01
4.664771e+13,3.477332e+01
2.661212e+13,2.486383e+01
9.261352e+13,4.774576e+01
1.835100e+14,3.489835e+01
2.949021e+15,8.000000e+01
1.984461e+13,7.899504e+01
3.608324e+13,7.899580e+01
1.599754e+16,8.000000e+01
1.192988e+13,7.898654e+01
1.773872e+14,8.000000e+01
1.773872e+14,8.000000e+01
5.728437e+13,7.032740e+01
5.728437e+13,7.899729e+01
2.701840e+14,5.176961e+01
1.317386e+14,5.675439e+01
5.820231e+14,8.000000e+01
3.558168e+14,8.000000e+01
3.558168e+14,8.000000e+01
6.866260e+13,3.759603e+01
1.690845e+13,7.898915e+01
2.678816e+13,4.999183e+00
1.204595e+14,4.588397e+01
2.232506e+13,7.899156e+01
2.595872e+13,7.899456e+01
3.386102e+13,3.531384e+01
8.626971e+13,2.700677e+01
1.094753e+14,5.915669e+01
2.332968e+13,7.899702e+01
7.874643e+13,7.922573e+01
1.829397e+13,7.899735e+01
1.800836e+13,7.896868e+01
1.581625e+13,7.899792e+01
6.105419e+14,8.000000e+01
1.386070e+14,6.492222e+01
2.620074e+13,7.899750e+01
2.190743e+13,7.899810e+01
1.954817e+15,8.000000e+01
5.796287e+13,7.899912e+01
1.010970e+13,7.899610e+01
2.546336e+13,2.552446e+01
2.044305e+13,7.897912e+01
1.084227e+14,8.000000e+01
1.084227e+14,5.000008e+00
1.782094e+13,4.999923e+00
2.085311e+13,7.899825e+01
2.450538e+19,8.000000e+01
2.450538e+19,8.000000e+01
1.089133e+14,4.693030e+01
4.775086e+13,6.071819e+01
4.692880e+13,7.897839e+01
1.721490e+13,7.900000e+01
2.323565e+13,7.893665e+01
1.247467e+14,6.966676e+01
1.248014e+13,7.899681e+01
4.894718e+14,8.000000e+01
1.421594e+14,7.092797e+01
6.286763e+13,5.000026e+00
6.286763e+13,5.000026e+00
7.450888e+13,8.000000e+01
5.475896e+13,4.690495e+01
2.694028e+13,7.894717e+01
1.723007e+13,7.898925e+01
3.059521e+13,2.534429e+01
3.962661e+13,7.899648e+01
1.249381e+13,7.898048e+01
3.432924e+13,3.747591e+01
2.068500e+13,4.999805e+00
1.085096e+13,7.896558e+01
8.630391e+13,5.255036e+01
1.074154e+14,5.651416e+01
3.339047e+13,7.899421e+01
8.614535e+13,5.140927e+01
1.929639e+13,7.898852e+01
8.596214e+14,8.000000e+01
5.043777e+13,4.558368e+01
2.790874e+13,2.624515e+01
1.686255e+14,8.000000e+01
9.778345e+13,8.000000e+01
1.086499e+13,7.899751e+01
2.003701e+13,5.030693e+01
9.347362e+13,4.480294e+01
1.724845e+13,7.896193e+01
2.684800e+13,2.690578e+01
9.523176e+12,7.899815e+01
2.382961e+13,7.844040e+01
2.409421e+13,2.426325e+01
2.678559e+13,2.588481e+01
3.439734e+13,3.387246e+01
4.981391e+14,6.270009e+01
3.598291e+13,3.315177e+01
2.134067e+13,7.894322e+01
2.633226e+14,5.285065e+01
2.302768e+13,2.456354e+01
1.205241e+14,8.000000e+01
4.845086e+13,4.756558e+01
4.066975e+13,4.600409e+01
3.957519e+13,7.899527e+01
2.073117e+13,4.999833e+00
4.743756e+13,5.000085e+00
4.743756e+13,5.291071e+01
2.456545e+13,2.564458e+01
1.845551e+14,5.507278e+01
1.554204e+13,7.898555e+01
2.096699e+13,2.348250e+01
1.692981e+15,8.000000e+01
1.692981e+15,8.000000e+01
3.312210e+13,5.000010e+00
3.312210e+13,7.898589e+01
3.863168e+13,7.883351e+01
2.035866e+13,7.898844e+01
2.324576e+13,7.899158e+01
4.646315e+13,3.375235e+01
3.254636e+13,7.899941e+01
3.254636e+13,7.899703e+01
9.347599e+12,7.899235e+01
1.110773e+14,4.282104e+01
1.416782e+13,7.899673e+01
2.566837e+13,7.898625e+01
1.122642e+13,7.898714e+01
3.797097e+13,7.899538e+01
1.110632e+13,7.899635e+01
2.356651e+13,7.899204e+01
3.619049e+13,3.993827e+01
9.900695e+12,7.899819e+01
6.146112e+13,5.909663e+01
3.283463e+13,2.672561e+01
1.500826e+13,7.899768e+01
1.615112e+17,8.000000e+01
1.615112e+17,8.000000e+01
2.107562e+13,2.258164e+01
1.613155e+13,7.899842e+01
1.230419e+14,5.909362e+01
5.140296e+13,4.828627e+01
6.100509e+14,5.825583e+01
6.711436e+13,3.381240e+01
5.728843e+13,2.966843e+01
9.781101e+12,7.899793e+01
1.713605e+13,6.120240e+01
1.898709e+13,7.823873e+01
1.594080e+13,7.899315e+01
4.743045e+13,3.050924e+01
7.333139e+13,6.762481e+01
4.695748e+13,3.939776e+01
1.812688e+14,8.000000e+01
6.967260e+13,5.555324e+01
3.778092e+13,2.846728e+01
1.949925e+14,8.000000e+01
1.525396e+14,8.000000e+01
1.293007e+13,7.899665e+01
3.424199e+13,7.899738e+01
1.810686e+13,2.090003e+01
4.409029e+13,3.189056e+01
1.058517e+14,4.996789e+01
8.617505e+12,7.898992e+01
1.287371e+14,5.957709e+01
2.172590e+13,7.899121e+01
9.096662e+13,4.804604e+01
7.255060e+13,3.903741e+01
7.781036e+13,2.297169e+01
7.457299e+13,4.107937e+01
4.947346e+14,8.000000e+01
8.911624e+13,7.339033e+01
4.793702e+13,6.450181e+01
1.041045e+14,4.834633e+01
3.087012e+13,3.219085e+01
1.755888e+13,7.899709e+01
7.148160e+13,5.020812e+01
1.577433e+13,7.898669e+01
1.844664e+13,7.899453e+01
4.182988e+13,6.047796e+01
8.791771e+13,4.336155e+01
8.810312e+13,6.173917e+01
1.927852e+14,8.000000e+01
6.328416e+13,4.588397e+01
4.969145e+13,4.360178e+01
2.046029e+13,2.342245e+01
6.476518e+13,4.999582e+00
5.806439e+13,5.537307e+01
1.177481e+13,7.899624e+01
4.866766e+13,4.684489e+01
4.866766e+13,4.684489e+01
7.354954e+13,3.795637e+01
7.081759e+13,6.041790e+01
2.308474e+13,4.998304e+00
1.770509e+14,8.000000e+01
6.722460e+13,7.898972e+01
1.328969e+14,6.510239e+01
2.695450e+13,7.895346e+01
1.941406e+13,7.899819e+01
4.881011e+13,5.969721e+01
1.831704e+13,7.898873e+01
1.959403e+13,7.897526e+01
6.637585e+13,3.447304e+01
7.258369e+13,7.303679e+01
9.468100e+13,6.209951e+01
2.686778e+13,7.899659e+01
7.975453e+16,8.000000e+01
7.975453e+16,8.000000e+01
3.436137e+13,3.128999e+01
3.312400e+13,3.237102e+01
7.949804e+13,6.179922e+01
2.159683e+13,7.895510e+01
2.904875e+13,3.219085e+01
1.288658e+13,7.899562e+01
1.203527e+13,7.899863e+01
4.942708e+13,4.540351e+01
2.637656e+14,8.000000e+01
2.637656e+14,8.000000e+01
1.591311e+13,7.899194e+01
1.518097e+13,7.899866e+01
2.662913e+13,2.870751e+01
2.025219e+14,8.000000e+01
2.025219e+14,8.000000e+01
1.492754e+14,8.000000e+01
1.232810e+15,8.000000e+01
1.367158e+13,7.899735e+01
1.846178e+13,7.898006e+01
9.729095e+13,4.978771e+01
1.437452e+13,6.084512e+01
5.004215e+13,4.570380e+01
5.481838e+13,5.657422e+01
2.709779e+13,7.897300e+01
1.866805e+14,6.852567e+01
1.780307e+14,8.000000e+01
2.804604e+13,4.999942e+00
2.804604e+13,5.000016e+00
2.484542e+13,2.456354e+01
4.896456e+13,3.705551e+01
2.032901e+13,7.898580e+01
3.903810e+13,7.898472e+01
1.678352e+13,7.899600e+01
1.823317e+13,2.029945e+01
2.176157e+13,7.899777e+01
1.148961e+17,8.000000e+01
2.010669e+14,8.000000e+01
2.010669e+14,8.000000e+01
5.833181e+13,7.893917e+01
5.833181e+13,5.000066e+00
2.458984e+13,7.897669e+01
3.874201e+13,2.840722e+01
1.815472e+13,7.899234e+01
6.310041e+13,3.741586e+01
2.926290e+13,3.014889e+01
3.556583e+14,8.000000e+01
7.854258e+16,8.000000e+01
5.537694e+13,6.017767e+01
5.537694e+13,5.000018e+00
9.537623e+13,5.303082e+01
5.189068e+13,3.801643e+01
1.524489e+15,8.000000e+01
3.146621e+13,6.303112e+01
4.619258e+13,3.177045e+01
2.037180e+13,2.270176e+01
2.780997e+14,6.179922e+01
5.206570e+13,3.519373e+01
2.414833e+13,4.499145e+01
9.946188e+13,3.110981e+01
1.927591e+18,8.000000e+01
1.927591e+18,8.000000e+01
2.523631e+13,2.960837e+01
6.833527e+13,4.534345e+01
1.983212e+13,7.899184e+01
2.357436e+13,2.480377e+01
3.346945e+13,7.873912e+01
5.916365e+13,5.693456e+01
2.820117e+13,3.092964e+01
3.338223e+13,3.044918e+01
1.035379e+14,6.780498e+01
6.423299e+13,3.639488e+01
1.434156e+13,7.898828e+01
2.446074e+13,2.450348e+01
2.289356e+13,2.618509e+01
1.764295e+14,4.900696e+01
3.609560e+13,2.780665e+01
2.692187e+14,8.000000e+01
2.692187e+14,8.000000e+01
1.276277e+14,6.059807e+01
8.102074e+13,7.615298e+01
1.921198e+13,7.898001e+01
4.887329e+13,3.663511e+01
3.761315e+13,3.333194e+01
1.532668e+14,2.100000e+01
2.769182e+13,7.898586e+01
1.921620e+14,3.491931e+01
3.700842e+13,3.513367e+01
6.333252e+13,4.264086e+01
4.038519e+13,3.627476e+01
5.470343e+13,5.098886e+01
4.359541e+13,6.720099e+01
8.476642e+13,6.726446e+01
1.495325e+13,7.896917e+01
5.635112e+13,4.348167e+01
3.382517e+13,7.899089e+01
1.955607e+13,7.899808e+01
5.439788e+14,6.035784e+01
5.132637e+13,3.267131e+01
2.131727e+14,6.438170e+01
1.680206e+13,7.892438e+01
5.042954e+13,3.339200e+01
9.554956e+12,7.898853e+01
1.385040e+14,4.516328e+01
1.611383e+13,7.898355e+01
8.488571e+13,6.588314e+01
2.936892e+13,3.405263e+01
3.567751e+14,7.056763e+01
5.916052e+13,4.552363e+01
1.455015e+13,7.899409e+01
5.366496e+13,4.276098e+01
7.311874e+13,3.873712e+01
7.844195e+13,4.972766e+01
1.356967e+13,7.899384e+01
8.191803e+13,4.600409e+01
6.521132e+13,7.519206e+01
1.297423e+14,6.816532e+01
1.612505e+13,7.897850e+01
1.639344e+13,7.899484e+01
2.913474e+14,7.921592e+01
9.109307e+13,7.369062e+01
1.070168e+14,6.606331e+01
1.981125e+13,5.000044e+00
1.263309e+15,8.000000e+01
2.115156e+14,7.897568e+01
1.208766e+13,7.899839e+01
1.630144e+13,7.898962e+01
3.286409e+13,4.999953e+00
1.305344e+14,6.534262e+01
4.508759e+13,4.041873e+01
1.516686e+13,7.898672e+01
4.633458e+13,7.893245e+01
6.550568e+13,3.675522e+01
2.724605e+13,7.899437e+01
3.030928e+13,7.899176e+01
2.563192e+13,2.360262e+01
2.977740e+13,7.890539e+01
4.490086e+13,4.582391e+01
3.296817e+15,8.000000e+01
3.296817e+15,8.000000e+01
3.296817e+15,8.000000e+01
3.273318e+13,7.899528e+01
3.252708e+13,3.321183e+01
2.443178e+13,7.856650e+01
1.327183e+13,7.898868e+01
3.074647e+13,3.002878e+01
2.689706e+13,7.896001e+01
2.426473e+13,2.666555e+01
3.404593e+13,7.944705e+01
7.401225e+13,4.155983e+01
9.989272e+12,7.899858e+01
1.209972e+14,3.945781e+01
1.963950e+13,7.892559e+01
2.330863e+13,2.474371e+01
1.477097e+13,7.899657e+01
5.125281e+13,5.801301e+01
2.785923e+13,7.934099e+01
1.539791e+14,6.774492e+01
8.308818e+13,6.227968e+01
4.783519e+13,7.899647e+01
5.269223e+13,3.435292e+01
1.490725e+14,8.000000e+01
1.035429e+14,7.200901e+01
4.320699e+13,3.987822e+01
3.796015e+13,7.899833e+01
5.587287e+15,8.000000e+01
1.274303e+13,7.899078e+01
3.461621e+13,7.890005e+01
2.420651e+13,7.898908e+01
1.806253e+14,8.000000e+01
3.917083e+13,7.898235e+01
3.685223e+13,3.141010e+01
1.147568e+13,7.899632e+01
1.948430e+13,7.899704e+01
2.630367e+13,4.998655e+00
2.546776e+13,7.846030e+01
1.800118e+14,5.405180e+01
3.069285e+13,3.056930e+01
3.416258e+13,2.936814e+01
3.886811e+13,3.195062e+01
1.613107e+13,7.898881e+01
2.220834e+13,5.657160e+01
2.997879e+13,3.068941e+01
2.348918e+14,3.477332e+01
2.132729e+13,7.891094e+01
7.150668e+13,4.288109e+01
5.726779e+13,6.041790e+01
1.299300e+13,7.913802e+01
2.456293e+13,4.999777e+00
4.529614e+13,7.899697e+01
1.989375e+13,7.899480e+01
1.189578e+14,4.828627e+01
1.270028e+14,8.000000e+01
1.270028e+14,8.000000e+01
1.786243e+13,7.899255e+01
1.214507e+13,7.899679e+01
1.389184e+14,6.041790e+01
1.389184e+14,6.041790e+01
1.567334e+14,4.702507e+01
1.422049e+14,5.038829e+01
5.135582e+13,7.897904e+01
9.647893e+13,7.987655e+01
1.620641e+13,2.098843e+01
1.052030e+14,4.894691e+01
4.450307e+14,8.000000e+01
4.450307e+14,8.000000e+01
6.391515e+18,8.000000e+01
4.047653e+13,2.948826e+01
4.763080e+13,4.354173e+01
2.029581e+13,7.899594e+01
7.912543e+13,8.000000e+01
1.439430e+16,8.000000e+01
1.049423e+13,7.899807e+01
2.145722e+14,7.993661e+01
1.421459e+13,7.898293e+01
9.959190e+13,5.249030e+01
7.441672e+14,7.062768e+01
9.986853e+13,5.008800e+01
4.273258e+13,5.000079e+00
1.120060e+14,7.182884e+01
2.014696e+13,2.258164e+01
9.796462e+12,7.899699e+01
1.650895e+13,7.899455e+01
3.698980e+13,3.453309e+01
9.015881e+13,7.981649e+01
9.015881e+13,7.981649e+01
2.186087e+13,7.928068e+01
2.179261e+14,8.000000e+01
1.011801e+14,5.987738e+01
1.089338e+13,7.897281e+01
8.285703e+12,7.899800e+01
8.980248e+13,6.221963e+01
8.980248e+13,6.221963e+01
2.127567e+13,2.318222e+01
5.935692e+13,4.059891e+01
7.825150e+13,8.000000e+01
7.825150e+13,8.000000e+01
3.152307e+13,7.899462e+01
1.266125e+14,4.513476e+01
1.266125e+14,8.000000e+01
3.557868e+13,7.896826e+01
1.212984e+14,8.000000e+01
3.211203e+13,3.285148e+01
2.641030e+13,2.708596e+01
3.083432e+13,1.894151e+01
1.636369e+13,7.899408e+01
2.820139e+14,5.981732e+01
8.218758e+13,7.898597e+01
7.445041e+13,8.000000e+01
7.445041e+13,8.000000e+01
2.272818e+13,2.558452e+01
2.352290e+13,7.899503e+01
2.468686e+13,2.564458e+01
1.862375e+14,6.041790e+01
7.255807e+13,4.005839e+01
1.755117e+13,7.899535e+01
8.350454e+13,3.705551e+01
1.107276e+14,6.029779e+01
1.053009e+14,8.000000e+01
1.126459e+13,7.895568e+01
1.733048e+14,8.000000e+01
1.733048e+14,8.000000e+01
1.733048e+14,8.000000e+01
9.250609e+13,4.456271e+01
1.537565e+13,7.899688e+01
1.387054e+13,4.999839e+00
4.569992e+13,2.100000e+01
2.101999e+13,7.896555e+01
2.290064e+13,7.899809e+01
1.548760e+13,7.898591e+01
3.274206e+13,4.999738e+00
2.506498e+13,2.552446e+01
2.249744e+13,7.898976e+01
1.949282e+13,4.999544e+00
9.217845e+12,7.898249e+01
1.749095e+13,7.899101e+01
2.277041e+13,3.712512e+01
1.013351e+13,7.899430e+01
7.040837e+13,4.708512e+01
3.497489e+14,7.813488e+01
1.075932e+13,6.062163e+01
6.083044e+13,3.633482e+01
2.428655e+13,2.499586e+01
3.631264e+13,7.898620e+01
1.183515e+13,7.899697e+01
1.463565e+13,7.899753e+01
2.387631e+13,7.899396e+01
1.269386e+13,7.899710e+01
8.761576e+13,5.152938e+01
1.850195e+13,7.899859e+01
1.099030e+14,8.000000e+01
1.369901e+13,7.898407e+01
1.624317e+13,7.899882e+01
4.830079e+13,4.999748e+00
3.757182e+13,7.889994e+01
5.236728e+13,4.780581e+01
2.139739e+13,7.899134e+01
3.757448e+13,6.897997e+01
1.943784e+13,7.899513e+01
1.041850e+14,6.624348e+01
7.538091e+13,5.429203e+01
7.538091e+13,5.429203e+01
9.244825e+13,3.975810e+01
1.567292e+13,4.999067e+00
4.226251e+13,4.270092e+01
1.843726e+13,7.899680e+01
2.954441e+13,7.862191e+01
2.129022e+13,7.898790e+01
1.463330e+13,7.899039e+01
3.589887e+13,3.363223e+01
9.437598e+13,4.107937e+01
5.484475e+13,7.899441e+01
1.137877e+13,7.899741e+01
2.813285e+13,2.954832e+01
1.473235e+13,7.899857e+01
1.430211e+14,6.167911e+01
4.033782e+13,7.898917e+01
3.119888e+13,2.834717e+01
3.841695e+13,5.000025e+00
1.285079e+13,7.898821e+01
1.099016e+13,7.899860e+01
8.697941e+13,7.899200e+01
2.562690e+14,7.807482e+01
3.229466e+14,8.000000e+01
3.424779e+13,2.852734e+01
1.761301e+13,7.897426e+01
6.645513e+14,3.300000e+01
1.269024e+14,4.894691e+01
1.964524e+13,5.000000e+00
1.148849e+15,7.891563e+01
3.459036e+13,3.687534e+01
2.662256e+13,7.899141e+01
2.662256e+13,7.898050e+01
1.128181e+14,7.783459e+01
2.110487e+13,7.898740e+01
1.799773e+14,5.663427e+01
9.269933e+13,4.276098e+01
1.285639e+13,7.894593e+01
3.985813e+13,3.423281e+01
1.222997e+13,7.899172e+01
5.644414e+13,5.471243e+01
3.031863e+14,8.000000e+01
1.253983e+14,6.264003e+01
1.710260e+13,7.861219e+01
3.356742e+13,2.942820e+01
2.569388e+13,2.462360e+01
6.148534e+13,4.999988e+00
6.148534e+13,5.000005e+00
3.778900e+13,3.098970e+01
7.414476e+13,4.420236e+01
6.359815e+16,7.411102e+01
3.342558e+17,8.000000e+01
1.781670e+14,8.000000e+01
1.429967e+14,5.897652e+01
4.778206e+14,7.999666e+01
1.188686e+13,7.899865e+01
2.352993e+13,7.932689e+01
5.194712e+13,4.366184e+01
8.934712e+13,5.711473e+01
1.861144e+13,7.899603e+01
2.577110e+13,7.888612e+01
3.955131e+13,3.014889e+01
2.743883e+13,2.618509e+01
2.056535e+13,7.899020e+01
1.004504e+14,4.999811e+00
2.626857e+14,8.000000e+01
8.634139e+13,4.408225e+01
4.923865e+14,8.000000e+01
4.923865e+14,8.000000e+01
4.923865e+14,8.000000e+01
3.400772e+13,7.898895e+01
4.802115e+13,3.765609e+01
2.669810e+13,7.899745e+01
2.578736e+14,6.065813e+01
1.227702e+14,8.000000e+01
6.187140e+13,5.014806e+01
1.598059e+14,8.000000e+01
2.252328e+14,5.002794e+01
1.002257e+14,5.345122e+01
4.835448e+13,3.321183e+01
2.011981e+13,2.210118e+01
1.563188e+13,7.898913e+01
4.683995e+13,4.041873e+01
1.585356e+13,7.899709e+01
7.229517e+13,5.915669e+01
2.214397e+14,6.870584e+01
7.614274e+13,6.996705e+01
4.666559e+13,3.423281e+01
1.886081e+14,8.000000e+01
1.886081e+14,8.000000e+01
2.001065e+14,5.645410e+01
3.429176e+14,8.000000e+01
2.577241e+14,5.579347e+01
1.508903e+13,7.899434e+01
2.961007e+14,5.212996e+01
3.480371e+13,3.159027e+01
4.448581e+13,3.639488e+01
1.061434e+14,6.750469e+01
1.560989e+13,1.549485e+01
4.326506e+13,5.243025e+01
6.423913e+13,5.170955e+01
7.583560e+13,4.119948e+01
1.158984e+13,7.896413e+01
1.187478e+13,7.898926e+01
1.916718e+13,7.898973e+01
1.011044e+13,7.899833e+01
4.164177e+13,3.531384e+01
3.594308e+13,3.339200e+01
1.794049e+14,5.002794e+01
2.302618e+13,7.897895e+01
5.885653e+13,4.972766e+01
2.962224e+13,7.899569e+01
1.485113e+13,7.899528e+01
6.675132e+13,5.441214e+01
6.675132e+13,5.441214e+01
3.042009e+13,2.924803e+01
3.706923e+13,3.183050e+01
1.967756e+13,4.999926e+00
1.019403e+14,4.618426e+01
1.323929e+14,4.936731e+01
2.376106e+13,7.899433e+01
1.098029e+13,7.899790e+01
1.939113e+14,6.774492e+01
8.470283e+13,5.873629e+01
1.786081e+13,7.899605e+01
7.096261e+13,7.899270e+01
3.076366e+14,8.000000e+01
3.076366e+14,8.000000e+01
8.727738e+13,5.789548e+01
9.894888e+13,5.585353e+01
2.199477e+13,7.899130e+01
3.075735e+13,3.122993e+01
1.033997e+13,7.899577e+01
1.905695e+13,7.894725e+01
4.464637e+13,4.816616e+01
2.601852e+13,5.592039e+01
2.896804e+13,7.932341e+01
1.495370e+13,5.032461e+01
3.020688e+13,3.399258e+01
3.206148e+13,7.888577e+01
3.035699e+13,7.899841e+01
1.273152e+13,7.910221e+01
2.681792e+13,2.534429e+01
1.051704e+14,4.654461e+01
1.956390e+13,7.898428e+01
3.898624e+13,3.891730e+01
6.716180e+13,3.885724e+01
3.672168e+13,3.975810e+01
1.300288e+13,7.896643e+01
5.583140e+13,3.393252e+01
2.256653e+13,2.348250e+01
9.195869e+13,4.119948e+01
2.181947e+13,2.474371e+01
3.549148e+13,7.899508e+01
4.012214e+13,3.026901e+01
3.905713e+13,2.732619e+01
4.612206e+14,6.990699e+01
1.595405e+13,7.894774e+01
3.244394e+13,2.888768e+01
1.948414e+13,5.000000e+00
3.237363e+13,7.896741e+01
1.971269e+13,7.899700e+01
1.819609e+13,7.899112e+01
5.744609e+13,3.435292e+01
9.777525e+12,7.898617e+01
1.850630e+14,6.786504e+01
2.028985e+13,7.899763e+01
9.744974e+13,5.693456e+01
8.319428e+13,5.459232e+01
2.048017e+13,7.899072e+01
4.933158e+13,4.125954e+01
8.886253e+12,7.899594e+01
1.874139e+14,6.732452e+01
3.373327e+14,8.000000e+01
1.284163e+14,8.000000e+01
1.284163e+14,8.000000e+01
2.854283e+14,8.000000e+01
3.548359e+13,3.304237e+01
2.069684e+13,6.898188e+01
2.664581e+13,7.895032e+01
1.593448e+14,7.020728e+01
2.337621e+13,7.886230e+01
1.608298e+13,7.895639e+01
1.199768e+13,7.899718e+01
5.039940e+14,8.000000e+01
1.482674e+13,7.899748e+01
1.045289e+13,7.899827e+01
2.693405e+13,2.738625e+01
9.835425e+12,7.899793e+01
3.766959e+13,3.777620e+01
1.588520e+13,7.899386e+01
1.576015e+13,7.898940e+01
5.644013e+13,4.077908e+01
1.463890e+13,7.898113e+01
3.284732e+13,3.128999e+01
3.338516e+13,3.369229e+01
9.945028e+12,7.899468e+01
9.881799e+12,7.899784e+01
3.820859e+13,3.423281e+01
3.382191e+13,3.110981e+01
2.656630e+13,6.934133e+01
2.552585e+14,8.000000e+01
1.162869e+13,7.898883e+01
2.208460e+13,7.899691e+01
8.237001e+13,4.546357e+01
2.691798e+13,2.762648e+01
3.024320e+13,3.116987e+01
8.759203e+12,7.896146e+01
1.932625e+13,7.899257e+01
4.618021e+13,3.669517e+01
3.204367e+13,7.887601e+01
4.969245e+13,7.895051e+01
2.280285e+13,7.898359e+01
6.769478e+13,6.978688e+01
6.769478e+13,5.000001e+00
8.274158e+13,4.264086e+01
2.628579e+14,8.000000e+01
1.969427e+13,7.875960e+01
1.904143e+13,7.898897e+01
1.331182e+14,6.264003e+01
9.275818e+13,7.898849e+01
1.197020e+14,8.000000e+01
1.197020e+14,8.000000e+01
7.524411e+13,5.927681e+01
5.350189e+13,4.528340e+01
2.563192e+13,7.899774e+01
9.007715e+12,7.898752e+01
1.024439e+13,7.899731e+01
1.969921e+13,7.897992e+01
9.754561e+13,4.456271e+01
4.838563e+14,8.000000e+01
3.632167e+13,5.212996e+01
1.234162e+13,7.890743e+01
4.108952e+13,4.222046e+01
5.059558e+13,4.528340e+01
4.555274e+13,5.801560e+01
2.166896e+13,7.896641e+01
8.421845e+13,4.612420e+01
6.169749e+13,8.000000e+01
4.451681e+13,3.579430e+01
7.807998e+13,4.294115e+01
1.271138e+13,7.899891e+01
2.768113e+13,2.700000e+01
3.380400e+13,3.002878e+01
8.167385e+13,6.101848e+01
1.391904e+14,6.750469e+01
5.844942e+13,5.188973e+01
2.502000e+13,4.998459e+00
1.145403e+14,8.000000e+01
3.082504e+13,7.898792e+01
1.251421e+13,7.899274e+01
1.371981e+14,5.339117e+01
2.311497e+13,7.923317e+01
1.146632e+14,7.429120e+01
1.158213e+13,7.899417e+01
9.342868e+12,7.898630e+01
1.356353e+13,3.311015e+01
8.552127e+13,5.146932e+01
1.346278e+13,7.899743e+01
5.244312e+13,5.657422e+01
4.325112e+13,3.423281e+01
7.097015e+13,4.011845e+01
2.069390e+13,7.899405e+01
1.228257e+13,7.899894e+01
5.926988e+13,4.999999e+00
4.691196e+13,7.897855e+01
1.769877e+19,8.000000e+01
2.722652e+13,7.897354e+01
6.554679e+13,4.570380e+01
2.699898e+14,7.681361e+01
7.941508e+13,3.999833e+01
1.183083e+13,7.899487e+01
3.391817e+13,3.387246e+01
7.297718e+14,8.000000e+01
9.666115e+13,7.489177e+01
3.476216e+13,3.795637e+01
8.739243e+12,7.905252e+01
1.364973e+14,6.864579e+01
9.744863e+14,6.468199e+01
1.025068e+13,7.899535e+01
2.044105e+13,7.899619e+01
3.486907e+14,6.780498e+01
4.086472e+13,2.299665e+01
5.307212e+13,3.405263e+01
3.008326e+13,2.744630e+01
1.451371e+13,7.898233e+01
2.842985e+13,2.499852e+01
5.946506e+13,4.113943e+01
8.969051e+12,4.999716e+00
3.132384e+13,3.519373e+01
1.491772e+13,6.906155e+01
1.987138e+14,7.146849e+01
6.684996e+13,7.609292e+01
1.753149e+14,8.000000e+01
1.295881e+14,8.000000e+01
8.090050e+13,6.294032e+01
5.117381e+13,4.999928e+00
5.117381e+13,5.000013e+00
1.120112e+14,8.000000e+01
1.120112e+14,8.000000e+01
1.175820e+14,8.000000e+01
5.743761e+14,8.000000e+01
1.789765e+13,7.897718e+01
1.013577e+13,7.899791e+01
1.362472e+13,2.501116e+01
2.520893e+14,6.462193e+01
1.018861e+15,8.000000e+01
1.687412e+13,7.899205e+01
3.728754e+14,5.729491e+01
5.471729e+13,7.897460e+01
2.975311e+13,7.899402e+01
3.549336e+13,7.893117e+01
4.365051e+13,7.895978e+01
2.640972e+13,2.756642e+01
1.113238e+13,7.899680e+01
1.567037e+13,7.899681e+01
1.171796e+13,7.899761e+01
2.336712e+13,2.378279e+01
8.136738e+15,8.000000e+01
1.728215e+13,7.891247e+01
1.487997e+13,7.896903e+01
3.126961e+13,3.195062e+01
1.277138e+14,4.948743e+01
6.729546e+13,5.050840e+01
1.295228e+13,7.898763e+01
6.801292e+13,4.011845e+01
1.033074e+13,7.898230e+01
2.130326e+14,7.242941e+01
1.015597e+14,8.000000e+01
4.794921e+13,7.899131e+01
3.229658e+13,2.978855e+01
4.981758e+13,4.101931e+01
2.837800e+14,5.753514e+01
5.284208e+13,3.339200e+01
8.503406e+13,3.891730e+01
1.845640e+14,5.375151e+01
8.296281e+13,7.483171e+01
8.296281e+13,7.483171e+01
2.280661e+13,2.612504e+01
4.572131e+13,3.843684e+01
9.362026e+13,8.000000e+01
9.362026e+13,8.000000e+01
5.802716e+13,4.089919e+01
4.061599e+13,3.207073e+01
1.176354e+14,5.020812e+01
1.762663e+14,8.000000e+01
1.762663e+14,8.000000e+01
1.762663e+14,8.000000e+01
1.424773e+13,7.899279e+01
2.723750e+14,5.963715e+01
4.450154e+13,4.059891e+01
1.315335e+13,7.898386e+01
4.288002e+13,7.898514e+01
3.526415e+13,7.898849e+01
2.558191e+13,7.899876e+01
1.855920e+14,7.218918e+01
3.054511e+13,3.116987e+01
6.195239e+13,4.999581e+00
1.824065e+13,7.899407e+01
1.705749e+13,3.498238e+01
1.297057e+14,4.318138e+01
1.077060e+13,7.899838e+01
1.121855e+14,6.654377e+01
2.471753e+13,5.000051e+00
1.680009e+14,8.000000e+01
1.008324e+14,4.240063e+01
1.304382e+13,7.899206e+01
6.214669e+13,6.011761e+01
2.414014e+14,8.000000e+01
2.973222e+13,7.899796e+01
1.812641e+14,5.525745e+01
2.670191e+13,7.899843e+01
6.085202e+15,8.000000e+01
1.442212e+16,8.000000e+01
8.294739e+13,3.471327e+01
1.696449e+13,7.899391e+01
5.026175e+13,3.213079e+01
1.155154e+14,8.000000e+01
1.155154e+14,8.000000e+01
2.371642e+13,7.899492e+01
1.174451e+15,8.000000e+01
6.390911e+13,4.774576e+01
6.390911e+13,4.774576e+01
1.989260e+14,5.267048e+01
4.005525e+13,2.912791e+01
2.134254e+13,7.899539e+01
4.200505e+13,7.899488e+01
1.887093e+14,5.206990e+01
1.862877e+13,7.899354e+01
5.911267e+13,5.435209e+01
1.779890e+13,7.899759e+01
7.815569e+13,7.471160e+01
4.323144e+13,4.999987e+00
9.570205e+12,7.899740e+01
4.625923e+13,3.068941e+01
7.929509e+13,4.402219e+01
1.199171e+13,7.307786e+01
1.962867e+13,4.999734e+00
1.215557e+13,7.896074e+01
1.117813e+15,8.000000e+01
3.356956e+13,2.882763e+01
3.312360e+13,3.753597e+01
4.317339e+13,4.666472e+01
3.597378e+13,3.417275e+01
1.368373e+13,7.899263e+01
1.200645e+13,7.899744e+01
1.466326e+13,7.899476e+01
1.557791e+13,7.899683e+01
1.116562e+14,8.000000e+01
2.359435e+13,7.899249e+01
1.466199e+14,8.000000e+01
1.466199e+14,8.000000e+01
3.398744e+13,3.177045e+01
3.140760e+14,7.573258e+01
6.399576e+13,3.867707e+01
8.333109e+12,1.899167e+01
1.852596e+15,8.000000e+01
1.852596e+15,8.000000e+01
5.182871e+14,7.579263e+01
2.161749e+13,7.899693e+01
2.060430e+13,7.883561e+01
1.466896e+14,8.000000e+01
2.991594e+13,2.912791e+01
7.774230e+12,7.899907e+01
2.924949e+13,2.762648e+01
1.455410e+13,7.896566e+01
4.251126e+13,7.897283e+01
8.904489e+13,6.750469e+01
8.904489e+13,6.750469e+01
9.038294e+13,4.180006e+01
2.099217e+13,7.899256e+01
1.798809e+14,5.297076e+01
5.579241e+13,3.477332e+01
1.465397e+13,7.898362e+01
3.671641e+13,3.447304e+01
1.072382e+13,7.899406e+01
3.276217e+15,8.000000e+01
7.797848e+13,4.029862e+01
5.226337e+13,3.915753e+01
1.673707e+13,7.899669e+01
1.779240e+13,7.899588e+01
1.536703e+13,7.912011e+01
2.002133e+13,7.831635e+01
6.730765e+13,4.498311e+01
3.819240e+13,3.783626e+01
3.969526e+13,3.915753e+01
1.302729e+14,8.000000e+01
3.157859e+14,8.000000e+01
3.157859e+14,8.000000e+01
2.341175e+13,5.000488e+00
1.137342e+14,7.020728e+01
4.482800e+13,5.000243e+00
4.712772e+13,4.065896e+01
1.057603e+14,8.000000e+01
1.057603e+14,4.999978e+00
1.747111e+13,7.899328e+01
3.490441e+13,3.098970e+01
9.037592e+12,7.899882e+01
2.556372e+13,4.999910e+00
1.011264e+13,4.091472e+01
1.185145e+13,7.897038e+01
6.185809e+13,4.312132e+01
1.671578e+14,8.000000e+01
3.366809e+13,7.899364e+01
5.214142e+13,3.279143e+01
1.274848e+14,5.080869e+01
2.413754e+13,2.564458e+01
1.635614e+13,7.898824e+01
5.734783e+13,4.660466e+01
8.126446e+13,8.000000e+01
2.203431e+13,7.894688e+01
4.060215e+13,4.180006e+01
1.816934e+13,2.499364e+01
2.644639e+14,8.000000e+01
2.814087e+14,6.894158e+01
2.814087e+14,8.000000e+01
1.421597e+13,7.899701e+01
4.244803e+13,4.348167e+01
2.183394e+13,7.899329e+01
6.466074e+13,6.113859e+01
2.303136e+13,2.558452e+01
1.629746e+13,7.888468e+01
1.320442e+14,7.056763e+01
1.067299e+14,7.230930e+01
4.657461e+13,7.898109e+01
5.563996e+14,5.969721e+01
4.369538e+13,4.300000e+01
2.775033e+13,2.295508e+01
1.496909e+14,5.333111e+01
1.307072e+14,4.468282e+01
5.168591e+13,3.477332e+01
1.344612e+14,8.000000e+01
1.344612e+14,8.000000e+01
3.891748e+14,8.000000e+01
1.341804e+14,4.810610e+01
4.819185e+13,4.161989e+01
3.118342e+13,2.834717e+01
3.243062e+13,4.999313e+00
2.910418e+13,2.756642e+01
1.023759e+14,7.898113e+01
1.023759e+14,5.000013e+00
1.321427e+13,2.700000e+01
3.712560e+13,5.000000e+00
2.005873e+13,7.898209e+01
1.484397e+14,7.266964e+01
7.625831e+13,7.705384e+01
1.023272e+13,7.899767e+01
3.708870e+13,3.291154e+01
9.449264e+12,7.897880e+01
1.093931e+13,7.899235e+01
1.769740e+13,7.897697e+01
2.060402e+13,7.182371e+01
1.303351e+13,7.911890e+01
5.717410e+13,3.909747e+01
2.143117e+13,7.899048e+01
1.837954e+13,7.884962e+01
2.956136e+13,2.936814e+01
3.275462e+13,2.822705e+01
5.593826e+13,5.000034e+00
1.008976e+14,6.642366e+01
3.645666e+14,2.900000e+01
2.738047e+13,2.894774e+01
4.641789e+13,4.204029e+01
6.371962e+13,4.450265e+01
2.380899e+13,7.899123e+01
1.137417e+13,7.899766e+01
1.701010e+13,7.893679e+01
1.356045e+13,7.898784e+01
5.053667e+13,3.897735e+01
1.020918e+14,4.474288e+01
2.290605e+13,2.444342e+01
1.537098e+14,5.945698e+01
1.057020e+14,4.402219e+01
3.961610e+13,3.717563e+01
9.522772e+12,7.899852e+01
1.061157e+14,6.179922e+01
1.061157e+14,6.179922e+01
1.615513e+13,4.999996e+00
1.494239e+13,7.899168e+01
2.597468e+13,7.896769e+01
5.426045e+14,8.000000e+01
1.650431e+13,7.896988e+01
4.987569e+13,5.170955e+01
4.987569e+13,7.899390e+01
5.514477e+13,4.420236e+01
1.539073e+13,7.895729e+01
4.398815e+13,7.328262e+01
3.517967e+13,3.609459e+01
1.814919e+14,3.297160e+01
1.530325e+13,7.899806e+01
1.667982e+13,7.897253e+01
1.199042e+19,8.000000e+01
1.199042e+19,8.000000e+01
5.864620e+13,7.898924e+01
5.864620e+13,7.899631e+01
2.381426e+14,8.000000e+01
5.975075e+13,3.651499e+01
8.489488e+13,5.675439e+01
1.339109e+13,7.899181e+01
9.048886e+13,7.993661e+01
6.134121e+13,7.899866e+01
6.134121e+13,7.899819e+01
1.893231e+14,8.000000e+01
6.773818e+13,1.099959e+01
2.228600e+13,7.898984e+01
7.975080e+13,5.074863e+01
2.311478e+13,7.899570e+01
2.018686e+14,6.522250e+01
2.411448e+13,7.898643e+01
2.901106e+13,7.899417e+01
3.092342e+13,4.999519e+00
2.652509e+13,2.822705e+01
6.231113e+13,3.909747e+01
1.440825e+13,7.899635e+01
1.999044e+14,8.000000e+01
8.003123e+14,8.000000e+01
8.003123e+14,8.000000e+01
8.003123e+14,8.000000e+01
5.062153e+13,5.591358e+01
2.905335e+13,3.381240e+01
6.146726e+13,4.294115e+01
2.360140e+13,2.648538e+01
4.034729e+13,3.050924e+01
3.302225e+13,3.183050e+01
1.807373e+14,8.000000e+01
1.807373e+14,8.000000e+01
2.241952e+13,7.893033e+01
3.217095e+13,7.899519e+01
6.939548e+13,6.698192e+01
5.480257e+13,4.258081e+01
1.392438e+13,7.899714e+01
2.746939e+13,7.894953e+01
1.623002e+14,7.693373e+01
6.245869e+13,3.615465e+01
1.492218e+13,2.100000e+01
4.788572e+14,7.086791e+01
4.978615e+13,3.459315e+01
1.974453e+13,2.198107e+01
2.307126e+14,8.000000e+01
2.307126e+14,8.000000e+01
2.550421e+13,7.899872e+01
1.631699e+13,7.898950e+01
4.501974e+13,3.573425e+01
5.756127e+13,4.101931e+01
1.332784e+14,7.224924e+01
4.782550e+13,3.489344e+01
3.719051e+13,3.165033e+01
1.713249e+13,7.891197e+01
4.742071e+13,3.237102e+01
1.001704e+14,4.744547e+01
3.481731e+13,5.000020e+00
4.108924e+13,3.351212e+01
1.913666e+13,7.865095e+01
7.499191e+13,6.203945e+01
1.500662e+13,7.897579e+01
7.216862e+13,3.849689e+01
1.538050e+15,7.711390e+01
1.848597e+13,7.892958e+01
1.644366e+13,5.490391e+01
4.571911e+13,7.890436e+01
3.000214e+13,4.708512e+01
6.380587e+14,8.000000e+01
6.380587e+14,8.000000e+01
9.025193e+13,6.209951e+01
1.478460e+14,8.000000e+01
1.478460e+14,8.000000e+01
8.048362e+13,4.942737e+01
7.581071e+13,5.000039e+00
7.581071e+13,6.912625e+01
5.984966e+15,8.000000e+01
9.326910e+12,7.899851e+01
1.428213e+15,8.000000e+01
1.428213e+15,8.000000e+01
1.428213e+15,8.000000e+01
3.440824e+13,4.101931e+01
4.245484e+15,8.000000e+01
3.206347e+13,3.567419e+01
1.132066e+14,4.798599e+01
7.155216e+13,7.899475e+01
7.155216e+13,8.000000e+01
6.891201e+13,5.963715e+01
6.891201e+13,5.963715e+01
2.710080e+13,7.898050e+01
5.112347e+13,3.585436e+01
4.446008e+13,7.899777e+01
4.446008e+13,7.895676e+01
1.426766e+13,5.000000e+00
5.959812e+16,8.000000e+01
1.694573e+20,8.000000e+01
1.694573e+20,8.000000e+01
1.694573e+20,8.000000e+01
2.421786e+13,2.690578e+01
2.181715e+13,7.899792e+01
3.764100e+13,3.471327e+01
1.027288e+14,7.898666e+01
1.027288e+14,5.000013e+00
2.833131e+15,8.000000e+01
2.833131e+15,8.000000e+01
2.500160e+13,2.828711e+01
1.459773e+13,7.899741e+01
1.309931e+13,5.082586e+01
1.190676e+13,7.899574e+01
4.042928e+13,4.462276e+01
2.068584e+13,7.899259e+01
2.486194e+14,7.615298e+01
1.918481e+14,5.140927e+01
5.633571e+13,3.897735e+01
1.564882e+13,7.899784e+01
4.905423e+13,3.498234e+01
3.389936e+14,8.000000e+01
2.282787e+13,7.899728e+01
1.791461e+13,2.099241e+01
9.421805e+13,6.408141e+01
5.679500e+13,5.915669e+01
5.530321e+13,4.131960e+01
1.572562e+13,7.898664e+01
2.006161e+13,7.899063e+01
3.378306e+14,7.200901e+01
2.305082e+13,2.534429e+01
5.059458e+15,8.000000e+01
5.059458e+15,8.000000e+01
1.986982e+19,8.000000e+01
1.986982e+19,8.000000e+01
1.986982e+19,8.000000e+01
1.106717e+14,6.642366e+01
6.548501e+13,4.306127e+01
3.740026e+13,3.141010e+01
7.191055e+13,5.531301e+01
2.027903e+13,7.899281e+01
2.378863e+13,2.498394e+01
3.167459e+13,3.243108e+01
1.906703e+13,7.899446e+01
4.758929e+14,8.000000e+01
3.802945e+13,3.705551e+01
3.175142e+13,3.609459e+01
8.778075e+12,1.699341e+01
2.306036e+14,6.774492e+01
2.330100e+13,7.898824e+01
1.441101e+13,7.899510e+01
7.227165e+18,8.000000e+01
2.117434e+13,7.898492e+01
1.285594e+13,7.899660e+01
3.722326e+13,3.273137e+01
1.137623e+16,8.000000e+01
2.454325e+13,7.894555e+01
6.030866e+13,3.777620e+01
1.214643e+14,8.000000e+01
1.214643e+14,8.000000e+01
7.083813e+13,8.000000e+01
1.598367e+14,6.630354e+01
2.182294e+14,8.000000e+01
4.916594e+13,3.897735e+01
2.028959e+13,7.890336e+01
6.168200e+13,7.899204e+01
6.168200e+13,7.898078e+01
3.432573e+13,4.099212e+01
3.344304e+13,7.899141e+01
8.147259e+13,5.170955e+01
5.088322e+13,4.137966e+01
2.642130e+13,2.834717e+01
1.235922e+13,7.899743e+01
1.109311e+15,8.000000e+01
1.109311e+15,8.000000e+01
4.842525e+13,5.381157e+01
1.093733e+14,8.000000e+01
1.093733e+14,8.000000e+01
5.729805e+13,5.723485e+01
5.212832e+14,8.000000e+01
3.329538e+13,7.896772e+01
8.768854e+13,8.000000e+01
2.854494e+13,2.966843e+01
5.018114e+13,3.783626e+01
2.515394e+14,6.414147e+01
2.427160e+14,8.000000e+01
2.427160e+14,8.000000e+01
6.984558e+14,8.000000e+01
3.815493e+13,3.909747e+01
1.795410e+14,8.000000e+01
1.055950e+14,5.140927e+01
3.404384e+13,5.000015e+00
3.404384e+13,7.898211e+01
6.008092e+13,6.041790e+01
5.555268e+13,4.999907e+00
2.728097e+13,7.899769e+01
1.118150e+13,5.000000e+00
9.256348e+13,6.474204e+01
9.256348e+13,6.474204e+01
2.347276e+13,7.899755e+01
1.216796e+14,8.000000e+01
1.216796e+14,8.000000e+01
1.306363e+13,7.899756e+01
5.628936e+13,3.999833e+01
8.079230e+13,5.000023e+00
8.079230e+13,5.000000e+00
1.679756e+13,7.899313e+01
3.059631e+13,3.321183e+01
9.481850e+13,6.606331e+01
8.067423e+12,7.899199e+01
1.078394e+14,8.000000e+01
1.647400e+14,8.000000e+01
5.359219e+13,3.435292e+01
9.763966e+13,6.017767e+01
2.420545e+13,7.899795e+01
3.923260e+13,3.315177e+01
5.106659e+16,8.000000e+01
5.106659e+16,8.000000e+01
1.879252e+13,7.892703e+01
1.453674e+13,7.899595e+01
2.179641e+13,2.474371e+01
1.902682e+13,7.907373e+01
5.010191e+14,8.000000e+01
1.209044e+13,7.899670e+01
2.460812e+13,2.378279e+01
2.021654e+13,7.897410e+01
6.499284e+13,3.891730e+01
2.597174e+13,7.899706e+01
7.607437e+13,4.600409e+01
2.569726e+13,7.896360e+01
3.691861e+13,3.531384e+01
1.219502e+14,8.000000e+01
4.319251e+13,3.519373e+01
1.442389e+14,7.735413e+01
4.067002e+13,4.180006e+01
1.064196e+14,5.579347e+01
4.028690e+13,7.899165e+01
2.888099e+13,3.147016e+01
4.205133e+14,8.000000e+01
1.427867e+14,7.152855e+01
2.802045e+14,8.000000e+01
2.802045e+14,8.000000e+01
2.802045e+14,8.000000e+01
2.485356e+13,7.894813e+01
1.366499e+13,7.898221e+01
1.698636e+13,7.897561e+01
3.926253e+13,3.483338e+01
1.831573e+13,7.898916e+01
2.667987e+13,7.899824e+01
3.289549e+13,7.896876e+01
6.821518e+13,3.885724e+01
6.755989e+13,5.507278e+01
4.752818e+13,4.426242e+01
1.000418e+14,5.122909e+01
2.453597e+13,4.998378e+00
2.879260e+13,7.896398e+01
2.220553e+13,7.899660e+01
8.845221e+13,6.402135e+01
2.328404e+13,7.899438e+01
2.430533e+13,7.899503e+01
1.797385e+14,6.906619e+01
1.571857e+13,2.499096e+01
2.186623e+14,8.000000e+01
3.791021e+13,3.177045e+01
3.217879e+14,5.987738e+01
2.499375e+13,2.498394e+01
5.704949e+13,3.999833e+01
1.574704e+13,7.899666e+01
4.153816e+13,7.897552e+01
2.501828e+14,8.000000e+01
2.762366e+13,2.432331e+01
1.608365e+13,7.899172e+01
8.930715e+13,5.609376e+01
2.495155e+13,7.928460e+01
5.819936e+13,3.747591e+01
5.454019e+14,8.000000e+01
5.454019e+14,8.000000e+01
5.454019e+14,8.000000e+01
2.719431e+13,7.899864e+01
3.938807e+14,8.000000e+01
3.938807e+14,8.000000e+01
2.733929e+14,7.272970e+01
6.080578e+13,3.849689e+01
1.358001e+14,5.573341e+01
6.799970e+16,8.000000e+01
6.765645e+13,5.050840e+01
2.323185e+14,8.000000e+01
2.689111e+13,2.714601e+01
5.495202e+13,5.981732e+01
5.495202e+13,5.981732e+01
2.957238e+13,7.899147e+01
4.848882e+14,6.107853e+01
4.716126e+13,7.898452e+01
1.211171e+13,7.899791e+01
7.387927e+13,5.777537e+01
3.651150e+13,7.898818e+01
1.840244e+13,7.915864e+01
9.302903e+14,6.984694e+01
1.356314e+14,6.029779e+01
1.900308e+14,8.000000e+01
2.540130e+14,8.000000e+01
2.540130e+14,8.000000e+01
2.969189e+13,3.279143e+01
2.293681e+13,7.898255e+01
3.757767e+13,3.068941e+01
2.450564e+13,7.433138e+01
3.059564e+13,2.792676e+01
1.544815e+13,7.899357e+01
2.068580e+13,7.872374e+01
9.768052e+12,7.894638e+01
1.876509e+13,7.899525e+01
1.554790e+14,8.000000e+01
1.554790e+14,8.000000e+01
3.759868e+13,3.711557e+01
7.332590e+13,8.000000e+01
1.516934e+13,7.883330e+01
1.745730e+14,8.000000e+01
1.745730e+14,8.000000e+01
1.053718e+14,4.864662e+01
1.025568e+14,8.000000e+01
6.264524e+13,7.897657e+01
3.366548e+13,3.086958e+01
4.683497e+13,3.909747e+01
2.577414e+14,8.000000e+01
1.027400e+13,5.000000e+00
7.701375e+13,4.999633e+00
7.266105e+13,3.783626e+01
1.527395e+13,7.898885e+01
2.329889e+13,2.666555e+01
1.061446e+14,5.000431e+00
1.061446e+14,4.999895e+00
2.762459e+13,2.924803e+01
2.824537e+13,2.097724e+01
3.420705e+13,2.870751e+01
4.975734e+13,2.100000e+01
1.226474e+13,7.899777e+01
2.486556e+13,5.000524e+00
1.635660e+13,7.898712e+01
2.535265e+13,7.895331e+01
1.067911e+13,7.899047e+01
1.168195e+13,7.899381e+01
3.464980e+13,2.499192e+01
1.631212e+13,7.897587e+01
6.763488e+13,5.285065e+01
1.047359e+14,8.000000e+01
6.015605e+13,4.276098e+01
1.320773e+13,7.909395e+01
4.058326e+14,8.000000e+01
9.612074e+12,5.886008e+01
9.759675e+13,7.899895e+01
9.759675e+13,8.000000e+01
7.295576e+14,8.000000e+01
1.034305e+14,5.897652e+01
3.046309e+13,3.609459e+01
5.529073e+13,3.705551e+01
1.251317e+14,6.918630e+01
1.197248e+13,7.898668e+01
4.334166e+13,4.999821e+00
6.051919e+13,4.999819e+00
2.491818e+13,2.774659e+01
4.055992e+13,3.981816e+01
3.281900e+13,3.231096e+01
9.039980e+13,6.708429e+01
4.877834e+13,5.206990e+01
8.815859e+13,4.858656e+01
5.305504e+13,3.717563e+01
1.799359e+13,2.558452e+01
1.127312e+13,7.898393e+01
2.733391e+13,4.999392e+00
7.606763e+13,7.898313e+01
1.041118e+13,7.899705e+01
2.170450e+13,2.486383e+01
3.260721e+13,3.399258e+01
1.497427e+13,7.890382e+01
8.973383e+13,4.804604e+01
1.411020e+13,7.899753e+01
4.002224e+13,2.918797e+01
1.876978e+14,8.000000e+01
1.876978e+14,8.000000e+01
1.076884e+14,7.899996e+01
1.076884e+14,8.000000e+01
8.560945e+13,6.089836e+01
1.296991e+14,6.209951e+01
1.557163e+13,7.898326e+01
4.958680e+13,2.694056e+01
7.088388e+13,4.558368e+01
1.459411e+13,7.899603e+01
3.380798e+13,2.804688e+01
6.948796e+14,8.000000e+01
3.226234e+13,2.864745e+01
2.095406e+13,7.896853e+01
2.655352e+14,8.000000e+01
7.071865e+13,3.729574e+01
1.105517e+14,7.897568e+01
1.105517e+14,7.897568e+01
3.176012e+13,3.771614e+01
1.175715e+14,8.000000e+01
1.175715e+14,8.000000e+01
1.042092e+14,6.312049e+01
3.610682e+13,2.684573e+01
1.380135e+14,6.083830e+01
2.604376e+14,8.000000e+01
2.604376e+14,8.000000e+01
2.604376e+14,8.000000e+01
3.104956e+15,8.000000e+01
3.574138e+14,8.000000e+01
2.740930e+14,8.000000e+01
3.565081e+14,8.000000e+01
9.794089e+13,4.294115e+01
4.832214e+14,7.092797e+01
4.623770e+13,4.648455e+01
4.031409e+13,3.315177e+01
2.959117e+13,7.897650e+01
1.408241e+13,7.898869e+01
1.807697e+13,7.895297e+01
1.902474e+13,7.899747e+01
4.450425e+13,7.899147e+01
6.808456e+13,5.074863e+01
1.539037e+14,8.000000e+01
1.904388e+14,8.000000e+01
1.904388e+14,8.000000e+01
1.604972e+13,4.999976e+00
3.155971e+13,3.008884e+01
2.510477e+13,2.768653e+01
1.223224e+13,7.899802e+01
2.363047e+14,7.321016e+01
1.154864e+13,7.899595e+01
1.660524e+13,7.899737e+01
1.631799e+13,7.899825e+01
4.280578e+13,3.333194e+01
2.149013e+13,2.288193e+01
2.141049e+13,7.896378e+01
8.451466e+12,7.899786e+01
3.226874e+14,8.000000e+01
3.226874e+14,8.000000e+01
3.226874e+14,8.000000e+01
5.621091e+13,4.318138e+01
3.348810e+13,2.768653e+01
1.272148e+14,7.477166e+01
3.066399e+13,2.708596e+01
1.054393e+13,7.899809e+01
4.474981e+13,3.585436e+01
1.682797e+13,7.899519e+01
2.480929e+13,2.540435e+01
2.666868e+13,4.999918e+00
2.423213e+13,7.899801e+01
5.358993e+13,6.360095e+01
2.186308e+13,7.895016e+01
4.297519e+14,6.288026e+01
3.134765e+16,8.000000e+01
1.638299e+14,6.798515e+01
1.638299e+14,6.798515e+01
7.270238e+13,7.615298e+01
7.270238e+13,5.000060e+00
7.270238e+13,7.615298e+01
2.809158e+13,8.999365e+00
1.527389e+13,7.893701e+01
3.175819e+13,2.894774e+01
1.807624e+13,7.891647e+01
3.197735e+13,2.870751e+01
3.795489e+13,3.255119e+01
1.260661e+13,7.899688e+01
1.474589e+14,7.807482e+01
1.347362e+13,7.895245e+01
1.615189e+16,8.000000e+01
1.152728e+13,7.899704e+01
4.524427e+13,7.899199e+01
7.951352e+13,3.603453e+01
2.530246e+13,5.000000e+00
4.690013e+13,3.231096e+01
1.622831e+14,8.000000e+01
1.622831e+14,8.000000e+01
1.389967e+13,7.896826e+01
4.240943e+13,7.899803e+01
7.205758e+13,6.264003e+01
1.062415e+15,8.000000e+01
1.250621e+13,7.906242e+01
3.973686e+13,7.895953e+01
9.578989e+13,4.900696e+01
1.024845e+13,7.899477e+01
4.198990e+13,4.999484e+00
1.541293e+14,8.000000e+01
1.541293e+14,8.000000e+01
2.263281e+13,7.912158e+01
2.075744e+13,7.899537e+01
3.542772e+13,3.213079e+01
2.137976e+13,2.450348e+01
8.778980e+13,4.131960e+01
2.187340e+14,5.687450e+01
4.825654e+13,5.020812e+01
6.251641e+13,3.489344e+01
1.352009e+14,8.000000e+01
1.352009e+14,8.000000e+01
1.083952e+14,7.315010e+01
1.738060e+13,7.898921e+01
4.017629e+14,8.000000e+01
4.017629e+14,8.000000e+01
6.074826e+13,5.963715e+01
1.027592e+14,8.000000e+01
1.027592e+14,8.000000e+01
8.212711e+13,5.771531e+01
8.212711e+13,5.771531e+01
4.693088e+13,3.249114e+01
8.386151e+13,6.306043e+01
8.386151e+13,6.306043e+01
3.135371e+13,3.333194e+01
1.786995e+13,7.899152e+01
1.362139e+13,7.898190e+01
2.332657e+13,7.899460e+01
1.428839e+13,7.899789e+01
5.886864e+13,4.999952e+00
9.339010e+13,5.170955e+01
7.745725e+14,7.585269e+01
1.845906e+13,7.897961e+01
1.191927e+13,7.899804e+01
3.914789e+13,4.053885e+01
7.321541e+13,7.915005e+01
7.321541e+13,8.000000e+01
1.146889e+13,7.897060e+01
8.340881e+13,4.174000e+01
4.791722e+13,4.107937e+01
2.352217e+13,7.840444e+01
1.254546e+13,7.899744e+01
5.370062e+13,3.573425e+01
1.767253e+13,7.899350e+01
1.591689e+13,7.899425e+01
2.187869e+13,4.699501e+01
1.565877e+14,8.000000e+01
1.268142e+14,5.231013e+01
1.687396e+14,8.000000e+01
9.183085e+13,4.336155e+01
1.551140e+14,8.000000e+01
1.551140e+14,8.000000e+01
2.923683e+14,6.552279e+01
1.541842e+13,7.899532e+01
1.094248e+13,7.899193e+01
3.640941e+13,3.080953e+01
2.857427e+13,2.744630e+01
1.649882e+14,5.098886e+01
1.607206e+13,7.896703e+01
5.447829e+13,3.561413e+01
1.754740e+13,7.899241e+01
3.315410e+13,3.843684e+01
2.428894e+13,7.898562e+01
1.468738e+13,7.897244e+01
6.142599e+13,3.717563e+01
1.081067e+14,3.299151e+01
7.184338e+13,6.930642e+01
6.972690e+13,3.735580e+01
7.104845e+13,8.000000e+01
7.104845e+13,8.000000e+01
2.014444e+13,7.891151e+01
2.938488e+13,7.898505e+01
6.925338e+15,8.000000e+01
9.417503e+13,5.152938e+01
2.496225e+13,2.834717e+01
4.758997e+13,4.161989e+01
1.855003e+13,3.493851e+01
5.331718e+13,3.801643e+01
1.012785e+13,7.899641e+01
1.812652e+13,7.898986e+01
1.791228e+16,8.000000e+01
2.365376e+13,2.690578e+01
1.398799e+13,7.897754e+01
5.982527e+13,3.669517e+01
1.354851e+14,5.471243e+01
1.103314e+13,7.899820e+01
5.975265e+13,5.303082e+01
3.334254e+13,7.893930e+01
8.860625e+13,5.543312e+01
8.860625e+13,5.543312e+01
2.382883e+14,5.627393e+01
3.348624e+13,3.110981e+01
1.864700e+13,7.899452e+01
4.769897e+13,3.639488e+01
1.261066e+14,5.825583e+01
9.770179e+13,5.206990e+01
2.899522e+17,8.000000e+01
2.899522e+17,8.000000e+01
1.016544e+13,7.906506e+01
1.517017e+13,7.898261e+01
3.600683e+13,2.696484e+01
1.153304e+15,6.822538e+01
1.968499e+14,8.000000e+01
1.968499e+14,8.000000e+01
1.476617e+14,8.000000e+01
1.476617e+14,8.000000e+01
1.546437e+13,7.899818e+01
1.471283e+13,6.627664e+01
9.438267e+13,5.603370e+01
1.933783e+15,7.537223e+01
2.391425e+14,5.495266e+01
1.475729e+13,7.899449e+01
5.605815e+13,3.453309e+01
1.802698e+13,7.899351e+01
1.741184e+13,7.898906e+01
3.780058e+14,8.000000e+01
1.103992e+14,8.000000e+01
1.429756e+14,5.603370e+01
3.263130e+13,3.008884e+01
5.250038e+13,3.543396e+01
4.513714e+13,3.351212e+01
1.222536e+14,8.000000e+01
1.735381e+13,7.898630e+01
4.542432e+13,4.384202e+01
4.053798e+13,7.897553e+01
4.988876e+13,3.849689e+01
1.529801e+14,8.000000e+01
1.318963e+13,7.892008e+01
2.477566e+13,2.450348e+01
1.808235e+13,7.896829e+01
1.609906e+13,7.892813e+01
9.796836e+13,6.594320e+01
5.050559e+14,8.000000e+01
5.050559e+14,8.000000e+01
3.154009e+13,3.219085e+01
1.372220e+14,4.378196e+01
4.612076e+13,4.107937e+01
1.167394e+14,7.903642e+01
1.167394e+14,8.000000e+01
1.167394e+14,8.000000e+01
1.686574e+13,7.899516e+01
1.129124e+14,5.645410e+01
1.066162e+13,7.899326e+01
4.128708e+13,5.000844e+00
4.128708e+13,7.323815e+01
5.466923e+13,4.768570e+01
4.105856e+13,3.891730e+01
7.629843e+13,5.783543e+01
2.121489e+13,7.899105e+01
3.358153e+14,7.032740e+01
3.417949e+13,3.939776e+01
2.201926e+16,8.000000e+01
3.840420e+13,2.918797e+01
2.596116e+13,2.888768e+01
3.645411e+13,5.000033e+00
3.645411e+13,7.891421e+01
4.871155e+14,7.272970e+01
2.579444e+13,2.678567e+01
5.388174e+13,3.261125e+01
1.125063e+14,4.546357e+01
1.635470e+14,8.000000e+01
2.987958e+13,3.698863e+01
1.224556e+14,5.351128e+01
3.801645e+13,7.864012e+01
1.513155e+13,7.899106e+01
2.212182e+13,2.516412e+01
7.590883e+13,4.999885e+00
1.390257e+13,7.895171e+01
7.436510e+13,4.912708e+01
6.294818e+13,5.387163e+01
2.275246e+14,8.000000e+01
2.994163e+13,7.899687e+01
1.805569e+13,7.899810e+01
1.360769e+13,7.908351e+01
1.693517e+14,8.000000e+01
1.693517e+14,8.000000e+01
3.158238e+13,2.768653e+01
2.075165e+14,6.143888e+01
8.460337e+13,5.000002e+00
8.460337e+13,7.892906e+01
2.442787e+13,7.899362e+01
5.384917e+13,4.342161e+01
5.432910e+13,3.669517e+01
1.703035e+14,8.000000e+01
5.613338e+13,5.062852e+01
1.801716e+13,7.899316e+01
2.262770e+13,7.899337e+01
3.056076e+13,3.189056e+01
2.579780e+14,6.942653e+01
2.723340e+14,7.549235e+01
2.632124e+13,2.990866e+01
5.015558e+13,4.798599e+01
5.287171e+15,8.000000e+01
1.198970e+13,7.897861e+01
1.501401e+13,7.899590e+01
2.637863e+13,7.899440e+01
9.331680e+13,8.000000e+01
9.331680e+13,8.000000e+01
3.528456e+13,7.898027e+01
7.848377e+13,8.000000e+01
2.924186e+13,3.297160e+01
1.206900e+14,5.387163e+01
2.033458e+13,7.881029e+01
4.499907e+13,3.975810e+01
2.962988e+13,3.381240e+01
4.839914e+13,4.053885e+01
1.010287e+14,6.276015e+01
1.212246e+13,7.899747e+01
2.706011e+13,7.889145e+01
3.552171e+13,7.896599e+01
5.037535e+13,7.899337e+01
5.037535e+13,7.898990e+01
1.675144e+14,8.000000e+01
1.675144e+14,8.000000e+01
2.397835e+13,7.899505e+01
1.150570e+14,4.390207e+01
1.315297e+13,2.499369e+01
1.758985e+14,6.288026e+01
7.522420e+13,5.128915e+01
2.674300e+13,2.654544e+01
4.735565e+13,7.899581e+01
2.212178e+13,7.899727e+01
1.054970e+14,8.000000e+01
1.101057e+13,7.899398e+01
1.745055e+13,5.296035e+01
1.164727e+14,6.101848e+01
8.230730e+12,7.899539e+01
5.383689e+13,7.898246e+01
2.909883e+13,3.104976e+01
2.574397e+13,7.877311e+01
2.823518e+13,2.648538e+01
3.138400e+13,7.896185e+01
4.904933e+13,5.639404e+01
1.996931e+13,5.120706e+01
3.046578e+13,7.892301e+01
1.481948e+13,3.099516e+01
4.066017e+13,7.935770e+01
9.566154e+13,6.101848e+01
8.660670e+13,4.384202e+01
4.905424e+13,3.681528e+01
1.587783e+13,7.898923e+01
2.475489e+13,2.726613e+01
9.922626e+13,5.921675e+01
1.160827e+14,5.417191e+01
4.148637e+14,8.000000e+01
1.549424e+13,7.893329e+01
1.112484e+13,7.899528e+01
2.673751e+13,2.298380e+01
1.772440e+13,7.896302e+01
2.279761e+14,8.000000e+01
2.279761e+14,8.000000e+01
2.587359e+14,8.000000e+01
3.228796e+13,3.080953e+01
2.665715e+13,5.000289e+00
1.566163e+13,7.899676e+01
2.642372e+14,8.000000e+01
3.124413e+13,7.898075e+01
3.988951e+13,4.378196e+01
5.722131e+13,2.204112e+01
2.889605e+14,6.774492e+01
1.615289e+14,5.507278e+01
6.294478e+14,8.000000e+01
5.575882e+13,6.095842e+01
5.575882e+13,7.899856e+01
6.158588e+13,4.186012e+01
1.078748e+14,8.000000e+01
9.676151e+13,4.906702e+01
1.056822e+14,8.000000e+01
2.513777e+14,8.000000e+01
1.480181e+13,7.899280e+01
9.820504e+13,8.000000e+01
4.161952e+14,8.000000e+01
3.279741e+13,2.732619e+01
1.314896e+13,7.899144e+01
2.016843e+14,8.000000e+01
2.379959e+13,7.898048e+01
4.262976e+13,3.201068e+01
5.610086e+13,3.435292e+01
2.694735e+13,2.672561e+01
1.562706e+14,6.119865e+01
2.986967e+13,2.792676e+01
4.685574e+13,5.387163e+01
2.233970e+13,4.999210e+00
1.224850e+14,8.000000e+01
2.252957e+13,2.432331e+01
1.046831e+14,8.000000e+01
2.181814e+13,7.897335e+01
1.653745e+15,8.000000e+01
1.151968e+20,8.000000e+01
9.558794e+13,6.918630e+01
1.443025e+14,6.414147e+01
7.732361e+13,5.225007e+01
1.438959e+14,4.984777e+01
9.366231e+12,7.899713e+01
1.917158e+13,7.897216e+01
8.092255e+13,4.942737e+01
1.439068e+13,4.999904e+00
3.948330e+13,3.333194e+01
8.951965e+13,4.834633e+01
2.055184e+13,7.892620e+01
1.571411e+13,7.899601e+01
1.405462e+14,7.963632e+01
9.926877e+13,4.606414e+01
2.150942e+13,7.899497e+01
2.013526e+13,3.888066e+01
9.785218e+12,7.899860e+01
3.078466e+13,2.630521e+01
1.930887e+13,3.298822e+01
1.574914e+13,7.899401e+01
7.743998e+13,4.828627e+01
2.044407e+14,7.218918e+01
9.863910e+12,7.899520e+01
2.255835e+13,7.896761e+01
2.603437e+13,7.896962e+01
6.003021e+13,4.999928e+00
2.185384e+14,8.000000e+01
1.334435e+14,4.780581e+01
8.964961e+13,4.690495e+01
1.761471e+13,7.898610e+01
1.594149e+14,4.924720e+01
1.012947e+14,4.264086e+01
3.507949e+13,3.375235e+01
2.091238e+13,2.901207e+01
1.216895e+14,4.870668e+01
1.842413e+14,5.134921e+01
1.004272e+19,8.000000e+01
1.004272e+19,8.000000e+01
1.004272e+19,8.000000e+01
1.004272e+19,8.000000e+01
3.166958e+13,2.894774e+01
1.648159e+14,8.000000e+01
5.123609e+13,5.206990e+01
9.371266e+13,4.858656e+01
1.164249e+14,8.000000e+01
1.164249e+14,8.000000e+01
2.521528e+15,8.000000e+01
5.768999e+13,3.074947e+01
2.787336e+13,7.899035e+01
1.722508e+13,7.897943e+01
4.011069e+13,3.423281e+01
5.791358e+13,7.899454e+01
3.107535e+13,3.453309e+01
4.082943e+13,3.663511e+01
1.615710e+13,7.899539e+01
3.733961e+13,2.984860e+01
7.142835e+13,1.700000e+01
1.584420e+13,4.998872e+00
1.422574e+14,8.000000e+01
3.144978e+14,5.939692e+01
9.804511e+14,8.000000e+01
9.804511e+14,8.000000e+01
1.477830e+14,8.000000e+01
1.477830e+14,8.000000e+01
4.325597e+13,4.999406e+00
8.556346e+13,6.390124e+01
2.945786e+14,8.000000e+01
3.939092e+13,4.155983e+01
2.503689e+14,8.000000e+01
9.513029e+13,8.000000e+01
3.100256e+13,3.399258e+01
3.374245e+13,3.171039e+01
7.692654e+13,6.522250e+01
1.581780e+13,7.899620e+01
3.624074e+13,2.882763e+01
8.911171e+13,5.176961e+01
3.405574e+13,2.876757e+01
1.628902e+13,7.895154e+01
2.642918e+13,7.933997e+01
6.806712e+13,4.204029e+01
1.666873e+13,7.707727e+01
2.131628e+14,5.813571e+01
3.598351e+13,4.999985e+00
2.421375e+13,2.402302e+01
1.542809e+14,8.000000e+01
1.542809e+14,8.000000e+01
1.542809e+14,8.000000e+01
5.981915e+13,4.348167e+01
3.466208e+15,8.000000e+01
5.700370e+13,6.768486e+01
2.428113e+13,7.899764e+01
6.785165e+13,5.999750e+01
3.082315e+13,2.888768e+01
6.537676e+13,4.125954e+01
8.652557e+12,7.898608e+01
1.617500e+13,7.888410e+01
2.125164e+13,7.896451e+01
1.378304e+13,7.899305e+01
4.416628e+13,3.243108e+01
3.700795e+13,3.381240e+01
4.718651e+13,3.711557e+01
1.751929e+13,7.887148e+01
2.251435e+13,7.898237e+01
1.158459e+15,8.000000e+01
1.645346e+13,7.899343e+01
1.941281e+13,7.898635e+01
1.039193e+14,6.672394e+01
3.310629e+14,6.251991e+01
1.180721e+14,6.426158e+01
3.812813e+13,3.068941e+01
4.322860e+14,8.000000e+01
6.283565e+13,4.023856e+01
1.342026e+13,7.899069e+01
4.800128e+13,7.895259e+01
6.467987e+13,5.092881e+01
2.655201e+14,8.000000e+01
1.544811e+14,4.552363e+01
2.648903e+13,7.899708e+01
1.809921e+14,6.852567e+01
3.635436e+14,8.000000e+01
3.635436e+14,8.000000e+01
1.011833e+13,7.894644e+01
2.032889e+14,8.000000e+01
2.032889e+14,8.000000e+01
3.032156e+13,2.774659e+01
1.705810e+14,8.000000e+01
9.442793e+12,7.899853e+01
2.676099e+13,7.865422e+01
1.899977e+13,7.899658e+01
1.868186e+14,6.378112e+01
1.074714e+13,7.899352e+01
2.887860e+13,7.899515e+01
9.266451e+12,4.503442e+01
1.152082e+14,6.288026e+01
2.682746e+13,2.600492e+01
1.774578e+13,7.896304e+01
5.895196e+13,5.369145e+01
7.792924e+13,4.336155e+01
4.253971e+13,4.023856e+01
1.830978e+13,7.897268e+01
9.522224e+15,7.909580e+01
1.835276e+13,7.899804e+01
1.336863e+13,5.871303e+01
4.645607e+13,3.783626e+01
2.530939e+13,3.298598e+01
2.170504e+13,7.899697e+01
4.868682e+13,7.897988e+01
3.492425e+13,3.609459e+01
2.304710e+14,8.000000e+01
2.349894e+14,6.738458e+01
1.000018e+13,7.899853e+01
3.436604e+13,7.898736e+01
3.857392e+14,8.000000e+01
3.330936e+13,3.705551e+01
1.530886e+14,5.639404e+01
2.525289e+13,7.914120e+01
2.160375e+13,7.899237e+01
2.932435e+13,2.924803e+01
5.454732e+13,3.579430e+01
5.904445e+13,5.867623e+01
3.902494e+14,8.000000e+01
3.902494e+14,8.000000e+01
3.621567e+13,3.074947e+01
5.947064e+13,7.909026e+01
1.059086e+13,7.898036e+01
8.700779e+12,7.898500e+01
1.306775e+13,7.898452e+01
4.157940e+14,8.000000e+01
4.157940e+14,8.000000e+01
4.157940e+14,8.000000e+01
5.812726e+13,7.128832e+01
9.208799e+13,4.198023e+01
1.171843e+13,7.899544e+01
6.329160e+13,4.492305e+01
1.989669e+13,7.892657e+01
2.901754e+13,7.899463e+01
5.691096e+13,7.899946e+01
5.691096e+13,6.822538e+01
3.768302e+13,2.870751e+01
3.315555e+13,7.881500e+01
1.639238e+13,7.893307e+01
4.646831e+13,7.896020e+01
2.635517e+13,2.858740e+01
2.171465e+13,7.902831e+01
1.412199e+14,8.000000e+01
3.470945e+13,3.074947e+01
7.323310e+13,4.804604e+01
2.213077e+13,7.899729e+01
2.904632e+14,8.000000e+01
1.612533e+14,8.000000e+01
1.832869e+13,7.899502e+01
4.654705e+13,7.888608e+01
6.049537e+13,3.717563e+01
9.216464e+13,4.834633e+01
3.588752e+13,3.327189e+01
1.908247e+13,7.899117e+01
1.553679e+13,7.897507e+01
2.155103e+13,7.893084e+01
5.681174e+13,6.143888e+01
3.005797e+13,6.194689e+01
2.909383e+13,2.906786e+01
3.584650e+14,5.927681e+01
6.288648e+13,4.149977e+01
7.215277e+13,5.807566e+01
1.520131e+13,7.899445e+01
3.465847e+13,3.267131e+01
1.063321e+14,5.182967e+01
1.074004e+15,7.248947e+01
7.179411e+13,7.898127e+01
1.582818e+13,7.905835e+01
2.716370e+13,2.702590e+01
2.668531e+13,7.899447e+01
2.953822e+13,7.910215e+01
1.811670e+13,7.525640e+01
1.266042e+13,7.899425e+01
9.664857e+12,7.899794e+01
9.489328e+13,5.152938e+01
3.137120e+13,3.321183e+01
1.042298e+13,7.899891e+01
3.123929e+13,7.895602e+01
1.975624e+14,8.000000e+01
5.123225e+13,3.657505e+01
1.381850e+14,6.918630e+01
6.314096e+14,8.000000e+01
3.494709e+13,7.899565e+01
3.259644e+13,2.642532e+01
2.445780e+14,8.000000e+01
3.103798e+14,8.000000e+01
3.103798e+14,8.000000e+01
6.050397e+13,5.249030e+01
2.615041e+13,7.917886e+01
8.146440e+14,7.795471e+01
3.084773e+13,2.588481e+01
3.810966e+13,2.499704e+01
1.443142e+13,4.999822e+00
1.717696e+13,7.898358e+01
7.168400e+13,6.191934e+01
1.670883e+13,7.898843e+01
8.689311e+13,5.609376e+01
1.079069e+14,5.225007e+01
5.312498e+13,3.735580e+01
1.279495e+14,5.645410e+01
2.839011e+13,4.999845e+00
2.192858e+14,8.000000e+01
2.192858e+14,8.000000e+01
1.615859e+13,7.495461e+01
1.505274e+13,7.897493e+01
1.434251e+14,5.429203e+01
3.214259e+13,2.618509e+01
4.039549e+14,8.000000e+01
9.996670e+13,7.110815e+01
2.130094e+14,8.000000e+01
2.130094e+14,8.000000e+01
2.965689e+13,7.923174e+01
2.633475e+13,7.845822e+01
1.494013e+13,7.898947e+01
1.447756e+13,7.899435e+01
2.449953e+13,7.899553e+01
3.218639e+13,2.930809e+01
1.793202e+13,7.892356e+01
1.005562e+13,7.899162e+01
7.563023e+13,4.516328e+01
1.563926e+13,7.898106e+01
9.349727e+13,8.000000e+01
1.592736e+20,8.000000e+01
1.592736e+20,8.000000e+01
1.592736e+20,8.000000e+01
1.592736e+20,8.000000e+01
1.592736e+20,8.000000e+01
8.006391e+14,8.000000e+01
1.764046e+13,7.898798e+01
5.186091e+13,4.528340e+01
1.367408e+14,6.666389e+01
2.582500e+13,7.897612e+01
1.137380e+14,7.182884e+01
6.395035e+13,6.570297e+01
5.134977e+13,3.783626e+01
2.827662e+13,2.648538e+01
2.538885e+14,8.000000e+01
5.289192e+13,3.195062e+01
9.660720e+13,5.194979e+01
1.287713e+14,7.861534e+01
2.871490e+13,3.195062e+01
2.044984e+14,8.000000e+01
4.717060e+13,3.849689e+01
6.493441e+13,4.708512e+01
1.664383e+13,7.899666e+01
2.473161e+13,7.898992e+01
3.941147e+13,7.899299e+01
3.827368e+13,7.898296e+01
5.247019e+13,3.327189e+01
1.563231e+14,8.000000e+01
1.563231e+14,8.000000e+01
3.809969e+15,8.000000e+01
3.809969e+15,8.000000e+01
1.012418e+14,6.197940e+01
9.256304e+12,7.903643e+01
1.142176e+13,7.899146e+01
5.860279e+13,3.465321e+01
5.811907e+13,4.125954e+01
8.953380e+13,4.198023e+01
7.754916e+13,4.822622e+01
4.593296e+13,5.837594e+01
1.258226e+13,7.899581e+01
1.955423e+13,7.899352e+01
1.752072e+14,7.675356e+01
1.802587e+13,7.899332e+01
2.166375e+13,7.898784e+01
6.683219e+13,4.492305e+01
3.654741e+13,4.252075e+01
2.650794e+13,7.899665e+01
2.880009e+13,7.889329e+01
5.645641e+13,4.336155e+01
4.725719e+14,5.453226e+01
9.321049e+13,5.309088e+01
1.449023e+13,7.896816e+01
5.530857e+13,3.717563e+01
4.674329e+13,3.177045e+01
5.548851e+13,4.720524e+01
1.020316e+14,6.876590e+01
8.841114e+12,7.882091e+01
2.912973e+13,2.678567e+01
5.521534e+13,4.498311e+01
8.057407e+14,7.819494e+01
4.120529e+13,4.101931e+01
9.265969e+13,4.192017e+01
5.351177e+14,6.354089e+01
2.393612e+13,4.999012e+00
2.951589e+14,5.813571e+01
1.281117e+13,7.899763e+01
1.257979e+14,8.000000e+01
2.495264e+14,8.000000e+01
3.964706e+13,3.122993e+01
4.535976e+13,4.600409e+01
7.473110e+13,4.110207e+01
5.435747e+13,7.062768e+01
1.078976e+13,7.899862e+01
1.156525e+13,7.899689e+01
2.184198e+14,8.000000e+01
2.564653e+13,2.792676e+01
4.226741e+14,8.000000e+01
1.745497e+14,8.000000e+01
1.745497e+14,8.000000e+01
1.056193e+14,6.113859e+01
1.307870e+13,7.899555e+01
8.951742e+12,7.897758e+01
2.194349e+13,7.899350e+01
1.768650e+13,7.899593e+01
2.206843e+13,7.899161e+01
1.695341e+14,6.474204e+01
1.677025e+14,8.000000e+01
1.677668e+13,7.923625e+01
2.964774e+13,7.899487e+01
4.448945e+13,5.000115e+00
4.448945e+13,4.999984e+00
3.683945e+13,3.699545e+01
1.192128e+13,7.899786e+01
1.055376e+13,7.899804e+01
1.047973e+13,7.899360e+01
3.516123e+13,3.128999e+01
7.816745e+13,6.858573e+01
7.816745e+13,6.858573e+01
6.385179e+13,3.675522e+01
2.431126e+13,2.450348e+01
3.548585e+13,7.899579e+01
8.000038e+13,7.500345e+01
3.291387e+13,3.008884e+01
3.165458e+13,7.899499e+01
1.900786e+13,7.898623e+01
1.303998e+14,8.000000e+01
1.262078e+14,6.714435e+01
4.824439e+14,8.000000e+01
3.281192e+13,7.899031e+01
1.722871e+13,7.898427e+01
1.416660e+14,5.447220e+01
4.139954e+13,7.895875e+01
7.357920e+13,4.167994e+01
3.279240e+13,7.928490e+01
1.389433e+13,7.895709e+01
2.191073e+13,7.899616e+01
1.579003e+14,5.200984e+01
2.441334e+13,7.899374e+01
1.208400e+14,6.612337e+01
7.303060e+13,7.899510e+01
7.303060e+13,6.966676e+01
1.308428e+13,7.899401e+01
1.990848e+13,7.720096e+01
1.499132e+13,4.999446e+00
3.320055e+13,7.899203e+01
2.682764e+13,7.898877e+01
1.786264e+14,4.924720e+01
6.485826e+13,4.570380e+01
1.515026e+14,7.417108e+01
1.339570e+13,2.499574e+01
2.264134e+14,8.000000e+01
2.264134e+14,8.000000e+01
4.242447e+13,3.279143e+01
1.551375e+13,7.899348e+01
5.292112e+13,4.870668e+01
1.041091e+13,7.899399e+01
2.581376e+13,7.898883e+01
4.688643e+13,3.098970e+01
1.259501e+13,7.898519e+01
2.352201e+13,2.342245e+01
2.468033e+13,3.688971e+01
7.270628e+15,7.681361e+01
7.842921e+13,4.041873e+01
9.613071e+13,4.264086e+01
1.284832e+13,7.899217e+01
1.346538e+13,7.899037e+01
3.630981e+13,2.840722e+01
1.270767e+13,7.899742e+01
4.356187e+13,3.873712e+01
3.332417e+14,5.663427e+01
5.489791e+14,7.681361e+01
1.036364e+13,7.898732e+01
1.677940e+13,6.315383e+01
4.801799e+13,4.768570e+01
3.766584e+14,8.000000e+01
1.124836e+14,5.819577e+01
3.069920e+14,6.137882e+01
1.021534e+14,4.756558e+01
9.167725e+13,4.828627e+01
1.995451e+15,8.000000e+01
3.667870e+13,3.405263e+01
3.686683e+13,3.375235e+01
1.771333e+14,6.570297e+01
1.089771e+14,8.000000e+01
4.685950e+13,7.899294e+01
2.594561e+13,2.738625e+01
3.639695e+14,8.000000e+01
3.698774e+13,7.899289e+01
2.036753e+13,7.897531e+01
3.356828e+13,2.888768e+01
6.910198e+13,5.873629e+01
4.153410e+13,2.972849e+01
2.272592e+14,8.000000e+01
4.045835e+13,7.899932e+01
4.045835e+13,7.899960e+01
1.137773e+13,7.898268e+01
6.440715e+14,8.000000e+01
6.442873e+13,5.801560e+01
2.696473e+13,2.348250e+01
1.567928e+13,7.898302e+01
7.798255e+13,4.330150e+01
3.338675e+14,5.855612e+01
2.983188e+17,8.000000e+01
2.983188e+17,8.000000e+01
9.746629e+12,7.054623e+01
3.397299e+13,7.898895e+01
4.051519e+13,7.895828e+01
2.381741e+13,7.898817e+01
1.185148e+13,7.899725e+01
9.513169e+13,8.000000e+01
9.513169e+13,4.999999e+00
3.220271e+14,7.873545e+01
2.462552e+13,7.899068e+01
1.564268e+14,6.588314e+01
1.746210e+14,6.498227e+01
1.729664e+13,7.898850e+01
4.719889e+13,7.899471e+01
6.041067e+13,7.899826e+01
3.345835e+13,3.177045e+01
2.200728e+14,8.000000e+01
1.094754e+13,7.899277e+01
5.338967e+13,6.053802e+01
1.583365e+14,8.000000e+01
7.638500e+13,7.459148e+01
7.638500e+13,7.459148e+01
2.326958e+14,8.000000e+01
2.326958e+14,8.000000e+01
6.958276e+13,7.200901e+01
7.925062e+13,5.669433e+01
2.538554e+13,2.780665e+01
2.230088e+13,7.899832e+01
7.005088e+13,3.813655e+01
2.617901e+13,4.999858e+00
1.814432e+13,7.897240e+01
1.955785e+13,7.899193e+01
7.354902e+13,8.000000e+01
7.354902e+13,5.000133e+00
7.354902e+13,5.000079e+00
4.035003e+13,7.897405e+01
7.546844e+13,7.898921e+01
1.348836e+13,7.906229e+01
2.252864e+14,8.000000e+01
4.681607e+14,8.000000e+01
2.500606e+13,7.896646e+01
2.503633e+13,7.899010e+01
7.553484e+13,7.899678e+01
1.398618e+15,8.000000e+01
1.398618e+15,8.000000e+01
3.215768e+13,3.020895e+01
2.100054e+13,2.204112e+01
6.497084e+13,6.149894e+01
6.497084e+13,5.000024e+00
2.266740e+14,3.893886e+01
5.475245e+13,4.192017e+01
2.482479e+13,7.896799e+01
2.353039e+13,7.892214e+01
2.150259e+13,4.998569e+00
1.231295e+13,7.898852e+01
8.130060e+13,5.002794e+01
2.533662e+14,5.819577e+01
5.807683e+13,4.059891e+01
2.021238e+13,3.856960e+01
9.408615e+13,7.020728e+01
9.151275e+14,8.000000e+01
1.062557e+14,8.000000e+01
1.062557e+14,8.000000e+01
1.062557e+14,8.000000e+01
1.029596e+14,7.002711e+01
8.637092e+12,7.899696e+01
1.250662e+14,7.290987e+01
1.552161e+13,7.897372e+01
1.103623e+14,5.074863e+01
2.150319e+13,7.899550e+01
4.768641e+13,4.085652e+01
1.411440e+13,7.899229e+01
1.348223e+13,7.899599e+01
2.649156e+13,3.327189e+01
1.197216e+13,4.999586e+00
1.878154e+13,4.999422e+00
7.082831e+13,6.498227e+01
2.612897e+14,8.000000e+01
2.612897e+14,8.000000e+01
4.159960e+13,3.135004e+01
2.809361e+14,6.251991e+01
1.310567e+14,7.230930e+01
1.942914e+13,7.898557e+01
9.216092e+13,7.212912e+01
5.345882e+13,4.912708e+01
1.503895e+14,6.143888e+01
9.500793e+13,8.000000e+01
9.500793e+13,8.000000e+01
1.495130e+13,7.893064e+01
2.128327e+13,2.390291e+01
8.928844e+13,7.693373e+01
1.017147e+13,7.898565e+01
2.310415e+13,7.899763e+01
1.276817e+13,7.899531e+01
2.028037e+14,5.747508e+01
2.192789e+13,5.888261e+01
8.289339e+13,4.366184e+01
4.394188e+13,2.642532e+01
6.289124e+13,4.065896e+01
1.051145e+15,8.000000e+01
4.807727e+13,3.729574e+01
1.620269e+13,7.899197e+01
3.340496e+13,4.999973e+00
3.422975e+13,3.621471e+01
1.880879e+14,5.441214e+01
4.695324e+14,5.705468e+01
5.456929e+13,4.972766e+01
8.119024e+13,4.522334e+01
2.097338e+13,7.899708e+01
9.155727e+13,5.621387e+01
5.953283e+13,3.597448e+01
4.727813e+13,3.837678e+01
2.994420e+14,7.357050e+01
2.255626e+13,4.999353e+00
5.433473e+13,3.675522e+01
1.507693e+13,7.898696e+01
2.196491e+15,6.984694e+01
4.263130e+13,2.899544e+01
3.326933e+14,6.774492e+01
3.602475e+13,3.405263e+01
2.526300e+13,7.892279e+01
4.281033e+14,8.000000e+01
1.989019e+13,7.899675e+01
2.075756e+14,8.000000e+01
4.346833e+13,6.288026e+01
7.211553e+13,4.204029e+01
1.643069e+13,7.898125e+01
2.731185e+14,6.167911e+01
1.409242e+13,7.898558e+01
8.391257e+13,4.336155e+01
6.013004e+13,4.204029e+01
3.447609e+13,7.899485e+01
1.988480e+13,7.899607e+01
1.652142e+13,7.892688e+01
4.554259e+14,7.038745e+01
5.318317e+13,7.899052e+01
5.318317e+13,7.899588e+01
1.887833e+13,7.899653e+01
1.362218e+13,7.899774e+01
1.568545e+13,7.899835e+01
1.484958e+13,2.500000e+01
2.497611e+14,8.000000e+01
2.497611e+14,8.000000e+01
1.812062e+13,5.000509e+00
3.555077e+13,5.000009e+00
1.029771e+13,7.895244e+01
1.470978e+13,7.899032e+01
1.968146e+13,7.899396e+01
2.812038e+13,2.876757e+01
1.863099e+13,7.899289e+01
2.719931e+13,3.171039e+01
7.072133e+13,7.894145e+01
1.735663e+13,7.899366e+01
1.101933e+14,4.972766e+01
4.091980e+14,8.000000e+01
7.518837e+13,3.651499e+01
1.420069e+13,7.897673e+01
1.461453e+13,4.999344e+00
4.673676e+13,5.861617e+01
4.673676e+13,5.000009e+00
3.102075e+13,7.893178e+01
6.103477e+13,6.588314e+01
3.220462e+14,8.000000e+01
2.660633e+13,7.898322e+01
5.744684e+13,3.765609e+01
1.293856e+14,6.990699e+01
1.897681e+13,7.899579e+01
1.361735e+14,6.720440e+01
9.024190e+12,7.898157e+01
3.603091e+13,7.897448e+01
1.635955e+13,7.899802e+01
7.863318e+13,4.900696e+01
1.716197e+13,7.912326e+01
2.513583e+13,7.897842e+01
8.150790e+13,6.348084e+01
1.255178e+14,7.896875e+01
6.995412e+13,5.116904e+01
5.048249e+14,8.000000e+01
2.296390e+14,5.831589e+01
2.075510e+13,7.817172e+01
9.535623e+12,7.899128e+01
1.199220e+13,7.899812e+01
1.210399e+19,8.000000e+01
1.210399e+19,8.000000e+01
1.210399e+19,8.000000e+01
1.210399e+19,8.000000e+01
8.140951e+14,7.645327e+01
4.110242e+13,2.744630e+01
3.191857e+13,3.189056e+01
3.817025e+13,3.639488e+01
3.393212e+13,7.894701e+01
1.267243e+13,7.896738e+01
1.437615e+13,6.110893e+01
1.311232e+13,7.894546e+01
2.185707e+13,2.330233e+01
4.929950e+13,4.936731e+01
1.604134e+14,5.915669e+01
1.081396e+14,5.170955e+01
5.455757e+14,7.224924e+01
1.891570e+14,8.000000e+01
1.891570e+14,8.000000e+01
4.203609e+14,8.000000e+01
4.203609e+14,8.000000e+01
2.195526e+13,4.999354e+00
1.112370e+13,7.897793e+01
2.236467e+13,2.306210e+01
4.767663e+13,3.369229e+01
9.838990e+13,5.158944e+01
8.484964e+13,8.000000e+01
4.555796e+13,7.899714e+01
2.331044e+14,8.000000e+01
2.331044e+14,8.000000e+01
4.825465e+13,7.907020e+01
1.282784e+14,8.000000e+01
1.909454e+13,7.897844e+01
1.157093e+14,5.969721e+01
5.170404e+14,8.000000e+01
1.057639e+14,4.228052e+01
3.639916e+13,2.301196e+01
6.612060e+13,4.528340e+01
1.832575e+13,7.897321e+01
7.489047e+13,4.582391e+01
1.379338e+13,4.999636e+00
2.609173e+13,7.899417e+01
1.330728e+13,5.067363e+01
1.480074e+13,7.899533e+01
3.363628e+13,2.990866e+01
4.356648e+13,4.999918e+00
2.597747e+14,7.345039e+01
1.264345e+13,7.899671e+01
1.158129e+14,8.000000e+01
9.984799e+13,8.000000e+01
2.523877e+13,2.462360e+01
8.449654e+13,4.035868e+01
2.602621e+14,6.840556e+01
4.409195e+14,8.000000e+01
2.495617e+14,8.000000e+01
1.341144e+14,6.426158e+01
9.473641e+13,8.000000e+01
9.473641e+13,8.000000e+01
9.473641e+13,8.000000e+01
1.565931e+14,4.870668e+01
6.900881e+13,5.669433e+01
5.177678e+13,4.660466e+01
2.976687e+13,3.141010e+01
6.981641e+13,5.092881e+01
5.613023e+13,7.696780e+01
5.891486e+14,8.000000e+01
2.800496e+13,7.899242e+01
2.356084e+14,8.000000e+01
2.356084e+14,8.000000e+01
2.356084e+14,8.000000e+01
1.062867e+13,7.899632e+01
4.116214e+13,3.369229e+01
7.362561e+13,8.000000e+01
1.956702e+14,8.000000e+01
1.750266e+13,7.897745e+01
2.621273e+13,2.582475e+01
3.892067e+13,3.441298e+01
1.056970e+13,7.899175e+01
1.550587e+14,5.717479e+01
7.321663e+13,7.891742e+01
7.321663e+13,7.297494e+01
1.871504e+13,7.893040e+01
2.348488e+13,2.372273e+01
4.242722e+13,3.471327e+01
1.793966e+13,7.891169e+01
1.855257e+13,7.896703e+01
1.637255e+13,7.896604e+01
6.196866e+13,7.381074e+01
6.196866e+13,7.381074e+01
5.768906e+13,6.276015e+01
1.764989e+13,2.053968e+01
1.606278e+13,7.899829e+01
2.320179e+13,2.360262e+01
3.136811e+13,5.000000e+00
2.374234e+14,8.000000e+01
1.267961e+13,7.897930e+01
2.624863e+13,3.381240e+01
1.438375e+14,4.726530e+01
7.514685e+14,8.000000e+01
2.232078e+14,8.000000e+01
2.163010e+14,8.000000e+01
3.148898e+13,7.899161e+01
8.435654e+13,7.050757e+01
9.610991e+12,7.899766e+01
1.595675e+14,5.609376e+01
1.227704e+13,7.899770e+01
5.738898e+13,4.180006e+01
1.427178e+13,4.999266e+00
2.016182e+13,7.866057e+01
1.034523e+13,7.896153e+01
1.325714e+14,5.585353e+01
2.479786e+13,7.933071e+01
4.413398e+13,7.899849e+01
1.995855e+14,7.453143e+01
3.309118e+13,1.898815e+01
1.681003e+13,7.899473e+01
7.768415e+13,5.825583e+01
4.725222e+13,3.939776e+01
1.466967e+13,7.899617e+01
3.221483e+13,2.756642e+01
1.206193e+13,7.898948e+01
1.863551e+14,5.939692e+01
4.342139e+13,3.861701e+01
2.347705e+13,7.899846e+01
9.646010e+14,8.000000e+01
4.865573e+13,3.128999e+01
3.719403e+13,7.897696e+01
2.513518e+14,6.792509e+01
1.317305e+13,7.896700e+01
4.695470e+15,8.000000e+01
7.298539e+15,8.000000e+01
7.298539e+15,8.000000e+01
3.096740e+13,7.363015e+01
4.377303e+13,3.309171e+01
2.409461e+13,2.408308e+01
2.144834e+13,7.894461e+01
1.900968e+13,7.898196e+01
3.524059e+13,7.899785e+01
4.520760e+13,4.089919e+01
1.783871e+14,8.000000e+01
1.783871e+14,8.000000e+01
1.986165e+13,2.288193e+01
1.908266e+13,7.899430e+01
3.649951e+13,3.153022e+01
5.907465e+13,4.324144e+01
1.014632e+14,5.020812e+01
4.114501e+13,3.351212e+01
1.076950e+13,7.899787e+01
2.300147e+13,7.899659e+01
1.079040e+13,1.699593e+01
1.106139e+14,5.801560e+01
3.915258e+13,3.621471e+01
3.375579e+13,3.020895e+01
2.129504e+13,4.903514e+01
1.050765e+13,7.899789e+01
5.523690e+13,4.999861e+00
1.705877e+14,8.000000e+01
2.318992e+13,7.898763e+01
3.882942e+13,3.387246e+01
1.103516e+13,7.899555e+01
1.261479e+13,7.898379e+01
2.683269e+13,2.738625e+01
3.521876e+13,3.026901e+01
2.500553e+13,7.898591e+01
3.851336e+13,7.898613e+01
1.713864e+14,8.000000e+01
6.493476e+13,6.546273e+01
4.083202e+13,3.303166e+01
1.213110e+13,7.899756e+01
1.857958e+13,7.899755e+01
1.177589e+13,7.439508e+01
2.748349e+13,7.894506e+01
1.626366e+13,7.898705e+01
2.016874e+14,8.000000e+01
2.016874e+14,8.000000e+01
1.731980e+13,7.895420e+01
2.963094e+13,4.999337e+00
1.169646e+14,7.074780e+01
5.879661e+13,7.248947e+01
2.136721e+14,8.000000e+01
2.136721e+14,8.000000e+01
2.009521e+13,6.531626e+01
2.829364e+13,4.999978e+00
4.838691e+13,3.819660e+01
3.939428e+13,3.177045e+01
3.396261e+13,3.867707e+01
4.481241e+13,4.600409e+01
4.447647e+16,8.000000e+01
2.172794e+13,2.396296e+01
1.372446e+15,8.000000e+01
1.498489e+13,7.899690e+01
7.701675e+13,5.363140e+01
1.704820e+13,7.899542e+01
1.433015e+13,5.498607e+01
1.267486e+13,7.899191e+01
3.431453e+13,3.687534e+01
5.791648e+13,3.369229e+01
6.060309e+14,8.000000e+01
4.767811e+13,3.495350e+01
3.862463e+13,4.005839e+01
6.979106e+13,3.717563e+01
1.142199e+13,7.899839e+01
2.570788e+13,4.999851e+00
3.458996e+13,3.699545e+01
5.135932e+13,5.981732e+01
3.961428e+14,6.522250e+01
5.150697e+13,3.411269e+01
2.372362e+13,2.774659e+01
2.478479e+13,7.899725e+01
1.960710e+13,2.699069e+01
4.372305e+13,7.897718e+01
5.569015e+13,7.898751e+01
2.789678e+13,4.498585e+01
1.426012e+13,7.896774e+01
1.249726e+13,7.899699e+01
5.106676e+13,3.507361e+01
7.148028e+13,8.000000e+01
1.644739e+13,7.899101e+01
3.938576e+13,2.876757e+01
3.605189e+13,7.898693e+01
1.057142e+16,8.000000e+01
3.335159e+13,1.900000e+01
1.272249e+13,7.899688e+01
1.162971e+13,7.899795e+01
1.409937e+14,7.248947e+01
1.808081e+13,7.899765e+01
8.203350e+16,8.000000e+01
1.692435e+13,7.887755e+01
6.393903e+13,3.681528e+01
3.230470e+14,7.483171e+01
3.290867e+13,2.762648e+01
6.063435e+14,7.915586e+01
2.384126e+13,2.384285e+01
2.099874e+13,4.217276e+01
1.311646e+17,8.000000e+01
2.561954e+14,7.519206e+01
7.405072e+13,3.867707e+01
7.749851e+13,7.807482e+01
1.852057e+13,4.879268e+01
1.681649e+13,4.998808e+00
4.237232e+13,4.372190e+01
1.092673e+14,5.489261e+01
3.705012e+13,3.411269e+01
6.914126e+14,6.462193e+01
1.476268e+13,7.893376e+01
3.333273e+13,3.513367e+01
3.904986e+13,7.899365e+01
3.904986e+13,7.898497e+01
2.699102e+13,3.020895e+01
6.956066e+13,7.892416e+01
2.233248e+13,7.898220e+01
1.680797e+13,7.898856e+01
3.070867e+16,8.000000e+01
1.213559e+14,6.330498e+01
1.213559e+14,6.576302e+01
1.521731e+13,7.899428e+01
1.480661e+13,7.899858e+01
1.901832e+13,7.899473e+01
2.543997e+13,2.756642e+01
4.362832e+13,4.330150e+01
6.358762e+13,5.000162e+00
6.358762e+13,7.896020e+01
1.161636e+13,7.897920e+01
2.998548e+13,7.898799e+01
1.777537e+17,8.000000e+01
1.277194e+13,7.898313e+01
1.991226e+13,7.897344e+01
2.797699e+13,7.899620e+01
1.131308e+14,3.096003e+01
2.161717e+13,7.897703e+01
1.823752e+13,7.899242e+01
1.361413e+14,4.822622e+01
1.558550e+14,6.906619e+01
1.304575e+13,7.894776e+01
3.289889e+13,3.363223e+01
1.208060e+13,7.907390e+01
1.460129e+13,7.896548e+01
3.604931e+13,4.999999e+00
1.551124e+13,7.893730e+01
2.689746e+13,2.882763e+01
1.192716e+13,7.899320e+01
9.936265e+13,4.564374e+01
5.872428e+13,4.228052e+01
3.606829e+14,6.011761e+01
4.688546e+13,3.849689e+01
9.901947e+13,6.438170e+01
2.815227e+13,2.798682e+01
3.841177e+13,7.899517e+01
1.588120e+14,6.858573e+01
1.096696e+13,7.899637e+01
2.853263e+13,1.909830e+01
1.495107e+13,3.686420e+01
7.012089e+13,6.774492e+01
4.435398e+13,3.561413e+01
3.063311e+13,7.899773e+01
4.106592e+13,3.735580e+01
4.106592e+13,3.735580e+01
3.077047e+13,3.110981e+01
5.267860e+19,8.000000e+01
5.267860e+19,8.000000e+01
5.867267e+15,8.000000e+01
1.732605e+13,7.896823e+01
2.892057e+13,3.074947e+01
7.134691e+13,4.029862e+01
2.385587e+13,7.898516e+01
1.281797e+13,7.899764e+01
1.788305e+13,7.895713e+01
4.513654e+14,8.000000e+01
9.654676e+13,5.441214e+01
4.809812e+16,8.000000e+01
4.809812e+16,8.000000e+01
1.155874e+13,7.897475e+01
6.647259e+13,4.366184e+01
3.166534e+13,3.453309e+01
5.088305e+13,3.459315e+01
1.179437e+13,7.899820e+01
2.635013e+13,7.886496e+01
4.996977e+13,5.645410e+01
5.117491e+13,7.899823e+01
4.184929e+13,4.624432e+01
4.921761e+13,4.582391e+01
5.435119e+13,3.351212e+01
4.815148e+13,4.167994e+01
1.772991e+13,1.699414e+01
2.665679e+13,2.924803e+01
5.544992e+13,3.663511e+01
2.489644e+13,7.899019e+01
1.041736e+14,7.284981e+01
4.863170e+13,7.899901e+01
5.510962e+13,7.899669e+01
8.330130e+12,7.899811e+01
3.366249e+13,2.960837e+01
3.002605e+13,7.890311e+01
4.555626e+13,3.249114e+01
2.857375e+13,2.786671e+01
2.324676e+14,7.939609e+01
2.497001e+13,2.744630e+01
1.339805e+13,7.899799e+01
5.312903e+13,4.966760e+01
1.944613e+13,5.000129e+00
9.819444e+12,7.898901e+01
2.741342e+13,2.966843e+01
3.940446e+13,2.996872e+01
1.812400e+14,8.000000e+01
2.461865e+14,8.000000e+01
1.123546e+13,3.894683e+01
1.028798e+14,6.948659e+01
1.028798e+14,6.948659e+01
1.831647e+14,7.771448e+01
1.222851e+13,7.898289e+01
1.190940e+14,6.588314e+01
1.416192e+13,7.899611e+01
3.183160e+15,8.000000e+01
1.258767e+13,7.899806e+01
1.250878e+13,7.899115e+01
1.497651e+14,4.936731e+01
2.633757e+13,7.899689e+01
3.628061e+14,8.000000e+01
3.628061e+14,8.000000e+01
5.990149e+14,8.000000e+01
1.104190e+14,6.540268e+01
1.614467e+13,4.511066e+01
1.015416e+14,7.519206e+01
5.203708e+13,3.159027e+01
4.834150e+13,4.999860e+00
2.290503e+13,7.898873e+01
6.144806e+13,7.327816e+01
6.144806e+13,5.501272e+01
2.043220e+13,7.884503e+01
2.397471e+13,7.899508e+01
4.211298e+13,4.642449e+01
1.187591e+13,4.896207e+01
1.223443e+14,4.192017e+01
1.583110e+13,7.895916e+01
5.455128e+13,3.603453e+01
4.651773e+14,8.000000e+01
2.055049e+15,8.000000e+01
2.055049e+15,8.000000e+01
6.535806e+14,8.000000e+01
1.452141e+14,5.369145e+01
1.091974e+13,7.899540e+01
1.604675e+13,7.898016e+01
2.000147e+13,7.899205e+01
1.790780e+14,8.000000e+01
6.165113e+13,3.417275e+01
1.603589e+13,7.897267e+01
3.237864e+13,7.899217e+01
6.520988e+13,5.000005e+00
6.520988e+13,7.889975e+01
2.478203e+15,8.000000e+01
2.478203e+15,8.000000e+01
2.926161e+13,7.899763e+01
1.011051e+14,7.200901e+01
1.011051e+14,7.200901e+01
1.735539e+14,8.000000e+01
1.735539e+14,8.000000e+01
1.319285e+13,7.898484e+01
1.186872e+14,5.621387e+01
8.384043e+13,4.756558e+01
2.326613e+13,7.899765e+01
6.167349e+13,3.561413e+01
5.020540e+15,8.000000e+01
5.774987e+13,3.897735e+01
2.032493e+13,7.884634e+01
1.998814e+13,7.895013e+01
7.088844e+14,7.417108e+01
2.323745e+14,6.900613e+01
2.515402e+13,2.516412e+01
9.854819e+12,7.899267e+01
9.096152e+14,8.000000e+01
8.074003e+13,6.065813e+01
3.069570e+13,7.897993e+01
3.069570e+13,5.000005e+00
1.252135e+13,7.898283e+01
4.130687e+13,3.237102e+01
1.587992e+13,7.899540e+01
2.193260e+13,7.111760e+01
3.340630e+13,2.996872e+01
8.991629e+13,8.000000e+01
4.029632e+13,3.357217e+01
3.839625e+13,1.700000e+01
3.117596e+13,4.999932e+00
1.244594e+14,7.675356e+01
4.773221e+14,6.209951e+01
1.288844e+14,7.405097e+01
1.357299e+15,8.000000e+01
1.755429e+13,7.899614e+01
3.896558e+13,7.888237e+01
1.957583e+14,5.092881e+01
7.008716e+13,4.690495e+01
5.386719e+14,7.158861e+01
4.451699e+14,7.158861e+01
2.174816e+13,7.894040e+01
1.195507e+13,7.899722e+01
9.647808e+12,7.898367e+01
6.166225e+19,8.000000e+01
6.166225e+19,8.000000e+01
6.166225e+19,8.000000e+01
6.166225e+19,8.000000e+01
6.166225e+19,8.000000e+01
1.274075e+13,7.886802e+01
1.920717e+13,7.890467e+01
2.299085e+14,8.000000e+01
2.676920e+13,2.894774e+01
1.544423e+14,8.000000e+01
3.828755e+13,3.609459e+01
1.251926e+14,4.489495e+01
1.378778e+14,8.000000e+01
1.378778e+14,8.000000e+01
1.378778e+14,8.000000e+01
4.858526e+13,7.899693e+01
5.994793e+14,8.000000e+01
5.994793e+14,8.000000e+01
1.122282e+14,3.500000e+01
1.693996e+13,7.895533e+01
1.811308e+13,7.898728e+01
6.500836e+13,5.032823e+01
4.455871e+13,7.899696e+01
9.362171e+12,7.899407e+01
1.212926e+13,7.899763e+01
1.403026e+13,7.899595e+01
2.736774e+13,7.899873e+01
2.565992e+14,8.000000e+01
6.210973e+13,7.387079e+01
2.812353e+14,8.000000e+01
3.893899e+13,3.795637e+01
2.871857e+14,8.000000e+01
3.744827e+13,7.890161e+01
2.437837e+13,7.899007e+01
2.132825e+13,7.899943e+01
2.454518e+14,7.555240e+01
2.470198e+14,8.000000e+01
3.779606e+13,4.999298e+00
3.135519e+14,8.000000e+01
2.145673e+13,7.899379e+01
1.307275e+13,4.999717e+00
1.475299e+13,7.899841e+01
5.321803e+13,7.899569e+01
1.409193e+13,7.899149e+01
3.323614e+13,3.573425e+01
3.845846e+13,4.999964e+00
1.606466e+14,6.672394e+01
3.303986e+13,3.561413e+01
1.453457e+13,4.999873e+00
1.688742e+13,7.886023e+01
2.511207e+13,7.897111e+01
1.883763e+13,7.897409e+01
1.768109e+13,7.898912e+01
4.742075e+13,5.008800e+01
4.622424e+13,3.495350e+01
1.156499e+13,7.899668e+01
1.378074e+13,7.899422e+01
1.356667e+13,7.899550e+01
2.792410e+13,2.720607e+01
4.910745e+13,4.504317e+01
4.320870e+13,3.423281e+01
1.351561e+14,7.867540e+01
5.446322e+13,3.831672e+01
1.301038e+13,7.899679e+01
1.913809e+13,4.999110e+00
1.512792e+13,7.897691e+01
1.262618e+13,7.899551e+01
2.369348e+14,8.000000e+01
3.567069e+13,3.014889e+01
3.435030e+13,7.899773e+01
3.435030e+13,7.899621e+01
2.129217e+13,7.898930e+01
1.658824e+14,7.321016e+01
1.658824e+14,7.321016e+01
2.532045e+13,4.850303e+01
2.485602e+13,2.570463e+01
9.832825e+12,7.899474e+01
6.513157e+13,4.942737e+01
3.459461e+13,3.555407e+01
9.500263e+13,7.681361e+01
3.142378e+13,3.116987e+01
2.197174e+14,8.000000e+01
6.669450e+13,6.564291e+01
1.913533e+13,7.893925e+01
4.306257e+13,2.888768e+01
3.688869e+13,2.942820e+01
1.034982e+13,7.899821e+01
1.854077e+13,7.899144e+01
2.400580e+13,7.899082e+01
7.468526e+13,6.510239e+01
6.271704e+13,3.207073e+01
3.194572e+13,7.899127e+01
2.949362e+13,4.998546e+00
2.374857e+13,7.880547e+01
4.748255e+13,3.044918e+01
1.190651e+13,7.897112e+01
2.383567e+13,7.899690e+01
1.007089e+14,4.534345e+01
1.553860e+13,7.899341e+01
2.628219e+14,8.000000e+01
3.381244e+14,8.000000e+01
3.381244e+14,8.000000e+01
8.164162e+13,7.951620e+01
8.164162e+13,7.951620e+01
2.599753e+17,7.483171e+01
1.106725e+14,8.000000e+01
3.999263e+13,3.273137e+01
8.069729e+13,4.600409e+01
6.886692e+13,4.846645e+01
3.686220e+13,3.825666e+01
2.646971e+14,8.000000e+01
5.536679e+13,3.651499e+01
1.263848e+14,8.000000e+01
9.091216e+13,6.324061e+01
1.744989e+13,7.899441e+01
3.521029e+13,3.153022e+01
1.037294e+13,4.999642e+00
1.405224e+14,5.873629e+01
1.377460e+13,7.899515e+01
2.055901e+13,7.896269e+01
1.651412e+13,7.899092e+01
2.193077e+13,4.999474e+00
5.059571e+14,8.000000e+01
1.250318e+14,6.097985e+01
2.046981e+14,8.000000e+01
2.086225e+14,8.000000e+01
2.086225e+14,8.000000e+01
2.086225e+14,8.000000e+01
8.349136e+13,3.290178e+01
1.883072e+13,7.894137e+01
1.644119e+13,7.898911e+01
3.371246e+13,7.898911e+01
1.106359e+13,7.898545e+01
6.234465e+13,5.080869e+01
3.486760e+13,7.897480e+01
1.464639e+13,7.894441e+01
1.644332e+15,8.000000e+01
1.644332e+15,8.000000e+01
1.644332e+15,8.000000e+01
4.505458e+14,7.729407e+01
1.819609e+14,7.741419e+01
1.819609e+14,7.741419e+01
2.192155e+13,1.698079e+01
3.768745e+14,8.000000e+01
2.510847e+13,2.912791e+01
7.665256e+13,3.801643e+01
1.442504e+13,7.899690e+01
1.532239e+13,7.898251e+01
9.749173e+13,8.000000e+01
9.749173e+13,8.000000e+01
5.664494e+19,8.000000e+01
2.097510e+13,7.899240e+01
3.213483e+13,7.899556e+01
1.278809e+14,4.552363e+01
2.109265e+13,4.999913e+00
1.694765e+13,7.899875e+01
6.344372e+13,4.552363e+01
3.310471e+13,3.465321e+01
1.875586e+14,8.000000e+01
1.668139e+13,4.999004e+00
2.384003e+13,6.986352e+01
1.125532e+13,7.899806e+01
4.612232e+13,3.783626e+01
3.346354e+13,3.092964e+01
1.070746e+13,7.706221e+01
1.948471e+13,2.258164e+01
1.890393e+13,2.071986e+01
3.790948e+13,3.897816e+01
3.035255e+13,3.231096e+01
9.450350e+13,7.899214e+01
9.450350e+13,5.000009e+00
2.207931e+13,2.474371e+01
1.120628e+14,4.546357e+01
2.990367e+13,7.899001e+01
1.084143e+14,5.939692e+01
2.368184e+14,8.000000e+01
2.368184e+14,8.000000e+01
8.732948e+13,4.450265e+01
1.241106e+13,7.899734e+01
4.588128e+14,7.194895e+01
1.822710e+14,8.000000e+01
2.966636e+13,7.899187e+01
1.171690e+14,8.000000e+01
1.512693e+13,7.899293e+01
5.193086e+13,7.892313e+01
2.208877e+13,7.895683e+01
1.658848e+13,7.896211e+01
3.714596e+13,7.899555e+01
5.509490e+13,6.312049e+01
6.033700e+13,4.630437e+01
1.398815e+13,7.899695e+01
5.213300e+13,4.113943e+01
4.699856e+13,4.077908e+01
6.190646e+13,3.801643e+01
1.379804e+14,5.273053e+01
2.353298e+13,7.899625e+01
3.545701e+14,6.155899e+01
1.824980e+13,7.899553e+01
2.752331e+14,8.000000e+01
2.438900e+13,7.896374e+01
8.951327e+13,8.000000e+01
3.425583e+13,3.663511e+01
6.407795e+14,8.000000e+01
6.407795e+14,8.000000e+01
3.681938e+14,8.000000e+01
1.157670e+13,7.899237e+01
1.315649e+14,5.861617e+01
1.172069e+13,7.899698e+01
1.872393e+13,7.709690e+01
6.194576e+13,4.276098e+01
6.495029e+13,7.899500e+01
6.495029e+13,7.899199e+01
2.655339e+13,4.999300e+00
1.694407e+14,6.954665e+01
1.107426e+13,7.899828e+01
5.197983e+13,3.885724e+01
1.600425e+13,7.899556e+01
5.026437e+13,2.738625e+01
1.699820e+13,7.894273e+01
2.781669e+13,2.498394e+01
4.800313e+13,3.357217e+01
1.681436e+14,8.000000e+01
4.076628e+13,3.068941e+01
1.068896e+14,8.000000e+01
1.384289e+13,7.895662e+01
3.350085e+13,7.894523e+01
3.302472e+13,2.990866e+01
2.568009e+13,7.899571e+01
5.020946e+13,7.895135e+01
2.955352e+13,2.918797e+01
2.240905e+14,8.000000e+01
2.240905e+14,8.000000e+01
3.751162e+13,3.687534e+01
1.178876e+13,7.886207e+01
1.481406e+13,7.893137e+01
2.988981e+13,7.893601e+01
1.146791e+13,7.899839e+01
2.201694e+13,2.174083e+01
1.100876e+14,8.000000e+01
4.640299e+13,3.951787e+01
1.091307e+13,4.999278e+00
1.149225e+13,7.898781e+01
7.483444e+13,4.636443e+01
7.488081e+13,4.468282e+01
1.575288e+14,8.000000e+01
1.575288e+14,8.000000e+01
3.611249e+13,2.948826e+01
1.385007e+13,3.110095e+01
4.390439e+13,7.896935e+01
2.253658e+14,8.000000e+01
4.934796e+13,3.951787e+01
4.072733e+13,3.177045e+01
1.913603e+13,7.897974e+01
1.191395e+13,7.899632e+01
7.058282e+13,6.149894e+01
1.136782e+13,7.899391e+01
3.447817e+13,7.897805e+01
2.525721e+13,7.897373e+01
3.500996e+13,2.756642e+01
6.726130e+14,8.000000e+01
5.731292e+13,3.231096e+01
1.976877e+14,8.000000e+01
1.976877e+14,8.000000e+01
1.946067e+13,5.000293e+00
1.171957e+13,7.899862e+01
1.992012e+13,7.898388e+01
2.849707e+13,3.309171e+01
3.075999e+13,7.896306e+01
6.727198e+13,5.849606e+01
1.201612e+14,5.897652e+01
1.311566e+13,4.895707e+01
1.934488e+13,7.895923e+01
3.333602e+13,7.899796e+01
3.447314e+13,3.297746e+01
3.156500e+13,4.998716e+00
1.194515e+14,8.000000e+01
1.194515e+14,8.000000e+01
3.419520e+13,3.891730e+01
1.362848e+15,8.000000e+01
1.382774e+13,4.999400e+00
1.022592e+14,5.000000e+00
5.240230e+13,4.306127e+01
1.108699e+13,7.899385e+01
1.384951e+13,7.899677e+01
1.686884e+13,7.899383e+01
1.446768e+13,7.899690e+01
1.454665e+14,7.182884e+01
2.818356e+13,2.792676e+01
2.418296e+13,7.898428e+01
1.427165e+13,7.899297e+01
4.439191e+13,7.898643e+01
8.955628e+13,4.390207e+01
3.698162e+13,3.765609e+01
1.962825e+13,7.898344e+01
2.979380e+14,8.000000e+01
2.979380e+14,8.000000e+01
7.425566e+13,3.759603e+01
1.173360e+13,7.812846e+01
1.936451e+13,7.898301e+01
1.369585e+14,5.975727e+01
1.061700e+15,8.000000e+01
1.212713e+17,8.000000e+01
1.212713e+17,8.000000e+01
1.212713e+17,8.000000e+01
1.649475e+13,7.899445e+01
4.653329e+13,7.900017e+01
4.653329e+13,5.200984e+01
2.692321e+13,2.698723e+01
3.431817e+13,2.888768e+01
2.450478e+13,2.378279e+01
3.951214e+14,8.000000e+01
3.951214e+14,8.000000e+01
2.145671e+13,4.999991e+00
2.297325e+13,7.899041e+01
1.616370e+13,5.000178e+00
3.964193e+13,7.899572e+01
1.370003e+13,7.908446e+01
5.471775e+13,4.999950e+00
5.471775e+13,5.000051e+00
1.282414e+13,7.899631e+01
2.758202e+13,7.899854e+01
9.655860e+13,6.720440e+01
1.067239e+13,7.899239e+01
1.036504e+15,7.573258e+01
1.001853e+14,7.254953e+01
3.719475e+13,2.299552e+01
6.698702e+13,3.621471e+01
1.075145e+13,4.999652e+00
2.104706e+14,5.879635e+01
6.979204e+13,3.567419e+01
5.538187e+13,5.579347e+01
1.645947e+14,7.272970e+01
7.930879e+13,4.822622e+01
9.650695e+13,8.000000e+01
3.056339e+13,3.171039e+01
2.828727e+13,2.930809e+01
2.530642e+13,7.897612e+01
8.936514e+15,8.000000e+01
8.936514e+15,8.000000e+01
2.342701e+13,2.570463e+01
1.475919e+14,4.792593e+01
5.557751e+13,5.783543e+01
6.329263e+13,5.585353e+01
6.411480e+13,4.999875e+00
1.629229e+13,7.899411e+01
6.261854e+14,8.000000e+01
8.832923e+19,8.000000e+01
8.832923e+19,8.000000e+01
7.809255e+13,7.717396e+01
2.237456e+13,2.414314e+01
2.845834e+13,7.352032e+01
4.377210e+13,7.899551e+01
5.574010e+14,8.000000e+01
5.574010e+14,8.000000e+01
5.574010e+14,8.000000e+01
1.853624e+13,7.899688e+01
2.336242e+14,8.000000e+01
3.336883e+13,2.792676e+01
5.731051e+13,6.276015e+01
5.731051e+13,4.999932e+00
1.944617e+14,8.000000e+01
1.944617e+14,8.000000e+01
2.907765e+13,2.672561e+01
1.048687e+13,7.899808e+01
3.071604e+13,3.122993e+01
1.406003e+14,5.969721e+01
1.766168e+13,7.897105e+01
1.645375e+13,7.898738e+01
1.134903e+14,5.969721e+01
2.064088e+14,7.212912e+01
1.503497e+13,7.894609e+01
7.735002e+13,4.174000e+01
8.496166e+13,4.828627e+01
2.678088e+13,2.744630e+01
9.009395e+13,6.047796e+01
1.086599e+14,8.000000e+01
5.280841e+13,4.354173e+01
1.956685e+18,8.000000e+01
1.956685e+18,8.000000e+01
2.326414e+13,4.998000e+00
2.565299e+13,6.975577e+01
5.817749e+13,4.101931e+01
1.076693e+14,5.104892e+01
2.789996e+13,7.898929e+01
1.709086e+19,8.000000e+01
1.709086e+19,8.000000e+01
1.680602e+13,7.899371e+01
1.814611e+14,6.792509e+01
3.326176e+14,8.000000e+01
9.978495e+13,4.420236e+01
2.369077e+13,1.500000e+01
3.104320e+13,2.912791e+01
1.727790e+13,7.897016e+01
1.290548e+13,7.899583e+01
4.118349e+13,2.948826e+01
1.843038e+13,7.896092e+01
2.952442e+13,2.714601e+01
1.382020e+14,8.000000e+01
5.252131e+14,7.939609e+01
9.715579e+13,6.510239e+01
1.936750e+14,5.735497e+01
1.464432e+13,7.898920e+01
1.411941e+13,7.897630e+01
1.636105e+14,8.000000e+01
2.324735e+18,8.000000e+01
8.061316e+13,4.270092e+01
3.486245e+13,3.483338e+01
1.794422e+13,5.281916e+01
2.663634e+13,7.801850e+01
2.962513e+13,7.884571e+01
1.466744e+14,4.450265e+01
1.305362e+13,7.897280e+01
3.826199e+14,6.984694e+01
4.394212e+13,3.357217e+01
1.132974e+13,7.899716e+01
1.187791e+13,7.899436e+01
1.663721e+13,7.899049e+01
2.295062e+13,2.588481e+01
4.525290e+13,7.899564e+01
8.695211e+13,4.546357e+01
4.579920e+13,3.567419e+01
2.290077e+13,7.899561e+01
1.841601e+14,8.000000e+01
1.841601e+14,8.000000e+01
8.301315e+13,3.927764e+01
5.571861e+13,5.200984e+01
1.236115e+13,7.898932e+01
8.740954e+13,4.990783e+01
6.923889e+13,4.756558e+01
1.586666e+14,4.822622e+01
9.581352e+12,7.899883e+01
1.365869e+14,8.000000e+01
5.068496e+14,8.000000e+01
1.722887e+13,7.899698e+01
5.414893e+13,5.369145e+01
4.864333e+14,5.939692e+01
3.547458e+13,3.165033e+01
4.246809e+13,3.687534e+01
3.563865e+13,4.999970e+00
3.867388e+14,6.738458e+01
1.771672e+13,7.899680e+01
1.607614e+14,8.000000e+01
1.607614e+14,8.000000e+01
1.208006e+14,8.000000e+01
3.249988e+13,5.698587e+01
2.905547e+14,6.852567e+01
6.068452e+13,3.717563e+01
1.170920e+13,7.899728e+01
5.388049e+13,5.170955e+01
9.273863e+14,8.000000e+01
3.609316e+14,8.000000e+01
3.609316e+14,8.000000e+01
1.996204e+13,7.899580e+01
1.249286e+13,7.891638e+01
5.133350e+13,3.297160e+01
3.797526e+13,2.852734e+01
4.255112e+13,6.173917e+01
2.253823e+13,7.899336e+01
1.171411e+14,8.000000e+01
1.683303e+13,7.826059e+01
1.743536e+14,8.000000e+01
1.743536e+14,8.000000e+01
2.312340e+13,7.889603e+01
1.788087e+13,7.899527e+01
3.337961e+13,3.285148e+01
3.961231e+13,3.903741e+01
1.315469e+14,8.000000e+01
1.203635e+14,6.672394e+01
2.829759e+14,8.000000e+01
2.657498e+13,4.999041e+00
3.908098e+14,8.000000e+01
9.569876e+13,4.999862e+00
1.702523e+13,7.899748e+01
2.404433e+14,7.068774e+01
3.718655e+13,2.714601e+01
6.199908e+13,4.065896e+01
3.258339e+13,2.896766e+01
9.192343e+12,7.899198e+01
4.287011e+14,8.000000e+01
2.200074e+13,4.892973e+01
4.458107e+13,2.948826e+01
1.476802e+14,6.924636e+01
2.126321e+13,7.893077e+01
1.391014e+13,7.893723e+01
1.134368e+14,5.068858e+01
2.322752e+13,2.420319e+01
5.168246e+13,3.465321e+01
1.207425e+13,7.898061e+01
2.751842e+13,2.348250e+01
1.030620e+14,8.000000e+01
2.397666e+13,7.899865e+01
5.586228e+13,5.000355e+00
5.586228e+13,5.000068e+00
2.358723e+13,2.576469e+01
8.244909e+13,8.000000e+01
9.663033e+12,7.899856e+01
1.194941e+14,6.462193e+01
2.660439e+13,3.363223e+01
1.884328e+13,5.042756e+01
1.044820e+14,4.954748e+01
1.858000e+13,7.894567e+01
1.576841e+14,7.501189e+01
3.881179e+13,2.996872e+01
1.822336e+13,7.899700e+01
3.567333e+13,3.261125e+01
9.432879e+13,6.468199e+01
2.943872e+13,2.834717e+01
2.458147e+13,2.612504e+01
1.943168e+13,7.899092e+01
4.232218e+13,4.828627e+01
1.560238e+14,4.612420e+01
9.957218e+13,4.606414e+01
8.489849e+13,4.999930e+00
9.994102e+13,6.318055e+01
2.505455e+13,7.899667e+01
2.058690e+14,6.966676e+01
1.118370e+13,7.899841e+01
1.981955e+14,8.000000e+01
1.981955e+14,8.000000e+01
2.698857e+13,7.899721e+01
8.130831e+13,4.852650e+01
2.330782e+13,7.889920e+01
1.807667e+14,7.843517e+01
3.767694e+13,7.898512e+01
4.901285e+13,4.059891e+01
3.134315e+13,7.899427e+01
4.380409e+13,7.897335e+01
4.380409e+13,4.999950e+00
1.292774e+13,7.898730e+01
1.690000e+14,7.128832e+01
1.690000e+14,7.128832e+01
7.214450e+13,3.567419e+01
6.848105e+13,5.122909e+01
5.318762e+13,3.237102e+01
5.542070e+14,8.000000e+01
1.829165e+13,3.092609e+01
5.718566e+13,3.831672e+01
6.342143e+13,6.348084e+01
2.336171e+13,7.899040e+01
1.125052e+13,7.899863e+01
4.651751e+14,8.000000e+01
2.343545e+13,7.899784e+01
3.038092e+13,2.744630e+01
1.108100e+13,7.899751e+01
2.062195e+14,6.600325e+01
3.793660e+13,3.579430e+01
7.294900e+13,3.969804e+01
2.180945e+13,7.892702e+01
3.701657e+13,3.141010e+01
7.088582e+13,5.885640e+01
1.119976e+14,7.152855e+01
7.575285e+13,5.585353e+01
4.124031e+13,3.969804e+01
2.090504e+15,7.555240e+01
3.979354e+13,3.495350e+01
5.582079e+13,2.294566e+01
3.163392e+13,3.513367e+01
1.107964e+14,8.000000e+01
5.131900e+13,3.183050e+01
1.678983e+13,7.898971e+01
1.608605e+14,4.804604e+01
2.965829e+14,8.000000e+01
2.965829e+14,8.000000e+01
4.631608e+13,3.183050e+01
2.017829e+13,7.899317e+01
4.344855e+13,3.345206e+01
3.388923e+13,3.693540e+01
1.368466e+14,7.993661e+01
1.787371e+14,8.000000e+01
1.787371e+14,8.000000e+01
2.040972e+14,8.000000e+01
6.589997e+15,8.000000e+01
6.589997e+15,8.000000e+01
9.887226e+14,8.000000e+01
4.565307e+13,7.898248e+01
4.565307e+13,4.999982e+00
5.879772e+13,3.951787e+01
8.136478e+13,6.762481e+01
2.869684e+13,4.999938e+00
4.360153e+13,7.899716e+01
2.096880e+14,6.432164e+01
8.597529e+13,7.465154e+01
4.987437e+13,4.324144e+01
4.987437e+13,4.324144e+01
8.554647e+13,4.492305e+01
2.434835e+13,7.897878e+01
5.878182e+13,3.843684e+01
5.616669e+13,5.765525e+01
1.758889e+13,7.898709e+01
1.544247e+13,7.899508e+01
2.056233e+13,7.899256e+01
1.484053e+13,7.899704e+01
1.804019e+13,7.909936e+01
1.893807e+13,7.895792e+01
6.703314e+14,8.000000e+01
3.620241e+13,7.899073e+01
3.588391e+13,3.333194e+01
5.530394e+13,4.534345e+01
5.696720e+13,4.180006e+01
5.082585e+14,8.000000e+01
5.082585e+14,8.000000e+01
5.082585e+14,8.000000e+01
1.794942e+13,7.898939e+01
3.463266e+13,2.996872e+01
2.378085e+13,7.881792e+01
8.182284e+13,6.798515e+01
9.626501e+12,7.898723e+01
2.815404e+13,2.534429e+01
1.693356e+13,7.897554e+01
5.623475e+13,3.765609e+01
1.172298e+13,7.898219e+01
1.661166e+13,7.899496e+01
2.034881e+13,7.898634e+01
6.323041e+13,4.192017e+01
2.635734e+13,6.860425e+01
2.742655e+13,2.666555e+01
2.555957e+13,7.897670e+01
2.019433e+13,7.899608e+01
1.127990e+14,8.000000e+01
2.164032e+13,7.899635e+01
4.134954e+13,3.825666e+01
4.758571e+13,5.513284e+01
1.988169e+14,4.864662e+01
9.612976e+13,3.987822e+01
4.087990e+13,4.186012e+01
6.617818e+13,4.342161e+01
3.348573e+13,2.840722e+01
5.108835e+13,3.219085e+01
3.232046e+13,7.899775e+01
1.871082e+13,7.899794e+01
2.351501e+13,7.899586e+01
4.525400e+13,4.101931e+01
1.532917e+13,7.804783e+01
4.363718e+13,4.155983e+01
1.379985e+13,7.898726e+01
1.049833e+13,7.899846e+01
2.679930e+14,8.000000e+01
3.664846e+13,2.948826e+01
3.842440e+13,3.171039e+01
2.034942e+14,5.146932e+01
6.229886e+13,4.999987e+00
4.703396e+13,3.489344e+01
8.834010e+13,6.672394e+01
1.803530e+14,8.000000e+01
1.307275e+13,7.897088e+01
1.685033e+13,7.897088e+01
7.999967e+13,4.492305e+01
1.387002e+14,8.000000e+01
2.323282e+14,8.000000e+01
1.101749e+14,7.405097e+01
1.101749e+14,7.405097e+01
2.324824e+13,4.999919e+00
1.027950e+13,7.859506e+01
1.314747e+13,7.896874e+01
2.002346e+13,7.899213e+01
3.749771e+13,2.822705e+01
3.035482e+13,7.948306e+01
2.835238e+13,3.231096e+01
2.241159e+13,7.896372e+01
2.864920e+13,7.897718e+01
4.650067e+13,3.711557e+01
3.512017e+13,7.709712e+01
1.606729e+13,7.898885e+01
9.669296e+12,7.899839e+01
5.055707e+13,7.899540e+01
8.426078e+12,7.899679e+01
3.448841e+13,3.387246e+01
3.360016e+13,2.780665e+01
1.223430e+13,7.899838e+01
4.755442e+13,3.321183e+01
1.271136e+13,7.899182e+01
3.015773e+13,3.141010e+01
4.365019e+13,3.339200e+01
8.582274e+13,7.603286e+01
1.524072e+13,7.899575e+01
2.442029e+13,7.898911e+01
7.809772e+13,5.273053e+01
1.007017e+14,6.221963e+01
1.007017e+14,6.221963e+01
7.241870e+13,4.600409e+01
2.019209e+14,4.804604e+01
1.564955e+16,8.000000e+01
2.961165e+13,2.786671e+01
2.181469e+13,7.897865e+01
3.029626e+13,7.899351e+01
3.777933e+14,8.000000e+01
2.617466e+13,7.899372e+01
1.784830e+13,7.897984e+01
1.215334e+14,7.903574e+01
5.507291e+13,3.759603e+01
1.613926e+13,7.899632e+01
3.173566e+13,3.345206e+01
4.806148e+13,3.032907e+01
8.728744e+13,5.663427e+01
8.728744e+13,5.663427e+01
1.290159e+14,4.336155e+01
1.023048e+15,8.000000e+01
1.023048e+15,8.000000e+01
4.849122e+13,3.675522e+01
8.464251e+13,4.876673e+01
1.406159e+15,8.000000e+01
9.406952e+13,8.000000e+01
9.406952e+13,5.000000e+00
2.156497e+13,7.899642e+01
1.100557e+14,4.999977e+00
1.100557e+14,7.898651e+01
1.909519e+14,8.000000e+01
5.085977e+13,5.206990e+01
3.814785e+13,4.174000e+01
6.060505e+13,7.900000e+01
6.060505e+13,7.907863e+01
2.065614e+13,7.896141e+01
9.511080e+13,7.411102e+01
1.112071e+13,7.899635e+01
1.045634e+14,7.399091e+01
1.449962e+14,4.942737e+01
3.820872e+13,2.852734e+01
1.134344e+13,7.897964e+01
7.481644e+13,4.840639e+01
1.191154e+13,7.899572e+01
1.742969e+14,4.972766e+01
2.046877e+14,5.327105e+01
2.237511e+13,7.899721e+01
6.358625e+13,5.687450e+01
2.715225e+13,2.540435e+01
1.689391e+14,8.000000e+01
1.689391e+14,8.000000e+01
3.503787e+13,7.899509e+01
1.375332e+13,7.898533e+01
2.600439e+13,2.420319e+01
1.364563e+13,7.899722e+01
2.072612e+13,7.899394e+01
4.437608e+13,4.149977e+01
2.132727e+14,8.000000e+01
2.132727e+14,8.000000e+01
2.260856e+15,8.000000e+01
4.825738e+13,3.417275e+01
6.021751e+13,7.937105e+01
2.636867e+13,3.879718e+01
1.676636e+14,5.231013e+01
3.862772e+13,3.080953e+01
2.665369e+13,3.086958e+01
3.221322e+13,3.153022e+01
2.056319e+13,7.897462e+01
5.525642e+13,5.591358e+01
1.304014e+14,5.032823e+01
1.681212e+14,5.561330e+01
3.398951e+13,5.158944e+01
3.491381e+13,7.933311e+01
1.471463e+13,7.897986e+01
2.593633e+14,8.000000e+01
6.596113e+13,3.537390e+01
8.781754e+12,7.899883e+01
1.231428e+13,7.896133e+01
6.329077e+13,4.744547e+01
2.768148e+13,7.899812e+01
4.585621e+13,3.315177e+01
1.978961e+13,7.899086e+01
2.902834e+14,8.000000e+01
2.902834e+14,8.000000e+01
5.318293e+13,2.497911e+01
5.157128e+13,5.255036e+01
2.058548e+14,5.765525e+01
2.605208e+13,2.816699e+01
7.293568e+13,4.576386e+01
1.928682e+13,7.899259e+01
1.953310e+13,7.899050e+01
2.785867e+13,7.895159e+01
3.754372e+13,3.363223e+01
5.386494e+13,7.899583e+01
6.621246e+13,7.899247e+01
5.282002e+13,3.171039e+01
8.164285e+13,8.000000e+01
8.164285e+13,8.000000e+01
1.215458e+13,7.898971e+01
6.721143e+13,3.555407e+01
8.058229e+13,4.258081e+01
1.489151e+13,7.899711e+01
7.976133e+14,8.000000e+01
3.883080e+13,3.092964e+01
1.011485e+13,7.899872e+01
5.760414e+13,5.537307e+01
1.404163e+13,7.911141e+01
9.026626e+13,7.489177e+01
9.026626e+13,7.489177e+01
2.710860e+13,7.940310e+01
2.377166e+13,5.925022e+01
2.407902e+13,7.927814e+01
1.866093e+14,7.903574e+01
1.866093e+14,7.903574e+01
2.059281e+13,2.234141e+01
6.624216e+13,8.000000e+01
1.391301e+13,7.894378e+01
1.395078e+13,7.899146e+01
2.566309e+13,2.960837e+01
2.376925e+13,2.099365e+01
2.624566e+13,4.997811e+00
1.094244e+14,4.426242e+01
1.006364e+14,4.167994e+01
2.936653e+13,2.630521e+01
2.299763e+13,2.462360e+01
2.214763e+13,7.887665e+01
3.353400e+13,3.651499e+01
2.445876e+14,8.000000e+01
2.445876e+14,8.000000e+01
2.898285e+14,2.500000e+01
1.515364e+14,6.179922e+01
1.438120e+13,7.396439e+01
2.695076e+13,2.504400e+01
2.971605e+13,2.498394e+01
3.013306e+13,7.899198e+01
2.662489e+14,8.000000e+01
2.662489e+14,8.000000e+01
6.758151e+14,8.000000e+01
6.758151e+14,8.000000e+01
6.758151e+14,8.000000e+01
2.559453e+13,7.899174e+01
4.071550e+14,8.000000e+01
4.071550e+14,8.000000e+01
1.910046e+14,8.000000e+01
4.316875e+13,3.080953e+01
2.259372e+13,7.923482e+01
4.415617e+13,5.000040e+00
4.415617e+13,7.894672e+01
1.050875e+13,7.899821e+01
1.496313e+13,7.895166e+01
1.273222e+13,7.899744e+01
1.075515e+13,7.898016e+01
1.071599e+14,5.567335e+01
4.408310e+13,2.696434e+01
2.631084e+13,2.894774e+01
2.230381e+13,2.354256e+01
6.864367e+13,5.000004e+00
6.864367e+13,7.899663e+01
2.106107e+13,7.897966e+01
1.345604e+14,5.489261e+01
1.018398e+14,7.050757e+01
3.242362e+13,3.813655e+01
1.739136e+13,7.893744e+01
2.614312e+13,7.908982e+01
5.481018e+13,4.786587e+01
5.854108e+13,4.246069e+01
2.468969e+14,6.005756e+01
1.277032e+14,5.237019e+01
5.138601e+13,3.609459e+01
2.398194e+13,7.898632e+01
3.035910e+13,7.898941e+01
3.791863e+13,3.687534e+01
9.679568e+14,8.000000e+01
2.760938e+13,3.068941e+01
3.251193e+13,3.327189e+01
1.136705e+13,7.899560e+01
3.485515e+13,4.500000e+01
1.544521e+13,7.896986e+01
2.937404e+13,2.870751e+01
7.062692e+13,5.062852e+01
1.147143e+14,8.000000e+01
3.011610e+13,4.998541e+00
2.464439e+15,8.000000e+01
1.011307e+13,7.898892e+01
1.659324e+13,7.899610e+01
1.991835e+13,7.897171e+01
5.918962e+15,8.000000e+01
5.918962e+15,8.000000e+01
1.109938e+14,4.906702e+01
8.880530e+13,6.552279e+01
3.622855e+13,3.561413e+01
1.948522e+13,7.898182e+01
2.133534e+14,6.239980e+01
1.062300e+14,7.242941e+01
1.389662e+14,6.510239e+01
2.385640e+14,8.000000e+01
2.385640e+14,8.000000e+01
2.484204e+13,7.899500e+01
4.982108e+13,7.899492e+01
4.230227e+13,7.899762e+01
9.736554e+12,7.896428e+01
3.654657e+14,8.000000e+01
3.654657e+14,8.000000e+01
1.751017e+13,6.080400e+01
3.133862e+13,2.846728e+01
2.248939e+13,2.456354e+01
1.176679e+14,5.140927e+01
2.093956e+13,2.204112e+01
6.041144e+13,4.999988e+00
6.041144e+13,5.086875e+01
1.523797e+14,7.453143e+01
1.857038e+13,2.174083e+01
3.780791e+13,3.477332e+01
5.324247e+14,6.960671e+01
2.480736e+13,4.999916e+00
1.614934e+14,8.000000e+01
1.614934e+14,8.000000e+01
1.457696e+13,7.899098e+01
5.159727e+13,8.000000e+01
4.397903e+14,8.000000e+01
1.387352e+13,7.899702e+01
2.125196e+13,7.883537e+01
1.283689e+14,6.996705e+01
7.660740e+13,6.023773e+01
4.296900e+13,3.507361e+01
3.009347e+13,7.898502e+01
7.381608e+13,4.834633e+01
1.035331e+13,7.899789e+01
3.437279e+14,5.531301e+01
1.142050e+13,7.899169e+01
1.524572e+13,7.899515e+01
5.075147e+14,8.000000e+01
1.589744e+13,7.899059e+01
1.522042e+13,7.883818e+01
6.899340e+13,3.813655e+01
1.595159e+13,7.899595e+01
1.907046e+13,2.204112e+01
2.617965e+13,7.899573e+01
1.244428e+14,4.714518e+01
1.668689e+13,7.897784e+01
2.823733e+13,7.899671e+01
1.313660e+13,7.897325e+01
5.121327e+13,4.083914e+01
2.233250e+14,5.555324e+01
3.325327e+13,7.935056e+01
2.781603e+13,2.978855e+01
1.219067e+13,7.899545e+01
1.727175e+13,5.514272e+01
1.515253e+13,7.897889e+01
4.279471e+13,3.141010e+01
1.235060e+13,7.899757e+01
1.074706e+14,7.897126e+01
6.501488e+13,6.098908e+01
1.238180e+13,7.899764e+01
2.369131e+13,2.576469e+01
2.756987e+13,6.391999e+01
1.934612e+13,7.896972e+01
2.923775e+13,7.897131e+01
4.654337e+13,3.375235e+01
1.899668e+13,7.898768e+01
2.884104e+14,8.000000e+01
6.417947e+13,7.116820e+01
1.067530e+13,7.898045e+01
2.382600e+13,7.897482e+01
4.717460e+13,6.899157e+01
4.717460e+13,4.999993e+00
3.093096e+13,7.899757e+01
1.738850e+13,7.898319e+01
1.685163e+14,6.059807e+01
2.436773e+15,8.000000e+01
3.210470e+13,3.014889e+01
5.225316e+14,8.000000e+01
5.225316e+14,8.000000e+01
3.380983e+13,3.195062e+01
3.151918e+13,7.898744e+01
8.771698e+13,8.000000e+01
1.486036e+13,7.899580e+01
4.708345e+13,4.636443e+01
1.651541e+14,7.837511e+01
2.303380e+13,7.895363e+01
1.984948e+13,7.897214e+01
2.489863e+13,4.997433e+00
4.718268e+13,4.125954e+01
3.196319e+13,3.165033e+01
3.710124e+13,7.899446e+01
8.853955e+13,8.000000e+01
3.440268e+14,3.691358e+01
1.490493e+13,7.899525e+01
2.499031e+13,2.414314e+01
2.892832e+14,8.000000e+01
2.338142e+13,7.899260e+01
6.845087e+13,5.363140e+01
9.430702e+12,4.999611e+00
1.908170e+14,5.188973e+01
1.865420e+14,8.000000e+01
9.139532e+13,6.456187e+01
1.717972e+13,7.896985e+01
3.262845e+15,8.000000e+01
5.897702e+13,3.807649e+01
1.071001e+13,7.898629e+01
1.354762e+13,7.899270e+01
2.365806e+14,8.000000e+01
2.432418e+14,8.000000e+01
2.406206e+14,5.693456e+01
9.596315e+13,6.582308e+01
1.891148e+14,2.100000e+01
3.279998e+14,8.000000e+01
3.279998e+14,8.000000e+01
2.368491e+13,2.570463e+01
8.075810e+13,6.888602e+01
2.630343e+13,7.899577e+01
3.145923e+14,5.633399e+01
1.409968e+13,7.899116e+01
5.385880e+13,4.450265e+01
7.325957e+13,4.594403e+01
3.457692e+13,3.116987e+01
3.588915e+14,7.182884e+01
1.587620e+14,8.000000e+01
4.147997e+13,7.899601e+01
2.191240e+13,7.892654e+01
1.336601e+14,6.264003e+01
3.010995e+14,8.000000e+01
9.425904e+12,7.893552e+01
6.757286e+13,3.735580e+01
2.541137e+13,2.558452e+01
2.072978e+13,7.899353e+01
1.617780e+13,7.899219e+01
3.918944e+13,4.101931e+01
2.908576e+13,3.044918e+01
1.627709e+13,7.899496e+01
2.201372e+13,2.396296e+01
9.155863e+12,7.899600e+01
8.225170e+15,8.000000e+01
2.589449e+13,4.098764e+01
3.473220e+13,4.999734e+00
3.473220e+13,5.000078e+00
5.678345e+13,5.573341e+01
1.749704e+14,8.000000e+01
1.749704e+14,8.000000e+01
2.653230e+13,7.887763e+01
4.248695e+14,8.000000e+01
6.904706e+14,6.173917e+01
7.188862e+13,3.759603e+01
1.685423e+13,7.896363e+01
7.299110e+13,5.000029e+00
1.242030e+16,8.000000e+01
1.242030e+16,8.000000e+01
1.685377e+13,7.899244e+01
7.626180e+14,7.795471e+01
1.833794e+13,7.898629e+01
1.572670e+13,7.899148e+01
4.035908e+13,3.495350e+01
5.391490e+13,7.278976e+01
3.411332e+14,8.000000e+01
3.411332e+14,8.000000e+01
2.657984e+13,7.899364e+01
2.843569e+13,7.898938e+01
8.478521e+13,4.324144e+01
3.254382e+13,3.225091e+01
1.563018e+13,7.897182e+01
5.937280e+13,4.071902e+01
3.323508e+13,7.897880e+01
5.630409e+13,6.828544e+01
5.630409e+13,7.899569e+01
3.049232e+14,8.000000e+01
1.047889e+14,6.149894e+01
4.475383e+13,5.050840e+01
2.723571e+13,4.999924e+00
1.729631e+13,7.891753e+01
5.826409e+13,4.690495e+01
1.024791e+13,7.898288e+01
2.332481e+14,5.381157e+01
2.355376e+13,7.899215e+01
2.954134e+13,7.899419e+01
1.932221e+13,2.144055e+01
1.155764e+14,6.930642e+01
1.155764e+14,6.930642e+01
6.191377e+13,5.309088e+01
2.785605e+13,7.899385e+01
5.326724e+13,3.435292e+01
6.824872e+13,5.206990e+01
9.381413e+14,8.000000e+01
9.381413e+14,8.000000e+01
1.627932e+14,4.966760e+01
1.730682e+14,8.000000e+01
4.974618e+14,7.963632e+01
5.315638e+13,5.194979e+01
6.035676e+13,4.125954e+01
1.653160e+13,7.899397e+01
1.797752e+15,8.000000e+01
3.933184e+13,7.899517e+01
1.597070e+14,8.000000e+01
1.597070e+14,8.000000e+01
1.218072e+13,4.999777e+00
2.667180e+13,7.899219e+01
1.093294e+14,8.000000e+01
1.093294e+14,8.000000e+01
2.622514e+16,8.000000e+01
1.131881e+13,7.899141e+01
1.094291e+14,8.000000e+01
1.094291e+14,8.000000e+01
1.079436e+13,7.897699e+01
3.860687e+13,2.954832e+01
2.048409e+13,3.500000e+01
4.575139e+13,4.510322e+01
2.892748e+14,8.000000e+01
8.135608e+13,4.204029e+01
6.023145e+13,4.636443e+01
1.072399e+13,7.899865e+01
6.606620e+13,3.987822e+01
4.055486e+13,4.828627e+01
2.302667e+13,7.899772e+01
3.898997e+14,8.000000e+01
1.111322e+13,7.898243e+01
2.514410e+13,7.898114e+01
1.446960e+14,5.909663e+01
1.574001e+13,7.899821e+01
8.458079e+13,4.696501e+01
5.286280e+13,5.921675e+01
3.074995e+15,8.000000e+01
7.398143e+14,8.000000e+01
2.907337e+13,3.165033e+01
1.640611e+14,5.140927e+01
1.301030e+13,7.898703e+01
1.231827e+14,5.741502e+01
1.968432e+14,5.297076e+01
4.246213e+13,3.777620e+01
1.563979e+13,7.899660e+01
7.399477e+13,6.378112e+01
3.039633e+14,8.000000e+01
3.870353e+13,4.774576e+01
2.515386e+13,7.895044e+01
9.890893e+13,5.963715e+01
8.162865e+13,6.077825e+01
8.162865e+13,6.077825e+01
1.090271e+13,5.668483e+01
1.681854e+13,7.896303e+01
3.760122e+13,3.477332e+01
1.863929e+13,7.897218e+01
1.699167e+13,7.898903e+01
1.338073e+13,7.899438e+01
1.703037e+13,1.499741e+01
1.149637e+15,8.000000e+01
8.141864e+13,5.164950e+01
2.009942e+13,7.897488e+01
2.310267e+13,7.897615e+01
3.702693e+13,3.387246e+01
1.321895e+13,7.899246e+01
7.787028e+13,6.119865e+01
3.310208e+13,7.899128e+01
2.779822e+13,2.744630e+01
1.244920e+14,4.426242e+01
2.175882e+13,7.897739e+01
1.091970e+14,8.000000e+01
1.091970e+14,8.000000e+01
1.630714e+13,7.898569e+01
4.197887e+13,7.898953e+01
5.542180e+14,8.000000e+01
5.542180e+14,8.000000e+01
2.945129e+13,2.942820e+01
1.512366e+13,7.899699e+01
2.542033e+13,4.999939e+00
2.691469e+13,3.237102e+01
4.427387e+13,5.681445e+01
2.089987e+13,7.897353e+01
3.063774e+13,2.954832e+01
9.041376e+12,7.899800e+01
2.901626e+13,7.889529e+01
3.510802e+14,8.000000e+01
5.582773e+13,4.065896e+01
1.213245e+13,7.899654e+01
2.204524e+13,2.312216e+01
1.171721e+13,7.899486e+01
1.397402e+13,7.893540e+01
4.969467e+13,3.700000e+01
2.774962e+14,6.840556e+01
3.865053e+13,4.999612e+00
9.929685e+12,7.899471e+01
6.025078e+13,3.435292e+01
9.303981e+13,6.414147e+01
3.418115e+13,2.954832e+01
1.044850e+14,4.270092e+01
1.783500e+14,6.119865e+01
3.268024e+14,7.741419e+01
2.454165e+13,7.899519e+01
5.345561e+13,4.131960e+01
4.759183e+13,3.381240e+01
3.939443e+14,8.000000e+01
1.779938e+13,3.299280e+01
2.636234e+13,7.898722e+01
8.758509e+13,6.149894e+01
6.753923e+14,8.000000e+01
3.030764e+13,7.897049e+01
2.718898e+13,7.898552e+01
1.756318e+13,7.898835e+01
8.619187e+13,5.104892e+01
1.012546e+14,8.000000e+01
1.012546e+14,8.000000e+01
1.012546e+14,8.000000e+01
6.552024e+14,8.000000e+01
2.900256e+13,7.899066e+01
1.498452e+13,7.899734e+01
1.696491e+13,7.899287e+01
2.745469e+14,6.900613e+01
3.727266e+13,7.899040e+01
1.238325e+14,4.113943e+01
1.029243e+14,3.873712e+01
4.956884e+14,8.000000e+01
4.956884e+14,8.000000e+01
1.804221e+14,5.753514e+01
1.190783e+14,4.999989e+00
1.190783e+14,5.000017e+00
7.192911e+14,8.000000e+01
1.495836e+13,7.898666e+01
2.714752e+14,5.723485e+01
3.026803e+13,2.822705e+01
4.791462e+13,3.561413e+01
2.006160e+13,7.899557e+01
1.590539e+13,7.898062e+01
1.047821e+14,4.186012e+01
7.250287e+13,7.699379e+01
2.083798e+13,7.899661e+01
3.980650e+13,2.497535e+01
1.134885e+14,4.798599e+01
3.175504e+13,7.897762e+01
1.423872e+13,7.894778e+01
1.256354e+13,5.893103e+01
2.164672e+13,7.895309e+01
5.776610e+13,3.879718e+01
2.968205e+13,2.618509e+01
9.933901e+13,2.892683e+01
5.713128e+13,7.899223e+01
5.845134e+13,5.188973e+01
1.720786e+13,7.899563e+01
5.794133e+13,6.894607e+01
8.785774e+13,5.879635e+01
8.611013e+13,4.930725e+01
3.900037e+13,7.896761e+01
3.786009e+13,3.663511e+01
5.490866e+14,8.000000e+01
8.917564e+13,7.056763e+01
1.221544e+13,7.899073e+01
1.356012e+13,7.899862e+01
1.170967e+13,7.895443e+01
2.081320e+13,7.897322e+01
4.037995e+13,2.990866e+01
5.361779e+14,8.000000e+01
5.361779e+14,8.000000e+01
5.940896e+13,7.899714e+01
8.543822e+13,4.270092e+01
3.978851e+13,5.441214e+01
1.909443e+16,8.000000e+01
2.138613e+13,2.384285e+01
4.003132e+13,3.729574e+01
4.469015e+13,7.899567e+01
4.469015e+13,4.999996e+00
2.087803e+13,2.336239e+01
1.001785e+13,7.899813e+01
1.320238e+14,8.000000e+01
9.897814e+13,4.186012e+01
1.020430e+14,7.899688e+01
4.758936e+13,4.474288e+01
6.979200e+13,4.234058e+01
1.415065e+13,7.899314e+01
1.900229e+13,7.898872e+01
3.008558e+13,7.899167e+01
1.394385e+14,6.101848e+01
1.794432e+13,7.899755e+01
9.652126e+13,8.000000e+01
1.274208e+13,7.899549e+01
2.091742e+13,4.999274e+00
5.069794e+13,3.831672e+01
8.795319e+13,6.654377e+01
2.294570e+14,6.564291e+01
2.841023e+13,7.894863e+01
1.694690e+13,7.899757e+01
8.327346e+13,5.000000e+00
8.327346e+13,5.000027e+00
8.327346e+13,5.000000e+00
1.680406e+14,8.000000e+01
1.559320e+14,6.780498e+01
4.855341e+13,3.597448e+01
2.256086e+13,7.897944e+01
2.410065e+14,8.000000e+01
2.595902e+13,2.780665e+01
2.066213e+14,8.000000e+01
2.066213e+14,8.000000e+01
5.003555e+13,3.453309e+01
2.276516e+13,2.618509e+01
2.081505e+14,7.525212e+01
2.081505e+14,7.525212e+01
1.359529e+13,7.898744e+01
2.766377e+13,7.883213e+01
2.354971e+13,2.666555e+01
1.182361e+13,7.899839e+01
1.934023e+13,4.696278e+01
1.442651e+13,7.899101e+01
2.111538e+13,7.898173e+01
3.283350e+13,2.546440e+01
1.795275e+13,7.899748e+01
2.417427e+13,7.898748e+01
3.677257e+13,7.896511e+01
1.608755e+13,7.899599e+01
3.398360e+13,3.255119e+01
2.926600e+14,8.000000e+01
2.926600e+14,8.000000e+01
1.897526e+13,7.909399e+01
4.432819e+13,7.899598e+01
1.428539e+14,3.987822e+01
2.368938e+13,2.348250e+01
1.872254e+13,4.089074e+01
3.497308e+13,4.999960e+00
3.149685e+13,7.899695e+01
3.458683e+14,8.000000e+01
3.458683e+14,8.000000e+01
9.956847e+12,7.898725e+01
1.327254e+14,5.549318e+01
2.541452e+13,3.014889e+01
2.242950e+13,7.887472e+01
1.171983e+14,8.000000e+01
1.171983e+14,7.899338e+01
5.888311e+13,4.378196e+01
4.398509e+13,2.840722e+01
1.175961e+13,7.895871e+01
1.561355e+13,5.000179e+00
1.212881e+13,7.899615e+01
3.043177e+13,7.898032e+01
3.043177e+13,5.000006e+00
1.062944e+13,7.899121e+01
1.263115e+13,7.897582e+01
1.118350e+13,7.899353e+01
2.826391e+14,8.000000e+01
5.307298e+13,3.813655e+01
2.992081e+13,7.890515e+01
1.929904e+13,7.899022e+01
1.033992e+14,5.825583e+01
2.663971e+13,4.999480e+00
5.067477e+16,8.000000e+01
1.702698e+14,8.000000e+01
1.004829e+14,6.005756e+01
1.653415e+13,7.899754e+01
9.678617e+13,7.561246e+01
2.222586e+16,8.000000e+01
5.018248e+13,3.741586e+01
2.241456e+13,2.576469e+01
5.644949e+15,8.000000e+01
7.506918e+13,4.954748e+01
2.309040e+14,6.966676e+01
1.792498e+13,7.898166e+01
3.384185e+13,3.128999e+01
1.196671e+13,7.898892e+01
7.836133e+13,5.110898e+01
3.375506e+13,7.896315e+01
1.957474e+13,7.895242e+01
1.118073e+13,7.898696e+01
4.128171e+13,3.363223e+01
9.377130e+12,7.899836e+01
7.735783e+13,4.300121e+01
7.454753e+13,6.588314e+01
7.454753e+13,6.588314e+01
3.733438e+13,4.029862e+01
3.169408e+13,3.177045e+01
1.134679e+13,7.899646e+01
4.805913e+13,4.999995e+00
4.805913e+13,4.999993e+00
8.686549e+12,7.899881e+01
1.968197e+13,7.899375e+01
1.938698e+14,5.062852e+01
1.075094e+13,7.899807e+01
8.708187e+13,4.822622e+01
3.795270e+13,3.092964e+01
1.177248e+13,7.250968e+01
2.865979e+13,2.780665e+01
2.959093e+14,6.101848e+01
1.884625e+13,7.897552e+01
1.270775e+13,7.899763e+01
1.134858e+14,5.795554e+01
9.102095e+13,4.594403e+01
2.546146e+14,7.861534e+01
6.754418e+13,7.959946e+01
2.562244e+13,7.885399e+01
3.292541e+14,8.000000e+01
1.197254e+13,7.899427e+01
3.403044e+13,7.899910e+01
3.403044e+13,7.899775e+01
1.338541e+13,7.897570e+01
4.089283e+13,3.879718e+01
1.290210e+15,8.000000e+01
1.290210e+15,8.000000e+01
1.246136e+15,7.951620e+01
3.568095e+14,8.000000e+01
3.568095e+14,8.000000e+01
1.416334e+13,7.874833e+01
1.167694e+14,4.552363e+01
6.833593e+12,1.499877e+01
9.192785e+13,5.068858e+01
1.103296e+14,4.204029e+01
2.504480e+13,7.888714e+01
1.338213e+14,6.852567e+01
2.380399e+13,7.402697e+01
4.842567e+13,3.261125e+01
2.207670e+13,4.047499e+01
1.815375e+13,7.897338e+01
1.188428e+13,7.899799e+01
2.297997e+13,2.462360e+01
1.812329e+13,7.899386e+01
2.694850e+13,7.899695e+01
1.093423e+14,7.345039e+01
9.340798e+13,5.000000e+00
9.340798e+13,4.999954e+00
1.236734e+13,7.897740e+01
1.451127e+14,8.000000e+01
1.451127e+14,8.000000e+01
2.314827e+13,7.898710e+01
1.597888e+13,7.899446e+01
8.998182e+12,7.899792e+01
1.846029e+13,7.896130e+01
2.009619e+14,8.000000e+01
3.989146e+14,8.000000e+01
5.289442e+14,8.000000e+01
5.285597e+14,6.396130e+01
1.011537e+14,5.225007e+01
6.232340e+13,6.732452e+01
6.232340e+13,6.732452e+01
1.060358e+13,7.899068e+01
8.907179e+13,4.059891e+01
1.860379e+13,7.891530e+01
3.638981e+13,4.137966e+01
1.950425e+13,7.898052e+01
1.115102e+14,6.978688e+01
3.039858e+13,3.411269e+01
1.055572e+13,7.899882e+01
1.707318e+13,7.899769e+01
2.124170e+14,7.855528e+01
2.043629e+13,7.892006e+01
1.296758e+13,7.896484e+01
1.175204e+14,5.681445e+01
5.005653e+13,7.897732e+01
3.788952e+13,3.110981e+01
6.510800e+13,7.899623e+01
5.484174e+13,2.978855e+01
3.346911e+13,3.333194e+01
1.169659e+13,7.899851e+01
2.962320e+13,7.896973e+01
4.338820e+13,4.300121e+01
3.117659e+13,3.141010e+01
3.843654e+14,8.000000e+01
3.843654e+14,8.000000e+01
1.842900e+13,7.899037e+01
3.201845e+13,3.237102e+01
1.286220e+13,7.883198e+01
1.561348e+13,7.899167e+01
1.784045e+13,7.899498e+01
4.290192e+13,7.896516e+01
2.894678e+13,7.898962e+01
1.332264e+14,5.639404e+01
2.820311e+13,7.899517e+01
3.915608e+13,3.789632e+01
1.051237e+13,7.899618e+01
1.052976e+14,4.642449e+01
2.006145e+13,7.898458e+01
1.128837e+13,7.899516e+01
3.474167e+14,7.951620e+01
4.291039e+13,5.261042e+01
4.291039e+13,5.261042e+01
1.198504e+13,4.999895e+00
2.112974e+13,7.899650e+01
6.912969e+13,5.537307e+01
1.714453e+14,4.999983e+00
1.714453e+14,5.000010e+00
1.714453e+14,4.999990e+00
3.493241e+13,7.899871e+01
1.532275e+13,7.899746e+01
8.234775e+13,5.219002e+01
1.492751e+13,7.899574e+01
5.083832e+13,4.149977e+01
1.338626e+13,7.898622e+01
4.216071e+13,2.936814e+01
1.159924e+13,7.899839e+01
5.156877e+13,4.041873e+01
4.889831e+13,3.357217e+01
3.237612e+14,8.000000e+01
4.482375e+13,3.153022e+01
5.105404e+13,3.687534e+01
1.053601e+14,5.645410e+01
7.516691e+13,4.005839e+01
3.272597e+13,3.008884e+01
1.620017e+13,4.677521e+01
5.595538e+14,8.000000e+01
2.432162e+13,7.899349e+01
7.360537e+13,4.618426e+01
1.831908e+13,7.894316e+01
1.747688e+13,7.895821e+01
1.614275e+13,7.899609e+01
4.588894e+14,6.023773e+01
2.382334e+13,2.360262e+01
7.050489e+14,8.000000e+01
7.050489e+14,8.000000e+01
2.346089e+13,2.402302e+01
4.761848e+13,5.008800e+01
3.787354e+13,4.131960e+01
1.450101e+14,8.000000e+01
3.590682e+13,3.104976e+01
4.717944e+13,4.948743e+01
5.452810e+13,5.993744e+01
5.452810e+13,5.000003e+00
8.336535e+13,5.927681e+01
4.028152e+13,2.888768e+01
2.424628e+14,8.000000e+01
2.424628e+14,8.000000e+01
2.910639e+13,4.851714e+01
1.018926e+13,7.899734e+01
1.965659e+13,7.898392e+01
7.803831e+13,7.899655e+01
5.465626e+13,3.471327e+01
8.027076e+13,7.899621e+01
1.484176e+13,7.899606e+01
1.808165e+13,3.319004e+01
2.114838e+13,7.898107e+01
5.644240e+13,3.621471e+01
3.377906e+13,3.381240e+01
9.471078e+13,5.495266e+01
1.331553e+13,7.899267e+01
5.874288e+13,3.591442e+01
1.321819e+13,7.083563e+01
2.334546e+13,7.888256e+01
4.045328e+13,3.423281e+01
1.142224e+13,7.899713e+01
2.044127e+13,7.822555e+01
6.733124e+14,8.000000e+01
1.543955e+14,8.000000e+01
1.543955e+14,8.000000e+01
1.543955e+14,8.000000e+01
2.454756e+13,2.768653e+01
2.008729e+13,7.899072e+01
9.572007e+13,5.020812e+01
1.761296e+13,7.899493e+01
2.068923e+14,5.849606e+01
5.057735e+13,4.432248e+01
1.428744e+13,7.899800e+01
4.462817e+13,3.183050e+01
9.016025e+13,7.260958e+01
7.928606e+13,4.294115e+01
6.091216e+13,4.894691e+01
2.546806e+13,7.898492e+01
9.963562e+13,4.288109e+01
2.056724e+13,7.881697e+01
3.474414e+13,3.243108e+01
2.662960e+13,7.895891e+01
1.977629e+13,7.898037e+01
1.088228e+13,7.899296e+01
1.049193e+13,7.899607e+01
1.432919e+13,7.899673e+01
1.487909e+13,7.899441e+01
1.748556e+13,7.899696e+01
1.071924e+13,7.898743e+01
3.889114e+13,3.014889e+01
3.715785e+13,3.165033e+01
2.132505e+13,2.342245e+01
3.483491e+13,3.795637e+01
1.552405e+14,8.000000e+01
7.430108e+13,3.843684e+01
5.680432e+13,3.987822e+01
1.201285e+13,7.899798e+01
8.773798e+12,7.899886e+01
9.873880e+12,7.899675e+01
5.893288e+13,6.137882e+01
3.207612e+13,4.999853e+00
5.362955e+13,4.282104e+01
1.284743e+13,7.899590e+01
2.982275e+13,7.870031e+01
6.903957e+13,4.504317e+01
4.337250e+13,7.898967e+01
2.307233e+13,7.898697e+01
1.204371e+13,4.105719e+01
1.820594e+14,5.303082e+01
5.340646e+13,3.345206e+01
4.574113e+13,3.675522e+01
3.917291e+14,7.224924e+01
1.140991e+20,8.000000e+01
1.140991e+20,8.000000e+01
1.140991e+20,8.000000e+01
1.140991e+20,8.000000e+01
1.140991e+20,8.000000e+01
1.140991e+20,8.000000e+01
1.140991e+20,8.000000e+01
2.642905e+13,7.915796e+01
2.465800e+13,6.278856e+01
1.201094e+13,4.999630e+00
7.574434e+13,2.099330e+01
5.395632e+13,2.996872e+01
1.274349e+14,4.900696e+01
8.513991e+13,4.516328e+01
2.254754e+13,7.899777e+01
1.121270e+14,4.726530e+01
3.764216e+13,2.882763e+01
2.334769e+14,6.408141e+01
8.027081e+13,4.167994e+01
2.458343e+13,7.889575e+01
9.126456e+12,7.899673e+01
2.505021e+13,7.889642e+01
3.543040e+13,7.918887e+01
1.438567e+13,7.899597e+01
1.147608e+13,7.899704e+01
6.684778e+13,5.303082e+01
2.697815e+15,8.000000e+01
1.131001e+13,7.894403e+01
5.730218e+13,4.456271e+01
4.968621e+13,3.008884e+01
2.849122e+13,4.999954e+00
2.025663e+13,7.899539e+01
3.530833e+13,2.816699e+01
4.430932e+13,7.898514e+01
1.312120e+13,7.891480e+01
1.401722e+13,7.897020e+01
2.647445e+13,7.899514e+01
8.982988e+13,5.399174e+01
1.758331e+13,7.898544e+01
6.030084e+13,4.216040e+01
1.630699e+14,8.000000e+01
3.809983e+13,3.327189e+01
3.336769e+13,2.888768e+01
1.322426e+15,8.000000e+01
1.322426e+15,8.000000e+01
1.322426e+15,8.000000e+01
2.273851e+13,7.899028e+01
1.164006e+13,7.899633e+01
4.867614e+13,3.459315e+01
2.444238e+13,7.895347e+01
3.846299e+13,3.873712e+01
2.445513e+13,7.894842e+01
1.156563e+13,7.898893e+01
2.451571e+14,8.000000e+01
2.451571e+14,8.000000e+01
2.004832e+13,4.315223e+01
5.688951e+13,4.438253e+01
1.045740e+14,7.651333e+01
7.262856e+13,4.999971e+00
3.534973e+13,3.627476e+01
3.861734e+13,3.092964e+01
2.579443e+13,7.898863e+01
3.606383e+13,7.894586e+01
6.429434e+13,2.300000e+01
1.171226e+14,5.098886e+01
5.783172e+13,5.188973e+01
1.336151e+13,7.873653e+01
1.907914e+13,7.894032e+01
1.669548e+13,7.899710e+01
5.378227e+13,7.898989e+01
1.633614e+13,7.898956e+01
1.335338e+13,7.899752e+01
2.521295e+14,8.000000e+01
2.650665e+14,8.000000e+01
2.650665e+14,8.000000e+01
1.352872e+14,7.519206e+01
2.481202e+13,5.000043e+00
3.685308e+13,4.077908e+01
1.879760e+13,7.897994e+01
2.492615e+13,2.576469e+01
1.810585e+13,7.899802e+01
2.579852e+13,7.899737e+01
2.310910e+13,7.899024e+01
2.755718e+13,2.762648e+01
3.834223e+14,8.000000e+01
6.887191e+13,4.900696e+01
2.658775e+13,2.834717e+01
2.805659e+13,2.564458e+01
1.143533e+13,7.899821e+01
1.213544e+14,5.501624e+01
1.837024e+13,7.899229e+01
7.049542e+13,7.899748e+01
2.022704e+13,7.898046e+01
2.788944e+13,3.104976e+01
1.556890e+14,5.909663e+01
5.748813e+13,4.828627e+01
1.555910e+13,7.896618e+01
5.717874e+13,4.999991e+00
3.482039e+13,3.327189e+01
1.089863e+13,7.899675e+01
4.023765e+13,3.957793e+01
1.091310e+13,7.898235e+01
2.034795e+16,8.000000e+01
2.034795e+16,8.000000e+01
5.011910e+13,7.895235e+01
5.011910e+13,5.212996e+01
5.555206e+13,3.107687e+01
1.151264e+14,4.324144e+01
1.266258e+13,7.899630e+01
4.839134e+13,3.915753e+01
1.598866e+13,7.895410e+01
3.914569e+13,2.942820e+01
2.055209e+13,7.897770e+01
1.561274e+14,6.131876e+01
2.466754e+13,4.998361e+00
1.277790e+13,7.896444e+01
9.980189e+13,5.747508e+01
1.053174e+14,2.690237e+01
1.465688e+13,7.899769e+01
1.864704e+13,7.899189e+01
9.380162e+13,7.899643e+01
9.380162e+13,7.026734e+01
1.551345e+14,6.011761e+01
4.297511e+13,7.899210e+01
9.430980e+13,6.354089e+01
1.606477e+13,7.898522e+01
6.099586e+13,5.453226e+01
4.103832e+13,3.909747e+01
2.357918e+13,2.408308e+01
5.705820e+14,8.000000e+01
5.705820e+14,8.000000e+01
7.080481e+13,5.615381e+01
4.309864e+13,2.698752e+01
4.555207e+13,4.999630e+00
4.554072e+14,8.000000e+01
9.302129e+13,6.095842e+01
9.776952e+12,7.899361e+01
1.643728e+14,8.000000e+01
2.122827e+13,2.390291e+01
1.264257e+13,7.899834e+01
4.167362e+13,3.633482e+01
6.261480e+13,4.468282e+01
3.110922e+13,3.309171e+01
9.205113e+13,8.000000e+01
1.350168e+13,7.899165e+01
2.143132e+15,7.561246e+01
1.066485e+14,4.324144e+01
3.947628e+13,2.978855e+01
2.477175e+13,7.897065e+01
2.257579e+13,2.300000e+01
2.377585e+13,2.450348e+01
8.635924e+15,8.000000e+01
2.903739e+13,2.810694e+01
1.285013e+14,8.000000e+01
1.285013e+14,8.000000e+01
6.078933e+13,4.504317e+01
2.429201e+14,8.000000e+01
2.131626e+13,7.899697e+01
1.374325e+13,7.899766e+01
1.192243e+13,7.873954e+01
1.242727e+13,7.896633e+01
3.254315e+13,7.899219e+01
2.765244e+13,7.899429e+01
2.765244e+13,4.999997e+00
7.271896e+13,1.891356e+01
2.072148e+13,7.893050e+01
1.716311e+13,7.899666e+01
2.200928e+13,7.899222e+01
9.272175e+12,7.899838e+01
5.119223e+13,7.896783e+01
5.119223e+13,4.999987e+00
4.953143e+13,3.891730e+01
3.720117e+14,8.000000e+01
5.641847e+13,3.753597e+01
8.441142e+14,8.000000e+01
3.816786e+13,4.474288e+01
3.164507e+14,7.068774e+01
5.066604e+13,7.896969e+01
1.483619e+14,8.000000e+01
7.082381e+13,4.035868e+01
2.044960e+13,7.899031e+01
2.417054e+13,2.456354e+01
1.058632e+13,7.898734e+01
2.665761e+14,8.000000e+01
2.665761e+14,8.000000e+01
3.907611e+13,4.053885e+01
1.385369e+13,7.899672e+01
6.224458e+13,4.852650e+01
1.511297e+13,7.899486e+01
4.966594e+13,5.849606e+01
2.516667e+13,7.898397e+01
1.490212e+13,7.898583e+01
1.281794e+13,7.899022e+01
9.615197e+13,8.000000e+01
4.967349e+13,3.927764e+01
4.848436e+13,3.771614e+01
1.502744e+13,7.899855e+01
1.548561e+14,5.487685e+01
5.692707e+13,4.528340e+01
7.666013e+13,8.000000e+01
7.666013e+13,8.000000e+01
1.681290e+13,7.897450e+01
1.564124e+14,5.435209e+01
9.121017e+13,4.648455e+01
2.017438e+14,8.000000e+01
2.017438e+14,8.000000e+01
1.633148e+13,7.899599e+01
2.415334e+13,7.889448e+01
6.824968e+13,4.738541e+01
1.046327e+14,6.654377e+01
6.947037e+13,4.354173e+01
4.773140e+13,3.453309e+01
1.449540e+17,8.000000e+01
2.221198e+14,8.000000e+01
1.633042e+15,8.000000e+01
2.694244e+13,2.804688e+01
6.682692e+13,3.801643e+01
2.474878e+13,7.894390e+01
4.314807e+13,3.038912e+01
2.671336e+14,6.852567e+01
6.164914e+13,4.420236e+01
1.368209e+13,7.899456e+01
1.307555e+13,7.899757e+01
3.058471e+13,7.869292e+01
1.418452e+13,7.899544e+01
5.050520e+13,3.645494e+01
2.109497e+13,7.898629e+01
3.046707e+13,7.898568e+01
1.394988e+13,7.837615e+01
4.257087e+13,3.249114e+01
2.110017e+13,2.210118e+01
2.708700e+13,7.888211e+01
3.587841e+13,3.579430e+01
1.808396e+13,4.999580e+00
1.495455e+13,7.896563e+01
1.763603e+14,5.293206e+01
3.173231e+13,3.333194e+01
2.250720e+13,4.999742e+00
2.468539e+13,2.432331e+01
3.230857e+13,2.780665e+01
1.725634e+14,7.561246e+01
1.198257e+14,4.462276e+01
4.811772e+14,8.000000e+01
4.811772e+14,8.000000e+01
5.681039e+13,5.555324e+01
1.841592e+13,7.899597e+01
2.373193e+14,8.000000e+01
1.225433e+14,4.960754e+01
2.707878e+13,2.522417e+01
3.047445e+13,2.744630e+01
3.963335e+13,3.267131e+01
1.581920e+13,7.900000e+01
2.384419e+13,7.898193e+01
1.818682e+13,7.899589e+01
1.795506e+13,7.890995e+01
7.198782e+13,5.705468e+01
4.612945e+14,7.152855e+01
1.467307e+13,7.893439e+01
1.120364e+13,7.899648e+01
1.983054e+13,4.443395e+01
4.529836e+13,4.500000e+01
1.093105e+14,8.000000e+01
1.093105e+14,8.000000e+01
1.716803e+13,2.301252e+01
7.357522e+13,6.426158e+01
7.357522e+13,6.426158e+01
4.858587e+13,7.898622e+01
1.948682e+14,8.000000e+01
1.850671e+14,8.000000e+01
6.346091e+13,5.981732e+01
1.770735e+14,7.098803e+01
7.232731e+14,8.000000e+01
2.205764e+13,4.999775e+00
1.513554e+14,4.984777e+01
1.881885e+13,7.899170e+01
1.662891e+14,6.071819e+01
4.115314e+13,4.222046e+01
1.075219e+16,8.000000e+01
1.943521e+13,2.210118e+01
3.200325e+13,7.863477e+01
1.273427e+14,7.080786e+01
2.280621e+13,7.899544e+01
4.244102e+13,7.897769e+01
1.698222e+13,7.898777e+01
1.896698e+13,7.899789e+01
1.425789e+13,3.504390e+01
1.161471e+14,8.000000e+01
1.064241e+14,7.729407e+01
2.319114e+13,4.998365e+00
6.358788e+13,5.098886e+01
1.784564e+14,5.813571e+01
1.921943e+13,7.694621e+01
5.240780e+14,8.000000e+01
5.240780e+14,8.000000e+01
2.243058e+13,7.898929e+01
2.506570e+13,7.899781e+01
1.523036e+13,7.896162e+01
2.835427e+13,3.207073e+01
1.700668e+14,8.000000e+01
1.700668e+14,8.000000e+01
1.977471e+13,7.888070e+01
1.934489e+13,7.898751e+01
1.591871e+13,7.898116e+01
1.423548e+13,7.887984e+01
2.804794e+13,2.960837e+01
4.685528e+13,5.249030e+01
1.631860e+14,8.000000e+01
1.631860e+14,8.000000e+01
1.712641e+14,3.300000e+01
2.970207e+13,2.834717e+01
9.401014e+12,7.899664e+01
1.680664e+13,7.899655e+01
7.239483e+13,4.408225e+01
1.392710e+13,5.706291e+01
1.487242e+14,7.693373e+01
1.487242e+14,7.693373e+01
1.164015e+14,8.000000e+01
1.164015e+14,8.000000e+01
5.351150e+13,3.663511e+01
6.653072e+13,7.008717e+01
1.119579e+13,4.999646e+00
1.381358e+13,7.897815e+01
4.858289e+13,4.900696e+01
8.729990e+13,6.522250e+01
2.599866e+13,7.899667e+01
2.327668e+14,8.000000e+01
9.754639e+13,4.624432e+01
1.737583e+13,7.899719e+01
1.442819e+13,7.897890e+01
4.853361e+14,8.000000e+01
1.654552e+17,8.000000e+01
1.654552e+17,8.000000e+01
3.489472e+13,2.990866e+01
1.461539e+14,4.612420e+01
2.527624e+13,7.892143e+01
9.332743e+13,5.363140e+01
2.051580e+13,2.426325e+01
1.042055e+13,7.893591e+01
1.159147e+13,7.898805e+01
1.086139e+14,8.000000e+01
1.086139e+14,8.000000e+01
1.086139e+14,8.000000e+01
1.319451e+17,8.000000e+01
1.319451e+17,8.000000e+01
1.319451e+17,8.000000e+01
1.319451e+17,8.000000e+01
4.460881e+13,4.005839e+01
3.715763e+13,3.291154e+01
1.680970e+14,5.098886e+01
3.449547e+13,3.387246e+01
3.649625e+13,6.815461e+01
4.769651e+13,3.687534e+01
9.698125e+13,5.585353e+01
3.948906e+13,4.216040e+01
6.629341e+13,4.348167e+01
4.026126e+13,3.891730e+01
7.067746e+13,7.899873e+01
7.067746e+13,7.898442e+01
9.854241e+13,7.387079e+01
5.887885e+13,4.846645e+01
1.050199e+14,4.167994e+01
2.096331e+13,7.899319e+01
1.595980e+14,8.000000e+01
2.079714e+13,7.897707e+01
3.154739e+14,8.000000e+01
3.154739e+14,8.000000e+01
3.109773e+14,5.939692e+01
2.411935e+14,8.000000e+01
3.893484e+13,3.321183e+01
1.990856e+13,4.999963e+00
1.134008e+14,5.261042e+01
1.861015e+13,7.897986e+01
9.476954e+13,4.372190e+01
1.610491e+13,7.893906e+01
1.573969e+13,7.896576e+01
7.570713e+13,6.294032e+01
7.570713e+13,6.294032e+01
2.443213e+14,7.843517e+01
3.074512e+13,7.899460e+01
1.884133e+14,8.000000e+01
1.884133e+14,8.000000e+01
1.600495e+13,7.899264e+01
4.412015e+14,8.000000e+01
1.536089e+14,8.000000e+01
8.606647e+13,4.167994e+01
4.261143e+14,8.000000e+01
4.261143e+14,8.000000e+01
2.786076e+13,2.534429e+01
3.338554e+13,6.870400e+01
2.282987e+13,7.890139e+01
7.997076e+14,8.000000e+01
2.158297e+13,4.998335e+00
2.785833e+13,2.720607e+01
3.744724e+13,4.294115e+01
5.777285e+13,4.900696e+01
1.642892e+13,7.899624e+01
4.558877e+13,3.699844e+01
3.279849e+13,3.759603e+01
1.387651e+15,8.000000e+01
1.317449e+13,7.897702e+01
2.657765e+14,8.000000e+01
9.568096e+13,3.698734e+01
1.329007e+13,7.899808e+01
2.291571e+14,6.726446e+01
2.482800e+13,7.913718e+01
2.717194e+13,7.899626e+01
1.316048e+13,7.899211e+01
5.776882e+13,3.513367e+01
4.261882e+13,4.336155e+01
2.428126e+13,7.898906e+01
1.307532e+14,7.561246e+01
6.135045e+13,3.900000e+01
1.429591e+13,7.895267e+01
4.904633e+13,3.639488e+01
2.413410e+13,7.899653e+01
5.108744e+13,4.924720e+01
1.327062e+13,7.895372e+01
6.976372e+13,3.879718e+01
2.719678e+13,7.899860e+01
1.209524e+13,7.898368e+01
4.719029e+13,4.534345e+01
9.143854e+12,7.899816e+01
1.255698e+14,4.264086e+01
3.116340e+13,7.899681e+01
2.505940e+15,8.000000e+01
1.409038e+14,7.609292e+01
1.409038e+14,7.609292e+01
1.914731e+14,8.000000e+01
1.914731e+14,8.000000e+01
3.462360e+14,8.000000e+01
3.462360e+14,8.000000e+01
8.842569e+13,4.119948e+01
9.835055e+13,7.895793e+01
7.665228e+13,5.237019e+01
2.188674e+14,8.000000e+01
2.754416e+13,3.165033e+01
2.842071e+13,7.899758e+01
1.744977e+13,7.884126e+01
3.860312e+13,3.231096e+01
2.918993e+13,2.762648e+01
2.873822e+13,7.899016e+01
3.562508e+13,3.387246e+01
4.273683e+13,3.771614e+01
4.499010e+13,3.519373e+01
2.316432e+14,7.224924e+01
5.004609e+13,4.047879e+01
1.523267e+14,8.000000e+01
1.523267e+14,8.000000e+01
2.147490e+13,2.348250e+01
1.068263e+14,4.786587e+01
3.446642e+13,3.747591e+01
2.731612e+14,4.720524e+01
2.848841e+13,7.897908e+01
1.347368e+14,4.456271e+01
3.008336e+13,7.879950e+01
4.280228e+14,8.000000e+01
9.311473e+13,5.291071e+01
3.316532e+13,7.895982e+01
2.634155e+13,7.892755e+01
5.354498e+13,5.477249e+01
2.730617e+13,7.899271e+01
2.732452e+13,2.600492e+01
1.655705e+14,4.864662e+01
2.239686e+13,2.521786e+01
3.666656e+13,2.948826e+01
3.814762e+13,3.038912e+01
5.153922e+13,6.474204e+01
3.156633e+13,7.879320e+01
3.537760e+13,3.765609e+01
6.921670e+13,3.363223e+01
3.450208e+13,4.642449e+01
5.672120e+13,3.585436e+01
8.811721e+14,8.000000e+01
1.975105e+13,7.899779e+01
3.293347e+13,2.726613e+01
5.223269e+14,8.000000e+01
5.311581e+13,7.899692e+01
9.710356e+13,4.912708e+01
7.843514e+13,5.000022e+00
7.843514e+13,7.981649e+01
3.977360e+13,3.311739e+01
3.171178e+13,4.999610e+00
2.038335e+13,7.899360e+01
4.928586e+13,7.905252e+01
1.646668e+14,4.888685e+01
3.794710e+13,3.609459e+01
3.328630e+13,3.351212e+01
1.584656e+13,7.899469e+01
1.715360e+13,7.899705e+01
1.319369e+13,7.899088e+01
3.421130e+13,4.492305e+01
3.980400e+13,7.899556e+01
3.542044e+13,3.513367e+01
8.024758e+13,6.047796e+01
2.641891e+13,7.899208e+01
1.027399e+13,7.899785e+01
3.799832e+13,3.825666e+01
4.146291e+13,7.899898e+01
2.276191e+13,7.894795e+01
7.107301e+13,7.899731e+01
2.607552e+13,6.953366e+01
6.370435e+13,3.429286e+01
1.316123e+14,5.000017e+00
1.316123e+14,8.000000e+01
1.316123e+14,4.999988e+00
2.081117e+13,7.899433e+01
2.040650e+13,7.899051e+01
5.640302e+13,3.549402e+01
3.892897e+13,7.807423e+01
4.202263e+14,8.000000e+01
1.984072e+14,5.122909e+01
3.065565e+13,2.702590e+01
2.714121e+13,2.846728e+01
2.149367e+13,7.896563e+01
2.468230e+13,2.792676e+01
6.069597e+13,3.729574e+01
1.033270e+13,7.898285e+01
5.065894e+13,5.705468e+01
9.220392e+12,7.899843e+01
1.158657e+14,4.804604e+01
4.171175e+13,4.155983e+01
1.903536e+13,7.896424e+01
2.330531e+14,8.000000e+01
1.980451e+13,7.898644e+01
3.833586e+13,7.899470e+01
1.840818e+13,7.899324e+01
1.546268e+13,7.898004e+01
2.509972e+14,6.498227e+01
2.189699e+13,2.582475e+01
3.533377e+14,8.000000e+01
3.636884e+13,3.092964e+01
4.580271e+15,8.000000e+01
2.837064e+13,2.996872e+01
5.641273e+13,7.899705e+01
5.641273e+13,5.140927e+01
5.194582e+14,8.000000e+01
5.194582e+14,8.000000e+01
1.101988e+13,7.898080e+01
3.068399e+13,5.000204e+00
1.093578e+13,7.899859e+01
4.797745e+13,4.999773e+00
2.145009e+13,7.295992e+01
8.396540e+13,4.999980e+00
8.396540e+13,5.000004e+00
3.163012e+13,2.672561e+01
4.242581e+15,8.000000e+01
1.869143e+13,7.893690e+01
9.735297e+12,7.899524e+01
2.604287e+13,4.999592e+00
1.624300e+14,8.000000e+01
1.174429e+13,7.899390e+01
7.657652e+13,4.119948e+01
1.369947e+13,7.898704e+01
1.428650e+13,7.897475e+01
6.193895e+13,3.213079e+01
1.347508e+14,7.603286e+01
1.656807e+14,5.122909e+01
1.574419e+13,7.896326e+01
2.461491e+13,7.898772e+01
1.387941e+13,7.899024e+01
3.647147e+13,3.729574e+01
1.902658e+15,8.000000e+01
1.746023e+13,7.899748e+01
1.458903e+14,8.000000e+01
4.550979e+13,5.020812e+01
2.642219e+13,2.897701e+01
1.508631e+13,7.892085e+01
1.823475e+14,8.000000e+01
1.823475e+14,8.000000e+01
3.026970e+14,7.122826e+01
5.309475e+13,5.000010e+00
1.213371e+14,7.116820e+01
5.133183e+13,2.096692e+01
1.745018e+13,6.316835e+01
5.856805e+13,4.414230e+01
4.159333e+13,3.261125e+01
1.057656e+14,8.000000e+01
2.471158e+13,3.098970e+01
8.677544e+13,7.086791e+01
1.608337e+13,7.824517e+01
1.867959e+13,5.922463e+01
1.712558e+14,8.000000e+01
1.712558e+14,8.000000e+01
1.981966e+13,7.899567e+01
1.231262e+14,4.972766e+01
1.687982e+13,7.898880e+01
3.660316e+13,4.999576e+00
3.000623e+13,2.732619e+01
3.178392e+13,3.405263e+01
3.960921e+13,3.417275e+01
1.642127e+13,4.999319e+00
2.577102e+13,7.894163e+01
5.159071e+13,3.819660e+01
9.012969e+12,6.303974e+01
8.605515e+13,8.000000e+01
2.943131e+14,7.753430e+01
1.949457e+13,7.892816e+01
1.686271e+14,8.000000e+01
2.324445e+13,7.894309e+01
1.274258e+13,7.899839e+01
5.533874e+13,2.697017e+01
1.735608e+13,7.898334e+01
3.461265e+14,5.633399e+01
2.810314e+14,8.000000e+01
2.810314e+14,8.000000e+01
3.547609e+13,3.165033e+01
4.514697e+13,4.119948e+01
1.409100e+14,5.477249e+01
2.276456e+13,7.937641e+01
1.915172e+14,8.000000e+01
8.440417e+13,8.000000e+01
8.440417e+13,8.000000e+01
1.569600e+13,7.899682e+01
2.719740e+13,7.896796e+01
2.285417e+13,7.899561e+01
2.591914e+13,7.899662e+01
3.414606e+13,3.681528e+01
8.925386e+13,5.441214e+01
6.595572e+13,4.035868e+01
1.192266e+14,5.200984e+01
2.758826e+13,7.897164e+01
1.668492e+13,7.879543e+01
2.272348e+13,4.999959e+00
1.827300e+13,7.898352e+01
1.498570e+13,2.500000e+01
2.933140e+13,2.678567e+01
4.513875e+13,4.999456e+00
2.138225e+14,8.000000e+01
1.664107e+14,5.681445e+01
6.719962e+13,5.000085e+00
6.719962e+13,5.000134e+00
7.487716e+13,4.017850e+01
3.285121e+13,4.678484e+01
6.262147e+13,3.615465e+01
9.738331e+13,5.387163e+01
1.668507e+13,7.869906e+01
1.432176e+13,2.100000e+01
9.708584e+12,7.899704e+01
1.681521e+14,6.750469e+01
1.525416e+13,7.895854e+01
1.006074e+13,7.899851e+01
4.023906e+13,4.999533e+00
8.680388e+13,6.342078e+01
3.055074e+14,8.000000e+01
2.442232e+14,8.000000e+01
6.089989e+13,5.176961e+01
5.359490e+13,5.399174e+01
2.346611e+13,7.895749e+01
2.554532e+13,7.899857e+01
7.640504e+13,7.899796e+01
7.640504e+13,8.000000e+01
9.764440e+18,8.000000e+01
2.507836e+13,7.896874e+01
4.160547e+13,4.095925e+01
4.247815e+14,6.636360e+01
1.398247e+14,4.192017e+01
1.903532e+13,7.899490e+01
7.415401e+13,3.807649e+01
8.079786e+13,5.579347e+01
2.237262e+13,7.899326e+01
1.018199e+14,5.825583e+01
3.715559e+13,7.899591e+01
8.080985e+13,7.489177e+01
8.080985e+13,7.489177e+01
3.394582e+13,3.219085e+01
7.548182e+13,3.801643e+01
3.953059e+14,8.000000e+01
2.659881e+13,2.750636e+01
2.656630e+13,1.900000e+01
3.780525e+13,4.198023e+01
3.907727e+13,3.825666e+01
9.888066e+12,7.899306e+01
5.612496e+13,4.576386e+01
2.580250e+13,7.895523e+01
6.073444e+13,7.922502e+01
1.426738e+13,7.897616e+01
3.822907e+13,3.849689e+01
1.718764e+13,7.899571e+01
1.569831e+15,8.000000e+01
1.569831e+15,8.000000e+01
2.130234e+13,7.897437e+01
2.475921e+13,7.888280e+01
2.215104e+13,2.234141e+01
1.269913e+14,7.924044e+01
1.269913e+14,8.000000e+01
1.269913e+14,8.000000e+01
2.160273e+14,6.173917e+01
4.629067e+13,3.321183e+01
2.069968e+13,7.898892e+01
2.524501e+13,7.928769e+01
2.789956e+13,2.636527e+01
1.190246e+14,4.924720e+01
1.991504e+13,7.899654e+01
1.958384e+13,7.899769e+01
5.756476e+14,8.000000e+01
3.092657e+13,7.897583e+01
2.000083e+14,8.000000e+01
7.872491e+13,8.000000e+01
3.214602e+13,3.213079e+01
1.276393e+14,4.984777e+01
1.148123e+14,5.687450e+01
3.761822e+14,6.978688e+01
7.206423e+13,4.900696e+01
1.080369e+13,7.899730e+01
3.796398e+13,3.969804e+01
1.307095e+13,7.899633e+01
4.929350e+13,3.321183e+01
8.062301e+13,7.062768e+01
1.126476e+14,8.000000e+01
3.264931e+13,7.899625e+01
8.083138e+14,8.000000e+01
8.083138e+14,8.000000e+01
1.828837e+13,7.898080e+01
5.540515e+13,4.510322e+01
3.415123e+14,8.000000e+01
3.415123e+14,8.000000e+01
2.562801e+14,6.684406e+01
2.757172e+13,7.899792e+01
1.785423e+14,8.000000e+01
1.785423e+14,8.000000e+01
1.577633e+13,7.894979e+01
1.298530e+13,7.899701e+01
8.290853e+13,6.197940e+01
1.932453e+17,8.000000e+01
2.778374e+13,5.262077e+01
1.848240e+13,7.899139e+01
1.238230e+13,2.100000e+01
3.532728e+13,3.303166e+01
1.397582e+13,7.898490e+01
2.432486e+13,2.888768e+01
2.291830e+13,2.636527e+01
2.405642e+13,7.895919e+01
6.293131e+13,3.795637e+01
1.990793e+13,7.899704e+01
1.500990e+13,7.898898e+01
1.290317e+13,7.899800e+01
1.511650e+13,3.095356e+01
1.159443e+14,7.351045e+01
1.159443e+14,7.351045e+01
2.958884e+13,3.165033e+01
1.916283e+13,7.898795e+01
4.606804e+13,5.933686e+01
6.864523e+14,8.000000e+01
1.523950e+13,7.896426e+01
7.832747e+13,7.899576e+01
2.327365e+13,2.552446e+01
2.898024e+13,7.932770e+01
1.369570e+13,7.890349e+01
4.895580e+13,4.594403e+01
2.887860e+13,5.000000e+00
5.378316e+13,3.555407e+01
3.024611e+13,7.896064e+01
2.653114e+13,2.522417e+01
2.527120e+13,7.893988e+01
3.479614e+14,8.000000e+01
8.051793e+13,6.600325e+01
2.346602e+14,5.146932e+01
5.508456e+13,3.459315e+01
1.718119e+13,7.899184e+01
9.201567e+13,6.233974e+01
3.366451e+13,6.697647e+01
2.639065e+13,7.892335e+01
7.627769e+14,8.000000e+01
1.680010e+13,7.899664e+01
1.244620e+13,7.899765e+01
3.264028e+13,2.792676e+01
4.044201e+13,3.417275e+01
2.699630e+13,6.402073e+01
5.603256e+13,5.609376e+01
2.559296e+13,2.804688e+01
2.761920e+13,5.806390e+01
3.668191e+13,7.899103e+01
1.180268e+14,4.480294e+01
1.333706e+13,7.899844e+01
1.742342e+14,8.000000e+01
1.450083e+13,7.899119e+01
6.687514e+13,4.095925e+01
1.322565e+14,4.384202e+01
1.595320e+13,7.855282e+01
1.405488e+13,7.897641e+01
1.350654e+14,5.921675e+01
1.183781e+14,7.898961e+01
2.642232e+13,7.899069e+01
2.068626e+13,7.899433e+01
2.116910e+13,7.899710e+01
1.181354e+13,7.899700e+01
1.676990e+15,8.000000e+01
2.317903e+13,7.899581e+01
2.350313e+13,2.462360e+01
2.867903e+13,2.900780e+01
1.241338e+14,7.861534e+01
1.241338e+14,7.861534e+01
4.847023e+13,7.898381e+01
9.504836e+13,6.546273e+01
2.985700e+14,6.282020e+01
5.898857e+14,8.000000e+01
1.737497e+14,4.522334e+01
1.223137e+13,7.899017e+01
5.209626e+13,4.113943e+01
2.271541e+13,7.899665e+01
1.208496e+13,7.673908e+01
7.002187e+13,3.783626e+01
1.421334e+13,7.898107e+01
5.489726e+14,5.237019e+01
4.290303e+13,7.899069e+01
2.755010e+14,6.197940e+01
1.559687e+13,5.000280e+00
1.144828e+13,7.899690e+01
2.036608e+13,7.899699e+01
5.807140e+13,7.898827e+01
1.182814e+13,7.897727e+01
2.854584e+13,2.486383e+01
3.954269e+13,3.297160e+01
2.851633e+13,7.899538e+01
2.341687e+13,4.999814e+00
9.337431e+13,6.510239e+01
3.225864e+13,7.899820e+01
2.778870e+13,1.897097e+01
1.977692e+14,6.798515e+01
2.530074e+13,2.846728e+01
2.759056e+13,2.822705e+01
5.382383e+13,5.000802e+00
5.382383e+13,6.834952e+01
1.666506e+13,7.894656e+01
3.352119e+15,8.000000e+01
2.979279e+13,2.510406e+01
3.011800e+13,7.893418e+01
2.365413e+13,7.899706e+01
2.422885e+14,5.501272e+01
8.506129e+13,6.161905e+01
1.395789e+13,7.898446e+01
3.350187e+13,4.516328e+01
2.380183e+13,2.306210e+01
1.358184e+13,7.899751e+01
1.512505e+13,7.899860e+01
9.334868e+13,7.176878e+01
7.810434e+13,4.216040e+01
2.778196e+13,2.876757e+01
3.035051e+14,8.000000e+01
7.693702e+13,6.624348e+01
1.188766e+14,5.267048e+01
1.333977e+14,8.000000e+01
1.333977e+14,8.000000e+01
1.096699e+13,7.898931e+01
1.041639e+13,7.898926e+01
8.895966e+13,7.050757e+01
2.183052e+13,7.899527e+01
1.697324e+13,7.899577e+01
9.866111e+13,5.705468e+01
5.501286e+13,7.899838e+01
1.933984e+13,7.854973e+01
2.016231e+17,8.000000e+01
1.777765e+13,4.999878e+00
5.159417e+13,5.279059e+01
1.379226e+13,7.899690e+01
2.922726e+13,2.822705e+01
2.698326e+14,5.927681e+01
9.713631e+13,2.098327e+01
9.859952e+13,4.666472e+01
1.170143e+13,7.898096e+01
1.779767e+13,7.899572e+01
1.886100e+13,7.899857e+01
1.387256e+14,8.000000e+01
3.985574e+13,7.899484e+01
1.905034e+13,7.899626e+01
3.354354e+13,3.321183e+01
4.478360e+13,3.783626e+01
1.329694e+13,7.896759e+01
1.686471e+14,4.786587e+01
1.648457e+13,7.899479e+01
3.856899e+13,2.912791e+01
1.657513e+13,7.897722e+01
2.475262e+13,7.899594e+01
1.053785e+13,7.899572e+01
3.519521e+13,7.899586e+01
2.699759e+13,7.897492e+01
3.657184e+13,3.789632e+01
1.116068e+14,4.492305e+01
3.290916e+13,3.399258e+01
2.249391e+14,8.000000e+01
2.249391e+14,8.000000e+01
1.882351e+13,7.899744e+01
9.626988e+14,8.000000e+01
9.214002e+13,4.059891e+01
8.290064e+13,6.372107e+01
2.560190e+13,2.588481e+01
1.618016e+13,7.899164e+01
4.409872e+14,6.486216e+01
5.895466e+13,6.221963e+01
1.057372e+13,7.899841e+01
6.232112e+13,4.588397e+01
3.935851e+13,3.219085e+01
1.115204e+14,4.264086e+01
1.306672e+13,7.899507e+01
6.862067e+13,5.032823e+01
1.992618e+14,8.000000e+01
1.051976e+14,8.000000e+01
1.051976e+14,8.000000e+01
4.176478e+16,8.000000e+01
4.255707e+13,4.318138e+01
5.431178e+13,7.899877e+01
1.571760e+13,7.898725e+01
5.065625e+13,3.489344e+01
2.162169e+13,7.899620e+01
9.598859e+12,7.899859e+01
6.280818e+13,4.390207e+01
8.752934e+13,3.963799e+01
9.520929e+12,7.898871e+01
1.610841e+13,7.899001e+01
1.455625e+13,7.899392e+01
2.538643e+13,4.999737e+00
4.048782e+13,4.396213e+01
1.343725e+13,7.899810e+01
3.871931e+13,3.981816e+01
9.391703e+13,4.984777e+01
6.440661e+13,6.191934e+01
7.208609e+13,4.984777e+01
2.069681e+13,7.899778e+01
7.170254e+13,3.915753e+01
1.902721e+13,7.899639e+01
1.523652e+14,5.945698e+01
5.172607e+13,4.594403e+01
1.159105e+13,7.899826e+01
2.782896e+13,2.948826e+01
1.130276e+14,4.438253e+01
4.790147e+13,5.206990e+01
2.335860e+13,7.898994e+01
1.340865e+13,7.895997e+01
5.122047e+14,7.206907e+01
2.725531e+13,2.996872e+01
4.867257e+13,4.999982e+00
4.867257e+13,7.899140e+01
9.441119e+12,7.899459e+01
1.262066e+13,7.899856e+01
1.266007e+13,7.898581e+01
4.208456e+13,3.285148e+01
4.988400e+13,4.999911e+00
6.015853e+13,4.101931e+01
1.566113e+13,7.895297e+01
7.396018e+13,5.993744e+01
1.144645e+15,7.417108e+01
1.656702e+14,4.912708e+01
1.265878e+13,7.899681e+01
3.327767e+13,1.900000e+01
1.238516e+13,7.897258e+01
1.296522e+13,7.899362e+01
1.027179e+14,4.408225e+01
1.663785e+15,8.000000e+01
8.617108e+13,3.855695e+01
1.261030e+14,6.768486e+01
1.036123e+13,7.899806e+01
1.576509e+13,7.108536e+01
1.131686e+14,6.360095e+01
1.360322e+14,5.104892e+01
1.147181e+13,7.898934e+01
5.838095e+13,5.789548e+01
4.194964e+13,4.348167e+01
3.546104e+13,3.537390e+01
4.342343e+13,5.044835e+01
4.342343e+13,5.000060e+00
1.064472e+13,7.899644e+01
9.921189e+12,7.898135e+01
6.199382e+13,4.228052e+01
3.439055e+13,3.116987e+01
2.051953e+13,7.892584e+01
7.337337e+13,4.606414e+01
9.157664e+13,2.294329e+01
2.977124e+13,2.708596e+01
3.728019e+13,3.783626e+01
9.421959e+13,7.899652e+01
3.696445e+14,8.000000e+01
1.542217e+14,8.000000e+01
1.542217e+14,8.000000e+01
1.925916e+13,7.899498e+01
5.986293e+13,7.899424e+01
1.666403e+13,7.912337e+01
1.635022e+13,7.896219e+01
1.001707e+14,5.453226e+01
1.315734e+14,4.636443e+01
9.640839e+13,8.000000e+01
9.640839e+13,4.999999e+00
4.818815e+13,5.000072e+00
4.085222e+13,3.099778e+01
2.472452e+13,7.898889e+01
2.269635e+13,7.898697e+01
1.355660e+14,8.000000e+01
5.977724e+13,3.981816e+01
1.864429e+13,7.918417e+01
2.059914e+13,7.898579e+01
3.102073e+13,2.858740e+01
1.998125e+14,5.807566e+01
3.489415e+13,3.100000e+01
4.239271e+13,3.399258e+01
4.835233e+13,2.100000e+01
2.698749e+13,7.898196e+01
8.007249e+13,4.540351e+01
5.854551e+15,8.000000e+01
5.854551e+15,8.000000e+01
6.154244e+13,7.899132e+01
5.641692e+13,7.899829e+01
2.827356e+13,2.822705e+01
2.065497e+13,7.899072e+01
3.150582e+13,7.899169e+01
6.748026e+13,4.143971e+01
2.045320e+13,7.899866e+01
4.461129e+13,4.089919e+01
1.529582e+14,7.309004e+01
6.974685e+13,6.582308e+01
1.266633e+14,4.768570e+01
2.714651e+13,4.999873e+00
1.001567e+13,7.899709e+01
1.877627e+14,5.493036e+01
3.406098e+14,8.000000e+01
1.770857e+13,7.899877e+01
2.936934e+13,2.828711e+01
1.831508e+13,7.894641e+01
4.380146e+14,8.000000e+01
9.876509e+12,7.899798e+01
4.709610e+13,5.351128e+01
8.805295e+14,8.000000e+01
7.316442e+13,6.191934e+01
1.165908e+14,5.441214e+01
5.022324e+14,8.000000e+01
5.022324e+14,8.000000e+01
5.946064e+13,3.513367e+01
1.106081e+14,4.624432e+01
1.559229e+14,8.000000e+01
3.351217e+13,3.435292e+01
2.531401e+13,2.624515e+01
2.583924e+13,7.894126e+01
3.410926e+13,7.898919e+01
5.089292e+13,4.083914e+01
4.581569e+13,3.747591e+01
4.869598e+13,3.273137e+01
1.314654e+14,8.000000e+01
1.314654e+14,8.000000e+01
1.246648e+13,7.899306e+01
1.769110e+14,5.158944e+01
2.271166e+13,7.897544e+01
4.810228e+13,4.029862e+01
3.396155e+13,3.357217e+01
1.663622e+13,7.899329e+01
2.620552e+14,5.255036e+01
9.297812e+13,5.092881e+01
1.499601e+13,7.865018e+01
5.720205e+13,5.315094e+01
3.740847e+14,3.100000e+01
1.244005e+13,7.899581e+01
5.105826e+13,4.558368e+01
6.710603e+12,1.499327e+01
2.776799e+13,7.871848e+01
2.995060e+13,2.552446e+01
4.498293e+13,4.570380e+01
1.289110e+13,7.897833e+01
5.882270e+13,5.957709e+01
1.783502e+14,8.000000e+01
4.184559e+13,5.453226e+01
1.653789e+16,8.000000e+01
6.188579e+13,4.210035e+01
2.681373e+13,6.218761e+01
4.194488e+13,5.333111e+01
1.561773e+14,8.000000e+01
3.006268e+13,7.712246e+01
2.514062e+13,7.897881e+01
1.973669e+14,4.996789e+01
1.736328e+13,7.898842e+01
1.676522e+13,7.899639e+01
4.916415e+13,3.261125e+01
2.234035e+13,7.897387e+01
3.461454e+13,3.567419e+01
9.904210e+12,7.899588e+01
3.289733e+13,2.840722e+01
1.012713e+14,5.465238e+01
9.226370e+13,5.285065e+01
1.550658e+13,7.899870e+01
2.585873e+13,7.898353e+01
3.202925e+13,4.999835e+00
2.015216e+13,7.899495e+01
9.719619e+13,8.000000e+01
9.392767e+12,7.899220e+01
5.547119e+13,6.318055e+01
5.325297e+13,7.899065e+01
6.922050e+15,6.251991e+01
2.726805e+13,2.558452e+01
2.000730e+13,2.234141e+01
2.174014e+15,8.000000e+01
2.174014e+15,8.000000e+01
2.541640e+13,7.897034e+01
2.418756e+14,8.000000e+01
4.547446e+13,3.951787e+01
2.192988e+13,2.492389e+01
1.585095e+14,6.059807e+01
3.231048e+13,3.357217e+01
1.471798e+14,5.297076e+01
1.505104e+14,4.702507e+01
1.361620e+14,6.828544e+01
1.160767e+14,4.023856e+01
1.190359e+13,7.911055e+01
7.004965e+13,3.621471e+01
8.884088e+13,5.699462e+01
2.339208e+13,7.899561e+01
5.346034e+13,4.999913e+00
1.317869e+13,7.899261e+01
1.588398e+14,4.546357e+01
1.329850e+13,7.898322e+01
1.993521e+14,7.399091e+01
1.993521e+14,7.399091e+01
2.966500e+13,2.654544e+01
3.258496e+13,3.255119e+01
1.711225e+14,6.209951e+01
2.202517e+13,2.402302e+01
1.008773e+13,7.899873e+01
1.663736e+13,7.895992e+01
2.040358e+14,6.894607e+01
8.624586e+13,7.855528e+01
2.294101e+14,8.000000e+01
4.286282e+13,3.741586e+01
9.007894e+13,8.000000e+01
9.007894e+13,8.000000e+01
1.587871e+13,7.914388e+01
3.212915e+13,3.291154e+01
2.490455e+13,7.899420e+01
1.783666e+13,7.899748e+01
2.816702e+13,7.897722e+01
2.771704e+13,7.898851e+01
2.944266e+14,8.000000e+01
1.123228e+14,8.000000e+01
3.337825e+14,8.000000e+01
3.337825e+14,8.000000e+01
3.337825e+14,8.000000e+01
3.337825e+14,8.000000e+01
1.335107e+13,7.899059e+01
1.044708e+16,8.000000e+01
8.957056e+13,5.807566e+01
1.642659e+13,4.999908e+00
2.134832e+13,7.898422e+01
3.832208e+13,2.984860e+01
4.788878e+13,5.702126e+01
2.399160e+13,7.899026e+01
1.444891e+14,4.456271e+01
2.346774e+13,7.899521e+01
3.225299e+13,7.896899e+01
4.864786e+13,3.573425e+01
8.786231e+13,8.000000e+01
2.149034e+13,7.899411e+01
1.025057e+13,7.899854e+01
9.636425e+13,5.080869e+01
3.463621e+14,8.000000e+01
1.668085e+14,7.928828e+01
5.928188e+13,4.816616e+01
2.340045e+13,4.998958e+00
3.236329e+13,6.700000e+01
3.236329e+13,7.905571e+01
2.362656e+14,8.000000e+01
1.267162e+14,5.675439e+01
1.144440e+14,6.900613e+01
1.212000e+13,7.896821e+01
2.696628e+13,7.897308e+01
4.745924e+13,3.267131e+01
1.536974e+14,4.486299e+01
3.415003e+13,2.840722e+01
1.875048e+13,7.898526e+01
1.821564e+14,8.000000e+01
1.821564e+14,8.000000e+01
1.211821e+13,7.898093e+01
1.784143e+13,7.899520e+01
2.161550e+13,7.899189e+01
1.334155e+14,8.000000e+01
1.862345e+13,7.899118e+01
2.920680e+13,7.899585e+01
6.606898e+14,8.000000e+01
3.222920e+13,2.870751e+01
4.801555e+13,3.489344e+01
4.606731e+15,8.000000e+01
3.719181e+13,3.831672e+01
4.647316e+14,8.000000e+01
4.647316e+14,8.000000e+01
1.616905e+13,7.896871e+01
1.484304e+13,7.898982e+01
9.857252e+12,7.899778e+01
8.094005e+13,5.237019e+01
2.165844e+13,7.899173e+01
1.287068e+14,8.000000e+01
1.484694e+13,7.886046e+01
1.387242e+14,5.711473e+01
1.808999e+13,6.997062e+00
3.611831e+13,7.899789e+01
3.611831e+13,7.898671e+01
2.660872e+13,2.540435e+01
4.292084e+13,3.741586e+01
6.702134e+13,3.705551e+01
1.981604e+13,5.000098e+00
5.477784e+13,4.017850e+01
6.705619e+13,4.732535e+01
2.558696e+13,7.894668e+01
9.815191e+13,6.456187e+01
1.369128e+14,6.894607e+01
2.585095e+16,6.828544e+01
7.280778e+13,5.531301e+01
3.680167e+13,3.243108e+01
1.212851e+13,7.899380e+01
1.708319e+13,7.894685e+01
1.669375e+13,7.898228e+01
1.843090e+13,7.894447e+01
1.511888e+14,2.079828e+01
3.157259e+14,8.000000e+01
3.157259e+14,8.000000e+01
2.165942e+13,7.899300e+01
2.996302e+13,4.998653e+00
1.477356e+16,8.000000e+01
5.388113e+13,3.519373e+01
1.466883e+13,7.898152e+01
4.020538e+13,3.309171e+01
2.214061e+13,7.899244e+01
2.246707e+14,8.000000e+01
2.246707e+14,8.000000e+01
1.588978e+13,5.000000e+00
1.199880e+14,7.899712e+01
1.199880e+14,7.899829e+01
4.393659e+13,5.212996e+01
1.731923e+16,8.000000e+01
1.236442e+13,7.897084e+01
1.748954e+13,7.899324e+01
7.036389e+13,7.230930e+01
2.256586e+13,4.999592e+00
1.316923e+13,7.895584e+01
1.537885e+13,7.898366e+01
9.418492e+12,7.899867e+01
8.163683e+13,8.000000e+01
6.884243e+13,6.504233e+01
6.439509e+13,3.687534e+01
1.177248e+14,8.000000e+01
1.177248e+14,8.000000e+01
7.371040e+13,4.450265e+01
1.781763e+13,7.899350e+01
1.285742e+13,7.892107e+01
3.706764e+13,7.896875e+01
1.278677e+13,7.896869e+01
3.520090e+14,6.420153e+01
5.469819e+13,3.819660e+01
1.324178e+13,7.898513e+01
2.485056e+13,7.898817e+01
2.818463e+13,3.116987e+01
2.955671e+13,2.894774e+01
5.339312e+13,3.339200e+01
4.625685e+15,7.819494e+01
1.179823e+14,4.204029e+01
8.239262e+12,7.899827e+01
6.585822e+13,3.921758e+01
2.293788e+14,8.000000e+01
6.611976e+13,3.975810e+01
1.866236e+13,7.887446e+01
2.157370e+13,7.899510e+01
8.197294e+13,6.750469e+01
8.197294e+13,4.999985e+00
4.666858e+13,4.420236e+01
1.096642e+13,4.999526e+00
4.510759e+13,3.068941e+01
2.624407e+13,2.570463e+01
2.284906e+13,2.588481e+01
2.390307e+14,8.000000e+01
2.390307e+14,8.000000e+01
2.562360e+13,7.899646e+01
1.444865e+14,5.891646e+01
1.554259e+13,7.894775e+01
3.506876e+13,3.447304e+01
1.320961e+14,8.000000e+01
1.422909e+13,7.898641e+01
2.608820e+13,2.654544e+01
1.054073e+14,4.204029e+01
7.542809e+13,4.029862e+01
2.316148e+13,7.899509e+01
5.208328e+13,3.723568e+01
9.468044e+12,7.899857e+01
1.828136e+13,7.891081e+01
5.734983e+13,4.264086e+01
8.469596e+13,4.636443e+01
2.129947e+13,7.898153e+01
4.036004e+13,3.056930e+01
1.112393e+13,6.483664e+01
2.007255e+13,7.893712e+01
2.055257e+14,8.000000e+01
2.055257e+14,8.000000e+01
1.688318e+13,7.893343e+01
9.664120e+13,4.876673e+01
2.266241e+13,2.444342e+01
2.132173e+14,8.000000e+01
2.132173e+14,8.000000e+01
9.276215e+13,5.188973e+01
1.036707e+13,7.897526e+01
3.223839e+13,7.895109e+01
1.314226e+14,6.354089e+01
1.252076e+13,7.899832e+01
1.627883e+13,7.898658e+01
2.363841e+13,2.600492e+01
1.462926e+13,7.899153e+01
7.044265e+17,8.000000e+01
1.110394e+13,7.898936e+01
2.289783e+13,2.324227e+01
1.458948e+13,7.898133e+01
1.239986e+13,7.898584e+01
4.057348e+13,4.750553e+01
2.711464e+13,3.898551e+01
2.063045e+13,7.896692e+01
1.677384e+13,7.899582e+01
2.017489e+13,7.897687e+01
2.484507e+13,7.899336e+01
4.148833e+13,3.074947e+01
1.770370e+14,6.426158e+01
5.552943e+14,8.000000e+01
9.415746e+12,7.899803e+01
1.047287e+13,7.899770e+01
1.771396e+13,7.899575e+01
1.623926e+13,7.882807e+01
2.409211e+13,7.882018e+01
2.630719e+13,7.896723e+01
3.262613e+14,5.549318e+01
3.189376e+13,3.429286e+01
1.108946e+13,7.899548e+01
5.992057e+13,7.639321e+01
2.222359e+13,7.899771e+01
1.355660e+13,7.899789e+01
3.302774e+13,3.219085e+01
3.154401e+13,7.897100e+01
2.874329e+13,5.647930e+01
2.444062e+13,2.444342e+01
4.522469e+13,3.573425e+01
1.384442e+14,7.206907e+01
1.132304e+13,7.899830e+01
1.234833e+13,7.899668e+01
1.103859e+14,7.206907e+01
5.315490e+13,5.741502e+01
1.709118e+13,7.899162e+01
2.256853e+14,8.000000e+01
2.590153e+15,8.000000e+01
2.359665e+13,7.898447e+01
2.451575e+13,2.690578e+01
2.683054e+13,2.588481e+01
3.823337e+13,7.895011e+01
6.360231e+13,5.363140e+01
5.900186e+13,3.453309e+01
2.090523e+13,7.898513e+01
2.971608e+13,3.633482e+01
3.999796e+13,2.984860e+01
2.203624e+13,2.204112e+01
7.367661e+13,7.884064e+01
7.367661e+13,7.935992e+01
4.203077e+14,8.000000e+01
2.505970e+13,7.899162e+01
1.629219e+14,6.684406e+01
1.629219e+14,6.684406e+01
2.964250e+13,7.899532e+01
1.477737e+14,8.000000e+01
1.477737e+14,8.000000e+01
1.258290e+13,7.899577e+01
1.917512e+13,7.899758e+01
3.366294e+13,3.753597e+01
8.692081e+13,5.309088e+01
2.245295e+13,7.899333e+01
7.343954e+14,8.000000e+01
1.906660e+13,5.000000e+00
2.726457e+13,2.942820e+01
1.634641e+14,8.000000e+01
2.399627e+13,2.420319e+01
6.890541e+13,5.969721e+01
5.664536e+13,7.899384e+01
4.682751e+13,4.210035e+01
5.726014e+13,4.270092e+01
2.001772e+13,7.899744e+01
6.736530e+14,8.000000e+01
8.362278e+13,8.000000e+01
8.362278e+13,8.000000e+01
2.657964e+13,4.999894e+00
1.109135e+14,6.402135e+01
9.319150e+12,7.898413e+01
3.925048e+13,7.894666e+01
8.547943e+13,7.032740e+01
1.808571e+13,5.000089e+00
1.945058e+14,8.000000e+01
6.716086e+14,8.000000e+01
4.465571e+14,7.567252e+01
5.599150e+14,8.000000e+01
5.599150e+14,8.000000e+01
7.093295e+13,7.086791e+01
5.871749e+13,3.771614e+01
1.035655e+14,5.447220e+01
1.043300e+13,7.885797e+01
6.507608e+13,5.285065e+01
6.149495e+13,4.594403e+01
2.698127e+13,7.887918e+01
1.338576e+13,7.898759e+01
6.862215e+13,3.945781e+01
1.111524e+14,5.363140e+01
8.387498e+13,4.966760e+01
2.262284e+13,7.899256e+01
1.895542e+14,6.492222e+01
1.660712e+13,7.899474e+01
3.230329e+13,3.291154e+01
2.359834e+13,7.899363e+01
7.331939e+13,8.000000e+01
2.278766e+13,7.899541e+01
9.342364e+13,8.000000e+01
1.746512e+13,7.899678e+01
2.576152e+13,7.899899e+01
2.106095e+13,4.999544e+00
2.970324e+13,7.893797e+01
1.289189e+14,5.519289e+01
1.461173e+13,7.899668e+01
8.807107e+13,3.969804e+01
2.158966e+13,7.931892e+01
2.800435e+13,4.999039e+00
2.747273e+13,7.899200e+01
3.269872e+13,3.363223e+01
1.924926e+13,4.999689e+00
1.120504e+13,7.896514e+01
2.924523e+13,2.840722e+01
3.565214e+14,8.000000e+01
3.305519e+13,3.693540e+01
1.518119e+14,5.639404e+01
1.062784e+13,7.899606e+01
1.274111e+14,6.816532e+01
2.293206e+13,7.897649e+01
5.113973e+13,3.645494e+01
2.776579e+13,2.924803e+01
4.104065e+13,4.234058e+01
2.588203e+13,2.612504e+01
2.773771e+13,2.774659e+01
1.770692e+13,7.899674e+01
1.156282e+13,7.899475e+01
3.579357e+13,2.804688e+01
1.193369e+15,7.723402e+01
1.088302e+14,6.209951e+01
1.140459e+15,8.000000e+01
1.140459e+15,8.000000e+01
1.140459e+15,8.000000e+01
1.986345e+13,7.899245e+01
1.524049e+13,7.886759e+01
1.879581e+13,7.899337e+01
1.144831e+13,7.899455e+01
9.327761e+12,7.898572e+01
6.299427e+13,3.387246e+01
5.032678e+13,3.801643e+01
2.707245e+13,2.708596e+01
1.097552e+13,7.897059e+01
1.284964e+14,7.537223e+01
4.208620e+13,7.898841e+01
1.582206e+14,4.900696e+01
2.469787e+13,7.899469e+01
1.060216e+14,4.216040e+01
3.323644e+14,6.474204e+01
2.127844e+14,8.000000e+01
1.391635e+14,6.882596e+01
1.162559e+13,7.899727e+01
3.933016e+13,3.122993e+01
5.155694e+13,3.759603e+01
2.008021e+14,8.000000e+01
3.877530e+13,3.333194e+01
6.546349e+13,3.711557e+01
6.603712e+14,8.000000e+01
2.580428e+14,5.182967e+01
1.137408e+13,4.999713e+00
2.333061e+14,8.000000e+01
2.333061e+14,8.000000e+01
1.348140e+13,7.899799e+01
8.816257e+13,4.035868e+01
2.357994e+13,4.999186e+00
7.626789e+14,7.471160e+01
2.060570e+13,7.899848e+01
5.473488e+13,6.840556e+01
1.666015e+14,5.200984e+01
1.105428e+14,7.044751e+01
3.958120e+13,4.999114e+00
5.417261e+13,3.171039e+01
3.415080e+14,8.000000e+01
2.297275e+13,3.898411e+01
2.715218e+13,7.893743e+01
1.247426e+13,7.899381e+01
3.078882e+14,8.000000e+01
1.187883e+14,4.876673e+01
1.282237e+13,7.899571e+01
1.511058e+13,7.893106e+01
6.709222e+13,6.342078e+01
1.125347e+13,4.999722e+00
3.933089e+13,4.137966e+01
1.766063e+13,7.898743e+01
6.805096e+13,3.219085e+01
1.214636e+14,8.000000e+01
1.214636e+14,8.000000e+01
2.201238e+13,2.372273e+01
2.397867e+14,8.000000e+01
2.908588e+14,8.000000e+01
1.264919e+13,6.504526e+01
1.456516e+14,4.726530e+01
6.713757e+13,7.899213e+01
4.415482e+14,7.969638e+01
3.098466e+14,8.000000e+01
1.051328e+15,8.000000e+01
2.979423e+13,7.899736e+01
4.574832e+13,4.065896e+01
7.226349e+13,3.531384e+01
1.060461e+14,6.570297e+01
6.133355e+14,8.000000e+01
2.451556e+13,2.498394e+01
1.499768e+13,7.899618e+01
3.746715e+13,3.579430e+01
3.163810e+13,2.900780e+01
1.859952e+13,7.896873e+01
4.299076e+13,3.237102e+01
2.491247e+13,2.558452e+01
1.119414e+14,6.912625e+01
1.696248e+13,7.816716e+01
9.525423e+13,5.249030e+01
6.576403e+14,8.000000e+01
1.912106e+13,7.899718e+01
1.876336e+13,7.899686e+01
3.539975e+13,3.531384e+01
5.611637e+13,5.008800e+01
2.489162e+13,7.898693e+01
1.462277e+13,4.497472e+01
2.094305e+13,4.272944e+01
9.807632e+13,4.510322e+01
5.493846e+14,6.366101e+01
4.539508e+13,3.585436e+01
3.226021e+13,2.870751e+01
1.448269e+14,5.729491e+01
2.597533e+13,2.930809e+01
1.158984e+13,7.899397e+01
2.297887e+13,7.899458e+01
8.349047e+13,5.879635e+01
3.433647e+14,8.000000e+01
3.433647e+14,8.000000e+01
1.564359e+13,7.894352e+01
1.595012e+14,5.008800e+01
1.480704e+13,7.899826e+01
2.140772e+13,4.999222e+00
4.599102e+14,8.000000e+01
2.557263e+13,2.594486e+01
1.830767e+14,6.516245e+01
1.751957e+14,6.540268e+01
1.344441e+13,7.898642e+01
3.502579e+13,7.951851e+01
1.281656e+13,7.891134e+01
3.951259e+13,3.165033e+01
5.003559e+15,8.000000e+01
2.527489e+13,2.774659e+01
1.803223e+13,7.899628e+01
2.720312e+13,2.666555e+01
1.643549e+13,7.899784e+01
3.270514e+14,6.546273e+01
2.055119e+13,7.899735e+01
1.546536e+13,5.000000e+00
2.585660e+13,4.999794e+00
5.185755e+13,4.035868e+01
1.399861e+14,7.951620e+01
1.626931e+13,7.899637e+01
5.488362e+13,3.453309e+01
1.808729e+15,7.999666e+01
2.579466e+13,2.696584e+01
4.601157e+13,4.606414e+01
2.122153e+13,7.899813e+01
4.235012e+13,6.912102e+01
4.592688e+13,4.999956e+00
1.046349e+14,8.000000e+01
4.397435e+13,4.426242e+01
2.687065e+14,5.405180e+01
1.694121e+13,7.899718e+01
2.315400e+13,7.889825e+01
2.162542e+13,7.893162e+01
1.225407e+13,7.899308e+01
1.566272e+13,7.891130e+01
4.663181e+13,3.543396e+01
3.673523e+13,3.141010e+01
3.143796e+13,3.008884e+01
1.941482e+13,7.896455e+01
2.818551e+13,7.899542e+01
2.393004e+14,7.669350e+01
2.393004e+14,7.669350e+01
3.176218e+13,3.128999e+01
1.081228e+13,7.893482e+01
6.552187e+13,4.696501e+01
6.818707e+13,5.567335e+01
6.720647e+13,5.813571e+01
9.670349e+12,7.898438e+01
1.822647e+13,7.899415e+01
1.829090e+13,7.895981e+01
2.858923e+13,3.068941e+01
4.480863e+13,3.495350e+01
3.632122e+13,2.816699e+01
3.257493e+13,2.984860e+01
2.878651e+13,2.966843e+01
1.448648e+14,6.107853e+01
2.265276e+13,2.504400e+01
3.173491e+13,3.459315e+01
1.526302e+13,4.999919e+00
5.220062e+13,6.179922e+01
6.896673e+13,5.020812e+01
1.767642e+13,7.899249e+01
8.255876e+13,6.852567e+01
1.352796e+14,8.000000e+01
1.352796e+14,8.000000e+01
1.352796e+14,8.000000e+01
3.163282e+13,2.810694e+01
1.552201e+13,7.899625e+01
2.457997e+14,8.000000e+01
2.457997e+14,8.000000e+01
3.740052e+13,3.669517e+01
1.332262e+14,5.627393e+01
1.376436e+13,7.899285e+01
8.672283e+12,7.899835e+01
1.975703e+13,7.897985e+01
1.166366e+13,7.899707e+01
1.244416e+14,6.089836e+01
1.362889e+13,7.897842e+01
3.467782e+13,7.899735e+01
4.853685e+13,3.189056e+01
2.612454e+13,2.960837e+01
4.781543e+13,3.945781e+01
2.781395e+13,4.532163e+01
1.195504e+14,8.000000e+01
3.890663e+13,2.972849e+01
1.743025e+13,7.899650e+01
2.807903e+13,7.899433e+01
2.940429e+13,2.660550e+01
4.949097e+13,4.071902e+01
4.445634e+13,3.014889e+01
4.235546e+13,7.899646e+01
1.915976e+13,1.698469e+01
3.842737e+13,2.720607e+01
8.207674e+13,3.873712e+01
2.129963e+13,7.896862e+01
1.601431e+14,8.000000e+01
2.678773e+20,8.000000e+01
2.678773e+20,8.000000e+01
2.678773e+20,8.000000e+01
2.678773e+20,8.000000e+01
2.678773e+20,8.000000e+01
2.678773e+20,8.000000e+01
2.678773e+20,8.000000e+01
1.378064e+13,7.895640e+01
6.202265e+13,7.899121e+01
1.440238e+14,8.000000e+01
1.440238e+14,8.000000e+01
3.801511e+13,7.898081e+01
2.218401e+13,7.899835e+01
2.256321e+14,8.000000e+01
4.965037e+14,8.000000e+01
6.722616e+14,8.000000e+01
1.979657e+13,7.899206e+01
1.629548e+15,8.000000e+01
1.629548e+15,8.000000e+01
1.388478e+14,5.140927e+01
9.520187e+12,7.899874e+01
2.211249e+14,8.000000e+01
1.503710e+13,7.899318e+01
2.314315e+14,5.909663e+01
6.708154e+13,5.891646e+01
6.999022e+13,5.417191e+01
1.314443e+13,7.899110e+01
8.805994e+13,3.663511e+01
4.684239e+13,3.309171e+01
5.130988e+13,4.714518e+01
4.860468e+13,2.972849e+01
2.761707e+13,2.474371e+01
1.228611e+13,7.899224e+01
6.394598e+13,8.000000e+01
6.394598e+13,5.000004e+00
7.014953e+13,4.828627e+01
1.544527e+13,7.899561e+01
1.416519e+15,8.000000e+01
5.002476e+14,5.795554e+01
2.506342e+13,7.898346e+01
1.164715e+14,4.198023e+01
5.588370e+13,3.975810e+01
1.863431e+13,1.700000e+01
1.193292e+13,7.899535e+01
1.626286e+13,7.898605e+01
3.682006e+13,3.693540e+01
1.064796e+14,8.000000e+01
9.271513e+12,7.899469e+01
7.413017e+13,4.984777e+01
5.782878e+13,6.323006e+01
5.782878e+13,7.935690e+01
1.369974e+14,6.432164e+01
6.717745e+13,7.899750e+01
6.717745e+13,7.899598e+01
1.740876e+14,8.000000e+01
1.740876e+14,8.000000e+01
7.341946e+13,4.810610e+01
3.237730e+13,1.900000e+01
1.277005e+14,7.158861e+01
2.640875e+13,2.984860e+01
3.991237e+13,3.050924e+01
2.365607e+14,6.462193e+01
5.501494e+13,3.351212e+01
1.862950e+13,7.890200e+01
7.284536e+13,4.834633e+01
1.140017e+14,6.167911e+01
1.048028e+13,4.999657e+00
3.901369e+13,3.357217e+01
1.741432e+14,7.825499e+01
1.086335e+13,7.887343e+01
2.534565e+13,2.462360e+01
3.443399e+13,2.870751e+01
1.272927e+13,7.899850e+01
1.181459e+13,7.899345e+01
2.052190e+13,7.899626e+01
7.610176e+13,3.885724e+01
2.129421e+14,8.000000e+01
1.478309e+14,4.780581e+01
2.991318e+13,2.648538e+01
2.146447e+14,5.309088e+01
8.331948e+13,6.336072e+01
8.331948e+13,6.336072e+01
5.610405e+13,5.158944e+01
2.636034e+13,5.539313e+01
4.224021e+13,4.504317e+01
1.421295e+14,5.026817e+01
4.898372e+13,3.201068e+01
7.590626e+13,2.100000e+01
1.234082e+13,7.895919e+01
2.270827e+14,5.333111e+01
2.507816e+13,7.899652e+01
2.361724e+13,7.899545e+01
1.064147e+13,7.899044e+01
4.875838e+13,7.899369e+01
4.921623e+13,5.020812e+01
2.542630e+13,7.740330e+01
3.791433e+14,6.264003e+01
8.989756e+13,8.000000e+01
3.699577e+13,3.026901e+01
3.990610e+13,7.898461e+01
1.769002e+13,7.894408e+01
1.142641e+13,7.898985e+01
1.602412e+13,7.893929e+01
5.126892e+14,8.000000e+01
2.636406e+13,2.576469e+01
5.132946e+13,4.444259e+01
2.326757e+13,7.897345e+01
2.231023e+13,2.402302e+01
1.541340e+13,1.621554e+01
1.584788e+13,7.899420e+01
7.874586e+13,7.899404e+01
7.186442e+13,4.624432e+01
1.171361e+14,4.948743e+01
1.869800e+13,7.899359e+01
1.181555e+14,8.000000e+01
1.181555e+14,8.000000e+01
3.287387e+13,7.888383e+01
8.195935e+13,3.591442e+01
2.514045e+13,2.252158e+01
3.878733e+13,3.405263e+01
6.462053e+13,6.161905e+01
5.365805e+13,3.489344e+01
1.619816e+13,7.899156e+01
1.925163e+13,7.899148e+01
1.065396e+14,5.261042e+01
3.630024e+14,8.000000e+01
1.219636e+15,8.000000e+01
5.270334e+13,5.146932e+01
1.217066e+13,7.899142e+01
2.856245e+13,7.898286e+01
1.929593e+13,7.899242e+01
2.083493e+14,8.000000e+01
3.519481e+13,3.381240e+01
3.574119e+13,3.729574e+01
1.150386e+14,6.167911e+01
1.585942e+13,7.899034e+01
1.630300e+13,7.899449e+01
2.281578e+13,7.898829e+01
1.173283e+13,7.899687e+01
3.995693e+13,4.468282e+01
4.185776e+13,2.984860e+01
1.875328e+13,7.897606e+01
1.114303e+14,7.945615e+01
1.114303e+14,7.945615e+01
5.283762e+13,3.633482e+01
2.240223e+13,7.899113e+01
2.482990e+13,2.690578e+01
1.602643e+13,7.899860e+01
1.195729e+14,8.000000e+01
1.502930e+13,7.899766e+01
2.198551e+14,5.633399e+01
7.335834e+13,6.792509e+01
7.844848e+13,7.290987e+01
7.844848e+13,7.290987e+01
1.086834e+13,7.899845e+01
3.432686e+13,7.898386e+01
9.049517e+13,7.897728e+01
3.835790e+13,7.899661e+01
1.769410e+14,7.092797e+01
1.769410e+14,7.092797e+01
1.120928e+15,5.092881e+01
8.043766e+14,8.000000e+01
8.043766e+14,8.000000e+01
2.782202e+13,7.847564e+01
4.602949e+13,3.315177e+01
2.594167e+13,2.900780e+01
4.006677e+14,8.000000e+01
4.006677e+14,8.000000e+01
2.320399e+13,7.896922e+01
2.386708e+13,7.899504e+01
5.450295e+13,3.663511e+01
1.683483e+13,7.898792e+01
5.712219e+13,4.660466e+01
4.416390e+13,2.099180e+01
2.388430e+13,7.896595e+01
3.847569e+13,4.999987e+00
1.157989e+14,8.000000e+01
9.932907e+12,7.899798e+01
2.997552e+13,2.612504e+01
2.096381e+13,7.885025e+01
6.857428e+13,5.516755e+01
2.768244e+13,2.624515e+01
1.868837e+13,7.887467e+01
1.606760e+14,5.711473e+01
1.697188e+13,7.802392e+01
2.129813e+13,7.899596e+01
8.600370e+12,7.899870e+01
1.294403e+16,8.000000e+01
2.283484e+13,2.414314e+01
5.075626e+13,3.471327e+01
2.024867e+13,7.899026e+01
3.199958e+13,3.050924e+01
1.313065e+13,7.897979e+01
1.833981e+13,7.899399e+01
3.655429e+13,2.540435e+01
5.823349e+13,3.765609e+01
1.731647e+14,7.044751e+01
4.264141e+14,6.444176e+01
7.427552e+13,4.149977e+01
1.610635e+13,4.998949e+00
1.007058e+14,4.486299e+01
1.006948e+14,6.149894e+01
3.845568e+13,3.038912e+01
1.732397e+13,7.891032e+01
1.430714e+18,8.000000e+01
1.430714e+18,8.000000e+01
8.449484e+12,7.899575e+01
1.919517e+13,2.210118e+01
2.447800e+13,2.450348e+01
1.291303e+13,7.443747e+01
2.430298e+13,2.318222e+01
3.333432e+13,3.110981e+01
3.915555e+13,4.270092e+01
1.651746e+13,7.899654e+01
7.678074e+13,6.426158e+01
2.809893e+13,2.834717e+01
3.226409e+13,2.924803e+01
1.839739e+13,7.898157e+01
1.152861e+13,7.898614e+01
1.968282e+13,7.899192e+01
9.309815e+12,7.899674e+01
3.858632e+13,3.327189e+01
9.117241e+13,4.999990e+00
9.117241e+13,4.999995e+00
2.228577e+13,5.783805e+01
2.426409e+13,7.898670e+01
1.911096e+14,8.000000e+01
5.231498e+13,5.170955e+01
1.684492e+13,7.897820e+01
1.874106e+13,7.899663e+01
1.876301e+13,7.917294e+01
5.979995e+13,5.000000e+00
5.979995e+13,5.000003e+00
1.018869e+13,7.899425e+01
1.084887e+14,5.279059e+01
6.620801e+13,6.288026e+01
9.528670e+13,6.155899e+01
1.130664e+14,4.642449e+01
2.604128e+13,7.898546e+01
4.457748e+13,3.219085e+01
1.468458e+13,7.898223e+01
1.797509e+13,7.899726e+01
5.234015e+14,6.732452e+01
1.635983e+13,7.891723e+01
4.921106e+13,3.110981e+01
3.077970e+13,2.870751e+01
4.887007e+13,4.342161e+01
1.230575e+13,7.896357e+01
3.140141e+13,3.122993e+01
1.007419e+13,5.481643e+01
8.503392e+13,3.585436e+01
1.420869e+13,7.899724e+01
1.360953e+13,7.898856e+01
3.190722e+13,2.918797e+01
1.499304e+13,7.898858e+01
2.094795e+13,2.360262e+01
7.228394e+13,3.525378e+01
1.981308e+13,3.300000e+01
8.893489e+13,6.011761e+01
1.691641e+14,8.000000e+01
1.691641e+14,8.000000e+01
4.614964e+13,4.672478e+01
3.043488e+13,2.696584e+01
1.726182e+13,7.899817e+01
5.311723e+13,5.945698e+01
1.799427e+13,7.894695e+01
2.983470e+13,2.654544e+01
3.742003e+14,6.149894e+01
6.146533e+13,3.741586e+01
6.233754e+13,5.555324e+01
4.669671e+14,8.000000e+01
4.669671e+14,8.000000e+01
2.578222e+13,7.899821e+01
7.831128e+13,8.000000e+01
1.541992e+14,5.098886e+01
1.738983e+13,7.899655e+01
3.357254e+13,4.998033e+00
1.364973e+13,7.899771e+01
1.247763e+14,4.558368e+01
7.560838e+13,4.720524e+01
4.323306e+13,3.603453e+01
4.842925e+13,7.896556e+01
2.398325e+13,7.899776e+01
1.135723e+13,4.999896e+00
7.835192e+13,6.059807e+01
1.234713e+14,4.492305e+01
6.176453e+13,5.103869e+01
3.940683e+14,8.000000e+01
3.940683e+14,8.000000e+01
3.168326e+13,3.291154e+01
2.953754e+14,8.000000e+01
6.613823e+13,4.666472e+01
2.976143e+13,7.886757e+01
1.279492e+14,7.284981e+01
1.151838e+14,8.000000e+01
1.308820e+13,7.899625e+01
3.504373e+13,3.183050e+01
1.240487e+14,4.660466e+01
1.012762e+14,5.297076e+01
7.678659e+13,8.000000e+01
7.678659e+13,8.000000e+01
2.262655e+14,8.000000e+01
2.262655e+14,8.000000e+01
4.854665e+13,5.663427e+01
7.607044e+13,3.279143e+01
1.238763e+13,7.899813e+01
6.154838e+13,1.700000e+01
7.200022e+13,4.017850e+01
2.047653e+13,7.898977e+01
1.774922e+13,2.502483e+01
3.496635e+13,4.999953e+00
7.815608e+13,5.885640e+01
4.286360e+13,2.876757e+01
7.044265e+13,4.999760e+00
1.613541e+14,4.690495e+01
1.730997e+13,7.897716e+01
1.416819e+13,4.999933e+00
5.496969e+13,7.392679e+01
1.363480e+14,6.636360e+01
1.014119e+14,8.000000e+01
5.588885e+13,6.810527e+01
1.157390e+13,7.898554e+01
3.009203e+13,7.923814e+01
1.700102e+13,7.894931e+01
1.532494e+13,7.899142e+01
4.299869e+13,2.996872e+01
2.516014e+13,2.636527e+01
2.374473e+13,7.896293e+01
2.062426e+13,4.997549e+00
2.791004e+13,5.000000e+00
2.407188e+13,7.897815e+01
6.354749e+13,4.306127e+01
2.125965e+14,5.231013e+01
1.758101e+13,7.899603e+01
7.621779e+16,8.000000e+01
9.691541e+12,7.899360e+01
1.005888e+14,8.000000e+01
1.005888e+14,8.000000e+01
1.302515e+13,7.899687e+01
2.996775e+13,4.999710e+00
2.228132e+13,7.898818e+01
2.645395e+14,7.146849e+01
5.527630e+13,3.309171e+01
1.395902e+14,8.000000e+01
7.576553e+13,4.999991e+00
7.576553e+13,5.000025e+00
7.576553e+13,7.899626e+01
2.385994e+13,7.899759e+01
7.887088e+14,8.000000e+01
1.751071e+13,7.899795e+01
1.683637e+14,6.384118e+01
1.683637e+14,6.384118e+01
1.594630e+13,7.899292e+01
1.644765e+14,8.000000e+01
2.841283e+13,2.762648e+01
4.990870e+13,4.900303e+01
1.910696e+13,7.898360e+01
3.009932e+14,8.000000e+01
5.992810e+13,5.321099e+01
5.729660e+13,5.603370e+01
5.729660e+13,5.000004e+00
6.046743e+13,5.104892e+01
4.729543e+13,5.000308e+00
1.432951e+14,8.000000e+01
1.754073e+13,7.899493e+01
2.293515e+13,6.040694e+01
8.848370e+13,5.243025e+01
1.507232e+15,8.000000e+01
8.805998e+13,8.000000e+01
8.805998e+13,8.000000e+01
9.620112e+13,6.215957e+01
1.267355e+14,3.098725e+01
4.608261e+13,4.642449e+01
1.325631e+14,4.540351e+01
1.510230e+14,5.705468e+01
2.428871e+14,8.000000e+01
2.428871e+14,8.000000e+01
1.499787e+14,6.606331e+01
1.175965e+14,7.369062e+01
3.487481e+13,7.898362e+01
9.746286e+13,4.666472e+01
3.752957e+13,7.899493e+01
2.894928e+13,4.999592e+00
5.869809e+13,5.000008e+00
5.869809e+13,5.000001e+00
3.570121e+14,6.023773e+01
1.807043e+13,7.306536e+01
6.442238e+13,5.483255e+01
2.243318e+13,7.894119e+01
3.099147e+13,2.750636e+01
1.781742e+13,7.896886e+01
1.283852e+13,7.899062e+01
1.214237e+13,7.899609e+01
1.960842e+13,7.899295e+01
7.758940e+13,5.026817e+01
1.826086e+13,7.899334e+01
7.358755e+13,5.212996e+01
3.414655e+13,2.846728e+01
1.159249e+13,7.899568e+01
2.475993e+14,8.000000e+01
2.475993e+14,8.000000e+01
2.192131e+13,7.904141e+01
6.702102e+13,4.180006e+01
1.356361e+14,7.345039e+01
1.188722e+14,6.948659e+01
4.477655e+14,8.000000e+01
4.477655e+14,8.000000e+01
3.667223e+13,3.183050e+01
1.689803e+14,8.000000e+01
1.689803e+14,8.000000e+01
9.969638e+13,6.312049e+01
2.140006e+13,7.899827e+01
2.068282e+13,7.897277e+01
2.179765e+13,7.898745e+01
9.553643e+13,8.000000e+01
2.725204e+14,7.939609e+01
3.514098e+14,5.873629e+01
1.656684e+13,7.893916e+01
1.809327e+13,7.898593e+01
1.808323e+13,7.897427e+01
6.427262e+13,3.363223e+01
2.186420e+13,7.899659e+01
2.615492e+13,2.099395e+01
1.413549e+13,7.898881e+01
1.841053e+13,7.898714e+01
3.261963e+13,3.285148e+01
1.216694e+14,8.000000e+01
1.890779e+13,7.899276e+01
1.567186e+13,7.899660e+01
4.496101e+13,3.597448e+01
1.457547e+14,5.116904e+01
1.488950e+13,7.898743e+01
1.408207e+14,4.984777e+01
6.016509e+13,3.801643e+01
1.113490e+13,7.899151e+01
6.379633e+14,8.000000e+01
6.379633e+14,8.000000e+01
6.379633e+14,8.000000e+01
1.136233e+14,6.185928e+01
3.832849e+13,2.804688e+01
1.228301e+13,7.898923e+01
3.114656e+13,2.972849e+01
1.761599e+13,7.898706e+01
7.026037e+13,3.897735e+01
2.402054e+13,2.468366e+01
1.275036e+14,5.020812e+01
1.280502e+13,7.898976e+01
6.869715e+13,4.672478e+01
1.804756e+13,7.899065e+01
4.143336e+13,3.471327e+01
8.689752e+14,8.000000e+01
4.273788e+13,3.615465e+01
5.440251e+14,8.000000e+01
5.440251e+14,8.000000e+01
5.440251e+14,8.000000e+01
3.540151e+13,7.895141e+01
3.141876e+13,2.816699e+01
3.373782e+13,2.960837e+01
1.523305e+13,7.872494e+01
1.004969e+13,7.899721e+01
4.159994e+13,7.891310e+01
3.288065e+14,6.396130e+01
2.817198e+13,7.899516e+01
2.178507e+13,7.886349e+01
2.588771e+14,8.000000e+01
1.115450e+13,3.906447e+01
2.152184e+13,2.059974e+01
1.679403e+13,7.896751e+01
9.538903e+13,4.342161e+01
3.658413e+14,8.000000e+01
3.658413e+14,8.000000e+01
2.079825e+13,7.899865e+01
2.290325e+14,8.000000e+01
9.891369e+12,7.899761e+01
3.796212e+13,4.999215e+00
1.190719e+13,7.899805e+01
1.297786e+13,7.899888e+01
1.391146e+13,7.899722e+01
6.536412e+14,8.000000e+01
9.906114e+13,4.768570e+01
1.171849e+14,8.000000e+01
1.171849e+14,8.000000e+01
1.735066e+13,7.898973e+01
1.021360e+13,7.898834e+01
9.100262e+12,7.899733e+01
5.399064e+13,4.005839e+01
2.888685e+13,3.243108e+01
2.733259e+13,7.899707e+01
8.165833e+13,5.651416e+01
1.730370e+13,7.899507e+01
1.055246e+13,1.899582e+01
1.677653e+17,8.000000e+01
1.677653e+17,8.000000e+01
1.874514e+13,7.899094e+01
3.978957e+13,5.140927e+01
2.126381e+13,4.428528e+01
1.673413e+13,7.898331e+01
7.515611e+13,4.372190e+01
2.945566e+13,7.897983e+01
1.174051e+13,2.103209e+01
1.218483e+13,7.896750e+01
6.988192e+14,7.849522e+01
5.448147e+13,5.000000e+00
3.253730e+13,3.116987e+01
2.907006e+13,7.133331e+01
1.406653e+14,7.939609e+01
1.406653e+14,7.939609e+01
4.697606e+14,8.000000e+01
4.697606e+14,8.000000e+01
1.464430e+13,7.899674e+01
1.588155e+13,7.893607e+01
1.845699e+13,7.890587e+01
2.545481e+14,6.570297e+01
3.134267e+14,8.000000e+01
3.134267e+14,8.000000e+01
3.667745e+13,2.900780e+01
1.843477e+14,5.297076e+01
7.315378e+13,5.957709e+01
7.688858e+13,4.999885e+00
2.961006e+13,3.147016e+01
2.908433e+13,7.899165e+01
4.985913e+13,3.933770e+01
2.068098e+13,7.899300e+01
2.811804e+13,2.366268e+01
7.192078e+13,4.690495e+01
8.207092e+13,5.122909e+01
1.650915e+14,6.059807e+01
3.442636e+13,2.708596e+01
9.287743e+12,7.899611e+01
6.650125e+13,7.896340e+01
2.018543e+14,8.000000e+01
3.383343e+13,7.898703e+01
4.903954e+13,7.899860e+01
3.226322e+13,7.897919e+01
1.363765e+13,7.897813e+01
9.536955e+13,5.315094e+01
2.078713e+13,7.912036e+01
2.084702e+13,7.897019e+01
9.247488e+14,8.000000e+01
2.512071e+13,7.899752e+01
2.802152e+13,2.594486e+01
1.090500e+13,4.999829e+00
2.090260e+13,7.898898e+01
1.609046e+13,7.899734e+01
7.437044e+13,4.774576e+01
2.094805e+13,7.899024e+01
4.858833e+13,4.570380e+01
5.034403e+13,3.026901e+01
2.541995e+13,3.014889e+01
6.491885e+13,3.609459e+01
2.394989e+14,6.540268e+01
5.162324e+13,5.000004e+00
5.162324e+13,7.899479e+01
1.142774e+14,7.861534e+01
1.184008e+13,7.898508e+01
1.344563e+13,7.899662e+01
9.958252e+12,7.899796e+01
4.115059e+13,3.729574e+01
1.235434e+14,7.375068e+01
2.160746e+21,8.000000e+01
2.160746e+21,8.000000e+01
2.160746e+21,8.000000e+01
2.160746e+21,8.000000e+01
2.160746e+21,8.000000e+01
2.160746e+21,8.000000e+01
2.160746e+21,8.000000e+01
2.250405e+13,7.898720e+01
6.027180e+13,3.549402e+01
1.322379e+13,4.999816e+00
6.148206e+13,5.531301e+01
6.293929e+13,5.237019e+01
4.533965e+13,3.513367e+01
9.358423e+13,7.254953e+01
2.947671e+13,7.899826e+01
3.572023e+13,7.852445e+01
1.527492e+13,7.899665e+01
1.100053e+14,4.630437e+01
9.587985e+14,8.000000e+01
4.947069e+13,4.276098e+01
7.078479e+13,6.143888e+01
2.345515e+13,4.999802e+00
2.141158e+13,7.899090e+01
1.620138e+13,7.899401e+01
2.196975e+13,7.899373e+01
3.937078e+13,3.699545e+01
1.543571e+14,5.026817e+01
1.598630e+13,7.899747e+01
7.249055e+13,3.921758e+01
1.647344e+14,8.000000e+01
1.602752e+13,7.899832e+01
3.880009e+13,7.943674e+01
8.565121e+13,8.000000e+01
6.908989e+13,4.870668e+01
2.198461e+13,7.899861e+01
6.527909e+13,5.339117e+01
1.875825e+13,7.908300e+01
1.138688e+14,5.000088e+00
1.138688e+14,7.896751e+01
2.092698e+13,7.898994e+01
5.751967e+13,3.231096e+01
9.065847e+13,3.909747e+01
8.850198e+12,7.899741e+01
2.061120e+13,7.899213e+01
1.174457e+13,2.300000e+01
6.943356e+13,3.855695e+01
2.914618e+13,3.122993e+01
1.100179e+13,7.899760e+01
4.124756e+13,4.756558e+01
4.124756e+13,4.999981e+00
3.576172e+13,2.660550e+01
1.264808e+13,7.899447e+01
6.448293e+13,4.456271e+01
5.888531e+13,4.846645e+01
6.734792e+13,3.813655e+01
1.319827e+13,7.899344e+01
2.153110e+13,7.899082e+01
9.274991e+13,8.000000e+01
1.500066e+13,7.899673e+01
2.903555e+13,2.816699e+01
7.518958e+13,7.423114e+01
2.587992e+13,2.678567e+01
2.499968e+13,2.444342e+01
1.676388e+13,7.898966e+01
1.598260e+13,7.899697e+01
1.223626e+13,7.898192e+01
5.260335e+13,3.453309e+01
2.404712e+14,8.000000e+01
1.864354e+14,8.000000e+01
1.864354e+14,4.541450e+01
3.305552e+14,5.351128e+01
3.681667e+13,2.858740e+01
1.046495e+14,6.948659e+01
6.758013e+13,7.531217e+01
6.758013e+13,7.531217e+01
1.713993e+14,5.435209e+01
3.164930e+13,3.122993e+01
2.991613e+13,2.702590e+01
2.240972e+13,4.998820e+00
4.059625e+13,4.222046e+01
6.809565e+14,8.000000e+01
5.696317e+13,7.899840e+01
2.293154e+13,7.918979e+01
1.147518e+13,7.895487e+01
4.398929e+13,2.882763e+01
4.307107e+13,4.999748e+00
1.876220e+13,7.899525e+01
2.932665e+13,3.219085e+01
8.595653e+13,4.978771e+01
7.955733e+13,4.900696e+01
3.583287e+13,7.899819e+01
5.386378e+13,4.546357e+01
2.191650e+13,7.899618e+01
9.128488e+14,8.000000e+01
1.376059e+13,7.889825e+01
2.765090e+13,2.576469e+01
1.224299e+13,7.870889e+01
2.604275e+13,2.558452e+01
6.730087e+13,5.921675e+01
6.730087e+13,5.921675e+01
3.348622e+13,3.500000e+01
2.511342e+13,5.531448e+01
1.809901e+19,8.000000e+01
1.809901e+19,8.000000e+01
2.323547e+13,7.899731e+01
1.286134e+14,4.504317e+01
2.118256e+13,7.910816e+01
1.061058e+14,4.999992e+00
1.112401e+14,5.000017e+00
1.112401e+14,7.899570e+01
1.112401e+14,8.000000e+01
1.636866e+14,8.000000e+01
1.636866e+14,8.000000e+01
1.904840e+13,7.899280e+01
1.089312e+14,6.714435e+01
1.589963e+13,7.898395e+01
2.356887e+13,7.897444e+01
1.534164e+13,7.897724e+01
3.586237e+13,3.735580e+01
8.470985e+13,4.228052e+01
9.247515e+12,7.899747e+01
1.135160e+13,7.899082e+01
1.615743e+14,8.000000e+01
1.987258e+14,8.000000e+01
3.156768e+13,7.899623e+01
1.055592e+14,7.008717e+01
6.014861e+13,3.987822e+01
8.013455e+13,3.495350e+01
2.076636e+15,8.000000e+01
9.057456e+13,8.000000e+01
4.875294e+13,4.492305e+01
5.112050e+13,4.912708e+01
1.014826e+14,6.930642e+01
1.014826e+14,6.930642e+01
1.835626e+13,5.000000e+00
8.923270e+12,7.899455e+01
3.058358e+14,8.000000e+01
2.193963e+13,7.899750e+01
1.074729e+13,7.898768e+01
8.360220e+13,8.000000e+01
1.677594e+13,7.899177e+01
1.334598e+13,7.899337e+01
1.897764e+13,2.156066e+01
1.700400e+13,5.000000e+00
4.724092e+13,4.222046e+01
4.907159e+13,3.885724e+01
4.933539e+13,3.309171e+01
1.712689e+13,7.898321e+01
4.549441e+13,7.899011e+01
5.531689e+13,7.899667e+01
7.094192e+13,3.831672e+01
4.047874e+13,3.585436e+01
3.816026e+14,8.000000e+01
2.238834e+14,8.000000e+01
2.575563e+13,2.792676e+01
1.310316e+14,7.771448e+01
2.179808e+14,8.000000e+01
5.363253e+13,5.068858e+01
2.140693e+14,8.000000e+01
7.571543e+13,4.678484e+01
1.185851e+14,8.000000e+01
1.185851e+14,8.000000e+01
1.465489e+13,4.999536e+00
2.189453e+13,7.201266e+01
1.998855e+13,1.900000e+01
3.883597e+13,2.822705e+01
1.684079e+13,7.899420e+01
5.772122e+14,7.609292e+01
3.041209e+13,7.891091e+01
6.788812e+13,5.122909e+01
1.939798e+13,7.898518e+01
6.557237e+13,3.717563e+01
3.754319e+14,8.000000e+01
3.754319e+14,8.000000e+01
1.949931e+13,7.897565e+01
2.494298e+14,8.000000e+01
2.494298e+14,8.000000e+01
3.862542e+13,3.663511e+01
1.452586e+13,7.898745e+01
2.026341e+13,2.330233e+01
2.422115e+13,2.630521e+01
6.077723e+13,3.861701e+01
2.230163e+14,8.000000e+01
4.798934e+13,7.899790e+01
1.524017e+13,6.907673e+01
6.354317e+13,4.011845e+01
2.876195e+13,7.897670e+01
8.151044e+13,7.435125e+01
2.798598e+14,6.780498e+01
2.844530e+13,2.870751e+01
4.637200e+13,7.895866e+01
3.389090e+13,3.243108e+01
1.631685e+13,7.897195e+01
4.992874e+14,6.143888e+01
2.659254e+13,2.840722e+01
2.139895e+13,2.498394e+01
6.304026e+13,3.387246e+01
9.445673e+12,7.899800e+01
1.005416e+13,7.899788e+01
3.944450e+13,3.915753e+01
2.254882e+13,4.999941e+00
3.596613e+13,3.225091e+01
2.334559e+13,2.582475e+01
1.084793e+13,7.899612e+01
1.272711e+13,7.899833e+01
5.241373e+13,4.576386e+01
2.469104e+14,6.324061e+01
1.715742e+15,8.000000e+01
3.223089e+13,7.893712e+01
6.402242e+13,6.264003e+01
1.274378e+13,7.899815e+01
1.661704e+13,7.898717e+01
2.649864e+13,5.000726e+00
2.796989e+13,3.165033e+01
2.424420e+13,7.899449e+01
1.456256e+14,7.236935e+01
5.595146e+13,3.957793e+01
1.959229e+13,7.894798e+01
4.339155e+13,7.896632e+01
8.458154e+13,7.898282e+01
2.691308e+13,2.600492e+01
2.053879e+13,7.899431e+01
2.795273e+13,2.960837e+01
8.969040e+13,8.000000e+01
1.087023e+13,6.460661e+01
1.213576e+13,7.899642e+01
2.249852e+13,7.899285e+01
3.403114e+13,7.898303e+01
3.865514e+13,6.999500e+00
1.402480e+13,7.896512e+01
8.440981e+12,7.898790e+01
1.258814e+13,7.898403e+01
1.021291e+13,7.899079e+01
1.284694e+13,7.899328e+01
1.321512e+13,7.899752e+01
3.624795e+13,4.999472e+00
1.825861e+14,7.831505e+01
3.448716e+14,5.621387e+01
1.435092e+14,6.714435e+01
3.159771e+13,3.603453e+01
1.554677e+13,7.899630e+01
2.800638e+13,3.291154e+01
1.271779e+13,7.899700e+01
3.869680e+13,4.999866e+00
1.237150e+13,7.899064e+01
9.853883e+13,3.993827e+01
9.544601e+12,7.899840e+01
1.707787e+15,7.879551e+01
1.723684e+13,7.899494e+01
4.943550e+13,3.225091e+01
3.755601e+13,4.999130e+00
1.399219e+14,8.000000e+01
4.495390e+13,4.065896e+01
2.036940e+13,7.899156e+01
1.604335e+14,5.801560e+01
2.312554e+13,2.438337e+01
2.089350e+14,8.000000e+01
9.107063e+14,7.272970e+01
1.611944e+13,7.899193e+01
5.050215e+13,4.876673e+01
1.029239e+13,7.899847e+01
1.473873e+13,7.898849e+01
2.898314e+13,3.213079e+01
1.292717e+13,7.899590e+01
6.521130e+13,4.672478e+01
1.865240e+13,7.895101e+01
1.689873e+13,5.094651e+01
2.182530e+13,7.797308e+01
3.169888e+13,2.564458e+01
6.968491e+13,4.300121e+01
4.229915e+16,8.000000e+01
1.115534e+14,8.000000e+01
1.293506e+13,7.899823e+01
1.971872e+13,7.899625e+01
2.332348e+13,5.215066e+01
6.934386e+13,4.258081e+01
7.663724e+14,8.000000e+01
4.645628e+13,3.183050e+01
8.727634e+13,3.249114e+01
2.700429e+13,3.032907e+01
1.640121e+13,7.899450e+01
3.402495e+14,8.000000e+01
1.535201e+14,8.000000e+01
1.827707e+13,7.892052e+01
9.754108e+12,7.899152e+01
1.073880e+13,7.899676e+01
2.970566e+13,7.895579e+01
6.847141e+13,3.645494e+01
4.411717e+13,6.300038e+01
1.370184e+14,4.258081e+01
1.457219e+13,7.905702e+01
9.279837e+13,4.198023e+01
4.375494e+14,8.000000e+01
1.867411e+13,7.899579e+01
6.100739e+13,6.558285e+01
2.243911e+13,2.642532e+01
1.943564e+13,7.899371e+01
2.086428e+14,8.000000e+01
1.225838e+13,4.999560e+00
1.085536e+15,8.000000e+01
1.085536e+15,8.000000e+01
3.527655e+14,5.639404e+01
1.318064e+13,7.899856e+01
1.612790e+13,7.899115e+01
2.368005e+13,2.540435e+01
1.885784e+14,8.000000e+01
1.404677e+14,7.128832e+01
1.155000e+13,5.000000e+00
1.517068e+13,4.999675e+00
1.190816e+15,8.000000e+01
3.538068e+14,7.284981e+01
3.378590e+13,3.026901e+01
2.024454e+14,8.000000e+01
4.540001e+13,7.899831e+01
6.641204e+13,6.065813e+01
1.067446e+14,6.822538e+01
1.660136e+13,7.899025e+01
8.408232e+13,4.258081e+01
2.639210e+13,7.894878e+01
3.515668e+13,3.507361e+01
3.139354e+15,8.000000e+01
2.943969e+13,2.786671e+01
5.265815e+13,4.240063e+01
1.293279e+14,6.264003e+01
4.912201e+15,7.242941e+01
2.027348e+13,7.899399e+01
9.382761e+12,7.899846e+01
1.986490e+14,7.831505e+01
1.986490e+14,7.831505e+01
1.822691e+13,7.898779e+01
5.750565e+13,4.342161e+01
6.163628e+13,4.330150e+01
2.621524e+13,4.999860e+00
2.503715e+14,8.000000e+01
2.246529e+13,7.899581e+01
2.597898e+13,2.408308e+01
3.524939e+14,8.000000e+01
2.649128e+14,8.000000e+01
2.415685e+14,3.096887e+01
1.356956e+14,8.000000e+01
7.971743e+13,8.000000e+01
3.528716e+14,8.000000e+01
3.528716e+14,8.000000e+01
1.496348e+13,7.899798e+01
3.183908e+14,8.000000e+01
3.183908e+14,8.000000e+01
3.183908e+14,8.000000e+01
4.624454e+13,4.999710e+00
1.619116e+14,7.627309e+01
2.236492e+13,2.552446e+01
1.160251e+13,5.672395e+01
5.996474e+13,3.723568e+01
1.307177e+14,8.000000e+01
1.332310e+15,7.783459e+01
1.088687e+14,8.000000e+01
1.088687e+14,8.000000e+01
1.531288e+13,7.899561e+01
1.625630e+13,4.999621e+00
6.827174e+13,3.939776e+01
4.390051e+13,3.585436e+01
1.089997e+14,6.888602e+01
4.562341e+13,5.056846e+01
1.131136e+14,4.999900e+00
1.390876e+13,4.998999e+00
7.099220e+13,7.899265e+01
1.347380e+13,3.908651e+01
1.417029e+14,8.000000e+01
1.417029e+14,8.000000e+01
2.324533e+14,6.888602e+01
5.835962e+13,4.882679e+01
1.205228e+14,6.264003e+01
2.638339e+13,7.898588e+01
2.975216e+13,2.684573e+01
4.637993e+13,4.029862e+01
1.192084e+13,7.893334e+01
1.665987e+13,7.890491e+01
1.190347e+13,7.899415e+01
6.072767e+13,7.899702e+01
7.340821e+13,7.916579e+01
1.959364e+13,7.899372e+01
2.519419e+13,2.564458e+01
1.961554e+13,7.913611e+01
4.018383e+13,3.195062e+01
2.698591e+13,2.972849e+01
1.346589e+13,7.899533e+01
1.663986e+13,6.248466e+01
4.197889e+13,3.621471e+01
8.721027e+13,4.582391e+01
4.379324e+13,3.537390e+01
2.385225e+13,7.894024e+01
1.249961e+13,7.899767e+01
6.933605e+13,4.762564e+01
3.315746e+13,7.899176e+01
1.150584e+13,7.899497e+01
1.213648e+13,7.899712e+01
1.575214e+13,7.899273e+01
1.038744e+13,7.899831e+01
5.812381e+13,4.999769e+00
8.644487e+12,7.899768e+01
1.464830e+14,2.700000e+01
8.114853e+13,5.585353e+01
1.472675e+14,5.957709e+01
7.303939e+13,5.453226e+01
2.112010e+13,7.899763e+01
2.245144e+13,7.899444e+01
2.336822e+13,7.874631e+01
4.397850e+13,3.405263e+01
2.414974e+13,7.898075e+01
6.980976e+13,2.499266e+01
1.362188e+13,7.899425e+01
2.837561e+14,7.729407e+01
4.187080e+13,3.298357e+01
3.896673e+13,7.899795e+01
6.330262e+13,2.100000e+01
1.769560e+13,7.896563e+01
5.249641e+13,3.849689e+01
1.722583e+13,7.898963e+01
4.473351e+13,3.243108e+01
2.912557e+15,8.000000e+01
2.912557e+15,8.000000e+01
4.923526e+13,3.837678e+01
1.173429e+14,4.558368e+01
2.141650e+13,4.999396e+00
3.969569e+13,4.570380e+01
3.811087e+13,3.321183e+01
1.737032e+13,7.892459e+01
1.592165e+13,7.894589e+01
8.647367e+12,7.899403e+01
4.117545e+13,3.189056e+01
1.752249e+14,5.255036e+01
2.150507e+14,2.893701e+01
2.800075e+13,7.895955e+01
4.926110e+13,3.741586e+01
6.390541e+13,5.795554e+01
6.390541e+13,5.795554e+01
1.052041e+13,7.881568e+01
1.271151e+14,8.000000e+01
1.271151e+14,8.000000e+01
1.267053e+13,7.899266e+01
1.499555e+13,7.899564e+01
1.727408e+13,4.999838e+00
6.335684e+14,8.000000e+01
6.335684e+14,8.000000e+01
6.335684e+14,8.000000e+01
2.281791e+14,8.000000e+01
7.190032e+13,3.651499e+01
3.780011e+13,7.894369e+01
1.044247e+14,7.194895e+01
2.946154e+14,8.000000e+01
3.005506e+14,8.000000e+01
3.005506e+14,8.000000e+01
1.831391e+13,7.899209e+01
3.053825e+13,7.898990e+01
2.946513e+14,8.000000e+01
2.946513e+14,8.000000e+01
1.028217e+13,4.887048e+01
2.825004e+13,3.141010e+01
5.715136e+13,7.899441e+01
9.520310e+13,5.513284e+01
5.408971e+13,7.899312e+01
8.635447e+13,5.447220e+01
1.925293e+13,7.897637e+01
3.156274e+13,3.153022e+01
3.783931e+13,7.897273e+01
4.315233e+14,8.000000e+01
2.086022e+13,7.896976e+01
2.753689e+13,7.896066e+01
1.179354e+14,6.864579e+01
2.956063e+13,3.225091e+01
3.621287e+13,3.086958e+01
9.152263e+13,4.996789e+01
1.076786e+13,7.898398e+01
5.678635e+13,3.207073e+01
4.970945e+13,7.900000e+01
1.428491e+14,7.170872e+01
3.828504e+13,3.741586e+01
4.181375e+13,3.104976e+01
3.036793e+13,3.639488e+01
9.363923e+13,8.000000e+01
9.363923e+13,8.000000e+01
3.825919e+13,3.291154e+01
4.953547e+13,3.579430e+01
1.542325e+13,7.898570e+01
1.215454e+13,7.899424e+01
6.818706e+13,3.687534e+01
6.285570e+13,6.426158e+01
3.967007e+14,8.000000e+01
3.967007e+14,8.000000e+01
1.704234e+13,7.899807e+01
4.869655e+13,4.294115e+01
2.054130e+13,7.897821e+01
1.794721e+13,7.899165e+01
2.510398e+13,7.898981e+01
2.912529e+13,3.098970e+01
6.919707e+13,4.660466e+01
2.305024e+13,7.899641e+01
4.066926e+13,3.873712e+01
2.191839e+14,5.074863e+01
3.214843e+13,2.966843e+01
1.489198e+14,6.035784e+01
9.908079e+12,7.895626e+01
1.741101e+14,8.000000e+01
1.682973e+14,5.801560e+01
8.596834e+13,5.519289e+01
4.121633e+13,3.038912e+01
4.645967e+13,3.717563e+01
3.915032e+13,3.951787e+01
3.107986e+13,2.702590e+01
9.326179e+13,4.204029e+01
1.129483e+13,7.898936e+01
1.512539e+13,7.898940e+01
9.364698e+13,7.898592e+01
4.015195e+13,2.990866e+01
1.117459e+14,5.711473e+01
1.092923e+13,7.898590e+01
2.989870e+13,3.795637e+01
1.444547e+13,7.895712e+01
1.991772e+14,5.435209e+01
1.139222e+14,8.000000e+01
2.680439e+13,7.899208e+01
5.136542e+13,7.898023e+01
4.320816e+14,5.897652e+01
1.283909e+14,8.000000e+01
3.166499e+14,8.000000e+01
3.166499e+14,8.000000e+01
1.427812e+13,7.899567e+01
1.696511e+13,4.294155e+01
2.066723e+13,7.899692e+01
3.169497e+13,2.840722e+01
5.465804e+13,3.483338e+01
1.886877e+13,7.899147e+01
7.685826e+13,6.083830e+01
1.350914e+13,7.895090e+01
4.389023e+13,7.897639e+01
1.058668e+13,4.088797e+01
4.318805e+13,4.999930e+00
3.742574e+13,3.597448e+01
1.376473e+14,8.000000e+01
1.376473e+14,8.000000e+01
1.741516e+13,7.898729e+01
1.502007e+13,4.497534e+01
4.248793e+13,3.537390e+01
2.570159e+13,7.423317e+01
5.271304e+16,8.000000e+01
1.644317e+14,8.000000e+01
5.221301e+13,7.886026e+01
1.044445e+13,7.899622e+01
1.311731e+13,7.898817e+01
2.981341e+14,8.000000e+01
2.981341e+14,8.000000e+01
2.981341e+14,8.000000e+01
1.403557e+13,7.898227e+01
1.990457e+13,7.897764e+01
4.128698e+13,3.435292e+01
8.517821e+13,4.498311e+01
9.922541e+12,7.899799e+01
2.620668e+14,6.900613e+01
7.305642e+13,3.855695e+01
9.563325e+12,7.899803e+01
2.380644e+14,8.000000e+01
2.380644e+14,8.000000e+01
2.380644e+14,8.000000e+01
1.393071e+13,7.899887e+01
2.552440e+13,3.513367e+01
1.558442e+13,7.899362e+01
4.730528e+13,3.957793e+01
8.522350e+13,4.999950e+00
3.316834e+13,4.999981e+00
3.277018e+13,7.899786e+01
4.262331e+13,3.171039e+01
3.724931e+13,3.951787e+01
6.177393e+13,5.357134e+01
1.136976e+14,4.810610e+01
2.171066e+13,7.897011e+01
1.460126e+13,7.899525e+01
1.675730e+13,7.899139e+01
1.536438e+14,5.429203e+01
2.569366e+13,2.414314e+01
8.422498e+13,4.492305e+01
7.275516e+13,4.486299e+01
2.699800e+13,2.894774e+01
1.568793e+13,7.898299e+01
7.184899e+14,8.000000e+01
2.165339e+13,7.899277e+01
2.576887e+13,7.899675e+01
3.399315e+13,7.896793e+01
1.966288e+13,7.899629e+01
3.788627e+13,3.086958e+01
1.139303e+14,4.648455e+01
3.219363e+13,2.534429e+01
1.316624e+13,7.899598e+01
4.305221e+13,5.000015e+00
4.118445e+13,3.879718e+01
2.053349e+14,6.702423e+01
2.749856e+18,8.000000e+01
2.749856e+18,8.000000e+01
2.749856e+18,8.000000e+01
2.749856e+18,8.000000e+01
2.583545e+13,2.420319e+01
2.478978e+13,7.899814e+01
6.080427e+13,6.324061e+01
4.920732e+13,3.097354e+01
2.579538e+13,7.897358e+01
1.731033e+13,4.998347e+00
3.090220e+13,2.720607e+01
1.345002e+13,4.695177e+01
1.151035e+13,7.898416e+01
1.888809e+13,1.447387e+01
1.397566e+13,7.897615e+01
3.962014e+13,3.627476e+01
2.942089e+14,7.699379e+01
8.186641e+13,5.128915e+01
3.527856e+13,4.204029e+01
3.934171e+13,3.092964e+01
9.097742e+12,7.899435e+01
2.817683e+13,6.495403e+01
3.595048e+14,6.366101e+01
9.844146e+13,4.222046e+01
2.532078e+13,7.899456e+01
9.703379e+13,5.092881e+01
2.196108e+14,6.251991e+01
2.548491e+13,7.925361e+01
2.125958e+13,1.497705e+01
1.652092e+13,7.899467e+01
1.273450e+15,8.000000e+01
5.924409e+13,3.867707e+01
3.443814e+13,7.891114e+01
4.076237e+14,8.000000e+01
4.076237e+14,8.000000e+01
5.344509e+14,8.000000e+01
5.344509e+14,8.000000e+01
1.283723e+13,7.899572e+01
8.315281e+13,8.000000e+01
8.315281e+13,8.000000e+01
1.393037e+14,3.667985e+01
8.954927e+13,5.399174e+01
3.953384e+13,3.489344e+01
1.980226e+13,7.894503e+01
1.605624e+13,7.899421e+01
2.098262e+13,7.899682e+01
8.127563e+12,7.896829e+01
2.931622e+14,8.000000e+01
6.886655e+13,3.927764e+01
1.867058e+14,7.513200e+01
1.867058e+14,7.513200e+01
1.956540e+13,7.898945e+01
1.156885e+13,7.899417e+01
2.759917e+13,2.516412e+01
1.445189e+13,7.896015e+01
1.534669e+14,6.636360e+01
3.731498e+13,3.002878e+01
2.073118e+13,7.897864e+01
1.607418e+13,5.109343e+01
1.412926e+13,5.000000e+00
6.584645e+13,4.948743e+01
1.298052e+13,7.899696e+01
4.887537e+13,3.225091e+01
1.258561e+13,7.899582e+01
7.438594e+13,6.780498e+01
1.646572e+13,1.699333e+01
3.206189e+13,2.846728e+01
3.410775e+13,3.375235e+01
3.116909e+13,3.219085e+01
1.754430e+13,7.899365e+01
1.572590e+13,7.899775e+01
1.627742e+14,6.468199e+01
8.204999e+13,4.660466e+01
4.580569e+13,3.987822e+01
7.838279e+13,7.897691e+01
1.066988e+14,8.000000e+01
3.724640e+13,3.837678e+01
1.930853e+13,2.192101e+01
9.693520e+13,6.780498e+01
9.693520e+13,6.780498e+01
3.965924e+13,7.899662e+01
3.122403e+13,3.122993e+01
2.232188e+14,8.000000e+01
2.232188e+14,8.000000e+01
1.489739e+14,8.000000e+01
1.489739e+14,8.000000e+01
1.563336e+13,7.899371e+01
1.908241e+13,7.899808e+01
4.984006e+13,3.891730e+01
1.016858e+16,6.774492e+01
9.897480e+12,7.899805e+01
1.088380e+13,7.899812e+01
1.450746e+14,5.026817e+01
9.276533e+13,8.000000e+01
2.278510e+13,7.892580e+01
9.300964e+14,8.000000e+01
9.300964e+14,8.000000e+01
8.804565e+19,8.000000e+01
8.804565e+19,8.000000e+01
8.804565e+19,8.000000e+01
9.314268e+13,6.161905e+01
1.132107e+14,7.615298e+01
2.578500e+14,8.000000e+01
5.561502e+14,8.000000e+01
6.963718e+13,5.825583e+01
6.851367e+13,5.194979e+01
1.270504e+14,8.000000e+01
1.270504e+14,8.000000e+01
7.420437e+13,8.000000e+01
7.420437e+13,8.000000e+01
1.406252e+14,5.891646e+01
5.253847e+13,5.375151e+01
1.503175e+13,7.898846e+01
1.473510e+14,5.909663e+01
4.380039e+13,3.777620e+01
3.699939e+13,3.116987e+01
2.694031e+13,2.840722e+01
3.700082e+13,7.884738e+01
1.515603e+13,7.898727e+01
1.306490e+13,7.898590e+01
1.477675e+14,6.270009e+01
1.519796e+14,8.000000e+01
2.308813e+13,7.895567e+01
2.229486e+14,5.909663e+01
5.112748e+13,5.158944e+01
7.918962e+13,6.612337e+01
5.590840e+13,3.741586e+01
5.512233e+13,4.498311e+01
4.887848e+13,4.318138e+01
2.725826e+14,4.660466e+01
1.562905e+13,4.999677e+00
6.333393e+13,4.240063e+01
1.860887e+14,4.978771e+01
2.251615e+15,6.522250e+01
1.299779e+14,6.864579e+01
2.981670e+13,7.896171e+01
6.227195e+13,3.843684e+01
4.592927e+13,4.125954e+01
4.225982e+13,3.981816e+01
1.080111e+14,5.735497e+01
1.799115e+13,7.899723e+01
5.468975e+13,3.711557e+01
8.726879e+13,4.342161e+01
7.401493e+13,5.675439e+01
7.952787e+13,7.369062e+01
1.032822e+14,4.270092e+01
7.113019e+13,4.276098e+01
2.333448e+13,2.576469e+01
5.753893e+13,4.204029e+01
2.099822e+13,1.777704e+01
4.215074e+13,3.489344e+01
3.476359e+13,3.729574e+01
6.727914e+13,4.588397e+01
2.620141e+13,2.306210e+01
9.318355e+12,7.899087e+01
2.243569e+14,8.000000e+01
2.243569e+14,8.000000e+01
4.350073e+14,8.000000e+01
4.350073e+14,8.000000e+01
4.350073e+14,8.000000e+01
1.461022e+13,7.899483e+01
1.638647e+14,8.000000e+01
3.609413e+13,2.942820e+01
1.805553e+13,2.500694e+01
1.257785e+13,7.899505e+01
1.622767e+13,2.699218e+01
1.251320e+13,7.899466e+01
5.117620e+13,5.585353e+01
7.315167e+13,7.567252e+01
1.396553e+13,7.894631e+01
6.678410e+14,8.000000e+01
3.420460e+14,8.000000e+01
2.284121e+13,2.402302e+01
1.155378e+13,7.899782e+01
4.674624e+13,5.525295e+01
3.336783e+13,3.519373e+01
6.388121e+13,7.893406e+01
1.356492e+13,7.899561e+01
6.453440e+13,5.969721e+01
5.207699e+13,4.041873e+01
1.529251e+13,7.898279e+01
1.882009e+14,6.294032e+01
9.353267e+15,8.000000e+01
9.353267e+15,8.000000e+01
4.922235e+13,3.321183e+01
3.695453e+13,7.899377e+01
8.109631e+14,7.567252e+01
2.684217e+13,3.014889e+01
2.374135e+13,7.898806e+01
1.635227e+13,7.897141e+01
5.163673e+13,2.666555e+01
6.159540e+13,7.899693e+01
1.490080e+14,8.000000e+01
1.350319e+14,8.000000e+01
1.350319e+14,8.000000e+01
8.052055e+13,4.216040e+01
3.988471e+13,3.507361e+01
9.577097e+14,8.000000e+01
2.851751e+13,7.897314e+01
1.602061e+13,7.899690e+01
4.905372e+13,4.999976e+00
4.905372e+13,5.000001e+00
4.526963e+13,7.899168e+01
4.312907e+13,7.899388e+01
1.325702e+14,8.000000e+01
1.325702e+14,8.000000e+01
1.009575e+13,7.899825e+01
5.033987e+13,4.071902e+01
3.062173e+13,3.159027e+01
2.095108e+13,2.468366e+01
1.389834e+14,8.000000e+01
1.519711e+13,3.492863e+01
4.015719e+13,3.345206e+01
3.191789e+13,3.171039e+01
8.662161e+13,6.390124e+01
4.880659e+13,3.327189e+01
3.291497e+14,8.000000e+01
4.009974e+13,3.393252e+01
1.364429e+13,4.999600e+00
7.096195e+13,4.336155e+01
1.268984e+14,4.600409e+01
1.868253e+13,7.889437e+01
1.368671e+13,7.895554e+01
4.647293e+13,7.899163e+01
4.180117e+13,3.945781e+01
1.076448e+13,7.704770e+01
4.945019e+13,4.155983e+01
3.516039e+13,3.465321e+01
1.236822e+13,7.899738e+01
1.282543e+13,7.886602e+01
4.171226e+13,3.555407e+01
1.339419e+13,7.899345e+01
2.001931e+13,7.899535e+01
9.163858e+13,8.000000e+01
1.067404e+14,8.000000e+01
2.110734e+14,8.000000e+01
2.110734e+14,8.000000e+01
4.683272e+13,4.468282e+01
1.801071e+14,8.000000e+01
1.801071e+14,8.000000e+01
8.661271e+13,5.255036e+01
3.485218e+13,3.597448e+01
1.895042e+13,4.514672e+01
2.840331e+14,8.000000e+01
7.615654e+13,8.000000e+01
4.661665e+14,8.000000e+01
4.661665e+14,8.000000e+01
1.730981e+13,7.899649e+01
1.855477e+13,7.918478e+01
9.037723e+13,5.104892e+01
1.818672e+13,7.892241e+01
6.824751e+13,3.861701e+01
2.074637e+13,7.898889e+01
3.925701e+13,7.899211e+01
1.574130e+13,7.636532e+01
8.307951e+13,7.615298e+01
1.557357e+13,7.895373e+01
1.426709e+13,7.897392e+01
1.741001e+13,5.670548e+01
8.659974e+13,8.000000e+01
8.659974e+13,5.000018e+00
1.307474e+14,7.242941e+01
4.672783e+13,3.116987e+01
2.806610e+14,8.000000e+01
2.806610e+14,8.000000e+01
2.806610e+14,8.000000e+01
8.972709e+12,7.899813e+01
1.368414e+14,8.000000e+01
1.889723e+13,7.899707e+01
2.833433e+13,4.999820e+00
4.505324e+13,3.327189e+01
3.285393e+13,4.998834e+00
4.644403e+13,3.122993e+01
4.532583e+13,5.219002e+01
1.364337e+13,7.897282e+01
3.235955e+13,3.213079e+01
7.193488e+14,8.000000e+01
2.864153e+14,8.000000e+01
9.584151e+13,6.588314e+01
1.375378e+14,5.152938e+01
2.479926e+13,7.869889e+01
1.946430e+13,7.894683e+01
2.063138e+13,7.895257e+01
7.658931e+13,4.336155e+01
2.689715e+13,2.666555e+01
2.149821e+13,7.896379e+01
1.128825e+13,7.904055e+01
3.837792e+13,2.966843e+01
1.518286e+13,7.898337e+01
1.720329e+13,7.899392e+01
2.985105e+13,7.899410e+01
2.044162e+13,7.898174e+01
1.609772e+13,7.898130e+01
1.144713e+14,4.750553e+01
2.572676e+13,2.720607e+01
2.187554e+13,2.444342e+01
1.193776e+14,4.468282e+01
3.008908e+13,3.261125e+01
2.676853e+14,8.000000e+01
2.676853e+14,8.000000e+01
1.251535e+13,7.899391e+01
2.878163e+13,2.516412e+01
7.989966e+13,5.032823e+01
1.345853e+14,5.927681e+01
6.484485e+13,4.858656e+01
1.015757e+14,6.762481e+01
6.789721e+13,3.813655e+01
1.682242e+13,7.920983e+01
8.875097e+13,2.882763e+01
6.330432e+13,4.999997e+00
1.242802e+13,6.860422e+01
3.169303e+13,3.837678e+01
9.327818e+13,7.555240e+01
3.538641e+13,7.893687e+01
1.991144e+13,7.898611e+01
1.432757e+13,7.899263e+01
4.542015e+13,3.945781e+01
3.663864e+13,3.471327e+01
2.467066e+13,7.908949e+01
4.556359e+13,3.213079e+01
2.387895e+13,7.887972e+01
1.543827e+13,7.890768e+01
4.654381e+13,3.459315e+01
4.972900e+13,4.618426e+01
4.691642e+13,3.327189e+01
7.571834e+13,4.552363e+01
2.703553e+13,2.876757e+01
3.196847e+13,2.978855e+01
4.286544e+13,7.899704e+01
1.942012e+13,7.898780e+01
1.306785e+13,7.899635e+01
4.129743e+13,4.612420e+01
8.405575e+13,1.868629e+01
2.215533e+14,2.300000e+01
4.377352e+13,7.909422e+01
4.462921e+13,4.564374e+01
7.376132e+13,7.899685e+01
5.105805e+13,4.306127e+01
4.671541e+13,3.147016e+01
1.034494e+14,7.369062e+01
9.608120e+13,5.681445e+01
1.677386e+14,7.465154e+01
1.655428e+13,7.898369e+01
2.507010e+13,7.899262e+01
1.534139e+13,7.894793e+01
2.303880e+13,7.899283e+01
5.439899e+13,5.507278e+01
1.941445e+13,2.168078e+01
6.892672e+13,4.318138e+01
3.853886e+13,3.771614e+01
6.884647e+13,5.026817e+01
3.061886e+13,3.225091e+01
2.257984e+14,8.000000e+01
2.257984e+14,8.000000e+01
3.834544e+13,7.899015e+01
1.538460e+14,8.000000e+01
2.664627e+13,7.895750e+01
2.694598e+13,7.886119e+01
2.178659e+13,7.899182e+01
1.920966e+13,7.895976e+01
5.004294e+13,3.549402e+01
1.654167e+14,4.732535e+01
1.827183e+13,7.899716e+01
2.004445e+13,7.898998e+01
1.513028e+14,7.032740e+01
6.889145e+13,3.507361e+01
1.266449e+13,7.895642e+01
2.588952e+13,7.893843e+01
2.192884e+13,7.894484e+01
4.390182e+13,3.411269e+01
2.650745e+13,7.898004e+01
1.592648e+13,7.895389e+01
5.073713e+13,4.999992e+00
1.127872e+13,7.899477e+01
1.572416e+14,5.471243e+01
1.734170e+14,7.926489e+01
2.078976e+13,7.898721e+01
1.650928e+13,7.899462e+01
2.414980e+13,7.899484e+01
8.493959e+13,4.999900e+00
1.986307e+13,7.899430e+01
1.161418e+14,5.921675e+01
3.319797e+13,7.899076e+01
3.160839e+13,7.897892e+01
2.428987e+13,5.000000e+00
2.428987e+13,7.899771e+01
2.353696e+13,4.999939e+00
7.631873e+13,6.540268e+01
2.041198e+13,7.898549e+01
1.305609e+13,5.895357e+01
6.738954e+13,4.342161e+01
6.854695e+13,4.318138e+01
5.670505e+13,4.894691e+01
1.116671e+13,7.899254e+01
1.812030e+13,7.899112e+01
5.475541e+13,5.243025e+01
8.353582e+13,4.948743e+01
3.351390e+13,3.147016e+01
1.414938e+13,7.899397e+01
2.952831e+13,3.333194e+01
2.072857e+13,7.899711e+01
2.432038e+13,2.750636e+01
7.843859e+13,6.215957e+01
2.029792e+14,8.000000e+01
1.573986e+14,4.660466e+01
9.643949e+12,7.897036e+01
2.225433e+13,7.898856e+01
2.280891e+13,2.486383e+01
6.671370e+13,1.895345e+01
1.508168e+14,7.471160e+01
1.508168e+14,7.471160e+01
1.619305e+13,5.000000e+00
1.275611e+13,7.898872e+01
5.882846e+13,4.888685e+01
3.016079e+14,8.000000e+01
3.755317e+13,3.291154e+01
5.805887e+13,4.762564e+01
1.311611e+14,4.480294e+01
3.302600e+13,7.897332e+01
3.868876e+13,2.912791e+01
8.686471e+12,7.899232e+01
5.792448e+13,5.000308e+00
1.233470e+13,7.891783e+01
1.923322e+13,2.162072e+01
4.454018e+13,3.147016e+01
1.752977e+14,8.000000e+01
1.114127e+14,4.137966e+01
5.992376e+14,8.000000e+01
3.845960e+14,7.831505e+01
4.941910e+13,3.597448e+01
3.286493e+13,3.201068e+01
4.567956e+14,8.000000e+01
6.634097e+13,4.852650e+01
6.574965e+13,7.898922e+01
5.656226e+13,7.899820e+01
5.656226e+13,7.899475e+01
2.877236e+14,5.411186e+01
1.230797e+14,4.276098e+01
1.799346e+14,6.378112e+01
2.134728e+14,2.300000e+01
4.683140e+13,7.891268e+01
1.713219e+14,7.140843e+01
8.153377e+13,6.864579e+01
1.307899e+14,7.411102e+01
1.810065e+13,7.899829e+01
1.803355e+13,7.899012e+01
3.683025e+14,2.857463e+01
1.791260e+13,7.919102e+01
1.364426e+13,7.899533e+01
1.941755e+13,7.899580e+01
1.643399e+14,5.014806e+01
9.188932e+14,8.000000e+01
3.525343e+13,7.896084e+01
2.128334e+13,2.384285e+01
1.974869e+14,8.000000e+01
3.035201e+13,7.899815e+01
4.733717e+13,2.496312e+01
9.947866e+13,6.233974e+01
2.406999e+13,2.318222e+01
5.042971e+13,7.899652e+01
2.067344e+13,7.899490e+01
4.355786e+13,3.933770e+01
1.124640e+13,4.999786e+00
3.695022e+13,3.579430e+01
1.328747e+14,7.146849e+01
1.475460e+13,7.899683e+01
2.082256e+13,7.891898e+01
1.812411e+14,5.681445e+01
3.015853e+13,3.110981e+01
4.825182e+13,3.693540e+01
7.081336e+13,4.264086e+01
1.023845e+13,7.898428e+01
4.052829e+13,3.519373e+01
1.268658e+13,7.899389e+01
1.748104e+13,7.898191e+01
1.648573e+13,7.898741e+01
6.370399e+14,8.000000e+01
1.127285e+14,8.000000e+01
1.458891e+14,7.080786e+01
5.252732e+13,7.893845e+01
1.289504e+14,5.423197e+01
1.958610e+13,7.897456e+01
1.755661e+13,7.897921e+01
4.387152e+13,3.657505e+01
1.499586e+13,7.899730e+01
4.769673e+13,4.216040e+01
1.479925e+13,7.899823e+01
2.980794e+13,2.774659e+01
6.265464e+13,4.702507e+01
1.465953e+13,7.899826e+01
1.308479e+14,5.086875e+01
2.545560e+13,7.896654e+01
8.872837e+12,7.900000e+01
3.983950e+13,3.321183e+01
1.304822e+13,7.899345e+01
7.693423e+13,4.912708e+01
4.229631e+13,3.501355e+01
1.046488e+13,7.898958e+01
1.255825e+13,7.899235e+01
4.617661e+13,4.966760e+01
1.093442e+14,6.972682e+01
8.513228e+13,5.351128e+01
1.836531e+14,7.549235e+01
4.065336e+13,3.098970e+01
2.008079e+14,6.378112e+01
2.874683e+13,5.964935e+01
2.134472e+13,7.899761e+01
3.154906e+13,2.618509e+01
1.135833e+17,8.000000e+01
1.396169e+13,7.899471e+01
1.567718e+14,4.858656e+01
1.202400e+13,7.899582e+01
1.612015e+14,5.597364e+01
1.213796e+13,7.899098e+01
1.117652e+14,4.990783e+01
2.402097e+13,7.893942e+01
4.769119e+13,5.525295e+01
5.964741e+14,8.000000e+01
5.964741e+14,8.000000e+01
4.671241e+13,5.142603e+01
2.415236e+13,7.899821e+01
3.159909e+14,8.000000e+01
3.159909e+14,8.000000e+01
2.806827e+14,8.000000e+01
2.806827e+14,8.000000e+01
9.312696e+13,7.429120e+01
9.490471e+13,5.747508e+01
2.867184e+13,3.038912e+01
1.076332e+14,6.858573e+01
3.552830e+13,7.893579e+01
1.437085e+13,7.414599e+01
1.479228e+13,7.896072e+01
2.916978e+14,8.000000e+01
2.916978e+14,8.000000e+01
2.916978e+14,8.000000e+01
1.192031e+14,8.000000e+01
1.192031e+14,8.000000e+01
1.353496e+13,7.899814e+01
2.469400e+13,7.899879e+01
2.469400e+13,7.899044e+01
4.197764e+13,4.996789e+01
5.881580e+13,4.864662e+01
5.114369e+13,3.405263e+01
2.541474e+17,8.000000e+01
2.541474e+17,8.000000e+01
1.678065e+13,7.899182e+01
4.554913e+13,3.429286e+01
2.358651e+14,6.882596e+01
1.783752e+13,7.898657e+01
1.250855e+14,7.831505e+01
3.637016e+14,8.000000e+01
2.334100e+14,8.000000e+01
5.810301e+13,2.468366e+01
1.765919e+14,6.702423e+01
4.523147e+13,7.899657e+01
5.687364e+13,7.899884e+01
2.995717e+13,2.100000e+01
1.066851e+14,8.000000e+01
1.459382e+13,7.899173e+01
1.244670e+13,7.899688e+01
2.551250e+13,7.899706e+01
2.996119e+14,8.000000e+01
1.819884e+13,7.898668e+01
8.800426e+14,8.000000e+01
8.800426e+14,8.000000e+01
2.111619e+13,7.899792e+01
2.439940e+13,7.885452e+01
5.901881e+13,3.519373e+01
2.560832e+13,2.906786e+01
2.166836e+13,7.897759e+01
7.255398e+13,7.899248e+01
5.735144e+13,5.483255e+01
4.391643e+14,8.000000e+01
1.418031e+13,7.898451e+01
6.955126e+13,5.951704e+01
3.573749e+13,3.020895e+01
1.903667e+13,7.894738e+01
1.550616e+13,7.899688e+01
2.111559e+13,7.899758e+01
2.498644e+14,8.000000e+01
2.498644e+14,8.000000e+01
1.205656e+13,7.898933e+01
4.117510e+13,3.657505e+01
2.528413e+13,7.899621e+01
7.228744e+13,3.999833e+01
5.766497e+13,3.807649e+01
1.432965e+13,7.897305e+01
2.600159e+13,7.899803e+01
5.711825e+13,4.005839e+01
2.174372e+13,7.898767e+01
1.770271e+14,4.792593e+01
3.961524e+14,7.621304e+01
1.641129e+13,7.508371e+01
1.225817e+14,6.053802e+01
3.094875e+16,8.000000e+01
4.276580e+13,7.891726e+01
2.596544e+13,2.516412e+01
3.257892e+13,2.774659e+01
4.345175e+13,3.044918e+01
1.418942e+13,7.897439e+01
1.266389e+14,7.381074e+01
2.303097e+13,4.999335e+00
1.042478e+13,7.896477e+01
6.366304e+13,5.441214e+01
4.731672e+13,7.899555e+01
3.675235e+13,3.453309e+01
1.598605e+14,7.140843e+01
1.064879e+14,7.899494e+01
1.064879e+14,7.899799e+01
6.913334e+13,3.963799e+01
6.823992e+14,7.074780e+01
2.712186e+13,3.159027e+01
4.482487e+14,6.648371e+01
2.749743e+13,7.836562e+01
4.921477e+13,3.357217e+01
3.566584e+13,7.890275e+01
1.805351e+14,8.000000e+01
4.693656e+13,3.903741e+01
4.422585e+13,3.189056e+01
6.535084e+13,4.161989e+01
1.390881e+14,4.948743e+01
1.047044e+14,8.000000e+01
1.047044e+14,8.000000e+01
9.355249e+13,7.896166e+01
9.355249e+13,8.000000e+01
3.255201e+13,2.804688e+01
3.701017e+13,3.291154e+01
1.678982e+13,7.899632e+01
4.136473e+13,7.899857e+01
4.725111e+13,7.889428e+01
3.894286e+14,6.089836e+01
1.674793e+14,8.000000e+01
1.674793e+14,8.000000e+01
1.287254e+13,7.898814e+01
1.855990e+14,8.000000e+01
3.179763e+13,4.998675e+00
5.514864e+13,3.639488e+01
1.726608e+13,7.895537e+01
1.071571e+13,7.899474e+01
1.225584e+13,7.903959e+01
7.522032e+13,8.000000e+01
2.019009e+13,7.896198e+01
1.542256e+13,2.700000e+01
8.317314e+13,5.357134e+01
4.574022e+13,3.387246e+01
1.490559e+13,7.899918e+01
2.748004e+13,7.712808e+01
9.295875e+12,7.899624e+01
2.994189e+13,2.798682e+01
1.177416e+14,5.002794e+01
2.095626e+14,8.000000e+01
2.095626e+14,8.000000e+01
2.574742e+14,8.000000e+01
1.842832e+13,7.899323e+01
2.648493e+14,5.507278e+01
8.749469e+12,7.899724e+01
2.154738e+14,7.927597e+01
2.154738e+14,7.927597e+01
3.869778e+13,3.969804e+01
9.428562e+13,8.000000e+01
9.428562e+13,8.000000e+01
1.701888e+14,7.158861e+01
2.151326e+14,7.921592e+01
1.108282e+14,3.993827e+01
3.157866e+13,2.738625e+01
1.899360e+13,5.000000e+00
7.937717e+14,8.000000e+01
7.937717e+14,8.000000e+01
7.937717e+14,8.000000e+01
1.907794e+13,7.898469e+01
4.187845e+13,3.357217e+01
1.302175e+14,6.119865e+01
6.926290e+13,5.477249e+01
1.062346e+13,7.899825e+01
8.597525e+13,6.930642e+01
3.183317e+13,3.171039e+01
3.312949e+13,7.896227e+01
1.290562e+14,7.122826e+01
3.469687e+13,3.153022e+01
1.935520e+13,7.899763e+01
1.247863e+14,4.744547e+01
4.687295e+13,7.895476e+01
3.146943e+13,2.870751e+01
6.437820e+14,8.000000e+01
6.437820e+14,8.000000e+01
6.437820e+14,8.000000e+01
2.279945e+13,7.899481e+01
2.542161e+14,8.000000e+01
2.064672e+13,7.897288e+01
1.069878e+13,7.899766e+01
2.604854e+13,2.660550e+01
2.961193e+13,7.898704e+01
1.840956e+13,7.895288e+01
1.601035e+13,7.899056e+01
9.044813e+13,4.558368e+01
3.922255e+13,4.005839e+01
6.094434e+13,5.399174e+01
1.474519e+13,7.897617e+01
1.321211e+14,7.327022e+01
1.832699e+13,1.699415e+01
8.803455e+13,5.963715e+01
1.699940e+13,7.899848e+01
3.664246e+13,7.930104e+01
5.770145e+13,4.558368e+01
2.001281e+13,7.897798e+01
2.283382e+13,2.408308e+01
2.352639e+13,7.899704e+01
1.041984e+13,7.899784e+01
1.619281e+13,7.897569e+01
3.121663e+13,5.000119e+00
1.194415e+13,7.898145e+01
4.613384e+13,4.498311e+01
1.152975e+13,7.891315e+01
3.493235e+13,3.543396e+01
6.427615e+13,7.260958e+01
8.260599e+13,6.732452e+01
1.365206e+13,7.899104e+01
4.991834e+13,7.899555e+01
2.082254e+13,2.372273e+01
2.918999e+13,2.624515e+01
1.706759e+13,7.884740e+01
3.317264e+13,4.999144e+00
5.705761e+13,6.203945e+01
1.378194e+13,7.897174e+01
6.404526e+13,4.999510e+00
4.311476e+13,4.302639e+01
3.333834e+14,6.215957e+01
7.989960e+13,6.005756e+01
3.219495e+13,3.499705e+01
7.243442e+13,8.000000e+01
1.515378e+14,8.000000e+01
1.377265e+13,7.899292e+01
6.170792e+13,4.234058e+01
2.337427e+13,7.888093e+01
1.330400e+14,5.345122e+01
7.851488e+15,8.000000e+01
7.851488e+15,8.000000e+01
3.135627e+13,7.892626e+01
3.314703e+13,7.899295e+01
5.558256e+13,5.000009e+00
5.558256e+13,7.897956e+01
2.279076e+13,7.899192e+01
3.929486e+13,3.183050e+01
1.147033e+15,8.000000e+01
2.253615e+14,8.000000e+01
1.572612e+14,2.700000e+01
4.509552e+13,2.924803e+01
8.961410e+12,5.487994e+01
4.585365e+13,5.000437e+00
4.585365e+13,5.000204e+00
3.706981e+13,3.789632e+01
9.909684e+13,5.945698e+01
9.278858e+13,7.302999e+01
6.240611e+13,3.357217e+01
1.775468e+14,7.873545e+01
1.903006e+13,2.228135e+01
3.484540e+14,6.708429e+01
1.347940e+13,7.898299e+01
3.640185e+14,8.000000e+01
3.640185e+14,8.000000e+01
1.088492e+14,8.000000e+01
7.322319e+13,5.000040e+00
7.322319e+13,8.000000e+01
1.425753e+13,7.899796e+01
1.174947e+13,7.899746e+01
1.102062e+14,3.225091e+01
2.391642e+13,7.589222e+01
4.145725e+13,3.825666e+01
1.167084e+14,3.993827e+01
3.507745e+13,7.898442e+01
2.029422e+13,7.686467e+01
1.855168e+13,7.896546e+01
9.545162e+13,7.429120e+01
2.896391e+13,2.786671e+01
1.323383e+13,7.899791e+01
3.449107e+14,8.000000e+01
7.156709e+13,7.899328e+01
7.156709e+13,6.564291e+01
1.666273e+14,2.886212e+01
7.432212e+13,5.333111e+01
3.414381e+13,7.922600e+01
4.692690e+13,3.873712e+01
1.977249e+13,7.898593e+01
1.785173e+13,7.899436e+01
9.756860e+12,7.897965e+01
6.134120e+13,3.399258e+01
1.300989e+14,5.387163e+01
3.246096e+13,3.363223e+01
7.330027e+13,6.288026e+01
8.144706e+13,7.050757e+01
2.449963e+13,7.924685e+01
9.871588e+12,7.899865e+01
1.938080e+14,7.741419e+01
1.938080e+14,7.741419e+01
1.386573e+13,7.895472e+01
8.645320e+13,3.939776e+01
3.028335e+13,2.828711e+01
1.950909e+13,7.895569e+01
5.058991e+13,3.700465e+01
3.796516e+13,7.899202e+01
3.857773e+13,4.396213e+01
4.047474e+13,4.999188e+00
2.870721e+14,6.732452e+01
1.473884e+14,8.000000e+01
3.184530e+13,7.899852e+01
5.368259e+13,3.747591e+01
3.917125e+13,7.899057e+01
1.533052e+14,5.915669e+01
3.335874e+13,2.948826e+01
1.694025e+14,8.000000e+01
9.480848e+12,7.899815e+01
2.245269e+13,7.893826e+01
4.068398e+13,3.807649e+01
8.880190e+14,8.000000e+01
8.880190e+14,8.000000e+01
8.880190e+14,8.000000e+01
1.186414e+13,5.509152e+01
1.807320e+13,7.899130e+01
1.136382e+13,7.899022e+01
1.739143e+13,7.899321e+01
4.410427e+13,4.798599e+01
6.527843e+13,3.675522e+01
1.038500e+13,7.899842e+01
1.451617e+14,5.104892e+01
3.324764e+14,8.000000e+01
1.609015e+13,7.899484e+01
3.116971e+13,2.816699e+01
2.224234e+13,7.898078e+01
1.673569e+14,4.972766e+01
3.664365e+13,3.315177e+01
1.050126e+13,7.899603e+01
9.172301e+13,3.855695e+01
4.711823e+13,7.883937e+01
3.158792e+13,3.207073e+01
1.138386e+15,8.000000e+01
2.528260e+13,7.920247e+01
1.089885e+13,7.893598e+01
3.624493e+13,7.899107e+01
1.082211e+13,7.897936e+01
1.426764e+14,8.000000e+01
1.354997e+13,4.999842e+00
1.473099e+13,7.899614e+01
1.195636e+13,7.896778e+01
1.620657e+13,7.893284e+01
1.350547e+13,7.897164e+01
3.658632e+13,2.978855e+01
4.299674e+13,4.143971e+01
3.886091e+13,2.852734e+01
1.467069e+13,7.898977e+01
6.879068e+13,4.011845e+01
1.006135e+14,4.041873e+01
9.065112e+13,2.298019e+01
5.615439e+13,4.059891e+01
1.983566e+13,7.899430e+01
3.679008e+13,2.894774e+01
1.210802e+13,7.897824e+01
7.181807e+13,6.462193e+01
3.105553e+13,2.942820e+01
1.499710e+13,5.851733e+01
2.246698e+14,8.000000e+01
2.246698e+14,8.000000e+01
1.024224e+13,7.899752e+01
2.512104e+13,7.896081e+01
1.592119e+14,4.702507e+01
1.795954e+13,7.899641e+01
1.218874e+13,7.899715e+01
4.846896e+13,4.828627e+01
4.552742e+13,3.345206e+01
1.030694e+14,4.726530e+01
6.862497e+13,4.570380e+01
8.928042e+13,7.164866e+01
1.583791e+13,7.898974e+01
2.084359e+13,7.898656e+01
4.243636e+14,7.405097e+01
2.544834e+13,7.899815e+01
1.997684e+13,7.896795e+01
2.206949e+13,7.899744e+01
2.530016e+13,6.949989e+01
8.650268e+13,5.273053e+01
1.556626e+13,7.899762e+01
7.876978e+13,8.000000e+01
7.876978e+13,4.999925e+00
1.111458e+13,7.899410e+01
2.306970e+13,2.468366e+01
2.773683e+13,7.892268e+01
1.564543e+13,7.899530e+01
5.325721e+13,7.895644e+01
1.547561e+14,7.899573e+01
1.547561e+14,8.000000e+01
1.556697e+13,7.895249e+01
7.320300e+13,3.831672e+01
5.113658e+13,4.999827e+00
1.449384e+14,7.897568e+01
8.830274e+13,7.248947e+01
4.244936e+14,8.000000e+01
4.244936e+14,8.000000e+01
1.438534e+13,7.898550e+01
1.687152e+13,7.919170e+01
2.520300e+13,7.898823e+01
2.621199e+13,7.892616e+01
6.431920e+13,4.654461e+01
3.841816e+13,2.852734e+01
1.437140e+13,7.899634e+01
2.446843e+13,7.898478e+01
3.498216e+19,8.000000e+01
1.387844e+14,7.900237e+01
2.022100e+13,2.276181e+01
3.664739e+14,7.050757e+01
3.634263e+14,6.660383e+01
2.385174e+14,8.000000e+01
2.385174e+14,8.000000e+01
3.990732e+13,3.195062e+01
7.881579e+13,7.302999e+01
6.701060e+13,6.005756e+01
1.974020e+13,7.897545e+01
3.903093e+13,3.014889e+01
1.188697e+14,8.000000e+01
1.868292e+13,7.898410e+01
1.654136e+13,7.896282e+01
3.061568e+13,2.744630e+01
6.842955e+13,7.284981e+01
2.462878e+14,5.879635e+01
1.424137e+13,7.845107e+01
4.164368e+13,3.747591e+01
2.912085e+14,7.104809e+01
7.420425e+13,5.357134e+01
2.068586e+14,8.000000e+01
2.068586e+14,8.000000e+01
4.441876e+13,3.261125e+01
5.275454e+13,3.657505e+01
8.984504e+13,4.906702e+01
1.292673e+14,5.194979e+01
1.223563e+14,8.000000e+01
2.405673e+13,7.898326e+01
1.384755e+13,7.899812e+01
2.868934e+13,7.896093e+01
4.358368e+14,6.642366e+01
5.110574e+16,8.000000e+01
8.596720e+13,7.128832e+01
2.886687e+13,3.056930e+01
3.938591e+13,3.080953e+01
3.603731e+13,2.864745e+01
1.099686e+13,7.899542e+01
4.641681e+14,7.963632e+01
1.698544e+13,7.899607e+01
5.013828e+13,5.525295e+01
4.687502e+13,3.189056e+01
1.246425e+14,7.555240e+01
5.684627e+13,4.594403e+01
1.069491e+13,7.899611e+01
4.237641e+13,2.996872e+01
8.582328e+14,6.251991e+01
2.405711e+13,7.899629e+01
1.659189e+13,4.998994e+00
9.274690e+16,8.000000e+01
2.971967e+13,2.690578e+01
3.448484e+13,3.050924e+01
1.421729e+13,7.899557e+01
2.200045e+13,2.492389e+01
3.378178e+13,4.564374e+01
4.507489e+13,3.327189e+01
9.902115e+14,8.000000e+01
1.034596e+15,8.000000e+01
1.377134e+14,6.005756e+01
6.973190e+13,7.899718e+01
6.973190e+13,7.899945e+01
2.743305e+13,1.500000e+01
2.250803e+13,4.996680e+00
5.285966e+13,4.246069e+01
8.962146e+13,5.735497e+01
1.775768e+13,7.899342e+01
5.111854e+13,5.140927e+01
1.201085e+13,7.899814e+01
1.510334e+13,7.898125e+01
6.953611e+13,4.642449e+01
4.123539e+13,3.026901e+01
9.959335e+12,7.899260e+01
4.017957e+13,3.483338e+01
9.113288e+13,3.927764e+01
7.690661e+12,7.899863e+01
1.173364e+14,5.525295e+01
1.583426e+13,7.897456e+01
2.590978e+13,4.999959e+00
2.530410e+13,7.899353e+01
1.400655e+13,7.899876e+01
2.076003e+13,7.899780e+01
1.593258e+13,7.898893e+01
1.257378e+13,7.894282e+01
2.679115e+14,8.000000e+01
1.080331e+13,7.898360e+01
2.207805e+13,7.897873e+01
5.352848e+13,3.633482e+01
3.313972e+13,4.999493e+00
7.710533e+13,4.936731e+01
3.424312e+13,3.014889e+01
1.176944e+13,7.899712e+01
1.134491e+14,5.915669e+01
9.408732e+15,8.000000e+01
1.731036e+14,8.000000e+01
1.731036e+14,8.000000e+01
2.023737e+14,5.951704e+01
1.532744e+14,5.423197e+01
1.139915e+13,7.893764e+01
2.317818e+13,2.708596e+01
4.103200e+13,7.898903e+01
2.432993e+13,2.552446e+01
5.492908e+13,5.500000e+01
4.696299e+14,8.000000e+01
4.696299e+14,8.000000e+01
6.301371e+14,8.000000e+01
2.108300e+14,8.000000e+01
2.108300e+14,8.000000e+01
2.108300e+14,8.000000e+01
1.250189e+14,5.963715e+01
7.288209e+13,8.000000e+01
7.288209e+13,8.000000e+01
4.856220e+13,3.417275e+01
2.360491e+13,7.879080e+01
1.482909e+13,7.899561e+01
1.060727e+14,5.044835e+01
1.091082e+13,3.496305e+01
2.915530e+13,3.002878e+01
6.260155e+14,6.137882e+01
2.662173e+14,8.000000e+01
6.783735e+14,8.000000e+01
5.160078e+13,5.507278e+01
1.956463e+13,6.308395e+01
1.336298e+13,4.999466e+00
3.799261e+13,3.026901e+01
1.082594e+13,7.898179e+01
4.294032e+13,3.723568e+01
5.522217e+13,4.276098e+01
9.914420e+13,4.300121e+01
3.305858e+13,3.399258e+01
8.910519e+12,7.899258e+01
3.229894e+13,7.895544e+01
1.286645e+14,8.000000e+01
1.286645e+14,8.000000e+01
3.916459e+13,3.177045e+01
8.297289e+13,3.645494e+01
1.997856e+14,8.000000e+01
1.997856e+14,8.000000e+01
1.306243e+13,7.899277e+01
8.661569e+13,7.351045e+01
8.661569e+13,7.351045e+01
1.218663e+13,7.899861e+01
1.489949e+14,7.867540e+01
3.074339e+13,2.804688e+01
3.271943e+13,7.898395e+01
1.600294e+13,7.899678e+01
5.188486e+13,7.899933e+01
5.188486e+13,7.899750e+01
1.141457e+13,7.896566e+01
4.255424e+13,2.972849e+01
4.301116e+13,3.627476e+01
9.914540e+13,5.771531e+01
1.126787e+14,5.134921e+01
7.511809e+13,4.270092e+01
7.155973e+13,4.378196e+01
3.505674e+13,3.441298e+01
1.281445e+14,6.750469e+01
2.593091e+13,6.423296e+01
6.599725e+13,5.092881e+01
2.503873e+14,5.555324e+01
1.488319e+13,7.899092e+01
3.283974e+13,3.279143e+01
1.549591e+13,7.896518e+01
1.419803e+14,8.000000e+01
1.324198e+13,7.899089e+01
6.388904e+13,7.898586e+01
6.388904e+13,7.898428e+01
1.613504e+13,7.899671e+01
6.060825e+13,4.210035e+01
5.376348e+14,8.000000e+01
6.495582e+14,8.000000e+01
1.075482e+14,8.000000e+01
1.075482e+14,4.999739e+00
1.749008e+13,7.899499e+01
2.316781e+13,7.898016e+01
5.164371e+13,5.549318e+01
6.165933e+13,7.899458e+01
7.257280e+13,4.107937e+01
1.797567e+15,6.630354e+01
2.505983e+13,2.660550e+01
2.978916e+13,7.882274e+01
2.277626e+13,2.432331e+01
1.018905e+13,7.898416e+01
1.468616e+13,7.897590e+01
3.473620e+13,3.951787e+01
1.383622e+14,5.501272e+01
8.005631e+14,8.000000e+01
8.005631e+14,8.000000e+01
4.353090e+13,7.899625e+01
8.729349e+12,7.899737e+01
2.089944e+13,7.898607e+01
1.055277e+13,7.899588e+01
1.431239e+14,5.801560e+01
6.141773e+13,3.687534e+01
1.690893e+13,7.899519e+01
2.165905e+15,8.000000e+01
4.127270e+13,3.273137e+01
4.851512e+13,7.899545e+01
3.052548e+13,3.171039e+01
1.392717e+13,6.428696e+01
5.692066e+13,3.273137e+01
2.125377e+13,7.893989e+01
6.524573e+13,3.633482e+01
7.046833e+13,5.945698e+01
2.074621e+13,7.899541e+01
1.722506e+14,5.237019e+01
2.597698e+14,6.167911e+01
4.758132e+14,8.000000e+01
4.758132e+14,8.000000e+01
4.758132e+14,8.000000e+01
1.845241e+14,8.000000e+01
2.831095e+14,5.759520e+01
1.508971e+13,7.899198e+01
2.713844e+13,7.899805e+01
4.954065e+13,3.717563e+01
1.675732e+14,8.000000e+01
1.057301e+13,7.899060e+01
1.528853e+13,4.091697e+01
5.813048e+13,4.041873e+01
7.472801e+13,4.186012e+01
2.195446e+13,7.898140e+01
1.319928e+14,4.822622e+01
2.846565e+13,2.138049e+01
3.917087e+13,7.902825e+01
5.241917e+13,3.963799e+01
1.415746e+17,8.000000e+01
2.951871e+13,2.714601e+01
9.930791e+14,6.612337e+01
5.355583e+13,5.000047e+00
4.804148e+13,3.465321e+01
1.826109e+13,7.899597e+01
2.091636e+14,5.369145e+01
9.065093e+12,7.899872e+01
1.796753e+13,5.000127e+00
6.952271e+13,6.059807e+01
2.812149e+13,2.744630e+01
3.732265e+13,6.071405e+01
4.168085e+13,5.000000e+00
3.330152e+13,6.585877e+01
2.663671e+13,7.898892e+01
1.547737e+14,5.555324e+01
6.191160e+13,5.471243e+01
1.366594e+14,8.000000e+01
1.571935e+14,4.720524e+01
9.234865e+13,5.000006e+00
9.234865e+13,7.898535e+01
1.309675e+14,5.783543e+01
5.019238e+13,4.023856e+01
5.278724e+13,3.339200e+01
5.524080e+13,3.609459e+01
2.654802e+13,2.756642e+01
9.835691e+12,7.899593e+01
6.163870e+13,3.675522e+01
1.750299e+13,7.893528e+01
1.720183e+14,6.161905e+01
2.974519e+13,2.936814e+01
5.026056e+13,7.899356e+01
1.531378e+13,7.880604e+01
3.703858e+13,3.963799e+01
1.134792e+13,7.899361e+01
1.753608e+13,7.898181e+01
2.500245e+13,2.810694e+01
1.849744e+13,7.894004e+01
7.475335e+13,4.047879e+01
2.814754e+13,7.897269e+01
6.047827e+13,7.899336e+01
6.047827e+13,7.898970e+01
1.754563e+13,5.118778e+01
2.809167e+13,7.878960e+01
8.698463e+13,4.996789e+01
2.663409e+13,7.899597e+01
9.432252e+13,5.741502e+01
1.806540e+13,7.899825e+01
1.361569e+14,8.000000e+01
1.361569e+14,8.000000e+01
1.564997e+14,5.537307e+01
5.699937e+13,3.627476e+01
1.512528e+14,2.486935e+01
5.749861e+13,5.405180e+01
1.428716e+14,2.900000e+01
4.332623e+13,4.198023e+01
3.020254e+13,2.822705e+01
9.769170e+12,7.899647e+01
1.210740e+13,7.875692e+01
8.774189e+13,7.321016e+01
8.774189e+13,7.321016e+01
1.060530e+13,7.899539e+01
6.220849e+13,3.567419e+01
6.607988e+13,3.819660e+01
6.719822e+13,5.591358e+01
3.154136e+13,7.896549e+01
1.842278e+14,8.000000e+01
1.842278e+14,8.000000e+01
2.113496e+13,7.899640e+01
2.979712e+14,7.651333e+01
1.962786e+14,8.000000e+01
1.962786e+14,8.000000e+01
9.736739e+13,4.192017e+01
5.713407e+13,5.050840e+01
7.993693e+13,5.387163e+01
1.086833e+14,8.000000e+01
9.321228e+13,7.044751e+01
1.398693e+13,7.899828e+01
2.227022e+13,7.899844e+01
1.900981e+13,2.180089e+01
7.816239e+13,5.128915e+01
1.910076e+13,7.898993e+01
1.180301e+14,4.546357e+01
7.214544e+13,4.858656e+01
2.776055e+14,6.282020e+01
1.388118e+13,7.896089e+01
3.108062e+13,2.900780e+01
4.317763e+13,4.216040e+01
1.699374e+13,7.899111e+01
1.291022e+13,7.899788e+01
1.806948e+13,3.100068e+01
1.767034e+14,5.068858e+01
1.225126e+13,7.881628e+01
9.085230e+13,4.408225e+01
3.854943e+13,3.657505e+01
6.331130e+13,5.711473e+01
5.262072e+13,4.312132e+01
4.313936e+13,7.898382e+01
1.122368e+14,8.000000e+01
2.696302e+13,3.219085e+01
1.282786e+13,4.999777e+00
3.381879e+14,8.000000e+01
2.005987e+13,7.914786e+01
1.677552e+13,7.897668e+01
2.735440e+13,2.906786e+01
4.461117e+13,3.531384e+01
4.273631e+13,7.892515e+01
4.273631e+13,5.940336e+01
4.533295e+13,7.898379e+01
1.076704e+13,7.899643e+01
2.654714e+13,2.612504e+01
2.813455e+13,7.546638e+01
1.680814e+14,7.339033e+01
5.932521e+13,6.342078e+01
1.347988e+13,1.899623e+01
2.755313e+13,2.576469e+01
5.419542e+13,4.996789e+01
1.199328e+13,7.898651e+01
1.963204e+13,7.899131e+01
8.750547e+13,8.000000e+01
1.327896e+14,8.000000e+01
1.323899e+14,8.000000e+01
1.323899e+14,8.000000e+01
2.999119e+14,8.000000e+01
2.302206e+13,7.899638e+01
1.180843e+13,2.697511e+01
1.086826e+13,7.899810e+01
1.979123e+13,7.899675e+01
1.914380e+14,5.603370e+01
1.599988e+13,7.899536e+01
2.002639e+13,7.897092e+01
1.199365e+14,4.516328e+01
1.352528e+13,4.468276e+01
1.299070e+13,7.898031e+01
9.399868e+12,7.898541e+01
5.751640e+13,5.062852e+01
2.116595e+13,7.899517e+01
1.185566e+13,7.899095e+01
2.813813e+13,7.727093e+01
4.716697e+13,7.897294e+01
1.246364e+13,7.899134e+01
7.469056e+13,2.300000e+01
2.942554e+13,2.672561e+01
6.848621e+13,7.899649e+01
6.848621e+13,7.899653e+01
5.373887e+13,3.609459e+01
5.039343e+13,6.209951e+01
1.912453e+14,8.000000e+01
1.125289e+19,8.000000e+01
1.125289e+19,8.000000e+01
1.125289e+19,8.000000e+01
2.628184e+13,7.897831e+01
1.203376e+14,7.900194e+01
1.729289e+14,8.000000e+01
4.982582e+13,5.483255e+01
2.438254e+13,7.899202e+01
3.595477e+13,3.477332e+01
2.682443e+13,7.899286e+01
2.388630e+13,7.893843e+01
1.119441e+13,7.899582e+01
4.139958e+13,4.204029e+01
1.025015e+13,7.899801e+01
1.806701e+13,7.899617e+01
7.895117e+13,4.966760e+01
1.233761e+13,7.899709e+01
4.688153e+13,4.750553e+01
1.032077e+14,4.113943e+01
7.116458e+13,7.146849e+01
1.366944e+13,7.899725e+01
1.665326e+13,7.899449e+01
6.135620e+14,8.000000e+01
6.135620e+14,8.000000e+01
6.930015e+13,6.017767e+01
1.995097e+13,7.896585e+01
2.844638e+14,7.555240e+01
2.792144e+13,3.153022e+01
6.351044e+13,4.498311e+01
2.915617e+13,4.998079e+00
3.424680e+13,3.171039e+01
8.824041e+13,7.897557e+01
1.190521e+13,7.899626e+01
1.587383e+13,5.708042e+01
2.934311e+14,8.000000e+01
2.934311e+14,8.000000e+01
1.050274e+13,7.899740e+01
1.141402e+13,7.907716e+01
2.711452e+13,7.899539e+01
3.330366e+13,3.195062e+01
4.095893e+13,4.444259e+01
4.656823e+13,4.972766e+01
5.484859e+15,8.000000e+01
1.495897e+14,5.000029e+00
1.495897e+14,5.000041e+00
1.495897e+14,8.000000e+01
6.149195e+13,3.429286e+01
2.055470e+13,7.928117e+01
1.624622e+14,7.290987e+01
1.720527e+14,4.702507e+01
4.114444e+13,3.843684e+01
7.825513e+13,7.507194e+01
1.629173e+13,7.899650e+01
8.439952e+13,3.975810e+01
3.382694e+13,5.000447e+00
7.320496e+13,5.303082e+01
2.528457e+13,1.500000e+01
3.547872e+13,3.032907e+01
9.824618e+12,7.899875e+01
1.415198e+13,6.810347e+01
1.769536e+16,8.000000e+01
1.849360e+13,7.899257e+01
1.692943e+14,8.000000e+01
3.280764e+13,3.315177e+01
8.595953e+13,6.360095e+01
1.704510e+13,7.899485e+01
8.523983e+13,5.969721e+01
5.709168e+13,3.729574e+01
1.104585e+13,7.899748e+01
7.011906e+13,5.603370e+01
2.025024e+13,7.899609e+01
8.283500e+13,4.035868e+01
3.310747e+13,7.845726e+01
3.143431e+13,2.708596e+01
4.795113e+13,3.249114e+01
7.633007e+13,6.264003e+01
7.633007e+13,6.264003e+01
1.188699e+13,7.898096e+01
2.367862e+15,8.000000e+01
2.068879e+13,7.899255e+01
1.081062e+14,8.000000e+01
4.998320e+13,2.696584e+01
4.053416e+14,8.000000e+01
9.738590e+12,7.899565e+01
1.908839e+13,2.132043e+01
8.217260e+12,1.699392e+01
4.557183e+13,3.867707e+01
2.681039e+13,2.714601e+01
1.810732e+13,7.899043e+01
2.220263e+13,2.390291e+01
1.287731e+13,7.899806e+01
7.102506e+13,6.702423e+01
1.091834e+14,6.005756e+01
6.871114e+13,6.041790e+01
6.007420e+13,6.378112e+01
2.136001e+14,5.993744e+01
2.079834e+14,6.053802e+01
2.855077e+13,2.948826e+01
4.661642e+13,4.912708e+01
3.755888e+13,3.080953e+01
2.057961e+13,7.899245e+01
8.893675e+13,7.899355e+01
8.893675e+13,7.723402e+01
6.634340e+13,4.894691e+01
4.248404e+13,7.898709e+01
4.248404e+13,7.898980e+01
1.139436e+18,8.000000e+01
1.139436e+18,8.000000e+01
1.139436e+18,8.000000e+01
1.089600e+14,5.345122e+01
1.459004e+13,7.899686e+01
2.283426e+13,7.899689e+01
1.021885e+14,5.687450e+01
5.686300e+13,7.899305e+01
2.867560e+14,8.000000e+01
2.064608e+13,4.999331e+00
2.228246e+13,7.897896e+01
7.552359e+13,5.176961e+01
9.697604e+12,7.899124e+01
1.554341e+17,8.000000e+01
3.597373e+13,3.183050e+01
2.631835e+13,2.588481e+01
4.009842e+13,3.201068e+01
2.748734e+14,8.000000e+01
2.748734e+14,8.000000e+01
1.443935e+14,5.170955e+01
1.305976e+14,8.000000e+01
2.515632e+13,2.690578e+01
1.039098e+13,7.899823e+01
2.985042e+13,3.500250e+01
8.765768e+13,4.510322e+01
1.852955e+13,7.899777e+01
5.391431e+13,4.804604e+01
4.097701e+13,3.339200e+01
4.361608e+13,7.899324e+01
4.361608e+13,4.999992e+00
6.232329e+13,8.000000e+01
9.919763e+13,8.000000e+01
9.919763e+13,8.000000e+01
1.273194e+13,7.898811e+01
1.617183e+13,7.896271e+01
1.242845e+14,7.098803e+01
3.728873e+17,8.000000e+01
2.877564e+13,7.899718e+01
7.937081e+13,5.116904e+01
1.304500e+13,7.899633e+01
5.377019e+13,3.645494e+01
2.329989e+13,7.899236e+01
8.546829e+13,6.798515e+01
8.546829e+13,6.798515e+01
2.614300e+14,8.000000e+01
2.448467e+13,7.899301e+01
4.291424e+14,7.771448e+01
1.016571e+14,7.909580e+01
1.000273e+14,5.633399e+01
1.374322e+13,7.899514e+01
3.879167e+13,4.119948e+01
2.156384e+13,7.898867e+01
7.973217e+13,6.384118e+01
6.111869e+13,5.861617e+01
6.599608e+13,4.444259e+01
4.908218e+13,7.894587e+01
4.188353e+16,8.000000e+01
4.028626e+13,7.899810e+01
1.615067e+13,6.496404e+01
1.003508e+14,4.792593e+01
1.473599e+13,4.999313e+00
2.501431e+13,2.546440e+01
7.677437e+13,6.318055e+01
1.002162e+15,6.834550e+01
4.780057e+13,4.432248e+01
6.876740e+13,4.786587e+01
8.596435e+12,2.100000e+01
3.056607e+15,8.000000e+01
3.056607e+15,8.000000e+01
3.378972e+13,7.899856e+01
1.376534e+13,4.999896e+00
2.925703e+13,5.901540e+01
1.505510e+13,7.899699e+01
5.245809e+13,7.899255e+01
9.016953e+13,3.831672e+01
1.531155e+13,7.899594e+01
8.665583e+13,6.209951e+01
8.665583e+13,6.209951e+01
1.124357e+13,7.899677e+01
1.685520e+14,5.351128e+01
1.167019e+13,7.897007e+01
1.747557e+13,7.899444e+01
2.629310e+13,7.899461e+01
3.667259e+13,3.429286e+01
1.025487e+13,7.895060e+01
1.830861e+13,4.999561e+00
4.902812e+13,3.525378e+01
7.288577e+13,4.954748e+01
2.075282e+13,7.899456e+01
2.262283e+13,7.891699e+01
1.875333e+13,7.898605e+01
9.670255e+13,5.237019e+01
7.577790e+14,7.471160e+01
3.301298e+14,5.441214e+01
2.122400e+14,8.000000e+01
9.202168e+13,7.032740e+01
1.969552e+13,2.150060e+01
2.286463e+15,8.000000e+01
3.821520e+14,5.038829e+01
3.711565e+13,3.669517e+01
9.442638e+13,4.402219e+01
4.521854e+13,7.899383e+01
4.521854e+13,5.000001e+00
1.436441e+14,8.000000e+01
7.728630e+13,7.899482e+01
1.918130e+13,7.898997e+01
1.089992e+14,6.276015e+01
1.039977e+14,7.899203e+01
1.148581e+14,5.981732e+01
2.526320e+14,8.000000e+01
2.734765e+13,7.899826e+01
2.575405e+13,2.648538e+01
4.705182e+16,8.000000e+01
6.067247e+13,6.468199e+01
6.618959e+13,4.252075e+01
1.493186e+13,7.899211e+01
2.323064e+14,8.000000e+01
6.107009e+13,4.384202e+01
2.251213e+13,1.957876e+01
1.896381e+14,7.447137e+01
2.386631e+13,4.999909e+00
2.631686e+13,2.786671e+01
4.641429e+13,3.357217e+01
8.864370e+12,7.898961e+01
7.712898e+14,8.000000e+01
7.712898e+14,8.000000e+01
1.927893e+14,8.000000e+01
1.417749e+13,7.913567e+01
1.195810e+13,7.899482e+01
1.520182e+13,7.899144e+01
2.613736e+14,8.000000e+01
1.235368e+13,7.899880e+01
1.141753e+13,7.898347e+01
8.992709e+13,5.212996e+01
3.379340e+13,3.297160e+01
3.805760e+13,2.912791e+01
1.195128e+14,8.000000e+01
1.097477e+13,7.899852e+01
5.857355e+13,5.579347e+01
1.545057e+13,7.898178e+01
4.130809e+13,3.032907e+01
1.484926e+14,8.000000e+01
1.796752e+13,7.898582e+01
2.135803e+13,7.898269e+01
4.676331e+13,3.231096e+01
3.581983e+13,7.899037e+01
1.074033e+15,8.000000e+01
1.082605e+13,7.899760e+01
2.724975e+14,6.498227e+01
6.686166e+13,4.606414e+01
1.274061e+15,8.000000e+01
1.413756e+13,7.898014e+01
2.893790e+13,2.690578e+01
1.722574e+13,7.899536e+01
2.165015e+13,7.898764e+01
2.462640e+15,6.762481e+01
5.643346e+13,3.675522e+01
8.594776e+13,6.378112e+01
1.208381e+13,7.899423e+01
3.703540e+13,3.945781e+01
9.447303e+13,5.855612e+01
1.025038e+13,7.899843e+01
7.727841e+13,5.327105e+01
1.336756e+14,6.209951e+01
1.061652e+14,5.459232e+01
3.732259e+13,7.899581e+01
7.072193e+13,7.899670e+01
2.834837e+13,2.870751e+01
6.190893e+13,5.465238e+01
7.912461e+13,8.000000e+01
1.220889e+13,7.899359e+01
1.339071e+15,8.000000e+01
3.139683e+13,2.630521e+01
2.022463e+14,5.633399e+01
4.019824e+13,2.071986e+01
6.167371e+13,4.756558e+01
7.662272e+13,8.000000e+01
4.971353e+13,5.561330e+01
1.250716e+14,7.272970e+01
3.262934e+13,3.447304e+01
3.295076e+13,2.666555e+01
1.093938e+14,5.525295e+01
1.700829e+13,7.899328e+01
1.345632e+13,3.298856e+01
1.177588e+13,7.896241e+01
2.707027e+13,2.636527e+01
1.580316e+13,1.899873e+01
4.029232e+14,8.000000e+01
6.404337e+13,6.348084e+01
1.898184e+13,7.897795e+01
5.836155e+13,4.744547e+01
5.490606e+14,8.000000e+01
6.304398e+13,6.029779e+01
5.657407e+13,5.152938e+01
5.657407e+13,5.152938e+01
2.483261e+13,7.897354e+01
1.447390e+14,6.318055e+01
1.331286e+13,7.892267e+01
2.531031e+13,7.899333e+01
1.080972e+13,4.999651e+00
8.000549e+13,4.180006e+01
2.177262e+13,5.528717e+01
2.076948e+14,8.000000e+01
2.076948e+14,8.000000e+01
2.696322e+13,2.624515e+01
7.327981e+12,1.900000e+01
2.379050e+13,2.450348e+01
2.149023e+14,4.870668e+01
5.200976e+13,5.435209e+01
1.061467e+13,7.899774e+01
2.599354e+13,7.898522e+01
2.303765e+13,7.899262e+01
1.439499e+13,7.899612e+01
5.271882e+13,7.899552e+01
2.670567e+13,7.899434e+01
3.718623e+13,4.390207e+01
3.459460e+14,8.000000e+01
3.459460e+14,8.000000e+01
3.719223e+13,4.999174e+00
3.452813e+14,8.000000e+01
7.155924e+13,4.234058e+01
2.304458e+13,7.319156e+01
1.206883e+14,8.000000e+01
1.206883e+14,8.000000e+01
5.636440e+13,7.899665e+01
9.153642e+13,4.612420e+01
4.207921e+13,3.147016e+01
5.393501e+13,4.426242e+01
4.703741e+13,4.444259e+01
1.295079e+14,5.387163e+01
7.115971e+13,7.477166e+01
7.115971e+13,7.477166e+01
2.976684e+13,7.899250e+01
2.438832e+13,2.690578e+01
2.840486e+14,8.000000e+01
6.349765e+13,4.336155e+01
3.330473e+13,7.899549e+01
1.021979e+14,7.447137e+01
1.403300e+14,7.913053e+01
5.862293e+13,4.005839e+01
6.344293e+13,7.899831e+01
3.322123e+13,2.882763e+01
3.901514e+13,3.687534e+01
4.847892e+14,8.000000e+01
1.032128e+13,7.899685e+01
2.226540e+13,2.504400e+01
2.047073e+13,7.899288e+01
6.958852e+13,5.819577e+01
3.999955e+14,8.000000e+01
1.589357e+14,8.000000e+01
1.273094e+14,7.182884e+01
1.273094e+14,7.182884e+01
1.737034e+13,7.899137e+01
2.849421e+14,8.000000e+01
2.849421e+14,8.000000e+01
2.013576e+13,5.526044e+01
3.498469e+13,3.695965e+01
7.473042e+13,6.768486e+01
5.301481e+14,8.000000e+01
4.900108e+13,3.231096e+01
2.044968e+13,7.898588e+01
4.373449e+13,7.896793e+01
8.900741e+13,5.843600e+01
2.543621e+13,2.714601e+01
6.792476e+13,3.987822e+01
1.010478e+14,4.522334e+01
1.503133e+14,7.026734e+01
6.732194e+13,4.696501e+01
2.627606e+13,7.899640e+01
3.394053e+13,3.050924e+01
1.698398e+13,5.260252e+01
4.735697e+13,7.898990e+01
2.434718e+13,2.588481e+01
3.207219e+13,3.086958e+01
3.096668e+13,7.897738e+01
1.345172e+13,7.899781e+01
2.428157e+13,2.498394e+01
8.853194e+13,4.258081e+01
9.963267e+13,8.000000e+01
1.020185e+13,7.898739e+01
5.812730e+14,8.000000e+01
5.812730e+14,8.000000e+01
5.812730e+14,8.000000e+01
4.896055e+13,5.855612e+01
1.774909e+13,7.898350e+01
6.815405e+13,4.270092e+01
2.205674e+13,7.892746e+01
1.321797e+14,6.606331e+01
1.868242e+13,7.898905e+01
4.290966e+13,3.711557e+01
8.076818e+13,8.000000e+01
1.761832e+13,5.000123e+00
5.974277e+13,5.675439e+01
1.554188e+14,8.000000e+01
1.554188e+14,8.000000e+01
7.626345e+13,4.378196e+01
2.926972e+13,2.990866e+01
7.159350e+13,3.657505e+01
2.850246e+13,3.913151e+01
2.455125e+14,8.000000e+01
2.455125e+14,8.000000e+01
4.040182e+13,7.899786e+01
4.880299e+13,7.893900e+01
1.400920e+13,7.895848e+01
1.388086e+13,7.899762e+01
2.488213e+13,7.899314e+01
1.623319e+13,7.899410e+01
4.905668e+13,3.429286e+01
3.846600e+14,8.000000e+01
5.128833e+13,3.855695e+01
1.216950e+14,8.000000e+01
1.002579e+14,5.062852e+01
1.189007e+13,7.899671e+01
3.363538e+13,2.942820e+01
1.410814e+13,7.899713e+01
6.166137e+14,6.774492e+01
8.049693e+13,5.080869e+01
2.415350e+13,7.899715e+01
5.019183e+13,3.879718e+01
6.581261e+13,7.899718e+01
1.857216e+13,7.899533e+01
1.293177e+13,7.899166e+01
3.043636e+13,7.899399e+01
1.748143e+13,4.999746e+00
3.184326e+15,8.000000e+01
5.056497e+13,4.828627e+01
2.136518e+14,8.000000e+01
1.133904e+13,7.899811e+01
3.325725e+13,7.899851e+01
1.275857e+13,7.899860e+01
2.774030e+13,2.996872e+01
2.066607e+14,6.390124e+01
1.817850e+14,6.450181e+01
5.197640e+14,8.000000e+01
2.183283e+13,4.999961e+00
4.794028e+13,3.615465e+01
1.138739e+14,8.000000e+01
1.253257e+15,8.000000e+01
1.253257e+15,8.000000e+01
1.841339e+13,7.899260e+01
7.270379e+13,4.174000e+01
8.958373e+12,7.899794e+01
5.841811e+15,8.000000e+01
9.447864e+13,5.068858e+01
1.484390e+13,7.899682e+01
1.763671e+13,7.919145e+01
3.203775e+14,7.699379e+01
2.678989e+13,7.899868e+01
6.340334e+13,6.107853e+01
6.573567e+18,8.000000e+01
5.376228e+13,3.291154e+01
7.637002e+13,6.502215e+01
4.808660e+13,4.999986e+00
1.566487e+14,8.000000e+01
5.441335e+13,6.780498e+01
1.598662e+13,7.896012e+01
4.034293e+13,7.898784e+01
5.658447e+13,5.056846e+01
5.658447e+13,5.056846e+01
1.044166e+14,7.296993e+01
4.199804e+13,3.315177e+01
2.621657e+13,6.095030e+01
1.347512e+14,5.206990e+01
1.963668e+13,7.899291e+01
1.142553e+13,7.899766e+01
1.402058e+13,7.899672e+01
7.839395e+13,4.234058e+01
6.044440e+13,3.777620e+01
2.949886e+13,7.899677e+01
1.144257e+13,7.899723e+01
3.736894e+13,3.417275e+01
1.263937e+13,7.898931e+01
3.561856e+13,3.104976e+01
1.669942e+13,7.896593e+01
5.154525e+13,4.936731e+01
3.209082e+13,7.891498e+01
2.404379e+13,7.899356e+01
3.245231e+14,8.000000e+01
2.977518e+13,7.884313e+01
1.254433e+14,4.297873e+01
4.448191e+13,5.483255e+01
2.113660e+13,7.896551e+01
1.865186e+13,7.899429e+01
2.624879e+13,4.998344e+00
4.345650e+13,4.630437e+01
4.028418e+13,4.204029e+01
3.250020e+13,3.141010e+01
2.653509e+14,5.591358e+01
7.964574e+12,7.103262e+01
3.127104e+13,2.816699e+01
5.708920e+13,5.453226e+01
5.050543e+13,3.483338e+01
3.070401e+13,7.899725e+01
2.473619e+13,7.887942e+01
6.721737e+13,3.711557e+01
5.154730e+13,4.264086e+01
5.977268e+13,3.141010e+01
5.179558e+13,7.896931e+01
1.491972e+14,7.339033e+01
9.824901e+14,8.000000e+01
1.412900e+13,7.899653e+01
1.501034e+14,5.537307e+01
6.190302e+15,8.000000e+01
1.038618e+14,4.047879e+01
2.183074e+13,2.462360e+01
1.626858e+13,7.897899e+01
1.555032e+13,2.899815e+01
2.187586e+13,6.992109e+01
6.704699e+13,8.000000e+01
1.724529e+13,7.899545e+01
1.268678e+14,5.116904e+01
1.258590e+13,1.500000e+01
2.579178e+13,7.895858e+01
3.678164e+13,3.044918e+01
2.120699e+13,7.892041e+01
2.123575e+14,7.423114e+01
2.957660e+13,2.660550e+01
3.635537e+13,3.543396e+01
1.349195e+14,4.480294e+01
3.423495e+13,7.899262e+01
5.306466e+13,4.978771e+01
