N_HI,b_param_km_s
1.080426e+14,8.000000e+01
1.169793e+14,8.000000e+01
6.244502e+13,3.771682e+01
3.083920e+13,3.213137e+01
1.032528e+16,8.000000e+01
1.032528e+16,8.000000e+01
5.686258e+13,5.417289e+01
1.244979e+13,7.898585e+01
2.705178e+13,7.899175e+01
1.702352e+13,7.899479e+01
7.714856e+13,7.957769e+01
5.683953e+13,5.585453e+01
2.199266e+14,6.816655e+01
1.654729e+13,7.894403e+01
4.927361e+13,7.894793e+01
8.864446e+13,4.198099e+01
4.055530e+13,7.895787e+01
5.368201e+13,4.017923e+01
1.081798e+13,7.899728e+01
5.410375e+13,7.899407e+01
5.233498e+13,5.981840e+01
3.401872e+13,7.899883e+01
3.401872e+13,7.899858e+01
2.120414e+13,7.895087e+01
1.387293e+13,7.899352e+01
2.029144e+13,2.198146e+01
1.169479e+13,7.899740e+01
1.071875e+13,7.896878e+01
3.687086e+13,7.898063e+01
1.077225e+13,7.899772e+01
1.642926e+13,7.899114e+01
2.780779e+14,8.000000e+01
3.208075e+14,7.122954e+01
9.504053e+13,5.579447e+01
1.157124e+13,7.899448e+01
1.067933e+13,1.899640e+01
9.432789e+13,4.071975e+01
8.261358e+13,7.789605e+01
8.261358e+13,7.789605e+01
2.472132e+13,2.948879e+01
1.724167e+13,7.899718e+01
1.148088e+14,7.387212e+01
1.148088e+14,7.387212e+01
5.510680e+13,3.501418e+01
3.278460e+14,8.000000e+01
1.761444e+14,6.828667e+01
3.248426e+13,3.387307e+01
2.391693e+13,2.672609e+01
1.841509e+14,7.363189e+01
7.304122e+13,4.702591e+01
1.066879e+15,8.000000e+01
1.066879e+15,8.000000e+01
3.451501e+13,3.453371e+01
2.634560e+13,7.898657e+01
2.634560e+13,4.999995e+00
2.199855e+13,7.899684e+01
4.883332e+13,3.861770e+01
1.607059e+13,7.899719e+01
1.404969e+14,8.000000e+01
1.404969e+14,8.000000e+01
3.299560e+13,3.075002e+01
2.798171e+13,7.899665e+01
1.078817e+13,7.899801e+01
1.884323e+13,2.300000e+01
1.417072e+13,4.999766e+00
5.564710e+14,8.000000e+01
5.564710e+14,8.000000e+01
1.886418e+14,6.282133e+01
2.283525e+13,7.899503e+01
1.518399e+14,5.098978e+01
4.135486e+13,3.495412e+01
1.669231e+13,7.899524e+01
2.714432e+13,7.899577e+01
3.332181e+13,3.068996e+01
7.021892e+13,5.927787e+01
1.866524e+13,7.898989e+01
1.310408e+15,8.000000e+01
1.155708e+14,4.540433e+01
1.392269e+13,7.899491e+01
1.301469e+14,7.914350e+01
8.030988e+13,7.387212e+01
8.840164e+13,8.000000e+01
8.840164e+13,8.000000e+01
8.840164e+13,5.000014e+00
3.924554e+13,3.603518e+01
5.344253e+14,8.000000e+01
1.625485e+13,7.912786e+01
1.475532e+14,8.000000e+01
2.656227e+14,5.885746e+01
2.373203e+14,6.648491e+01
1.006810e+13,7.898944e+01
3.716568e+13,3.669583e+01
3.058517e+14,6.342192e+01
1.967513e+13,7.897402e+01
9.582753e+13,6.624467e+01
9.582753e+13,6.624467e+01
1.995034e+13,7.898934e+01
1.648951e+14,8.000000e+01
6.861842e+13,5.591459e+01
1.987862e+13,7.898902e+01
1.192599e+14,6.936772e+01
1.192599e+14,6.936772e+01
6.861955e+13,5.699564e+01
6.258208e+13,7.104936e+01
4.379674e+13,3.297219e+01
9.361661e+13,3.981887e+01
2.484624e+13,2.714650e+01
9.464725e+13,6.624467e+01
9.464725e+13,6.624467e+01
6.823851e+14,8.000000e+01
5.232303e+13,3.225149e+01
7.769177e+13,4.396292e+01
7.868744e+13,3.861770e+01
2.861535e+13,4.999975e+00
2.283330e+13,7.898557e+01
1.616246e+13,7.890438e+01
3.844497e+13,3.020949e+01
3.065901e+14,7.753570e+01
1.112253e+14,8.000000e+01
1.112253e+14,8.000000e+01
1.565533e+13,7.888217e+01
2.620255e+13,2.474416e+01
1.101401e+14,6.077934e+01
6.608533e+14,8.000000e+01
6.608533e+14,8.000000e+01
7.023175e+13,4.582474e+01
2.492672e+13,4.999855e+00
2.764249e+13,7.896338e+01
2.639817e+13,2.852785e+01
8.451131e+13,4.077981e+01
1.109009e+14,7.399224e+01
2.599080e+13,7.865917e+01
2.684633e+14,8.000000e+01
6.655413e+14,8.000000e+01
6.655413e+14,8.000000e+01
2.012894e+14,5.735600e+01
3.130560e+13,4.999320e+00
4.861383e+14,8.000000e+01
8.710737e+13,4.576468e+01
1.300089e+13,7.898378e+01
1.359454e+13,7.899538e+01
2.131843e+14,6.624467e+01
5.598089e+13,7.898951e+01
2.919964e+13,7.899146e+01
2.189576e+14,8.000000e+01
2.189576e+14,8.000000e+01
1.072781e+13,7.899303e+01
5.582968e+13,5.255130e+01
2.149027e+13,7.861322e+01
3.395017e+13,3.453371e+01
2.409778e+13,2.468410e+01
2.687421e+15,8.000000e+01
1.235393e+14,6.750590e+01
3.688482e+13,7.899177e+01
3.688482e+13,5.000001e+00
2.581267e+14,8.000000e+01
2.581267e+14,8.000000e+01
6.052116e+13,5.711576e+01
2.460185e+14,4.886765e+01
6.599149e+13,5.000010e+00
6.599149e+13,5.000010e+00
6.599149e+13,7.699517e+01
4.099187e+13,3.825735e+01
3.555140e+13,3.195119e+01
1.107423e+14,4.492386e+01
1.150141e+13,7.897169e+01
2.771546e+13,7.898553e+01
7.934271e+13,5.333207e+01
1.380614e+14,5.225101e+01
1.621217e+13,7.899179e+01
3.990909e+14,5.891752e+01
1.990900e+13,7.899641e+01
5.365486e+14,8.000000e+01
5.365486e+14,8.000000e+01
1.839250e+14,5.699564e+01
4.640084e+13,5.195072e+01
1.971526e+13,7.899172e+01
2.286166e+14,6.029887e+01
2.514143e+13,2.516457e+01
5.107113e+15,8.000000e+01
1.144971e+14,7.146977e+01
1.378880e+13,7.899618e+01
4.967333e+13,7.899377e+01
8.555294e+13,4.312210e+01
2.408861e+14,6.744585e+01
2.323221e+13,7.916089e+01
1.841405e+14,6.750590e+01
8.046694e+13,6.071928e+01
1.352211e+15,8.000000e+01
1.302663e+13,7.891290e+01
3.076851e+13,7.897121e+01
1.541909e+13,7.896034e+01
1.056345e+14,6.918755e+01
1.056345e+14,6.918755e+01
6.074622e+13,7.898168e+01
6.074622e+13,5.567435e+01
6.721592e+13,3.837747e+01
1.805821e+14,8.000000e+01
6.233174e+13,6.540385e+01
2.081743e+13,7.899251e+01
5.448148e+13,3.759670e+01
7.878222e+13,5.153031e+01
5.976148e+13,7.014848e+01
1.846589e+13,7.898994e+01
7.860128e+14,7.843658e+01
1.066104e+14,4.864749e+01
1.157724e+14,5.123001e+01
6.704210e+13,5.026908e+01
3.612940e+14,7.645464e+01
3.432791e+13,3.543459e+01
8.579585e+13,4.474368e+01
2.293553e+13,7.896465e+01
2.025883e+14,8.000000e+01
2.025883e+14,8.000000e+01
1.418538e+14,8.000000e+01
1.418538e+14,8.000000e+01
2.559983e+13,2.954885e+01
2.278621e+13,7.899449e+01
2.699358e+14,8.000000e+01
2.699358e+14,8.000000e+01
8.805684e+13,4.300198e+01
1.998915e+15,8.000000e+01
1.768996e+13,7.898469e+01
1.713897e+13,7.899293e+01
2.595039e+13,7.899526e+01
1.285465e+13,7.899800e+01
1.615850e+14,8.000000e+01
2.526375e+13,7.893616e+01
2.540374e+14,8.000000e+01
2.540374e+14,8.000000e+01
1.555130e+14,6.582426e+01
1.009182e+14,5.741605e+01
7.270577e+14,8.000000e+01
1.118957e+14,5.657523e+01
2.195853e+13,7.898817e+01
9.692787e+13,4.288186e+01
3.813575e+13,7.899551e+01
3.255502e+15,8.000000e+01
1.703945e+14,8.000000e+01
2.776275e+13,7.899475e+01
8.370923e+13,7.735552e+01
8.370923e+13,7.735552e+01
6.446856e+14,8.000000e+01
6.446856e+14,8.000000e+01
1.428114e+13,7.899586e+01
8.277458e+13,4.390286e+01
2.894446e+13,3.261184e+01
1.054479e+14,7.411235e+01
1.688463e+13,4.999913e+00
1.988376e+13,3.498983e+01
4.005059e+15,8.000000e+01
4.005059e+15,8.000000e+01
8.606610e+13,5.405277e+01
5.888018e+13,4.228128e+01
3.053702e+13,2.984914e+01
1.581669e+13,7.899765e+01
2.489385e+13,7.898496e+01
2.724242e+13,2.666603e+01
4.492757e+13,5.621488e+01
1.251395e+13,7.895488e+01
2.227666e+13,7.897187e+01
5.696083e+13,8.000000e+01
2.072987e+13,4.999793e+00
3.572590e+13,3.447366e+01
1.193503e+13,7.899523e+01
5.684342e+13,4.372269e+01
3.297595e+13,7.897655e+01
2.094679e+14,8.000000e+01
2.094679e+14,8.000000e+01
2.108163e+14,8.000000e+01
2.108163e+14,8.000000e+01
2.108163e+14,8.000000e+01
3.745347e+13,3.375295e+01
1.210651e+13,7.899146e+01
3.479991e+13,7.899555e+01
5.258329e+14,8.000000e+01
5.258329e+14,8.000000e+01
5.014581e+13,3.963870e+01
2.841899e+14,8.000000e+01
1.634458e+15,8.000000e+01
2.307250e+13,4.998748e+00
1.748095e+14,8.000000e+01
8.640738e+13,7.327153e+01
2.436988e+14,6.624467e+01
2.397414e+13,7.897856e+01
4.239727e+15,8.000000e+01
4.239727e+15,8.000000e+01
8.424333e+13,7.183013e+01
1.505325e+13,7.899833e+01
2.598338e+13,2.432375e+01
5.908069e+14,8.000000e+01
2.962276e+13,7.897763e+01
3.403679e+13,7.890596e+01
2.864551e+13,7.897621e+01
1.296988e+13,7.899448e+01
1.277519e+13,7.899448e+01
1.958205e+13,7.899512e+01
2.690925e+13,7.899499e+01
5.127555e+13,7.339165e+01
1.906337e+13,2.498190e+01
1.979749e+13,7.899621e+01
3.237315e+13,7.893373e+01
3.951521e+13,3.699612e+01
3.618844e+13,3.471389e+01
1.067733e+13,7.899427e+01
1.337056e+13,7.899639e+01
8.244038e+13,4.696585e+01
3.981547e+14,8.000000e+01
1.450408e+13,7.899696e+01
3.844063e+13,4.999695e+00
3.714821e+13,3.999905e+01
2.793342e+13,7.897715e+01
2.516328e+13,2.642580e+01
6.065449e+13,3.573489e+01
1.891977e+14,8.000000e+01
2.477472e+13,7.123289e+01
2.423415e+13,7.897008e+01
2.501602e+13,7.899433e+01
1.966388e+13,7.899446e+01
1.895959e+13,7.899572e+01
8.294382e+13,6.558403e+01
8.294382e+13,6.558403e+01
2.505624e+13,2.762697e+01
2.153776e+13,2.384328e+01
1.997287e+16,8.000000e+01
5.246346e+13,4.762650e+01
2.859046e+14,8.000000e+01
2.859046e+14,8.000000e+01
1.254106e+13,7.899535e+01
2.446039e+13,7.897999e+01
4.265894e+13,3.975882e+01
3.696428e+13,4.083987e+01
5.049416e+14,8.000000e+01
5.049416e+14,8.000000e+01
5.049416e+14,8.000000e+01
4.092046e+13,3.309231e+01
4.537987e+13,7.899682e+01
4.537987e+13,4.999998e+00
1.762697e+13,7.899756e+01
2.530338e+13,2.702639e+01
1.161389e+13,7.899635e+01
2.537204e+13,7.894848e+01
2.063300e+13,7.898944e+01
2.210691e+13,7.898867e+01
9.178396e+13,7.411235e+01
4.391204e+13,4.996878e+01
1.108184e+14,5.261136e+01
7.811552e+13,5.405277e+01
2.903343e+13,7.899734e+01
5.679881e+13,5.000006e+00
5.679881e+13,7.899616e+01
5.679881e+13,5.000000e+00
3.123348e+15,8.000000e+01
1.869696e+14,8.000000e+01
7.397439e+13,8.000000e+01
2.332275e+13,7.893385e+01
4.769580e+13,3.789700e+01
1.626827e+14,7.687505e+01
1.626827e+14,7.687505e+01
1.369301e+13,4.999860e+00
2.589578e+13,7.897472e+01
1.109684e+14,4.444339e+01
1.127759e+13,7.899759e+01
2.285153e+13,7.899501e+01
2.549286e+13,2.834768e+01
2.624921e+14,6.594438e+01
2.134992e+13,7.899367e+01
3.350114e+13,3.165090e+01
2.188744e+13,7.898985e+01
2.633111e+14,8.000000e+01
2.633111e+14,8.000000e+01
2.913820e+14,8.000000e+01
8.584906e+13,4.999941e+00
2.835811e+13,3.014943e+01
5.304566e+13,4.059964e+01
1.577857e+13,7.899759e+01
2.107151e+13,7.886427e+01
1.793194e+13,7.897419e+01
3.551010e+13,7.899520e+01
4.249251e+13,7.899991e+01
4.249251e+13,7.898887e+01
2.943959e+13,7.889379e+01
1.707965e+13,7.898639e+01
3.257609e+13,7.899000e+01
3.948989e+13,3.873782e+01
1.901787e+14,8.000000e+01
1.631961e+14,8.000000e+01
1.631961e+14,8.000000e+01
3.232436e+13,3.495412e+01
3.421548e+13,7.887871e+01
4.577614e+13,4.999916e+00
2.784245e+14,8.000000e+01
1.828358e+13,7.896536e+01
2.152347e+13,5.000000e+00
2.821738e+13,4.998168e+00
5.263188e+13,4.240140e+01
1.461551e+13,7.899594e+01
1.374813e+14,8.000000e+01
2.764682e+13,2.966897e+01
1.370340e+13,7.906204e+01
2.988078e+13,2.774709e+01
1.702682e+13,7.899468e+01
3.480564e+13,1.899580e+01
1.107988e+14,4.162063e+01
8.420391e+13,5.363236e+01
2.181560e+13,4.094539e+01
6.904670e+13,5.020902e+01
2.661065e+14,8.000000e+01
4.179367e+13,3.459377e+01
1.417433e+16,8.000000e+01
1.417433e+16,8.000000e+01
4.726942e+13,3.447366e+01
3.583785e+13,7.898149e+01
2.439102e+14,8.000000e+01
2.439102e+14,8.000000e+01
1.482253e+13,7.899587e+01
3.779306e+13,3.231155e+01
1.820132e+14,5.639506e+01
2.227467e+13,7.898051e+01
2.697847e+13,7.898505e+01
7.910534e+13,4.564456e+01
6.159513e+13,4.390286e+01
2.977231e+13,7.126099e+01
3.468883e+13,4.089993e+01
1.444019e+13,7.899777e+01
2.465023e+13,7.893411e+01
2.110307e+13,7.894810e+01
3.464547e+13,2.822756e+01
1.183616e+13,7.897655e+01
1.583477e+13,7.899657e+01
2.738483e+13,7.899708e+01
1.700804e+14,6.780620e+01
4.003078e+13,3.687600e+01
4.029131e+13,3.741653e+01
1.117405e+14,4.999862e+00
1.117405e+14,5.000042e+00
6.742978e+13,7.128960e+01
1.292924e+13,7.899790e+01
1.351292e+13,7.893478e+01
1.429524e+13,7.899480e+01
3.271226e+13,7.898457e+01
1.879599e+13,7.898158e+01
6.148907e+13,3.705618e+01
9.976692e+14,8.000000e+01
3.707816e+14,8.000000e+01
1.174038e+14,8.000000e+01
5.604327e+13,7.899138e+01
5.604327e+13,7.899341e+01
2.049651e+14,8.000000e+01
1.610077e+13,7.899133e+01
1.294839e+14,6.708549e+01
4.717833e+13,3.387307e+01
1.002774e+14,5.537406e+01
3.451040e+13,4.258157e+01
3.451040e+13,5.000002e+00
2.870561e+13,4.294192e+01
8.595170e+13,7.219048e+01
9.013315e+13,8.000000e+01
7.226681e+13,7.411235e+01
1.550329e+13,7.899402e+01
1.189027e+13,7.899045e+01
6.881970e+13,7.899996e+01
6.881970e+13,7.975787e+01
8.806296e+13,5.086966e+01
2.624974e+13,2.798732e+01
6.013964e+13,8.000000e+01
2.156494e+13,2.396339e+01
2.767784e+13,3.219143e+01
1.631880e+14,5.903764e+01
2.766099e+13,7.893945e+01
1.845353e+14,6.672514e+01
1.845353e+14,6.672514e+01
1.211531e+14,8.000000e+01
1.041248e+14,7.489818e+01
1.041248e+14,7.342397e+01
4.000153e+13,7.899415e+01
7.947081e+13,4.083987e+01
2.927144e+14,8.000000e+01
1.343210e+14,6.390239e+01
1.343210e+14,6.390239e+01
2.741953e+13,7.885967e+01
4.334244e+13,3.321242e+01
3.623282e+13,7.898897e+01
2.441886e+13,7.925050e+01
4.730599e+13,3.783694e+01
1.270461e+13,7.897686e+01
3.101472e+13,7.899227e+01
6.293546e+13,4.834720e+01
2.083408e+13,7.895308e+01
1.526303e+13,7.898934e+01
1.985079e+13,7.899545e+01
3.893605e+13,5.000090e+00
3.688307e+13,3.393313e+01
4.530887e+13,7.899656e+01
2.451510e+13,7.899723e+01
5.959043e+13,4.041946e+01
1.671910e+13,7.898852e+01
1.047765e+13,7.899811e+01
5.765251e+13,5.291166e+01
3.752183e+13,3.777688e+01
1.081086e+14,4.408304e+01
4.819634e+13,7.895878e+01
2.453740e+13,7.898947e+01
1.611442e+13,7.895802e+01
5.082274e+13,4.198099e+01
1.899810e+14,8.000000e+01
3.513041e+13,7.899340e+01
1.296517e+13,7.899376e+01
2.355599e+13,7.898964e+01
5.684127e+13,6.528374e+01
5.939935e+13,3.993899e+01
1.494663e+13,7.899816e+01
2.210984e+13,7.899545e+01
1.909042e+13,7.898640e+01
1.333120e+14,7.899441e+01
1.333120e+14,4.999996e+00
9.952342e+12,7.899738e+01
2.268602e+13,7.897584e+01
2.405662e+13,7.898088e+01
9.735713e+13,6.594438e+01
3.569905e+13,7.899806e+01
4.116122e+13,3.405325e+01
3.416078e+13,7.898238e+01
3.190302e+13,7.895097e+01
2.471448e+13,7.898186e+01
2.162267e+13,7.898590e+01
4.390331e+14,7.651470e+01
3.440942e+13,7.896516e+01
5.433501e+13,3.813723e+01
1.572108e+13,7.899284e+01
3.607205e+13,4.071975e+01
6.025971e+13,4.312210e+01
1.547741e+14,5.068949e+01
2.135990e+13,7.898847e+01
1.463397e+13,7.899711e+01
2.188934e+13,7.898824e+01
7.100346e+13,4.144046e+01
1.287854e+13,7.893946e+01
1.985205e+13,7.897690e+01
6.512311e+17,8.000000e+01
5.483345e+13,4.264163e+01
9.135142e+13,4.318216e+01
1.347810e+13,7.899427e+01
1.529451e+13,7.899236e+01
2.942689e+13,3.315237e+01
5.518195e+13,5.177054e+01
1.256870e+14,7.037142e+01
1.256870e+14,8.000000e+01
4.275892e+14,8.000000e+01
2.056740e+13,7.897400e+01
3.421020e+13,7.899605e+01
3.504868e+13,7.899423e+01
1.224687e+13,7.899528e+01
1.820072e+14,8.000000e+01
1.820072e+14,8.000000e+01
4.480701e+13,4.102005e+01
2.291271e+13,7.899293e+01
4.046673e+13,2.654592e+01
3.576772e+13,4.065970e+01
1.882456e+13,7.899512e+01
1.581480e+13,7.898685e+01
9.266559e+13,7.898488e+01
1.563328e+13,7.898850e+01
2.558688e+14,8.000000e+01
1.063414e+19,8.000000e+01
1.063414e+19,8.000000e+01
1.417128e+15,8.000000e+01
1.417128e+15,8.000000e+01
2.765563e+13,2.822756e+01
4.845972e+13,5.303177e+01
3.465078e+13,2.804738e+01
7.289693e+13,4.029934e+01
3.089472e+13,3.273196e+01
3.377672e+13,3.285207e+01
7.231499e+13,5.543412e+01
1.127264e+13,7.899633e+01
6.958648e+13,6.822661e+01
2.638178e+13,7.899547e+01
1.418193e+15,7.921734e+01
5.645932e+13,4.432327e+01
6.098868e+13,6.282133e+01
1.738966e+13,7.899864e+01
1.143478e+14,4.486380e+01
1.357944e+14,6.204057e+01
4.093189e+14,6.276127e+01
7.951623e+14,8.000000e+01
2.697870e+13,7.898468e+01
1.421917e+13,6.113503e+01
2.905964e+14,8.000000e+01
2.112174e+13,7.899241e+01
6.903404e+13,7.899083e+01
7.015336e+13,7.899302e+01
1.898392e+13,7.898792e+01
1.082430e+13,7.899764e+01
2.083568e+13,7.899472e+01
8.305897e+13,4.444339e+01
2.674888e+13,2.822756e+01
8.606790e+13,7.899209e+01
4.413031e+13,4.059964e+01
7.056229e+13,5.225101e+01
6.448505e+13,5.074955e+01
6.854411e+13,3.681594e+01
4.163115e+13,3.111037e+01
4.690778e+14,8.000000e+01
1.875420e+13,7.898253e+01
1.788821e+13,2.499314e+01
2.678225e+13,4.999591e+00
1.406330e+13,7.898038e+01
6.804646e+13,5.129007e+01
1.712739e+13,7.899589e+01
6.236326e+13,4.684573e+01
5.645464e+13,4.912796e+01
1.130045e+14,5.681547e+01
2.466488e+13,7.896089e+01
2.027247e+13,7.898947e+01
8.861164e+13,4.288186e+01
3.183397e+13,7.899455e+01
3.183397e+13,7.899530e+01
1.539071e+13,7.899454e+01
1.983581e+13,7.899475e+01
1.859967e+13,7.899639e+01
2.171724e+13,7.899661e+01
1.863010e+13,7.899450e+01
6.041687e+13,5.110990e+01
4.474550e+13,3.093020e+01
2.506506e+13,7.899854e+01
2.506506e+13,7.899845e+01
5.234677e+14,8.000000e+01
5.234677e+14,8.000000e+01
3.874913e+13,3.921829e+01
1.859637e+13,7.890478e+01
2.980488e+13,7.894325e+01
2.742254e+13,7.897411e+01
6.271909e+13,6.468315e+01
1.571525e+13,7.898613e+01
2.797003e+14,8.000000e+01
2.254705e+13,7.898897e+01
1.815292e+13,7.899742e+01
5.404066e+13,5.771635e+01
5.404066e+13,5.000010e+00
8.417022e+13,5.915775e+01
3.744836e+13,3.339260e+01
5.268520e+13,7.899115e+01
4.749892e+13,4.180081e+01
1.858869e+13,7.897439e+01
7.486527e+13,6.137992e+01
3.194491e+13,7.899436e+01
1.755755e+14,6.408256e+01
3.482047e+13,3.056984e+01
6.736632e+13,4.330228e+01
5.065067e+14,8.000000e+01
5.065067e+14,8.000000e+01
5.065067e+14,8.000000e+01
1.049202e+13,7.899639e+01
2.470391e+13,2.456398e+01
2.356821e+13,7.899534e+01
2.181276e+14,6.510356e+01
5.326053e+13,3.717629e+01
1.279545e+14,6.798637e+01
5.144666e+14,8.000000e+01
2.549102e+14,8.000000e+01
2.549102e+14,8.000000e+01
1.503579e+13,7.895187e+01
2.724907e+13,7.899461e+01
5.725429e+13,4.059964e+01
1.609419e+15,8.000000e+01
1.609419e+15,8.000000e+01
2.869838e+13,7.895791e+01
1.528978e+13,7.899628e+01
1.080685e+13,7.899631e+01
5.341885e+13,5.068949e+01
2.299143e+13,7.873659e+01
3.592256e+13,3.249172e+01
4.581164e+13,3.531448e+01
8.345795e+13,4.930814e+01
1.748432e+14,8.000000e+01
5.594609e+14,2.859773e+01
1.043329e+13,7.899172e+01
1.067261e+13,7.899635e+01
3.528785e+13,3.699612e+01
1.450188e+13,3.499186e+01
2.535728e+13,7.936262e+01
1.124221e+14,8.000000e+01
4.982481e+13,7.897657e+01
2.540647e+14,7.116948e+01
7.071360e+14,8.000000e+01
2.503429e+13,2.552492e+01
3.486051e+13,7.899468e+01
2.718396e+13,7.888794e+01
3.931721e+13,7.893049e+01
6.298455e+13,3.735647e+01
2.088634e+13,7.899183e+01
1.432619e+13,7.899794e+01
3.890905e+13,3.621536e+01
8.540302e+13,5.393265e+01
8.540302e+13,5.393265e+01
7.258062e+13,6.828667e+01
7.258062e+13,6.828667e+01
2.225084e+13,7.891407e+01
2.398452e+14,8.000000e+01
2.398452e+14,8.000000e+01
2.880582e+13,7.899057e+01
3.036646e+14,8.000000e+01
3.036646e+14,8.000000e+01
1.462139e+13,7.899369e+01
3.772091e+13,3.002932e+01
6.793182e+13,5.663529e+01
4.277485e+13,7.899854e+01
4.277485e+13,6.131987e+01
3.856274e+13,5.000048e+00
3.856274e+13,5.000176e+00
3.024938e+14,8.000000e+01
3.795624e+13,5.153031e+01
1.849186e+13,7.892024e+01
1.262975e+14,7.909722e+01
1.792665e+13,7.899640e+01
3.321054e+13,2.864797e+01
1.445359e+13,7.899867e+01
1.821732e+14,8.000000e+01
1.821732e+14,8.000000e+01
1.821732e+14,8.000000e+01
1.072438e+14,4.768656e+01
1.823159e+13,7.894260e+01
2.105624e+13,7.899476e+01
6.057989e+13,5.104984e+01
1.995264e+14,7.399224e+01
1.016193e+13,7.899764e+01
1.407330e+14,5.711576e+01
2.009418e+13,5.922385e+01
5.587744e+13,3.705618e+01
7.060355e+14,7.897710e+01
2.445250e+13,7.899714e+01
5.822424e+13,5.657523e+01
8.374844e+13,5.038919e+01
2.724111e+13,2.804738e+01
1.483500e+13,7.444881e+01
2.658517e+13,7.898746e+01
1.277268e+13,7.899313e+01
1.426586e+13,7.899660e+01
4.501724e+13,3.627541e+01
3.449485e+13,2.840773e+01
6.492981e+14,8.000000e+01
6.492981e+14,8.000000e+01
3.254983e+14,8.000000e+01
8.965606e+13,4.354251e+01
2.050611e+14,8.000000e+01
1.745021e+13,7.899858e+01
7.590616e+13,3.903811e+01
2.590056e+13,2.660597e+01
1.007408e+14,8.000000e+01
7.484754e+13,6.306157e+01
7.484754e+13,6.306157e+01
2.529081e+13,5.254796e+01
5.256827e+13,4.095999e+01
1.413588e+13,7.899740e+01
1.115528e+14,5.975834e+01
1.646324e+13,7.899099e+01
9.799181e+15,8.000000e+01
1.962354e+14,5.459330e+01
1.396747e+14,6.942778e+01
9.968988e+13,5.141019e+01
3.824417e+13,3.885794e+01
1.348448e+13,7.899778e+01
2.891323e+14,6.210063e+01
1.783774e+14,8.000000e+01
5.158725e+13,4.552444e+01
2.954392e+13,7.877469e+01
8.681963e+13,7.357183e+01
8.681963e+13,7.357183e+01
1.467961e+13,7.899395e+01
9.376371e+13,4.438333e+01
4.826999e+13,3.771682e+01
2.521899e+13,7.899192e+01
1.553656e+14,8.000000e+01
1.553656e+14,8.000000e+01
4.469840e+13,7.899818e+01
4.469840e+13,7.899778e+01
2.101887e+14,5.903764e+01
4.741858e+13,4.041946e+01
1.706416e+14,5.068949e+01
2.712935e+13,7.871290e+01
1.629345e+13,7.898711e+01
2.579305e+13,2.768703e+01
1.432394e+14,6.942778e+01
3.924281e+13,3.405325e+01
5.314037e+13,7.899466e+01
2.601813e+14,6.204057e+01
3.136461e+14,7.399224e+01
2.211529e+14,6.041899e+01
5.830688e+13,7.537359e+01
1.300537e+14,7.098931e+01
1.300537e+14,7.098931e+01
7.341089e+13,6.990825e+01
5.380119e+13,7.891666e+01
2.179799e+13,7.899411e+01
4.898650e+13,5.417289e+01
1.828933e+13,7.899557e+01
1.683668e+13,7.899646e+01
1.025406e+14,8.000000e+01
1.278496e+13,7.897929e+01
3.444615e+13,4.029934e+01
1.942132e+13,7.899612e+01
7.888153e+13,5.423295e+01
3.800354e+13,7.918852e+01
3.800354e+13,7.921340e+01
1.614585e+14,8.000000e+01
3.367762e+13,3.663577e+01
2.572173e+13,2.594533e+01
8.659606e+13,4.204104e+01
2.515850e+13,7.898312e+01
2.169340e+14,8.000000e+01
9.927740e+13,5.098978e+01
5.697475e+13,5.333207e+01
8.792548e+13,6.023881e+01
8.489774e+13,5.657523e+01
1.900628e+13,7.899717e+01
2.834298e+14,8.000000e+01
2.834298e+14,8.000000e+01
1.209358e+14,5.639506e+01
3.337547e+13,2.894826e+01
5.048929e+13,4.252151e+01
2.582272e+15,8.000000e+01
2.582272e+15,8.000000e+01
2.582272e+15,8.000000e+01
6.139867e+13,5.993852e+01
1.213835e+14,7.999810e+01
1.648984e+14,8.000000e+01
1.648984e+14,8.000000e+01
1.666728e+13,4.094453e+01
3.052675e+13,5.000012e+00
1.181311e+13,7.899862e+01
1.014174e+14,4.924808e+01
6.444093e+13,8.000000e+01
1.175518e+13,2.100000e+01
2.379991e+13,7.941004e+01
1.135850e+15,8.000000e+01
1.135850e+15,8.000000e+01
3.538227e+13,3.165090e+01
7.593654e+13,6.768608e+01
7.593654e+13,6.768608e+01
3.353157e+13,2.972902e+01
9.845880e+13,6.210063e+01
2.484514e+13,2.810744e+01
2.579838e+13,2.666603e+01
1.108910e+14,5.273148e+01
3.761026e+13,3.153078e+01
9.764035e+13,4.828714e+01
2.599891e+13,7.899403e+01
5.263303e+13,5.000003e+00
5.263303e+13,5.014896e+01
7.608109e+13,7.579400e+01
7.608109e+13,7.579400e+01
1.601267e+13,7.899779e+01
1.310205e+13,4.999792e+00
4.293498e+13,3.831741e+01
3.733722e+13,7.899420e+01
3.646922e+14,5.825687e+01
1.912913e+13,4.999014e+00
1.205994e+14,7.249077e+01
5.771739e+13,6.119975e+01
5.771739e+13,6.119975e+01
5.279030e+13,3.945852e+01
1.198848e+13,7.899844e+01
5.951979e+13,3.789700e+01
2.810533e+13,3.621536e+01
8.717615e+13,5.939799e+01
4.725182e+13,4.132034e+01
9.316235e+13,5.927787e+01
4.615326e+13,5.501371e+01
1.397946e+13,7.897904e+01
2.234798e+13,7.898900e+01
5.046604e+13,3.381301e+01
8.501713e+13,8.000000e+01
8.501713e+13,8.000000e+01
2.242001e+14,8.000000e+01
2.558476e+13,7.899219e+01
3.457045e+13,7.898993e+01
1.820332e+13,7.899512e+01
3.235920e+13,7.898885e+01
2.302893e+13,7.899056e+01
2.661843e+13,2.924855e+01
1.960434e+13,4.998900e+00
1.527578e+13,7.899391e+01
1.655884e+14,6.696538e+01
2.908785e+13,3.032961e+01
1.303259e+15,8.000000e+01
1.303259e+15,8.000000e+01
1.905062e+13,7.898741e+01
2.623999e+13,7.898585e+01
3.836031e+14,8.000000e+01
3.836031e+14,8.000000e+01
4.692633e+13,4.408304e+01
3.073283e+14,6.168022e+01
8.730021e+13,7.357183e+01
8.730021e+13,7.357183e+01
3.996835e+13,3.675588e+01
3.981390e+13,7.899778e+01
5.471416e+13,5.369242e+01
2.287605e+13,2.450392e+01
2.418355e+14,7.116948e+01
2.276376e+13,7.899514e+01
5.478701e+13,4.150052e+01
1.160969e+13,7.899759e+01
3.428757e+13,3.147072e+01
7.198576e+13,4.234134e+01
2.532513e+13,4.999775e+00
2.242179e+13,7.894142e+01
1.646274e+13,7.899411e+01
1.988378e+14,7.513335e+01
4.325282e+13,4.999975e+00
4.325282e+13,4.999973e+00
1.438012e+13,7.899669e+01
1.837403e+13,7.899579e+01
6.125787e+13,5.110990e+01
4.814213e+13,5.429301e+01
1.050893e+18,8.000000e+01
1.050893e+18,8.000000e+01
1.207595e+13,6.493726e+01
5.179437e+13,4.894779e+01
3.283118e+13,3.873782e+01
9.745180e+13,8.000000e+01
3.896468e+13,3.891799e+01
3.404050e+13,2.810744e+01
9.145207e+13,4.098699e+01
7.178038e+13,5.000026e+00
7.178038e+13,5.855717e+01
8.107641e+13,7.603423e+01
3.303413e+13,2.732668e+01
2.697651e+13,6.887541e+01
1.284370e+13,7.894574e+01
1.760004e+13,7.899689e+01
2.702352e+13,7.936022e+01
2.783171e+13,7.898934e+01
2.830922e+13,4.288858e+01
5.037312e+13,3.747659e+01
1.073333e+15,8.000000e+01
1.073333e+15,8.000000e+01
3.653740e+14,8.000000e+01
3.653740e+14,8.000000e+01
3.653740e+14,8.000000e+01
6.821755e+13,4.708597e+01
1.837739e+13,4.999916e+00
9.671275e+13,5.447318e+01
3.633202e+14,8.000000e+01
3.593262e+14,7.369194e+01
8.205968e+13,5.867729e+01
2.109998e+14,8.000000e+01
2.295133e+13,7.899141e+01
3.594929e+13,3.411330e+01
3.567039e+13,3.447366e+01
8.878485e+12,7.899849e+01
1.357244e+13,7.881442e+01
2.753448e+13,7.899714e+01
6.142925e+14,8.000000e+01
9.197906e+13,7.987798e+01
6.462050e+14,8.000000e+01
1.109607e+14,8.000000e+01
6.292584e+13,3.495412e+01
3.246223e+13,2.798732e+01
3.214380e+13,2.882814e+01
1.666373e+14,8.000000e+01
1.666373e+14,8.000000e+01
5.948164e+13,4.660550e+01
2.476472e+14,8.000000e+01
2.476472e+14,8.000000e+01
2.550617e+13,2.546486e+01
1.695543e+14,7.195024e+01
1.535573e+13,7.899204e+01
4.866985e+13,3.999905e+01
3.044193e+14,8.000000e+01
3.044193e+14,8.000000e+01
3.044193e+14,8.000000e+01
9.517980e+12,7.899270e+01
7.031901e+14,7.879693e+01
2.569966e+13,7.898051e+01
1.847954e+14,5.243119e+01
1.368699e+14,4.438333e+01
1.011059e+14,5.447318e+01
4.134028e+14,8.000000e+01
4.134028e+14,8.000000e+01
2.671092e+13,7.899220e+01
1.937441e+14,8.000000e+01
1.937441e+14,8.000000e+01
5.375250e+13,3.813723e+01
9.578447e+13,2.714650e+01
1.192340e+13,4.999843e+00
1.740937e+13,7.895459e+01
2.011593e+13,7.898281e+01
4.609758e+13,3.873782e+01
3.621416e+13,3.747659e+01
8.683290e+13,5.549418e+01
2.947043e+14,7.657476e+01
9.224762e+13,5.969828e+01
1.287701e+14,6.870708e+01
6.392838e+13,4.738626e+01
6.392838e+13,4.738626e+01
3.762155e+14,8.000000e+01
1.018196e+14,5.393265e+01
2.384936e+14,8.000000e+01
2.384936e+14,8.000000e+01
8.113254e+13,4.648538e+01
2.132683e+13,7.899531e+01
5.834704e+14,8.000000e+01
5.834704e+14,8.000000e+01
2.594234e+13,2.906838e+01
1.255277e+14,8.000000e+01
1.255277e+14,8.000000e+01
1.796515e+13,7.899107e+01
2.703691e+14,6.174028e+01
1.825411e+15,8.000000e+01
1.825411e+15,8.000000e+01
1.571442e+13,7.899001e+01
1.192231e+14,8.000000e+01
3.579122e+13,3.675588e+01
5.114937e+13,4.252151e+01
5.145164e+14,6.942778e+01
2.796233e+13,2.654592e+01
4.043053e+14,8.000000e+01
3.332935e+13,3.813723e+01
9.757270e+14,6.948784e+01
1.819136e+13,7.898687e+01
4.006264e+13,4.240140e+01
1.443781e+14,5.315189e+01
2.164879e+14,8.000000e+01
2.428789e+13,7.899632e+01
1.636249e+13,7.695290e+01
2.496232e+13,2.684621e+01
1.414926e+14,5.375248e+01
4.049768e+13,4.017923e+01
1.377179e+13,7.913905e+01
3.524746e+13,3.219143e+01
1.976999e+13,7.899174e+01
5.422110e+13,3.489407e+01
1.487511e+13,7.899620e+01
2.864465e+14,8.000000e+01
2.304879e+13,7.897402e+01
1.191311e+14,8.000000e+01
1.191311e+14,8.000000e+01
1.367599e+13,7.899205e+01
2.206145e+13,7.896759e+01
1.587378e+13,7.899780e+01
5.791291e+13,3.531448e+01
6.267564e+13,2.098517e+01
2.584088e+13,7.896896e+01
1.190439e+14,6.774614e+01
1.666692e+13,7.899073e+01
8.906133e+14,7.249077e+01
5.782735e+13,3.909817e+01
2.945635e+13,7.896736e+01
1.528919e+14,8.000000e+01
1.528919e+14,8.000000e+01
2.761904e+14,8.000000e+01
1.285805e+13,7.898549e+01
4.283269e+13,7.899128e+01
4.283269e+13,7.899515e+01
1.187710e+14,6.696538e+01
1.801826e+13,2.099691e+01
1.855128e+13,7.899750e+01
1.852332e+13,7.899733e+01
1.252309e+14,7.399224e+01
1.252309e+14,7.399224e+01
1.372362e+13,7.899460e+01
3.029015e+13,3.117043e+01
5.987335e+13,3.765676e+01
2.086982e+13,7.895864e+01
3.727315e+13,3.747659e+01
1.509591e+13,7.899580e+01
5.696327e+14,8.000000e+01
8.865992e+13,7.471294e+01
2.544559e+14,8.000000e+01
9.698233e+13,4.102005e+01
2.446833e+13,7.895810e+01
4.905430e+13,5.000008e+00
4.905430e+13,7.898799e+01
2.774813e+15,8.000000e+01
2.774813e+15,8.000000e+01
2.774813e+15,8.000000e+01
2.774813e+15,8.000000e+01
3.009920e+14,8.000000e+01
3.009920e+14,8.000000e+01
3.009920e+14,8.000000e+01
1.283389e+14,6.702544e+01
1.283389e+14,6.702544e+01
4.684930e+13,4.576468e+01
4.684930e+13,5.000029e+00
2.130799e+13,7.898445e+01
4.066924e+13,3.441360e+01
4.780235e+13,3.543459e+01
1.810979e+13,3.697037e+01
1.008718e+14,4.035940e+01
4.296120e+13,4.354251e+01
1.422128e+13,7.899565e+01
1.880643e+13,7.899556e+01
1.859772e+13,7.899388e+01
2.112556e+13,7.899510e+01
3.647731e+14,8.000000e+01
7.379264e+13,7.899536e+01
7.379264e+13,7.899319e+01
6.512906e+13,6.690532e+01
1.415137e+13,7.899744e+01
2.953740e+14,5.981840e+01
3.181997e+14,8.000000e+01
5.257558e+14,8.000000e+01
5.257558e+14,8.000000e+01
3.562217e+13,3.321242e+01
3.180285e+14,7.957769e+01
1.028283e+14,5.807670e+01
9.734957e+13,5.369242e+01
1.011462e+14,8.000000e+01
1.011462e+14,8.000000e+01
1.672902e+14,4.071975e+01
1.600062e+13,7.899068e+01
1.833142e+13,7.899374e+01
1.511285e+14,4.834720e+01
8.054701e+13,5.873734e+01
5.732549e+13,3.741653e+01
2.161027e+13,2.468410e+01
2.808633e+13,7.897555e+01
1.470967e+13,7.898068e+01
1.102035e+13,7.899755e+01
3.268123e+13,3.189113e+01
1.094783e+13,7.899846e+01
1.374043e+15,8.000000e+01
2.298116e+14,6.714555e+01
1.499806e+13,7.898979e+01
1.272314e+13,7.899641e+01
2.103883e+14,8.000000e+01
2.103883e+14,8.000000e+01
9.791896e+14,8.000000e+01
2.206347e+13,3.299218e+01
4.853237e+13,3.945852e+01
1.318073e+15,8.000000e+01
1.318073e+15,8.000000e+01
1.318073e+15,8.000000e+01
3.357528e+13,7.899738e+01
2.832377e+13,1.699873e+01
1.673317e+13,7.899187e+01
2.286948e+13,7.899560e+01
5.057620e+13,4.522415e+01
2.121057e+15,5.213089e+01
8.472197e+13,4.156057e+01
1.453104e+13,7.899604e+01
2.943079e+13,7.899204e+01
1.900178e+13,7.900000e+01
4.190652e+13,3.507424e+01
2.580108e+13,5.000000e+00
2.508783e+14,8.000000e+01
2.661605e+13,4.998976e+00
1.592772e+13,7.899398e+01
2.259897e+13,2.636574e+01
2.037103e+13,7.916836e+01
1.131441e+14,6.089945e+01
6.685525e+13,7.615435e+01
2.436561e+14,5.555424e+01
1.711241e+13,6.857923e+01
3.510866e+13,2.990920e+01
1.810416e+13,7.899179e+01
1.848020e+13,4.998980e+00
2.867581e+14,8.000000e+01
8.578602e+13,8.000000e+01
8.582125e+13,3.891799e+01
6.335333e+13,4.077981e+01
1.286979e+14,8.000000e+01
1.286979e+14,8.000000e+01
9.185551e+13,8.000000e+01
9.185551e+13,8.000000e+01
1.471209e+13,7.899113e+01
9.936936e+13,7.134966e+01
1.859646e+13,7.898995e+01
3.581357e+14,8.000000e+01
3.581357e+14,8.000000e+01
5.236912e+14,8.000000e+01
2.032134e+13,7.899864e+01
1.823978e+14,3.095796e+01
4.015346e+13,4.348245e+01
1.168497e+13,7.897754e+01
3.517430e+13,3.585500e+01
4.667984e+13,3.855764e+01
2.059497e+13,7.898950e+01
6.734803e+14,8.000000e+01
1.491790e+13,7.899462e+01
1.781175e+13,7.899481e+01
4.342757e+13,3.747659e+01
1.516849e+13,7.889500e+01
8.885149e+13,4.648538e+01
4.873641e+13,4.642532e+01
3.215679e+13,7.899386e+01
1.342133e+14,3.100000e+01
5.706573e+13,4.684573e+01
7.226908e+13,7.899681e+01
1.586789e+13,7.897746e+01
1.259611e+13,7.899808e+01
1.552718e+13,7.899723e+01
4.586683e+13,4.354251e+01
2.034516e+15,8.000000e+01
6.156550e+14,7.417241e+01
1.221330e+13,7.899625e+01
4.493220e+13,3.609524e+01
3.752062e+13,3.147072e+01
4.459425e+13,7.899270e+01
2.924763e+14,8.000000e+01
2.283610e+13,7.898970e+01
1.540137e+13,7.899657e+01
1.691413e+13,7.899116e+01
5.589453e+13,5.993852e+01
5.589453e+13,5.993852e+01
1.348718e+14,5.693558e+01
2.565737e+13,2.708644e+01
2.407834e+14,6.150004e+01
4.194896e+13,7.899301e+01
5.722607e+14,8.000000e+01
1.921402e+13,7.899726e+01
2.564825e+13,7.899506e+01
1.511573e+13,7.899497e+01
3.323334e+13,3.417336e+01
2.151279e+13,7.899810e+01
1.521692e+14,6.330180e+01
1.915161e+13,2.252199e+01
1.107235e+13,7.899684e+01
9.816057e+13,8.000000e+01
3.525866e+13,3.020949e+01
4.256272e+14,5.705570e+01
1.799615e+13,7.899381e+01
3.111853e+14,6.912749e+01
3.334023e+13,3.014943e+01
1.678043e+13,7.899702e+01
6.562527e+13,3.981887e+01
7.831026e+13,4.930814e+01
1.252264e+15,8.000000e+01
3.342267e+15,8.000000e+01
4.025575e+13,3.747659e+01
1.436894e+13,7.897638e+01
1.519259e+13,7.899516e+01
2.860391e+13,7.899377e+01
1.737392e+13,7.899725e+01
2.613592e+14,8.000000e+01
5.414595e+13,5.447318e+01
1.246361e+14,5.759623e+01
3.579714e+15,8.000000e+01
3.579714e+15,8.000000e+01
4.413893e+14,8.000000e+01
1.116297e+14,4.672562e+01
1.429201e+14,7.146977e+01
4.025412e+13,4.998149e+00
2.764948e+13,2.858791e+01
7.417842e+13,3.939846e+01
1.539503e+13,7.899689e+01
1.546252e+14,6.180033e+01
1.699495e+13,7.893306e+01
3.116776e+13,3.285207e+01
1.463465e+13,7.899641e+01
1.677790e+13,7.899741e+01
2.843055e+13,7.899709e+01
2.066406e+13,2.384328e+01
8.589739e+13,8.000000e+01
2.339732e+13,7.894047e+01
3.871819e+14,8.000000e+01
1.547525e+13,7.899276e+01
3.996001e+13,5.056937e+01
1.162518e+13,7.898695e+01
1.027601e+14,8.000000e+01
1.027601e+14,8.000000e+01
1.078488e+13,7.898171e+01
2.053848e+13,7.899494e+01
3.527025e+13,4.999984e+00
9.109541e+13,5.585453e+01
7.151588e+14,8.000000e+01
2.769334e+14,8.000000e+01
2.769334e+14,8.000000e+01
1.771625e+13,7.899416e+01
1.337618e+14,8.000000e+01
1.337618e+14,8.000000e+01
4.352693e+13,3.765676e+01
1.531717e+13,7.898696e+01
1.036088e+14,6.744585e+01
3.480078e+13,3.231155e+01
3.224368e+13,2.834768e+01
1.867653e+13,7.899446e+01
2.233816e+13,2.528468e+01
4.355551e+13,3.207131e+01
7.068613e+13,7.152983e+01
5.057323e+13,4.762650e+01
3.000362e+13,2.600539e+01
6.556561e+13,6.297986e+01
1.702520e+14,7.585405e+01
2.710110e+13,7.899458e+01
3.249059e+13,3.441360e+01
2.306328e+13,7.899369e+01
2.808936e+13,2.900832e+01
1.787025e+15,8.000000e+01
1.906633e+13,6.478490e+01
4.458248e+13,3.405325e+01
1.109196e+13,7.899753e+01
2.350440e+14,8.000000e+01
2.350440e+14,8.000000e+01
3.084487e+14,8.000000e+01
6.870901e+13,6.498344e+01
4.388013e+13,7.899953e+01
4.388013e+13,4.390286e+01
9.494264e+13,5.000035e+00
9.494264e+13,7.897217e+01
6.434134e+13,5.038919e+01
3.264913e+14,8.000000e+01
2.298554e+13,2.420363e+01
6.610695e+14,8.000000e+01
4.355020e+13,4.696585e+01
1.523924e+14,5.669535e+01
2.735660e+13,3.081008e+01
3.784350e+13,3.699612e+01
3.448965e+13,5.000003e+00
3.448965e+13,7.899388e+01
3.070068e+14,8.000000e+01
3.070068e+14,8.000000e+01
8.074439e+14,8.000000e+01
8.074439e+14,8.000000e+01
1.125624e+14,4.468362e+01
7.951768e+13,7.044878e+01
1.853258e+14,8.000000e+01
1.853258e+14,8.000000e+01
2.118705e+13,7.899668e+01
2.051392e+13,7.899479e+01
8.314433e+13,4.468362e+01
2.732288e+13,2.756691e+01
1.203129e+13,5.705329e+01
1.115663e+14,4.990872e+01
1.581410e+13,5.091129e+01
1.462256e+14,8.000000e+01
1.462256e+14,8.000000e+01
4.142420e+14,8.000000e+01
1.543195e+13,3.299846e+01
7.098444e+13,3.855764e+01
1.578770e+13,7.896638e+01
6.230413e+13,3.549465e+01
9.791557e+13,4.486380e+01
2.266827e+14,6.486332e+01
3.496695e+13,3.573489e+01
1.659667e+13,7.899574e+01
4.761451e+13,4.294192e+01
5.815652e+13,4.198099e+01
7.486946e+13,4.336233e+01
4.125129e+13,3.399319e+01
8.502061e+13,4.894779e+01
1.486781e+13,7.898767e+01
2.979581e+14,7.819634e+01
3.988370e+13,4.114016e+01
1.919029e+13,7.898296e+01
9.441567e+12,7.899644e+01
3.497289e+13,7.899223e+01
5.973835e+13,3.681594e+01
5.588371e+13,3.543459e+01
1.351414e+13,7.898424e+01
6.092948e+13,6.516362e+01
2.274866e+13,2.486427e+01
1.682076e+13,7.899654e+01
1.441608e+14,6.564409e+01
3.825420e+13,3.921829e+01
3.022029e+13,7.898048e+01
2.736544e+13,7.898735e+01
2.789593e+13,3.705618e+01
2.501650e+13,4.104321e+01
2.666773e+13,2.822756e+01
1.239064e+13,7.899846e+01
2.823518e+13,7.815080e+01
1.207111e+14,6.083940e+01
1.597164e+13,7.897342e+01
1.133795e+13,7.899630e+01
1.118405e+13,7.899804e+01
1.310948e+13,7.898881e+01
6.157426e+13,5.741605e+01
6.157426e+13,5.000003e+00
1.752675e+13,7.899492e+01
2.863426e+14,3.084122e+01
6.102523e+13,4.162063e+01
2.399366e+13,7.899884e+01
5.543673e+13,5.783646e+01
2.860034e+13,2.900832e+01
5.015906e+14,8.000000e+01
9.925078e+14,8.000000e+01
3.338641e+14,8.000000e+01
3.338641e+14,8.000000e+01
3.291768e+13,2.918850e+01
6.762813e+13,4.192093e+01
3.320274e+14,3.488719e+01
1.879599e+13,7.898661e+01
2.422417e+17,8.000000e+01
2.422417e+17,8.000000e+01
8.362076e+13,8.000000e+01
8.362076e+13,5.000204e+00
1.708442e+13,7.899166e+01
1.113098e+13,7.899835e+01
4.876151e+13,5.285160e+01
2.524989e+13,7.897984e+01
1.722811e+16,8.000000e+01
9.310409e+12,7.899687e+01
2.527869e+13,7.898999e+01
2.914673e+13,2.996926e+01
1.141807e+13,7.899117e+01
2.883659e+13,3.081008e+01
1.208259e+14,4.432327e+01
1.724362e+13,7.897081e+01
4.028531e+13,7.899406e+01
5.199369e+13,4.972855e+01
2.962891e+13,7.899004e+01
6.256810e+13,4.192093e+01
2.805071e+15,8.000000e+01
2.719452e+14,8.000000e+01
2.719452e+14,5.000003e+00
2.719452e+14,7.899089e+01
2.719452e+14,7.899846e+01
1.844080e+13,7.875668e+01
2.950146e+13,3.213137e+01
1.520515e+14,7.225054e+01
1.652642e+14,8.000000e+01
1.652642e+14,8.000000e+01
1.405443e+13,7.899123e+01
2.228318e+13,7.895785e+01
4.525382e+13,3.621536e+01
4.381990e+13,7.899261e+01
2.330487e+13,2.678615e+01
1.094500e+13,7.899742e+01
4.460078e+13,5.999858e+01
4.460078e+13,5.000000e+00
2.286860e+13,7.887100e+01
2.261984e+13,7.899704e+01
6.509201e+14,8.000000e+01
5.419386e+13,3.987893e+01
2.137046e+13,7.899307e+01
9.654991e+13,6.125981e+01
4.677714e+15,8.000000e+01
1.132871e+13,7.899067e+01
1.291304e+13,7.899448e+01
3.193500e+13,3.315237e+01
6.853204e+13,6.792631e+01
5.656366e+13,4.005911e+01
1.230142e+15,8.000000e+01
7.965230e+13,6.216069e+01
9.147453e+13,6.606450e+01
3.316080e+13,7.895631e+01
6.972394e+13,7.213042e+01
3.187346e+13,7.899606e+01
1.988778e+14,8.000000e+01
3.216076e+14,8.000000e+01
3.216076e+14,8.000000e+01
2.938306e+13,2.996926e+01
1.144528e+13,7.898595e+01
1.114676e+14,8.000000e+01
1.114676e+14,8.000000e+01
5.511791e+14,6.846684e+01
1.078096e+13,7.898460e+01
2.674736e+14,8.000000e+01
2.674736e+14,8.000000e+01
2.141191e+14,5.381254e+01
1.821476e+14,8.000000e+01
4.397231e+13,3.939846e+01
2.337059e+13,7.899386e+01
8.380731e+13,8.000000e+01
4.199138e+13,3.909817e+01
1.260370e+14,8.000000e+01
6.558095e+13,4.516409e+01
4.196231e+13,3.699612e+01
8.330131e+14,6.924760e+01
5.744495e+13,4.083987e+01
2.673603e+14,8.000000e+01
3.914478e+14,6.834673e+01
4.529740e+14,8.000000e+01
4.529740e+14,8.000000e+01
2.449099e+13,7.894631e+01
9.337308e+13,5.459330e+01
1.077381e+14,5.285160e+01
9.515225e+15,8.000000e+01
9.515225e+15,8.000000e+01
5.445266e+13,5.026908e+01
1.366490e+13,7.899318e+01
2.521775e+13,7.898045e+01
1.222622e+14,6.528374e+01
2.161627e+13,7.899914e+01
3.476577e+14,7.567388e+01
7.594624e+13,6.702544e+01
2.205901e+13,7.899702e+01
3.180641e+13,7.318593e+01
3.346511e+13,3.219143e+01
2.281541e+13,2.552492e+01
2.026879e+13,7.899661e+01
6.302033e+13,5.405277e+01
6.377075e+14,7.062895e+01
6.245416e+13,4.192093e+01
1.301963e+13,7.899398e+01
3.097994e+13,7.827319e+01
3.355246e+15,8.000000e+01
2.625909e+13,7.899799e+01
5.066295e+13,4.930814e+01
4.020873e+13,3.123049e+01
1.295635e+15,8.000000e+01
1.295635e+15,8.000000e+01
1.295635e+15,8.000000e+01
5.024966e+14,8.000000e+01
7.238620e+13,7.896466e+01
1.032089e+14,6.125981e+01
1.080046e+15,8.000000e+01
1.080046e+15,8.000000e+01
1.080046e+15,8.000000e+01
1.080046e+15,8.000000e+01
6.682591e+13,6.432280e+01
6.682591e+13,6.432280e+01
2.249087e+13,7.899557e+01
1.943102e+13,7.899613e+01
6.059977e+13,4.354251e+01
2.066946e+14,7.195024e+01
9.058539e+13,4.468362e+01
1.756142e+13,4.999928e+00
6.464808e+13,6.612456e+01
5.162772e+13,3.525442e+01
2.088741e+13,2.336281e+01
4.019883e+13,3.399319e+01
1.616056e+14,6.822661e+01
1.951972e+13,7.899664e+01
6.200386e+13,3.909817e+01
1.610930e+13,7.890049e+01
2.970413e+13,2.750685e+01
1.797936e+13,7.898342e+01
3.942542e+13,3.933841e+01
3.446056e+13,3.327248e+01
1.118705e+14,4.336233e+01
9.306616e+13,4.264163e+01
5.007656e+13,4.390286e+01
3.254566e+13,7.897192e+01
1.757748e+13,6.663138e+01
6.200333e+13,3.885794e+01
1.090388e+13,7.899464e+01
4.609954e+13,4.120022e+01
3.810115e+13,3.489407e+01
3.099597e+13,7.899009e+01
1.595514e+13,7.899649e+01
4.499875e+14,8.000000e+01
4.922432e+13,3.585500e+01
2.669626e+13,2.942873e+01
1.693421e+13,7.899619e+01
4.271957e+13,4.312210e+01
2.778184e+14,8.000000e+01
2.778184e+14,8.000000e+01
2.778184e+14,8.000000e+01
1.777317e+13,7.898625e+01
6.105585e+13,3.999905e+01
2.117060e+13,7.896432e+01
4.948245e+13,5.086966e+01
1.369196e+14,4.942826e+01
1.267017e+14,7.152983e+01
6.574432e+13,3.981887e+01
1.616067e+13,7.899597e+01
8.852698e+13,4.132034e+01
6.353238e+13,5.621488e+01
2.343249e+13,7.896940e+01
1.977185e+13,7.899230e+01
5.508747e+14,8.000000e+01
5.508747e+14,8.000000e+01
1.275622e+14,5.381254e+01
1.620251e+13,7.867757e+01
6.145842e+14,8.000000e+01
2.389961e+13,7.899208e+01
3.169404e+13,3.267190e+01
1.085390e+13,7.899585e+01
2.667956e+13,2.900832e+01
2.336477e+13,4.999581e+00
3.012445e+13,2.936867e+01
3.197997e+13,7.897719e+01
3.733606e+13,3.285207e+01
4.022793e+13,3.963870e+01
3.612910e+14,8.000000e+01
1.896961e+13,7.899582e+01
3.288808e+13,3.165090e+01
3.607229e+14,2.492408e+01
9.944754e+13,5.873734e+01
3.556999e+13,3.903811e+01
4.201289e+13,3.663577e+01
1.878063e+13,7.898090e+01
2.964899e+14,8.000000e+01
2.964899e+14,8.000000e+01
1.346781e+14,6.029887e+01
4.499129e+13,4.041946e+01
1.511392e+13,7.899731e+01
2.153774e+13,7.899530e+01
1.301472e+14,4.762650e+01
5.027078e+13,4.594485e+01
2.680319e+13,7.896334e+01
5.588773e+13,3.651565e+01
1.996485e+13,4.999496e+00
1.570396e+13,7.899184e+01
8.590422e+13,4.990872e+01
1.168165e+13,7.898648e+01
3.903907e+14,8.000000e+01
3.903907e+14,8.000000e+01
3.844532e+14,8.000000e+01
3.844532e+14,8.000000e+01
3.844532e+14,8.000000e+01
4.753311e+13,4.456351e+01
3.297994e+13,7.899194e+01
9.609085e+13,6.432280e+01
6.454273e+13,5.291166e+01
2.566323e+13,7.898814e+01
2.025985e+13,7.899226e+01
1.011921e+14,6.228080e+01
3.537175e+13,7.896282e+01
4.946067e+13,7.900000e+01
4.946067e+13,7.898507e+01
1.219331e+13,7.899693e+01
2.621121e+14,8.000000e+01
2.621121e+14,8.000000e+01
4.458979e+13,4.444339e+01
2.545764e+14,8.000000e+01
9.829547e+13,8.000000e+01
9.829547e+13,8.000000e+01
4.236511e+13,5.351224e+01
1.988667e+13,4.999854e+00
1.075541e+14,6.960796e+01
2.119318e+14,5.537406e+01
1.839785e+14,8.000000e+01
1.839785e+14,8.000000e+01
3.352293e+14,8.000000e+01
3.352293e+14,8.000000e+01
1.864098e+13,7.886840e+01
1.166369e+13,7.895949e+01
5.178524e+13,5.129007e+01
1.982213e+14,7.002837e+01
1.136751e+13,7.899730e+01
5.387256e+14,7.399224e+01
4.835563e+13,4.540433e+01
1.587566e+13,7.899781e+01
1.764073e+13,7.837919e+01
2.774726e+13,7.898691e+01
1.455282e+13,7.898142e+01
3.147773e+13,7.898045e+01
1.368450e+13,7.899691e+01
1.287346e+13,7.911646e+01
3.403857e+14,6.720561e+01
7.470070e+13,6.774614e+01
2.784261e+13,3.225149e+01
3.172095e+14,2.700000e+01
2.414243e+13,4.998052e+00
1.610300e+13,7.898967e+01
1.273623e+13,7.899592e+01
1.339837e+13,7.899607e+01
7.545655e+13,4.708597e+01
2.056966e+13,7.899810e+01
4.214884e+14,8.000000e+01
4.214884e+14,8.000000e+01
4.214884e+14,8.000000e+01
2.369287e+13,7.899369e+01
1.421053e+13,7.064326e+01
1.297256e+13,7.899066e+01
4.093812e+13,4.228128e+01
1.529820e+14,8.000000e+01
1.529820e+14,8.000000e+01
2.525422e+13,7.898687e+01
2.525422e+13,4.999993e+00
2.671821e+13,3.056984e+01
8.021511e+13,5.921781e+01
5.046550e+13,7.899551e+01
4.261546e+13,3.603518e+01
1.522363e+13,7.899680e+01
1.247874e+13,1.900000e+01
2.542003e+13,4.998644e+00
5.822692e+13,5.435306e+01
5.006410e+13,7.897972e+01
5.006410e+13,5.000004e+00
3.065934e+13,7.923203e+01
7.972792e+13,5.363236e+01
1.906249e+13,7.899814e+01
9.929137e+12,1.899724e+01
2.073856e+13,4.998567e+00
1.289157e+13,7.898917e+01
1.633852e+13,7.897470e+01
5.812581e+13,7.899136e+01
3.622506e+13,7.899430e+01
5.153246e+13,7.899897e+01
5.153246e+13,6.468315e+01
2.063678e+13,7.892880e+01
4.849362e+13,7.899060e+01
2.035160e+13,7.899769e+01
5.893182e+13,4.228128e+01
2.493354e+13,7.898213e+01
6.752049e+13,5.489359e+01
7.047268e+14,6.672514e+01
1.297154e+13,7.898777e+01
1.967144e+14,5.309183e+01
1.281862e+14,6.972807e+01
3.341812e+13,3.171096e+01
2.519879e+13,7.898886e+01
2.919894e+13,2.756691e+01
1.688907e+13,7.896241e+01
3.207649e+13,2.954885e+01
1.521378e+13,7.899779e+01
2.742684e+13,2.828762e+01
2.927021e+13,2.276222e+01
2.610255e+13,4.998556e+00
2.798878e+13,7.898249e+01
4.402341e+13,4.624515e+01
1.286412e+14,3.689453e+01
1.876998e+13,7.897860e+01
4.876436e+13,4.053958e+01
1.496942e+14,6.366215e+01
8.547920e+13,5.621488e+01
1.468189e+14,8.000000e+01
1.468189e+14,8.000000e+01
2.910065e+13,7.898416e+01
3.617189e+13,7.898869e+01
1.303929e+14,8.000000e+01
1.303929e+14,8.000000e+01
4.032998e+13,3.153078e+01
4.097489e+13,3.321242e+01
4.469938e+13,4.882767e+01
1.993916e+14,5.513383e+01
9.859518e+13,5.849711e+01
8.310802e+14,8.000000e+01
1.182260e+18,8.000000e+01
1.275004e+14,7.080913e+01
1.790172e+14,8.000000e+01
1.790172e+14,8.000000e+01
3.062287e+13,2.522491e+01
3.133980e+13,3.099026e+01
7.029351e+14,8.000000e+01
7.029351e+14,8.000000e+01
1.864256e+14,5.873734e+01
2.307727e+14,8.000000e+01
2.646320e+13,7.898696e+01
4.446991e+13,7.899313e+01
3.275422e+14,8.000000e+01
3.275422e+14,8.000000e+01
5.546712e+13,3.381301e+01
4.602889e+14,8.000000e+01
4.602889e+14,8.000000e+01
4.602889e+14,8.000000e+01
2.712077e+13,4.999092e+00
2.389804e+14,7.333159e+01
9.254904e+13,5.363236e+01
2.581509e+14,8.000000e+01
2.581509e+14,8.000000e+01
3.544316e+13,3.339260e+01
2.164057e+13,2.372316e+01
5.059325e+13,7.899721e+01
5.059325e+13,7.898676e+01
2.357953e+13,7.889774e+01
7.965837e+13,6.324174e+01
3.122085e+13,3.050979e+01
8.617716e+13,5.000055e+00
8.617716e+13,8.000000e+01
3.144499e+13,2.798732e+01
5.832659e+13,6.204057e+01
6.554101e+13,4.534427e+01
1.528799e+14,8.000000e+01
1.528799e+14,8.000000e+01
2.733333e+13,7.899447e+01
2.026236e+13,7.899500e+01
2.660626e+13,2.798732e+01
2.700549e+13,3.302785e+01
2.278249e+13,7.899655e+01
7.370473e+13,6.204057e+01
7.370473e+13,6.204057e+01
1.838256e+13,7.899562e+01
1.205452e+14,8.000000e+01
1.814800e+14,8.000000e+01
2.203654e+13,4.999417e+00
2.125202e+13,4.999871e+00
1.034272e+14,7.399224e+01
1.722868e+13,7.898952e+01
1.878962e+15,8.000000e+01
2.357903e+13,4.999426e+00
2.872183e+14,8.000000e+01
3.416807e+13,3.129055e+01
4.705003e+13,3.645559e+01
2.572611e+13,2.600539e+01
5.164107e+14,8.000000e+01
4.788017e+13,4.053958e+01
7.430970e+13,6.216069e+01
3.998645e+13,7.898593e+01
4.002181e+13,7.899868e+01
4.002181e+13,7.899896e+01
1.572444e+13,2.499469e+01
7.704675e+15,8.000000e+01
2.173755e+14,5.411283e+01
1.217667e+13,7.899799e+01
2.413951e+13,7.899589e+01
3.470994e+13,7.871486e+01
3.920798e+15,8.000000e+01
2.347580e+13,7.899789e+01
1.766897e+13,7.896708e+01
1.183161e+13,7.898223e+01
4.623937e+13,7.899035e+01
3.920665e+14,8.000000e+01
3.786708e+13,3.447366e+01
8.211162e+13,3.699172e+01
2.445253e+13,7.899377e+01
2.418500e+13,7.899031e+01
1.141645e+14,6.432280e+01
1.213529e+14,5.062943e+01
1.986080e+13,6.046995e+01
3.024079e+13,7.888486e+01
9.714006e+12,7.899312e+01
3.118736e+13,2.576515e+01
1.565187e+13,7.899792e+01
2.951250e+13,3.339260e+01
6.591616e+14,8.000000e+01
1.966494e+13,7.899648e+01
1.736822e+13,7.898988e+01
4.946667e+13,3.501418e+01
1.092488e+13,7.899828e+01
2.119764e+14,8.000000e+01
8.056226e+13,3.951858e+01
4.434638e+13,3.819729e+01
4.030432e+13,7.899429e+01
2.365122e+13,7.899872e+01
2.635763e+13,7.899751e+01
1.446075e+13,7.874462e+01
3.917243e+13,3.903811e+01
1.833118e+13,7.899466e+01
1.179294e+13,3.497661e+01
1.707557e+13,7.899543e+01
7.006846e+13,6.150004e+01
9.931216e+13,6.899566e+01
9.931216e+13,8.000000e+01
9.083938e+13,5.279154e+01
7.036552e+13,6.468315e+01
6.715679e+13,5.519388e+01
5.884735e+15,8.000000e+01
7.169822e+13,5.567435e+01
2.950841e+15,8.000000e+01
2.950841e+15,8.000000e+01
5.699710e+13,5.000133e+00
5.699710e+13,7.895784e+01
2.096253e+13,7.899535e+01
5.287923e+13,5.333207e+01
3.246221e+13,3.345266e+01
1.782278e+13,7.899696e+01
8.632773e+13,7.899567e+01
5.085072e+13,4.552444e+01
1.268921e+14,6.198051e+01
8.506723e+13,8.000000e+01
8.506723e+13,8.000000e+01
3.414331e+13,3.038967e+01
1.427731e+13,7.899328e+01
2.980162e+14,8.000000e+01
2.980162e+14,8.000000e+01
1.349918e+13,7.899811e+01
4.204163e+13,3.573489e+01
2.993887e+13,3.375295e+01
3.474965e+13,3.387307e+01
2.076976e+14,8.000000e+01
2.076976e+14,8.000000e+01
5.659754e+13,7.899678e+01
5.659754e+13,7.899768e+01
7.450555e+14,8.000000e+01
2.610505e+13,2.840773e+01
1.891519e+14,8.000000e+01
1.416894e+14,6.498344e+01
3.096583e+13,5.000000e+00
4.033900e+13,3.543459e+01
1.243137e+14,8.000000e+01
2.120411e+13,7.896904e+01
1.905298e+14,8.000000e+01
1.905298e+14,8.000000e+01
3.862245e+13,7.896898e+01
2.083997e+14,8.000000e+01
2.423663e+14,7.981792e+01
2.558823e+13,7.899783e+01
3.207863e+13,3.207131e+01
1.087113e+14,5.921781e+01
1.844647e+13,3.899464e+01
2.128856e+13,7.870442e+01
5.511534e+13,5.068949e+01
6.463313e+13,4.588480e+01
2.886866e+13,7.899724e+01
6.252501e+13,7.543364e+01
6.012887e+13,3.789700e+01
2.117147e+13,7.898494e+01
1.266530e+13,7.899798e+01
4.330855e+13,4.005911e+01
5.497346e+13,7.938300e+01
2.232577e+13,7.899469e+01
6.539700e+13,5.243119e+01
1.521208e+14,6.258110e+01
5.917838e+14,8.000000e+01
5.917838e+14,8.000000e+01
1.103640e+14,5.891752e+01
5.226863e+13,3.507424e+01
3.477845e+13,3.183108e+01
1.336971e+14,6.912749e+01
6.446772e+13,4.023928e+01
2.015920e+13,7.899450e+01
3.883535e+13,3.435354e+01
5.253093e+13,4.089993e+01
8.118440e+13,5.855717e+01
7.800434e+13,4.228128e+01
4.766052e+13,7.898767e+01
5.302253e+13,3.375295e+01
5.370398e+13,5.116996e+01
5.370398e+13,5.116996e+01
2.322584e+13,7.884477e+01
1.002183e+14,3.885794e+01
7.258302e+14,8.000000e+01
4.557603e+13,7.899289e+01
6.621818e+13,3.981887e+01
3.039250e+13,3.285207e+01
1.050295e+13,7.899585e+01
2.145563e+13,2.330275e+01
4.210663e+13,4.047952e+01
2.520379e+14,8.000000e+01
2.520379e+14,8.000000e+01
2.520379e+14,8.000000e+01
2.952094e+13,2.798732e+01
1.032068e+13,7.899644e+01
4.382192e+13,3.513430e+01
1.071052e+17,8.000000e+01
1.071052e+17,8.000000e+01
1.071052e+17,8.000000e+01
3.172251e+13,7.899757e+01
3.172251e+13,4.999999e+00
1.632091e+13,7.898275e+01
1.798667e+13,7.899142e+01
1.614939e+13,7.899685e+01
9.650729e+13,7.477300e+01
9.650729e+13,7.477300e+01
1.285516e+13,7.899599e+01
1.173130e+13,7.877675e+01
2.244726e+13,7.895601e+01
2.360025e+13,2.666603e+01
2.044654e+13,7.899837e+01
1.214057e+13,7.899144e+01
1.789000e+13,7.898968e+01
5.339942e+13,6.089945e+01
2.465238e+13,4.998361e+00
1.786761e+13,7.898938e+01
4.226460e+13,7.899140e+01
4.166226e+13,2.296263e+01
3.283881e+14,8.000000e+01
8.658290e+13,5.339213e+01
2.646343e+14,5.729594e+01
8.332724e+13,5.000005e+00
8.332724e+13,4.999994e+00
6.453463e+13,6.714555e+01
7.775228e+13,5.861723e+01
1.605717e+14,4.864749e+01
2.698017e+13,2.636574e+01
6.206836e+13,5.699564e+01
6.206836e+13,5.699564e+01
6.262260e+13,5.423295e+01
5.960339e+13,4.648538e+01
1.034250e+13,7.894314e+01
1.945470e+13,7.899449e+01
9.556564e+13,7.345171e+01
1.060759e+15,8.000000e+01
1.575298e+14,8.000000e+01
1.575298e+14,8.000000e+01
3.012438e+13,7.899798e+01
4.648741e+13,3.687600e+01
1.069516e+14,6.540385e+01
2.457490e+13,2.768703e+01
1.489681e+14,7.189018e+01
8.478688e+14,8.000000e+01
5.905794e+14,6.528374e+01
1.828969e+13,7.890472e+01
4.987949e+13,7.898313e+01
1.392201e+14,5.261136e+01
3.574157e+15,8.000000e+01
3.574157e+15,8.000000e+01
1.329983e+13,7.899423e+01
2.593194e+13,7.898826e+01
1.027067e+14,7.897472e+01
1.027067e+14,7.899543e+01
1.027067e+14,7.899805e+01
1.685169e+13,1.898709e+01
1.556525e+13,7.899532e+01
1.863616e+13,7.897686e+01
4.677527e+13,3.249172e+01
1.222271e+14,6.888725e+01
1.691458e+13,7.893756e+01
3.486535e+13,3.633547e+01
3.323037e+13,3.351272e+01
1.429999e+14,5.621488e+01
7.468096e+13,4.732620e+01
4.121276e+13,4.999642e+00
2.126153e+13,7.890208e+01
1.730113e+15,8.000000e+01
2.061277e+13,7.899554e+01
4.028699e+13,3.483401e+01
2.280894e+13,7.896486e+01
7.140292e+13,5.273148e+01
3.577093e+13,3.375295e+01
4.381851e+13,3.225149e+01
2.482251e+13,7.899569e+01
1.303725e+13,7.899738e+01
2.539636e+15,4.702591e+01
1.827278e+14,7.050884e+01
3.520268e+13,3.044973e+01
8.768410e+13,4.438333e+01
1.798106e+13,7.899871e+01
1.452422e+13,7.899792e+01
1.852971e+14,8.000000e+01
3.961606e+13,3.897805e+01
1.184928e+14,6.534379e+01
7.738152e+13,7.898332e+01
1.263442e+14,8.000000e+01
1.263442e+14,8.000000e+01
3.424992e+13,3.765676e+01
3.156067e+14,6.666508e+01
5.104896e+14,8.000000e+01
1.091874e+13,7.899848e+01
3.208085e+13,2.876809e+01
1.168146e+13,7.899623e+01
1.419236e+13,7.899450e+01
2.432660e+13,7.899772e+01
1.316589e+13,7.882587e+01
1.842978e+14,8.000000e+01
1.842978e+14,8.000000e+01
3.743999e+13,7.894531e+01
8.982522e+13,8.000000e+01
1.046101e+14,4.336233e+01
1.721461e+14,8.000000e+01
1.721461e+14,8.000000e+01
1.064157e+15,8.000000e+01
1.353136e+14,6.222074e+01
3.824670e+13,3.783694e+01
1.107694e+14,5.753617e+01
4.527830e+13,3.795706e+01
6.775014e+13,6.600444e+01
6.775014e+13,6.600444e+01
3.829028e+13,7.899342e+01
5.934995e+13,4.089993e+01
3.669097e+13,4.960843e+01
3.624529e+13,6.154142e+01
1.496600e+15,8.000000e+01
4.097379e+13,3.945852e+01
2.442057e+14,6.894731e+01
2.365410e+13,7.899675e+01
1.382317e+13,7.899089e+01
2.594259e+16,8.000000e+01
2.594259e+16,8.000000e+01
7.086409e+13,4.035940e+01
2.783640e+14,8.000000e+01
2.783640e+14,8.000000e+01
6.424276e+13,5.843705e+01
8.841329e+13,6.588432e+01
1.121037e+14,5.579447e+01
2.556493e+13,7.896923e+01
8.013609e+13,5.345218e+01
7.155955e+13,7.183013e+01
7.155955e+13,7.183013e+01
8.920935e+13,6.846684e+01
5.598188e+13,4.624515e+01
1.715790e+13,7.898699e+01
2.419792e+13,7.898947e+01
3.329629e+13,3.711624e+01
3.371407e+14,8.000000e+01
7.905867e+13,7.549370e+01
9.399198e+13,7.555376e+01
6.032844e+13,7.896521e+01
5.970996e+13,4.174075e+01
2.415753e+13,7.932906e+01
4.393999e+13,3.489407e+01
1.299931e+13,7.898194e+01
8.233112e+13,7.411235e+01
8.233112e+13,7.411235e+01
2.905236e+13,8.995044e+00
1.286826e+15,8.000000e+01
1.286826e+15,8.000000e+01
1.574721e+14,8.000000e+01
1.818539e+13,7.897917e+01
6.804953e+13,4.120022e+01
5.261119e+17,8.000000e+01
7.527429e+13,3.867776e+01
3.279832e+13,3.291213e+01
4.770628e+13,5.074955e+01
4.683161e+14,6.654497e+01
1.467834e+13,7.898544e+01
2.475894e+13,7.897553e+01
1.484905e+13,7.898563e+01
1.360729e+13,7.898851e+01
2.448834e+13,2.612551e+01
4.503435e+13,2.091472e+01
1.614557e+13,7.898407e+01
1.899489e+13,7.899737e+01
1.334822e+14,4.858743e+01
4.035280e+13,7.899657e+01
3.074319e+13,7.899677e+01
2.061087e+13,7.899609e+01
6.705805e+18,8.000000e+01
6.705805e+18,8.000000e+01
6.705805e+18,8.000000e+01
6.149877e+13,7.899717e+01
6.149877e+13,4.999993e+00
1.757492e+13,7.899314e+01
3.914635e+13,3.903811e+01
7.772013e+13,3.789700e+01
1.421259e+14,6.696538e+01
2.407268e+13,2.738674e+01
5.820899e+13,4.318216e+01
2.083366e+13,7.898981e+01
4.394860e+13,4.102005e+01
2.014385e+13,7.899361e+01
1.161235e+14,4.912796e+01
2.146309e+14,8.000000e+01
1.721124e+13,2.298891e+01
8.543966e+13,4.330228e+01
1.321352e+13,7.899770e+01
2.984032e+13,7.899774e+01
1.127890e+15,8.000000e+01
1.127890e+15,8.000000e+01
1.001930e+14,8.000000e+01
2.739455e+13,2.888820e+01
3.664517e+14,6.750590e+01
1.643587e+13,5.675764e+01
1.119830e+13,7.898917e+01
9.723780e+13,5.000044e+00
9.723780e+13,8.000000e+01
5.933054e+13,3.789700e+01
4.594443e+14,8.000000e+01
4.594443e+14,8.000000e+01
4.530841e+13,4.408304e+01
2.282682e+13,2.468410e+01
2.763541e+13,2.726662e+01
1.415219e+15,8.000000e+01
1.415219e+15,8.000000e+01
4.168461e+14,8.000000e+01
1.073113e+13,7.899431e+01
1.581794e+14,8.000000e+01
1.581794e+14,8.000000e+01
1.528808e+13,7.885303e+01
2.397039e+13,7.898436e+01
1.411797e+15,8.000000e+01
2.694572e+14,8.000000e+01
1.079761e+14,5.429301e+01
2.731992e+13,7.899739e+01
4.226229e+13,7.898366e+01
3.215389e+13,3.831741e+01
4.142646e+13,3.123049e+01
5.197741e+13,4.011917e+01
1.493218e+13,7.899827e+01
3.317519e+13,3.717629e+01
4.348902e+13,7.898610e+01
2.387143e+13,2.726662e+01
9.180416e+14,8.000000e+01
6.760465e+13,4.023928e+01
1.017739e+13,7.899812e+01
8.839692e+14,6.876714e+01
3.158492e+14,6.462309e+01
3.092131e+13,2.936867e+01
1.091838e+13,7.875652e+01
4.680995e+13,7.898726e+01
1.023780e+13,7.899693e+01
3.373540e+13,3.062990e+01
4.100132e+13,3.627541e+01
3.061309e+14,8.000000e+01
6.617034e+13,4.047952e+01
3.588248e+13,3.345266e+01
8.273691e+13,7.207036e+01
7.138360e+13,7.899107e+01
4.643229e+13,4.600491e+01
2.215929e+13,4.100000e+01
1.285805e+14,7.567388e+01
2.667321e+13,2.822756e+01
2.303777e+13,2.828762e+01
7.794690e+14,7.645464e+01
3.318148e+14,8.000000e+01
3.318148e+14,8.000000e+01
2.814536e+13,2.828762e+01
1.514840e+14,8.000000e+01
1.928064e+13,7.912936e+01
6.692625e+13,5.333207e+01
2.187007e+13,7.899806e+01
4.570994e+13,3.531448e+01
2.681040e+14,8.000000e+01
1.690523e+13,7.899652e+01
3.948676e+13,7.899787e+01
3.718435e+13,7.899618e+01
1.430729e+13,7.899439e+01
1.201646e+13,4.999825e+00
3.887208e+13,7.899329e+01
9.100520e+13,4.444339e+01
2.276687e+16,8.000000e+01
4.017130e+13,3.453371e+01
6.505399e+13,4.035940e+01
2.598647e+13,7.899830e+01
1.561046e+14,4.906790e+01
3.937506e+13,7.899533e+01
2.069790e+13,7.899368e+01
3.384830e+13,3.585500e+01
4.917114e+13,4.732620e+01
7.464291e+13,4.828714e+01
7.464291e+13,4.828714e+01
2.652764e+13,7.899421e+01
1.760748e+14,5.549418e+01
1.442244e+13,4.706401e+01
9.877276e+13,6.840678e+01
8.985310e+12,7.899743e+01
1.179217e+13,7.899769e+01
5.454221e+15,8.000000e+01
5.454221e+15,8.000000e+01
5.755038e+13,7.899010e+01
1.811488e+13,7.899664e+01
3.317511e+13,7.899453e+01
4.964179e+13,3.411330e+01
3.370251e+13,2.918850e+01
2.275350e+13,2.330275e+01
3.677783e+13,3.471389e+01
2.003785e+13,7.899289e+01
3.694642e+15,8.000000e+01
2.472846e+13,2.768703e+01
1.883919e+13,7.899795e+01
5.309017e+13,4.744632e+01
2.251779e+14,6.972807e+01
4.226950e+13,7.459866e+01
4.211835e+13,7.900074e+01
4.211835e+13,5.123001e+01
3.590021e+13,3.056984e+01
3.676689e+13,7.899572e+01
3.676689e+13,4.999997e+00
6.545573e+14,7.345171e+01
4.684326e+14,8.000000e+01
1.103236e+14,5.110990e+01
2.387155e+14,5.855717e+01
2.589678e+13,7.896149e+01
1.260524e+14,8.000000e+01
1.388820e+13,7.899833e+01
2.964846e+15,8.000000e+01
2.964846e+15,8.000000e+01
2.669615e+13,7.899798e+01
3.550369e+14,8.000000e+01
5.240855e+13,4.846732e+01
1.445106e+13,1.900000e+01
1.954861e+13,7.893107e+01
1.800713e+13,7.898467e+01
4.344719e+14,7.399224e+01
7.976585e+13,7.513335e+01
1.143053e+13,7.898080e+01
3.452946e+13,3.038967e+01
3.928971e+13,3.945852e+01
2.183791e+13,7.899515e+01
1.725168e+13,7.899799e+01
1.721720e+13,7.899606e+01
7.584877e+13,6.720561e+01
1.416548e+13,7.899387e+01
1.428055e+14,6.023881e+01
1.171401e+14,8.000000e+01
1.171401e+14,8.000000e+01
4.001332e+13,3.327248e+01
2.081337e+15,8.000000e+01
2.081337e+15,8.000000e+01
1.803821e+13,6.206546e+01
6.124050e+14,8.000000e+01
6.124050e+14,8.000000e+01
5.301818e+14,7.663482e+01
1.841285e+13,7.896293e+01
1.522571e+15,8.000000e+01
5.032215e+13,4.642532e+01
9.970799e+13,7.441265e+01
2.305752e+13,7.898937e+01
4.463999e+13,7.898916e+01
2.182341e+14,5.351224e+01
5.853138e+13,7.898380e+01
5.393469e+14,8.000000e+01
2.024184e+13,7.888473e+01
7.493891e+14,8.000000e+01
2.242568e+13,2.546486e+01
6.180597e+13,4.774661e+01
4.546733e+13,5.000032e+00
3.915570e+13,3.231155e+01
1.191004e+14,8.000000e+01
1.191004e+14,8.000000e+01
2.153744e+14,8.000000e+01
8.300056e+13,5.273148e+01
1.572056e+13,7.899650e+01
6.227805e+14,8.000000e+01
3.083690e+13,7.899603e+01
1.101923e+14,4.942826e+01
2.498203e+13,2.432375e+01
1.124802e+13,7.899742e+01
2.857917e+13,3.038967e+01
1.596982e+13,7.899586e+01
1.215038e+13,7.898662e+01
9.083909e+13,5.507377e+01
6.589232e+13,3.345266e+01
1.002214e+14,8.000000e+01
1.002214e+14,8.000000e+01
3.632674e+13,7.899656e+01
9.030282e+13,1.699931e+01
9.030282e+13,6.822661e+01
1.384189e+14,6.786626e+01
1.576423e+13,7.899777e+01
2.303465e+13,4.999655e+00
4.130682e+13,3.225149e+01
1.387888e+14,8.000000e+01
1.837044e+14,8.000000e+01
1.837044e+14,8.000000e+01
5.642220e+13,5.921781e+01
1.651011e+13,7.899855e+01
1.994957e+13,5.315038e+01
2.182247e+13,7.896852e+01
2.159061e+13,7.899344e+01
9.440182e+12,7.899750e+01
7.753628e+13,6.258110e+01
4.618859e+13,7.898920e+01
8.363636e+13,6.294145e+01
2.916974e+14,8.000000e+01
2.916974e+14,8.000000e+01
2.916974e+14,8.000000e+01
1.327994e+13,4.999875e+00
1.694403e+14,8.000000e+01
1.809172e+13,7.899632e+01
7.302348e+13,7.735552e+01
7.302348e+13,7.735552e+01
2.587359e+13,7.899755e+01
2.890090e+13,3.243166e+01
1.453603e+13,7.899357e+01
2.225796e+13,2.456398e+01
8.556368e+13,4.492386e+01
1.612709e+14,8.000000e+01
1.612709e+14,8.000000e+01
1.525317e+14,8.000000e+01
1.091740e+15,8.000000e+01
3.098489e+13,2.798732e+01
5.968976e+13,7.882058e+01
6.099997e+13,7.899292e+01
3.149404e+13,3.555471e+01
3.708766e+13,3.339260e+01
3.781042e+14,8.000000e+01
3.520724e+14,8.000000e+01
3.520724e+14,8.000000e+01
1.129562e+13,7.899829e+01
3.677405e+13,1.497989e+01
4.202727e+13,3.087014e+01
9.719897e+13,4.276175e+01
1.767158e+13,7.899579e+01
5.610124e+13,3.609524e+01
1.119925e+13,7.898433e+01
1.676672e+14,8.000000e+01
2.346034e+13,7.899418e+01
1.238805e+14,5.951811e+01
1.781144e+14,5.741605e+01
8.591678e+13,4.828714e+01
5.113293e+13,5.447318e+01
3.395646e+13,7.884463e+01
4.238960e+14,6.294145e+01
1.483790e+14,6.534379e+01
6.621288e+14,8.000000e+01
6.621288e+14,8.000000e+01
1.288912e+13,7.899715e+01
1.889743e+13,7.899607e+01
3.282612e+14,8.000000e+01
1.853092e+14,7.237065e+01
1.853092e+14,7.237065e+01
9.857166e+13,4.306204e+01
1.164676e+15,8.000000e+01
2.649854e+13,7.898566e+01
1.700341e+13,7.899069e+01
1.588554e+14,8.000000e+01
3.172339e+13,7.896672e+01
2.876178e+13,3.249172e+01
4.104070e+13,3.519436e+01
1.072670e+15,8.000000e+01
7.238566e+13,6.264116e+01
2.066962e+15,8.000000e+01
2.066962e+15,8.000000e+01
1.631101e+13,7.898647e+01
1.012008e+14,6.810649e+01
3.713035e+13,4.999093e+00
1.419065e+17,8.000000e+01
2.929510e+13,2.870803e+01
2.771073e+14,8.000000e+01
2.771073e+14,8.000000e+01
2.047341e+13,7.899872e+01
1.256288e+13,7.874387e+01
8.345727e+14,8.000000e+01
1.940032e+15,8.000000e+01
1.940032e+15,8.000000e+01
8.018529e+15,8.000000e+01
2.096529e+13,7.914612e+01
5.339469e+13,4.252151e+01
6.127836e+13,6.150004e+01
3.738729e+14,8.000000e+01
3.738729e+14,8.000000e+01
1.555756e+13,4.894375e+01
2.153862e+14,5.555424e+01
5.239332e+13,7.321147e+01
3.982345e+13,4.336233e+01
9.902000e+14,8.000000e+01
9.902000e+14,8.000000e+01
7.279031e+14,8.000000e+01
1.049034e+13,7.898261e+01
3.021312e+13,7.899787e+01
2.908401e+14,6.624467e+01
4.267612e+13,6.294145e+01
1.881392e+13,7.899273e+01
1.636578e+13,7.899471e+01
2.486297e+13,7.899028e+01
5.173811e+13,3.615530e+01
2.958415e+13,3.093020e+01
2.356767e+14,8.000000e+01
6.561981e+15,8.000000e+01
3.963961e+13,2.810744e+01
1.517397e+14,5.675541e+01
4.417126e+13,4.174075e+01
1.795254e+14,8.000000e+01
1.795254e+14,8.000000e+01
1.541897e+14,7.898028e+01
1.541897e+14,7.899140e+01
1.071552e+14,5.645512e+01
2.711095e+13,7.898659e+01
2.455422e+13,2.786721e+01
8.871426e+12,2.700000e+01
3.995396e+13,5.000097e+00
2.949624e+13,7.897944e+01
4.543598e+13,3.297219e+01
3.400238e+14,6.558403e+01
1.011722e+15,8.000000e+01
2.378294e+13,7.899242e+01
5.493743e+13,4.174075e+01
8.705938e+13,4.276175e+01
2.098525e+13,7.899263e+01
9.479955e+13,4.930814e+01
4.148138e+14,8.000000e+01
1.989320e+13,7.898397e+01
2.845289e+13,7.896165e+01
3.110350e+13,7.899691e+01
1.794381e+14,6.414262e+01
2.329885e+13,7.899461e+01
2.172209e+14,3.287920e+01
2.760277e+13,7.890824e+01
5.539119e+13,5.285160e+01
2.028276e+17,8.000000e+01
2.028276e+17,8.000000e+01
1.547055e+13,7.899062e+01
2.900524e+13,2.978908e+01
2.449026e+14,8.000000e+01
2.449026e+14,8.000000e+01
2.447234e+13,7.899135e+01
4.601566e+13,5.219095e+01
1.324865e+14,8.000000e+01
1.324865e+14,8.000000e+01
1.578755e+13,5.000077e+00
9.826370e+13,4.366263e+01
2.982551e+13,7.897336e+01
1.137634e+14,4.918802e+01
1.088846e+13,7.898488e+01
4.902081e+14,8.000000e+01
4.902081e+14,8.000000e+01
5.731190e+13,4.312210e+01
3.894623e+13,7.890046e+01
9.543922e+13,6.762602e+01
2.573187e+13,7.898366e+01
1.244862e+14,6.750590e+01
1.244862e+14,6.750590e+01
6.225527e+13,7.899480e+01
2.655342e+13,7.527757e+01
3.957349e+13,3.183108e+01
1.922953e+13,7.897957e+01
1.329565e+13,7.899686e+01
7.542546e+13,5.345218e+01
2.242143e+13,7.899570e+01
9.690669e+12,7.899828e+01
4.353071e+13,3.729641e+01
2.628333e+13,2.612551e+01
3.357567e+13,3.195119e+01
5.877591e+13,6.684526e+01
1.787679e+13,7.898546e+01
1.703604e+14,6.546391e+01
1.235455e+14,5.171048e+01
1.764062e+13,7.892711e+01
4.221465e+13,3.129055e+01
5.607111e+14,8.000000e+01
1.527070e+14,8.000000e+01
1.527070e+14,8.000000e+01
5.945232e+13,4.156057e+01
7.377059e+13,8.000000e+01
2.981775e+13,2.780715e+01
1.267064e+13,7.899718e+01
6.007230e+13,4.534427e+01
7.633622e+13,8.000000e+01
4.360083e+13,3.117043e+01
1.877797e+13,7.899542e+01
2.958567e+14,8.000000e+01
1.126721e+13,7.899494e+01
5.782790e+13,4.480374e+01
1.202520e+14,5.495365e+01
1.325088e+13,7.895071e+01
1.364903e+13,7.899610e+01
1.278918e+13,7.898545e+01
1.885889e+13,7.883745e+01
2.738153e+13,2.774709e+01
1.508083e+13,7.899525e+01
5.516352e+13,4.984867e+01
1.456101e+13,7.899203e+01
1.692220e+13,7.899659e+01
2.734439e+14,8.000000e+01
2.734439e+14,8.000000e+01
2.556874e+13,7.899571e+01
2.749988e+14,7.146977e+01
8.487632e+13,5.573441e+01
2.077356e+13,7.899863e+01
5.211844e+13,3.753665e+01
1.018383e+14,5.000053e+00
1.018383e+14,8.000000e+01
4.787607e+13,4.786673e+01
1.055334e+14,4.552444e+01
1.366304e+13,7.899560e+01
7.377392e+13,6.017875e+01
2.201260e+13,7.899154e+01
4.958507e+14,8.000000e+01
1.430430e+15,8.000000e+01
1.114973e+13,7.899337e+01
2.023638e+13,7.899580e+01
3.758729e+13,3.303225e+01
2.895411e+14,8.000000e+01
2.516652e+14,6.348198e+01
3.729446e+13,3.497967e+01
1.496356e+14,5.165043e+01
5.667373e+14,7.237065e+01
2.084441e+13,7.896130e+01
2.073736e+13,4.998462e+00
3.331365e+14,8.000000e+01
3.331365e+14,8.000000e+01
1.233713e+13,7.400888e+01
1.092837e+14,6.678520e+01
1.092837e+14,6.678520e+01
2.727239e+13,3.062990e+01
7.993724e+13,4.450345e+01
1.425050e+13,7.899168e+01
2.901803e+13,7.899888e+01
2.901803e+13,7.899816e+01
1.798917e+13,7.899605e+01
1.245708e+13,4.999533e+00
1.393028e+14,7.633452e+01
1.393028e+14,7.633452e+01
6.083576e+13,5.026908e+01
1.384414e+14,5.543412e+01
3.396139e+14,8.000000e+01
3.396139e+14,8.000000e+01
3.396139e+14,8.000000e+01
1.244901e+13,7.899544e+01
4.881936e+14,8.000000e+01
8.848076e+13,4.720609e+01
4.706958e+13,3.621536e+01
1.917733e+13,4.999428e+00
1.997907e+13,7.897017e+01
1.133553e+14,8.000000e+01
1.133553e+14,8.000000e+01
1.724519e+13,7.898558e+01
2.189708e+13,7.897704e+01
1.215226e+14,5.849711e+01
3.952986e+13,3.381301e+01
1.487738e+14,8.000000e+01
1.487738e+14,8.000000e+01
1.743717e+14,6.306157e+01
1.571485e+13,7.899543e+01
2.006947e+13,7.899595e+01
3.600407e+14,8.000000e+01
1.457447e+13,7.897247e+01
1.246698e+14,5.753617e+01
2.438538e+14,8.000000e+01
2.438538e+14,8.000000e+01
1.359111e+14,8.000000e+01
1.886183e+13,7.898817e+01
2.349908e+14,8.000000e+01
2.812361e+14,8.000000e+01
2.812361e+14,8.000000e+01
4.822047e+13,3.531448e+01
2.292495e+14,6.414262e+01
2.146803e+13,7.857843e+01
4.538016e+13,3.495412e+01
1.338592e+13,7.899221e+01
1.299339e+13,7.899221e+01
3.339493e+13,3.038967e+01
2.798261e+13,7.899540e+01
3.276307e+13,7.859018e+01
1.605905e+16,7.711529e+01
4.153668e+14,8.000000e+01
4.153668e+14,8.000000e+01
2.036753e+13,4.999135e+00
6.136612e+13,5.135013e+01
2.220535e+13,2.462404e+01
3.779230e+17,8.000000e+01
1.724074e+13,7.899871e+01
1.474705e+14,7.519341e+01
3.356729e+13,7.899419e+01
3.497912e+18,8.000000e+01
2.763790e+13,7.926313e+01
2.909381e+13,2.888820e+01
5.143081e+13,7.891106e+01
1.017452e+14,5.993852e+01
6.207864e+14,8.000000e+01
1.150141e+14,8.000000e+01
1.150141e+14,8.000000e+01
3.246390e+14,8.000000e+01
8.029497e+13,4.510403e+01
7.053543e+13,3.717629e+01
1.129198e+14,6.450297e+01
1.129198e+14,6.450297e+01
7.220177e+13,3.694202e+01
2.546328e+14,8.000000e+01
2.546328e+14,8.000000e+01
4.429462e+13,4.948831e+01
4.429462e+13,5.000001e+00
3.688862e+13,3.303225e+01
7.765069e+13,4.240140e+01
8.249882e+14,8.000000e+01
8.249882e+14,8.000000e+01
8.249882e+14,8.000000e+01
2.986249e+14,8.000000e+01
2.986249e+14,8.000000e+01
2.986249e+14,8.000000e+01
6.689364e+13,4.810697e+01
2.231418e+14,8.000000e+01
1.785113e+13,7.899426e+01
1.627776e+15,7.903716e+01
2.900097e+13,7.897977e+01
3.224002e+13,7.899627e+01
7.043959e+13,7.897710e+01
1.771969e+13,7.898378e+01
7.817000e+14,6.864702e+01
7.234270e+13,4.696585e+01
2.776257e+14,5.975834e+01
9.517541e+13,5.000368e+00
9.517541e+13,7.893891e+01
1.852896e+13,7.898435e+01
4.066484e+13,7.897798e+01
4.209579e+13,7.900133e+01
4.209579e+13,5.507377e+01
4.773190e+14,8.000000e+01
7.510119e+13,6.222074e+01
7.510119e+13,6.222074e+01
8.032495e+13,4.102005e+01
2.942624e+13,3.363284e+01
1.318321e+13,7.899647e+01
9.149018e+14,8.000000e+01
9.149018e+14,8.000000e+01
1.797017e+13,7.898714e+01
3.847113e+13,7.899546e+01
1.070066e+14,5.201078e+01
8.765821e+13,7.899989e+01
8.765821e+13,7.899625e+01
1.665930e+13,7.897569e+01
9.571441e+13,8.000000e+01
9.571441e+13,7.899819e+01
1.410276e+13,7.899638e+01
6.304873e+13,3.609524e+01
8.928358e+13,5.717582e+01
4.656637e+14,8.000000e+01
4.656637e+14,8.000000e+01
1.241692e+14,4.462357e+01
3.173049e+13,7.899950e+01
3.173049e+13,7.899743e+01
2.802742e+13,4.999405e+00
6.430316e+13,4.053958e+01
2.660651e+13,7.898706e+01
2.805230e+13,2.744680e+01
1.457415e+13,7.899574e+01
2.082368e+13,7.899370e+01
2.321557e+13,4.999024e+00
8.241685e+13,6.047904e+01
1.822488e+13,7.898965e+01
3.384300e+13,3.369289e+01
3.595311e+13,3.321242e+01
1.360769e+13,7.878812e+01
1.729992e+14,4.768656e+01
3.418993e+13,7.894072e+01
2.127546e+13,7.898205e+01
8.441502e+13,5.837699e+01
6.909935e+14,8.000000e+01
2.247081e+13,7.898767e+01
2.181030e+13,7.899497e+01
3.290475e+13,3.273196e+01
3.114038e+13,7.896208e+01
2.752808e+13,3.243166e+01
2.806952e+14,5.975834e+01
1.735080e+13,7.899553e+01
1.040686e+14,5.855717e+01
2.296171e+13,7.897595e+01
1.533613e+13,7.899583e+01
3.410860e+13,7.899467e+01
2.945251e+14,2.887219e+01
1.240745e+14,8.000000e+01
1.430976e+14,7.898864e+01
4.004365e+13,4.360257e+01
2.557793e+13,2.906838e+01
4.486928e+13,4.870755e+01
5.497960e+13,5.765629e+01
6.986482e+13,5.000187e+00
6.986482e+13,4.999893e+00
1.599881e+13,7.895656e+01
1.930984e+13,7.899393e+01
2.203167e+13,7.899828e+01
1.584129e+13,7.899719e+01
3.235873e+14,5.645512e+01
3.212750e+13,7.899413e+01
5.087704e+14,6.948784e+01
1.561119e+13,4.999651e+00
3.395695e+14,8.000000e+01
3.395695e+14,8.000000e+01
2.669576e+13,4.999947e+00
2.669576e+13,4.999981e+00
9.265131e+13,6.282133e+01
9.265131e+13,6.282133e+01
2.599454e+13,2.906838e+01
1.441625e+13,7.896731e+01
2.886030e+14,8.000000e+01
2.073176e+13,7.879911e+01
3.934743e+13,7.898906e+01
1.851388e+13,7.898986e+01
3.426699e+14,6.432280e+01
6.021628e+13,7.898976e+01
2.869575e+13,7.899103e+01
2.471480e+13,2.888820e+01
3.549968e+14,7.387212e+01
4.871723e+15,8.000000e+01
4.871723e+15,8.000000e+01
4.871723e+15,8.000000e+01
1.245360e+14,8.000000e+01
1.245360e+14,8.000000e+01
2.761219e+13,3.093020e+01
1.107064e+13,7.899678e+01
6.409744e+14,6.912749e+01
2.112663e+13,7.899470e+01
2.863817e+15,8.000000e+01
2.062594e+13,7.898179e+01
2.400534e+13,7.897886e+01
1.126814e+13,7.899184e+01
2.634588e+13,2.618556e+01
7.809073e+13,4.097441e+01
4.067231e+13,3.056984e+01
1.866248e+13,7.899431e+01
1.324005e+14,4.510403e+01
1.581465e+15,8.000000e+01
1.581465e+15,8.000000e+01
1.581465e+15,8.000000e+01
2.816109e+13,3.129055e+01
2.526297e+14,8.000000e+01
2.526297e+14,8.000000e+01
2.123167e+13,4.998374e+00
1.348772e+13,7.884933e+01
1.415326e+13,7.887420e+01
1.460197e+13,7.898975e+01
5.160928e+13,7.899462e+01
5.160928e+13,5.531400e+01
4.843206e+13,4.528421e+01
9.392817e+13,6.029887e+01
6.777191e+13,4.408304e+01
8.458456e+13,5.387259e+01
3.139474e+13,2.756691e+01
4.252650e+13,3.969876e+01
3.196380e+13,7.899703e+01
5.486659e+15,8.000000e+01
5.486659e+15,8.000000e+01
2.647150e+13,7.898415e+01
1.537360e+14,5.327201e+01
1.320402e+13,7.899819e+01
2.200724e+13,7.898917e+01
3.983336e+13,7.899447e+01
3.450817e+13,3.729641e+01
3.691504e+13,3.309231e+01
5.974283e+13,3.789700e+01
4.331723e+13,4.576468e+01
2.249593e+13,7.896854e+01
2.479866e+13,7.898618e+01
4.926947e+14,8.000000e+01
4.926947e+14,8.000000e+01
1.235946e+13,7.899507e+01
1.875723e+13,1.900000e+01
6.389548e+14,8.000000e+01
6.389548e+14,8.000000e+01
6.389548e+14,8.000000e+01
1.639519e+14,8.000000e+01
2.700845e+13,2.948879e+01
8.883777e+13,4.738626e+01
1.762138e+13,7.895670e+01
3.641580e+13,3.093020e+01
4.556077e+13,4.768656e+01
4.914067e+13,4.378274e+01
1.355564e+14,8.000000e+01
1.355564e+14,8.000000e+01
9.796270e+13,4.414310e+01
1.127259e+13,7.897902e+01
2.398766e+13,7.897552e+01
3.773156e+14,8.000000e+01
2.364732e+13,2.792726e+01
3.760522e+13,3.002932e+01
1.058418e+14,5.333207e+01
5.757809e+13,4.780667e+01
4.113351e+13,4.258157e+01
5.651625e+13,7.899717e+01
2.462975e+13,2.600539e+01
6.365043e+17,8.000000e+01
4.150823e+13,3.801712e+01
7.316161e+13,4.930814e+01
8.040553e+13,5.465336e+01
2.572923e+14,7.519341e+01
1.072571e+14,5.627494e+01
2.925293e+14,8.000000e+01
4.493588e+13,3.327248e+01
1.392160e+13,7.899652e+01
4.116640e+13,7.899319e+01
1.582681e+14,5.405277e+01
1.759163e+14,8.000000e+01
1.759163e+14,8.000000e+01
4.990748e+13,5.873734e+01
7.349268e+14,8.000000e+01
3.417877e+13,7.894754e+01
2.662355e+13,7.898424e+01
8.759639e+13,7.086919e+01
8.759639e+13,7.086919e+01
1.113438e+13,7.899527e+01
1.128547e+18,8.000000e+01
1.128547e+18,8.000000e+01
1.403093e+13,5.865127e+01
1.850663e+14,6.318168e+01
1.957132e+13,7.899898e+01
1.957132e+13,7.899905e+01
1.896539e+14,8.000000e+01
1.189421e+13,7.899602e+01
9.532302e+13,5.207084e+01
3.199484e+14,8.000000e+01
3.339957e+14,7.705523e+01
1.684469e+13,5.000217e+00
8.151897e+13,5.165043e+01
1.769575e+14,6.162016e+01
2.908572e+13,7.899421e+01
2.194773e+13,4.999754e+00
3.344563e+13,2.972902e+01
4.410039e+13,3.609524e+01
7.270663e+14,8.000000e+01
2.182685e+13,4.999879e+00
2.239590e+14,5.080960e+01
1.934186e+13,7.899837e+01
2.665560e+13,2.510451e+01
5.944316e+13,5.987846e+01
5.460334e+13,3.999905e+01
3.046383e+13,3.002932e+01
1.539408e+14,4.768656e+01
3.576589e+14,7.573394e+01
4.880126e+13,5.014896e+01
2.103161e+14,5.279154e+01
8.526316e+13,5.555424e+01
1.734073e+13,7.899690e+01
1.110971e+14,4.426321e+01
1.500655e+13,7.899543e+01
1.770658e+13,7.899648e+01
2.036114e+14,8.000000e+01
4.896341e+13,4.552444e+01
1.626461e+13,7.899419e+01
8.782825e+14,8.000000e+01
1.245856e+15,8.000000e+01
1.245856e+15,8.000000e+01
3.379148e+14,8.000000e+01
5.562905e+13,5.405277e+01
3.307650e+13,7.888083e+01
3.043384e+13,7.897661e+01
2.225562e+14,5.243119e+01
5.370041e+13,3.591506e+01
1.803877e+13,7.899357e+01
7.111617e+13,4.041946e+01
1.081338e+14,6.107963e+01
8.846339e+13,5.399271e+01
2.453280e+13,2.612551e+01
2.567521e+13,7.898345e+01
9.710720e+13,6.216069e+01
1.061178e+13,7.899787e+01
3.681626e+19,8.000000e+01
3.681626e+19,8.000000e+01
1.706086e+14,7.092925e+01
1.725973e+14,5.759623e+01
1.452258e+13,7.899672e+01
8.978557e+13,5.026908e+01
2.841323e+14,7.074907e+01
6.230769e+13,3.849758e+01
1.408933e+13,7.899838e+01
2.215261e+14,5.032914e+01
1.389473e+13,7.897501e+01
1.442554e+13,7.898217e+01
3.885249e+13,3.201125e+01
4.284951e+14,8.000000e+01
2.091594e+13,7.899023e+01
9.579901e+13,4.354251e+01
2.205582e+13,7.897991e+01
1.535776e+14,4.852738e+01
7.779465e+13,5.867729e+01
1.251773e+13,7.887549e+01
5.061952e+13,4.516409e+01
1.382268e+14,8.000000e+01
1.382268e+14,8.000000e+01
2.233396e+13,7.898723e+01
2.391650e+13,7.899490e+01
8.778775e+13,8.000000e+01
3.924328e+13,3.525442e+01
1.275107e+14,7.315142e+01
6.405182e+13,4.840726e+01
4.890332e+14,8.000000e+01
1.750663e+14,7.753570e+01
3.091325e+13,2.954885e+01
7.219753e+13,8.000000e+01
7.219753e+13,7.899608e+01
6.540135e+13,5.783646e+01
3.781946e+14,8.000000e+01
1.676165e+13,7.899568e+01
2.758985e+13,2.930861e+01
1.455998e+13,7.891865e+01
1.688978e+13,7.898339e+01
6.328250e+13,4.083987e+01
9.211396e+13,8.000000e+01
9.211396e+13,8.000000e+01
9.211396e+13,5.000238e+00
7.536764e+14,8.000000e+01
6.979227e+13,4.330228e+01
1.713136e+13,4.999899e+00
6.333017e+14,8.000000e+01
6.333017e+14,8.000000e+01
6.333017e+14,8.000000e+01
3.691509e+14,8.000000e+01
3.691509e+14,8.000000e+01
3.691509e+14,8.000000e+01
2.535735e+13,7.898946e+01
2.176133e+14,8.000000e+01
1.131584e+16,8.000000e+01
3.792173e+13,4.041946e+01
1.556850e+14,8.000000e+01
1.556850e+14,8.000000e+01
2.286204e+13,5.318266e+01
2.464783e+13,7.879530e+01
1.636234e+13,7.899850e+01
2.092363e+13,7.899580e+01
3.615325e+13,3.813723e+01
7.023882e+14,8.000000e+01
7.023882e+14,8.000000e+01
1.265434e+14,7.128960e+01
2.931451e+13,3.207131e+01
1.068776e+14,8.000000e+01
1.239787e+13,7.897518e+01
2.063147e+15,8.000000e+01
2.063147e+15,8.000000e+01
2.063147e+15,8.000000e+01
2.930158e+13,2.882814e+01
6.162565e+13,3.717629e+01
1.461692e+13,7.898600e+01
4.416533e+15,8.000000e+01
1.526553e+14,5.573441e+01
5.242372e+13,4.029934e+01
2.080643e+13,7.884003e+01
1.106008e+13,7.898624e+01
1.739798e+13,7.899601e+01
8.939894e+13,2.100000e+01
1.259516e+13,7.891658e+01
2.365977e+13,7.899105e+01
3.543000e+13,3.519436e+01
6.651925e+13,6.858696e+01
3.536481e+13,3.867776e+01
1.368117e+14,5.459330e+01
1.589294e+14,4.522415e+01
3.943292e+13,3.549465e+01
3.781655e+13,7.899387e+01
1.574339e+13,7.897839e+01
9.679349e+12,7.899755e+01
6.568162e+13,3.951858e+01
2.364333e+14,8.000000e+01
2.057828e+13,7.898752e+01
1.123521e+14,6.264116e+01
1.016163e+14,6.921003e+01
7.551393e+14,8.000000e+01
7.551393e+14,8.000000e+01
1.263157e+13,7.899820e+01
1.300620e+14,8.000000e+01
5.498339e+13,7.891103e+01
4.287485e+15,8.000000e+01
4.287485e+15,8.000000e+01
4.287485e+15,8.000000e+01
4.287485e+15,8.000000e+01
4.287485e+15,8.000000e+01
5.976189e+13,5.225101e+01
3.104614e+13,7.899232e+01
1.720442e+13,7.899416e+01
3.032689e+13,2.834768e+01
1.367544e+15,8.000000e+01
8.040005e+13,4.420315e+01
2.273189e+13,7.899444e+01
3.636356e+14,8.000000e+01
3.636356e+14,8.000000e+01
3.304519e+13,7.898274e+01
2.766795e+14,7.879693e+01
1.476809e+14,5.951811e+01
5.734922e+13,5.789652e+01
3.404687e+13,4.732620e+01
1.051524e+17,8.000000e+01
1.833484e+15,8.000000e+01
2.421526e+13,7.896714e+01
1.748618e+13,7.899612e+01
5.483118e+13,7.896982e+01
2.578383e+15,8.000000e+01
2.578383e+15,8.000000e+01
2.578383e+15,8.000000e+01
2.081355e+13,7.899461e+01
3.263645e+13,3.195119e+01
8.558929e+13,5.615482e+01
4.034078e+13,2.899071e+01
5.157299e+13,7.898611e+01
1.109271e+14,4.756644e+01
2.287691e+13,7.898862e+01
1.976690e+13,7.899237e+01
1.397443e+13,7.899671e+01
1.271554e+14,5.831693e+01
4.869845e+13,3.543459e+01
9.230936e+13,5.507377e+01
4.514797e+13,3.681594e+01
2.945096e+13,7.897314e+01
1.465723e+13,7.899566e+01
9.135543e+13,8.000000e+01
1.078077e+14,6.474321e+01
1.078077e+14,6.474321e+01
6.911018e+13,7.898157e+01
3.725269e+13,7.896583e+01
3.340439e+13,3.279201e+01
7.152142e+14,8.000000e+01
2.160868e+13,7.899444e+01
1.553344e+14,4.744632e+01
6.945271e+13,5.098978e+01
1.007195e+15,8.000000e+01
1.343906e+14,4.309288e+01
2.321489e+13,7.899602e+01
5.297921e+13,3.633547e+01
4.507168e+14,8.000000e+01
4.507168e+14,8.000000e+01
1.148628e+13,7.899519e+01
8.539695e+13,4.083987e+01
2.283469e+13,7.895213e+01
5.241293e+13,3.435354e+01
6.922991e+13,6.059916e+01
9.302735e+13,7.898696e+01
9.302735e+13,7.899308e+01
9.302735e+13,7.899418e+01
1.948994e+13,7.898893e+01
6.401403e+13,7.831646e+01
1.202025e+14,4.450345e+01
8.696221e+13,5.927787e+01
5.651639e+13,3.939846e+01
4.383991e+13,4.228128e+01
1.966525e+13,7.899778e+01
2.104890e+13,7.894554e+01
1.593977e+14,7.945757e+01
7.926215e+13,5.591459e+01
2.611450e+13,5.694420e+01
1.384811e+13,7.897789e+01
1.759339e+13,7.899047e+01
3.252793e+13,7.899219e+01
1.678740e+13,7.899351e+01
4.083719e+13,4.396292e+01
1.908479e+13,7.899035e+01
5.760897e+14,6.996831e+01
1.929572e+14,8.000000e+01
1.929572e+14,8.000000e+01
8.020650e+13,5.591459e+01
1.731525e+13,7.896593e+01
1.693465e+13,7.899014e+01
1.941786e+13,2.222169e+01
1.930648e+14,4.960843e+01
3.564512e+14,7.993804e+01
1.984034e+13,7.898885e+01
1.468391e+14,7.074907e+01
1.405009e+13,7.899499e+01
8.415403e+13,4.648538e+01
4.665790e+13,4.474368e+01
3.316164e+13,3.315237e+01
7.118271e+13,7.899303e+01
7.118271e+13,5.807670e+01
9.524795e+13,5.129007e+01
1.125476e+14,4.678568e+01
1.713996e+14,8.000000e+01
4.701339e+13,4.240140e+01
4.204926e+13,7.899648e+01
1.748755e+14,2.472448e+01
1.626752e+15,8.000000e+01
1.626752e+15,8.000000e+01
8.004520e+19,8.000000e+01
8.004520e+19,8.000000e+01
8.004520e+19,8.000000e+01
8.004520e+19,8.000000e+01
8.004520e+19,8.000000e+01
8.004520e+19,8.000000e+01
8.004520e+19,8.000000e+01
8.004520e+19,8.000000e+01
9.431112e+13,7.899406e+01
9.431112e+13,7.899341e+01
2.550109e+14,5.000024e+00
6.024040e+13,5.000291e+00
6.024040e+13,5.000343e+00
8.340063e+13,3.873782e+01
1.193221e+13,7.899556e+01
8.435912e+13,7.911434e+01
8.435912e+13,8.000000e+01
5.758836e+13,3.891799e+01
1.898636e+14,8.000000e+01
1.898636e+14,8.000000e+01
1.569039e+13,7.899867e+01
2.368581e+16,8.000000e+01
2.368581e+16,8.000000e+01
2.368581e+16,8.000000e+01
1.367115e+15,8.000000e+01
1.367115e+15,8.000000e+01
1.540680e+17,8.000000e+01
1.893870e+13,7.899857e+01
2.479165e+13,5.000000e+00
8.387895e+13,6.017875e+01
1.056006e+14,5.297172e+01
5.727132e+13,3.369289e+01
1.160367e+13,7.899444e+01
2.459003e+13,7.898056e+01
2.913519e+13,3.309231e+01
6.668333e+13,4.192093e+01
2.318029e+13,7.897960e+01
9.350529e+13,8.000000e+01
1.117913e+13,7.898747e+01
1.781510e+13,7.898195e+01
1.424992e+13,7.899120e+01
7.316415e+13,4.702591e+01
9.836864e+13,4.162063e+01
3.823981e+13,7.897695e+01
2.258353e+13,2.666603e+01
1.924945e+14,8.000000e+01
1.924945e+14,8.000000e+01
2.846796e+13,7.921061e+01
9.687249e+12,7.897364e+01
3.901213e+14,8.000000e+01
3.588598e+14,8.000000e+01
3.811172e+13,3.441360e+01
1.345287e+14,6.192045e+01
7.391083e+13,4.654544e+01
9.420987e+13,4.999983e+00
9.420987e+13,5.000010e+00
2.653164e+13,6.555782e+01
2.294083e+13,7.899524e+01
6.371819e+13,4.150052e+01
1.900317e+14,8.000000e+01
1.900317e+14,8.000000e+01
5.184021e+13,4.035940e+01
4.882646e+14,4.888773e+01
1.545568e+13,7.897476e+01
2.378325e+13,2.690627e+01
2.053898e+16,8.000000e+01
6.611175e+13,7.399224e+01
6.611175e+13,5.000010e+00
1.006638e+14,8.000000e+01
1.006638e+14,8.000000e+01
1.308519e+13,7.899757e+01
1.742579e+13,7.897414e+01
2.516404e+13,7.897863e+01
3.340807e+13,3.159084e+01
2.512381e+13,7.899833e+01
2.011202e+13,7.899660e+01
1.987655e+13,4.999735e+00
2.234359e+13,7.885300e+01
3.039978e+14,8.000000e+01
3.572639e+13,7.898739e+01
2.012320e+13,7.899646e+01
1.788281e+14,8.000000e+01
5.296674e+14,8.000000e+01
5.296674e+14,8.000000e+01
1.324554e+13,7.898941e+01
6.865049e+13,7.975787e+01
4.150529e+13,4.017923e+01
2.094721e+14,7.062895e+01
3.241992e+13,3.008938e+01
3.275668e+13,2.750685e+01
1.060497e+14,7.957769e+01
2.622638e+13,7.246795e+01
4.115224e+13,3.885794e+01
1.866922e+13,7.899764e+01
4.700446e+13,3.339260e+01
6.643749e+13,6.240092e+01
1.744577e+13,7.899527e+01
5.396991e+13,4.102005e+01
3.837405e+13,3.651565e+01
1.599278e+14,2.900000e+01
6.848854e+13,3.855764e+01
2.300583e+13,7.899115e+01
1.988583e+13,7.881324e+01
2.639294e+13,7.895152e+01
1.057802e+13,7.899807e+01
1.373732e+13,7.834414e+01
4.323330e+15,8.000000e+01
2.480246e+13,2.750685e+01
2.057295e+13,7.898537e+01
3.667481e+13,7.899405e+01
5.395941e+13,3.627541e+01
1.598004e+13,4.089223e+01
4.473799e+13,4.864749e+01
2.863113e+13,7.899617e+01
1.201321e+15,8.000000e+01
1.201321e+15,8.000000e+01
1.274906e+14,7.807622e+01
2.410956e+13,2.492433e+01
3.340527e+13,7.899400e+01
2.331027e+14,8.000000e+01
4.293920e+13,5.333207e+01
3.419965e+13,7.899572e+01
3.247520e+13,3.699612e+01
1.434015e+13,7.899767e+01
4.663062e+14,8.000000e+01
4.663062e+14,8.000000e+01
3.187157e+13,2.990920e+01
9.672214e+13,5.147025e+01
5.724581e+13,3.567483e+01
1.656033e+13,7.898406e+01
5.036926e+13,5.000047e+00
5.036926e+13,7.895377e+01
4.463987e+13,3.447366e+01
1.220106e+13,7.898482e+01
2.230646e+13,7.899108e+01
5.616631e+13,4.534427e+01
5.298476e+13,3.897805e+01
6.895507e+13,8.000000e+01
7.994305e+13,5.147025e+01
2.967048e+13,7.898611e+01
3.755423e+13,3.561477e+01
2.412330e+14,6.594438e+01
7.392372e+13,4.960843e+01
2.472247e+13,7.899043e+01
3.801094e+13,2.972902e+01
2.932455e+13,3.201125e+01
4.730485e+13,4.065970e+01
2.685731e+13,7.899343e+01
1.396731e+14,8.000000e+01
1.396731e+14,8.000000e+01
1.186287e+13,7.898314e+01
2.429339e+14,7.074907e+01
3.619606e+13,7.899815e+01
4.889493e+13,7.899677e+01
4.108196e+13,4.594485e+01
2.821038e+13,7.898002e+01
6.567297e+13,4.192093e+01
3.820531e+14,8.000000e+01
3.820531e+14,8.000000e+01
1.082426e+13,7.899616e+01
1.418125e+13,7.899830e+01
2.461333e+13,7.898667e+01
3.364551e+13,7.899091e+01
4.290547e+13,3.747659e+01
1.594208e+13,7.898980e+01
3.354750e+13,2.948879e+01
9.332306e+13,7.899111e+01
2.982163e+14,7.303130e+01
1.151772e+14,7.645464e+01
2.982033e+15,8.000000e+01
2.982033e+15,8.000000e+01
1.864315e+13,7.899399e+01
4.741209e+14,6.528374e+01
1.162827e+13,7.899001e+01
1.923747e+14,6.095951e+01
5.514351e+13,3.411330e+01
1.670911e+13,7.899328e+01
6.975038e+13,7.423247e+01
6.975038e+13,7.423247e+01
1.892675e+13,7.898430e+01
2.336139e+13,7.896971e+01
2.376806e+14,7.116948e+01
2.376806e+14,7.116948e+01
2.663806e+14,8.000000e+01
2.663806e+14,8.000000e+01
1.858754e+14,6.906743e+01
7.256065e+13,5.303177e+01
6.909906e+14,8.000000e+01
6.909906e+14,8.000000e+01
8.952840e+13,8.000000e+01
8.952840e+13,8.000000e+01
2.082078e+13,2.300246e+01
1.918454e+13,7.899757e+01
2.061054e+13,4.999756e+00
1.085930e+14,8.000000e+01
6.914927e+14,8.000000e+01
4.751296e+13,3.333254e+01
1.786110e+13,4.999583e+00
1.249609e+14,5.813676e+01
1.752905e+14,5.273148e+01
4.837805e+13,7.444019e+01
1.049857e+13,7.899808e+01
4.017244e+13,4.504398e+01
2.845518e+13,7.899297e+01
1.615539e+13,7.899062e+01
6.260758e+13,4.690579e+01
6.488051e+14,8.000000e+01
2.383801e+15,8.000000e+01
2.922585e+13,2.960891e+01
1.705810e+13,7.898971e+01
9.208235e+13,7.309136e+01
1.686112e+14,5.201078e+01
3.518067e+13,3.405325e+01
3.675951e+13,5.000391e+00
2.614305e+13,7.897102e+01
1.000836e+14,7.705523e+01
1.000836e+14,7.705523e+01
3.134406e+13,2.792726e+01
1.134736e+13,7.899676e+01
2.913889e+13,2.720656e+01
4.021867e+13,3.579495e+01
2.508535e+13,2.654592e+01
1.759116e+14,5.693558e+01
8.516902e+13,4.630521e+01
1.495403e+14,7.723540e+01
1.495403e+14,7.723540e+01
6.019090e+13,4.222122e+01
1.169545e+13,7.899645e+01
5.149488e+13,6.546391e+01
1.243668e+14,5.357230e+01
2.813603e+13,4.999922e+00
6.091905e+13,8.000000e+01
1.359436e+13,7.899294e+01
2.408282e+13,7.892969e+01
1.266784e+14,4.546439e+01
2.214575e+13,7.898212e+01
5.059777e+13,5.339213e+01
2.379181e+13,4.998390e+00
3.179975e+13,3.105031e+01
7.828366e+13,4.630521e+01
1.097404e+13,7.899868e+01
2.316686e+13,6.427386e+01
1.830144e+13,7.880167e+01
1.279115e+14,6.432280e+01
4.417393e+13,3.291213e+01
1.680537e+13,7.794345e+01
1.942397e+13,7.897175e+01
2.654623e+14,8.000000e+01
2.654623e+14,8.000000e+01
1.715373e+13,6.716601e+01
1.632301e+13,7.891994e+01
7.773338e+13,6.918755e+01
7.767445e+13,4.822708e+01
1.376691e+14,8.000000e+01
1.376691e+14,8.000000e+01
7.081825e+13,4.324222e+01
2.878636e+13,4.999122e+00
2.535375e+13,2.720656e+01
9.612240e+12,7.899414e+01
1.130826e+13,7.899651e+01
1.509849e+13,4.999562e+00
2.460815e+13,3.068996e+01
2.818562e+13,7.898971e+01
3.935692e+13,7.923594e+01
3.802504e+14,8.000000e+01
3.802504e+14,8.000000e+01
1.657647e+16,8.000000e+01
1.657647e+16,8.000000e+01
1.657647e+16,8.000000e+01
1.628728e+13,7.861975e+01
2.638775e+13,7.896322e+01
6.147523e+13,5.723588e+01
3.444786e+14,8.000000e+01
3.444786e+14,8.000000e+01
1.668200e+13,7.894997e+01
8.351950e+13,5.525394e+01
4.501411e+13,3.747659e+01
2.897156e+13,3.147072e+01
9.423801e+13,8.000000e+01
9.423801e+13,8.000000e+01
8.387699e+13,5.543412e+01
7.776210e+13,4.666556e+01
6.081019e+13,7.899397e+01
1.989876e+13,7.899574e+01
5.451153e+13,7.890100e+01
1.022732e+14,5.056937e+01
2.286697e+13,7.899619e+01
3.482183e+14,7.969781e+01
4.229127e+13,3.837747e+01
5.902798e+13,4.270169e+01
7.363964e+13,5.068949e+01
7.895978e+13,7.899076e+01
1.362884e+14,7.363189e+01
1.362884e+14,7.363189e+01
1.426055e+14,8.000000e+01
1.426055e+14,8.000000e+01
1.344622e+13,7.899579e+01
1.639254e+13,7.889669e+01
3.871417e+13,7.898023e+01
7.960446e+13,8.000000e+01
7.960446e+13,8.000000e+01
2.000851e+13,7.899734e+01
2.106305e+14,8.000000e+01
1.749102e+13,7.866163e+01
8.726429e+14,8.000000e+01
8.726429e+14,8.000000e+01
1.980899e+13,7.899579e+01
3.025680e+13,7.899601e+01
1.766354e+13,7.899250e+01
1.701100e+14,5.651517e+01
7.549334e+13,4.999999e+00
7.549334e+13,7.899768e+01
8.630172e+14,8.000000e+01
2.084014e+13,7.898831e+01
2.171997e+14,8.000000e+01
2.314309e+13,2.564504e+01
9.523664e+13,6.635860e+01
2.708199e+13,7.894868e+01
9.070012e+14,8.000000e+01
2.367393e+14,8.000000e+01
1.130944e+14,5.129007e+01
1.219158e+14,5.915775e+01
2.125486e+14,6.768608e+01
1.042655e+14,7.261089e+01
1.042655e+14,7.261089e+01
1.080688e+13,7.899631e+01
1.231508e+14,6.162016e+01
5.589215e+13,5.044925e+01
2.237541e+13,5.000000e+00
2.222172e+13,7.899567e+01
1.637988e+14,7.333159e+01
7.433808e+13,5.219095e+01
2.804689e+13,7.898277e+01
1.509515e+13,7.899402e+01
1.900338e+13,7.899265e+01
2.113397e+14,8.000000e+01
2.113397e+14,8.000000e+01
6.853397e+14,8.000000e+01
1.703537e+14,8.000000e+01
1.703537e+14,8.000000e+01
1.127901e+14,5.000027e+00
1.127901e+14,7.897082e+01
1.072786e+14,5.044925e+01
1.407059e+13,7.899779e+01
2.197095e+13,7.899390e+01
2.224962e+13,7.898773e+01
1.508973e+13,7.899128e+01
3.795179e+13,3.699612e+01
2.505247e+13,7.898364e+01
6.623507e+13,4.456351e+01
3.852908e+13,3.081008e+01
4.639850e+13,7.923216e+01
2.678425e+13,2.618556e+01
2.293895e+13,2.900692e+01
2.186355e+13,7.899826e+01
1.377857e+13,7.899055e+01
3.240608e+13,3.405325e+01
5.881783e+14,7.705523e+01
1.876067e+14,5.843705e+01
1.637672e+13,7.899436e+01
5.052994e+15,8.000000e+01
3.340818e+13,2.654592e+01
3.186669e+13,3.081008e+01
4.816356e+13,3.849758e+01
5.127508e+13,4.432327e+01
3.499929e+13,3.255178e+01
1.737483e+14,8.000000e+01
1.737483e+14,8.000000e+01
4.443365e+13,7.895989e+01
1.198720e+14,6.222074e+01
1.496533e+15,8.000000e+01
5.986587e+17,8.000000e+01
5.986587e+17,8.000000e+01
5.986587e+17,8.000000e+01
5.986587e+17,8.000000e+01
1.446017e+14,6.558403e+01
4.228347e+13,3.621536e+01
2.286527e+13,7.879584e+01
1.153415e+15,8.000000e+01
5.803194e+14,6.432280e+01
2.853267e+13,2.738674e+01
1.090515e+15,8.000000e+01
1.090515e+15,8.000000e+01
2.021099e+13,7.899277e+01
5.943337e+13,4.294192e+01
1.822283e+15,7.939751e+01
1.344135e+13,7.899599e+01
7.087121e+13,4.198099e+01
2.287952e+14,8.000000e+01
2.287952e+14,8.000000e+01
3.086936e+14,8.000000e+01
1.901121e+13,7.886484e+01
8.735518e+13,8.000000e+01
9.630585e+13,6.299154e+01
9.630585e+13,5.000018e+00
9.630585e+13,5.000018e+00
3.908951e+14,8.000000e+01
3.908951e+14,8.000000e+01
4.460825e+14,8.000000e+01
1.235295e+13,7.899853e+01
4.768565e+13,3.945852e+01
2.040881e+13,7.892622e+01
2.034508e+13,7.896959e+01
2.528878e+13,7.899028e+01
1.037365e+14,4.999999e+00
1.037365e+14,8.000000e+01
4.164898e+15,7.609429e+01
1.350948e+14,6.095951e+01
3.830683e+13,3.873782e+01
5.824530e+13,3.519436e+01
1.830918e+14,8.000000e+01
9.241068e+13,6.582426e+01
5.663205e+13,5.000009e+00
5.663205e+13,7.591411e+01
6.458939e+13,4.408304e+01
2.201070e+13,7.896346e+01
8.034877e+13,5.435306e+01
1.916712e+13,7.899557e+01
4.384749e+13,3.663577e+01
2.265564e+13,7.899242e+01
4.547092e+13,3.807717e+01
5.117688e+13,4.846732e+01
5.267029e+13,4.606497e+01
5.593211e+13,4.126028e+01
3.532665e+13,7.899874e+01
6.617649e+13,6.390239e+01
2.375555e+13,7.898928e+01
1.611547e+14,4.966849e+01
3.309926e+13,3.675588e+01
2.411520e+13,2.444386e+01
1.373192e+13,7.876930e+01
1.676411e+13,7.896694e+01
1.011129e+14,4.696585e+01
1.912681e+13,7.896687e+01
1.162149e+14,4.456351e+01
2.527094e+14,6.204057e+01
1.397944e+13,7.899503e+01
4.671222e+14,7.597417e+01
1.732245e+13,7.899510e+01
4.328458e+17,8.000000e+01
4.328458e+17,8.000000e+01
4.165396e+13,2.954885e+01
2.832556e+13,7.896715e+01
4.534220e+13,7.273101e+01
9.596266e+13,7.164995e+01
2.321746e+14,6.534379e+01
3.932745e+13,3.771682e+01
7.600481e+13,4.294192e+01
5.255743e+13,5.000004e+00
5.255743e+13,7.899138e+01
1.183816e+13,7.899760e+01
2.029655e+13,7.898849e+01
1.700479e+13,7.899721e+01
8.506647e+13,5.537406e+01
1.843719e+14,3.759670e+01
2.196671e+13,5.000000e+00
3.988216e+13,4.318216e+01
2.674971e+13,2.972902e+01
1.051569e+20,8.000000e+01
1.051569e+20,8.000000e+01
1.051569e+20,8.000000e+01
1.051569e+20,8.000000e+01
1.051569e+20,8.000000e+01
1.051569e+20,8.000000e+01
1.051569e+20,8.000000e+01
1.051569e+20,8.000000e+01
1.051569e+20,8.000000e+01
1.051569e+20,8.000000e+01
1.051569e+20,8.000000e+01
1.051569e+20,8.000000e+01
3.296122e+13,7.899707e+01
2.760514e+13,7.898836e+01
4.121003e+13,4.017923e+01
6.191701e+14,8.000000e+01
1.391568e+13,7.899733e+01
7.877643e+13,8.000000e+01
3.356578e+13,4.384280e+01
6.998806e+14,8.000000e+01
6.998806e+14,8.000000e+01
6.998806e+14,8.000000e+01
6.998806e+14,8.000000e+01
6.998806e+14,8.000000e+01
6.998806e+14,8.000000e+01
5.995772e+13,3.741653e+01
4.463529e+18,8.000000e+01
1.738260e+14,6.726567e+01
2.000560e+14,7.417241e+01
3.176975e+13,3.489407e+01
1.075753e+14,8.000000e+01
8.396390e+13,7.213042e+01
8.396390e+13,7.213042e+01
2.016364e+13,7.876325e+01
5.796151e+13,4.168069e+01
2.539936e+13,2.210158e+01
2.146613e+13,2.486427e+01
2.116979e+13,7.896691e+01
2.403743e+13,6.705227e+01
2.229058e+14,8.000000e+01
2.395208e+13,7.899295e+01
2.830590e+13,7.899298e+01
5.359561e+13,3.855764e+01
2.185174e+13,7.899789e+01
2.338322e+13,7.899685e+01
3.325521e+13,3.093020e+01
4.513256e+13,7.899361e+01
1.513045e+13,7.899780e+01
8.940812e+13,5.879740e+01
5.428003e+13,7.899761e+01
2.282168e+13,4.999576e+00
3.296415e+13,3.645559e+01
2.959047e+13,2.942873e+01
5.932929e+13,3.873782e+01
1.840939e+14,8.000000e+01
1.114371e+14,6.029887e+01
2.396957e+13,7.894737e+01
1.147964e+14,7.899474e+01
1.147964e+14,7.899206e+01
1.147964e+14,5.000005e+00
3.610893e+13,7.896004e+01
7.848014e+13,4.065970e+01
1.520695e+13,7.899550e+01
2.685555e+17,8.000000e+01
1.816897e+13,4.999754e+00
2.725802e+14,6.156010e+01
1.641770e+14,6.594438e+01
1.066953e+13,7.899610e+01
1.029143e+13,7.899683e+01
1.123024e+13,7.899768e+01
9.019335e+13,7.501323e+01
1.613021e+13,7.898545e+01
1.832699e+14,8.000000e+01
3.134633e+13,7.899126e+01
2.796724e+13,3.633547e+01
1.208032e+13,7.899872e+01
1.229022e+13,7.869065e+01
1.329887e+14,6.858696e+01
3.855436e+13,3.093020e+01
7.432728e+14,7.903716e+01
4.478056e+14,8.000000e+01
3.459031e+14,8.000000e+01
3.459031e+14,8.000000e+01
3.566365e+13,2.299489e+01
1.760653e+13,7.896967e+01
8.894125e+13,6.017875e+01
8.894125e+13,6.017875e+01
2.237022e+13,7.896588e+01
3.488951e+19,8.000000e+01
1.102043e+14,2.894523e+01
1.392834e+13,4.999493e+00
2.088683e+13,7.897171e+01
2.245385e+14,8.000000e+01
2.245385e+14,8.000000e+01
2.869470e+13,7.899606e+01
4.155839e+13,7.899509e+01
2.675457e+13,2.990920e+01
1.293435e+14,8.000000e+01
1.293435e+14,8.000000e+01
5.270056e+14,8.000000e+01
2.177411e+13,7.899363e+01
7.063574e+13,3.885794e+01
1.056478e+13,7.899402e+01
3.560704e+13,7.899034e+01
4.683724e+14,8.000000e+01
1.145883e+14,6.720561e+01
3.035251e+13,7.894301e+01
1.520919e+14,4.936820e+01
2.291897e+13,7.696090e+01
2.008734e+13,7.899065e+01
1.723278e+13,7.899074e+01
1.489762e+14,6.107963e+01
1.660810e+14,7.765581e+01
1.174864e+13,4.999816e+00
5.340518e+13,4.330228e+01
2.809930e+13,2.756691e+01
2.066624e+13,7.899476e+01
2.657952e+13,7.899670e+01
4.007674e+13,5.627494e+01
2.347670e+13,7.857659e+01
3.041052e+13,3.561477e+01
2.636265e+13,7.898941e+01
1.806180e+13,7.899227e+01
3.727534e+13,7.898249e+01
6.646832e+13,8.000000e+01
2.076394e+14,8.000000e+01
3.993585e+13,3.129055e+01
2.980148e+13,7.899587e+01
3.143346e+13,4.999635e+00
1.311845e+14,7.189018e+01
7.114502e+14,8.000000e+01
7.114502e+14,8.000000e+01
2.665210e+13,2.516457e+01
3.441980e+13,3.261184e+01
1.156216e+14,2.792726e+01
1.601259e+14,8.000000e+01
6.864771e+13,6.504350e+01
6.864771e+13,5.000012e+00
1.992297e+13,7.885116e+01
7.616490e+13,4.828714e+01
3.908208e+14,8.000000e+01
2.785354e+13,7.899449e+01
1.008687e+14,3.771682e+01
1.455021e+14,7.537359e+01
3.310820e+14,7.951763e+01
1.070592e+14,5.201078e+01
2.600744e+13,2.816750e+01
1.784608e+13,7.899417e+01
1.044662e+13,7.899864e+01
1.653596e+15,8.000000e+01
1.364788e+13,7.899049e+01
2.950675e+13,4.999673e+00
6.102038e+13,5.837699e+01
6.102038e+13,5.837699e+01
3.354193e+13,3.669583e+01
3.240002e+13,7.888977e+01
1.423820e+19,8.000000e+01
1.423820e+19,8.000000e+01
1.423820e+19,8.000000e+01
2.030011e+13,7.899159e+01
2.561587e+13,7.894451e+01
7.623033e+13,4.294192e+01
1.356185e+13,7.891798e+01
5.776696e+13,4.270169e+01
1.650283e+14,8.000000e+01
1.650283e+14,8.000000e+01
1.316760e+13,7.899587e+01
2.028139e+13,4.998790e+00
1.661445e+13,7.898718e+01
1.602549e+13,7.899772e+01
1.590396e+13,7.898723e+01
3.148125e+14,8.000000e+01
3.148125e+14,8.000000e+01
1.370943e+13,7.898279e+01
9.537698e+14,8.000000e+01
5.786170e+15,8.000000e+01
5.786170e+15,8.000000e+01
1.238720e+14,6.143998e+01
2.077126e+14,7.507329e+01
1.080479e+13,7.898850e+01
4.181720e+14,8.000000e+01
4.181720e+14,8.000000e+01
4.477057e+13,3.471389e+01
2.322328e+14,8.000000e+01
2.322328e+14,8.000000e+01
2.322328e+14,8.000000e+01
1.316891e+14,5.225101e+01
2.404114e+14,8.000000e+01
2.404114e+14,8.000000e+01
2.415627e+13,7.899757e+01
6.955231e+13,4.915297e+01
6.955231e+13,6.354203e+01
3.195863e+13,3.249172e+01
6.028010e+13,3.807717e+01
5.466266e+13,3.609524e+01
3.054262e+13,2.852785e+01
3.086754e+14,6.792631e+01
1.758185e+14,8.000000e+01
1.758185e+14,8.000000e+01
2.346007e+13,2.582521e+01
6.810476e+13,7.899006e+01
1.424577e+13,7.895414e+01
6.251259e+13,6.798637e+01
1.450227e+13,7.897724e+01
2.322739e+13,7.899144e+01
7.275505e+15,7.957769e+01
5.923776e+13,5.000224e+00
5.923776e+13,4.999831e+00
1.791806e+13,7.894477e+01
1.431049e+13,7.899816e+01
1.240528e+13,7.899839e+01
1.037538e+14,8.000000e+01
1.037538e+14,5.000050e+00
2.081798e+14,8.000000e+01
2.220929e+14,4.540433e+01
1.563578e+14,5.297172e+01
1.437669e+13,7.897838e+01
4.042106e+13,3.399319e+01
1.033040e+14,4.678568e+01
2.239742e+13,4.999005e+00
5.950898e+14,8.000000e+01
1.171721e+14,6.462309e+01
1.617532e+14,8.000000e+01
1.617532e+14,8.000000e+01
3.237603e+13,7.894099e+01
1.063080e+14,5.525394e+01
4.424228e+13,3.249172e+01
2.809824e+13,2.810744e+01
1.872723e+14,8.000000e+01
1.872723e+14,8.000000e+01
4.223544e+13,6.366215e+01
2.797134e+13,7.498280e+01
1.089396e+14,8.000000e+01
1.089396e+14,8.000000e+01
1.246570e+18,8.000000e+01
1.630236e+13,7.894691e+01
1.258128e+13,7.898966e+01
8.372088e+13,4.053958e+01
2.574159e+14,8.000000e+01
2.574159e+14,8.000000e+01
6.176024e+13,7.573394e+01
2.396409e+13,7.898502e+01
3.514278e+13,7.898160e+01
5.179549e+13,5.309183e+01
3.089558e+13,3.171096e+01
4.996336e+13,3.165090e+01
9.650793e+13,6.011869e+01
5.496705e+13,3.537454e+01
1.310234e+13,7.898001e+01
1.275311e+14,5.753617e+01
2.140573e+14,8.000000e+01
4.860227e+14,8.000000e+01
4.860227e+14,8.000000e+01
2.299992e+13,7.898993e+01
2.254706e+14,7.999810e+01
4.731731e+14,8.000000e+01
4.731731e+14,8.000000e+01
1.414444e+13,7.899752e+01
4.952132e+13,5.363236e+01
2.632771e+13,7.898706e+01
3.118422e+17,8.000000e+01
2.272162e+13,7.516711e+01
3.917313e+13,4.150052e+01
1.427360e+14,8.000000e+01
1.427360e+14,8.000000e+01
3.872205e+13,5.135013e+01
2.028267e+13,7.899813e+01
2.526326e+13,6.326133e+01
3.244723e+14,8.000000e+01
1.655644e+13,7.897864e+01
1.539691e+13,7.899735e+01
3.133244e+13,2.942873e+01
1.271296e+13,7.898736e+01
3.852252e+14,7.164995e+01
2.790843e+13,7.898080e+01
9.535742e+13,5.020902e+01
7.757569e+13,6.570415e+01
4.300942e+14,8.000000e+01
3.132727e+14,2.500000e+01
1.376434e+13,7.897950e+01
1.410161e+13,7.899445e+01
3.903324e+13,4.882767e+01
9.147503e+13,5.044925e+01
1.383764e+14,5.147025e+01
6.142146e+13,7.899542e+01
9.121045e+12,7.899906e+01
1.862150e+14,7.765581e+01
1.838960e+13,7.260259e+01
5.750997e+14,8.000000e+01
5.750997e+14,8.000000e+01
2.872388e+13,4.228128e+01
1.106342e+14,6.606450e+01
7.196986e+13,6.942778e+01
1.088058e+13,7.899842e+01
5.027654e+13,5.555424e+01
1.334210e+14,8.000000e+01
1.334210e+14,8.000000e+01
1.118792e+14,5.381254e+01
1.088166e+14,7.899890e+01
1.088166e+14,8.000000e+01
2.302435e+13,2.414357e+01
1.397965e+13,7.894681e+01
1.297488e+13,7.899321e+01
2.064808e+13,7.899260e+01
1.602266e+14,6.282133e+01
9.136441e+13,8.000000e+01
2.000344e+13,7.899086e+01
2.576620e+13,2.654592e+01
1.112172e+14,4.648538e+01
1.741973e+14,8.000000e+01
5.494158e+13,3.543459e+01
6.395716e+13,7.899305e+01
8.485663e+13,7.231060e+01
8.485663e+13,7.231060e+01
1.629837e+13,7.895995e+01
1.996316e+14,5.945805e+01
2.883036e+13,3.255178e+01
4.414703e+13,3.387307e+01
4.303100e+13,3.321242e+01
4.204674e+13,4.948831e+01
2.996268e+16,8.000000e+01
5.067961e+13,4.264163e+01
2.461595e+13,7.892526e+01
3.660437e+13,7.899151e+01
2.792911e+13,7.899022e+01
2.887557e+13,2.906838e+01
4.702445e+14,8.000000e+01
2.441386e+14,8.000000e+01
7.283454e+13,4.378274e+01
6.592358e+14,8.000000e+01
7.031737e+13,4.450345e+01
3.558751e+14,8.000000e+01
1.009717e+13,7.899515e+01
4.793225e+13,3.873782e+01
2.833120e+13,7.899379e+01
3.820124e+13,3.147072e+01
3.288337e+14,8.000000e+01
2.744101e+14,8.000000e+01
2.038365e+13,7.897837e+01
3.469232e+13,4.294192e+01
1.612631e+13,7.899739e+01
2.166416e+13,7.899700e+01
2.921490e+13,3.225149e+01
8.811678e+13,5.309183e+01
1.604600e+13,7.899802e+01
2.970444e+13,7.899517e+01
1.986147e+13,7.894769e+01
1.997390e+13,7.893380e+01
4.339857e+13,4.984867e+01
3.722879e+13,3.213137e+01
7.581721e+13,2.493980e+01
7.295705e+13,4.035940e+01
1.501280e+14,5.639506e+01
2.476525e+14,7.134966e+01
5.576444e+13,4.210110e+01
4.382303e+13,4.648538e+01
2.199224e+13,2.912479e+01
1.528476e+14,6.192045e+01
1.088944e+14,8.000000e+01
5.772720e+13,5.435306e+01
1.308541e+13,7.899564e+01
8.035580e+13,6.119975e+01
4.258987e+13,3.014943e+01
6.153220e+14,8.000000e+01
6.153220e+14,8.000000e+01
3.877692e+14,8.000000e+01
1.910653e+13,7.894278e+01
3.561800e+13,3.105031e+01
5.366886e+13,4.360257e+01
1.805335e+13,7.899178e+01
8.164099e+13,3.663577e+01
1.365695e+13,7.897390e+01
2.013215e+13,7.897791e+01
3.282096e+13,3.231155e+01
5.129792e+13,4.648538e+01
5.226220e+14,8.000000e+01
4.787589e+13,4.095999e+01
1.200649e+13,7.899001e+01
1.255560e+14,8.000000e+01
1.255560e+14,8.000000e+01
4.093015e+14,7.243071e+01
2.750912e+13,7.899763e+01
2.267120e+13,7.899343e+01
1.490752e+13,7.899593e+01
5.490658e+14,8.000000e+01
5.490658e+14,8.000000e+01
2.831393e+14,7.621441e+01
1.885357e+14,8.000000e+01
1.885357e+14,8.000000e+01
1.706226e+13,7.899290e+01
1.622809e+13,7.894202e+01
7.868692e+13,4.396292e+01
3.594770e+14,8.000000e+01
1.364474e+13,7.899848e+01
3.957164e+13,4.558450e+01
2.566224e+13,3.423342e+01
1.112890e+14,8.000000e+01
1.112890e+14,8.000000e+01
6.000077e+13,5.645512e+01
3.075813e+14,6.474321e+01
1.492903e+13,7.899388e+01
1.427253e+13,7.899519e+01
5.011834e+14,6.792631e+01
1.267377e+13,3.898552e+01
7.318378e+13,5.086966e+01
1.142203e+14,4.786673e+01
2.712888e+13,7.899729e+01
3.638721e+14,7.903716e+01
1.545861e+15,8.000000e+01
1.545861e+15,8.000000e+01
3.543741e+14,7.699517e+01
3.054138e+13,7.899582e+01
6.916787e+14,6.660503e+01
5.082953e+14,8.000000e+01
1.031833e+14,5.951811e+01
2.355106e+13,2.642580e+01
1.215495e+14,8.000000e+01
4.829037e+13,5.909770e+01
5.301123e+14,8.000000e+01
3.751638e+13,3.075002e+01
4.319476e+13,5.351224e+01
2.340567e+13,2.426369e+01
3.995219e+14,8.000000e+01
3.995219e+14,8.000000e+01
5.310966e+14,6.996831e+01
3.331705e+13,4.318216e+01
2.844386e+13,7.898499e+01
1.819858e+13,7.899279e+01
1.749267e+13,7.512226e+01
4.241167e+14,8.000000e+01
4.550675e+14,8.000000e+01
4.550675e+14,8.000000e+01
4.550675e+14,8.000000e+01
4.550675e+14,8.000000e+01
2.046143e+13,5.000000e+00
1.874252e+14,5.957816e+01
7.238366e+13,5.315189e+01
3.800128e+13,7.899193e+01
3.692337e+13,3.237160e+01
2.097666e+13,2.456398e+01
1.544924e+13,7.898699e+01
2.717213e+13,7.895438e+01
2.171393e+14,8.000000e+01
2.171393e+14,8.000000e+01
3.719459e+13,3.867776e+01
1.718821e+14,4.882767e+01
2.270620e+13,7.899639e+01
2.345673e+14,8.000000e+01
2.345673e+14,8.000000e+01
2.265285e+13,7.899764e+01
2.706156e+13,7.896609e+01
7.884743e+12,7.899830e+01
1.993198e+13,5.000000e+00
8.976880e+14,8.000000e+01
2.311297e+13,7.899710e+01
3.547153e+13,7.898193e+01
4.237410e+14,8.000000e+01
4.237410e+14,8.000000e+01
3.011091e+13,3.297219e+01
3.320822e+13,2.972902e+01
1.953646e+13,4.999940e+00
3.994671e+13,3.369289e+01
2.622227e+13,7.899653e+01
3.728275e+13,3.213137e+01
3.143421e+13,3.681594e+01
4.286517e+13,3.495412e+01
3.133612e+14,7.134966e+01
8.351654e+13,6.774614e+01
3.777947e+14,8.000000e+01
2.374617e+13,7.897039e+01
3.011059e+13,2.738674e+01
7.633368e+13,5.074955e+01
1.587453e+13,7.899570e+01
1.184420e+13,6.488607e+01
5.162020e+14,8.000000e+01
2.759941e+14,6.720561e+01
1.483039e+13,7.829943e+01
2.270639e+13,7.897895e+01
7.702682e+13,4.071975e+01
1.886978e+14,8.000000e+01
1.715951e+13,7.898946e+01
9.752540e+13,4.288186e+01
1.121893e+14,5.891752e+01
2.592414e+13,7.897324e+01
5.201729e+13,3.315237e+01
1.258502e+13,7.899389e+01
5.133654e+14,8.000000e+01
5.133654e+14,8.000000e+01
5.133654e+14,8.000000e+01
5.133654e+14,8.000000e+01
1.222859e+13,7.899807e+01
4.497878e+13,5.129007e+01
6.090012e+14,8.000000e+01
1.954973e+13,7.895288e+01
1.949199e+13,7.896417e+01
5.479246e+13,4.576468e+01
5.078757e+13,3.327248e+01
2.940823e+14,7.098931e+01
2.089624e+13,2.408351e+01
1.402758e+13,7.898811e+01
6.800173e+14,8.000000e+01
3.558557e+13,2.930861e+01
1.026391e+14,6.095951e+01
5.954201e+13,4.108011e+01
1.126673e+13,7.636073e+01
9.421081e+13,4.174075e+01
9.611879e+12,7.899746e+01
5.588485e+13,6.264116e+01
5.178611e+13,3.303225e+01
5.439574e+13,3.405325e+01
3.412754e+14,8.000000e+01
3.412754e+14,8.000000e+01
1.376429e+13,7.898997e+01
3.577884e+13,3.753665e+01
4.282947e+13,4.654544e+01
6.310250e+14,8.000000e+01
1.441064e+13,7.899393e+01
4.075233e+13,4.999577e+00
1.087755e+14,4.696585e+01
6.061588e+13,5.086966e+01
6.061588e+13,5.086966e+01
4.048553e+13,3.987893e+01
9.677311e+13,5.363236e+01
1.199658e+13,7.897851e+01
4.603189e+13,4.372269e+01
5.425659e+13,5.092972e+01
5.164684e+13,7.899331e+01
7.845539e+13,4.300897e+01
1.353353e+13,7.898639e+01
4.741292e+13,7.899925e+01
1.942155e+14,5.243119e+01
2.541458e+13,7.898507e+01
5.356805e+14,8.000000e+01
5.356805e+14,8.000000e+01
1.010524e+14,7.573394e+01
2.000352e+15,8.000000e+01
5.836384e+13,4.342239e+01
1.370948e+13,7.899854e+01
5.430569e+13,3.843753e+01
6.753634e+13,7.899207e+01
6.753634e+13,5.000005e+00
4.640481e+14,8.000000e+01
4.640481e+14,8.000000e+01
9.677151e+13,4.360257e+01
1.568389e+13,7.899752e+01
2.950131e+13,2.726662e+01
7.200654e+13,5.945805e+01
1.658348e+13,7.899610e+01
9.163129e+13,5.735600e+01
7.859159e+13,4.486380e+01
1.369724e+14,6.852690e+01
1.794946e+13,7.899865e+01
2.151259e+13,5.264706e+01
1.655713e+13,7.897998e+01
2.449482e+13,3.171096e+01
2.212614e+13,7.899190e+01
4.962745e+14,6.966802e+01
4.928811e+13,3.477395e+01
3.891969e+13,3.711624e+01
3.217457e+13,2.960891e+01
4.614860e+13,4.822708e+01
3.961425e+13,3.249172e+01
3.500743e+13,3.417336e+01
1.581097e+13,7.899604e+01
1.318609e+14,5.092972e+01
1.686465e+13,7.896008e+01
3.685867e+13,4.077981e+01
8.492062e+13,6.156010e+01
3.865952e+13,7.908779e+01
1.271210e+14,6.047904e+01
1.614888e+13,7.899256e+01
2.287255e+14,6.816655e+01
4.079824e+13,3.501418e+01
4.278066e+13,7.899869e+01
4.278066e+13,7.899655e+01
1.954831e+13,7.899225e+01
1.887093e+13,7.899602e+01
2.892294e+13,7.892900e+01
3.266204e+13,3.633547e+01
1.453572e+13,7.899348e+01
1.236073e+14,6.654497e+01
5.735530e+13,4.990872e+01
1.661431e+13,5.000000e+00
1.962613e+13,5.692508e+01
6.096787e+13,4.708597e+01
7.850564e+13,4.942826e+01
1.295531e+14,6.119975e+01
3.233049e+14,6.300173e+01
8.229858e+13,5.068949e+01
1.952488e+13,7.897968e+01
2.074192e+13,2.408351e+01
5.932584e+15,8.000000e+01
5.932584e+15,8.000000e+01
3.971105e+14,8.000000e+01
1.238718e+13,7.898565e+01
1.181223e+15,8.000000e+01
2.194695e+13,7.898183e+01
8.886220e+13,8.000000e+01
8.886220e+13,7.899929e+01
1.253340e+13,3.496435e+01
8.258178e+13,6.600444e+01
7.550244e+13,5.939799e+01
1.598853e+13,7.899805e+01
4.155848e+13,4.966849e+01
5.675236e+13,7.899843e+01
5.675236e+13,7.899904e+01
4.040293e+13,3.363284e+01
2.348581e+13,7.899514e+01
1.015678e+14,7.813628e+01
1.015678e+14,7.813628e+01
1.607903e+14,8.000000e+01
2.254756e+13,7.898815e+01
3.209530e+13,2.936867e+01
1.085501e+14,6.041899e+01
5.044736e+13,4.144046e+01
2.379193e+13,7.899211e+01
2.079059e+13,7.899084e+01
3.766264e+13,7.122675e+01
1.351818e+13,7.899273e+01
1.983175e+14,8.000000e+01
1.983175e+14,8.000000e+01
1.847639e+13,7.899567e+01
1.504487e+14,5.561430e+01
2.988827e+13,7.893070e+01
3.167824e+13,3.273196e+01
3.245107e+13,7.899610e+01
8.139687e+15,8.000000e+01
8.139687e+15,8.000000e+01
4.519507e+13,6.342192e+01
3.008482e+13,2.840773e+01
1.415861e+13,7.899744e+01
3.125548e+13,7.899458e+01
6.588238e+13,5.927787e+01
3.366363e+13,3.897805e+01
1.985207e+13,7.899449e+01
2.450527e+14,8.000000e+01
2.450527e+14,8.000000e+01
9.981053e+13,5.723588e+01
3.749333e+13,3.207131e+01
4.267309e+13,7.899349e+01
8.152535e+13,6.396245e+01
2.180130e+16,8.000000e+01
2.180130e+16,8.000000e+01
5.514686e+13,4.438333e+01
4.183962e+13,3.291213e+01
3.479150e+13,3.297219e+01
1.705666e+14,7.255083e+01
7.468135e+13,5.591459e+01
2.911955e+13,7.899480e+01
8.986469e+14,8.000000e+01
8.986469e+14,8.000000e+01
1.034131e+13,7.899857e+01
5.761464e+13,5.000021e+00
5.761464e+13,6.516362e+01
6.931780e+13,7.411235e+01
1.842729e+14,6.528374e+01
5.957370e+13,4.041946e+01
6.566555e+13,5.261136e+01
1.453824e+13,7.899331e+01
6.747733e+13,3.717629e+01
1.940021e+14,6.125981e+01
3.420851e+13,3.111037e+01
1.265470e+13,7.897976e+01
1.655661e+13,7.898124e+01
3.675021e+13,2.906838e+01
7.498435e+13,6.714555e+01
7.498435e+13,7.899705e+01
1.769610e+13,4.999913e+00
5.577877e+13,5.014896e+01
2.030342e+13,7.898630e+01
1.070213e+14,4.708597e+01
6.442226e+13,4.408304e+01
3.242841e+13,3.273196e+01
3.723087e+13,7.899244e+01
4.116130e+14,7.543364e+01
8.253575e+13,6.402250e+01
1.956729e+13,7.899541e+01
2.144391e+13,7.899018e+01
3.539042e+14,8.000000e+01
3.539042e+14,8.000000e+01
5.846936e+13,4.252151e+01
3.462850e+13,2.097256e+01
1.051275e+14,5.333207e+01
5.256383e+13,3.855764e+01
2.061149e+13,2.300246e+01
4.527303e+13,3.351272e+01
2.216265e+13,7.893921e+01
6.555638e+13,5.843705e+01
1.747781e+14,7.657476e+01
1.998603e+13,7.898511e+01
1.783969e+13,6.852951e+01
3.143975e+13,2.930861e+01
4.651098e+13,5.885746e+01
1.872663e+13,7.899252e+01
2.766564e+13,3.014943e+01
5.717045e+14,8.000000e+01
1.860201e+13,7.899650e+01
1.121298e+14,4.558450e+01
5.534095e+13,4.132034e+01
2.227776e+13,7.898917e+01
6.801064e+13,5.285160e+01
5.758512e+14,8.000000e+01
5.758512e+14,8.000000e+01
1.409235e+13,7.899515e+01
3.565276e+14,8.000000e+01
3.227273e+13,7.899717e+01
4.297911e+13,4.924989e+01
2.514000e+13,7.896245e+01
1.007231e+15,8.000000e+01
1.007231e+15,8.000000e+01
5.641473e+13,7.899389e+01
4.986861e+13,4.456351e+01
3.519154e+13,3.135061e+01
2.038870e+13,7.898423e+01
5.410136e+13,3.591506e+01
3.213295e+14,5.987846e+01
1.502913e+14,6.287482e+01
9.319496e+13,5.032914e+01
3.220169e+14,8.000000e+01
9.705893e+12,7.899850e+01
6.025594e+13,3.813723e+01
1.954196e+13,7.899576e+01
1.250235e+14,5.249125e+01
2.916369e+14,7.825640e+01
2.462112e+13,7.928323e+01
6.327333e+13,5.080960e+01
6.456275e+14,7.705523e+01
1.737040e+13,7.899621e+01
2.411883e+13,2.816750e+01
1.507701e+14,5.507377e+01
8.072187e+13,4.732620e+01
1.058518e+13,1.899579e+01
1.138561e+13,7.899467e+01
6.615789e+13,3.591506e+01
2.871152e+13,6.614528e+01
1.335787e+14,5.483353e+01
2.674735e+13,7.899633e+01
1.496388e+13,7.899822e+01
1.833631e+13,7.896669e+01
2.845692e+14,8.000000e+01
2.845692e+14,8.000000e+01
3.723376e+13,2.906838e+01
1.344774e+14,6.300000e+01
8.524831e+13,7.899542e+01
1.720797e+13,4.999859e+00
8.080725e+13,4.468362e+01
1.614521e+14,5.159037e+01
1.008936e+14,4.582474e+01
1.490942e+13,7.899376e+01
3.807826e+13,3.903811e+01
1.384564e+13,7.899655e+01
4.433549e+13,7.897394e+01
1.151496e+14,4.564456e+01
2.108049e+13,7.893062e+01
2.473764e+15,8.000000e+01
1.383070e+13,4.904676e+01
1.906808e+13,7.895235e+01
4.544928e+13,3.639553e+01
4.257979e+14,8.000000e+01
4.257979e+14,8.000000e+01
4.257979e+14,8.000000e+01
2.513406e+14,8.000000e+01
2.513406e+14,8.000000e+01
1.378221e+14,8.000000e+01
1.378221e+14,8.000000e+01
1.438110e+13,7.899478e+01
9.714846e+12,7.899774e+01
1.068505e+14,4.498392e+01
1.059579e+13,7.899611e+01
4.967047e+13,4.999995e+00
4.967047e+13,7.899389e+01
1.632031e+13,7.897975e+01
4.730245e+13,3.435354e+01
5.564048e+13,6.402250e+01
3.626310e+13,3.273196e+01
9.890965e+13,4.792679e+01
2.147076e+13,7.894859e+01
4.316557e+14,8.000000e+01
1.457064e+13,7.899568e+01
4.333930e+13,3.357278e+01
1.780957e+13,6.297973e+01
1.189072e+14,6.306157e+01
8.730748e+14,7.705523e+01
1.832498e+13,7.899556e+01
4.203995e+13,3.855764e+01
1.027590e+14,6.720561e+01
2.884987e+13,5.730916e+01
1.676360e+13,7.899254e+01
9.418917e+13,5.849711e+01
1.386911e+13,7.899800e+01
1.369147e+13,7.898537e+01
2.206142e+13,7.898912e+01
1.092282e+14,4.726614e+01
2.494690e+13,7.894328e+01
1.370025e+14,5.525394e+01
4.495085e+14,8.000000e+01
4.447728e+13,3.507424e+01
3.408850e+14,8.000000e+01
1.610396e+14,8.000000e+01
3.136851e+13,7.896899e+01
4.344599e+14,8.000000e+01
1.191759e+13,7.899843e+01
1.268798e+14,8.000000e+01
1.268798e+14,8.000000e+01
7.455669e+13,6.131987e+01
1.540315e+13,7.898368e+01
1.954687e+13,7.899368e+01
6.773058e+13,6.300151e+01
4.916085e+13,7.663482e+01
2.869404e+13,3.339260e+01
4.314277e+13,3.171096e+01
8.182464e+13,4.954837e+01
6.555936e+15,8.000000e+01
6.555936e+15,8.000000e+01
6.555936e+15,8.000000e+01
1.585683e+13,7.897602e+01
2.145331e+13,7.899265e+01
2.554621e+13,7.888047e+01
2.509486e+13,7.893179e+01
6.034923e+13,4.264163e+01
2.123851e+13,7.899610e+01
1.594742e+14,5.189066e+01
2.399732e+13,7.898870e+01
8.335218e+13,5.219095e+01
1.665368e+13,7.899546e+01
5.233447e+13,4.126028e+01
2.356225e+13,7.726908e+01
1.876394e+13,7.896202e+01
2.876019e+13,2.762697e+01
1.819717e+13,7.897828e+01
4.582453e+13,4.528421e+01
1.373882e+14,6.498344e+01
1.512416e+13,5.000234e+00
1.562800e+13,7.899530e+01
6.173763e+13,5.441312e+01
6.301884e+13,4.156057e+01
1.013304e+13,7.899817e+01
1.989347e+13,7.899453e+01
1.443220e+13,7.898661e+01
3.456327e+13,7.897496e+01
6.267228e+13,4.246145e+01
2.854261e+13,2.918850e+01
1.831313e+13,7.899656e+01
3.654819e+13,7.899447e+01
6.170049e+13,4.246145e+01
1.348145e+13,7.899603e+01
2.395542e+13,4.998206e+00
1.689195e+13,5.288481e+01
2.199781e+13,7.898100e+01
1.370577e+13,7.899602e+01
1.474530e+13,7.899757e+01
1.908934e+13,7.899507e+01
1.551751e+13,7.899820e+01
1.249790e+13,6.893074e+01
5.822547e+13,5.879740e+01
1.759983e+14,8.000000e+01
1.759983e+14,8.000000e+01
1.605008e+14,7.873687e+01
9.526572e+13,8.000000e+01
2.438252e+16,8.000000e+01
1.146606e+13,7.899094e+01
5.903331e+13,7.897651e+01
5.903331e+13,7.899010e+01
1.034630e+14,5.219095e+01
6.517709e+13,6.504350e+01
1.099463e+14,8.000000e+01
1.187568e+14,4.702591e+01
5.964109e+13,4.300198e+01
3.224680e+16,8.000000e+01
1.055559e+13,2.500000e+01
1.674220e+13,7.899402e+01
1.113081e+14,8.000000e+01
1.113081e+14,8.000000e+01
1.113081e+14,8.000000e+01
3.011645e+13,7.897616e+01
1.672941e+14,6.150004e+01
1.989554e+13,7.899400e+01
2.746694e+13,7.899515e+01
4.284511e+13,7.898554e+01
4.104661e+13,3.393313e+01
2.184773e+13,4.999389e+00
8.790061e+13,4.996878e+01
5.601550e+13,7.896583e+01
1.576236e+13,7.899446e+01
2.092190e+13,4.998567e+00
1.234665e+13,4.297307e+01
1.019178e+14,5.231107e+01
5.781808e+13,7.894487e+01
2.154087e+13,7.899568e+01
1.662316e+13,7.899436e+01
3.036981e+13,3.327248e+01
6.914360e+13,6.240092e+01
8.342822e+13,5.255130e+01
9.634924e+12,7.899776e+01
4.136872e+13,5.375248e+01
5.329679e+13,4.612503e+01
4.736358e+13,4.678568e+01
3.730114e+13,3.591506e+01
6.565666e+13,3.963870e+01
1.561800e+14,4.999937e+00
2.044121e+13,7.899498e+01
4.854158e+13,2.908168e+01
1.096364e+15,8.000000e+01
1.096364e+15,8.000000e+01
1.699842e+14,8.000000e+01
2.629703e+13,7.899408e+01
2.254532e+13,7.897057e+01
2.276401e+13,7.898833e+01
5.591509e+13,7.899425e+01
5.591509e+13,7.899925e+01
3.075094e+13,7.892950e+01
6.461510e+13,3.669583e+01
3.585262e+13,3.357278e+01
4.988075e+13,3.675588e+01
1.565641e+13,7.891409e+01
3.394637e+13,4.999985e+00
6.394220e+13,3.639553e+01
5.799424e+13,3.699612e+01
1.863122e+13,7.894012e+01
1.730262e+13,7.899227e+01
1.536381e+13,7.899603e+01
2.323808e+14,8.000000e+01
2.420788e+13,2.594533e+01
2.642191e+13,7.899424e+01
3.235045e+14,8.000000e+01
2.146320e+13,1.897403e+01
4.981705e+13,3.435354e+01
4.980587e+13,5.000051e+00
4.980587e+13,5.537406e+01
1.780203e+13,7.899326e+01
2.744550e+13,7.730507e+01
2.512579e+13,2.780715e+01
2.199972e+13,7.899336e+01
1.868491e+13,6.314817e+01
8.202961e+13,8.000000e+01
8.202961e+13,8.000000e+01
6.086016e+13,4.858743e+01
4.910906e+13,7.899519e+01
6.638949e+14,8.000000e+01
2.549124e+13,2.750685e+01
2.249435e+13,7.895866e+01
8.509500e+13,5.615482e+01
2.330577e+13,2.354298e+01
1.846958e+15,7.933746e+01
2.748258e+13,7.899501e+01
1.335038e+15,8.000000e+01
3.541052e+13,3.597512e+01
1.028661e+13,7.899874e+01
9.706156e+12,7.899573e+01
5.439154e+13,7.899392e+01
1.228333e+13,3.503659e+01
3.810260e+13,7.892754e+01
1.301105e+14,5.891752e+01
9.464600e+13,6.336186e+01
1.525102e+14,8.000000e+01
1.525102e+14,8.000000e+01
1.205349e+14,6.522368e+01
3.115047e+14,7.128960e+01
1.120593e+13,7.899713e+01
1.163185e+14,5.369242e+01
1.116297e+13,5.000000e+00
1.803862e+13,7.899782e+01
2.473225e+14,8.000000e+01
2.473225e+14,8.000000e+01
2.473225e+14,8.000000e+01
6.979397e+13,5.567435e+01
1.208307e+13,7.899788e+01
1.726713e+13,7.899815e+01
4.327949e+13,2.978908e+01
2.942796e+13,7.899797e+01
2.942796e+13,7.899788e+01
4.723368e+13,7.039967e+01
1.114919e+13,7.899246e+01
1.258542e+14,8.000000e+01
1.180408e+14,4.864749e+01
5.652708e+13,4.360257e+01
1.116720e+13,7.899317e+01
4.167472e+13,7.899322e+01
4.167472e+13,7.899344e+01
6.443741e+13,8.000000e+01
6.443741e+13,5.000018e+00
4.437111e+13,3.231155e+01
1.438544e+13,7.899667e+01
5.234659e+13,3.285207e+01
3.789632e+14,7.945757e+01
8.401933e+13,3.963870e+01
1.487105e+14,5.543412e+01
5.712747e+13,4.288186e+01
6.268939e+13,5.645512e+01
6.268939e+13,7.899573e+01
1.160084e+14,5.333207e+01
2.591434e+13,7.896469e+01
4.360647e+13,3.129055e+01
1.680475e+15,8.000000e+01
1.680475e+15,8.000000e+01
4.812876e+13,5.447318e+01
3.400053e+13,3.189113e+01
7.270460e+13,5.957816e+01
4.069247e+13,3.711624e+01
2.356745e+13,2.780715e+01
7.363075e+13,4.047952e+01
9.829840e+13,4.606497e+01
1.383036e+13,7.899707e+01
1.069087e+13,7.899805e+01
4.953710e+13,3.831741e+01
1.181439e+13,7.899417e+01
3.023265e+14,7.519341e+01
4.465640e+13,3.933841e+01
2.553474e+14,5.963822e+01
1.266239e+14,8.000000e+01
1.266239e+14,8.000000e+01
9.238305e+13,4.660550e+01
2.511473e+13,7.898254e+01
2.075540e+13,7.898709e+01
1.309831e+14,5.279154e+01
2.020608e+14,8.000000e+01
2.020608e+14,8.000000e+01
1.759185e+13,7.892030e+01
2.573341e+13,2.636574e+01
1.777334e+14,8.000000e+01
2.098903e+13,7.899474e+01
2.572710e+13,7.899528e+01
3.347575e+13,3.681594e+01
3.241112e+13,4.999890e+00
3.110784e+13,3.909817e+01
5.547436e+13,3.591506e+01
2.692901e+13,2.708644e+01
6.023011e+14,8.000000e+01
6.023011e+14,8.000000e+01
6.023011e+14,8.000000e+01
1.392252e+14,4.828714e+01
3.825828e+13,3.375295e+01
3.850604e+13,5.000007e+00
3.850604e+13,7.898054e+01
4.750179e+13,2.297570e+01
5.069753e+13,3.669583e+01
4.774552e+14,8.000000e+01
7.342847e+14,8.000000e+01
7.342847e+14,8.000000e+01
7.342847e+14,8.000000e+01
3.219054e+13,4.999984e+00
1.706936e+13,7.898760e+01
1.381185e+14,5.687553e+01
7.777770e+13,4.600491e+01
3.219642e+13,7.879802e+01
5.543294e+13,4.672562e+01
2.530115e+13,7.899426e+01
5.212296e+13,5.837699e+01
7.305832e+14,7.921734e+01
8.891584e+13,6.846684e+01
8.891584e+13,6.846684e+01
1.351719e+13,7.899020e+01
2.365557e+13,7.899213e+01
3.110873e+13,3.321242e+01
4.695065e+13,4.954837e+01
5.413080e+14,8.000000e+01
2.633604e+13,7.899710e+01
1.317924e+14,5.603471e+01
2.703401e+14,8.000000e+01
1.581111e+13,7.899577e+01
1.296894e+13,6.471316e+01
9.753410e+14,8.000000e+01
7.046335e+13,4.408304e+01
7.042341e+13,4.138040e+01
3.566844e+13,3.579495e+01
1.796306e+14,8.000000e+01
1.796306e+14,8.000000e+01
1.796306e+14,8.000000e+01
3.091593e+13,3.044973e+01
1.450776e+14,4.744632e+01
1.516833e+13,7.899549e+01
4.660263e+14,7.183013e+01
8.419396e+14,7.813628e+01
1.858989e+13,7.899294e+01
3.185977e+13,7.899763e+01
5.287179e+13,3.951858e+01
1.743003e+13,7.899243e+01
1.663581e+13,2.499651e+01
1.805134e+13,7.896553e+01
3.858811e+13,3.249172e+01
1.570477e+14,6.444291e+01
5.989646e+13,4.089993e+01
3.535060e+13,3.411330e+01
3.512419e+13,4.462357e+01
7.907169e+13,7.898745e+01
4.121897e+13,7.899809e+01
4.121897e+13,7.899784e+01
3.425921e+13,7.898650e+01
3.425921e+13,5.000010e+00
3.588389e+13,3.915823e+01
4.191280e+13,3.435354e+01
6.280939e+13,3.747659e+01
3.944723e+14,8.000000e+01
3.944723e+14,8.000000e+01
6.508972e+13,4.612503e+01
9.801395e+12,5.492976e+01
8.355466e+14,8.000000e+01
9.518631e+13,4.822708e+01
5.496990e+13,2.898688e+01
1.803461e+13,2.698245e+01
1.228633e+13,7.899719e+01
1.409443e+14,7.813628e+01
1.820897e+14,6.174028e+01
5.726294e+13,5.693558e+01
6.402682e+13,6.228080e+01
2.175418e+13,7.897333e+01
1.702591e+13,7.899463e+01
2.845800e+13,7.813457e+01
2.995310e+15,8.000000e+01
8.649043e+14,8.000000e+01
4.267594e+13,3.309231e+01
6.927588e+13,2.978908e+01
2.308177e+13,6.857998e+01
2.457488e+13,7.890501e+01
1.234539e+14,8.000000e+01
1.234539e+14,8.000000e+01
2.334168e+13,7.899026e+01
1.913432e+13,7.421390e+01
2.718507e+13,2.804738e+01
1.575507e+13,2.900000e+01
8.256898e+13,8.000000e+01
8.256898e+13,5.000098e+00
4.932236e+13,3.507424e+01
2.660631e+13,7.920463e+01
3.314210e+13,7.228089e+01
2.609907e+13,7.889499e+01
2.693336e+13,7.899361e+01
2.268667e+13,7.898057e+01
2.181454e+13,7.908139e+01
4.871535e+13,3.099026e+01
9.034319e+13,4.065970e+01
2.614501e+13,7.898519e+01
6.583757e+14,8.000000e+01
6.583757e+14,8.000000e+01
1.580120e+13,7.899723e+01
3.877598e+14,8.000000e+01
2.158680e+13,7.895400e+01
2.468717e+13,2.474416e+01
3.487421e+13,3.123049e+01
2.838230e+13,2.900832e+01
4.628137e+13,7.899329e+01
2.099047e+14,7.183013e+01
5.368388e+14,8.000000e+01
5.375973e+13,7.936273e+01
7.761903e+13,7.225054e+01
7.761903e+13,7.225054e+01
7.390655e+13,8.000000e+01
1.527836e+14,8.000000e+01
1.527836e+14,8.000000e+01
1.886513e+13,7.899382e+01
9.061327e+13,8.000000e+01
1.816073e+13,7.899637e+01
1.780937e+14,5.939799e+01
2.155770e+15,7.903716e+01
9.837811e+13,4.492386e+01
1.223292e+14,4.288186e+01
1.617001e+14,8.000000e+01
1.353693e+13,7.232486e+01
1.235449e+13,7.896328e+01
1.412152e+14,8.000000e+01
1.412152e+14,8.000000e+01
2.121652e+13,2.444386e+01
3.794592e+13,3.135061e+01
1.573570e+16,8.000000e+01
4.763468e+14,8.000000e+01
4.763468e+14,8.000000e+01
3.246561e+13,3.008938e+01
2.086107e+13,7.898140e+01
5.954875e+13,5.909770e+01
3.015343e+13,7.898471e+01
1.273582e+13,7.898817e+01
1.338511e+13,7.899044e+01
3.160782e+13,2.894826e+01
9.143696e+13,8.000000e+01
2.402236e+13,2.582521e+01
1.031811e+14,4.336233e+01
1.736430e+14,4.924808e+01
1.817854e+14,7.225054e+01
2.619924e+14,8.000000e+01
4.060030e+13,7.899680e+01
7.846257e+15,8.000000e+01
1.891416e+13,7.899518e+01
2.513331e+13,2.672609e+01
1.532728e+15,8.000000e+01
1.532728e+15,8.000000e+01
4.032286e+14,8.000000e+01
4.032286e+14,8.000000e+01
9.906448e+13,6.648491e+01
3.625805e+13,3.735647e+01
2.600333e+14,8.000000e+01
2.304342e+13,7.912598e+01
4.209607e+13,3.387307e+01
5.170840e+14,8.000000e+01
3.802561e+14,8.000000e+01
5.987091e+13,7.899712e+01
1.187291e+14,4.966849e+01
1.044370e+14,5.171048e+01
1.535173e+13,7.899132e+01
3.832373e+13,3.117043e+01
1.984478e+14,8.000000e+01
1.984478e+14,8.000000e+01
4.531843e+13,3.429348e+01
6.583797e+14,8.000000e+01
6.583797e+14,8.000000e+01
1.819021e+14,6.077934e+01
6.119685e+14,8.000000e+01
6.119685e+14,8.000000e+01
3.232001e+14,6.504350e+01
4.722291e+13,7.899278e+01
4.722291e+13,4.999999e+00
7.987999e+13,6.948784e+01
6.818120e+14,7.981792e+01
5.740048e+13,7.255083e+01
6.490423e+13,5.981840e+01
6.490423e+13,5.981840e+01
4.891693e+13,4.966849e+01
5.402128e+13,5.843705e+01
2.220803e+14,5.735600e+01
1.219157e+13,7.899328e+01
8.251673e+13,3.867776e+01
3.883882e+13,7.899287e+01
1.866775e+13,4.999737e+00
1.294923e+14,8.000000e+01
1.294923e+14,8.000000e+01
1.294923e+14,8.000000e+01
9.426735e+13,5.207084e+01
1.726276e+14,8.000000e+01
1.726276e+14,8.000000e+01
2.632478e+13,7.899227e+01
3.071513e+13,7.921732e+01
3.400720e+13,4.108011e+01
4.540177e+13,3.261184e+01
2.286674e+13,7.899666e+01
7.104123e+13,4.642532e+01
1.480222e+13,7.486090e+01
3.287311e+14,8.000000e+01
2.075844e+14,6.438286e+01
1.437269e+13,7.899190e+01
4.086998e+13,4.005911e+01
2.360440e+13,7.892670e+01
7.184954e+13,3.885794e+01
9.384702e+13,4.222122e+01
1.311823e+14,6.095951e+01
4.763402e+13,7.898729e+01
1.743324e+17,8.000000e+01
1.743324e+17,8.000000e+01
5.556416e+13,3.789700e+01
1.687950e+13,7.899773e+01
4.900848e+13,3.789700e+01
1.097428e+13,7.899679e+01
2.260703e+13,7.899137e+01
1.940741e+15,8.000000e+01
1.940741e+15,8.000000e+01
1.940741e+15,8.000000e+01
1.940741e+15,8.000000e+01
3.903753e+14,8.000000e+01
3.011664e+13,2.930861e+01
6.443602e+18,8.000000e+01
6.443602e+18,8.000000e+01
6.443602e+18,8.000000e+01
6.443602e+18,8.000000e+01
3.754609e+20,8.000000e+01
3.754609e+20,8.000000e+01
3.754609e+20,8.000000e+01
2.965561e+13,7.880558e+01
7.675044e+13,6.534379e+01
6.412451e+13,4.594485e+01
1.449491e+15,8.000000e+01
1.449491e+15,8.000000e+01
1.449491e+15,8.000000e+01
3.716245e+13,4.095999e+01
1.510029e+19,8.000000e+01
1.510029e+19,8.000000e+01
1.259618e+13,7.899805e+01
3.860304e+14,8.000000e+01
3.860304e+14,8.000000e+01
3.285085e+13,7.898347e+01
2.836099e+13,3.243166e+01
5.887066e+13,4.204104e+01
5.226445e+14,8.000000e+01
1.094827e+13,7.899209e+01
1.253070e+13,7.898299e+01
1.351697e+13,7.899350e+01
2.073201e+14,8.000000e+01
2.073201e+14,8.000000e+01
4.037991e+13,4.005911e+01
1.463012e+14,5.705570e+01
6.495212e+13,3.735647e+01
2.534000e+14,5.177054e+01
7.508208e+13,4.582474e+01
1.288079e+14,5.591459e+01
7.520881e+13,7.899412e+01
3.795897e+14,6.684526e+01
8.649724e+13,7.819634e+01
1.948823e+14,6.462309e+01
2.260083e+13,2.402345e+01
3.324819e+13,3.795706e+01
2.601588e+13,2.966897e+01
1.463815e+13,7.899776e+01
2.465896e+13,7.889766e+01
9.400902e+13,5.171048e+01
1.630444e+13,7.899792e+01
4.932563e+15,5.573441e+01
1.896850e+13,4.090084e+01
9.153327e+13,4.780667e+01
1.337155e+13,7.899229e+01
3.797474e+13,4.017923e+01
1.258687e+13,7.896989e+01
1.996071e+13,7.887010e+01
6.517533e+13,4.900785e+01
7.122427e+13,7.189018e+01
1.105339e+13,7.899632e+01
6.366454e+13,7.899888e+01
6.366454e+13,7.899599e+01
9.809701e+14,8.000000e+01
2.210309e+13,7.899315e+01
3.911786e+13,4.999982e+00
5.301059e+13,5.459330e+01
5.301059e+13,5.459330e+01
4.702124e+14,7.693511e+01
5.837655e+13,3.609524e+01
3.285070e+13,2.858791e+01
4.237790e+13,7.894733e+01
1.256459e+14,8.000000e+01
1.256459e+14,8.000000e+01
7.672434e+13,4.276175e+01
3.985162e+13,3.459377e+01
1.705556e+13,7.891576e+01
6.304399e+13,4.612503e+01
5.556745e+14,8.000000e+01
9.976233e+14,8.000000e+01
1.423662e+13,7.897147e+01
1.967659e+13,7.898836e+01
2.441002e+13,7.898604e+01
6.278695e+14,8.000000e+01
3.579091e+13,3.153078e+01
1.220505e+14,8.000000e+01
8.816390e+13,5.351224e+01
1.995958e+13,7.899770e+01
3.299397e+13,5.000000e+00
1.924746e+14,7.213042e+01
1.125960e+13,7.898978e+01
6.513307e+13,6.702544e+01
3.318510e+13,3.081008e+01
6.489497e+13,4.999905e+00
1.546743e+13,7.896910e+01
1.777768e+13,7.899489e+01
1.780375e+13,7.912640e+01
3.961083e+13,7.897527e+01
3.961083e+13,5.000018e+00
3.668764e+14,8.000000e+01
2.504448e+13,7.889791e+01
1.501659e+13,7.899696e+01
5.303606e+13,4.552444e+01
5.046811e+13,5.285160e+01
5.046811e+13,4.999999e+00
6.507950e+14,8.000000e+01
6.507950e+14,8.000000e+01
1.980815e+14,6.035893e+01
2.100732e+13,7.898076e+01
1.951567e+13,7.898744e+01
3.101494e+13,7.893286e+01
1.331872e+14,8.000000e+01
1.331872e+14,8.000000e+01
1.766193e+20,8.000000e+01
1.766193e+20,8.000000e+01
1.766193e+20,8.000000e+01
1.212741e+14,5.417289e+01
1.560688e+13,7.899127e+01
1.578512e+13,7.899475e+01
1.191274e+13,7.898441e+01
2.309577e+13,7.898769e+01
5.971193e+13,4.065970e+01
3.187240e+13,3.219143e+01
4.880044e+13,3.759670e+01
1.565796e+13,7.899345e+01
3.747603e+13,4.150052e+01
1.085825e+13,7.899588e+01
2.982717e+13,7.897255e+01
6.284718e+13,3.657571e+01
3.295838e+13,3.165090e+01
6.527592e+13,4.264163e+01
2.101543e+13,7.859268e+01
8.089581e+13,4.396292e+01
1.327316e+13,7.898938e+01
5.883101e+13,5.189066e+01
1.081741e+14,7.693511e+01
1.081741e+14,7.693511e+01
9.297611e+13,6.420268e+01
9.297611e+13,6.420268e+01
3.310127e+13,3.837747e+01
4.112677e+13,3.651565e+01
3.136702e+13,3.105031e+01
4.727581e+13,3.981887e+01
4.866359e+14,5.909770e+01
1.657033e+14,8.000000e+01
7.932267e+13,5.363236e+01
4.511598e+13,3.561477e+01
1.727930e+14,7.453276e+01
1.677996e+13,7.898436e+01
1.329629e+14,8.000000e+01
7.005207e+13,4.708597e+01
1.487694e+13,7.899799e+01
5.022333e+14,8.000000e+01
5.022333e+14,8.000000e+01
2.201582e+13,7.899626e+01
5.196052e+13,7.897676e+01
8.824327e+13,7.405230e+01
2.851849e+14,5.819682e+01
6.963790e+13,3.879788e+01
3.428110e+14,8.000000e+01
3.428110e+14,8.000000e+01
3.428110e+14,8.000000e+01
1.371555e+13,7.899803e+01
9.994143e+13,6.438286e+01
1.851159e+13,7.802467e+01
2.603753e+13,7.894593e+01
1.229358e+15,8.000000e+01
3.285105e+13,2.852785e+01
4.723655e+14,6.600444e+01
1.751519e+13,7.212354e+01
1.766040e+13,7.897080e+01
3.314712e+13,4.672562e+01
1.953574e+13,7.880339e+01
3.971703e+15,8.000000e+01
3.212237e+13,3.062990e+01
1.996823e+13,7.899623e+01
2.373359e+13,7.896744e+01
4.039484e+13,4.017923e+01
3.873980e+13,3.177102e+01
3.440914e+13,7.899668e+01
2.081238e+13,7.899635e+01
2.920847e+13,2.900832e+01
1.792372e+14,6.738579e+01
1.792372e+14,6.738579e+01
1.606371e+14,5.243119e+01
7.228460e+13,4.792679e+01
3.220184e+13,7.898183e+01
3.160912e+13,7.899318e+01
6.166277e+13,7.899822e+01
2.121479e+13,7.899743e+01
1.347263e+13,7.899727e+01
3.226721e+13,7.898368e+01
5.678646e+13,7.898492e+01
1.304208e+14,4.942826e+01
5.091637e+13,3.249172e+01
7.277238e+13,4.999817e+00
3.162144e+13,7.899672e+01
1.247281e+13,7.899807e+01
2.958573e+14,8.000000e+01
2.958573e+14,8.000000e+01
2.958573e+14,8.000000e+01
4.288076e+14,8.000000e+01
4.288076e+14,8.000000e+01
1.721245e+13,5.511381e+01
2.203066e+13,2.708644e+01
3.274985e+13,7.898918e+01
1.416913e+14,8.000000e+01
1.416913e+14,8.000000e+01
1.590006e+13,7.899668e+01
3.922295e+13,4.708597e+01
1.208461e+13,7.894273e+01
1.370226e+13,7.895616e+01
2.188641e+14,6.888725e+01
9.796455e+13,7.651470e+01
9.195899e+13,2.687637e+01
9.868507e+14,8.000000e+01
9.868507e+14,8.000000e+01
1.361288e+13,7.899785e+01
3.509220e+13,7.899618e+01
1.969302e+14,4.311375e+01
1.140408e+13,7.899400e+01
9.157835e+13,6.480327e+01
9.157835e+13,6.480327e+01
2.108387e+13,7.899903e+01
6.727520e+14,7.585405e+01
2.513882e+13,7.899692e+01
1.482244e+13,7.888637e+01
3.748118e+13,3.309231e+01
2.940393e+13,2.876809e+01
2.687616e+13,2.684621e+01
1.123674e+13,7.899027e+01
2.859696e+13,3.147072e+01
6.069651e+13,3.771682e+01
3.719694e+13,3.050979e+01
2.781030e+13,3.135061e+01
6.717576e+13,5.123001e+01
1.751682e+13,7.885224e+01
2.402510e+13,2.438381e+01
1.064663e+13,7.898300e+01
1.248414e+14,6.101957e+01
2.299841e+13,7.898827e+01
1.945287e+13,7.897772e+01
7.706339e+13,8.000000e+01
4.518196e+13,4.720609e+01
2.021925e+14,7.651470e+01
8.553831e+13,6.918755e+01
8.553831e+13,6.918755e+01
4.332372e+13,3.999905e+01
1.497075e+13,4.999872e+00
2.603771e+13,7.898234e+01
1.468067e+15,8.000000e+01
1.918976e+13,7.892596e+01
4.762799e+14,6.852690e+01
3.936409e+13,3.717629e+01
1.049213e+16,8.000000e+01
1.049213e+16,8.000000e+01
5.514272e+14,8.000000e+01
1.454052e+13,7.895744e+01
9.059488e+13,8.000000e+01
9.059488e+13,8.000000e+01
3.700935e+13,7.899677e+01
5.100213e+13,6.234086e+01
2.478825e+13,7.897035e+01
2.085001e+13,7.898245e+01
4.835332e+13,3.891799e+01
3.216221e+13,7.898672e+01
5.237545e+14,8.000000e+01
5.237545e+14,8.000000e+01
8.336509e+13,4.534427e+01
4.208184e+13,3.657571e+01
2.491009e+13,7.898616e+01
2.737049e+13,2.564504e+01
1.616668e+13,7.899568e+01
1.347160e+13,6.872049e+01
1.614364e+14,8.000000e+01
2.050267e+13,7.899618e+01
1.091765e+14,6.636479e+01
3.724540e+14,8.000000e+01
1.027562e+13,7.899649e+01
5.293358e+14,8.000000e+01
5.293358e+14,8.000000e+01
9.078383e+13,7.882016e+01
2.537725e+13,7.889627e+01
1.858205e+13,7.896773e+01
1.366563e+13,7.898677e+01
2.067881e+13,7.899510e+01
2.060701e+13,7.899468e+01
6.535795e+13,4.204104e+01
3.817255e+13,3.111037e+01
7.525468e+13,6.708549e+01
2.394239e+13,7.899783e+01
9.213642e+12,7.898163e+01
6.657479e+13,4.636527e+01
1.117231e+14,5.243119e+01
1.505884e+14,6.936772e+01
1.505884e+14,6.936772e+01
1.176733e+13,7.899841e+01
3.257509e+14,8.000000e+01
4.931049e+13,5.321195e+01
7.864490e+13,5.399271e+01
1.989559e+13,7.894781e+01
1.295640e+13,7.899057e+01
1.688309e+13,7.899209e+01
1.339053e+13,7.899627e+01
3.898803e+13,3.621536e+01
1.368424e+14,8.000000e+01
1.017023e+14,4.720609e+01
6.921346e+14,8.000000e+01
6.921346e+14,8.000000e+01
7.973312e+13,4.468362e+01
2.437678e+13,1.900000e+01
1.400010e+13,7.898977e+01
2.859778e+14,8.000000e+01
2.859778e+14,8.000000e+01
4.824441e+13,3.957864e+01
6.638176e+13,4.114016e+01
3.044055e+13,7.899651e+01
4.278326e+14,8.000000e+01
2.034846e+15,8.000000e+01
2.615326e+13,1.897338e+01
2.132351e+15,8.000000e+01
4.198249e+13,4.414310e+01
1.667907e+14,8.000000e+01
1.667907e+14,8.000000e+01
4.331100e+13,3.603518e+01
3.556128e+13,7.897781e+01
1.801728e+13,7.898811e+01
2.250778e+13,7.886891e+01
6.603837e+13,4.132034e+01
9.949322e+13,7.110942e+01
9.949322e+13,7.110942e+01
1.329693e+13,7.899527e+01
6.701162e+13,5.825687e+01
1.795224e+13,7.899797e+01
4.036309e+13,4.999787e+00
5.979994e+14,8.000000e+01
5.911092e+13,3.903811e+01
1.657747e+13,7.899673e+01
4.503565e+13,4.089993e+01
4.046009e+13,3.393313e+01
7.002989e+14,8.000000e+01
7.002989e+14,8.000000e+01
3.890647e+13,4.522415e+01
4.247231e+13,3.312242e+01
3.076669e+13,2.870803e+01
1.004251e+13,7.899084e+01
2.527133e+13,2.798732e+01
2.643017e+13,7.899731e+01
1.842907e+14,8.000000e+01
1.842907e+14,8.000000e+01
1.929930e+13,4.999730e+00
2.477973e+13,7.887640e+01
9.914679e+13,8.000000e+01
3.377879e+13,2.972902e+01
2.842104e+13,7.899236e+01
6.465611e+13,7.813628e+01
4.020460e+13,3.513430e+01
8.010823e+13,4.378274e+01
2.541201e+13,7.925876e+01
2.892704e+14,7.122954e+01
1.869680e+14,7.333159e+01
1.869680e+14,7.333159e+01
1.087105e+14,6.156010e+01
8.211607e+13,4.702591e+01
3.814534e+14,6.630473e+01
3.814357e+13,4.168069e+01
4.213905e+13,4.468362e+01
2.430044e+13,7.896643e+01
1.560771e+13,7.899620e+01
2.052154e+14,7.855669e+01
1.473570e+13,7.899439e+01
3.205601e+13,3.273196e+01
8.348868e+13,6.750590e+01
8.348868e+13,7.899732e+01
5.360210e+14,8.000000e+01
4.158760e+13,4.071975e+01
1.870946e+14,2.497261e+01
1.870946e+14,6.642485e+01
2.962315e+13,4.097244e+01
4.888384e+13,4.678568e+01
1.554993e+13,7.899763e+01
7.788580e+13,4.726614e+01
3.610005e+13,7.898269e+01
3.617209e+14,8.000000e+01
3.617209e+14,8.000000e+01
3.617209e+14,8.000000e+01
3.332101e+13,3.020949e+01
2.726262e+14,8.000000e+01
2.726262e+14,8.000000e+01
1.381407e+13,7.899768e+01
9.350691e+13,6.438286e+01
3.516258e+13,3.669583e+01
1.682319e+14,8.000000e+01
1.682319e+14,8.000000e+01
7.368380e+13,4.552444e+01
3.366325e+14,7.357183e+01
4.728629e+13,4.690579e+01
1.032306e+14,6.023881e+01
1.225180e+15,8.000000e+01
1.001962e+14,5.597465e+01
4.371132e+13,7.898644e+01
5.779467e+13,7.919367e+01
5.779467e+13,7.905568e+01
1.341194e+13,4.999736e+00
1.491629e+14,8.000000e+01
6.138380e+13,7.899019e+01
6.138380e+13,4.999997e+00
1.206260e+14,8.000000e+01
1.206260e+14,8.000000e+01
1.847311e+15,8.000000e+01
9.398158e+13,5.339213e+01
1.230409e+13,7.896847e+01
2.259462e+13,7.899441e+01
2.547327e+13,2.996926e+01
2.480083e+13,2.834768e+01
1.135097e+13,7.892763e+01
6.091336e+13,5.000179e+00
6.091336e+13,7.886783e+01
1.620560e+14,7.092925e+01
1.859603e+13,7.899779e+01
3.743975e+14,8.000000e+01
4.585363e+14,7.411235e+01
6.894111e+13,4.035940e+01
3.604472e+13,3.663577e+01
1.858011e+13,7.899621e+01
7.241317e+13,4.504398e+01
3.427772e+13,7.899936e+01
3.427772e+13,7.899414e+01
2.367412e+14,5.795658e+01
1.961624e+13,6.822232e+01
4.653104e+13,3.309231e+01
1.653394e+13,7.899494e+01
1.866347e+14,6.282133e+01
1.652246e+14,8.000000e+01
2.102910e+13,4.688057e+01
1.583541e+13,7.898050e+01
2.883091e+13,3.951858e+01
6.697946e+14,8.000000e+01
3.673026e+13,3.273196e+01
1.643324e+14,6.150004e+01
6.597146e+13,4.804691e+01
2.604705e+14,6.137992e+01
2.430539e+14,8.000000e+01
2.430539e+14,8.000000e+01
2.430539e+14,8.000000e+01
2.430539e+14,8.000000e+01
5.650071e+13,4.942826e+01
1.577479e+13,7.899520e+01
1.181853e+14,4.954837e+01
2.050237e+13,7.896444e+01
2.206513e+15,8.000000e+01
2.206513e+15,8.000000e+01
4.645567e+13,4.600491e+01
1.280514e+14,6.450297e+01
4.210161e+13,3.141067e+01
3.781284e+13,3.723635e+01
2.846911e+13,3.050979e+01
2.946338e+13,7.897829e+01
2.226305e+13,7.899605e+01
2.837187e+13,3.002932e+01
1.537727e+14,7.909722e+01
2.074897e+13,7.899186e+01
7.805920e+13,7.249077e+01
2.279972e+13,2.582521e+01
5.542236e+13,7.887225e+01
1.828580e+13,7.898615e+01
2.057836e+14,6.804643e+01
5.973328e+13,3.945852e+01
1.816870e+18,8.000000e+01
2.934847e+13,3.087014e+01
8.370724e+13,4.570462e+01
1.885775e+13,7.899690e+01
2.801831e+13,7.898880e+01
1.844640e+14,8.000000e+01
1.844640e+14,8.000000e+01
1.367333e+13,7.899592e+01
5.717863e+13,3.939846e+01
6.390054e+13,6.948784e+01
6.390054e+13,6.948784e+01
5.352803e+20,8.000000e+01
5.352803e+20,8.000000e+01
5.352803e+20,8.000000e+01
2.223803e+13,7.899284e+01
3.599140e+14,8.000000e+01
1.912610e+13,7.898973e+01
1.101931e+14,6.420268e+01
6.285820e+13,3.681594e+01
3.664961e+13,3.255178e+01
1.821394e+13,4.999692e+00
1.302941e+13,7.899125e+01
2.691044e+13,2.720656e+01
2.124746e+13,7.899257e+01
2.696300e+13,3.032961e+01
2.516653e+13,3.026955e+01
5.258382e+13,3.453371e+01
1.254683e+14,7.801617e+01
2.200159e+13,4.998408e+00
4.266841e+13,4.168069e+01
1.906887e+13,7.893366e+01
1.281698e+13,7.898555e+01
1.907095e+14,8.000000e+01
3.345956e+13,4.999863e+00
2.562543e+14,7.183013e+01
3.826441e+13,3.543459e+01
3.865001e+13,3.147072e+01
3.184541e+13,2.774709e+01
3.171321e+13,3.729641e+01
1.390110e+13,7.899734e+01
1.999044e+15,8.000000e+01
6.421174e+13,5.177054e+01
3.838133e+13,2.876809e+01
8.742909e+12,7.899454e+01
3.999551e+13,7.898051e+01
1.799360e+13,7.899281e+01
7.524576e+13,7.152983e+01
7.524576e+13,7.152983e+01
1.776696e+13,7.899033e+01
5.159176e+13,4.924808e+01
4.368210e+13,4.336233e+01
1.116666e+15,8.000000e+01
7.150993e+14,8.000000e+01
7.150993e+14,8.000000e+01
1.865494e+13,7.899189e+01
2.002604e+13,7.897478e+01
3.323340e+13,7.898152e+01
1.271796e+13,7.899370e+01
3.540988e+13,3.075002e+01
4.243893e+13,5.987846e+01
1.015871e+14,4.432327e+01
5.839811e+13,5.026908e+01
1.377098e+13,7.895277e+01
1.616124e+14,8.000000e+01
1.877804e+13,7.899688e+01
1.613716e+13,7.898587e+01
4.742265e+13,5.879740e+01
9.718411e+13,4.816702e+01
4.376575e+13,3.279201e+01
5.263317e+13,4.804691e+01
1.907417e+14,8.000000e+01
2.628851e+13,7.898160e+01
4.710233e+14,8.000000e+01
2.954305e+13,3.549465e+01
1.002613e+14,5.975834e+01
2.269286e+13,2.498439e+01
2.206577e+13,7.899254e+01
7.870581e+13,4.108011e+01
3.956964e+13,5.747611e+01
3.786449e+13,3.567483e+01
8.473770e+17,8.000000e+01
8.473770e+17,8.000000e+01
9.877011e+13,7.411235e+01
1.794991e+14,6.600444e+01
3.290071e+13,7.899317e+01
1.877656e+13,7.899676e+01
2.264687e+13,7.892855e+01
2.464441e+13,7.898995e+01
3.220660e+13,4.999278e+00
1.903732e+14,8.000000e+01
1.903732e+14,8.000000e+01
3.342947e+14,8.000000e+01
3.721311e+15,8.000000e+01
1.291225e+14,5.555424e+01
9.195505e+13,3.849758e+01
7.320136e+13,3.585500e+01
5.400865e+13,3.591506e+01
2.097840e+13,7.899815e+01
1.467886e+14,8.000000e+01
1.467886e+14,8.000000e+01
1.194677e+18,8.000000e+01
1.194677e+18,8.000000e+01
1.194677e+18,8.000000e+01
1.194677e+18,8.000000e+01
4.808106e+13,3.741653e+01
2.229747e+13,7.896582e+01
9.642723e+13,5.573441e+01
2.065501e+13,7.899155e+01
8.086302e+13,4.582474e+01
1.497144e+13,7.899665e+01
2.649209e+19,8.000000e+01
2.649209e+19,8.000000e+01
1.107377e+14,4.924808e+01
1.370750e+13,7.305751e+01
4.039364e+13,7.892209e+01
3.255028e+14,8.000000e+01
3.255028e+14,8.000000e+01
1.656431e+13,7.899121e+01
6.090995e+13,5.933793e+01
5.405163e+13,7.898196e+01
4.895587e+13,2.612551e+01
6.331028e+13,7.899125e+01
6.331028e+13,5.399271e+01
4.541517e+14,8.000000e+01
7.667940e+13,5.675541e+01
5.197754e+13,7.899734e+01
2.091291e+14,2.900000e+01
1.279044e+13,7.898607e+01
1.182532e+13,7.899253e+01
2.667249e+13,7.897762e+01
1.869706e+13,7.899446e+01
2.358042e+13,7.899463e+01
1.521317e+13,4.999906e+00
1.785134e+13,7.897677e+01
1.164857e+13,7.899471e+01
6.947336e+15,8.000000e+01
1.938720e+14,8.000000e+01
1.938720e+14,8.000000e+01
3.744829e+13,3.093020e+01
3.821623e+13,7.899389e+01
6.603421e+14,8.000000e+01
1.550201e+13,7.897734e+01
4.657693e+13,3.032961e+01
5.406023e+13,4.816702e+01
2.921307e+13,7.899363e+01
2.663083e+13,7.922010e+01
1.975549e+13,4.999403e+00
1.738019e+14,8.000000e+01
5.778339e+13,3.621536e+01
2.068922e+13,2.348293e+01
1.096437e+13,7.881878e+01
2.406340e+14,8.000000e+01
2.406340e+14,8.000000e+01
1.647585e+13,7.897966e+01
5.025944e+15,8.000000e+01
1.458270e+13,7.899513e+01
1.500092e+14,5.609476e+01
1.998770e+13,4.716497e+01
7.527230e+13,4.870755e+01
5.576332e+14,8.000000e+01
5.576332e+14,8.000000e+01
3.013901e+13,3.213137e+01
2.807080e+13,3.087014e+01
1.112800e+13,7.899824e+01
2.278125e+13,7.898839e+01
9.721196e+13,4.306204e+01
2.831944e+14,6.906743e+01
3.196257e+13,7.927587e+01
2.393443e+14,7.531353e+01
1.133870e+14,5.050931e+01
2.046281e+16,8.000000e+01
2.046281e+16,8.000000e+01
9.946849e+13,6.095951e+01
1.307698e+13,7.899590e+01
4.682780e+13,5.000011e+00
4.682780e+13,5.891752e+01
3.209188e+16,8.000000e+01
2.201211e+13,3.499355e+01
4.231803e+13,7.896010e+01
3.879471e+13,7.898556e+01
3.938395e+13,7.899340e+01
1.121820e+13,7.899630e+01
3.876395e+13,4.864749e+01
1.389731e+13,7.899337e+01
1.847382e+14,6.318168e+01
6.311276e+13,4.222122e+01
1.725755e+13,7.899548e+01
2.470895e+13,7.899571e+01
1.334846e+14,6.792631e+01
1.372255e+13,7.899829e+01
1.217187e+13,7.899822e+01
5.387107e+13,4.618509e+01
3.393341e+13,7.898366e+01
3.946129e+13,3.903811e+01
1.455813e+14,7.423247e+01
1.626387e+14,8.000000e+01
1.626387e+14,8.000000e+01
4.642876e+13,3.795706e+01
2.349505e+13,7.898868e+01
1.561354e+14,5.315189e+01
3.676133e+13,6.046639e+01
3.322974e+13,3.177102e+01
1.346547e+13,1.898765e+01
1.887293e+13,7.899054e+01
5.707552e+13,4.816702e+01
5.707552e+13,4.816702e+01
4.242653e+14,8.000000e+01
4.242653e+14,8.000000e+01
7.990543e+13,4.168069e+01
3.348939e+13,5.201078e+01
3.774965e+13,3.441360e+01
1.058356e+15,8.000000e+01
7.711973e+15,8.000000e+01
3.159269e+13,7.898464e+01
2.520536e+13,7.899572e+01
1.895273e+13,2.498742e+01
1.186152e+14,5.549418e+01
2.894495e+14,8.000000e+01
2.894495e+14,8.000000e+01
2.153037e+13,7.899861e+01
1.149843e+14,8.000000e+01
1.994646e+13,7.899679e+01
3.249924e+13,3.501418e+01
2.779733e+13,3.050979e+01
2.101376e+13,7.898653e+01
7.844104e+13,5.561430e+01
4.205182e+14,7.279106e+01
1.724353e+14,8.000000e+01
8.631333e+13,8.000000e+01
3.317226e+14,7.495318e+01
1.790707e+13,7.916808e+01
2.960389e+13,2.852785e+01
1.671521e+13,7.899528e+01
5.329948e+13,3.993899e+01
7.638169e+13,4.810697e+01
3.271208e+13,3.411330e+01
3.991521e+13,3.441360e+01
2.805772e+14,7.891704e+01
3.779227e+13,3.459377e+01
5.006633e+13,5.699564e+01
2.477846e+13,7.897093e+01
9.525347e+12,7.897174e+01
6.518019e+13,6.384233e+01
2.367428e+14,8.000000e+01
2.367428e+14,8.000000e+01
5.114924e+14,8.000000e+01
5.114924e+14,8.000000e+01
3.141713e+13,3.159084e+01
3.762470e+14,8.000000e+01
8.241823e+13,8.000000e+01
1.438694e+13,7.899874e+01
4.039432e+13,3.645559e+01
8.376265e+13,5.909770e+01
8.172740e+13,5.447318e+01
1.130709e+14,3.094886e+01
3.896031e+13,7.899628e+01
1.290140e+15,8.000000e+01
2.515537e+13,2.654592e+01
2.580845e+14,8.000000e+01
2.206439e+13,7.898540e+01
1.399698e+13,7.898781e+01
9.244375e+12,7.899904e+01
6.801585e+13,7.915728e+01
6.801585e+13,7.915728e+01
4.891270e+19,8.000000e+01
4.891270e+19,8.000000e+01
4.891270e+19,8.000000e+01
4.891270e+19,8.000000e+01
4.891270e+19,8.000000e+01
4.891270e+19,8.000000e+01
1.670386e+13,7.898856e+01
1.123938e+13,7.899660e+01
4.771489e+13,4.300374e+01
4.443641e+13,3.435354e+01
5.233581e+13,3.579495e+01
8.229695e+14,8.000000e+01
8.229695e+14,8.000000e+01
7.897701e+13,5.753617e+01
7.850109e+13,7.507329e+01
4.979673e+13,7.899696e+01
4.708539e+13,7.896143e+01
2.321702e+13,4.998910e+00
3.954584e+13,4.999821e+00
3.250652e+14,5.819682e+01
1.611462e+13,7.897670e+01
1.257779e+14,5.363236e+01
7.433799e+13,5.225101e+01
4.260262e+13,4.053958e+01
1.271263e+14,8.000000e+01
3.524380e+13,4.558450e+01
2.873353e+13,7.899620e+01
1.628095e+13,6.073366e+01
1.046641e+13,7.897173e+01
1.171668e+13,7.899826e+01
1.489702e+13,7.899648e+01
5.613671e+14,6.462309e+01
1.021693e+14,5.225101e+01
9.698717e+13,7.189018e+01
1.517502e+13,5.000441e+00
2.229754e+13,7.898462e+01
4.074208e+13,3.159084e+01
3.044019e+13,7.826629e+01
3.983809e+13,7.899060e+01
1.118540e+13,7.899789e+01
3.012197e+13,4.749810e+01
2.616264e+13,6.013257e+01
2.402397e+13,7.897712e+01
4.926310e+13,4.948831e+01
2.741740e+13,7.899657e+01
3.122418e+13,7.898241e+01
3.122418e+13,4.999988e+00
1.951145e+13,7.899492e+01
2.401714e+13,7.924049e+01
4.676850e+13,3.495412e+01
5.979765e+13,3.765676e+01
1.871068e+13,7.899739e+01
6.019907e+13,5.038919e+01
6.068260e+13,4.756644e+01
4.472900e+14,8.000000e+01
4.472900e+14,8.000000e+01
2.136457e+13,7.898427e+01
3.631458e+13,3.267190e+01
3.282376e+13,3.020949e+01
2.257107e+13,7.896243e+01
5.604556e+13,3.867776e+01
3.232532e+14,8.000000e+01
2.054464e+13,7.908187e+01
1.635864e+14,8.000000e+01
1.635864e+14,8.000000e+01
2.029366e+13,7.898435e+01
5.025221e+13,4.840726e+01
1.250551e+15,8.000000e+01
1.610425e+13,7.899716e+01
9.114918e+13,6.432280e+01
1.437576e+13,7.897691e+01
3.216873e+14,8.000000e+01
3.216873e+14,8.000000e+01
6.455079e+13,4.999996e+00
6.455079e+13,7.741558e+01
2.833682e+13,3.159084e+01
1.944995e+14,8.000000e+01
3.207175e+13,3.075002e+01
7.043267e+13,3.657571e+01
2.221795e+14,8.000000e+01
2.972499e+13,2.924855e+01
2.295334e+14,5.237113e+01
1.841081e+13,7.899026e+01
6.515956e+13,5.038919e+01
1.107278e+14,4.810697e+01
2.921174e+13,7.899807e+01
1.756448e+14,8.000000e+01
1.756448e+14,8.000000e+01
6.822808e+13,7.140972e+01
6.822808e+13,7.140972e+01
8.971236e+13,5.074955e+01
1.393947e+13,7.899760e+01
6.354850e+13,6.456303e+01
6.354850e+13,6.456303e+01
2.427024e+13,7.897657e+01
1.276585e+16,8.000000e+01
1.276585e+16,8.000000e+01
3.713873e+15,8.000000e+01
3.713873e+15,8.000000e+01
5.557649e+13,4.366263e+01
2.707299e+14,6.186039e+01
4.834491e+13,3.777688e+01
6.315982e+13,4.114016e+01
2.519351e+13,7.887479e+01
1.010392e+13,7.899046e+01
1.629106e+13,7.899267e+01
3.807403e+14,7.951763e+01
2.325452e+13,7.895064e+01
8.936898e+14,8.000000e+01
4.297512e+14,8.000000e+01
3.054899e+13,3.243166e+01
9.435375e+13,4.264163e+01
2.795171e+13,7.899500e+01
1.932766e+13,7.899416e+01
2.585137e+14,8.000000e+01
2.585137e+14,8.000000e+01
8.411247e+13,6.996831e+01
1.676835e+14,8.000000e+01
1.587336e+13,7.899382e+01
1.050719e+13,7.899820e+01
1.920426e+13,7.896768e+01
7.079549e+13,5.549418e+01
7.079549e+13,5.549418e+01
5.826863e+14,8.000000e+01
5.928014e+13,3.795706e+01
3.380174e+14,3.480685e+01
2.915926e+13,2.756691e+01
4.968803e+13,3.663577e+01
1.964788e+13,7.899049e+01
7.232734e+13,4.192093e+01
5.440934e+14,8.000000e+01
5.440934e+14,8.000000e+01
5.697518e+13,4.720609e+01
3.065659e+13,5.498255e+01
5.554184e+13,3.831741e+01
1.046056e+14,6.119975e+01
2.536589e+14,5.000011e+00
2.536589e+14,7.899766e+01
2.536589e+14,7.899749e+01
2.536589e+14,7.899788e+01
1.280899e+14,8.000000e+01
7.082277e+13,6.336186e+01
7.082277e+13,4.999994e+00
4.180966e+13,3.405325e+01
6.435623e+13,5.000034e+00
6.435623e+13,7.896457e+01
5.104185e+13,3.507424e+01
1.510905e+13,7.899633e+01
2.403727e+13,7.879788e+01
2.075425e+14,6.612456e+01
8.057638e+13,2.896680e+01
1.623061e+13,4.999901e+00
2.102086e+13,7.891938e+01
1.555403e+13,7.899499e+01
2.828101e+13,2.954885e+01
1.391343e+13,7.899654e+01
1.030766e+14,4.270169e+01
6.391006e+15,8.000000e+01
6.391006e+15,8.000000e+01
1.877472e+13,7.899114e+01
2.230227e+13,7.899514e+01
8.385737e+13,1.900000e+01
2.326628e+13,7.898714e+01
6.861232e+13,4.324222e+01
1.249669e+13,7.899029e+01
1.245905e+14,4.900785e+01
1.597222e+14,8.000000e+01
1.597222e+14,8.000000e+01
9.588355e+13,5.597465e+01
5.446539e+13,7.899810e+01
5.446539e+13,7.899254e+01
8.551356e+13,5.675541e+01
1.192598e+14,8.000000e+01
1.192598e+14,8.000000e+01
1.192598e+14,8.000000e+01
1.102528e+14,5.315189e+01
1.208353e+15,3.398526e+01
4.093635e+13,5.000336e+00
4.093635e+13,5.000165e+00
9.038741e+13,7.899582e+01
9.038741e+13,4.999998e+00
7.899610e+13,6.258110e+01
1.064687e+13,7.898067e+01
2.408621e+13,7.899637e+01
1.722020e+13,7.898637e+01
3.381482e+13,4.324222e+01
1.253469e+14,8.000000e+01
1.253469e+14,8.000000e+01
3.356024e+14,8.000000e+01
5.805587e+13,3.801712e+01
5.824689e+13,3.999905e+01
8.652792e+14,8.000000e+01
2.683383e+13,7.899660e+01
1.027644e+13,7.899033e+01
2.675247e+13,7.895503e+01
4.658771e+13,7.897996e+01
3.904981e+13,7.899018e+01
3.904981e+13,7.899341e+01
2.926413e+13,2.732668e+01
3.667181e+13,7.900134e+01
3.667181e+13,4.894779e+01
5.566749e+13,6.426274e+01
7.620591e+13,6.594438e+01
7.620591e+13,6.594438e+01
1.368851e+13,7.899796e+01
1.513969e+14,8.000000e+01
1.513969e+14,8.000000e+01
2.160238e+13,7.896171e+01
3.623271e+14,8.000000e+01
6.958889e+13,4.360257e+01
2.217079e+13,7.889733e+01
2.317768e+13,7.899634e+01
1.614771e+14,8.000000e+01
1.614771e+14,8.000000e+01
7.224668e+13,2.497351e+01
1.431507e+14,6.354203e+01
1.600081e+13,7.899665e+01
1.641212e+14,6.450297e+01
1.195648e+13,7.899750e+01
1.782902e+13,7.887708e+01
9.262959e+14,8.000000e+01
2.968170e+13,3.201125e+01
9.379746e+13,8.000000e+01
9.379746e+13,8.000000e+01
8.937868e+13,5.495365e+01
3.539373e+14,8.000000e+01
2.658097e+13,7.899297e+01
2.753984e+13,7.899617e+01
5.142035e+13,4.846732e+01
1.254564e+14,7.957769e+01
1.254564e+14,7.957769e+01
4.463328e+13,3.567483e+01
1.120257e+13,7.899556e+01
1.602143e+14,7.122954e+01
1.602143e+14,7.122954e+01
3.806219e+14,5.525394e+01
1.354722e+14,4.174075e+01
1.511487e+14,6.732573e+01
1.207187e+13,7.899569e+01
7.764638e+13,3.759670e+01
3.024650e+13,7.893720e+01
3.580671e+13,3.621536e+01
4.210899e+13,7.898180e+01
2.495667e+13,2.612551e+01
2.041051e+14,8.000000e+01
2.041051e+14,8.000000e+01
5.745590e+14,8.000000e+01
1.098020e+15,8.000000e+01
1.450091e+14,8.000000e+01
1.752842e+14,8.000000e+01
1.305517e+13,7.899526e+01
9.196148e+14,8.000000e+01
1.838859e+13,7.898260e+01
1.277709e+14,5.957816e+01
2.462997e+13,2.780715e+01
5.767141e+13,4.456351e+01
9.198499e+13,6.804643e+01
1.760340e+15,8.000000e+01
1.668304e+13,7.849978e+01
2.265199e+14,7.777593e+01
9.432785e+13,5.537406e+01
1.760824e+13,7.899750e+01
1.939251e+14,6.510356e+01
4.985525e+13,5.861723e+01
1.682026e+14,8.000000e+01
1.483160e+14,5.579447e+01
9.855339e+13,4.858743e+01
7.642869e+14,8.000000e+01
7.642869e+14,8.000000e+01
7.912063e+13,4.756644e+01
1.332917e+13,7.899717e+01
7.582105e+13,4.198099e+01
3.144265e+13,4.999939e+00
4.466120e+14,8.000000e+01
4.466120e+14,8.000000e+01
4.466120e+14,8.000000e+01
9.884464e+13,4.798685e+01
3.935448e+13,7.899305e+01
1.160526e+13,7.899360e+01
1.267115e+13,7.899540e+01
5.489136e+13,5.159037e+01
2.491270e+14,8.000000e+01
2.491270e+14,8.000000e+01
2.505869e+13,4.300000e+01
7.918407e+14,8.000000e+01
1.768722e+14,5.261136e+01
3.077482e+13,7.895276e+01
1.338651e+13,7.899403e+01
1.245747e+13,4.999766e+00
1.180755e+13,7.899615e+01
2.305107e+13,7.899713e+01
2.563027e+13,7.923772e+01
2.075369e+14,8.000000e+01
2.314624e+13,4.999267e+00
2.533634e+13,2.414357e+01
6.817310e+13,5.038919e+01
3.790307e+13,3.507424e+01
1.443114e+19,8.000000e+01
1.443114e+19,8.000000e+01
2.200546e+14,5.381254e+01
3.892147e+13,3.375295e+01
2.855938e+13,7.899610e+01
4.419462e+13,3.561477e+01
7.426258e+14,8.000000e+01
1.252769e+13,4.999968e+00
1.540122e+13,7.899497e+01
2.889103e+13,7.899294e+01
5.427186e+13,4.114016e+01
1.279005e+14,5.000000e+00
1.279005e+14,8.000000e+01
1.754158e+13,7.899413e+01
2.942919e+13,2.720656e+01
3.992857e+16,8.000000e+01
3.992857e+16,8.000000e+01
2.691440e+13,7.893469e+01
1.921891e+14,5.867729e+01
1.207171e+14,6.882719e+01
3.701374e+13,3.843753e+01
1.117267e+14,4.828714e+01
2.034270e+13,7.898285e+01
3.522111e+13,3.087014e+01
1.561564e+13,7.899368e+01
8.369193e+13,5.255130e+01
7.425885e+14,8.000000e+01
1.343166e+14,4.942826e+01
2.543487e+14,4.291125e+01
4.040115e+14,7.861675e+01
1.039611e+14,8.000000e+01
1.039611e+14,8.000000e+01
6.042605e+13,3.771682e+01
1.028948e+14,7.873687e+01
9.053865e+13,6.990825e+01
9.053865e+13,6.990825e+01
3.064471e+13,2.966897e+01
2.833911e+13,7.898922e+01
3.195923e+13,7.899306e+01
7.456760e+13,5.074955e+01
1.189981e+14,4.492386e+01
1.491598e+14,7.825640e+01
2.698042e+13,7.898734e+01
1.831172e+13,7.899218e+01
2.993443e+13,4.998774e+00
7.750532e+13,4.954837e+01
1.294162e+13,7.899171e+01
8.925262e+13,7.615435e+01
6.909766e+13,4.306204e+01
1.255445e+14,5.723588e+01
5.692077e+14,8.000000e+01
1.586088e+14,8.000000e+01
5.000141e+13,3.585500e+01
4.472385e+13,7.899645e+01
8.981712e+13,5.777641e+01
5.993105e+13,3.837747e+01
3.203860e+13,7.899914e+01
3.203860e+13,7.899858e+01
9.997513e+12,7.899118e+01
1.281069e+15,7.645464e+01
5.138349e+13,7.899764e+01
5.138349e+13,4.786673e+01
5.226338e+13,7.756160e+01
5.226338e+13,7.926245e+01
3.594321e+13,3.177102e+01
2.736537e+14,8.000000e+01
2.736537e+14,8.000000e+01
2.095226e+14,6.942778e+01
1.698305e+13,3.498592e+01
2.073827e+14,8.000000e+01
2.073827e+14,8.000000e+01
2.073827e+14,8.000000e+01
1.352216e+14,6.810649e+01
1.352216e+14,6.810649e+01
3.991444e+13,3.633547e+01
5.358036e+13,5.525394e+01
9.521133e+13,7.945757e+01
9.521133e+13,4.999977e+00
7.399686e+13,8.000000e+01
1.475099e+13,7.896053e+01
1.262080e+14,6.570415e+01
5.209229e+13,4.642532e+01
5.490754e+13,3.549465e+01
2.595612e+13,7.895739e+01
1.207845e+15,8.000000e+01
8.301092e+13,5.969828e+01
1.172835e+14,3.883726e+01
4.092144e+13,3.447366e+01
3.201201e+15,8.000000e+01
4.298650e+13,7.897639e+01
2.700799e+14,8.000000e+01
9.659860e+13,5.423295e+01
1.895800e+13,7.882277e+01
2.413970e+14,8.000000e+01
3.394376e+14,8.000000e+01
2.110261e+13,7.898596e+01
1.312817e+16,8.000000e+01
2.982463e+13,2.942873e+01
5.890763e+14,8.000000e+01
1.448123e+14,6.990825e+01
1.448123e+14,6.990825e+01
2.515744e+13,7.919144e+01
1.282749e+14,6.618461e+01
3.467685e+13,3.435354e+01
2.557664e+13,4.999765e+00
7.991520e+13,7.897700e+01
7.991520e+13,7.896333e+01
3.848775e+13,3.369289e+01
2.244479e+13,7.899192e+01
2.032492e+13,7.899200e+01
9.706145e+13,4.516409e+01
3.074419e+13,2.732668e+01
3.825171e+13,3.753665e+01
2.331974e+14,7.177007e+01
3.137626e+13,3.459377e+01
4.522853e+13,5.000013e+00
4.522853e+13,6.234086e+01
9.073410e+14,6.840678e+01
4.652961e+14,8.000000e+01
4.652961e+14,8.000000e+01
4.652961e+14,8.000000e+01
1.627015e+13,7.888008e+01
2.169027e+13,7.897904e+01
2.263364e+13,7.898676e+01
1.664819e+13,7.899329e+01
2.205411e+13,7.899566e+01
3.797892e+13,3.627541e+01
1.197911e+13,7.899802e+01
9.086469e+13,3.435354e+01
6.132252e+13,4.522415e+01
3.024014e+13,7.896223e+01
2.468106e+13,2.660597e+01
3.285484e+13,2.954885e+01
2.428738e+13,2.642580e+01
2.073927e+14,5.585453e+01
2.462802e+13,7.899610e+01
2.148243e+13,7.899853e+01
2.847487e+13,2.918850e+01
1.758546e+13,7.908472e+01
8.000413e+13,4.180081e+01
3.126418e+13,7.893648e+01
7.959452e+13,4.594485e+01
1.856117e+15,8.000000e+01
3.019744e+14,8.000000e+01
2.866426e+14,5.447318e+01
3.376013e+13,4.999995e+00
3.376013e+13,7.898358e+01
1.853755e+14,8.000000e+01
1.370648e+13,7.899201e+01
5.323749e+13,3.855764e+01
5.701360e+13,2.498838e+01
2.417015e+13,7.899455e+01
4.888346e+13,4.222122e+01
2.733164e+13,5.698626e+01
2.852430e+13,7.880786e+01
1.165404e+13,7.898658e+01
1.944267e+13,7.896833e+01
2.034643e+13,5.000000e+00
1.589469e+13,4.999857e+00
1.729954e+14,6.264116e+01
6.915367e+13,3.975882e+01
1.035382e+13,7.899748e+01
1.805030e+14,5.339213e+01
4.333087e+14,8.000000e+01
9.704569e+13,5.357230e+01
1.947221e+17,8.000000e+01
1.671496e+13,7.899806e+01
3.217162e+14,8.000000e+01
1.419529e+14,8.000000e+01
1.419529e+14,5.000018e+00
1.484023e+13,7.899011e+01
1.865039e+14,6.984819e+01
1.550596e+13,7.899694e+01
1.682645e+13,7.899308e+01
2.211530e+13,7.899453e+01
7.931000e+13,4.065970e+01
3.645802e+13,3.765676e+01
2.046992e+13,7.899577e+01
5.202519e+13,3.525442e+01
5.226126e+13,3.687600e+01
1.087694e+14,8.000000e+01
1.087694e+14,8.000000e+01
2.490480e+13,2.900000e+01
9.703068e+13,5.038919e+01
7.148860e+13,7.897066e+01
1.723832e+13,7.899448e+01
6.687516e+14,6.642485e+01
2.659344e+13,7.897704e+01
9.204087e+13,5.291166e+01
1.295935e+13,7.899361e+01
9.847324e+12,7.899724e+01
5.482546e+13,3.837747e+01
3.047070e+13,1.993947e+01
1.457660e+14,6.288139e+01
1.055587e+13,7.899478e+01
9.647413e+13,4.071975e+01
2.417940e+15,8.000000e+01
2.417940e+15,8.000000e+01
3.030908e+13,2.966897e+01
5.038722e+13,5.417289e+01
4.463369e+13,4.390286e+01
1.104878e+13,7.899757e+01
4.198468e+13,3.363284e+01
1.088279e+14,4.672562e+01
3.898759e+13,7.899590e+01
5.651030e+13,4.708597e+01
5.681413e+14,6.960796e+01
1.551245e+13,7.898544e+01
2.437277e+13,2.606545e+01
8.154417e+13,5.711576e+01
1.871871e+13,4.999829e+00
6.516535e+13,6.894731e+01
6.516535e+13,6.894731e+01
1.880042e+13,7.896934e+01
2.039239e+14,8.000000e+01
2.067424e+13,7.898728e+01
3.242424e+14,8.000000e+01
3.242424e+14,8.000000e+01
5.096329e+13,4.384280e+01
4.573879e+13,4.324222e+01
2.218562e+14,8.000000e+01
2.218562e+14,8.000000e+01
3.633866e+14,8.000000e+01
3.633866e+14,8.000000e+01
3.307708e+13,7.914193e+01
2.026668e+13,2.348293e+01
2.286614e+14,7.134966e+01
2.373032e+13,2.618556e+01
5.664590e+13,5.261136e+01
3.420229e+13,3.249172e+01
7.180965e+13,4.246145e+01
5.742954e+14,8.000000e+01
1.401806e+13,7.899803e+01
1.090814e+13,7.898051e+01
9.207922e+13,6.624467e+01
4.047166e+13,7.899170e+01
1.937461e+13,7.897903e+01
6.622332e+13,4.480374e+01
3.565994e+13,3.771682e+01
1.379413e+13,7.899242e+01
2.698104e+13,2.972902e+01
1.021676e+13,7.898756e+01
4.213077e+13,3.375295e+01
4.746128e+13,4.059964e+01
2.290452e+13,7.893580e+01
4.065240e+14,8.000000e+01
4.065240e+14,8.000000e+01
2.135069e+13,7.898836e+01
1.058778e+13,7.898926e+01
3.761047e+13,3.537454e+01
1.615848e+13,7.899793e+01
1.148296e+14,4.852738e+01
5.869966e+14,8.000000e+01
5.869966e+14,8.000000e+01
5.869966e+14,8.000000e+01
6.467018e+13,3.747659e+01
9.037796e+14,8.000000e+01
9.037796e+14,8.000000e+01
4.028545e+13,7.899648e+01
1.480394e+14,8.000000e+01
1.480394e+14,8.000000e+01
1.791199e+13,7.897904e+01
2.012175e+13,7.899621e+01
4.871970e+13,7.899110e+01
2.093013e+14,5.393265e+01
7.413568e+13,5.086966e+01
1.596377e+13,7.899691e+01
2.305828e+14,8.000000e+01
1.286101e+14,5.098978e+01
2.110719e+14,8.000000e+01
2.435713e+13,7.899143e+01
1.300105e+14,8.000000e+01
1.300105e+14,8.000000e+01
3.519238e+14,8.000000e+01
3.519238e+14,8.000000e+01
3.482992e+13,3.255178e+01
2.260460e+13,7.899487e+01
1.765701e+14,8.000000e+01
1.765701e+14,8.000000e+01
2.044851e+13,7.898056e+01
7.474436e+13,5.014896e+01
2.970407e+13,3.038967e+01
7.480256e+13,4.210110e+01
2.530193e+14,5.729594e+01
1.040662e+13,7.899749e+01
3.474400e+13,5.000000e+00
1.671597e+13,7.898608e+01
2.679233e+14,7.825640e+01
9.460677e+13,6.714555e+01
1.252423e+14,7.285112e+01
2.202227e+13,7.899121e+01
1.356657e+14,8.000000e+01
1.356657e+14,8.000000e+01
2.464428e+13,4.998325e+00
8.808605e+13,7.681499e+01
1.059839e+15,8.000000e+01
1.059839e+15,8.000000e+01
4.836358e+13,4.384280e+01
1.609320e+14,4.918802e+01
4.241141e+13,7.899170e+01
1.977383e+14,5.056937e+01
6.993882e+13,5.086966e+01
1.572570e+13,7.899539e+01
1.224764e+14,7.651470e+01
4.148948e+14,8.000000e+01
4.148948e+14,8.000000e+01
4.148948e+14,8.000000e+01
3.116352e+13,2.882814e+01
4.835566e+13,6.360209e+01
4.835566e+13,4.999329e+00
1.611758e+13,7.898051e+01
1.755158e+13,7.899558e+01
6.427469e+15,8.000000e+01
6.427469e+15,8.000000e+01
5.529326e+13,3.993899e+01
6.325880e+13,4.300198e+01
1.034129e+13,7.898956e+01
2.037099e+13,2.330275e+01
1.388242e+13,7.899540e+01
2.230907e+13,7.892568e+01
5.976663e+13,4.624515e+01
5.123579e+13,4.047952e+01
1.855916e+14,8.000000e+01
4.708338e+13,4.768656e+01
2.337523e+14,8.000000e+01
7.245817e+13,8.000000e+01
5.930648e+13,3.909817e+01
8.370287e+13,6.210063e+01
4.009800e+14,8.000000e+01
4.474513e+14,8.000000e+01
2.768473e+13,7.898212e+01
1.453492e+13,7.899534e+01
9.600023e+12,7.899499e+01
1.456650e+13,7.899533e+01
5.074046e+13,4.138040e+01
2.102568e+13,7.898558e+01
1.169575e+13,7.899561e+01
5.710551e+13,3.549465e+01
4.775967e+13,3.603518e+01
2.004780e+14,7.219048e+01
2.171558e+16,8.000000e+01
4.555519e+13,3.489407e+01
3.657271e+13,3.189113e+01
3.038114e+13,7.899051e+01
4.728337e+13,3.651565e+01
8.342776e+13,7.899493e+01
8.342776e+13,4.999994e+00
6.719578e+13,2.701076e+01
1.407026e+14,5.897758e+01
6.190463e+13,4.804691e+01
5.821182e+13,7.104936e+01
4.726974e+13,3.579495e+01
9.265127e+13,4.504398e+01
4.401979e+15,8.000000e+01
5.345281e+13,4.999013e+00
1.184185e+14,5.141019e+01
1.539692e+15,8.000000e+01
1.539692e+15,8.000000e+01
2.495757e+13,2.696633e+01
4.857344e+13,3.561477e+01
5.720754e+13,5.369242e+01
3.139299e+14,8.000000e+01
3.139299e+14,8.000000e+01
2.922339e+14,7.957769e+01
1.354713e+13,4.999517e+00
2.637371e+13,7.898338e+01
1.632797e+13,7.899514e+01
1.122272e+13,5.491778e+01
9.238089e+13,5.723588e+01
2.903288e+13,2.918850e+01
6.988483e+13,4.486380e+01
1.753195e+13,7.899818e+01
7.101835e+13,4.600491e+01
6.572692e+13,6.468315e+01
1.512121e+13,7.899647e+01
2.000127e+13,2.700000e+01
3.015347e+13,7.881442e+01
1.163489e+14,4.558450e+01
7.285389e+13,4.642532e+01
2.273435e+13,5.000049e+00
7.023051e+13,7.681499e+01
3.271572e+14,8.000000e+01
3.271572e+14,8.000000e+01
3.271572e+14,8.000000e+01
8.875357e+13,7.924916e+01
6.706412e+14,8.000000e+01
6.706412e+14,8.000000e+01
1.042285e+13,7.899672e+01
9.567504e+14,8.000000e+01
9.567504e+14,8.000000e+01
6.316270e+13,4.144046e+01
2.825579e+13,7.899471e+01
2.371213e+13,7.896829e+01
1.332918e+13,7.899559e+01
5.153200e+13,3.795706e+01
9.671053e+13,4.468362e+01
1.090568e+14,4.516409e+01
9.790582e+13,4.804691e+01
2.279668e+14,8.000000e+01
3.182973e+13,2.810744e+01
6.862975e+13,4.864749e+01
1.992446e+13,7.898170e+01
1.622943e+13,7.893488e+01
3.525964e+13,3.219143e+01
3.931472e+14,8.000000e+01
1.759759e+13,7.922242e+01
6.029344e+13,5.002884e+01
1.485015e+13,7.899267e+01
2.477261e+13,7.898909e+01
2.144082e+13,7.898539e+01
3.011574e+13,7.899058e+01
6.884109e+14,8.000000e+01
1.323969e+13,7.899834e+01
9.361334e+13,8.000000e+01
9.361334e+13,8.000000e+01
4.690448e+13,5.183060e+01
2.545399e+13,7.899421e+01
8.570055e+13,6.354203e+01
8.570055e+13,6.354203e+01
1.211012e+14,4.900785e+01
4.252926e+13,7.899584e+01
7.270002e+14,8.000000e+01
7.270002e+14,8.000000e+01
1.145454e+13,7.304379e+01
3.563462e+13,3.291213e+01
7.007606e+13,7.898091e+01
7.007606e+13,7.898641e+01
4.931836e+13,4.378274e+01
5.688264e+13,5.543412e+01
5.936520e+14,8.000000e+01
1.516288e+14,8.000000e+01
4.546243e+14,8.000000e+01
4.546243e+14,8.000000e+01
4.546243e+14,8.000000e+01
4.546243e+14,8.000000e+01
1.384207e+13,7.899068e+01
5.959418e+13,3.855764e+01
5.270896e+13,4.745013e+01
1.729361e+14,7.543364e+01
3.664186e+13,3.243166e+01
3.616548e+13,3.651565e+01
1.535157e+13,7.899366e+01
1.859187e+16,8.000000e+01
2.082132e+14,8.000000e+01
1.691003e+13,7.899133e+01
3.057000e+13,3.026955e+01
6.480828e+13,4.029934e+01
4.731028e+13,4.023928e+01
5.269895e+13,6.533214e+01
3.562843e+13,3.363284e+01
1.414446e+13,7.898634e+01
1.627876e+14,8.000000e+01
1.627876e+14,8.000000e+01
1.627876e+14,8.000000e+01
4.351148e+13,4.999805e+00
1.148744e+13,7.899133e+01
6.958598e+13,6.720561e+01
4.585233e+13,6.903386e+01
1.292851e+14,7.969781e+01
8.029004e+13,5.861723e+01
9.770415e+13,4.900785e+01
1.425063e+14,6.786626e+01
2.346331e+13,7.899785e+01
2.968255e+14,8.000000e+01
2.100744e+14,8.000000e+01
2.100744e+14,8.000000e+01
4.380324e+13,4.999149e+00
7.234464e+13,4.192093e+01
6.356847e+13,4.378274e+01
3.511378e+13,7.899187e+01
2.105699e+13,7.899087e+01
2.276715e+13,7.501127e+01
2.250683e+14,7.387212e+01
4.145442e+13,7.897505e+01
1.460815e+13,7.899744e+01
1.236796e+13,7.899670e+01
3.717552e+13,3.507424e+01
1.951671e+13,7.899087e+01
5.657636e+13,4.996878e+01
1.297840e+13,7.898840e+01
1.549837e+13,7.899494e+01
1.764645e+15,8.000000e+01
1.206140e+14,4.100000e+01
5.312704e+13,5.237113e+01
1.630322e+14,5.705570e+01
2.758792e+14,8.000000e+01
2.758792e+14,8.000000e+01
2.758792e+14,8.000000e+01
4.051035e+13,3.663577e+01
2.154317e+14,8.000000e+01
2.154317e+14,8.000000e+01
3.625560e+15,8.000000e+01
5.949564e+15,8.000000e+01
9.578644e+13,5.531400e+01
2.881248e+13,2.774709e+01
6.417912e+14,8.000000e+01
1.361463e+14,5.651517e+01
1.600654e+14,8.000000e+01
1.600654e+14,8.000000e+01
5.196086e+13,4.996878e+01
3.344013e+13,3.105031e+01
1.607241e+14,8.000000e+01
2.809740e+13,3.014943e+01
1.583637e+13,7.899860e+01
1.741935e+14,8.000000e+01
1.741935e+14,8.000000e+01
4.334521e+14,3.443752e+01
7.238268e+13,4.738626e+01
2.913096e+13,7.897723e+01
7.520216e+13,6.348198e+01
7.520216e+13,6.348198e+01
1.301754e+14,8.000000e+01
1.301754e+14,8.000000e+01
5.368613e+14,8.000000e+01
2.651599e+13,7.899572e+01
3.914186e+13,4.216116e+01
1.487716e+13,7.899072e+01
6.389748e+13,5.447318e+01
7.337387e+13,4.774661e+01
1.362575e+13,7.898675e+01
1.172791e+13,7.899698e+01
4.984185e+13,6.450297e+01
4.984185e+13,5.000001e+00
1.099148e+14,6.372221e+01
9.344148e+13,4.342239e+01
8.712782e+13,4.174075e+01
2.099026e+14,6.648491e+01
4.072916e+13,7.899488e+01
5.204993e+13,7.899334e+01
5.082201e+13,4.324222e+01
2.542411e+13,7.899632e+01
4.331739e+13,3.387307e+01
3.187298e+14,8.000000e+01
1.398445e+13,7.883004e+01
2.408247e+14,8.000000e+01
2.408247e+14,8.000000e+01
3.297770e+13,7.898477e+01
1.524878e+13,7.899801e+01
5.016403e+14,6.192045e+01
2.087897e+13,7.897449e+01
7.849997e+13,4.426321e+01
3.643412e+13,3.651565e+01
6.179925e+13,3.639553e+01
6.381311e+13,5.000105e+00
6.381311e+13,5.000000e+00
5.560960e+13,4.023928e+01
1.479843e+13,7.897787e+01
3.004472e+13,7.897902e+01
2.137916e+13,2.390334e+01
4.420387e+13,4.978861e+01
1.421241e+13,7.897701e+01
2.761474e+13,7.898869e+01
1.419742e+13,7.899727e+01
2.810961e+13,7.899557e+01
4.129275e+13,3.999905e+01
3.998637e+13,7.890331e+01
1.049478e+14,4.792679e+01
1.598433e+13,7.899620e+01
2.265152e+13,3.101624e+01
1.129236e+14,8.000000e+01
1.129236e+14,8.000000e+01
3.657380e+14,8.000000e+01
3.657380e+14,8.000000e+01
2.518962e+14,8.000000e+01
6.015700e+13,4.999729e+00
3.289932e+13,7.898175e+01
2.729841e+14,7.567388e+01
8.668351e+13,5.000009e+00
8.668351e+13,7.585405e+01
1.856168e+13,7.897827e+01
2.322063e+13,7.898834e+01
3.645721e+13,4.138040e+01
1.391960e+14,7.237065e+01
2.276287e+13,7.893904e+01
1.077663e+13,7.899848e+01
4.655777e+13,5.291166e+01
4.655777e+13,5.000005e+00
2.534623e+13,7.897728e+01
6.519361e+13,6.059916e+01
6.078787e+13,4.888773e+01
2.563227e+13,7.899779e+01
2.563227e+13,7.899898e+01
4.079668e+14,6.960796e+01
2.478799e+14,8.000000e+01
2.478799e+14,8.000000e+01
2.370268e+13,6.182585e+01
1.928730e+13,7.898810e+01
1.970380e+13,7.898857e+01
2.572971e+13,7.899314e+01
8.031079e+14,8.000000e+01
4.515456e+13,3.819729e+01
2.148588e+14,8.000000e+01
2.148588e+14,8.000000e+01
2.910483e+14,8.000000e+01
2.910483e+14,8.000000e+01
1.397251e+14,4.798685e+01
3.396972e+14,7.684772e+01
7.265853e+15,8.000000e+01
9.524514e+13,5.177054e+01
6.617487e+13,7.899182e+01
6.617487e+13,7.899586e+01
1.002204e+16,8.000000e+01
1.002204e+16,8.000000e+01
4.442903e+13,7.899105e+01
1.800085e+13,7.899111e+01
1.204024e+13,7.896360e+01
2.305396e+13,7.897380e+01
2.247207e+13,2.504445e+01
1.191680e+15,8.000000e+01
3.565200e+13,7.898606e+01
1.680525e+13,7.899313e+01
1.668966e+13,7.899599e+01
6.407168e+14,8.000000e+01
3.228954e+13,7.899495e+01
2.352082e+13,7.899106e+01
1.497918e+13,7.899795e+01
1.189510e+13,7.899546e+01
3.234702e+13,3.075002e+01
2.185258e+13,7.899784e+01
1.259174e+13,4.999832e+00
1.385160e+14,6.804643e+01
1.158558e+13,7.899802e+01
5.631960e+14,8.000000e+01
5.631960e+14,8.000000e+01
1.190862e+13,7.899706e+01
8.223491e+13,7.899637e+01
8.223491e+13,7.459282e+01
3.776662e+13,7.899436e+01
2.529949e+13,4.998274e+00
7.817773e+13,4.432327e+01
1.339095e+14,8.000000e+01
1.339095e+14,8.000000e+01
1.339095e+14,8.000000e+01
2.340838e+13,2.630568e+01
7.527796e+13,4.648538e+01
5.678485e+13,4.011917e+01
3.933698e+14,8.000000e+01
3.933698e+14,8.000000e+01
3.933698e+14,8.000000e+01
3.747942e+13,3.591506e+01
1.291287e+13,7.899828e+01
1.827234e+13,7.892851e+01
1.957432e+13,7.890989e+01
5.494198e+13,4.864749e+01
1.210304e+14,5.014896e+01
8.538758e+13,7.471294e+01
8.538758e+13,7.471294e+01
8.538758e+13,7.471294e+01
3.836178e+14,6.077934e+01
2.151239e+13,2.750685e+01
1.787519e+14,5.453324e+01
6.135853e+13,5.345218e+01
1.694957e+13,7.897333e+01
6.198527e+13,6.035893e+01
6.198527e+13,6.035893e+01
2.153036e+13,7.899521e+01
2.392040e+13,7.892821e+01
5.008373e+15,8.000000e+01
2.683596e+13,2.756691e+01
8.618742e+13,6.552397e+01
8.618742e+13,6.552397e+01
6.793897e+13,3.753665e+01
2.005706e+13,7.899498e+01
4.235359e+16,8.000000e+01
5.604496e+13,5.663529e+01
1.849069e+14,7.741558e+01
1.849069e+14,7.741558e+01
3.791705e+13,3.417336e+01
1.796983e+14,7.086919e+01
3.247611e+14,6.035893e+01
2.962267e+13,2.996926e+01
2.835158e+13,7.899530e+01
2.278028e+14,8.000000e+01
1.189580e+14,8.000000e+01
1.189580e+14,8.000000e+01
3.751088e+13,3.093020e+01
1.315202e+13,7.899457e+01
1.667705e+13,7.899855e+01
4.120102e+13,4.558450e+01
2.439147e+13,7.899410e+01
2.270848e+13,5.000000e+00
8.535435e+13,4.318216e+01
4.976034e+13,4.270169e+01
1.011183e+14,5.357230e+01
2.368483e+13,7.860576e+01
6.937798e+13,6.246098e+01
6.937798e+13,6.246098e+01
2.363618e+13,2.678615e+01
1.605014e+14,4.888773e+01
6.701139e+13,4.234134e+01
1.587761e+14,8.000000e+01
2.718118e+14,8.000000e+01
2.718118e+14,8.000000e+01
5.086281e+14,8.000000e+01
5.086281e+14,8.000000e+01
1.550740e+14,5.405277e+01
2.850984e+13,3.447366e+01
2.613635e+13,2.714650e+01
4.900259e+13,3.681594e+01
4.301122e+13,4.300198e+01
2.220902e+13,2.500000e+01
1.879997e+13,7.895080e+01
5.774353e+13,7.899955e+01
5.774353e+13,5.843705e+01
4.645016e+13,4.065970e+01
8.198597e+14,8.000000e+01
8.198597e+14,8.000000e+01
8.198597e+14,8.000000e+01
1.574385e+13,7.899304e+01
1.121050e+14,8.000000e+01
7.444170e+13,4.192093e+01
2.047806e+13,7.899217e+01
9.970246e+13,4.594485e+01
4.281597e+14,7.363189e+01
2.536623e+15,8.000000e+01
2.147977e+13,7.899340e+01
4.667816e+14,7.945757e+01
3.694823e+13,4.132034e+01
5.632205e+13,4.005911e+01
2.824429e+13,7.899223e+01
1.646724e+14,6.624467e+01
4.269720e+13,3.573489e+01
2.937964e+13,3.267190e+01
9.005989e+13,6.101957e+01
9.850796e+14,8.000000e+01
1.695483e+13,7.897463e+01
4.771875e+13,4.318216e+01
3.701231e+13,7.899923e+01
3.701231e+13,7.899606e+01
2.214647e+15,7.489312e+01
1.354555e+15,8.000000e+01
1.354555e+15,8.000000e+01
2.116387e+13,7.899852e+01
1.336865e+14,5.483353e+01
1.750255e+13,7.898003e+01
2.780581e+13,7.899744e+01
2.587749e+14,8.000000e+01
2.587749e+14,8.000000e+01
2.587749e+14,8.000000e+01
1.563094e+13,7.899129e+01
2.405585e+13,7.899765e+01
9.842261e+13,6.438286e+01
1.827326e+13,7.899762e+01
8.057990e+13,4.378274e+01
1.136726e+13,5.000175e+00
1.720181e+13,7.899374e+01
1.862941e+14,8.000000e+01
1.862941e+14,8.000000e+01
1.666681e+13,7.899791e+01
3.383178e+13,3.321242e+01
7.916301e+13,3.567483e+01
3.474655e+13,7.898583e+01
2.286429e+14,8.000000e+01
2.286429e+14,8.000000e+01
2.286429e+14,8.000000e+01
6.635735e+13,4.564456e+01
1.484223e+14,5.237113e+01
7.100648e+13,5.000003e+00
7.100648e+13,7.899506e+01
1.878062e+15,7.957769e+01
8.211371e+13,4.402298e+01
2.018752e+14,5.759623e+01
2.210960e+13,7.899628e+01
2.107928e+13,7.895898e+01
3.023792e+14,8.000000e+01
3.023792e+14,8.000000e+01
1.024199e+14,7.897390e+01
1.023596e+14,5.068949e+01
1.638524e+13,7.899643e+01
2.076936e+13,7.899465e+01
5.850200e+13,4.324222e+01
1.802856e+13,7.899426e+01
7.440005e+13,4.888773e+01
1.758550e+13,7.899527e+01
6.733014e+13,4.198099e+01
1.963734e+13,7.899758e+01
4.230676e+13,3.843753e+01
1.156472e+13,7.899577e+01
2.294331e+13,2.570510e+01
2.337005e+13,2.666603e+01
9.488369e+13,7.906774e+01
1.653805e+13,7.897935e+01
2.128509e+13,7.899714e+01
7.094475e+13,7.899513e+01
7.094475e+13,5.000003e+00
7.333946e+13,3.999905e+01
2.368944e+13,7.897785e+01
3.392896e+13,3.285207e+01
3.148436e+13,2.996926e+01
4.119061e+14,6.540385e+01
1.214374e+13,1.700000e+01
4.064511e+13,4.999737e+00
2.110617e+13,7.899492e+01
1.713063e+14,5.663529e+01
1.859999e+13,5.888478e+01
1.958337e+14,6.324174e+01
2.313109e+13,7.899230e+01
5.367642e+13,3.429348e+01
1.084399e+13,7.899888e+01
2.458567e+13,7.899676e+01
4.193519e+14,8.000000e+01
2.761412e+13,2.660597e+01
2.804607e+14,8.000000e+01
3.221393e+13,3.759670e+01
4.814994e+13,7.899220e+01
1.779764e+13,7.898239e+01
3.818163e+13,3.855764e+01
6.844857e+13,3.735647e+01
1.930216e+13,7.898260e+01
4.885455e+13,3.903811e+01
4.462047e+13,3.573489e+01
4.444055e+13,4.204104e+01
1.189832e+14,4.780667e+01
1.424142e+14,5.237113e+01
5.445119e+13,4.444339e+01
2.835373e+13,7.899711e+01
7.801684e+13,4.858743e+01
5.584283e+13,7.866795e+01
1.365258e+14,5.669535e+01
6.028287e+13,3.705618e+01
2.171227e+13,2.510451e+01
1.297200e+14,5.747611e+01
2.947802e+13,2.894826e+01
1.497571e+14,8.000000e+01
1.564971e+13,7.899594e+01
2.736946e+17,8.000000e+01
2.736946e+17,8.000000e+01
1.724471e+13,7.895294e+01
7.418601e+13,6.876714e+01
7.418601e+13,6.876714e+01
7.897158e+13,5.975834e+01
1.213696e+14,8.000000e+01
3.380781e+13,3.543459e+01
8.062202e+13,5.213089e+01
4.541075e+13,3.411330e+01
6.093419e+13,3.567483e+01
1.124804e+14,5.867729e+01
1.159692e+14,8.000000e+01
3.393807e+13,7.899551e+01
4.685123e+13,3.849758e+01
1.112802e+13,7.890087e+01
3.465696e+14,8.000000e+01
3.465696e+14,8.000000e+01
3.465696e+14,8.000000e+01
3.980719e+13,3.243166e+01
2.176064e+13,7.899558e+01
2.056621e+13,7.899482e+01
1.028527e+14,8.000000e+01
8.779104e+13,8.000000e+01
8.779104e+13,7.898863e+01
6.741325e+14,8.000000e+01
6.741325e+14,8.000000e+01
1.003753e+14,8.000000e+01
9.110906e+13,4.071975e+01
5.567159e+13,7.897915e+01
5.567159e+13,4.918802e+01
6.056067e+13,4.654544e+01
9.271434e+13,4.582474e+01
3.870012e+13,4.132034e+01
4.992338e+13,3.375295e+01
1.649184e+13,7.895078e+01
6.830283e+13,5.849711e+01
1.250980e+15,8.000000e+01
1.250980e+15,8.000000e+01
2.253604e+13,7.899612e+01
4.733445e+13,3.945852e+01
3.018249e+14,5.429301e+01
5.655663e+13,7.567388e+01
7.158488e+13,3.867776e+01
1.705522e+14,6.264116e+01
1.115083e+13,7.899042e+01
1.703522e+14,6.750590e+01
2.940766e+13,7.899223e+01
1.168515e+13,7.898797e+01
3.483848e+13,7.898211e+01
1.026960e+14,4.504398e+01
1.686870e+13,7.898472e+01
3.553570e+13,7.898079e+01
9.734080e+13,5.531400e+01
3.509450e+13,7.899551e+01
3.210119e+14,7.483306e+01
4.289134e+13,7.898483e+01
1.692710e+13,7.899398e+01
2.664542e+13,2.816750e+01
3.970160e+14,8.000000e+01
4.977544e+15,8.000000e+01
4.977544e+15,8.000000e+01
4.977544e+15,8.000000e+01
1.897369e+14,7.237065e+01
1.373947e+15,8.000000e+01
1.373947e+15,8.000000e+01
5.431883e+13,5.831693e+01
4.764375e+13,3.807717e+01
1.193150e+13,7.897349e+01
2.697235e+13,2.660597e+01
2.652236e+13,5.585536e+01
4.795950e+13,3.543459e+01
1.088794e+13,7.899843e+01
2.171345e+13,4.308179e+01
2.811315e+14,8.000000e+01
2.811315e+14,8.000000e+01
3.696675e+13,7.899180e+01
5.155075e+13,7.899844e+01
3.536931e+14,7.873687e+01
2.076355e+13,4.999658e+00
2.396294e+14,8.000000e+01
5.948441e+13,4.999046e+00
3.361202e+13,3.423342e+01
1.761994e+13,7.898209e+01
2.361633e+14,6.930766e+01
7.813898e+13,4.546439e+01
1.787480e+13,7.887726e+01
6.183030e+13,4.258157e+01
5.573816e+13,4.102005e+01
6.833753e+13,3.759670e+01
4.360210e+13,3.897805e+01
5.144058e+13,5.927787e+01
5.796475e+14,7.501323e+01
5.254449e+13,4.336233e+01
4.220711e+13,7.891873e+01
6.091555e+17,8.000000e+01
6.091555e+17,8.000000e+01
6.091555e+17,8.000000e+01
6.315765e+13,6.354203e+01
2.197645e+14,6.240092e+01
4.963229e+13,5.903764e+01
4.963229e+13,5.000008e+00
2.931846e+13,2.990920e+01
1.250411e+14,6.840678e+01
2.519319e+13,7.899625e+01
9.796482e+13,8.000000e+01
9.796482e+13,8.000000e+01
1.033164e+14,4.408304e+01
6.194395e+14,8.000000e+01
6.028369e+13,4.792679e+01
3.282096e+14,6.041899e+01
2.821492e+13,2.696633e+01
1.136669e+14,6.918755e+01
2.174185e+13,2.402345e+01
1.971227e+15,6.750590e+01
4.129174e+14,8.000000e+01
5.206884e+13,3.789700e+01
4.003220e+13,2.174123e+01
3.528003e+14,8.000000e+01
3.165159e+13,7.899319e+01
6.371578e+13,4.065970e+01
2.203943e+13,7.899529e+01
1.951754e+13,7.898841e+01
1.256191e+14,5.777641e+01
9.811706e+14,8.000000e+01
9.811706e+14,8.000000e+01
1.613073e+13,7.899551e+01
3.928088e+13,3.939846e+01
2.207751e+13,7.898270e+01
4.165938e+13,3.603518e+01
7.940309e+13,8.000000e+01
7.940309e+13,8.000000e+01
1.100047e+14,2.899265e+01
3.693859e+13,3.621536e+01
1.167696e+13,7.894291e+01
1.799191e+13,7.899093e+01
3.074697e+13,2.654592e+01
3.074309e+13,7.898620e+01
1.423886e+13,7.899790e+01
2.706417e+14,8.000000e+01
2.706417e+14,8.000000e+01
2.706417e+14,8.000000e+01
5.370871e+13,7.893806e+01
1.002187e+14,2.100000e+01
2.828190e+14,8.000000e+01
1.958315e+13,7.899175e+01
4.737851e+13,3.519436e+01
6.411821e+13,2.902576e+01
6.621528e+13,4.516409e+01
2.653442e+13,7.899566e+01
1.362335e+15,8.000000e+01
8.810120e+13,3.873782e+01
5.735776e+13,7.903716e+01
1.610536e+13,7.893335e+01
2.119373e+13,7.898914e+01
2.946910e+14,7.387212e+01
2.574048e+14,8.000000e+01
1.274392e+14,4.660550e+01
1.801468e+13,7.899141e+01
3.769239e+13,7.899785e+01
1.319710e+13,7.899823e+01
1.169700e+13,6.872451e+01
2.077557e+13,7.276980e+01
7.522011e+13,5.645512e+01
1.249410e+13,7.908401e+01
9.627492e+13,8.000000e+01
9.627492e+13,8.000000e+01
3.646608e+13,3.663577e+01
4.705552e+13,3.657571e+01
9.697450e+13,5.129007e+01
3.936497e+13,2.984914e+01
1.356578e+14,5.579447e+01
2.731737e+13,3.207131e+01
1.027254e+13,7.897470e+01
3.794064e+13,3.627541e+01
4.211023e+13,7.899538e+01
5.659857e+13,5.963822e+01
1.036494e+14,7.795611e+01
2.445254e+14,5.621488e+01
1.401681e+13,7.898571e+01
6.330519e+13,7.899291e+01
6.330519e+13,5.453324e+01
2.986322e+13,4.636527e+01
1.354246e+13,7.899821e+01
2.062913e+14,5.300000e+01
4.639152e+13,3.675588e+01
7.340521e+13,7.831646e+01
7.340521e+13,7.831646e+01
8.805759e+13,6.143998e+01
8.304668e+13,4.498392e+01
9.833319e+13,4.456351e+01
5.961277e+13,3.879788e+01
1.220169e+13,7.899213e+01
3.396612e+14,6.642485e+01
1.568251e+14,5.387259e+01
1.591597e+13,7.899134e+01
3.982793e+13,7.823728e+01
2.000422e+13,7.898006e+01
1.381912e+13,7.899592e+01
1.713842e+13,5.270022e+01
2.069490e+13,7.894559e+01
3.639696e+13,5.000001e+00
3.639696e+13,7.899667e+01
2.709378e+13,2.726662e+01
2.662654e+14,8.000000e+01
2.662654e+14,8.000000e+01
1.225276e+13,7.895215e+01
1.919879e+14,5.849711e+01
2.645761e+13,7.899748e+01
2.205699e+15,8.000000e+01
2.730014e+14,8.000000e+01
2.730014e+14,8.000000e+01
2.069059e+13,7.899290e+01
1.002743e+14,4.372269e+01
1.461658e+13,7.899536e+01
2.827222e+13,5.000047e+00
2.775602e+13,2.899813e+01
2.229569e+13,2.456398e+01
1.769991e+13,5.710152e+01
1.554074e+13,7.892950e+01
8.541889e+14,8.000000e+01
8.541889e+14,8.000000e+01
8.541889e+14,8.000000e+01
1.479425e+14,7.429253e+01
9.284834e+13,4.534427e+01
9.469073e+13,5.135013e+01
1.047144e+14,4.882767e+01
9.872362e+13,4.468362e+01
2.893716e+13,3.195119e+01
3.558855e+13,7.898864e+01
1.340770e+14,4.456351e+01
2.041229e+13,7.898623e+01
1.503787e+13,7.899599e+01
3.809083e+13,3.447366e+01
2.855878e+13,3.299639e+01
2.776905e+13,7.899449e+01
3.545833e+13,3.056984e+01
1.814024e+14,8.000000e+01
1.814024e+14,8.000000e+01
6.219053e+13,5.080960e+01
5.635889e+13,4.990872e+01
1.543582e+13,7.898679e+01
6.600381e+13,5.573441e+01
1.640567e+13,7.899790e+01
1.824767e+13,7.899779e+01
1.177341e+13,7.899124e+01
2.436097e+13,7.899502e+01
9.983100e+13,4.426321e+01
1.592145e+13,7.899635e+01
2.801319e+13,7.899018e+01
1.324825e+13,7.899597e+01
2.961785e+14,8.000000e+01
2.961785e+14,8.000000e+01
8.641541e+14,8.000000e+01
8.641541e+14,8.000000e+01
1.105209e+14,6.312162e+01
2.698133e+13,7.896425e+01
3.933447e+14,8.000000e+01
6.375220e+13,3.783694e+01
1.274086e+13,7.899609e+01
5.797158e+13,4.678568e+01
1.769104e+14,5.765629e+01
1.305400e+13,7.899502e+01
2.399173e+14,8.000000e+01
2.399173e+14,8.000000e+01
1.009206e+13,7.898547e+01
1.170589e+13,7.899460e+01
1.447430e+13,7.899735e+01
1.203139e+13,7.899776e+01
5.679047e+13,3.975882e+01
1.725517e+13,7.898912e+01
9.276695e+13,3.975882e+01
1.984468e+14,7.801617e+01
4.755814e+14,8.000000e+01
4.755814e+14,8.000000e+01
3.150013e+13,3.279201e+01
1.001604e+14,4.888773e+01
2.061272e+13,7.899672e+01
1.597907e+13,7.899795e+01
2.067889e+14,5.327201e+01
1.159379e+14,5.849711e+01
1.406648e+15,8.000000e+01
2.757716e+14,6.528374e+01
1.877734e+14,6.642485e+01
5.292017e+13,4.240140e+01
3.279333e+14,8.000000e+01
3.279333e+14,8.000000e+01
3.279333e+14,8.000000e+01
1.672692e+13,5.000578e+00
6.915110e+13,4.300198e+01
6.818281e+13,4.390286e+01
1.288270e+13,7.899510e+01
1.478906e+13,7.899641e+01
1.277853e+14,8.000000e+01
1.277853e+14,8.000000e+01
6.214312e+15,8.000000e+01
6.214312e+15,8.000000e+01
1.814228e+13,7.821267e+01
9.748155e+13,6.774614e+01
2.622901e+13,2.858791e+01
3.233791e+13,3.321242e+01
4.065135e+13,3.387307e+01
1.510725e+13,7.899652e+01
6.167074e+13,3.496269e+01
2.849583e+13,7.899761e+01
2.849583e+13,7.899221e+01
3.306107e+14,8.000000e+01
1.154566e+14,8.000000e+01
1.154566e+14,8.000000e+01
8.281878e+13,3.981887e+01
3.306517e+13,3.555471e+01
4.139600e+13,5.735600e+01
1.016056e+13,7.899501e+01
1.313577e+13,7.899498e+01
3.846592e+13,7.899061e+01
1.684675e+14,5.411283e+01
6.630543e+14,8.000000e+01
6.630543e+14,8.000000e+01
7.085529e+13,4.035940e+01
1.545500e+13,7.899400e+01
1.511781e+14,6.180033e+01
9.128814e+13,5.861723e+01
1.497558e+13,4.999580e+00
1.032777e+13,7.894475e+01
1.884131e+14,5.723588e+01
1.761921e+13,5.000039e+00
3.826423e+14,8.000000e+01
1.522110e+15,8.000000e+01
1.522110e+15,8.000000e+01
7.422661e+13,7.899570e+01
7.422661e+13,7.339165e+01
2.595876e+13,7.883594e+01
2.569519e+13,7.895943e+01
7.939199e+13,4.294192e+01
8.436837e+13,7.909274e+01
8.436837e+13,8.000000e+01
8.436837e+13,8.000000e+01
2.501011e+13,2.816750e+01
3.820788e+14,8.000000e+01
3.820788e+14,8.000000e+01
9.975079e+13,6.137992e+01
5.835229e+13,4.324222e+01
8.129609e+13,6.540385e+01
2.134748e+13,7.899039e+01
2.998203e+13,7.899509e+01
4.677702e+13,3.537454e+01
2.159007e+14,5.927787e+01
7.765976e+13,4.504398e+01
3.352621e+13,3.189113e+01
6.786744e+13,6.966802e+01
6.786744e+13,6.966802e+01
1.645749e+13,7.896471e+01
1.342283e+13,7.899550e+01
7.418905e+13,4.762650e+01
1.476054e+14,5.873734e+01
2.468851e+13,7.898680e+01
2.141066e+14,8.000000e+01
2.141066e+14,8.000000e+01
4.622895e+13,3.477395e+01
2.266775e+13,2.474416e+01
1.975296e+13,7.898479e+01
2.878576e+13,3.159084e+01
6.450856e+13,3.609524e+01
4.800987e+13,3.068996e+01
3.703999e+13,3.129055e+01
1.356602e+14,6.924760e+01
1.551544e+13,7.899670e+01
1.202432e+14,8.000000e+01
1.202432e+14,8.000000e+01
3.864293e+13,4.999830e+00
1.381732e+13,7.884140e+01
3.599789e+13,3.963870e+01
2.099366e+13,7.897277e+01
3.784586e+13,2.960891e+01
4.999354e+13,7.899726e+01
4.999354e+13,7.899807e+01
2.299584e+13,7.885052e+01
1.965283e+14,8.000000e+01
1.965283e+14,8.000000e+01
2.778272e+13,7.899301e+01
8.784410e+13,5.579447e+01
8.784410e+13,5.579447e+01
2.961618e+13,7.809745e+01
1.042112e+13,4.999932e+00
8.767724e+13,7.086919e+01
1.029753e+14,5.951811e+01
6.200212e+13,3.669583e+01
6.118885e+13,4.298271e+01
2.530432e+13,7.889930e+01
5.932106e+13,3.861770e+01
4.410193e+13,3.381301e+01
3.404315e+13,3.825735e+01
1.002568e+14,6.011869e+01
3.716192e+13,4.999197e+00
4.440615e+13,3.417336e+01
3.082635e+13,7.898651e+01
2.055321e+13,7.895562e+01
1.262374e+14,6.131987e+01
1.635201e+14,6.564409e+01
1.315811e+13,7.898581e+01
2.336408e+13,7.898766e+01
3.507387e+13,3.597512e+01
4.261613e+14,8.000000e+01
4.261613e+14,8.000000e+01
4.730696e+15,8.000000e+01
4.730696e+15,8.000000e+01
3.934305e+13,4.192093e+01
9.421656e+13,6.936772e+01
2.536077e+14,8.000000e+01
8.714123e+13,7.711529e+01
8.801032e+13,5.000162e+00
8.801032e+13,4.999938e+00
1.828293e+13,7.899561e+01
1.879970e+13,7.899520e+01
3.731290e+13,5.000163e+00
1.435099e+13,7.897580e+01
5.106166e+13,3.669583e+01
2.904384e+13,2.936867e+01
1.974985e+13,7.899454e+01
3.065606e+15,8.000000e+01
3.065606e+15,8.000000e+01
1.944054e+13,7.899111e+01
5.742357e+13,4.041946e+01
2.229221e+13,7.887490e+01
3.583513e+13,7.894154e+01
3.583513e+13,5.000027e+00
2.796288e+13,3.062990e+01
8.628377e+12,7.899697e+01
2.204798e+13,7.899726e+01
5.161628e+13,4.252151e+01
3.943143e+13,3.363284e+01
9.971316e+13,6.294145e+01
2.572449e+13,2.798732e+01
1.890253e+13,7.898864e+01
1.961246e+14,4.846732e+01
2.380229e+13,7.894226e+01
1.711717e+14,6.101957e+01
3.333944e+13,3.345266e+01
2.631524e+16,8.000000e+01
2.631524e+16,8.000000e+01
2.253095e+13,7.896399e+01
4.494784e+15,8.000000e+01
3.135059e+13,2.972902e+01
4.021213e+13,4.342239e+01
4.088008e+13,3.105031e+01
1.324585e+14,7.663482e+01
2.383282e+13,7.898937e+01
2.180420e+13,3.075002e+01
1.002785e+14,8.000000e+01
2.104452e+13,7.899692e+01
1.526296e+14,7.681499e+01
7.321601e+13,5.000015e+00
7.321601e+13,7.044878e+01
1.165399e+14,7.898696e+01
1.165399e+14,4.999992e+00
8.386886e+13,6.408256e+01
5.231756e+14,7.098931e+01
2.652969e+13,7.899352e+01
1.834258e+13,7.912867e+01
2.669546e+13,7.890270e+01
2.269106e+13,2.528468e+01
2.868833e+13,7.898457e+01
8.672796e+13,4.312210e+01
2.301678e+13,2.600539e+01
8.790160e+13,5.297172e+01
8.790160e+13,5.297172e+01
3.265967e+13,2.300000e+01
3.045034e+14,6.648491e+01
6.007644e+13,4.005911e+01
2.617039e+13,2.500000e+01
1.819690e+13,5.000000e+00
1.161461e+14,8.000000e+01
3.252224e+13,5.000292e+00
1.043777e+13,7.899607e+01
5.466154e+13,4.005911e+01
2.007101e+13,7.898753e+01
1.904236e+14,7.753570e+01
2.092866e+14,5.507377e+01
1.370991e+14,8.000000e+01
1.370991e+14,8.000000e+01
6.840266e+13,5.897758e+01
2.175930e+14,8.000000e+01
3.840586e+13,3.969876e+01
1.350776e+13,7.899615e+01
2.021724e+14,7.032866e+01
4.052830e+13,7.899551e+01
2.160216e+14,8.000000e+01
2.481224e+13,3.026955e+01
3.960891e+13,3.537454e+01
3.333150e+15,8.000000e+01
3.333150e+15,8.000000e+01
9.763417e+13,5.014896e+01
3.506741e+13,2.444386e+01
1.100966e+13,7.899287e+01
1.588179e+13,7.899844e+01
1.913756e+14,7.002837e+01
6.256339e+14,8.000000e+01
3.097936e+13,4.366263e+01
1.820641e+13,7.895310e+01
9.393709e+12,7.899909e+01
6.792613e+13,4.246145e+01
9.467644e+13,4.108011e+01
2.395061e+13,7.877305e+01
5.823092e+14,7.675493e+01
2.367447e+13,7.886504e+01
2.552153e+13,7.898790e+01
3.458798e+15,8.000000e+01
2.252589e+13,2.666603e+01
1.040891e+14,6.360209e+01
8.027829e+14,8.000000e+01
8.027829e+14,8.000000e+01
8.027829e+14,8.000000e+01
1.395104e+14,8.000000e+01
3.723497e+13,3.543459e+01
3.586840e+14,8.000000e+01
4.161965e+13,7.898627e+01
7.932188e+13,6.107963e+01
1.128070e+14,3.573489e+01
1.412317e+13,7.898617e+01
4.265689e+14,8.000000e+01
1.674590e+15,8.000000e+01
9.502172e+13,7.795611e+01
1.853618e+14,6.900737e+01
1.225237e+13,7.899766e+01
3.096481e+14,5.993852e+01
2.344418e+14,5.621488e+01
1.158697e+16,8.000000e+01
1.158697e+16,8.000000e+01
6.761186e+13,3.789700e+01
3.140525e+13,7.899947e+01
3.140525e+13,7.899309e+01
8.720509e+13,4.029934e+01
1.174765e+14,4.690579e+01
6.629459e+13,6.029887e+01
1.306221e+13,7.898843e+01
2.371605e+13,2.642580e+01
2.332979e+13,7.890749e+01
1.484860e+15,8.000000e+01
1.484860e+15,8.000000e+01
1.484860e+15,8.000000e+01
9.408586e+13,5.843705e+01
9.623781e+13,4.780667e+01
2.755659e+13,7.899364e+01
3.115561e+14,8.000000e+01
7.204049e+13,4.342239e+01
2.844221e+13,7.899767e+01
2.844221e+13,7.899535e+01
6.865779e+13,7.729546e+01
2.586630e+13,2.792726e+01
6.423248e+13,3.825735e+01
3.985261e+13,3.363284e+01
1.684642e+13,7.898955e+01
2.543422e+13,2.762697e+01
5.033426e+14,8.000000e+01
4.489626e+13,6.600444e+01
4.124548e+13,3.213137e+01
2.896878e+13,7.898966e+01
1.063003e+14,8.000000e+01
1.063003e+14,8.000000e+01
3.505755e+14,7.759576e+01
4.240754e+13,4.426321e+01
1.162615e+13,7.899820e+01
7.883006e+14,8.000000e+01
7.883006e+14,8.000000e+01
1.087945e+14,4.846732e+01
9.056434e+13,5.303177e+01
4.086012e+13,7.899421e+01
1.047006e+13,7.898186e+01
1.607721e+13,7.899353e+01
6.110357e+13,5.032914e+01
2.812060e+14,8.000000e+01
7.259546e+13,7.894539e+01
7.259546e+13,4.999990e+00
4.680888e+13,4.810697e+01
1.872935e+13,7.899278e+01
3.501091e+14,8.000000e+01
1.807199e+13,7.899245e+01
2.203564e+14,8.000000e+01
6.833313e+13,5.369242e+01
1.502351e+13,7.878551e+01
3.768173e+13,3.279201e+01
1.664888e+13,7.899678e+01
2.055433e+13,7.899531e+01
9.533013e+13,7.831646e+01
1.543846e+13,7.897940e+01
3.133332e+14,8.000000e+01
3.133332e+14,8.000000e+01
3.331644e+13,7.899197e+01
4.803300e+13,3.891799e+01
3.060219e+13,3.435354e+01
1.548390e+13,7.899249e+01
2.874441e+13,7.899545e+01
3.891223e+13,3.927835e+01
1.144430e+14,4.780667e+01
1.505640e+13,7.899569e+01
1.074387e+15,8.000000e+01
4.592024e+13,4.288186e+01
9.810889e+12,7.899673e+01
6.455444e+13,4.624515e+01
5.539489e+13,5.465336e+01
1.025769e+14,8.000000e+01
1.025769e+14,8.000000e+01
4.226972e+13,4.342239e+01
2.024509e+13,7.899585e+01
5.355318e+13,7.867681e+01
5.355318e+13,7.899745e+01
3.545677e+13,7.899437e+01
4.433572e+13,3.351272e+01
1.273182e+15,6.828667e+01
1.040666e+13,7.899750e+01
9.668824e+13,8.000000e+01
2.263833e+14,8.000000e+01
1.334571e+13,7.893639e+01
3.103898e+13,3.255178e+01
1.652312e+13,7.899068e+01
1.648407e+13,7.898926e+01
1.469966e+13,7.899507e+01
2.792404e+13,2.126076e+01
2.816729e+14,8.000000e+01
2.816729e+14,8.000000e+01
2.008568e+14,6.462309e+01
1.142431e+14,4.936820e+01
4.901007e+13,3.621536e+01
1.657200e+13,7.899776e+01
1.997626e+13,2.499410e+01
1.105590e+13,7.910123e+01
1.453955e+14,8.000000e+01
1.453955e+14,8.000000e+01
8.720092e+13,8.000000e+01
8.720092e+13,8.000000e+01
8.720092e+13,8.000000e+01
4.293810e+13,4.792679e+01
4.928020e+13,7.895614e+01
7.691341e+13,6.396245e+01
4.375906e+13,3.777688e+01
6.946509e+13,6.023881e+01
4.486179e+14,8.000000e+01
4.340446e+13,3.363284e+01
8.024810e+13,4.378274e+01
4.132760e+13,3.225149e+01
3.278952e+13,2.930861e+01
2.221746e+13,7.898571e+01
1.273515e+14,5.219095e+01
2.435068e+14,8.000000e+01
1.487611e+14,8.000000e+01
2.943062e+13,7.899539e+01
5.794461e+13,4.648538e+01
1.420571e+13,7.899225e+01
9.182116e+12,7.899828e+01
3.835293e+13,7.895242e+01
3.505291e+13,3.651565e+01
1.404691e+13,7.899492e+01
8.307183e+13,4.396292e+01
1.187629e+13,7.894178e+01
1.640730e+13,7.898599e+01
1.386856e+13,7.899741e+01
1.242614e+13,7.898860e+01
1.605669e+13,7.899544e+01
3.093978e+14,8.000000e+01
4.387138e+13,5.879740e+01
2.271438e+13,7.338107e+01
2.303183e+13,7.893116e+01
3.198688e+14,8.000000e+01
1.741257e+13,7.899758e+01
1.062839e+14,8.000000e+01
2.165687e+13,7.694642e+01
9.800598e+13,7.327153e+01
9.800598e+13,7.327153e+01
3.252581e+13,4.999522e+00
3.798693e+13,7.897614e+01
2.009313e+14,5.639506e+01
2.588375e+13,7.899787e+01
1.115383e+14,8.000000e+01
3.067350e+13,3.345266e+01
5.486874e+13,4.083987e+01
1.452926e+14,5.153031e+01
2.898367e+13,7.899884e+01
1.688468e+13,7.898861e+01
5.560408e+14,7.128960e+01
5.560408e+14,7.128960e+01
1.617483e+13,7.899736e+01
1.751276e+13,7.899652e+01
2.259504e+13,7.884720e+01
2.573584e+14,7.297124e+01
2.154621e+13,7.898499e+01
4.076223e+13,4.144046e+01
1.091867e+13,7.899756e+01
8.628754e+13,4.294192e+01
1.047120e+15,8.000000e+01
1.047120e+15,8.000000e+01
1.256590e+14,8.000000e+01
9.354323e+13,4.660550e+01
1.272429e+13,7.899839e+01
6.098453e+13,4.804691e+01
1.499305e+14,8.000000e+01
1.499305e+14,8.000000e+01
2.322785e+13,7.899517e+01
6.189995e+13,4.570462e+01
4.637374e+13,7.882811e+01
2.953786e+13,3.123049e+01
1.025317e+14,6.582426e+01
5.366056e+13,4.738626e+01
1.240916e+14,6.918755e+01
1.020276e+14,7.303130e+01
3.842052e+13,3.729641e+01
3.392037e+14,8.000000e+01
4.206666e+14,8.000000e+01
5.909518e+13,3.861770e+01
2.107318e+14,8.000000e+01
2.107318e+14,8.000000e+01
1.277053e+13,7.899382e+01
9.986164e+13,4.570462e+01
4.638092e+13,4.132034e+01
2.403701e+13,5.076738e+01
1.627019e+13,7.898444e+01
3.080925e+13,2.912844e+01
1.432189e+14,8.000000e+01
3.045660e+13,7.925429e+01
3.167612e+13,3.693606e+01
4.908614e+13,3.801712e+01
2.963288e+13,2.732668e+01
1.026680e+14,6.366215e+01
4.066218e+13,3.747659e+01
2.283630e+13,7.899201e+01
3.373566e+14,8.000000e+01
1.496875e+14,4.999999e+00
1.496875e+14,4.999998e+00
1.496875e+14,7.899806e+01
2.043139e+13,7.899486e+01
1.140851e+18,8.000000e+01
1.656864e+14,7.543364e+01
2.423837e+13,7.899611e+01
4.692250e+13,7.897344e+01
3.251214e+13,3.741653e+01
9.180459e+12,7.899814e+01
1.860746e+13,7.923063e+01
1.024654e+15,8.000000e+01
1.024654e+15,8.000000e+01
1.024654e+15,8.000000e+01
1.024654e+15,8.000000e+01
1.024654e+15,8.000000e+01
3.998651e+13,3.453371e+01
3.162227e+13,3.441360e+01
5.495844e+13,6.222074e+01
4.903191e+13,7.898854e+01
4.903191e+13,7.897681e+01
2.306629e+13,4.999283e+00
4.735726e+13,7.898925e+01
1.769303e+13,7.899606e+01
2.786857e+13,7.919512e+01
7.395847e+13,7.381206e+01
7.395847e+13,7.381206e+01
1.219562e+13,7.898432e+01
2.065799e+13,7.899124e+01
2.001459e+13,7.899620e+01
1.910271e+13,7.899404e+01
4.441822e+13,3.309231e+01
2.527608e+13,7.889403e+01
4.468721e+14,7.477300e+01
3.924927e+13,7.898675e+01
3.924927e+13,4.999997e+00
1.754637e+14,8.000000e+01
2.363507e+13,7.899269e+01
1.530907e+14,3.795706e+01
1.908187e+14,8.000000e+01
1.908187e+14,8.000000e+01
4.479529e+13,3.201125e+01
2.363603e+14,8.000000e+01
6.311820e+13,6.618461e+01
4.447640e+13,3.717629e+01
1.375117e+13,7.899839e+01
2.860391e+13,2.700000e+01
1.576424e+14,5.723588e+01
3.850316e+13,3.879788e+01
2.531534e+13,7.896034e+01
6.498900e+13,6.228080e+01
1.394024e+14,7.092925e+01
1.908660e+13,7.899515e+01
1.975247e+13,7.893883e+01
9.901642e+13,7.273101e+01
9.901642e+13,7.273101e+01
1.526014e+13,7.899842e+01
9.788179e+12,7.898510e+01
1.744769e+13,7.899363e+01
2.052513e+13,7.899184e+01
9.285043e+19,8.000000e+01
9.285043e+19,8.000000e+01
9.285043e+19,8.000000e+01
9.285043e+19,8.000000e+01
9.285043e+19,8.000000e+01
9.285043e+19,8.000000e+01
9.285043e+19,8.000000e+01
9.285043e+19,8.000000e+01
9.285043e+19,8.000000e+01
9.285043e+19,8.000000e+01
4.035062e+13,3.399319e+01
1.912203e+14,8.000000e+01
1.620127e+13,7.899674e+01
2.726410e+13,7.899516e+01
3.527575e+13,3.705618e+01
2.318452e+13,2.696633e+01
3.854681e+14,8.000000e+01
1.276534e+14,5.279154e+01
4.856527e+13,7.142373e+01
2.149697e+14,7.591411e+01
7.031094e+14,7.687505e+01
1.260442e+14,5.951811e+01
3.488009e+13,3.741653e+01
6.135036e+14,8.000000e+01
2.055364e+14,8.000000e+01
1.832911e+14,5.095071e+01
2.102786e+13,7.898476e+01
1.608334e+13,7.899586e+01
1.093462e+14,5.717582e+01
5.647993e+14,8.000000e+01
3.756880e+14,8.000000e+01
9.013820e+13,7.960292e+01
9.013820e+13,7.201030e+01
2.394117e+13,7.898983e+01
9.410452e+12,7.899799e+01
1.194467e+13,7.898920e+01
1.269326e+13,7.899409e+01
1.280875e+13,7.899764e+01
9.077545e+13,3.900000e+01
3.726455e+13,3.321242e+01
3.361304e+14,6.324174e+01
1.359793e+14,8.000000e+01
1.619991e+14,6.444291e+01
1.281689e+13,7.283227e+01
6.606281e+13,4.606497e+01
6.008460e+13,4.906790e+01
1.340835e+13,5.000016e+00
1.241026e+13,7.898088e+01
1.150327e+13,7.899111e+01
5.061134e+13,3.765676e+01
1.338635e+13,7.899796e+01
1.940110e+14,5.633500e+01
1.550360e+13,7.897934e+01
1.488532e+14,4.594485e+01
2.160948e+13,7.899514e+01
4.332802e+13,3.465383e+01
2.296204e+13,7.898262e+01
7.091915e+13,4.888773e+01
1.227220e+13,7.899753e+01
2.184813e+13,4.999592e+00
1.328985e+14,7.975787e+01
1.328985e+14,7.975787e+01
7.220546e+13,7.900010e+01
7.220546e+13,7.687505e+01
1.245669e+13,7.899857e+01
4.301815e+13,7.899760e+01
2.836616e+13,2.918850e+01
4.213618e+13,4.999909e+00
7.555556e+13,5.951811e+01
8.572804e+13,5.309183e+01
1.547321e+13,7.899628e+01
1.551923e+13,7.899701e+01
9.550441e+13,5.951811e+01
2.289243e+13,4.696358e+01
5.119163e+13,3.693606e+01
8.603986e+13,4.438333e+01
6.233282e+13,3.903811e+01
4.089202e+13,5.663529e+01
3.761135e+13,4.011917e+01
1.580730e+13,7.897625e+01
2.303696e+13,7.897988e+01
1.317151e+13,7.893782e+01
5.091060e+13,4.234134e+01
2.997914e+13,3.381301e+01
1.162372e+14,8.000000e+01
2.779200e+14,7.465288e+01
1.089735e+14,7.002837e+01
1.089735e+14,7.002837e+01
1.709690e+14,4.100000e+01
2.456980e+13,4.999175e+00
6.776033e+13,6.107963e+01
6.776033e+13,6.107963e+01
1.561485e+13,4.999670e+00
2.355498e+13,7.899818e+01
2.865141e+16,8.000000e+01
2.912919e+13,4.143507e+01
5.909285e+13,4.162063e+01
3.629899e+13,3.026955e+01
1.172529e+13,7.899821e+01
5.633035e+14,7.411235e+01
1.953003e+14,8.000000e+01
2.303574e+14,2.500000e+01
1.268071e+13,3.898978e+01
2.215509e+13,7.861944e+01
5.385757e+13,6.480327e+01
7.273581e+13,6.168022e+01
4.147864e+13,3.243166e+01
3.646780e+13,3.087014e+01
2.005023e+13,4.999541e+00
1.263021e+13,7.898461e+01
9.923055e+12,7.899189e+01
3.455923e+13,2.876809e+01
2.568353e+13,2.756691e+01
1.465748e+13,7.897166e+01
9.347499e+13,5.062943e+01
2.907611e+13,7.898886e+01
5.610200e+13,4.996878e+01
1.739470e+13,7.895813e+01
6.598129e+13,5.429301e+01
3.998476e+13,3.597512e+01
1.581496e+14,5.357230e+01
1.189546e+13,7.898981e+01
3.346374e+14,8.000000e+01
1.126892e+14,2.700000e+01
1.617048e+14,8.000000e+01
3.785931e+13,3.249172e+01
7.717044e+13,4.564456e+01
2.094889e+13,7.893775e+01
4.859751e+13,7.898998e+01
5.386227e+13,4.552444e+01
1.703022e+14,6.960796e+01
4.840584e+14,7.207036e+01
1.986423e+13,7.898021e+01
9.197509e+13,5.038919e+01
1.926548e+14,8.000000e+01
1.926548e+14,8.000000e+01
5.236303e+13,4.708597e+01
1.920532e+14,8.000000e+01
1.920532e+14,8.000000e+01
1.977350e+13,7.899280e+01
2.673731e+13,2.912844e+01
1.202867e+14,6.288139e+01
4.270180e+13,2.095830e+01
1.903375e+13,7.899311e+01
5.383212e+13,4.300198e+01
5.668415e+13,3.231155e+01
4.972276e+13,4.528421e+01
1.567643e+13,7.899740e+01
7.102330e+13,7.357183e+01
7.102330e+13,7.357183e+01
7.102330e+13,7.357183e+01
4.804952e+13,4.582474e+01
4.953482e+13,3.399319e+01
3.499425e+13,3.105031e+01
2.642763e+14,5.879740e+01
7.505377e+13,6.948784e+01
2.993673e+13,3.195119e+01
4.033741e+13,7.898658e+01
2.394579e+13,7.898943e+01
2.762091e+14,5.483353e+01
3.400886e+13,2.822756e+01
5.352922e+14,6.804643e+01
1.690192e+14,8.000000e+01
1.131324e+14,5.633500e+01
6.822339e+13,3.537454e+01
1.159963e+13,6.817840e+01
8.047439e+13,6.822661e+01
2.874295e+13,7.898168e+01
3.166740e+13,3.549465e+01
3.760296e+13,7.897583e+01
5.934901e+13,4.516409e+01
1.836438e+14,8.000000e+01
1.836438e+14,8.000000e+01
3.098351e+14,8.000000e+01
1.607265e+13,7.899728e+01
6.017557e+13,3.933841e+01
1.622670e+13,7.897535e+01
5.670505e+13,4.534427e+01
2.582557e+13,2.540480e+01
2.479473e+13,2.714650e+01
6.326222e+14,8.000000e+01
6.326222e+14,8.000000e+01
6.326222e+14,8.000000e+01
3.773993e+13,4.294192e+01
5.988482e+13,7.899415e+01
5.988482e+13,5.255130e+01
7.432630e+13,3.405325e+01
2.974862e+13,2.864797e+01
4.027938e+13,7.899698e+01
4.027938e+13,7.899506e+01
3.149405e+13,3.537454e+01
2.131569e+14,8.000000e+01
8.626429e+14,8.000000e+01
8.626429e+14,8.000000e+01
8.626429e+14,8.000000e+01
2.636305e+13,7.898099e+01
3.122243e+13,7.899218e+01
6.488365e+13,3.831741e+01
2.976884e+14,8.000000e+01
1.031587e+13,7.895858e+01
3.813082e+13,3.002932e+01
1.169262e+14,4.504398e+01
1.809026e+13,7.895394e+01
1.687050e+13,7.899466e+01
3.031763e+13,3.081008e+01
1.127786e+14,5.855717e+01
3.674850e+14,8.000000e+01
3.674850e+14,8.000000e+01
2.154992e+13,7.897243e+01
1.053322e+14,6.462309e+01
7.379072e+13,6.210063e+01
4.284660e+13,3.297106e+01
4.364800e+13,4.071975e+01
8.680975e+13,5.044925e+01
2.274045e+13,7.899420e+01
7.191383e+13,3.765676e+01
1.482037e+13,7.898222e+01
3.408190e+13,7.899671e+01
5.007207e+13,3.981887e+01
2.901386e+13,7.896677e+01
5.522397e+13,2.296841e+01
2.905141e+13,7.932210e+01
5.906645e+13,5.963822e+01
5.116234e+13,3.621536e+01
2.430436e+14,8.000000e+01
2.430436e+14,8.000000e+01
1.071521e+14,7.507329e+01
1.032757e+14,8.000000e+01
1.051449e+14,5.351224e+01
5.581101e+14,8.000000e+01
4.232461e+13,3.651565e+01
4.178751e+13,3.837747e+01
1.210993e+13,7.898883e+01
5.689761e+13,4.216116e+01
1.282980e+14,5.609476e+01
3.565285e+13,7.899633e+01
8.839468e+13,6.828667e+01
2.968925e+13,2.810744e+01
2.618408e+13,7.898287e+01
1.845267e+13,7.894574e+01
7.523333e+13,5.000089e+00
7.523333e+13,4.999971e+00
1.450415e+14,6.870708e+01
1.722279e+14,8.000000e+01
1.722279e+14,8.000000e+01
1.103054e+13,7.899776e+01
6.257922e+13,7.899301e+01
6.257922e+13,7.899299e+01
1.030222e+14,6.113969e+01
1.607336e+13,7.890456e+01
2.187035e+15,8.000000e+01
2.932754e+14,6.480327e+01
3.108129e+14,8.000000e+01
3.108129e+14,8.000000e+01
1.617842e+13,7.894984e+01
3.430590e+14,8.000000e+01
3.430590e+14,8.000000e+01
1.905155e+13,4.998770e+00
1.175438e+14,5.237113e+01
5.623858e+13,7.899878e+01
5.623858e+13,6.942778e+01
5.748864e+13,3.735647e+01
2.526062e+13,4.999982e+00
7.370291e+13,5.207084e+01
1.027757e+13,7.899521e+01
4.636222e+13,3.393313e+01
4.595523e+13,5.519388e+01
2.102817e+13,7.116190e+01
2.410622e+14,8.000000e+01
2.197774e+13,7.899583e+01
5.339971e+13,4.246145e+01
1.556491e+13,7.899388e+01
2.016011e+13,7.899112e+01
7.461017e+13,4.083987e+01
4.267061e+13,4.252151e+01
1.696847e+14,8.000000e+01
1.696847e+14,8.000000e+01
7.336009e+13,4.156057e+01
5.904032e+13,4.420315e+01
2.240030e+13,7.895074e+01
1.233542e+13,7.899338e+01
3.886702e+13,3.177102e+01
7.646485e+13,4.804691e+01
1.004260e+14,8.000000e+01
1.004260e+14,8.000000e+01
1.564087e+14,5.489359e+01
5.497549e+13,4.672562e+01
2.406609e+13,7.897546e+01
3.355196e+13,2.840773e+01
1.120389e+14,5.579447e+01
1.152203e+13,7.899156e+01
1.623523e+13,7.875986e+01
2.856123e+14,6.077934e+01
1.980575e+15,6.089945e+01
5.147749e+13,7.899703e+01
5.147749e+13,7.899749e+01
2.237908e+13,7.897790e+01
5.740581e+13,3.831741e+01
1.002209e+14,5.189066e+01
4.273950e+13,4.999524e+00
4.273950e+13,5.000026e+00
2.645619e+14,8.000000e+01
1.617709e+13,7.899182e+01
5.379524e+13,4.522415e+01
7.525276e+13,4.011917e+01
4.928082e+16,8.000000e+01
2.897487e+14,8.000000e+01
2.897487e+14,8.000000e+01
3.213049e+13,2.966897e+01
1.281168e+14,6.699105e+01
1.281168e+14,8.000000e+01
1.956313e+13,7.898586e+01
4.442341e+13,3.831741e+01
1.862162e+13,7.899440e+01
2.553788e+14,8.000000e+01
8.624877e+13,4.570462e+01
5.520009e+13,4.336233e+01
1.059972e+14,7.969781e+01
1.059972e+14,7.969781e+01
2.035934e+13,7.892580e+01
3.438406e+13,7.898542e+01
8.314974e+14,8.000000e+01
4.406036e+13,3.159084e+01
2.337251e+13,4.099124e+01
1.330752e+13,7.897868e+01
2.186512e+13,2.456398e+01
5.345974e+13,5.002884e+01
1.176533e+14,7.934673e+01
1.176533e+14,7.925557e+01
2.593248e+13,6.794960e+01
2.689018e+13,2.804738e+01
1.463726e+13,7.899116e+01
2.327115e+14,8.000000e+01
2.683623e+13,7.897706e+01
2.474459e+13,7.897867e+01
8.713149e+13,6.582426e+01
1.572549e+13,7.899646e+01
5.114387e+14,8.000000e+01
5.114387e+14,8.000000e+01
1.583084e+14,5.032914e+01
1.132613e+13,7.899432e+01
1.631535e+14,5.951811e+01
4.319048e+13,3.333254e+01
7.052004e+13,6.456303e+01
2.288997e+13,7.856356e+01
6.018862e+13,5.345218e+01
2.685134e+13,2.564504e+01
4.464645e+13,6.011869e+01
3.025964e+13,3.056984e+01
3.285954e+13,3.363284e+01
5.469274e+13,7.895344e+01
2.093520e+13,7.899870e+01
2.074158e+13,4.102404e+01
1.081175e+13,7.899731e+01
4.161542e+13,4.330228e+01
8.751992e+13,6.276127e+01
1.265289e+13,7.899823e+01
7.796715e+13,4.300198e+01
2.748128e+13,2.888820e+01
1.682117e+13,7.899765e+01
7.312226e+13,4.047952e+01
3.188642e+13,7.895869e+01
1.439524e+13,7.899342e+01
1.589302e+13,7.893037e+01
8.659894e+14,8.000000e+01
2.593686e+13,2.810744e+01
5.526899e+13,4.534427e+01
2.813154e+13,6.848829e+01
4.716035e+13,4.035940e+01
2.207573e+13,7.897954e+01
1.930644e+14,6.414262e+01
2.575391e+13,7.899409e+01
6.870112e+13,1.900000e+01
2.143225e+13,7.898573e+01
6.427450e+13,8.000000e+01
1.853057e+13,7.898299e+01
3.584736e+13,3.573489e+01
6.746283e+15,8.000000e+01
1.891250e+14,5.729594e+01
5.326060e+13,7.898157e+01
3.082891e+13,6.721196e+01
2.374204e+14,6.426274e+01
1.117802e+13,7.899421e+01
2.748279e+14,6.810649e+01
5.958019e+13,5.519388e+01
1.795978e+14,8.000000e+01
1.795978e+14,8.000000e+01
4.037382e+13,3.219143e+01
1.338221e+14,8.000000e+01
1.338221e+14,8.000000e+01
1.338221e+14,8.000000e+01
1.997754e+14,8.000000e+01
2.858249e+13,2.906838e+01
3.981234e+13,4.264163e+01
1.761931e+14,7.687505e+01
4.940252e+14,8.000000e+01
1.609911e+13,6.559121e+01
9.411152e+13,8.000000e+01
1.091028e+14,4.504398e+01
3.286767e+13,3.621536e+01
1.215055e+15,8.000000e+01
1.802379e+13,7.898340e+01
1.985206e+13,7.898737e+01
2.646044e+13,7.898982e+01
3.079599e+13,3.141067e+01
1.687538e+14,6.936772e+01
1.859436e+13,7.897968e+01
1.624649e+14,7.038872e+01
6.037828e+13,3.999905e+01
1.106539e+13,4.999462e+00
4.269032e+13,3.213137e+01
1.935349e+13,7.899653e+01
1.026175e+15,8.000000e+01
1.026175e+15,8.000000e+01
6.877449e+15,8.000000e+01
1.252064e+14,4.546439e+01
4.536764e+13,3.327248e+01
4.421419e+13,3.219143e+01
1.814974e+13,7.892554e+01
5.449843e+13,4.384280e+01
9.271923e+13,6.588432e+01
6.257296e+13,7.002837e+01
5.587929e+13,4.029934e+01
9.523706e+13,4.534427e+01
2.931776e+13,3.147072e+01
3.424340e+14,8.000000e+01
2.368257e+13,7.897506e+01
5.026487e+13,4.480374e+01
2.834648e+13,7.898616e+01
1.832005e+13,7.899117e+01
1.192057e+14,8.000000e+01
7.335952e+13,4.996878e+01
1.722697e+13,7.897060e+01
3.431747e+14,8.000000e+01
3.431747e+14,8.000000e+01
9.218305e+13,8.000000e+01
8.834952e+13,8.000000e+01
3.759293e+13,7.899831e+01
3.759293e+13,7.899261e+01
3.335294e+15,8.000000e+01
1.924585e+14,8.000000e+01
1.936414e+14,5.927787e+01
1.675195e+14,8.000000e+01
1.675195e+14,8.000000e+01
6.975619e+13,4.999950e+00
2.301102e+13,7.899039e+01
7.686187e+13,5.243119e+01
1.142270e+14,5.513383e+01
2.650845e+13,2.672609e+01
2.490452e+13,7.899650e+01
3.718677e+13,3.231155e+01
2.040234e+13,2.294240e+01
1.446786e+13,7.899300e+01
4.040086e+13,4.504398e+01
5.310319e+13,7.899920e+01
5.310319e+13,7.899551e+01
1.358635e+14,7.387212e+01
2.682020e+13,2.882814e+01
8.437339e+14,6.372221e+01
1.540603e+13,4.098806e+01
3.182002e+13,7.872692e+01
2.631123e+13,7.899521e+01
3.064227e+13,3.075002e+01
5.070920e+13,7.899774e+01
5.070920e+13,7.899667e+01
8.266460e+13,8.000000e+01
9.899193e+13,5.897758e+01
2.658866e+14,8.000000e+01
1.498181e+13,4.999407e+00
5.979830e+13,4.126028e+01
4.233847e+13,4.936820e+01
1.806236e+13,7.899078e+01
4.026535e+14,8.000000e+01
2.126118e+13,7.899479e+01
6.146442e+14,8.000000e+01
1.393151e+13,7.897715e+01
7.483284e+13,6.582426e+01
1.319488e+14,4.912796e+01
1.458890e+13,7.899758e+01
2.427105e+13,2.822756e+01
1.853538e+13,4.999816e+00
6.008806e+13,4.174075e+01
1.994344e+13,7.899182e+01
3.847646e+13,7.900051e+01
3.847646e+13,5.189066e+01
7.522532e+13,5.519388e+01
1.333055e+14,4.780667e+01
9.870636e+13,8.000000e+01
3.336186e+14,8.000000e+01
1.368060e+14,5.405277e+01
2.395901e+14,7.969781e+01
2.395901e+14,7.969781e+01
3.961590e+19,8.000000e+01
3.961590e+19,8.000000e+01
1.567300e+15,8.000000e+01
3.518247e+14,6.810649e+01
2.442129e+13,7.899181e+01
4.651141e+14,7.201030e+01
1.452021e+13,7.899726e+01
3.446168e+13,2.858791e+01
1.091263e+13,7.899075e+01
1.887468e+13,7.899470e+01
2.241337e+14,8.000000e+01
2.241337e+14,8.000000e+01
1.827280e+14,8.000000e+01
1.506474e+13,7.899329e+01
1.823506e+13,7.899336e+01
4.909038e+13,2.500000e+01
3.088716e+13,4.999232e+00
1.876202e+13,4.999830e+00
1.039904e+14,8.000000e+01
3.732424e+13,4.186087e+01
1.564377e+14,7.303130e+01
1.535640e+13,7.898320e+01
1.124692e+14,4.984867e+01
4.661529e+13,4.053958e+01
4.244452e+13,4.780667e+01
9.263680e+13,8.000000e+01
5.227646e+13,7.899118e+01
1.248329e+13,4.704781e+01
1.139800e+13,7.899735e+01
5.551947e+13,3.585500e+01
1.508770e+14,7.219048e+01
1.508770e+14,7.219048e+01
1.732598e+14,6.660503e+01
9.546856e+12,7.899280e+01
1.116185e+13,7.897915e+01
1.394550e+15,8.000000e+01
3.729046e+13,3.675588e+01
1.621516e+15,8.000000e+01
1.723552e+13,7.898858e+01
1.009017e+14,8.000000e+01
4.053766e+13,4.198099e+01
2.938158e+14,8.000000e+01
2.938158e+14,8.000000e+01
4.306927e+13,7.646254e+01
1.519552e+13,7.899894e+01
3.303919e+13,2.870803e+01
1.269405e+13,7.899793e+01
1.074099e+14,2.700000e+01
3.283215e+13,7.899332e+01
3.558378e+14,7.074907e+01
3.224336e+13,3.213137e+01
1.976583e+13,7.893142e+01
3.161500e+14,8.000000e+01
3.161500e+14,8.000000e+01
4.078678e+13,3.062990e+01
6.420584e+13,7.897959e+01
5.515371e+13,5.303177e+01
1.833812e+13,7.898219e+01
2.352153e+14,8.000000e+01
1.070935e+13,7.899585e+01
1.753333e+13,7.899090e+01
5.520359e+13,5.948470e+01
2.825585e+13,7.893684e+01
5.192688e+13,5.855717e+01
3.280145e+13,7.899717e+01
3.280145e+13,7.899863e+01
1.277797e+13,7.898633e+01
3.241963e+13,3.153078e+01
4.296646e+13,4.306204e+01
1.288434e+14,7.495318e+01
2.620423e+13,2.486427e+01
2.802909e+14,8.000000e+01
1.333409e+13,7.894726e+01
3.495382e+13,3.567483e+01
7.084595e+15,8.000000e+01
7.084595e+15,8.000000e+01
2.282449e+13,7.898093e+01
2.592350e+13,7.899374e+01
2.347435e+13,7.899648e+01
1.327906e+13,7.897310e+01
9.540839e+13,5.153031e+01
7.212928e+14,7.729546e+01
3.400259e+13,7.883702e+01
1.948697e+14,8.000000e+01
2.105410e+13,7.898628e+01
8.463648e+13,5.369242e+01
5.923342e+13,3.891799e+01
4.248750e+13,3.639553e+01
2.038511e+13,7.898044e+01
3.906003e+14,8.000000e+01
3.906003e+14,8.000000e+01
1.230101e+13,7.899809e+01
2.700645e+13,2.858791e+01
7.245713e+14,8.000000e+01
2.694574e+13,6.897328e+01
2.246254e+13,7.897866e+01
1.551160e+13,7.899653e+01
1.141788e+14,5.543412e+01
5.811982e+13,7.899356e+01
4.263220e+13,7.899449e+01
1.867031e+13,5.473951e+01
3.566372e+13,3.705618e+01
4.619398e+13,3.897805e+01
1.553757e+13,7.895346e+01
1.991228e+13,7.899581e+01
5.761806e+13,5.261136e+01
1.230984e+17,8.000000e+01
1.230984e+17,8.000000e+01
3.067268e+13,7.897655e+01
2.150732e+13,7.898999e+01
2.181071e+13,7.899669e+01
1.124249e+13,5.000017e+00
1.086815e+13,7.898529e+01
1.186628e+13,7.899069e+01
2.545722e+13,2.558498e+01
1.903614e+14,6.750590e+01
1.721665e+14,8.000000e+01
1.721665e+14,8.000000e+01
1.791913e+13,7.899736e+01
4.568899e+13,5.068949e+01
5.241286e+13,4.402298e+01
1.565668e+14,5.002884e+01
4.144989e+13,3.171096e+01
2.272443e+13,7.895484e+01
1.157578e+14,7.345171e+01
1.157578e+14,7.345171e+01
1.398098e+13,7.899738e+01
3.221044e+13,7.899475e+01
1.423007e+13,7.898636e+01
8.262005e+13,7.895113e+01
8.262005e+13,5.000051e+00
3.233603e+15,8.000000e+01
3.119190e+14,8.000000e+01
2.785369e+14,8.000000e+01
1.573839e+15,5.309183e+01
2.896712e+13,7.895006e+01
5.451051e+13,4.672562e+01
3.926281e+13,3.129055e+01
1.261388e+13,7.899165e+01
4.453729e+13,3.333254e+01
3.152340e+13,3.008938e+01
1.515947e+13,7.898035e+01
2.213909e+14,8.000000e+01
2.213909e+14,8.000000e+01
8.751957e+13,7.747564e+01
1.196831e+14,5.591459e+01
1.480868e+13,7.898466e+01
1.393808e+13,7.899821e+01
2.193294e+14,7.038872e+01
5.085291e+13,4.504398e+01
1.657315e+14,5.939799e+01
4.681429e+13,7.872195e+01
8.777920e+13,6.222074e+01
8.777920e+13,6.222074e+01
1.421569e+13,7.899490e+01
2.947552e+15,8.000000e+01
2.947552e+15,8.000000e+01
3.569695e+14,8.000000e+01
3.569695e+14,8.000000e+01
1.339417e+13,7.899623e+01
4.658326e+13,4.192093e+01
2.299263e+13,7.899773e+01
1.154274e+14,5.873734e+01
7.755418e+13,6.125981e+01
2.208547e+13,7.898638e+01
2.156108e+13,7.897280e+01
5.225854e+13,5.795658e+01
7.182477e+13,5.987846e+01
1.680721e+14,6.186039e+01
2.522669e+14,8.000000e+01
2.566822e+14,8.000000e+01
9.651146e+14,8.000000e+01
4.464416e+13,4.264163e+01
3.713731e+13,3.075002e+01
1.247014e+13,7.899780e+01
4.887968e+13,3.549465e+01
2.168579e+14,5.789652e+01
3.021436e+14,8.000000e+01
3.021436e+14,8.000000e+01
2.854940e+13,7.899685e+01
1.811757e+13,7.897494e+01
4.525194e+13,5.080960e+01
1.856157e+14,4.936820e+01
1.556865e+13,7.710934e+01
5.541483e+13,5.591459e+01
1.320548e+14,4.402298e+01
3.776250e+13,4.053958e+01
1.217334e+13,7.899383e+01
6.894658e+13,7.921734e+01
1.055942e+14,4.546439e+01
7.532986e+13,4.570462e+01
2.356216e+13,7.897246e+01
3.295314e+13,7.898842e+01
4.291575e+13,3.165090e+01
2.643981e+13,2.822756e+01
2.410149e+13,7.899736e+01
8.012994e+13,6.222074e+01
8.799789e+13,4.126028e+01
2.010713e+13,7.899530e+01
2.569106e+13,2.852785e+01
1.233360e+14,5.135013e+01
1.629637e+13,7.897932e+01
4.590825e+13,4.348245e+01
3.159347e+13,3.183108e+01
2.546890e+13,2.540480e+01
1.848202e+13,7.899746e+01
3.444998e+15,8.000000e+01
3.444998e+15,8.000000e+01
2.349594e+13,7.899561e+01
1.154997e+14,2.491593e+01
8.837419e+13,4.738626e+01
3.569451e+13,7.899475e+01
3.569451e+13,4.999996e+00
6.780828e+13,4.846732e+01
3.796035e+13,3.327248e+01
1.620385e+13,7.896780e+01
1.729741e+13,7.898654e+01
2.468505e+13,7.931562e+01
2.153272e+14,5.951811e+01
1.326360e+14,5.243119e+01
3.670087e+13,7.898689e+01
1.234107e+13,7.897970e+01
9.162444e+13,5.020902e+01
4.251039e+13,3.651565e+01
1.072205e+13,7.899831e+01
5.538728e+13,4.900785e+01
1.849980e+13,7.898731e+01
1.269956e+14,4.726614e+01
1.055401e+14,6.864702e+01
7.143319e+13,4.750638e+01
2.522582e+13,7.896949e+01
2.623162e+14,8.000000e+01
1.483854e+14,8.000000e+01
1.483854e+14,8.000000e+01
3.521279e+14,8.000000e+01
3.521279e+14,8.000000e+01
3.521279e+14,8.000000e+01
1.352235e+14,8.000000e+01
7.238146e+13,4.654544e+01
1.645876e+13,7.899214e+01
1.274565e+13,5.000043e+00
1.243214e+13,7.881397e+01
4.333722e+13,3.303225e+01
4.546302e+13,3.759670e+01
1.701335e+13,7.899475e+01
2.806794e+13,4.998860e+00
1.811442e+14,5.489359e+01
1.609740e+13,7.899672e+01
2.613099e+13,7.899498e+01
3.312173e+13,7.899211e+01
1.335477e+14,6.426274e+01
1.321173e+13,7.897777e+01
3.909412e+13,7.898072e+01
1.319588e+14,5.297172e+01
2.861037e+13,7.899723e+01
4.052170e+13,3.663577e+01
1.342462e+20,8.000000e+01
1.342462e+20,8.000000e+01
1.342462e+20,8.000000e+01
1.342462e+20,8.000000e+01
1.342462e+20,8.000000e+01
9.502802e+12,7.897230e+01
3.816884e+14,8.000000e+01
3.816884e+14,8.000000e+01
2.105241e+13,7.898290e+01
4.036103e+14,8.000000e+01
4.036103e+14,8.000000e+01
4.036103e+14,8.000000e+01
4.036103e+14,8.000000e+01
7.615323e+13,4.324222e+01
8.555816e+13,8.000000e+01
8.555816e+13,8.000000e+01
8.555816e+13,8.000000e+01
2.151468e+14,8.000000e+01
2.151468e+14,8.000000e+01
4.803699e+13,4.828714e+01
2.897332e+13,2.996926e+01
1.038742e+14,4.972855e+01
2.058210e+13,7.898659e+01
1.142792e+14,4.840726e+01
1.210961e+13,4.999664e+00
1.108080e+13,7.866138e+01
4.841219e+13,3.771682e+01
2.289630e+14,8.000000e+01
2.289630e+14,8.000000e+01
8.739329e+13,4.029934e+01
1.401236e+15,8.000000e+01
5.334845e+13,3.777688e+01
2.063829e+13,7.899541e+01
7.975983e+13,2.295720e+01
1.661107e+14,5.062943e+01
2.039014e+14,8.000000e+01
6.787123e+13,5.074955e+01
6.226211e+13,4.948831e+01
7.405959e+13,4.810697e+01
2.253909e+14,8.000000e+01
2.253909e+14,8.000000e+01
3.585131e+16,8.000000e+01
2.699691e+13,2.816750e+01
4.532923e+13,3.999905e+01
7.160651e+13,6.876714e+01
2.360397e+13,7.898339e+01
4.063681e+13,4.059964e+01
6.435145e+13,4.186087e+01
5.565499e+13,7.899610e+01
5.565499e+13,7.899910e+01
7.068047e+13,4.984867e+01
5.806486e+13,3.897805e+01
1.003417e+14,4.378274e+01
5.543546e+13,4.666556e+01
1.941370e+13,7.899393e+01
9.794704e+13,6.174028e+01
7.625756e+14,8.000000e+01
2.965334e+13,7.898738e+01
1.078080e+13,7.899553e+01
1.257821e+14,5.321195e+01
3.180423e+14,6.348198e+01
4.237013e+13,3.765676e+01
2.310769e+14,8.000000e+01
2.310769e+14,8.000000e+01
9.583500e+12,7.899574e+01
9.620308e+13,4.426321e+01
3.062564e+14,7.291118e+01
1.834976e+13,3.099533e+01
1.819483e+13,7.897312e+01
9.532483e+13,4.156057e+01
2.245227e+13,7.899293e+01
1.236515e+14,5.789652e+01
1.233923e+14,8.000000e+01
1.233923e+14,8.000000e+01
4.324682e+13,3.189113e+01
2.333009e+13,4.999716e+00
5.429378e+13,4.204104e+01
1.225390e+14,8.000000e+01
1.225390e+14,8.000000e+01
1.225390e+14,8.000000e+01
1.384366e+13,7.899750e+01
1.031400e+14,5.447318e+01
4.919785e+13,4.174075e+01
2.892995e+13,7.899207e+01
3.379334e+13,3.645559e+01
1.714433e+14,8.000000e+01
4.117305e+13,4.396292e+01
2.125571e+14,8.000000e+01
2.125571e+14,8.000000e+01
2.579550e+13,7.899876e+01
9.122551e+13,8.000000e+01
9.122551e+13,8.000000e+01
2.045827e+14,6.858696e+01
1.853832e+13,7.899304e+01
1.673995e+13,7.899148e+01
2.079804e+13,7.927502e+01
1.443920e+14,5.008890e+01
2.981856e+13,7.897032e+01
2.828258e+14,7.026860e+01
1.093756e+14,5.939799e+01
1.920522e+14,5.651517e+01
1.418559e+15,8.000000e+01
1.418559e+15,8.000000e+01
8.873173e+14,8.000000e+01
4.635798e+13,7.898009e+01
4.635798e+13,5.000002e+00
9.535568e+13,4.828714e+01
3.947117e+13,3.171096e+01
5.843572e+14,7.363189e+01
2.521273e+14,7.867681e+01
4.780755e+13,3.375295e+01
6.355169e+13,5.615482e+01
9.264172e+13,4.690579e+01
3.238676e+13,3.681594e+01
9.499615e+12,7.899853e+01
1.107540e+13,6.486514e+01
3.267311e+14,6.888725e+01
7.916094e+13,5.627494e+01
2.392254e+13,2.702639e+01
2.888416e+13,7.897071e+01
8.737049e+13,4.168069e+01
2.630686e+13,2.726662e+01
8.745876e+13,7.717534e+01
5.033430e+13,3.861770e+01
2.808269e+13,4.999889e+00
8.510837e+13,7.056889e+01
9.034807e+13,5.351224e+01
1.656292e+13,7.886573e+01
4.220210e+14,8.000000e+01
9.847080e+13,4.041946e+01
1.302403e+13,7.899552e+01
8.636446e+13,2.698927e+01
1.646349e+14,8.000000e+01
1.646349e+14,8.000000e+01
3.878164e+13,7.895539e+01
9.090751e+14,8.000000e+01
9.090751e+14,8.000000e+01
5.179869e+13,5.969828e+01
7.662464e+13,7.898413e+01
4.370151e+13,4.228128e+01
2.770747e+13,5.000250e+00
3.898417e+14,8.000000e+01
3.898417e+14,8.000000e+01
2.461736e+14,7.074907e+01
2.605886e+14,5.585453e+01
1.048432e+15,7.441265e+01
4.832198e+13,3.333254e+01
1.049008e+13,4.097802e+01
4.260523e+14,8.000000e+01
4.260523e+14,8.000000e+01
4.260523e+14,8.000000e+01
4.260523e+14,8.000000e+01
3.766761e+13,3.651565e+01
9.801965e+13,6.210063e+01
1.272436e+13,7.899022e+01
2.500991e+16,8.000000e+01
7.502020e+13,6.065922e+01
1.960459e+14,7.621441e+01
1.875238e+13,7.894364e+01
1.508103e+13,7.899514e+01
1.415505e+13,7.910696e+01
4.895235e+13,6.312162e+01
1.921165e+13,7.898645e+01
8.818807e+13,4.234134e+01
9.252231e+13,4.144046e+01
8.030881e+13,7.765581e+01
5.507962e+13,7.897890e+01
8.212848e+13,7.899335e+01
8.212848e+13,7.899062e+01
4.294864e+14,7.321147e+01
7.808602e+13,6.071928e+01
4.172304e+14,6.642485e+01
1.922323e+14,5.068949e+01
6.946880e+13,4.089993e+01
1.077151e+13,7.899788e+01
2.671686e+14,8.000000e+01
2.671686e+14,8.000000e+01
8.657779e+13,7.056889e+01
1.224440e+14,8.000000e+01
1.079753e+15,7.020854e+01
3.739762e+13,3.579495e+01
8.788829e+13,4.762650e+01
2.929767e+14,7.092925e+01
1.252620e+14,5.555424e+01
8.901103e+13,5.651517e+01
4.176154e+14,8.000000e+01
1.030020e+13,7.899723e+01
4.740140e+13,3.837747e+01
4.391269e+14,8.000000e+01
4.391269e+14,8.000000e+01
4.391269e+14,8.000000e+01
1.655472e+13,7.910579e+01
5.993670e+13,2.792726e+01
1.627976e+13,7.864207e+01
1.721680e+14,8.000000e+01
1.721680e+14,8.000000e+01
2.138135e+13,7.898867e+01
1.872211e+13,7.899162e+01
1.385810e+13,4.999773e+00
2.097030e+13,7.899632e+01
2.122712e+13,7.899647e+01
6.560052e+13,5.441312e+01
1.109160e+13,7.899627e+01
5.162113e+13,5.687553e+01
2.697223e+13,4.999675e+00
3.312873e+13,3.087014e+01
2.196053e+13,7.898111e+01
1.218287e+14,2.300000e+01
5.058801e+13,4.204104e+01
3.596695e+13,4.999607e+00
3.735493e+13,2.750685e+01
4.492669e+13,3.471389e+01
2.849576e+14,8.000000e+01
1.359272e+14,6.041899e+01
4.274185e+13,3.207131e+01
1.936541e+13,7.899473e+01
1.079917e+14,7.002837e+01
1.872606e+13,7.899751e+01
3.746311e+14,8.000000e+01
3.746311e+14,8.000000e+01
3.767686e+13,7.899315e+01
5.411639e+13,5.315189e+01
4.108901e+13,7.888032e+01
1.211224e+13,7.899734e+01
1.895318e+13,4.999791e+00
1.114975e+13,7.880061e+01
4.933521e+13,7.893861e+01
4.069233e+13,7.899920e+01
8.229901e+13,4.150052e+01
2.557751e+13,7.897028e+01
3.606885e+13,3.567483e+01
4.568450e+13,3.375295e+01
2.586318e+13,2.582521e+01
7.784617e+13,4.234134e+01
1.337154e+14,5.000072e+00
1.337154e+14,4.999922e+00
1.204617e+13,7.899386e+01
1.852947e+14,8.000000e+01
6.187247e+13,5.201078e+01
2.318425e+13,2.504445e+01
1.245701e+13,7.897678e+01
1.505028e+13,7.899277e+01
1.436358e+13,7.899526e+01
5.065798e+14,7.080913e+01
3.029463e+13,7.892953e+01
4.407877e+13,3.921829e+01
3.854948e+13,3.507424e+01
2.261031e+13,2.510451e+01
3.656405e+13,4.089993e+01
1.419708e+14,8.000000e+01
1.419708e+14,8.000000e+01
2.328333e+13,7.897741e+01
2.248922e+13,7.880494e+01
1.972803e+13,7.899134e+01
3.033809e+15,8.000000e+01
3.033809e+15,8.000000e+01
3.033809e+15,8.000000e+01
1.496130e+13,7.899309e+01
2.056354e+13,7.898297e+01
3.504460e+14,8.000000e+01
2.570619e+14,6.468315e+01
4.352909e+13,3.267190e+01
2.231287e+14,8.000000e+01
2.231287e+14,8.000000e+01
2.231287e+14,8.000000e+01
6.326767e+13,2.288234e+01
1.441693e+13,6.872214e+01
5.628131e+14,8.000000e+01
1.978226e+14,6.444291e+01
2.543005e+13,4.998496e+00
1.013615e+14,5.183060e+01
3.598124e+13,3.525442e+01
2.394198e+14,7.183013e+01
8.038027e+13,2.099994e+01
1.651789e+13,7.897919e+01
7.312439e+13,5.657523e+01
9.357977e+13,4.834720e+01
6.950601e+13,5.831693e+01
6.950601e+13,5.831693e+01
3.878181e+13,3.483401e+01
7.163671e+13,5.981840e+01
2.403864e+13,2.834768e+01
1.899248e+13,7.898904e+01
1.625425e+13,7.899633e+01
1.285076e+13,7.899797e+01
3.493219e+13,3.225149e+01
5.851916e+14,8.000000e+01
5.851916e+14,8.000000e+01
2.337258e+13,2.588527e+01
2.577670e+14,8.000000e+01
2.577670e+14,8.000000e+01
2.231286e+13,2.660597e+01
5.912935e+13,2.296137e+01
6.022009e+13,3.609524e+01
1.724772e+14,8.000000e+01
1.724772e+14,8.000000e+01
2.501422e+13,7.898584e+01
6.788642e+14,8.000000e+01
6.693998e+13,3.717629e+01
5.447593e+13,7.898740e+01
4.591496e+13,3.603518e+01
2.112451e+13,4.998841e+00
3.775110e+13,7.897809e+01
6.937646e+13,3.945852e+01
6.861536e+13,4.306204e+01
1.539795e+14,6.059916e+01
2.226513e+13,7.892823e+01
5.867465e+13,7.261089e+01
7.320216e+13,6.564409e+01
7.320216e+13,6.564409e+01
2.025149e+13,7.899511e+01
5.863299e+13,3.861770e+01
1.982805e+13,7.888378e+01
1.063106e+14,6.516362e+01
1.361192e+13,7.899796e+01
1.250413e+14,3.068996e+01
1.462791e+14,5.783646e+01
2.071785e+13,7.899205e+01
2.109436e+13,2.499040e+01
4.896046e+13,3.735647e+01
1.424409e+14,5.074955e+01
2.407167e+15,8.000000e+01
2.294919e+13,2.468410e+01
5.914682e+13,4.071975e+01
1.453709e+13,7.899687e+01
1.065428e+13,7.899874e+01
3.124977e+14,7.525347e+01
1.721956e+13,7.899086e+01
4.332764e+13,3.549465e+01
1.633523e+15,8.000000e+01
2.335240e+14,6.095951e+01
2.435978e+13,7.899572e+01
2.735064e+13,3.026955e+01
2.845535e+16,8.000000e+01
2.913230e+13,7.899225e+01
3.505023e+14,8.000000e+01
2.994001e+15,8.000000e+01
2.193201e+13,7.899046e+01
6.122945e+13,4.516409e+01
1.274873e+14,5.879740e+01
4.557980e+13,3.501418e+01
6.859299e+13,3.981887e+01
2.519933e+13,2.900832e+01
4.946862e+14,8.000000e+01
4.946862e+14,8.000000e+01
1.946856e+13,7.899062e+01
1.178650e+13,7.899615e+01
3.448318e+13,4.420315e+01
1.564637e+14,5.609476e+01
3.634762e+14,8.000000e+01
4.745712e+13,7.899241e+01
3.591554e+13,3.044973e+01
1.365652e+13,7.899541e+01
1.771496e+13,4.999689e+00
5.279486e+15,8.000000e+01
2.113374e+14,5.411283e+01
5.972726e+13,4.570462e+01
1.961605e+13,7.898888e+01
9.795158e+13,5.759623e+01
2.725057e+13,7.898416e+01
2.558628e+13,2.498439e+01
9.828123e+13,7.122954e+01
7.838409e+13,5.110990e+01
3.965473e+13,3.147072e+01
9.850445e+12,3.498687e+01
9.201066e+13,4.804691e+01
2.028957e+13,7.899596e+01
1.048664e+13,7.897976e+01
1.336019e+13,7.899559e+01
3.478494e+13,3.093020e+01
1.533493e+13,7.899496e+01
1.198664e+14,6.264116e+01
5.267179e+13,4.378274e+01
6.918222e+13,4.390286e+01
2.813059e+13,4.999990e+00
2.813059e+13,7.898742e+01
2.598931e+13,7.898600e+01
9.268710e+13,8.000000e+01
1.922355e+13,7.898838e+01
4.465625e+13,3.681594e+01
3.091410e+13,3.423342e+01
3.629231e+13,3.699612e+01
4.028516e+13,3.843753e+01
2.636774e+13,6.929453e+01
1.225254e+14,5.062943e+01
1.872431e+13,7.898868e+01
3.944327e+14,6.816655e+01
6.761322e+13,8.000000e+01
1.148695e+14,4.630521e+01
5.878116e+13,7.899542e+01
1.169040e+14,6.618461e+01
2.359338e+14,5.759623e+01
2.955353e+13,3.279201e+01
5.760727e+13,3.945852e+01
2.083879e+13,7.896204e+01
4.070655e+13,3.531448e+01
5.180350e+13,4.234134e+01
4.044800e+13,3.171096e+01
8.739524e+13,4.390286e+01
5.884862e+13,5.231107e+01
8.376838e+13,6.564409e+01
9.416364e+13,6.438286e+01
3.072217e+14,8.000000e+01
1.041663e+13,7.899102e+01
1.647483e+14,4.468362e+01
3.440054e+14,6.065922e+01
1.841142e+14,7.381206e+01
6.824352e+13,7.345171e+01
1.526380e+13,2.099111e+01
2.668475e+13,7.288069e+01
9.270444e+13,6.216069e+01
3.123209e+13,7.899054e+01
2.086671e+13,7.899388e+01
2.081540e+14,8.000000e+01
2.081540e+14,8.000000e+01
3.816022e+14,8.000000e+01
3.816022e+14,8.000000e+01
2.972838e+13,7.896568e+01
9.137753e+13,4.324222e+01
9.004606e+14,6.744585e+01
2.685694e+14,8.000000e+01
9.780001e+13,4.498392e+01
5.031468e+13,4.077981e+01
1.194351e+13,7.899604e+01
1.496251e+14,5.867729e+01
1.408111e+14,4.720609e+01
4.423292e+13,7.899267e+01
5.154244e+13,3.663577e+01
6.882826e+13,5.909770e+01
3.138600e+13,2.804738e+01
3.873878e+13,3.537454e+01
1.899532e+14,4.966849e+01
3.995960e+13,7.898709e+01
2.101061e+13,7.899056e+01
6.057459e+13,5.225101e+01
1.564161e+14,8.000000e+01
1.564161e+14,8.000000e+01
6.749582e+13,4.666556e+01
2.396354e+13,5.898935e+01
1.085572e+13,7.899870e+01
1.275966e+14,8.000000e+01
7.017592e+13,5.945805e+01
1.997253e+13,7.899660e+01
2.660753e+13,3.171096e+01
7.761710e+13,4.636527e+01
1.379658e+14,6.582426e+01
1.811742e+14,8.000000e+01
2.905160e+13,7.899716e+01
9.490528e+13,7.243071e+01
9.490528e+13,7.243071e+01
1.359761e+13,7.898180e+01
1.861546e+13,7.899668e+01
7.727826e+13,4.852738e+01
3.894548e+14,6.456303e+01
9.615711e+13,7.026860e+01
1.819385e+13,7.899472e+01
2.046360e+13,7.898380e+01
1.405375e+13,7.899720e+01
4.112905e+13,3.375295e+01
2.375891e+13,7.930430e+01
5.340954e+13,4.258157e+01
1.055658e+14,6.408256e+01
3.238027e+13,7.889362e+01
9.177676e+13,4.102005e+01
3.104272e+13,3.099026e+01
6.145819e+13,5.000023e+00
6.145819e+13,5.957816e+01
4.912270e+14,6.792631e+01
3.736124e+13,3.771682e+01
2.127466e+14,6.738579e+01
1.152221e+13,7.898303e+01
4.436162e+14,8.000000e+01
4.436162e+14,8.000000e+01
6.051145e+14,8.000000e+01
4.455333e+13,3.639553e+01
1.031982e+14,4.414310e+01
1.151380e+14,6.294145e+01
1.648738e+14,8.000000e+01
2.164355e+13,7.899629e+01
5.934890e+13,5.495365e+01
3.465795e+13,3.885794e+01
3.304765e+13,2.870803e+01
2.001001e+13,7.897999e+01
4.472429e+13,3.093020e+01
1.005809e+13,7.897749e+01
1.046308e+13,7.898949e+01
4.531999e+13,7.899200e+01
4.531999e+13,7.899245e+01
1.499762e+13,5.000001e+00
1.393306e+14,6.282133e+01
4.315800e+13,7.899557e+01
1.809506e+15,8.000000e+01
2.161268e+13,7.899321e+01
7.093903e+13,3.489407e+01
2.511989e+13,7.897738e+01
3.805333e+13,2.972902e+01
2.016362e+14,6.300151e+01
1.056643e+14,5.429301e+01
3.584783e+13,7.898779e+01
4.034591e+13,4.077981e+01
2.617858e+13,7.898918e+01
1.067795e+13,7.899351e+01
1.306922e+13,7.899859e+01
1.125450e+14,4.660550e+01
1.370651e+14,5.921781e+01
3.614149e+13,7.899183e+01
1.138057e+14,5.921781e+01
3.233085e+13,2.882814e+01
1.586190e+13,7.899528e+01
1.372553e+13,7.899682e+01
2.520611e+13,7.899183e+01
5.540163e+13,4.648538e+01
2.894039e+13,7.890444e+01
7.457887e+13,7.501323e+01
7.457887e+13,4.999994e+00
1.337437e+14,8.000000e+01
3.460490e+13,3.639553e+01
2.439608e+13,7.897570e+01
1.004505e+13,7.894946e+01
2.251621e+13,7.899156e+01
3.660026e+13,3.273196e+01
2.868616e+13,2.804738e+01
8.882068e+13,4.630521e+01
1.374327e+13,7.899181e+01
1.919517e+13,7.898539e+01
6.293600e+13,6.047904e+01
6.385950e+13,7.897629e+01
6.385950e+13,7.899270e+01
8.022297e+13,3.701352e+01
3.955857e+16,8.000000e+01
1.264855e+13,7.899794e+01
8.708362e+13,5.315189e+01
2.395169e+14,8.000000e+01
6.099307e+13,6.522368e+01
3.520404e+14,8.000000e+01
2.116495e+13,7.899862e+01
3.851024e+13,2.888820e+01
2.569836e+14,7.693511e+01
1.877440e+13,4.999873e+00
6.660288e+13,3.915823e+01
2.257884e+13,7.899289e+01
3.495154e+13,7.899795e+01
2.454233e+13,7.894534e+01
1.543537e+13,7.899008e+01
5.823761e+13,4.228128e+01
1.524813e+13,7.899775e+01
2.706308e+13,4.914402e+01
3.414044e+13,3.129055e+01
5.536512e+13,6.870708e+01
1.006962e+14,4.300198e+01
1.321841e+14,4.426321e+01
2.377355e+13,2.666603e+01
1.829878e+13,7.899705e+01
2.633062e+13,2.570510e+01
6.060404e+13,6.654497e+01
2.242641e+14,5.441312e+01
5.487548e+13,5.417289e+01
6.670312e+14,8.000000e+01
6.670312e+14,8.000000e+01
6.670312e+14,8.000000e+01
6.670312e+14,8.000000e+01
5.189476e+14,8.000000e+01
1.871112e+14,6.396245e+01
4.062237e+13,4.999427e+00
2.058920e+13,7.899826e+01
3.628779e+13,3.327248e+01
2.248255e+13,4.998722e+00
3.613070e+15,8.000000e+01
1.008203e+13,7.899846e+01
1.896739e+13,7.893443e+01
2.625247e+13,7.891688e+01
1.505028e+14,5.579447e+01
2.275968e+13,7.899588e+01
9.351463e+13,5.243119e+01
3.181002e+13,7.899747e+01
4.294586e+13,4.083987e+01
9.108415e+13,5.369242e+01
1.106526e+14,8.000000e+01
1.106526e+14,8.000000e+01
2.514753e+14,6.918755e+01
5.631534e+14,8.000000e+01
3.903993e+13,3.483401e+01
9.743413e+13,5.092972e+01
1.596679e+13,7.869244e+01
7.776918e+13,4.150052e+01
5.080013e+13,4.999972e+00
5.080013e+13,7.896944e+01
5.931752e+13,4.282181e+01
2.083047e+13,5.624508e+01
3.100243e+13,3.423342e+01
6.444414e+13,6.618461e+01
6.444414e+13,6.618461e+01
1.680826e+14,6.624467e+01
4.778870e+14,8.000000e+01
8.357758e+13,4.966849e+01
2.919246e+13,4.999064e+00
2.340627e+14,5.975834e+01
8.121447e+13,4.444339e+01
1.648701e+14,7.910882e+01
2.807107e+13,7.896973e+01
1.008106e+15,8.000000e+01
2.855916e+13,3.038967e+01
4.276693e+13,3.933485e+01
4.276693e+13,5.219095e+01
2.434819e+14,6.654497e+01
3.079987e+14,5.777641e+01
1.788123e+13,3.700000e+01
3.582159e+14,6.035893e+01
1.428458e+13,7.899293e+01
2.504804e+14,8.000000e+01
9.554426e+13,8.000000e+01
3.086462e+14,6.504350e+01
7.978897e+13,6.222074e+01
3.719376e+13,3.165090e+01
9.542298e+13,4.720609e+01
1.618231e+13,7.897948e+01
1.643853e+13,7.899609e+01
7.248002e+13,4.999975e+00
2.273651e+13,7.937961e+01
1.507253e+13,5.878201e+01
6.242711e+13,4.999996e+00
1.116532e+14,4.858743e+01
2.997710e+13,7.898285e+01
2.387750e+13,2.426369e+01
3.407523e+19,8.000000e+01
3.407523e+19,8.000000e+01
3.407523e+19,8.000000e+01
2.043098e+13,7.898255e+01
1.913315e+13,7.899280e+01
1.197494e+14,8.000000e+01
1.197494e+14,8.000000e+01
2.299451e+13,7.899490e+01
6.052336e+13,4.510403e+01
1.443130e+14,8.000000e+01
1.099424e+14,8.000000e+01
1.099424e+14,8.000000e+01
2.951616e+13,4.999182e+00
2.644118e+14,5.885746e+01
2.615812e+13,7.899630e+01
3.037110e+14,8.000000e+01
4.041763e+13,2.978908e+01
3.003164e+13,7.887427e+01
1.510462e+13,7.899629e+01
1.590479e+13,7.899790e+01
6.557116e+13,6.131987e+01
2.652927e+13,4.999948e+00
1.612745e+14,7.899969e+01
1.612745e+14,8.000000e+01
8.833003e+13,4.282181e+01
7.919628e+13,6.942778e+01
1.521778e+13,7.899702e+01
6.717951e+13,5.014896e+01
1.386101e+13,7.899052e+01
1.164100e+13,7.899734e+01
2.796503e+13,7.899514e+01
1.678404e+13,5.491005e+01
1.269596e+13,7.881298e+01
1.689454e+13,7.896183e+01
1.392354e+13,7.899723e+01
6.201371e+13,5.333207e+01
8.947505e+13,8.000000e+01
3.716938e+13,3.093020e+01
4.001796e+13,3.044973e+01
6.133741e+13,7.417241e+01
4.046172e+14,6.624467e+01
5.364880e+14,8.000000e+01
1.017736e+14,8.000000e+01
2.072312e+14,8.000000e+01
1.012423e+13,7.896696e+01
2.001279e+14,7.177007e+01
2.428023e+14,8.000000e+01
6.761980e+13,5.441312e+01
1.763031e+14,8.000000e+01
1.763031e+14,8.000000e+01
3.122784e+13,3.537454e+01
8.272644e+13,3.873782e+01
6.906565e+13,6.942778e+01
9.298338e+13,6.738579e+01
2.264952e+13,7.893931e+01
2.109270e+13,7.897981e+01
5.782709e+13,7.899243e+01
6.032290e+14,8.000000e+01
6.032290e+14,8.000000e+01
2.583291e+13,7.898773e+01
2.153128e+14,7.981792e+01
3.165627e+13,2.960891e+01
2.355615e+13,7.895449e+01
1.256722e+14,6.822661e+01
3.917033e+13,3.759670e+01
1.715961e+14,6.119975e+01
6.951776e+13,4.077981e+01
3.451365e+13,3.519436e+01
1.315744e+13,7.899597e+01
2.928708e+13,2.876809e+01
1.370096e+13,7.885107e+01
3.592509e+13,3.219143e+01
1.966971e+13,7.898685e+01
1.465625e+14,7.507329e+01
3.155890e+13,4.432327e+01
4.384105e+13,6.432280e+01
1.680549e+14,5.207084e+01
1.185987e+14,6.210063e+01
1.635147e+13,7.891479e+01
1.235799e+14,5.219095e+01
7.681779e+13,7.189018e+01
4.843677e+14,6.222074e+01
9.956820e+13,7.183013e+01
9.956820e+13,7.183013e+01
6.301534e+13,4.624515e+01
1.892005e+13,7.899382e+01
2.873927e+13,7.899493e+01
3.398146e+13,7.899518e+01
1.657519e+14,8.000000e+01
3.025563e+15,8.000000e+01
6.887152e+13,6.516362e+01
4.053856e+13,5.729594e+01
1.020712e+14,4.108011e+01
8.767852e+14,8.000000e+01
1.738326e+14,7.164995e+01
5.137246e+13,7.899607e+01
1.868071e+13,7.899630e+01
1.641503e+14,7.393218e+01
1.116179e+14,8.000000e+01
3.742889e+13,7.894159e+01
3.648154e+13,2.978908e+01
1.252526e+13,7.898688e+01
3.084909e+14,7.441265e+01
3.004590e+14,7.183013e+01
3.335011e+13,3.159084e+01
2.827679e+13,3.213137e+01
3.269698e+13,3.249172e+01
3.890343e+13,3.441360e+01
5.670771e+14,8.000000e+01
2.037318e+13,7.899336e+01
4.479649e+14,8.000000e+01
7.702924e+13,5.014896e+01
6.115178e+13,6.726567e+01
5.393052e+13,2.699039e+01
9.301489e+13,4.252151e+01
6.278124e+14,7.333159e+01
2.573910e+13,3.195119e+01
5.827602e+13,7.128960e+01
2.150475e+13,7.899193e+01
4.536681e+13,4.120022e+01
2.206642e+13,7.896339e+01
5.881394e+13,4.984867e+01
4.499563e+14,8.000000e+01
7.354039e+13,5.609476e+01
1.628502e+13,7.899657e+01
1.313049e+13,7.896597e+01
4.690441e+13,3.495412e+01
1.008032e+14,7.899624e+01
1.008032e+14,7.898909e+01
5.614097e+13,4.474368e+01
1.555514e+13,7.899333e+01
1.964446e+13,2.499479e+01
1.230731e+15,8.000000e+01
1.719478e+13,7.897529e+01
5.270135e+13,3.975882e+01
2.603115e+14,8.000000e+01
2.875958e+13,3.050979e+01
1.565160e+14,6.234086e+01
1.565160e+14,6.234086e+01
1.048027e+13,5.000024e+00
2.944185e+13,4.998091e+00
1.800571e+13,4.999623e+00
2.024293e+14,8.000000e+01
2.024293e+14,8.000000e+01
6.012845e+13,4.402298e+01
4.591621e+14,8.000000e+01
4.591621e+14,8.000000e+01
2.267781e+13,7.899174e+01
4.543972e+13,3.447366e+01
1.140360e+13,7.899793e+01
1.004166e+13,7.897500e+01
2.631472e+13,7.896540e+01
9.996985e+13,7.855669e+01
1.174240e+14,7.044878e+01
2.378192e+13,7.899429e+01
1.632294e+13,7.899591e+01
2.429227e+13,2.666603e+01
6.494656e+14,8.000000e+01
2.052114e+13,7.893856e+01
7.146110e+13,4.348245e+01
2.911220e+15,8.000000e+01
2.392062e+13,7.898753e+01
1.163937e+14,7.765581e+01
1.163937e+14,7.765581e+01
4.019474e+13,7.899578e+01
1.874926e+13,7.893745e+01
1.285509e+14,8.000000e+01
1.285509e+14,8.000000e+01
2.137872e+13,7.899479e+01
3.882943e+13,7.899319e+01
1.963758e+14,8.000000e+01
3.592336e+13,3.387307e+01
1.335080e+13,7.898006e+01
1.458083e+14,8.000000e+01
1.458083e+14,8.000000e+01
2.756663e+13,2.618556e+01
1.037042e+14,4.492386e+01
2.140592e+13,7.895335e+01
4.170376e+13,3.447366e+01
3.025589e+14,5.825687e+01
1.893888e+14,8.000000e+01
1.893888e+14,8.000000e+01
1.479856e+13,4.999541e+00
1.837814e+13,7.899047e+01
1.517356e+14,5.903764e+01
2.158735e+13,7.899446e+01
3.215698e+13,6.513051e+01
2.464117e+13,4.998750e+00
2.779764e+13,7.898597e+01
1.378869e+13,7.897661e+01
2.671223e+15,8.000000e+01
1.166341e+17,8.000000e+01
1.166341e+17,8.000000e+01
5.092204e+13,5.141019e+01
1.531694e+13,4.999535e+00
1.439034e+14,5.351224e+01
2.920384e+14,5.423295e+01
2.074990e+13,7.895887e+01
1.331455e+13,7.899729e+01
2.488425e+13,2.492433e+01
3.187059e+14,8.000000e+01
5.204834e+13,7.899650e+01
1.986527e+13,7.897953e+01
1.518417e+13,7.899091e+01
2.384724e+15,8.000000e+01
2.384724e+15,8.000000e+01
7.940838e+13,7.201030e+01
3.525022e+13,3.489407e+01
1.988521e+13,7.897852e+01
4.943044e+13,3.951858e+01
2.822030e+14,6.143998e+01
2.289210e+14,5.621488e+01
1.920110e+13,4.999351e+00
2.342521e+13,4.999983e+00
5.629129e+13,3.735647e+01
2.378755e+13,2.498439e+01
2.807307e+13,7.898802e+01
5.280154e+13,4.576468e+01
1.536177e+13,4.999065e+00
2.747836e+13,2.912844e+01
2.300255e+14,8.000000e+01
2.300255e+14,8.000000e+01
1.052952e+15,8.000000e+01
2.691888e+15,7.189018e+01
1.827581e+13,7.898193e+01
3.150035e+13,3.135061e+01
1.154550e+14,4.726614e+01
4.440391e+14,8.000000e+01
4.440391e+14,8.000000e+01
1.742531e+13,4.913758e+01
2.748644e+14,6.546391e+01
2.675392e+13,2.882814e+01
1.359457e+14,8.000000e+01
1.095186e+14,5.195072e+01
1.229002e+13,7.899512e+01
1.739549e+13,7.899373e+01
1.467849e+13,7.895712e+01
9.385329e+13,5.000008e+00
9.385329e+13,8.000000e+01
1.439807e+15,8.000000e+01
1.439807e+15,8.000000e+01
1.439807e+15,8.000000e+01
8.944738e+13,3.695522e+01
1.574794e+13,7.894288e+01
2.556672e+13,2.816750e+01
1.698990e+15,8.000000e+01
1.869532e+13,2.300000e+01
3.229236e+13,7.898216e+01
9.886531e+13,4.672562e+01
1.275556e+14,6.660503e+01
8.636082e+13,3.873782e+01
3.045012e+13,2.744680e+01
2.166143e+13,7.899587e+01
3.160711e+13,3.309231e+01
6.083563e+14,8.000000e+01
1.348428e+14,8.000000e+01
2.799326e+13,2.696633e+01
3.167971e+13,3.411330e+01
2.373940e+13,7.899692e+01
5.187813e+13,3.597512e+01
1.494372e+14,8.000000e+01
1.494372e+14,8.000000e+01
2.402492e+13,2.252199e+01
5.630553e+13,2.282963e+01
4.200907e+13,3.903811e+01
8.912390e+13,4.041946e+01
2.390428e+13,7.895832e+01
1.001813e+14,4.077981e+01
6.577574e+13,4.834720e+01
1.721574e+13,7.897048e+01
5.539898e+13,4.186087e+01
5.625565e+14,8.000000e+01
4.668834e+14,8.000000e+01
1.012121e+14,4.468362e+01
1.634261e+14,5.147025e+01
4.544445e+13,4.354251e+01
1.204404e+14,5.705570e+01
2.163189e+13,7.896878e+01
2.613243e+13,7.899018e+01
1.475968e+13,7.899568e+01
2.533793e+13,7.924488e+01
2.793541e+13,2.906838e+01
1.423881e+13,7.898326e+01
1.587421e+13,7.899797e+01
2.402803e+13,4.999867e+00
1.506798e+13,7.899452e+01
3.138846e+13,2.744680e+01
1.555551e+14,5.471342e+01
2.812523e+13,7.898429e+01
8.524017e+13,7.903716e+01
8.524017e+13,7.903716e+01
4.774717e+13,4.984867e+01
5.726630e+13,5.855717e+01
5.726630e+13,5.855717e+01
8.731780e+13,2.895638e+01
1.529954e+13,7.898623e+01
1.066478e+13,7.899622e+01
1.876893e+13,4.999889e+00
3.161279e+13,7.899323e+01
1.527959e+13,7.899385e+01
1.247571e+13,7.883743e+01
4.613970e+13,7.899421e+01
3.402149e+13,3.381301e+01
1.770701e+13,7.899552e+01
1.614274e+13,7.898676e+01
2.607424e+13,2.582521e+01
7.728828e+13,6.101957e+01
2.719032e+13,2.930861e+01
2.185205e+13,7.888908e+01
1.090992e+14,7.231060e+01
1.090992e+14,7.231060e+01
3.513464e+15,8.000000e+01
1.742796e+13,7.896958e+01
2.193499e+13,7.898226e+01
1.736117e+14,4.954837e+01
3.969044e+13,3.399319e+01
7.650210e+13,3.939846e+01
1.208810e+13,7.898780e+01
1.390418e+13,7.899100e+01
1.590383e+13,7.897541e+01
1.696898e+13,7.898912e+01
4.871212e+13,4.059964e+01
4.757551e+13,3.501418e+01
7.585405e+13,3.921829e+01
5.296668e+13,4.456351e+01
2.659808e+13,7.899247e+01
1.103258e+14,5.123001e+01
2.876627e+13,7.899118e+01
2.853923e+14,8.000000e+01
2.853923e+14,8.000000e+01
6.331603e+13,5.273148e+01
6.627051e+13,3.963870e+01
8.547192e+13,4.186087e+01
3.319133e+13,3.141067e+01
1.024234e+14,8.000000e+01
2.478509e+13,2.606545e+01
1.601220e+13,7.908985e+01
1.659587e+13,7.899044e+01
4.999298e+13,7.899745e+01
1.947591e+13,7.899448e+01
2.430902e+14,6.480327e+01
2.990658e+13,7.899245e+01
3.764874e+13,4.023928e+01
1.269822e+14,7.249077e+01
3.619578e+13,7.898706e+01
3.112496e+14,8.000000e+01
5.317064e+13,7.910178e+01
5.317064e+13,5.165043e+01
1.204858e+13,7.899462e+01
4.870189e+13,4.324222e+01
8.386334e+13,4.936820e+01
1.989842e+14,6.047904e+01
1.629944e+15,8.000000e+01
2.972207e+13,2.672609e+01
3.752670e+14,2.885301e+01
3.606978e+13,3.201125e+01
4.123779e+13,3.453371e+01
3.148632e+13,7.899350e+01
3.525771e+14,8.000000e+01
1.240650e+13,7.899811e+01
1.052540e+15,8.000000e+01
1.052540e+15,8.000000e+01
4.293521e+14,7.849663e+01
3.882435e+13,3.032961e+01
5.632864e+13,4.732620e+01
1.236409e+13,7.899323e+01
9.008691e+14,8.000000e+01
1.277496e+14,4.510403e+01
4.444102e+13,3.897805e+01
3.141918e+13,4.999842e+00
1.179863e+14,7.813628e+01
2.637431e+13,7.897629e+01
1.911607e+14,8.000000e+01
1.736466e+13,7.889956e+01
1.373615e+13,4.495290e+01
3.886927e+13,3.393313e+01
4.050114e+14,8.000000e+01
4.148871e+14,7.891704e+01
1.846031e+14,8.000000e+01
1.127702e+15,8.000000e+01
2.044213e+13,7.899143e+01
3.160719e+15,6.402250e+01
1.258036e+14,7.008843e+01
1.865164e+13,7.899164e+01
1.155348e+14,8.000000e+01
1.155348e+14,8.000000e+01
4.397928e+13,4.204104e+01
3.582795e+13,3.423342e+01
2.570473e+14,8.000000e+01
1.086706e+15,8.000000e+01
1.086706e+15,8.000000e+01
1.086706e+15,8.000000e+01
1.798063e+13,7.899723e+01
3.875532e+13,7.895593e+01
2.826944e+13,7.899523e+01
1.412951e+13,7.899660e+01
2.984762e+14,8.000000e+01
3.943284e+15,8.000000e+01
1.208505e+13,7.899555e+01
1.251103e+14,5.879740e+01
4.138010e+13,4.180081e+01
5.727467e+13,7.509298e+01
8.167442e+14,8.000000e+01
7.912324e+13,5.483353e+01
2.021229e+13,7.899681e+01
5.942346e+13,4.450345e+01
2.084110e+13,2.468410e+01
2.571924e+14,8.000000e+01
2.571924e+14,8.000000e+01
9.209936e+13,8.000000e+01
9.209936e+13,7.899004e+01
1.262086e+13,2.900957e+01
8.011800e+13,5.807670e+01
3.079153e+13,4.546439e+01
4.987124e+15,8.000000e+01
4.987124e+15,8.000000e+01
4.987124e+15,8.000000e+01
2.019183e+13,7.899105e+01
1.795823e+15,8.000000e+01
1.795823e+15,8.000000e+01
5.105986e+13,5.000062e+00
5.105986e+13,4.999970e+00
1.525715e+13,7.899206e+01
1.683489e+13,7.899790e+01
8.438134e+13,4.414310e+01
2.629485e+14,6.318168e+01
9.477510e+12,7.899704e+01
2.006890e+13,7.898971e+01
1.383661e+13,7.899808e+01
1.103592e+14,5.195072e+01
1.414898e+13,7.899364e+01
1.316288e+14,6.396245e+01
1.839046e+13,7.899877e+01
1.219949e+13,1.899146e+01
3.945194e+14,8.000000e+01
3.945194e+14,8.000000e+01
3.945194e+14,8.000000e+01
5.930696e+13,6.654497e+01
8.445933e+14,8.000000e+01
4.039437e+14,8.000000e+01
5.169549e+13,4.318216e+01
7.882617e+13,5.795658e+01
1.934786e+13,7.899793e+01
1.165134e+14,6.366215e+01
1.303547e+14,6.642485e+01
2.709780e+14,6.107963e+01
6.520227e+13,3.807717e+01
1.000725e+14,4.876761e+01
1.373646e+13,7.507475e+01
7.600512e+13,5.645512e+01
6.681713e+13,4.618509e+01
2.205229e+14,8.000000e+01
1.401555e+13,7.899497e+01
3.084038e+13,2.846779e+01
1.552354e+14,8.000000e+01
5.681687e+14,7.387212e+01
5.964343e+13,7.525347e+01
5.964343e+13,4.999173e+00
8.150020e+13,6.041899e+01
1.245537e+14,4.504398e+01
9.064333e+13,5.903764e+01
9.064333e+13,5.903764e+01
1.096509e+13,7.897028e+01
2.624856e+13,7.898981e+01
8.207978e+13,7.899857e+01
8.207978e+13,7.899893e+01
1.575419e+14,8.000000e+01
1.575419e+14,8.000000e+01
7.943441e+13,7.801617e+01
7.943441e+13,6.115836e+01
9.847001e+15,8.000000e+01
1.579233e+14,5.579447e+01
1.573580e+13,7.891143e+01
9.556975e+12,7.899816e+01
4.009501e+13,3.999905e+01
9.975514e+13,8.000000e+01
9.975514e+13,8.000000e+01
5.234028e+13,4.695626e+01
5.234028e+13,7.918356e+01
2.184313e+13,7.899634e+01
5.182577e+14,8.000000e+01
5.182577e+14,8.000000e+01
5.182577e+14,8.000000e+01
2.962865e+13,2.642580e+01
2.067321e+13,7.899400e+01
5.904083e+13,3.813723e+01
2.542106e+13,7.899334e+01
1.627902e+14,8.000000e+01
1.038515e+13,7.888249e+01
1.257597e+13,7.899780e+01
1.313727e+14,4.480374e+01
1.090918e+14,8.000000e+01
1.090918e+14,8.000000e+01
1.090918e+14,8.000000e+01
3.428213e+13,2.864797e+01
3.652729e+14,8.000000e+01
1.189775e+14,6.666508e+01
1.938537e+13,7.899481e+01
1.055657e+16,8.000000e+01
1.055657e+16,8.000000e+01
1.711895e+13,7.898113e+01
3.110237e+13,3.471389e+01
1.653049e+13,7.898333e+01
5.514662e+13,3.549465e+01
1.198874e+14,4.840726e+01
2.044631e+13,7.897933e+01
1.186675e+13,7.899382e+01
3.047451e+14,8.000000e+01
3.888810e+13,3.471389e+01
4.526547e+13,3.933841e+01
2.909183e+13,7.898973e+01
3.878905e+13,4.270169e+01
1.105244e+13,7.899434e+01
1.455463e+13,7.898657e+01
2.733121e+13,7.899705e+01
1.887607e+13,7.899668e+01
3.145016e+13,7.899831e+01
1.202326e+13,7.899809e+01
9.557236e+13,7.753570e+01
9.557236e+13,7.753570e+01
5.159786e+13,3.729641e+01
2.194103e+13,7.899465e+01
3.754297e+13,5.285160e+01
1.736312e+14,7.987798e+01
2.359164e+13,7.899439e+01
1.305433e+13,7.899498e+01
1.254477e+14,7.777593e+01
4.235587e+13,7.899260e+01
5.366974e+13,3.639553e+01
5.129118e+13,5.411283e+01
3.799191e+13,4.252151e+01
9.464188e+13,4.426321e+01
4.433074e+13,7.899924e+01
4.433074e+13,7.899676e+01
9.966358e+13,8.000000e+01
3.403048e+13,2.996926e+01
3.754782e+13,2.701505e+01
1.074183e+14,8.000000e+01
1.846345e+14,8.000000e+01
2.171120e+13,7.899529e+01
1.456350e+13,7.899318e+01
6.749851e+13,6.672514e+01
5.209816e+13,4.978861e+01
5.209816e+13,5.000000e+00
2.559308e+14,8.000000e+01
8.979278e+12,7.899299e+01
1.451459e+13,7.899693e+01
4.481164e+14,2.500000e+01
1.414801e+13,7.914333e+01
2.974157e+13,7.894731e+01
2.165016e+14,7.092925e+01
2.398194e+13,2.816750e+01
4.492207e+15,8.000000e+01
3.701995e+13,3.201125e+01
2.184170e+13,7.896817e+01
2.339189e+13,7.899197e+01
2.189654e+13,7.899760e+01
2.253063e+13,7.899763e+01
9.632645e+14,8.000000e+01
9.632645e+14,8.000000e+01
6.536069e+13,3.843753e+01
2.188202e+14,5.207084e+01
1.509149e+13,7.899735e+01
3.239785e+13,3.225149e+01
1.150993e+13,5.000189e+00
2.800083e+13,2.882814e+01
1.682420e+14,6.210063e+01
2.981034e+13,2.978908e+01
2.947392e+13,7.899341e+01
4.261248e+13,7.899845e+01
1.323036e+13,7.899449e+01
3.119646e+13,3.261184e+01
2.249740e+13,7.898929e+01
2.864552e+13,3.056984e+01
2.007399e+13,7.899081e+01
8.029092e+14,6.786626e+01
1.401449e+13,7.899549e+01
2.975861e+14,8.000000e+01
3.684299e+13,4.083987e+01
5.492684e+13,4.822708e+01
1.541043e+14,8.000000e+01
1.541043e+14,8.000000e+01
1.897807e+13,7.889450e+01
4.989357e+13,3.639553e+01
2.308731e+15,8.000000e+01
2.308731e+15,8.000000e+01
2.212877e+14,8.000000e+01
2.212877e+14,8.000000e+01
2.185531e+13,7.186780e+01
1.771799e+13,7.891916e+01
2.297739e+13,7.899825e+01
4.696836e+15,8.000000e+01
1.758233e+13,7.898910e+01
1.027233e+14,6.582426e+01
3.258974e+14,5.615482e+01
1.137542e+14,8.000000e+01
2.627355e+13,7.899437e+01
5.003809e+16,8.000000e+01
3.517942e+13,3.723635e+01
2.641265e+14,8.000000e+01
2.641265e+14,8.000000e+01
2.628709e+14,5.645512e+01
1.742260e+13,7.899538e+01
3.832760e+13,5.000169e+00
9.066900e+13,4.552444e+01
2.373211e+14,6.624467e+01
2.068521e+13,7.899385e+01
4.555623e+13,4.390286e+01
4.660664e+13,3.489407e+01
5.600540e+13,4.186087e+01
1.925366e+13,7.899411e+01
1.099413e+14,4.540433e+01
1.854579e+15,8.000000e+01
1.854579e+15,8.000000e+01
3.141079e+13,2.960891e+01
7.759228e+13,4.972855e+01
6.928638e+13,4.570462e+01
1.826240e+14,5.765629e+01
1.628149e+13,7.899625e+01
5.742453e+13,6.071928e+01
1.375631e+14,5.237113e+01
7.282856e+13,7.945417e+01
7.282856e+13,8.000000e+01
6.170356e+13,4.354251e+01
2.357743e+13,7.923800e+01
2.501763e+13,7.889065e+01
2.214711e+15,8.000000e+01
6.800923e+13,7.899177e+01
4.434982e+13,3.543459e+01
4.889843e+13,4.174075e+01
3.532352e+13,3.915823e+01
1.262051e+14,5.753617e+01
6.056809e+13,5.393265e+01
1.271374e+13,3.502930e+01
1.420302e+14,7.899376e+01
1.420302e+14,8.000000e+01
7.837147e+13,8.000000e+01
7.837147e+13,8.000000e+01
1.341402e+14,7.513335e+01
2.458639e+13,7.897763e+01
1.179965e+14,8.000000e+01
2.474228e+13,7.898979e+01
2.929540e+13,3.075002e+01
1.541787e+13,7.899601e+01
1.109078e+14,6.089945e+01
1.146315e+13,7.899565e+01
9.468660e+13,6.011869e+01
2.162768e+13,7.898849e+01
6.829648e+13,5.068949e+01
6.654842e+13,7.465288e+01
6.965784e+13,4.954837e+01
3.502998e+14,8.000000e+01
6.541312e+13,4.300198e+01
3.346264e+14,7.273101e+01
1.707670e+13,7.896838e+01
5.124512e+13,4.378274e+01
3.476847e+18,8.000000e+01
2.146146e+13,7.899512e+01
4.152656e+13,7.899859e+01
4.152656e+13,7.899804e+01
1.322856e+14,7.909722e+01
4.446912e+13,4.342239e+01
3.248539e+14,8.000000e+01
2.851554e+14,8.000000e+01
9.347858e+12,7.899360e+01
2.384296e+13,7.899762e+01
3.834450e+14,6.900737e+01
4.851902e+13,3.615530e+01
7.390934e+13,5.273148e+01
3.366146e+13,7.899440e+01
1.890605e+14,8.000000e+01
1.706420e+13,7.897051e+01
1.357283e+15,8.000000e+01
5.596791e+13,4.786673e+01
7.447093e+13,4.444339e+01
9.750961e+13,6.083940e+01
2.131493e+14,8.000000e+01
1.878175e+13,7.899414e+01
1.766919e+13,7.899722e+01
4.483831e+13,4.534427e+01
3.125119e+13,3.327248e+01
3.408179e+13,2.828762e+01
1.228606e+13,7.899511e+01
1.529749e+15,8.000000e+01
1.529749e+15,8.000000e+01
2.424963e+14,8.000000e+01
2.424963e+14,8.000000e+01
6.916327e+14,8.000000e+01
6.916327e+14,8.000000e+01
7.615884e+18,8.000000e+01
7.615884e+18,8.000000e+01
7.615884e+18,8.000000e+01
9.640004e+13,5.777641e+01
1.725150e+13,7.899025e+01
3.938681e+13,7.898958e+01
1.793494e+13,7.899706e+01
8.318664e+13,4.696585e+01
3.690510e+13,4.005911e+01
2.234172e+13,7.898033e+01
1.729554e+14,6.300151e+01
1.145561e+14,5.585453e+01
3.005375e+13,7.929234e+01
7.812411e+13,4.816702e+01
3.447843e+13,7.898807e+01
4.039750e+13,3.081008e+01
1.281907e+13,7.897829e+01
3.128915e+13,7.899713e+01
1.455408e+14,7.495318e+01
1.880999e+14,5.789652e+01
1.014772e+14,5.939799e+01
6.125989e+13,5.225101e+01
5.956164e+14,8.000000e+01
5.956164e+14,8.000000e+01
2.443487e+13,7.896094e+01
1.530547e+14,7.861675e+01
1.572394e+13,7.899848e+01
3.188973e+16,8.000000e+01
3.188973e+16,8.000000e+01
6.342478e+13,4.456351e+01
2.744512e+13,2.984914e+01
7.360070e+13,7.899677e+01
7.360070e+13,7.899683e+01
1.602125e+13,4.999562e+00
1.515964e+14,8.000000e+01
1.515964e+14,8.000000e+01
1.429610e+13,7.899729e+01
5.546698e+13,7.937109e+01
7.906821e+13,4.204104e+01
1.072994e+14,8.000000e+01
1.072994e+14,8.000000e+01
1.660510e+13,7.896004e+01
1.673496e+14,8.000000e+01
1.673496e+14,8.000000e+01
3.737760e+13,2.990920e+01
9.004278e+13,4.228128e+01
6.898201e+13,6.438286e+01
1.762644e+13,7.899263e+01
1.058719e+14,5.459330e+01
1.485403e+14,8.000000e+01
1.127332e+14,8.000000e+01
1.127332e+14,8.000000e+01
6.089034e+13,5.309183e+01
4.252376e+13,3.675588e+01
1.618724e+13,7.899518e+01
1.504445e+13,7.899442e+01
3.081480e+13,2.726662e+01
1.288836e+13,7.897630e+01
2.318243e+13,7.893395e+01
3.598064e+14,8.000000e+01
3.501975e+20,8.000000e+01
3.501975e+20,8.000000e+01
3.501975e+20,8.000000e+01
3.501975e+20,8.000000e+01
3.501975e+20,8.000000e+01
3.501975e+20,8.000000e+01
3.501975e+20,8.000000e+01
3.501975e+20,8.000000e+01
3.079206e+13,7.129611e+01
5.299779e+13,3.951858e+01
2.818026e+13,7.899548e+01
2.818026e+13,7.899668e+01
2.667476e+13,7.899522e+01
2.434792e+13,4.999543e+00
4.266272e+13,2.960891e+01
3.717077e+13,3.201125e+01
2.674911e+13,3.068996e+01
1.904208e+14,6.522368e+01
6.861784e+13,5.219095e+01
6.759675e+13,4.366263e+01
4.794712e+13,5.321195e+01
1.426302e+14,7.399224e+01
1.000649e+14,8.000000e+01
1.000649e+14,8.000000e+01
2.697065e+14,8.000000e+01
2.084332e+13,7.889971e+01
1.298490e+13,7.899011e+01
1.382690e+13,7.898847e+01
1.925209e+13,7.899468e+01
1.448368e+13,7.046136e+01
6.645427e+13,5.669535e+01
1.665528e+14,7.327153e+01
4.083893e+13,3.345266e+01
9.907859e+14,8.000000e+01
2.032931e+15,8.000000e+01
2.657629e+15,7.885699e+01
7.598327e+16,8.000000e+01
3.251885e+13,2.744680e+01
1.703521e+13,7.898969e+01
4.245301e+13,3.903811e+01
2.124406e+14,8.000000e+01
1.616481e+13,7.899060e+01
1.169203e+14,5.339213e+01
8.835807e+18,8.000000e+01
1.243695e+14,7.705523e+01
1.465370e+13,7.898204e+01
3.033151e+13,7.899423e+01
5.289368e+13,3.909817e+01
8.298436e+13,6.077934e+01
4.012699e+13,4.108011e+01
1.577588e+14,3.339260e+01
1.499197e+13,7.898325e+01
4.491204e+13,3.237160e+01
2.244532e+13,2.486427e+01
2.146384e+14,8.000000e+01
1.588728e+13,7.898569e+01
2.495891e+14,6.666508e+01
6.951967e+13,5.345218e+01
6.234573e+13,5.243119e+01
3.095496e+13,2.996926e+01
1.665557e+13,7.899179e+01
1.383471e+13,7.899785e+01
1.873812e+13,7.899714e+01
1.219630e+13,4.999427e+00
2.851510e+13,7.898051e+01
1.126206e+14,7.092925e+01
1.620798e+13,7.899421e+01
1.612903e+15,8.000000e+01
7.409659e+13,5.020902e+01
3.430472e+14,8.000000e+01
3.430472e+14,8.000000e+01
8.308843e+13,8.000000e+01
2.168290e+13,7.899655e+01
5.099482e+13,4.210110e+01
2.899408e+13,2.924855e+01
2.104799e+15,8.000000e+01
2.318839e+14,5.807670e+01
7.045704e+13,5.585453e+01
3.577916e+13,3.597512e+01
1.054957e+14,5.447318e+01
3.829730e+13,4.180081e+01
1.092015e+13,4.999623e+00
2.023760e+13,7.898777e+01
7.657699e+13,7.699517e+01
7.224107e+13,3.969876e+01
5.763545e+13,4.780667e+01
9.169946e+13,4.462357e+01
8.950175e+13,6.906743e+01
2.697841e+13,7.898616e+01
2.501725e+13,7.890370e+01
3.549347e+13,3.189113e+01
2.228392e+13,7.898976e+01
1.874673e+13,7.899337e+01
2.474190e+13,7.935728e+01
8.685875e+13,4.792679e+01
3.215337e+14,8.000000e+01
4.982940e+13,4.504398e+01
1.256500e+14,5.471342e+01
5.303789e+14,8.000000e+01
3.085414e+14,8.000000e+01
1.992452e+14,8.000000e+01
1.992452e+14,8.000000e+01
1.992452e+14,8.000000e+01
1.476290e+13,7.899869e+01
5.175110e+13,4.999796e+00
3.049005e+13,2.702639e+01
1.006799e+14,4.978861e+01
2.055301e+13,7.898934e+01
9.321169e+13,8.000000e+01
4.965938e+13,3.639553e+01
3.277940e+14,8.000000e+01
3.764610e+13,4.041946e+01
1.915292e+14,6.438286e+01
3.809373e+13,2.298539e+01
3.402330e+13,7.465842e+01
5.138515e+18,8.000000e+01
1.624087e+13,7.899842e+01
3.039768e+13,3.002932e+01
1.001705e+15,7.177007e+01
2.209384e+13,7.899586e+01
6.264483e+13,4.999614e+00
2.570420e+13,7.897704e+01
7.324954e+14,7.735552e+01
2.510913e+13,2.756691e+01
7.890009e+13,7.899585e+01
7.890009e+13,7.899304e+01
1.718334e+13,7.899616e+01
8.586467e+13,4.378274e+01
1.431318e+13,7.898198e+01
1.156996e+13,7.899766e+01
7.794467e+14,8.000000e+01
2.482142e+13,2.780715e+01
4.095807e+14,8.000000e+01
4.095807e+14,8.000000e+01
4.095807e+14,8.000000e+01
5.875589e+13,2.300000e+01
3.043256e+13,7.899532e+01
1.032014e+14,8.000000e+01
4.037691e+13,3.309231e+01
3.405661e+13,3.333254e+01
1.020459e+14,5.050931e+01
2.058360e+13,7.899423e+01
1.991536e+13,5.000038e+00
3.108729e+13,4.999400e+00
1.635622e+13,7.899230e+01
5.745383e+13,6.119975e+01
1.035505e+13,7.899678e+01
1.668544e+13,7.898057e+01
1.335491e+13,7.899054e+01
2.120828e+13,7.899103e+01
2.559868e+13,7.899775e+01
2.124996e+14,5.933793e+01
1.230838e+15,7.273101e+01
2.781696e+13,2.870803e+01
2.450572e+13,7.899749e+01
4.144612e+13,3.183108e+01
2.752144e+13,2.966897e+01
3.504250e+13,4.354251e+01
2.078436e+13,2.366310e+01
5.486993e+13,4.882767e+01
4.786471e+13,4.999897e+00
1.449874e+14,8.000000e+01
8.097393e+13,4.636527e+01
1.305153e+14,7.303130e+01
1.420302e+14,8.000000e+01
6.713064e+14,8.000000e+01
4.836125e+13,4.942826e+01
1.425921e+13,7.898315e+01
3.092872e+13,4.741029e+01
9.478269e+13,7.898045e+01
2.379023e+13,7.899251e+01
6.503544e+13,3.495412e+01
6.518961e+14,7.795611e+01
4.946738e+13,4.780667e+01
1.624915e+14,4.870755e+01
2.959294e+13,2.822756e+01
5.347305e+13,7.898746e+01
8.213074e+13,5.861723e+01
8.213074e+13,5.861723e+01
5.346342e+13,7.898373e+01
5.346342e+13,5.000006e+00
3.368006e+15,8.000000e+01
3.368006e+15,8.000000e+01
7.060605e+13,3.993899e+01
1.046670e+14,5.399271e+01
5.310025e+13,7.899269e+01
5.310025e+13,4.522415e+01
1.135804e+14,4.498392e+01
1.260923e+13,7.899396e+01
5.889151e+13,3.627541e+01
1.043368e+14,8.000000e+01
1.268369e+13,7.899845e+01
2.432505e+13,7.899397e+01
1.553156e+13,4.999971e+00
2.462352e+13,4.999704e+00
1.506108e+13,7.899731e+01
1.263395e+13,7.899763e+01
1.833999e+13,7.899841e+01
1.479652e+14,8.000000e+01
2.843760e+13,7.897374e+01
2.442392e+14,8.000000e+01
1.192263e+16,7.531353e+01
4.741668e+13,7.899299e+01
4.741668e+13,7.899758e+01
4.540929e+14,7.669488e+01
3.050216e+13,7.888778e+01
4.364186e+16,8.000000e+01
4.364186e+16,8.000000e+01
2.196306e+15,8.000000e+01
3.292389e+13,7.899797e+01
1.473476e+14,5.687553e+01
5.634965e+13,6.720561e+01
3.490234e+13,5.981785e+01
3.184469e+13,3.207131e+01
4.814047e+13,3.939846e+01
4.036560e+13,7.899469e+01
2.790642e+13,2.648586e+01
7.285104e+13,4.999855e+00
7.792660e+13,4.299215e+01
6.133635e+13,4.450345e+01
3.269000e+13,2.852785e+01
1.454098e+13,7.899593e+01
1.611342e+14,6.852690e+01
3.840558e+13,7.898814e+01
3.471539e+14,8.000000e+01
3.471539e+14,8.000000e+01
3.206343e+14,8.000000e+01
4.480583e+13,2.100000e+01
8.337706e+13,5.543412e+01
1.282127e+13,7.899507e+01
1.682937e+13,7.898387e+01
1.899342e+14,5.471342e+01
1.670693e+13,7.096262e+01
4.729816e+13,3.795706e+01
2.274339e+13,7.897502e+01
4.118510e+13,3.513430e+01
1.721035e+13,7.889455e+01
6.616022e+13,3.699612e+01
4.443456e+13,3.897805e+01
1.066813e+14,4.864749e+01
1.586365e+13,7.899303e+01
1.380719e+13,7.899715e+01
3.220075e+13,2.876809e+01
2.389559e+13,2.558498e+01
5.648805e+13,3.735647e+01
1.412561e+14,8.000000e+01
1.593571e+14,8.000000e+01
1.593571e+14,8.000000e+01
1.297219e+13,7.898941e+01
4.695019e+13,4.654544e+01
9.339917e+12,7.899800e+01
3.014982e+13,3.062990e+01
2.781384e+13,2.966897e+01
2.499060e+13,7.897348e+01
3.278472e+14,8.000000e+01
3.278472e+14,8.000000e+01
1.876740e+14,6.546391e+01
1.258084e+13,7.899769e+01
9.902259e+12,7.898202e+01
1.288800e+13,7.897582e+01
2.969946e+13,2.984914e+01
2.365405e+13,7.898617e+01
6.594801e+13,7.020854e+01
1.020615e+14,3.703896e+01
9.159816e+13,7.940313e+01
9.159816e+13,8.000000e+01
2.108124e+13,7.883993e+01
4.844458e+13,3.813723e+01
3.337480e+13,3.399319e+01
6.749139e+13,3.627541e+01
2.885833e+13,6.301227e+01
3.736351e+13,3.363284e+01
1.465531e+14,8.000000e+01
1.465531e+14,8.000000e+01
1.777063e+13,7.898984e+01
3.451099e+13,7.898566e+01
1.808042e+13,7.897629e+01
2.448652e+13,7.898331e+01
1.395833e+13,7.899281e+01
1.419791e+13,5.488816e+01
1.024709e+14,5.825687e+01
4.139887e+14,8.000000e+01
4.139887e+14,8.000000e+01
1.749108e+13,7.899121e+01
3.145014e+13,2.954885e+01
2.169034e+13,7.899695e+01
2.373149e+13,3.499656e+01
2.789623e+13,4.998164e+00
4.027481e+13,4.216116e+01
2.175890e+15,8.000000e+01
1.052893e+14,8.000000e+01
1.052893e+14,8.000000e+01
1.259725e+13,7.897124e+01
1.667926e+13,7.899081e+01
2.813549e+13,2.678615e+01
2.816575e+14,8.000000e+01
2.816575e+14,8.000000e+01
1.223814e+14,6.876714e+01
2.534152e+13,3.068996e+01
1.152621e+14,2.690017e+01
8.111987e+13,8.000000e+01
8.111987e+13,4.999129e+00
1.330971e+14,6.324174e+01
5.812806e+13,3.687600e+01
1.304154e+13,7.899463e+01
9.619527e+12,7.899824e+01
1.901059e+13,7.893812e+01
2.691024e+13,3.014943e+01
1.524373e+13,7.898538e+01
1.744843e+13,7.898790e+01
2.828442e+14,8.000000e+01
1.842576e+14,8.000000e+01
2.993934e+13,3.225149e+01
1.406895e+13,7.898770e+01
3.704965e+13,7.900099e+01
3.704965e+13,4.690579e+01
3.983769e+13,3.093020e+01
6.718171e+13,4.306204e+01
1.162375e+13,7.899778e+01
6.109558e+13,4.498392e+01
1.120314e+13,7.899557e+01
1.427796e+13,7.899706e+01
4.162487e+13,3.267190e+01
2.566458e+15,8.000000e+01
2.566458e+15,8.000000e+01
1.277449e+14,8.000000e+01
3.075191e+14,7.086919e+01
3.401888e+13,3.171096e+01
9.778836e+13,4.660550e+01
2.596590e+13,7.895076e+01
5.156670e+13,4.156057e+01
3.328520e+13,3.038967e+01
5.533151e+13,5.141019e+01
1.459337e+13,7.898675e+01
5.383451e+13,5.044925e+01
5.383451e+13,5.044925e+01
3.061997e+13,2.984914e+01
3.021259e+13,3.002932e+01
9.796258e+12,7.899777e+01
6.827088e+13,4.089993e+01
2.055893e+13,4.999765e+00
2.283286e+14,7.969781e+01
2.283286e+14,7.969781e+01
3.005344e+14,8.000000e+01
3.005344e+14,8.000000e+01
1.038418e+13,7.898747e+01
5.983161e+13,4.023928e+01
2.491753e+13,7.899103e+01
1.252211e+14,8.000000e+01
3.486953e+15,8.000000e+01
3.486953e+15,8.000000e+01
4.207154e+14,8.000000e+01
1.572842e+14,6.864702e+01
9.635424e+13,8.000000e+01
9.635424e+13,8.000000e+01
2.349927e+13,7.899168e+01
1.179855e+15,7.321147e+01
7.297132e+13,8.000000e+01
2.649164e+13,5.000045e+00
3.408658e+13,7.892091e+01
9.737196e+13,5.729594e+01
8.164338e+14,8.000000e+01
1.433522e+13,5.000214e+00
5.000708e+13,3.501418e+01
2.122593e+14,8.000000e+01
4.689094e+13,3.513430e+01
4.153688e+13,3.585500e+01
2.275905e+14,8.000000e+01
2.275905e+14,8.000000e+01
3.672860e+14,6.204057e+01
1.425916e+13,7.899334e+01
7.350088e+13,5.417289e+01
1.984879e+14,6.756596e+01
1.195543e+13,7.898427e+01
2.297542e+13,4.999956e+00
6.735795e+14,8.000000e+01
2.158210e+13,7.899594e+01
3.360024e+13,5.000000e+00
1.736225e+13,7.896450e+01
3.548726e+13,7.897248e+01
8.603914e+13,4.630521e+01
1.962267e+13,7.899472e+01
3.349574e+13,7.899596e+01
1.131142e+15,4.260999e+01
3.762086e+13,7.893963e+01
6.632905e+13,6.300151e+01
6.632905e+13,6.300151e+01
5.563156e+13,3.225149e+01
2.356639e+13,7.889592e+01
6.061210e+13,7.899813e+01
3.615274e+13,3.087014e+01
4.614844e+13,3.267190e+01
1.180969e+13,7.899759e+01
1.302398e+14,7.291118e+01
2.460040e+13,7.896073e+01
5.302485e+13,4.114016e+01
9.739588e+13,5.273148e+01
5.528826e+13,4.005911e+01
2.193272e+13,7.898131e+01
3.171156e+13,2.930861e+01
5.542032e+13,6.366215e+01
2.670875e+13,7.899045e+01
3.682726e+13,3.219143e+01
2.135588e+13,7.898180e+01
1.099428e+14,2.897740e+01
4.177645e+13,3.075002e+01
7.004776e+13,7.899712e+01
7.004776e+13,7.669488e+01
3.383043e+13,4.204104e+01
1.484461e+13,7.899447e+01
3.440447e+13,3.465383e+01
1.260793e+14,4.726614e+01
7.551126e+13,4.114016e+01
2.774368e+13,7.897193e+01
1.200035e+13,7.597306e+01
1.099852e+13,7.898716e+01
1.425697e+14,7.537359e+01
6.345729e+13,5.032914e+01
2.461785e+13,2.714650e+01
1.112595e+13,7.899842e+01
4.954323e+13,3.543459e+01
4.086142e+13,7.899427e+01
7.911555e+13,6.288139e+01
5.204343e+14,8.000000e+01
5.204343e+14,8.000000e+01
5.207035e+13,5.843705e+01
4.223152e+13,3.723635e+01
2.390643e+14,8.000000e+01
2.390643e+14,8.000000e+01
1.043474e+14,5.621488e+01
5.655104e+14,8.000000e+01
5.655104e+14,8.000000e+01
1.195817e+14,8.000000e+01
1.195817e+14,8.000000e+01
3.597467e+13,7.899071e+01
1.602663e+14,6.035893e+01
4.404043e+14,6.546391e+01
3.698835e+13,3.285207e+01
5.324378e+13,4.138040e+01
5.826845e+13,5.339213e+01
2.381614e+13,7.892187e+01
9.871791e+14,8.000000e+01
2.270745e+14,6.834673e+01
5.149398e+14,8.000000e+01
5.149398e+14,8.000000e+01
5.149398e+14,8.000000e+01
3.524349e+13,3.405325e+01
5.192314e+13,5.429301e+01
1.866497e+14,5.933793e+01
1.504998e+13,7.897986e+01
1.269114e+13,7.899424e+01
1.098583e+13,7.910419e+01
2.959457e+14,8.000000e+01
1.262544e+14,7.363189e+01
1.262544e+14,7.363189e+01
9.494203e+13,4.612503e+01
4.514977e+13,3.561477e+01
4.763439e+14,7.633452e+01
2.625922e+13,7.899108e+01
2.371020e+14,8.000000e+01
2.371020e+14,8.000000e+01
2.371020e+14,8.000000e+01
1.276491e+13,7.898897e+01
1.080070e+13,7.899633e+01
8.002233e+13,4.270169e+01
3.590448e+13,3.087014e+01
1.103995e+13,7.899644e+01
1.204426e+13,7.899818e+01
2.631434e+13,3.044973e+01
3.417563e+13,7.897429e+01
3.267607e+15,8.000000e+01
6.004460e+13,4.798685e+01
2.486173e+14,7.813628e+01
3.989363e+13,4.360257e+01
1.479145e+14,7.255083e+01
1.012128e+14,4.204104e+01
1.163677e+14,5.615482e+01
5.625491e+13,5.699564e+01
1.367039e+13,7.899318e+01
8.468550e+13,5.321195e+01
4.484718e+13,3.393313e+01
1.079742e+15,8.000000e+01
3.479119e+14,8.000000e+01
9.192508e+13,4.204104e+01
1.643373e+13,7.899573e+01
1.149199e+15,8.000000e+01
1.149199e+15,8.000000e+01
1.036956e+13,7.897606e+01
1.406656e+15,8.000000e+01
3.259795e+13,7.899630e+01
4.183810e+13,4.444339e+01
1.477463e+14,8.000000e+01
1.162807e+13,7.899859e+01
1.817484e+13,7.898241e+01
1.273298e+13,7.899531e+01
3.156126e+13,3.273196e+01
4.671446e+13,7.869378e+01
4.671446e+13,5.000122e+00
1.973469e+13,7.898522e+01
1.232064e+14,7.477300e+01
2.085244e+13,7.898650e+01
7.277600e+15,8.000000e+01
7.277600e+15,8.000000e+01
8.517796e+14,8.000000e+01
3.098888e+13,2.858791e+01
1.502714e+13,7.899165e+01
1.727703e+13,7.898994e+01
1.292401e+14,6.576420e+01
7.980871e+13,3.999905e+01
3.014931e+13,2.708644e+01
2.022901e+14,8.000000e+01
2.022901e+14,8.000000e+01
4.361623e+13,4.630521e+01
1.439243e+13,7.899534e+01
1.516771e+13,6.507151e+01
3.522958e+14,8.000000e+01
1.842451e+14,7.651470e+01
2.982389e+14,8.000000e+01
6.263302e+13,5.945805e+01
3.142133e+13,2.804738e+01
1.144769e+13,7.899209e+01
4.034838e+13,2.497686e+01
1.053447e+13,7.899810e+01
8.418682e+18,8.000000e+01
8.418682e+18,8.000000e+01
8.418682e+18,8.000000e+01
8.418682e+18,8.000000e+01
8.418682e+18,8.000000e+01
8.418682e+18,8.000000e+01
8.418682e+18,8.000000e+01
1.635542e+13,7.869439e+01
9.024249e+13,4.552444e+01
1.834138e+14,5.315189e+01
3.021951e+13,3.062990e+01
4.216725e+15,8.000000e+01
2.918347e+13,7.899375e+01
8.915547e+14,8.000000e+01
8.915547e+14,8.000000e+01
7.003538e+13,5.086966e+01
2.611566e+13,7.897865e+01
1.587998e+13,7.899502e+01
4.137907e+13,7.899693e+01
1.131458e+13,7.910357e+01
4.620285e+13,3.549465e+01
1.317471e+13,7.899307e+01
5.161584e+13,5.000001e+00
5.161584e+13,7.899528e+01
2.485047e+13,7.923164e+01
5.072907e+14,7.933746e+01
3.013832e+13,2.600539e+01
3.246668e+13,2.750685e+01
7.177097e+13,4.612503e+01
6.624016e+13,4.720609e+01
2.101362e+14,6.666508e+01
5.493190e+15,8.000000e+01
5.790568e+13,4.041946e+01
2.873701e+13,3.020949e+01
1.723685e+14,8.000000e+01
8.897518e+13,7.345171e+01
8.897518e+13,7.345171e+01
3.375389e+13,7.892634e+01
2.877974e+13,7.889473e+01
4.015856e+13,4.228128e+01
1.235951e+16,8.000000e+01
1.235951e+16,8.000000e+01
2.939359e+13,7.899419e+01
1.185023e+13,7.897095e+01
8.586917e+13,7.899600e+01
1.479945e+14,5.597465e+01
3.070875e+13,3.279201e+01
1.246723e+14,8.000000e+01
1.530481e+14,5.405277e+01
9.007679e+13,7.687505e+01
1.896698e+13,7.899370e+01
2.230360e+14,6.828667e+01
5.211340e+13,3.698879e+01
1.274685e+14,8.000000e+01
6.242168e+13,7.231060e+01
3.148570e+13,3.609524e+01
4.802653e+13,7.328101e+01
4.802653e+13,7.930172e+01
6.169548e+13,3.321242e+01
1.804499e+13,7.893820e+01
3.447649e+13,3.243166e+01
1.936736e+13,7.899598e+01
4.105514e+13,3.171096e+01
1.345389e+13,7.899057e+01
1.632072e+13,7.899132e+01
1.555826e+13,7.899485e+01
5.760518e+13,5.014896e+01
1.901390e+13,4.999177e+00
4.400144e+13,3.507424e+01
4.487900e+13,3.231155e+01
3.366139e+13,3.189113e+01
4.773403e+13,3.567483e+01
1.149898e+13,7.899141e+01
7.652182e+13,7.895864e+01
1.461646e+13,7.899505e+01
3.021216e+13,3.062990e+01
5.887469e+13,6.156010e+01
3.045379e+13,7.899178e+01
1.262376e+14,8.000000e+01
3.083198e+15,8.000000e+01
1.214793e+14,8.000000e+01
1.214793e+14,8.000000e+01
2.625873e+13,2.714650e+01
1.624546e+13,7.899313e+01
1.975086e+13,7.923611e+01
1.615062e+14,6.324174e+01
2.196618e+14,8.000000e+01
2.196618e+14,8.000000e+01
3.483929e+14,8.000000e+01
3.483929e+14,8.000000e+01
3.483929e+14,8.000000e+01
3.483929e+14,8.000000e+01
4.135750e+13,3.573489e+01
2.254059e+13,7.898649e+01
1.326824e+14,7.573394e+01
1.361520e+14,5.639506e+01
1.260112e+14,4.696585e+01
6.063232e+13,4.126028e+01
9.933084e+12,7.899745e+01
9.974552e+12,1.699346e+01
1.307684e+13,7.906485e+01
2.235406e+14,7.861675e+01
2.235406e+14,7.861675e+01
1.839069e+13,7.898545e+01
7.957040e+13,5.675541e+01
1.905170e+14,8.000000e+01
1.905170e+14,8.000000e+01
1.905170e+14,8.000000e+01
1.043045e+14,5.903764e+01
3.044371e+14,8.000000e+01
1.512686e+13,7.898146e+01
3.284610e+13,4.501799e+01
1.392145e+14,8.000000e+01
4.779454e+13,4.999464e+00
9.497494e+13,7.297124e+01
9.099805e+13,4.999983e+00
9.099805e+13,5.000026e+00
1.618160e+15,8.000000e+01
1.089220e+13,7.899651e+01
3.130451e+13,3.585500e+01
3.414840e+13,3.573489e+01
2.739810e+13,7.892438e+01
2.211176e+14,8.000000e+01
5.057844e+13,5.591459e+01
2.990988e+13,4.999913e+00
3.613683e+13,3.231155e+01
2.546009e+13,2.474416e+01
3.865278e+13,7.896759e+01
3.865278e+13,5.000034e+00
1.278068e+13,7.899684e+01
6.096256e+13,5.219095e+01
8.796566e+14,2.981560e+01
1.365795e+14,7.285112e+01
1.365795e+14,7.285112e+01
9.212771e+15,8.000000e+01
4.455268e+14,8.000000e+01
4.455268e+14,8.000000e+01
3.409877e+13,3.801712e+01
1.677971e+13,7.899401e+01
1.166959e+14,8.000000e+01
3.335218e+13,2.299085e+01
1.635881e+13,7.898902e+01
3.138555e+13,3.038967e+01
5.882272e+13,3.975882e+01
5.258539e+13,7.898714e+01
5.258539e+13,7.897693e+01
2.448418e+14,6.816655e+01
9.585021e+13,8.000000e+01
9.585021e+13,8.000000e+01
1.090638e+13,7.899504e+01
1.652801e+13,7.898832e+01
6.252919e+13,6.342192e+01
1.838299e+13,7.899569e+01
9.657869e+13,4.330228e+01
2.284546e+13,7.899690e+01
6.960681e+13,6.426274e+01
1.298003e+13,7.899331e+01
3.199884e+13,3.945852e+01
4.763981e+14,8.000000e+01
8.812560e+13,4.288186e+01
1.106321e+15,8.000000e+01
1.106321e+15,8.000000e+01
5.107125e+13,7.899760e+01
3.024314e+13,7.897937e+01
3.499868e+13,3.225149e+01
5.344471e+13,3.279201e+01
3.519234e+14,8.000000e+01
7.459280e+13,4.522415e+01
5.933385e+13,7.687505e+01
5.933385e+13,4.999484e+00
5.773413e+13,5.663529e+01
7.040600e+13,4.480374e+01
1.342377e+14,4.840726e+01
3.167538e+13,3.075002e+01
9.417597e+13,6.216069e+01
1.300590e+13,7.899741e+01
1.422228e+14,8.000000e+01
1.422228e+14,8.000000e+01
3.284280e+13,7.886416e+01
5.056014e+16,8.000000e+01
5.056014e+16,8.000000e+01
3.817475e+13,7.896310e+01
3.817475e+13,5.000010e+00
1.364730e+13,7.899272e+01
5.470949e+13,5.000012e+00
5.470949e+13,5.873734e+01
1.130105e+14,6.660503e+01
1.896601e+13,7.897307e+01
3.085579e+14,8.000000e+01
3.085579e+14,8.000000e+01
2.132165e+14,4.888773e+01
2.003848e+13,7.899310e+01
2.322548e+13,5.097499e+01
1.576920e+14,5.909770e+01
7.582056e+13,7.899815e+01
7.582056e+13,8.000000e+01
7.169935e+13,5.050931e+01
1.320304e+14,5.627494e+01
8.919358e+13,4.564456e+01
1.833771e+13,7.895170e+01
4.718852e+13,5.135013e+01
1.038445e+13,7.899490e+01
1.219727e+14,4.894779e+01
3.161793e+13,7.897783e+01
9.420563e+13,4.660550e+01
3.889575e+13,7.897721e+01
4.205265e+13,2.324269e+01
7.470054e+13,4.648538e+01
1.415828e+13,7.899042e+01
1.445650e+13,7.899299e+01
4.919571e+14,5.927787e+01
4.780277e+13,4.486380e+01
2.330107e+14,8.000000e+01
2.330107e+14,8.000000e+01
5.155028e+14,8.000000e+01
6.876709e+13,4.276175e+01
1.384531e+14,7.417241e+01
3.474493e+13,3.201125e+01
5.102883e+13,3.597512e+01
8.902847e+13,5.207084e+01
2.767245e+13,2.894826e+01
2.148141e+13,7.899799e+01
5.596165e+13,4.996878e+01
1.122449e+14,8.000000e+01
1.122449e+14,8.000000e+01
1.280681e+13,7.894501e+01
3.041430e+13,2.966897e+01
2.344013e+13,2.534474e+01
1.264184e+14,8.000000e+01
1.264184e+14,8.000000e+01
2.078289e+13,7.897973e+01
7.927355e+14,8.000000e+01
7.927355e+14,8.000000e+01
1.613140e+13,7.896951e+01
7.094692e+13,4.077981e+01
1.321631e+13,7.899193e+01
6.612208e+13,4.702591e+01
6.320670e+13,8.000000e+01
9.265077e+13,5.639506e+01
7.962544e+13,5.092972e+01
1.430145e+13,7.916004e+01
8.412421e+13,4.312210e+01
2.533248e+13,7.899296e+01
1.010709e+15,7.975787e+01
3.044023e+13,7.888629e+01
1.107019e+14,6.107963e+01
3.996900e+13,3.309231e+01
1.852310e+13,7.915394e+01
3.188696e+13,7.892430e+01
2.485169e+13,7.897104e+01
3.415255e+13,3.753665e+01
1.014303e+13,7.899716e+01
1.447489e+14,7.771587e+01
8.249024e+14,8.000000e+01
3.027870e+13,3.050979e+01
6.394914e+13,5.633500e+01
9.296482e+14,8.000000e+01
2.478876e+13,4.997227e+00
5.601959e+13,4.999976e+00
3.062669e+13,3.141067e+01
1.000817e+14,5.579447e+01
3.369492e+13,3.213137e+01
1.457193e+14,4.870755e+01
9.266702e+13,5.375248e+01
3.382312e+13,3.453371e+01
1.303648e+13,7.899138e+01
1.911425e+13,7.898920e+01
1.295524e+13,4.999948e+00
1.110106e+13,7.898125e+01
1.842752e+13,7.898592e+01
1.066326e+14,5.891752e+01
1.133825e+14,4.282181e+01
8.284817e+13,6.678520e+01
3.961419e+13,7.899509e+01
1.933229e+13,7.895614e+01
1.984530e+13,7.899284e+01
2.615391e+13,7.899083e+01
5.474751e+13,3.831741e+01
1.336580e+14,8.000000e+01
2.540757e+14,8.000000e+01
2.540757e+14,8.000000e+01
2.560917e+13,7.898235e+01
3.056342e+13,2.918850e+01
1.987227e+13,7.917885e+01
3.199674e+13,3.207131e+01
4.143047e+13,4.522415e+01
5.239918e+13,3.711624e+01
2.288015e+13,7.899366e+01
3.606217e+13,7.878809e+01
1.676127e+13,7.893586e+01
5.326001e+14,8.000000e+01
5.326001e+14,8.000000e+01
5.326001e+14,8.000000e+01
5.326001e+14,8.000000e+01
5.326001e+14,8.000000e+01
5.123119e+13,5.417289e+01
4.183544e+13,7.899773e+01
4.183544e+13,7.899587e+01
1.257223e+14,8.000000e+01
2.486841e+13,2.624562e+01
1.692527e+13,7.910105e+01
3.307027e+13,3.267190e+01
2.188054e+13,2.456398e+01
1.996269e+13,7.899700e+01
1.661670e+18,8.000000e+01
8.358724e+13,4.300198e+01
2.740902e+14,8.000000e+01
2.740902e+14,8.000000e+01
4.632144e+13,7.899482e+01
4.502383e+14,8.000000e+01
1.419978e+13,7.897432e+01
1.394300e+14,4.972855e+01
2.351865e+14,6.528374e+01
4.571069e+13,4.011917e+01
4.295010e+13,7.894948e+01
8.033255e+14,8.000000e+01
4.310715e+13,3.957864e+01
2.194013e+13,7.897563e+01
4.068704e+13,3.711624e+01
1.525612e+14,8.000000e+01
1.225723e+13,7.899587e+01
1.791442e+15,8.000000e+01
1.791442e+15,8.000000e+01
1.340355e+14,5.675541e+01
1.305824e+13,7.898641e+01
1.416143e+14,5.279154e+01
6.377755e+13,6.131987e+01
1.563470e+13,7.899744e+01
4.928026e+13,3.651565e+01
2.945833e+13,7.899255e+01
1.805808e+14,8.000000e+01
1.805808e+14,8.000000e+01
4.660249e+14,7.783599e+01
1.916287e+13,2.100000e+01
2.192139e+14,8.000000e+01
2.192139e+14,8.000000e+01
2.192139e+14,8.000000e+01
8.335050e+13,7.080913e+01
1.185742e+14,8.000000e+01
1.185742e+14,8.000000e+01
1.185742e+14,5.000100e+00
2.710881e+13,2.732668e+01
3.549929e+13,7.898367e+01
7.328904e+13,5.044925e+01
1.601665e+13,4.999796e+00
1.862841e+14,5.537406e+01
1.626385e+14,5.381254e+01
9.759510e+13,5.831693e+01
4.110619e+13,3.044973e+01
1.529087e+13,7.894225e+01
1.510432e+14,5.693558e+01
3.394852e+13,3.831741e+01
5.465860e+13,3.498167e+01
1.133776e+14,6.744585e+01
7.288669e+13,6.697398e+01
4.493135e+13,4.330228e+01
1.864752e+13,7.899606e+01
8.661522e+14,8.000000e+01
3.045759e+13,7.887679e+01
5.052054e+13,3.429348e+01
1.000732e+14,5.104984e+01
3.205941e+13,7.897008e+01
2.325479e+13,7.899632e+01
3.816761e+13,3.345266e+01
1.615420e+14,6.414262e+01
2.461181e+13,7.899601e+01
2.349677e+13,7.896031e+01
6.936387e+13,7.899961e+01
6.936387e+13,7.309136e+01
7.881822e+17,8.000000e+01
7.881822e+17,8.000000e+01
2.896475e+13,2.810744e+01
5.389491e+13,4.083987e+01
2.838531e+13,3.141067e+01
1.062058e+14,8.000000e+01
1.062058e+14,8.000000e+01
4.451451e+13,4.516409e+01
9.190427e+13,4.168069e+01
2.433812e+13,7.899258e+01
1.172076e+14,4.810697e+01
2.769581e+13,2.870803e+01
1.406789e+14,6.168022e+01
1.642174e+13,7.899045e+01
2.461483e+14,6.684526e+01
1.785844e+14,7.537359e+01
1.236400e+14,8.000000e+01
1.236400e+14,8.000000e+01
2.904572e+16,8.000000e+01
2.904572e+16,8.000000e+01
1.569856e+13,7.894106e+01
3.475558e+13,7.899409e+01
4.029445e+14,8.000000e+01
3.101848e+13,5.000045e+00
3.101848e+13,7.895648e+01
2.224559e+13,7.899196e+01
2.675741e+14,8.000000e+01
2.675741e+14,8.000000e+01
1.603913e+13,7.897889e+01
2.930601e+14,8.000000e+01
2.930601e+14,8.000000e+01
2.190224e+14,8.000000e+01
7.032073e+13,5.453324e+01
3.067959e+13,7.898117e+01
2.566283e+14,8.000000e+01
9.831480e+13,8.000000e+01
8.069359e+13,7.195024e+01
6.969590e+13,6.576420e+01
1.831655e+13,3.499222e+01
1.286369e+13,7.897904e+01
3.297803e+13,3.111037e+01
2.923521e+13,2.624562e+01
4.701498e+14,7.423247e+01
6.469723e+13,6.906743e+01
1.015851e+13,7.889853e+01
1.652223e+13,7.899647e+01
1.497804e+14,6.089945e+01
1.103646e+14,4.966849e+01
2.232402e+13,2.444386e+01
1.580909e+13,7.893715e+01
1.152897e+14,4.300198e+01
1.499663e+14,8.000000e+01
3.331568e+13,7.898738e+01
2.511730e+13,7.899503e+01
1.035921e+14,4.564456e+01
1.263118e+14,4.684573e+01
1.029680e+13,7.898913e+01
2.040495e+13,7.899677e+01
9.863753e+13,6.204057e+01
2.818853e+13,7.898228e+01
1.862804e+13,7.899572e+01
1.394208e+14,6.258110e+01
8.980201e+13,4.204104e+01
7.843171e+13,7.110942e+01
1.727741e+14,8.000000e+01
1.727741e+14,8.000000e+01
3.420735e+13,4.174075e+01
8.981845e+13,6.960796e+01
8.981845e+13,6.960796e+01
1.005537e+13,7.895016e+01
3.084754e+13,4.606497e+01
3.136831e+13,7.929053e+01
2.441320e+13,3.493917e+01
1.955264e+14,7.819634e+01
6.252806e+13,3.579495e+01
9.634791e+14,8.000000e+01
6.558760e+13,6.137992e+01
2.601624e+13,5.000000e+00
2.311654e+13,2.528468e+01
1.080271e+14,6.276127e+01
1.647133e+13,7.899226e+01
2.597159e+13,7.936045e+01
1.695140e+13,7.891693e+01
1.932521e+13,7.897169e+01
3.092907e+13,3.075002e+01
3.836921e+15,7.279106e+01
2.124336e+13,5.497337e+01
2.749337e+13,2.594533e+01
8.103506e+13,6.402250e+01
2.893366e+13,2.834768e+01
3.253350e+13,7.907485e+01
9.472627e+13,7.369194e+01
9.472627e+13,7.369194e+01
1.250321e+14,4.528421e+01
1.594847e+13,7.899441e+01
1.411517e+17,8.000000e+01
1.411517e+17,8.000000e+01
1.411517e+17,8.000000e+01
1.876062e+14,6.360209e+01
2.060459e+13,7.898036e+01
2.160430e+13,7.899468e+01
5.554662e+13,3.801712e+01
1.684077e+13,7.899342e+01
6.648107e+13,4.294192e+01
2.350216e+13,7.899701e+01
8.040120e+12,7.899811e+01
2.264855e+13,2.540480e+01
3.214303e+13,4.252151e+01
1.465018e+14,6.216069e+01
1.465018e+14,6.216069e+01
4.219083e+13,3.801712e+01
1.191787e+14,4.720609e+01
2.196955e+13,4.999889e+00
4.722029e+13,4.678568e+01
6.684498e+13,5.267142e+01
1.741817e+14,7.615435e+01
6.605764e+13,3.921829e+01
5.585481e+13,5.885746e+01
5.585481e+13,7.899687e+01
5.654882e+13,3.525442e+01
4.975980e+13,3.633547e+01
3.866712e+13,4.210110e+01
6.649112e+14,8.000000e+01
6.649112e+14,8.000000e+01
1.072675e+14,5.026908e+01
2.616544e+14,6.294390e+01
8.111941e+13,5.207084e+01
7.333220e+13,3.939846e+01
2.525696e+13,7.887704e+01
1.463442e+13,7.899860e+01
8.087369e+13,5.423295e+01
3.475527e+14,6.912749e+01
5.811574e+13,7.899343e+01
5.811574e+13,7.899077e+01
4.172482e+13,3.897805e+01
4.016363e+14,8.000000e+01
4.016363e+14,8.000000e+01
7.307407e+14,8.000000e+01
2.713321e+13,7.897503e+01
4.051541e+14,6.540385e+01
1.664175e+13,7.897305e+01
4.762559e+13,3.495412e+01
5.315183e+13,4.636527e+01
1.332505e+13,7.899219e+01
3.892407e+14,6.798637e+01
5.048589e+13,3.555471e+01
2.542114e+13,7.892805e+01
1.732428e+13,7.899372e+01
4.571637e+13,4.738626e+01
4.010581e+13,3.525096e+01
1.765978e+13,7.898333e+01
2.409978e+13,4.998165e+00
4.717392e+16,8.000000e+01
4.717392e+16,8.000000e+01
2.001511e+14,7.267095e+01
4.115104e+13,3.981887e+01
7.703110e+13,6.588432e+01
7.703110e+13,6.588432e+01
4.387428e+13,4.999982e+00
4.148516e+13,3.897805e+01
4.813916e+13,7.898714e+01
4.390960e+13,3.807717e+01
1.259971e+14,8.000000e+01
2.983588e+13,3.393313e+01
3.256202e+13,2.876809e+01
7.303562e+13,8.000000e+01
2.818946e+13,2.858791e+01
1.782112e+13,7.899720e+01
4.364681e+14,7.014848e+01
2.459943e+14,7.357183e+01
4.996913e+13,5.255130e+01
1.267024e+13,7.899809e+01
2.328666e+13,7.898399e+01
2.008758e+13,7.899041e+01
6.165058e+13,4.978861e+01
1.984001e+14,8.000000e+01
1.984001e+14,8.000000e+01
1.984001e+14,8.000000e+01
1.169073e+13,7.899594e+01
9.571501e+14,8.000000e+01
9.571501e+14,8.000000e+01
1.983357e+13,7.899551e+01
1.280571e+14,7.038872e+01
1.280571e+14,7.038872e+01
1.075966e+15,8.000000e+01
1.075966e+15,8.000000e+01
8.389498e+13,3.969876e+01
1.847975e+14,3.100000e+01
6.924998e+13,4.276175e+01
1.756776e+14,8.000000e+01
1.756776e+14,8.000000e+01
2.535664e+13,2.744680e+01
1.822903e+13,7.899760e+01
2.735822e+13,3.243166e+01
3.220674e+14,7.213042e+01
3.556078e+13,3.831741e+01
8.748963e+14,7.753570e+01
1.325679e+13,7.899723e+01
1.592930e+14,7.645464e+01
2.029201e+13,7.895417e+01
3.031208e+13,7.898432e+01
1.282214e+14,5.363236e+01
6.945525e+13,7.477300e+01
7.608159e+13,7.898444e+01
7.608159e+13,7.903716e+01
3.950776e+13,3.002932e+01
7.142613e+14,8.000000e+01
7.142613e+14,8.000000e+01
1.748777e+14,8.000000e+01
1.748777e+14,8.000000e+01
1.507049e+13,7.898577e+01
3.607019e+13,7.899034e+01
1.235481e+14,2.500000e+01
3.019473e+13,3.933841e+01
8.449773e+13,6.600444e+01
2.963148e+13,2.912844e+01
2.141900e+14,8.000000e+01
2.141900e+14,8.000000e+01
2.352007e+13,7.899679e+01
6.627076e+13,6.288139e+01
6.492645e+13,7.897763e+01
6.492645e+13,4.999994e+00
1.440653e+13,7.899803e+01
3.268742e+13,7.914639e+01
5.806727e+14,8.000000e+01
2.196657e+13,7.899177e+01
3.156972e+13,7.899433e+01
4.139361e+13,3.453371e+01
2.044737e+13,5.000084e+00
6.154282e+15,8.000000e+01
1.110531e+14,6.288139e+01
1.356768e+13,7.899486e+01
2.337845e+13,2.828762e+01
3.915579e+13,5.327201e+01
2.816251e+14,8.000000e+01
2.816251e+14,8.000000e+01
2.046174e+13,7.899318e+01
5.149685e+13,4.798685e+01
2.202954e+14,8.000000e+01
2.531480e+14,7.777593e+01
3.115000e+13,2.100000e+01
3.449329e+13,3.093020e+01
9.751936e+13,4.360257e+01
1.825473e+13,7.899537e+01
4.890935e+13,7.893326e+01
6.479738e+13,4.402298e+01
9.272128e+13,5.525394e+01
1.530943e+13,7.899426e+01
4.064853e+13,4.300198e+01
4.293210e+13,4.270169e+01
3.607563e+13,3.255178e+01
2.407901e+13,7.899581e+01
3.609953e+13,3.693606e+01
2.708315e+14,8.000000e+01
1.061574e+14,7.889716e+01
1.667986e+13,7.906777e+01
2.039897e+13,7.897977e+01
2.008693e+14,8.000000e+01
2.008693e+14,8.000000e+01
1.310666e+13,7.899675e+01
2.588501e+13,7.899447e+01
9.334031e+13,5.921781e+01
4.718248e+13,3.357278e+01
3.023180e+13,3.075002e+01
6.987356e+14,8.000000e+01
2.850624e+13,7.898923e+01
3.253139e+13,3.081008e+01
1.954522e+14,6.336186e+01
5.001680e+13,3.867776e+01
2.754655e+13,7.899249e+01
7.975493e+13,3.753665e+01
4.177972e+13,7.899827e+01
7.952257e+13,6.558403e+01
7.952257e+13,6.558403e+01
2.621095e+13,2.528468e+01
5.138612e+14,8.000000e+01
5.138612e+14,8.000000e+01
3.540912e+14,6.522368e+01
3.516546e+13,3.105031e+01
7.892985e+13,4.294192e+01
2.243274e+18,8.000000e+01
4.890813e+13,4.102005e+01
8.874725e+13,4.858743e+01
7.470093e+13,4.288186e+01
3.059453e+13,3.591506e+01
2.847453e+13,2.498616e+01
4.266271e+13,4.594485e+01
8.652269e+13,7.303130e+01
9.545047e+13,5.195072e+01
1.273461e+13,7.892202e+01
1.425302e+13,7.899021e+01
2.622782e+13,7.898002e+01
2.049093e+13,7.899120e+01
9.452459e+13,5.489359e+01
1.546269e+14,4.798685e+01
1.108483e+13,7.899612e+01
3.088484e+13,4.999445e+00
1.811516e+14,6.510356e+01
1.283777e+13,7.899517e+01
1.055091e+14,5.495365e+01
1.840186e+14,7.813628e+01
4.892643e+13,5.129007e+01
4.471807e+13,3.921829e+01
1.080449e+14,5.705570e+01
5.903941e+13,3.999905e+01
6.985609e+13,4.083987e+01
1.972549e+17,8.000000e+01
1.972549e+17,8.000000e+01
6.955686e+17,8.000000e+01
6.955686e+17,8.000000e+01
5.773804e+16,8.000000e+01
5.773804e+16,8.000000e+01
1.208116e+13,7.898045e+01
3.540590e+13,7.899030e+01
1.120762e+13,7.899580e+01
1.093981e+19,8.000000e+01
1.093981e+19,8.000000e+01
1.093981e+19,8.000000e+01
7.651339e+14,7.411235e+01
1.203161e+13,7.899811e+01
3.624724e+13,7.497729e+01
4.981125e+13,3.501418e+01
6.684210e+13,3.579495e+01
1.773382e+14,8.000000e+01
1.773382e+14,8.000000e+01
1.773382e+14,8.000000e+01
1.200363e+14,4.300000e+01
3.013129e+13,7.896657e+01
5.963212e+13,7.899631e+01
1.015803e+14,8.000000e+01
3.641201e+13,2.984914e+01
1.018411e+14,5.195072e+01
1.067008e+14,6.240092e+01
1.367264e+14,8.000000e+01
2.594389e+13,7.899183e+01
1.406299e+14,8.000000e+01
2.577993e+14,6.714555e+01
1.328609e+13,7.899801e+01
8.042380e+13,3.963870e+01
3.539905e+13,7.899502e+01
1.901215e+14,5.399271e+01
1.764827e+13,7.897897e+01
5.128281e+13,5.399271e+01
1.616990e+13,7.899178e+01
3.120887e+13,7.899758e+01
1.247301e+13,4.999798e+00
2.552855e+13,2.834768e+01
1.614535e+13,7.899788e+01
4.909533e+13,4.156057e+01
5.875552e+13,5.098978e+01
1.360980e+15,8.000000e+01
1.360980e+15,8.000000e+01
2.527700e+13,2.499191e+01
1.807699e+15,8.000000e+01
2.796992e+14,8.000000e+01
2.796992e+14,8.000000e+01
1.264335e+14,6.534379e+01
3.531050e+13,3.129055e+01
7.810667e+13,8.000000e+01
2.643572e+14,8.000000e+01
2.050979e+13,7.898604e+01
4.371567e+13,3.405325e+01
4.966906e+14,8.000000e+01
2.257006e+13,7.899259e+01
5.873785e+13,4.888773e+01
2.369206e+13,2.390334e+01
2.350840e+13,2.744680e+01
3.698119e+14,8.000000e+01
3.698119e+14,8.000000e+01
2.117674e+13,7.899589e+01
1.235877e+14,5.129007e+01
1.518671e+14,7.261089e+01
1.497907e+14,8.000000e+01
1.497907e+14,8.000000e+01
1.497907e+14,7.899051e+01
1.219188e+14,5.104984e+01
4.895396e+13,5.000004e+00
4.895396e+13,7.899069e+01
7.433074e+13,5.393265e+01
1.485943e+13,7.898520e+01
7.635936e+13,4.636527e+01
2.174171e+13,7.892587e+01
5.687670e+13,4.600491e+01
4.648608e+13,7.899717e+01
4.982874e+13,7.899441e+01
1.122183e+14,5.639506e+01
4.706891e+13,3.393313e+01
4.630672e+15,8.000000e+01
2.207399e+13,7.899578e+01
5.647464e+13,7.898697e+01
5.647464e+13,5.357230e+01
6.296651e+13,4.186087e+01
1.087661e+14,4.258157e+01
5.883655e+13,4.936820e+01
5.895242e+14,8.000000e+01
2.985257e+13,7.899661e+01
5.217581e+13,3.651565e+01
2.352039e+13,7.847324e+01
2.613703e+14,8.000000e+01
9.997976e+12,7.899096e+01
1.079898e+13,7.899233e+01
7.580037e+14,8.000000e+01
9.872136e+13,5.987846e+01
2.883193e+13,2.966897e+01
3.627881e+13,4.998632e+00
2.607706e+14,6.942778e+01
1.645777e+13,7.898884e+01
8.330947e+13,5.783646e+01
2.151928e+13,7.899744e+01
3.914751e+14,8.000000e+01
3.914751e+14,8.000000e+01
3.914751e+14,8.000000e+01
3.914751e+14,8.000000e+01
2.131252e+13,7.721387e+01
9.559408e+15,8.000000e+01
4.011049e+13,3.153078e+01
4.734806e+13,3.639553e+01
8.774762e+13,6.648491e+01
3.294950e+13,3.249172e+01
1.505576e+13,1.465431e+01
3.282472e+13,3.735647e+01
2.564665e+13,7.899335e+01
4.618793e+13,3.381301e+01
1.468381e+13,4.999551e+00
8.312293e+16,8.000000e+01
1.108297e+13,7.899618e+01
2.164987e+13,7.899035e+01
1.430094e+13,7.899642e+01
2.307894e+13,7.896291e+01
4.312886e+14,8.000000e+01
1.931685e+13,7.899144e+01
2.745680e+14,8.000000e+01
1.185932e+13,7.897322e+01
6.294028e+13,7.899764e+01
6.294028e+13,7.899490e+01
1.450691e+13,7.899866e+01
7.663117e+13,3.981887e+01
5.586222e+13,5.993852e+01
2.396892e+13,7.898158e+01
1.811347e+13,7.899530e+01
5.066305e+13,3.345266e+01
2.674908e+13,2.942873e+01
1.957693e+13,7.898783e+01
1.067242e+14,5.104984e+01
9.794974e+12,4.999708e+00
2.520439e+13,2.618556e+01
5.590920e+13,3.813723e+01
5.333704e+13,5.615482e+01
9.990024e+13,5.489359e+01
1.340218e+14,2.877907e+01
5.326618e+13,3.555471e+01
1.499450e+13,7.899834e+01
1.906074e+13,7.896334e+01
2.629856e+13,2.942873e+01
9.685971e+13,5.573441e+01
1.253727e+13,7.899710e+01
2.300661e+13,7.899658e+01
1.241320e+13,7.899729e+01
9.765157e+12,7.899848e+01
9.759652e+13,5.573441e+01
3.853096e+13,7.896791e+01
2.864169e+13,3.195119e+01
3.108620e+13,3.243166e+01
2.589526e+13,7.522124e+01
1.561387e+14,8.000000e+01
3.609878e+14,7.957769e+01
7.186549e+15,8.000000e+01
4.047976e+14,8.000000e+01
4.047976e+14,8.000000e+01
3.211985e+13,3.231155e+01
8.522539e+13,5.711576e+01
2.557762e+13,7.895639e+01
4.018754e+14,7.471294e+01
2.861168e+13,2.324269e+01
6.200100e+13,6.426274e+01
1.437358e+14,5.663529e+01
7.706928e+13,3.855764e+01
1.192769e+13,7.899227e+01
3.422067e+14,8.000000e+01
3.422067e+14,8.000000e+01
1.109566e+14,8.000000e+01
1.109566e+14,8.000000e+01
1.109566e+14,5.000001e+00
1.070494e+14,8.000000e+01
1.070494e+14,8.000000e+01
3.371007e+14,5.843705e+01
4.591525e+13,7.898918e+01
1.769223e+13,5.245576e+01
5.029085e+13,3.813723e+01
4.179333e+13,7.899431e+01
4.087124e+14,8.000000e+01
4.087124e+14,8.000000e+01
1.072951e+14,6.101957e+01
2.058654e+13,4.999878e+00
2.522557e+13,7.897870e+01
1.168834e+13,7.899432e+01
9.043276e+13,6.071928e+01
2.956476e+13,7.899446e+01
4.370268e+13,3.105031e+01
1.496784e+13,7.895834e+01
5.262976e+13,4.690579e+01
1.527479e+13,7.897973e+01
2.248698e+14,8.000000e+01
2.248698e+14,8.000000e+01
1.426780e+13,7.899367e+01
3.818522e+13,3.153078e+01
1.900232e+13,7.897243e+01
1.855468e+13,7.898774e+01
3.807571e+13,3.255178e+01
1.559038e+13,7.898279e+01
1.759540e+13,7.899687e+01
2.441229e+16,8.000000e+01
2.441229e+16,8.000000e+01
2.441229e+16,8.000000e+01
3.979831e+14,8.000000e+01
3.979831e+14,8.000000e+01
2.650132e+13,7.899654e+01
2.694937e+13,2.582521e+01
1.292226e+14,6.702544e+01
1.292226e+14,6.702544e+01
3.422237e+15,8.000000e+01
1.114779e+13,7.899818e+01
2.814013e+14,8.000000e+01
5.235209e+13,7.899383e+01
5.235209e+13,5.000000e+00
2.920236e+13,3.008938e+01
1.438915e+13,7.899598e+01
1.916079e+14,8.000000e+01
1.916079e+14,8.000000e+01
1.118896e+13,7.899478e+01
4.455069e+13,7.898769e+01
4.455069e+13,7.899431e+01
3.669135e+14,6.486332e+01
2.268469e+13,7.899097e+01
1.651610e+13,7.899368e+01
6.378972e+13,4.912796e+01
2.521795e+13,4.999124e+00
3.210683e+14,8.000000e+01
3.210683e+14,8.000000e+01
3.724674e+13,2.984914e+01
1.268662e+13,7.884301e+01
1.321494e+14,8.000000e+01
3.021744e+13,7.932892e+01
2.837913e+14,7.741558e+01
8.486299e+13,4.600491e+01
5.478580e+14,8.000000e+01
5.478580e+14,8.000000e+01
2.116021e+13,7.899254e+01
2.160028e+14,8.000000e+01
3.704618e+13,3.813723e+01
1.864856e+14,8.000000e+01
2.388185e+14,7.405230e+01
2.130173e+13,7.897481e+01
3.934643e+13,3.309231e+01
6.424156e+13,6.005863e+01
6.424156e+13,6.005863e+01
8.502412e+13,7.837652e+01
1.902596e+13,7.898280e+01
1.256673e+14,8.000000e+01
1.256673e+14,8.000000e+01
3.458559e+13,2.954885e+01
4.860037e+14,8.000000e+01
1.834473e+13,7.899370e+01
8.449908e+13,4.786673e+01
2.222026e+13,7.899318e+01
3.019593e+13,3.273196e+01
8.003850e+13,4.047952e+01
2.430537e+13,7.858927e+01
6.236461e+13,5.153031e+01
4.831642e+13,7.899451e+01
1.934345e+13,7.899299e+01
1.101981e+13,7.899750e+01
1.910950e+13,7.897558e+01
3.639182e+13,4.240140e+01
6.416268e+14,8.000000e+01
2.291179e+13,6.524699e+01
5.085091e+13,3.921829e+01
1.262673e+14,8.000000e+01
1.262673e+14,8.000000e+01
2.283004e+13,7.899319e+01
9.650271e+13,4.768656e+01
3.144169e+13,7.893421e+01
2.010367e+13,7.898317e+01
1.705849e+14,5.981840e+01
1.538079e+17,8.000000e+01
1.538079e+17,8.000000e+01
1.538079e+17,8.000000e+01
1.538079e+17,8.000000e+01
1.654190e+15,8.000000e+01
1.654190e+15,8.000000e+01
1.654190e+15,8.000000e+01
1.654190e+15,8.000000e+01
1.654190e+15,8.000000e+01
1.656917e+15,8.000000e+01
1.656917e+15,8.000000e+01
1.656917e+15,8.000000e+01
2.952701e+13,7.887509e+01
2.587213e+13,7.897577e+01
3.426740e+14,7.171001e+01
2.255010e+14,7.645464e+01
1.397870e+13,7.899501e+01
1.243368e+13,7.891453e+01
6.646572e+13,6.041899e+01
2.263960e+13,7.899764e+01
2.501366e+14,7.381206e+01
1.630084e+13,7.898665e+01
9.825101e+13,7.783599e+01
9.825101e+13,7.783599e+01
3.886032e+13,4.828714e+01
5.657397e+13,7.639458e+01
3.727408e+13,4.726614e+01
1.795510e+14,7.813628e+01
3.024000e+13,3.273196e+01
2.105757e+13,7.896461e+01
6.432098e+13,4.420315e+01
1.338298e+13,7.899361e+01
2.914202e+13,7.899588e+01
1.066027e+13,5.000000e+00
9.906183e+14,8.000000e+01
3.150644e+13,2.942873e+01
1.210423e+14,4.462357e+01
1.217943e+13,7.899505e+01
1.604409e+14,6.330180e+01
7.922948e+14,8.000000e+01
6.648553e+15,8.000000e+01
3.860023e+13,4.065970e+01
1.379890e+13,7.899654e+01
2.194356e+13,7.889421e+01
1.509173e+14,5.147025e+01
8.824812e+13,8.000000e+01
3.514749e+14,7.207036e+01
9.305564e+13,2.499783e+01
1.320346e+14,7.855669e+01
9.196809e+13,5.273148e+01
1.813495e+13,7.899621e+01
8.934599e+13,2.300000e+01
1.526757e+14,4.894779e+01
1.519038e+13,7.899655e+01
2.571611e+13,7.897591e+01
4.895021e+13,7.889375e+01
3.125774e+14,6.180033e+01
3.124747e+13,7.897618e+01
1.006626e+14,7.134966e+01
1.238726e+13,7.899713e+01
7.259788e+13,5.387259e+01
9.757549e+16,8.000000e+01
9.757549e+16,8.000000e+01
1.625142e+13,4.999600e+00
4.297204e+13,3.381301e+01
2.139472e+13,7.895642e+01
6.682447e+13,3.831741e+01
1.046815e+14,5.165043e+01
2.900749e+13,7.899127e+01
6.038075e+13,3.861770e+01
4.500742e+13,7.897759e+01
3.135872e+13,7.898887e+01
1.560917e+18,8.000000e+01
3.105528e+13,7.899858e+01
9.114125e+13,4.126028e+01
1.551963e+15,8.000000e+01
1.551963e+15,8.000000e+01
1.551963e+15,8.000000e+01
5.575852e+13,5.747611e+01
8.113120e+13,4.354251e+01
2.147882e+13,7.899766e+01
3.231514e+13,4.999779e+00
1.682655e+14,5.831693e+01
4.414632e+13,4.720609e+01
3.235859e+13,2.852785e+01
1.060796e+13,7.899040e+01
4.123889e+13,7.899505e+01
4.285151e+13,3.993899e+01
4.099987e+14,8.000000e+01
6.690823e+13,5.525394e+01
3.949596e+13,4.999664e+00
1.876489e+13,7.899479e+01
1.828093e+13,7.898180e+01
3.190603e+13,7.899667e+01
2.675458e+13,2.750685e+01
3.291839e+13,3.032961e+01
5.832449e+13,5.153031e+01
5.832449e+13,5.153031e+01
4.821815e+13,7.868202e+01
1.082561e+14,5.741605e+01
1.401039e+13,7.899502e+01
8.462357e+14,8.000000e+01
1.332212e+13,7.899815e+01
2.053713e+14,5.116996e+01
1.437772e+13,1.699895e+01
6.029741e+13,3.675588e+01
2.334318e+14,8.000000e+01
2.865011e+13,3.020949e+01
9.967211e+12,7.899896e+01
1.604738e+13,7.899557e+01
2.389949e+14,8.000000e+01
1.659809e+13,7.899765e+01
2.646335e+13,3.500000e+01
1.402458e+13,5.000000e+00
5.751281e+13,7.896098e+01
1.892674e+17,8.000000e+01
1.892674e+17,8.000000e+01
3.433971e+13,3.477395e+01
1.125749e+13,7.899682e+01
5.369921e+13,4.408304e+01
1.484102e+13,7.897323e+01
2.431267e+14,5.573441e+01
1.178576e+13,7.899441e+01
1.954631e+13,7.899671e+01
1.960473e+13,7.899264e+01
5.694957e+16,8.000000e+01
5.694957e+16,8.000000e+01
2.632993e+14,8.000000e+01
2.632993e+14,8.000000e+01
7.874403e+13,4.270169e+01
1.158684e+14,8.000000e+01
1.158684e+14,8.000000e+01
4.037458e+13,5.189066e+01
3.312381e+13,3.429348e+01
5.911874e+13,5.981840e+01
1.767609e+16,8.000000e+01
1.767609e+16,8.000000e+01
1.748834e+13,7.899641e+01
8.575043e+13,4.948831e+01
1.983673e+13,7.899715e+01
2.135089e+13,7.899705e+01
4.560786e+13,3.939846e+01
5.239659e+13,7.899931e+01
5.239659e+13,7.899809e+01
2.062035e+13,4.281366e+01
4.210557e+14,8.000000e+01
1.361372e+14,8.000000e+01
2.363733e+13,2.504445e+01
2.124642e+14,7.651470e+01
2.124642e+14,7.651470e+01
4.315599e+13,7.898038e+01
5.639533e+13,3.393313e+01
1.996659e+13,7.898787e+01
6.132199e+13,5.309183e+01
6.132199e+13,5.309183e+01
9.227779e+13,8.000000e+01
5.954123e+14,8.000000e+01
9.026494e+13,4.888773e+01
2.007789e+13,7.897950e+01
1.032236e+14,4.426321e+01
1.668717e+13,7.899800e+01
6.290751e+13,4.282181e+01
1.248553e+14,6.534379e+01
1.319319e+14,6.768608e+01
5.613425e+13,3.537454e+01
2.793644e+14,8.000000e+01
2.115515e+13,7.838290e+01
8.788118e+13,5.315189e+01
4.189365e+14,8.000000e+01
1.429876e+13,7.896836e+01
5.032393e+13,7.899434e+01
1.098345e+15,8.000000e+01
1.098345e+15,8.000000e+01
1.098345e+15,8.000000e+01
4.645273e+13,3.795706e+01
1.764871e+13,7.899151e+01
1.438242e+14,5.110990e+01
3.348350e+13,5.409429e+01
2.983750e+13,7.891615e+01
1.347013e+13,7.897705e+01
2.473856e+13,7.912495e+01
2.752077e+13,7.899594e+01
2.361783e+13,7.899752e+01
3.755975e+13,3.129055e+01
6.580311e+13,4.912796e+01
6.619345e+13,5.405277e+01
2.154996e+14,8.000000e+01
2.154996e+14,8.000000e+01
1.575993e+14,6.696538e+01
6.549156e+13,6.354203e+01
2.698280e+13,7.899527e+01
1.109709e+13,7.899750e+01
4.739124e+13,4.684573e+01
1.755622e+13,7.898827e+01
7.462119e+13,5.387259e+01
2.314468e+13,7.898506e+01
1.523522e+14,7.273101e+01
1.261834e+13,7.899572e+01
5.520536e+13,5.000032e+00
5.520536e+13,7.894426e+01
2.231172e+13,7.898889e+01
1.333949e+13,7.897300e+01
6.979571e+13,7.899765e+01
6.979571e+13,7.899342e+01
1.354327e+13,7.899345e+01
8.357727e+13,5.669535e+01
1.898933e+13,2.156105e+01
1.852127e+13,7.899603e+01
2.020725e+13,7.899737e+01
5.229706e+13,4.924808e+01
3.283858e+13,7.897251e+01
1.082935e+13,7.898959e+01
6.687618e+13,4.582474e+01
1.122354e+13,7.898810e+01
1.055306e+14,5.513383e+01
1.142750e+14,5.068949e+01
1.726883e+13,7.899556e+01
1.441960e+14,7.279106e+01
1.074601e+13,7.899180e+01
2.255564e+14,5.927787e+01
2.312130e+13,2.414357e+01
1.591210e+13,7.899017e+01
6.616223e+13,3.873782e+01
1.869106e+14,8.000000e+01
1.869106e+14,8.000000e+01
2.875212e+13,2.924855e+01
1.708871e+13,7.899604e+01
2.634360e+13,4.999704e+00
5.473740e+13,3.621536e+01
1.399621e+14,8.000000e+01
1.851913e+13,7.896761e+01
3.806561e+13,3.183108e+01
5.454498e+13,7.899414e+01
8.313627e+13,4.071975e+01
1.192835e+14,6.300151e+01
4.821579e+13,4.780667e+01
6.739726e+13,7.008843e+01
1.428912e+13,7.899817e+01
3.179610e+13,3.435354e+01
1.643453e+14,8.000000e+01
1.643453e+14,8.000000e+01
3.834369e+13,3.038967e+01
8.911844e+13,3.921829e+01
2.306859e+14,7.513335e+01
3.100359e+13,7.108868e+01
1.711156e+13,7.899597e+01
1.263250e+14,7.861675e+01
9.297283e+12,7.896725e+01
7.485869e+13,4.522415e+01
1.115637e+14,7.867681e+01
1.115637e+14,7.867681e+01
2.192006e+13,7.899660e+01
3.846982e+13,4.528421e+01
2.678845e+13,2.984914e+01
1.402332e+14,7.387212e+01
3.582834e+14,8.000000e+01
3.582834e+14,8.000000e+01
3.582834e+14,8.000000e+01
1.294119e+14,8.000000e+01
1.294119e+14,8.000000e+01
8.849533e+12,7.899826e+01
1.511003e+13,7.898905e+01
4.124987e+13,3.675588e+01
3.516899e+14,8.000000e+01
3.516899e+14,8.000000e+01
3.516899e+14,8.000000e+01
1.482837e+13,7.899648e+01
4.349772e+13,7.894829e+01
1.592219e+13,7.899388e+01
3.889237e+13,7.899917e+01
3.027928e+13,3.345266e+01
5.743016e+13,7.899049e+01
5.743016e+13,7.899311e+01
4.892141e+13,7.899068e+01
1.661029e+13,7.897380e+01
1.177032e+13,7.899171e+01
1.156221e+13,7.899126e+01
7.321683e+13,2.699153e+01
1.024222e+15,8.000000e+01
1.024222e+15,8.000000e+01
2.584434e+14,5.711576e+01
6.092339e+14,8.000000e+01
9.350138e+13,7.897749e+01
9.350138e+13,6.624467e+01
3.652073e+13,7.890611e+01
4.121856e+13,7.898696e+01
1.882536e+13,7.898877e+01
3.309436e+15,8.000000e+01
1.003072e+13,7.899234e+01
2.091992e+14,7.999810e+01
4.078056e+13,3.495412e+01
2.734379e+14,7.201030e+01
2.192256e+13,4.999935e+00
1.378923e+13,7.898206e+01
1.394003e+13,7.897783e+01
3.725162e+14,6.198051e+01
9.099812e+14,8.000000e+01
8.712886e+13,8.000000e+01
3.758393e+13,3.129055e+01
2.289532e+13,2.426369e+01
6.778231e+13,4.144046e+01
1.223301e+13,7.899752e+01
4.938851e+13,3.477395e+01
2.213825e+13,7.899856e+01
1.188482e+14,7.849663e+01
3.114168e+13,7.899146e+01
7.743391e+13,6.738579e+01
1.055545e+13,7.899758e+01
3.702377e+14,8.000000e+01
1.587630e+13,7.888684e+01
1.640569e+13,7.898717e+01
1.321269e+13,7.898925e+01
5.168544e+13,3.765676e+01
3.856525e+13,5.000000e+00
2.337025e+15,8.000000e+01
2.128775e+13,7.898705e+01
5.927194e+13,3.777688e+01
4.947079e+13,4.984867e+01
5.212939e+14,8.000000e+01
1.906344e+13,7.899654e+01
3.033343e+14,8.000000e+01
3.033343e+14,8.000000e+01
4.279734e+13,7.899468e+01
1.409647e+13,7.899522e+01
1.149507e+13,7.899802e+01
3.750591e+13,3.279201e+01
1.261818e+13,7.899850e+01
2.142034e+13,7.896953e+01
3.806545e+13,3.453371e+01
5.440006e+13,4.017923e+01
3.957592e+13,3.711624e+01
1.559565e+13,7.899538e+01
4.989990e+13,4.999949e+00
1.694217e+14,8.000000e+01
1.694217e+14,8.000000e+01
1.700602e+13,7.899639e+01
1.272380e+13,4.999872e+00
1.701224e+13,7.898851e+01
5.150514e+13,2.564504e+01
3.217830e+13,2.846779e+01
2.246103e+13,6.294937e+01
1.331595e+14,8.000000e+01
1.331595e+14,8.000000e+01
1.545685e+13,7.895710e+01
2.430794e+13,7.899312e+01
1.104385e+14,6.606450e+01
1.986089e+13,7.896320e+01
1.769758e+13,7.899532e+01
2.981501e+13,7.899721e+01
3.480262e+13,7.897713e+01
1.289957e+14,8.000000e+01
5.638098e+13,7.899794e+01
1.180725e+13,7.899867e+01
2.264103e+14,6.696538e+01
1.555074e+13,7.895260e+01
1.803237e+14,5.165043e+01
1.577302e+13,7.899630e+01
6.259898e+13,3.909817e+01
5.887949e+13,3.699612e+01
1.993912e+13,7.899230e+01
1.139661e+14,8.000000e+01
1.139661e+14,8.000000e+01
3.262183e+13,3.207131e+01
3.286573e+13,2.948879e+01
1.640589e+13,7.899491e+01
2.052841e+13,6.985449e+01
2.277441e+14,6.978813e+01
1.290635e+14,5.104984e+01
2.370784e+14,6.978813e+01
2.854461e+13,7.896843e+01
1.848598e+13,7.898798e+01
1.372791e+17,8.000000e+01
1.785601e+13,7.897637e+01
1.008097e+15,8.000000e+01
2.437037e+13,7.899402e+01
6.727263e+13,6.768608e+01
6.727263e+13,4.999999e+00
3.773629e+13,4.098173e+01
3.319162e+14,6.047904e+01
1.026787e+14,4.468362e+01
1.631321e+13,7.898734e+01
4.276258e+13,7.899613e+01
3.813789e+13,3.081008e+01
2.201250e+13,7.899251e+01
1.188594e+13,7.899550e+01
4.153939e+14,6.360209e+01
9.753711e+13,5.279154e+01
1.962183e+14,8.000000e+01
1.962183e+14,8.000000e+01
1.962183e+14,8.000000e+01
4.728080e+13,4.186087e+01
1.228958e+14,7.345171e+01
2.520410e+13,2.750685e+01
1.669095e+13,4.999725e+00
2.392918e+13,7.898739e+01
1.004727e+14,6.768608e+01
5.844976e+13,5.000273e+00
5.844976e+13,4.999927e+00
2.899286e+13,3.279201e+01
4.351760e+13,3.363284e+01
2.132955e+14,5.867729e+01
1.622659e+13,7.898479e+01
1.196144e+13,7.899599e+01
4.370400e+13,7.899326e+01
5.014492e+13,3.459377e+01
1.923112e+13,7.899602e+01
3.336687e+13,7.898254e+01
1.697128e+13,7.899326e+01
1.059252e+14,7.899559e+01
1.059252e+14,7.899472e+01
4.737019e+13,3.759670e+01
2.075939e+14,8.000000e+01
1.345423e+14,8.000000e+01
4.324918e+13,5.000027e+00
4.324918e+13,4.666556e+01
6.238671e+13,7.898816e+01
2.838681e+14,8.000000e+01
1.923602e+14,8.000000e+01
1.923602e+14,8.000000e+01
1.923602e+14,8.000000e+01
1.150370e+13,2.098538e+01
1.117881e+13,7.899348e+01
1.150738e+13,7.899206e+01
3.785546e+13,3.927835e+01
4.273301e+13,3.243166e+01
6.374932e+13,4.708597e+01
3.865793e+13,3.495412e+01
1.539665e+14,6.522368e+01
1.332032e+15,8.000000e+01
1.332032e+15,8.000000e+01
8.022146e+13,5.579447e+01
8.916505e+13,5.921781e+01
2.240092e+14,7.152983e+01
7.932394e+14,8.000000e+01
7.932394e+14,8.000000e+01
2.798177e+13,2.936867e+01
1.625916e+13,7.899825e+01
2.435307e+13,1.900000e+01
2.712906e+13,7.899325e+01
2.247481e+13,7.899195e+01
1.938101e+14,8.000000e+01
1.938101e+14,8.000000e+01
1.093545e+14,7.291118e+01
1.190558e+13,7.899794e+01
1.006394e+14,5.000005e+00
1.006394e+14,5.000005e+00
1.006394e+14,8.000000e+01
1.006394e+14,5.000005e+00
7.251283e+13,5.453324e+01
4.575995e+13,4.144046e+01
4.223405e+13,4.462357e+01
8.017881e+13,3.717629e+01
1.123019e+15,8.000000e+01
3.650152e+13,2.978908e+01
5.660848e+13,6.228080e+01
5.660848e+13,7.898600e+01
3.415803e+13,3.537454e+01
2.089601e+14,5.351224e+01
1.263133e+14,8.000000e+01
7.264758e+13,6.282133e+01
2.731380e+13,7.892614e+01
1.333775e+14,5.098978e+01
1.190600e+13,7.899714e+01
1.000640e+14,5.159037e+01
2.077325e+13,7.896581e+01
1.156236e+14,7.261089e+01
2.357621e+13,7.899889e+01
3.191408e+14,8.000000e+01
3.191408e+14,8.000000e+01
3.375387e+13,5.345218e+01
1.193484e+14,8.000000e+01
1.193484e+14,8.000000e+01
3.333254e+13,3.062990e+01
1.578586e+13,7.898437e+01
1.792777e+13,7.899494e+01
2.069959e+13,2.366310e+01
1.626490e+14,6.282133e+01
1.335774e+14,6.984819e+01
1.335774e+14,6.984819e+01
2.344365e+13,7.897909e+01
2.262873e+13,2.426369e+01
1.465215e+14,8.000000e+01
1.465215e+14,8.000000e+01
1.909900e+14,5.765629e+01
3.894979e+13,4.438333e+01
1.419310e+13,7.899715e+01
2.212673e+13,7.898455e+01
5.525645e+13,4.222122e+01
1.424434e+13,7.899270e+01
1.586906e+13,7.899254e+01
3.398002e+13,3.093020e+01
2.003085e+13,7.899342e+01
3.855013e+13,3.020949e+01
2.294041e+13,7.898457e+01
1.480675e+13,7.899187e+01
6.391634e+13,3.897805e+01
9.900620e+13,5.597465e+01
2.295437e+13,2.498439e+01
1.607937e+13,7.908579e+01
1.389695e+15,8.000000e+01
1.389695e+15,8.000000e+01
2.473758e+18,8.000000e+01
2.473758e+18,8.000000e+01
2.473758e+18,8.000000e+01
2.473758e+18,8.000000e+01
5.509004e+13,3.711624e+01
1.081808e+14,5.879740e+01
1.391124e+14,5.477347e+01
2.381549e+13,7.899443e+01
2.740811e+13,7.899482e+01
1.445081e+14,8.000000e+01
2.867613e+13,3.165090e+01
9.031328e+13,5.999858e+01
3.363639e+13,7.899842e+01
5.723843e+13,4.035940e+01
5.994731e+13,5.669535e+01
8.727649e+13,8.000000e+01
1.392002e+13,7.899065e+01
1.000196e+14,6.846684e+01
7.124173e+13,4.102005e+01
8.213668e+15,8.000000e+01
8.213668e+15,8.000000e+01
1.482177e+14,7.285112e+01
9.278779e+13,2.905157e+01
3.024450e+13,3.369289e+01
7.148030e+13,4.450345e+01
2.174774e+13,7.899307e+01
3.069652e+13,3.189113e+01
2.802241e+13,4.116730e+01
9.023998e+14,8.000000e+01
3.655300e+13,7.898698e+01
4.577759e+13,4.312210e+01
7.040134e+14,8.000000e+01
7.040134e+14,8.000000e+01
7.040134e+14,8.000000e+01
7.040134e+14,8.000000e+01
4.705307e+19,8.000000e+01
7.178456e+13,5.981840e+01
2.688592e+16,8.000000e+01
1.377476e+13,7.899728e+01
3.269047e+13,7.899558e+01
3.269047e+13,7.899576e+01
1.430378e+14,7.261089e+01
7.248266e+13,4.029934e+01
6.945512e+13,5.459330e+01
4.698158e+13,4.897581e+01
4.082920e+14,8.000000e+01
5.064050e+13,7.898852e+01
7.536307e+13,6.047904e+01
7.536307e+13,6.047904e+01
1.165278e+14,2.488839e+01
3.025461e+14,8.000000e+01
2.004117e+15,8.000000e+01
3.281962e+13,3.411330e+01
1.782836e+13,7.899694e+01
2.439408e+13,7.899675e+01
6.380416e+13,5.597465e+01
2.023429e+13,7.898740e+01
2.499718e+13,7.898798e+01
2.788111e+13,3.147072e+01
2.197528e+13,7.899195e+01
5.936376e+13,5.321195e+01
1.308921e+15,8.000000e+01
1.308921e+15,8.000000e+01
8.991267e+13,6.432280e+01
5.755951e+14,8.000000e+01
1.701920e+13,4.999881e+00
3.232178e+13,7.898083e+01
9.029942e+13,8.000000e+01
9.029942e+13,8.000000e+01
2.505488e+13,7.898545e+01
8.973376e+15,8.000000e+01
3.947863e+13,4.041946e+01
1.439566e+13,7.899390e+01
8.912647e+13,4.300198e+01
1.669142e+13,7.899259e+01
3.216634e+13,3.621536e+01
7.764780e+13,5.405277e+01
5.337109e+13,4.999792e+00
1.801954e+13,7.898588e+01
3.715092e+14,6.744585e+01
1.415457e+13,5.509071e+01
5.228324e+13,6.053910e+01
2.801498e+13,2.918850e+01
1.370551e+13,5.285243e+01
7.461668e+13,5.171048e+01
4.484087e+14,6.438286e+01
1.939280e+14,6.210063e+01
1.319650e+14,6.354203e+01
8.860915e+13,8.000000e+01
6.591312e+13,4.588480e+01
2.043760e+14,8.000000e+01
2.043760e+14,8.000000e+01
1.716278e+14,8.000000e+01
3.930402e+13,2.694462e+01
4.994406e+13,4.762650e+01
2.298643e+13,7.899502e+01
2.617789e+13,7.899382e+01
5.104169e+13,3.507424e+01
6.263119e+13,5.645512e+01
6.263119e+13,5.645512e+01
6.729572e+14,8.000000e+01
6.729572e+14,8.000000e+01
7.798728e+13,5.000072e+00
7.798728e+13,7.886616e+01
1.914373e+13,7.899110e+01
5.178587e+14,7.843658e+01
1.425661e+13,7.897800e+01
1.608070e+13,7.897787e+01
1.990728e+13,7.899024e+01
1.122636e+14,4.630521e+01
1.362637e+13,7.899548e+01
1.676560e+13,7.899415e+01
4.628780e+14,8.000000e+01
1.616180e+13,7.899545e+01
1.222412e+14,6.071928e+01
5.469960e+14,8.000000e+01
1.130838e+13,7.899742e+01
1.728399e+13,7.899353e+01
1.509423e+14,7.899571e+01
1.509423e+14,7.899412e+01
1.509423e+14,8.000000e+01
1.720323e+13,7.899675e+01
2.597810e+20,8.000000e+01
2.597810e+20,8.000000e+01
2.597810e+20,8.000000e+01
2.597810e+20,8.000000e+01
2.597810e+20,8.000000e+01
2.597810e+20,8.000000e+01
2.597810e+20,8.000000e+01
2.982799e+13,7.899491e+01
3.025478e+13,2.714650e+01
1.125668e+14,7.171001e+01
2.682764e+14,8.000000e+01
2.682764e+14,8.000000e+01
2.682764e+14,8.000000e+01
3.497899e+13,3.321242e+01
5.309977e+13,3.783694e+01
4.432355e+13,7.897439e+01
1.222005e+14,8.000000e+01
2.711169e+13,2.798732e+01
2.017206e+14,8.000000e+01
1.756771e+13,7.897411e+01
7.848049e+13,7.897884e+01
6.214853e+13,4.083987e+01
6.514647e+13,4.999838e+00
6.514647e+13,6.342192e+01
2.922399e+14,8.000000e+01
2.922399e+14,8.000000e+01
3.437139e+16,8.000000e+01
3.437139e+16,8.000000e+01
1.603203e+14,8.000000e+01
5.571983e+13,7.899055e+01
1.423396e+13,7.899483e+01
2.068348e+13,7.898727e+01
2.035038e+13,7.842930e+01
3.903433e+14,8.000000e+01
8.120430e+13,5.038919e+01
8.130759e+13,4.978861e+01
3.385979e+13,3.153078e+01
4.463920e+13,7.896275e+01
2.961004e+14,8.000000e+01
6.313672e+13,8.000000e+01
3.364746e+13,3.333254e+01
6.912664e+14,8.000000e+01
6.912664e+14,8.000000e+01
2.409940e+13,7.899618e+01
4.813644e+13,5.657523e+01
1.978638e+14,7.405230e+01
2.809667e+13,2.936867e+01
3.602376e+13,3.423342e+01
5.916952e+13,5.597465e+01
3.343107e+14,7.483306e+01
1.730301e+14,6.198051e+01
1.141350e+13,7.899818e+01
4.473566e+14,8.000000e+01
8.369513e+13,7.885699e+01
2.032966e+13,7.899117e+01
2.839052e+15,8.000000e+01
2.839052e+15,8.000000e+01
4.519594e+13,5.177054e+01
3.770988e+13,2.493729e+01
5.717320e+14,8.000000e+01
1.702778e+15,8.000000e+01
9.363361e+12,7.899819e+01
1.026732e+13,7.899863e+01
6.199644e+14,8.000000e+01
6.199644e+14,8.000000e+01
3.478992e+14,8.000000e+01
3.693179e+14,8.000000e+01
3.693179e+14,8.000000e+01
3.693179e+14,8.000000e+01
5.693981e+13,5.903764e+01
2.437673e+13,7.899904e+01
1.077479e+14,5.116996e+01
1.814374e+13,7.899454e+01
7.738359e+13,4.798685e+01
3.940317e+13,3.897805e+01
2.736021e+14,6.798637e+01
4.300530e+13,4.600491e+01
1.399269e+14,8.000000e+01
1.399269e+14,8.000000e+01
4.478391e+14,7.945757e+01
3.772228e+13,4.298052e+01
1.837257e+14,8.000000e+01
2.116447e+13,7.899186e+01
2.585822e+13,2.750685e+01
2.258031e+13,7.726775e+01
1.351399e+14,7.297124e+01
8.311639e+13,4.834720e+01
2.415393e+13,7.898714e+01
2.499609e+13,2.552492e+01
2.074497e+13,7.899221e+01
1.106414e+14,6.089945e+01
1.797147e+13,7.899536e+01
1.178475e+14,5.243119e+01
1.208042e+14,8.000000e+01
1.208042e+14,8.000000e+01
1.188549e+13,7.899782e+01
1.563427e+13,6.705827e+01
2.320944e+14,8.000000e+01
5.848243e+14,7.561382e+01
5.136245e+14,8.000000e+01
5.136245e+14,8.000000e+01
6.986216e+14,6.570415e+01
5.003242e+14,8.000000e+01
5.003242e+14,8.000000e+01
5.003242e+14,8.000000e+01
1.445528e+13,5.886404e+01
5.462773e+13,3.579495e+01
3.456508e+13,3.891799e+01
1.642137e+14,6.828667e+01
3.539609e+14,8.000000e+01
3.539609e+14,8.000000e+01
3.199901e+13,7.899139e+01
4.358629e+14,3.100000e+01
7.372595e+13,5.933793e+01
4.144320e+13,3.507424e+01
2.540863e+13,7.898351e+01
2.362241e+14,8.000000e+01
8.875106e+13,8.000000e+01
3.210413e+14,8.000000e+01
3.210413e+14,8.000000e+01
2.050400e+13,7.896873e+01
1.042942e+14,8.000000e+01
6.762356e+13,3.915823e+01
9.017645e+13,5.711576e+01
2.457011e+13,7.920472e+01
1.328981e+14,8.000000e+01
4.785194e+13,7.889619e+01
4.843416e+13,4.492386e+01
2.450233e+14,6.840678e+01
2.124088e+13,7.898944e+01
2.630227e+13,3.831741e+01
1.929861e+13,7.899540e+01
5.958306e+13,4.150052e+01
6.034826e+13,4.999993e+00
6.034826e+13,5.000000e+00
6.069782e+14,8.000000e+01
6.069782e+14,8.000000e+01
6.069782e+14,8.000000e+01
7.139339e+13,4.714603e+01
6.101231e+13,7.867681e+01
6.101231e+13,7.867681e+01
2.411897e+13,7.898988e+01
1.358779e+13,7.899603e+01
3.247434e+13,3.081008e+01
4.992094e+14,8.000000e+01
4.992094e+14,8.000000e+01
2.902551e+13,2.708644e+01
2.275186e+13,7.920898e+01
1.249286e+14,5.068949e+01
2.512800e+13,7.897224e+01
7.991735e+13,8.000000e+01
7.991735e+13,5.000007e+00
1.427563e+14,2.700000e+01
8.593276e+14,8.000000e+01
8.593276e+14,8.000000e+01
1.828599e+13,7.899566e+01
4.608974e+13,7.899702e+01
1.496776e+13,7.899401e+01
6.328098e+13,5.525394e+01
1.828423e+13,7.890787e+01
3.703319e+13,3.855764e+01
2.037053e+13,7.898047e+01
6.277275e+13,7.898743e+01
1.092177e+13,7.082868e+01
2.659335e+13,7.898948e+01
1.424768e+13,7.899263e+01
2.245791e+13,7.899064e+01
2.159877e+13,7.897237e+01
3.241117e+13,2.858791e+01
8.473444e+14,8.000000e+01
5.570748e+13,5.000015e+00
5.570748e+13,7.898173e+01
8.525910e+13,7.669488e+01
2.486742e+18,8.000000e+01
2.486742e+18,8.000000e+01
2.809174e+13,2.960891e+01
5.204358e+14,8.000000e+01
3.171988e+13,5.748839e+01
9.232001e+13,7.867681e+01
7.916754e+14,6.894731e+01
2.607301e+13,3.032961e+01
6.223512e+13,3.843753e+01
2.243768e+13,7.897765e+01
2.078254e+14,8.000000e+01
5.257941e+13,3.747659e+01
3.775421e+14,4.657440e+01
1.605800e+14,5.921781e+01
1.142740e+14,8.000000e+01
6.037800e+13,7.899754e+01
6.037800e+13,7.899951e+01
5.313151e+13,6.029887e+01
2.001158e+13,7.897482e+01
1.943445e+14,7.513335e+01
6.827825e+13,4.942826e+01
1.441299e+13,7.899645e+01
2.623084e+13,7.899638e+01
6.500583e+13,5.675541e+01
2.335527e+13,2.546486e+01
2.478177e+13,7.899680e+01
2.535220e+14,8.000000e+01
6.910264e+14,8.000000e+01
6.910264e+14,8.000000e+01
5.020159e+16,8.000000e+01
6.351684e+13,3.831741e+01
6.728304e+13,4.065970e+01
1.542482e+13,7.899698e+01
3.922930e+13,5.000535e+00
3.922930e+13,6.283895e+01
9.297576e+13,7.669488e+01
2.756896e+13,7.898879e+01
1.438827e+14,7.801617e+01
2.056537e+13,7.899033e+01
2.809427e+13,7.899189e+01
3.076291e+13,3.399319e+01
2.589962e+14,4.714603e+01
4.358988e+14,8.000000e+01
1.229881e+14,8.000000e+01
7.025206e+13,4.996878e+01
2.953855e+14,8.000000e+01
1.038316e+15,7.657476e+01
2.360506e+13,2.534474e+01
1.183160e+14,3.100000e+01
3.797596e+13,4.999666e+00
3.797596e+13,5.000153e+00
8.435809e+13,6.882719e+01
5.400805e+13,3.753665e+01
2.904092e+13,7.899634e+01
1.529203e+14,8.000000e+01
1.529203e+14,8.000000e+01
1.035046e+14,4.708597e+01
4.182014e+13,3.585500e+01
3.358917e+14,8.000000e+01
9.639752e+13,8.000000e+01
9.639752e+13,8.000000e+01
9.639752e+13,8.000000e+01
7.044369e+13,5.068949e+01
3.606622e+13,3.447366e+01
1.287980e+13,7.899115e+01
2.058210e+14,8.000000e+01
2.058210e+14,8.000000e+01
1.544613e+14,5.885746e+01
1.342324e+14,6.089945e+01
1.385906e+15,8.000000e+01
2.648821e+14,8.000000e+01
2.342566e+13,7.918857e+01
2.358239e+14,6.678520e+01
8.058952e+14,8.000000e+01
3.257811e+13,3.345266e+01
6.901261e+13,4.108011e+01
2.800196e+13,7.898344e+01
1.295527e+13,7.893059e+01
1.337677e+14,8.000000e+01
1.337677e+14,8.000000e+01
1.882134e+14,6.516362e+01
2.286197e+13,3.893879e+01
1.076336e+13,7.895443e+01
3.151640e+13,2.918850e+01
2.623970e+13,7.899400e+01
6.916987e+13,4.252151e+01
7.186091e+13,4.077981e+01
5.051938e+13,3.657571e+01
3.483730e+13,5.000024e+00
3.483730e+13,7.897290e+01
3.968425e+13,4.071975e+01
5.480026e+13,6.486332e+01
1.709236e+13,7.898797e+01
2.734565e+13,2.804738e+01
7.014929e+14,8.000000e+01
7.014929e+14,8.000000e+01
2.013795e+13,7.897581e+01
2.712249e+13,2.804738e+01
1.249790e+13,7.899135e+01
9.964896e+13,4.474368e+01
3.317771e+14,8.000000e+01
3.720807e+14,8.000000e+01
2.514725e+13,7.899911e+01
3.600148e+13,3.387307e+01
6.622151e+13,3.945852e+01
2.872006e+13,7.899286e+01
3.862325e+14,8.000000e+01
3.862325e+14,8.000000e+01
5.456329e+13,4.516409e+01
1.191269e+14,7.537359e+01
1.398201e+14,8.000000e+01
3.421285e+13,7.926489e+01
2.317830e+13,2.600539e+01
1.494669e+14,8.000000e+01
1.494669e+14,8.000000e+01
1.862058e+13,7.899367e+01
8.027442e+13,5.933793e+01
8.027442e+13,5.933793e+01
6.908005e+13,4.690579e+01
8.682213e+18,8.000000e+01
1.619213e+13,7.898317e+01
9.412449e+13,4.306204e+01
1.068383e+13,7.899866e+01
1.369168e+13,7.899887e+01
9.886083e+13,4.360257e+01
3.694588e+13,3.105031e+01
1.299215e+13,7.899245e+01
8.364930e+13,5.945805e+01
4.788358e+13,3.357278e+01
3.405205e+13,7.855028e+01
3.626818e+14,8.000000e+01
3.626818e+14,8.000000e+01
3.626818e+14,8.000000e+01
3.626818e+14,8.000000e+01
3.219051e+14,7.249077e+01
2.839353e+13,2.744680e+01
6.353724e+13,5.477347e+01
2.611462e+15,8.000000e+01
2.611462e+15,8.000000e+01
1.636817e+13,7.899653e+01
5.335047e+13,3.819729e+01
1.607874e+13,7.899052e+01
3.043261e+13,2.990920e+01
3.259475e+13,2.966897e+01
1.884006e+13,4.998378e+00
5.176079e+13,4.390286e+01
3.109304e+13,3.609524e+01
1.060332e+14,6.216069e+01
7.558194e+13,6.017875e+01
3.381926e+13,7.899778e+01
2.224193e+13,7.893226e+01
3.296943e+13,2.840773e+01
8.762394e+13,6.684526e+01
7.797612e+13,6.119975e+01
5.066820e+13,3.459377e+01
2.226799e+13,7.899033e+01
2.656042e+14,8.000000e+01
2.656042e+14,8.000000e+01
2.656042e+14,8.000000e+01
1.005793e+14,6.089945e+01
1.005793e+14,6.089945e+01
8.731687e+13,7.513335e+01
8.731687e+13,7.513335e+01
7.856642e+13,7.291118e+01
1.456972e+14,8.000000e+01
1.350367e+14,7.899493e+01
6.185077e+13,6.366215e+01
8.099283e+13,8.000000e+01
8.099283e+13,8.000000e+01
1.788809e+13,7.899734e+01
2.543235e+13,2.298999e+01
6.087731e+13,8.000000e+01
9.730518e+13,6.426274e+01
4.580048e+13,4.005911e+01
2.580352e+14,8.000000e+01
2.580352e+14,8.000000e+01
2.580352e+14,8.000000e+01
6.896690e+13,4.486380e+01
3.010529e+13,7.896524e+01
2.549983e+14,8.000000e+01
1.134674e+15,8.000000e+01
3.473159e+14,6.522368e+01
2.536303e+13,7.899227e+01
1.537874e+13,7.899733e+01
1.746998e+13,7.898737e+01
9.982410e+13,4.390286e+01
1.216819e+14,5.316401e+01
3.953229e+16,7.393218e+01
6.476689e+13,5.987846e+01
1.808572e+13,7.895039e+01
1.760905e+14,6.354203e+01
1.084748e+15,8.000000e+01
1.084748e+15,8.000000e+01
1.084748e+15,8.000000e+01
1.084748e+15,8.000000e+01
2.870454e+13,7.899218e+01
9.719490e+13,8.000000e+01
9.719490e+13,7.956356e+01
1.907565e+13,7.893783e+01
5.443131e+13,5.050931e+01
1.325948e+13,7.899843e+01
6.166040e+13,3.700000e+01
2.462223e+14,6.396245e+01
3.132293e+14,8.000000e+01
3.132293e+14,8.000000e+01
1.357909e+13,7.899562e+01
1.463285e+14,6.354203e+01
1.060752e+14,5.927787e+01
1.862587e+13,7.899509e+01
1.190858e+14,8.000000e+01
2.514771e+13,7.899298e+01
4.300402e+13,4.630521e+01
5.215422e+13,4.726614e+01
3.148721e+13,3.243166e+01
1.709669e+13,7.899767e+01
1.364442e+13,7.899395e+01
1.763785e+13,7.899120e+01
1.557894e+13,7.894057e+01
4.850631e+13,4.990872e+01
1.223229e+14,8.000000e+01
2.661332e+13,7.899499e+01
2.174128e+13,7.899418e+01
8.017116e+13,5.801664e+01
8.017116e+13,5.801664e+01
8.768938e+13,5.225101e+01
3.500589e+13,3.423342e+01
2.175690e+13,7.899615e+01
1.840480e+13,7.899715e+01
2.461165e+13,7.899166e+01
1.910504e+14,8.000000e+01
1.045238e+14,8.000000e+01
1.045238e+14,8.000000e+01
4.383780e+13,3.123049e+01
1.172760e+13,7.899702e+01
7.178144e+13,5.080960e+01
7.334935e+13,5.339213e+01
7.476551e+14,8.000000e+01
3.019980e+13,7.896369e+01
1.530824e+13,7.899867e+01
1.634626e+13,7.898259e+01
7.256405e+13,5.891752e+01
3.677766e+13,3.429348e+01
5.860628e+13,4.216116e+01
2.387868e+15,8.000000e+01
2.387868e+15,8.000000e+01
1.380711e+14,5.297172e+01
1.012730e+14,4.894779e+01
2.031124e+13,7.899604e+01
7.369033e+13,8.000000e+01
7.369033e+13,8.000000e+01
2.136731e+13,7.899538e+01
2.899715e+13,2.888820e+01
1.336028e+13,7.899826e+01
3.932551e+14,8.000000e+01
3.932551e+14,8.000000e+01
3.932551e+14,8.000000e+01
2.571128e+13,2.816750e+01
2.410101e+13,7.898925e+01
5.023918e+13,4.999691e+00
1.081813e+13,7.897492e+01
3.168346e+13,3.423342e+01
1.865834e+13,7.898132e+01
4.364453e+13,4.077981e+01
1.059070e+14,7.729546e+01
1.334551e+15,8.000000e+01
1.358999e+13,7.899291e+01
4.099513e+13,4.348245e+01
5.421510e+14,8.000000e+01
3.578504e+13,2.990920e+01
1.088562e+13,7.899704e+01
6.987420e+13,4.618509e+01
5.074802e+13,5.000084e+00
5.074802e+13,4.999850e+00
1.791575e+13,7.899615e+01
7.089009e+14,8.000000e+01
3.740127e+14,8.000000e+01
5.005268e+13,4.999931e+00
1.436305e+13,7.899487e+01
1.488431e+13,7.899599e+01
1.494976e+13,7.899482e+01
5.060409e+14,7.062895e+01
6.320548e+13,6.023881e+01
3.410515e+13,7.899730e+01
7.535198e+13,4.618509e+01
2.105087e+14,8.000000e+01
2.105087e+14,8.000000e+01
3.526688e+13,2.954885e+01
3.729740e+13,3.189113e+01
6.074570e+13,7.399224e+01
1.228587e+13,7.899151e+01
2.587922e+14,5.000017e+00
2.587922e+14,8.000000e+01
2.587922e+14,8.000000e+01
4.623549e+14,6.486332e+01
1.749308e+13,7.898394e+01
2.900354e+13,2.828762e+01
2.815689e+14,8.000000e+01
2.815689e+14,8.000000e+01
1.122416e+13,7.899649e+01
2.616878e+13,3.393313e+01
1.681397e+13,7.899857e+01
5.401073e+13,2.696557e+01
6.404676e+14,8.000000e+01
1.842144e+14,7.104936e+01
1.416321e+14,6.462309e+01
2.462441e+13,7.897685e+01
1.249336e+14,5.000016e+00
1.249336e+14,8.000000e+01
1.641064e+13,7.899249e+01
5.035892e+13,4.654544e+01
2.086962e+13,7.899538e+01
5.069747e+13,3.951858e+01
1.024559e+14,5.074955e+01
3.637900e+13,2.894826e+01
1.050918e+14,7.741558e+01
1.050918e+14,7.741558e+01
6.346067e+13,4.534427e+01
4.160173e+13,3.267190e+01
1.653093e+13,7.898912e+01
3.765588e+13,3.044973e+01
1.375253e+14,5.098978e+01
2.461677e+14,8.000000e+01
2.954541e+13,7.899540e+01
2.646899e+13,6.777875e+01
7.493291e+13,6.984819e+01
1.832061e+14,8.000000e+01
5.431829e+13,3.849758e+01
8.207721e+13,4.900785e+01
9.598844e+13,8.000000e+01
9.598844e+13,8.000000e+01
2.451604e+14,8.000000e+01
2.451604e+14,8.000000e+01
3.890076e+14,8.000000e+01
3.890076e+14,8.000000e+01
3.034276e+13,3.044973e+01
5.856185e+18,8.000000e+01
5.856185e+18,8.000000e+01
2.551293e+14,7.591411e+01
1.862384e+14,5.123001e+01
3.952743e+13,3.471389e+01
2.844833e+13,2.678615e+01
2.168112e+13,2.298319e+01
1.783325e+13,7.898947e+01
1.385639e+13,7.899667e+01
3.738964e+13,7.896868e+01
9.265150e+14,8.000000e+01
9.265150e+14,8.000000e+01
1.318445e+15,8.000000e+01
3.059679e+13,5.000102e+00
1.235401e+13,7.897836e+01
3.384773e+14,7.297124e+01
1.264149e+14,5.675541e+01
7.510744e+13,6.468315e+01
7.510744e+13,6.468315e+01
4.854287e+13,4.474368e+01
5.296318e+13,3.675588e+01
1.309539e+14,7.339165e+01
1.489001e+13,7.899820e+01
8.688266e+13,7.633452e+01
8.688266e+13,7.633452e+01
4.618042e+13,7.890094e+01
8.226314e+13,7.897397e+01
8.226314e+13,7.898594e+01
1.032177e+14,8.000000e+01
4.103760e+13,4.810697e+01
9.260337e+13,4.564456e+01
3.564316e+14,8.000000e+01
3.564316e+14,8.000000e+01
3.564316e+14,8.000000e+01
2.124594e+13,7.899819e+01
5.794179e+14,8.000000e+01
5.794179e+14,8.000000e+01
2.213769e+13,7.897693e+01
2.875474e+13,2.942873e+01
1.245285e+13,7.899374e+01
3.713857e+13,3.243166e+01
7.811716e+13,8.000000e+01
7.811716e+13,8.000000e+01
1.077367e+13,7.897942e+01
3.580340e+17,8.000000e+01
3.580340e+17,8.000000e+01
3.580340e+17,8.000000e+01
2.231004e+14,8.000000e+01
9.744288e+13,4.954837e+01
3.748444e+13,4.097980e+01
3.846737e+13,3.345266e+01
9.130232e+14,8.000000e+01
9.130232e+14,8.000000e+01
7.936583e+13,4.672562e+01
1.085878e+14,8.000000e+01
1.291363e+13,7.879731e+01
5.876664e+13,4.005911e+01
2.150923e+13,7.898295e+01
1.091781e+14,4.426321e+01
4.591144e+13,4.999992e+00
4.591144e+13,7.899134e+01
1.585848e+14,8.000000e+01
1.585848e+14,8.000000e+01
8.771990e+14,8.000000e+01
3.731825e+13,3.495412e+01
2.518896e+13,2.558498e+01
2.350109e+13,7.899603e+01
5.404820e+13,5.050931e+01
3.571677e+13,7.899124e+01
2.133607e+13,4.999703e+00
3.447354e+13,4.998883e+00
9.345668e+13,7.681499e+01
1.326715e+14,6.918755e+01
2.055480e+13,7.896188e+01
1.964157e+13,7.899372e+01
1.692110e+13,7.889788e+01
3.537180e+13,3.813723e+01
4.577839e+14,8.000000e+01
4.577839e+14,8.000000e+01
1.479211e+13,7.899894e+01
2.776169e+14,8.000000e+01
2.776169e+14,8.000000e+01
2.776169e+14,8.000000e+01
1.238474e+14,5.279154e+01
4.642809e+13,3.159084e+01
2.460856e+13,7.899372e+01
2.415520e+13,2.678615e+01
2.256598e+13,7.899038e+01
1.719721e+13,7.899793e+01
2.365505e+14,6.894731e+01
2.677578e+13,2.552492e+01
5.274101e+13,3.939846e+01
3.238750e+13,2.744680e+01
1.221063e+14,6.125981e+01
1.119007e+13,7.899102e+01
9.331239e+13,4.972855e+01
5.869052e+13,5.867729e+01
3.846153e+13,3.747659e+01
1.250389e+13,7.899803e+01
4.267323e+13,3.237160e+01
7.581458e+13,7.898778e+01
7.581458e+13,7.898001e+01
4.407760e+14,8.000000e+01
4.407760e+14,8.000000e+01
2.700813e+14,6.822661e+01
1.607572e+13,7.898735e+01
5.381922e+13,3.783694e+01
3.327714e+14,8.000000e+01
1.773885e+13,7.899797e+01
2.961943e+13,4.999218e+00
1.374015e+14,8.000000e+01
1.374015e+14,8.000000e+01
8.983741e+15,8.000000e+01
1.856237e+13,7.899617e+01
8.485830e+13,5.207084e+01
1.259954e+13,7.899418e+01
1.853950e+13,7.899063e+01
1.837797e+13,4.999451e+00
1.293424e+14,5.615482e+01
8.688892e+13,6.426274e+01
7.997583e+13,7.026860e+01
1.343225e+13,7.899807e+01
2.368757e+13,7.897341e+01
3.000355e+13,7.899095e+01
3.474464e+13,3.123049e+01
4.165524e+13,4.999034e+00
1.677673e+13,7.898309e+01
2.227427e+14,8.000000e+01
2.227427e+14,8.000000e+01
2.973975e+13,7.898420e+01
1.503254e+14,5.189066e+01
1.419132e+14,5.351224e+01
7.014331e+13,3.657571e+01
5.439088e+14,8.000000e+01
3.561010e+13,7.899770e+01
2.242240e+14,7.729546e+01
1.443996e+13,7.899349e+01
3.669850e+13,7.899144e+01
6.689542e+13,5.789652e+01
6.689542e+13,5.789652e+01
5.974938e+13,5.783646e+01
3.531432e+13,3.633547e+01
1.453551e+13,7.894002e+01
1.352702e+13,7.898655e+01
3.906660e+15,8.000000e+01
1.570177e+13,7.899823e+01
6.544918e+13,4.047952e+01
1.148509e+13,7.899803e+01
5.417730e+13,3.119446e+01
1.694251e+13,7.899199e+01
2.793270e+13,7.929742e+01
1.934320e+13,7.889646e+01
6.220996e+13,4.999962e+00
6.220996e+13,4.999955e+00
1.368540e+13,7.898837e+01
1.124806e+14,4.774661e+01
7.309693e+13,6.612456e+01
2.570360e+13,2.732668e+01
1.613951e+14,6.528374e+01
3.180705e+13,4.998892e+00
1.829970e+13,7.899547e+01
2.479783e+13,2.666603e+01
1.312951e+14,4.894779e+01
1.449825e+13,7.899185e+01
5.885332e+13,4.999993e+00
5.885332e+13,7.098931e+01
1.780903e+13,7.899095e+01
4.365334e+13,3.273196e+01
1.168211e+13,7.899687e+01
2.260277e+13,6.503362e+01
4.220669e+13,3.897805e+01
1.395323e+13,7.898824e+01
1.290854e+13,7.899278e+01
6.572064e+13,4.258157e+01
3.349457e+14,8.000000e+01
2.473814e+13,2.618556e+01
1.330947e+14,4.726614e+01
5.450686e+13,5.321195e+01
2.464875e+14,6.113969e+01
3.823887e+13,7.899847e+01
3.823887e+13,7.899699e+01
1.007853e+14,5.213089e+01
1.346294e+13,7.898404e+01
3.612437e+13,2.912844e+01
3.085467e+13,2.786721e+01
1.586673e+14,6.612456e+01
4.831544e+13,3.441360e+01
2.948142e+13,2.990920e+01
1.999348e+13,7.899499e+01
7.042590e+13,5.297172e+01
1.469047e+13,7.898240e+01
1.952150e+14,7.333159e+01
1.277145e+13,7.899747e+01
4.527822e+13,3.441360e+01
7.570389e+13,4.144046e+01
5.334632e+13,5.141019e+01
7.558113e+13,5.501371e+01
5.839780e+13,6.017875e+01
3.869860e+13,7.898949e+01
1.159836e+14,8.000000e+01
1.159836e+14,8.000000e+01
7.357326e+13,4.023928e+01
2.138701e+13,7.899653e+01
2.840523e+13,7.898247e+01
3.963773e+13,3.549465e+01
1.925948e+13,7.899333e+01
2.083752e+13,7.898878e+01
9.349743e+13,5.525394e+01
9.061341e+17,8.000000e+01
9.061341e+17,8.000000e+01
9.061341e+17,8.000000e+01
9.061341e+17,8.000000e+01
9.061341e+17,8.000000e+01
9.061341e+17,8.000000e+01
9.061341e+17,8.000000e+01
1.031821e+14,6.492338e+01
1.479785e+13,7.899783e+01
5.044948e+13,4.348245e+01
1.312660e+13,7.899242e+01
1.123106e+14,8.000000e+01
1.123106e+14,8.000000e+01
1.921525e+13,7.899342e+01
1.292886e+14,7.669488e+01
3.349711e+13,3.471389e+01
8.694340e+13,4.570462e+01
1.367740e+13,7.899876e+01
3.199674e+13,3.087014e+01
2.768541e+13,2.744680e+01
6.082984e+13,4.102005e+01
3.061966e+13,2.750685e+01
1.043493e+14,7.008843e+01
1.043493e+14,7.008843e+01
1.650025e+14,8.000000e+01
1.650025e+14,8.000000e+01
1.650025e+14,8.000000e+01
1.611658e+13,7.899840e+01
2.383261e+13,7.899161e+01
2.562121e+13,7.898784e+01
4.579284e+13,4.684573e+01
1.527640e+13,7.898487e+01
4.746210e+14,8.000000e+01
1.482627e+13,7.899668e+01
2.519652e+13,7.895919e+01
4.800507e+15,8.000000e+01
4.800507e+15,8.000000e+01
1.280466e+14,7.092925e+01
1.061684e+14,8.000000e+01
1.061684e+14,8.000000e+01
1.289908e+13,7.898777e+01
9.138084e+13,6.204057e+01
9.138084e+13,6.204057e+01
1.393507e+14,5.717582e+01
5.284966e+13,3.891799e+01
3.664826e+13,3.807717e+01
1.496872e+13,7.899460e+01
4.788655e+19,8.000000e+01
4.788655e+19,8.000000e+01
2.956584e+13,3.687600e+01
2.343231e+13,7.898656e+01
3.857031e+14,8.000000e+01
6.359324e+13,4.095999e+01
3.763631e+13,3.933841e+01
2.312155e+13,7.899523e+01
4.121364e+13,4.810697e+01
1.168589e+14,8.000000e+01
1.168589e+14,8.000000e+01
8.592776e+13,6.654497e+01
2.726120e+14,8.000000e+01
2.726120e+14,8.000000e+01
1.190111e+14,8.000000e+01
4.343727e+14,8.000000e+01
3.317041e+14,8.000000e+01
2.099466e+13,7.891651e+01
1.476509e+14,8.000000e+01
5.367576e+14,8.000000e+01
3.552888e+13,3.279201e+01
3.781573e+13,4.678568e+01
1.786264e+14,8.000000e+01
1.786264e+14,8.000000e+01
3.638429e+13,3.513430e+01
1.592762e+13,7.899307e+01
1.726009e+14,8.000000e+01
1.726009e+14,8.000000e+01
4.433677e+14,8.000000e+01
1.168015e+14,4.942826e+01
1.036985e+14,7.777593e+01
1.301685e+13,7.899710e+01
4.279400e+13,3.237160e+01
6.203026e+13,6.041899e+01
2.499441e+14,7.351177e+01
2.180155e+13,7.898862e+01
1.331065e+13,7.899672e+01
2.203812e+14,6.510356e+01
1.299940e+20,8.000000e+01
1.299940e+20,8.000000e+01
1.299940e+20,8.000000e+01
1.299940e+20,8.000000e+01
1.299940e+20,8.000000e+01
1.299940e+20,8.000000e+01
1.299940e+20,8.000000e+01
1.299940e+20,8.000000e+01
1.299940e+20,8.000000e+01
4.094739e+13,3.423342e+01
3.354887e+14,7.098931e+01
5.755629e+13,4.390286e+01
3.916811e+13,3.093020e+01
1.034436e+14,7.585405e+01
3.923087e+13,3.417336e+01
1.847778e+13,7.899513e+01
1.516647e+14,6.666508e+01
1.516647e+14,6.666508e+01
4.930745e+14,8.000000e+01
4.930745e+14,8.000000e+01
1.138772e+13,7.899745e+01
2.786753e+13,4.999910e+00
3.346552e+13,7.895916e+01
4.633609e+13,4.360257e+01
1.510293e+14,4.120022e+01
8.489241e+13,4.300000e+01
1.111939e+14,5.423295e+01
2.026519e+13,7.899076e+01
3.850130e+14,8.000000e+01
6.589397e+14,8.000000e+01
6.589397e+14,8.000000e+01
2.750409e+13,7.899390e+01
2.750409e+13,4.999999e+00
1.368671e+13,7.899715e+01
1.360636e+15,8.000000e+01
2.252587e+13,5.000022e+00
1.010269e+14,7.783599e+01
1.010269e+14,7.783599e+01
1.700065e+13,7.899571e+01
3.016800e+13,2.972902e+01
4.246228e+13,3.375295e+01
2.205191e+13,7.898012e+01
1.287863e+14,4.972855e+01
1.930102e+13,7.897391e+01
1.682769e+13,7.899775e+01
2.664965e+15,8.000000e+01
2.664965e+15,8.000000e+01
2.664965e+15,8.000000e+01
6.317992e+13,7.899418e+01
2.023441e+13,7.899573e+01
2.376098e+14,8.000000e+01
2.376098e+14,8.000000e+01
3.211751e+13,4.672562e+01
2.150938e+13,7.898507e+01
1.966409e+13,7.899538e+01
4.337841e+13,3.255178e+01
3.744922e+13,7.897001e+01
1.345591e+13,7.899786e+01
3.310593e+13,3.693606e+01
1.630491e+14,8.000000e+01
1.630491e+14,8.000000e+01
1.451828e+13,7.898722e+01
3.013016e+13,2.876809e+01
1.728371e+13,7.897242e+01
1.548619e+13,7.899572e+01
8.586418e+13,5.561430e+01
1.530134e+13,7.899752e+01
6.975577e+13,6.726567e+01
3.436291e+14,8.000000e+01
1.284100e+14,5.735600e+01
4.100551e+13,3.351272e+01
1.848980e+14,2.900000e+01
2.918795e+13,7.899075e+01
1.078741e+13,7.898894e+01
5.084207e+14,7.693511e+01
2.761641e+14,8.000000e+01
2.761641e+14,8.000000e+01
6.816986e+13,3.993899e+01
2.659782e+14,8.000000e+01
1.979881e+13,7.899825e+01
4.795191e+14,8.000000e+01
5.514981e+13,4.708597e+01
5.374332e+13,3.951858e+01
5.531845e+14,8.000000e+01
4.262612e+13,3.813723e+01
9.736361e+13,4.999760e+00
9.736361e+13,5.000091e+00
3.125922e+13,7.895275e+01
2.459349e+13,2.804738e+01
7.993329e+13,5.177054e+01
1.128423e+14,8.000000e+01
1.923120e+13,2.706522e+01
2.272631e+14,6.660503e+01
8.963912e+13,5.741605e+01
8.189544e+13,6.894731e+01
8.647221e+13,4.089993e+01
2.286760e+13,7.898330e+01
5.151179e+14,8.000000e+01
2.066187e+14,7.122954e+01
2.191733e+13,6.506785e+01
1.089835e+14,8.000000e+01
2.058679e+13,7.899108e+01
2.346724e+14,5.747611e+01
1.354780e+14,5.705570e+01
2.732456e+13,2.918850e+01
3.417764e+14,8.000000e+01
1.552198e+13,7.899816e+01
1.733202e+14,6.143998e+01
1.341812e+14,6.708549e+01
1.480244e+13,7.898429e+01
2.412851e+13,2.462404e+01
4.597935e+13,4.336233e+01
2.989554e+13,2.972902e+01
4.668142e+13,3.621536e+01
1.130353e+15,8.000000e+01
1.228049e+14,6.654497e+01
4.859925e+13,3.183108e+01
1.546463e+13,7.896763e+01
1.139797e+16,8.000000e+01
9.806707e+12,7.899860e+01
7.445226e+13,4.630521e+01
1.832094e+13,7.899465e+01
1.493564e+13,7.899599e+01
1.216376e+13,7.899839e+01
9.412363e+13,6.438286e+01
9.412363e+13,6.438286e+01
6.048275e+14,8.000000e+01
6.048275e+14,8.000000e+01
9.580390e+13,7.897710e+01
3.427272e+13,7.898719e+01
1.851363e+14,5.303177e+01
1.577707e+14,5.927787e+01
5.601011e+13,3.951858e+01
1.437741e+20,8.000000e+01
1.437741e+20,8.000000e+01
1.437741e+20,8.000000e+01
1.437741e+20,8.000000e+01
1.427241e+13,7.896965e+01
1.381955e+13,7.899718e+01
4.977017e+13,4.198099e+01
7.804624e+13,5.633500e+01
5.299721e+14,6.900737e+01
1.178578e+14,8.000000e+01
8.184286e+13,5.741605e+01
1.858421e+13,7.898845e+01
2.207151e+13,7.898749e+01
3.333263e+13,7.899160e+01
5.611551e+13,5.141019e+01
3.626016e+13,5.116996e+01
7.359719e+13,8.000000e+01
7.359719e+13,7.898860e+01
2.565664e+14,5.789652e+01
4.708193e+13,3.159084e+01
2.695607e+15,7.459282e+01
1.217330e+14,7.585405e+01
5.966312e+13,7.741558e+01
1.793743e+14,8.000000e+01
1.793743e+14,8.000000e+01
2.148472e+14,8.000000e+01
1.575299e+13,7.899003e+01
1.226131e+13,4.694901e+01
5.540095e+13,4.432327e+01
1.292720e+13,7.899724e+01
1.641396e+21,8.000000e+01
1.641396e+21,8.000000e+01
1.355121e+13,7.899208e+01
5.429305e+13,4.276175e+01
1.419152e+13,7.899585e+01
1.776652e+13,7.899503e+01
7.895070e+13,4.300198e+01
4.408127e+13,4.234134e+01
3.277653e+13,3.111037e+01
9.594077e+13,5.873734e+01
2.635365e+13,7.897915e+01
1.737019e+14,8.000000e+01
1.310878e+14,5.213089e+01
5.367452e+15,8.000000e+01
5.192168e+13,2.699014e+01
1.744967e+13,7.895370e+01
1.138483e+14,8.000000e+01
5.789320e+13,3.393313e+01
1.470757e+14,6.510356e+01
2.415725e+13,7.898911e+01
1.484898e+13,7.899062e+01
4.534494e+13,4.132034e+01
2.700011e+13,2.990920e+01
1.277878e+14,6.156010e+01
2.258180e+13,2.420363e+01
1.896010e+14,6.540385e+01
2.015445e+13,4.997804e+00
2.199387e+13,5.818763e+01
1.037798e+14,6.402250e+01
1.831779e+13,7.896083e+01
1.235884e+13,7.899774e+01
6.061589e+13,7.899327e+01
9.528240e+13,5.927787e+01
4.054494e+15,8.000000e+01
9.385821e+13,6.930766e+01
9.327669e+14,8.000000e+01
6.010858e+13,3.813723e+01
3.873233e+14,8.000000e+01
3.873233e+14,8.000000e+01
7.979394e+13,3.933841e+01
3.865944e+13,4.053958e+01
1.387323e+13,7.899284e+01
4.664844e+13,3.597512e+01
3.111827e+13,7.893944e+01
2.203507e+13,7.893569e+01
1.309035e+13,7.899099e+01
2.016048e+13,7.899359e+01
6.836599e+13,5.000504e+00
6.836599e+13,7.885949e+01
1.723383e+13,7.895063e+01
4.503379e+13,3.056984e+01
3.433672e+13,3.753665e+01
2.408688e+13,2.648586e+01
8.998866e+13,4.990872e+01
1.593243e+13,7.889898e+01
8.793052e+13,8.000000e+01
1.730956e+13,7.897166e+01
3.013879e+13,4.999816e+00
4.845204e+15,8.000000e+01
8.456172e+13,4.126028e+01
2.120439e+14,8.000000e+01
2.120439e+14,8.000000e+01
8.014049e+13,4.666556e+01
3.140365e+13,3.387307e+01
3.303771e+13,7.698021e+01
3.303771e+13,6.301550e+01
2.332277e+13,7.899211e+01
2.095923e+14,6.882719e+01
2.383813e+14,6.354203e+01
4.479750e+13,3.777688e+01
1.116105e+13,7.456052e+01
9.935394e+13,4.402298e+01
3.444746e+13,7.899695e+01
7.175075e+13,6.684526e+01
7.519131e+13,3.963870e+01
1.983227e+13,7.899474e+01
5.976470e+13,4.612503e+01
1.202910e+14,6.252104e+01
4.390060e+13,4.366263e+01
2.263165e+13,2.588527e+01
3.642331e+13,3.693606e+01
2.448174e+13,7.718668e+01
5.976298e+13,7.899153e+01
4.971408e+13,6.834673e+01
2.151363e+14,6.216069e+01
3.880708e+13,3.231155e+01
3.330591e+13,3.201125e+01
6.453253e+14,8.000000e+01
1.173316e+13,4.708672e+01
5.115836e+13,3.483401e+01
2.745752e+14,8.000000e+01
9.584498e+12,7.899776e+01
1.997592e+13,7.895900e+01
2.896593e+13,7.898974e+01
2.851092e+13,3.255178e+01
2.756086e+13,7.899604e+01
3.350877e+13,3.441360e+01
2.673747e+13,7.899239e+01
1.245714e+13,7.899841e+01
1.792739e+14,8.000000e+01
2.077897e+13,7.899574e+01
5.802073e+13,4.336233e+01
6.749139e+13,5.213089e+01
1.322032e+14,7.122954e+01
1.654913e+13,5.000291e+00
1.653550e+13,7.897105e+01
4.958076e+13,4.564456e+01
1.009807e+14,7.471294e+01
1.009807e+14,7.471294e+01
4.973471e+13,3.747659e+01
1.488347e+13,7.886700e+01
3.586419e+13,4.108011e+01
1.362510e+14,4.360257e+01
4.510698e+13,5.000064e+00
4.818436e+13,3.963870e+01
4.437845e+17,8.000000e+01
2.917048e+13,2.822756e+01
2.183605e+14,6.119975e+01
2.155407e+13,7.898673e+01
3.684213e+13,7.898939e+01
2.499186e+14,7.765581e+01
4.855797e+14,8.000000e+01
1.024241e+14,5.819682e+01
5.032947e+13,3.759670e+01
5.569307e+13,7.899619e+01
5.569307e+13,4.954837e+01
2.902858e+13,7.899535e+01
2.417962e+13,2.816750e+01
2.678935e+13,7.897927e+01
3.088699e+13,3.081008e+01
1.304019e+14,5.639506e+01
3.422205e+13,3.099026e+01
2.016632e+13,7.899445e+01
1.704559e+14,4.882767e+01
1.859648e+13,7.898653e+01
2.044459e+13,7.898532e+01
1.998247e+14,8.000000e+01
1.998247e+14,8.000000e+01
4.190763e+13,3.687600e+01
1.942790e+13,7.899698e+01
2.955200e+13,7.898880e+01
2.498228e+14,8.000000e+01
1.844273e+13,7.899804e+01
1.596986e+13,7.899770e+01
1.202257e+17,8.000000e+01
2.909207e+13,3.099026e+01
1.809688e+13,7.899616e+01
2.326394e+13,2.660597e+01
1.315115e+13,2.099731e+01
4.408461e+13,4.071975e+01
3.993256e+14,8.000000e+01
8.785881e+13,4.702591e+01
2.531599e+13,7.899728e+01
2.606323e+13,7.899771e+01
1.742046e+13,7.897020e+01
3.427260e+13,7.896849e+01
1.386138e+13,7.899690e+01
1.281320e+13,7.899175e+01
1.108900e+14,7.038872e+01
4.585920e+13,2.510451e+01
1.565080e+13,6.712042e+01
9.186569e+13,8.000000e+01
2.420455e+13,7.898849e+01
8.485188e+13,5.153031e+01
2.901338e+13,3.345266e+01
9.134234e+13,4.942826e+01
1.091393e+13,7.897625e+01
1.511472e+15,8.000000e+01
3.540557e+14,8.000000e+01
1.286874e+13,7.887169e+01
9.723884e+13,5.171048e+01
1.138545e+14,6.606450e+01
7.802652e+13,8.000000e+01
7.802652e+13,8.000000e+01
7.857294e+14,8.000000e+01
9.562650e+12,7.855806e+01
1.182502e+14,8.000000e+01
1.182502e+14,8.000000e+01
1.430022e+17,8.000000e+01
1.430022e+17,8.000000e+01
2.962692e+14,6.498344e+01
1.314604e+15,8.000000e+01
1.314604e+15,8.000000e+01
1.314604e+15,8.000000e+01
3.276912e+14,8.000000e+01
1.371734e+13,7.899671e+01
3.307000e+13,7.899935e+01
3.307000e+13,7.899718e+01
1.126153e+13,3.897352e+01
1.475249e+14,6.264116e+01
4.634267e+13,7.899464e+01
2.427056e+13,7.899455e+01
1.117991e+13,7.892613e+01
7.405529e+13,4.762650e+01
4.445931e+13,3.789700e+01
1.332318e+14,8.000000e+01
1.332318e+14,8.000000e+01
2.862850e+13,4.998330e+00
7.694891e+13,5.098978e+01
8.388938e+13,6.312162e+01
7.472840e+13,5.447318e+01
4.188856e+13,3.279201e+01
9.888375e+13,8.000000e+01
1.604993e+13,7.899631e+01
7.186130e+13,5.777641e+01
1.427511e+13,7.899326e+01
2.217087e+13,7.899867e+01
6.986399e+16,8.000000e+01
6.986399e+16,8.000000e+01
7.236720e+13,4.552444e+01
1.527204e+13,7.899462e+01
3.025591e+13,7.899310e+01
7.792141e+13,7.405230e+01
2.016622e+14,5.705570e+01
1.916473e+13,7.897118e+01
1.870933e+13,7.899450e+01
2.060992e+13,7.920558e+01
4.341231e+13,5.141019e+01
1.120041e+14,6.588432e+01
1.707394e+14,8.000000e+01
1.045120e+14,4.930814e+01
5.363047e+13,5.000002e+00
5.363047e+13,7.899922e+01
5.363047e+13,7.899873e+01
2.841410e+13,2.966897e+01
2.008470e+13,7.899107e+01
1.500402e+15,8.000000e+01
1.500402e+15,8.000000e+01
7.899322e+13,5.411283e+01
2.756977e+13,7.899718e+01
2.144702e+13,4.999020e+00
2.797410e+13,4.999332e+00
5.605174e+13,5.315189e+01
7.375792e+13,5.735600e+01
7.375792e+13,5.735600e+01
7.519825e+13,5.645512e+01
1.420726e+13,7.898332e+01
2.284224e+14,8.000000e+01
2.284224e+14,8.000000e+01
2.180693e+14,8.000000e+01
2.880969e+13,7.899063e+01
1.501874e+13,7.895502e+01
1.800575e+13,7.899451e+01
2.936454e+13,7.899604e+01
8.700838e+13,8.000000e+01
8.700838e+13,5.000007e+00
1.514129e+14,7.705523e+01
2.831830e+14,8.000000e+01
2.408130e+13,7.899616e+01
8.045184e+13,5.849711e+01
7.132699e+13,5.369242e+01
5.711715e+13,7.899424e+01
5.711715e+13,7.899163e+01
1.457633e+13,7.899302e+01
2.121754e+13,7.899594e+01
3.064065e+13,2.744680e+01
1.181964e+13,7.899786e+01
1.535472e+14,5.561430e+01
3.154761e+13,2.786721e+01
1.714102e+13,7.898361e+01
1.371658e+13,7.899844e+01
2.948405e+13,3.201125e+01
2.035344e+14,8.000000e+01
2.035344e+14,8.000000e+01
5.564388e+13,4.846732e+01
4.444244e+16,8.000000e+01
4.444244e+16,8.000000e+01
4.444244e+16,8.000000e+01
4.913893e+13,3.609524e+01
1.666783e+13,4.999936e+00
2.756353e+13,3.201125e+01
2.819455e+14,8.000000e+01
4.759118e+14,8.000000e+01
2.914709e+13,3.171096e+01
2.926678e+13,7.898896e+01
2.707974e+18,8.000000e+01
2.707974e+18,8.000000e+01
2.904589e+13,4.998318e+00
4.432981e+13,3.513430e+01
4.288390e+13,7.897551e+01
2.185618e+14,8.000000e+01
2.185618e+14,8.000000e+01
2.185618e+14,8.000000e+01
1.831592e+13,7.899626e+01
7.353762e+13,3.771682e+01
7.079715e+13,4.126028e+01
1.580841e+13,7.898174e+01
4.093131e+13,4.114016e+01
9.544112e+13,4.630521e+01
1.760896e+13,7.896488e+01
5.736447e+14,8.000000e+01
5.736447e+14,8.000000e+01
5.736447e+14,8.000000e+01
7.023802e+13,4.870755e+01
2.004980e+14,4.234134e+01
2.507524e+13,4.999951e+00
1.166218e+14,6.047904e+01
6.539795e+13,4.150052e+01
2.909679e+13,2.984914e+01
4.718111e+13,7.899736e+01
4.718111e+13,7.898745e+01
8.971809e+13,5.086966e+01
2.588703e+13,4.998957e+00
9.599490e+12,7.896670e+01
2.981195e+13,2.510451e+01
1.003091e+14,7.639458e+01
5.494146e+14,6.732573e+01
8.654584e+13,7.195024e+01
8.654584e+13,7.195024e+01
9.616546e+13,4.972855e+01
1.300704e+14,5.405277e+01
3.739331e+13,3.171096e+01
1.828418e+14,6.714555e+01
1.101427e+14,7.735552e+01
5.205463e+14,8.000000e+01
5.205463e+14,8.000000e+01
5.205463e+14,8.000000e+01
2.475915e+15,8.000000e+01
2.475915e+15,8.000000e+01
2.128290e+14,5.044925e+01
5.297158e+13,4.041946e+01
4.043203e+13,7.897905e+01
7.953992e+18,8.000000e+01
7.953992e+18,8.000000e+01
7.953992e+18,8.000000e+01
1.598882e+13,7.899662e+01
7.179659e+13,4.162063e+01
2.698381e+13,7.899653e+01
7.646931e+13,7.104936e+01
7.268758e+13,5.927787e+01
1.069437e+14,4.822708e+01
2.853973e+14,6.480327e+01
6.267836e+13,6.107963e+01
4.386329e+13,5.189066e+01
4.386329e+13,5.000010e+00
3.819068e+13,3.267190e+01
1.166080e+13,7.899492e+01
4.557392e+14,8.000000e+01
4.557392e+14,8.000000e+01
4.557392e+14,8.000000e+01
1.621577e+14,6.029887e+01
2.760507e+13,2.996926e+01
7.432270e+13,5.573441e+01
2.684855e+15,8.000000e+01
7.547224e+13,5.056937e+01
1.371119e+14,8.000000e+01
1.926631e+13,7.899569e+01
2.654452e+14,8.000000e+01
2.654452e+14,8.000000e+01
9.370731e+13,4.516409e+01
1.372498e+15,7.645464e+01
3.835500e+13,3.639553e+01
1.383700e+13,7.479915e+01
1.333195e+14,5.104984e+01
1.611916e+13,7.899713e+01
3.501198e+13,3.249172e+01
9.168530e+12,7.899560e+01
1.251441e+13,7.907712e+01
2.774241e+13,7.898430e+01
1.292182e+13,7.899753e+01
9.458130e+13,6.474321e+01
7.652185e+13,3.861770e+01
3.304808e+14,6.324174e+01
1.172420e+13,7.899662e+01
1.561308e+13,7.899362e+01
5.371280e+13,5.000022e+00
5.371280e+13,7.897490e+01
3.205957e+13,7.899531e+01
2.434616e+13,7.819314e+01
6.885235e+14,6.978813e+01
6.984308e+13,4.570462e+01
6.522588e+13,4.852738e+01
1.655559e+13,7.899578e+01
4.616584e+13,7.898650e+01
3.423801e+13,7.939207e+01
3.199494e+14,7.573394e+01
1.378071e+13,4.999768e+00
2.667097e+13,2.708644e+01
1.885790e+14,5.123001e+01
1.311410e+13,7.899714e+01
7.431494e+13,4.900785e+01
6.545581e+13,4.786673e+01
2.147012e+13,7.899318e+01
3.212950e+14,6.774614e+01
5.337824e+14,7.219048e+01
2.919782e+13,7.920472e+01
4.068112e+14,7.381206e+01
6.106125e+13,7.899620e+01
1.497253e+14,5.056937e+01
8.946106e+13,8.000000e+01
2.033759e+13,7.897044e+01
2.894096e+14,5.909770e+01
1.099135e+15,8.000000e+01
6.515231e+13,4.999622e+00
6.515231e+13,5.000174e+00
1.526861e+13,7.899838e+01
1.715684e+14,8.000000e+01
1.715684e+14,8.000000e+01
4.607371e+13,3.873782e+01
5.647945e+13,3.957864e+01
1.743208e+13,7.916348e+01
1.593293e+13,5.000000e+00
1.500919e+13,5.869284e+01
2.406863e+14,7.975787e+01
1.854833e+14,8.000000e+01
1.608774e+14,8.000000e+01
1.158405e+14,7.891704e+01
2.160178e+13,7.897256e+01
1.686776e+13,7.906105e+01
1.613469e+14,6.792631e+01
2.796912e+14,7.693511e+01
4.136128e+13,5.014896e+01
1.638392e+13,7.897332e+01
4.430034e+13,6.708549e+01
4.289142e+13,3.837747e+01
1.667678e+13,7.899271e+01
2.407073e+13,7.898811e+01
1.812560e+14,6.708549e+01
4.562473e+13,4.156057e+01
5.252345e+13,5.285160e+01
2.710853e+13,3.099026e+01
4.784325e+14,8.000000e+01
7.281986e+13,5.837699e+01
7.281986e+13,5.837699e+01
2.255740e+15,8.000000e+01
2.255740e+15,8.000000e+01
1.169364e+14,5.000045e+00
1.169364e+14,7.899243e+01
4.258759e+13,3.038967e+01
1.083642e+13,7.899831e+01
5.678306e+13,6.071928e+01
5.819885e+13,2.691635e+01
1.900698e+14,7.795611e+01
2.351254e+15,8.000000e+01
3.096602e+13,3.273196e+01
1.222105e+13,7.899812e+01
4.776320e+13,3.255178e+01
8.696467e+13,4.312210e+01
8.202638e+13,7.899594e+01
7.989500e+13,4.071975e+01
5.442449e+13,4.083987e+01
2.037118e+14,6.678520e+01
9.307686e+13,5.417289e+01
6.559650e+13,6.053910e+01
2.101723e+13,7.897571e+01
2.901262e+13,2.936867e+01
2.225088e+13,7.899380e+01
2.230386e+15,8.000000e+01
7.106910e+13,4.318216e+01
6.704986e+13,6.990825e+01
9.139817e+13,5.351224e+01
5.800452e+13,5.000004e+00
5.800452e+13,7.897199e+01
5.193557e+13,7.898572e+01
2.200194e+13,2.522463e+01
1.248010e+13,7.899714e+01
3.702780e+13,7.899687e+01
2.524587e+13,7.892043e+01
5.015962e+15,8.000000e+01
6.598246e+13,3.855764e+01
2.445699e+13,2.810744e+01
2.800344e+13,7.896287e+01
2.893332e+13,3.303225e+01
1.721099e+14,5.050931e+01
5.958838e+14,8.000000e+01
1.105954e+13,7.891678e+01
5.607669e+13,4.083987e+01
2.286262e+15,8.000000e+01
9.086863e+13,4.918802e+01
6.412661e+14,8.000000e+01
6.412661e+14,8.000000e+01
1.700951e+15,7.675493e+01
5.384022e+13,7.899260e+01
1.251194e+14,8.000000e+01
1.415916e+14,8.000000e+01
3.049359e+13,2.700000e+01
1.248748e+14,4.744632e+01
2.994732e+13,2.900832e+01
1.398767e+13,7.899704e+01
2.045424e+14,6.288139e+01
7.377060e+13,5.243119e+01
6.730221e+13,3.777688e+01
3.894010e+13,3.975882e+01
3.445452e+13,7.899604e+01
2.506512e+14,8.000000e+01
2.506512e+14,8.000000e+01
3.414746e+14,8.000000e+01
3.414746e+14,8.000000e+01
1.271059e+14,4.174075e+01
1.298259e+14,7.729546e+01
1.103286e+13,7.899139e+01
2.619882e+14,6.414262e+01
7.432509e+13,6.336186e+01
7.432509e+13,4.999631e+00
7.656612e+13,8.000000e+01
2.309011e+13,2.552492e+01
4.249034e+13,4.754272e+01
4.650745e+13,3.525442e+01
9.162037e+13,4.216116e+01
1.450124e+13,7.899350e+01
1.779482e+14,8.000000e+01
1.779482e+14,8.000000e+01
4.508340e+14,8.000000e+01
5.987229e+13,5.116996e+01
6.670396e+13,4.192093e+01
1.644943e+13,1.807765e+01
9.695365e+13,5.129007e+01
2.144330e+13,7.899708e+01
3.283294e+13,3.393313e+01
6.402557e+13,4.029934e+01
8.054070e+13,6.810649e+01
6.163562e+14,8.000000e+01
6.163562e+14,8.000000e+01
2.037253e+13,7.898508e+01
1.095546e+13,7.898950e+01
5.992173e+13,7.898858e+01
5.992173e+13,7.898999e+01
1.666717e+13,7.899465e+01
3.044441e+13,3.411330e+01
1.273861e+13,7.899239e+01
1.264326e+13,7.899743e+01
1.414778e+13,7.899713e+01
1.233499e+14,5.195072e+01
1.014825e+16,8.000000e+01
1.014825e+16,8.000000e+01
2.494445e+13,7.893370e+01
2.189582e+13,7.898062e+01
7.875628e+16,8.000000e+01
1.040042e+13,7.899750e+01
2.005795e+14,8.000000e+01
5.041139e+14,8.000000e+01
2.282725e+13,7.898138e+01
5.353172e+13,7.899530e+01
2.932684e+14,7.639458e+01
1.371272e+13,7.899084e+01
1.875961e+13,7.898919e+01
1.222089e+13,4.999621e+00
3.599455e+13,4.065970e+01
1.544659e+14,8.000000e+01
1.104641e+13,7.896833e+01
7.428512e+13,4.071975e+01
1.702350e+13,7.899609e+01
3.827774e+13,2.426369e+01
4.278310e+13,4.138040e+01
1.129489e+13,7.899862e+01
2.510788e+13,4.098861e+01
1.010265e+14,7.309136e+01
2.013671e+13,7.897043e+01
3.053864e+13,3.075002e+01
2.376282e+13,7.898857e+01
1.420917e+13,7.899815e+01
1.015861e+14,5.159037e+01
1.370053e+14,8.000000e+01
1.370053e+14,8.000000e+01
1.290478e+14,7.339165e+01
3.788641e+13,4.300000e+01
1.270609e+13,7.899420e+01
2.374640e+16,8.000000e+01
1.187374e+13,4.999690e+00
1.444474e+13,5.838224e+01
5.530714e+13,7.855669e+01
5.530714e+13,4.999993e+00
1.702073e+14,8.000000e+01
1.088330e+14,4.414310e+01
5.734603e+13,5.369242e+01
2.453631e+13,7.899150e+01
5.591806e+17,8.000000e+01
5.591806e+17,8.000000e+01
1.195812e+13,7.897952e+01
1.458640e+13,7.897685e+01
4.810092e+13,3.603518e+01
2.046408e+13,7.899322e+01
9.427702e+13,8.000000e+01
9.427702e+13,8.000000e+01
2.584656e+15,8.000000e+01
2.584656e+15,8.000000e+01
3.005965e+13,2.978908e+01
1.136803e+14,6.156010e+01
1.524330e+14,5.405277e+01
2.494233e+13,7.823376e+01
1.845947e+14,5.747611e+01
1.238704e+13,7.899880e+01
2.487707e+13,7.891121e+01
5.482184e+13,6.630473e+01
2.336750e+13,3.299255e+01
2.076130e+14,8.000000e+01
2.076130e+14,8.000000e+01
2.076130e+14,8.000000e+01
3.823647e+14,8.000000e+01
8.756398e+16,8.000000e+01
5.075281e+13,3.549465e+01
6.840020e+13,4.582474e+01
2.586495e+13,2.774709e+01
1.520409e+14,8.000000e+01
1.520409e+14,8.000000e+01
2.652644e+13,7.899638e+01
2.310998e+14,6.156010e+01
2.829285e+13,2.552492e+01
2.068436e+13,7.905391e+01
2.688753e+13,7.887863e+01
6.172073e+13,6.486332e+01
4.523093e+14,8.000000e+01
2.293600e+14,5.477347e+01
2.383618e+13,2.714650e+01
1.204844e+14,8.000000e+01
1.204844e+14,8.000000e+01
1.546658e+14,5.867729e+01
1.951869e+14,5.032914e+01
1.449278e+14,8.000000e+01
1.449278e+14,8.000000e+01
1.449278e+14,8.000000e+01
2.304953e+16,8.000000e+01
1.488314e+13,7.899689e+01
1.045949e+14,6.119975e+01
7.325827e+13,5.777641e+01
4.373845e+13,3.675588e+01
1.269430e+14,4.504398e+01
1.165043e+13,7.899562e+01
7.000873e+13,6.360209e+01
8.630179e+13,7.500000e+01
3.934248e+14,7.291118e+01
3.077680e+14,8.000000e+01
3.077680e+14,8.000000e+01
3.077680e+14,8.000000e+01
2.452635e+13,7.899471e+01
2.252121e+13,7.899013e+01
5.600628e+13,4.846732e+01
2.365093e+13,7.927019e+01
4.029504e+13,7.889897e+01
1.618104e+13,7.899670e+01
1.071183e+14,8.000000e+01
1.365062e+13,7.898249e+01
8.950182e+15,8.000000e+01
8.950182e+15,8.000000e+01
5.347931e+14,8.000000e+01
5.347931e+14,8.000000e+01
4.144981e+13,4.498392e+01
9.846555e+13,4.708597e+01
2.386500e+13,7.898780e+01
3.963752e+14,8.000000e+01
3.963752e+14,8.000000e+01
7.464981e+13,4.492386e+01
3.906249e+13,4.102005e+01
2.089035e+13,7.898534e+01
1.163616e+14,8.000000e+01
1.163616e+14,8.000000e+01
7.053769e+12,7.899896e+01
1.831333e+15,8.000000e+01
4.680212e+13,7.899252e+01
4.052600e+13,4.594485e+01
8.499458e+13,4.330228e+01
6.344106e+13,4.822708e+01
7.601682e+14,7.309136e+01
4.940970e+13,7.899613e+01
5.397327e+13,7.890907e+01
4.042908e+14,8.000000e+01
4.042908e+14,8.000000e+01
1.890262e+13,7.917277e+01
2.224016e+13,7.897322e+01
2.336664e+13,2.600539e+01
1.393497e+13,5.000078e+00
1.081560e+13,7.898555e+01
4.918567e+13,5.165043e+01
4.918567e+13,5.165043e+01
5.427760e+13,7.897944e+01
4.062421e+13,3.651565e+01
1.329509e+13,7.898382e+01
4.124691e+13,7.899491e+01
4.124691e+13,7.899759e+01
5.298861e+13,5.056937e+01
4.101754e+13,3.657571e+01
1.269688e+13,7.899755e+01
3.894884e+14,8.000000e+01
3.894884e+14,8.000000e+01
3.894884e+14,8.000000e+01
4.714419e+13,5.321195e+01
4.158159e+13,5.000255e+00
5.759807e+13,3.639553e+01
2.197786e+14,5.963822e+01
1.841957e+14,6.546391e+01
3.219983e+13,7.898653e+01
1.642038e+14,6.972807e+01
7.637961e+13,6.113969e+01
1.179675e+14,8.000000e+01
1.179675e+14,8.000000e+01
1.179675e+14,8.000000e+01
1.179675e+14,8.000000e+01
9.436444e+13,4.330228e+01
3.142721e+13,2.918850e+01
2.606650e+14,8.000000e+01
2.606650e+14,8.000000e+01
8.366560e+14,8.000000e+01
1.957193e+14,8.000000e+01
9.640423e+13,7.447271e+01
9.640423e+13,7.447271e+01
1.047496e+14,8.000000e+01
3.341228e+14,8.000000e+01
8.423135e+12,7.899828e+01
1.685553e+13,7.897713e+01
1.418024e+13,7.899146e+01
1.362442e+14,6.564409e+01
2.556260e+13,2.618556e+01
6.506906e+13,5.135013e+01
9.471108e+13,6.312162e+01
6.333902e+13,6.678520e+01
5.351913e+13,3.471389e+01
4.251649e+13,4.270169e+01
1.487625e+14,6.528374e+01
1.235156e+15,8.000000e+01
4.301654e+13,4.089993e+01
6.955479e+13,5.357230e+01
3.124660e+13,7.899722e+01
4.303966e+13,3.855764e+01
1.226896e+14,6.516362e+01
1.065105e+14,8.000000e+01
1.065105e+14,8.000000e+01
1.809042e+14,7.333159e+01
2.273012e+13,7.899834e+01
2.796100e+13,7.898733e+01
3.084915e+13,7.899061e+01
3.958141e+13,4.102005e+01
5.428573e+13,4.966849e+01
2.371010e+13,5.000000e+00
1.931138e+13,7.899556e+01
2.792277e+13,2.690627e+01
7.525692e+13,4.750638e+01
1.175511e+13,7.899865e+01
1.701241e+13,7.898251e+01
1.679379e+13,7.899586e+01
3.021831e+14,8.000000e+01
4.260355e+14,6.900737e+01
3.765929e+13,3.345266e+01
1.249879e+13,7.899784e+01
2.574371e+13,2.762697e+01
2.491220e+14,8.000000e+01
5.604806e+13,5.297172e+01
1.697788e+15,7.531353e+01
1.368359e+14,8.000000e+01
1.368359e+14,8.000000e+01
1.056722e+14,5.171048e+01
7.252452e+13,4.504398e+01
3.182670e+14,8.000000e+01
2.420737e+13,7.899745e+01
2.865468e+14,8.000000e+01
7.319414e+14,8.000000e+01
7.319414e+14,8.000000e+01
4.491209e+13,3.579495e+01
3.995320e+13,3.357278e+01
3.335552e+13,3.111037e+01
3.794720e+13,4.312210e+01
5.368436e+14,8.000000e+01
5.368436e+14,8.000000e+01
5.368436e+14,8.000000e+01
2.773089e+13,4.999248e+00
4.085033e+13,4.816702e+01
1.909597e+13,7.894461e+01
2.237840e+14,7.291118e+01
2.049481e+13,4.999581e+00
6.290846e+13,3.615530e+01
2.145964e+14,8.000000e+01
2.145964e+14,8.000000e+01
2.145964e+14,8.000000e+01
2.691259e+13,2.894826e+01
1.640428e+14,8.000000e+01
1.449336e+14,8.000000e+01
1.449336e+14,8.000000e+01
2.487936e+13,3.165090e+01
1.283833e+13,7.899721e+01
2.096310e+13,7.891501e+01
5.412629e+13,4.690579e+01
6.756966e+13,7.899561e+01
6.756966e+13,6.936772e+01
2.105467e+13,7.899770e+01
2.235090e+14,8.000000e+01
1.322380e+14,7.309136e+01
7.526265e+13,4.138040e+01
7.283670e+14,6.882719e+01
1.709396e+13,7.899511e+01
1.677512e+13,7.899690e+01
5.772267e+13,6.198051e+01
2.844727e+15,8.000000e+01
1.319899e+14,8.000000e+01
1.505239e+13,7.897391e+01
1.030067e+13,7.899796e+01
3.302935e+13,7.899077e+01
4.902579e+15,8.000000e+01
4.902579e+15,8.000000e+01
2.495030e+13,7.899373e+01
1.373170e+14,8.000000e+01
2.113365e+13,7.899322e+01
2.144863e+13,7.899490e+01
3.597920e+13,3.471389e+01
2.037879e+13,7.899453e+01
4.702759e+13,7.899802e+01
1.113095e+14,5.044925e+01
1.298455e+14,8.000000e+01
1.298455e+14,8.000000e+01
1.298455e+14,8.000000e+01
2.199855e+14,7.086919e+01
2.505230e+13,7.897693e+01
2.212936e+14,6.738579e+01
1.380941e+13,7.895090e+01
7.333940e+13,7.909722e+01
2.943638e+15,8.000000e+01
3.023828e+14,6.378227e+01
2.281879e+13,2.618556e+01
6.766650e+13,5.441312e+01
1.029317e+13,7.899567e+01
5.396182e+13,4.138040e+01
3.267006e+14,6.372221e+01
8.306718e+13,4.918802e+01
2.269616e+13,5.895909e+01
3.831169e+14,6.864702e+01
7.278729e+13,5.014896e+01
1.502611e+13,7.898809e+01
4.117156e+13,3.177102e+01
1.546973e+14,4.900785e+01
1.745007e+13,7.895350e+01
1.114934e+13,7.899717e+01
1.067139e+13,7.899820e+01
1.424541e+13,7.899827e+01
4.186125e+13,3.435354e+01
8.818988e+13,6.210063e+01
5.084390e+13,7.615435e+01
2.852901e+13,4.998040e+00
2.612367e+14,8.000000e+01
2.612367e+14,8.000000e+01
2.612367e+14,8.000000e+01
2.758691e+13,7.899658e+01
1.450202e+14,8.000000e+01
3.918636e+13,3.213137e+01
2.983496e+13,4.999868e+00
4.604151e+14,8.000000e+01
4.604151e+14,8.000000e+01
2.176542e+13,5.000405e+00
1.782642e+13,7.895526e+01
3.028325e+14,7.297124e+01
2.735559e+13,4.998579e+00
9.898739e+13,8.000000e+01
1.333573e+14,6.264116e+01
3.513433e+13,2.612551e+01
9.954647e+13,5.423295e+01
1.098142e+13,7.899831e+01
7.661157e+13,4.624515e+01
2.663201e+13,2.738674e+01
1.647783e+13,7.899322e+01
4.396281e+13,3.375295e+01
1.717526e+13,7.875633e+01
5.141618e+13,5.201078e+01
8.309814e+13,4.570462e+01
3.264874e+13,2.098535e+01
1.745238e+13,7.899189e+01
9.795407e+13,5.387259e+01
1.927629e+14,5.693558e+01
3.930729e+13,4.354251e+01
1.395619e+13,7.899623e+01
2.479685e+13,7.899011e+01
7.383047e+13,4.846732e+01
1.817461e+13,7.899323e+01
2.880217e+14,7.020854e+01
4.402957e+13,3.135061e+01
2.250942e+13,7.899727e+01
8.257052e+13,4.071975e+01
6.591466e+13,4.510403e+01
3.762057e+14,8.000000e+01
3.762057e+14,8.000000e+01
2.479031e+13,7.895384e+01
1.960036e+14,6.666508e+01
7.722434e+13,6.660503e+01
1.472510e+14,5.026908e+01
1.445463e+13,7.894895e+01
7.527064e+13,7.898858e+01
7.527064e+13,7.898565e+01
8.820274e+14,8.000000e+01
8.820274e+14,8.000000e+01
3.639861e+13,3.489407e+01
7.755674e+13,4.912796e+01
2.229865e+13,7.898462e+01
4.828485e+14,8.000000e+01
2.410951e+13,2.642580e+01
1.266411e+13,7.899621e+01
2.096865e+13,7.899859e+01
1.750157e+13,4.999298e+00
1.101147e+13,7.898851e+01
2.303955e+13,2.540480e+01
8.641747e+13,6.336186e+01
1.693778e+14,8.000000e+01
1.161152e+14,8.000000e+01
1.161152e+14,8.000000e+01
1.105948e+14,5.423295e+01
1.698525e+14,8.000000e+01
1.698525e+14,8.000000e+01
5.536663e+13,4.318216e+01
2.001833e+14,7.291118e+01
1.929049e+13,7.898173e+01
8.937746e+13,5.116996e+01
1.909476e+13,7.895625e+01
5.317354e+13,4.684573e+01
1.506932e+13,7.899702e+01
1.743791e+13,7.899536e+01
1.410560e+13,7.899615e+01
1.749936e+13,7.899639e+01
1.717788e+13,7.897982e+01
1.563160e+13,7.899430e+01
7.356650e+14,8.000000e+01
3.910663e+14,6.900737e+01
3.557980e+15,8.000000e+01
5.691352e+13,4.750638e+01
9.397917e+13,8.000000e+01
5.434121e+13,7.369194e+01
1.540447e+13,7.899356e+01
1.287053e+13,7.899698e+01
1.366357e+14,7.507329e+01
4.590205e+14,8.000000e+01
4.590205e+14,8.000000e+01
4.590205e+14,8.000000e+01
4.590205e+14,8.000000e+01
6.179650e+13,7.898735e+01
3.493409e+14,8.000000e+01
1.418209e+14,5.477347e+01
2.133903e+13,2.444386e+01
3.250627e+13,3.795706e+01
1.152022e+14,8.000000e+01
1.152022e+14,8.000000e+01
5.267743e+13,4.204104e+01
4.036715e+13,3.249172e+01
2.869307e+13,3.093020e+01
3.133053e+13,3.315237e+01
1.411259e+13,7.899478e+01
5.808973e+13,7.899803e+01
6.674509e+13,6.095951e+01
3.352454e+14,8.000000e+01
3.352454e+14,8.000000e+01
3.352454e+14,8.000000e+01
2.573353e+13,7.898010e+01
1.500584e+13,7.879537e+01
7.647170e+13,5.753617e+01
7.660173e+13,8.000000e+01
2.761280e+13,7.897842e+01
1.881773e+13,7.897573e+01
1.355995e+13,7.897281e+01
2.365545e+13,7.897540e+01
4.394788e+13,3.357278e+01
1.755418e+13,7.899162e+01
3.490305e+13,5.129007e+01
2.336859e+13,7.899480e+01
1.145832e+14,5.729594e+01
3.148560e+13,2.972902e+01
1.760598e+13,7.899513e+01
2.564067e+13,2.786721e+01
2.090653e+13,7.921011e+01
4.401485e+13,3.441360e+01
9.189374e+13,3.690433e+01
1.148180e+14,4.702591e+01
1.434846e+13,7.898521e+01
5.243627e+13,4.738626e+01
1.107558e+14,7.267095e+01
1.107558e+14,7.267095e+01
1.019644e+14,6.756596e+01
1.019644e+14,6.756596e+01
2.198595e+14,6.089945e+01
1.083118e+13,7.899841e+01
1.934732e+13,5.523871e+01
5.995671e+14,8.000000e+01
1.368517e+13,7.899668e+01
5.946498e+13,4.444339e+01
1.000106e+13,7.899305e+01
6.601054e+13,3.675588e+01
6.340659e+13,3.795706e+01
2.026712e+13,7.899625e+01
1.821256e+13,7.899866e+01
2.405099e+14,8.000000e+01
2.405099e+14,8.000000e+01
1.056094e+15,8.000000e+01
1.056094e+15,8.000000e+01
6.716635e+13,4.162063e+01
1.323962e+14,4.552444e+01
5.425691e+13,4.005911e+01
2.447634e+13,3.062990e+01
6.640274e+13,5.753617e+01
1.765833e+13,7.899310e+01
4.180348e+13,3.313917e+01
8.666389e+13,6.540385e+01
2.277314e+13,5.117748e+01
2.155000e+13,7.896511e+01
1.180388e+14,8.000000e+01
1.332708e+14,6.408256e+01
2.292894e+13,2.426369e+01
5.227953e+13,5.092972e+01
5.227953e+13,5.092972e+01
3.030577e+13,7.899558e+01
2.850302e+13,7.889026e+01
4.340219e+13,3.429348e+01
4.629880e+14,8.000000e+01
4.629880e+14,8.000000e+01
2.114210e+13,7.898845e+01
4.135814e+13,3.100057e+01
7.919523e+13,6.240092e+01
1.249440e+14,6.065922e+01
2.207061e+14,3.096062e+01
6.026297e+14,8.000000e+01
2.135139e+14,2.928597e+01
1.231254e+14,5.098978e+01
1.604905e+14,7.231060e+01
1.305227e+13,7.899799e+01
1.044449e+13,7.898218e+01
1.387388e+14,6.486332e+01
1.347674e+14,5.975834e+01
4.171428e+13,5.963822e+01
4.071106e+13,4.999361e+00
5.632669e+13,7.897660e+01
2.404117e+14,8.000000e+01
1.125271e+13,7.899256e+01
5.166276e+13,3.543459e+01
1.152605e+14,6.966802e+01
1.152605e+14,6.966802e+01
8.825710e+13,7.140972e+01
8.825710e+13,7.140972e+01
1.131178e+13,6.868914e+01
5.010522e+13,4.666556e+01
4.542405e+13,4.089993e+01
6.213340e+13,5.147025e+01
6.735890e+13,4.900785e+01
2.444806e+13,7.899773e+01
3.328914e+18,8.000000e+01
3.328914e+18,8.000000e+01
4.002448e+13,7.892467e+01
1.324872e+13,7.899670e+01
3.069199e+13,7.899491e+01
1.557119e+14,6.282133e+01
1.776818e+14,5.231107e+01
2.376150e+13,2.708644e+01
4.317194e+13,7.886417e+01
3.826251e+14,8.000000e+01
3.826251e+14,8.000000e+01
4.065406e+13,7.890276e+01
3.264304e+14,8.000000e+01
2.552095e+13,2.858791e+01
3.898402e+13,7.899727e+01
2.742115e+13,2.966897e+01
2.216392e+13,7.898302e+01
1.203518e+14,5.116996e+01
3.569365e+14,8.000000e+01
3.569365e+14,8.000000e+01
3.753402e+14,8.000000e+01
1.076427e+14,4.828714e+01
2.256041e+13,7.899604e+01
2.385734e+13,7.899058e+01
1.478391e+13,7.899271e+01
3.274246e+13,3.129055e+01
1.404027e+13,7.899651e+01
2.097557e+13,5.000033e+00
1.967966e+14,5.693558e+01
1.935900e+15,7.891704e+01
1.852222e+16,8.000000e+01
1.250868e+14,8.000000e+01
1.250868e+14,7.899749e+01
3.237546e+13,3.621536e+01
2.161733e+13,7.925753e+01
1.839032e+14,7.098931e+01
5.731108e+13,3.615530e+01
1.323735e+13,7.899850e+01
1.956225e+14,6.396245e+01
4.709977e+14,7.621441e+01
1.420580e+13,7.892975e+01
2.233386e+13,2.312257e+01
1.204570e+14,5.261136e+01
1.214314e+14,7.459282e+01
2.885215e+14,8.000000e+01
2.967424e+13,2.972902e+01
7.430665e+14,8.000000e+01
2.343584e+13,7.889854e+01
1.165722e+14,7.267095e+01
1.165722e+14,7.267095e+01
2.351483e+13,7.899548e+01
3.249305e+13,2.912844e+01
1.371521e+13,7.899808e+01
1.404256e+13,7.899824e+01
1.305505e+13,7.899812e+01
1.660766e+13,7.899758e+01
3.246777e+15,8.000000e+01
3.337388e+13,5.000527e+00
9.594356e+15,8.000000e+01
1.553300e+13,7.899261e+01
1.228158e+13,7.899773e+01
4.236378e+13,3.207131e+01
5.036316e+14,4.480847e+01
9.098306e+14,8.000000e+01
9.098306e+14,8.000000e+01
9.098306e+14,8.000000e+01
2.457521e+13,7.899468e+01
4.052316e+13,4.666556e+01
2.254480e+13,2.450392e+01
1.382956e+14,6.942778e+01
7.360685e+13,3.903811e+01
2.809693e+15,8.000000e+01
4.155600e+13,3.351272e+01
6.080543e+13,4.660550e+01
2.481264e+13,7.899486e+01
5.036520e+13,5.261136e+01
2.696993e+13,7.899684e+01
3.753471e+13,7.898471e+01
1.747436e+13,7.899789e+01
2.755016e+13,4.999976e+00
1.035133e+14,7.933746e+01
2.555150e+13,7.899429e+01
3.882948e+13,3.765676e+01
4.510547e+13,4.204104e+01
3.204935e+14,8.000000e+01
2.064889e+13,7.899699e+01
2.544939e+13,2.852785e+01
2.101023e+13,7.898680e+01
1.709583e+14,6.720561e+01
1.955180e+14,5.951811e+01
1.215163e+13,7.899495e+01
1.622691e+13,7.899189e+01
7.047842e+13,4.168069e+01
4.023620e+13,3.465383e+01
2.030696e+13,7.898954e+01
1.942950e+14,6.990825e+01
2.084418e+13,7.899660e+01
2.016297e+14,8.000000e+01
2.016297e+14,8.000000e+01
1.936452e+14,7.441265e+01
4.112704e+15,8.000000e+01
4.174661e+14,7.447271e+01
2.794343e+14,6.846684e+01
1.125275e+13,7.899328e+01
6.728973e+13,4.642532e+01
1.375602e+14,7.627447e+01
1.375602e+14,7.627447e+01
3.319345e+14,6.474321e+01
3.133379e+13,2.750685e+01
2.248183e+13,7.899790e+01
1.725580e+13,7.893175e+01
3.094826e+13,7.897549e+01
9.520033e+13,5.303177e+01
9.263588e+12,7.898237e+01
2.928327e+13,2.726662e+01
1.765953e+14,6.402250e+01
2.644004e+13,3.026955e+01
1.024901e+14,5.645512e+01
1.156734e+14,5.405277e+01
1.057444e+13,7.898928e+01
2.722714e+13,2.804738e+01
2.408772e+13,7.898279e+01
6.962556e+13,4.708597e+01
4.585857e+13,7.899075e+01
4.585857e+13,4.999998e+00
1.370115e+13,7.899744e+01
1.118054e+14,6.113969e+01
2.011150e+13,5.707590e+01
2.949550e+13,2.630568e+01
3.474809e+13,7.899906e+01
1.919609e+13,7.919569e+01
2.703677e+14,8.000000e+01
2.703677e+14,8.000000e+01
2.108417e+13,7.899170e+01
1.768202e+13,4.997824e+00
2.894295e+13,4.999968e+00
1.477990e+13,7.898080e+01
1.712271e+13,7.899678e+01
7.127666e+15,8.000000e+01
2.927710e+13,7.899847e+01
1.155995e+14,5.195072e+01
1.026176e+13,7.900000e+01
1.470234e+14,6.702544e+01
1.252394e+15,8.000000e+01
1.252394e+15,8.000000e+01
1.252394e+15,8.000000e+01
1.396813e+14,6.762602e+01
1.925781e+13,7.895929e+01
2.172948e+13,7.898984e+01
3.534061e+14,6.972807e+01
2.779771e+13,7.899483e+01
2.110957e+14,5.201078e+01
3.070662e+14,8.000000e+01
1.665830e+14,6.192045e+01
4.436911e+13,4.666556e+01
2.075831e+13,7.898297e+01
4.205964e+15,7.164995e+01
3.420866e+13,3.044973e+01
3.111828e+13,2.895591e+01
2.654510e+13,2.768703e+01
1.853702e+13,2.700000e+01
1.765273e+13,7.877818e+01
4.551070e+13,3.411330e+01
2.311077e+13,7.897843e+01
7.053620e+13,4.810697e+01
4.192839e+13,5.141019e+01
2.289113e+13,7.889915e+01
4.015779e+13,3.375295e+01
7.259299e+13,5.537406e+01
7.259299e+13,5.537406e+01
1.432047e+13,7.899565e+01
4.817101e+13,4.372269e+01
1.458210e+13,7.899663e+01
7.073453e+13,4.990872e+01
3.450461e+13,7.899532e+01
1.930715e+14,8.000000e+01
1.930715e+14,8.000000e+01
1.421821e+14,4.870755e+01
1.933319e+13,7.898424e+01
4.857534e+13,7.898920e+01
6.913394e+13,3.531448e+01
2.248166e+13,7.899505e+01
6.425508e+17,8.000000e+01
6.425508e+17,8.000000e+01
1.606495e+13,7.899194e+01
1.434362e+13,7.899369e+01
1.569375e+14,6.504350e+01
1.164274e+14,5.295534e+01
1.755980e+14,7.537359e+01
6.624032e+14,8.000000e+01
6.624032e+14,8.000000e+01
4.619849e+13,4.186087e+01
3.623092e+13,3.135061e+01
2.044209e+13,7.895685e+01
2.077339e+13,7.897115e+01
9.084297e+13,5.837699e+01
2.460905e+13,2.438381e+01
7.498130e+13,5.927787e+01
4.667159e+13,3.771682e+01
2.912849e+13,7.899593e+01
2.676067e+13,2.936867e+01
1.121369e+13,1.699655e+01
2.648578e+14,8.000000e+01
2.648578e+14,8.000000e+01
1.710441e+14,6.390239e+01
6.172669e+13,3.698254e+01
1.356976e+14,7.164995e+01
3.321264e+14,8.000000e+01
1.871104e+13,7.898856e+01
7.684217e+13,3.951858e+01
6.817395e+13,6.996831e+01
6.817395e+13,4.999750e+00
1.575955e+13,7.893875e+01
1.231564e+13,7.898424e+01
2.525047e+13,2.882814e+01
2.230645e+14,6.678520e+01
1.192744e+14,7.946633e+01
1.192744e+14,8.000000e+01
3.013349e+13,6.555906e+01
7.660821e+13,6.462309e+01
4.003622e+13,7.895441e+01
4.678161e+13,7.897698e+01
4.678161e+13,4.999987e+00
3.466511e+13,3.165090e+01
9.415613e+13,4.053958e+01
1.752878e+13,7.896606e+01
8.596271e+13,4.822708e+01
5.690809e+14,8.000000e+01
5.690809e+14,8.000000e+01
5.690809e+14,8.000000e+01
3.921263e+13,3.369289e+01
1.151044e+14,8.000000e+01
1.151044e+14,8.000000e+01
1.626135e+13,7.886932e+01
2.997882e+13,2.684621e+01
4.283775e+13,4.666556e+01
3.651054e+13,3.855764e+01
3.062537e+13,2.756691e+01
9.204555e+13,5.237113e+01
1.522332e+14,7.723540e+01
2.947699e+13,7.898689e+01
3.355946e+13,7.898353e+01
3.842981e+13,7.898754e+01
3.842981e+13,4.999997e+00
5.153648e+14,6.366215e+01
1.477276e+13,7.899762e+01
6.135148e+13,4.852738e+01
4.891193e+13,5.000220e+00
4.891193e+13,7.892029e+01
1.760051e+13,7.898184e+01
1.185913e+13,7.897766e+01
1.828973e+14,7.723540e+01
1.828973e+14,7.723540e+01
9.572349e+13,5.000034e+00
9.572349e+13,5.000000e+00
2.833589e+14,7.723540e+01
2.407721e+14,8.000000e+01
4.733498e+13,3.825735e+01
1.610524e+13,7.899385e+01
2.174463e+13,7.899332e+01
2.619983e+14,7.891704e+01
2.414941e+13,2.732668e+01
5.625387e+13,3.621536e+01
1.264656e+13,7.898657e+01
1.139741e+15,8.000000e+01
1.139741e+15,8.000000e+01
1.309685e+14,7.891704e+01
1.309685e+14,7.891704e+01
2.719564e+13,5.779326e+01
1.001065e+14,5.000005e+00
1.001065e+14,8.000000e+01
1.571577e+14,8.000000e+01
1.586961e+13,7.896354e+01
2.129401e+14,7.807622e+01
5.331779e+13,7.899209e+01
1.984927e+13,7.899767e+01
3.860388e+13,7.899225e+01
3.860388e+13,7.899272e+01
4.948322e+13,3.435354e+01
4.109097e+14,6.966802e+01
1.109234e+14,7.807622e+01
1.679688e+13,7.896552e+01
1.501988e+13,7.899740e+01
4.191983e+14,8.000000e+01
4.191983e+14,8.000000e+01
5.548959e+13,5.801664e+01
1.516608e+14,5.993852e+01
4.953680e+13,4.558450e+01
2.450580e+14,8.000000e+01
4.355960e+13,4.882767e+01
3.004777e+13,3.555471e+01
2.229165e+13,7.898915e+01
4.790984e+13,3.327248e+01
1.003078e+13,7.899697e+01
1.667951e+13,7.899279e+01
2.762097e+13,7.899603e+01
2.249938e+13,2.516457e+01
5.051802e+13,7.899733e+01
5.051802e+13,7.899447e+01
2.586267e+13,2.816750e+01
4.797068e+13,3.285207e+01
1.244419e+14,8.000000e+01
2.235794e+13,7.894711e+01
1.219869e+14,8.000000e+01
1.827879e+13,7.899704e+01
2.179808e+13,7.280667e+01
7.207330e+13,6.228080e+01
1.008298e+14,4.288186e+01
2.424284e+13,7.897931e+01
2.899167e+13,7.899028e+01
2.899167e+13,4.999995e+00
2.279361e+14,8.000000e+01
1.742620e+14,8.000000e+01
1.742620e+14,8.000000e+01
5.641156e+13,4.906790e+01
1.307170e+13,7.899735e+01
6.493671e+13,5.429301e+01
2.651595e+13,2.900832e+01
8.878978e+13,6.510356e+01
1.972062e+13,7.892089e+01
2.628619e+13,2.774709e+01
4.210093e+13,7.899034e+01
9.614869e+13,3.993899e+01
2.686942e+13,3.087014e+01
3.156247e+14,8.000000e+01
3.156247e+14,8.000000e+01
1.024489e+14,6.552397e+01
1.446698e+13,7.306468e+01
7.610374e+13,6.065922e+01
7.610374e+13,6.065922e+01
4.841865e+13,3.399319e+01
1.622015e+13,7.899824e+01
3.594439e+14,8.000000e+01
3.594439e+14,8.000000e+01
3.594439e+14,8.000000e+01
2.067117e+13,7.899303e+01
1.032373e+14,4.768656e+01
3.270997e+13,3.056984e+01
6.892920e+13,4.798685e+01
1.913230e+13,6.355831e+01
4.879842e+13,4.654544e+01
3.120552e+13,3.609524e+01
4.902671e+13,7.927740e+01
2.485621e+13,7.897252e+01
5.027134e+13,4.678568e+01
1.986526e+13,7.898719e+01
1.767793e+13,7.899346e+01
7.080916e+13,5.549418e+01
1.285584e+13,4.999277e+00
5.946740e+13,3.645559e+01
2.815496e+13,3.068996e+01
1.845504e+13,7.899444e+01
7.904708e+13,8.000000e+01
7.904708e+13,8.000000e+01
5.060460e+13,3.105031e+01
4.688047e+15,8.000000e+01
4.688047e+15,8.000000e+01
1.441379e+13,7.899406e+01
2.354999e+13,7.899696e+01
1.020390e+14,6.898493e+01
3.019588e+13,3.285207e+01
1.679403e+13,7.899198e+01
1.356521e+14,8.000000e+01
1.129324e+14,7.621441e+01
7.765594e+13,4.089993e+01
8.320153e+13,4.342239e+01
3.802082e+13,7.897851e+01
2.326019e+13,2.666603e+01
9.729542e+13,4.978861e+01
1.238783e+13,4.999812e+00
1.470053e+14,4.840726e+01
5.097988e+14,8.000000e+01
3.033648e+14,8.000000e+01
1.287773e+14,7.831646e+01
1.182092e+13,7.897074e+01
1.453586e+13,7.899724e+01
9.016526e+12,7.899864e+01
2.681062e+13,7.899364e+01
4.172783e+14,8.000000e+01
4.172783e+14,8.000000e+01
4.172783e+14,8.000000e+01
4.614439e+13,4.840726e+01
1.898710e+13,7.816735e+01
8.089640e+13,8.000000e+01
3.205699e+13,2.330275e+01
1.748368e+14,6.023881e+01
1.107872e+13,7.899747e+01
1.308519e+14,8.000000e+01
1.308519e+14,8.000000e+01
1.154756e+14,5.285160e+01
3.426658e+13,7.896829e+01
1.812552e+14,8.000000e+01
1.812552e+14,8.000000e+01
2.658957e+13,7.899114e+01
2.104915e+13,7.899743e+01
3.622255e+13,7.246721e+01
3.309087e+13,7.899766e+01
1.273755e+13,7.894559e+01
1.152727e+14,6.828667e+01
1.152727e+14,6.828667e+01
1.097176e+14,7.597417e+01
1.097176e+14,7.597417e+01
8.327189e+13,4.552444e+01
4.572108e+13,4.156057e+01
4.235043e+14,8.000000e+01
4.879059e+13,3.951858e+01
1.962093e+13,7.892033e+01
1.925631e+14,5.543412e+01
3.245166e+13,7.898051e+01
1.271077e+13,7.899789e+01
5.940153e+13,4.822708e+01
4.411364e+13,3.963870e+01
1.477070e+13,7.899501e+01
9.666510e+12,7.899839e+01
3.399022e+14,6.726567e+01
1.856799e+14,6.414262e+01
2.451684e+13,7.899606e+01
3.212501e+13,5.000000e+00
4.813232e+14,8.000000e+01
3.694259e+13,3.441360e+01
2.671718e+13,3.299301e+01
2.591306e+14,8.000000e+01
2.591306e+14,8.000000e+01
1.074033e+14,8.000000e+01
1.074033e+14,8.000000e+01
1.074033e+14,8.000000e+01
1.333604e+13,7.897739e+01
1.352312e+14,8.000000e+01
1.064451e+14,6.456303e+01
1.775967e+13,7.888876e+01
6.091900e+13,6.852690e+01
1.306804e+13,7.899840e+01
1.219611e+14,2.456759e+01
4.708494e+13,3.795706e+01
4.220083e+13,3.753665e+01
1.124026e+15,8.000000e+01
3.945554e+15,8.000000e+01
3.945554e+15,8.000000e+01
2.282771e+13,7.898848e+01
1.560273e+13,7.899440e+01
1.679002e+13,7.899696e+01
8.722392e+13,5.945805e+01
7.404258e+14,7.531353e+01
7.539255e+13,4.246145e+01
4.879303e+14,6.918755e+01
1.506909e+13,7.899545e+01
1.472272e+17,8.000000e+01
1.472272e+17,8.000000e+01
4.368687e+13,3.555471e+01
7.734176e+13,4.360257e+01
3.349239e+14,8.000000e+01
3.349239e+14,8.000000e+01
5.044720e+13,4.011917e+01
2.044378e+13,7.899239e+01
2.602640e+13,2.606545e+01
6.025810e+13,3.867776e+01
1.396410e+13,7.899878e+01
2.634187e+13,4.642939e+01
7.470316e+13,8.000000e+01
7.470316e+13,8.000000e+01
4.181441e+19,8.000000e+01
4.181441e+19,8.000000e+01
4.181441e+19,8.000000e+01
4.181441e+19,8.000000e+01
1.488744e+13,7.892218e+01
4.905474e+13,3.285207e+01
5.987050e+13,3.981887e+01
4.978619e+13,3.675588e+01
3.153859e+13,3.429348e+01
4.901100e+13,7.266539e+01
4.901100e+13,4.903757e+01
1.084789e+13,7.898452e+01
2.180714e+15,8.000000e+01
1.038094e+14,8.000000e+01
1.038094e+14,8.000000e+01
1.099261e+15,8.000000e+01
1.178198e+14,6.438286e+01
1.631410e+14,8.000000e+01
1.631410e+14,8.000000e+01
6.812293e+13,4.618509e+01
1.240530e+13,7.898438e+01
1.040408e+14,3.963870e+01
4.130587e+13,3.153078e+01
6.599531e+13,5.435306e+01
1.785849e+13,7.899272e+01
3.986776e+13,6.618461e+01
1.350118e+14,4.780667e+01
9.176256e+13,5.279154e+01
2.055694e+13,7.899494e+01
3.094232e+13,7.898944e+01
1.396490e+15,8.000000e+01
1.396490e+15,8.000000e+01
1.126852e+14,8.000000e+01
1.928159e+13,7.899228e+01
5.950375e+13,4.312210e+01
5.131829e+13,4.612503e+01
2.006381e+13,7.897989e+01
7.761288e+13,4.756644e+01
1.889362e+14,8.000000e+01
1.889362e+14,8.000000e+01
8.836227e+13,6.252104e+01
7.840711e+15,8.000000e+01
2.304075e+13,7.899503e+01
1.602578e+13,7.899502e+01
1.607243e+13,4.999651e+00
3.971820e+13,3.507424e+01
1.341195e+14,5.669535e+01
7.725534e+13,5.657523e+01
3.421129e+13,7.899634e+01
2.133440e+13,7.899522e+01
2.036033e+13,7.899465e+01
2.942685e+13,7.886314e+01
9.493454e+14,8.000000e+01
5.215038e+13,5.285160e+01
1.880617e+13,7.899684e+01
2.022435e+13,6.254139e+01
1.419294e+14,7.333159e+01
1.419294e+14,7.333159e+01
4.729301e+13,3.579495e+01
5.900635e+13,4.150052e+01
3.463524e+13,2.882814e+01
3.047620e+13,3.117043e+01
1.044004e+14,8.000000e+01
1.044004e+14,8.000000e+01
8.342501e+13,4.258157e+01
1.227324e+14,8.000000e+01
2.245050e+14,7.717534e+01
8.664717e+13,4.312210e+01
2.255658e+14,8.000000e+01
2.310264e+15,8.000000e+01
1.379808e+14,8.000000e+01
1.379808e+14,8.000000e+01
1.919579e+13,7.899328e+01
5.889921e+13,3.837747e+01
3.903927e+13,4.990872e+01
3.903927e+13,5.000005e+00
1.133280e+13,7.899660e+01
2.350960e+13,7.899071e+01
3.641850e+13,4.156057e+01
6.382424e+13,5.219095e+01
1.418351e+14,5.685817e+01
1.418351e+14,7.993804e+01
2.002628e+13,7.079513e+01
3.526105e+13,7.897199e+01
2.393671e+13,7.897560e+01
1.701323e+13,7.898147e+01
1.250410e+14,7.225054e+01
5.044320e+13,3.753665e+01
1.598619e+13,7.899503e+01
2.082790e+13,4.999939e+00
1.224770e+14,7.898642e+01
2.750167e+13,3.195119e+01
1.287473e+13,7.899691e+01
1.288353e+14,8.000000e+01
3.182099e+13,3.975882e+01
5.335369e+14,8.000000e+01
5.335369e+14,8.000000e+01
4.528482e+13,3.819729e+01
6.462758e+13,4.083987e+01
1.388104e+15,8.000000e+01
2.475009e+13,7.899555e+01
3.847125e+14,7.501323e+01
2.977079e+14,8.000000e+01
2.977079e+14,8.000000e+01
2.977079e+14,8.000000e+01
1.268141e+15,8.000000e+01
9.190120e+12,7.899691e+01
5.320860e+13,3.411330e+01
8.801336e+13,4.426321e+01
1.684648e+13,7.899506e+01
2.230701e+13,7.896699e+01
9.297143e+12,7.896471e+01
2.476166e+13,2.738674e+01
2.003043e+13,7.899022e+01
1.139786e+13,5.000156e+00
1.589276e+13,7.898100e+01
1.838472e+13,7.899253e+01
7.004309e+13,4.300198e+01
6.399031e+13,6.972807e+01
4.043324e+14,8.000000e+01
4.043324e+14,8.000000e+01
1.113224e+14,5.207084e+01
1.669142e+13,7.898045e+01
2.908049e+13,3.068996e+01
9.159474e+13,4.810697e+01
2.187167e+14,8.000000e+01
4.858704e+13,4.246145e+01
1.229854e+13,7.899887e+01
1.493654e+16,8.000000e+01
1.493654e+16,8.000000e+01
1.493654e+16,8.000000e+01
3.690372e+13,1.899800e+01
2.375472e+14,6.810649e+01
3.843742e+13,7.899213e+01
3.547288e+13,3.567483e+01
1.563980e+13,7.899636e+01
2.863472e+13,7.899771e+01
1.176827e+14,3.896575e+01
4.827515e+13,4.786673e+01
2.962338e+13,7.899149e+01
3.944976e+13,3.525442e+01
2.472419e+13,7.899068e+01
3.852062e+13,7.899096e+01
1.348972e+13,7.899720e+01
1.942532e+13,7.897559e+01
4.166704e+13,4.144046e+01
1.714953e+14,8.000000e+01
1.258900e+14,7.459282e+01
4.072528e+14,8.000000e+01
1.278560e+13,7.899767e+01
1.737599e+14,8.000000e+01
1.737599e+14,8.000000e+01
1.928749e+13,7.899692e+01
3.870163e+13,3.993899e+01
3.789315e+13,4.132034e+01
1.048568e+14,3.288563e+01
8.100549e+13,7.026860e+01
8.100549e+13,7.026860e+01
3.349241e+14,8.000000e+01
1.945707e+13,7.899537e+01
1.448106e+16,8.000000e+01
1.448106e+16,8.000000e+01
1.448106e+16,8.000000e+01
1.448106e+16,8.000000e+01
2.291049e+14,8.000000e+01
2.291049e+14,8.000000e+01
2.291049e+14,8.000000e+01
2.096147e+13,4.998588e+00
2.663871e+13,7.895590e+01
1.230789e+13,7.899569e+01
2.450464e+13,7.899338e+01
7.567770e+13,8.000000e+01
5.145464e+13,3.639553e+01
5.171253e+16,8.000000e+01
5.171253e+16,8.000000e+01
4.157637e+13,3.879788e+01
4.041811e+13,3.159084e+01
4.571474e+14,8.000000e+01
4.876467e+14,8.000000e+01
4.876467e+14,8.000000e+01
9.083129e+12,7.899704e+01
1.115898e+13,7.899746e+01
1.880142e+14,8.000000e+01
1.880142e+14,8.000000e+01
1.880142e+14,8.000000e+01
2.407716e+13,7.899676e+01
1.187216e+14,8.000000e+01
1.187216e+14,8.000000e+01
2.340774e+14,5.885746e+01
1.626560e+13,7.898799e+01
1.163685e+14,8.000000e+01
1.163685e+14,8.000000e+01
3.850245e+13,3.008938e+01
1.777027e+15,8.000000e+01
1.777027e+15,8.000000e+01
9.701523e+12,3.504556e+01
1.014519e+14,5.801664e+01
7.271776e+13,4.095725e+01
8.819170e+13,8.000000e+01
8.819170e+13,8.000000e+01
1.099716e+14,7.621441e+01
2.975268e+13,2.768703e+01
1.274545e+14,7.687505e+01
1.193514e+14,6.612456e+01
1.419032e+14,7.164995e+01
1.087891e+14,4.618509e+01
1.553067e+13,7.897692e+01
5.686353e+13,5.549418e+01
5.686353e+13,5.000010e+00
7.805901e+13,4.894779e+01
3.285259e+14,8.000000e+01
3.285259e+14,8.000000e+01
6.031664e+16,8.000000e+01
6.031664e+16,8.000000e+01
2.499334e+13,4.999154e+00
5.069546e+13,3.279201e+01
2.173131e+13,7.898535e+01
1.804263e+19,8.000000e+01
1.804263e+19,8.000000e+01
2.922088e+13,5.000079e+00
2.922088e+13,7.893148e+01
5.940231e+13,5.189066e+01
7.313619e+13,7.152983e+01
2.672838e+13,2.948879e+01
2.244655e+14,8.000000e+01
2.244655e+14,8.000000e+01
2.925949e+13,7.898472e+01
4.130547e+13,6.499312e+01
4.130547e+13,7.897435e+01
3.616293e+13,3.531448e+01
1.032590e+14,5.597465e+01
2.276249e+13,2.528468e+01
8.400218e+13,2.300000e+01
3.250957e+13,3.459377e+01
6.093372e+13,4.102005e+01
2.861799e+14,8.000000e+01
2.977181e+13,3.279201e+01
2.784029e+13,7.898078e+01
1.467061e+13,7.899775e+01
4.443931e+13,3.177102e+01
4.602618e+13,3.441360e+01
3.733036e+13,7.899481e+01
1.639040e+13,7.897565e+01
9.873426e+13,8.000000e+01
3.568454e+14,8.000000e+01
3.030497e+13,3.375295e+01
6.442722e+13,3.975882e+01
5.391351e+15,8.000000e+01
5.898207e+13,3.363284e+01
4.605128e+13,3.753665e+01
3.771714e+13,7.899498e+01
6.306438e+13,7.100000e+01
9.658790e+13,7.501323e+01
9.658790e+13,7.501323e+01
1.571634e+13,7.899216e+01
3.724792e+14,8.000000e+01
3.724792e+14,8.000000e+01
4.246400e+13,4.138040e+01
7.428154e+14,8.000000e+01
2.785027e+13,7.879755e+01
2.031067e+14,3.645559e+01
9.453363e+13,5.873734e+01
1.958402e+13,7.899009e+01
9.887355e+12,7.899870e+01
3.388710e+13,3.411330e+01
2.285903e+14,7.825640e+01
2.446622e+13,7.898707e+01
1.996601e+13,7.899090e+01
1.414961e+14,5.915775e+01
4.554081e+13,7.899022e+01
6.700506e+13,4.696585e+01
1.760591e+14,6.307599e+01
1.088552e+14,8.000000e+01
1.088552e+14,5.000003e+00
2.656708e+13,7.899646e+01
2.678673e+13,2.606545e+01
2.027315e+13,7.898851e+01
8.169916e+13,8.000000e+01
8.169916e+13,8.000000e+01
1.262338e+14,7.002837e+01
2.721708e+13,2.726662e+01
2.685082e+13,7.899763e+01
2.799685e+13,7.897391e+01
7.712082e+13,3.405325e+01
1.481359e+14,7.086919e+01
2.112776e+13,7.895828e+01
4.268809e+13,7.899485e+01
2.370277e+14,6.288139e+01
9.449978e+13,8.000000e+01
9.449978e+13,8.000000e+01
2.754036e+13,7.899149e+01
1.091091e+14,4.360257e+01
2.423250e+13,7.893746e+01
7.176261e+14,7.357183e+01
8.563341e+13,5.062943e+01
2.234336e+13,7.898436e+01
3.705447e+14,8.000000e+01
2.701723e+14,3.897805e+01
2.068283e+13,7.896242e+01
5.931863e+14,8.000000e+01
5.931863e+14,8.000000e+01
2.663782e+13,7.899136e+01
1.050037e+15,8.000000e+01
1.913623e+14,6.119975e+01
1.739885e+13,7.899179e+01
7.815419e+14,3.621536e+01
1.787772e+14,8.000000e+01
1.787772e+14,8.000000e+01
4.794265e+14,7.231060e+01
2.560670e+13,2.564504e+01
1.818579e+13,7.895524e+01
6.138860e+13,3.669583e+01
1.420412e+14,8.000000e+01
1.420412e+14,8.000000e+01
1.391757e+13,7.898028e+01
6.555473e+13,7.895209e+01
5.127188e+13,7.899140e+01
2.968847e+13,2.900832e+01
3.516841e+14,8.000000e+01
3.516841e+14,8.000000e+01
7.719190e+13,5.026908e+01
1.986003e+13,7.899354e+01
4.782407e+13,4.240140e+01
1.400141e+14,4.840726e+01
1.862439e+16,8.000000e+01
7.066899e+13,3.849758e+01
6.254142e+13,3.861770e+01
8.312304e+13,4.894779e+01
7.400517e+13,6.600444e+01
1.313312e+15,8.000000e+01
1.313312e+15,8.000000e+01
5.309485e+14,8.000000e+01
2.065780e+14,8.000000e+01
1.914317e+14,8.000000e+01
1.914317e+14,8.000000e+01
1.341972e+14,5.056937e+01
1.007835e+13,7.899836e+01
2.729456e+13,7.898698e+01
2.346568e+13,7.898792e+01
1.341559e+13,7.899682e+01
2.498100e+13,2.810744e+01
5.039827e+13,3.519436e+01
1.921752e+15,8.000000e+01
1.921752e+15,8.000000e+01
3.904381e+13,4.354251e+01
8.373554e+13,4.972855e+01
1.024342e+14,7.807622e+01
1.641477e+13,7.898542e+01
9.095365e+13,6.714555e+01
5.750313e+13,4.798685e+01
7.314514e+13,4.288186e+01
2.277780e+14,8.000000e+01
1.166867e+14,8.000000e+01
4.725982e+14,7.387212e+01
1.477345e+13,7.899595e+01
1.514873e+13,4.999586e+00
9.958092e+13,5.327201e+01
3.311258e+13,3.267190e+01
1.497361e+13,7.894488e+01
1.529969e+15,8.000000e+01
1.529969e+15,8.000000e+01
2.925059e+13,2.780715e+01
2.014081e+14,8.000000e+01
2.014081e+14,8.000000e+01
2.484657e+13,7.899454e+01
1.053038e+14,8.000000e+01
3.465942e+13,4.053958e+01
2.782220e+14,5.897758e+01
1.339971e+13,7.899397e+01
3.827469e+13,3.050979e+01
1.753690e+13,7.899672e+01
1.463154e+13,7.897468e+01
1.037053e+14,7.795611e+01
1.279195e+14,4.696585e+01
9.329534e+13,4.396292e+01
7.887794e+13,4.089993e+01
9.711193e+12,7.899629e+01
3.169638e+13,2.654592e+01
1.209408e+13,7.899061e+01
1.896413e+14,8.000000e+01
2.989083e+13,7.899034e+01
4.791667e+13,3.591506e+01
5.350185e+13,4.029934e+01
2.531470e+13,7.892013e+01
8.078688e+13,7.898266e+01
9.195566e+13,7.899075e+01
9.195566e+13,7.899260e+01
3.053707e+13,7.899654e+01
1.952848e+13,7.899424e+01
2.421542e+13,2.498439e+01
3.750377e+13,7.899771e+01
3.750377e+13,7.899834e+01
6.066898e+13,6.654497e+01
1.088163e+13,7.899784e+01
9.290894e+13,4.840726e+01
1.238217e+16,8.000000e+01
5.193767e+13,4.972855e+01
5.193767e+13,4.972855e+01
8.564390e+13,4.684573e+01
6.223450e+13,4.089993e+01
1.015268e+14,4.216116e+01
6.495637e+13,4.300198e+01
1.573517e+13,7.899448e+01
4.002101e+13,2.493861e+01
3.441763e+13,3.333254e+01
2.773369e+13,2.918850e+01
4.271495e+13,7.899751e+01
4.271495e+13,7.899581e+01
4.048979e+13,4.468362e+01
9.762499e+13,7.086919e+01
2.273054e+13,7.899642e+01
1.392357e+13,2.701196e+01
2.966602e+13,4.999625e+00
3.348128e+14,8.000000e+01
2.231488e+13,7.898349e+01
4.568639e+13,4.348245e+01
1.212081e+13,4.999827e+00
1.230632e+14,8.000000e+01
2.069322e+14,6.576420e+01
1.651816e+13,7.893694e+01
1.578492e+14,8.000000e+01
1.578492e+14,8.000000e+01
1.248564e+13,7.899091e+01
1.430322e+13,7.899474e+01
1.304958e+14,8.000000e+01
1.304958e+14,8.000000e+01
8.601230e+13,4.570462e+01
1.094196e+13,7.891701e+01
3.406505e+13,7.899445e+01
1.531459e+14,8.000000e+01
7.434353e+13,5.591459e+01
6.445444e+13,5.000450e+00
6.445444e+13,4.999983e+00
1.844894e+15,8.000000e+01
1.844894e+15,8.000000e+01
9.748995e+15,8.000000e+01
9.748995e+15,8.000000e+01
4.512281e+13,3.735647e+01
5.732219e+13,3.831741e+01
1.366738e+13,7.899756e+01
2.117587e+14,8.000000e+01
2.117587e+14,8.000000e+01
3.403505e+13,3.375295e+01
8.360734e+13,4.852738e+01
1.515369e+14,5.123001e+01
3.152387e+13,7.898919e+01
3.152387e+13,5.000004e+00
2.274634e+13,7.898276e+01
1.267881e+13,7.899238e+01
1.323951e+13,7.899739e+01
3.539732e+13,3.273196e+01
4.160478e+13,2.924855e+01
2.238806e+13,7.899382e+01
8.082301e+13,5.050931e+01
3.323511e+13,2.960891e+01
5.712765e+13,3.639553e+01
2.079593e+13,7.899168e+01
2.382633e+13,7.899270e+01
5.528942e+13,4.294192e+01
8.297562e+14,8.000000e+01
8.297562e+14,8.000000e+01
8.297562e+14,8.000000e+01
2.894577e+13,5.000060e+00
6.725354e+13,5.501371e+01
1.839854e+14,5.447318e+01
9.330469e+13,4.192093e+01
1.644710e+13,7.899437e+01
7.539468e+13,5.086966e+01
4.889117e+14,8.000000e+01
4.889117e+14,8.000000e+01
2.740491e+13,2.684621e+01
9.631443e+13,4.384280e+01
1.073798e+14,5.231107e+01
4.130851e+13,3.981887e+01
2.721085e+13,2.822756e+01
2.948575e+14,8.000000e+01
2.948575e+14,8.000000e+01
6.533383e+14,6.822661e+01
3.174198e+13,2.960891e+01
1.773969e+13,7.899459e+01
5.818557e+13,4.540433e+01
4.244243e+13,4.702591e+01
4.888936e+13,4.600491e+01
1.085482e+14,7.327153e+01
9.017476e+13,4.660550e+01
8.362478e+14,8.000000e+01
5.127366e+13,3.819729e+01
9.930845e+12,4.999782e+00
2.616600e+13,7.895073e+01
2.945018e+13,7.898756e+01
7.602169e+13,5.561430e+01
6.804716e+13,5.321195e+01
2.065065e+13,7.891576e+01
1.978822e+13,7.897809e+01
1.282956e+13,7.899628e+01
2.938404e+14,8.000000e+01
5.669904e+13,3.831741e+01
1.344679e+14,8.000000e+01
5.304539e+13,4.198099e+01
8.261680e+13,5.098978e+01
2.300020e+13,2.582521e+01
1.162812e+13,7.899779e+01
2.393280e+15,8.000000e+01
8.559344e+13,5.723588e+01
1.670315e+13,7.896201e+01
2.027297e+13,7.898946e+01
7.934239e+13,4.065970e+01
5.340665e+13,6.258110e+01
2.067062e+13,7.894332e+01
3.809732e+13,3.387307e+01
6.388613e+13,3.999905e+01
1.127646e+13,4.098408e+01
2.838961e+13,7.899086e+01
1.198412e+14,8.000000e+01
2.340221e+13,7.898713e+01
1.426763e+14,8.000000e+01
1.643956e+14,3.296246e+01
1.473285e+14,5.687553e+01
3.742268e+14,8.000000e+01
2.176678e+13,7.895262e+01
1.082374e+15,8.000000e+01
1.082374e+15,8.000000e+01
3.039418e+13,2.912844e+01
2.564802e+14,6.930766e+01
5.448555e+14,8.000000e+01
2.702493e+13,4.999444e+00
3.574925e+13,3.933841e+01
2.483064e+13,7.898718e+01
2.034239e+13,2.576515e+01
5.794796e+13,7.899548e+01
4.621335e+13,4.999872e+00
1.831259e+13,7.899158e+01
1.726872e+13,7.899383e+01
7.005634e+13,5.321195e+01
7.002570e+13,5.537406e+01
3.321425e+13,3.195119e+01
1.534153e+13,7.899678e+01
9.971068e+13,5.615482e+01
9.276447e+13,4.480374e+01
5.996113e+13,3.777688e+01
1.696240e+13,7.899710e+01
1.021051e+13,7.899637e+01
8.912039e+13,8.000000e+01
8.912039e+13,8.000000e+01
9.163478e+14,8.000000e+01
1.024847e+14,5.933793e+01
3.124426e+13,2.960891e+01
1.618844e+14,7.158989e+01
3.959985e+14,7.219048e+01
1.783896e+13,7.899333e+01
2.129913e+14,8.000000e+01
2.129913e+14,8.000000e+01
4.512861e+13,7.899505e+01
4.163541e+13,6.675755e+01
9.247456e+13,4.999787e+00
9.247456e+13,8.000000e+01
4.355748e+13,3.711624e+01
1.884476e+13,7.899543e+01
1.687477e+14,8.000000e+01
8.403478e+13,8.000000e+01
1.569196e+13,7.898256e+01
1.162982e+14,7.351177e+01
1.162982e+14,7.351177e+01
5.049644e+13,4.492386e+01
1.840467e+13,7.899844e+01
1.124723e+14,4.816702e+01
6.275528e+14,8.000000e+01
6.275528e+14,8.000000e+01
6.275528e+14,8.000000e+01
2.375508e+13,5.000174e+00
2.086325e+13,7.894978e+01
1.521067e+13,7.899347e+01
1.135767e+14,5.513383e+01
1.141772e+15,8.000000e+01
1.454304e+15,8.000000e+01
1.251874e+14,4.852738e+01
1.269603e+14,4.840726e+01
4.094070e+13,5.693558e+01
4.950574e+13,3.993899e+01
2.064683e+13,7.899770e+01
1.167327e+14,4.702591e+01
3.188172e+13,2.864797e+01
1.431315e+13,7.895981e+01
4.447354e+14,8.000000e+01
4.447354e+14,8.000000e+01
4.447354e+14,8.000000e+01
1.443542e+13,7.898719e+01
2.581310e+13,2.840773e+01
2.674966e+14,6.816655e+01
4.043269e+13,3.549465e+01
3.938173e+13,3.879788e+01
2.772707e+13,3.020949e+01
1.854121e+14,8.000000e+01
3.678689e+13,7.896078e+01
1.839122e+14,6.810649e+01
1.662120e+13,7.899842e+01
2.405254e+14,8.000000e+01
1.908281e+14,8.000000e+01
1.226791e+13,7.899804e+01
1.759248e+13,7.915111e+01
9.124839e+13,8.000000e+01
1.320675e+13,6.683641e+01
4.525641e+13,3.615530e+01
5.681815e+13,3.639553e+01
1.149605e+14,6.306157e+01
2.635269e+13,3.032961e+01
2.131539e+14,5.243119e+01
4.084480e+15,8.000000e+01
4.223642e+13,4.624515e+01
1.366445e+13,7.897091e+01
1.216694e+14,7.651470e+01
1.216694e+14,7.651470e+01
4.047295e+13,3.429348e+01
2.800897e+13,2.972902e+01
6.020624e+13,5.297172e+01
5.709934e+13,4.768656e+01
6.725183e+13,4.870755e+01
3.425209e+13,3.903811e+01
2.336394e+13,7.927055e+01
1.547319e+15,8.000000e+01
6.617535e+13,4.414310e+01
2.253773e+13,7.897865e+01
5.074350e+14,8.000000e+01
5.074350e+14,8.000000e+01
5.074350e+14,8.000000e+01
5.285055e+14,8.000000e+01
2.459721e+13,7.930022e+01
1.568895e+13,7.892011e+01
1.520172e+14,8.000000e+01
1.520172e+14,8.000000e+01
6.507422e+13,4.678568e+01
2.089096e+14,7.957769e+01
4.277519e+13,3.213137e+01
1.304014e+14,5.663529e+01
7.546617e+13,6.342192e+01
8.136022e+14,8.000000e+01
8.136022e+14,8.000000e+01
2.386785e+14,7.345171e+01
1.094250e+14,7.351177e+01
1.200968e+13,7.898105e+01
1.809069e+13,7.896520e+01
5.793179e+13,7.899115e+01
5.793179e+13,7.898893e+01
1.646821e+13,7.898629e+01
1.098520e+14,2.700000e+01
5.493132e+13,4.150052e+01
9.761776e+13,7.975787e+01
1.124418e+13,7.898962e+01
4.783645e+13,3.777688e+01
1.508825e+13,7.899543e+01
1.837854e+13,7.898113e+01
5.156324e+13,4.246145e+01
1.720119e+13,7.895936e+01
6.762931e+13,4.348245e+01
3.334509e+13,3.075002e+01
6.096774e+13,6.420268e+01
6.096774e+13,7.899791e+01
7.385374e+13,4.852738e+01
4.463059e+13,7.899679e+01
1.154706e+14,4.516409e+01
4.794821e+13,4.276175e+01
1.054430e+14,8.000000e+01
6.481608e+13,5.945805e+01
5.012415e+13,4.288186e+01
9.918771e+12,7.899017e+01
2.842768e+14,7.585405e+01
2.842768e+14,7.585405e+01
2.088497e+13,7.899109e+01
2.669289e+13,2.744680e+01
2.817969e+13,2.654592e+01
4.395333e+14,7.603423e+01
9.278885e+13,7.098931e+01
9.278885e+13,7.098931e+01
1.520774e+14,3.291271e+01
3.172733e+15,8.000000e+01
3.172733e+15,8.000000e+01
3.330221e+13,7.899685e+01
2.257104e+13,7.899855e+01
3.948820e+13,7.897607e+01
5.673453e+13,4.978861e+01
1.396976e+13,7.899793e+01
1.021225e+14,6.474321e+01
1.021225e+14,6.474321e+01
2.385863e+14,8.000000e+01
2.385863e+14,8.000000e+01
1.729611e+13,7.898915e+01
1.545222e+13,7.899233e+01
2.315735e+14,7.723540e+01
1.651000e+13,7.899469e+01
3.918077e+13,3.699612e+01
4.759439e+13,4.011917e+01
2.791535e+13,3.002932e+01
4.060053e+13,3.909817e+01
4.026403e+13,7.899309e+01
1.952610e+13,7.914658e+01
2.135050e+14,8.000000e+01
4.559028e+13,4.852738e+01
2.612866e+14,8.000000e+01
1.051482e+14,8.000000e+01
6.196592e+15,8.000000e+01
6.196592e+15,8.000000e+01
7.836852e+13,4.348245e+01
6.991661e+13,6.288139e+01
6.991661e+13,6.288139e+01
1.305719e+13,7.899722e+01
4.232601e+13,4.102005e+01
2.427475e+13,2.654592e+01
1.948813e+13,7.899827e+01
2.392832e+13,2.570510e+01
2.703084e+14,8.000000e+01
2.703084e+14,8.000000e+01
3.419713e+13,3.075002e+01
5.680250e+13,3.501418e+01
2.294012e+13,7.897405e+01
2.051877e+14,8.000000e+01
2.051877e+14,8.000000e+01
2.825144e+13,7.898263e+01
4.195301e+13,4.174075e+01
2.208221e+14,4.912796e+01
1.029367e+14,5.494975e+01
1.960699e+13,4.999486e+00
3.201260e+13,7.899503e+01
1.486952e+13,4.999871e+00
4.162475e+13,7.899419e+01
4.289374e+16,8.000000e+01
6.810135e+13,7.014848e+01
3.952173e+14,8.000000e+01
1.337672e+13,7.899703e+01
9.781416e+14,8.000000e+01
9.781416e+14,8.000000e+01
3.878616e+13,7.893769e+01
4.795842e+13,4.306204e+01
6.006489e+13,5.627494e+01
2.208513e+13,7.898040e+01
6.379622e+13,4.990872e+01
1.472349e+14,6.666508e+01
3.139303e+14,8.000000e+01
2.474400e+14,8.000000e+01
1.254164e+14,4.918802e+01
4.425148e+14,7.291118e+01
3.857600e+13,3.795706e+01
1.340537e+13,7.899427e+01
3.999071e+13,4.083987e+01
1.951551e+13,7.899722e+01
1.363615e+13,7.897626e+01
1.093135e+13,7.899733e+01
1.704239e+14,5.219095e+01
5.228706e+15,8.000000e+01
2.383230e+13,7.117637e+01
2.205428e+14,8.000000e+01
2.197329e+14,8.000000e+01
2.197329e+14,8.000000e+01
1.122345e+13,7.899742e+01
5.284933e+13,7.899385e+01
4.821280e+13,7.899056e+01
2.542135e+14,6.029887e+01
1.502938e+13,2.297879e+01
4.108428e+13,4.156057e+01
3.176421e+13,2.768703e+01
1.545519e+14,8.000000e+01
1.545519e+14,8.000000e+01
4.244397e+13,3.897805e+01
4.070897e+13,4.138040e+01
4.160793e+13,7.899026e+01
2.194726e+13,7.812561e+01
8.326769e+13,5.273148e+01
1.616981e+14,8.000000e+01
1.616981e+14,8.000000e+01
5.015058e+13,3.339260e+01
5.623732e+13,3.537454e+01
2.820951e+13,2.942873e+01
7.435281e+13,5.345218e+01
6.159448e+14,5.843705e+01
1.454050e+13,7.899316e+01
2.957661e+14,8.000000e+01
1.005904e+13,7.899868e+01
3.164180e+13,4.999530e+00
3.217333e+13,3.093020e+01
1.397581e+13,7.896603e+01
8.874852e+12,7.898210e+01
4.410805e+13,4.804691e+01
3.734260e+13,4.998774e+00
2.615351e+13,7.898886e+01
1.071375e+13,7.899650e+01
1.595236e+13,7.898250e+01
2.514807e+13,2.780715e+01
2.171477e+14,8.000000e+01
2.171477e+14,8.000000e+01
2.171477e+14,8.000000e+01
1.768027e+14,4.005911e+01
3.286016e+13,7.899135e+01
2.879594e+13,7.899328e+01
8.309175e+13,4.294192e+01
4.894340e+13,5.177054e+01
4.186972e+13,3.705618e+01
1.143655e+14,8.000000e+01
1.143655e+14,8.000000e+01
3.513443e+15,8.000000e+01
2.815783e+13,7.895925e+01
3.143087e+13,3.663577e+01
5.327468e+13,3.513430e+01
2.308300e+14,7.219048e+01
3.240723e+13,2.888820e+01
1.484856e+13,7.899330e+01
1.046311e+13,7.898088e+01
1.600301e+13,7.899413e+01
1.953060e+14,8.000000e+01
1.953060e+14,8.000000e+01
1.953060e+14,8.000000e+01
1.935321e+15,7.062895e+01
3.643179e+14,6.666508e+01
3.481887e+13,2.918850e+01
1.080970e+13,7.899735e+01
2.802785e+13,7.899648e+01
8.328551e+13,5.705570e+01
6.942723e+14,8.000000e+01
6.942723e+14,8.000000e+01
5.936719e+13,7.900018e+01
5.936719e+13,7.899476e+01
4.609775e+13,4.029934e+01
3.659048e+13,3.945852e+01
1.410660e+14,8.000000e+01
1.410660e+14,8.000000e+01
1.623290e+21,8.000000e+01
1.623290e+21,8.000000e+01
1.623290e+21,8.000000e+01
1.453403e+13,7.899091e+01
2.440354e+13,7.899359e+01
8.258280e+13,6.408256e+01
1.584833e+13,7.899311e+01
7.780586e+13,3.927835e+01
2.796345e+13,7.888303e+01
3.603022e+13,3.249172e+01
4.632383e+13,4.264163e+01
2.708534e+13,5.000000e+00
5.059298e+13,3.189113e+01
3.581304e+13,3.038967e+01
3.017861e+13,2.810744e+01
1.182962e+13,7.899774e+01
7.122491e+13,8.000000e+01
7.122491e+13,5.000000e+00
5.020431e+14,7.777593e+01
8.304982e+13,6.071928e+01
1.137185e+14,6.360209e+01
1.959085e+13,7.898341e+01
1.629214e+13,7.899708e+01
6.699772e+13,5.050931e+01
5.378573e+13,3.351272e+01
2.917261e+13,7.899473e+01
1.937678e+14,8.000000e+01
1.937678e+14,8.000000e+01
8.088932e+15,8.000000e+01
2.928180e+13,3.002932e+01
3.842585e+13,3.543459e+01
3.763734e+13,3.099026e+01
3.134167e+14,8.000000e+01
1.784080e+14,8.000000e+01
4.997720e+13,3.549465e+01
3.702260e+13,3.177102e+01
8.531991e+13,6.870708e+01
1.350171e+13,7.905547e+01
1.466654e+14,7.801617e+01
3.926300e+13,7.899805e+01
3.926300e+13,7.899909e+01
3.553870e+14,8.000000e+01
3.553870e+14,8.000000e+01
2.931290e+14,8.000000e+01
1.435552e+13,7.915654e+01
2.003240e+13,7.899520e+01
4.041203e+13,3.375295e+01
2.278827e+13,5.000122e+00
7.828079e+13,4.999844e+00
7.828079e+13,5.000056e+00
3.401075e+15,8.000000e+01
1.396303e+13,5.000151e+00
4.679057e+13,4.636527e+01
4.509718e+13,3.105031e+01
1.910534e+13,7.897768e+01
2.374465e+13,7.921763e+01
4.420415e+14,8.000000e+01
4.420415e+14,8.000000e+01
1.815890e+13,7.898622e+01
5.245069e+13,5.273148e+01
4.533489e+13,3.513430e+01
1.556320e+14,8.000000e+01
1.556320e+14,8.000000e+01
1.227287e+14,8.000000e+01
5.176429e+13,7.899284e+01
5.176429e+13,7.899328e+01
2.519763e+13,4.422390e+01
9.359590e+13,4.846732e+01
1.291521e+13,7.897967e+01
1.585046e+13,7.899477e+01
6.975317e+13,3.651565e+01
2.624731e+13,7.891713e+01
5.255130e+13,4.029934e+01
2.886845e+13,3.675588e+01
9.275169e+13,4.426321e+01
1.210230e+14,4.564456e+01
3.117347e+13,7.899940e+01
3.117347e+13,7.899843e+01
4.407414e+13,4.023928e+01
8.819222e+13,5.975834e+01
4.017548e+14,6.666508e+01
2.830453e+14,6.882719e+01
2.911677e+13,7.898213e+01
1.608804e+13,7.899568e+01
1.791861e+14,4.892768e+01
1.291713e+14,8.000000e+01
1.343292e+13,7.898754e+01
1.260991e+13,7.899327e+01
2.088060e+14,8.000000e+01
1.487990e+13,7.899660e+01
1.447440e+13,7.899790e+01
4.762922e+13,5.044925e+01
1.537689e+13,4.999670e+00
6.340132e+13,5.603471e+01
4.366165e+14,8.000000e+01
7.616683e+13,7.074907e+01
1.470063e+13,2.100000e+01
2.129342e+13,4.998859e+00
1.780593e+13,7.899746e+01
6.716854e+13,5.357230e+01
8.265973e+13,6.390239e+01
3.801504e+13,3.801712e+01
3.436048e+13,3.567483e+01
2.534014e+13,7.897886e+01
2.386043e+13,7.899502e+01
2.308233e+13,7.899407e+01
2.649363e+13,7.898631e+01
3.090271e+13,2.702639e+01
1.491520e+13,4.999997e+00
1.512709e+14,8.000000e+01
2.082900e+13,7.891621e+01
4.662570e+13,6.462309e+01
2.182372e+14,5.291166e+01
2.344409e+13,7.899409e+01
2.178582e+14,8.000000e+01
2.178582e+14,8.000000e+01
3.050373e+14,6.162016e+01
2.160084e+13,7.898785e+01
1.830907e+13,7.899050e+01
9.750526e+12,7.899736e+01
2.381403e+13,7.899758e+01
1.888589e+14,5.513383e+01
1.825855e+14,8.000000e+01
1.825855e+14,8.000000e+01
4.216806e+13,3.909817e+01
3.288990e+13,7.897449e+01
3.745602e+13,4.035940e+01
9.894432e+13,7.825640e+01
2.490039e+14,8.000000e+01
2.490039e+14,8.000000e+01
2.490039e+14,8.000000e+01
5.707689e+13,6.252104e+01
5.707689e+13,5.000008e+00
1.939844e+13,7.899565e+01
1.033025e+14,6.768608e+01
5.645605e+13,4.999751e+00
5.645605e+13,4.999898e+00
2.491288e+13,2.834768e+01
1.770199e+13,7.915061e+01
5.082166e+13,3.957864e+01
3.824755e+13,3.345266e+01
3.313789e+13,3.207131e+01
4.402687e+13,4.150052e+01
2.620979e+13,7.899479e+01
5.556808e+13,4.132034e+01
3.154442e+13,7.899279e+01
1.922368e+13,7.898992e+01
4.985159e+13,5.987846e+01
1.961435e+13,4.999301e+00
4.065087e+13,7.896534e+01
1.655189e+13,7.898810e+01
2.044208e+14,6.011869e+01
1.320409e+13,7.899371e+01
3.490579e+13,3.453371e+01
1.396315e+13,7.899621e+01
1.676991e+13,7.899431e+01
4.522029e+13,5.098978e+01
9.709573e+13,8.000000e+01
4.441946e+13,3.753665e+01
1.092848e+18,8.000000e+01
1.092848e+18,8.000000e+01
2.780237e+13,2.966897e+01
3.536937e+13,4.716024e+01
1.237624e+14,4.882767e+01
6.981987e+13,5.675541e+01
2.788861e+13,2.882814e+01
3.323305e+13,3.465383e+01
1.905168e+13,7.898919e+01
1.418986e+13,7.899493e+01
2.086499e+13,7.895846e+01
9.174928e+13,4.852738e+01
5.108737e+14,8.000000e+01
5.108737e+14,8.000000e+01
1.342510e+14,6.462309e+01
1.589459e+13,7.899740e+01
4.089105e+13,4.528421e+01
1.999160e+13,4.496915e+01
1.968114e+13,7.899361e+01
1.819880e+13,7.899606e+01
2.294529e+14,5.681547e+01
2.303645e+13,1.898290e+01
9.912525e+13,6.738579e+01
1.574983e+13,7.899696e+01
3.952613e+14,8.000000e+01
3.952613e+14,8.000000e+01
1.338762e+13,7.899603e+01
2.586474e+13,2.726662e+01
1.665398e+13,7.899714e+01
2.232448e+14,7.819634e+01
5.399266e+13,4.846732e+01
2.563492e+13,7.899475e+01
2.302458e+13,2.642580e+01
3.644621e+13,3.411330e+01
1.920261e+13,7.892581e+01
6.825810e+13,4.432327e+01
2.345150e+14,8.000000e+01
2.345150e+14,8.000000e+01
1.597702e+13,7.899694e+01
4.107058e+13,3.925269e+01
8.146137e+13,5.999858e+01
1.597570e+14,8.000000e+01
1.461345e+13,7.899442e+01
5.505472e+13,6.414262e+01
9.012626e+13,5.297172e+01
2.232885e+13,7.898697e+01
1.369463e+14,8.000000e+01
1.369463e+14,8.000000e+01
4.717812e+15,8.000000e+01
3.713234e+14,8.000000e+01
5.558571e+14,8.000000e+01
7.044470e+13,5.441312e+01
9.697577e+13,8.000000e+01
3.949948e+13,4.120022e+01
1.474024e+13,7.898361e+01
6.479993e+13,4.720609e+01
6.518724e+13,6.168022e+01
2.997910e+13,2.912844e+01
1.936539e+13,7.899085e+01
1.158254e+14,8.000000e+01
1.158254e+14,8.000000e+01
1.923201e+14,8.000000e+01
1.923201e+14,8.000000e+01
2.898772e+13,7.899249e+01
2.145883e+15,8.000000e+01
2.145883e+15,8.000000e+01
1.421503e+15,8.000000e+01
2.771584e+14,8.000000e+01
2.765982e+13,2.852785e+01
1.703033e+13,7.899790e+01
1.076630e+14,5.957816e+01
9.493551e+13,4.702591e+01
1.832166e+13,7.899720e+01
3.845665e+13,4.426321e+01
1.208688e+14,8.000000e+01
3.143742e+13,3.321242e+01
5.012440e+14,8.000000e+01
2.942461e+15,8.000000e+01
2.942461e+15,8.000000e+01
2.942461e+15,8.000000e+01
2.942461e+15,8.000000e+01
2.942461e+15,8.000000e+01
2.942461e+15,8.000000e+01
2.942461e+15,8.000000e+01
4.664206e+13,4.570462e+01
1.740812e+13,7.923335e+01
2.051127e+13,7.898703e+01
1.204521e+13,7.899612e+01
4.335904e+13,5.249125e+01
1.687562e+14,6.011869e+01
1.762859e+13,7.899638e+01
2.241226e+13,4.997259e+00
4.344165e+13,4.462357e+01
2.000235e+13,7.893926e+01
1.475904e+13,7.897865e+01
1.469843e+13,7.899372e+01
1.229821e+13,7.898295e+01
2.429950e+13,7.899713e+01
4.252923e+13,7.899406e+01
1.449727e+14,8.000000e+01
1.449727e+14,8.000000e+01
2.266938e+14,8.000000e+01
2.266938e+14,8.000000e+01
2.745574e+13,7.897829e+01
3.055891e+13,7.898984e+01
1.530563e+14,6.113969e+01
2.636907e+13,7.897793e+01
2.143275e+13,7.898503e+01
1.959063e+13,7.899412e+01
1.500630e+13,7.894992e+01
1.486401e+13,7.898141e+01
3.349538e+13,3.849758e+01
9.599612e+12,7.899713e+01
1.677432e+13,7.899650e+01
3.386296e+14,8.000000e+01
3.386296e+14,8.000000e+01
4.593638e+13,4.240140e+01
1.699333e+13,7.897938e+01
8.825305e+13,4.450345e+01
5.214760e+13,3.939846e+01
2.388103e+13,2.408351e+01
2.445019e+13,7.899137e+01
9.095269e+15,8.000000e+01
1.385683e+14,4.588480e+01
3.156629e+13,3.411330e+01
6.742887e+13,4.558450e+01
7.776894e+13,4.498392e+01
6.886496e+13,4.636527e+01
1.272804e+13,7.886588e+01
8.054180e+13,4.978861e+01
2.056682e+13,2.390334e+01
2.593621e+13,7.331260e+01
3.717442e+13,5.000000e+00
4.162572e+14,8.000000e+01
7.677113e+13,5.771635e+01
5.061112e+13,3.237160e+01
6.057110e+13,6.958564e+01
1.497596e+14,4.678568e+01
2.194307e+13,7.899259e+01
3.228875e+13,7.891160e+01
1.222187e+14,7.459282e+01
1.449705e+13,7.899558e+01
1.553655e+13,7.899260e+01
2.489525e+13,7.899400e+01
1.205729e+13,7.899757e+01
1.630900e+13,7.899483e+01
1.828153e+13,7.913185e+01
4.645733e+17,8.000000e+01
2.212688e+14,7.645464e+01
2.212688e+14,7.645464e+01
2.084543e+13,5.092396e+01
2.355146e+14,8.000000e+01
1.118165e+14,6.426274e+01
2.546332e+13,7.899443e+01
8.175441e+13,5.909770e+01
1.075624e+17,8.000000e+01
3.104430e+13,5.000003e+00
1.407794e+13,7.896266e+01
1.346298e+14,5.183060e+01
1.193550e+14,7.092925e+01
3.432896e+13,3.345266e+01
2.209332e+13,7.898581e+01
1.364817e+14,8.000000e+01
1.364817e+14,8.000000e+01
1.191600e+14,6.978813e+01
7.140163e+13,4.678568e+01
4.944284e+14,8.000000e+01
8.504880e+13,8.000000e+01
1.048176e+14,4.840726e+01
1.387289e+14,8.000000e+01
1.387289e+14,8.000000e+01
2.343142e+14,8.000000e+01
2.343142e+14,8.000000e+01
2.343142e+14,8.000000e+01
1.426534e+13,7.873240e+01
2.187856e+13,7.899678e+01
1.526143e+14,8.000000e+01
1.526143e+14,8.000000e+01
2.597938e+13,7.897670e+01
4.057715e+13,4.041946e+01
5.187468e+14,8.000000e+01
1.246457e+14,4.558450e+01
4.131518e+14,7.525347e+01
3.020839e+13,2.864797e+01
4.348800e+13,3.855764e+01
6.155712e+13,3.915823e+01
2.627689e+13,7.899531e+01
6.056017e+13,4.041946e+01
1.212807e+14,8.000000e+01
1.281157e+13,7.892531e+01
2.333910e+13,7.892630e+01
3.035544e+13,2.924855e+01
1.192707e+14,5.086966e+01
3.831266e+14,8.000000e+01
3.831266e+14,8.000000e+01
2.529907e+13,7.886877e+01
1.368723e+13,7.899717e+01
2.920356e+13,2.110511e+01
4.526530e+14,6.210063e+01
1.346371e+14,7.183013e+01
1.354946e+13,7.899845e+01
2.085650e+14,5.165043e+01
2.517897e+13,4.999794e+00
1.886056e+14,5.585453e+01
1.729275e+13,7.899838e+01
1.281896e+14,7.801617e+01
1.281896e+14,7.801617e+01
2.116441e+13,7.919875e+01
1.227571e+13,7.897245e+01
2.761842e+13,2.756691e+01
9.892556e+12,7.899644e+01
1.954143e+14,8.000000e+01
8.608441e+13,8.000000e+01
8.608441e+13,8.000000e+01
5.920007e+13,3.873782e+01
6.786064e+13,4.077981e+01
6.501504e+14,8.000000e+01
4.910700e+14,8.000000e+01
4.910700e+14,8.000000e+01
1.239717e+14,4.642532e+01
1.742476e+13,7.899352e+01
2.079973e+13,2.396339e+01
1.003532e+14,8.000000e+01
1.003532e+14,8.000000e+01
5.241414e+14,8.000000e+01
5.241414e+14,8.000000e+01
7.400853e+13,4.132034e+01
2.100055e+13,2.499801e+01
3.774784e+13,7.885811e+01
5.177187e+14,8.000000e+01
1.525568e+14,8.000000e+01
1.525568e+14,8.000000e+01
1.525568e+14,8.000000e+01
9.460507e+13,4.852738e+01
4.056575e+13,7.922848e+01
5.997120e+13,6.966802e+01
6.136518e+14,8.000000e+01
8.272186e+13,6.870708e+01
8.845202e+13,4.252151e+01
1.894688e+13,7.899717e+01
1.544654e+14,5.945805e+01
2.642520e+14,8.000000e+01
1.236586e+14,8.000000e+01
1.236586e+14,8.000000e+01
2.599479e+13,7.899352e+01
1.782618e+13,7.899468e+01
5.525136e+13,3.981887e+01
2.469475e+13,7.899171e+01
3.239866e+13,7.898051e+01
2.730638e+13,7.898659e+01
1.486798e+14,8.000000e+01
1.715875e+14,6.744585e+01
3.755618e+13,3.129055e+01
1.356492e+13,7.899776e+01
1.498683e+13,7.894805e+01
2.818483e+13,7.899762e+01
5.125147e+14,8.000000e+01
1.057119e+14,8.000000e+01
1.057119e+14,8.000000e+01
2.021283e+13,7.899451e+01
1.360687e+14,5.092219e+01
1.743671e+13,7.897195e+01
1.636375e+13,7.899654e+01
8.123556e+13,8.000000e+01
4.812845e+13,4.294192e+01
1.688920e+13,7.899598e+01
1.367471e+14,8.000000e+01
1.367471e+14,8.000000e+01
2.546672e+13,7.899167e+01
5.591990e+13,3.699612e+01
2.451334e+13,2.756691e+01
1.370792e+13,7.899496e+01
9.527773e+13,4.999880e+00
7.897111e+14,8.000000e+01
4.498802e+14,8.000000e+01
4.498802e+14,8.000000e+01
4.498802e+14,8.000000e+01
5.926280e+13,5.357230e+01
3.337096e+13,2.960891e+01
3.583454e+13,3.759670e+01
1.530365e+13,7.899303e+01
1.077669e+13,7.899734e+01
3.799455e+14,8.000000e+01
1.506987e+13,7.896764e+01
5.312371e+13,6.684526e+01
4.108626e+13,4.059964e+01
3.973896e+13,4.720609e+01
1.282244e+13,7.899755e+01
1.165248e+14,8.000000e+01
1.165248e+14,8.000000e+01
1.165248e+14,8.000000e+01
2.898127e+13,7.899503e+01
5.236535e+13,5.219095e+01
1.518887e+14,5.657523e+01
4.085790e+13,3.543459e+01
1.589933e+13,7.899379e+01
6.058859e+13,3.651565e+01
2.889254e+14,8.000000e+01
2.889254e+14,8.000000e+01
2.539494e+13,7.897860e+01
1.675661e+13,7.899355e+01
1.874633e+13,7.898028e+01
2.430890e+13,2.726662e+01
1.534415e+14,5.267142e+01
7.182556e+13,4.114016e+01
2.745993e+14,8.000000e+01
2.745993e+14,8.000000e+01
6.452975e+14,8.000000e+01
6.452975e+14,8.000000e+01
6.452975e+14,8.000000e+01
1.744275e+13,7.899599e+01
1.330902e+14,6.390239e+01
2.978144e+13,7.899570e+01
7.510065e+13,5.183060e+01
7.510065e+13,5.183060e+01
5.494392e+14,8.000000e+01
5.494392e+14,8.000000e+01
5.494392e+14,8.000000e+01
2.729695e+13,3.105031e+01
7.443438e+13,7.899398e+01
1.865492e+13,7.899805e+01
5.667997e+14,8.000000e+01
5.667997e+14,8.000000e+01
5.667997e+14,8.000000e+01
2.655533e+14,7.152983e+01
1.171186e+13,7.899830e+01
2.293367e+13,4.997949e+00
6.047924e+13,7.665089e+01
1.063017e+14,4.906790e+01
4.641935e+13,3.321242e+01
3.522396e+13,2.840773e+01
3.309236e+13,3.183108e+01
1.407301e+13,7.898983e+01
4.882815e+13,3.261184e+01
3.792031e+13,7.899049e+01
7.622097e+13,8.000000e+01
1.191447e+14,6.912749e+01
1.617463e+13,7.899623e+01
2.092861e+13,2.100000e+01
1.516645e+13,7.898742e+01
1.352279e+14,5.549418e+01
9.512781e+13,5.945805e+01
1.302098e+13,7.899836e+01
3.604858e+14,7.369194e+01
3.092860e+13,7.898457e+01
1.048512e+14,5.495365e+01
1.426908e+13,7.899353e+01
1.290434e+14,4.684573e+01
2.069516e+14,7.116948e+01
2.863350e+14,8.000000e+01
2.863350e+14,8.000000e+01
1.183389e+13,7.899747e+01
4.233134e+13,3.447366e+01
4.892895e+13,4.600491e+01
5.069702e+13,4.077981e+01
2.762051e+13,7.899486e+01
4.490763e+13,7.899670e+01
4.490763e+13,6.059916e+01
2.323541e+13,2.630568e+01
2.439189e+13,2.738674e+01
1.190995e+14,4.636527e+01
7.039667e+13,4.732620e+01
4.764605e+13,7.896852e+01
3.048136e+13,3.062990e+01
4.038146e+14,7.921734e+01
3.888545e+13,4.999943e+00
1.760529e+13,7.899057e+01
1.635229e+13,7.899723e+01
6.751393e+13,4.894779e+01
2.150132e+13,7.899006e+01
2.595264e+13,7.899188e+01
6.635000e+13,4.378274e+01
1.939657e+13,7.899393e+01
1.102350e+14,8.000000e+01
1.102350e+14,8.000000e+01
1.102350e+14,8.000000e+01
6.971884e+14,7.243071e+01
1.277651e+15,8.000000e+01
1.277651e+15,8.000000e+01
4.206559e+13,7.899309e+01
5.237658e+14,8.000000e+01
5.237658e+14,8.000000e+01
5.237658e+14,8.000000e+01
5.237658e+14,8.000000e+01
3.893120e+13,3.579495e+01
8.098462e+13,5.195072e+01
7.279957e+13,8.000000e+01
7.279957e+13,7.899266e+01
1.176747e+14,4.678568e+01
3.328130e+13,3.783694e+01
1.100733e+14,8.000000e+01
4.507488e+13,3.207131e+01
3.203161e+14,8.000000e+01
1.530934e+14,6.822661e+01
3.516560e+13,7.897134e+01
1.921903e+14,8.000000e+01
1.921903e+14,8.000000e+01
1.099173e+14,7.489312e+01
2.973668e+13,7.898915e+01
1.406826e+14,5.747611e+01
5.406736e+13,7.899299e+01
1.912742e+13,7.899794e+01
6.707351e+13,6.582426e+01
6.707351e+13,6.582426e+01
1.359807e+13,7.899410e+01
6.567607e+13,3.855764e+01
2.025934e+13,7.899391e+01
1.368799e+15,8.000000e+01
1.368799e+15,8.000000e+01
7.220367e+13,7.657476e+01
3.491487e+13,7.899564e+01
2.435536e+14,8.000000e+01
2.435536e+14,8.000000e+01
3.368387e+13,3.825735e+01
7.820298e+13,7.759576e+01
7.580450e+13,5.026908e+01
2.687117e+14,8.000000e+01
5.040265e+15,8.000000e+01
6.166304e+13,4.960843e+01
1.707309e+13,7.899704e+01
2.144722e+14,5.879740e+01
1.617540e+13,7.899689e+01
4.477405e+13,4.546439e+01
2.922179e+13,7.899192e+01
3.327104e+13,3.273196e+01
1.306988e+13,4.999687e+00
1.096759e+14,4.426321e+01
8.497136e+13,4.192093e+01
6.306590e+13,6.228080e+01
2.850900e+14,8.000000e+01
2.850900e+14,8.000000e+01
2.850900e+14,8.000000e+01
1.241309e+15,8.000000e+01
1.895632e+14,8.000000e+01
1.637304e+13,7.896805e+01
4.738325e+13,3.519436e+01
4.212002e+14,8.000000e+01
3.270333e+13,4.999276e+00
9.969160e+12,7.899673e+01
6.366001e+13,4.504398e+01
1.640750e+13,7.892709e+01
3.363448e+13,3.351272e+01
9.625763e+13,4.246145e+01
1.129386e+14,6.906743e+01
3.697365e+13,3.099835e+01
6.253642e+13,4.168069e+01
3.080274e+13,3.141067e+01
1.137064e+13,7.899752e+01
1.151224e+13,7.898106e+01
3.704717e+13,3.303225e+01
3.373191e+14,5.993852e+01
1.123253e+13,7.899844e+01
8.785514e+13,4.816702e+01
2.980158e+13,3.056984e+01
5.863378e+14,8.000000e+01
1.866479e+14,5.219095e+01
8.109647e+13,5.453324e+01
4.559833e+13,3.498536e+01
2.830965e+13,7.899636e+01
2.601635e+13,7.899719e+01
4.594482e+13,7.899447e+01
2.146380e+14,8.000000e+01
1.702530e+13,7.897853e+01
2.171674e+13,2.408351e+01
4.047107e+13,7.890550e+01
8.426040e+13,7.417241e+01
6.962842e+13,4.786673e+01
1.596725e+14,5.543412e+01
1.403815e+14,5.819682e+01
1.359820e+13,7.899321e+01
2.111070e+13,7.899468e+01
4.476170e+13,3.531448e+01
1.787001e+13,7.895183e+01
1.501912e+14,5.417289e+01
8.634355e+13,6.822661e+01
8.634355e+13,6.822661e+01
5.952473e+15,8.000000e+01
3.259774e+13,3.321242e+01
3.836364e+13,3.291213e+01
1.282163e+13,7.899154e+01
2.103557e+13,7.899436e+01
8.517518e+13,5.000022e+00
8.517518e+13,5.000016e+00
8.517518e+13,8.000000e+01
5.404382e+13,6.059916e+01
4.044686e+13,7.899367e+01
1.168515e+14,4.780667e+01
3.544430e+13,7.898980e+01
3.422305e+13,5.056937e+01
9.047318e+13,4.654544e+01
3.425209e+13,3.399319e+01
2.292449e+13,2.636574e+01
1.204420e+14,5.135013e+01
1.523985e+13,7.888808e+01
2.919270e+13,7.899196e+01
1.054532e+15,8.000000e+01
1.828024e+13,7.899729e+01
1.519682e+14,5.513383e+01
1.811454e+13,7.899301e+01
5.987950e+13,5.116996e+01
4.178225e+13,3.939846e+01
1.159490e+14,8.000000e+01
1.159490e+14,8.000000e+01
1.156597e+13,7.899090e+01
1.078752e+14,8.000000e+01
1.078752e+14,8.000000e+01
4.452344e+13,3.783694e+01
1.232953e+14,5.116996e+01
5.922056e+14,8.000000e+01
5.922056e+14,8.000000e+01
5.922056e+14,8.000000e+01
4.090192e+14,6.246098e+01
1.579497e+13,5.491368e+01
1.093461e+14,5.309183e+01
3.080422e+14,8.000000e+01
3.676291e+13,4.156057e+01
1.615008e+13,7.899234e+01
2.351694e+13,7.777699e+01
4.367812e+13,4.114016e+01
2.387105e+13,7.897260e+01
1.292798e+13,7.899836e+01
3.811754e+13,1.900000e+01
1.248383e+13,7.899458e+01
1.914214e+13,7.898885e+01
3.002174e+14,8.000000e+01
3.002174e+14,8.000000e+01
1.782888e+14,5.369242e+01
1.694140e+13,7.898411e+01
1.514699e+14,6.948784e+01
4.582998e+13,3.093020e+01
1.393511e+13,4.999887e+00
2.039366e+13,7.898988e+01
1.186398e+15,8.000000e+01
2.151689e+13,2.414357e+01
8.671738e+13,6.095951e+01
1.717905e+13,7.896195e+01
3.817097e+13,3.147072e+01
2.649403e+14,8.000000e+01
2.649403e+14,8.000000e+01
3.497139e+13,3.243166e+01
1.127042e+13,7.899730e+01
1.431754e+13,7.899849e+01
2.560043e+13,5.851418e+01
6.204483e+13,4.576468e+01
4.759476e+13,4.300198e+01
1.411434e+14,8.000000e+01
1.411434e+14,8.000000e+01
1.407598e+13,7.899587e+01
2.589045e+13,2.768703e+01
5.701981e+13,3.837747e+01
1.656654e+13,7.899582e+01
4.083154e+13,3.117043e+01
5.164470e+13,7.898981e+01
1.763545e+15,8.000000e+01
1.763545e+15,8.000000e+01
2.311622e+13,7.895187e+01
1.931904e+14,8.000000e+01
1.931904e+14,8.000000e+01
1.220583e+13,7.899381e+01
1.866712e+13,7.899807e+01
2.916279e+13,2.648586e+01
1.021476e+14,4.402298e+01
2.850758e+13,2.876809e+01
1.924800e+13,7.899713e+01
4.010104e+13,5.000065e+00
4.010104e+13,7.895331e+01
2.571536e+14,7.765581e+01
4.296873e+13,6.029887e+01
1.657377e+13,7.899845e+01
6.129821e+14,8.000000e+01
1.115963e+13,7.898523e+01
4.858168e+13,3.663577e+01
2.112900e+14,5.289972e+01
1.913035e+15,8.000000e+01
1.913035e+15,8.000000e+01
3.067502e+13,2.768703e+01
3.211393e+13,3.417336e+01
3.229065e+13,7.899823e+01
1.543969e+13,7.897646e+01
8.270118e+13,8.000000e+01
2.122984e+13,7.899329e+01
5.065956e+13,4.624515e+01
8.556287e+13,6.546391e+01
1.997893e+13,7.899774e+01
1.166152e+13,7.899836e+01
3.360795e+14,7.813628e+01
4.820490e+13,5.000018e+00
4.820490e+13,5.000013e+00
4.820490e+13,7.898755e+01
4.108202e+13,4.546439e+01
1.533869e+14,8.000000e+01
1.533869e+14,8.000000e+01
1.533869e+14,8.000000e+01
4.944853e+13,7.899789e+01
4.900692e+14,8.000000e+01
2.528082e+13,2.798732e+01
2.108718e+14,8.000000e+01
2.108718e+14,8.000000e+01
1.501751e+13,2.100000e+01
3.966054e+16,8.000000e+01
3.966054e+16,8.000000e+01
1.426095e+14,5.837699e+01
2.839326e+13,7.898933e+01
1.774544e+13,7.898645e+01
4.205946e+13,3.189113e+01
1.073979e+14,8.000000e+01
1.826833e+13,7.899249e+01
9.794322e+12,1.899627e+01
1.786395e+15,8.000000e+01
1.786395e+15,8.000000e+01
1.786395e+15,8.000000e+01
2.697687e+13,7.899770e+01
5.373838e+14,8.000000e+01
5.373838e+14,8.000000e+01
5.373838e+14,8.000000e+01
5.373838e+14,8.000000e+01
2.976598e+13,3.032961e+01
4.878293e+14,6.258110e+01
5.421165e+13,3.711624e+01
2.420834e+13,2.492433e+01
4.915616e+14,8.000000e+01
1.595364e+14,7.615435e+01
1.892316e+13,7.899800e+01
4.244597e+13,3.405325e+01
5.152875e+13,2.699117e+01
4.964670e+13,4.132034e+01
2.217475e+13,7.897149e+01
1.206649e+13,7.899579e+01
3.381792e+14,6.264116e+01
8.983313e+13,4.750638e+01
4.925191e+13,5.213089e+01
1.627704e+14,5.297172e+01
9.709330e+13,8.000000e+01
1.639318e+14,8.000000e+01
2.239030e+14,8.000000e+01
2.239030e+14,8.000000e+01
2.239030e+14,8.000000e+01
3.149810e+13,7.899689e+01
1.451428e+13,7.895064e+01
2.703796e+13,2.828762e+01
5.508429e+13,3.735647e+01
2.661458e+13,7.793526e+01
1.991429e+14,6.005863e+01
1.190114e+13,7.899763e+01
2.336655e+14,8.000000e+01
4.009406e+13,3.963870e+01
1.852677e+13,7.899626e+01
1.373269e+14,7.849663e+01
7.807120e+13,4.690579e+01
1.005890e+13,7.899848e+01
4.157287e+14,8.000000e+01
6.034354e+13,4.870755e+01
1.729927e+13,7.899667e+01
5.862702e+13,5.008890e+01
2.316387e+14,5.537406e+01
2.726407e+13,7.898360e+01
5.086351e+13,6.222074e+01
9.426341e+16,8.000000e+01
9.426341e+16,8.000000e+01
2.868105e+13,2.702639e+01
2.572992e+15,8.000000e+01
2.524054e+13,7.899370e+01
4.556179e+13,7.899342e+01
2.952733e+13,7.896679e+01
1.022901e+14,5.399271e+01
1.251222e+16,8.000000e+01
1.251222e+16,8.000000e+01
2.501347e+15,8.000000e+01
2.501347e+15,8.000000e+01
3.768018e+13,3.783694e+01
6.065948e+13,4.534427e+01
1.941132e+13,7.897428e+01
1.178097e+14,6.071928e+01
3.399352e+13,7.899722e+01
9.176704e+13,5.243119e+01
3.346019e+13,7.897211e+01
1.385815e+15,8.000000e+01
1.509571e+14,5.915775e+01
2.331294e+13,7.709133e+01
3.333408e+13,3.165090e+01
1.341357e+14,6.360209e+01
9.996578e+13,8.000000e+01
3.441602e+13,3.075002e+01
2.387807e+13,7.899407e+01
6.503060e+13,7.899146e+01
6.503060e+13,7.777593e+01
6.543028e+13,4.726614e+01
4.621865e+13,3.597512e+01
6.345560e+13,6.077934e+01
3.472137e+13,7.894534e+01
1.488358e+14,6.228080e+01
3.056637e+14,8.000000e+01
3.056637e+14,8.000000e+01
1.913989e+13,7.897297e+01
2.555883e+13,7.898579e+01
4.993017e+13,3.813723e+01
1.545479e+14,8.000000e+01
3.254302e+13,3.044973e+01
6.075123e+13,7.898848e+01
6.075123e+13,6.029887e+01
4.165206e+13,3.747659e+01
2.314662e+13,7.899849e+01
1.100347e+13,7.899837e+01
4.376034e+13,4.960843e+01
1.451259e+13,4.999999e+00
1.153631e+13,7.898680e+01
5.943139e+13,3.681594e+01
1.885727e+13,7.898190e+01
2.742941e+13,7.899569e+01
3.701609e+13,3.339260e+01
3.240361e+13,3.699612e+01
3.150979e+13,3.543459e+01
1.274945e+13,4.999799e+00
2.361598e+14,8.000000e+01
5.225102e+14,8.000000e+01
5.225102e+14,8.000000e+01
5.225102e+14,8.000000e+01
2.363773e+14,8.000000e+01
2.363773e+14,8.000000e+01
2.315571e+14,8.000000e+01
2.315571e+14,8.000000e+01
2.047173e+14,7.062895e+01
5.162491e+13,4.270169e+01
3.367498e+13,7.899665e+01
3.220882e+13,7.894444e+01
4.758018e+13,4.594485e+01
9.495465e+13,4.059964e+01
1.037719e+13,7.899262e+01
1.587801e+13,7.899151e+01
2.950394e+13,7.898608e+01
2.950394e+13,4.999992e+00
1.044037e+13,7.899762e+01
3.152028e+13,7.640854e+01
1.909466e+13,7.898458e+01
2.019826e+13,7.898745e+01
2.458904e+14,5.837699e+01
1.990120e+13,7.893672e+01
1.110674e+15,8.000000e+01
7.743894e+15,8.000000e+01
7.687430e+13,5.939799e+01
6.611374e+13,3.843753e+01
2.248837e+13,7.899592e+01
1.131464e+14,4.312210e+01
1.420172e+13,7.894463e+01
2.889048e+14,8.000000e+01
2.889048e+14,8.000000e+01
3.750402e+13,7.898526e+01
1.714495e+14,5.933793e+01
1.511499e+13,7.899225e+01
8.133582e+13,5.405277e+01
7.438197e+14,8.000000e+01
7.438197e+14,8.000000e+01
7.145249e+13,4.168069e+01
5.025730e+15,8.000000e+01
3.708351e+13,3.345266e+01
1.559247e+13,7.898478e+01
4.946855e+13,3.459377e+01
9.188329e+13,6.672514e+01
1.178913e+13,5.000043e+00
1.179195e+13,7.899827e+01
1.616452e+13,7.899430e+01
1.774673e+13,7.899458e+01
1.186576e+14,5.867729e+01
3.533499e+13,7.899609e+01
3.533499e+13,7.899569e+01
2.908437e+13,7.899353e+01
1.509224e+13,7.899661e+01
1.101790e+14,7.975787e+01
3.175725e+13,2.834768e+01
4.669958e+13,5.104984e+01
4.669958e+13,6.955038e+01
1.217275e+14,5.825687e+01
3.290127e+15,8.000000e+01
5.919562e+13,7.899794e+01
5.919562e+13,7.899250e+01
1.033096e+16,8.000000e+01
2.869002e+14,8.000000e+01
6.972096e+13,3.783694e+01
1.730167e+14,7.393218e+01
1.730167e+14,7.393218e+01
3.046123e+13,3.393313e+01
1.379531e+13,4.999576e+00
4.718735e+13,3.987893e+01
3.763717e+14,8.000000e+01
2.431387e+13,7.898551e+01
2.646051e+13,7.899115e+01
1.349342e+13,7.899757e+01
5.944081e+13,4.570462e+01
3.048765e+13,3.939846e+01
5.928304e+13,4.156057e+01
3.260526e+13,3.183108e+01
3.103158e+13,7.899631e+01
2.296226e+13,2.486427e+01
2.430703e+13,7.899626e+01
2.645459e+15,8.000000e+01
2.645459e+15,8.000000e+01
1.146876e+13,7.898956e+01
1.009317e+13,7.899527e+01
1.616235e+13,7.899706e+01
4.644325e+14,3.500000e+01
1.121877e+14,5.609476e+01
1.753387e+14,7.855669e+01
1.526864e+13,7.896142e+01
2.186005e+13,7.899086e+01
7.053896e+13,5.525394e+01
7.053896e+13,5.525394e+01
5.185778e+14,8.000000e+01
5.185778e+14,8.000000e+01
4.870751e+13,4.180081e+01
1.911420e+13,7.898707e+01
2.231339e+13,7.898841e+01
1.232223e+14,5.447318e+01
1.650651e+13,2.700000e+01
4.608570e+13,3.855764e+01
2.150308e+13,7.897456e+01
2.081634e+13,7.899114e+01
1.054072e+15,8.000000e+01
1.054072e+15,8.000000e+01
4.065152e+13,7.825152e+01
2.277228e+13,7.892414e+01
2.070746e+13,7.899411e+01
1.353628e+14,7.213042e+01
2.770427e+13,7.898997e+01
2.310451e+14,8.000000e+01
3.424381e+13,2.936867e+01
1.758193e+13,4.999844e+00
5.669209e+14,8.000000e+01
5.669209e+14,8.000000e+01
1.070199e+13,7.899087e+01
6.289909e+13,4.732620e+01
1.917281e+14,7.062895e+01
2.392533e+13,7.899437e+01
3.639409e+13,7.870001e+01
1.213261e+14,6.636479e+01
4.864440e+13,5.123001e+01
2.102457e+14,5.405277e+01
1.195391e+15,8.000000e+01
1.195391e+15,8.000000e+01
1.195391e+15,8.000000e+01
4.261309e+14,8.000000e+01
4.261309e+14,8.000000e+01
4.261309e+14,8.000000e+01
1.280970e+13,7.911918e+01
2.007536e+14,6.690532e+01
1.255127e+14,6.714555e+01
1.977408e+13,7.899577e+01
3.076404e+14,6.516362e+01
2.659734e+13,2.732668e+01
1.304199e+13,4.999910e+00
7.430960e+13,7.963775e+01
4.761670e+13,4.396292e+01
1.104854e+14,8.000000e+01
1.104854e+14,8.000000e+01
3.132567e+13,3.903811e+01
8.579225e+13,5.291166e+01
2.569562e+13,7.899530e+01
1.564273e+14,5.201078e+01
2.098383e+13,7.894717e+01
2.028345e+13,7.899491e+01
2.032553e+14,5.897758e+01
5.361014e+13,3.957864e+01
1.899957e+14,6.336186e+01
1.130719e+13,7.899562e+01
2.161434e+14,7.387212e+01
4.603956e+13,3.693606e+01
3.473959e+14,8.000000e+01
3.473959e+14,8.000000e+01
1.780965e+13,2.698774e+01
1.488711e+13,7.898364e+01
2.550343e+16,8.000000e+01
2.550343e+16,8.000000e+01
2.267090e+13,7.899681e+01
2.574086e+13,7.898507e+01
7.706859e+13,7.651470e+01
3.947069e+13,7.899458e+01
3.947069e+13,7.899915e+01
3.890545e+14,7.873687e+01
4.116221e+13,3.129055e+01
2.265606e+14,6.834673e+01
1.304790e+13,7.899705e+01
2.529297e+14,7.855669e+01
1.614448e+14,6.029887e+01
2.533402e+13,2.846779e+01
9.291192e+13,4.258157e+01
1.424913e+14,5.147025e+01
1.001779e+14,4.654544e+01
7.772406e+13,4.798685e+01
4.569965e+13,7.898136e+01
2.489668e+13,5.000043e+00
1.219149e+13,7.899450e+01
2.975470e+13,7.896838e+01
5.471444e+13,4.077981e+01
5.030638e+16,8.000000e+01
3.035876e+13,2.954885e+01
2.719270e+13,3.032961e+01
2.550409e+13,2.708644e+01
4.287018e+13,3.807717e+01
4.245080e+13,3.639553e+01
1.808141e+13,7.899414e+01
1.675450e+13,7.817554e+01
3.828809e+14,6.113969e+01
2.310316e+13,7.898739e+01
2.282384e+13,7.899278e+01
2.857988e+13,7.899789e+01
4.248952e+13,4.390286e+01
6.511683e+13,5.243119e+01
1.705345e+13,4.999465e+00
2.533355e+13,2.792726e+01
4.446272e+14,8.000000e+01
3.186514e+13,2.936867e+01
1.507384e+14,6.150004e+01
4.424677e+14,6.576420e+01
3.003197e+13,2.978908e+01
3.367300e+13,6.298273e+01
1.487548e+14,6.516362e+01
1.989844e+13,7.890514e+01
1.838752e+13,7.897326e+01
1.316778e+14,5.825687e+01
9.615672e+13,8.000000e+01
2.525652e+14,8.000000e+01
2.525652e+14,8.000000e+01
2.000533e+13,7.877615e+01
2.312478e+13,7.892866e+01
3.899637e+13,4.198099e+01
4.620849e+14,7.957769e+01
5.057460e+13,3.681594e+01
6.079818e+13,7.896266e+01
6.300565e+18,8.000000e+01
6.300565e+18,8.000000e+01
6.300565e+18,8.000000e+01
6.300565e+18,8.000000e+01
2.164959e+13,7.898185e+01
7.222901e+13,8.000000e+01
2.667423e+13,7.899024e+01
2.870203e+13,7.899316e+01
1.628328e+13,7.897550e+01
9.871146e+12,7.899044e+01
2.878973e+14,8.000000e+01
2.878973e+14,8.000000e+01
1.788652e+13,4.999330e+00
1.766443e+13,7.797941e+01
1.398059e+13,7.899652e+01
2.433723e+13,7.899118e+01
2.059881e+13,7.896060e+01
1.245750e+13,7.899500e+01
1.748669e+14,6.077934e+01
3.887644e+14,5.861723e+01
3.919979e+13,4.999438e+00
2.129200e+13,7.899508e+01
2.502450e+13,7.899468e+01
2.000680e+13,7.899387e+01
1.682974e+14,7.999810e+01
8.844456e+13,5.285160e+01
2.038345e+13,7.899181e+01
1.930171e+13,7.898276e+01
6.791321e+13,6.282133e+01
6.791321e+13,6.282133e+01
5.961754e+13,4.204104e+01
7.090192e+13,3.783694e+01
7.313904e+13,5.813676e+01
7.313904e+13,5.813676e+01
3.606062e+13,2.096726e+01
1.145912e+14,4.450345e+01
1.163965e+13,7.899851e+01
2.366267e+13,7.898597e+01
1.673123e+13,7.898390e+01
1.304061e+13,7.899661e+01
3.424218e+13,2.852785e+01
2.151079e+14,8.000000e+01
2.151079e+14,8.000000e+01
1.308520e+14,6.264116e+01
1.077173e+13,7.899879e+01
4.562840e+13,3.957864e+01
2.434013e+13,7.898574e+01
1.221354e+14,6.774614e+01
1.780449e+13,7.891700e+01
1.117029e+13,5.873570e+01
1.707792e+14,6.228080e+01
1.249428e+13,7.898868e+01
3.518144e+13,3.255178e+01
2.241622e+13,2.432375e+01
9.834037e+13,7.483306e+01
9.834037e+13,7.483306e+01
2.181463e+13,7.899454e+01
1.578236e+13,7.899044e+01
1.114059e+14,8.000000e+01
1.114059e+14,8.000000e+01
4.698039e+13,3.363284e+01
1.768682e+13,7.899125e+01
3.402208e+13,3.213137e+01
2.697765e+14,8.000000e+01
1.969416e+13,7.895278e+01
3.519627e+13,5.000003e+00
3.519627e+13,4.492386e+01
1.351611e+13,4.999705e+00
2.325479e+13,7.898608e+01
6.649618e+13,5.110990e+01
1.629216e+13,7.899346e+01
2.180511e+13,7.896141e+01
1.553865e+14,7.687505e+01
1.281917e+14,8.000000e+01
1.281917e+14,8.000000e+01
2.162858e+13,2.348293e+01
1.119865e+14,5.116996e+01
2.050518e+14,5.729594e+01
4.562455e+15,8.000000e+01
3.742762e+13,3.849758e+01
2.036195e+13,7.899494e+01
1.943690e+14,8.000000e+01
1.943690e+14,8.000000e+01
3.920616e+13,4.059964e+01
1.892687e+13,7.899532e+01
1.518022e+14,7.699517e+01
1.562497e+13,7.906722e+01
8.840672e+13,4.912796e+01
1.014058e+13,7.898668e+01
5.700672e+13,8.000000e+01
1.273085e+13,7.898734e+01
1.563410e+13,7.899389e+01
2.586371e+14,8.000000e+01
2.586371e+14,8.000000e+01
3.014626e+13,3.441360e+01
7.818118e+13,5.243119e+01
2.092311e+13,7.898689e+01
1.660680e+13,7.495382e+01
2.565993e+14,7.195024e+01
5.042696e+13,3.765676e+01
1.529154e+13,7.898283e+01
2.059060e+14,8.000000e+01
2.059060e+14,8.000000e+01
1.266818e+14,6.516362e+01
1.258395e+13,7.899860e+01
4.514608e+19,8.000000e+01
4.514608e+19,8.000000e+01
4.514608e+19,8.000000e+01
4.514608e+19,8.000000e+01
4.514608e+19,8.000000e+01
2.093236e+14,8.000000e+01
2.108386e+13,7.898986e+01
1.953627e+13,2.216164e+01
5.520837e+13,5.189066e+01
2.990531e+13,7.899162e+01
2.771973e+13,7.899505e+01
1.056507e+14,8.000000e+01
1.056507e+14,8.000000e+01
1.056507e+14,8.000000e+01
2.281544e+13,7.892660e+01
1.188017e+13,7.899248e+01
3.186736e+13,7.899535e+01
1.396469e+14,8.000000e+01
1.677155e+13,7.897912e+01
3.464322e+14,8.000000e+01
2.435736e+13,7.899329e+01
5.993251e+13,3.694940e+01
6.772249e+13,4.390286e+01
1.442108e+13,7.899451e+01
1.555736e+13,7.899150e+01
3.830978e+13,3.327248e+01
6.106484e+14,7.789605e+01
1.260259e+14,2.990920e+01
1.775019e+13,7.898423e+01
6.709807e+13,4.756644e+01
1.075942e+13,7.899845e+01
6.240075e+13,4.876761e+01
3.286527e+13,7.899453e+01
2.335632e+13,7.893434e+01
4.695700e+13,3.681594e+01
5.588256e+13,4.774661e+01
2.349670e+15,8.000000e+01
2.349670e+15,8.000000e+01
1.648689e+14,6.894731e+01
1.269150e+13,7.899649e+01
4.863472e+13,4.618509e+01
4.182607e+13,3.903811e+01
1.164365e+13,7.898573e+01
4.263614e+14,8.000000e+01
4.263614e+14,8.000000e+01
8.441007e+13,4.966849e+01
2.925113e+13,2.636574e+01
2.656780e+13,7.898332e+01
2.625410e+13,7.898457e+01
4.620724e+13,3.885794e+01
4.201813e+13,5.405277e+01
7.194693e+13,5.981840e+01
2.098134e+13,2.348293e+01
1.214009e+14,5.927787e+01
8.047423e+15,8.000000e+01
8.047423e+15,8.000000e+01
8.047423e+15,8.000000e+01
3.005143e+13,2.810744e+01
2.462254e+13,4.997843e+00
1.689348e+13,4.688992e+01
1.363961e+13,7.893672e+01
1.421729e+13,7.899426e+01
1.255360e+13,7.899752e+01
3.856793e+13,2.990920e+01
4.198407e+13,4.035940e+01
4.645620e+13,3.237160e+01
4.588184e+13,4.564456e+01
3.383525e+14,8.000000e+01
4.224682e+13,4.816702e+01
9.390213e+12,7.899793e+01
7.216921e+14,8.000000e+01
7.216921e+14,8.000000e+01
3.397407e+13,7.898807e+01
2.009216e+14,5.849711e+01
1.924563e+13,5.000009e+00
1.205117e+14,8.000000e+01
9.505321e+13,4.210110e+01
8.423377e+13,3.975882e+01
2.252996e+13,7.899094e+01
1.336356e+13,7.899781e+01
2.717304e+14,6.125981e+01
3.112214e+13,7.895101e+01
2.314697e+14,8.000000e+01
3.323137e+13,7.897999e+01
8.756477e+13,5.237113e+01
5.370788e+13,3.579495e+01
2.190247e+13,7.898662e+01
8.605716e+13,4.840726e+01
1.973738e+14,8.000000e+01
1.934606e+13,7.899050e+01
3.524850e+13,2.990920e+01
2.688514e+14,6.125981e+01
3.109684e+13,5.000085e+00
8.455440e+13,4.906790e+01
1.078666e+13,7.899578e+01
2.784779e+14,8.000000e+01
1.910879e+14,8.000000e+01
1.910879e+14,8.000000e+01
3.480593e+13,7.897921e+01
1.639988e+13,7.899738e+01
5.171688e+13,2.900000e+01
1.758646e+14,5.597465e+01
4.545156e+13,3.927835e+01
1.116116e+13,7.899511e+01
8.488903e+13,4.882767e+01
7.280161e+13,4.047952e+01
2.503994e+14,8.000000e+01
5.166083e+13,3.447366e+01
5.031990e+13,3.459377e+01
2.822572e+14,7.789605e+01
1.537187e+14,7.645464e+01
4.781389e+13,4.071975e+01
1.594786e+14,8.000000e+01
1.594786e+14,8.000000e+01
5.586684e+14,8.000000e+01
5.196190e+13,4.438333e+01
7.411142e+13,4.546439e+01
2.839243e+14,7.771587e+01
1.561632e+13,7.899653e+01
4.711010e+15,8.000000e+01
4.711010e+15,8.000000e+01
1.382290e+13,7.899432e+01
6.826871e+13,3.687600e+01
1.558797e+13,7.899646e+01
1.440597e+13,7.899844e+01
1.705056e+14,6.888725e+01
4.577285e+13,4.426321e+01
1.311828e+14,4.999999e+00
1.311828e+14,7.899734e+01
1.311828e+14,5.000009e+00
1.311828e+14,7.899336e+01
1.980091e+15,4.023928e+01
2.541876e+13,6.795193e+01
1.888426e+13,7.914924e+01
4.759419e+14,7.158989e+01
1.198443e+15,8.000000e+01
4.874158e+13,3.861770e+01
5.255308e+13,3.898275e+01
1.354151e+13,7.893427e+01
2.048683e+13,7.898930e+01
2.467984e+13,2.708644e+01
1.180727e+13,7.898872e+01
8.737052e+13,4.162063e+01
1.162920e+13,7.899780e+01
1.276106e+13,7.899657e+01
1.099530e+14,5.507377e+01
8.814915e+12,7.899585e+01
1.451254e+13,7.899561e+01
2.243359e+13,7.897674e+01
4.375455e+14,8.000000e+01
6.708476e+13,4.432327e+01
2.283619e+13,7.889098e+01
6.963910e+13,4.786673e+01
9.848847e+13,4.732620e+01
3.248076e+13,2.840773e+01
3.927565e+13,7.855016e+01
2.177506e+14,5.921781e+01
1.767142e+13,7.899068e+01
2.948471e+13,7.898228e+01
2.650238e+13,7.899317e+01
1.254552e+15,8.000000e+01
1.303574e+13,7.899741e+01
9.897481e+13,8.000000e+01
9.897481e+13,8.000000e+01
9.988418e+13,7.951763e+01
2.586089e+13,7.899726e+01
1.265737e+14,8.000000e+01
1.265737e+14,8.000000e+01
1.106546e+13,7.853481e+01
1.343068e+13,7.899732e+01
3.433730e+14,6.738579e+01
9.437749e+13,6.186039e+01
2.963131e+13,3.357278e+01
2.208722e+13,7.899597e+01
2.609099e+14,5.531400e+01
3.466295e+13,3.639553e+01
1.994233e+13,7.896346e+01
5.635951e+14,8.000000e+01
5.635951e+14,8.000000e+01
1.020046e+13,7.899762e+01
1.599823e+14,5.068949e+01
1.377999e+14,2.700000e+01
2.285848e+13,7.899313e+01
2.967927e+14,8.000000e+01
2.967927e+14,8.000000e+01
2.967927e+14,8.000000e+01
2.967927e+14,8.000000e+01
1.065032e+14,5.483353e+01
1.567584e+13,4.999596e+00
8.632651e+13,6.162016e+01
1.983280e+13,7.897595e+01
3.319951e+14,7.134966e+01
3.716264e+13,3.483401e+01
1.064316e+14,7.189018e+01
3.295593e+13,3.231155e+01
1.756468e+14,8.000000e+01
3.185044e+13,2.684621e+01
2.308214e+13,7.899479e+01
1.065051e+14,4.858743e+01
2.674122e+13,7.898608e+01
5.603507e+13,4.738626e+01
4.127770e+13,3.225149e+01
6.274980e+13,3.825735e+01
1.808703e+13,7.899305e+01
9.253388e+13,6.918755e+01
3.201262e+13,7.898319e+01
1.492457e+13,7.899617e+01
3.716903e+13,3.585500e+01
3.138189e+13,2.786721e+01
2.444864e+14,8.000000e+01
2.757928e+13,4.999780e+00
4.945743e+13,7.899170e+01
4.945743e+13,7.899152e+01
3.253471e+13,2.954885e+01
2.852621e+13,7.896128e+01
1.249641e+13,7.898590e+01
2.350782e+13,7.899020e+01
4.954990e+14,8.000000e+01
7.362238e+13,6.906743e+01
2.002904e+13,7.918263e+01
3.511306e+13,3.159084e+01
2.618481e+14,6.924760e+01
1.788259e+13,7.898896e+01
2.097397e+14,5.453324e+01
1.299710e+14,6.978813e+01
3.735490e+13,7.898109e+01
1.609230e+13,7.899501e+01
6.267398e+13,4.840726e+01
6.267398e+13,4.840726e+01
3.366570e+13,2.984914e+01
4.830676e+13,3.537454e+01
7.077238e+13,5.513383e+01
1.476377e+13,7.899371e+01
9.461810e+12,7.899778e+01
1.936124e+13,2.318263e+01
8.050715e+13,5.579447e+01
2.600432e+13,7.896383e+01
4.349985e+13,5.369242e+01
3.238101e+14,7.146977e+01
1.546629e+13,7.898546e+01
8.749750e+13,6.648491e+01
8.749750e+13,6.648491e+01
4.005074e+13,4.108011e+01
5.915378e+18,8.000000e+01
4.607398e+14,8.000000e+01
6.808483e+13,4.270169e+01
2.437747e+14,6.312162e+01
3.440086e+13,7.899699e+01
2.283068e+13,7.899263e+01
3.276797e+14,5.903764e+01
1.716395e+13,7.899579e+01
3.110547e+13,2.948879e+01
1.958220e+13,7.896150e+01
7.511365e+13,5.483353e+01
4.053424e+14,8.000000e+01
4.053424e+14,8.000000e+01
7.575681e+13,7.921245e+01
1.037385e+15,8.000000e+01
1.024537e+14,8.000000e+01
1.051068e+15,8.000000e+01
4.065577e+13,3.327248e+01
5.076753e+13,4.186087e+01
6.018895e+13,3.771682e+01
1.656022e+13,3.099756e+01
7.325074e+13,7.896017e+01
7.948943e+13,7.849663e+01
4.755808e+13,4.138040e+01
1.523912e+13,7.899653e+01
2.138956e+13,7.899613e+01
6.478346e+13,3.837747e+01
3.454984e+13,3.441360e+01
2.746484e+13,7.897045e+01
1.103356e+15,8.000000e+01
4.958070e+13,4.750638e+01
1.085446e+13,7.899695e+01
5.251016e+13,5.104984e+01
1.271069e+14,4.636527e+01
2.840766e+13,3.032961e+01
4.677117e+13,3.387307e+01
1.705604e+13,7.899698e+01
3.120535e+13,7.897662e+01
2.981802e+13,2.858791e+01
2.114753e+13,7.899777e+01
1.126926e+14,5.873734e+01
1.126926e+14,5.873734e+01
2.515858e+13,7.899055e+01
4.616393e+13,3.903811e+01
2.936102e+13,2.888820e+01
2.319801e+14,8.000000e+01
1.683344e+14,8.000000e+01
1.683344e+14,8.000000e+01
4.198427e+13,4.900785e+01
9.235487e+13,4.648538e+01
1.380694e+13,7.899780e+01
2.784483e+14,8.000000e+01
2.784483e+14,8.000000e+01
5.670021e+13,3.897805e+01
2.133519e+13,2.462404e+01
8.586762e+13,7.899018e+01
8.224099e+13,6.600444e+01
1.784489e+14,5.837699e+01
8.390191e+13,5.249125e+01
6.271073e+13,3.771682e+01
3.425588e+13,4.999565e+00
2.256587e+13,7.889629e+01
2.624170e+13,7.892151e+01
1.389422e+13,7.898389e+01
1.649199e+14,8.000000e+01
4.633705e+13,5.489359e+01
2.331787e+13,2.504445e+01
2.269665e+13,7.899035e+01
2.125240e+13,7.898163e+01
6.481228e+13,3.747659e+01
2.288512e+13,7.898844e+01
1.084117e+14,7.717534e+01
1.113038e+14,6.107963e+01
4.787569e+13,3.441360e+01
1.197833e+14,6.390239e+01
2.683879e+13,2.660597e+01
2.305626e+13,2.546486e+01
1.188914e+13,7.899283e+01
2.937574e+13,2.918850e+01
3.239820e+14,8.000000e+01
1.594992e+13,7.895187e+01
1.887435e+14,8.000000e+01
1.699525e+13,7.758494e+01
1.593776e+13,7.891206e+01
2.198815e+13,2.186134e+01
3.629090e+14,8.000000e+01
3.629090e+14,8.000000e+01
3.001187e+13,3.489407e+01
2.524677e+14,6.636479e+01
1.533014e+15,8.000000e+01
1.533014e+15,8.000000e+01
7.033334e+13,6.216069e+01
5.369912e+14,8.000000e+01
5.369912e+14,8.000000e+01
5.369912e+14,8.000000e+01
9.677375e+13,5.735600e+01
5.207364e+13,7.897924e+01
2.336267e+13,7.899052e+01
2.332987e+13,7.899379e+01
6.919560e+13,3.549465e+01
1.592560e+13,7.899456e+01
7.312980e+13,5.000049e+00
3.504468e+13,7.897699e+01
4.265246e+14,8.000000e+01
4.265246e+14,8.000000e+01
2.652673e+13,7.894426e+01
6.798521e+13,7.693511e+01
2.559766e+13,7.899820e+01
1.250063e+14,4.924808e+01
2.062385e+14,5.993852e+01
1.611175e+13,7.898790e+01
1.014398e+14,4.954837e+01
4.761378e+13,4.666556e+01
4.701191e+13,5.183060e+01
2.747346e+13,7.228603e+01
1.702704e+13,7.899577e+01
7.723800e+13,4.041946e+01
7.303594e+13,6.312162e+01
3.821523e+13,4.324222e+01
2.404422e+13,5.077444e+01
1.572927e+13,7.899756e+01
1.001781e+14,4.642532e+01
3.080944e+15,8.000000e+01
3.512700e+13,3.837747e+01
9.149114e+13,7.645464e+01
5.120875e+14,8.000000e+01
1.610266e+14,6.498344e+01
7.909955e+13,4.534427e+01
6.743216e+13,3.687600e+01
2.734299e+13,2.900832e+01
8.221825e+13,6.648491e+01
3.573053e+14,8.000000e+01
3.573053e+14,8.000000e+01
1.344688e+14,4.858743e+01
1.739980e+13,7.917479e+01
3.801623e+13,5.000034e+00
3.801623e+13,7.897934e+01
2.322209e+14,8.000000e+01
2.560250e+13,2.660597e+01
1.610839e+13,7.898511e+01
8.301123e+13,4.888773e+01
1.777944e+13,7.899583e+01
3.833517e+13,3.981887e+01
2.892389e+14,8.000000e+01
2.892389e+14,8.000000e+01
2.892389e+14,8.000000e+01
2.892389e+14,8.000000e+01
6.701012e+13,6.384233e+01
3.687007e+13,4.998868e+00
8.070916e+13,4.360257e+01
4.758146e+13,3.621536e+01
9.902473e+12,7.899854e+01
1.901035e+14,8.000000e+01
1.901035e+14,8.000000e+01
1.782665e+13,7.899668e+01
3.441765e+13,3.159084e+01
2.264446e+13,7.744310e+01
3.465301e+13,3.447366e+01
3.627385e+13,7.898644e+01
5.080391e+14,7.213042e+01
1.473226e+13,7.899756e+01
2.399629e+14,6.516362e+01
1.931208e+13,7.896154e+01
1.202928e+14,8.000000e+01
2.260664e+13,7.899565e+01
1.668851e+13,6.272937e+01
1.930164e+13,7.898650e+01
4.658895e+13,7.899058e+01
4.658895e+13,7.899776e+01
2.773599e+14,6.312162e+01
9.163489e+16,8.000000e+01
9.163489e+16,8.000000e+01
2.916508e+13,7.899394e+01
4.431223e+13,7.897138e+01
2.538781e+13,7.899064e+01
4.045047e+13,3.447366e+01
2.844917e+14,8.000000e+01
2.844917e+14,8.000000e+01
3.216183e+13,2.924855e+01
1.602149e+14,8.000000e+01
2.372610e+13,7.899590e+01
4.429653e+13,5.038919e+01
2.236264e+13,7.899357e+01
3.196847e+14,8.000000e+01
3.196847e+14,8.000000e+01
1.216211e+13,2.699558e+01
8.639404e+13,8.000000e+01
2.853801e+13,7.899112e+01
1.906223e+13,7.899641e+01
5.601740e+13,4.762650e+01
1.409175e+14,8.000000e+01
1.409175e+14,8.000000e+01
1.992126e+13,7.893086e+01
3.649834e+13,7.899282e+01
1.471267e+13,7.899713e+01
4.223031e+13,4.089993e+01
7.805576e+13,5.000042e+00
1.908142e+15,8.000000e+01
1.908142e+15,8.000000e+01
4.071302e+13,3.807717e+01
5.029554e+13,3.369289e+01
1.838017e+14,6.480327e+01
5.565419e+13,5.939799e+01
1.671101e+14,8.000000e+01
1.671101e+14,8.000000e+01
1.913644e+14,6.636479e+01
9.396551e+13,5.633500e+01
8.101003e+13,3.933841e+01
7.994765e+13,8.000000e+01
1.589672e+13,7.898434e+01
2.289475e+13,7.899796e+01
8.442203e+13,5.189066e+01
2.777846e+13,5.000000e+00
7.988113e+13,5.285160e+01
5.009287e+13,4.222122e+01
8.089773e+13,5.056937e+01
1.215276e+14,6.137992e+01
1.546780e+13,7.899714e+01
1.524890e+13,7.896961e+01
2.136978e+13,7.895426e+01
1.920096e+13,7.899705e+01
2.647905e+13,2.708644e+01
1.728694e+13,7.898897e+01
3.912966e+13,7.899528e+01
1.288369e+15,8.000000e+01
3.356143e+14,5.849711e+01
2.106889e+13,2.420363e+01
3.244198e+13,3.279201e+01
1.224528e+13,7.899662e+01
8.539024e+15,8.000000e+01
2.437114e+13,7.899261e+01
2.930222e+13,7.898013e+01
3.244971e+13,7.898324e+01
7.550685e+13,5.189066e+01
3.360322e+14,5.957816e+01
1.060328e+15,8.000000e+01
1.060328e+15,8.000000e+01
2.443744e+14,8.000000e+01
2.443744e+14,8.000000e+01
7.018883e+13,4.174075e+01
2.967209e+14,8.000000e+01
1.718501e+13,7.893780e+01
5.729615e+14,8.000000e+01
5.729615e+14,8.000000e+01
4.656196e+14,7.573394e+01
3.296670e+15,8.000000e+01
3.997729e+13,4.426321e+01
2.881158e+13,2.912844e+01
1.524414e+14,8.000000e+01
1.524414e+14,8.000000e+01
1.524414e+14,8.000000e+01
2.392827e+13,6.884128e+01
9.472880e+13,5.627494e+01
1.546289e+14,7.795611e+01
1.546289e+14,7.795611e+01
2.110134e+13,7.898033e+01
1.756290e+13,7.898089e+01
1.317512e+14,8.000000e+01
2.639332e+13,2.858791e+01
3.264420e+13,7.899351e+01
7.430233e+13,5.735600e+01
3.225827e+13,7.899659e+01
1.170554e+13,7.899751e+01
1.698333e+13,7.898680e+01
1.620169e+13,7.898371e+01
1.416957e+13,7.899854e+01
6.328755e+14,8.000000e+01
6.328755e+14,8.000000e+01
9.213251e+13,6.798637e+01
1.105484e+14,5.357230e+01
3.792622e+13,3.387307e+01
2.578021e+13,7.899334e+01
2.693989e+13,7.899181e+01
7.689568e+14,7.921734e+01
3.263174e+13,7.899628e+01
1.244303e+14,6.540385e+01
3.912970e+13,7.899576e+01
2.651804e+13,4.999470e+00
5.503036e+13,4.336233e+01
6.224733e+13,4.540433e+01
1.389181e+13,7.899776e+01
2.048039e+13,7.892603e+01
1.018749e+14,5.135013e+01
4.922615e+13,4.864749e+01
7.428417e+13,5.423295e+01
3.440249e+13,7.899729e+01
2.000079e+13,7.892948e+01
1.555298e+13,7.899400e+01
1.115100e+14,7.086919e+01
1.054447e+13,7.899837e+01
9.306321e+12,7.899813e+01
5.536650e+13,4.288186e+01
4.151511e+14,8.000000e+01
7.454841e+14,8.000000e+01
3.706549e+13,2.948879e+01
9.610979e+12,7.899491e+01
1.558356e+13,7.899412e+01
1.271882e+13,7.865698e+01
2.532145e+13,7.886434e+01
1.218273e+13,7.895972e+01
4.208164e+13,5.183060e+01
1.171963e+13,7.899384e+01
6.206093e+13,3.831741e+01
2.980782e+13,7.896522e+01
2.163866e+14,8.000000e+01
1.305929e+14,4.894779e+01
3.325635e+13,3.303225e+01
8.394200e+13,3.898397e+01
3.778598e+13,5.000030e+00
4.310110e+13,3.219143e+01
3.169208e+13,2.768703e+01
1.673211e+14,5.147025e+01
1.725717e+14,5.135013e+01
1.328391e+13,7.899134e+01
9.525508e+13,4.942826e+01
1.886740e+13,7.910626e+01
6.647232e+13,4.882767e+01
2.672943e+14,8.000000e+01
2.672943e+14,8.000000e+01
7.260337e+13,6.438286e+01
3.187353e+13,2.699532e+01
5.129491e+14,8.000000e+01
5.129491e+14,8.000000e+01
1.014522e+14,5.279154e+01
1.473764e+14,4.744632e+01
1.217114e+13,7.898057e+01
3.096077e+13,3.423342e+01
1.944647e+13,2.216164e+01
5.149574e+14,8.000000e+01
5.149574e+14,8.000000e+01
5.745177e+13,6.420268e+01
3.016185e+13,7.899057e+01
6.290320e+14,8.000000e+01
1.771561e+13,7.897272e+01
2.715133e+14,3.298801e+01
1.515712e+14,8.000000e+01
1.515712e+14,8.000000e+01
6.721309e+14,7.098931e+01
1.580656e+14,6.396245e+01
1.081194e+14,7.092925e+01
4.736571e+13,6.059916e+01
1.635941e+13,7.898332e+01
8.951238e+13,4.360257e+01
1.763129e+14,8.000000e+01
2.522432e+13,4.999445e+00
7.248904e+14,8.000000e+01
3.736586e+13,3.225149e+01
2.882237e+14,6.192045e+01
2.222170e+13,2.504445e+01
1.467208e+14,8.000000e+01
1.467208e+14,8.000000e+01
6.060014e+13,4.216116e+01
1.560773e+14,4.936820e+01
4.516648e+13,3.459377e+01
2.997351e+15,8.000000e+01
2.997351e+15,8.000000e+01
2.483110e+14,7.243071e+01
2.198130e+14,8.000000e+01
2.198130e+14,8.000000e+01
2.198130e+14,8.000000e+01
4.766248e+13,4.432327e+01
4.730819e+13,7.895037e+01
8.431051e+13,5.579447e+01
4.016007e+13,3.807717e+01
1.521075e+13,7.899874e+01
4.096316e+14,8.000000e+01
1.724225e+14,4.888773e+01
3.936430e+13,7.896777e+01
3.699249e+13,7.899085e+01
3.648950e+14,7.615435e+01
2.180904e+13,7.899742e+01
1.487442e+13,7.899607e+01
1.090610e+14,7.927740e+01
1.090610e+14,7.927740e+01
1.854861e+15,8.000000e+01
1.854861e+15,8.000000e+01
1.113017e+14,5.807670e+01
5.564949e+13,5.861723e+01
1.120289e+14,8.000000e+01
1.120289e+14,8.000000e+01
1.882849e+13,7.879938e+01
5.153457e+13,7.899886e+01
5.153457e+13,7.899566e+01
3.032873e+13,7.896215e+01
2.340993e+13,7.895709e+01
2.339545e+14,6.678520e+01
1.602202e+14,5.903764e+01
1.109815e+13,7.897406e+01
8.275173e+13,4.522415e+01
1.289596e+15,8.000000e+01
1.581359e+13,7.897983e+01
4.872567e+13,3.513430e+01
4.047862e+13,3.237160e+01
1.607125e+13,7.899647e+01
4.536161e+13,3.489407e+01
8.355454e+13,7.899576e+01
8.355454e+13,7.898356e+01
7.765450e+13,8.000000e+01
7.765450e+13,8.000000e+01
1.244437e+13,7.899489e+01
5.864825e+14,8.000000e+01
5.864825e+14,8.000000e+01
9.862802e+14,8.000000e+01
9.862802e+14,8.000000e+01
3.124902e+13,2.990920e+01
2.916234e+13,7.899455e+01
1.522001e+13,7.910224e+01
6.945651e+13,8.000000e+01
1.465958e+14,6.732573e+01
1.504230e+13,7.899575e+01
4.597506e+13,3.639553e+01
3.480894e+13,3.231155e+01
3.113455e+15,8.000000e+01
3.255127e+13,3.423342e+01
1.113947e+13,7.899609e+01
2.733911e+13,3.225149e+01
4.013152e+13,4.678568e+01
1.439409e+15,8.000000e+01
1.350990e+13,4.305702e+01
2.416417e+13,2.540480e+01
1.438049e+14,7.627447e+01
1.049027e+14,7.898517e+01
1.049027e+14,5.000011e+00
1.501197e+13,7.899771e+01
1.782056e+13,7.896373e+01
7.614376e+13,5.801664e+01
2.396398e+13,7.899318e+01
1.656712e+13,7.899615e+01
1.490619e+17,8.000000e+01
1.490619e+17,8.000000e+01
1.607633e+13,7.899588e+01
1.925163e+14,8.000000e+01
1.925163e+14,8.000000e+01
7.481896e+13,6.300000e+01
9.256876e+13,4.636527e+01
2.226530e+13,7.897469e+01
3.986485e+13,4.714603e+01
2.747783e+13,7.899518e+01
2.473359e+14,8.000000e+01
2.066259e+14,8.000000e+01
2.066259e+14,8.000000e+01
2.785000e+13,7.898726e+01
1.077075e+14,8.000000e+01
1.674501e+13,7.898998e+01
2.940691e+14,5.975834e+01
3.649271e+13,4.246145e+01
8.822878e+14,7.375200e+01
4.552512e+13,4.414310e+01
2.845299e+13,3.093020e+01
1.815087e+13,7.760124e+01
3.400718e+14,8.000000e+01
1.693699e+13,7.899798e+01
5.922629e+13,3.837747e+01
2.077911e+13,7.899746e+01
7.495316e+13,5.351224e+01
3.675795e+13,2.360304e+01
1.751434e+15,8.000000e+01
1.751434e+15,8.000000e+01
1.751434e+15,8.000000e+01
1.951095e+13,7.892977e+01
1.222951e+13,7.898164e+01
1.410973e+13,7.899646e+01
4.312936e+13,4.750638e+01
2.615757e+14,8.000000e+01
2.615757e+14,8.000000e+01
4.732301e+13,5.207084e+01
4.679402e+14,8.000000e+01
4.679402e+14,8.000000e+01
2.953584e+13,2.972902e+01
3.224753e+13,3.861770e+01
3.065505e+13,7.899917e+01
3.065505e+13,7.899492e+01
1.329087e+14,8.000000e+01
1.107418e+13,7.899821e+01
1.244743e+14,4.162063e+01
1.049358e+14,6.150004e+01
1.195163e+13,7.284193e+01
2.130696e+14,5.597465e+01
1.723989e+13,7.899274e+01
2.634556e+13,7.898173e+01
3.124357e+13,7.899800e+01
3.124357e+13,7.899621e+01
9.371224e+13,5.110990e+01
9.035946e+13,4.564456e+01
1.569153e+14,8.000000e+01
1.569153e+14,8.000000e+01
1.458246e+15,8.000000e+01
1.458246e+15,8.000000e+01
2.512737e+13,2.654592e+01
8.415130e+13,7.807622e+01
8.415130e+13,7.807622e+01
4.544013e+13,3.717629e+01
1.881577e+14,5.651517e+01
5.284026e+14,6.858696e+01
1.009793e+14,6.264116e+01
1.009793e+14,6.264116e+01
7.216158e+13,6.312162e+01
4.329452e+13,4.684573e+01
2.247682e+13,7.899648e+01
4.336074e+13,3.987893e+01
1.272114e+13,7.899760e+01
2.170672e+13,7.899581e+01
7.550543e+13,4.138040e+01
2.138923e+13,2.900000e+01
1.190385e+14,8.000000e+01
1.190385e+14,8.000000e+01
1.179377e+14,4.402298e+01
3.171705e+13,3.068996e+01
1.916820e+13,7.899564e+01
9.395401e+14,7.735552e+01
1.331192e+14,4.726614e+01
1.615986e+14,2.891651e+01
1.621979e+14,8.000000e+01
4.404429e+14,8.000000e+01
1.342344e+14,5.219095e+01
9.124363e+13,6.426274e+01
3.926743e+13,5.243119e+01
3.926743e+13,5.000002e+00
2.164372e+13,7.899146e+01
3.950527e+13,7.896494e+01
1.542724e+14,5.098978e+01
2.146704e+13,7.897553e+01
8.921477e+13,7.899338e+01
8.921477e+13,8.000000e+01
1.135929e+14,7.935386e+01
3.188509e+14,8.000000e+01
2.612567e+13,7.899420e+01
1.294387e+14,8.000000e+01
6.730008e+13,4.108011e+01
3.288656e+13,2.876809e+01
2.574460e+13,2.744680e+01
5.920509e+13,3.441360e+01
1.530510e+13,7.899745e+01
4.845930e+13,3.867776e+01
5.993226e+15,8.000000e+01
1.337354e+15,8.000000e+01
3.487098e+13,2.990920e+01
4.563991e+13,7.898295e+01
2.975255e+13,3.273196e+01
1.496531e+13,7.899815e+01
7.501752e+13,5.339213e+01
1.114016e+14,5.891752e+01
1.859989e+13,7.899395e+01
1.493414e+13,7.899607e+01
4.811364e+16,8.000000e+01
8.670611e+13,5.207084e+01
1.102892e+14,5.957816e+01
1.957071e+13,7.899837e+01
3.603166e+13,3.921829e+01
4.902943e+13,3.447366e+01
6.106022e+13,4.132034e+01
5.520496e+13,3.957864e+01
3.725835e+13,7.899509e+01
4.918669e+14,8.000000e+01
5.225985e+13,4.624515e+01
2.556268e+14,8.000000e+01
2.556268e+14,8.000000e+01
2.556268e+14,8.000000e+01
4.823529e+13,3.321242e+01
2.117298e+13,7.882460e+01
5.990625e+13,3.783694e+01
8.202976e+14,6.948784e+01
1.164858e+13,7.899672e+01
2.010339e+13,7.899664e+01
1.991896e+13,7.896724e+01
1.253071e+13,6.875073e+01
1.076213e+14,8.000000e+01
2.850218e+13,3.135061e+01
4.486472e+13,4.035940e+01
9.466624e+13,4.192093e+01
6.908261e+13,5.297172e+01
1.955727e+13,7.899856e+01
2.959196e+14,8.000000e+01
1.295252e+13,3.906831e+01
2.101806e+14,7.891704e+01
3.573708e+13,3.123049e+01
2.827541e+13,3.177102e+01
3.206117e+13,7.896050e+01
1.228455e+14,8.000000e+01
8.543059e+14,8.000000e+01
1.825011e+13,7.899443e+01
2.960422e+13,3.002932e+01
2.328332e+13,7.899119e+01
5.658054e+13,4.186087e+01
8.129112e+13,7.609429e+01
8.129112e+13,7.609429e+01
1.027202e+13,7.899832e+01
3.001398e+13,3.411330e+01
6.320517e+14,8.000000e+01
6.320517e+14,8.000000e+01
2.678734e+14,8.000000e+01
4.646735e+13,7.899305e+01
1.593917e+13,7.898710e+01
3.572378e+13,7.894188e+01
2.890979e+13,7.898678e+01
1.459671e+13,7.899494e+01
1.497027e+13,7.899603e+01
6.936601e+13,6.342192e+01
6.936601e+13,6.342192e+01
2.635497e+13,7.891414e+01
2.300199e+13,2.504445e+01
3.960126e+13,3.489407e+01
2.315091e+13,2.642580e+01
2.588671e+13,2.588527e+01
4.262829e+13,6.672783e+01
1.428393e+13,7.897134e+01
5.361400e+13,4.282181e+01
4.081946e+14,8.000000e+01
4.081946e+14,8.000000e+01
2.915886e+13,7.897772e+01
5.404432e+13,3.993899e+01
2.152076e+13,7.899545e+01
5.643835e+13,4.120022e+01
1.968341e+13,4.999253e+00
2.067773e+13,2.288234e+01
5.282809e+13,4.258157e+01
2.195176e+13,7.897012e+01
2.494016e+14,7.249077e+01
3.306657e+14,8.000000e+01
3.306657e+14,8.000000e+01
2.688384e+14,8.000000e+01
1.072781e+14,6.762602e+01
1.712036e+14,8.000000e+01
1.712036e+14,8.000000e+01
4.520703e+15,8.000000e+01
4.520703e+15,8.000000e+01
1.271342e+14,8.000000e+01
5.235520e+13,7.899769e+01
5.235520e+13,7.899864e+01
4.083086e+13,3.044973e+01
1.177932e+14,4.654544e+01
1.191417e+14,8.000000e+01
1.086304e+14,6.954790e+01
4.274137e+13,3.867776e+01
4.277813e+13,3.549465e+01
6.255621e+13,4.660550e+01
4.786476e+13,3.100074e+01
2.586961e+13,7.843264e+01
4.777186e+13,4.438333e+01
4.293496e+13,3.315237e+01
1.770553e+14,5.098978e+01
7.087031e+13,5.669535e+01
1.320389e+14,6.984819e+01
1.692667e+15,8.000000e+01
8.643130e+13,6.870708e+01
6.148839e+13,4.065970e+01
2.678828e+13,2.966897e+01
2.264339e+13,7.898188e+01
9.164498e+13,8.000000e+01
9.164498e+13,8.000000e+01
1.609288e+14,4.978861e+01
5.449316e+13,4.576468e+01
3.104737e+14,8.000000e+01
1.210641e+15,8.000000e+01
7.461570e+13,7.044878e+01
2.151745e+13,7.899537e+01
1.095051e+14,7.177007e+01
2.219747e+13,4.999715e+00
5.010943e+13,7.899155e+01
3.016994e+14,8.000000e+01
3.016994e+14,8.000000e+01
1.023485e+14,2.464015e+01
1.426974e+14,6.570415e+01
4.265694e+13,7.915442e+01
3.937668e+13,7.898285e+01
3.421232e+13,3.087014e+01
1.981528e+13,7.899494e+01
2.306092e+13,7.933881e+01
1.007783e+13,7.899682e+01
2.037173e+13,7.899710e+01
1.906327e+14,6.306157e+01
2.330841e+13,7.898660e+01
1.157997e+14,5.423295e+01
3.951309e+14,8.000000e+01
2.824336e+13,7.899568e+01
1.902902e+13,7.899810e+01
1.475245e+13,7.899410e+01
5.086493e+13,7.899543e+01
1.275716e+14,4.558450e+01
4.341283e+13,3.861770e+01
7.188449e+14,8.000000e+01
3.353477e+14,6.101957e+01
6.225517e+13,8.000000e+01
5.539280e+13,3.651565e+01
2.344064e+14,8.000000e+01
3.348600e+13,7.899282e+01
1.395821e+13,7.899160e+01
4.618096e+14,8.000000e+01
1.054183e+13,7.899300e+01
1.494818e+13,7.899175e+01
3.128376e+14,8.000000e+01
3.128376e+14,8.000000e+01
3.128376e+14,8.000000e+01
3.038886e+13,4.999921e+00
6.225229e+13,3.783694e+01
3.265587e+13,3.459377e+01
9.388828e+13,7.899415e+01
1.919454e+13,4.999440e+00
1.814521e+13,7.898968e+01
3.742917e+13,3.237160e+01
4.941676e+13,4.876761e+01
7.923641e+13,4.678568e+01
1.315448e+13,7.899735e+01
3.960467e+15,8.000000e+01
2.819336e+13,2.864797e+01
1.138248e+13,7.899658e+01
1.245596e+14,8.000000e+01
2.038433e+14,7.453276e+01
8.473436e+14,8.000000e+01
4.600159e+13,3.861770e+01
2.943586e+13,3.363284e+01
3.945213e+14,8.000000e+01
3.945213e+14,8.000000e+01
1.173488e+13,5.290975e+01
2.259183e+13,2.372316e+01
1.441515e+14,8.000000e+01
1.344421e+13,7.899338e+01
3.066907e+14,7.207036e+01
9.748324e+14,8.000000e+01
1.195699e+14,4.756644e+01
8.654070e+13,8.000000e+01
8.654070e+13,8.000000e+01
2.223780e+13,7.894606e+01
4.832951e+13,3.345266e+01
5.698008e+13,4.996878e+01
1.783584e+13,7.899611e+01
1.702022e+13,7.899448e+01
3.353415e+13,3.675588e+01
1.605235e+13,7.899381e+01
3.354466e+13,7.898682e+01
9.503744e+13,8.000000e+01
9.503744e+13,8.000000e+01
2.068929e+14,8.000000e+01
2.068929e+14,8.000000e+01
9.230948e+13,7.309136e+01
5.069723e+13,3.711624e+01
3.003067e+13,3.093020e+01
3.053688e+13,3.711624e+01
4.054856e+13,3.633547e+01
2.505300e+13,7.911943e+01
1.490537e+14,4.810697e+01
7.608873e+13,7.056889e+01
4.578540e+14,6.750590e+01
7.880758e+13,5.129007e+01
4.453441e+13,4.999949e+00
1.715683e+13,7.897891e+01
3.002019e+13,2.846779e+01
3.837796e+13,3.357278e+01
2.538037e+13,7.896415e+01
1.265562e+13,7.898444e+01
4.434408e+13,3.609524e+01
4.558167e+13,7.899646e+01
2.561362e+13,2.672609e+01
3.054869e+13,3.351272e+01
5.145227e+15,7.705523e+01
8.089190e+13,3.963870e+01
1.665200e+13,7.895183e+01
6.560099e+13,5.501371e+01
3.760097e+13,3.369289e+01
1.467026e+13,7.899281e+01
2.239666e+15,8.000000e+01
3.072694e+20,8.000000e+01
3.072694e+20,8.000000e+01
3.072694e+20,8.000000e+01
3.072694e+20,8.000000e+01
3.072694e+20,8.000000e+01
3.278959e+14,8.000000e+01
4.908469e+13,4.456351e+01
2.703178e+13,7.899273e+01
2.919533e+13,3.141067e+01
6.603668e+13,5.753617e+01
1.454095e+14,8.000000e+01
1.454095e+14,8.000000e+01
1.362540e+13,4.099268e+01
2.136451e+13,7.891203e+01
1.801646e+13,7.899883e+01
3.332668e+13,3.441360e+01
2.169820e+13,7.899444e+01
5.254504e+14,8.000000e+01
5.669833e+13,3.231155e+01
1.307953e+13,7.899329e+01
1.135636e+13,7.899571e+01
1.037120e+14,4.996878e+01
7.003237e+13,4.258157e+01
2.237726e+13,7.588201e+01
5.734681e+13,4.126028e+01
3.438901e+14,6.792631e+01
2.148946e+13,2.546486e+01
1.859723e+13,7.897901e+01
2.907903e+14,6.558403e+01
2.248700e+13,7.899605e+01
2.654718e+13,2.978908e+01
7.508797e+13,5.381254e+01
1.664980e+13,7.899614e+01
7.326864e+13,6.528374e+01
5.266996e+13,4.035940e+01
3.795257e+14,8.000000e+01
4.466085e+14,8.000000e+01
4.466085e+14,8.000000e+01
1.675122e+14,8.000000e+01
1.195149e+13,7.899678e+01
3.805475e+14,8.000000e+01
1.712666e+13,7.898518e+01
3.057606e+13,3.189113e+01
3.196623e+13,7.899143e+01
2.906049e+13,7.899332e+01
2.407297e+14,8.000000e+01
3.077927e+13,7.899127e+01
1.168811e+14,8.000000e+01
1.168811e+14,8.000000e+01
7.417878e+14,8.000000e+01
7.417878e+14,8.000000e+01
4.852745e+13,7.899590e+01
4.245968e+13,7.899555e+01
4.245968e+13,5.303177e+01
4.632223e+13,5.050931e+01
4.632223e+13,4.999998e+00
1.724847e+14,8.000000e+01
1.724847e+14,8.000000e+01
7.079639e+14,8.000000e+01
4.808103e+13,4.095999e+01
1.195707e+14,8.000000e+01
1.195707e+14,8.000000e+01
1.872756e+13,7.898405e+01
6.179608e+14,8.000000e+01
6.179608e+14,8.000000e+01
9.384910e+14,8.000000e+01
9.384910e+14,8.000000e+01
9.384910e+14,8.000000e+01
1.187627e+13,4.904151e+01
1.162492e+13,7.899689e+01
1.621208e+13,7.899687e+01
1.122701e+13,7.899683e+01
3.303860e+13,4.228128e+01
4.360397e+14,7.645464e+01
3.919440e+13,3.549465e+01
5.236877e+13,7.899351e+01
1.419916e+13,7.914048e+01
4.627967e+13,4.636527e+01
3.714353e+13,7.899219e+01
3.977733e+16,8.000000e+01
5.341914e+13,7.899351e+01
3.391266e+13,7.899772e+01
3.391266e+13,7.899873e+01
7.450726e+13,4.744632e+01
1.551548e+13,7.895415e+01
1.084138e+14,5.141019e+01
1.184791e+14,2.893879e+01
2.021245e+13,3.697674e+01
3.094718e+13,3.267190e+01
2.045659e+15,8.000000e+01
3.714525e+13,3.093020e+01
1.050218e+13,7.898886e+01
5.079960e+13,4.630521e+01
2.448985e+13,2.852785e+01
1.681623e+13,7.899340e+01
5.936295e+13,5.639506e+01
5.851021e+13,5.020902e+01
3.841343e+13,4.071975e+01
1.286884e+13,7.899735e+01
4.196720e+13,3.387307e+01
2.719057e+13,7.872697e+01
1.939099e+13,7.899811e+01
3.590004e+13,4.606497e+01
2.092069e+13,7.899561e+01
7.089986e+13,4.498392e+01
3.210246e+13,3.369289e+01
1.284441e+13,7.899667e+01
1.280157e+13,7.899831e+01
1.504922e+13,4.999707e+00
7.051595e+13,4.222122e+01
3.773790e+13,3.915823e+01
2.183294e+13,7.898688e+01
1.011758e+14,4.041946e+01
1.721561e+13,7.893197e+01
1.589061e+13,7.899147e+01
5.891791e+13,6.023881e+01
7.035163e+14,8.000000e+01
3.577541e+13,4.035940e+01
1.426590e+14,8.000000e+01
1.426590e+14,8.000000e+01
1.705107e+13,7.899690e+01
1.014714e+15,8.000000e+01
1.014714e+15,8.000000e+01
9.795744e+12,7.899792e+01
5.225546e+13,3.447366e+01
7.541811e+13,4.210110e+01
1.557232e+13,7.899316e+01
2.618992e+13,2.696633e+01
1.170775e+13,7.899757e+01
5.354198e+13,7.924977e+01
2.038302e+13,7.887946e+01
7.155340e+13,6.468315e+01
1.550788e+14,8.000000e+01
1.550788e+14,8.000000e+01
1.550788e+14,8.000000e+01
6.475457e+13,5.663529e+01
5.654750e+13,4.330228e+01
2.491695e+14,2.491094e+01
2.900554e+13,3.117043e+01
9.555538e+13,4.252151e+01
2.162644e+13,7.899065e+01
2.943730e+13,2.678615e+01
9.557492e+14,8.000000e+01
3.616028e+14,8.000000e+01
3.616028e+14,8.000000e+01
3.616028e+14,8.000000e+01
1.950225e+13,7.899515e+01
2.357421e+13,2.822756e+01
1.111286e+13,7.899742e+01
8.514311e+13,7.321147e+01
4.595846e+13,3.759670e+01
6.745839e+13,4.120022e+01
3.502979e+14,6.732573e+01
4.824417e+13,4.999977e+00
2.557948e+14,8.000000e+01
9.944224e+13,8.000000e+01
6.547819e+14,8.000000e+01
4.067965e+14,8.000000e+01
4.067965e+14,8.000000e+01
4.067965e+14,8.000000e+01
3.325489e+14,6.282133e+01
2.571281e+13,7.899678e+01
2.505839e+13,4.999846e+00
8.270881e+13,6.540385e+01
2.523807e+13,7.896880e+01
9.404354e+13,7.899539e+01
9.404354e+13,7.899381e+01
2.675947e+13,2.894826e+01
3.236172e+13,7.897834e+01
1.120005e+13,7.899405e+01
2.704737e+13,6.306547e+01
1.057622e+14,5.129007e+01
1.806492e+13,7.897998e+01
1.963346e+14,7.219048e+01
1.821050e+13,7.899043e+01
7.278554e+13,7.759576e+01
7.278554e+13,7.759576e+01
5.906293e+13,4.330228e+01
5.373865e+15,8.000000e+01
3.328406e+13,7.899519e+01
5.154573e+13,4.999955e+00
3.071311e+13,7.899348e+01
7.342428e+13,2.500000e+01
6.796197e+13,3.963870e+01
3.667362e+14,8.000000e+01
1.247080e+13,7.899827e+01
2.078793e+13,7.899603e+01
3.052242e+13,3.567483e+01
1.487835e+14,8.000000e+01
1.975928e+14,8.000000e+01
6.500165e+13,3.723635e+01
2.730152e+13,7.899839e+01
2.855944e+13,2.624562e+01
3.168268e+14,8.000000e+01
1.251132e+14,8.000000e+01
1.251132e+14,8.000000e+01
7.442929e+13,5.195072e+01
3.253723e+13,7.849657e+01
2.401333e+13,7.896725e+01
8.261975e+13,8.000000e+01
8.142973e+13,4.156057e+01
8.267003e+13,4.029934e+01
1.091318e+14,4.588480e+01
2.039514e+13,7.895958e+01
6.867779e+13,5.303177e+01
2.631339e+13,7.899434e+01
1.549875e+13,7.895291e+01
4.705209e+13,5.909770e+01
4.705209e+13,5.000003e+00
1.296664e+13,7.899453e+01
1.249171e+13,7.899721e+01
9.670427e+13,7.921734e+01
1.301393e+13,7.896641e+01
2.799349e+13,7.899467e+01
1.965434e+13,7.899514e+01
2.193193e+14,8.000000e+01
1.417283e+14,5.086966e+01
1.197385e+13,7.897459e+01
5.876559e+13,6.888725e+01
4.701860e+13,4.294192e+01
3.103036e+13,3.243166e+01
2.004650e+13,7.897617e+01
1.627986e+15,8.000000e+01
8.663477e+13,4.065970e+01
2.248621e+13,2.098505e+01
4.167671e+13,4.216116e+01
1.606774e+13,7.899748e+01
1.907059e+13,7.899680e+01
8.836836e+13,5.092972e+01
2.773211e+13,7.898799e+01
5.963166e+13,3.651565e+01
2.417588e+13,7.892943e+01
2.218683e+13,7.898502e+01
1.159835e+13,7.899826e+01
1.184052e+14,8.000000e+01
1.184052e+14,8.000000e+01
1.087784e+14,3.097174e+01
2.563047e+13,7.885674e+01
1.577688e+14,8.000000e+01
1.577688e+14,8.000000e+01
6.320574e+13,4.378274e+01
1.656511e+14,5.279154e+01
3.872051e+13,4.156057e+01
4.729653e+13,4.732620e+01
1.933906e+13,7.899794e+01
2.222646e+13,2.354298e+01
9.968913e+15,8.000000e+01
1.307993e+14,8.000000e+01
1.307993e+14,7.899470e+01
6.253630e+13,4.324222e+01
1.063064e+14,7.777593e+01
2.067357e+13,7.924262e+01
4.318698e+13,4.216116e+01
3.750084e+13,2.960891e+01
2.684086e+14,7.951763e+01
7.437145e+13,6.089945e+01
4.169618e+13,4.486380e+01
1.662599e+16,8.000000e+01
1.354124e+14,5.026908e+01
7.787358e+14,8.000000e+01
1.343702e+13,7.899315e+01
3.842358e+13,7.899529e+01
7.898962e+13,4.666556e+01
2.066950e+13,7.899628e+01
3.378481e+13,2.930861e+01
1.192654e+14,6.017875e+01
5.472489e+13,4.510403e+01
1.245143e+13,5.000100e+00
1.140404e+14,6.588432e+01
6.483671e+13,4.741765e+01
4.939677e+13,4.077981e+01
5.882866e+13,4.882767e+01
1.018346e+13,7.899778e+01
4.041746e+13,2.960891e+01
4.822276e+14,8.000000e+01
9.190825e+13,6.450297e+01
7.423616e+13,6.576420e+01
7.423616e+13,7.899195e+01
3.055518e+13,7.899774e+01
1.154735e+13,7.899816e+01
9.651060e+13,8.000000e+01
9.651060e+13,8.000000e+01
7.179738e+13,4.228128e+01
1.471825e+14,8.000000e+01
1.471825e+14,8.000000e+01
1.471825e+14,8.000000e+01
1.476087e+13,7.898800e+01
2.662647e+13,2.948879e+01
1.409829e+13,5.894466e+01
5.931516e+13,5.393265e+01
3.073737e+13,3.117043e+01
1.252257e+13,7.894841e+01
1.275835e+15,8.000000e+01
7.941263e+13,4.684573e+01
6.993830e+13,5.000134e+00
6.993830e+13,7.891256e+01
3.252201e+13,3.165090e+01
7.135380e+14,8.000000e+01
7.135380e+14,8.000000e+01
7.135380e+14,8.000000e+01
2.783556e+14,5.579447e+01
2.161797e+13,7.899688e+01
2.156967e+13,7.899385e+01
1.366623e+14,4.324222e+01
1.880507e+13,5.000262e+00
3.161872e+14,5.921781e+01
3.239841e+13,2.864797e+01
3.154341e+14,7.459282e+01
1.865616e+15,8.000000e+01
2.351731e+13,7.897663e+01
4.087430e+14,8.000000e+01
4.087430e+14,8.000000e+01
3.412659e+14,8.000000e+01
9.071110e+12,7.899393e+01
9.610684e+12,7.899642e+01
1.379512e+13,7.894110e+01
6.523704e+13,5.489359e+01
5.493446e+13,3.591506e+01
5.745042e+13,6.870708e+01
6.866961e+13,4.936820e+01
1.236987e+13,7.898670e+01
1.940822e+13,2.216164e+01
2.193500e+13,7.899183e+01
1.070422e+14,5.183060e+01
3.587623e+13,4.192093e+01
4.684396e+13,3.987893e+01
1.158782e+14,8.000000e+01
3.874276e+13,7.899240e+01
2.732051e+14,8.000000e+01
2.732051e+14,8.000000e+01
2.391536e+14,6.450297e+01
9.401174e+13,8.000000e+01
3.310231e+13,3.525442e+01
4.247562e+13,3.345266e+01
2.091502e+15,8.000000e+01
2.091502e+15,8.000000e+01
4.571698e+13,4.354251e+01
2.739465e+14,6.780620e+01
2.830751e+13,7.899626e+01
5.350058e+13,3.579495e+01
1.190703e+14,8.000000e+01
8.941104e+13,6.858696e+01
3.453936e+15,8.000000e+01
1.895565e+13,7.899167e+01
1.174224e+14,7.993804e+01
2.864188e+13,3.056984e+01
1.749472e+13,7.898331e+01
2.243139e+13,7.898855e+01
8.514615e+13,5.002884e+01
1.832361e+13,7.899314e+01
6.288169e+13,7.899217e+01
1.373211e+13,7.899626e+01
4.102669e+14,8.000000e+01
3.663029e+13,4.516409e+01
1.572345e+13,7.898909e+01
6.912971e+13,7.585405e+01
5.257986e+13,3.339260e+01
1.809321e+13,7.898255e+01
1.374334e+13,7.899823e+01
3.218997e+13,2.899734e+01
1.434854e+14,7.525347e+01
9.179162e+13,5.849711e+01
2.566683e+13,7.899726e+01
3.604163e+13,3.555471e+01
6.940588e+13,4.804691e+01
5.726267e+13,4.606497e+01
2.281820e+14,5.891752e+01
2.450881e+14,8.000000e+01
2.450881e+14,8.000000e+01
2.450881e+14,8.000000e+01
1.564279e+13,7.899239e+01
6.443008e+13,7.074907e+01
1.904308e+14,5.267142e+01
6.706116e+13,5.807670e+01
3.536230e+13,7.899510e+01
6.654282e+13,3.801712e+01
1.068017e+14,4.642532e+01
5.598049e+15,8.000000e+01
5.598049e+15,8.000000e+01
5.022892e+13,3.615530e+01
5.079788e+13,3.639553e+01
6.946464e+17,8.000000e+01
6.946464e+17,8.000000e+01
6.946464e+17,8.000000e+01
5.336317e+13,4.246145e+01
4.816346e+13,5.499910e+01
1.325878e+15,8.000000e+01
3.746896e+13,3.273196e+01
3.094857e+14,6.204057e+01
1.135038e+16,8.000000e+01
8.246884e+13,5.267142e+01
1.056277e+13,7.899374e+01
2.677616e+13,7.899304e+01
2.485543e+13,7.899371e+01
1.569605e+13,7.894277e+01
3.761081e+14,8.000000e+01
3.761081e+14,8.000000e+01
2.223818e+13,2.699500e+01
1.049835e+13,7.899119e+01
1.336612e+13,7.883402e+01
3.465587e+13,7.897781e+01
1.614897e+13,7.899132e+01
4.214496e+13,3.495412e+01
1.082541e+15,8.000000e+01
1.424745e+13,7.896604e+01
1.529127e+13,7.899638e+01
1.272599e+13,7.899638e+01
1.707876e+13,7.899572e+01
1.286472e+13,7.898003e+01
2.930332e+14,8.000000e+01
2.930332e+14,8.000000e+01
2.069820e+15,8.000000e+01
1.474139e+13,7.897276e+01
3.295514e+13,2.792726e+01
2.593457e+13,2.756691e+01
4.451758e+13,3.669583e+01
2.036588e+13,7.881403e+01
1.862655e+13,7.893545e+01
7.428260e+13,5.213089e+01
2.372180e+13,7.899725e+01
3.382862e+14,6.918755e+01
6.118177e+13,3.789700e+01
1.230893e+14,8.000000e+01
1.230893e+14,8.000000e+01
8.390028e+13,4.426321e+01
3.428716e+14,6.438286e+01
1.885515e+13,7.882828e+01
1.352468e+13,7.898993e+01
2.683317e+13,7.898342e+01
3.271496e+13,3.111037e+01
1.060124e+13,7.899533e+01
8.603923e+15,8.000000e+01
1.058351e+13,7.899298e+01
1.570146e+14,8.000000e+01
3.917975e+13,3.789700e+01
2.340024e+14,8.000000e+01
1.741850e+14,8.000000e+01
1.003505e+14,8.000000e+01
1.003505e+14,8.000000e+01
7.470313e+13,6.600444e+01
7.207801e+13,7.899684e+01
7.207801e+13,7.899298e+01
5.258033e+13,5.303177e+01
4.243707e+13,3.615530e+01
1.398273e+13,7.899511e+01
8.851618e+13,6.396245e+01
3.323674e+14,8.000000e+01
3.323674e+14,8.000000e+01
4.270420e+13,4.120022e+01
1.728905e+13,7.899836e+01
4.593662e+13,5.153031e+01
2.621366e+13,7.899412e+01
2.268843e+13,2.408351e+01
3.224624e+13,3.429348e+01
2.772611e+13,2.660597e+01
3.380508e+13,7.899380e+01
3.380508e+13,7.899848e+01
6.196434e+13,4.504398e+01
2.256893e+13,7.899133e+01
1.478212e+14,6.035893e+01
9.594702e+13,6.660503e+01
2.275179e+13,7.899220e+01
1.181745e+13,7.899712e+01
3.776756e+13,3.699612e+01
3.000913e+13,7.899636e+01
2.543279e+14,6.672514e+01
2.125662e+13,7.899073e+01
3.977453e+13,3.225149e+01
8.111941e+13,7.471294e+01
8.111941e+13,7.899791e+01
2.276985e+14,8.000000e+01
2.276985e+14,8.000000e+01
2.276985e+14,8.000000e+01
1.971923e+14,8.000000e+01
1.971923e+14,8.000000e+01
4.052458e+13,7.899214e+01
1.677663e+14,5.014896e+01
6.420751e+13,3.873782e+01
4.410153e+14,7.333159e+01
1.463138e+14,5.483353e+01
1.058857e+14,8.000000e+01
3.158264e+13,2.894826e+01
8.545923e+13,4.150052e+01
2.683946e+13,7.898226e+01
3.242937e+13,3.429348e+01
3.444102e+13,3.159084e+01
1.185357e+13,7.898217e+01
3.349430e+14,8.000000e+01
2.552416e+13,7.899422e+01
2.101589e+13,7.899510e+01
7.218651e+13,7.899764e+01
7.218651e+13,7.899439e+01
1.642365e+13,7.899573e+01
1.362854e+14,4.900785e+01
4.888416e+13,3.543459e+01
1.991562e+14,6.984819e+01
1.991562e+14,6.984819e+01
3.360778e+14,8.000000e+01
3.360778e+14,8.000000e+01
1.403318e+13,7.899611e+01
1.030521e+14,4.999998e+00
1.030521e+14,7.899748e+01
1.843443e+14,8.000000e+01
3.337092e+13,7.897782e+01
1.673381e+13,7.678527e+01
8.981281e+13,8.000000e+01
8.981281e+13,5.000033e+00
8.981281e+13,5.000015e+00
1.853110e+13,7.898060e+01
4.932672e+13,4.492386e+01
2.690255e+13,7.898291e+01
6.784434e+13,5.453324e+01
1.954753e+13,2.216164e+01
1.334196e+14,8.000000e+01
8.492752e+13,6.384233e+01
2.125062e+13,5.000000e+00
2.046187e+13,2.342287e+01
1.830749e+14,7.333159e+01
6.450546e+13,7.899023e+01
2.950778e+13,2.522463e+01
1.380117e+13,7.899433e+01
1.917682e+14,5.963822e+01
1.352007e+14,5.321195e+01
1.236619e+15,8.000000e+01
4.471837e+13,2.990920e+01
4.993886e+13,4.999362e+00
2.174921e+13,7.897748e+01
9.260476e+13,4.516409e+01
2.611726e+13,4.998803e+00
1.693840e+13,6.087948e+01
4.799811e+13,4.089993e+01
2.001732e+13,7.898199e+01
2.612764e+13,2.858791e+01
4.820280e+13,3.969876e+01
1.386979e+13,7.912440e+01
5.421142e+13,3.819729e+01
2.788785e+14,8.000000e+01
2.917847e+13,3.201125e+01
2.033958e+13,7.899122e+01
1.480609e+13,7.899756e+01
9.446829e+12,7.898198e+01
1.738804e+13,7.896405e+01
3.246563e+13,3.669583e+01
1.634851e+13,7.899845e+01
5.091214e+13,3.243166e+01
1.372500e+13,1.900000e+01
2.331834e+14,8.000000e+01
2.331834e+14,8.000000e+01
2.331834e+14,8.000000e+01
1.853145e+13,4.999608e+00
3.582225e+13,4.999833e+00
1.208549e+15,8.000000e+01
2.405648e+13,2.684621e+01
4.593277e+13,3.465383e+01
1.025176e+13,7.899795e+01
1.923857e+13,7.899856e+01
9.950674e+12,7.899864e+01
2.436046e+13,4.872912e+01
4.420889e+13,7.899359e+01
1.111368e+13,7.899806e+01
1.432361e+14,8.000000e+01
1.432361e+14,8.000000e+01
4.459076e+13,7.898844e+01
1.636386e+15,7.813628e+01
1.161595e+14,5.537406e+01
4.552760e+13,3.813723e+01
1.857717e+13,7.899198e+01
1.563599e+13,7.899511e+01
1.666854e+13,7.899450e+01
6.541133e+13,5.603471e+01
1.410030e+14,8.000000e+01
1.410030e+14,8.000000e+01
1.740015e+15,8.000000e+01
1.656974e+13,1.573536e+01
8.098931e+13,5.963822e+01
1.317171e+13,7.899809e+01
1.268192e+15,8.000000e+01
1.588966e+13,7.897980e+01
4.662414e+13,3.861770e+01
4.471177e+13,4.180081e+01
2.373960e+13,7.897149e+01
3.109242e+13,3.525442e+01
8.590881e+13,4.366263e+01
2.891375e+13,2.816750e+01
5.615318e+13,3.873782e+01
3.117864e+13,3.111037e+01
1.179896e+14,6.564409e+01
1.179896e+14,6.564409e+01
1.443252e+13,7.899581e+01
4.260864e+13,3.669583e+01
3.734065e+14,8.000000e+01
3.734065e+14,8.000000e+01
7.576181e+13,4.192093e+01
3.107090e+14,7.062895e+01
6.811117e+13,5.489359e+01
2.431892e+14,7.074907e+01
1.597282e+14,8.000000e+01
1.567128e+14,8.000000e+01
1.567128e+14,8.000000e+01
4.041746e+13,3.303225e+01
3.044077e+14,8.000000e+01
3.044077e+14,8.000000e+01
2.789663e+13,3.255178e+01
8.077217e+13,5.669535e+01
9.742155e+13,4.438333e+01
7.266611e+13,7.303130e+01
7.266611e+13,7.303130e+01
2.304990e+13,2.504445e+01
2.169456e+13,2.306252e+01
5.852639e+13,7.128960e+01
2.756624e+13,2.750685e+01
2.388295e+13,7.898766e+01
8.917114e+13,7.837652e+01
2.812667e+13,7.899099e+01
1.777484e+13,7.899605e+01
3.011794e+13,4.998808e+00
5.273998e+13,5.159037e+01
3.888763e+13,3.417336e+01
4.635124e+13,3.609524e+01
1.406243e+13,7.898994e+01
2.990330e+13,7.898611e+01
3.907625e+13,3.219143e+01
1.568303e+13,4.999750e+00
3.792872e+13,3.999905e+01
1.434525e+14,8.000000e+01
5.757293e+13,4.810697e+01
3.931102e+15,8.000000e+01
3.931102e+15,8.000000e+01
7.016772e+14,8.000000e+01
7.016772e+14,8.000000e+01
7.016772e+14,8.000000e+01
4.850640e+13,3.267190e+01
9.362013e+13,7.555376e+01
9.362013e+13,7.555376e+01
3.626162e+13,3.693606e+01
1.775530e+13,5.000000e+00
4.952069e+13,3.585500e+01
5.801133e+13,5.831693e+01
1.041374e+14,4.372269e+01
2.994969e+13,3.213137e+01
6.235773e+13,3.933841e+01
1.001183e+13,7.898571e+01
2.564555e+13,7.899818e+01
1.062381e+14,3.105031e+01
1.495618e+13,7.898016e+01
1.211247e+14,6.198051e+01
1.482040e+13,7.899704e+01
2.085455e+13,7.899733e+01
9.272885e+13,8.000000e+01
9.272885e+13,8.000000e+01
2.641132e+14,6.708549e+01
4.084889e+13,4.936820e+01
2.367470e+13,7.896772e+01
4.012114e+13,3.723635e+01
3.528826e+14,8.000000e+01
1.951195e+13,7.897164e+01
1.754087e+13,7.899044e+01
3.021750e+13,2.786721e+01
1.448716e+13,7.899824e+01
2.676326e+13,2.528468e+01
2.234664e+13,7.899387e+01
1.413929e+13,7.898677e+01
2.036118e+13,7.898984e+01
8.815346e+13,8.000000e+01
8.815346e+13,8.000000e+01
5.103230e+13,7.898280e+01
5.103230e+13,7.896138e+01
9.544389e+13,6.492338e+01
3.695248e+13,7.888066e+01
1.378783e+13,7.899254e+01
3.019024e+13,7.896132e+01
1.117895e+14,8.000000e+01
1.117895e+14,8.000000e+01
1.995443e+13,7.899111e+01
2.442522e+14,8.000000e+01
1.878802e+13,7.897666e+01
5.528286e+13,4.324222e+01
7.015341e+14,8.000000e+01
2.008055e+13,7.899160e+01
4.724468e+13,7.899634e+01
2.312821e+13,7.899417e+01
1.192318e+14,5.135013e+01
7.383747e+13,4.612503e+01
5.356258e+13,5.447318e+01
6.574313e+13,4.095999e+01
3.072117e+13,2.714650e+01
5.643800e+13,4.999730e+00
1.758323e+13,7.899510e+01
3.114876e+13,7.899153e+01
2.398693e+13,5.000010e+00
2.577218e+14,6.035893e+01
1.141375e+14,6.864702e+01
2.854774e+13,2.864797e+01
7.013559e+13,3.867776e+01
3.313905e+13,7.899599e+01
2.850586e+14,7.177007e+01
1.345848e+14,8.000000e+01
1.345848e+14,8.000000e+01
1.862923e+13,7.897090e+01
6.079738e+14,8.000000e+01
6.079738e+14,8.000000e+01
3.214227e+13,2.834768e+01
1.436194e+13,7.897500e+01
2.734154e+14,8.000000e+01
2.734154e+14,8.000000e+01
1.246579e+13,7.898673e+01
2.080428e+13,7.898660e+01
7.827675e+13,6.546391e+01
7.827675e+13,5.000005e+00
4.257006e+13,3.639553e+01
4.695393e+14,7.267095e+01
1.086495e+14,5.855717e+01
7.133133e+13,5.014896e+01
3.245561e+13,3.795706e+01
2.455388e+13,7.896266e+01
1.728495e+14,8.000000e+01
4.514618e+13,3.657571e+01
3.127904e+13,7.898693e+01
1.765760e+13,7.897240e+01
1.507294e+14,8.000000e+01
1.401449e+13,7.899715e+01
6.442276e+13,4.432327e+01
1.251797e+13,7.899872e+01
6.890687e+13,5.369242e+01
2.355386e+13,7.897069e+01
3.098670e+14,8.000000e+01
3.098670e+14,8.000000e+01
3.098670e+14,8.000000e+01
2.218947e+13,7.897481e+01
5.004717e+13,4.534427e+01
3.333183e+13,3.567483e+01
6.150280e+13,4.999624e+00
1.945197e+13,7.898468e+01
6.566810e+13,5.032914e+01
1.687668e+13,7.883852e+01
4.823752e+13,3.357278e+01
1.029438e+14,6.095951e+01
7.365568e+13,7.899202e+01
7.365568e+13,5.957816e+01
1.963063e+13,7.884211e+01
1.452856e+13,7.898377e+01
2.740110e+13,3.189113e+01
1.270293e+13,7.908954e+01
5.693627e+13,7.898063e+01
5.693627e+13,7.898686e+01
1.157340e+14,4.534427e+01
2.643281e+13,2.888820e+01
6.535401e+13,3.609524e+01
2.903224e+14,8.000000e+01
2.903224e+14,8.000000e+01
2.903224e+14,8.000000e+01
3.386198e+13,3.873782e+01
6.259036e+13,3.663577e+01
1.306525e+13,7.899157e+01
4.101415e+13,7.899591e+01
1.841462e+13,7.899753e+01
7.728791e+15,8.000000e+01
2.020372e+13,7.895043e+01
2.537078e+13,2.396339e+01
5.466324e+14,8.000000e+01
1.497270e+13,7.870660e+01
1.420184e+14,6.636479e+01
3.904261e+13,3.711624e+01
4.901527e+13,3.501418e+01
3.146336e+13,3.225149e+01
4.192884e+13,4.999951e+00
4.192884e+13,4.999946e+00
5.461395e+13,5.459330e+01
6.384612e+13,5.243119e+01
2.825061e+14,7.771587e+01
3.968921e+14,8.000000e+01
6.963905e+13,6.113969e+01
5.154563e+14,8.000000e+01
5.154563e+14,8.000000e+01
8.589228e+13,7.899880e+01
8.589228e+13,8.000000e+01
3.725926e+14,8.000000e+01
3.725926e+14,8.000000e+01
2.617145e+13,7.899577e+01
1.147378e+13,7.897688e+01
1.274381e+13,7.898176e+01
4.917334e+13,3.459377e+01
1.627575e+13,7.899010e+01
4.812105e+13,3.699612e+01
4.679609e+13,4.708597e+01
4.067399e+14,8.000000e+01
4.067399e+14,8.000000e+01
4.067399e+14,8.000000e+01
1.395341e+13,7.897681e+01
2.965711e+13,7.898647e+01
8.808138e+13,5.393265e+01
7.071639e+13,5.837699e+01
8.014679e+13,5.201078e+01
2.521572e+13,7.899815e+01
1.474851e+14,8.000000e+01
2.479947e+15,8.000000e+01
2.004435e+13,6.912006e+01
5.545153e+13,4.114016e+01
2.393589e+13,7.898282e+01
3.816460e+13,4.102005e+01
6.258270e+13,4.762650e+01
4.174753e+13,4.588480e+01
3.547929e+13,3.483401e+01
4.602894e+14,8.000000e+01
4.602894e+14,8.000000e+01
1.025244e+14,7.116948e+01
1.138080e+14,8.000000e+01
3.413836e+13,2.978908e+01
1.782425e+13,7.899020e+01
1.576663e+13,7.899758e+01
9.571832e+14,7.261089e+01
2.229494e+13,7.899720e+01
5.057607e+13,3.807717e+01
2.246657e+13,7.722913e+01
1.898976e+13,7.896616e+01
5.507394e+13,3.843753e+01
2.624602e+13,4.999943e+00
1.717738e+13,7.894608e+01
1.046604e+14,5.231107e+01
5.958679e+13,5.032914e+01
1.866419e+13,7.898986e+01
4.091553e+14,8.000000e+01
2.977891e+14,8.000000e+01
1.609652e+13,7.899762e+01
4.392537e+13,4.999651e+00
2.479677e+13,7.887677e+01
4.484388e+13,3.435354e+01
5.608722e+13,3.789700e+01
2.432348e+13,7.895626e+01
1.445257e+15,8.000000e+01
5.274204e+13,4.126028e+01
2.811954e+13,7.896627e+01
2.419163e+13,7.896337e+01
1.588028e+13,7.898704e+01
1.888340e+13,7.899635e+01
1.270825e+14,6.786626e+01
9.464278e+13,5.585453e+01
3.631232e+13,3.489407e+01
4.217570e+13,7.898993e+01
1.757521e+13,7.899810e+01
5.265709e+13,4.360257e+01
1.166901e+14,4.462357e+01
5.118737e+14,7.915728e+01
4.687377e+13,2.095259e+01
6.792702e+13,4.546439e+01
1.417185e+14,5.735600e+01
9.449072e+13,5.032914e+01
1.549855e+15,8.000000e+01
2.510022e+14,8.000000e+01
2.510022e+14,8.000000e+01
7.809846e+13,7.171001e+01
2.604478e+13,7.899297e+01
6.104139e+13,5.068949e+01
9.507200e+13,4.726614e+01
7.157898e+13,3.969876e+01
1.017957e+13,7.899879e+01
4.869848e+13,5.399271e+01
1.452333e+14,8.000000e+01
1.452333e+14,8.000000e+01
1.264345e+13,7.896923e+01
2.238611e+13,2.462404e+01
2.177879e+13,2.510451e+01
1.400033e+13,7.899687e+01
1.619472e+13,7.899854e+01
1.640499e+13,7.899749e+01
4.069191e+13,5.729708e+01
3.415902e+13,3.819729e+01
2.354646e+14,7.032866e+01
2.031094e+14,8.000000e+01
1.929625e+13,7.899315e+01
5.358177e+14,7.807622e+01
1.039735e+14,8.000000e+01
1.039735e+14,8.000000e+01
2.793717e+13,2.852785e+01
1.608288e+14,7.044878e+01
2.381767e+13,7.897228e+01
2.348351e+13,2.522463e+01
3.282964e+13,3.165090e+01
2.890464e+13,7.781268e+01
1.969855e+14,8.000000e+01
2.014070e+13,7.899430e+01
3.427008e+14,8.000000e+01
1.004665e+14,5.092972e+01
9.694899e+12,7.899438e+01
3.428851e+13,3.159084e+01
1.261830e+14,5.423295e+01
5.537305e+13,7.363189e+01
2.628703e+13,7.883366e+01
5.556438e+15,8.000000e+01
2.252923e+14,6.065922e+01
7.287488e+13,5.177054e+01
6.737806e+14,8.000000e+01
6.737806e+14,8.000000e+01
5.327218e+13,3.549465e+01
1.525598e+13,7.695076e+01
1.002473e+13,7.898846e+01
1.429465e+13,7.898705e+01
4.189782e+13,3.663577e+01
2.280201e+14,8.000000e+01
2.280201e+14,8.000000e+01
2.280201e+14,8.000000e+01
2.007576e+13,7.899148e+01
2.738796e+13,7.896232e+01
2.647710e+13,2.816750e+01
5.319425e+13,5.000011e+00
5.319425e+13,6.192045e+01
3.074639e+13,7.899111e+01
2.929815e+14,6.696538e+01
4.379612e+14,7.375200e+01
2.256503e+13,2.618556e+01
1.277573e+13,7.899744e+01
1.727251e+13,7.899714e+01
1.578533e+13,7.897708e+01
4.573628e+14,8.000000e+01
4.573628e+14,8.000000e+01
3.407976e+13,2.996926e+01
2.045855e+15,8.000000e+01
2.045855e+15,8.000000e+01
1.758650e+14,8.000000e+01
5.388819e+13,3.729641e+01
9.260904e+13,4.738626e+01
1.447610e+14,6.978813e+01
1.447610e+14,6.978813e+01
1.195252e+13,7.899856e+01
1.127998e+14,8.000000e+01
1.127998e+14,8.000000e+01
1.193537e+13,7.899853e+01
5.085508e+13,4.780667e+01
3.121592e+14,6.246098e+01
3.343458e+13,7.899573e+01
2.573937e+14,8.000000e+01
2.573937e+14,8.000000e+01
1.404057e+14,5.657523e+01
1.449736e+13,7.894302e+01
3.739242e+13,3.171096e+01
1.856000e+14,7.561382e+01
3.914386e+13,7.926455e+01
4.178116e+13,7.899493e+01
8.974034e+13,4.708597e+01
2.537678e+13,2.414357e+01
2.406969e+13,2.648586e+01
1.474783e+13,7.899154e+01
1.502645e+14,6.065922e+01
1.689183e+13,7.899698e+01
4.332117e+13,4.999723e+00
1.051045e+13,7.899415e+01
9.461286e+14,8.000000e+01
2.104947e+14,5.423295e+01
1.640647e+13,7.899550e+01
4.645653e+13,4.186087e+01
8.538557e+14,8.000000e+01
8.538557e+14,8.000000e+01
8.538557e+14,8.000000e+01
1.564702e+13,7.899239e+01
4.022333e+13,3.459377e+01
1.116810e+14,5.062943e+01
4.198685e+13,4.126028e+01
1.234559e+13,7.898389e+01
2.348030e+14,6.564409e+01
9.246984e+13,4.324222e+01
4.976646e+13,4.252151e+01
1.838147e+13,7.899340e+01
2.631545e+13,3.038967e+01
6.171548e+13,3.987893e+01
1.120237e+14,6.492338e+01
1.528791e+13,7.898561e+01
3.737521e+14,8.000000e+01
6.710664e+13,3.465383e+01
1.221134e+14,8.000000e+01
4.952105e+13,4.942826e+01
2.292072e+14,5.183060e+01
1.441650e+14,6.276127e+01
5.875231e+14,8.000000e+01
5.875231e+14,8.000000e+01
5.890870e+13,3.591506e+01
3.058813e+13,3.255178e+01
1.044384e+14,3.100000e+01
3.910516e+13,3.597512e+01
2.251811e+14,8.000000e+01
2.251811e+14,8.000000e+01
5.081433e+13,7.899242e+01
1.023009e+14,8.000000e+01
2.788706e+13,3.189113e+01
2.870786e+13,7.899173e+01
1.222026e+14,7.122954e+01
1.222026e+14,7.122954e+01
2.190208e+14,4.700000e+01
3.514488e+13,4.053958e+01
2.135165e+13,7.898139e+01
5.498173e+13,3.891799e+01
1.830847e+14,7.092925e+01
8.793977e+13,8.000000e+01
2.570243e+13,2.912844e+01
3.464921e+13,3.693606e+01
2.330195e+14,7.315142e+01
1.739814e+14,5.705570e+01
1.627437e+13,7.899721e+01
3.451136e+14,8.000000e+01
3.451136e+14,8.000000e+01
3.451136e+14,8.000000e+01
6.615894e+13,4.102005e+01
5.169562e+14,8.000000e+01
5.169562e+14,8.000000e+01
5.169562e+14,8.000000e+01
2.350860e+14,8.000000e+01
2.350860e+14,8.000000e+01
1.235661e+14,8.000000e+01
1.235661e+14,8.000000e+01
2.080808e+13,7.898692e+01
6.360664e+13,5.561430e+01
3.791236e+13,5.000645e+00
1.204106e+14,8.000000e+01
1.204106e+14,8.000000e+01
1.101165e+13,7.899398e+01
1.080932e+13,7.899846e+01
6.120492e+13,4.120022e+01
5.176981e+13,4.642532e+01
8.328003e+13,6.065922e+01
1.345609e+13,7.891880e+01
3.652873e+13,2.972902e+01
1.918993e+14,5.201078e+01
2.151121e+14,7.032866e+01
7.926581e+13,5.711576e+01
1.577564e+13,7.896637e+01
1.763858e+14,8.000000e+01
1.763858e+14,8.000000e+01
3.087439e+13,7.899280e+01
2.424220e+14,6.071928e+01
2.724571e+13,7.899802e+01
8.093124e+13,2.100000e+01
1.410416e+13,7.899576e+01
2.201921e+13,7.899594e+01
1.387223e+13,7.898291e+01
6.163696e+13,4.462357e+01
1.169872e+14,4.882767e+01
1.196018e+13,7.899493e+01
1.310879e+13,7.899367e+01
7.387215e+13,5.999858e+01
6.952590e+13,6.936772e+01
9.580885e+13,4.678568e+01
1.273039e+15,8.000000e+01
1.273039e+15,8.000000e+01
1.256742e+13,7.899705e+01
2.599357e+14,8.000000e+01
2.599357e+14,8.000000e+01
7.099656e+13,5.549418e+01
4.517147e+13,3.369289e+01
1.945018e+13,2.192140e+01
6.412678e+13,4.558450e+01
3.891828e+13,3.159084e+01
5.156851e+13,4.342239e+01
5.749281e+13,5.759623e+01
3.100514e+13,3.315237e+01
2.734523e+13,2.876809e+01
2.250807e+14,6.351176e+01
1.094318e+14,8.000000e+01
1.943246e+13,4.999444e+00
2.982476e+17,8.000000e+01
7.988972e+13,5.086966e+01
7.586417e+13,4.065970e+01
6.589861e+14,8.000000e+01
5.708634e+13,3.945852e+01
7.198360e+13,4.011917e+01
2.599970e+13,7.898762e+01
3.142729e+13,2.966897e+01
3.321930e+13,3.891799e+01
1.494403e+13,7.899487e+01
2.177906e+13,7.870148e+01
1.185655e+14,5.633500e+01
3.466639e+13,3.038967e+01
1.320810e+18,8.000000e+01
1.628627e+13,7.898095e+01
2.778697e+13,3.291213e+01
1.993728e+18,8.000000e+01
6.633828e+13,4.846732e+01
5.806425e+13,5.297172e+01
7.381632e+13,7.897800e+01
3.141730e+13,3.147072e+01
3.235796e+13,7.899221e+01
4.530527e+13,5.936989e+01
8.836905e+13,7.669488e+01
8.836905e+13,7.669488e+01
5.084513e+13,7.104936e+01
3.263150e+13,3.183108e+01
4.238019e+14,8.000000e+01
4.238019e+14,8.000000e+01
5.133462e+13,4.276175e+01
3.541925e+13,7.898185e+01
2.636715e+13,7.899676e+01
4.862261e+13,5.225101e+01
1.283722e+13,7.899878e+01
1.970689e+14,8.000000e+01
1.970689e+14,8.000000e+01
4.454223e+13,4.005911e+01
6.825901e+13,3.813723e+01
2.250561e+14,8.000000e+01
2.250561e+14,8.000000e+01
4.049450e+13,3.873782e+01
1.936238e+13,7.899000e+01
5.365968e+13,7.899142e+01
5.365968e+13,5.000001e+00
7.119394e+13,8.000000e+01
6.813196e+13,4.005911e+01
1.309830e+14,8.000000e+01
1.309830e+14,8.000000e+01
2.800249e+13,2.780715e+01
1.761956e+13,4.998649e+00
2.450788e+14,8.000000e+01
4.283676e+13,7.899509e+01
6.261292e+13,7.899145e+01
5.596872e+13,5.555424e+01
5.596872e+13,7.899630e+01
7.153399e+13,8.000000e+01
4.586529e+13,3.945852e+01
7.414775e+13,8.000000e+01
4.460758e+13,7.899006e+01
5.637520e+13,4.720609e+01
3.576671e+13,3.159084e+01
6.947021e+13,3.957864e+01
1.828948e+13,7.899790e+01
1.198220e+14,5.225101e+01
4.443164e+13,5.080960e+01
3.981964e+13,3.189113e+01
1.750276e+13,7.899491e+01
1.016089e+14,5.669535e+01
2.354835e+13,7.899288e+01
1.683156e+15,8.000000e+01
1.827966e+15,8.000000e+01
1.827966e+15,8.000000e+01
1.827966e+15,8.000000e+01
1.697151e+13,7.896747e+01
2.928742e+13,7.899840e+01
1.879283e+13,7.899693e+01
1.903468e+13,7.898230e+01
3.015799e+13,3.465383e+01
1.110067e+15,8.000000e+01
1.110067e+15,8.000000e+01
1.938917e+13,7.899012e+01
1.355533e+13,4.096467e+01
4.463693e+13,3.153078e+01
1.273700e+13,7.897085e+01
3.535078e+13,7.899297e+01
2.014979e+14,8.000000e+01
2.421314e+13,2.792726e+01
2.806953e+13,7.899835e+01
2.255488e+13,7.774636e+01
3.051660e+14,7.933746e+01
2.662581e+13,3.123049e+01
2.356451e+13,7.899444e+01
3.417344e+13,3.885794e+01
3.720382e+13,4.510403e+01
6.391321e+13,3.771682e+01
4.949795e+13,2.495222e+01
2.142153e+13,7.845052e+01
4.488505e+13,7.895813e+01
2.441479e+14,6.041899e+01
6.090331e+13,7.899438e+01
6.090331e+13,7.899528e+01
5.416066e+13,3.585500e+01
7.187872e+14,8.000000e+01
7.187872e+14,8.000000e+01
2.975946e+13,7.898446e+01
2.023475e+13,7.897778e+01
1.228422e+13,7.899675e+01
4.183111e+13,7.899673e+01
4.183111e+13,7.899747e+01
5.266579e+13,7.898904e+01
5.266579e+13,4.999996e+00
1.877004e+13,7.899289e+01
3.735147e+14,8.000000e+01
1.992755e+13,7.899561e+01
8.286786e+13,4.354251e+01
3.023274e+13,4.999725e+00
3.278928e+13,3.231155e+01
3.976391e+13,4.999687e+00
3.976391e+13,5.000294e+00
2.488847e+13,2.684621e+01
1.011592e+13,7.899832e+01
2.722624e+14,6.738579e+01
6.499419e+13,5.309183e+01
2.141574e+13,7.891939e+01
6.421018e+13,7.899473e+01
1.071576e+13,7.908737e+01
4.452306e+13,3.375295e+01
1.463036e+13,7.899586e+01
4.511946e+13,5.777641e+01
1.222202e+14,8.000000e+01
1.222202e+14,8.000000e+01
2.317363e+13,2.708644e+01
1.795244e+13,7.899600e+01
4.411523e+13,3.795706e+01
2.948647e+14,5.801664e+01
2.503425e+13,7.899574e+01
6.452821e+13,7.891467e+01
5.258386e+14,8.000000e+01
2.780972e+13,7.899123e+01
7.638266e+14,8.000000e+01
7.638266e+14,8.000000e+01
4.380091e+13,3.753665e+01
1.199509e+14,7.783599e+01
1.199509e+14,7.783599e+01
1.806991e+14,8.000000e+01
6.413076e+14,7.867681e+01
6.245969e+13,6.228080e+01
5.447091e+14,7.819634e+01
2.662624e+14,6.552397e+01
6.144944e+13,5.000006e+00
6.144944e+13,7.899014e+01
2.545560e+14,8.000000e+01
7.941057e+13,8.000000e+01
1.220624e+13,7.899631e+01
1.785707e+13,7.899715e+01
1.597328e+13,7.899434e+01
1.112215e+14,4.864749e+01
1.914134e+13,7.898485e+01
9.848675e+12,7.899624e+01
3.307082e+13,7.899317e+01
1.802938e+13,7.899375e+01
3.931504e+13,4.300198e+01
3.707796e+13,7.899584e+01
2.300423e+13,2.503884e+01
2.769366e+13,7.899045e+01
2.930365e+13,3.171096e+01
3.609007e+13,7.899540e+01
3.609007e+13,7.899927e+01
4.312550e+13,7.899483e+01
1.393471e+14,5.399271e+01
3.571289e+13,7.899316e+01
1.920048e+13,7.898736e+01
5.012542e+14,8.000000e+01
5.012542e+14,8.000000e+01
1.380619e+14,4.894779e+01
5.185522e+13,4.810697e+01
1.913729e+13,7.898000e+01
1.299566e+14,7.086919e+01
1.073021e+14,6.306157e+01
4.002654e+13,3.921829e+01
9.881121e+12,7.899798e+01
9.295363e+12,7.898513e+01
2.101894e+13,7.899254e+01
4.340364e+14,8.000000e+01
4.340364e+14,8.000000e+01
3.588039e+16,8.000000e+01
3.588039e+16,8.000000e+01
3.588039e+16,8.000000e+01
1.187368e+13,7.899610e+01
3.910989e+13,3.279201e+01
1.637737e+14,7.627447e+01
3.256618e+13,3.465383e+01
1.796146e+13,7.897493e+01
1.526953e+14,7.918279e+01
2.463379e+13,7.897178e+01
8.512903e+13,5.693558e+01
1.533620e+13,4.999569e+00
4.274169e+13,3.129055e+01
2.160810e+13,7.898504e+01
1.362541e+14,8.000000e+01
2.776451e+14,8.000000e+01
2.776451e+14,8.000000e+01
2.776451e+14,8.000000e+01
1.571651e+13,7.905065e+01
4.901632e+13,4.288186e+01
2.439849e+14,5.411283e+01
2.191746e+14,8.000000e+01
3.812456e+13,3.099026e+01
2.839496e+13,7.895949e+01
1.722114e+13,7.895574e+01
3.588938e+13,3.417336e+01
3.153130e+13,7.899497e+01
4.881592e+13,5.000072e+00
4.881592e+13,5.000057e+00
9.806185e+12,7.898753e+01
5.021523e+13,4.216116e+01
1.681402e+14,8.000000e+01
1.681402e+14,8.000000e+01
1.503700e+13,7.895715e+01
7.281709e+13,4.864749e+01
1.714561e+13,7.899447e+01
3.103217e+13,5.630349e+01
3.692762e+13,5.243119e+01
5.097141e+13,5.000005e+00
5.097141e+13,7.899198e+01
2.375375e+13,7.898352e+01
1.406265e+14,8.000000e+01
1.406265e+14,8.000000e+01
2.314928e+13,2.690627e+01
3.586448e+13,7.899545e+01
3.586448e+13,7.899663e+01
1.330144e+14,8.000000e+01
1.330144e+14,8.000000e+01
5.788926e+13,3.291213e+01
1.761340e+13,7.894350e+01
2.843327e+13,7.897182e+01
3.620496e+13,5.000077e+00
3.620496e+13,5.000000e+00
1.328699e+13,7.899801e+01
1.927961e+13,4.087031e+01
6.256226e+13,4.888773e+01
1.938336e+14,8.000000e+01
1.178173e+13,7.899692e+01
2.045479e+13,7.899379e+01
5.168651e+13,4.474368e+01
8.021146e+13,4.774661e+01
2.203430e+13,2.534474e+01
3.095038e+13,2.888820e+01
7.292464e+13,4.648538e+01
5.561567e+13,4.750638e+01
1.024350e+13,7.899774e+01
2.121345e+14,2.300000e+01
1.906058e+14,8.000000e+01
1.906058e+14,8.000000e+01
4.028269e+13,3.855764e+01
6.724505e+13,4.999768e+00
6.724505e+13,5.000292e+00
7.764694e+13,4.852738e+01
3.051573e+13,7.880928e+01
7.360209e+14,6.690532e+01
2.334559e+13,7.926842e+01
1.012870e+14,8.000000e+01
1.012870e+14,8.000000e+01
1.153818e+13,7.898050e+01
2.117039e+13,7.899702e+01
1.663679e+13,7.899786e+01
8.058425e+13,4.222122e+01
2.653277e+14,6.180033e+01
1.287056e+14,6.414262e+01
2.923507e+13,7.924890e+01
1.899521e+13,7.898966e+01
1.506090e+13,7.899023e+01
2.632676e+14,7.519341e+01
4.173356e+13,3.465383e+01
2.617289e+13,5.000079e+00
1.084397e+14,7.032866e+01
2.017885e+13,7.899840e+01
5.416486e+13,4.294192e+01
7.589179e+13,5.345218e+01
4.058868e+13,3.171096e+01
4.216143e+13,3.189113e+01
3.758383e+14,8.000000e+01
1.260431e+14,6.858696e+01
1.292228e+13,7.899376e+01
1.656489e+14,5.309183e+01
2.073814e+13,7.899560e+01
4.269867e+14,6.504350e+01
9.032541e+13,4.240140e+01
1.934814e+14,8.000000e+01
1.934814e+14,8.000000e+01
4.009764e+14,8.000000e+01
8.245067e+13,8.000000e+01
8.245067e+13,5.000012e+00
2.146727e+14,7.056889e+01
1.131817e+13,7.898984e+01
8.830686e+13,4.005911e+01
1.616610e+13,7.899738e+01
1.062477e+13,7.899758e+01
1.798138e+14,5.837699e+01
3.363825e+13,7.898885e+01
5.990302e+14,8.000000e+01
5.990302e+14,8.000000e+01
1.854934e+13,7.899830e+01
5.055833e+13,5.381254e+01
4.285950e+13,3.459377e+01
1.201519e+14,8.000000e+01
1.103849e+13,7.899666e+01
5.675992e+13,4.768656e+01
2.585212e+13,2.504445e+01
6.407913e+13,5.219095e+01
3.235541e+13,3.627541e+01
5.429924e+13,6.107963e+01
1.478659e+15,7.177007e+01
3.081351e+13,6.610344e+01
5.380369e+13,3.723635e+01
3.813682e+13,4.684573e+01
2.615042e+13,3.508867e+01
2.784401e+13,2.624562e+01
1.304922e+13,7.898025e+01
3.621902e+13,7.899520e+01
8.580821e+14,8.000000e+01
1.442006e+13,7.835689e+01
1.342091e+13,7.899441e+01
4.485688e+13,5.711576e+01
1.379765e+14,5.675541e+01
4.359920e+13,7.897832e+01
2.152068e+13,7.899371e+01
4.290755e+14,8.000000e+01
2.498071e+13,7.899856e+01
1.691472e+13,7.911089e+01
1.412540e+13,7.899112e+01
1.112211e+14,6.354203e+01
1.558792e+13,7.899818e+01
9.462645e+13,6.156010e+01
3.696113e+13,3.699612e+01
2.463625e+14,6.984819e+01
1.956023e+13,7.897729e+01
3.410419e+13,7.899576e+01
3.694033e+13,3.165090e+01
5.614058e+13,7.940022e+01
1.639585e+14,4.924808e+01
2.609965e+13,2.672609e+01
1.461058e+15,8.000000e+01
1.461058e+15,8.000000e+01
1.716049e+13,7.899182e+01
4.377959e+13,3.549465e+01
1.451749e+13,7.307259e+01
1.462056e+13,7.898178e+01
2.471604e+13,7.898374e+01
1.827630e+14,7.459282e+01
4.631126e+14,8.000000e+01
4.631126e+14,8.000000e+01
4.631126e+14,8.000000e+01
8.900702e+14,8.000000e+01
2.279883e+13,7.898584e+01
1.185398e+13,7.899694e+01
2.847399e+13,5.118542e+01
2.266865e+14,8.000000e+01
3.632021e+13,7.899631e+01
3.563624e+13,3.483401e+01
2.699279e+13,4.999263e+00
4.497477e+13,3.963870e+01
3.659757e+13,3.645559e+01
1.672198e+13,7.899319e+01
3.760245e+13,3.465383e+01
2.709866e+14,8.000000e+01
1.142431e+13,7.899201e+01
8.862135e+13,5.201078e+01
3.042384e+13,7.897520e+01
5.883031e+13,5.741605e+01
5.883031e+13,5.741605e+01
3.533640e+14,8.000000e+01
6.112679e+14,8.000000e+01
1.543866e+14,4.630521e+01
1.662239e+13,7.893951e+01
6.127230e+13,3.873782e+01
1.098792e+14,7.213042e+01
1.098792e+14,7.213042e+01
1.389951e+14,4.876761e+01
2.844274e+13,7.899692e+01
3.954648e+14,6.576420e+01
3.015465e+13,3.333254e+01
8.100857e+13,7.899592e+01
8.100857e+13,7.899297e+01
8.100857e+13,7.899367e+01
1.304703e+13,7.899681e+01
2.266150e+13,7.899725e+01
1.372892e+14,4.846732e+01
1.189854e+14,5.429301e+01
2.010624e+14,6.498344e+01
1.231304e+14,8.000000e+01
1.695740e+14,8.000000e+01
1.695740e+14,8.000000e+01
1.695740e+14,8.000000e+01
1.654297e+13,7.898814e+01
2.449732e+14,5.675541e+01
5.934392e+13,4.882767e+01
2.519938e+13,7.899634e+01
1.119792e+13,6.470691e+01
3.009389e+14,8.000000e+01
3.009389e+14,8.000000e+01
2.093310e+13,7.898921e+01
1.729869e+13,7.899923e+01
2.624342e+13,7.894720e+01
6.235762e+13,5.315189e+01
3.373370e+13,7.896912e+01
2.604217e+13,7.898766e+01
1.135253e+15,8.000000e+01
1.027894e+13,5.504676e+01
4.367715e+13,7.898826e+01
4.690572e+14,8.000000e+01
1.676057e+13,7.899689e+01
6.163014e+13,3.747659e+01
1.865791e+13,7.895728e+01
1.605256e+14,7.453276e+01
1.403945e+13,7.899635e+01
1.675743e+13,7.899704e+01
6.046022e+13,4.486380e+01
3.092163e+13,3.237160e+01
3.390069e+13,5.000501e+00
5.272982e+14,8.000000e+01
5.272982e+14,8.000000e+01
1.274041e+14,8.000000e+01
2.071888e+13,7.899263e+01
1.254053e+14,8.000000e+01
4.142615e+13,3.597512e+01
7.434167e+13,4.150052e+01
3.646458e+13,3.303225e+01
1.337278e+14,7.957769e+01
1.337278e+14,7.957769e+01
2.020204e+13,7.899601e+01
3.159336e+13,2.612551e+01
7.229950e+13,4.396292e+01
4.302948e+13,4.930814e+01
3.626601e+13,3.273196e+01
3.673037e+13,7.899023e+01
1.100332e+14,5.795658e+01
1.674050e+16,8.000000e+01
1.674050e+16,8.000000e+01
6.245711e+13,3.807717e+01
2.812444e+13,7.898168e+01
1.560662e+13,7.899654e+01
1.212775e+14,8.000000e+01
1.212775e+14,8.000000e+01
1.212775e+14,8.000000e+01
1.799586e+14,8.000000e+01
1.799586e+14,8.000000e+01
8.072243e+13,5.249125e+01
4.109953e+13,3.273196e+01
8.784624e+13,4.576468e+01
3.037096e+14,8.000000e+01
3.570424e+13,4.888773e+01
1.927149e+13,7.002928e+01
1.448348e+13,7.892900e+01
1.745876e+13,7.899739e+01
7.175527e+13,5.147025e+01
8.128511e+13,5.747611e+01
2.280595e+14,7.122954e+01
2.298567e+13,7.896205e+01
4.594303e+13,3.699612e+01
3.238497e+13,3.062990e+01
1.574245e+13,7.899311e+01
1.536917e+16,8.000000e+01
3.554189e+14,8.000000e+01
7.991256e+14,8.000000e+01
1.685323e+14,7.902050e+01
4.197750e+13,4.999987e+00
2.569148e+13,7.899842e+01
6.650979e+13,4.011917e+01
1.633715e+13,4.999248e+00
4.673193e+13,3.513430e+01
6.723625e+13,4.999977e+00
1.014935e+14,4.456351e+01
3.307146e+13,6.999064e+00
3.445448e+14,8.000000e+01
6.595388e+13,5.483353e+01
2.641028e+13,3.068996e+01
3.227805e+13,4.996878e+01
9.609260e+13,4.744632e+01
2.303969e+13,4.999341e+00
3.010800e+13,7.896015e+01
8.807327e+13,5.573441e+01
2.447726e+13,2.672609e+01
3.142074e+13,2.870803e+01
2.941062e+14,8.000000e+01
1.347977e+14,7.657476e+01
1.761964e+13,7.899867e+01
6.696959e+14,6.504350e+01
9.351467e+12,7.896945e+01
7.271305e+13,4.462357e+01
9.190874e+12,7.899702e+01
1.482351e+13,7.897758e+01
5.312098e+14,8.000000e+01
5.312098e+14,8.000000e+01
1.960075e+14,7.693511e+01
1.243327e+13,7.899652e+01
1.875371e+13,7.899289e+01
4.136983e+13,3.213137e+01
1.136222e+14,8.000000e+01
1.136222e+14,8.000000e+01
2.180669e+14,5.687553e+01
4.923349e+13,5.243119e+01
3.502012e+13,3.705618e+01
3.175071e+13,7.898953e+01
7.969817e+13,7.899576e+01
7.969817e+13,7.899682e+01
1.222749e+13,7.899788e+01
1.115164e+14,4.912796e+01
3.578105e+13,3.261184e+01
8.437746e+13,5.000009e+00
6.149732e+13,5.129007e+01
2.547245e+13,4.998948e+00
5.120349e+13,4.720609e+01
2.022173e+13,7.899294e+01
1.538867e+13,7.897006e+01
2.928110e+13,2.894826e+01
2.935782e+13,2.672609e+01
2.257941e+14,8.000000e+01
1.116604e+14,5.038919e+01
1.872008e+14,6.011869e+01
2.069455e+13,7.899626e+01
5.467152e+13,4.606497e+01
1.234378e+13,7.898902e+01
5.360055e+13,7.899608e+01
1.309312e+13,7.908279e+01
4.195427e+13,3.927835e+01
1.813229e+14,8.000000e+01
1.813229e+14,8.000000e+01
3.186008e+13,3.189113e+01
8.374906e+13,4.594485e+01
2.336240e+13,2.600539e+01
2.525773e+13,7.899182e+01
9.594088e+13,4.252151e+01
3.241031e+13,1.700000e+01
9.378296e+13,8.000000e+01
9.378296e+13,8.000000e+01
4.428859e+13,3.753665e+01
1.725690e+14,6.312162e+01
1.713002e+13,7.898957e+01
2.042085e+13,7.898921e+01
1.831888e+13,7.898972e+01
1.556052e+14,5.309183e+01
1.079705e+14,8.000000e+01
1.079705e+14,8.000000e+01
2.424519e+13,2.768703e+01
1.206158e+13,4.999526e+00
1.975024e+14,8.000000e+01
3.849339e+13,3.345266e+01
1.094826e+14,5.447318e+01
1.582601e+13,7.899587e+01
6.305038e+13,4.444339e+01
6.021934e+13,6.228080e+01
1.866376e+13,7.898806e+01
2.172518e+14,8.000000e+01
2.172518e+14,8.000000e+01
1.999118e+13,6.677797e+01
8.258521e+13,6.900737e+01
8.340320e+13,4.228128e+01
2.739919e+13,7.899500e+01
1.368491e+13,7.899776e+01
6.163995e+13,3.495412e+01
6.589258e+14,8.000000e+01
7.851688e+13,7.681499e+01
5.257581e+13,7.549370e+01
5.789802e+13,3.585500e+01
1.156668e+13,7.897714e+01
3.488193e+13,3.753665e+01
1.319808e+14,6.930766e+01
1.008972e+15,8.000000e+01
2.805739e+13,7.899582e+01
1.212663e+14,5.159037e+01
1.988234e+13,7.899347e+01
1.405010e+15,8.000000e+01
1.405010e+15,8.000000e+01
2.316558e+13,4.907845e+01
1.808461e+13,7.897159e+01
5.667573e+13,4.882767e+01
1.825048e+13,7.897700e+01
1.034149e+13,7.898380e+01
1.151317e+13,7.898455e+01
1.988574e+13,7.898994e+01
1.128997e+14,8.000000e+01
7.490832e+13,6.228080e+01
1.564495e+14,8.000000e+01
7.363794e+13,6.420268e+01
8.355256e+13,6.023881e+01
2.986564e+14,5.951811e+01
6.169549e+13,5.771635e+01
1.337163e+13,5.000095e+00
2.206220e+14,6.954790e+01
8.447169e+13,5.068949e+01
2.633789e+13,7.896934e+01
1.259929e+13,7.896794e+01
1.856453e+13,7.898590e+01
1.008156e+14,7.855669e+01
1.008156e+14,7.855669e+01
3.445270e+13,3.381301e+01
2.576731e+14,7.261089e+01
3.152273e+15,8.000000e+01
3.152273e+15,8.000000e+01
1.256285e+14,4.720609e+01
2.674263e+13,4.998205e+00
8.219026e+14,8.000000e+01
8.219026e+14,8.000000e+01
3.874127e+13,4.774661e+01
3.874127e+13,5.000004e+00
3.084953e+13,3.183108e+01
2.753990e+13,7.898577e+01
7.049781e+13,4.864749e+01
7.474905e+14,8.000000e+01
2.513094e+14,8.000000e+01
4.326897e+13,7.899551e+01
6.839190e+14,8.000000e+01
4.763023e+13,5.135013e+01
1.688010e+13,7.899518e+01
2.866102e+14,8.000000e+01
1.703905e+13,7.899583e+01
1.178178e+13,7.899451e+01
2.105269e+13,7.898490e+01
2.514189e+13,7.899175e+01
2.642176e+13,4.999857e+00
1.242461e+14,8.000000e+01
1.242461e+14,8.000000e+01
6.778310e+13,3.615530e+01
1.636373e+13,7.894174e+01
1.726872e+13,7.899271e+01
1.908125e+14,3.492025e+01
2.678665e+13,7.899230e+01
7.899973e+13,5.729594e+01
5.998540e+13,7.897380e+01
5.998540e+13,4.999996e+00
3.935848e+13,3.567483e+01
9.344836e+12,7.899832e+01
7.265444e+13,3.909817e+01
3.120814e+13,2.894826e+01
6.962125e+13,3.573489e+01
8.042207e+13,4.762650e+01
1.923557e+13,7.898648e+01
1.579632e+14,5.813676e+01
1.947824e+13,7.899536e+01
3.093686e+13,3.219143e+01
3.326899e+13,7.867491e+01
2.447546e+13,7.897588e+01
1.959041e+13,7.899784e+01
5.858781e+13,5.189066e+01
3.901008e+13,3.056984e+01
5.869134e+13,7.899983e+01
5.869134e+13,7.899600e+01
2.785596e+13,5.000457e+00
3.078436e+13,2.882814e+01
1.402232e+15,8.000000e+01
2.479561e+13,7.898060e+01
1.595876e+13,7.899527e+01
1.270501e+14,6.168022e+01
1.031868e+13,7.899077e+01
1.501233e+13,7.899267e+01
5.697193e+13,3.657571e+01
1.845141e+13,7.899356e+01
4.545929e+13,5.195072e+01
2.100079e+13,7.892531e+01
1.305182e+14,5.297172e+01
2.607786e+13,7.899561e+01
1.233205e+13,7.899694e+01
8.439976e+13,5.207084e+01
1.543776e+13,7.898145e+01
2.630321e+13,2.918850e+01
5.573114e+13,4.234134e+01
4.302482e+13,3.789700e+01
9.639163e+13,5.495365e+01
1.746547e+14,8.000000e+01
3.039374e+13,3.621536e+01
2.738979e+13,4.998558e+00
1.768260e+14,8.000000e+01
1.927624e+14,7.128960e+01
9.020453e+13,6.192045e+01
4.342411e+13,3.915823e+01
1.010233e+13,7.899241e+01
1.116557e+13,7.899861e+01
2.659838e+13,2.546486e+01
5.527446e+13,6.768608e+01
3.572552e+14,8.000000e+01
3.572552e+14,8.000000e+01
3.572552e+14,8.000000e+01
3.572552e+14,8.000000e+01
3.572552e+14,8.000000e+01
3.572552e+14,8.000000e+01
3.572552e+14,8.000000e+01
2.129043e+14,8.000000e+01
2.129043e+14,8.000000e+01
1.534756e+14,6.150004e+01
1.307537e+13,7.899702e+01
4.234996e+13,3.663577e+01
1.110179e+14,5.086966e+01
2.657773e+13,7.896646e+01
5.756353e+13,4.618509e+01
3.682651e+13,3.837747e+01
2.610534e+14,8.000000e+01
1.381388e+13,7.899644e+01
7.587067e+13,4.852738e+01
9.997141e+12,7.898326e+01
6.515371e+13,5.056937e+01
1.809868e+14,7.375200e+01
2.324969e+14,8.000000e+01
2.324969e+14,8.000000e+01
3.621281e+16,8.000000e+01
1.062676e+13,4.999871e+00
2.348010e+14,8.000000e+01
2.348010e+14,8.000000e+01
1.372349e+16,8.000000e+01
1.372349e+16,8.000000e+01
7.559923e+13,7.897780e+01
7.559923e+13,8.000000e+01
1.832586e+13,3.298460e+01
2.698424e+13,2.870803e+01
1.841606e+13,7.897231e+01
1.920295e+13,7.898304e+01
1.111513e+13,7.899534e+01
8.737901e+13,4.594485e+01
2.153904e+14,8.000000e+01
1.602414e+14,8.000000e+01
2.075262e+14,5.633500e+01
1.805345e+13,7.899537e+01
3.302367e+13,3.183108e+01
1.315894e+14,4.810697e+01
1.082329e+13,7.899579e+01
2.312831e+13,7.899560e+01
1.910493e+13,2.100000e+01
3.479937e+13,7.897262e+01
2.444166e+14,5.237113e+01
1.093270e+13,7.899488e+01
2.349040e+13,7.899823e+01
6.708094e+13,4.576468e+01
4.933225e+13,7.898160e+01
3.897056e+13,4.095999e+01
5.025286e+13,3.825735e+01
1.235104e+13,7.899843e+01
7.717015e+13,5.008890e+01
7.804645e+13,7.351177e+01
4.771866e+13,3.843753e+01
4.026473e+13,2.954885e+01
6.312992e+13,5.159037e+01
7.102959e+13,4.198099e+01
8.257371e+13,8.000000e+01
8.257371e+13,8.000000e+01
1.470181e+13,7.899533e+01
1.875815e+13,7.899562e+01
6.722907e+13,7.465288e+01
1.853991e+13,7.894146e+01
9.548738e+13,5.669535e+01
5.353101e+14,8.000000e+01
2.280457e+13,7.899820e+01
3.355793e+13,3.068996e+01
1.076212e+13,7.899813e+01
1.703167e+13,7.898699e+01
3.911763e+13,7.899268e+01
1.266068e+13,7.899740e+01
1.157848e+14,8.000000e+01
1.319364e+13,7.898990e+01
2.382405e+14,7.381206e+01
5.839138e+13,7.899330e+01
1.711634e+14,6.005863e+01
3.802845e+13,4.065970e+01
6.656584e+15,8.000000e+01
6.656584e+15,8.000000e+01
3.883516e+15,8.000000e+01
4.227270e+14,6.258110e+01
1.959305e+14,8.000000e+01
1.869170e+14,5.231107e+01
2.927800e+14,8.000000e+01
1.657338e+14,5.999858e+01
6.567361e+13,5.825687e+01
6.567361e+13,5.825687e+01
1.015295e+13,7.899092e+01
1.437857e+14,8.000000e+01
1.437857e+14,8.000000e+01
3.310384e+14,7.699517e+01
3.513047e+13,7.899682e+01
1.154500e+15,8.000000e+01
1.154500e+15,8.000000e+01
1.154500e+15,8.000000e+01
8.241304e+13,4.450345e+01
2.075944e+14,5.465336e+01
2.073115e+13,7.018877e+01
1.607900e+13,7.899552e+01
3.923771e+14,8.000000e+01
3.823949e+14,8.000000e+01
3.823949e+14,8.000000e+01
1.042722e+14,6.192045e+01
6.601207e+13,3.759670e+01
4.783409e+13,3.369289e+01
2.914258e+13,4.999594e+00
1.878109e+13,6.895677e+01
1.221531e+13,7.899804e+01
1.523672e+14,7.207036e+01
7.391356e+13,3.849758e+01
5.995154e+14,7.423247e+01
2.511659e+13,2.852785e+01
1.120473e+13,7.899753e+01
9.430713e+13,4.582474e+01
2.177844e+13,7.892255e+01
1.471595e+13,7.896874e+01
1.159427e+14,8.000000e+01
1.046543e+14,6.029887e+01
6.416939e+13,5.273148e+01
4.225425e+14,8.000000e+01
3.018445e+13,7.899348e+01
5.122726e+13,3.411330e+01
3.827733e+13,2.954885e+01
6.726111e+14,8.000000e+01
6.726111e+14,8.000000e+01
4.648883e+13,7.898746e+01
1.628234e+13,4.106695e+01
3.299871e+13,3.117043e+01
4.187273e+13,3.273196e+01
2.282843e+13,7.899482e+01
3.967421e+13,7.896893e+01
3.967421e+13,5.000024e+00
4.653327e+13,3.387307e+01
1.826113e+13,7.899310e+01
2.938982e+13,4.998935e+00
4.653370e+13,4.576468e+01
4.042685e+13,3.549465e+01
1.101409e+14,7.723540e+01
1.321942e+14,5.615482e+01
1.930652e+14,8.000000e+01
3.661627e+14,8.000000e+01
1.589611e+13,4.999536e+00
3.683507e+13,7.897499e+01
3.070897e+14,5.717582e+01
6.319227e+13,4.648538e+01
2.142666e+13,7.899319e+01
2.818524e+15,8.000000e+01
3.560419e+13,4.011917e+01
7.142375e+13,7.899523e+01
7.142375e+13,7.899089e+01
9.213255e+13,5.050931e+01
2.375456e+13,7.896758e+01
8.991735e+12,7.899379e+01
2.468667e+13,2.756691e+01
1.774118e+13,7.899616e+01
4.947015e+16,8.000000e+01
4.947015e+16,8.000000e+01
2.688763e+14,6.053910e+01
4.143471e+13,4.552444e+01
1.554328e+13,7.899716e+01
3.143657e+13,4.998394e+00
2.126278e+14,8.000000e+01
6.733841e+13,4.498392e+01
1.525774e+14,6.816655e+01
3.694751e+13,3.903811e+01
3.323096e+13,3.375295e+01
1.096924e+14,5.297172e+01
4.946487e+13,4.414310e+01
1.568806e+14,8.000000e+01
1.568806e+14,8.000000e+01
1.710853e+13,7.899795e+01
2.281105e+14,8.000000e+01
1.040085e+14,6.498344e+01
1.185281e+13,7.899616e+01
2.520603e+13,7.894582e+01
1.188731e+13,7.899739e+01
6.061258e+13,4.222122e+01
2.522415e+13,7.744443e+01
7.388096e+13,6.143998e+01
7.388096e+13,7.899465e+01
2.074777e+13,7.096342e+01
1.847858e+13,7.892816e+01
4.810305e+14,8.000000e+01
9.439350e+13,8.000000e+01
2.233311e+13,7.897679e+01
2.447384e+14,8.000000e+01
2.026077e+14,7.899933e+01
1.261902e+14,8.000000e+01
1.261902e+14,8.000000e+01
5.383490e+13,5.279154e+01
4.468740e+13,3.591506e+01
2.126361e+14,8.000000e+01
3.381509e+13,3.255178e+01
1.683476e+14,5.687553e+01
3.136920e+14,6.864702e+01
3.482613e+13,7.899363e+01
2.102387e+14,8.000000e+01
1.134647e+14,4.702591e+01
2.230867e+13,2.522463e+01
9.835157e+13,6.594438e+01
5.338916e+13,4.047952e+01
3.770534e+13,7.898064e+01
1.381927e+13,6.092270e+01
4.261397e+13,7.899540e+01
3.127655e+13,5.000302e+00
1.737237e+13,4.999265e+00
1.180505e+13,7.897231e+01
1.219101e+13,7.899631e+01
1.288015e+13,4.905380e+01
1.077841e+13,7.899697e+01
4.660132e+13,3.873782e+01
5.714586e+13,6.378227e+01
1.953541e+13,7.898640e+01
1.498419e+13,7.898348e+01
1.324103e+14,8.000000e+01
1.324103e+14,8.000000e+01
4.839187e+14,6.900737e+01
2.176007e+13,7.892596e+01
8.800481e+13,4.804691e+01
3.624862e+15,8.000000e+01
3.624862e+15,8.000000e+01
3.624862e+15,8.000000e+01
1.292831e+13,3.897077e+01
4.650256e+13,4.999968e+00
3.638104e+13,3.669583e+01
2.422690e+13,7.895453e+01
1.237167e+13,7.897880e+01
3.357036e+13,3.261184e+01
5.274227e+13,5.159037e+01
7.841798e+13,4.258157e+01
1.279805e+13,7.894860e+01
3.954024e+13,3.105031e+01
2.439998e+13,7.899808e+01
2.439998e+13,7.899868e+01
3.129011e+13,7.899465e+01
8.374309e+18,8.000000e+01
8.374309e+18,8.000000e+01
8.374309e+18,8.000000e+01
8.374309e+18,8.000000e+01
3.196092e+13,7.899481e+01
3.494488e+13,3.315237e+01
2.519305e+14,8.000000e+01
8.705285e+13,7.507329e+01
8.705285e+13,7.507329e+01
6.504616e+13,4.697380e+01
5.651500e+13,4.150052e+01
4.371462e+15,8.000000e+01
6.062542e+13,4.102005e+01
1.015095e+15,8.000000e+01
3.421804e+13,3.171096e+01
4.008005e+13,7.899497e+01
4.202465e+13,4.534427e+01
1.203988e+14,4.738626e+01
1.050344e+14,7.855669e+01
7.585737e+13,6.023881e+01
1.098816e+13,7.899861e+01
1.210935e+13,7.899677e+01
8.042156e+13,3.741653e+01
8.257144e+14,8.000000e+01
5.552514e+13,3.525442e+01
1.622391e+14,6.912749e+01
6.231017e+12,1.700000e+01
3.436006e+13,3.105031e+01
6.345913e+13,3.543459e+01
4.180644e+14,8.000000e+01
4.180644e+14,8.000000e+01
1.603217e+15,7.579400e+01
3.418287e+13,7.898342e+01
5.223771e+13,6.960796e+01
1.037446e+14,6.528374e+01
9.978598e+13,8.000000e+01
2.984940e+14,8.000000e+01
1.006372e+14,4.468362e+01
1.230697e+14,8.000000e+01
1.218141e+14,6.504350e+01
8.269221e+13,4.588480e+01
4.652093e+13,3.195119e+01
3.015029e+13,7.889523e+01
2.581325e+13,2.816750e+01
3.486662e+13,3.549465e+01
1.330956e+15,8.000000e+01
1.330956e+15,8.000000e+01
5.220881e+13,4.576468e+01
2.643536e+14,8.000000e+01
1.180400e+14,5.387259e+01
5.486875e+13,5.711576e+01
6.251597e+13,4.456351e+01
1.411477e+13,7.899576e+01
1.921777e+13,7.911503e+01
1.630071e+13,7.896348e+01
9.448928e+12,7.897519e+01
2.362680e+14,8.000000e+01
7.211425e+13,4.174075e+01
1.728828e+14,5.843705e+01
2.341715e+14,8.000000e+01
2.341715e+14,8.000000e+01
2.855705e+14,8.000000e+01
2.695774e+14,8.000000e+01
1.137190e+14,8.000000e+01
1.137190e+14,4.999978e+00
4.040285e+13,4.684573e+01
1.189328e+14,6.315929e+01
1.421781e+14,8.000000e+01
1.421781e+14,8.000000e+01
1.421781e+14,4.999994e+00
1.421781e+14,8.000000e+01
2.684849e+13,7.899756e+01
3.165185e+14,8.000000e+01
2.425529e+13,2.666603e+01
2.018216e+13,4.999314e+00
1.712364e+14,8.000000e+01
2.309229e+13,2.552492e+01
2.754344e+13,2.948879e+01
3.415292e+13,3.207131e+01
2.654588e+13,7.899668e+01
2.769572e+13,7.899380e+01
3.878336e+14,3.080479e+01
1.135274e+14,4.522415e+01
2.593731e+13,2.582521e+01
1.349127e+14,6.294145e+01
1.912958e+13,4.998830e+00
3.227901e+13,7.899405e+01
1.300312e+14,6.840678e+01
6.863549e+13,6.756596e+01
6.863549e+13,6.756596e+01
2.665644e+13,2.726662e+01
1.523088e+13,5.708805e+01
1.557782e+13,7.895613e+01
3.840022e+13,4.396292e+01
7.176767e+13,5.123001e+01
5.625441e+14,8.000000e+01
2.599432e+15,8.000000e+01
4.278133e+13,3.213137e+01
2.937736e+13,7.898167e+01
8.728595e+13,6.798637e+01
2.822757e+13,7.888384e+01
1.514334e+14,4.960843e+01
3.323601e+13,3.603518e+01
9.698762e+13,5.116996e+01
8.115690e+13,5.002884e+01
1.671943e+14,8.000000e+01
1.671943e+14,8.000000e+01
1.671943e+14,8.000000e+01
3.189287e+13,3.243166e+01
1.003233e+14,8.000000e+01
2.122281e+14,8.000000e+01
2.122281e+14,8.000000e+01
1.526682e+14,7.453276e+01
6.221372e+13,4.318216e+01
1.018363e+14,5.080960e+01
2.369660e+13,7.897672e+01
1.624343e+15,8.000000e+01
2.584180e+13,7.894261e+01
3.675744e+13,3.939846e+01
1.295662e+14,4.126028e+01
3.277490e+13,7.899190e+01
3.277490e+13,7.899625e+01
5.533238e+13,3.435354e+01
2.422007e+14,7.783599e+01
4.186892e+13,3.519436e+01
1.608429e+13,7.896031e+01
3.936597e+13,3.026955e+01
1.294020e+13,7.898950e+01
1.774982e+13,7.899734e+01
1.001230e+14,5.765629e+01
1.930817e+13,7.899416e+01
1.045402e+14,4.564456e+01
3.887474e+13,3.387307e+01
1.942775e+13,7.898944e+01
2.457584e+13,7.899620e+01
4.488576e+13,4.132034e+01
1.521614e+14,8.000000e+01
4.260085e+13,7.899383e+01
3.315645e+13,7.931707e+01
7.486810e+13,4.999638e+00
1.409338e+13,7.899531e+01
5.864165e+13,5.783646e+01
1.278639e+14,8.000000e+01
1.278639e+14,8.000000e+01
1.278639e+14,8.000000e+01
2.752715e+13,7.899342e+01
3.911859e+13,4.564456e+01
8.685672e+13,4.660550e+01
1.080454e+14,5.369242e+01
2.008505e+13,7.893817e+01
2.549006e+14,7.747564e+01
2.305193e+13,7.896989e+01
9.665195e+13,5.345218e+01
4.006767e+13,4.450345e+01
1.248489e+14,6.125981e+01
2.094898e+13,7.899462e+01
6.977765e+14,8.000000e+01
6.977765e+14,8.000000e+01
5.250549e+13,4.996878e+01
3.183491e+13,3.411330e+01
3.319955e+14,8.000000e+01
3.319955e+14,8.000000e+01
5.722305e+13,4.276175e+01
5.022757e+13,4.102005e+01
2.171382e+15,8.000000e+01
7.961135e+13,6.222074e+01
4.930462e+13,4.804691e+01
2.427003e+13,7.899687e+01
4.363438e+13,7.899613e+01
3.625093e+15,8.000000e+01
3.625093e+15,8.000000e+01
4.731965e+14,8.000000e+01
1.953793e+13,7.895486e+01
3.175457e+13,7.899564e+01
2.874230e+14,8.000000e+01
3.295552e+13,3.249172e+01
4.420865e+14,8.000000e+01
4.420865e+14,8.000000e+01
4.420865e+14,8.000000e+01
3.893803e+13,4.999464e+00
3.893803e+13,5.000264e+00
1.557914e+13,7.899397e+01
8.378144e+13,4.696585e+01
2.051943e+13,7.898971e+01
2.512960e+14,7.495318e+01
1.509773e+14,8.000000e+01
1.509773e+14,8.000000e+01
1.509773e+14,8.000000e+01
3.051677e+13,7.899138e+01
3.396573e+13,7.898893e+01
3.683165e+13,3.849758e+01
1.434012e+13,7.899464e+01
1.557123e+13,7.899589e+01
1.337872e+13,7.899851e+01
5.905425e+13,5.098978e+01
3.103179e+14,6.864702e+01
4.502508e+14,7.032866e+01
7.260247e+14,8.000000e+01
4.528988e+13,3.567483e+01
2.435511e+14,8.000000e+01
2.007460e+14,8.000000e+01
2.007460e+14,8.000000e+01
1.069571e+13,7.898798e+01
1.136232e+14,4.960843e+01
6.511226e+13,6.498344e+01
3.470190e+13,7.620580e+01
3.559468e+13,3.765676e+01
1.880785e+14,7.747564e+01
2.377185e+13,7.899586e+01
6.453904e+13,3.753665e+01
1.606709e+13,7.899153e+01
3.077012e+13,7.136324e+01
2.959675e+13,7.554736e+01
6.813725e+14,8.000000e+01
6.813725e+14,8.000000e+01
3.995258e+13,7.898655e+01
3.995258e+13,4.999997e+00
1.713934e+13,7.899573e+01
1.851301e+13,7.068816e+01
6.680279e+13,4.846732e+01
3.899952e+13,7.898103e+01
2.519415e+14,8.000000e+01
2.594535e+13,7.823476e+01
2.482382e+13,7.899122e+01
3.963821e+13,4.618509e+01
2.642574e+14,8.000000e+01
1.773674e+13,4.999928e+00
1.855544e+14,6.168022e+01
1.209136e+13,7.899548e+01
2.582429e+14,8.000000e+01
1.229366e+14,8.000000e+01
6.521185e+13,6.402250e+01
6.521185e+13,6.402250e+01
5.327223e+13,7.899762e+01
3.557307e+13,6.699953e+01
3.520408e+14,6.720561e+01
8.546847e+13,8.000000e+01
8.546847e+13,4.999858e+00
3.560677e+14,7.753570e+01
1.742068e+13,7.898148e+01
1.870794e+13,7.899502e+01
1.097668e+14,4.492386e+01
6.233120e+13,4.654544e+01
4.566230e+13,3.471389e+01
4.455639e+13,4.474368e+01
2.627852e+13,2.846779e+01
6.629451e+13,6.017875e+01
6.629451e+13,6.017875e+01
2.851142e+14,7.225054e+01
5.088880e+14,8.000000e+01
8.453638e+13,4.240140e+01
3.092934e+13,3.537454e+01
1.055019e+14,6.162016e+01
8.254117e+13,4.774661e+01
1.581135e+14,5.000008e+00
1.581135e+14,8.000000e+01
2.338979e+13,7.928463e+01
6.273524e+13,5.141019e+01
8.409549e+15,8.000000e+01
2.484806e+13,7.829193e+01
5.538320e+13,3.603518e+01
4.199784e+13,4.999954e+00
3.520461e+13,7.898365e+01
2.552672e+13,2.858791e+01
6.764643e+13,7.862507e+01
6.764643e+13,3.906909e+01
3.735021e+13,7.899830e+01
9.054480e+13,4.210110e+01
6.218363e+13,4.546439e+01
3.165446e+15,8.000000e+01
8.723238e+13,6.534379e+01
7.961300e+13,5.813676e+01
6.240172e+13,4.041946e+01
1.996915e+13,7.898021e+01
2.971175e+13,3.147072e+01
8.370428e+13,4.312210e+01
9.728628e+13,4.618509e+01
5.207905e+13,3.549465e+01
2.264887e+14,8.000000e+01
2.563271e+13,3.096978e+01
8.005522e+14,8.000000e+01
8.005522e+14,8.000000e+01
1.819141e+13,7.899465e+01
1.340648e+13,7.899089e+01
9.010792e+13,5.393265e+01
1.992850e+13,7.899305e+01
8.302626e+13,4.342239e+01
4.118547e+13,3.903811e+01
6.569258e+13,5.092972e+01
6.679088e+13,7.899508e+01
6.679088e+13,7.899205e+01
1.746706e+13,7.899442e+01
2.007240e+13,5.483395e+01
1.310316e+13,7.899138e+01
4.212422e+14,7.849663e+01
6.098408e+17,8.000000e+01
4.216039e+14,8.000000e+01
1.946230e+13,7.899320e+01
2.868655e+13,3.201125e+01
1.281141e+13,7.899084e+01
1.732737e+13,7.897146e+01
1.163731e+14,5.351224e+01
3.540008e+13,3.903811e+01
2.793704e+13,2.954885e+01
1.512317e+13,7.898917e+01
2.312471e+13,2.606545e+01
2.605993e+13,7.922722e+01
4.222021e+13,3.957864e+01
4.443671e+13,4.095999e+01
4.273281e+14,8.000000e+01
1.054206e+15,8.000000e+01
1.054206e+15,8.000000e+01
3.702486e+13,4.210110e+01
1.322967e+14,7.291118e+01
1.322967e+14,7.291118e+01
3.684217e+13,3.285207e+01
3.444386e+13,4.290640e+01
4.836706e+13,7.897945e+01
8.328991e+14,8.000000e+01
6.097850e+14,8.000000e+01
3.411978e+13,7.898630e+01
4.041234e+13,3.309231e+01
1.336678e+13,7.899521e+01
4.247448e+14,8.000000e+01
4.247448e+14,8.000000e+01
2.678571e+13,7.898941e+01
3.764456e+13,7.899752e+01
1.150366e+13,7.899888e+01
8.894244e+13,4.630521e+01
3.279647e+14,8.000000e+01
3.093377e+13,3.075002e+01
2.239193e+14,5.747611e+01
2.903039e+13,2.828762e+01
1.108868e+15,8.000000e+01
1.794490e+13,7.899016e+01
1.435539e+13,7.899730e+01
2.718486e+13,7.899537e+01
7.025834e+13,3.963870e+01
1.036729e+14,5.903764e+01
7.138041e+14,8.000000e+01
7.138041e+14,8.000000e+01
1.475465e+15,8.000000e+01
1.327734e+13,7.899082e+01
1.023323e+14,5.074955e+01
4.471455e+13,3.363284e+01
3.653329e+13,3.981887e+01
1.472108e+13,7.899646e+01
4.682108e+14,3.156592e+01
3.620151e+13,3.279201e+01
1.109327e+14,4.270169e+01
2.012660e+13,7.899456e+01
4.377146e+13,7.899539e+01
1.871771e+13,7.899784e+01
2.086595e+15,8.000000e+01
1.636187e+13,7.899631e+01
2.930811e+15,8.000000e+01
2.930811e+15,8.000000e+01
1.042816e+13,7.897326e+01
1.635521e+13,7.898685e+01
6.241006e+15,8.000000e+01
5.409994e+14,8.000000e+01
1.742066e+13,7.899492e+01
6.819859e+13,4.089993e+01
2.503241e+13,4.116736e+01
1.459975e+14,5.249125e+01
5.403455e+13,3.669583e+01
1.358068e+13,7.898693e+01
1.395080e+14,5.357230e+01
1.126858e+14,4.780667e+01
5.256416e+13,4.978861e+01
5.863460e+13,4.023928e+01
1.120097e+14,8.000000e+01
6.308756e+13,7.899204e+01
6.308756e+13,5.693558e+01
3.085482e+13,7.899443e+01
3.686250e+13,7.897581e+01
2.717135e+14,7.579400e+01
6.107418e+13,3.759670e+01
2.525046e+14,8.000000e+01
6.821645e+13,6.936772e+01
2.061806e+13,7.899575e+01
3.601856e+13,7.899743e+01
7.187250e+13,7.369194e+01
2.209830e+14,5.837699e+01
3.662966e+13,3.663577e+01
7.645475e+13,2.864797e+01
4.473215e+14,8.000000e+01
4.473215e+14,8.000000e+01
4.473215e+14,8.000000e+01
4.473215e+14,8.000000e+01
2.008437e+14,6.684526e+01
4.642522e+13,7.895654e+01
2.820616e+14,6.408256e+01
2.156407e+13,2.486427e+01
7.969768e+13,5.014896e+01
2.522953e+13,2.666603e+01
1.920890e+13,7.899429e+01
2.834471e+13,5.000003e+00
2.834471e+13,7.899457e+01
3.153847e+13,3.087014e+01
9.046132e+14,8.000000e+01
9.046132e+14,8.000000e+01
1.044108e+13,7.899836e+01
6.182913e+13,5.885746e+01
3.994769e+13,3.357278e+01
5.683537e+13,3.567483e+01
7.104624e+13,4.858743e+01
2.430258e+13,7.899036e+01
3.774667e+13,3.237160e+01
1.140000e+14,8.000000e+01
1.140000e+14,7.899441e+01
4.395312e+14,8.000000e+01
1.497827e+14,8.000000e+01
1.099777e+15,8.000000e+01
3.491133e+13,4.999978e+00
2.917738e+13,3.056984e+01
1.644606e+13,7.899663e+01
2.834386e+13,2.726662e+01
2.223488e+14,8.000000e+01
2.223488e+14,8.000000e+01
4.092791e+13,7.898887e+01
1.918306e+14,5.513383e+01
1.502757e+16,8.000000e+01
4.026165e+14,8.000000e+01
1.740140e+13,7.898819e+01
1.538732e+14,4.999984e+00
1.538732e+14,7.898294e+01
1.067416e+14,5.927787e+01
5.294809e+14,8.000000e+01
1.395975e+13,7.882808e+01
3.207583e+13,3.201125e+01
1.960511e+13,7.899043e+01
1.279234e+13,7.899783e+01
1.326283e+13,7.899821e+01
6.946240e+13,6.714555e+01
2.011020e+13,7.899804e+01
4.206899e+13,3.561477e+01
1.271286e+13,7.891827e+01
5.135985e+13,4.120022e+01
6.564729e+13,4.540433e+01
5.490227e+13,7.898304e+01
5.490227e+13,7.899262e+01
1.470348e+14,5.861723e+01
1.781193e+13,7.899053e+01
9.899456e+13,7.261089e+01
9.899456e+13,7.261089e+01
6.491974e+13,5.267142e+01
2.605499e+13,2.756691e+01
1.773219e+13,7.899501e+01
2.680048e+13,4.998980e+00
8.288795e+13,7.899467e+01
1.752826e+13,7.892934e+01
1.424000e+14,5.987846e+01
1.970278e+13,7.899375e+01
4.213394e+13,3.861770e+01
6.828412e+13,8.000000e+01
2.490876e+13,7.899412e+01
2.908506e+13,7.898754e+01
2.243049e+14,8.000000e+01
3.785806e+13,3.417336e+01
1.903817e+14,6.234086e+01
6.460488e+13,4.786673e+01
2.534947e+13,5.000523e+00
3.214815e+14,8.000000e+01
2.702876e+13,7.897142e+01
1.388574e+13,7.899284e+01
1.082741e+13,7.899607e+01
6.732128e+14,8.000000e+01
6.732128e+14,8.000000e+01
2.117131e+13,7.815557e+01
5.687447e+13,4.156057e+01
1.936858e+13,7.895664e+01
1.209152e+14,8.000000e+01
1.240443e+14,4.654544e+01
1.776653e+13,7.899410e+01
2.389108e+14,3.700000e+01
1.093788e+14,7.591411e+01
1.093788e+14,7.591411e+01
1.698765e+13,7.898279e+01
2.557920e+13,2.798732e+01
1.268829e+14,4.648538e+01
7.523261e+13,4.432327e+01
7.740150e+13,6.306157e+01
1.563015e+14,8.000000e+01
1.792041e+14,5.543412e+01
1.563855e+14,5.219095e+01
2.652358e+13,2.822756e+01
1.043905e+15,8.000000e+01
1.043905e+15,8.000000e+01
3.534891e+13,1.700000e+01
2.666882e+14,8.000000e+01
4.276636e+13,3.777688e+01
2.292898e+14,6.498344e+01
2.722394e+13,2.846779e+01
2.095820e+13,7.899064e+01
1.752008e+14,8.000000e+01
3.977735e+13,7.898513e+01
4.125375e+13,3.669583e+01
6.626650e+13,6.510356e+01
6.626650e+13,6.510356e+01
2.197875e+13,2.432375e+01
8.727312e+13,4.798685e+01
2.859836e+14,8.000000e+01
2.859836e+14,8.000000e+01
1.249287e+13,7.898333e+01
6.853963e+13,3.897805e+01
5.324665e+13,5.627494e+01
1.275733e+14,5.147025e+01
4.402199e+14,8.000000e+01
4.402199e+14,8.000000e+01
4.402199e+14,8.000000e+01
2.267926e+13,7.899441e+01
2.119690e+13,7.899302e+01
6.480387e+13,6.390239e+01
1.312232e+14,4.999995e+00
1.312232e+14,4.999996e+00
1.312232e+14,4.999998e+00
2.424189e+13,2.540480e+01
4.261866e+13,7.899455e+01
2.563193e+13,7.899332e+01
1.074073e+13,7.899611e+01
6.721591e+13,6.222074e+01
1.643143e+13,7.898900e+01
1.522989e+13,7.873433e+01
1.112050e+15,8.000000e+01
1.112050e+15,8.000000e+01
4.154597e+13,3.345266e+01
4.934985e+13,3.621536e+01
5.413318e+13,4.642532e+01
3.487954e+14,8.000000e+01
2.251232e+15,8.000000e+01
2.251232e+15,8.000000e+01
2.251232e+15,8.000000e+01
2.605379e+13,7.896518e+01
8.166032e+13,5.735600e+01
8.166032e+13,5.735600e+01
3.999382e+14,8.000000e+01
6.820643e+13,4.270169e+01
1.472092e+13,7.894246e+01
3.574611e+13,3.969876e+01
3.256196e+13,7.897136e+01
2.807529e+13,2.882814e+01
1.206755e+14,6.804643e+01
5.389695e+13,5.056937e+01
8.881667e+13,8.000000e+01
1.296222e+13,7.899390e+01
2.411108e+13,5.000001e+00
2.261570e+15,8.000000e+01
4.545991e+13,3.537454e+01
1.637470e+13,7.898126e+01
2.898886e+13,2.774709e+01
2.944710e+13,3.032961e+01
7.450546e+13,7.783599e+01
6.728903e+14,8.000000e+01
6.728903e+14,8.000000e+01
2.711990e+13,7.911983e+01
2.327850e+14,5.000008e+00
2.327850e+14,4.999989e+00
2.327850e+14,8.000000e+01
2.327850e+14,8.000000e+01
8.716565e+13,6.882719e+01
2.175294e+13,7.897031e+01
8.529567e+13,4.654544e+01
5.473306e+13,3.759670e+01
6.199419e+13,5.032914e+01
1.180277e+13,7.899790e+01
4.581411e+13,3.981887e+01
4.715528e+14,8.000000e+01
4.715528e+14,8.000000e+01
1.259959e+14,8.000000e+01
1.906648e+13,7.899791e+01
1.459474e+13,4.999406e+00
1.709879e+13,4.999774e+00
2.137421e+13,2.282228e+01
3.951311e+13,3.567483e+01
1.436082e+13,7.899500e+01
1.778927e+13,7.899731e+01
5.994728e+14,8.000000e+01
1.383249e+13,7.898285e+01
9.564942e+13,5.020902e+01
8.163941e+13,5.585453e+01
3.320920e+13,2.930861e+01
2.271827e+13,2.366310e+01
1.312509e+13,7.899818e+01
9.781802e+13,7.459282e+01
1.701591e+13,7.899385e+01
9.482048e+13,7.213042e+01
4.305615e+14,8.000000e+01
4.305615e+14,8.000000e+01
4.305615e+14,8.000000e+01
3.540437e+13,3.201125e+01
4.519146e+13,3.357278e+01
1.764027e+13,7.898143e+01
1.146394e+14,6.204057e+01
2.275659e+13,7.899673e+01
3.480581e+13,3.711624e+01
1.567818e+14,8.000000e+01
1.390248e+14,8.000000e+01
1.390248e+14,8.000000e+01
5.510878e+13,4.900785e+01
4.506792e+13,5.068949e+01
9.866434e+13,5.531400e+01
2.731981e+13,2.870803e+01
1.747342e+14,8.000000e+01
1.747342e+14,8.000000e+01
8.794886e+13,6.053910e+01
2.310350e+14,8.000000e+01
2.321672e+13,7.898875e+01
8.888180e+13,4.095999e+01
9.224194e+13,4.150052e+01
4.027530e+13,4.999520e+00
3.250290e+14,8.000000e+01
1.232623e+13,7.899191e+01
3.168644e+13,3.117043e+01
1.607796e+13,7.899591e+01
3.243464e+13,3.100500e+01
9.875344e+13,8.000000e+01
4.209163e+13,7.819738e+01
2.664783e+13,7.899172e+01
2.225483e+13,2.492433e+01
1.568313e+20,8.000000e+01
1.568313e+20,8.000000e+01
1.568313e+20,8.000000e+01
1.568313e+20,8.000000e+01
1.568313e+20,8.000000e+01
1.568313e+20,8.000000e+01
1.568313e+20,8.000000e+01
1.568313e+20,8.000000e+01
1.568313e+20,8.000000e+01
1.568313e+20,8.000000e+01
1.568313e+20,8.000000e+01
1.568313e+20,8.000000e+01
1.432267e+13,7.899494e+01
1.933637e+13,7.899524e+01
2.587716e+13,7.899744e+01
2.549297e+13,2.816750e+01
2.088915e+13,7.888617e+01
1.234435e+14,4.822708e+01
3.394542e+13,3.735647e+01
2.847277e+14,6.624467e+01
7.910704e+13,4.516409e+01
1.174721e+13,7.898967e+01
1.811603e+13,7.899605e+01
2.733361e+13,7.886966e+01
5.380963e+13,4.816702e+01
1.756474e+14,8.000000e+01
1.076134e+13,7.899690e+01
7.703013e+13,7.898972e+01
7.703013e+13,7.867681e+01
1.486448e+13,7.899766e+01
1.003573e+13,6.080801e+01
1.313571e+14,8.000000e+01
3.215290e+13,2.098525e+01
3.112038e+14,8.000000e+01
3.112038e+14,8.000000e+01
9.255600e+13,4.192093e+01
1.819146e+13,7.899275e+01
1.187677e+15,8.000000e+01
8.607039e+13,8.000000e+01
2.670868e+13,2.942873e+01
2.023891e+13,7.897643e+01
3.547742e+15,8.000000e+01
3.547742e+15,8.000000e+01
1.929288e+13,7.899532e+01
2.084482e+14,8.000000e+01
1.242752e+14,6.678520e+01
5.154674e+13,4.999852e+00
5.060198e+14,6.870708e+01
1.170182e+13,7.892931e+01
1.061343e+13,7.897714e+01
1.223734e+13,7.899734e+01
2.694537e+13,2.708644e+01
2.790175e+13,2.750685e+01
2.356920e+14,6.336186e+01
3.803218e+13,3.105031e+01
3.881208e+13,3.513430e+01
2.644161e+13,2.810744e+01
1.038406e+14,5.002884e+01
1.812042e+14,8.000000e+01
1.812042e+14,8.000000e+01
1.812042e+14,8.000000e+01
3.140750e+13,3.429348e+01
2.660833e+14,8.000000e+01
2.660833e+14,8.000000e+01
1.504133e+14,8.000000e+01
1.504133e+14,8.000000e+01
4.551249e+15,8.000000e+01
4.551249e+15,8.000000e+01
1.101516e+14,5.165043e+01
3.674474e+13,3.951858e+01
2.307416e+14,5.579447e+01
7.863941e+13,6.306157e+01
7.863941e+13,6.306157e+01
9.421574e+12,7.899866e+01
5.391961e+13,3.729641e+01
1.011489e+15,8.000000e+01
1.011489e+15,8.000000e+01
1.011489e+15,8.000000e+01
2.494607e+13,7.899635e+01
1.133128e+13,7.897703e+01
1.355831e+14,5.000055e+00
1.355831e+14,8.000000e+01
1.355831e+14,8.000000e+01
1.355831e+14,5.000051e+00
6.147162e+13,4.738626e+01
1.889243e+13,7.899416e+01
2.516342e+14,8.000000e+01
4.018472e+13,3.543459e+01
2.892283e+13,2.888820e+01
1.625232e+13,7.898633e+01
2.261013e+14,8.000000e+01
2.261013e+14,8.000000e+01
2.261013e+14,8.000000e+01
2.261013e+14,8.000000e+01
5.769089e+13,4.750638e+01
1.831315e+13,7.899125e+01
2.087135e+14,7.104936e+01
2.179094e+13,7.899802e+01
8.959138e+13,4.700000e+01
2.604917e+13,4.999754e+00
2.142361e+14,7.387212e+01
1.887835e+14,5.315189e+01
1.218855e+14,8.000000e+01
1.218855e+14,8.000000e+01
4.567070e+13,4.360257e+01
1.292108e+13,7.897473e+01
1.495558e+13,7.905578e+01
2.291718e+13,4.997971e+00
1.311699e+14,5.387259e+01
3.101877e+13,3.267190e+01
2.192525e+14,8.000000e+01
1.418774e+14,5.153031e+01
9.869088e+12,7.907168e+01
1.341169e+13,7.412656e+01
2.445085e+13,7.899393e+01
9.869611e+13,6.125981e+01
5.582399e+13,5.273148e+01
3.438083e+14,6.168022e+01
2.812579e+14,7.639458e+01
4.528969e+13,3.645559e+01
1.095036e+13,7.899688e+01
3.578523e+13,3.105031e+01
4.468439e+14,8.000000e+01
4.468439e+14,8.000000e+01
2.170745e+13,7.899611e+01
1.196810e+17,8.000000e+01
1.196810e+17,8.000000e+01
1.274481e+13,7.907208e+01
2.977763e+13,4.999133e+00
1.881452e+13,7.899785e+01
2.528775e+13,7.907548e+01
1.043985e+14,4.876761e+01
5.614354e+13,4.444339e+01
4.509425e+13,8.000000e+01
4.252124e+13,7.899513e+01
7.086094e+13,8.000000e+01
4.918374e+15,7.807622e+01
1.970084e+14,8.000000e+01
1.970084e+14,8.000000e+01
8.690957e+13,6.324174e+01
7.820564e+13,3.849758e+01
1.532569e+17,8.000000e+01
1.532569e+17,8.000000e+01
8.556258e+13,5.032914e+01
4.716511e+14,8.000000e+01
3.357384e+13,2.876809e+01
2.658168e+13,5.537458e+01
1.854763e+13,7.899794e+01
1.105516e+13,5.304529e+01
1.578097e+13,7.899639e+01
1.118547e+14,6.011869e+01
1.524102e+13,7.898823e+01
5.178393e+13,4.366263e+01
1.671638e+13,7.899316e+01
2.269078e+13,7.899762e+01
1.409294e+13,7.907875e+01
4.968250e+13,3.987893e+01
2.334351e+13,7.891878e+01
4.278318e+13,4.240140e+01
3.966051e+13,7.899855e+01
3.966051e+13,7.899822e+01
4.226893e+13,3.651565e+01
1.236071e+15,8.000000e+01
3.055972e+14,2.500000e+01
1.889142e+14,8.000000e+01
1.889142e+14,8.000000e+01
1.889142e+14,8.000000e+01
3.698290e+13,3.495412e+01
1.302035e+14,4.492386e+01
2.621000e+13,2.876809e+01
2.847066e+14,8.000000e+01
1.694620e+14,6.678520e+01
2.777097e+13,7.899197e+01
9.249142e+13,7.002837e+01
6.300633e+13,3.567483e+01
5.038087e+13,4.366263e+01
5.781364e+13,3.777688e+01
4.825725e+13,7.325509e+01
1.654577e+13,7.899680e+01
2.475479e+14,8.000000e+01
3.345712e+14,8.000000e+01
3.345712e+14,8.000000e+01
4.492174e+14,8.000000e+01
6.436903e+13,7.899642e+01
6.436903e+13,4.999999e+00
6.436903e+13,4.999999e+00
5.400026e+13,5.327201e+01
2.700251e+13,7.897601e+01
3.279049e+13,3.357278e+01
1.832913e+13,7.899826e+01
2.405971e+13,7.891270e+01
1.715255e+13,7.893185e+01
4.838452e+14,8.000000e+01
1.562352e+14,7.831646e+01
2.057633e+13,7.899529e+01
1.048122e+14,6.498344e+01
1.048122e+14,6.498344e+01
5.399653e+13,5.000006e+00
5.399653e+13,5.249125e+01
1.582840e+13,7.892990e+01
1.015764e+13,7.899776e+01
7.206043e+13,6.300151e+01
2.035278e+13,7.899630e+01
1.604867e+14,6.852690e+01
3.157424e+13,2.942873e+01
6.990997e+13,6.954790e+01
1.056559e+14,6.330180e+01
2.153899e+13,7.897079e+01
7.992174e+13,4.168069e+01
9.869576e+13,8.000000e+01
5.593646e+14,8.000000e+01
5.616611e+13,5.000011e+00
5.616611e+13,5.213089e+01
2.110246e+13,5.001145e+00
2.110246e+13,5.000644e+00
4.520253e+13,4.432327e+01
4.520253e+13,4.432327e+01
2.176576e+13,7.899142e+01
8.220067e+13,5.129007e+01
3.048536e+14,8.000000e+01
8.153633e+13,8.000000e+01
8.153633e+13,8.000000e+01
1.223145e+14,8.000000e+01
1.724643e+13,7.898850e+01
1.959472e+13,7.871658e+01
1.589169e+13,7.896410e+01
3.797561e+13,7.899727e+01
2.588935e+14,6.828667e+01
1.630024e+13,7.899502e+01
4.141757e+13,3.698592e+01
1.633421e+13,7.898532e+01
6.388258e+13,5.098978e+01
1.378591e+14,7.873687e+01
7.192718e+13,5.135013e+01
2.908471e+13,7.899371e+01
1.906781e+13,7.899248e+01
1.239642e+14,6.336186e+01
3.817399e+13,4.504398e+01
2.940456e+13,7.898287e+01
1.430310e+13,7.899636e+01
1.524020e+13,7.899852e+01
1.360279e+13,7.899778e+01
1.048225e+14,6.600444e+01
1.048225e+14,6.600444e+01
6.443681e+13,7.899467e+01
1.773012e+14,6.378227e+01
1.063907e+14,4.384280e+01
5.283931e+13,3.987893e+01
8.242285e+13,5.915775e+01
2.061200e+14,8.000000e+01
2.061200e+14,8.000000e+01
2.942477e+13,2.768703e+01
1.295219e+13,7.899746e+01
1.517666e+13,7.899678e+01
3.726139e+13,4.186087e+01
5.112760e+13,4.636527e+01
5.806215e+13,4.366263e+01
1.292091e+13,7.898735e+01
4.931275e+13,3.609524e+01
2.053405e+14,8.000000e+01
2.053405e+14,8.000000e+01
2.053405e+14,8.000000e+01
2.053405e+14,8.000000e+01
3.216110e+14,8.000000e+01
3.216110e+14,8.000000e+01
1.426784e+13,1.899526e+01
3.990643e+14,7.513335e+01
1.651465e+13,7.899623e+01
3.137017e+14,8.000000e+01
3.137017e+14,8.000000e+01
2.482824e+13,7.895179e+01
8.921723e+13,8.000000e+01
8.921723e+13,8.000000e+01
8.921723e+13,8.000000e+01
7.712806e+13,4.384280e+01
5.663070e+13,4.522415e+01
9.639064e+13,5.843705e+01
1.574744e+13,7.898021e+01
2.315735e+13,3.500000e+01
2.057918e+13,7.916942e+01
1.344828e+14,6.924760e+01
9.462559e+13,5.116996e+01
9.962114e+13,8.000000e+01
6.506608e+13,7.363189e+01
3.330531e+13,2.786721e+01
1.106479e+14,5.165043e+01
1.751941e+14,8.000000e+01
1.751941e+14,8.000000e+01
2.440514e+13,7.899278e+01
1.976570e+14,8.000000e+01
4.160620e+13,4.011917e+01
4.830420e+13,4.582474e+01
1.827662e+13,7.898922e+01
5.928085e+13,5.669535e+01
5.928085e+13,5.000007e+00
2.074029e+13,7.899610e+01
3.304345e+13,7.895928e+01
4.966800e+13,5.597465e+01
2.590436e+13,2.726662e+01
1.355013e+13,4.999635e+00
1.490415e+13,7.899765e+01
1.486242e+13,4.999296e+00
1.969708e+13,7.896965e+01
6.170277e+13,6.366215e+01
2.234765e+13,7.898428e+01
1.226237e+14,4.840726e+01
2.997946e+14,8.000000e+01
9.105105e+13,8.000000e+01
4.514627e+13,3.351272e+01
5.648787e+13,8.000000e+01
1.150875e+14,4.114016e+01
1.604425e+13,7.899744e+01
1.457377e+16,8.000000e+01
2.266365e+19,8.000000e+01
2.266365e+19,8.000000e+01
2.266365e+19,8.000000e+01
6.571185e+13,5.000006e+00
6.571185e+13,7.945757e+01
5.764553e+13,4.582474e+01
1.396901e+14,8.000000e+01
4.439623e+13,7.899229e+01
4.439623e+13,7.899280e+01
2.812850e+13,2.660597e+01
6.235285e+14,8.000000e+01
6.235285e+14,8.000000e+01
1.044210e+15,8.000000e+01
1.044210e+15,8.000000e+01
7.054294e+13,5.867729e+01
4.395951e+13,4.180081e+01
3.107974e+13,2.840773e+01
1.400750e+14,8.000000e+01
1.400750e+14,8.000000e+01
1.579060e+13,7.899760e+01
4.438939e+13,5.000000e+00
4.438939e+13,5.000013e+00
4.799877e+13,3.243166e+01
1.119204e+13,4.999700e+00
2.375939e+13,2.570510e+01
1.448329e+14,5.321195e+01
2.332295e+13,7.895306e+01
7.144784e+13,7.080913e+01
2.662568e+13,7.899216e+01
6.869075e+13,4.816702e+01
4.636993e+13,4.336233e+01
3.877305e+13,3.423342e+01
2.266188e+14,7.080913e+01
4.525910e+13,3.849758e+01
2.403157e+13,2.648586e+01
1.316301e+13,7.899533e+01
2.705944e+13,3.497018e+01
2.281839e+14,7.261089e+01
2.281839e+14,7.261089e+01
1.218833e+14,4.300198e+01
5.456780e+13,7.899080e+01
2.099984e+13,7.923540e+01
9.822598e+12,7.899009e+01
2.000864e+13,7.898910e+01
9.565451e+13,8.000000e+01
9.565451e+13,8.000000e+01
2.888209e+13,7.899353e+01
4.634573e+14,8.000000e+01
4.634573e+14,8.000000e+01
4.634573e+14,8.000000e+01
4.634573e+14,8.000000e+01
2.919185e+13,7.872998e+01
5.893436e+13,5.249125e+01
1.875855e+14,8.000000e+01
1.743951e+13,7.899696e+01
5.035963e+13,3.099524e+01
7.304721e+13,5.645512e+01
7.304721e+13,5.645512e+01
2.429345e+17,8.000000e+01
1.051708e+14,8.000000e+01
1.051708e+14,8.000000e+01
1.371524e+14,8.000000e+01
1.371524e+14,8.000000e+01
4.982015e+13,4.282181e+01
3.092760e+14,8.000000e+01
4.846730e+13,7.897794e+01
1.221775e+14,8.000000e+01
1.221775e+14,8.000000e+01
1.286238e+13,7.898828e+01
1.659189e+14,8.000000e+01
1.659189e+14,8.000000e+01
1.176889e+13,1.699372e+01
2.716402e+14,8.000000e+01
4.637210e+13,4.540433e+01
6.152876e+13,4.047952e+01
1.725442e+14,7.032866e+01
2.816149e+13,4.999511e+00
1.857639e+13,7.897333e+01
2.212397e+14,8.000000e+01
9.465536e+13,5.261136e+01
6.146679e+13,4.126028e+01
1.747077e+13,7.899776e+01
7.291290e+13,3.939846e+01
1.402082e+13,7.898264e+01
3.863538e+13,7.899276e+01
1.321891e+13,7.899868e+01
5.021391e+13,4.450345e+01
5.021391e+13,4.450345e+01
2.833599e+13,2.834768e+01
1.184324e+13,7.899781e+01
1.073357e+15,8.000000e+01
3.389948e+13,3.531448e+01
8.286790e+13,6.065922e+01
2.703414e+14,8.000000e+01
6.374834e+13,4.204104e+01
1.133140e+14,7.309136e+01
8.982536e+13,3.957864e+01
3.096399e+13,3.327248e+01
2.646232e+14,8.000000e+01
6.600184e+13,4.420315e+01
1.099331e+13,7.899287e+01
3.108381e+13,3.243166e+01
1.229619e+14,7.357183e+01
5.809460e+13,4.870755e+01
2.404920e+14,8.000000e+01
2.404920e+14,8.000000e+01
1.242130e+13,7.899813e+01
4.829173e+14,6.174028e+01
3.639427e+13,3.171096e+01
2.631847e+14,7.321147e+01
1.465386e+13,7.899800e+01
8.281786e+13,4.954837e+01
3.603399e+13,3.111037e+01
3.125156e+13,3.357278e+01
1.863135e+13,7.899418e+01
6.035538e+13,4.138040e+01
2.015122e+13,7.899641e+01
4.247697e+13,7.899946e+01
4.247697e+13,7.899909e+01
2.424006e+14,8.000000e+01
2.460043e+16,8.000000e+01
3.118679e+14,5.909770e+01
2.067170e+13,7.899519e+01
6.861771e+14,8.000000e+01
6.861771e+14,8.000000e+01
4.976846e+13,3.345266e+01
1.024333e+13,7.899792e+01
2.981808e+14,8.000000e+01
2.981808e+14,8.000000e+01
1.642546e+14,5.693558e+01
5.693832e+14,8.000000e+01
5.693832e+14,8.000000e+01
2.861214e+13,2.732668e+01
2.218701e+13,7.899673e+01
1.588560e+13,7.899793e+01
2.452329e+13,7.895696e+01
1.520617e+14,5.957816e+01
4.443861e+13,3.231155e+01
1.401767e+13,7.899673e+01
2.296169e+14,8.000000e+01
2.296169e+14,8.000000e+01
3.487632e+13,3.075002e+01
8.160215e+13,4.023928e+01
2.033424e+13,7.899589e+01
1.080440e+14,7.633452e+01
1.032017e+14,7.899760e+01
1.032017e+14,7.899820e+01
1.032017e+14,7.899902e+01
2.110651e+13,7.899739e+01
3.290685e+13,3.153078e+01
2.598133e+14,7.765581e+01
1.548412e+13,7.899659e+01
1.122315e+13,7.868031e+01
2.299525e+13,7.898666e+01
3.377495e+13,7.897510e+01
2.951119e+14,8.000000e+01
2.951119e+14,8.000000e+01
4.997247e+14,8.000000e+01
2.564923e+13,7.797186e+01
1.024296e+14,5.729594e+01
1.141638e+13,7.899785e+01
2.706587e+13,2.750685e+01
5.172503e+13,4.192093e+01
2.462857e+13,7.899526e+01
2.125295e+13,7.899099e+01
2.612973e+13,7.899259e+01
3.215586e+13,3.002932e+01
2.084561e+13,7.897957e+01
8.294392e+13,4.852738e+01
4.345089e+13,7.899538e+01
6.746511e+13,4.059964e+01
1.334200e+13,7.899805e+01
1.935902e+13,7.899616e+01
3.674141e+13,2.499841e+01
6.846913e+14,8.000000e+01
6.846913e+14,8.000000e+01
8.221273e+13,4.264163e+01
6.027249e+13,6.336186e+01
4.302992e+13,5.000000e+00
4.302992e+13,7.898347e+01
5.758689e+13,6.534379e+01
5.758689e+13,5.000013e+00
3.409630e+13,2.894826e+01
1.060717e+13,7.899428e+01
3.926440e+13,3.513430e+01
1.294906e+14,8.000000e+01
8.882597e+13,8.000000e+01
1.542130e+14,8.000000e+01
1.542130e+14,8.000000e+01
1.127047e+14,6.510356e+01
2.305107e+13,7.876908e+01
1.198707e+13,7.899333e+01
1.724088e+13,7.899524e+01
6.206645e+13,5.399271e+01
7.930357e+13,4.930814e+01
1.058458e+14,7.795611e+01
1.058458e+14,7.795611e+01
1.027003e+14,8.000000e+01
1.027003e+14,8.000000e+01
1.027003e+14,8.000000e+01
6.248553e+13,5.597465e+01
1.404753e+14,4.990872e+01
3.882310e+13,3.435354e+01
8.960904e+13,5.639506e+01
9.546042e+13,4.210110e+01
4.826642e+13,7.899520e+01
9.717698e+12,7.895535e+01
3.048548e+13,3.243166e+01
1.383666e+14,8.000000e+01
1.383666e+14,8.000000e+01
7.672263e+13,4.888773e+01
1.346849e+14,8.000000e+01
1.346849e+14,8.000000e+01
1.968375e+13,4.999710e+00
4.264285e+13,4.750638e+01
9.840645e+12,7.899658e+01
5.148681e+13,3.897805e+01
5.528427e+13,5.038919e+01
1.326623e+13,7.899832e+01
7.862071e+13,4.108011e+01
1.384847e+13,7.898775e+01
2.027692e+13,7.898838e+01
3.405547e+13,3.333254e+01
2.663859e+14,8.000000e+01
2.663859e+14,8.000000e+01
3.211749e+13,7.897503e+01
2.467438e+13,7.899132e+01
3.234353e+14,7.393218e+01
1.254461e+14,8.000000e+01
4.003718e+14,8.000000e+01
4.003718e+14,8.000000e+01
6.790223e+13,5.159037e+01
5.021476e+13,3.789700e+01
2.296938e+14,6.089945e+01
6.801550e+13,3.795706e+01
1.966973e+14,8.000000e+01
6.799768e+14,6.762602e+01
1.107624e+15,8.000000e+01
1.107624e+15,8.000000e+01
1.107624e+15,8.000000e+01
5.665455e+13,5.795658e+01
6.901907e+13,4.426321e+01
1.312323e+19,8.000000e+01
1.312323e+19,8.000000e+01
1.312323e+19,8.000000e+01
1.312323e+19,8.000000e+01
7.233928e+13,7.567388e+01
1.307236e+14,5.603471e+01
3.126820e+14,7.321147e+01
1.250196e+13,7.899793e+01
4.972598e+13,7.899858e+01
7.326496e+15,8.000000e+01
6.735195e+13,5.171048e+01
3.081509e+14,6.480327e+01
1.599293e+13,4.999376e+00
5.836052e+13,3.561477e+01
3.296746e+13,3.909817e+01
9.638012e+13,7.898783e+01
9.638012e+13,7.898516e+01
2.144501e+13,7.899496e+01
2.701097e+13,7.898233e+01
1.119623e+13,7.899610e+01
5.336150e+13,6.077934e+01
3.263896e+13,3.567483e+01
1.907347e+13,7.014392e+01
1.906957e+13,7.897715e+01
3.491466e+13,3.032961e+01
2.710483e+13,7.899769e+01
1.039871e+13,7.897571e+01
1.330718e+13,7.899462e+01
1.995000e+13,7.894730e+01
1.687864e+15,8.000000e+01
1.687864e+15,8.000000e+01
1.487334e+13,5.000262e+00
2.480453e+13,7.891093e+01
3.263118e+14,8.000000e+01
1.094678e+14,4.378274e+01
2.297450e+13,7.899473e+01
1.948492e+15,8.000000e+01
1.932887e+13,7.898043e+01
2.580563e+13,7.898323e+01
2.324653e+14,5.633500e+01
7.971725e+13,6.378227e+01
2.208149e+13,7.898881e+01
8.926152e+13,5.783646e+01
7.242005e+13,5.165043e+01
4.915426e+14,8.000000e+01
1.180762e+14,5.717582e+01
6.505319e+14,8.000000e+01
1.238283e+14,5.819682e+01
2.537044e+13,2.690627e+01
5.943796e+13,4.840726e+01
1.734353e+13,7.899462e+01
1.364204e+13,7.897174e+01
5.878056e+13,4.576468e+01
4.480065e+13,3.597512e+01
5.355113e+13,6.005863e+01
1.842420e+13,7.899615e+01
1.393895e+13,7.897686e+01
9.289900e+13,5.615482e+01
1.554351e+15,8.000000e+01
1.554351e+15,8.000000e+01
1.554351e+15,8.000000e+01
1.541805e+14,8.000000e+01
1.541805e+14,8.000000e+01
3.342564e+14,8.000000e+01
3.499426e+13,3.633547e+01
1.885255e+13,7.899587e+01
1.166572e+14,6.131987e+01
6.028118e+13,3.657571e+01
5.890311e+13,3.507424e+01
1.620372e+13,7.899792e+01
1.385014e+13,5.000000e+00
2.230279e+13,4.998888e+00
5.099520e+13,3.387307e+01
6.616021e+13,3.645559e+01
1.617599e+13,7.899398e+01
1.340839e+14,7.561382e+01
1.340839e+14,7.561382e+01
2.586258e+13,7.899833e+01
3.314633e+13,2.870803e+01
2.189423e+13,7.898842e+01
4.069734e+13,7.898705e+01
1.421650e+15,8.000000e+01
1.506377e+14,8.000000e+01
2.431496e+13,7.899557e+01
3.653524e+13,2.936867e+01
4.677940e+13,3.621536e+01
2.147695e+14,5.957816e+01
2.721060e+13,7.897453e+01
2.437913e+14,8.000000e+01
2.437913e+14,8.000000e+01
2.437913e+14,8.000000e+01
2.769077e+14,6.210063e+01
7.596346e+13,5.861723e+01
7.857721e+13,7.921810e+01
7.857721e+13,8.000000e+01
2.009149e+13,7.897303e+01
5.534805e+13,3.513430e+01
7.763375e+13,5.000000e+00
7.763375e+13,8.000000e+01
7.763375e+13,5.000000e+00
1.223851e+14,5.609476e+01
7.972420e+13,5.195072e+01
3.522031e+14,8.000000e+01
3.522031e+14,8.000000e+01
3.732979e+14,7.861675e+01
4.304241e+13,4.780667e+01
4.717080e+13,4.156057e+01
1.540513e+14,7.585405e+01
1.531744e+14,8.000000e+01
1.744449e+13,7.899508e+01
3.235169e+13,3.291213e+01
2.997139e+14,8.000000e+01
1.896316e+13,4.999912e+00
2.249186e+13,7.896825e+01
2.513277e+14,8.000000e+01
2.513277e+14,8.000000e+01
2.754505e+13,2.942873e+01
1.308530e+13,7.906826e+01
2.525434e+13,7.899810e+01
1.371402e+13,7.899891e+01
2.090292e+14,6.930766e+01
9.271261e+13,7.899709e+01
3.615888e+13,2.978908e+01
1.925241e+13,7.899361e+01
7.188239e+13,3.855764e+01
1.528400e+14,7.195024e+01
1.235504e+13,7.899580e+01
1.005643e+14,4.564456e+01
2.695811e+13,2.768703e+01
1.105154e+14,5.555424e+01
3.009860e+13,3.231155e+01
6.789963e+13,2.298092e+01
1.989067e+14,8.000000e+01
5.006042e+13,7.898326e+01
1.075525e+14,5.549418e+01
1.376084e+14,8.000000e+01
3.039498e+13,3.297219e+01
1.897732e+14,6.384233e+01
3.272964e+13,7.899407e+01
2.208716e+14,8.000000e+01
4.065833e+13,7.895856e+01
2.672052e+14,7.333159e+01
1.707370e+13,7.899681e+01
7.658871e+13,4.774661e+01
4.514423e+13,7.891415e+01
7.072606e+13,3.987893e+01
1.283725e+14,8.000000e+01
1.283725e+14,8.000000e+01
7.522254e+13,4.354251e+01
1.264475e+14,6.576420e+01
2.784442e+13,7.897947e+01
1.283365e+13,7.899693e+01
7.066130e+13,4.384280e+01
6.693009e+13,5.825687e+01
4.426453e+13,3.951858e+01
2.046555e+13,7.898218e+01
8.649500e+13,4.780667e+01
1.176541e+13,7.899726e+01
6.622618e+13,5.927787e+01
6.622618e+13,5.927787e+01
1.063206e+14,8.000000e+01
2.150773e+13,2.438381e+01
1.610590e+14,7.393218e+01
3.356572e+14,8.000000e+01
3.356572e+14,8.000000e+01
9.668674e+14,8.000000e+01
1.275884e+14,7.189018e+01
2.881981e+13,4.999951e+00
4.895833e+13,3.729641e+01
1.968905e+13,7.896370e+01
3.425202e+14,8.000000e+01
1.031097e+14,4.408304e+01
1.905182e+13,7.899330e+01
3.626333e+13,4.999990e+00
3.626333e+13,7.897917e+01
2.100084e+13,7.898802e+01
2.316490e+13,7.899187e+01
4.715063e+13,3.963870e+01
2.656038e+13,7.916404e+01
1.130245e+13,7.898347e+01
1.002151e+14,4.876761e+01
5.070633e+13,5.092972e+01
3.247327e+13,2.966897e+01
1.726657e+14,6.834673e+01
2.348385e+14,8.000000e+01
2.348385e+14,8.000000e+01
8.251542e+13,4.420315e+01
6.993134e+13,4.666556e+01
8.513648e+13,4.186087e+01
1.917738e+14,6.630473e+01
1.168732e+14,6.288139e+01
1.325783e+13,7.899757e+01
1.998570e+14,7.146977e+01
2.475154e+14,8.000000e+01
2.475154e+14,8.000000e+01
2.475154e+14,8.000000e+01
1.995615e+14,8.000000e+01
1.995615e+14,8.000000e+01
3.460444e+13,3.465383e+01
1.947024e+13,7.898300e+01
3.710080e+13,7.899787e+01
3.752320e+13,3.026955e+01
1.492274e+13,7.899614e+01
1.873624e+14,5.831693e+01
1.635977e+14,5.020902e+01
1.305774e+13,7.899679e+01
6.351186e+13,3.999905e+01
3.952553e+14,8.000000e+01
1.076795e+14,8.000000e+01
4.743674e+13,7.899318e+01
8.713347e+14,8.000000e+01
8.713347e+14,8.000000e+01
3.353186e+13,3.062990e+01
1.685530e+13,7.899596e+01
2.325261e+13,7.871025e+01
3.409624e+14,8.000000e+01
6.058710e+13,5.783646e+01
5.207007e+13,4.792679e+01
1.165991e+14,8.000000e+01
1.165991e+14,8.000000e+01
4.567159e+13,5.141019e+01
4.776859e+13,4.558450e+01
9.857491e+14,8.000000e+01
1.355836e+13,7.899521e+01
2.441343e+13,2.642580e+01
2.307130e+13,7.892966e+01
1.402976e+19,8.000000e+01
1.402976e+19,8.000000e+01
1.402976e+19,8.000000e+01
1.505329e+13,7.899737e+01
8.334399e+13,2.898197e+01
1.530084e+14,8.000000e+01
1.530084e+14,8.000000e+01
3.118997e+13,3.699612e+01
5.931091e+13,3.603518e+01
2.034134e+13,7.899775e+01
1.480553e+13,7.898740e+01
4.096346e+14,7.789605e+01
1.072080e+13,7.899818e+01
4.392837e+13,4.378274e+01
7.382080e+13,5.807670e+01
7.382080e+13,5.807670e+01
2.371200e+13,7.899330e+01
3.042352e+13,2.924855e+01
2.218666e+13,7.898646e+01
9.241906e+13,4.552444e+01
1.525124e+15,2.687854e+01
1.132578e+14,5.747611e+01
2.410414e+13,7.896192e+01
2.416013e+13,2.810744e+01
4.531369e+13,7.899215e+01
4.531369e+13,7.895840e+01
4.807700e+13,3.543459e+01
1.046991e+13,7.895699e+01
7.443873e+13,6.726567e+01
7.443873e+13,6.726567e+01
2.473198e+13,7.898428e+01
4.439197e+13,5.195072e+01
5.335483e+13,4.900785e+01
1.300889e+14,6.636479e+01
9.784260e+13,8.000000e+01
4.182972e+13,3.567483e+01
1.098407e+13,7.899787e+01
7.372305e+13,4.804691e+01
5.026583e+13,5.000018e+00
5.026583e+13,6.119975e+01
1.322207e+13,7.899039e+01
1.150093e+13,7.899685e+01
2.621619e+13,2.900832e+01
4.013020e+13,4.132034e+01
4.210917e+13,3.189113e+01
6.682968e+13,4.390286e+01
1.334028e+13,7.899763e+01
1.439322e+13,7.896576e+01
1.313546e+14,6.522368e+01
8.369959e+13,3.094602e+01
6.384402e+13,5.159037e+01
2.823548e+13,7.892227e+01
4.191642e+13,3.723635e+01
9.679590e+13,8.000000e+01
9.679590e+13,5.000018e+00
4.264919e+13,3.375295e+01
7.802056e+14,8.000000e+01
2.920078e+14,7.134966e+01
1.556306e+13,7.899732e+01
2.176687e+13,7.899391e+01
9.330072e+14,8.000000e+01
9.330072e+14,8.000000e+01
5.537251e+14,8.000000e+01
5.537251e+14,8.000000e+01
3.902383e+13,7.899554e+01
2.291111e+14,4.636527e+01
1.558998e+14,7.152983e+01
1.509788e+13,7.898793e+01
1.875253e+13,7.891175e+01
3.700309e+13,3.897805e+01
3.611711e+14,8.000000e+01
3.611711e+14,8.000000e+01
3.728412e+13,4.336233e+01
7.568500e+13,5.339213e+01
1.996382e+13,7.898312e+01
4.405615e+13,3.387307e+01
2.610873e+14,8.000000e+01
2.610873e+14,8.000000e+01
7.675636e+14,3.003396e+01
1.923944e+13,7.897103e+01
8.195784e+13,8.000000e+01
6.542733e+13,7.899838e+01
6.542733e+13,7.898776e+01
8.681747e+13,6.690532e+01
5.162144e+13,4.294192e+01
1.761844e+13,7.899745e+01
6.390294e+13,3.789700e+01
2.369064e+13,7.899049e+01
2.180272e+14,5.513383e+01
2.011334e+13,7.898486e+01
1.289130e+14,4.960843e+01
2.102556e+14,5.795658e+01
9.389573e+13,5.747611e+01
1.489289e+14,5.567435e+01
3.857790e+13,3.543459e+01
1.623640e+14,5.651517e+01
2.764341e+14,6.035893e+01
2.497754e+13,7.808622e+01
2.158763e+14,8.000000e+01
2.158763e+14,8.000000e+01
1.781254e+13,7.898723e+01
1.039918e+14,4.348245e+01
1.164867e+15,8.000000e+01
3.973530e+13,7.897323e+01
3.311203e+13,2.984914e+01
9.156006e+13,8.000000e+01
9.156006e+13,8.000000e+01
4.500218e+13,5.651517e+01
1.750448e+14,8.000000e+01
1.750448e+14,8.000000e+01
2.663177e+13,2.888820e+01
1.525680e+13,7.899605e+01
1.232936e+14,5.777641e+01
5.040118e+13,3.531448e+01
1.856406e+13,7.899583e+01
1.012773e+14,8.000000e+01
1.012773e+14,8.000000e+01
7.850835e+13,6.071928e+01
8.393204e+13,4.600491e+01
3.431926e+13,3.237160e+01
2.263656e+14,5.489359e+01
7.945859e+14,8.000000e+01
4.972944e+13,4.204104e+01
1.629946e+13,7.899781e+01
5.191318e+14,8.000000e+01
1.905653e+14,7.489312e+01
1.189953e+13,7.899584e+01
2.163702e+13,2.462404e+01
5.794039e+13,5.933793e+01
7.237612e+13,4.804691e+01
4.418606e+14,8.000000e+01
9.415371e+13,7.507329e+01
3.300930e+13,7.899417e+01
2.865436e+13,3.129055e+01
3.889976e+14,8.000000e+01
3.889976e+14,8.000000e+01
2.322617e+14,7.747564e+01
4.216604e+13,3.729641e+01
8.447280e+13,8.000000e+01
1.160814e+14,8.000000e+01
2.218173e+13,4.316050e+01
8.401543e+15,8.000000e+01
4.379050e+13,4.029934e+01
1.309584e+13,7.899725e+01
1.648092e+13,7.911162e+01
3.015622e+14,8.000000e+01
5.952275e+13,4.582474e+01
4.744657e+13,5.447318e+01
1.443331e+13,7.879024e+01
9.653666e+13,5.435306e+01
1.631387e+13,7.912251e+01
1.464480e+14,8.000000e+01
1.464480e+14,8.000000e+01
1.464480e+14,8.000000e+01
6.626358e+13,4.126028e+01
1.776608e+13,7.895474e+01
9.955743e+13,6.660503e+01
1.111043e+14,5.891752e+01
5.487037e+15,8.000000e+01
5.487037e+15,8.000000e+01
9.360998e+13,8.000000e+01
1.164098e+15,8.000000e+01
5.010472e+14,8.000000e+01
5.010472e+14,8.000000e+01
5.010472e+14,8.000000e+01
1.613244e+13,4.999614e+00
2.605091e+14,6.714555e+01
1.567602e+13,7.893069e+01
1.365640e+13,7.899752e+01
3.006572e+13,3.183108e+01
1.059512e+14,5.237113e+01
2.349729e+13,2.552492e+01
2.399326e+14,8.000000e+01
2.399326e+14,8.000000e+01
7.860133e+13,4.306204e+01
3.356195e+13,3.026955e+01
1.306733e+13,7.899817e+01
1.342179e+13,7.174555e+01
3.467084e+14,7.549370e+01
1.480515e+13,2.701992e+01
1.095840e+14,8.000000e+01
1.982163e+13,7.899807e+01
6.089119e+13,4.582474e+01
1.361651e+13,7.898595e+01
4.701566e+13,3.909817e+01
7.039843e+13,4.624515e+01
2.630683e+14,3.474389e+01
1.328596e+13,7.895302e+01
7.380635e+13,3.939846e+01
5.687846e+13,4.005911e+01
4.500021e+13,5.291166e+01
2.512004e+13,7.892757e+01
4.781072e+13,4.372269e+01
1.411409e+14,7.801617e+01
2.027792e+13,7.896772e+01
3.671386e+13,3.135061e+01
6.019809e+14,8.000000e+01
6.019809e+14,8.000000e+01
3.040417e+13,2.690627e+01
3.668913e+13,3.081008e+01
1.398998e+14,8.000000e+01
1.368232e+13,7.899085e+01
2.786899e+13,3.002932e+01
3.618844e+13,4.324222e+01
6.832686e+13,4.408304e+01
2.067138e+14,5.747611e+01
1.552898e+13,7.899522e+01
2.022469e+14,8.000000e+01
2.022469e+14,8.000000e+01
1.744651e+13,7.899764e+01
3.822054e+13,3.537454e+01
6.579521e+13,3.663577e+01
3.687623e+13,3.129055e+01
1.828609e+13,7.898554e+01
5.129365e+13,3.441360e+01
7.035259e+13,5.345218e+01
1.085315e+14,4.630521e+01
6.801644e+14,8.000000e+01
3.520179e+13,7.899118e+01
6.354750e+13,3.879788e+01
4.481900e+13,7.897575e+01
2.326637e+14,8.000000e+01
4.839935e+13,3.423342e+01
3.273322e+13,3.044973e+01
9.019250e+13,4.360257e+01
5.254406e+13,6.708549e+01
5.254406e+13,6.708549e+01
1.029170e+14,5.525394e+01
3.617682e+13,3.489407e+01
2.960426e+13,5.623096e+01
1.224733e+14,5.609476e+01
2.594713e+14,8.000000e+01
9.733960e+13,8.000000e+01
5.185097e+13,3.789700e+01
1.376989e+14,5.002884e+01
5.697725e+13,6.107963e+01
5.697725e+13,5.000007e+00
7.970138e+13,5.243119e+01
1.477263e+14,8.000000e+01
1.477263e+14,8.000000e+01
7.314180e+13,4.095999e+01
3.332752e+13,3.507424e+01
2.680889e+13,7.899318e+01
1.046361e+14,5.441312e+01
3.350209e+13,3.177102e+01
1.667447e+13,7.899655e+01
2.406085e+13,2.546486e+01
1.467286e+13,7.899797e+01
5.353956e+13,3.537454e+01
1.231759e+13,7.890136e+01
4.478721e+13,3.555471e+01
1.913387e+13,7.898717e+01
1.896535e+13,7.899442e+01
2.123355e+13,4.999417e+00
4.925833e+14,6.444291e+01
5.047614e+13,5.789652e+01
1.163690e+14,4.876761e+01
3.371129e+13,7.898901e+01
2.362756e+13,7.898821e+01
2.300568e+13,2.462404e+01
2.182906e+13,7.899569e+01
1.231392e+14,8.000000e+01
1.717210e+14,8.000000e+01
6.031411e+13,7.899798e+01
6.031411e+13,7.899834e+01
9.052069e+13,4.948831e+01
2.150479e+13,7.898851e+01
1.546261e+13,7.899396e+01
9.230478e+14,7.068901e+01
7.694740e+13,4.444339e+01
1.727920e+14,8.000000e+01
1.727920e+14,8.000000e+01
1.812211e+13,7.899226e+01
3.378907e+13,3.105031e+01
4.180578e+13,3.669583e+01
1.709498e+13,7.897238e+01
9.845165e+13,5.110990e+01
1.465877e+13,7.898820e+01
1.191499e+13,7.899387e+01
3.634903e+13,3.471389e+01
3.584549e+13,4.456351e+01
2.174284e+14,8.000000e+01
8.280290e+13,3.957864e+01
1.642303e+13,7.899209e+01
4.100802e+13,3.381301e+01
2.524290e+13,7.899813e+01
6.989918e+13,6.330180e+01
1.604160e+14,5.159037e+01
1.859862e+13,7.899204e+01
4.838889e+13,4.216116e+01
4.962100e+13,5.465336e+01
2.807916e+13,7.899213e+01
2.435780e+14,6.504350e+01
5.327942e+14,7.747564e+01
4.695060e+13,3.321242e+01
1.348834e+14,7.729546e+01
4.390462e+13,3.717629e+01
6.725621e+13,4.882767e+01
4.137094e+13,3.267190e+01
5.714292e+13,6.690532e+01
2.436464e+13,3.499095e+01
2.661925e+13,4.999144e+00
2.023576e+14,8.000000e+01
2.202156e+14,5.885746e+01
1.983011e+13,7.891074e+01
9.965854e+12,7.899848e+01
3.840750e+13,3.321242e+01
1.856070e+13,7.899700e+01
5.593225e+14,8.000000e+01
3.132161e+13,7.899295e+01
1.000168e+14,4.612503e+01
4.109610e+13,7.899813e+01
1.933358e+13,7.899567e+01
3.137515e+14,8.000000e+01
3.918888e+13,4.450345e+01
4.006262e+13,3.339260e+01
1.737588e+13,7.896143e+01
1.690614e+14,6.684526e+01
5.928907e+13,3.549465e+01
2.518143e+13,7.896294e+01
2.136400e+13,7.897755e+01
3.776094e+13,3.177102e+01
1.294854e+13,7.899695e+01
2.234411e+13,7.899727e+01
1.506265e+13,7.898333e+01
9.181486e+13,6.017875e+01
2.798593e+13,7.899436e+01
5.111550e+13,3.741653e+01
1.746114e+13,7.898588e+01
1.926554e+13,7.899758e+01
2.763458e+14,7.609429e+01
9.950184e+13,5.299070e+01
6.772174e+13,6.011869e+01
6.772174e+13,4.999093e+00
1.136880e+13,7.899156e+01
2.904151e+13,7.934635e+01
9.118254e+13,6.366215e+01
2.392986e+13,2.762697e+01
6.181994e+14,8.000000e+01
6.181994e+14,8.000000e+01
6.181994e+14,8.000000e+01
2.458746e+13,4.998622e+00
1.245135e+14,3.899657e+01
3.133072e+13,7.899174e+01
1.115857e+14,2.892899e+01
3.877682e+13,7.899700e+01
1.279416e+14,8.000000e+01
3.910545e+13,2.852785e+01
2.191106e+14,8.000000e+01
1.778019e+13,7.899739e+01
2.130920e+13,7.899181e+01
1.632683e+14,5.465336e+01
4.315409e+13,3.681594e+01
7.516719e+14,8.000000e+01
7.516719e+14,8.000000e+01
3.688283e+13,3.705618e+01
7.021632e+13,6.426274e+01
9.572244e+14,8.000000e+01
2.752767e+13,2.099307e+01
2.580708e+13,2.630568e+01
3.529008e+13,7.912420e+01
2.260895e+14,8.000000e+01
3.357788e+14,8.000000e+01
2.206492e+13,7.895681e+01
1.124917e+13,7.899559e+01
1.459541e+13,5.000000e+00
9.313986e+14,8.000000e+01
2.989545e+14,8.000000e+01
5.032667e+13,3.585500e+01
4.028914e+13,7.899737e+01
1.645879e+14,8.000000e+01
1.645879e+14,8.000000e+01
5.893038e+13,6.077934e+01
1.179621e+13,7.899122e+01
8.901702e+13,5.531400e+01
4.733379e+13,3.543459e+01
1.743298e+13,7.858800e+01
1.430307e+13,7.894067e+01
2.877582e+14,8.000000e+01
2.877582e+14,8.000000e+01
7.264975e+13,4.168069e+01
1.534637e+14,8.000000e+01
1.534637e+14,8.000000e+01
1.534637e+14,8.000000e+01
1.451886e+13,7.899563e+01
1.087340e+14,4.966849e+01
9.806985e+13,4.300198e+01
6.961470e+13,6.618461e+01
1.024809e+14,4.711659e+01
2.209096e+14,8.000000e+01
1.054668e+13,7.899797e+01
7.675762e+13,5.663529e+01
7.003209e+13,7.899859e+01
7.003209e+13,6.360209e+01
1.600738e+13,7.894079e+01
2.337365e+14,5.495365e+01
2.902818e+13,2.918850e+01
1.446758e+14,4.624515e+01
1.713713e+14,7.369194e+01
1.739563e+14,5.213089e+01
2.041678e+14,7.675493e+01
3.161683e+13,3.795706e+01
6.936137e+13,4.492386e+01
2.937628e+13,3.177102e+01
2.466435e+13,7.898591e+01
1.504507e+13,7.908495e+01
1.949832e+14,8.000000e+01
4.698277e+13,5.044925e+01
1.428566e+14,8.000000e+01
5.608716e+13,7.899318e+01
3.058925e+15,8.000000e+01
6.890399e+14,8.000000e+01
2.206473e+13,2.384328e+01
2.437354e+13,7.935191e+01
6.853596e+13,4.198099e+01
1.052122e+13,7.898740e+01
6.378321e+13,4.774661e+01
1.097537e+14,4.804691e+01
1.833222e+13,7.897454e+01
2.019734e+14,4.299367e+01
2.019734e+14,8.000000e+01
2.030544e+13,7.899212e+01
1.269726e+15,8.000000e+01
2.913125e+13,2.420363e+01
2.454014e+14,8.000000e+01
2.454014e+14,8.000000e+01
3.276795e+13,3.135061e+01
1.559508e+14,6.954790e+01
1.019617e+14,4.071975e+01
3.025872e+13,4.999161e+00
5.012824e+13,5.633500e+01
1.075266e+14,8.000000e+01
1.075266e+14,8.000000e+01
1.120876e+14,5.351224e+01
1.312144e+14,7.899749e+01
6.544471e+13,7.717534e+01
4.080420e+13,3.849758e+01
2.907027e+15,8.000000e+01
5.672029e+13,7.898490e+01
5.020327e+13,3.555471e+01
2.771476e+14,8.000000e+01
2.096105e+13,2.500000e+01
2.453505e+14,8.000000e+01
3.334160e+13,7.898603e+01
4.039127e+14,8.000000e+01
4.039127e+14,8.000000e+01
4.463871e+14,8.000000e+01
4.463871e+14,8.000000e+01
8.899338e+14,8.000000e+01
3.445216e+13,3.537454e+01
5.605322e+13,4.618509e+01
1.063374e+14,5.056937e+01
1.418400e+14,8.000000e+01
5.978175e+13,6.594438e+01
1.974243e+13,7.899264e+01
2.300831e+13,7.898511e+01
1.695635e+13,7.900000e+01
2.368923e+13,7.896872e+01
2.644601e+14,8.000000e+01
6.308334e+13,2.295738e+01
2.248551e+14,7.068901e+01
4.683807e+13,4.053958e+01
1.557508e+13,7.899651e+01
5.411392e+14,8.000000e+01
4.362335e+14,8.000000e+01
2.251043e+13,7.898775e+01
1.010761e+13,4.999727e+00
3.886991e+13,3.735647e+01
2.733548e+13,3.075002e+01
1.624530e+14,7.098931e+01
3.952035e+14,8.000000e+01
3.952035e+14,8.000000e+01
2.528468e+13,5.692388e+01
7.521237e+13,8.000000e+01
7.521237e+13,4.999986e+00
5.020572e+13,3.615530e+01
2.238315e+13,4.997824e+00
3.117423e+13,2.936867e+01
1.542114e+13,7.899610e+01
1.401779e+13,7.899031e+01
1.192297e+14,4.960843e+01
3.058755e+13,7.897329e+01
5.795582e+14,7.345171e+01
4.490886e+13,3.705618e+01
2.100653e+14,8.000000e+01
2.100653e+14,8.000000e+01
2.310195e+14,8.000000e+01
2.310195e+14,8.000000e+01
1.481482e+14,8.000000e+01
1.481482e+14,8.000000e+01
3.006051e+13,7.899753e+01
1.434015e+13,7.890266e+01
7.072839e+13,6.522368e+01
3.226333e+13,3.273196e+01
4.590123e+13,4.612503e+01
2.488239e+13,7.898075e+01
2.050952e+13,7.899833e+01
1.334815e+14,8.000000e+01
1.334815e+14,8.000000e+01
3.251603e+13,3.477395e+01
5.164791e+13,5.321195e+01
5.771972e+13,4.408304e+01
1.686349e+14,6.192045e+01
3.655653e+14,8.000000e+01
1.859743e+13,7.899410e+01
6.067710e+15,8.000000e+01
6.067710e+15,8.000000e+01
1.165418e+14,5.000012e+00
1.165418e+14,8.000000e+01
2.208380e+13,7.899382e+01
5.378102e+13,4.828714e+01
1.015673e+15,8.000000e+01
1.015673e+15,8.000000e+01
1.015673e+15,8.000000e+01
3.004205e+13,7.895435e+01
3.296656e+14,8.000000e+01
3.296656e+14,8.000000e+01
3.754028e+13,7.898428e+01
2.354159e+13,7.899420e+01
8.156690e+13,6.504350e+01
2.852847e+13,4.999702e+00
4.161985e+13,3.369289e+01
2.341583e+13,7.899201e+01
3.762338e+13,3.345266e+01
3.044232e+13,7.899533e+01
3.044232e+13,7.899717e+01
1.479519e+14,5.327201e+01
1.010702e+13,7.899805e+01
3.146241e+13,2.810744e+01
2.205564e+13,5.616063e+01
4.688184e+13,7.898672e+01
1.495654e+13,7.899652e+01
3.731359e+13,7.899461e+01
1.719472e+13,7.899533e+01
3.732824e+13,3.753665e+01
2.530886e+13,1.098744e+01
5.777697e+13,4.378274e+01
2.414349e+13,2.486427e+01
5.550716e+13,4.017923e+01
1.876775e+13,7.898437e+01
3.934873e+13,4.999922e+00
7.868002e+13,7.899874e+01
7.868002e+13,8.000000e+01
4.694427e+13,4.288186e+01
9.188118e+14,8.000000e+01
2.185717e+14,7.213042e+01
1.680110e+13,7.899170e+01
6.744052e+13,3.696863e+01
2.619615e+13,7.898690e+01
4.585898e+13,3.417336e+01
1.397592e+14,6.156010e+01
4.126565e+13,3.171096e+01
3.194963e+13,7.899591e+01
1.325729e+14,5.135013e+01
3.615737e+13,3.255178e+01
7.681251e+13,4.053958e+01
1.118987e+13,6.105362e+01
5.399320e+13,4.234134e+01
7.872699e+13,5.957816e+01
3.973385e+14,8.000000e+01
3.973385e+14,8.000000e+01
2.599806e+13,7.897487e+01
6.051025e+13,4.222122e+01
1.010792e+14,4.828714e+01
3.363394e+13,3.339260e+01
1.649367e+14,5.981840e+01
4.090658e+13,3.933841e+01
1.008910e+13,7.898752e+01
4.999868e+13,7.899308e+01
1.857209e+13,7.899732e+01
2.122284e+13,2.600539e+01
2.625566e+13,2.702639e+01
4.122396e+14,7.597417e+01
1.047341e+14,5.567435e+01
1.213574e+14,4.762650e+01
1.574938e+14,7.555376e+01
1.501852e+13,5.000038e+00
1.183471e+13,7.899525e+01
1.595798e+13,7.899861e+01
2.082785e+13,7.583714e+01
3.363895e+13,7.899119e+01
2.669143e+13,7.898791e+01
1.965916e+13,7.899448e+01
1.167854e+14,6.107963e+01
4.172983e+13,7.899051e+01
1.324129e+14,7.068901e+01
1.324129e+14,7.068901e+01
8.159212e+13,8.000000e+01
1.954470e+14,8.000000e+01
1.954470e+14,8.000000e+01
1.954470e+14,8.000000e+01
1.954470e+14,8.000000e+01
4.124626e+13,4.810697e+01
7.078999e+13,4.486380e+01
1.265986e+14,8.000000e+01
1.265986e+14,8.000000e+01
4.657980e+13,3.483401e+01
5.390116e+13,4.294192e+01
1.244884e+13,7.899796e+01
2.299737e+13,5.000000e+00
2.214116e+13,7.898664e+01
2.363725e+13,7.897667e+01
1.401257e+13,7.893447e+01
2.972432e+13,4.444339e+01
3.386661e+13,3.177102e+01
5.812613e+13,4.258157e+01
3.557002e+14,8.000000e+01
3.557002e+14,8.000000e+01
5.801194e+13,5.483353e+01
1.240150e+13,7.899844e+01
2.027187e+13,7.850248e+01
1.800272e+13,7.899402e+01
2.286470e+13,4.999533e+00
8.451504e+13,4.894779e+01
9.220248e+13,5.279154e+01
1.241494e+13,7.899560e+01
5.721251e+14,8.000000e+01
2.284463e+13,7.899134e+01
6.503866e+13,7.899753e+01
3.424891e+13,3.213137e+01
1.138494e+13,7.899794e+01
3.476787e+13,3.201125e+01
1.151715e+13,7.899836e+01
1.714489e+15,8.000000e+01
3.626260e+13,3.909817e+01
1.169532e+14,5.573441e+01
1.013696e+13,7.897330e+01
2.398350e+13,2.402345e+01
2.684383e+13,2.672609e+01
7.502129e+13,4.522415e+01
6.808823e+14,8.000000e+01
7.137631e+13,5.423295e+01
8.696010e+13,6.948784e+01
3.102246e+13,7.892297e+01
4.144504e+13,4.366263e+01
9.151563e+13,5.645512e+01
3.021783e+13,7.554529e+01
2.389794e+14,8.000000e+01
2.389794e+14,8.000000e+01
7.154400e+13,3.921829e+01
3.694608e+13,3.255178e+01
2.173344e+13,7.898834e+01
1.297023e+14,7.225054e+01
1.297023e+14,7.225054e+01
2.281854e+13,7.894164e+01
1.560020e+14,6.498344e+01
4.269065e+13,3.777688e+01
5.438288e+13,3.699612e+01
5.978387e+13,3.681594e+01
1.139596e+14,6.162016e+01
4.294463e+13,3.459377e+01
6.158213e+13,3.681594e+01
4.081985e+13,7.898299e+01
8.772727e+13,7.140972e+01
1.948784e+13,7.899263e+01
1.909432e+13,7.899763e+01
1.305011e+16,8.000000e+01
1.305011e+16,8.000000e+01
3.950702e+13,4.282181e+01
4.558172e+14,6.906743e+01
1.292619e+14,6.840678e+01
1.320364e+15,8.000000e+01
4.755122e+13,4.210110e+01
1.842086e+13,7.899757e+01
1.006936e+13,7.899839e+01
1.698437e+13,7.212333e+01
2.168265e+14,8.000000e+01
2.168265e+14,8.000000e+01
1.603736e+13,7.896840e+01
2.001214e+14,7.062895e+01
2.892838e+13,2.942873e+01
9.780842e+12,6.285228e+01
3.723652e+14,2.651518e+01
3.704318e+13,3.020949e+01
2.399726e+13,7.881790e+01
2.200321e+13,7.898688e+01
2.680440e+13,7.899059e+01
1.897375e+13,7.899761e+01
1.837472e+13,7.899334e+01
1.587895e+13,7.899647e+01
4.172864e+13,4.041946e+01
2.264290e+13,7.894890e+01
5.152309e+13,5.831693e+01
2.554644e+14,8.000000e+01
2.554644e+14,8.000000e+01
4.406109e+13,3.843753e+01
2.055791e+13,7.898166e+01
5.149541e+13,5.177054e+01
2.109253e+13,7.898281e+01
5.331621e+13,3.675588e+01
2.334058e+13,7.898595e+01
4.628667e+13,7.899638e+01
1.682729e+14,6.984819e+01
7.705471e+13,4.999866e+00
7.705471e+13,5.000038e+00
1.727482e+15,8.000000e+01
1.727482e+15,8.000000e+01
1.727482e+15,8.000000e+01
1.727482e+15,8.000000e+01
9.703017e+13,2.698656e+01
9.593885e+13,5.591459e+01
1.843090e+13,7.899620e+01
9.087084e+13,6.366215e+01
4.673230e+13,4.402298e+01
1.270248e+15,8.000000e+01
1.827631e+14,8.000000e+01
5.528389e+14,8.000000e+01
4.627141e+13,3.627541e+01
5.456455e+13,7.897518e+01
4.289441e+13,3.465383e+01
2.682548e+13,7.895832e+01
1.318104e+14,8.000000e+01
7.815164e+13,4.300198e+01
1.270447e+13,7.899717e+01
5.485584e+13,7.899484e+01
5.485584e+13,7.899543e+01
3.075994e+14,8.000000e+01
3.075994e+14,8.000000e+01
1.047955e+14,7.899847e+01
1.047955e+14,7.900027e+01
1.047955e+14,8.000000e+01
5.748276e+13,7.899758e+01
8.384208e+13,7.074907e+01
1.060707e+14,8.000000e+01
1.060707e+14,8.000000e+01
1.060707e+14,5.000003e+00
6.487079e+13,6.708549e+01
2.408692e+13,5.000241e+00
1.942261e+15,8.000000e+01
1.942261e+15,8.000000e+01
1.402695e+14,4.570462e+01
1.450294e+13,7.898944e+01
1.074101e+13,7.899584e+01
1.752575e+15,8.000000e+01
4.241397e+13,5.000027e+00
8.902480e+14,8.000000e+01
4.933017e+13,5.000010e+00
4.933017e+13,5.000191e+00
2.479907e+19,8.000000e+01
2.479907e+19,8.000000e+01
2.479907e+19,8.000000e+01
8.462011e+13,4.108011e+01
1.083591e+13,7.899652e+01
1.056818e+13,7.898372e+01
2.776373e+13,7.897924e+01
5.724803e+13,4.198099e+01
7.475998e+13,5.693558e+01
6.280737e+13,4.966849e+01
8.436245e+13,5.363236e+01
3.399934e+14,8.000000e+01
2.226914e+13,7.899083e+01
4.035957e+13,7.899597e+01
4.035957e+13,5.000000e+00
9.573040e+13,4.738626e+01
1.316152e+15,7.225054e+01
8.845646e+13,7.417241e+01
2.578236e+13,2.714650e+01
1.579334e+15,8.000000e+01
4.749576e+13,4.240140e+01
1.841569e+13,7.899127e+01
4.487031e+14,8.000000e+01
4.048633e+15,8.000000e+01
1.121393e+14,8.000000e+01
5.073109e+14,8.000000e+01
1.359316e+14,4.378274e+01
4.255579e+14,8.000000e+01
2.175780e+13,7.899544e+01
1.068358e+14,4.858743e+01
1.782842e+14,7.002837e+01
5.117138e+13,5.375248e+01
1.322090e+14,5.038919e+01
2.477211e+13,7.899116e+01
3.782845e+13,7.900028e+01
3.782845e+13,7.899416e+01
2.930308e+13,7.894289e+01
3.390658e+13,3.303225e+01
1.551255e+14,6.618461e+01
1.156787e+14,6.882719e+01
1.775209e+14,8.000000e+01
6.011332e+13,3.867776e+01
5.283238e+13,5.351224e+01
8.552441e+13,7.507329e+01
8.552441e+13,7.507329e+01
7.119628e+13,5.987846e+01
9.577476e+12,7.899885e+01
1.481299e+14,2.100000e+01
2.603267e+13,2.978908e+01
7.763711e+13,4.558450e+01
4.591375e+13,3.477395e+01
4.027873e+13,3.903141e+01
5.171886e+13,3.561477e+01
3.659871e+13,3.531448e+01
4.762544e+13,3.879788e+01
2.750198e+13,7.899521e+01
6.703422e+13,6.288139e+01
6.703422e+13,6.288139e+01
5.095751e+13,3.993899e+01
3.430860e+13,7.897476e+01
3.163283e+13,3.279201e+01
2.379800e+14,5.543412e+01
2.466979e+13,7.890984e+01
3.168071e+14,8.000000e+01
1.220629e+13,7.899459e+01
1.220525e+14,4.906790e+01
1.280626e+14,5.062943e+01
1.809943e+13,7.897844e+01
7.075974e+13,8.000000e+01
1.382018e+13,7.899696e+01
1.052576e+14,7.002837e+01
3.523700e+14,7.765581e+01
6.263686e+13,5.159037e+01
2.639188e+13,4.502804e+01
2.464141e+13,7.858886e+01
7.542318e+14,7.116948e+01
2.075647e+14,8.000000e+01
8.303339e+15,8.000000e+01
3.522830e+14,8.000000e+01
3.522830e+14,8.000000e+01
1.856729e+14,7.699517e+01
5.372279e+13,3.579495e+01
5.945172e+13,3.951858e+01
4.885353e+13,5.135013e+01
4.564377e+13,4.017923e+01
5.460405e+14,8.000000e+01
5.460405e+14,8.000000e+01
1.096351e+13,7.899731e+01
1.717995e+13,7.899720e+01
3.202558e+14,8.000000e+01
3.202558e+14,8.000000e+01
2.638619e+13,7.899515e+01
5.402802e+13,3.711624e+01
8.949702e+13,5.663529e+01
2.276520e+13,5.522604e+01
1.769522e+14,7.885699e+01
2.022652e+14,7.939751e+01
3.383828e+14,8.000000e+01
5.719248e+13,6.198051e+01
1.346169e+13,5.494349e+01
7.752944e+13,4.023928e+01
3.924000e+13,3.921829e+01
3.535782e+14,8.000000e+01
7.659749e+13,4.210110e+01
5.589692e+13,3.945852e+01
1.226851e+14,7.898919e+01
1.226851e+14,7.899174e+01
5.521222e+13,4.774661e+01
1.574146e+13,4.999594e+00
1.524570e+14,8.000000e+01
1.699401e+13,1.898753e+01
2.744903e+14,7.885699e+01
1.652121e+13,7.906701e+01
1.268626e+15,8.000000e+01
1.268626e+15,8.000000e+01
4.938115e+13,5.381254e+01
1.246878e+14,8.000000e+01
3.127151e+13,7.899627e+01
1.809525e+15,8.000000e+01
5.648716e+13,4.480374e+01
5.861638e+13,4.732620e+01
2.343460e+14,8.000000e+01
1.648093e+13,7.899620e+01
2.185084e+13,7.899225e+01
6.117048e+13,4.540433e+01
3.865135e+14,4.267901e+01
1.742241e+14,5.092972e+01
2.880653e+13,7.899059e+01
3.556848e+13,3.189113e+01
3.854505e+13,3.249172e+01
1.878953e+13,7.899665e+01
8.393475e+13,4.462357e+01
1.750155e+13,7.897314e+01
3.192663e+13,4.347749e+01
5.357155e+14,8.000000e+01
7.064007e+13,5.219095e+01
2.427883e+13,2.666603e+01
9.852276e+12,7.899767e+01
2.068325e+14,4.876761e+01
1.930188e+13,7.899680e+01
5.631687e+13,2.500000e+01
1.628851e+13,7.920107e+01
5.451741e+13,7.892847e+01
2.753247e+13,7.898356e+01
2.514539e+13,2.600539e+01
2.153038e+13,7.898553e+01
2.814733e+13,3.026955e+01
1.489646e+13,7.899850e+01
1.332935e+13,7.899529e+01
1.643296e+13,7.899068e+01
9.580569e+13,4.600491e+01
6.505887e+13,3.975882e+01
1.395332e+14,4.984867e+01
4.219954e+13,4.222122e+01
3.094148e+14,8.000000e+01
5.012418e+13,3.873782e+01
2.026713e+14,5.855717e+01
4.965453e+13,4.222122e+01
2.640240e+13,7.898873e+01
5.468980e+13,4.492386e+01
3.363679e+13,7.899780e+01
1.399683e+13,7.899752e+01
4.161231e+16,8.000000e+01
4.229930e+13,3.213137e+01
1.275813e+13,7.899576e+01
6.044165e+13,3.645559e+01
1.494960e+13,7.897816e+01
5.964213e+13,5.465336e+01
3.547247e+14,8.000000e+01
1.554665e+13,7.899850e+01
9.427213e+13,4.420315e+01
1.351629e+14,4.990872e+01
5.888114e+13,5.345218e+01
5.326131e+13,7.898872e+01
1.577483e+13,7.896828e+01
1.340818e+14,5.567435e+01
6.536050e+13,7.789605e+01
1.248631e+13,7.899587e+01
5.118069e+13,5.417289e+01
6.432487e+14,8.000000e+01
6.432487e+14,8.000000e+01
2.303002e+13,7.893410e+01
3.981705e+13,7.894729e+01
9.624636e+13,5.345218e+01
2.326008e+13,7.895092e+01
6.432413e+13,7.177007e+01
3.725742e+13,4.294192e+01
2.201340e+14,8.000000e+01
2.348278e+13,7.899412e+01
1.267637e+13,7.885281e+01
4.233251e+13,3.273196e+01
2.268513e+14,8.000000e+01
3.010096e+13,7.899525e+01
1.488293e+14,8.000000e+01
1.265494e+13,4.999867e+00
4.867266e+14,8.000000e+01
4.867266e+14,8.000000e+01
2.062558e+14,8.000000e+01
2.062558e+14,8.000000e+01
1.288941e+14,4.786673e+01
1.940171e+15,8.000000e+01
1.940171e+15,8.000000e+01
1.940171e+15,8.000000e+01
1.585742e+14,6.372221e+01
1.655433e+14,8.000000e+01
1.655433e+14,8.000000e+01
8.395256e+13,6.198051e+01
1.506995e+15,8.000000e+01
1.103865e+13,7.899808e+01
2.218958e+13,7.899424e+01
1.458154e+14,8.000000e+01
1.458154e+14,8.000000e+01
9.425954e+13,5.615482e+01
2.310785e+13,7.899803e+01
4.503135e+13,3.651565e+01
1.000746e+13,7.894040e+01
1.611644e+13,7.897264e+01
1.384677e+13,7.899812e+01
7.267173e+13,3.699612e+01
1.171686e+13,7.899825e+01
2.319244e+13,7.899857e+01
1.333229e+14,4.756644e+01
5.853555e+13,7.898457e+01
8.992830e+13,8.000000e+01
8.992830e+13,4.999999e+00
6.495184e+14,8.000000e+01
6.495184e+14,8.000000e+01
7.677784e+13,5.201078e+01
4.500449e+13,5.243119e+01
2.265784e+14,8.000000e+01
2.367435e+13,7.899676e+01
1.617535e+13,7.899686e+01
3.062941e+13,5.000889e+00
7.482133e+13,6.278369e+01
2.083949e+14,8.000000e+01
2.083949e+14,8.000000e+01
3.060503e+13,7.899274e+01
1.074832e+13,7.899230e+01
9.127190e+13,6.690532e+01
3.869685e+13,5.296253e+01
1.284247e+13,7.898907e+01
1.313486e+14,8.000000e+01
1.313486e+14,8.000000e+01
3.999851e+13,7.898769e+01
2.277111e+14,8.000000e+01
4.728250e+13,4.420315e+01
2.697731e+14,6.276127e+01
5.312059e+13,3.987893e+01
6.159888e+13,5.225101e+01
1.327130e+13,7.899728e+01
5.061188e+13,3.585500e+01
3.818449e+13,3.351272e+01
5.823702e+13,4.780667e+01
8.815487e+13,4.330228e+01
8.597653e+13,4.678568e+01
7.386957e+13,6.648491e+01
7.386957e+13,6.648491e+01
4.020464e+13,3.483401e+01
5.098390e+13,3.723635e+01
1.336649e+14,4.822708e+01
1.587272e+14,5.038919e+01
4.511586e+13,4.792679e+01
8.707304e+13,4.786673e+01
1.341368e+13,7.894484e+01
4.863565e+13,4.053958e+01
2.156071e+13,7.899692e+01
1.471643e+13,7.899211e+01
2.429311e+13,3.522842e+01
2.473732e+13,7.899593e+01
1.638218e+13,7.897272e+01
4.525274e+13,3.657571e+01
3.105808e+13,2.834768e+01
1.160597e+13,7.898055e+01
1.479427e+14,6.264116e+01
2.558366e+13,7.899519e+01
2.624975e+13,7.897280e+01
8.416060e+13,4.762650e+01
5.775887e+13,5.207084e+01
3.220858e+14,8.000000e+01
3.886864e+14,8.000000e+01
3.886864e+14,8.000000e+01
3.886864e+14,8.000000e+01
5.636725e+14,8.000000e+01
4.909000e+13,4.162063e+01
1.649855e+14,8.000000e+01
1.279487e+13,7.899868e+01
2.278161e+13,7.896568e+01
6.088190e+13,5.000006e+00
6.088190e+13,7.898401e+01
5.240396e+13,6.107963e+01
1.383677e+14,8.000000e+01
2.650162e+13,2.864797e+01
1.189609e+14,7.567388e+01
1.189609e+14,7.567388e+01
2.066143e+13,7.899543e+01
1.262108e+14,8.000000e+01
1.262108e+14,8.000000e+01
5.817305e+13,4.702591e+01
1.922366e+14,8.000000e+01
1.158688e+13,7.899738e+01
4.021541e+13,4.804691e+01
1.775892e+13,7.899711e+01
6.874947e+13,5.519388e+01
2.667844e+13,2.702639e+01
3.073691e+13,5.335062e+01
3.304413e+14,6.516362e+01
4.518333e+13,6.762602e+01
1.103282e+14,8.000000e+01
1.103282e+14,8.000000e+01
3.319042e+13,3.993899e+01
1.080882e+14,4.540433e+01
3.856760e+13,3.375295e+01
1.536067e+13,7.899651e+01
2.732584e+13,3.044973e+01
1.217157e+14,6.642485e+01
1.217157e+14,6.642485e+01
4.342648e+13,7.899463e+01
6.123455e+13,4.696585e+01
6.093753e+14,7.963775e+01
1.503160e+14,4.912796e+01
1.682540e+13,7.899600e+01
1.461195e+13,7.899489e+01
2.042668e+13,7.899351e+01
1.970895e+14,7.585405e+01
1.166051e+14,5.765629e+01
2.453390e+13,7.797577e+01
1.636735e+14,8.000000e+01
1.140674e+14,5.315189e+01
2.370430e+14,8.000000e+01
2.370430e+14,8.000000e+01
1.096689e+13,7.899674e+01
2.389559e+13,7.899808e+01
1.428358e+14,4.882767e+01
1.262419e+16,8.000000e+01
2.967936e+13,2.924855e+01
2.268163e+14,8.000000e+01
2.268163e+14,8.000000e+01
1.220744e+14,4.810697e+01
1.912104e+13,7.899574e+01
2.901022e+14,8.000000e+01
1.840739e+14,8.000000e+01
1.012159e+14,4.780667e+01
1.742473e+14,3.813723e+01
3.724601e+13,7.895982e+01
2.312970e+13,7.898150e+01
5.501152e+13,7.899515e+01
5.501152e+13,7.899579e+01
2.167422e+13,2.636574e+01
9.039979e+13,4.864749e+01
7.146009e+13,4.966849e+01
1.281367e+14,7.753570e+01
5.895478e+13,4.708597e+01
9.685894e+13,5.333207e+01
1.235097e+14,8.000000e+01
1.205610e+15,7.867681e+01
9.992405e+13,4.186087e+01
2.697531e+16,8.000000e+01
2.697531e+16,8.000000e+01
1.563864e+13,7.899687e+01
4.196156e+15,8.000000e+01
4.196156e+15,8.000000e+01
1.773244e+13,7.899578e+01
1.236591e+13,7.899717e+01
4.877603e+13,4.144046e+01
1.243750e+14,5.243119e+01
8.727960e+14,7.741558e+01
1.121183e+14,5.483353e+01
1.644283e+13,7.899151e+01
1.388009e+13,7.899757e+01
1.834878e+13,7.899711e+01
3.726464e+13,3.321242e+01
6.344947e+13,6.131987e+01
6.344947e+13,6.131987e+01
1.270317e+13,7.899451e+01
3.592140e+14,8.000000e+01
2.268831e+13,7.899859e+01
2.615348e+13,7.899689e+01
2.567918e+14,5.753617e+01
1.737669e+14,5.771635e+01
1.603332e+14,5.969828e+01
6.698442e+13,5.327201e+01
2.910217e+13,7.899169e+01
4.370874e+13,4.810697e+01
2.893919e+13,3.038967e+01
2.253932e+13,2.630568e+01
3.225735e+13,3.255178e+01
3.088736e+13,4.998671e+00
5.392369e+13,4.756644e+01
3.697318e+14,8.000000e+01
3.697318e+14,8.000000e+01
1.163256e+14,5.771635e+01
2.183815e+14,8.000000e+01
2.710147e+13,7.888915e+01
1.981210e+13,7.898856e+01
2.474502e+13,7.899648e+01
5.410647e+13,6.846684e+01
1.207346e+14,4.999964e+00
1.044927e+14,4.816702e+01
2.327812e+13,7.899590e+01
5.751088e+13,4.504398e+01
5.155117e+13,3.387307e+01
2.906486e+13,2.936867e+01
9.372484e+13,5.975834e+01
6.886223e+14,8.000000e+01
6.886223e+14,8.000000e+01
2.575538e+13,7.899579e+01
1.469570e+14,8.000000e+01
9.411775e+13,8.000000e+01
9.411775e+13,7.899584e+01
1.884479e+13,7.899891e+01
2.151902e+14,8.000000e+01
8.039706e+13,6.996831e+01
3.857161e+13,4.330228e+01
1.591765e+13,7.898057e+01
1.215678e+13,7.899428e+01
4.084767e+14,8.000000e+01
6.060110e+13,4.336233e+01
3.032285e+14,8.000000e+01
3.032285e+14,8.000000e+01
1.937553e+13,7.399419e+01
1.245080e+14,4.342239e+01
3.368872e+13,3.087014e+01
4.028869e+13,3.056984e+01
1.011362e+14,5.915775e+01
1.166647e+14,8.000000e+01
1.166647e+14,4.999614e+00
3.250821e+13,7.894750e+01
4.699071e+13,4.029934e+01
4.410348e+14,8.000000e+01
4.410348e+14,8.000000e+01
1.334786e+14,8.000000e+01
1.570910e+13,7.899863e+01
7.277004e+13,4.966849e+01
2.249595e+13,2.420363e+01
1.427918e+13,7.899670e+01
2.393207e+13,2.834768e+01
6.151436e+13,5.465336e+01
2.796064e+13,7.897004e+01
5.026320e+13,4.792679e+01
5.026320e+13,7.899424e+01
2.207577e+15,8.000000e+01
3.303507e+13,3.423342e+01
8.296623e+13,5.068949e+01
4.233316e+13,3.375295e+01
2.695521e+14,8.000000e+01
2.339649e+13,7.871942e+01
2.751169e+14,8.000000e+01
1.580607e+14,6.137992e+01
2.147728e+13,7.899887e+01
1.480171e+13,7.899826e+01
1.008541e+14,5.369242e+01
2.944962e+13,7.899799e+01
5.959820e+13,5.927787e+01
5.959820e+13,5.927787e+01
2.070358e+14,2.500000e+01
6.933320e+13,4.252151e+01
6.937252e+13,5.405277e+01
2.366573e+14,8.000000e+01
2.366573e+14,8.000000e+01
3.707129e+13,3.279201e+01
3.809506e+13,7.898742e+01
3.967558e+13,3.957864e+01
2.678808e+13,2.672609e+01
6.933366e+13,5.831693e+01
1.252792e+13,7.898922e+01
5.033524e+14,8.000000e+01
5.033524e+14,8.000000e+01
5.033524e+14,8.000000e+01
1.458701e+15,8.000000e+01
4.529659e+14,8.000000e+01
2.980458e+13,7.893400e+01
2.911613e+14,5.914223e+01
1.967266e+14,8.000000e+01
4.805624e+13,4.300198e+01
1.270816e+13,7.899711e+01
1.918234e+13,1.499392e+01
8.544431e+14,8.000000e+01
8.544431e+14,8.000000e+01
8.544431e+14,8.000000e+01
1.406266e+14,8.000000e+01
1.406266e+14,8.000000e+01
1.960994e+14,7.753570e+01
1.619383e+13,7.899359e+01
9.140272e+13,2.291593e+01
9.778242e+14,8.000000e+01
9.778242e+14,8.000000e+01
9.778242e+14,8.000000e+01
3.236106e+13,7.897455e+01
5.834223e+13,4.065970e+01
4.785975e+13,4.774661e+01
2.207571e+13,7.896538e+01
1.856705e+13,7.898946e+01
1.232033e+14,6.660503e+01
1.232033e+14,6.660503e+01
2.447190e+13,4.999946e+00
4.722156e+13,7.899589e+01
1.071433e+14,5.657523e+01
1.986269e+14,8.000000e+01
6.032204e+13,4.294192e+01
4.692841e+13,3.417336e+01
9.821373e+13,6.648491e+01
9.821373e+13,6.648491e+01
1.986762e+13,2.150099e+01
1.963380e+13,7.895738e+01
3.102534e+13,7.897302e+01
2.203465e+13,7.898875e+01
2.401654e+14,7.285112e+01
7.832206e+13,6.588432e+01
1.438496e+13,7.899824e+01
1.216315e+14,8.000000e+01
7.035750e+13,5.008890e+01
2.322962e+13,2.660597e+01
1.170303e+13,7.899836e+01
7.331486e+13,6.978813e+01
2.549285e+13,2.654592e+01
7.534981e+13,7.899046e+01
7.534981e+13,4.999986e+00
7.534981e+13,7.899069e+01
1.370484e+13,7.879717e+01
2.864299e+13,7.899779e+01
1.491253e+13,7.899628e+01
4.165752e+13,3.333254e+01
8.691721e+13,6.840678e+01
8.691721e+13,6.840678e+01
1.237648e+14,5.537406e+01
2.312545e+13,7.891872e+01
1.540319e+13,7.899292e+01
4.544679e+13,3.981887e+01
1.141751e+14,6.816655e+01
2.852487e+13,7.897985e+01
2.789105e+13,2.696633e+01
1.674401e+14,5.014896e+01
1.975905e+14,8.000000e+01
3.079342e+13,3.459377e+01
9.810789e+13,7.092925e+01
1.339585e+13,7.899837e+01
4.093021e+13,4.522415e+01
2.897728e+13,2.744680e+01
1.426698e+13,7.899469e+01
9.634052e+13,6.384233e+01
3.551893e+13,3.489407e+01
1.290088e+14,8.000000e+01
1.290088e+14,8.000000e+01
3.717177e+14,8.000000e+01
3.717177e+14,8.000000e+01
3.675910e+13,3.567483e+01
4.081449e+13,3.357278e+01
3.505262e+13,7.898575e+01
4.382088e+13,7.899438e+01
4.382088e+13,4.499973e+01
1.631510e+13,7.899843e+01
1.322501e+13,7.899731e+01
2.320157e+14,6.870708e+01
4.282729e+13,3.699612e+01
3.876620e+13,7.594043e+01
4.862014e+14,8.000000e+01
3.366175e+14,8.000000e+01
1.712661e+15,8.000000e+01
1.712661e+15,8.000000e+01
4.811874e+13,3.831741e+01
1.612981e+15,8.000000e+01
2.146294e+13,5.000203e+00
8.987130e+12,7.899252e+01
2.564120e+13,6.719297e+01
1.295920e+14,8.000000e+01
1.295920e+14,8.000000e+01
2.115353e+13,7.899724e+01
1.349162e+14,8.000000e+01
1.369214e+14,8.000000e+01
1.158795e+13,6.468856e+01
1.584667e+13,7.899274e+01
1.332599e+13,7.899683e+01
1.408357e+13,4.999723e+00
3.946623e+13,3.056984e+01
8.223277e+13,4.450345e+01
1.344982e+14,8.000000e+01
1.344982e+14,8.000000e+01
1.344982e+14,8.000000e+01
4.845782e+13,4.005911e+01
1.791361e+13,7.899274e+01
2.911827e+13,2.774709e+01
2.810327e+13,7.897202e+01
1.278314e+13,7.899570e+01
1.314525e+13,7.899433e+01
6.434140e+13,4.138040e+01
2.202533e+13,3.907053e+01
2.710431e+13,2.738674e+01
5.066873e+13,7.899804e+01
5.066873e+13,7.899735e+01
2.619688e+15,8.000000e+01
5.050875e+13,7.899829e+01
5.050875e+13,7.899897e+01
2.781554e+14,6.083940e+01
2.824494e+13,7.897528e+01
2.021001e+13,7.899217e+01
1.889851e+14,8.000000e+01
2.644130e+13,7.899607e+01
1.146422e+14,4.654544e+01
6.332335e+13,3.579495e+01
4.316854e+13,5.333207e+01
2.759940e+13,7.899172e+01
1.898069e+13,7.899507e+01
2.175620e+14,7.429253e+01
7.739698e+13,4.984867e+01
2.001197e+14,6.384233e+01
3.212043e+13,3.207131e+01
2.311920e+13,7.893718e+01
4.205655e+14,8.000000e+01
2.554166e+13,4.999610e+00
1.948099e+13,7.898776e+01
8.656632e+13,7.327153e+01
1.378103e+14,7.759576e+01
3.412326e+13,7.899755e+01
3.412326e+13,7.899721e+01
1.961025e+13,5.919663e+01
1.499556e+15,8.000000e+01
3.024420e+14,7.177007e+01
1.945981e+13,7.898653e+01
1.545742e+14,8.000000e+01
1.643083e+13,7.896011e+01
1.261644e+13,7.899502e+01
1.543776e+14,8.000000e+01
1.543776e+14,8.000000e+01
4.605304e+13,2.900262e+01
5.030044e+13,7.898750e+01
5.030044e+13,7.898504e+01
5.681232e+13,4.011917e+01
1.803716e+13,7.899232e+01
4.102065e+13,7.899620e+01
2.146217e+13,7.898940e+01
1.552272e+14,8.000000e+01
1.552272e+14,8.000000e+01
2.358542e+13,7.897577e+01
5.278081e+13,3.861770e+01
1.439612e+13,7.898973e+01
1.306565e+15,8.000000e+01
4.406364e+13,3.609524e+01
4.699852e+13,7.778349e+01
3.870145e+14,8.000000e+01
4.536844e+15,8.000000e+01
2.625133e+13,2.900832e+01
3.509667e+13,3.111037e+01
9.221259e+12,5.303293e+01
3.812577e+14,6.726567e+01
2.180466e+13,7.899365e+01
1.854320e+14,4.888773e+01
5.293329e+13,4.684573e+01
1.972093e+13,7.895393e+01
1.282484e+14,8.000000e+01
1.519329e+14,6.570415e+01
6.597051e+13,3.759670e+01
2.096797e+13,7.898005e+01
6.074410e+13,5.000213e+00
6.074410e+13,7.895768e+01
9.725761e+14,8.000000e+01
9.725761e+14,8.000000e+01
9.725761e+14,8.000000e+01
5.237868e+13,5.086966e+01
2.458790e+13,4.999774e+00
2.744519e+13,7.899118e+01
1.102322e+14,6.546391e+01
8.450496e+13,7.609429e+01
1.109781e+13,7.899469e+01
3.047111e+14,8.000000e+01
6.198200e+13,4.420315e+01
1.242413e+14,8.000000e+01
1.511014e+13,7.897923e+01
3.537543e+13,3.068996e+01
1.701245e+13,7.899521e+01
1.293357e+13,7.899788e+01
7.988507e+13,4.654544e+01
6.077727e+13,3.867776e+01
4.442901e+13,4.474368e+01
3.622913e+13,3.465383e+01
5.967798e+13,6.408256e+01
1.167332e+14,8.000000e+01
2.180149e+13,7.885265e+01
4.652366e+13,3.783694e+01
5.203073e+13,7.899689e+01
5.203073e+13,7.899846e+01
6.888458e+13,5.939799e+01
6.011669e+13,5.801664e+01
2.179108e+14,8.000000e+01
3.698935e+13,3.705618e+01
2.939821e+14,8.000000e+01
1.999226e+13,7.898917e+01
1.718554e+13,7.899593e+01
9.736348e+12,7.899808e+01
2.600939e+14,7.056889e+01
2.871146e+13,7.899742e+01
4.112417e+13,4.999265e+00
2.330517e+14,5.537406e+01
1.565805e+13,7.899261e+01
2.493092e+13,7.894034e+01
1.032172e+13,7.898597e+01
3.678918e+13,3.621536e+01
2.918597e+13,4.999644e+00
3.129948e+14,8.000000e+01
3.129948e+14,8.000000e+01
2.780519e+14,8.000000e+01
2.780519e+14,8.000000e+01
3.715990e+13,3.807717e+01
1.456830e+13,7.898960e+01
1.481237e+13,7.899179e+01
1.336804e+13,7.899809e+01
1.727222e+13,7.921059e+01
6.316682e+16,8.000000e+01
6.316682e+16,8.000000e+01
1.501239e+13,7.898871e+01
1.855051e+13,7.897073e+01
2.821561e+13,2.570510e+01
3.575530e+13,3.105031e+01
3.091999e+13,2.792726e+01
1.017766e+13,7.899874e+01
1.070216e+13,7.896938e+01
7.408182e+18,8.000000e+01
7.408182e+18,8.000000e+01
2.639403e+13,4.999131e+00
2.547069e+14,8.000000e+01
2.547069e+14,8.000000e+01
9.914327e+13,4.546439e+01
9.869111e+13,6.246098e+01
1.481390e+13,7.899444e+01
3.807561e+13,3.255178e+01
1.270765e+14,4.606497e+01
1.683298e+13,7.898445e+01
2.865817e+13,7.899205e+01
1.075384e+14,8.000000e+01
1.075384e+14,4.999992e+00
1.075384e+14,5.000008e+00
4.967964e+13,3.951858e+01
7.345367e+13,4.077981e+01
4.025941e+13,7.899279e+01
9.890254e+13,7.098938e+01
4.391683e+13,7.899475e+01
1.064112e+14,5.909770e+01
1.064112e+14,5.909770e+01
1.430925e+13,7.899761e+01
1.936363e+13,7.899566e+01
3.008520e+13,2.738674e+01
2.703481e+14,8.000000e+01
1.186349e+14,7.267095e+01
2.558654e+13,7.899705e+01
1.705099e+13,7.899693e+01
1.560254e+14,7.387212e+01
1.560254e+14,7.387212e+01
1.517849e+14,5.651517e+01
1.697076e+14,7.975787e+01
1.059156e+13,7.899769e+01
2.380302e+13,7.899311e+01
2.676172e+13,2.924855e+01
1.368728e+14,5.945805e+01
4.159587e+14,8.000000e+01
4.159587e+14,8.000000e+01
4.568090e+13,4.065970e+01
5.807053e+13,4.702591e+01
3.564841e+13,3.453371e+01
4.436597e+13,3.423342e+01
1.021614e+14,6.672514e+01
1.318903e+13,7.899598e+01
1.277664e+14,4.942826e+01
5.248832e+13,7.928797e+01
6.037832e+13,7.870691e+01
6.037832e+13,5.000137e+00
7.172296e+13,3.933841e+01
2.591996e+13,7.899642e+01
3.884936e+13,3.309231e+01
2.511695e+13,2.846779e+01
1.442885e+13,7.892611e+01
1.611286e+15,8.000000e+01
1.602496e+14,8.000000e+01
1.602496e+14,8.000000e+01
7.446141e+13,7.765581e+01
7.446141e+13,7.765581e+01
9.657198e+14,5.879740e+01
5.925683e+13,3.663577e+01
8.433736e+13,7.543364e+01
8.433736e+13,7.543364e+01
2.150880e+13,7.895833e+01
1.458634e+13,7.899545e+01
3.218049e+13,2.882814e+01
1.821322e+13,7.899527e+01
1.324802e+13,7.899585e+01
1.853042e+13,7.899529e+01
7.460189e+13,3.363284e+01
5.257371e+13,4.798685e+01
5.822596e+13,3.831741e+01
7.604464e+13,5.351224e+01
4.183689e+14,8.000000e+01
4.183689e+14,8.000000e+01
1.230694e+13,7.899737e+01
1.446682e+13,7.898630e+01
2.721008e+13,3.267190e+01
9.169463e+12,7.898713e+01
1.887798e+14,8.000000e+01
1.887798e+14,8.000000e+01
7.748741e+13,4.678568e+01
2.782652e+13,3.056984e+01
2.572645e+13,7.909404e+01
1.853052e+13,7.895006e+01
2.121745e+13,7.845528e+01
8.663675e+13,6.924760e+01
4.761691e+13,3.699612e+01
7.762461e+13,4.744632e+01
1.603447e+13,4.999997e+00
3.718715e+13,3.273196e+01
5.693263e+13,4.222122e+01
9.825147e+12,7.893948e+01
1.584905e+14,6.618461e+01
1.132050e+14,7.435259e+01
5.028584e+13,5.285160e+01
6.118270e+13,3.681594e+01
3.021538e+13,2.846779e+01
5.592616e+13,4.474368e+01
4.406161e+13,3.825735e+01
3.733807e+14,8.000000e+01
3.733807e+14,8.000000e+01
1.041232e+14,5.861723e+01
4.252593e+13,5.000000e+00
4.781649e+13,3.273196e+01
2.114900e+13,4.996907e+00
3.926729e+13,3.075002e+01
8.943492e+12,7.897614e+01
9.871931e+15,8.000000e+01
3.827544e+13,3.135061e+01
1.587684e+14,8.000000e+01
3.428894e+13,3.687600e+01
1.466017e+13,7.899385e+01
2.870841e+13,7.889061e+01
2.050910e+13,7.899118e+01
1.386047e+13,7.899662e+01
2.020598e+13,4.999140e+00
1.247774e+13,7.899322e+01
1.051801e+13,7.899702e+01
1.402059e+13,7.899455e+01
2.537021e+14,7.363189e+01
1.332067e+13,7.899747e+01
7.385399e+19,8.000000e+01
7.385399e+19,8.000000e+01
7.970939e+13,5.405277e+01
1.814884e+14,8.000000e+01
1.814884e+14,8.000000e+01
6.326966e+13,7.898828e+01
6.326966e+13,7.898654e+01
1.009173e+14,6.804643e+01
1.541715e+13,7.899755e+01
8.137255e+13,3.861770e+01
2.323404e+14,2.676369e+01
2.771445e+13,4.998644e+00
1.218829e+13,7.899640e+01
4.417171e+15,8.000000e+01
1.003418e+14,8.000000e+01
1.003418e+14,8.000000e+01
3.047909e+13,7.899089e+01
2.769241e+13,7.899246e+01
4.335641e+13,3.921829e+01
2.135772e+13,4.999728e+00
1.308633e+14,5.225101e+01
5.344391e+13,4.576468e+01
5.953282e+14,8.000000e+01
5.953282e+14,8.000000e+01
2.126854e+14,6.564409e+01
3.320944e+13,3.339260e+01
7.940562e+13,4.966849e+01
5.407468e+13,4.360257e+01
8.865754e+13,4.330228e+01
1.172321e+14,7.771587e+01
1.562530e+13,7.869219e+01
4.176037e+13,3.501418e+01
6.782370e+13,3.765676e+01
2.187462e+13,7.899481e+01
2.721260e+13,2.834768e+01
9.775779e+12,7.899714e+01
1.246380e+15,7.531353e+01
2.642203e+13,7.899565e+01
3.135452e+13,2.960891e+01
2.349504e+13,7.899486e+01
1.792178e+15,8.000000e+01
2.734305e+13,7.899073e+01
6.984610e+14,8.000000e+01
1.269090e+15,8.000000e+01
1.514538e+14,8.000000e+01
1.514538e+14,8.000000e+01
5.039245e+13,4.804691e+01
1.901619e+13,7.897898e+01
1.794880e+13,7.899343e+01
2.700120e+13,7.899423e+01
3.275614e+13,2.882814e+01
3.041900e+14,7.213042e+01
1.164042e+13,7.898515e+01
4.253825e+13,3.531448e+01
4.785585e+13,5.291166e+01
6.931411e+13,4.378274e+01
7.748829e+14,2.300000e+01
1.249271e+13,5.000213e+00
1.779912e+13,7.898697e+01
2.642825e+13,2.678615e+01
6.811217e+13,4.468362e+01
2.120000e+13,7.899728e+01
4.321008e+14,7.183013e+01
1.273859e+13,7.899640e+01
3.198680e+13,7.899812e+01
1.575467e+13,6.263310e+01
1.911881e+13,7.886081e+01
5.268542e+13,3.519436e+01
1.253252e+13,7.898772e+01
1.472596e+13,7.898912e+01
3.353329e+13,7.899546e+01
6.763456e+13,4.180081e+01
1.182190e+13,7.898625e+01
1.693390e+13,7.899374e+01
2.005531e+14,6.246098e+01
2.056685e+14,8.000000e+01
2.056685e+14,8.000000e+01
1.957077e+13,7.899043e+01
1.484564e+13,7.899694e+01
1.895410e+13,7.899475e+01
2.203887e+13,7.898687e+01
2.828038e+13,3.219143e+01
1.526453e+15,8.000000e+01
6.133507e+14,7.333159e+01
2.180162e+13,7.899796e+01
1.317913e+14,4.612503e+01
1.165828e+14,8.000000e+01
1.165828e+14,8.000000e+01
6.351292e+13,4.906790e+01
2.625708e+13,2.636574e+01
4.774440e+13,4.168069e+01
4.787758e+18,8.000000e+01
4.787758e+18,8.000000e+01
1.492859e+14,5.351224e+01
1.954178e+14,8.000000e+01
1.954178e+14,8.000000e+01
3.514099e+14,8.000000e+01
2.853040e+13,2.642580e+01
5.106258e+13,3.897805e+01
1.600178e+13,4.999641e+00
2.270075e+15,7.705523e+01
1.523114e+13,7.899459e+01
6.395790e+13,8.000000e+01
5.165999e+13,7.369194e+01
1.776937e+13,7.898987e+01
1.830332e+13,7.899475e+01
3.516508e+13,3.351272e+01
3.184805e+14,8.000000e+01
2.052785e+14,8.000000e+01
2.052785e+14,8.000000e+01
1.125157e+14,7.899756e+01
1.125157e+14,8.000000e+01
2.282356e+13,4.998580e+00
1.342825e+14,8.000000e+01
1.342825e+14,8.000000e+01
2.593041e+13,7.882745e+01
1.325355e+14,4.492386e+01
4.536162e+13,4.894779e+01
1.020684e+14,6.942778e+01
7.098726e+13,7.339165e+01
7.420952e+13,4.999950e+00
6.035392e+14,6.750590e+01
2.218105e+14,8.000000e+01
2.194758e+13,7.899347e+01
1.770556e+13,7.896479e+01
1.186385e+14,5.759623e+01
5.174872e+13,3.195119e+01
2.702713e+13,7.898712e+01
9.833491e+13,6.468315e+01
1.096163e+14,4.900785e+01
1.901553e+14,7.813628e+01
8.813665e+14,8.000000e+01
8.813665e+14,8.000000e+01
6.432697e+14,8.000000e+01
2.260156e+13,7.897500e+01
8.719006e+13,8.000000e+01
6.046987e+13,5.765629e+01
3.166601e+13,2.948879e+01
2.440261e+13,2.510451e+01
7.971561e+13,4.534427e+01
4.255669e+13,3.663577e+01
1.712896e+13,1.495460e+01
1.361597e+13,4.999781e+00
3.335519e+14,8.000000e+01
1.200650e+14,6.414262e+01
9.992899e+13,5.555424e+01
3.220147e+13,4.270169e+01
5.545379e+13,4.999899e+00
3.310113e+13,3.267190e+01
1.633009e+13,7.899717e+01
2.988470e+13,7.899355e+01
3.825042e+13,4.999698e+00
3.390315e+14,8.000000e+01
3.390315e+14,8.000000e+01
3.390315e+14,8.000000e+01
4.459310e+14,8.000000e+01
1.866790e+13,7.899858e+01
1.563857e+13,7.917806e+01
7.504686e+13,4.672562e+01
1.475887e+13,7.899758e+01
2.354275e+13,7.899399e+01
5.158230e+13,3.531448e+01
2.985320e+13,2.900832e+01
1.939484e+13,7.899089e+01
1.281921e+14,4.750638e+01
2.497527e+14,8.000000e+01
1.014199e+14,4.654544e+01
6.335016e+13,3.651565e+01
1.466252e+13,7.899412e+01
4.770431e+14,8.000000e+01
7.802819e+13,7.897857e+01
1.238166e+14,7.699517e+01
2.837259e+13,7.899439e+01
2.968662e+13,4.999653e+00
2.952867e+15,8.000000e+01
2.952867e+15,8.000000e+01
2.952867e+15,8.000000e+01
2.952867e+15,8.000000e+01
1.457790e+13,7.899520e+01
1.425294e+13,7.899761e+01
9.084439e+13,8.000000e+01
2.785726e+14,8.000000e+01
2.785726e+14,8.000000e+01
2.785726e+14,8.000000e+01
1.077939e+13,7.899768e+01
2.273053e+13,7.899265e+01
9.512004e+13,4.972855e+01
5.410449e+13,7.898926e+01
1.887398e+13,4.999874e+00
2.382369e+15,8.000000e+01
8.447302e+14,8.000000e+01
8.447302e+14,8.000000e+01
5.976967e+13,3.549465e+01
1.359068e+13,7.899646e+01
2.095813e+13,2.252199e+01
8.433059e+13,5.231107e+01
1.072024e+13,2.100000e+01
2.371301e+13,7.839760e+01
3.217442e+13,7.896057e+01
1.697378e+13,7.899822e+01
1.851331e+13,4.998135e+00
6.131057e+13,3.693606e+01
7.745723e+13,4.306204e+01
2.988856e+13,7.895788e+01
2.339202e+13,7.899046e+01
2.566418e+13,7.899255e+01
4.308149e+13,5.000007e+00
4.308149e+13,7.899180e+01
1.465654e+13,7.899687e+01
5.016607e+13,7.898834e+01
4.381057e+13,4.246145e+01
8.663659e+13,5.501371e+01
7.224072e+13,4.216116e+01
2.511312e+13,7.899079e+01
5.322970e+13,4.474368e+01
1.027182e+14,4.576468e+01
2.134703e+13,7.899782e+01
3.017663e+13,3.279201e+01
5.131576e+14,8.000000e+01
2.791127e+13,2.654592e+01
4.319268e+13,3.621536e+01
1.013595e+14,4.588480e+01
1.091085e+14,4.516409e+01
2.029067e+14,8.000000e+01
2.029067e+14,8.000000e+01
2.029067e+14,8.000000e+01
9.646041e+12,7.899646e+01
1.106796e+14,4.912796e+01
8.115075e+13,5.825687e+01
5.822974e+13,7.898637e+01
1.198485e+14,8.000000e+01
1.470237e+13,7.899529e+01
3.453305e+13,2.299466e+01
4.846806e+13,5.000363e+00
4.846806e+13,5.000220e+00
1.341090e+13,7.895746e+01
2.348465e+13,2.708644e+01
2.640421e+13,2.738674e+01
4.656331e+13,4.798685e+01
1.674466e+14,8.000000e+01
9.972156e+13,5.213089e+01
2.616882e+13,3.062990e+01
4.531412e+13,4.300198e+01
8.689070e+13,5.357230e+01
2.395195e+13,4.999584e+00
3.653782e+13,3.171096e+01
3.257991e+13,7.899532e+01
2.749265e+14,8.000000e+01
2.749265e+14,8.000000e+01
1.746341e+13,7.898589e+01
5.070745e+13,3.237160e+01
4.568309e+13,4.288186e+01
1.801526e+14,8.000000e+01
2.661590e+13,5.000012e+00
8.069799e+13,4.954837e+01
2.115235e+13,7.899451e+01
1.921252e+13,7.899548e+01
3.346217e+13,3.099026e+01
2.231570e+13,7.898480e+01
3.126622e+13,2.900832e+01
1.422256e+13,7.898556e+01
5.738064e+14,8.000000e+01
5.738064e+14,8.000000e+01
2.126381e+13,7.897864e+01
9.581761e+13,5.345218e+01
9.897787e+15,8.000000e+01
1.709205e+14,8.000000e+01
1.709205e+14,8.000000e+01
9.265032e+13,5.675541e+01
2.460827e+13,7.898729e+01
1.003760e+14,5.393265e+01
5.261732e+13,3.915823e+01
1.331651e+13,7.899343e+01
8.318156e+13,8.000000e+01
8.318156e+13,8.000000e+01
7.306535e+14,7.501323e+01
5.347048e+13,3.531448e+01
4.333618e+13,3.831741e+01
3.688817e+13,3.279201e+01
1.443821e+14,8.000000e+01
2.459916e+14,8.000000e+01
1.266324e+14,7.585405e+01
1.636919e+14,7.531353e+01
1.636919e+14,7.531353e+01
1.908868e+13,4.999629e+00
3.501313e+13,3.279201e+01
1.706132e+13,7.899299e+01
8.717940e+13,4.672562e+01
5.734369e+15,8.000000e+01
7.047769e+13,6.210063e+01
2.500765e+13,7.898802e+01
1.891718e+13,7.899269e+01
4.982382e+13,3.969876e+01
1.018914e+14,4.840726e+01
2.227507e+13,7.897995e+01
2.726877e+13,7.898588e+01
3.087891e+13,2.792726e+01
1.822514e+14,8.000000e+01
1.881895e+13,7.899078e+01
4.588631e+13,5.032914e+01
2.989315e+13,4.999887e+00
7.064605e+13,4.720609e+01
3.182384e+13,2.966897e+01
4.742799e+14,8.000000e+01
3.697983e+13,3.459377e+01
1.062055e+14,8.000000e+01
1.062055e+14,8.000000e+01
4.722321e+13,4.330228e+01
2.149944e+13,7.898691e+01
1.833096e+13,7.899072e+01
1.561083e+14,6.107963e+01
5.557273e+13,3.615530e+01
2.928870e+14,6.192045e+01
1.090328e+14,8.000000e+01
1.090328e+14,8.000000e+01
1.958796e+13,7.899381e+01
9.119075e+13,8.000000e+01
9.119075e+13,8.000000e+01
7.258381e+13,3.957864e+01
1.663010e+13,7.901693e+01
3.008605e+13,2.810744e+01
4.464163e+14,8.000000e+01
4.464163e+14,8.000000e+01
4.464163e+14,8.000000e+01
1.302794e+13,7.899235e+01
3.272056e+13,3.297219e+01
1.077889e+14,4.690579e+01
9.307326e+13,8.000000e+01
7.734145e+13,5.861723e+01
1.554976e+13,7.899752e+01
1.069537e+14,7.747564e+01
1.697215e+14,5.123001e+01
5.926749e+13,5.663529e+01
9.883486e+13,5.171048e+01
1.701382e+14,6.264116e+01
2.105328e+14,8.000000e+01
2.105328e+14,8.000000e+01
2.105328e+14,8.000000e+01
7.261972e+13,5.669535e+01
3.326184e+13,2.948879e+01
9.053722e+13,7.899847e+01
4.501625e+13,3.903811e+01
2.573916e+13,7.899589e+01
1.004369e+14,6.978813e+01
2.010124e+13,7.898927e+01
3.970662e+14,8.000000e+01
5.237945e+13,3.639553e+01
5.306987e+14,8.000000e+01
2.037215e+13,7.897096e+01
3.639034e+14,8.000000e+01
3.639034e+14,8.000000e+01
3.639034e+14,8.000000e+01
1.359228e+13,7.898819e+01
1.835754e+14,5.056937e+01
1.926946e+14,6.564409e+01
1.261712e+14,7.741558e+01
1.261712e+14,7.741558e+01
9.518642e+12,7.899322e+01
1.715618e+13,7.898957e+01
8.973812e+14,8.000000e+01
8.973812e+14,8.000000e+01
7.740735e+13,3.500000e+01
2.497058e+13,2.792726e+01
4.792386e+13,3.237160e+01
1.531649e+14,8.000000e+01
2.649965e+13,2.678615e+01
3.192621e+13,3.681594e+01
1.201084e+13,7.899813e+01
4.104232e+13,4.468362e+01
1.988857e+13,7.899861e+01
1.950420e+15,8.000000e+01
1.950420e+15,8.000000e+01
1.950420e+15,8.000000e+01
1.202769e+13,7.897253e+01
1.437812e+13,7.896814e+01
4.511670e+13,3.327248e+01
2.707411e+13,7.897984e+01
1.213632e+13,7.897621e+01
5.795950e+13,3.591506e+01
2.441548e+13,2.636574e+01
5.018814e+13,1.900000e+01
5.289820e+13,3.885794e+01
1.423506e+13,7.898461e+01
1.304160e+13,7.899287e+01
1.337324e+13,7.899470e+01
6.169319e+13,4.462357e+01
4.418343e+13,2.420363e+01
3.432030e+13,7.899178e+01
2.823059e+13,2.672609e+01
4.608742e+13,5.000057e+00
4.608742e+13,7.896927e+01
1.227110e+15,8.000000e+01
2.149778e+13,7.899423e+01
4.062786e+13,2.498386e+01
2.058369e+13,7.896084e+01
2.669851e+13,4.999774e+00
1.315558e+13,7.898364e+01
1.062536e+14,8.000000e+01
1.362562e+14,6.954790e+01
2.537325e+13,7.895178e+01
2.829297e+13,7.899585e+01
1.691646e+13,7.898927e+01
3.450687e+13,7.897904e+01
3.450687e+13,5.000013e+00
2.675717e+13,3.038967e+01
4.239397e+14,8.000000e+01
4.239397e+14,8.000000e+01
4.802669e+18,8.000000e+01
4.802669e+18,8.000000e+01
1.944492e+13,7.899628e+01
5.616476e+13,3.795706e+01
1.743269e+14,8.000000e+01
2.299636e+13,7.898376e+01
1.293778e+14,6.330180e+01
1.739753e+13,7.899527e+01
7.978974e+13,4.660550e+01
3.571013e+13,4.468362e+01
2.157829e+13,6.059328e+01
4.000510e+13,7.898754e+01
3.584144e+13,7.899726e+01
5.662690e+14,8.000000e+01
5.662690e+14,8.000000e+01
1.069071e+14,5.159037e+01
7.497173e+13,4.780667e+01
2.751125e+13,3.038967e+01
5.442365e+13,4.612503e+01
1.874967e+14,8.000000e+01
1.874967e+14,8.000000e+01
1.541979e+13,7.898860e+01
1.465182e+13,7.899219e+01
1.053389e+13,7.899650e+01
1.144443e+14,7.555376e+01
9.416844e+13,8.000000e+01
9.416844e+13,8.000000e+01
5.850539e+13,7.889586e+01
7.063764e+13,5.933793e+01
1.217575e+13,6.262087e+01
2.493581e+13,7.899652e+01
9.663604e+13,4.942826e+01
1.197044e+13,7.909632e+01
1.342354e+14,5.297172e+01
1.506149e+13,7.899784e+01
1.792570e+13,7.899578e+01
4.826594e+13,4.612503e+01
9.058295e+13,8.000000e+01
9.058295e+13,8.000000e+01
1.302549e+13,7.899237e+01
1.763040e+13,7.899454e+01
3.660446e+13,3.921829e+01
5.804916e+13,4.726614e+01
2.187573e+13,7.899488e+01
3.321738e+13,7.899600e+01
2.376973e+13,2.498439e+01
2.069123e+14,8.000000e+01
2.069123e+14,8.000000e+01
1.751108e+14,8.000000e+01
2.349124e+14,8.000000e+01
2.349124e+14,8.000000e+01
3.047632e+13,2.942873e+01
2.370055e+13,7.898320e+01
1.252028e+14,8.000000e+01
4.499186e+13,3.447366e+01
9.939254e+13,4.996878e+01
1.107277e+14,5.879740e+01
2.233035e+13,7.899571e+01
1.557606e+13,7.899500e+01
1.249780e+14,7.026860e+01
3.057122e+13,3.483401e+01
6.207364e+13,4.216116e+01
2.663288e+15,8.000000e+01
2.663288e+15,8.000000e+01
2.310774e+14,8.000000e+01
2.310774e+14,8.000000e+01
2.310774e+14,8.000000e+01
1.010899e+14,4.708597e+01
2.096843e+14,6.342192e+01
1.250893e+14,4.744632e+01
9.298796e+13,8.000000e+01
9.298796e+13,7.898754e+01
9.298796e+13,5.000017e+00
5.302128e+14,8.000000e+01
5.302128e+14,8.000000e+01
1.140087e+14,7.369194e+01
1.140087e+14,7.369194e+01
1.060078e+14,4.354251e+01
5.770226e+13,7.898229e+01
2.101327e+14,8.000000e+01
7.622470e+13,4.786673e+01
4.914232e+15,8.000000e+01
1.129448e+13,7.899876e+01
4.860823e+13,2.697345e+01
3.573142e+13,3.279201e+01
2.771950e+13,7.899925e+01
3.356221e+13,3.117043e+01
5.634136e+13,3.351272e+01
2.186686e+13,7.898619e+01
6.263013e+13,5.627494e+01
4.191410e+13,3.549465e+01
1.860372e+13,7.898686e+01
2.278414e+13,7.838787e+01
1.260973e+14,5.000094e+00
1.260973e+14,4.999918e+00
5.944757e+14,8.000000e+01
5.944757e+14,8.000000e+01
1.206757e+13,7.899734e+01
2.212734e+13,7.895447e+01
1.237783e+14,8.000000e+01
2.116771e+13,7.899786e+01
3.512046e+13,7.912760e+01
4.207783e+14,8.000000e+01
4.363682e+13,7.891260e+01
3.164415e+13,7.899142e+01
7.813993e+13,4.126028e+01
2.165965e+13,4.999627e+00
1.104615e+13,7.028373e+01
3.341951e+14,8.000000e+01
2.831470e+14,6.162016e+01
1.600034e+13,7.899458e+01
5.811228e+14,8.000000e+01
5.811228e+14,8.000000e+01
6.546366e+13,4.636527e+01
7.904994e+13,8.000000e+01
1.945249e+14,8.000000e+01
1.945249e+14,8.000000e+01
2.112470e+14,6.492338e+01
6.809775e+13,4.414310e+01
1.523488e+14,7.627447e+01
1.242027e+13,7.898501e+01
3.893489e+14,6.786626e+01
2.140755e+14,8.000000e+01
2.036378e+13,7.899502e+01
4.852259e+13,3.759670e+01
1.484162e+13,7.899689e+01
2.325215e+13,4.999988e+00
2.325215e+13,7.899120e+01
2.538737e+13,3.135061e+01
5.943949e+13,5.237113e+01
2.483093e+13,3.525442e+01
1.302947e+14,7.543364e+01
6.370537e+14,8.000000e+01
3.193889e+14,8.000000e+01
5.846401e+13,3.627541e+01
2.868265e+13,3.255178e+01
2.110736e+13,7.899877e+01
3.469980e+14,8.000000e+01
3.469980e+14,8.000000e+01
2.458727e+13,7.935817e+01
3.725075e+13,3.207131e+01
4.099333e+14,8.000000e+01
1.477261e+13,7.899087e+01
9.927988e+12,7.899617e+01
2.728452e+14,6.960796e+01
2.333683e+13,2.588527e+01
8.452374e+13,4.324222e+01
2.000539e+13,7.899630e+01
6.254826e+13,4.348245e+01
1.575208e+13,7.899302e+01
4.438859e+13,3.723635e+01
6.088305e+13,4.594485e+01
5.141761e+13,3.909817e+01
1.658283e+13,7.899665e+01
2.331513e+13,7.899070e+01
1.054946e+13,2.099638e+01
1.146019e+13,7.896203e+01
9.822495e+13,7.899422e+01
9.822495e+13,8.000000e+01
6.204183e+13,4.738626e+01
1.839184e+13,5.000027e+00
3.327395e+13,7.896813e+01
1.133739e+13,7.899577e+01
2.274759e+18,8.000000e+01
2.274759e+18,8.000000e+01
2.274759e+18,8.000000e+01
4.927218e+13,7.944153e+01
4.927218e+13,6.516362e+01
2.059191e+13,7.896108e+01
1.262408e+14,5.567435e+01
3.107456e+13,7.899401e+01
1.282677e+13,7.899712e+01
1.557008e+14,8.000000e+01
1.557008e+14,8.000000e+01
1.557008e+14,8.000000e+01
2.453939e+13,7.898719e+01
9.325023e+13,6.720561e+01
7.057825e+13,5.303177e+01
6.770974e+13,7.899835e+01
6.770974e+13,7.899158e+01
1.922481e+14,5.345218e+01
1.653053e+13,7.898561e+01
2.052955e+14,5.495365e+01
1.603699e+13,7.899105e+01
1.212942e+13,7.899532e+01
3.900970e+13,5.000000e+00
1.927717e+13,7.898898e+01
5.849984e+13,4.366263e+01
1.946737e+14,5.279154e+01
1.678677e+13,7.867954e+01
1.103888e+13,7.898095e+01
1.351094e+13,7.899580e+01
2.295782e+14,8.000000e+01
1.132226e+14,7.567388e+01
6.792511e+13,4.360257e+01
2.360575e+14,6.693572e+01
1.769672e+14,7.899366e+01
8.608810e+13,7.899390e+01
8.608810e+13,7.899203e+01
1.249011e+14,7.387212e+01
1.249011e+14,7.387212e+01
4.971159e+13,4.852738e+01
2.661286e+13,7.893500e+01
2.614915e+13,7.897985e+01
5.790475e+13,3.531448e+01
1.348012e+13,7.899518e+01
5.376605e+13,5.345218e+01
3.380630e+13,7.898713e+01
1.149236e+13,7.899772e+01
2.527574e+13,2.852785e+01
1.477977e+13,7.898106e+01
9.664930e+13,5.279154e+01
5.131094e+13,3.357278e+01
1.696110e+13,7.898007e+01
2.460091e+13,7.899453e+01
1.647174e+13,5.000802e+00
1.923597e+14,6.312162e+01
4.467537e+13,3.951858e+01
5.453136e+14,6.678520e+01
4.535594e+13,7.884188e+01
4.523770e+13,3.531448e+01
1.261570e+13,2.099227e+01
6.792532e+13,6.960796e+01
6.792532e+13,6.960796e+01
1.394825e+13,7.899087e+01
1.725808e+14,8.000000e+01
3.491823e+13,3.525442e+01
4.988837e+14,8.000000e+01
4.843665e+14,8.000000e+01
4.529447e+13,3.669583e+01
1.175471e+13,4.999709e+00
2.840960e+13,7.894768e+01
5.806147e+13,5.819682e+01
1.430598e+13,7.899389e+01
4.123108e+13,3.453371e+01
1.376450e+13,7.899758e+01
2.882245e+13,7.528022e+01
3.592769e+13,3.213137e+01
2.722918e+13,7.899640e+01
1.036325e+14,4.999822e+00
6.077809e+13,5.195072e+01
4.057533e+13,4.228128e+01
4.248540e+13,3.153078e+01
3.930657e+13,3.657571e+01
6.757819e+13,4.336233e+01
1.841442e+14,8.000000e+01
1.659123e+14,7.171001e+01
6.360861e+13,2.100000e+01
9.946019e+12,7.899634e+01
3.478691e+13,3.357278e+01
2.067526e+13,7.899728e+01
3.537211e+13,5.000000e+00
1.787810e+14,5.819682e+01
5.482281e+13,5.231107e+01
7.602177e+14,8.000000e+01
8.680795e+14,8.000000e+01
6.756490e+13,5.399271e+01
7.804257e+13,7.899879e+01
8.563368e+13,5.285160e+01
3.413007e+13,3.453371e+01
3.203456e+14,7.507329e+01
2.612272e+13,7.899807e+01
2.912899e+13,7.899647e+01
2.205513e+13,4.998366e+00
1.646536e+14,8.000000e+01
1.156723e+15,8.000000e+01
1.156723e+15,8.000000e+01
1.641291e+14,8.000000e+01
4.185530e+13,3.399319e+01
8.094269e+13,4.798685e+01
2.600316e+13,2.726662e+01
2.731703e+14,6.402250e+01
3.756645e+13,7.898818e+01
2.954245e+13,7.899470e+01
1.058855e+15,8.000000e+01
1.058855e+15,8.000000e+01
1.058855e+15,8.000000e+01
1.058855e+15,8.000000e+01
1.058855e+15,8.000000e+01
3.180048e+14,5.885746e+01
1.436212e+13,7.899398e+01
4.780333e+13,4.017923e+01
1.172236e+16,8.000000e+01
1.016277e+15,8.000000e+01
1.112047e+14,5.831693e+01
1.112047e+14,5.831693e+01
3.233641e+13,3.111037e+01
4.954781e+13,3.471389e+01
1.722287e+13,7.899321e+01
2.467795e+13,7.898569e+01
2.109357e+13,7.898573e+01
3.658611e+14,7.969781e+01
1.273492e+13,7.897952e+01
1.874678e+13,7.897083e+01
2.544015e+13,7.899780e+01
2.244871e+13,7.895412e+01
2.989580e+13,3.429348e+01
2.704758e+13,7.899503e+01
6.703973e+13,4.192093e+01
2.374924e+13,2.126076e+01
1.426582e+14,2.891182e+01
1.925661e+14,8.000000e+01
1.925661e+14,8.000000e+01
5.365306e+13,3.633547e+01
1.782338e+13,7.899480e+01
1.854549e+13,4.999858e+00
2.822785e+13,3.020949e+01
8.293898e+14,8.000000e+01
1.067669e+13,7.899670e+01
7.543001e+13,7.429253e+01
7.543001e+13,7.429253e+01
7.935955e+13,5.267142e+01
2.730891e+14,6.240092e+01
1.031611e+14,6.582426e+01
2.620700e+13,2.090040e+01
6.434473e+14,8.000000e+01
5.031368e+13,5.765629e+01
8.147085e+13,3.723635e+01
1.201456e+14,8.000000e+01
1.883901e+13,7.890852e+01
1.240514e+15,8.000000e+01
1.770546e+13,7.899293e+01
3.963405e+13,3.453371e+01
1.033865e+14,8.000000e+01
1.448059e+14,6.594438e+01
4.222498e+13,3.531448e+01
9.372337e+13,5.375248e+01
1.220015e+14,4.198099e+01
6.253819e+13,3.621536e+01
2.451042e+14,8.000000e+01
1.674938e+14,5.002884e+01
3.911477e+13,3.279201e+01
1.890639e+13,7.898669e+01
5.077423e+13,3.759670e+01
4.165477e+13,3.669583e+01
1.404903e+14,7.309136e+01
2.066514e+15,8.000000e+01
2.066514e+15,8.000000e+01
1.408498e+14,8.000000e+01
1.408498e+14,7.899553e+01
6.777757e+13,5.711576e+01
8.399409e+13,4.618509e+01
2.124942e+13,7.899230e+01
4.258358e+13,7.899647e+01
1.064906e+13,7.896955e+01
4.541938e+13,4.047952e+01
1.323618e+14,4.558450e+01
2.307919e+13,7.899839e+01
5.067383e+13,5.110990e+01
3.155017e+14,6.137992e+01
1.419440e+14,4.738626e+01
3.076300e+13,4.246145e+01
5.090873e+13,7.890074e+01
1.044651e+13,7.899866e+01
8.954564e+13,3.500000e+01
2.259886e+15,8.000000e+01
8.598074e+13,4.999715e+00
9.650553e+13,5.008890e+01
9.078938e+12,7.899825e+01
3.487096e+13,2.930861e+01
3.223719e+13,2.888820e+01
6.697026e+13,6.942778e+01
3.730045e+13,3.351272e+01
2.043359e+13,7.899380e+01
1.349382e+14,8.000000e+01
6.316412e+13,3.897805e+01
3.648593e+13,7.759380e+01
2.085832e+13,7.897943e+01
6.429795e+14,8.000000e+01
7.604815e+13,4.999176e+00
2.151747e+13,7.894917e+01
2.765648e+13,3.321242e+01
1.877356e+13,7.899615e+01
2.673309e+14,8.000000e+01
3.420557e+13,3.255178e+01
3.370986e+13,3.735647e+01
2.212159e+13,7.899652e+01
1.715329e+13,7.890766e+01
3.230659e+13,2.960891e+01
1.819278e+14,5.621488e+01
2.794529e+13,2.738674e+01
1.383382e+14,8.000000e+01
1.383382e+14,8.000000e+01
1.140087e+14,6.516362e+01
6.434852e+13,4.132034e+01
2.063070e+13,7.898687e+01
1.942178e+13,7.898854e+01
2.921335e+13,2.978908e+01
4.226383e+13,4.083987e+01
3.772964e+14,8.000000e+01
1.820625e+13,7.899122e+01
1.333067e+13,7.899682e+01
3.701989e+13,4.998934e+00
2.724804e+13,2.888820e+01
3.200528e+13,2.816750e+01
6.214807e+13,7.705523e+01
1.870015e+14,8.000000e+01
1.870015e+14,8.000000e+01
1.754354e+13,7.899587e+01
6.451590e+13,7.899031e+01
1.434857e+16,8.000000e+01
1.785695e+13,7.896325e+01
7.899395e+13,4.678568e+01
7.604346e+13,5.417289e+01
1.159724e+15,8.000000e+01
6.746833e+13,3.981887e+01
1.529838e+13,7.898849e+01
2.556415e+13,2.582521e+01
1.160752e+14,8.000000e+01
3.386726e+13,4.132034e+01
3.105628e+13,3.062990e+01
1.583114e+13,7.898960e+01
1.293957e+13,7.899697e+01
5.601624e+13,7.899674e+01
2.252432e+13,7.894807e+01
7.831339e+13,4.978861e+01
1.491326e+13,7.899306e+01
1.276217e+14,8.000000e+01
2.236527e+13,2.594533e+01
5.650147e+14,7.741558e+01
4.145280e+15,8.000000e+01
4.145280e+15,8.000000e+01
3.472661e+13,7.897177e+01
4.738275e+13,4.083987e+01
1.394301e+14,5.291166e+01
1.937595e+14,8.000000e+01
2.598726e+13,2.888820e+01
2.950223e+13,7.896103e+01
3.653535e+14,8.000000e+01
3.653535e+14,8.000000e+01
3.490782e+14,8.000000e+01
3.490782e+14,8.000000e+01
1.266726e+14,8.000000e+01
1.266726e+14,8.000000e+01
1.617598e+15,8.000000e+01
5.780495e+13,6.798637e+01
1.691833e+13,7.899558e+01
2.182152e+14,8.000000e+01
2.182152e+14,8.000000e+01
2.434459e+13,2.738674e+01
5.285008e+13,5.123001e+01
5.728690e+14,8.000000e+01
1.989442e+13,7.899882e+01
2.869299e+13,7.897378e+01
1.465205e+14,8.000000e+01
1.465205e+14,8.000000e+01
8.145508e+13,7.267095e+01
2.329494e+14,6.312162e+01
6.481940e+13,4.510403e+01
6.732339e+14,8.000000e+01
6.732339e+14,8.000000e+01
4.892462e+15,8.000000e+01
4.892462e+15,8.000000e+01
4.892462e+15,8.000000e+01
1.911839e+14,4.892875e+01
3.127315e+13,7.897363e+01
2.372401e+13,7.899469e+01
4.171619e+13,3.891799e+01
2.459039e+14,8.000000e+01
2.459039e+14,8.000000e+01
2.459039e+14,8.000000e+01
3.609587e+13,7.893024e+01
9.187913e+13,8.000000e+01
1.632391e+13,7.898177e+01
4.268483e+13,4.432327e+01
7.588646e+14,8.000000e+01
7.588646e+14,8.000000e+01
1.457609e+13,7.898511e+01
2.454533e+14,8.000000e+01
2.454533e+14,8.000000e+01
2.922343e+16,8.000000e+01
3.003276e+13,3.357278e+01
8.274587e+13,8.000000e+01
5.438677e+14,8.000000e+01
1.545618e+15,8.000000e+01
1.545618e+15,8.000000e+01
1.002387e+14,4.234134e+01
3.406166e+13,3.399319e+01
4.716944e+13,4.216116e+01
6.891708e+13,5.573441e+01
6.891708e+13,5.573441e+01
9.116199e+13,5.207084e+01
2.253531e+13,7.899252e+01
8.915490e+13,4.606497e+01
2.461563e+14,8.000000e+01
1.543887e+13,7.897361e+01
3.817818e+13,3.231155e+01
1.609543e+15,8.000000e+01
4.727505e+13,7.899587e+01
1.094831e+13,5.000000e+00
2.153981e+13,7.899324e+01
9.558805e+13,4.540433e+01
4.709930e+13,3.825735e+01
6.515585e+13,8.000000e+01
6.198945e+13,4.126028e+01
2.386447e+13,4.998856e+00
1.497897e+15,8.000000e+01
1.497897e+15,8.000000e+01
7.378838e+13,5.537406e+01
3.373280e+13,4.198099e+01
1.259238e+14,5.116996e+01
1.436061e+14,5.765629e+01
2.542235e+13,7.898152e+01
2.193172e+13,7.897778e+01
2.575444e+13,7.899768e+01
4.963920e+13,4.588480e+01
2.752629e+13,7.899541e+01
9.207299e+13,4.083987e+01
2.639198e+13,2.822756e+01
2.388775e+13,7.899501e+01
1.570559e+13,4.999531e+00
2.172403e+13,3.694824e+01
5.412487e+14,8.000000e+01
5.412487e+14,8.000000e+01
4.249691e+13,3.093020e+01
4.979558e+13,6.402250e+01
6.186659e+14,7.621441e+01
2.002903e+14,5.411283e+01
3.491058e+13,3.375295e+01
2.618461e+13,7.899463e+01
2.968180e+13,3.002932e+01
5.596505e+14,7.177007e+01
3.880531e+13,4.762650e+01
1.317297e+15,8.000000e+01
2.963475e+14,8.000000e+01
2.963475e+14,8.000000e+01
2.758885e+13,7.899517e+01
4.801546e+13,4.918802e+01
5.169138e+13,3.795706e+01
1.760841e+13,7.899520e+01
1.089004e+13,7.899839e+01
4.422386e+13,3.843753e+01
2.804754e+13,7.852807e+01
1.658628e+13,7.898653e+01
1.497039e+13,7.898879e+01
3.562579e+13,3.135061e+01
6.346749e+13,5.273148e+01
7.231487e+13,7.899539e+01
7.231487e+13,7.899374e+01
5.008712e+13,4.342239e+01
3.120730e+13,3.062990e+01
3.207205e+13,7.899297e+01
5.695027e+13,3.945852e+01
1.520296e+13,7.899869e+01
7.670995e+13,4.714603e+01
4.919640e+13,5.477347e+01
2.925514e+13,7.899289e+01
2.913817e+14,8.000000e+01
2.913817e+14,8.000000e+01
1.331928e+14,5.411283e+01
4.231064e+13,3.849758e+01
8.962192e+13,6.876714e+01
3.688610e+13,7.899731e+01
1.463641e+14,8.000000e+01
1.463641e+14,8.000000e+01
1.452250e+13,7.898063e+01
3.400351e+13,2.774709e+01
4.181964e+15,8.000000e+01
4.181964e+15,8.000000e+01
3.906615e+14,6.023881e+01
3.405789e+13,3.285207e+01
2.134421e+13,7.897125e+01
3.172646e+13,7.899093e+01
3.172646e+13,4.999997e+00
6.806383e+13,5.861723e+01
2.919909e+13,2.666603e+01
6.651555e+13,7.899283e+01
2.494314e+13,7.899805e+01
1.252453e+14,8.000000e+01
1.252453e+14,8.000000e+01
3.863618e+13,3.837747e+01
5.406916e+13,3.849758e+01
4.764941e+14,5.933793e+01
2.561401e+14,5.723588e+01
4.947798e+13,3.885794e+01
5.194210e+13,4.414310e+01
5.398904e+16,8.000000e+01
1.615368e+14,8.000000e+01
6.704191e+13,3.861770e+01
2.735949e+13,2.834768e+01
2.043113e+13,7.896775e+01
3.677766e+13,3.741653e+01
5.113053e+13,7.899859e+01
7.479300e+13,5.627494e+01
2.991251e+13,7.899765e+01
7.337601e+13,4.552444e+01
4.307778e+13,5.000135e+00
1.717452e+13,7.898623e+01
2.288527e+13,2.318263e+01
1.366736e+14,8.000000e+01
3.481134e+13,3.369289e+01
9.903890e+13,7.411235e+01
1.109778e+13,7.899822e+01
4.773783e+13,3.693606e+01
2.185269e+13,7.884837e+01
1.311398e+13,7.897389e+01
1.510635e+13,7.899822e+01
2.438275e+13,2.432375e+01
5.041537e+13,2.396339e+01
1.260683e+14,7.561382e+01
5.586378e+13,4.828714e+01
2.823375e+14,7.429253e+01
2.823375e+14,7.429253e+01
2.853812e+14,8.000000e+01
2.730512e+14,8.000000e+01
2.730512e+14,8.000000e+01
2.730512e+14,8.000000e+01
1.715854e+13,7.899901e+01
3.667201e+13,5.000000e+00
8.057316e+13,6.582426e+01
2.288733e+13,7.899698e+01
2.288733e+13,7.899895e+01
2.518704e+13,7.899693e+01
9.751799e+13,7.303130e+01
9.751799e+13,7.303130e+01
2.240995e+13,5.000000e+00
2.245921e+13,7.897587e+01
1.907977e+13,3.515822e+01
1.336186e+13,7.897181e+01
2.376374e+13,2.678615e+01
1.023707e+14,8.000000e+01
1.023707e+14,8.000000e+01
1.733785e+14,8.000000e+01
1.733785e+14,8.000000e+01
1.837240e+13,7.898427e+01
1.308628e+13,7.899469e+01
1.849357e+13,7.899796e+01
3.027967e+14,8.000000e+01
3.492077e+14,8.000000e+01
5.182443e+13,5.195072e+01
2.936789e+14,6.047904e+01
1.260397e+13,7.899420e+01
1.681495e+13,7.899470e+01
2.970693e+13,7.898221e+01
2.961485e+13,7.899780e+01
3.130321e+13,3.969876e+01
1.696919e+13,7.899646e+01
3.476764e+13,4.948831e+01
3.705049e+14,6.095951e+01
6.557078e+13,6.276127e+01
1.731354e+13,7.899704e+01
1.526847e+13,7.899684e+01
3.243214e+13,3.219143e+01
3.936341e+13,7.898768e+01
3.936341e+13,5.000004e+00
1.443831e+13,7.899567e+01
9.185602e+13,6.180033e+01
4.584141e+13,3.765676e+01
3.566341e+14,6.750590e+01
4.550941e+13,7.898734e+01
1.314722e+13,7.910326e+01
1.843353e+13,7.898898e+01
2.432094e+13,7.897666e+01
5.062894e+13,4.047952e+01
1.331494e+13,7.894874e+01
5.946528e+13,3.693606e+01
2.662562e+13,7.887762e+01
1.493956e+13,7.898345e+01
3.329438e+14,8.000000e+01
3.329438e+14,8.000000e+01
2.014322e+13,7.899668e+01
2.898244e+13,5.000000e+00
1.103701e+13,7.899553e+01
3.451203e+13,3.519436e+01
1.981324e+13,4.998769e+00
3.470882e+14,8.000000e+01
4.359719e+13,3.579495e+01
2.781076e+13,7.899234e+01
5.669243e+13,4.294192e+01
2.732104e+14,6.089945e+01
1.482695e+13,7.899521e+01
4.559579e+14,8.000000e+01
5.345492e+13,3.597512e+01
5.656245e+13,4.174075e+01
1.528677e+13,7.899589e+01
9.395490e+13,5.705570e+01
4.859827e+14,8.000000e+01
2.926592e+13,3.165090e+01
1.007550e+13,7.899261e+01
1.431961e+14,5.861723e+01
1.173259e+14,5.597465e+01
5.823789e+13,4.576468e+01
2.545060e+14,7.423247e+01
5.963104e+13,5.777641e+01
5.963104e+13,5.777641e+01
1.694474e+13,7.898812e+01
1.540313e+13,7.896315e+01
5.282835e+13,3.681594e+01
2.394821e+13,7.899802e+01
2.362936e+13,2.444386e+01
3.627354e+14,7.549370e+01
1.388775e+13,7.899705e+01
6.529087e+13,5.555424e+01
6.529087e+13,5.555424e+01
4.651750e+14,8.000000e+01
4.712273e+13,4.005911e+01
4.875957e+13,4.300198e+01
1.143756e+14,5.219095e+01
1.875374e+13,7.899580e+01
1.144306e+14,4.954837e+01
1.044834e+13,7.904399e+01
1.734501e+13,7.899550e+01
5.179156e+13,3.765676e+01
1.402897e+14,6.180033e+01
1.230833e+13,7.899839e+01
1.036209e+14,4.840726e+01
1.864071e+13,7.887290e+01
2.796055e+13,7.899765e+01
2.796055e+13,7.899917e+01
2.223926e+13,7.896527e+01
3.691775e+13,3.609524e+01
1.316264e+14,8.000000e+01
1.316264e+14,8.000000e+01
8.684122e+13,4.300000e+01
4.755382e+13,3.447366e+01
3.596522e+13,3.297219e+01
3.986308e+13,3.639553e+01
2.150316e+13,7.896407e+01
3.783164e+14,7.891704e+01
8.865219e+14,8.000000e+01
2.986113e+13,7.899310e+01
2.090866e+14,5.777641e+01
5.272189e+13,4.720609e+01
1.681674e+14,5.465336e+01
2.378707e+13,7.895636e+01
1.101965e+13,7.898488e+01
2.203852e+13,7.924150e+01
3.864534e+13,3.285207e+01
1.126261e+14,7.489312e+01
2.157201e+13,7.899088e+01
1.809764e+13,7.899638e+01
1.112738e+14,4.474368e+01
1.868455e+13,7.899207e+01
9.495708e+13,5.261136e+01
5.172331e+13,7.954053e+01
9.731362e+13,4.630521e+01
4.800171e+13,5.153031e+01
2.197177e+14,6.192045e+01
3.788308e+13,3.987893e+01
3.074301e+13,7.899572e+01
2.615473e+13,7.899630e+01
4.124150e+13,4.114016e+01
1.392927e+14,5.693558e+01
1.443734e+13,7.898809e+01
2.544494e+13,7.899500e+01
1.923473e+15,8.000000e+01
1.195540e+14,5.411283e+01
2.473365e+13,7.898568e+01
1.245963e+13,7.899432e+01
2.637092e+13,3.050979e+01
2.519602e+13,2.035988e+01
1.756383e+13,7.899317e+01
9.477996e+13,5.579447e+01
6.148517e+14,8.000000e+01
6.148517e+14,8.000000e+01
2.850762e+14,7.339165e+01
9.828399e+13,8.000000e+01
3.198103e+14,7.285112e+01
2.253325e+14,8.000000e+01
2.253325e+14,8.000000e+01
2.253325e+14,8.000000e+01
7.833185e+13,4.534427e+01
8.336233e+13,4.186087e+01
2.392701e+13,2.510451e+01
1.306036e+14,4.498392e+01
2.570840e+13,7.892049e+01
7.327377e+14,7.957769e+01
1.935348e+13,7.899026e+01
2.239259e+13,2.516457e+01
8.436308e+16,8.000000e+01
1.575357e+13,7.898943e+01
2.416653e+13,7.897154e+01
2.873490e+13,4.998562e+00
3.578452e+13,7.603290e+01
2.469419e+13,7.890731e+01
5.148900e+13,5.663529e+01
2.383993e+13,2.624562e+01
5.288242e+13,3.447366e+01
1.963027e+13,7.899023e+01
2.023857e+13,7.899001e+01
1.441851e+13,7.899810e+01
1.988534e+13,7.884046e+01
1.665516e+13,7.895775e+01
2.745781e+13,2.978908e+01
1.403306e+13,7.899290e+01
1.199476e+13,7.899864e+01
1.902061e+14,8.000000e+01
1.780712e+13,7.899442e+01
2.789883e+13,3.008938e+01
3.928394e+14,8.000000e+01
3.928394e+14,8.000000e+01
3.928394e+14,8.000000e+01
3.355332e+14,8.000000e+01
1.992969e+13,6.062667e+01
2.472651e+13,7.897368e+01
1.750294e+14,8.000000e+01
9.337715e+13,4.186087e+01
1.228471e+13,7.896366e+01
1.081431e+13,7.899855e+01
4.441242e+13,4.510403e+01
1.271284e+13,7.899252e+01
2.189440e+13,7.898728e+01
2.564091e+13,7.899481e+01
2.434374e+14,8.000000e+01
2.707351e+13,7.896673e+01
1.720424e+13,7.897012e+01
2.046848e+13,7.899090e+01
2.641000e+13,2.882814e+01
3.653901e+13,3.723635e+01
1.921243e+13,7.899067e+01
1.942156e+13,7.898457e+01
8.512178e+13,7.213042e+01
3.585323e+13,3.993899e+01
7.834884e+13,7.591411e+01
7.834884e+13,7.591411e+01
1.960622e+13,7.894588e+01
2.796429e+14,8.000000e+01
2.796429e+14,8.000000e+01
5.072842e+13,4.342239e+01
7.056113e+13,4.324222e+01
4.126910e+13,4.234134e+01
3.772351e+13,7.899896e+01
3.772351e+13,7.899317e+01
5.412888e+13,7.899865e+01
2.257774e+13,7.893412e+01
8.586976e+13,7.897757e+01
2.159848e+14,6.552397e+01
1.301835e+13,7.899300e+01
2.016907e+13,7.898860e+01
1.003817e+14,5.417289e+01
8.571355e+13,4.047952e+01
8.687768e+13,6.438286e+01
4.359281e+13,7.898970e+01
1.079886e+14,8.000000e+01
1.079886e+14,8.000000e+01
1.079886e+14,8.000000e+01
2.563960e+13,7.898539e+01
7.362880e+14,7.753570e+01
2.299432e+13,2.522463e+01
2.348813e+14,7.993804e+01
1.289893e+13,7.898981e+01
7.491848e+13,5.267142e+01
1.006478e+14,4.984867e+01
3.240089e+13,3.999905e+01
1.593489e+13,7.899551e+01
1.394767e+14,8.000000e+01
1.394767e+14,8.000000e+01
2.167915e+13,7.898811e+01
7.825997e+13,4.498392e+01
1.293936e+13,7.898820e+01
2.394417e+13,7.899329e+01
4.231243e+13,3.447366e+01
1.279432e+13,7.899813e+01
1.694980e+15,8.000000e+01
3.712996e+13,4.138040e+01
2.162103e+14,6.456303e+01
7.529139e+13,3.675588e+01
3.136215e+13,3.345266e+01
1.321481e+14,4.462357e+01
7.895122e+13,4.222122e+01
5.990233e+13,4.912796e+01
2.614162e+14,8.000000e+01
2.105461e+13,7.899435e+01
1.138666e+13,7.898756e+01
1.270596e+14,5.002884e+01
4.526521e+13,4.999941e+00
1.301108e+13,7.898855e+01
1.058812e+13,7.899580e+01
1.966851e+13,7.899056e+01
9.887319e+12,7.899825e+01
1.136362e+13,7.899285e+01
1.570741e+14,8.000000e+01
1.570741e+14,8.000000e+01
5.044897e+14,8.000000e+01
3.468364e+13,3.213137e+01
1.198116e+13,7.899675e+01
1.689576e+13,7.898502e+01
4.175073e+13,7.898642e+01
4.175073e+13,7.899584e+01
2.249610e+15,8.000000e+01
2.249610e+15,8.000000e+01
4.989295e+13,3.861770e+01
3.307754e+13,7.924187e+01
5.405931e+14,8.000000e+01
5.405931e+14,8.000000e+01
9.399256e+14,8.000000e+01
2.340362e+14,7.525347e+01
1.882529e+13,7.896071e+01
1.384359e+13,7.899690e+01
2.614101e+13,7.899390e+01
1.390612e+13,7.899724e+01
2.179137e+13,7.922528e+01
3.458561e+13,3.339260e+01
3.749527e+13,3.447366e+01
2.405092e+14,8.000000e+01
4.394279e+13,7.207036e+01
2.128224e+13,7.899744e+01
2.740393e+14,8.000000e+01
1.462528e+13,7.897816e+01
1.097315e+14,6.186039e+01
4.159942e+13,4.102005e+01
1.553194e+13,7.899184e+01
2.530732e+14,8.000000e+01
4.333655e+13,3.615530e+01
4.213964e+13,7.898568e+01
6.952266e+15,8.000000e+01
7.582825e+13,5.771635e+01
1.328130e+14,7.086919e+01
1.327989e+13,7.899743e+01
1.899112e+14,6.666508e+01
2.732508e+13,7.894882e+01
1.104204e+15,8.000000e+01
5.243006e+13,7.898946e+01
2.477254e+13,7.899650e+01
4.916205e+13,4.978861e+01
2.146820e+13,7.898830e+01
2.352870e+13,7.899794e+01
1.328730e+13,7.896752e+01
4.513729e+13,4.198099e+01
2.899834e+13,7.899642e+01
1.176371e+14,6.624467e+01
2.492200e+13,7.899731e+01
8.136308e+13,6.168022e+01
1.737221e+14,8.000000e+01
1.737221e+14,8.000000e+01
1.737221e+14,8.000000e+01
3.201059e+13,3.387307e+01
1.005736e+14,8.000000e+01
1.005736e+14,8.000000e+01
4.391993e+13,3.789700e+01
5.401833e+13,3.543459e+01
6.022795e+13,5.921781e+01
6.127634e+13,3.843753e+01
1.640333e+13,7.899557e+01
2.803233e+13,3.020949e+01
2.342808e+13,2.672609e+01
2.550358e+13,7.899078e+01
2.482957e+13,7.899687e+01
1.523585e+13,5.000000e+00
1.424749e+13,7.898400e+01
2.423729e+14,8.000000e+01
2.423729e+14,8.000000e+01
1.070174e+14,5.519388e+01
1.026755e+14,5.243119e+01
1.536736e+13,7.892704e+01
5.383862e+13,5.699564e+01
1.360496e+14,6.936772e+01
1.958839e+13,7.899278e+01
8.575635e+13,4.360257e+01
1.360249e+14,4.774661e+01
4.689604e+13,3.729641e+01
1.133271e+13,1.700000e+01
1.040228e+13,7.899422e+01
1.079923e+13,7.899608e+01
2.573469e+14,8.000000e+01
3.924183e+14,6.486332e+01
2.724973e+13,4.999861e+00
1.950349e+13,7.897706e+01
2.177816e+13,7.898894e+01
1.215853e+13,7.899756e+01
1.207014e+14,5.000035e+00
1.207014e+14,7.898204e+01
3.025532e+13,7.030564e+01
5.027804e+13,4.624515e+01
7.609427e+13,4.360257e+01
8.001318e+13,3.903811e+01
1.841783e+13,7.899194e+01
1.295712e+13,7.899430e+01
4.543721e+13,3.879788e+01
1.613106e+13,7.898801e+01
3.067052e+14,5.891752e+01
5.391824e+14,8.000000e+01
5.391824e+14,8.000000e+01
5.366191e+13,3.729641e+01
1.871580e+13,2.699085e+01
1.576288e+14,5.729594e+01
1.248009e+14,8.000000e+01
1.248009e+14,8.000000e+01
1.816192e+14,6.113969e+01
3.729162e+13,7.897994e+01
1.784494e+14,6.354203e+01
2.649536e+13,2.858791e+01
1.657814e+13,7.899522e+01
1.506322e+13,7.897844e+01
4.828701e+13,4.228128e+01
2.219380e+13,2.468410e+01
5.879526e+13,3.459377e+01
3.315246e+13,3.177102e+01
3.190158e+13,3.747659e+01
1.640449e+14,6.816655e+01
3.109222e+13,7.899367e+01
1.913574e+13,7.915485e+01
2.009329e+14,8.000000e+01
4.267242e+13,7.898131e+01
1.889931e+13,7.898645e+01
1.552650e+14,5.897758e+01
2.317200e+13,7.898802e+01
1.975388e+13,4.999792e+00
1.031367e+14,7.062895e+01
2.640982e+13,7.899598e+01
3.293156e+13,7.880516e+01
1.681892e+13,7.899739e+01
7.579005e+13,7.899843e+01
2.330236e+13,2.252199e+01
8.433302e+13,4.684573e+01
2.734603e+13,2.936867e+01
1.065375e+13,7.899655e+01
1.456905e+13,7.893711e+01
3.465080e+13,3.591506e+01
3.592597e+13,3.753665e+01
1.486714e+13,4.295724e+01
5.650307e+13,3.687600e+01
1.518164e+15,8.000000e+01
9.447160e+13,7.098931e+01
3.099539e+13,2.942873e+01
1.515541e+14,7.771587e+01
4.372601e+14,8.000000e+01
4.044096e+13,3.489407e+01
9.469389e+13,8.000000e+01
9.469389e+13,8.000000e+01
2.132506e+14,6.708549e+01
1.713473e+14,4.999999e+00
1.713473e+14,5.000010e+00
1.713473e+14,8.000000e+01
1.713473e+14,5.000005e+00
1.850340e+13,7.899762e+01
2.921234e+13,4.999890e+00
2.351542e+13,7.892598e+01
1.828076e+14,8.000000e+01
1.828076e+14,8.000000e+01
1.799365e+13,7.899753e+01
1.662506e+14,8.000000e+01
3.945562e+13,3.801712e+01
1.787625e+13,7.898165e+01
1.000468e+14,8.000000e+01
1.000468e+14,8.000000e+01
1.460048e+14,8.000000e+01
1.460048e+14,8.000000e+01
1.460048e+14,8.000000e+01
3.806021e+13,3.026955e+01
2.656137e+13,7.899554e+01
1.353160e+14,4.540433e+01
7.060252e+13,3.987893e+01
1.780333e+14,8.000000e+01
1.411960e+13,7.898213e+01
2.016533e+13,7.899212e+01
5.737380e+13,7.146977e+01
6.357425e+13,5.525394e+01
1.006568e+15,7.705523e+01
1.056057e+14,8.000000e+01
1.056057e+14,8.000000e+01
3.197243e+13,7.890014e+01
1.778997e+13,7.898700e+01
1.476211e+13,7.899440e+01
3.183292e+13,7.899244e+01
1.768256e+13,7.899468e+01
4.962767e+14,8.000000e+01
1.897475e+13,7.880453e+01
1.997799e+13,7.899220e+01
1.586350e+13,7.899477e+01
1.481332e+13,7.899735e+01
1.514758e+13,7.898012e+01
1.327107e+14,6.966802e+01
3.166940e+13,3.165090e+01
1.038608e+13,7.899902e+01
1.661831e+13,7.441910e+01
2.853205e+13,7.897633e+01
1.103530e+13,7.899770e+01
2.868763e+14,8.000000e+01
2.868763e+14,8.000000e+01
3.167227e+14,8.000000e+01
2.191156e+13,7.897535e+01
6.236169e+14,8.000000e+01
6.236169e+14,8.000000e+01
2.845221e+13,7.894118e+01
8.849110e+13,8.000000e+01
8.651773e+13,4.450345e+01
2.439744e+13,7.896580e+01
9.680496e+13,8.000000e+01
1.794463e+14,5.291166e+01
6.624221e+13,3.633547e+01
1.818770e+13,7.899094e+01
4.720486e+14,8.000000e+01
4.324461e+14,7.158989e+01
3.990845e+15,8.000000e+01
1.453912e+14,7.675493e+01
2.307202e+14,5.627494e+01
4.949751e+13,3.819729e+01
1.094861e+13,7.898921e+01
6.356569e+13,6.270121e+01
6.356569e+13,6.270121e+01
8.274280e+13,6.798637e+01
6.699175e+13,5.429301e+01
6.079529e+13,4.378274e+01
3.064955e+13,7.899035e+01
1.126024e+13,7.899830e+01
1.192752e+13,7.899807e+01
9.996669e+12,7.899610e+01
1.592711e+14,8.000000e+01
1.592711e+14,8.000000e+01
6.888068e+13,4.077981e+01
2.523794e+14,7.152983e+01
1.838923e+13,7.894047e+01
1.643736e+13,7.899500e+01
3.675908e+13,3.201125e+01
4.128631e+13,3.698940e+01
1.876057e+13,7.897689e+01
1.121012e+13,7.899771e+01
1.688289e+13,7.899438e+01
8.222634e+13,4.642532e+01
2.247186e+14,6.918755e+01
2.955836e+14,8.000000e+01
2.955836e+14,8.000000e+01
1.090224e+13,7.898986e+01
9.574108e+13,4.630521e+01
1.798200e+13,7.899789e+01
7.117050e+13,4.372269e+01
8.891434e+14,8.000000e+01
1.591804e+14,4.690579e+01
9.363756e+13,4.606497e+01
5.114812e+13,4.582474e+01
5.363994e+13,7.898795e+01
5.363994e+13,7.899613e+01
1.465289e+13,7.897775e+01
4.214896e+13,7.899511e+01
4.053952e+13,3.441360e+01
4.527489e+14,6.222074e+01
6.592223e+13,3.855764e+01
3.457263e+13,7.898847e+01
3.457263e+13,4.999997e+00
5.996178e+14,6.456303e+01
6.700761e+13,8.000000e+01
6.700761e+13,8.000000e+01
4.889464e+13,4.366263e+01
1.904936e+14,8.000000e+01
6.562899e+13,5.411283e+01
1.481627e+13,7.899834e+01
1.664040e+14,8.000000e+01
1.664040e+14,8.000000e+01
9.186796e+13,5.231107e+01
1.550336e+13,7.899433e+01
8.639243e+19,8.000000e+01
8.639243e+19,8.000000e+01
8.639243e+19,8.000000e+01
8.639243e+19,8.000000e+01
7.164339e+14,8.000000e+01
4.871413e+13,3.261184e+01
9.066456e+13,4.288186e+01
3.386799e+13,7.899490e+01
1.464745e+13,7.899752e+01
1.589688e+16,8.000000e+01
1.589688e+16,8.000000e+01
1.437704e+14,5.177054e+01
1.512158e+14,7.657476e+01
3.658129e+16,8.000000e+01
3.658129e+16,8.000000e+01
3.658129e+16,8.000000e+01
9.026180e+13,7.140972e+01
1.540468e+14,6.390239e+01
1.377676e+13,5.000000e+00
1.286252e+13,7.898867e+01
1.214716e+14,6.318168e+01
5.222314e+13,5.585453e+01
2.356255e+14,8.000000e+01
2.356255e+14,8.000000e+01
2.356255e+14,8.000000e+01
9.704401e+12,7.899823e+01
1.483802e+13,7.899601e+01
4.900452e+13,4.950039e+01
3.888963e+13,7.899306e+01
3.317268e+13,7.899530e+01
1.245557e+13,7.899546e+01
2.621746e+13,2.930861e+01
5.139241e+13,4.156057e+01
1.901040e+13,7.899079e+01
7.903503e+13,8.000000e+01
7.903503e+13,4.999931e+00
2.500620e+13,2.780715e+01
5.266684e+13,4.486380e+01
5.751652e+13,4.999731e+00
1.165886e+14,4.792679e+01
2.037766e+13,4.714021e+01
2.347811e+14,6.618461e+01
4.057412e+13,7.899275e+01
1.264251e+13,7.899848e+01
2.443723e+13,4.998722e+00
1.704192e+13,7.899676e+01
2.394782e+14,8.000000e+01
7.085423e+13,4.450345e+01
2.068662e+13,7.899679e+01
1.551110e+14,8.000000e+01
1.551110e+14,8.000000e+01
1.492296e+14,4.420315e+01
3.422957e+16,8.000000e+01
6.844385e+13,4.011917e+01
2.770198e+14,7.717534e+01
2.081255e+13,7.891759e+01
1.622122e+13,7.899779e+01
3.694253e+14,6.564409e+01
9.014711e+13,6.210063e+01
2.012276e+13,7.899816e+01
1.918568e+13,7.896178e+01
2.944599e+14,6.540385e+01
3.111313e+13,3.050979e+01
3.675114e+14,8.000000e+01
3.675114e+14,8.000000e+01
3.675114e+14,8.000000e+01
2.538930e+14,8.000000e+01
2.538930e+14,8.000000e+01
2.605224e+14,6.342192e+01
2.653251e+13,7.899557e+01
5.412830e+15,8.000000e+01
5.412830e+15,8.000000e+01
5.412830e+15,8.000000e+01
3.446339e+13,3.117043e+01
2.841088e+15,8.000000e+01
2.106539e+13,2.330275e+01
1.695929e+14,5.537406e+01
3.981767e+13,4.999885e+00
1.507684e+13,7.898780e+01
1.258311e+15,8.000000e+01
4.740932e+14,8.000000e+01
1.445981e+14,6.336186e+01
1.432218e+13,7.898518e+01
5.331937e+13,4.510403e+01
9.533483e+12,7.899489e+01
1.601973e+14,5.399271e+01
1.498747e+13,7.897609e+01
3.321176e+13,3.141067e+01
2.073099e+15,8.000000e+01
2.013353e+13,5.000111e+00
2.712798e+13,7.899650e+01
2.353095e+14,7.843658e+01
6.526102e+14,8.000000e+01
1.239813e+13,7.899736e+01
3.004127e+13,7.311743e+01
1.908134e+13,6.421398e+01
1.128053e+14,8.000000e+01
1.445026e+13,7.897534e+01
4.023189e+13,7.895699e+01
4.023189e+13,4.999990e+00
3.139653e+13,3.111037e+01
6.834779e+13,4.720609e+01
1.175499e+13,7.898540e+01
4.559698e+13,3.669583e+01
1.299888e+14,8.000000e+01
1.704990e+13,7.898998e+01
4.592811e+13,7.899419e+01
6.576990e+13,4.999755e+00
4.173890e+13,5.885746e+01
3.636847e+13,3.219143e+01
1.793299e+13,7.898452e+01
8.607132e+13,6.756596e+01
6.733084e+13,7.231060e+01
2.006592e+14,5.092972e+01
1.632919e+13,7.899381e+01
1.648132e+13,7.898446e+01
2.650095e+13,2.654592e+01
8.235975e+13,6.810649e+01
8.235975e+13,6.810649e+01
1.021904e+14,5.261136e+01
1.608103e+13,1.899760e+01
1.926998e+13,7.249355e+01
3.417537e+13,3.825735e+01
1.184706e+14,7.807622e+01
1.004897e+13,4.999843e+00
2.552711e+13,7.893504e+01
1.040564e+14,6.077934e+01
3.588173e+13,3.375295e+01
1.667455e+13,7.899461e+01
4.311748e+13,5.000033e+00
4.311748e+13,5.000149e+00
2.944008e+13,3.189113e+01
2.195803e+14,8.000000e+01
2.195803e+14,8.000000e+01
1.187743e+15,8.000000e+01
2.830220e+13,7.899652e+01
6.952346e+13,6.378227e+01
3.897366e+13,7.899766e+01
5.403630e+13,4.234134e+01
2.439179e+13,7.899734e+01
1.021296e+13,7.897795e+01
1.961547e+13,7.897567e+01
2.541787e+13,2.714650e+01
5.441156e+13,4.360257e+01
1.188982e+14,4.672562e+01
1.513816e+13,7.899425e+01
2.781681e+14,8.000000e+01
2.449957e+13,7.849128e+01
1.287470e+13,7.899602e+01
3.841673e+13,2.750685e+01
4.979199e+13,3.585500e+01
2.798393e+13,7.898999e+01
7.176273e+13,5.000020e+00
7.176273e+13,7.813628e+01
4.372817e+13,3.729641e+01
6.321536e+13,3.921829e+01
1.801731e+13,7.899727e+01
7.604830e+13,4.906790e+01
3.026704e+13,7.898972e+01
1.892191e+13,7.899382e+01
2.567672e+14,8.000000e+01
2.744287e+13,7.899637e+01
4.519709e+14,7.357183e+01
3.696389e+13,7.899581e+01
1.901206e+14,6.324174e+01
2.010127e+13,7.899581e+01
1.651199e+13,7.915541e+01
1.376884e+14,8.000000e+01
1.227631e+13,7.899500e+01
1.229073e+13,7.899751e+01
3.733124e+14,7.639458e+01
1.594284e+14,8.000000e+01
1.594284e+14,8.000000e+01
2.689152e+13,7.899469e+01
2.349024e+14,6.516362e+01
2.907737e+14,8.000000e+01
2.907737e+14,8.000000e+01
2.722059e+14,8.000000e+01
2.186036e+13,7.898562e+01
3.294776e+14,8.000000e+01
2.465087e+14,5.633500e+01
1.512378e+14,4.846732e+01
1.172343e+14,5.867729e+01
3.274711e+13,3.159084e+01
1.495646e+14,5.008890e+01
1.537954e+14,8.000000e+01
4.026027e+13,3.417336e+01
3.845229e+14,8.000000e+01
4.107425e+13,7.898492e+01
2.860864e+14,5.681547e+01
4.186624e+13,3.459377e+01
3.193861e+13,3.285207e+01
2.528218e+13,7.896671e+01
3.800154e+13,7.893700e+01
6.589798e+13,5.963822e+01
1.408577e+13,7.899575e+01
8.002342e+13,8.000000e+01
4.075492e+14,8.000000e+01
3.959478e+13,3.093020e+01
2.282258e+14,8.000000e+01
5.758656e+14,8.000000e+01
5.758656e+14,8.000000e+01
1.528905e+13,7.899152e+01
4.155582e+13,3.789700e+01
5.663461e+13,4.318216e+01
4.181358e+13,4.126028e+01
1.415681e+13,7.913662e+01
1.375509e+13,7.083822e+01
3.698114e+13,2.876809e+01
2.960867e+13,7.899552e+01
3.630385e+13,3.591506e+01
1.904611e+13,7.898924e+01
3.950012e+13,3.381301e+01
6.683954e+13,5.687553e+01
8.143378e+13,4.576468e+01
4.638716e+13,4.474368e+01
3.654956e+13,3.417336e+01
2.374440e+13,7.881002e+01
4.241578e+13,4.222122e+01
7.820793e+13,3.945852e+01
2.067844e+14,6.282133e+01
7.226067e+14,7.038872e+01
8.910391e+13,5.255130e+01
2.519957e+13,7.899756e+01
2.243253e+13,7.899668e+01
3.707043e+13,3.807717e+01
1.526512e+14,8.000000e+01
1.526512e+14,7.899293e+01
4.542873e+13,5.000010e+00
4.542873e+13,4.438333e+01
6.267122e+13,3.777688e+01
1.029365e+14,6.906743e+01
1.029365e+14,6.906743e+01
5.916828e+13,4.999826e+00
2.381409e+13,7.899261e+01
1.128080e+13,7.899740e+01
5.593043e+13,6.276127e+01
1.220648e+14,8.000000e+01
8.576000e+13,4.330228e+01
1.094395e+13,7.899135e+01
1.866062e+14,5.513383e+01
3.894816e+14,8.000000e+01
3.894816e+14,8.000000e+01
1.525079e+17,8.000000e+01
1.525079e+17,8.000000e+01
8.735640e+13,5.963822e+01
5.322364e+13,3.597512e+01
2.422419e+13,7.899497e+01
1.983942e+14,8.000000e+01
1.983942e+14,8.000000e+01
1.451570e+13,7.899471e+01
2.277902e+13,7.899139e+01
4.109700e+14,8.000000e+01
1.502179e+14,7.453276e+01
2.808984e+13,7.899694e+01
4.849920e+13,5.597465e+01
2.561496e+13,2.714650e+01
1.336637e+13,7.898979e+01
1.285770e+14,6.077934e+01
6.449312e+13,7.922563e+01
6.449312e+13,8.000000e+01
5.978046e+13,4.999999e+00
5.978046e+13,7.899673e+01
5.978046e+13,5.000002e+00
1.449840e+14,4.732620e+01
1.404913e+14,6.672514e+01
4.686097e+13,4.468362e+01
3.926581e+14,8.000000e+01
2.704890e+13,2.630568e+01
1.680344e+14,8.000000e+01
1.680344e+14,8.000000e+01
2.161911e+14,8.000000e+01
2.161911e+14,8.000000e+01
7.400203e+13,2.696642e+01
9.375826e+13,5.387259e+01
1.814488e+14,7.429253e+01
1.700759e+13,7.899636e+01
2.452894e+13,3.243166e+01
3.843077e+13,7.899553e+01
2.481447e+14,6.029887e+01
5.010036e+13,3.753665e+01
9.480907e+12,7.899715e+01
8.946942e+14,7.879693e+01
4.603393e+13,3.044973e+01
1.695441e+13,7.899739e+01
1.453870e+13,7.896266e+01
2.702632e+13,2.942873e+01
1.860864e+14,8.000000e+01
2.262384e+13,7.886047e+01
1.225192e+14,6.930766e+01
2.148335e+14,8.000000e+01
2.148335e+14,8.000000e+01
2.000457e+14,8.000000e+01
5.550237e+13,3.915823e+01
1.774782e+13,7.899555e+01
1.679374e+13,7.896861e+01
2.427789e+13,7.899806e+01
5.399624e+14,8.000000e+01
5.399624e+14,8.000000e+01
1.065144e+13,7.899617e+01
3.777617e+13,7.900053e+01
3.777617e+13,7.899311e+01
4.687003e+13,3.363284e+01
3.302390e+13,3.591506e+01
1.396251e+13,7.899857e+01
2.302386e+13,2.552492e+01
2.719150e+13,3.435354e+01
1.062450e+14,4.534427e+01
5.516698e+13,7.896941e+01
5.516698e+13,4.690579e+01
1.345461e+13,7.899640e+01
1.773081e+14,6.095951e+01
4.491730e+14,6.516362e+01
1.699213e+13,7.898675e+01
1.795450e+14,8.000000e+01
3.631011e+14,8.000000e+01
2.714590e+13,7.899333e+01
1.927917e+13,7.899545e+01
8.289579e+13,4.041946e+01
2.258885e+13,3.929927e+01
2.235866e+13,1.099411e+01
7.799698e+13,4.780667e+01
1.095747e+13,7.899616e+01
4.370937e+13,3.609524e+01
1.685433e+13,7.897222e+01
1.601511e+13,7.897127e+01
6.862765e+13,5.627494e+01
4.407694e+13,3.465383e+01
5.036370e+13,4.071975e+01
4.526027e+13,3.591506e+01
2.245120e+14,8.000000e+01
2.245120e+14,8.000000e+01
7.181222e+13,4.282181e+01
4.129211e+15,8.000000e+01
5.939991e+14,8.000000e+01
5.939991e+14,8.000000e+01
5.939991e+14,8.000000e+01
5.939991e+14,8.000000e+01
1.558016e+14,8.000000e+01
1.558016e+14,8.000000e+01
1.558016e+14,8.000000e+01
1.437678e+13,7.899046e+01
8.680586e+13,5.387259e+01
1.058895e+14,6.402250e+01
1.024300e+14,4.300198e+01
1.851264e+14,8.000000e+01
1.851264e+14,8.000000e+01
8.649440e+13,5.098978e+01
2.873040e+14,6.438286e+01
5.010679e+15,8.000000e+01
8.841501e+14,8.000000e+01
8.841501e+14,8.000000e+01
7.055791e+13,5.837699e+01
7.055791e+13,5.837699e+01
2.730587e+13,7.882075e+01
2.320580e+13,7.895279e+01
2.671729e+13,7.899054e+01
1.339608e+13,6.091202e+01
1.582214e+13,7.894565e+01
6.926588e+15,8.000000e+01
9.011311e+13,5.339213e+01
7.502730e+14,7.741558e+01
4.824597e+13,3.303225e+01
3.352800e+14,8.000000e+01
3.352800e+14,8.000000e+01
3.352800e+14,8.000000e+01
2.646112e+13,2.954885e+01
1.899970e+13,7.888201e+01
1.080264e+13,7.899801e+01
2.666668e+13,4.999958e+00
3.508206e+13,3.093020e+01
2.953515e+13,7.881731e+01
1.497483e+13,7.899661e+01
7.748354e+13,5.849711e+01
1.482459e+13,7.895235e+01
7.959047e+13,5.333207e+01
2.072582e+13,7.899307e+01
3.249002e+13,2.786721e+01
1.767585e+14,7.747564e+01
2.136556e+13,7.015096e+01
1.321712e+15,8.000000e+01
9.810464e+13,8.000000e+01
1.856119e+13,7.899562e+01
1.750938e+13,6.692279e+01
1.360877e+14,6.966802e+01
6.656011e+14,8.000000e+01
6.656011e+14,8.000000e+01
9.190837e+13,7.849663e+01
1.914288e+13,7.899585e+01
4.056851e+13,3.981887e+01
1.829968e+13,7.899614e+01
5.060119e+13,4.324222e+01
7.912234e+13,6.354203e+01
2.272819e+14,8.000000e+01
2.204335e+13,7.892665e+01
1.681403e+14,8.000000e+01
1.256222e+13,7.898280e+01
4.568676e+13,7.899663e+01
4.011754e+13,4.083987e+01
9.842865e+13,8.000000e+01
9.842865e+13,8.000000e+01
2.010784e+13,5.000000e+00
2.169403e+13,7.899332e+01
4.494417e+13,3.849758e+01
1.678382e+13,7.898285e+01
5.209955e+14,6.846684e+01
2.784001e+13,2.834768e+01
5.065805e+13,4.654544e+01
5.202885e+14,8.000000e+01
2.303532e+14,5.477347e+01
1.458408e+13,7.899337e+01
1.957341e+13,7.899116e+01
1.021386e+15,8.000000e+01
5.028271e+13,6.348785e+01
5.028271e+13,7.807622e+01
2.535748e+13,7.893590e+01
2.713434e+13,2.858791e+01
2.198458e+14,5.675541e+01
1.258916e+13,7.899814e+01
1.367739e+14,8.000000e+01
1.367739e+14,8.000000e+01
5.625176e+14,8.000000e+01
1.784329e+13,2.060011e+01
1.807696e+13,7.608427e+01
1.063300e+13,7.899482e+01
1.619923e+13,7.898441e+01
2.257647e+13,7.899742e+01
3.610166e+14,8.000000e+01
3.610166e+14,8.000000e+01
3.610166e+14,8.000000e+01
2.118923e+13,7.899476e+01
7.491792e+13,4.240140e+01
1.692776e+14,5.459330e+01
1.673979e+13,7.899791e+01
3.927380e+13,3.567483e+01
2.921950e+15,8.000000e+01
7.038013e+13,3.711624e+01
7.883037e+13,5.000009e+00
7.883037e+13,8.000000e+01
2.920963e+13,7.899381e+01
3.719887e+13,3.969876e+01
5.733344e+13,3.759670e+01
6.191165e+13,4.023928e+01
2.152939e+13,3.311055e+01
2.784117e+13,7.810576e+01
1.564201e+13,7.899236e+01
9.308313e+14,8.000000e+01
3.509684e+13,3.879788e+01
2.651777e+13,2.840773e+01
3.815435e+14,8.000000e+01
3.815435e+14,8.000000e+01
3.815435e+14,8.000000e+01
7.569099e+13,4.702591e+01
3.709390e+14,8.000000e+01
3.709390e+14,8.000000e+01
3.709390e+14,8.000000e+01
4.499512e+13,5.237113e+01
4.499512e+13,5.237113e+01
8.463726e+13,3.933841e+01
5.705522e+13,5.309183e+01
1.978676e+13,7.898273e+01
1.737318e+13,7.899745e+01
3.384016e+14,8.000000e+01
7.536050e+12,1.700000e+01
5.438923e+13,3.477395e+01
1.168798e+13,7.899726e+01
5.491170e+13,5.381254e+01
3.414130e+13,3.243166e+01
3.322995e+13,3.189113e+01
4.672062e+13,3.543459e+01
1.949809e+14,8.000000e+01
2.863454e+13,2.798732e+01
2.695438e+13,7.857573e+01
8.937408e+13,7.897533e+01
8.937408e+13,5.000003e+00
2.559599e+13,2.822756e+01
1.456681e+15,8.000000e+01
8.426771e+13,8.000000e+01
2.305135e+14,5.393265e+01
1.512900e+14,6.294145e+01
1.992387e+13,7.899065e+01
2.110636e+13,7.898961e+01
3.006441e+14,8.000000e+01
3.006441e+14,8.000000e+01
6.528682e+13,5.483353e+01
6.107990e+14,8.000000e+01
1.476702e+14,5.927787e+01
1.015131e+14,8.000000e+01
1.015131e+14,5.000012e+00
8.912873e+13,4.204104e+01
9.332754e+13,6.198051e+01
6.171551e+13,5.627494e+01
3.118039e+14,5.993852e+01
6.483355e+13,3.687600e+01
1.404558e+14,5.837699e+01
4.192984e+13,3.879788e+01
7.988932e+13,8.000000e+01
7.988932e+13,5.000003e+00
1.496983e+13,7.899540e+01
2.012459e+13,7.894164e+01
1.162446e+13,7.899716e+01
5.300845e+13,5.020902e+01
4.922842e+13,4.270169e+01
6.537339e+14,8.000000e+01
3.322454e+13,7.899679e+01
7.870143e+13,4.312210e+01
9.071662e+13,2.300000e+01
9.728180e+12,7.898708e+01
2.881002e+13,3.050979e+01
3.933213e+14,8.000000e+01
3.746236e+15,8.000000e+01
5.580771e+13,4.095999e+01
6.494922e+13,3.969876e+01
1.254860e+14,4.612503e+01
4.551235e+13,7.898708e+01
1.701160e+13,7.899744e+01
7.257903e+13,5.291166e+01
3.926174e+13,2.954885e+01
1.036065e+13,7.885668e+01
2.674720e+14,5.561430e+01
8.786878e+13,6.828667e+01
8.786878e+13,6.828667e+01
6.320889e+13,8.000000e+01
1.777962e+13,7.919753e+01
1.450905e+14,6.107963e+01
1.120330e+14,6.798637e+01
1.120330e+14,6.798637e+01
4.742203e+13,4.474368e+01
4.404493e+13,7.895061e+01
3.227313e+13,6.294072e+01
3.868210e+13,7.896705e+01
3.793724e+14,6.906743e+01
2.774242e+14,6.846684e+01
2.257277e+13,7.899427e+01
3.423695e+13,7.899242e+01
2.038537e+14,8.000000e+01
2.038537e+14,8.000000e+01
1.474977e+13,5.000023e+00
2.084314e+14,8.000000e+01
2.084314e+14,8.000000e+01
1.259902e+14,6.131987e+01
4.181727e+13,4.005911e+01
3.500979e+14,8.000000e+01
3.500979e+14,8.000000e+01
3.181005e+13,7.899669e+01
1.893893e+13,7.899251e+01
3.845221e+13,7.899561e+01
5.428892e+13,4.246145e+01
1.953659e+14,8.000000e+01
4.602318e+14,8.000000e+01
1.282560e+13,7.899794e+01
6.314983e+13,5.056937e+01
5.095313e+13,3.627541e+01
7.658876e+13,5.465336e+01
1.090581e+13,7.899840e+01
2.527163e+13,7.899775e+01
4.498184e+13,7.899278e+01
3.462332e+13,3.843753e+01
7.360819e+13,2.100000e+01
5.057658e+13,3.915823e+01
8.960053e+12,7.899245e+01
8.619831e+13,4.768656e+01
1.342358e+13,7.876794e+01
1.095315e+14,8.000000e+01
1.095315e+14,8.000000e+01
2.303825e+13,7.899309e+01
8.669093e+13,6.119975e+01
5.098961e+13,4.828714e+01
5.098961e+13,4.999994e+00
9.869649e+13,4.648538e+01
1.085169e+14,5.753617e+01
1.230283e+13,4.999533e+00
2.427102e+14,8.000000e+01
2.427102e+14,8.000000e+01
2.429374e+14,8.000000e+01
5.199994e+14,8.000000e+01
1.935797e+13,7.893651e+01
2.018622e+13,7.899417e+01
4.525364e+13,4.582474e+01
1.419023e+13,7.899281e+01
5.486826e+13,4.162063e+01
6.168997e+13,5.993852e+01
2.888962e+13,2.996926e+01
2.960361e+13,7.899695e+01
3.455370e+13,7.898377e+01
1.902311e+17,8.000000e+01
2.538365e+13,2.630568e+01
2.870031e+14,8.000000e+01
3.205395e+13,3.795706e+01
1.167709e+13,7.645423e+01
1.335952e+13,7.898408e+01
2.087399e+13,7.898064e+01
6.797193e+13,5.441312e+01
1.105921e+13,7.899595e+01
2.815592e+13,4.999779e+00
1.392115e+14,8.000000e+01
1.392115e+14,8.000000e+01
5.344514e+13,4.828714e+01
8.080880e+13,4.999999e+00
8.080880e+13,7.899013e+01
1.644401e+14,8.000000e+01
1.644401e+14,8.000000e+01
1.336188e+15,8.000000e+01
1.336188e+15,8.000000e+01
1.336188e+15,8.000000e+01
6.797408e+14,8.000000e+01
2.151264e+13,7.892349e+01
8.625267e+13,5.567435e+01
1.717249e+14,7.789605e+01
1.421081e+13,7.899644e+01
7.006213e+13,7.899460e+01
7.006213e+13,7.899521e+01
5.235011e+14,8.000000e+01
5.235011e+14,8.000000e+01
2.476325e+13,7.898971e+01
3.272586e+13,3.513430e+01
5.450365e+13,4.384280e+01
7.141840e+13,6.918755e+01
6.811543e+13,7.898933e+01
6.811543e+13,7.898860e+01
5.885260e+13,3.849758e+01
5.929486e+13,5.705570e+01
5.057621e+13,3.465383e+01
1.969857e+13,7.889872e+01
2.746147e+13,7.898861e+01
3.269300e+13,2.942873e+01
5.480073e+13,5.825687e+01
4.456912e+13,3.729641e+01
1.033904e+15,8.000000e+01
1.033904e+15,8.000000e+01
1.033904e+15,8.000000e+01
2.607212e+13,7.899368e+01
1.798875e+13,7.898324e+01
3.664327e+13,3.261184e+01
5.545405e+13,4.216116e+01
1.989555e+13,4.998578e+00
1.035169e+13,7.896635e+01
3.536899e+13,3.849758e+01
4.711116e+13,4.768656e+01
8.460440e+13,6.384233e+01
5.000786e+13,4.786673e+01
2.719455e+13,4.999598e+00
4.067239e+13,3.135061e+01
2.541061e+13,7.899455e+01
3.553595e+13,7.899444e+01
8.265064e+13,4.498392e+01
4.762307e+13,5.165043e+01
4.200282e+14,8.000000e+01
4.062213e+13,7.898959e+01
1.346528e+13,6.841706e+01
4.484899e+14,8.000000e+01
3.582655e+13,7.897425e+01
2.653127e+13,7.899637e+01
3.140120e+13,7.892422e+01
4.098460e+13,3.429348e+01
1.029967e+13,7.899798e+01
3.709225e+14,8.000000e+01
9.072393e+13,4.234134e+01
1.048082e+14,5.963822e+01
1.122161e+13,7.896038e+01
8.779256e+13,7.899162e+01
8.779256e+13,5.000017e+00
1.274199e+13,7.899770e+01
2.897441e+13,2.942873e+01
4.125323e+13,2.918850e+01
1.111167e+14,4.342239e+01
9.386697e+13,8.000000e+01
9.386697e+13,8.000000e+01
2.176789e+14,7.459282e+01
1.828378e+13,7.899802e+01
2.205344e+13,7.897634e+01
1.291911e+14,6.336186e+01
2.208856e+13,7.899663e+01
2.176182e+13,7.896958e+01
4.929468e+13,7.899851e+01
4.929468e+13,7.899024e+01
1.661552e+13,7.899741e+01
5.971896e+13,4.696585e+01
1.989532e+14,8.000000e+01
1.989532e+14,8.000000e+01
2.086712e+13,7.896642e+01
1.569809e+13,7.899186e+01
2.419949e+14,5.579447e+01
7.546001e+13,2.496097e+01
1.027860e+13,7.899817e+01
1.719287e+13,7.894698e+01
9.072357e+14,8.000000e+01
5.618616e+13,3.699612e+01
1.874726e+13,7.898570e+01
1.755649e+13,7.896552e+01
9.170446e+13,4.756644e+01
1.681100e+13,7.899579e+01
6.831505e+13,3.723635e+01
1.928486e+13,7.899221e+01
2.844183e+13,7.899710e+01
1.354699e+14,5.861723e+01
1.399122e+14,8.000000e+01
1.326875e+15,8.000000e+01
2.995668e+13,7.899177e+01
3.784622e+13,7.899401e+01
2.174181e+13,7.899568e+01
4.202934e+13,3.093020e+01
3.075436e+13,2.918850e+01
1.941324e+14,7.651470e+01
2.221184e+13,7.899223e+01
2.832893e+13,7.896426e+01
1.380854e+14,8.000000e+01
3.515076e+13,2.078029e+01
2.939136e+13,7.897493e+01
1.454176e+13,7.899374e+01
1.320577e+13,7.898395e+01
1.001361e+14,4.846732e+01
4.546519e+13,3.873782e+01
1.674865e+14,5.153031e+01
5.475972e+13,4.198099e+01
1.659447e+13,7.899559e+01
1.726606e+13,7.899721e+01
7.977093e+13,5.129007e+01
5.168948e+14,8.000000e+01
8.350494e+13,5.831693e+01
1.958272e+14,8.000000e+01
1.472917e+13,7.899283e+01
3.650022e+13,7.897983e+01
1.559326e+13,7.899072e+01
5.390789e+13,4.252151e+01
4.863774e+13,4.306204e+01
6.915684e+13,5.050931e+01
1.873245e+14,5.855717e+01
1.508569e+13,7.898429e+01
9.609382e+13,4.065970e+01
1.648215e+14,5.813676e+01
1.986818e+13,7.899370e+01
6.450703e+14,7.243071e+01
4.856502e+13,3.345266e+01
2.615225e+13,7.898501e+01
3.577157e+14,8.000000e+01
2.254509e+13,7.899598e+01
1.745099e+13,7.899177e+01
2.610420e+14,8.000000e+01
7.572401e+13,4.258157e+01
1.313768e+14,7.801617e+01
1.690886e+13,7.899511e+01
2.441751e+14,8.000000e+01
2.441751e+14,8.000000e+01
8.219996e+13,3.969876e+01
2.133432e+13,7.899095e+01
9.843084e+12,7.899836e+01
1.237922e+15,8.000000e+01
1.352963e+14,4.972855e+01
1.530429e+13,4.999790e+00
4.673895e+13,3.363284e+01
1.800427e+13,7.895823e+01
4.503475e+14,8.000000e+01
1.762271e+13,7.899361e+01
1.099084e+13,7.899469e+01
1.215509e+14,7.122954e+01
3.826810e+13,7.866834e+01
1.307178e+13,7.897409e+01
1.444573e+13,7.898515e+01
4.811919e+13,4.582474e+01
2.462195e+13,4.999674e+00
1.821531e+13,7.850806e+01
1.037015e+13,7.899073e+01
1.315049e+14,6.324174e+01
1.533767e+13,7.899411e+01
3.046248e+13,7.888040e+01
3.238398e+13,3.729641e+01
2.731825e+14,8.000000e+01
2.731825e+14,8.000000e+01
2.731825e+14,8.000000e+01
1.938156e+14,8.000000e+01
2.614602e+14,8.000000e+01
6.126506e+13,3.375295e+01
7.146230e+13,3.891799e+01
6.582908e+13,4.120022e+01
9.312125e+13,7.501323e+01
9.312125e+13,7.501323e+01
7.598766e+13,6.990825e+01
9.925139e+13,7.375200e+01
1.111789e+13,2.099638e+01
2.017246e+13,7.895918e+01
3.691330e+13,7.897758e+01
1.211850e+13,7.899783e+01
3.179117e+14,8.000000e+01
7.040184e+13,4.999873e+00
1.701531e+13,7.896502e+01
1.544239e+13,7.897869e+01
1.584451e+13,7.899487e+01
2.794718e+14,8.000000e+01
2.759112e+13,7.897531e+01
2.204094e+14,6.192045e+01
2.441528e+14,8.000000e+01
2.441528e+14,8.000000e+01
2.441528e+14,8.000000e+01
2.441528e+14,8.000000e+01
3.512339e+14,8.000000e+01
3.512339e+14,8.000000e+01
3.512339e+14,8.000000e+01
8.482080e+14,8.000000e+01
3.170709e+13,7.820355e+01
2.322159e+13,7.897658e+01
9.310424e+13,5.657523e+01
2.274109e+14,8.000000e+01
2.274109e+14,8.000000e+01
8.728376e+14,7.573394e+01
2.045598e+13,7.897799e+01
1.169295e+14,5.159037e+01
1.422348e+14,6.228080e+01
1.353790e+13,7.897504e+01
8.870909e+13,6.636479e+01
4.491086e+13,7.898829e+01
5.766805e+13,5.423295e+01
5.766805e+13,5.423295e+01
2.353739e+14,8.000000e+01
1.413955e+15,8.000000e+01
1.413955e+15,8.000000e+01
1.413955e+15,8.000000e+01
8.267094e+14,8.000000e+01
1.817149e+14,8.000000e+01
1.817149e+14,8.000000e+01
1.103382e+14,6.864702e+01
1.385808e+13,7.909045e+01
7.228641e+13,5.000105e+00
7.228641e+13,5.000000e+00
1.917071e+13,7.894733e+01
1.870642e+14,7.741558e+01
1.636813e+13,7.899357e+01
4.077309e+13,3.213137e+01
3.329386e+14,7.405230e+01
1.025967e+14,4.474368e+01
4.785632e+13,7.899279e+01
2.595869e+13,7.899503e+01
2.285542e+13,7.898632e+01
1.159256e+13,7.899561e+01
3.012165e+13,3.105031e+01
1.071362e+14,7.056889e+01
3.333268e+13,3.639553e+01
5.609240e+13,7.898236e+01
1.277635e+13,7.896107e+01
1.355717e+14,6.378227e+01
5.457234e+14,6.966802e+01
1.930453e+13,7.899455e+01
1.376072e+14,7.038872e+01
2.998343e+13,2.834768e+01
1.470928e+14,5.038919e+01
4.804308e+13,3.363284e+01
3.626699e+13,3.963870e+01
1.291831e+13,7.899620e+01
1.858358e+13,2.499086e+01
1.645236e+15,8.000000e+01
4.918386e+13,3.735647e+01
5.963944e+13,3.447366e+01
4.447344e+13,4.786673e+01
1.169141e+14,8.000000e+01
1.966202e+13,7.899114e+01
3.485257e+13,4.108011e+01
1.867337e+14,7.825640e+01
8.013193e+13,4.738626e+01
2.446843e+13,7.899402e+01
4.029171e+15,8.000000e+01
1.542166e+14,8.000000e+01
2.100018e+14,5.543412e+01
1.545256e+13,7.897907e+01
4.638147e+13,3.435354e+01
2.578811e+13,7.898732e+01
1.006086e+13,7.899784e+01
1.837265e+15,8.000000e+01
1.837265e+15,8.000000e+01
4.788627e+13,3.963870e+01
5.839741e+13,7.357183e+01
1.597944e+14,8.000000e+01
2.402680e+14,7.825640e+01
1.940737e+13,7.898964e+01
2.056508e+13,7.899226e+01
3.169142e+17,8.000000e+01
1.008111e+13,5.889468e+01
2.973112e+13,7.899549e+01
1.404475e+14,5.855717e+01
2.625158e+13,7.899346e+01
1.284955e+13,7.899588e+01
1.368862e+13,7.899780e+01
1.128860e+14,5.969828e+01
2.819860e+13,7.899015e+01
1.533753e+13,7.899745e+01
1.313652e+13,7.899591e+01
4.985367e+14,6.816655e+01
1.024960e+14,5.969828e+01
5.817954e+13,3.969876e+01
1.293703e+15,8.000000e+01
3.700133e+13,2.864797e+01
2.160753e+13,7.899824e+01
1.865434e+13,7.899687e+01
1.148491e+14,4.996878e+01
2.001616e+13,7.898426e+01
1.624635e+14,5.026908e+01
2.144932e+13,6.650120e+01
1.490159e+13,7.898263e+01
4.663694e+14,8.000000e+01
1.809690e+13,7.897264e+01
4.590216e+13,7.899528e+01
4.534945e+14,8.000000e+01
4.534945e+14,8.000000e+01
8.523544e+13,5.183060e+01
8.193193e+16,8.000000e+01
8.193193e+16,8.000000e+01
2.323873e+13,7.898537e+01
4.672368e+13,3.825735e+01
2.383811e+13,2.600539e+01
7.958745e+13,5.219095e+01
7.412028e+14,8.000000e+01
1.756751e+13,7.899693e+01
1.857040e+13,7.899013e+01
2.742448e+13,3.141067e+01
1.687307e+14,8.000000e+01
1.687307e+14,8.000000e+01
2.108160e+13,7.899293e+01
8.535352e+14,8.000000e+01
8.535352e+14,8.000000e+01
8.535352e+14,8.000000e+01
2.305170e+13,7.898956e+01
1.608556e+14,6.798637e+01
1.608556e+14,6.798637e+01
1.324092e+14,7.915927e+01
1.324092e+14,8.000000e+01
1.324092e+14,8.000000e+01
6.346537e+13,4.600491e+01
1.716095e+13,7.899696e+01
3.101917e+13,3.044973e+01
1.772534e+13,7.898245e+01
2.763271e+13,7.897051e+01
4.777291e+13,7.899458e+01
1.827905e+13,1.693653e+01
2.910049e+13,6.119983e+01
4.713120e+13,4.408304e+01
1.006951e+14,7.926119e+01
1.006951e+14,8.000000e+01
9.263606e+13,6.077934e+01
2.770370e+13,3.093020e+01
4.771021e+13,3.525442e+01
4.459747e+13,3.327248e+01
6.132892e+13,3.873782e+01
1.633298e+13,7.897856e+01
3.512271e+13,3.201125e+01
1.904456e+13,7.899473e+01
2.430844e+13,2.636574e+01
2.594708e+13,2.648586e+01
9.475621e+13,4.342239e+01
1.122673e+13,7.899235e+01
2.288564e+13,2.540480e+01
3.033130e+13,4.998942e+00
2.774961e+13,7.899723e+01
3.320090e+14,6.360209e+01
5.790300e+13,5.777641e+01
5.790300e+13,5.000000e+00
3.612048e+13,7.899641e+01
3.622393e+13,3.471389e+01
9.824590e+12,7.898524e+01
3.171293e+14,8.000000e+01
2.272682e+13,7.897002e+01
6.911914e+13,4.276175e+01
9.676199e+13,8.000000e+01
1.627088e+14,8.000000e+01
1.627088e+14,8.000000e+01
2.843047e+13,2.840773e+01
1.862947e+14,8.000000e+01
3.159484e+13,2.906838e+01
1.337184e+13,7.897684e+01
3.157158e+13,2.762697e+01
1.003892e+13,7.899573e+01
1.488536e+13,7.892367e+01
5.207718e+13,3.597512e+01
5.969703e+13,4.810697e+01
1.829531e+14,8.000000e+01
5.579906e+14,7.999810e+01
8.143993e+13,5.687553e+01
1.112052e+13,7.899669e+01
1.200051e+14,4.408304e+01
8.593895e+13,5.249125e+01
6.595035e+13,7.899397e+01
1.384505e+13,7.898185e+01
6.938703e+13,6.618461e+01
5.612839e+14,7.092925e+01
7.437541e+13,2.888823e+01
1.469745e+14,8.000000e+01
1.505737e+14,6.083940e+01
1.106641e+14,5.537406e+01
6.371429e+13,4.666556e+01
1.491398e+13,7.897246e+01
5.000660e+14,8.000000e+01
1.107490e+14,7.134966e+01
4.553452e+14,8.000000e+01
4.499899e+14,8.000000e+01
6.104036e+13,6.774614e+01
3.118879e+13,4.999874e+00
1.439749e+13,7.899771e+01
1.697610e+14,8.000000e+01
2.376757e+13,7.898249e+01
9.206984e+13,5.297172e+01
1.852445e+13,7.897775e+01
3.383622e+14,8.000000e+01
3.383622e+14,8.000000e+01
2.880035e+13,2.900832e+01
1.169426e+13,7.898310e+01
2.873078e+13,7.897981e+01
2.450785e+13,4.835837e+01
2.523231e+13,7.896913e+01
2.687894e+14,5.801664e+01
5.978096e+14,8.000000e+01
5.978096e+14,8.000000e+01
5.978096e+14,8.000000e+01
1.675935e+13,7.894978e+01
5.347548e+13,4.396292e+01
1.852132e+14,5.795658e+01
3.895048e+14,8.000000e+01
1.319536e+13,4.897834e+01
6.234125e+13,4.600491e+01
1.797665e+13,7.899497e+01
1.881547e+13,6.293360e+01
8.426363e+13,5.381254e+01
1.534407e+13,4.999027e+00
1.309778e+14,5.261136e+01
1.761984e+13,7.899730e+01
8.844773e+14,7.561382e+01
1.548632e+13,7.899805e+01
1.258751e+13,7.899901e+01
2.539612e+14,6.270121e+01
6.397823e+13,3.951858e+01
2.040175e+13,7.897349e+01
4.322169e+14,8.000000e+01
4.322169e+14,8.000000e+01
2.026074e+13,7.899645e+01
1.214824e+14,5.621488e+01
8.766005e+13,4.750638e+01
2.257872e+13,7.893103e+01
5.634517e+13,7.140972e+01
5.613701e+13,4.966849e+01
3.228998e+13,7.899390e+01
1.568380e+13,7.899332e+01
3.873441e+14,6.414262e+01
5.403813e+15,8.000000e+01
9.056617e+13,4.786673e+01
2.458308e+13,7.899177e+01
5.363643e+13,3.537454e+01
9.097136e+14,7.213042e+01
2.709387e+13,7.899391e+01
2.690928e+13,7.883245e+01
2.254474e+14,8.000000e+01
2.254474e+14,8.000000e+01
1.046920e+14,5.573441e+01
1.153370e+13,7.899772e+01
2.153935e+13,7.899417e+01
1.445113e+14,8.000000e+01
2.209758e+13,2.588527e+01
3.135973e+13,3.129055e+01
8.193423e+13,4.552444e+01
1.113906e+14,5.038919e+01
1.110235e+14,5.225101e+01
1.932164e+13,7.899712e+01
5.953033e+13,7.940428e+01
6.742732e+14,8.000000e+01
6.742732e+14,8.000000e+01
2.941047e+13,7.891261e+01
5.118158e+14,8.000000e+01
5.118158e+14,8.000000e+01
5.118158e+14,8.000000e+01
5.118158e+14,8.000000e+01
2.920061e+13,7.898322e+01
1.646816e+13,7.898346e+01
1.484017e+15,8.000000e+01
1.484017e+15,8.000000e+01
1.484017e+15,8.000000e+01
7.841941e+13,6.840678e+01
2.233207e+14,5.453324e+01
1.461590e+13,7.899636e+01
6.451418e+13,5.243119e+01
6.418859e+13,4.558450e+01
7.966334e+13,7.939751e+01
7.966334e+13,5.000002e+00
6.815389e+13,7.895356e+01
2.945686e+13,7.897585e+01
4.058143e+13,4.053958e+01
2.113017e+13,7.897200e+01
5.158888e+14,8.000000e+01
6.252214e+13,4.924808e+01
3.428591e+13,7.944113e+01
1.374476e+13,7.898329e+01
1.405822e+13,7.899572e+01
3.724412e+13,2.936867e+01
4.261285e+13,4.378274e+01
7.624536e+13,4.306204e+01
2.435593e+13,7.899506e+01
6.063970e+13,7.899419e+01
2.079837e+14,8.000000e+01
1.415110e+16,8.000000e+01
7.101589e+13,3.891799e+01
2.467845e+13,2.600539e+01
1.977765e+13,7.899701e+01
3.727888e+14,8.000000e+01
2.449546e+13,2.576515e+01
1.441687e+13,7.899796e+01
3.987062e+13,3.711624e+01
2.222170e+13,4.999791e+00
1.177436e+13,7.896911e+01
1.282832e+13,7.898358e+01
9.323734e+13,4.300198e+01
4.179832e+13,3.315237e+01
2.664628e+13,2.708644e+01
7.372272e+13,5.873734e+01
7.372272e+13,5.873734e+01
3.769672e+13,3.465383e+01
1.719011e+15,8.000000e+01
1.719011e+15,8.000000e+01
1.719011e+15,8.000000e+01
1.719011e+15,8.000000e+01
1.719011e+15,8.000000e+01
1.719011e+15,8.000000e+01
1.719011e+15,8.000000e+01
6.746854e+13,5.333207e+01
1.633261e+14,8.000000e+01
1.633261e+14,8.000000e+01
1.633257e+13,7.897358e+01
2.997765e+13,2.930861e+01
1.728401e+13,7.898738e+01
4.069006e+13,3.351272e+01
1.671938e+13,7.899045e+01
3.122505e+13,7.899714e+01
1.045339e+14,8.000000e+01
4.694033e+13,7.898188e+01
2.850217e+13,2.864797e+01
2.391868e+14,7.110942e+01
1.007655e+14,7.894920e+01
1.007655e+14,5.000040e+00
1.007655e+14,4.999969e+00
8.565849e+13,4.948831e+01
1.316043e+13,7.899126e+01
1.681225e+14,8.000000e+01
1.681225e+14,8.000000e+01
4.450854e+13,3.837747e+01
1.450334e+13,7.898605e+01
5.624394e+13,7.899656e+01
2.426516e+13,7.899195e+01
6.459996e+13,3.729641e+01
1.931221e+13,7.899189e+01
7.513715e+13,4.120022e+01
1.323420e+13,7.898941e+01
7.558323e+13,4.672562e+01
9.190330e+13,5.939799e+01
4.673437e+14,8.000000e+01
3.763639e+13,3.663577e+01
1.082821e+14,6.270121e+01
1.025838e+14,4.840726e+01
5.511624e+13,3.711624e+01
1.831564e+13,7.899568e+01
2.892393e+13,7.899497e+01
2.457251e+14,8.000000e+01
1.148181e+14,8.000000e+01
9.858757e+14,8.000000e+01
9.858757e+14,8.000000e+01
9.858757e+14,8.000000e+01
3.992439e+14,8.000000e+01
2.965859e+13,2.672609e+01
7.504036e+15,8.000000e+01
1.024395e+14,8.000000e+01
1.726654e+13,7.899678e+01
4.053847e+13,2.906838e+01
9.968781e+13,5.453324e+01
3.216624e+13,3.381301e+01
1.992046e+14,8.000000e+01
1.992046e+14,8.000000e+01
3.079021e+13,7.899734e+01
1.448254e+14,8.000000e+01
1.679951e+13,7.899141e+01
2.592467e+13,7.899593e+01
1.335527e+13,7.899615e+01
3.615553e+14,8.000000e+01
5.883064e+13,4.330228e+01
1.940306e+13,7.898348e+01
2.704467e+14,5.831693e+01
6.810052e+13,3.891799e+01
2.716796e+13,7.879706e+01
1.963205e+13,7.898886e+01
4.555961e+13,3.441360e+01
5.613333e+13,5.429301e+01
1.027609e+14,8.000000e+01
1.027609e+14,8.000000e+01
5.344873e+13,4.672562e+01
6.657407e+14,8.000000e+01
6.657407e+14,8.000000e+01
6.657407e+14,8.000000e+01
7.525545e+15,8.000000e+01
4.009894e+13,3.225149e+01
1.077678e+14,8.000000e+01
1.476973e+14,2.100000e+01
3.660287e+13,3.213137e+01
1.128101e+14,6.047904e+01
1.820309e+13,7.898421e+01
3.070027e+14,8.000000e+01
4.217143e+13,3.423342e+01
8.493404e+13,4.624515e+01
2.983292e+14,8.000000e+01
2.983292e+14,8.000000e+01
2.983292e+14,8.000000e+01
1.118424e+13,7.899073e+01
2.768757e+13,2.912844e+01
1.377286e+13,7.898822e+01
8.510134e+13,5.068949e+01
4.107275e+13,3.183108e+01
2.069416e+13,4.999312e+00
1.436286e+13,7.897343e+01
2.756508e+13,7.899449e+01
1.760958e+13,7.899408e+01
1.863778e+13,7.899259e+01
2.040932e+13,7.899372e+01
6.980901e+14,6.125981e+01
1.185262e+14,8.000000e+01
1.262859e+14,6.780620e+01
4.498808e+13,3.411330e+01
2.334332e+13,7.899254e+01
5.428597e+13,5.903764e+01
4.790481e+16,8.000000e+01
6.589826e+13,3.975882e+01
1.486790e+13,7.898441e+01
1.635655e+13,7.899172e+01
1.899353e+13,7.899304e+01
1.142011e+14,8.000000e+01
2.892371e+14,8.000000e+01
2.892371e+14,8.000000e+01
4.832298e+13,4.744632e+01
5.018178e+13,7.909690e+01
3.268376e+14,6.029887e+01
5.613724e+13,3.699612e+01
1.627157e+13,7.898394e+01
1.541191e+14,7.158989e+01
1.045642e+14,6.780620e+01
2.194013e+13,7.897906e+01
1.820115e+13,7.899571e+01
3.755733e+13,3.519436e+01
4.131141e+13,7.899522e+01
8.551115e+13,5.080960e+01
1.164160e+14,8.000000e+01
2.878491e+13,7.899109e+01
2.010072e+13,7.921657e+01
7.492423e+13,5.447318e+01
1.112958e+14,8.000000e+01
8.233854e+13,5.657523e+01
5.661021e+16,8.000000e+01
5.661021e+16,8.000000e+01
5.207225e+13,5.819682e+01
2.071228e+14,8.000000e+01
2.071228e+14,8.000000e+01
1.277602e+15,8.000000e+01
1.277602e+15,8.000000e+01
1.277602e+15,8.000000e+01
1.667607e+13,7.899139e+01
6.335886e+13,5.297172e+01
5.883245e+14,8.000000e+01
1.968226e+13,7.899874e+01
7.615940e+14,8.000000e+01
7.615940e+14,8.000000e+01
2.640879e+13,2.714650e+01
2.247084e+14,7.381206e+01
1.559056e+14,2.876194e+01
1.973261e+13,7.052020e+01
3.160506e+13,2.978908e+01
1.465668e+14,7.899288e+01
1.465668e+14,8.000000e+01
1.465668e+14,8.000000e+01
5.071021e+13,3.465383e+01
4.604068e+14,7.369194e+01
2.790992e+14,8.000000e+01
1.723681e+14,8.000000e+01
1.723681e+14,8.000000e+01
1.723681e+14,8.000000e+01
2.996064e+15,8.000000e+01
4.968896e+13,3.963870e+01
1.029011e+14,7.495318e+01
1.029011e+14,7.495318e+01
5.991354e+13,4.600491e+01
9.676410e+13,7.899623e+01
9.676410e+13,7.899736e+01
9.676410e+13,7.899142e+01
2.068544e+13,7.899639e+01
1.496847e+13,7.898909e+01
1.413491e+13,7.899136e+01
4.527053e+13,3.657571e+01
1.046803e+13,7.898722e+01
2.267127e+13,7.897102e+01
5.474078e+14,8.000000e+01
4.058457e+13,4.348245e+01
5.506314e+13,5.255130e+01
9.618356e+12,7.899800e+01
1.323166e+13,7.899747e+01
1.663064e+14,8.000000e+01
1.663064e+14,8.000000e+01
1.663064e+14,8.000000e+01
6.302464e+13,7.895564e+01
1.085687e+14,6.612456e+01
5.914967e+13,6.198051e+01
6.006987e+13,5.014896e+01
1.069117e+13,4.298154e+01
1.162776e+15,8.000000e+01
7.343139e+13,6.768608e+01
2.012355e+13,7.899498e+01
4.364390e+13,7.728115e+01
4.417403e+13,5.099838e+01
3.320127e+13,7.899712e+01
2.480827e+14,6.798637e+01
1.613044e+14,7.128960e+01
1.613044e+14,7.128960e+01
3.700721e+13,7.899619e+01
1.284600e+15,8.000000e+01
1.284600e+15,8.000000e+01
1.847413e+13,7.899793e+01
1.822422e+13,7.898646e+01
1.228254e+14,4.978861e+01
3.132115e+13,7.899846e+01
3.132115e+13,7.899915e+01
6.572980e+13,8.000000e+01
6.572980e+13,5.000056e+00
2.613495e+13,7.896005e+01
2.676916e+13,2.732668e+01
1.444418e+14,4.486380e+01
2.601194e+14,6.089945e+01
1.343937e+14,7.891704e+01
1.108189e+13,5.703199e+01
2.674663e+13,2.564504e+01
2.293461e+14,5.831693e+01
2.639415e+13,2.582521e+01
5.332583e+13,3.717629e+01
3.809704e+13,4.366263e+01
3.891223e+13,4.210110e+01
2.243658e+14,8.000000e+01
7.321435e+13,6.240092e+01
2.897668e+13,7.897254e+01
6.529142e+13,3.801712e+01
1.497997e+13,7.899676e+01
1.535314e+13,7.899738e+01
1.538074e+13,7.899678e+01
1.064529e+14,6.264116e+01
1.293764e+13,7.899797e+01
9.322223e+13,6.936772e+01
4.177377e+13,4.023928e+01
1.324265e+19,8.000000e+01
1.324265e+19,8.000000e+01
1.324265e+19,8.000000e+01
4.073189e+14,7.495318e+01
1.828110e+14,5.080960e+01
5.959893e+13,5.147025e+01
3.351858e+13,3.279201e+01
9.733827e+13,5.891752e+01
3.850599e+15,8.000000e+01
3.850599e+15,8.000000e+01
3.850599e+15,8.000000e+01
4.281737e+13,3.459377e+01
5.388687e+13,4.462357e+01
4.092150e+13,3.603518e+01
3.950269e+13,7.899502e+01
3.409093e+14,8.000000e+01
1.468159e+14,8.000000e+01
1.468159e+14,8.000000e+01
7.471983e+13,8.000000e+01
2.943514e+13,3.499587e+01
2.943514e+13,5.000044e+00
2.157835e+13,7.899784e+01
1.403786e+13,5.000191e+00
7.331941e+13,6.882719e+01
6.683452e+13,4.210110e+01
6.707592e+13,4.702591e+01
2.623081e+13,2.768703e+01
2.884910e+13,2.756691e+01
3.967347e+13,3.447366e+01
1.365134e+13,7.899489e+01
2.996594e+13,7.899279e+01
1.208730e+13,7.899765e+01
4.832743e+13,7.898943e+01
4.133187e+13,7.899531e+01
2.961037e+13,6.436673e+01
2.094850e+13,7.897490e+01
6.494707e+13,4.366263e+01
2.387893e+14,8.000000e+01
2.387893e+14,8.000000e+01
3.721947e+13,7.862501e+01
1.715879e+15,8.000000e+01
2.023114e+13,7.899360e+01
1.837132e+13,7.896955e+01
5.206192e+13,4.432327e+01
2.494122e+13,2.606545e+01
1.819660e+13,7.898717e+01
3.254844e+13,3.201125e+01
4.716037e+13,5.945805e+01
4.716037e+13,5.000004e+00
9.455298e+12,7.898034e+01
1.337724e+13,7.899648e+01
1.030692e+15,8.000000e+01
3.664526e+13,3.501418e+01
1.038246e+13,7.899794e+01
1.452631e+13,7.897141e+01
2.543344e+13,7.898330e+01
2.100923e+13,7.898835e+01
3.702360e+14,8.000000e+01
3.702360e+14,8.000000e+01
1.338626e+13,7.899691e+01
2.225555e+13,7.899534e+01
8.725731e+14,8.000000e+01
1.498647e+13,7.895939e+01
4.788990e+13,5.945805e+01
3.024547e+13,7.899309e+01
2.757808e+14,8.000000e+01
4.263524e+13,3.321242e+01
2.384147e+13,2.900000e+01
1.183461e+13,7.895315e+01
1.341885e+13,7.899494e+01
1.951950e+13,7.899441e+01
1.262689e+13,7.899397e+01
1.551659e+13,7.899755e+01
1.069744e+14,5.183060e+01
2.893298e+15,8.000000e+01
2.893298e+15,8.000000e+01
3.725871e+14,8.000000e+01
1.317221e+14,7.873687e+01
1.693362e+14,6.954790e+01
3.313276e+13,2.768703e+01
2.931564e+13,2.870803e+01
6.824495e+13,3.783694e+01
1.279982e+14,8.000000e+01
1.297693e+13,7.899781e+01
8.814906e+14,8.000000e+01
8.814906e+14,8.000000e+01
8.814906e+14,8.000000e+01
8.814906e+14,8.000000e+01
8.814906e+14,8.000000e+01
1.564494e+14,5.074955e+01
1.730960e+13,7.898257e+01
4.061298e+13,3.297219e+01
3.445797e+13,3.735647e+01
1.113207e+14,6.774614e+01
3.063927e+14,7.309136e+01
8.479419e+13,2.300000e+01
1.383257e+13,7.889827e+01
3.766311e+13,3.231155e+01
1.729764e+13,7.899525e+01
2.142175e+13,7.899558e+01
8.566074e+13,7.477300e+01
4.290366e+13,3.357278e+01
1.886009e+13,7.899664e+01
1.687759e+13,7.881411e+01
2.771687e+13,2.672609e+01
8.098884e+13,5.123001e+01
1.415229e+13,7.507449e+01
2.473733e+13,5.000036e+00
9.511312e+14,8.000000e+01
3.716018e+13,4.912796e+01
2.566498e+13,4.999997e+00
2.819634e+14,6.630473e+01
1.261221e+13,7.899346e+01
1.228707e+14,4.492386e+01
2.268440e+13,7.899375e+01
5.690981e+13,4.198099e+01
1.821319e+14,6.870708e+01
5.920365e+13,3.813723e+01
1.531924e+13,7.899755e+01
6.548300e+13,4.133033e+01
7.083467e+14,8.000000e+01
7.083467e+14,8.000000e+01
1.688208e+13,7.899018e+01
2.942256e+13,7.899079e+01
2.154950e+13,7.899054e+01
5.926343e+14,8.000000e+01
8.431540e+14,8.000000e+01
2.828757e+13,3.111037e+01
5.240229e+13,3.693606e+01
7.078774e+14,8.000000e+01
1.134957e+14,7.831646e+01
6.458913e+13,5.092972e+01
1.018210e+14,6.017875e+01
2.700443e+13,2.810744e+01
9.983432e+13,3.465383e+01
1.652975e+14,8.000000e+01
4.837682e+13,3.417336e+01
2.598171e+13,5.000078e+00
6.521060e+13,4.059964e+01
1.232061e+13,7.899806e+01
2.884976e+13,2.624562e+01
6.915879e+13,5.695516e+01
8.876546e+14,8.000000e+01
1.139152e+13,7.899832e+01
4.331623e+13,3.471389e+01
3.019972e+15,8.000000e+01
1.214220e+14,8.000000e+01
1.214220e+14,8.000000e+01
4.328060e+13,2.096439e+01
7.563455e+13,4.618509e+01
5.322295e+13,5.000187e+00
5.322295e+13,5.000106e+00
2.120647e+13,7.899818e+01
2.290069e+13,7.899174e+01
3.384227e+14,8.000000e+01
3.040782e+13,7.898479e+01
1.071782e+13,7.899708e+01
1.144088e+14,8.000000e+01
1.144088e+14,8.000000e+01
1.770880e+13,7.899621e+01
7.195063e+13,5.141019e+01
1.575631e+13,7.915588e+01
5.795818e+13,4.999981e+00
6.269223e+13,6.390239e+01
5.993003e+13,4.498392e+01
1.885037e+13,7.899563e+01
2.313269e+13,7.899152e+01
4.233340e+14,8.000000e+01
9.437573e+13,6.492338e+01
4.207938e+15,8.000000e+01
2.884863e+13,2.840773e+01
5.427908e+13,3.831741e+01
3.919636e+13,3.225149e+01
1.921566e+14,8.000000e+01
1.921566e+14,8.000000e+01
1.921566e+14,8.000000e+01
1.038051e+14,4.438333e+01
6.388688e+13,4.041946e+01
1.763814e+13,7.899774e+01
1.056645e+14,7.711529e+01
1.085210e+14,8.000000e+01
2.468326e+13,2.648586e+01
3.526393e+13,7.899352e+01
2.885974e+13,7.897018e+01
2.966555e+13,7.898752e+01
8.845218e+13,4.168069e+01
2.843491e+13,2.990920e+01
1.294925e+15,8.000000e+01
2.863045e+14,7.621441e+01
2.854377e+14,6.972807e+01
1.714268e+13,7.899264e+01
4.008892e+13,5.000011e+00
4.008892e+13,7.898115e+01
4.290123e+13,7.896167e+01
9.126416e+13,4.474368e+01
9.677315e+14,8.000000e+01
9.677315e+14,8.000000e+01
1.182771e+16,8.000000e+01
3.159975e+13,2.882814e+01
4.089494e+14,6.912749e+01
2.883087e+14,8.000000e+01
3.096040e+14,7.789605e+01
1.820999e+13,7.899444e+01
1.586612e+13,7.908846e+01
1.256151e+13,7.895945e+01
1.151889e+14,8.000000e+01
3.869951e+13,3.843753e+01
1.310111e+14,8.000000e+01
1.310111e+14,8.000000e+01
5.105847e+13,3.609524e+01
7.422301e+13,4.204104e+01
4.450052e+13,3.381301e+01
1.922380e+14,5.537406e+01
2.447665e+14,7.525347e+01
8.483735e+13,5.819682e+01
7.920669e+13,5.951811e+01
1.789049e+13,7.897558e+01
2.336054e+13,7.897579e+01
4.254941e+13,3.873782e+01
5.334718e+13,3.927835e+01
2.231765e+13,4.999825e+00
1.894815e+14,8.000000e+01
1.894815e+14,8.000000e+01
9.281057e+13,6.528374e+01
1.325286e+14,5.189066e+01
1.770087e+13,7.899699e+01
1.917560e+14,8.000000e+01
1.917560e+14,8.000000e+01
4.223811e+13,7.899446e+01
4.223811e+13,7.899658e+01
9.774929e+13,7.993804e+01
6.746370e+13,4.732620e+01
5.513317e+13,7.899556e+01
2.174182e+13,2.444386e+01
5.209193e+13,3.555471e+01
7.255697e+13,4.276175e+01
3.489338e+13,7.899136e+01
9.928936e+13,4.918802e+01
1.249986e+13,7.897991e+01
8.496394e+14,8.000000e+01
3.682580e+13,3.705618e+01
1.494456e+13,5.000015e+00
7.395282e+14,8.000000e+01
9.102479e+13,6.402250e+01
3.189386e+14,8.000000e+01
3.189386e+14,8.000000e+01
3.189386e+14,8.000000e+01
2.254002e+13,3.298978e+01
2.973658e+13,4.998263e+00
3.172266e+14,8.000000e+01
2.710249e+14,5.939799e+01
2.806220e+13,4.999905e+00
1.651994e+14,8.000000e+01
7.867536e+13,7.183013e+01
1.202606e+14,8.000000e+01
1.202606e+14,8.000000e+01
2.555064e+14,6.978813e+01
1.175520e+13,7.899760e+01
1.629653e+13,7.899660e+01
1.484641e+15,8.000000e+01
2.290967e+13,7.898116e+01
1.623880e+13,7.899312e+01
5.359117e+14,8.000000e+01
3.367335e+14,6.756596e+01
2.199033e+13,5.281302e+01
9.042618e+14,8.000000e+01
1.404469e+14,4.726614e+01
6.085862e+14,8.000000e+01
2.458798e+13,2.822756e+01
2.345749e+13,7.899359e+01
5.297805e+13,4.228128e+01
4.214317e+13,7.899346e+01
1.251795e+13,7.899273e+01
2.830903e+13,2.816750e+01
1.061768e+14,4.103839e+01
1.347793e+14,8.000000e+01
1.425053e+14,4.912796e+01
2.850800e+13,3.381301e+01
6.822384e+13,5.387259e+01
8.511301e+13,5.933793e+01
4.566919e+13,4.696585e+01
5.933674e+13,4.522415e+01
8.574613e+13,8.000000e+01
2.401670e+13,6.722284e+01
1.096870e+13,7.899725e+01
1.289828e+13,7.899659e+01
1.222765e+13,7.899808e+01
2.236024e+13,2.898950e+01
7.899334e+13,4.360257e+01
1.304850e+13,7.899780e+01
2.382254e+14,8.000000e+01
2.090245e+13,2.372316e+01
1.085706e+14,6.834673e+01
3.907687e+13,2.942873e+01
9.548306e+13,5.549418e+01
1.595287e+13,7.899624e+01
4.863687e+13,5.885746e+01
5.445797e+13,3.843753e+01
2.915611e+13,2.990920e+01
8.790442e+12,7.897991e+01
1.293015e+13,7.898662e+01
5.181425e+13,3.783694e+01
1.562677e+14,5.183060e+01
5.363649e+13,5.207084e+01
7.157156e+13,4.642532e+01
3.224478e+13,3.249172e+01
5.532365e+14,8.000000e+01
5.532365e+14,8.000000e+01
4.790524e+13,4.510403e+01
2.065250e+13,7.897051e+01
1.646877e+13,7.899706e+01
2.418033e+14,8.000000e+01
2.841506e+15,7.993804e+01
9.245198e+13,4.348245e+01
4.796142e+13,3.621536e+01
3.856935e+13,3.789700e+01
3.070806e+14,8.000000e+01
3.070806e+14,8.000000e+01
3.070806e+14,8.000000e+01
6.394039e+13,5.129007e+01
2.470376e+13,7.895989e+01
9.396327e+13,4.792679e+01
1.400604e+14,6.210063e+01
1.681369e+13,7.899690e+01
1.111333e+14,5.771635e+01
6.252438e+13,3.663577e+01
1.261867e+14,7.899901e+01
1.261867e+14,5.000008e+00
1.261867e+14,7.899289e+01
7.177414e+13,3.645559e+01
1.606717e+13,7.898739e+01
1.105439e+13,7.899521e+01
1.239023e+13,7.899596e+01
2.208651e+13,4.998652e+00
3.226674e+13,7.896600e+01
2.880479e+13,2.858791e+01
5.061020e+13,3.267190e+01
6.912436e+13,5.000000e+00
6.912436e+13,5.819682e+01
1.315123e+13,7.898866e+01
2.025055e+13,7.898145e+01
1.300298e+14,7.074907e+01
1.686777e+13,7.899542e+01
1.314077e+14,8.000000e+01
5.500468e+13,7.441265e+01
1.174143e+13,7.896999e+01
5.168944e+13,4.450345e+01
1.840386e+13,7.899165e+01
2.005337e+14,8.000000e+01
3.323900e+13,3.585500e+01
9.348490e+13,4.654544e+01
5.580372e+13,5.309183e+01
4.487790e+13,3.699612e+01
1.506046e+13,7.897636e+01
1.445690e+14,4.480374e+01
3.690371e+13,3.531448e+01
1.034484e+14,4.558450e+01
2.792090e+13,2.900832e+01
2.668825e+13,2.612551e+01
1.131399e+14,4.858743e+01
6.463786e+13,3.921829e+01
5.769870e+14,6.204057e+01
1.210059e+13,7.899675e+01
2.684144e+13,7.898269e+01
2.578187e+13,7.899637e+01
3.387286e+14,8.000000e+01
3.387286e+14,8.000000e+01
4.424903e+13,4.023928e+01
4.021925e+14,8.000000e+01
4.021925e+14,8.000000e+01
2.776084e+13,4.299538e+01
2.367425e+13,7.892345e+01
9.794748e+12,7.891951e+01
1.589671e+13,7.894737e+01
3.402016e+13,7.898896e+01
1.491159e+14,8.000000e+01
1.491159e+14,8.000000e+01
1.257456e+14,5.207084e+01
2.058102e+13,7.899844e+01
1.229863e+14,8.000000e+01
1.229863e+14,8.000000e+01
3.101122e+13,2.936867e+01
2.168917e+13,7.899518e+01
7.852332e+13,4.972855e+01
8.088111e+13,4.083987e+01
5.723159e+13,4.558450e+01
5.723159e+13,7.898790e+01
5.891551e+13,4.899519e+01
2.205415e+13,7.895245e+01
2.189743e+13,7.898696e+01
1.190215e+14,5.068949e+01
1.366932e+14,2.700000e+01
6.598376e+13,3.681594e+01
2.461967e+13,7.893750e+01
1.799047e+13,7.898570e+01
1.044219e+13,7.899576e+01
3.603876e+13,3.297219e+01
3.505123e+16,8.000000e+01
3.505123e+16,8.000000e+01
2.463649e+13,2.750685e+01
4.773891e+15,8.000000e+01
4.569813e+13,3.255178e+01
1.343003e+14,7.519341e+01
3.153555e+13,7.899859e+01
1.300977e+16,8.000000e+01
8.699639e+13,4.288186e+01
3.673945e+13,3.873782e+01
1.559732e+13,7.899733e+01
7.466937e+13,6.011869e+01
3.102728e+13,7.894135e+01
1.576755e+13,7.899435e+01
6.686341e+13,7.898908e+01
5.171113e+14,8.000000e+01
1.096052e+14,7.899975e+01
1.096052e+14,7.898932e+01
1.096052e+14,7.899843e+01
4.936704e+13,3.789700e+01
1.840858e+13,3.707536e+01
1.358782e+15,8.000000e+01
5.469453e+13,5.297172e+01
4.824135e+13,7.898896e+01
4.824135e+13,7.899406e+01
2.941662e+13,3.585500e+01
2.507596e+13,4.997349e+00
1.902807e+13,7.897429e+01
9.826743e+13,7.899565e+01
9.826743e+13,8.000000e+01
1.074707e+14,6.096949e+01
3.695617e+14,8.000000e+01
2.052215e+14,5.333207e+01
1.509503e+14,7.633452e+01
2.116188e+15,8.000000e+01
6.230501e+13,4.894779e+01
1.315598e+13,7.899356e+01
2.228670e+13,7.899150e+01
2.632935e+14,6.204057e+01
5.024597e+13,4.999890e+00
1.844894e+13,7.899676e+01
6.235884e+13,4.011917e+01
2.063058e+13,7.899592e+01
1.337450e+13,7.899841e+01
1.308420e+14,8.000000e+01
1.308420e+14,8.000000e+01
1.283926e+13,7.897069e+01
4.336119e+13,4.047952e+01
6.546855e+13,4.732620e+01
1.486036e+13,7.421921e+01
7.123003e+13,7.645464e+01
3.441001e+13,3.195119e+01
2.786425e+13,7.899343e+01
1.911531e+13,7.899451e+01
9.376667e+13,7.813628e+01
1.604455e+14,5.357230e+01
3.340185e+13,3.243166e+01
3.630871e+14,6.384233e+01
6.674813e+13,3.525442e+01
1.040569e+20,8.000000e+01
1.040569e+20,8.000000e+01
1.040569e+20,8.000000e+01
1.040569e+20,8.000000e+01
1.040569e+20,8.000000e+01
1.040569e+20,8.000000e+01
2.774567e+14,7.900150e+01
1.422820e+14,4.456351e+01
3.095441e+13,7.897810e+01
9.739326e+13,7.915728e+01
7.375704e+13,4.180081e+01
8.237888e+13,6.504350e+01
8.237888e+13,6.504350e+01
2.064782e+13,7.824080e+01
9.598909e+13,8.000000e+01
6.544060e+14,8.000000e+01
4.330072e+17,8.000000e+01
4.330072e+17,8.000000e+01
5.629487e+13,4.444339e+01
4.298182e+13,7.899877e+01
9.499945e+13,4.810697e+01
1.526417e+15,8.000000e+01
1.526417e+15,8.000000e+01
3.777838e+13,3.921829e+01
2.638554e+14,8.000000e+01
2.638554e+14,8.000000e+01
5.660793e+13,7.900000e+01
5.660793e+13,7.899166e+01
1.240657e+13,7.899783e+01
1.726673e+13,7.896991e+01
4.790796e+13,7.899188e+01
4.790796e+13,7.899304e+01
1.143473e+15,8.000000e+01
6.000922e+14,8.000000e+01
3.677167e+13,3.135061e+01
4.654504e+14,8.000000e+01
4.654504e+14,8.000000e+01
1.606826e+13,7.897908e+01
2.701450e+14,8.000000e+01
1.294987e+13,7.898802e+01
9.906151e+13,7.899776e+01
3.583421e+14,8.000000e+01
1.533557e+13,7.899369e+01
3.880218e+13,4.089993e+01
1.472297e+13,7.897052e+01
2.922786e+13,7.894409e+01
3.472369e+13,3.111037e+01
1.553765e+13,7.899704e+01
1.256409e+14,5.933793e+01
1.534601e+14,8.000000e+01
1.534601e+14,8.000000e+01
6.228302e+13,4.480374e+01
1.126260e+13,7.899630e+01
4.977108e+13,3.627541e+01
4.552292e+13,3.891799e+01
6.735003e+13,6.011869e+01
1.334578e+13,7.899353e+01
3.215415e+13,3.399319e+01
1.413537e+14,8.000000e+01
5.217712e+13,6.360209e+01
2.639278e+14,8.000000e+01
5.185011e+13,6.119975e+01
3.126172e+13,2.972902e+01
3.103483e+13,3.207131e+01
4.184064e+14,8.000000e+01
1.316768e+13,7.913051e+01
1.078089e+13,7.899088e+01
5.534556e+13,4.390286e+01
4.163124e+13,4.306204e+01
1.731368e+14,6.372221e+01
8.085324e+14,8.000000e+01
5.232907e+14,8.000000e+01
8.919161e+13,6.252104e+01
7.001818e+13,5.381254e+01
1.563137e+13,7.897725e+01
2.887826e+14,8.000000e+01
2.887826e+14,8.000000e+01
7.442763e+13,8.000000e+01
3.899617e+13,4.540433e+01
5.188547e+13,3.669583e+01
3.926652e+13,4.444339e+01
7.581542e+13,6.504350e+01
8.142726e+13,4.750638e+01
2.731897e+13,7.899546e+01
1.039612e+13,2.704461e+01
2.004952e+14,8.000000e+01
2.004952e+14,8.000000e+01
1.237087e+13,7.899695e+01
2.157554e+13,7.840895e+01
2.736156e+13,2.852785e+01
1.817933e+13,7.899575e+01
5.869703e+13,4.600491e+01
1.656264e+14,6.654497e+01
7.232496e+13,4.288186e+01
3.082396e+13,5.000497e+00
3.082396e+13,6.471729e+01
1.255018e+13,7.899796e+01
1.067960e+14,4.312210e+01
1.812036e+13,4.999339e+00
1.997328e+13,7.899059e+01
2.491585e+13,7.797859e+01
4.276297e+13,3.291213e+01
2.342295e+13,7.899562e+01
9.031154e+13,8.000000e+01
9.031154e+13,8.000000e+01
6.629014e+13,4.282181e+01
1.586928e+13,7.899458e+01
1.025032e+13,7.899672e+01
1.514340e+13,7.898289e+01
3.544174e+13,4.053958e+01
1.266279e+13,7.899645e+01
1.216992e+14,8.000000e+01
2.672538e+13,7.899172e+01
1.408775e+13,7.893120e+01
3.784407e+13,3.285207e+01
5.176697e+13,3.927835e+01
3.807593e+13,3.717629e+01
1.794702e+13,7.899440e+01
3.226473e+13,2.078029e+01
2.475179e+14,7.717534e+01
3.074638e+13,3.633547e+01
1.165105e+14,8.000000e+01
2.945786e+13,2.654592e+01
3.718801e+13,3.441360e+01
7.513560e+14,6.984819e+01
1.462720e+13,7.899727e+01
1.083211e+14,7.255083e+01
1.005575e+14,7.915262e+01
8.597736e+14,8.000000e+01
5.428474e+14,8.000000e+01
2.691364e+13,7.889987e+01
1.950964e+13,7.899354e+01
1.322027e+13,7.899595e+01
2.527598e+13,2.588527e+01
1.369478e+13,7.899715e+01
3.942941e+13,4.414310e+01
1.870582e+13,4.999209e+00
5.751805e+13,4.786673e+01
6.363394e+13,5.669535e+01
2.917825e+13,2.924855e+01
1.279907e+14,8.000000e+01
1.048226e+14,6.005863e+01
6.101531e+13,4.372269e+01
2.588962e+13,7.898526e+01
2.795429e+13,2.954885e+01
7.372194e+13,6.204057e+01
1.130760e+13,2.300000e+01
3.105133e+13,6.005831e+01
7.203901e+13,3.765676e+01
6.254803e+13,4.114016e+01
2.610833e+14,8.000000e+01
1.229488e+15,8.000000e+01
1.229488e+15,8.000000e+01
3.142941e+13,4.998884e+00
4.611819e+14,7.297124e+01
6.308953e+13,5.000000e+00
6.308953e+13,7.899611e+01
4.501547e+13,3.483401e+01
6.232905e+13,6.462309e+01
6.232905e+13,6.462309e+01
7.806553e+13,6.384233e+01
4.579372e+13,7.899014e+01
2.546695e+13,7.899378e+01
2.535086e+13,2.594533e+01
2.043540e+13,7.899695e+01
1.488184e+13,7.899590e+01
1.399725e+13,7.899719e+01
4.257510e+13,3.543459e+01
2.375280e+13,7.899212e+01
4.677557e+13,7.899089e+01
2.973559e+13,7.899644e+01
1.711831e+13,7.900000e+01
2.374687e+13,4.999547e+00
8.348679e+13,6.738579e+01
1.003421e+13,7.898566e+01
6.605155e+13,7.899387e+01
6.605155e+13,5.000002e+00
1.269903e+14,6.498344e+01
1.947174e+14,6.336186e+01
9.242035e+12,7.899778e+01
5.438950e+13,7.899702e+01
5.438950e+13,7.899877e+01
2.538248e+14,7.699517e+01
2.057460e+13,7.898544e+01
3.655111e+13,7.899248e+01
8.571319e+13,4.192093e+01
1.255339e+14,6.137992e+01
8.762197e+15,8.000000e+01
1.397366e+14,7.297124e+01
1.397366e+14,7.297124e+01
2.054317e+13,7.889260e+01
2.474305e+13,7.899798e+01
1.068371e+15,8.000000e+01
3.093478e+13,2.100000e+01
2.636681e+13,4.999456e+00
3.137336e+13,3.056984e+01
8.088748e+13,8.000000e+01
8.088748e+13,8.000000e+01
1.149793e+13,7.899778e+01
1.437390e+14,8.000000e+01
1.437390e+14,8.000000e+01
1.437390e+14,8.000000e+01
4.025383e+14,8.000000e+01
3.713721e+13,3.111037e+01
4.086331e+13,4.480374e+01
5.762537e+13,7.898515e+01
5.762537e+13,5.000009e+00
5.866980e+13,3.783694e+01
1.112543e+13,7.903843e+01
1.190206e+14,4.888773e+01
1.247499e+14,3.263399e+01
1.320845e+13,3.697919e+01
1.586336e+13,7.897656e+01
6.859417e+13,8.000000e+01
1.576331e+13,7.899696e+01
2.816602e+13,7.898730e+01
1.059416e+14,6.786626e+01
3.716677e+13,3.633547e+01
2.551554e+14,8.000000e+01
2.551554e+14,8.000000e+01
3.222408e+13,2.894826e+01
1.306732e+13,7.898644e+01
2.641661e+14,6.900737e+01
5.722845e+13,3.447366e+01
1.743711e+13,7.899067e+01
8.328139e+13,5.609476e+01
8.328139e+13,5.609476e+01
8.179670e+14,8.000000e+01
8.179670e+14,8.000000e+01
2.742813e+13,2.984914e+01
2.064979e+14,8.000000e+01
2.064979e+14,8.000000e+01
1.538428e+14,5.837699e+01
1.926581e+13,7.898833e+01
9.670294e+13,5.411283e+01
2.324215e+13,7.899792e+01
4.600135e+13,7.899316e+01
1.285500e+13,7.899538e+01
7.430488e+14,8.000000e+01
4.637903e+15,8.000000e+01
6.246677e+14,8.000000e+01
2.315914e+13,7.898331e+01
2.847792e+13,7.899088e+01
6.399389e+13,5.000147e+00
1.622796e+13,7.897797e+01
6.944409e+13,2.924855e+01
1.880387e+14,8.000000e+01
2.627054e+13,7.893203e+01
7.291783e+13,4.288186e+01
1.869371e+13,7.898559e+01
7.482931e+14,8.000000e+01
1.795115e+13,7.899498e+01
1.871271e+14,6.498344e+01
5.276499e+13,3.465383e+01
9.375240e+13,4.282181e+01
2.209399e+13,7.890412e+01
4.964441e+13,3.573489e+01
7.681383e+13,3.693606e+01
2.270220e+13,7.898725e+01
3.680539e+13,3.183108e+01
7.308511e+13,3.801712e+01
6.045752e+13,4.630521e+01
2.371392e+14,7.177007e+01
4.865807e+13,4.456351e+01
6.207850e+13,5.219095e+01
2.403699e+14,6.978813e+01
5.640717e+13,3.669583e+01
2.407963e+13,7.892677e+01
3.377413e+13,3.369289e+01
1.011009e+14,4.732620e+01
4.740928e+13,3.807717e+01
1.195704e+13,7.899852e+01
2.380208e+13,7.899612e+01
3.234755e+15,8.000000e+01
1.417703e+14,5.201078e+01
4.672319e+13,5.675541e+01
8.992476e+13,4.095150e+01
7.976804e+13,4.516409e+01
2.843998e+13,7.899269e+01
3.257261e+13,3.159084e+01
1.879033e+13,7.899636e+01
1.639228e+13,4.999787e+00
5.636046e+13,3.189113e+01
1.924897e+13,7.891701e+01
2.095186e+14,8.000000e+01
6.744149e+14,7.807622e+01
5.782874e+13,4.570462e+01
7.693612e+13,5.849711e+01
4.240885e+15,8.000000e+01
4.240885e+15,8.000000e+01
1.824290e+13,7.899683e+01
3.458936e+13,2.798732e+01
1.708180e+14,5.309183e+01
1.823674e+14,4.888773e+01
1.138201e+13,7.899143e+01
2.203865e+13,7.898910e+01
2.042488e+13,7.898347e+01
2.596946e+13,7.896045e+01
1.131813e+14,4.396292e+01
1.041829e+14,6.522368e+01
2.954747e+14,6.198051e+01
1.788773e+14,5.585453e+01
8.748386e+13,4.252151e+01
1.237268e+13,7.899462e+01
3.423328e+13,2.792726e+01
1.582369e+13,7.899486e+01
4.240990e+13,3.477395e+01
6.100446e+13,4.168069e+01
8.613414e+13,4.630521e+01
6.142085e+13,4.606497e+01
3.936252e+13,3.477395e+01
5.772887e+13,4.822708e+01
4.648939e+14,6.372221e+01
1.879303e+14,5.123001e+01
1.220411e+13,7.898402e+01
1.890629e+13,7.899451e+01
1.621008e+13,7.899704e+01
1.527405e+14,7.603423e+01
9.635141e+13,7.969781e+01
3.388217e+13,3.020949e+01
3.017435e+13,3.585500e+01
1.303471e+14,8.000000e+01
3.037504e+14,7.327153e+01
9.204008e+14,8.000000e+01
9.204008e+14,8.000000e+01
2.906783e+13,7.899714e+01
2.906783e+13,7.899906e+01
2.093123e+13,7.899253e+01
1.337591e+13,7.899653e+01
1.262668e+13,7.892966e+01
6.003744e+13,4.999756e+00
5.456653e+13,4.768656e+01
2.852977e+13,5.044592e+01
3.428200e+13,3.717629e+01
1.084099e+14,5.567435e+01
3.342136e+14,7.753570e+01
5.615240e+14,8.000000e+01
1.592793e+13,6.310547e+01
4.770043e+13,3.405325e+01
5.944368e+13,3.789700e+01
6.238921e+13,2.564504e+01
9.860925e+13,6.558403e+01
1.516691e+14,8.000000e+01
1.305313e+13,7.898560e+01
3.485094e+14,8.000000e+01
3.524727e+13,3.687600e+01
2.378248e+14,7.171001e+01
2.749927e+13,7.899581e+01
3.239385e+13,7.899563e+01
8.129974e+13,4.948831e+01
8.073773e+13,4.906790e+01
2.534548e+13,2.912844e+01
4.361049e+13,3.549465e+01
1.507249e+13,7.899439e+01
2.383216e+14,8.000000e+01
4.299860e+14,7.981792e+01
2.406629e+13,4.526128e+01
1.206207e+14,6.174028e+01
2.934856e+13,2.834768e+01
3.841131e+13,5.249125e+01
2.743524e+13,7.899084e+01
2.357457e+13,7.894958e+01
5.444881e+13,4.246145e+01
5.692273e+13,4.504398e+01
2.514263e+14,8.000000e+01
2.514263e+14,8.000000e+01
3.339398e+13,3.044973e+01
3.087637e+13,3.375295e+01
7.202357e+13,4.600491e+01
7.052924e+13,5.741605e+01
1.100742e+14,4.750638e+01
5.557792e+14,8.000000e+01
1.664816e+13,7.899715e+01
2.112157e+14,8.000000e+01
1.385076e+14,8.000000e+01
1.385076e+14,4.999939e+00
2.874553e+13,3.050979e+01
3.493507e+13,3.231155e+01
1.629953e+13,7.896190e+01
4.113924e+13,4.174075e+01
1.144426e+13,7.898552e+01
2.594017e+13,7.898676e+01
2.013851e+14,6.636479e+01
8.811346e+13,7.789605e+01
4.322230e+13,5.000000e+00
1.462314e+14,6.972807e+01
2.438570e+13,7.898502e+01
1.326879e+14,8.000000e+01
9.635009e+13,5.999858e+01
6.267915e+13,3.987893e+01
2.089600e+13,4.999510e+00
3.437315e+13,2.942873e+01
2.004650e+13,7.895344e+01
3.336100e+13,7.899168e+01
5.313915e+13,4.041946e+01
3.837338e+13,7.886890e+01
1.131515e+14,6.672514e+01
1.285027e+14,8.000000e+01
1.285027e+14,8.000000e+01
6.191322e+13,5.000012e+00
6.191322e+13,5.483353e+01
2.907129e+13,2.816750e+01
1.285633e+14,8.000000e+01
1.285633e+14,8.000000e+01
1.285633e+14,8.000000e+01
2.130109e+14,8.000000e+01
9.376632e+13,5.243119e+01
1.010488e+15,7.651470e+01
4.526591e+13,3.471389e+01
3.615860e+14,7.435259e+01
1.410673e+14,4.744632e+01
1.108353e+14,4.720609e+01
1.991039e+13,7.899803e+01
9.762306e+13,5.777641e+01
1.241425e+13,7.896815e+01
8.627882e+13,6.720561e+01
4.517131e+14,8.000000e+01
4.517131e+14,8.000000e+01
3.150584e+13,3.002932e+01
3.842967e+13,7.898896e+01
2.553910e+13,4.998990e+00
3.026520e+13,7.897316e+01
2.567197e+13,7.899336e+01
4.594882e+14,8.000000e+01
3.708094e+14,7.417241e+01
5.146611e+13,7.899631e+01
5.146611e+13,7.899850e+01
2.984321e+13,3.159084e+01
3.001250e+13,4.999605e+00
3.188724e+13,3.339260e+01
2.912474e+13,2.816750e+01
3.360262e+13,3.441360e+01
6.667047e+13,4.966849e+01
4.693519e+13,3.633547e+01
2.566309e+13,2.858791e+01
2.043019e+13,7.899525e+01
6.810072e+13,6.180033e+01
6.810072e+13,6.180033e+01
1.160011e+13,7.899780e+01
3.446764e+13,4.696585e+01
1.734073e+13,7.886791e+01
1.973108e+13,7.899036e+01
3.013974e+13,3.891799e+01
4.955194e+13,4.852738e+01
3.096086e+13,3.285207e+01
1.940822e+13,7.897925e+01
5.890384e+13,3.567483e+01
1.056481e+14,6.822661e+01
3.466828e+13,2.996926e+01
1.739408e+13,7.909467e+01
7.640451e+13,3.675588e+01
1.908270e+13,7.899451e+01
1.800026e+13,7.899468e+01
1.125650e+14,5.062943e+01
2.486746e+13,4.998213e+00
1.799165e+13,7.897185e+01
7.161878e+13,4.690579e+01
1.235319e+14,8.000000e+01
1.419757e+13,7.899849e+01
2.499715e+13,4.998945e+00
1.214742e+14,6.834673e+01
5.096501e+13,5.243119e+01
2.588826e+13,2.846779e+01
1.016279e+14,8.000000e+01
1.195733e+14,5.693558e+01
2.419639e+13,2.762697e+01
5.471893e+13,7.538738e+01
5.471893e+13,7.939751e+01
6.910150e+13,8.000000e+01
6.910150e+13,8.000000e+01
1.950037e+13,7.891734e+01
1.267464e+14,8.000000e+01
1.267464e+14,8.000000e+01
1.267464e+14,8.000000e+01
1.267464e+14,8.000000e+01
2.574501e+13,7.898502e+01
3.327187e+13,2.660597e+01
6.283061e+13,4.011917e+01
1.525458e+14,8.000000e+01
1.525458e+14,8.000000e+01
1.525458e+14,8.000000e+01
4.468203e+13,7.897997e+01
3.617720e+14,6.510356e+01
1.278874e+13,3.099371e+01
1.061644e+13,7.897949e+01
1.437285e+13,7.898982e+01
1.544265e+13,7.899673e+01
5.297848e+13,3.717629e+01
3.949180e+13,4.240140e+01
2.207863e+13,7.898988e+01
8.588129e+13,2.900000e+01
3.209105e+13,3.819729e+01
4.329303e+13,4.999042e+00
1.337152e+13,7.899760e+01
1.473511e+14,8.000000e+01
5.153254e+13,7.898303e+01
5.153254e+13,7.899229e+01
1.164200e+13,7.899524e+01
1.571556e+13,6.829877e+01
1.838875e+13,7.895717e+01
3.600234e+14,6.426274e+01
7.757125e+13,7.801617e+01
1.114631e+13,7.899596e+01
9.677228e+12,7.899777e+01
2.025523e+14,5.363236e+01
2.301057e+14,5.537406e+01
4.437896e+13,3.783694e+01
3.643769e+13,4.756644e+01
3.643769e+13,5.000004e+00
1.985941e+13,7.899571e+01
2.630143e+13,2.936867e+01
2.046417e+13,7.899764e+01
1.744097e+13,7.898841e+01
6.231011e+13,5.417289e+01
5.686422e+13,3.609524e+01
4.869603e+13,4.144046e+01
3.244094e+13,3.909817e+01
5.954340e+14,8.000000e+01
5.954340e+14,8.000000e+01
1.233981e+16,8.000000e+01
1.271006e+13,4.999723e+00
8.416393e+13,4.246145e+01
5.361639e+13,7.899448e+01
5.361639e+13,7.899329e+01
9.348473e+14,8.000000e+01
2.854936e+13,7.898656e+01
7.333404e+13,3.957864e+01
1.316613e+13,7.899785e+01
4.104005e+14,8.000000e+01
4.104005e+14,8.000000e+01
4.104005e+14,8.000000e+01
1.281315e+14,6.528374e+01
2.244240e+13,2.492433e+01
3.654627e+14,8.000000e+01
3.799535e+13,3.609524e+01
2.014841e+14,8.000000e+01
3.913866e+13,5.000019e+00
3.913866e+13,4.282181e+01
2.836107e+13,7.899426e+01
1.000068e+13,7.894253e+01
5.535233e+13,6.222074e+01
5.535233e+13,5.000006e+00
1.744297e+13,7.896400e+01
4.854550e+13,5.116996e+01
2.666212e+13,7.898675e+01
3.085322e+13,3.135061e+01
3.393723e+13,3.741653e+01
5.277391e+13,4.654544e+01
1.561565e+13,7.899465e+01
4.392583e+14,8.000000e+01
9.002257e+13,5.165043e+01
1.894145e+13,7.899810e+01
3.567983e+13,3.429348e+01
2.597076e+13,2.798732e+01
3.840852e+13,4.450345e+01
1.860533e+14,6.137992e+01
3.083729e+13,2.864797e+01
7.326655e+13,4.816702e+01
1.171923e+14,4.576468e+01
1.209169e+15,8.000000e+01
1.209169e+15,8.000000e+01
4.323734e+13,7.948582e+01
1.961622e+16,8.000000e+01
1.961622e+16,8.000000e+01
1.961622e+16,8.000000e+01
3.528922e+13,3.573489e+01
5.686373e+13,4.750638e+01
1.606232e+13,7.899759e+01
1.276455e+13,7.899780e+01
1.187867e+14,8.000000e+01
1.187867e+14,8.000000e+01
4.821365e+13,5.669535e+01
2.327677e+13,7.899785e+01
1.641221e+13,7.897818e+01
1.948155e+14,8.000000e+01
1.948155e+14,8.000000e+01
1.934574e+15,8.000000e+01
8.162730e+14,6.984819e+01
1.361194e+15,7.957769e+01
3.456033e+13,3.753665e+01
1.246029e+13,7.899814e+01
5.414138e+13,5.981840e+01
1.890721e+13,7.899846e+01
2.211936e+13,2.510451e+01
6.807534e+13,3.597512e+01
2.065460e+14,8.000000e+01
7.511250e+13,4.522415e+01
7.801983e+13,5.255130e+01
1.586031e+13,7.899381e+01
4.684337e+14,7.447271e+01
1.173443e+13,4.704662e+01
5.546141e+13,7.899031e+01
5.546141e+13,4.999999e+00
9.425453e+13,6.035893e+01
8.970687e+14,8.000000e+01
8.970687e+14,8.000000e+01
2.374648e+13,2.576515e+01
1.560023e+13,7.889937e+01
1.434696e+14,8.000000e+01
1.434696e+14,8.000000e+01
5.601585e+13,6.990825e+01
3.010652e+13,4.017923e+01
3.875751e+13,7.899026e+01
1.511465e+14,7.939751e+01
1.851676e+13,7.884581e+01
2.406520e+13,7.898331e+01
1.508323e+15,8.000000e+01
1.508323e+15,8.000000e+01
1.508323e+15,8.000000e+01
2.217079e+14,8.000000e+01
1.303062e+14,4.606497e+01
1.058967e+15,8.000000e+01
3.620935e+13,2.930861e+01
3.038585e+14,5.975834e+01
2.079021e+14,8.000000e+01
2.079021e+14,8.000000e+01
1.214346e+13,7.899530e+01
3.452966e+13,3.333254e+01
7.091472e+15,8.000000e+01
3.856350e+13,3.939846e+01
6.504382e+13,5.873734e+01
6.316121e+13,3.837747e+01
2.507522e+15,8.000000e+01
8.992037e+13,8.000000e+01
8.992037e+13,8.000000e+01
3.566116e+13,7.898995e+01
4.803801e+14,8.000000e+01
1.564585e+13,7.899431e+01
4.505894e+14,6.702544e+01
2.409113e+13,2.594533e+01
1.333209e+14,8.000000e+01
1.333209e+14,8.000000e+01
4.182841e+13,3.441360e+01
1.779095e+14,5.993852e+01
2.573672e+13,7.898545e+01
1.592629e+13,7.899488e+01
1.193830e+13,7.899820e+01
2.688622e+13,2.864797e+01
1.931795e+13,7.898940e+01
8.702460e+13,5.309183e+01
1.289239e+14,5.957816e+01
1.345555e+13,4.999659e+00
1.215018e+14,4.882767e+01
4.326533e+13,7.898752e+01
6.601402e+13,5.369242e+01
1.102377e+13,7.899656e+01
5.203631e+13,5.020902e+01
4.218086e+13,4.294192e+01
7.806655e+13,3.729641e+01
2.287465e+13,7.898769e+01
2.472266e+13,2.720656e+01
1.015905e+14,5.098978e+01
5.991160e+13,3.759670e+01
1.497668e+13,7.899730e+01
6.771988e+13,2.503333e+01
1.878540e+13,7.897313e+01
8.076759e+13,5.008890e+01
4.506958e+13,7.899789e+01
1.893984e+13,7.896401e+01
5.030396e+17,8.000000e+01
2.171091e+13,7.898755e+01
4.228118e+13,3.423342e+01
2.231454e+14,8.000000e+01
1.714971e+13,7.899224e+01
2.061256e+13,7.899698e+01
5.730747e+13,4.654544e+01
1.257768e+14,8.000000e+01
1.257768e+14,7.899154e+01
3.850807e+13,3.097726e+01
3.088978e+14,8.000000e+01
1.756056e+13,2.900000e+01
2.555146e+13,7.899151e+01
1.234086e+15,8.000000e+01
1.234086e+15,8.000000e+01
1.234086e+15,8.000000e+01
1.216153e+13,7.898916e+01
1.543181e+14,8.000000e+01
1.543181e+14,8.000000e+01
1.543181e+14,8.000000e+01
8.486461e+13,5.189066e+01
1.002063e+14,4.708597e+01
1.799826e+15,7.681499e+01
3.452570e+13,7.899207e+01
3.178213e+13,7.899365e+01
1.506512e+14,5.116996e+01
1.656123e+13,7.899450e+01
2.939024e+13,7.898775e+01
4.055979e+13,3.663577e+01
1.899575e+13,7.898916e+01
5.569988e+13,3.357278e+01
1.975349e+13,7.899514e+01
4.034756e+13,4.276175e+01
4.034756e+13,5.000001e+00
3.620317e+13,3.135061e+01
2.331245e+15,8.000000e+01
8.714641e+13,5.201078e+01
1.612936e+14,8.000000e+01
1.612936e+14,8.000000e+01
1.925314e+14,8.000000e+01
1.925314e+14,8.000000e+01
1.925314e+14,8.000000e+01
1.436861e+13,7.899823e+01
1.513271e+14,8.000000e+01
6.539302e+13,7.897723e+01
4.866195e+13,4.462357e+01
3.448672e+18,8.000000e+01
3.448672e+18,8.000000e+01
3.448672e+18,8.000000e+01
3.652669e+13,7.898887e+01
9.991566e+13,8.000000e+01
8.831820e+13,6.648491e+01
1.925219e+13,7.898415e+01
4.833311e+14,8.000000e+01
8.427348e+13,4.276175e+01
5.062900e+13,3.813723e+01
1.092120e+14,8.000000e+01
1.092120e+14,8.000000e+01
2.675313e+13,2.846779e+01
1.615709e+13,7.899472e+01
3.013942e+13,3.267190e+01
4.062857e+14,8.000000e+01
4.062857e+14,8.000000e+01
1.026795e+15,8.000000e+01
1.026795e+15,8.000000e+01
1.422537e+13,7.899791e+01
1.832865e+13,7.898974e+01
8.534966e+13,4.354251e+01
1.180720e+13,7.899836e+01
5.153536e+13,4.162063e+01
1.190767e+13,2.299319e+01
7.672395e+13,6.468315e+01
1.505672e+14,8.000000e+01
1.505672e+14,8.000000e+01
4.782093e+13,4.755676e+01
7.920609e+13,4.162063e+01
8.701873e+13,2.100000e+01
2.507434e+14,7.026860e+01
1.665101e+13,7.899831e+01
6.007996e+13,3.100372e+01
2.406408e+13,4.998178e+00
6.294116e+13,4.552444e+01
2.136871e+13,7.899934e+01
2.136871e+13,7.899901e+01
6.242071e+13,4.612503e+01
1.630574e+13,7.898831e+01
5.507074e+14,8.000000e+01
5.507074e+14,8.000000e+01
1.212046e+14,6.276127e+01
1.127697e+13,7.899670e+01
2.977238e+13,3.891799e+01
4.461465e+13,4.798685e+01
1.998049e+13,7.899480e+01
5.329744e+13,6.378227e+01
1.771074e+14,5.693558e+01
3.483267e+13,3.969876e+01
1.429112e+14,7.261089e+01
2.284302e+14,8.000000e+01
2.284302e+14,8.000000e+01
2.284302e+14,8.000000e+01
9.467096e+13,4.864749e+01
9.593350e+13,5.903764e+01
3.136254e+13,3.249172e+01
2.329027e+13,7.895871e+01
2.785899e+13,3.543459e+01
5.675878e+13,7.899672e+01
4.253543e+13,4.366263e+01
1.185354e+14,7.975787e+01
1.185354e+14,7.975787e+01
1.635536e+13,7.899720e+01
4.439260e+13,7.899101e+01
4.439260e+13,7.899605e+01
5.070789e+13,3.387307e+01
8.465179e+13,7.351177e+01
8.465179e+13,7.351177e+01
3.939134e+13,7.894358e+01
1.257304e+13,7.898773e+01
1.141907e+13,7.899599e+01
1.283869e+13,7.898001e+01
7.749885e+13,7.899323e+01
1.430083e+13,7.899811e+01
3.258767e+13,4.999596e+00
5.016145e+13,7.890469e+01
2.798860e+13,2.702639e+01
4.666218e+14,8.000000e+01
4.666218e+14,8.000000e+01
4.467337e+13,4.426321e+01
2.210388e+13,7.898547e+01
8.941961e+13,5.165043e+01
2.097409e+13,7.896072e+01
5.712650e+13,4.630521e+01
5.712650e+13,4.630521e+01
2.543830e+14,8.000000e+01
2.543830e+14,8.000000e+01
3.021793e+13,7.899824e+01
2.661034e+13,7.898099e+01
3.077471e+13,7.899420e+01
3.281973e+13,3.363284e+01
1.598341e+13,7.893202e+01
3.103743e+14,6.516362e+01
4.034846e+13,4.095999e+01
1.009914e+16,8.000000e+01
1.009914e+16,8.000000e+01
2.711706e+13,3.056984e+01
1.061637e+14,3.094111e+01
1.177368e+14,6.390239e+01
2.559614e+14,5.945805e+01
1.315112e+14,5.405277e+01
3.004582e+13,3.135061e+01
6.524120e+13,3.837747e+01
7.159923e+14,8.000000e+01
7.159923e+14,8.000000e+01
2.611096e+14,7.225054e+01
1.326343e+13,7.898469e+01
3.412587e+13,3.411330e+01
2.724345e+13,7.899824e+01
1.860453e+14,5.207084e+01
3.007834e+13,7.899464e+01
1.615795e+13,7.899754e+01
2.781010e+14,8.000000e+01
2.781010e+14,8.000000e+01
2.781010e+14,8.000000e+01
1.781499e+13,7.912644e+01
1.329022e+14,8.000000e+01
5.039582e+13,3.963870e+01
7.044424e+13,7.783599e+01
1.665330e+13,7.899672e+01
4.986164e+13,3.435354e+01
1.165177e+14,8.000000e+01
1.165177e+14,8.000000e+01
5.787473e+13,5.357230e+01
3.046229e+13,2.846779e+01
2.076273e+14,5.915775e+01
1.010187e+13,7.898792e+01
2.780304e+13,2.882814e+01
4.343922e+14,8.000000e+01
1.315974e+14,5.068949e+01
9.608305e+13,4.834720e+01
2.484467e+13,2.810744e+01
4.258192e+13,7.898121e+01
8.180812e+13,5.279154e+01
4.666014e+13,7.896397e+01
2.923615e+13,7.898869e+01
2.015771e+14,7.062895e+01
6.198195e+13,3.909817e+01
8.228033e+13,5.447318e+01
1.822704e+14,8.000000e+01
2.736217e+13,7.885026e+01
2.167550e+14,8.000000e+01
7.992137e+13,4.780667e+01
2.198334e+14,8.000000e+01
2.198334e+14,8.000000e+01
1.494008e+13,7.898227e+01
7.700213e+13,6.726567e+01
2.428361e+13,7.899373e+01
9.496189e+13,5.933793e+01
9.393912e+14,8.000000e+01
9.393912e+14,8.000000e+01
1.196421e+13,7.898512e+01
2.913059e+13,7.897961e+01
1.488640e+13,7.899684e+01
1.334770e+15,8.000000e+01
6.149518e+13,4.456351e+01
1.762948e+13,7.898301e+01
4.335295e+13,3.189113e+01
2.312224e+13,7.896705e+01
7.728192e+13,5.873734e+01
6.833562e+13,3.825735e+01
1.213848e+15,8.000000e+01
1.647272e+14,8.000000e+01
5.191517e+13,4.636527e+01
2.020384e+13,7.899828e+01
1.953495e+14,8.000000e+01
8.909262e+13,5.207084e+01
1.653347e+13,7.897391e+01
1.898726e+14,5.699564e+01
3.798406e+13,3.459377e+01
7.325469e+13,3.999905e+01
3.747568e+15,8.000000e+01
3.267554e+14,8.000000e+01
3.267554e+14,8.000000e+01
2.840420e+13,4.998696e+00
8.630837e+13,4.372269e+01
4.818387e+13,7.895354e+01
1.145208e+13,7.899524e+01
2.674145e+13,2.894826e+01
7.766137e+13,7.975787e+01
3.076416e+13,7.898791e+01
1.785033e+17,8.000000e+01
1.785033e+17,8.000000e+01
1.785033e+17,8.000000e+01
2.299161e+13,7.912198e+01
5.165049e+13,3.609524e+01
1.576526e+13,7.899302e+01
1.521960e+13,7.899056e+01
1.213091e+14,4.762650e+01
4.997017e+13,4.612503e+01
7.721990e+13,6.240092e+01
1.853922e+13,7.899713e+01
1.414006e+13,5.000066e+00
2.413310e+14,5.837699e+01
4.537981e+13,3.573489e+01
1.136514e+14,4.558450e+01
1.564922e+14,8.000000e+01
1.564922e+14,8.000000e+01
6.227007e+13,4.666556e+01
3.862550e+13,7.899806e+01
3.862550e+13,7.899724e+01
1.236532e+14,7.933746e+01
3.027597e+13,3.297219e+01
8.070603e+13,6.678520e+01
1.147930e+13,7.899805e+01
2.154160e+13,2.612551e+01
7.382620e+13,3.891799e+01
8.786518e+13,5.657523e+01
8.786518e+13,5.657523e+01
4.757932e+13,4.083987e+01
3.780557e+13,4.414310e+01
1.037925e+14,4.756644e+01
3.089675e+13,7.898532e+01
3.509305e+14,8.000000e+01
1.711785e+14,6.192045e+01
1.709659e+13,4.999868e+00
4.151490e+13,3.393313e+01
4.277229e+14,8.000000e+01
8.615198e+13,6.414262e+01
8.615198e+13,6.414262e+01
2.286575e+13,4.998818e+00
5.527029e+14,8.000000e+01
5.527029e+14,8.000000e+01
3.749209e+13,3.423342e+01
1.161702e+14,4.852738e+01
9.516270e+13,6.059916e+01
3.854706e+13,3.159084e+01
2.402907e+13,2.630568e+01
4.875845e+13,3.867776e+01
8.732492e+13,4.930814e+01
3.653832e+13,7.898555e+01
2.331119e+13,2.630568e+01
2.143724e+13,2.444386e+01
2.269773e+14,8.000000e+01
2.269773e+14,8.000000e+01
2.784200e+13,7.899402e+01
1.154399e+14,6.023881e+01
4.071562e+13,7.898933e+01
1.032225e+14,6.534379e+01
3.364635e+13,3.873782e+01
4.436578e+13,5.000048e+00
4.436578e+13,5.000128e+00
1.460399e+13,7.899839e+01
2.222377e+14,8.000000e+01
1.144038e+14,8.000000e+01
1.815191e+14,6.924760e+01
3.765344e+15,7.549370e+01
5.037791e+13,5.020902e+01
1.410826e+13,7.899040e+01
2.275802e+13,7.898797e+01
6.162454e+13,6.276127e+01
6.162454e+13,7.899682e+01
2.474030e+14,8.000000e+01
2.474030e+14,8.000000e+01
1.405518e+13,7.898878e+01
1.232117e+13,5.905212e+01
1.819491e+13,7.898562e+01
1.161764e+13,7.899513e+01
3.841438e+13,3.123049e+01
8.784763e+13,5.555424e+01
1.521617e+14,7.531353e+01
2.462335e+13,4.998440e+00
2.233426e+13,7.884439e+01
3.406024e+14,8.000000e+01
3.405278e+14,8.000000e+01
4.709821e+13,3.459377e+01
2.422091e+13,2.600539e+01
3.703159e+13,4.017923e+01
3.459241e+13,3.573489e+01
1.583746e+13,7.898859e+01
3.180166e+13,2.864797e+01
1.347556e+14,8.000000e+01
1.347556e+14,8.000000e+01
3.850873e+13,7.897334e+01
1.941774e+13,7.898609e+01
7.302589e+13,3.681594e+01
2.819353e+13,3.603518e+01
9.125682e+12,7.899817e+01
2.856248e+13,7.898942e+01
1.681142e+14,8.000000e+01
1.307045e+13,7.899723e+01
1.241263e+14,8.000000e+01
4.014763e+13,3.579495e+01
2.285217e+13,7.899727e+01
8.594997e+13,4.095999e+01
2.035422e+13,7.899346e+01
1.080195e+14,5.243119e+01
1.608857e+13,6.687601e+01
1.042308e+14,7.231060e+01
1.042308e+14,7.231060e+01
6.010432e+13,3.387307e+01
2.078770e+14,5.339213e+01
4.157026e+13,4.234134e+01
1.853056e+13,7.897773e+01
4.772891e+13,3.375295e+01
9.366764e+13,6.294145e+01
1.376185e+14,7.819634e+01
4.121488e+13,3.363284e+01
1.023121e+14,4.516409e+01
3.405219e+13,7.846649e+01
8.329547e+13,8.000000e+01
8.329547e+13,8.000000e+01
9.657760e+14,7.987798e+01
2.674016e+14,8.000000e+01
1.711369e+13,7.899727e+01
9.248134e+13,4.846732e+01
2.562870e+13,2.798732e+01
1.387134e+13,7.898746e+01
1.506062e+13,7.898826e+01
7.336226e+13,6.348198e+01
7.336226e+13,7.899033e+01
2.576852e+13,2.840773e+01
2.220302e+14,8.000000e+01
1.106988e+14,4.588480e+01
4.848692e+13,3.753665e+01
2.998008e+13,3.585500e+01
3.369102e+14,7.122954e+01
8.000586e+13,5.909770e+01
1.787837e+13,7.898068e+01
3.968954e+13,3.093020e+01
2.112178e+13,2.456398e+01
1.233587e+13,7.899733e+01
1.597421e+14,7.981792e+01
8.910006e+13,4.414310e+01
3.078662e+13,3.020949e+01
3.257773e+13,7.897776e+01
2.396434e+13,7.898778e+01
4.210901e+13,3.789700e+01
3.072300e+13,3.441360e+01
1.049355e+14,6.966802e+01
4.882629e+13,7.899408e+01
1.238361e+13,7.899823e+01
4.707316e+14,8.000000e+01
4.707316e+14,8.000000e+01
9.557072e+13,8.000000e+01
7.881682e+13,5.561430e+01
1.452705e+13,7.899757e+01
2.242244e+14,8.000000e+01
2.242244e+14,8.000000e+01
2.242244e+14,8.000000e+01
3.409669e+13,7.883188e+01
3.780586e+13,4.294192e+01
3.485762e+13,3.519436e+01
2.645431e+14,8.000000e+01
7.339747e+13,7.273101e+01
5.501413e+13,3.669583e+01
1.617112e+14,8.000000e+01
1.617112e+14,8.000000e+01
9.955070e+13,5.489359e+01
3.867059e+14,7.026860e+01
3.115607e+13,7.897630e+01
3.870149e+14,8.000000e+01
5.606632e+13,3.411330e+01
2.456318e+13,2.624562e+01
5.029675e+13,2.299869e+01
1.658304e+16,8.000000e+01
6.370593e+13,3.771682e+01
9.998559e+13,7.375200e+01
9.998559e+13,7.375200e+01
1.699088e+14,5.177054e+01
3.152228e+13,3.255178e+01
1.286176e+14,7.050884e+01
1.286176e+14,7.050884e+01
3.892301e+13,7.897442e+01
1.352934e+13,7.899657e+01
3.066965e+13,3.105031e+01
1.186202e+14,7.855669e+01
8.540925e+13,6.612456e+01
1.401104e+14,8.000000e+01
1.401104e+14,8.000000e+01
1.401104e+14,8.000000e+01
1.401104e+14,4.999992e+00
1.273515e+13,7.899123e+01
1.693682e+15,8.000000e+01
1.881844e+14,6.618461e+01
5.047724e+13,4.324222e+01
3.752243e+13,7.899848e+01
3.752243e+13,7.899721e+01
4.164847e+13,4.978861e+01
6.172402e+13,4.114016e+01
4.966090e+13,3.483401e+01
1.239616e+14,7.357183e+01
2.478586e+13,5.465456e+01
1.261418e+14,5.669535e+01
2.837815e+14,8.000000e+01
9.611252e+13,6.077934e+01
1.023242e+14,5.014896e+01
7.788314e+13,7.896773e+01
9.100334e+13,6.125981e+01
4.635865e+14,7.429253e+01
4.348957e+13,4.999532e+00
2.154261e+13,7.896235e+01
1.585654e+13,7.899638e+01
7.626323e+13,5.549418e+01
2.786147e+13,7.894905e+01
8.622636e+13,6.264116e+01
3.569297e+13,2.954885e+01
3.775489e+13,3.741653e+01
6.191395e+13,5.855717e+01
7.220082e+13,4.444339e+01
1.877915e+13,7.839363e+01
1.534316e+13,7.898843e+01
1.493139e+13,7.899043e+01
4.799096e+13,3.357278e+01
9.107423e+13,6.324174e+01
2.852400e+13,4.998995e+00
6.921705e+13,7.899160e+01
5.657575e+14,8.000000e+01
5.657575e+14,8.000000e+01
3.546347e+13,4.999927e+00
9.546076e+13,4.336233e+01
3.474071e+13,7.899819e+01
7.534456e+12,1.699173e+01
2.272218e+13,7.898988e+01
1.724460e+14,4.822708e+01
2.084865e+14,8.000000e+01
2.084865e+14,8.000000e+01
2.452983e+13,7.898119e+01
2.680777e+14,7.951763e+01
9.685483e+12,1.699304e+01
5.569160e+13,3.381301e+01
1.375371e+13,7.899795e+01
1.660420e+14,8.000000e+01
1.660420e+14,8.000000e+01
1.835221e+13,7.898838e+01
3.390844e+13,2.798732e+01
5.430802e+13,3.669583e+01
1.182525e+14,4.948831e+01
3.719782e+13,7.899017e+01
6.550932e+14,8.000000e+01
6.550932e+14,8.000000e+01
1.543299e+14,5.225101e+01
4.928525e+13,7.899975e+01
4.928525e+13,7.899782e+01
4.860846e+13,4.246145e+01
4.012948e+13,3.032961e+01
3.607344e+14,8.000000e+01
2.412131e+13,2.666603e+01
2.889124e+13,2.852785e+01
1.643194e+13,7.896775e+01
1.819710e+13,7.899385e+01
2.743160e+13,7.891046e+01
7.089127e+13,5.345218e+01
7.089127e+13,5.345218e+01
2.586196e+13,7.899018e+01
1.465527e+13,7.899795e+01
8.179670e+13,4.864749e+01
2.714456e+13,7.894568e+01
2.683589e+13,7.897206e+01
1.558633e+13,4.999360e+00
2.013160e+14,6.180033e+01
1.016456e+14,5.159037e+01
2.205693e+13,2.246193e+01
1.072422e+13,7.898023e+01
2.893678e+14,6.618461e+01
1.525222e+15,8.000000e+01
1.443976e+14,8.000000e+01
1.924550e+14,7.459282e+01
5.980143e+13,3.909817e+01
2.231362e+13,7.898639e+01
8.792507e+13,4.282181e+01
5.897648e+13,4.906790e+01
2.273388e+13,7.899021e+01
3.651927e+14,7.603423e+01
2.750115e+13,7.899186e+01
1.598952e+13,7.862886e+01
8.611539e+13,6.852690e+01
2.848419e+13,7.894250e+01
1.814634e+13,7.896925e+01
1.873989e+13,7.898446e+01
2.843739e+13,3.207131e+01
7.342553e+13,4.684573e+01
3.718594e+13,3.219143e+01
1.797166e+13,7.899434e+01
2.384946e+13,7.899561e+01
1.213475e+14,6.624467e+01
4.389930e+13,3.525442e+01
1.089763e+14,4.972855e+01
2.648402e+13,4.997481e+00
1.583512e+13,7.898748e+01
1.294946e+13,7.899753e+01
6.063785e+14,8.000000e+01
1.056187e+14,7.899400e+01
1.056187e+14,7.899669e+01
1.056187e+14,4.999997e+00
1.553188e+14,7.189018e+01
1.539494e+13,7.899677e+01
2.728122e+13,7.899494e+01
1.778079e+14,5.363236e+01
3.118543e+14,8.000000e+01
3.356016e+13,3.219143e+01
1.063772e+13,7.899812e+01
4.983634e+13,5.032914e+01
3.235648e+14,6.534379e+01
3.791465e+13,4.270169e+01
3.049720e+13,7.898046e+01
1.902800e+13,7.899355e+01
1.813610e+13,7.899505e+01
8.733441e+13,8.000000e+01
5.448944e+13,7.896673e+01
5.448944e+13,5.000023e+00
1.141424e+14,8.000000e+01
1.141424e+14,8.000000e+01
3.405977e+13,3.231155e+01
4.215418e+13,3.711624e+01
3.796080e+13,3.008938e+01
5.661311e+14,8.000000e+01
3.060514e+14,8.000000e+01
8.192511e+13,6.756596e+01
6.049810e+13,4.999928e+00
2.951428e+13,3.177102e+01
5.147512e+13,4.756644e+01
4.687443e+13,4.774661e+01
4.601901e+14,7.681499e+01
1.919466e+14,6.390239e+01
1.183905e+16,8.000000e+01
2.695582e+13,7.896977e+01
6.129481e+15,8.000000e+01
1.659658e+14,8.000000e+01
1.659658e+14,8.000000e+01
2.159973e+13,6.718873e+01
5.956913e+13,4.660550e+01
3.673354e+13,7.898993e+01
1.575790e+13,7.899645e+01
1.833754e+13,7.899181e+01
3.875041e+13,2.966897e+01
2.395529e+13,7.897789e+01
6.612320e+13,4.894779e+01
1.311732e+14,7.038872e+01
1.419217e+13,7.899552e+01
5.978833e+14,8.000000e+01
5.978833e+14,8.000000e+01
5.978833e+14,8.000000e+01
3.129997e+13,2.912844e+01
1.489962e+13,7.915832e+01
1.837187e+14,8.000000e+01
3.582328e+18,8.000000e+01
3.582328e+18,8.000000e+01
2.142904e+13,7.899749e+01
2.001441e+14,8.000000e+01
3.320130e+13,4.029934e+01
5.374281e+13,4.210110e+01
6.032284e+14,7.309136e+01
2.289975e+14,5.417289e+01
3.735353e+13,3.477395e+01
3.480450e+13,3.339260e+01
3.319693e+13,3.237160e+01
3.406172e+13,3.255178e+01
3.042565e+13,4.114608e+01
8.168797e+13,4.936820e+01
2.090104e+14,5.927787e+01
8.001724e+13,4.762650e+01
2.094184e+14,8.000000e+01
2.094184e+14,8.000000e+01
9.378134e+13,4.252151e+01
4.945303e+13,4.150052e+01
4.350329e+13,4.486380e+01
9.812940e+13,5.903764e+01
6.311159e+13,5.765629e+01
6.311159e+13,5.765629e+01
1.142525e+13,7.899463e+01
1.270774e+13,7.899618e+01
7.945298e+13,4.083987e+01
2.095295e+14,7.291118e+01
5.942418e+13,3.675588e+01
2.235549e+13,7.899580e+01
1.693017e+13,7.899659e+01
1.625002e+13,5.512255e+01
1.391655e+13,7.898932e+01
8.265597e+13,7.471294e+01
4.763071e+14,6.342192e+01
1.734394e+13,7.899547e+01
5.809450e+13,4.930814e+01
3.777035e+14,8.000000e+01
1.172759e+15,8.000000e+01
1.172759e+15,8.000000e+01
1.934113e+14,8.000000e+01
1.934113e+14,8.000000e+01
2.621461e+13,2.702639e+01
1.088077e+13,7.898578e+01
3.979842e+13,4.126028e+01
2.260785e+13,7.898984e+01
1.907710e+15,8.000000e+01
5.840033e+13,3.843753e+01
1.169485e+14,8.000000e+01
2.236828e+13,7.898733e+01
5.467496e+13,4.858743e+01
4.574897e+17,8.000000e+01
1.996917e+13,7.898867e+01
8.479885e+13,8.000000e+01
8.479885e+13,8.000000e+01
1.832210e+14,8.000000e+01
2.795220e+13,2.756691e+01
5.512330e+13,5.807670e+01
3.747743e+13,3.213137e+01
1.263282e+13,7.899138e+01
3.702156e+13,7.889259e+01
3.656273e+14,8.000000e+01
3.656273e+14,8.000000e+01
1.041399e+14,5.092972e+01
9.757539e+13,4.288186e+01
2.103893e+13,7.899067e+01
1.467723e+14,7.513335e+01
8.869007e+13,4.930814e+01
2.114146e+13,7.922604e+01
5.948720e+13,3.435354e+01
4.203986e+13,3.219143e+01
1.729158e+13,7.899755e+01
3.619211e+13,3.153078e+01
1.859384e+13,7.899817e+01
3.652785e+13,3.345266e+01
9.718135e+13,5.843705e+01
4.588080e+13,5.555424e+01
7.520717e+13,3.981887e+01
3.334245e+13,7.897719e+01
9.325921e+13,4.534427e+01
1.305652e+14,4.999998e+00
1.305652e+14,4.999996e+00
2.234993e+13,7.899451e+01
3.448897e+14,8.000000e+01
3.448897e+14,8.000000e+01
1.719190e+14,8.000000e+01
7.849460e+13,6.023881e+01
2.554124e+13,4.530165e+01
1.770448e+13,7.899752e+01
5.394697e+13,7.062895e+01
6.683623e+14,6.732573e+01
2.084762e+13,7.898449e+01
1.021047e+14,6.125981e+01
2.178703e+13,7.899461e+01
3.088725e+14,8.000000e+01
1.893595e+14,6.762602e+01
5.083278e+13,4.420315e+01
1.281840e+13,7.899250e+01
6.075202e+14,8.000000e+01
6.075202e+14,8.000000e+01
6.075202e+14,8.000000e+01
3.280976e+13,7.892834e+01
1.031809e+13,7.899736e+01
3.292367e+13,3.339260e+01
1.409634e+14,5.645512e+01
2.772590e+13,3.105031e+01
9.424851e+12,7.899721e+01
1.441670e+13,7.899760e+01
1.545130e+13,7.898777e+01
2.750203e+13,7.899260e+01
3.026127e+14,8.000000e+01
1.477051e+13,7.899883e+01
1.702676e+13,7.899122e+01
1.502084e+14,8.000000e+01
1.502084e+14,8.000000e+01
6.341877e+13,4.108011e+01
3.083543e+13,2.876809e+01
1.876923e+13,7.898104e+01
9.241509e+13,6.870708e+01
9.241509e+13,6.870708e+01
1.452516e+13,7.899622e+01
2.085230e+13,7.821791e+01
2.926681e+13,3.201125e+01
3.890608e+13,3.975882e+01
4.333078e+14,8.000000e+01
4.333078e+14,8.000000e+01
1.448747e+13,7.897822e+01
3.682522e+14,7.074907e+01
3.509040e+13,3.855764e+01
2.130090e+13,7.898769e+01
2.026451e+14,6.672514e+01
2.898533e+14,8.000000e+01
2.898533e+14,8.000000e+01
1.195796e+15,8.000000e+01
1.195796e+15,8.000000e+01
4.728510e+13,4.402298e+01
8.692628e+13,6.083940e+01
7.363420e+14,8.000000e+01
7.363420e+14,8.000000e+01
7.363420e+14,8.000000e+01
1.389622e+14,6.978813e+01
5.820343e+13,3.879788e+01
1.950216e+13,4.999219e+00
1.728386e+14,5.165043e+01
8.566828e+13,8.000000e+01
8.566828e+13,8.000000e+01
1.897145e+14,6.954790e+01
8.595179e+12,7.899628e+01
1.381546e+13,7.899539e+01
2.086163e+13,7.899265e+01
1.406859e+14,6.029887e+01
2.325408e+13,2.576515e+01
2.666028e+13,2.930861e+01
1.348195e+13,7.899671e+01
8.534609e+13,5.729594e+01
1.889072e+13,7.910785e+01
6.223099e+13,7.898971e+01
6.223099e+13,4.999992e+00
1.555829e+13,7.899756e+01
2.787545e+13,2.888820e+01
2.536304e+13,2.798732e+01
4.342490e+13,3.585500e+01
6.027655e+13,3.801712e+01
2.346266e+13,7.899157e+01
7.589128e+13,4.180081e+01
7.752836e+13,5.387259e+01
8.039378e+14,8.000000e+01
1.493850e+13,7.898513e+01
7.904944e+13,4.660550e+01
2.151480e+14,8.000000e+01
2.151480e+14,8.000000e+01
1.657564e+13,4.999874e+00
1.213730e+13,7.899086e+01
5.652957e+14,8.000000e+01
3.992897e+13,4.762650e+01
1.668355e+14,7.543364e+01
9.163768e+13,3.903811e+01
1.383300e+15,8.000000e+01
1.582015e+13,5.276168e+01
3.145162e+13,3.093020e+01
1.980580e+13,7.899553e+01
8.870533e+13,5.939799e+01
3.808947e+13,3.399319e+01
1.677415e+13,7.899670e+01
8.734764e+13,3.963870e+01
3.008557e+13,3.195119e+01
2.086286e+13,7.896650e+01
1.616494e+14,8.000000e+01
1.616494e+14,8.000000e+01
2.353039e+13,2.408351e+01
2.004775e+14,8.000000e+01
2.004775e+14,8.000000e+01
3.200955e+13,7.899653e+01
1.895673e+13,2.300000e+01
1.974965e+13,7.898489e+01
3.690500e+13,4.900000e+01
5.903611e+14,8.000000e+01
7.587637e+12,1.700000e+01
9.763718e+12,7.898319e+01
1.214445e+14,7.711529e+01
6.689047e+13,4.017923e+01
2.177626e+13,2.414357e+01
4.847934e+13,6.294145e+01
1.788583e+13,7.892637e+01
1.978541e+13,7.891834e+01
1.451679e+13,7.899554e+01
1.038631e+13,6.640883e+01
9.075957e+13,7.896775e+01
9.075957e+13,4.999971e+00
2.626297e+13,2.642580e+01
2.399285e+13,7.899568e+01
4.615977e+13,3.285207e+01
1.036557e+13,7.899350e+01
1.795325e+13,7.899568e+01
1.781653e+13,4.999199e+00
2.938868e+13,7.891695e+01
4.182094e+13,7.897962e+01
6.193809e+13,5.074955e+01
6.193809e+13,5.074955e+01
2.732379e+13,7.899566e+01
1.353793e+14,5.687553e+01
7.978993e+13,5.026908e+01
1.022817e+15,8.000000e+01
2.196167e+14,6.708549e+01
1.396461e+13,7.896154e+01
4.214633e+14,8.000000e+01
4.214633e+14,8.000000e+01
1.382439e+14,4.594485e+01
2.833802e+13,3.008938e+01
3.773168e+14,8.000000e+01
3.773168e+14,8.000000e+01
3.773168e+14,8.000000e+01
3.529908e+13,3.543459e+01
2.668745e+13,2.900832e+01
1.811674e+14,8.000000e+01
1.811674e+14,8.000000e+01
1.776326e+13,7.833945e+01
5.546202e+13,4.132034e+01
5.025449e+14,8.000000e+01
6.007798e+14,8.000000e+01
7.621220e+13,4.132034e+01
7.501692e+13,4.552444e+01
6.829436e+14,8.000000e+01
6.829436e+14,8.000000e+01
6.829436e+14,8.000000e+01
1.133631e+15,8.000000e+01
1.133631e+15,8.000000e+01
1.133631e+15,8.000000e+01
8.252520e+13,7.339165e+01
2.636039e+13,7.899743e+01
1.354289e+13,7.899815e+01
1.264389e+13,7.897792e+01
1.901851e+14,5.345218e+01
3.454778e+13,3.099026e+01
4.476878e+13,7.899776e+01
2.147530e+13,5.000386e+00
3.365821e+14,8.000000e+01
1.953660e+13,7.899801e+01
1.664397e+15,8.000000e+01
1.962817e+13,7.899717e+01
3.063894e+13,3.843753e+01
2.561934e+13,2.612551e+01
8.121479e+13,7.189018e+01
8.121479e+13,7.189018e+01
2.196253e+14,7.008843e+01
2.830943e+13,7.898915e+01
1.204313e+14,7.981792e+01
3.768752e+13,3.693606e+01
1.148985e+13,4.999809e+00
6.994814e+13,4.288186e+01
5.999582e+13,6.654497e+01
2.009935e+13,7.897712e+01
4.064771e+13,3.741653e+01
3.029287e+13,7.899470e+01
1.323899e+13,4.999834e+00
2.302980e+13,7.899111e+01
1.562037e+13,7.899695e+01
2.027191e+14,5.915775e+01
8.494494e+13,5.435306e+01
5.649053e+13,3.471389e+01
5.075433e+13,5.267142e+01
2.050123e+14,6.101957e+01
9.109800e+13,8.000000e+01
9.109800e+13,5.000020e+00
9.109800e+13,5.000009e+00
3.748566e+14,8.000000e+01
3.887423e+13,3.014943e+01
3.649314e+13,3.321242e+01
2.091386e+13,7.899049e+01
7.077522e+13,5.159037e+01
2.279716e+13,5.000000e+00
1.274701e+14,8.000000e+01
1.274701e+14,8.000000e+01
3.642174e+13,3.459377e+01
6.051890e+13,4.432327e+01
7.589671e+13,7.122954e+01
2.573233e+13,4.998858e+00
4.169576e+13,4.998872e+00
4.169576e+13,5.000380e+00
1.510425e+13,7.898705e+01
3.820444e+13,7.898072e+01
8.299439e+13,5.813676e+01
2.015833e+13,7.899375e+01
2.678172e+13,7.899002e+01
5.327716e+13,5.159037e+01
3.027001e+13,7.896944e+01
3.651148e+14,7.849663e+01
1.672913e+13,7.899548e+01
5.386812e+13,3.819729e+01
1.386778e+13,7.899749e+01
1.313358e+13,7.897519e+01
1.822086e+13,7.899525e+01
1.332226e+14,7.585405e+01
6.488978e+13,4.342239e+01
2.468321e+13,7.897896e+01
1.294993e+14,5.177054e+01
1.453910e+13,7.899618e+01
1.828967e+13,2.299338e+01
3.558013e+13,3.471389e+01
1.808133e+13,7.898127e+01
2.434072e+13,7.896683e+01
9.165416e+13,4.168069e+01
5.265157e+13,4.912796e+01
2.202895e+13,7.897429e+01
6.008522e+13,7.898277e+01
6.008522e+13,7.897781e+01
1.628499e+13,7.899857e+01
6.392018e+13,7.899586e+01
2.908848e+13,2.714650e+01
3.847491e+14,8.000000e+01
9.332218e+13,7.899202e+01
9.332218e+13,7.711529e+01
3.485301e+13,2.912844e+01
3.585054e+13,7.899400e+01
5.397746e+13,3.435354e+01
1.090928e+13,7.897873e+01
1.198001e+13,7.899634e+01
4.698955e+14,7.561382e+01
9.539323e+12,7.899825e+01
1.452603e+14,6.504350e+01
3.988320e+13,3.411330e+01
4.143014e+15,8.000000e+01
4.253371e+13,3.213137e+01
5.832621e+13,4.690579e+01
5.832621e+13,4.690579e+01
2.122339e+13,7.898562e+01
2.546720e+15,8.000000e+01
2.546720e+15,8.000000e+01
2.546720e+15,8.000000e+01
3.075214e+14,8.000000e+01
3.514124e+14,8.000000e+01
3.514124e+14,8.000000e+01
2.376430e+13,2.504445e+01
3.457048e+13,3.951858e+01
6.019934e+13,4.972855e+01
3.289891e+13,2.792726e+01
1.125112e+14,4.138040e+01
3.737979e+13,7.899555e+01
2.498656e+13,7.892486e+01
3.363507e+13,4.120022e+01
3.335773e+14,7.483306e+01
5.948311e+13,3.945852e+01
2.922077e+13,2.738674e+01
1.011231e+13,7.899698e+01
1.691462e+14,5.417289e+01
2.153491e+14,5.195072e+01
4.666702e+13,4.438333e+01
1.364739e+14,5.501371e+01
1.381286e+15,8.000000e+01
1.381286e+15,8.000000e+01
1.193526e+13,5.000014e+00
3.360813e+13,4.999552e+00
1.292823e+13,7.898481e+01
6.070676e+13,3.723635e+01
3.847542e+15,8.000000e+01
5.151892e+13,3.423342e+01
5.076448e+14,8.000000e+01
5.076448e+14,8.000000e+01
5.076448e+14,8.000000e+01
4.187227e+13,7.899190e+01
8.114720e+13,5.567435e+01
7.826385e+13,4.786673e+01
2.443846e+13,7.899042e+01
4.361652e+14,8.000000e+01
5.857575e+13,3.909817e+01
2.936525e+13,3.459377e+01
1.470856e+14,8.000000e+01
1.470856e+14,8.000000e+01
2.563922e+13,3.008938e+01
8.438265e+13,8.000000e+01
8.143555e+13,4.126028e+01
4.979247e+13,3.447366e+01
7.634306e+13,4.005911e+01
1.877817e+13,7.885422e+01
1.911373e+13,7.898337e+01
1.797396e+13,7.899115e+01
1.930889e+13,7.899201e+01
1.541469e+14,8.000000e+01
1.541469e+14,8.000000e+01
7.019252e+13,3.735647e+01
2.995653e+13,7.899760e+01
2.397292e+13,7.899637e+01
3.094428e+13,3.171096e+01
4.219514e+13,7.884822e+01
2.832622e+13,2.888820e+01
5.779575e+13,3.513430e+01
8.906934e+14,8.000000e+01
8.906934e+14,8.000000e+01
1.106460e+14,6.342192e+01
5.888716e+13,6.570415e+01
2.549612e+13,2.960891e+01
4.843972e+14,7.513335e+01
6.339473e+13,4.156057e+01
1.051402e+13,7.899709e+01
6.989087e+13,5.000311e+00
6.989087e+13,5.694498e+01
4.149483e+13,3.225149e+01
1.769081e+13,7.899669e+01
6.318221e+13,5.225101e+01
5.491999e+13,4.162063e+01
5.811897e+13,5.261136e+01
1.466008e+14,5.393265e+01
1.627073e+13,7.899536e+01
7.991257e+14,7.729546e+01
8.984990e+13,6.312162e+01
8.984990e+13,6.312162e+01
1.260664e+14,5.909770e+01
1.490966e+14,8.000000e+01
5.032440e+14,8.000000e+01
5.032440e+14,8.000000e+01
1.877878e+15,8.000000e+01
1.877878e+15,8.000000e+01
2.211674e+13,7.899130e+01
2.949491e+13,3.147072e+01
1.168687e+14,8.000000e+01
1.168687e+14,8.000000e+01
3.982025e+14,8.000000e+01
3.982025e+14,8.000000e+01
3.982025e+14,8.000000e+01
1.611210e+14,6.306157e+01
1.981781e+14,6.624467e+01
6.150469e+13,3.915823e+01
5.830248e+13,3.441360e+01
1.392857e+14,6.882719e+01
1.392857e+14,6.882719e+01
2.706498e+13,7.898957e+01
4.931765e+14,8.000000e+01
4.035811e+14,8.000000e+01
8.968367e+13,4.294192e+01
1.598514e+14,8.000000e+01
4.901335e+13,4.570462e+01
1.238185e+14,4.498392e+01
1.539053e+14,8.000000e+01
1.539053e+14,8.000000e+01
2.594387e+14,6.612456e+01
2.212283e+14,8.000000e+01
1.479738e+13,4.999194e+00
9.607712e+12,7.899691e+01
1.146873e+14,5.483353e+01
2.569169e+13,3.495691e+01
2.930705e+13,7.898932e+01
1.092798e+14,5.014896e+01
7.212651e+14,8.000000e+01
2.852755e+13,3.159084e+01
1.049506e+14,8.000000e+01
2.746864e+14,8.000000e+01
2.675611e+13,2.864797e+01
1.395644e+14,7.207036e+01
1.395644e+14,7.207036e+01
8.373319e+14,8.000000e+01
8.373319e+14,8.000000e+01
3.647381e+14,7.975787e+01
5.726419e+13,4.222122e+01
1.881506e+14,7.897710e+01
3.343573e+13,3.483401e+01
2.570496e+13,2.666603e+01
2.274930e+14,5.591459e+01
1.250223e+13,7.899299e+01
7.496372e+13,5.285160e+01
2.320455e+13,7.899837e+01
2.757262e+13,7.899705e+01
5.296095e+14,8.000000e+01
5.401329e+13,7.898842e+01
1.816527e+13,7.899482e+01
6.106092e+13,4.708622e+01
1.280062e+13,7.899702e+01
4.105439e+13,3.459377e+01
5.692908e+13,3.495412e+01
3.123342e+13,7.897497e+01
2.325795e+14,8.000000e+01
1.611601e+13,7.899605e+01
1.411156e+13,7.899865e+01
3.304012e+13,7.877053e+01
3.709841e+13,7.885716e+01
8.492676e+14,8.000000e+01
8.755032e+13,6.564409e+01
2.206107e+13,2.528468e+01
2.749327e+13,7.898819e+01
1.394015e+13,1.900000e+01
1.758443e+15,8.000000e+01
1.758443e+15,8.000000e+01
1.758443e+15,8.000000e+01
1.908829e+13,7.895408e+01
