k_s_per_km,P_k_mean_km_per_s,P_k_std,P_k_err
0.000000e+00,1.576716e+01,9.309897e+01,9.309897e-01
2.673387e-03,1.368911e+01,1.831164e+01,1.831164e-01
5.346774e-03,1.172033e+01,1.353389e+01,1.353389e-01
8.020162e-03,9.307353e+00,1.039875e+01,1.039875e-01
1.069355e-02,8.150219e+00,8.960088e+00,8.960088e-02
1.336694e-02,7.088539e+00,7.978378e+00,7.978378e-02
1.604032e-02,6.009363e+00,6.498817e+00,6.498817e-02
1.871371e-02,5.208803e+00,5.561961e+00,5.561961e-02
2.138710e-02,4.515301e+00,4.742105e+00,4.742105e-02
2.406048e-02,3.921140e+00,4.171658e+00,4.171658e-02
2.673387e-02,3.315023e+00,3.522274e+00,3.522274e-02
2.940726e-02,2.901188e+00,3.210397e+00,3.210397e-02
3.208065e-02,2.536088e+00,2.777801e+00,2.777801e-02
3.475403e-02,2.249714e+00,2.333771e+00,2.333771e-02
3.742742e-02,1.953965e+00,2.095260e+00,2.095260e-02
4.010081e-02,1.684546e+00,1.830572e+00,1.830572e-02
4.277419e-02,1.536594e+00,1.635928e+00,1.635928e-02
4.544758e-02,1.303110e+00,1.373879e+00,1.373879e-02
4.812097e-02,1.197875e+00,1.303848e+00,1.303848e-02
5.079436e-02,1.023549e+00,1.107745e+00,1.107745e-02
5.346774e-02,9.329742e-01,1.011404e+00,1.011404e-02
5.614113e-02,8.142874e-01,8.745998e-01,8.745998e-03
5.881452e-02,7.299499e-01,7.679692e-01,7.679692e-03
6.148791e-02,6.539796e-01,6.917180e-01,6.917180e-03
6.416129e-02,5.570958e-01,5.959914e-01,5.959914e-03
6.683468e-02,5.072025e-01,5.486304e-01,5.486304e-03
6.950807e-02,4.474940e-01,4.732992e-01,4.732992e-03
7.218145e-02,4.080028e-01,4.321945e-01,4.321945e-03
7.485484e-02,3.632508e-01,3.937673e-01,3.937673e-03
7.752823e-02,3.204239e-01,3.452641e-01,3.452641e-03
8.020162e-02,2.772516e-01,2.956990e-01,2.956990e-03
8.287500e-02,2.507819e-01,2.702209e-01,2.702209e-03
8.554839e-02,2.235743e-01,2.367442e-01,2.367442e-03
8.822178e-02,2.000659e-01,2.158488e-01,2.158488e-03
9.089516e-02,1.756716e-01,1.935587e-01,1.935587e-03
9.356855e-02,1.604165e-01,1.732166e-01,1.732166e-03
9.624194e-02,1.416648e-01,1.498919e-01,1.498919e-03
9.891533e-02,1.261698e-01,1.388188e-01,1.388188e-03
1.015887e-01,1.138519e-01,1.242519e-01,1.242519e-03
1.042621e-01,1.004876e-01,1.088991e-01,1.088991e-03
1.069355e-01,8.930147e-02,9.550598e-02,9.550598e-04
1.096089e-01,7.952400e-02,8.643143e-02,8.643143e-04
1.122823e-01,7.092045e-02,7.593523e-02,7.593523e-04
1.149556e-01,6.217818e-02,6.724917e-02,6.724917e-04
1.176290e-01,5.642186e-02,6.189121e-02,6.189121e-04
1.203024e-01,5.007964e-02,5.375607e-02,5.375607e-04
1.229758e-01,4.469360e-02,4.809515e-02,4.809515e-04
1.256492e-01,4.050728e-02,4.353469e-02,4.353469e-04
1.283226e-01,3.583120e-02,3.833165e-02,3.833165e-04
1.309960e-01,3.212837e-02,3.493277e-02,3.493277e-04
1.336694e-01,2.881585e-02,3.246201e-02,3.246201e-04
1.363427e-01,2.538798e-02,2.809930e-02,2.809930e-04
1.390161e-01,2.264608e-02,2.475202e-02,2.475202e-04
1.416895e-01,2.053504e-02,2.251491e-02,2.251491e-04
1.443629e-01,1.808214e-02,1.979971e-02,1.979971e-04
1.470363e-01,1.658312e-02,1.826652e-02,1.826652e-04
1.497097e-01,1.468977e-02,1.655548e-02,1.655548e-04
1.523831e-01,1.303813e-02,1.453365e-02,1.453365e-04
1.550565e-01,1.145729e-02,1.276081e-02,1.276081e-04
1.577298e-01,1.039313e-02,1.147265e-02,1.147265e-04
1.604032e-01,9.307680e-03,1.040603e-02,1.040603e-04
1.630766e-01,8.308693e-03,9.250636e-03,9.250636e-05
1.657500e-01,7.567000e-03,8.343851e-03,8.343851e-05
1.684234e-01,6.746154e-03,7.777863e-03,7.777863e-05
1.710968e-01,6.017341e-03,6.838872e-03,6.838872e-05
1.737702e-01,5.377909e-03,6.023866e-03,6.023866e-05
1.764436e-01,4.948229e-03,5.657028e-03,5.657028e-05
1.791169e-01,4.349787e-03,5.018212e-03,5.018212e-05
1.817903e-01,3.944992e-03,4.566947e-03,4.566947e-05
1.844637e-01,3.500307e-03,4.077522e-03,4.077522e-05
1.871371e-01,3.147238e-03,3.580706e-03,3.580706e-05
1.898105e-01,2.843842e-03,3.315902e-03,3.315902e-05
1.924839e-01,2.551567e-03,3.027906e-03,3.027906e-05
1.951573e-01,2.333726e-03,2.850880e-03,2.850880e-05
1.978307e-01,2.073073e-03,2.397745e-03,2.397745e-05
2.005040e-01,1.862252e-03,2.204629e-03,2.204629e-05
2.031774e-01,1.660782e-03,2.008661e-03,2.008661e-05
2.058508e-01,1.488532e-03,1.833523e-03,1.833523e-05
2.085242e-01,1.317774e-03,1.627416e-03,1.627416e-05
2.111976e-01,1.220764e-03,1.545532e-03,1.545532e-05
2.138710e-01,1.105698e-03,1.359994e-03,1.359994e-05
2.165444e-01,1.003507e-03,1.272552e-03,1.272552e-05
2.192177e-01,8.962061e-04,1.147529e-03,1.147529e-05
2.218911e-01,7.966798e-04,1.005385e-03,1.005385e-05
2.245645e-01,7.309638e-04,9.356219e-04,9.356219e-06
2.272379e-01,6.593669e-04,8.683042e-04,8.683042e-06
2.299113e-01,5.995389e-04,7.988751e-04,7.988751e-06
2.325847e-01,5.334443e-04,7.056825e-04,7.056825e-06
2.352581e-01,4.854329e-04,6.831575e-04,6.831575e-06
2.379315e-01,4.435559e-04,6.206307e-04,6.206307e-06
2.406048e-01,3.988706e-04,5.607240e-04,5.607240e-06
2.432782e-01,3.581714e-04,5.216477e-04,5.216477e-06
2.459516e-01,3.251900e-04,4.765131e-04,4.765131e-06
2.486250e-01,2.900441e-04,4.435159e-04,4.435159e-06
2.512984e-01,2.647715e-04,3.929391e-04,3.929391e-06
2.539718e-01,2.420770e-04,3.902165e-04,3.902165e-06
2.566452e-01,2.243956e-04,3.575252e-04,3.575252e-06
2.593186e-01,1.994747e-04,3.337736e-04,3.337736e-06
2.619919e-01,1.796931e-04,2.962399e-04,2.962399e-06
2.646653e-01,1.632806e-04,2.794835e-04,2.794835e-06
2.673387e-01,1.460669e-04,2.493302e-04,2.493302e-06
2.700121e-01,1.342374e-04,2.291392e-04,2.291392e-06
2.726855e-01,1.202653e-04,2.055276e-04,2.055276e-06
2.753589e-01,1.124561e-04,2.029418e-04,2.029418e-06
2.780323e-01,9.860000e-05,1.787308e-04,1.787308e-06
2.807057e-01,9.222299e-05,1.752782e-04,1.752782e-06
2.833790e-01,8.390109e-05,1.624590e-04,1.624590e-06
2.860524e-01,7.675463e-05,1.589467e-04,1.589467e-06
2.887258e-01,7.058899e-05,1.551843e-04,1.551843e-06
2.913992e-01,6.372786e-05,1.426507e-04,1.426507e-06
2.940726e-01,5.906961e-05,1.350164e-04,1.350164e-06
2.967460e-01,5.419606e-05,1.265953e-04,1.265953e-06
2.994194e-01,4.931768e-05,1.237822e-04,1.237822e-06
3.020928e-01,4.539445e-05,1.215295e-04,1.215295e-06
3.047661e-01,4.123428e-05,1.114831e-04,1.114831e-06
3.074395e-01,3.733316e-05,1.027741e-04,1.027741e-06
3.101129e-01,3.469969e-05,9.531341e-05,9.531341e-07
3.127863e-01,3.097182e-05,8.651924e-05,8.651924e-07
3.154597e-01,2.909534e-05,8.245220e-05,8.245220e-07
3.181331e-01,2.624866e-05,7.699813e-05,7.699813e-07
3.208065e-01,2.402956e-05,7.144908e-05,7.144908e-07
3.234798e-01,2.190454e-05,6.739819e-05,6.739819e-07
3.261532e-01,2.005874e-05,6.097474e-05,6.097474e-07
3.288266e-01,1.868201e-05,5.892410e-05,5.892410e-07
3.315000e-01,1.731260e-05,5.513291e-05,5.513291e-07
3.341734e-01,1.598545e-05,5.373250e-05,5.373250e-07
3.368468e-01,1.504448e-05,5.212406e-05,5.212406e-07
3.395202e-01,1.430046e-05,5.418411e-05,5.418411e-07
3.421936e-01,1.336783e-05,5.330857e-05,5.330857e-07
3.448669e-01,1.262662e-05,5.486410e-05,5.486410e-07
3.475403e-01,1.194495e-05,5.216351e-05,5.216351e-07
3.502137e-01,1.105397e-05,5.063441e-05,5.063441e-07
3.528871e-01,1.008016e-05,4.695375e-05,4.695375e-07
3.555605e-01,9.476533e-06,4.322282e-05,4.322282e-07
3.582339e-01,8.470968e-06,3.863868e-05,3.863868e-07
3.609073e-01,7.770071e-06,3.507572e-05,3.507572e-07
3.635807e-01,7.223416e-06,3.249618e-05,3.249618e-07
3.662540e-01,6.712779e-06,3.044392e-05,3.044392e-07
3.689274e-01,6.151479e-06,2.800845e-05,2.800845e-07
3.716008e-01,5.717050e-06,2.695788e-05,2.695788e-07
3.742742e-01,5.410147e-06,2.626125e-05,2.626125e-07
3.769476e-01,5.131984e-06,2.593603e-05,2.593603e-07
3.796210e-01,4.849276e-06,2.493850e-05,2.493850e-07
3.822944e-01,4.555707e-06,2.400562e-05,2.400562e-07
3.849678e-01,4.357523e-06,2.398019e-05,2.398019e-07
3.876411e-01,4.149327e-06,2.337433e-05,2.337433e-07
3.903145e-01,4.002771e-06,2.335854e-05,2.335854e-07
3.929879e-01,3.866814e-06,2.347349e-05,2.347349e-07
3.956613e-01,3.680934e-06,2.307154e-05,2.307154e-07
3.983347e-01,3.457940e-06,2.249533e-05,2.249533e-07
4.010081e-01,3.211139e-06,2.120350e-05,2.120350e-07
4.036815e-01,3.013742e-06,2.012258e-05,2.012258e-07
4.063549e-01,2.784915e-06,1.827190e-05,1.827190e-07
4.090282e-01,2.531257e-06,1.637019e-05,1.637019e-07
4.117016e-01,2.329257e-06,1.487153e-05,1.487153e-07
4.143750e-01,2.166503e-06,1.357113e-05,1.357113e-07
4.170484e-01,2.037691e-06,1.291212e-05,1.291212e-07
4.197218e-01,1.931580e-06,1.231518e-05,1.231518e-07
4.223952e-01,1.854755e-06,1.225308e-05,1.225308e-07
4.250686e-01,1.805381e-06,1.235480e-05,1.235480e-07
4.277419e-01,1.746296e-06,1.234009e-05,1.234009e-07
4.304153e-01,1.691957e-06,1.223717e-05,1.223717e-07
4.330887e-01,1.641590e-06,1.212972e-05,1.212972e-07
4.357621e-01,1.566445e-06,1.166445e-05,1.166445e-07
4.384355e-01,1.484529e-06,1.121546e-05,1.121546e-07
4.411089e-01,1.398255e-06,1.068705e-05,1.068705e-07
4.437823e-01,1.317852e-06,1.027964e-05,1.027964e-07
4.464557e-01,1.253473e-06,9.927480e-06,9.927480e-08
4.491290e-01,1.188813e-06,9.435826e-06,9.435826e-08
4.518024e-01,1.139188e-06,9.076801e-06,9.076801e-08
4.544758e-01,1.081493e-06,8.637022e-06,8.637022e-08
4.571492e-01,1.031475e-06,8.270012e-06,8.270012e-08
4.598226e-01,9.746786e-07,7.795571e-06,7.795571e-08
4.624960e-01,9.226570e-07,7.365079e-06,7.365079e-08
4.651694e-01,8.833995e-07,7.032493e-06,7.032493e-08
4.678428e-01,8.335607e-07,6.727068e-06,6.727068e-08
4.705161e-01,7.922092e-07,6.523630e-06,6.523630e-08
4.731895e-01,7.558218e-07,6.356470e-06,6.356470e-08
4.758629e-01,7.183387e-07,6.122105e-06,6.122105e-08
4.785363e-01,6.954660e-07,5.905220e-06,5.905220e-08
4.812097e-01,6.654034e-07,5.658584e-06,5.658584e-08
4.838831e-01,6.422279e-07,5.509959e-06,5.509959e-08
4.865565e-01,6.146015e-07,5.360188e-06,5.360188e-08
4.892299e-01,5.883409e-07,5.217130e-06,5.217130e-08
4.919032e-01,5.631826e-07,5.054583e-06,5.054583e-08
4.945766e-01,5.388341e-07,4.870562e-06,4.870562e-08
4.972500e-01,5.158469e-07,4.687163e-06,4.687163e-08
4.999234e-01,4.940852e-07,4.508864e-06,4.508864e-08
5.025968e-01,4.769286e-07,4.352359e-06,4.352359e-08
5.052702e-01,4.631529e-07,4.220248e-06,4.220248e-08
5.079436e-01,4.441562e-07,4.098044e-06,4.098044e-08
5.106170e-01,4.273188e-07,3.984972e-06,3.984972e-08
5.132903e-01,4.101824e-07,3.911057e-06,3.911057e-08
5.159637e-01,3.897290e-07,3.759851e-06,3.759851e-08
5.186371e-01,3.712237e-07,3.562901e-06,3.562901e-08
5.213105e-01,3.460863e-07,3.267518e-06,3.267518e-08
5.239839e-01,3.268821e-07,3.020068e-06,3.020068e-08
5.266573e-01,3.069367e-07,2.801027e-06,2.801027e-08
5.293307e-01,2.917387e-07,2.651477e-06,2.651477e-08
5.320040e-01,2.803473e-07,2.580446e-06,2.580446e-08
5.346774e-01,2.712567e-07,2.544950e-06,2.544950e-08
5.373508e-01,2.668916e-07,2.556242e-06,2.556242e-08
5.400242e-01,2.630505e-07,2.590280e-06,2.590280e-08
5.426976e-01,2.595166e-07,2.619212e-06,2.619212e-08
5.453710e-01,2.537051e-07,2.620375e-06,2.620375e-08
5.480444e-01,2.456066e-07,2.575573e-06,2.575573e-08
5.507178e-01,2.349531e-07,2.490705e-06,2.490705e-08
5.533911e-01,2.234187e-07,2.376372e-06,2.376372e-08
5.560645e-01,2.113074e-07,2.241396e-06,2.241396e-08
5.587379e-01,1.988187e-07,2.091160e-06,2.091160e-08
5.614113e-01,1.879325e-07,1.936655e-06,1.936655e-08
5.640847e-01,1.784931e-07,1.796583e-06,1.796583e-08
5.667581e-01,1.695333e-07,1.687270e-06,1.687270e-08
5.694315e-01,1.622799e-07,1.615505e-06,1.615505e-08
5.721049e-01,1.551641e-07,1.563350e-06,1.563350e-08
5.747782e-01,1.487878e-07,1.513195e-06,1.513195e-08
5.774516e-01,1.438858e-07,1.460596e-06,1.460596e-08
5.801250e-01,1.393253e-07,1.415046e-06,1.415046e-08
5.827984e-01,1.352175e-07,1.388534e-06,1.388534e-08
5.854718e-01,1.318387e-07,1.391367e-06,1.391367e-08
5.881452e-01,1.293820e-07,1.402936e-06,1.402936e-08
5.908186e-01,1.269876e-07,1.415269e-06,1.415269e-08
5.934920e-01,1.243782e-07,1.412514e-06,1.412514e-08
5.961653e-01,1.208989e-07,1.394229e-06,1.394229e-08
5.988387e-01,1.161331e-07,1.352518e-06,1.352518e-08
6.015121e-01,1.108260e-07,1.286475e-06,1.286475e-08
6.041855e-01,1.046285e-07,1.198761e-06,1.198761e-08
6.068589e-01,9.801624e-08,1.100132e-06,1.100132e-08
6.095323e-01,9.156221e-08,1.006549e-06,1.006549e-08
6.122057e-01,8.554837e-08,9.284453e-07,9.284453e-09
6.148791e-01,8.113558e-08,8.716488e-07,8.716488e-09
6.175524e-01,7.775331e-08,8.336536e-07,8.336536e-09
6.202258e-01,7.561032e-08,8.127497e-07,8.127497e-09
6.228992e-01,7.428438e-08,8.080409e-07,8.080409e-09
6.255726e-01,7.323767e-08,8.157568e-07,8.157568e-09
6.282460e-01,7.253969e-08,8.262517e-07,8.262517e-09
6.309194e-01,7.143723e-08,8.298218e-07,8.298218e-09
6.335928e-01,6.986098e-08,8.198143e-07,8.198143e-09
6.362661e-01,6.761672e-08,7.989924e-07,7.989924e-09
6.389395e-01,6.494379e-08,7.715750e-07,7.715750e-09
6.416129e-01,6.211171e-08,7.423271e-07,7.423271e-09
6.442863e-01,5.921562e-08,7.129894e-07,7.129894e-09
6.469597e-01,5.654151e-08,6.824217e-07,6.824217e-09
6.496331e-01,5.390644e-08,6.510510e-07,6.510510e-09
6.523065e-01,5.154705e-08,6.216921e-07,6.216921e-09
6.549799e-01,4.940934e-08,5.952420e-07,5.952420e-09
6.576532e-01,4.719809e-08,5.702139e-07,5.702139e-09
6.603266e-01,4.514267e-08,5.451358e-07,5.451358e-09
6.630000e-01,4.315027e-08,5.203961e-07,5.203961e-09
6.656734e-01,4.129016e-08,4.989059e-07,4.989059e-09
6.683468e-01,3.976252e-08,4.822781e-07,4.822781e-09
6.710202e-01,3.835223e-08,4.698482e-07,4.698482e-09
6.736936e-01,3.723329e-08,4.583875e-07,4.583875e-09
6.763670e-01,3.634461e-08,4.467061e-07,4.467061e-09
6.790403e-01,3.561749e-08,4.353373e-07,4.353373e-09
6.817137e-01,3.490357e-08,4.261146e-07,4.261146e-09
6.843871e-01,3.413081e-08,4.191207e-07,4.191207e-09
6.870605e-01,3.324275e-08,4.121021e-07,4.121021e-09
6.897339e-01,3.212219e-08,4.024726e-07,4.024726e-09
6.924073e-01,3.092982e-08,3.898252e-07,3.898252e-09
6.950807e-01,2.961112e-08,3.754403e-07,3.754403e-09
6.977541e-01,2.827838e-08,3.617904e-07,3.617904e-09
7.004274e-01,2.704755e-08,3.497442e-07,3.497442e-09
7.031008e-01,2.593361e-08,3.387756e-07,3.387756e-09
7.057742e-01,2.501476e-08,3.284644e-07,3.284644e-09
7.084476e-01,2.415369e-08,3.181942e-07,3.181942e-09
7.111210e-01,2.333437e-08,3.079079e-07,3.079079e-09
7.137944e-01,2.253521e-08,2.968438e-07,2.968438e-09
7.164678e-01,2.164337e-08,2.838059e-07,2.838059e-09
7.191412e-01,2.072477e-08,2.687877e-07,2.687877e-09
7.218145e-01,1.976328e-08,2.532066e-07,2.532066e-09
7.244879e-01,1.882395e-08,2.394456e-07,2.394456e-09
7.271613e-01,1.802805e-08,2.292521e-07,2.292521e-09
7.298347e-01,1.736913e-08,2.226604e-07,2.226604e-09
7.325081e-01,1.691046e-08,2.186709e-07,2.186709e-09
7.351815e-01,1.656904e-08,2.165416e-07,2.165416e-09
7.378549e-01,1.635785e-08,2.161381e-07,2.161381e-09
7.405282e-01,1.615818e-08,2.169328e-07,2.169328e-09
7.432016e-01,1.588673e-08,2.176365e-07,2.176365e-09
7.458750e-01,1.555048e-08,2.165127e-07,2.165127e-09
7.485484e-01,1.503650e-08,2.122663e-07,2.122663e-09
7.512218e-01,1.444000e-08,2.048180e-07,2.048180e-09
7.538952e-01,1.377811e-08,1.950038e-07,1.950038e-09
7.565686e-01,1.308648e-08,1.838806e-07,1.838806e-09
7.592420e-01,1.244915e-08,1.724314e-07,1.724314e-09
7.619153e-01,1.184762e-08,1.613841e-07,1.613841e-09
7.645887e-01,1.134232e-08,1.516906e-07,1.516906e-09
7.672621e-01,1.091548e-08,1.440541e-07,1.440541e-09
7.699355e-01,1.053511e-08,1.386445e-07,1.386445e-09
7.726089e-01,1.020564e-08,1.348649e-07,1.348649e-09
7.752823e-01,9.881373e-09,1.318659e-07,1.318659e-09
7.779557e-01,9.583074e-09,1.292641e-07,1.292641e-09
7.806291e-01,9.292504e-09,1.272748e-07,1.272748e-09
7.833024e-01,9.018650e-09,1.262185e-07,1.262185e-09
7.859758e-01,8.770358e-09,1.258450e-07,1.258450e-09
7.886492e-01,8.543285e-09,1.254371e-07,1.254371e-09
7.913226e-01,8.351188e-09,1.242437e-07,1.242437e-09
7.939960e-01,8.154743e-09,1.219389e-07,1.219389e-09
7.966694e-01,7.955114e-09,1.186594e-07,1.186594e-09
7.993428e-01,7.726581e-09,1.146293e-07,1.146293e-09
8.020162e-01,7.453020e-09,1.098893e-07,1.098893e-09
8.046895e-01,7.155061e-09,1.045160e-07,1.045160e-09
8.073629e-01,6.822444e-09,9.865539e-08,9.865539e-10
8.100363e-01,6.488734e-09,9.282154e-08,9.282154e-10
8.127097e-01,6.176899e-09,8.757564e-08,8.757564e-10
8.153831e-01,5.896984e-09,8.331381e-08,8.331381e-10
8.180565e-01,5.679726e-09,8.016346e-08,8.016346e-10
8.207299e-01,5.508579e-09,7.804421e-08,7.804421e-10
8.234033e-01,5.381152e-09,7.683005e-08,7.683005e-10
8.260766e-01,5.280700e-09,7.628375e-08,7.628375e-10
8.287500e-01,5.183276e-09,7.595870e-08,7.595870e-10
8.314234e-01,5.079928e-09,7.533435e-08,7.533435e-10
8.340968e-01,4.947178e-09,7.402081e-08,7.402081e-10
8.367702e-01,4.793638e-09,7.202253e-08,7.202253e-10
8.394436e-01,4.618403e-09,6.962034e-08,6.962034e-10
8.421170e-01,4.436448e-09,6.718596e-08,6.718596e-10
8.447903e-01,4.261877e-09,6.490699e-08,6.490699e-10
8.474637e-01,4.096411e-09,6.277460e-08,6.277460e-10
8.501371e-01,3.954305e-09,6.073686e-08,6.073686e-10
8.528105e-01,3.827019e-09,5.879810e-08,5.879810e-10
8.554839e-01,3.713951e-09,5.703774e-08,5.703774e-10
8.581573e-01,3.605838e-09,5.542717e-08,5.542717e-10
8.608307e-01,3.493450e-09,5.386068e-08,5.386068e-10
8.635041e-01,3.376952e-09,5.217697e-08,5.217697e-10
8.661774e-01,3.252165e-09,5.035401e-08,5.035401e-10
8.688508e-01,3.125692e-09,4.843202e-08,4.843202e-10
8.715242e-01,3.003812e-09,4.652770e-08,4.652770e-10
8.741976e-01,2.889081e-09,4.468273e-08,4.468273e-10
8.768710e-01,2.791811e-09,4.294834e-08,4.294834e-10
8.795444e-01,2.708078e-09,4.138278e-08,4.138278e-10
8.822178e-01,2.640562e-09,4.011293e-08,4.011293e-10
8.848912e-01,2.580289e-09,3.917360e-08,3.917360e-10
8.875645e-01,2.522008e-09,3.850246e-08,3.850246e-10
8.902379e-01,2.463681e-09,3.792912e-08,3.792912e-10
8.929113e-01,2.397553e-09,3.731143e-08,3.731143e-10
8.955847e-01,2.328240e-09,3.661465e-08,3.661465e-10
8.982581e-01,2.253502e-09,3.589181e-08,3.589181e-10
9.009315e-01,2.177552e-09,3.518347e-08,3.518347e-10
9.036049e-01,2.104846e-09,3.445126e-08,3.445126e-10
9.062783e-01,2.034218e-09,3.361572e-08,3.361572e-10
9.089516e-01,1.967157e-09,3.260603e-08,3.260603e-10
9.116250e-01,1.901352e-09,3.142767e-08,3.142767e-10
9.142984e-01,1.834515e-09,3.011371e-08,3.011371e-10
9.169718e-01,1.766548e-09,2.871830e-08,2.871830e-10
9.196452e-01,1.695115e-09,2.727500e-08,2.727500e-10
9.223186e-01,1.624226e-09,2.585368e-08,2.585368e-10
9.249920e-01,1.554714e-09,2.453816e-08,2.453816e-10
9.276654e-01,1.492153e-09,2.345271e-08,2.345271e-10
9.303387e-01,1.439255e-09,2.265162e-08,2.265162e-10
9.330121e-01,1.397768e-09,2.214869e-08,2.214869e-10
9.356855e-01,1.368715e-09,2.187600e-08,2.187600e-10
9.383589e-01,1.347454e-09,2.177466e-08,2.177466e-10
9.410323e-01,1.331763e-09,2.177123e-08,2.177123e-10
9.437057e-01,1.315788e-09,2.178989e-08,2.178989e-10
9.463791e-01,1.294300e-09,2.171375e-08,2.171375e-10
9.490524e-01,1.265625e-09,2.144679e-08,2.144679e-10
9.517258e-01,1.226447e-09,2.092901e-08,2.092901e-10
9.543992e-01,1.179805e-09,2.018357e-08,2.018357e-10
9.570726e-01,1.127730e-09,1.928105e-08,1.928105e-10
9.597460e-01,1.073357e-09,1.830699e-08,1.830699e-10
9.624194e-01,1.021821e-09,1.733531e-08,1.733531e-10
9.650928e-01,9.749124e-10,1.641735e-08,1.641735e-10
9.677662e-01,9.350143e-10,1.559872e-08,1.559872e-10
9.704395e-01,9.020227e-10,1.491530e-08,1.491530e-10
9.731129e-01,8.752277e-10,1.439478e-08,1.439478e-10
9.757863e-01,8.527125e-10,1.401851e-08,1.401851e-10
9.784597e-01,8.329757e-10,1.375436e-08,1.375436e-10
9.811331e-01,8.144445e-10,1.355784e-08,1.355784e-10
9.838065e-01,7.961384e-10,1.340557e-08,1.340557e-10
9.864799e-01,7.777521e-10,1.326462e-08,1.326462e-10
9.891533e-01,7.592644e-10,1.311386e-08,1.311386e-10
9.918266e-01,7.405498e-10,1.291335e-08,1.291335e-10
9.945000e-01,7.220256e-10,1.264743e-08,1.264743e-10
9.971734e-01,7.025622e-10,1.231419e-08,1.231419e-10
9.998468e-01,6.824978e-10,1.193736e-08,1.193736e-10
1.002520e+00,6.609410e-10,1.153680e-08,1.153680e-10
1.005194e+00,6.375416e-10,1.112202e-08,1.112202e-10
1.007867e+00,6.132028e-10,1.069104e-08,1.069104e-10
1.010540e+00,5.877991e-10,1.025334e-08,1.025334e-10
1.013214e+00,5.629423e-10,9.824460e-09,9.824460e-11
1.015887e+00,5.398968e-10,9.437029e-09,9.437029e-11
1.018561e+00,5.192803e-10,9.110252e-09,9.110252e-11
1.021234e+00,5.024034e-10,8.848775e-09,8.848775e-11
1.023907e+00,4.886646e-10,8.638215e-09,8.638215e-11
1.026581e+00,4.777519e-10,8.463578e-09,8.463578e-11
1.029254e+00,4.686742e-10,8.303677e-09,8.303677e-11
1.031927e+00,4.599245e-10,8.142892e-09,8.142892e-11
1.034601e+00,4.504097e-10,7.961754e-09,7.961754e-11
1.037274e+00,4.394755e-10,7.753471e-09,7.753471e-11
1.039948e+00,4.266933e-10,7.518672e-09,7.518672e-11
1.042621e+00,4.125827e-10,7.275556e-09,7.275556e-11
1.045294e+00,3.977832e-10,7.037806e-09,7.037806e-11
1.047968e+00,3.831528e-10,6.821798e-09,6.821798e-11
1.050641e+00,3.695353e-10,6.626750e-09,6.626750e-11
1.053315e+00,3.574084e-10,6.450386e-09,6.450386e-11
1.055988e+00,3.466340e-10,6.292056e-09,6.292056e-11
1.058661e+00,3.372230e-10,6.149469e-09,6.149469e-11
1.061335e+00,3.284357e-10,6.018524e-09,6.018524e-11
1.064008e+00,3.196221e-10,5.886359e-09,5.886359e-11
1.066681e+00,3.107462e-10,5.743005e-09,5.743005e-11
1.069355e+00,3.009760e-10,5.573968e-09,5.573968e-11
1.072028e+00,2.910265e-10,5.387837e-09,5.387837e-11
1.074702e+00,2.807752e-10,5.185514e-09,5.185514e-11
1.077375e+00,2.707307e-10,4.982648e-09,4.982648e-11
1.080048e+00,2.615111e-10,4.787460e-09,4.787460e-11
1.082722e+00,2.531374e-10,4.611561e-09,4.611561e-11
1.085395e+00,2.457251e-10,4.454963e-09,4.454963e-11
1.088069e+00,2.391903e-10,4.325223e-09,4.325223e-11
1.090742e+00,2.331582e-10,4.219784e-09,4.219784e-11
1.093415e+00,2.274790e-10,4.133582e-09,4.133582e-11
1.096089e+00,2.217538e-10,4.055949e-09,4.055949e-11
1.098762e+00,2.158720e-10,3.985675e-09,3.985675e-11
1.101436e+00,2.098753e-10,3.915849e-09,3.915849e-11
1.104109e+00,2.038507e-10,3.848831e-09,3.848831e-11
1.106782e+00,1.978212e-10,3.776330e-09,3.776330e-11
1.109456e+00,1.920179e-10,3.693755e-09,3.693755e-11
1.112129e+00,1.864294e-10,3.596638e-09,3.596638e-11
1.114802e+00,1.809443e-10,3.483724e-09,3.483724e-11
1.117476e+00,1.756533e-10,3.360703e-09,3.360703e-11
1.120149e+00,1.701471e-10,3.230297e-09,3.230297e-11
1.122823e+00,1.646260e-10,3.100013e-09,3.100013e-11
1.125496e+00,1.589437e-10,2.972415e-09,2.972415e-11
1.128169e+00,1.532060e-10,2.853585e-09,2.853585e-11
1.130843e+00,1.476761e-10,2.746454e-09,2.746454e-11
1.133516e+00,1.425560e-10,2.659244e-09,2.659244e-11
1.136190e+00,1.379099e-10,2.588256e-09,2.588256e-11
1.138863e+00,1.341003e-10,2.536973e-09,2.536973e-11
1.141536e+00,1.307797e-10,2.495795e-09,2.495795e-11
1.144210e+00,1.280097e-10,2.463270e-09,2.463270e-11
1.146883e+00,1.255417e-10,2.431824e-09,2.431824e-11
1.149556e+00,1.230182e-10,2.397603e-09,2.397603e-11
1.152230e+00,1.203048e-10,2.353195e-09,2.353195e-11
1.154903e+00,1.172302e-10,2.297339e-09,2.297339e-11
1.157577e+00,1.136642e-10,2.228913e-09,2.228913e-11
1.160250e+00,1.098804e-10,2.152810e-09,2.152810e-11
1.162923e+00,1.058870e-10,2.072994e-09,2.072994e-11
1.165597e+00,1.019610e-10,1.994604e-09,1.994604e-11
1.168270e+00,9.828135e-11,1.918368e-09,1.918368e-11
1.170944e+00,9.491566e-11,1.848531e-09,1.848531e-11
1.173617e+00,9.196406e-11,1.785365e-09,1.785365e-11
1.176290e+00,8.935288e-11,1.730777e-09,1.730777e-11
1.178964e+00,8.698803e-11,1.685574e-09,1.685574e-11
1.181637e+00,8.477038e-11,1.646515e-09,1.646515e-11
1.184311e+00,8.262521e-11,1.612851e-09,1.612851e-11
1.186984e+00,8.039122e-11,1.580254e-09,1.580254e-11
1.189657e+00,7.824280e-11,1.548623e-09,1.548623e-11
1.192331e+00,7.600483e-11,1.514576e-09,1.514576e-11
1.195004e+00,7.385926e-11,1.478772e-09,1.478772e-11
1.197677e+00,7.177809e-11,1.439160e-09,1.439160e-11
1.200351e+00,6.977024e-11,1.398862e-09,1.398862e-11
1.203024e+00,6.786573e-11,1.357100e-09,1.357100e-11
1.205698e+00,6.603386e-11,1.316772e-09,1.316772e-11
1.208371e+00,6.412742e-11,1.276939e-09,1.276939e-11
1.211044e+00,6.230376e-11,1.240292e-09,1.240292e-11
1.213718e+00,6.036008e-11,1.203839e-09,1.203839e-11
1.216391e+00,5.841216e-11,1.169405e-09,1.169405e-11
1.219065e+00,5.651118e-11,1.136608e-09,1.136608e-11
1.221738e+00,5.465293e-11,1.106296e-09,1.106296e-11
1.224411e+00,5.295052e-11,1.078323e-09,1.078323e-11
1.227085e+00,5.142456e-11,1.052175e-09,1.052175e-11
1.229758e+00,4.999333e-11,1.025917e-09,1.025917e-11
1.232431e+00,4.874718e-11,9.999258e-10,9.999258e-12
1.235105e+00,4.752332e-11,9.728455e-10,9.728455e-12
1.237778e+00,4.635067e-11,9.456645e-10,9.456645e-12
1.240452e+00,4.514905e-11,9.178981e-10,9.178981e-12
1.243125e+00,4.388514e-11,8.899659e-10,8.899659e-12
1.245798e+00,4.256390e-11,8.626294e-10,8.626294e-12
1.248472e+00,4.125932e-11,8.363769e-10,8.363769e-12
1.251145e+00,3.993720e-11,8.123365e-10,8.123365e-12
1.253819e+00,3.871985e-11,7.907656e-10,7.907656e-12
1.256492e+00,3.761371e-11,7.713703e-10,7.713703e-12
1.259165e+00,3.657569e-11,7.537473e-10,7.537473e-12
1.261839e+00,3.566965e-11,7.378657e-10,7.378657e-12
1.264512e+00,3.478773e-11,7.224495e-10,7.224495e-12
1.267186e+00,3.393226e-11,7.075482e-10,7.075482e-12
1.269859e+00,3.305719e-11,6.916959e-10,6.916959e-12
1.272532e+00,3.212541e-11,6.744119e-10,6.744119e-12
1.275206e+00,3.112537e-11,6.548938e-10,6.548938e-12
1.277879e+00,3.012665e-11,6.342607e-10,6.342607e-12
1.280552e+00,2.909416e-11,6.128623e-10,6.128623e-12
1.283226e+00,2.813156e-11,5.919645e-10,5.919645e-12
1.285899e+00,2.722808e-11,5.716979e-10,5.716979e-12
1.288573e+00,2.641235e-11,5.533141e-10,5.533141e-12
1.291246e+00,2.569652e-11,5.367092e-10,5.367092e-12
1.293919e+00,2.506106e-11,5.222725e-10,5.222725e-12
1.296593e+00,2.445973e-11,5.097434e-10,5.097434e-12
1.299266e+00,2.392026e-11,4.988807e-10,4.988807e-12
1.301940e+00,2.331836e-11,4.883311e-10,4.883311e-12
1.304613e+00,2.274637e-11,4.789678e-10,4.789678e-12
1.307286e+00,2.212737e-11,4.692363e-10,4.692363e-12
1.309960e+00,2.150104e-11,4.594953e-10,4.594953e-12
1.312633e+00,2.086178e-11,4.487118e-10,4.487118e-12
1.315306e+00,2.025059e-11,4.376919e-10,4.376919e-12
1.317980e+00,1.964570e-11,4.258031e-10,4.258031e-12
1.320653e+00,1.907476e-11,4.130320e-10,4.130320e-12
1.323327e+00,1.851181e-11,3.999486e-10,3.999486e-12
1.326000e+00,1.797390e-11,3.870124e-10,3.870124e-12
1.328673e+00,1.746147e-11,3.744813e-10,3.744813e-12
1.331347e+00,1.693058e-11,3.624890e-10,3.624890e-12
1.334020e+00,1.643001e-11,3.514560e-10,3.514560e-12
1.336694e+00,1.593561e-11,3.412369e-10,3.412369e-12
1.339367e+00,1.547207e-11,3.324604e-10,3.324604e-12
1.342040e+00,1.503771e-11,3.244534e-10,3.244534e-12
1.344714e+00,1.465169e-11,3.177999e-10,3.177999e-12
1.347387e+00,1.427345e-11,3.111013e-10,3.111013e-12
1.350061e+00,1.395128e-11,3.049109e-10,3.049109e-12
1.352734e+00,1.361915e-11,2.985558e-10,2.985558e-12
1.355407e+00,1.330085e-11,2.919762e-10,2.919762e-12
1.358081e+00,1.296226e-11,2.846456e-10,2.846456e-12
1.360754e+00,1.260557e-11,2.770240e-10,2.770240e-12
1.363427e+00,1.222860e-11,2.688450e-10,2.688450e-12
1.366101e+00,1.185615e-11,2.608991e-10,2.608991e-12
1.368774e+00,1.145982e-11,2.527534e-10,2.527534e-12
1.371448e+00,1.109327e-11,2.450712e-10,2.450712e-12
1.374121e+00,1.074452e-11,2.378064e-10,2.378064e-12
1.376794e+00,1.042800e-11,2.313089e-10,2.313089e-12
1.379468e+00,1.014668e-11,2.251413e-10,2.251413e-12
1.382141e+00,9.880630e-12,2.194495e-10,2.194495e-12
1.384815e+00,9.643582e-12,2.143680e-10,2.143680e-12
1.387488e+00,9.412059e-12,2.095049e-10,2.095049e-12
1.390161e+00,9.179668e-12,2.048508e-10,2.048508e-12
1.392835e+00,8.949523e-12,2.002267e-10,2.002267e-12
1.395508e+00,8.713920e-12,1.954636e-10,1.954636e-12
1.398181e+00,8.465173e-12,1.904841e-10,1.904841e-12
1.400855e+00,8.238200e-12,1.856727e-10,1.856727e-12
1.403528e+00,7.995514e-12,1.804222e-10,1.804222e-12
1.406202e+00,7.769940e-12,1.752710e-10,1.752710e-12
1.408875e+00,7.552286e-12,1.702523e-10,1.702523e-12
1.411548e+00,7.341775e-12,1.654486e-10,1.654486e-12
1.414222e+00,7.137061e-12,1.608845e-10,1.608845e-12
1.416895e+00,6.951790e-12,1.568436e-10,1.568436e-12
1.419569e+00,6.749461e-12,1.527450e-10,1.527450e-12
1.422242e+00,6.566033e-12,1.491702e-10,1.491702e-12
1.424915e+00,6.379255e-12,1.456054e-10,1.456054e-12
1.427589e+00,6.200171e-12,1.422634e-10,1.422634e-12
1.430262e+00,6.030349e-12,1.390306e-10,1.390306e-12
1.432936e+00,5.861273e-12,1.356430e-10,1.356430e-12
1.435609e+00,5.708168e-12,1.323638e-10,1.323638e-12
1.438282e+00,5.566073e-12,1.291165e-10,1.291165e-12
1.440956e+00,5.416989e-12,1.255441e-10,1.255441e-12
1.443629e+00,5.281733e-12,1.222076e-10,1.222076e-12
1.446302e+00,5.145899e-12,1.187774e-10,1.187774e-12
1.448976e+00,5.003805e-12,1.154822e-10,1.154822e-12
1.451649e+00,4.859346e-12,1.121405e-10,1.121405e-12
1.454323e+00,4.721333e-12,1.091077e-10,1.091077e-12
1.456996e+00,4.589284e-12,1.063760e-10,1.063760e-12
1.459669e+00,4.463306e-12,1.037339e-10,1.037339e-12
1.462343e+00,4.339384e-12,1.011890e-10,1.011890e-12
1.465016e+00,4.230105e-12,9.894453e-11,9.894453e-13
1.467690e+00,4.123155e-12,9.669528e-11,9.669528e-13
1.470363e+00,4.020691e-12,9.460047e-11,9.460047e-13
1.473036e+00,3.924993e-12,9.253473e-11,9.253473e-13
1.475710e+00,3.825558e-12,9.034117e-11,9.034117e-13
1.478383e+00,3.724776e-12,8.821126e-11,8.821126e-13
1.481056e+00,3.619305e-12,8.578447e-11,8.578447e-13
1.483730e+00,3.518756e-12,8.356401e-11,8.356401e-13
1.486403e+00,3.413873e-12,8.118877e-11,8.118877e-13
1.489077e+00,3.317550e-12,7.886267e-11,7.886267e-13
1.491750e+00,3.221907e-12,7.666998e-11,7.666998e-13
1.494423e+00,3.139100e-12,7.458057e-11,7.458057e-13
1.497097e+00,3.057498e-12,7.263718e-11,7.263718e-13
1.499770e+00,2.984283e-12,7.087793e-11,7.087793e-13
1.502444e+00,2.909698e-12,6.913557e-11,6.913557e-13
1.505117e+00,2.845716e-12,6.763784e-11,6.763784e-13
1.507790e+00,2.771919e-12,6.605089e-11,6.605089e-13
1.510464e+00,2.708874e-12,6.478106e-11,6.478106e-13
1.513137e+00,2.631426e-12,6.321844e-11,6.321844e-13
1.515811e+00,2.562531e-12,6.181116e-11,6.181116e-13
1.518484e+00,2.494195e-12,6.043259e-11,6.043259e-13
1.521157e+00,2.422364e-12,5.884635e-11,5.884635e-13
1.523831e+00,2.355275e-12,5.738287e-11,5.738287e-13
1.526504e+00,2.291223e-12,5.580718e-11,5.580718e-13
1.529177e+00,2.230046e-12,5.433071e-11,5.433071e-13
1.531851e+00,2.171440e-12,5.285381e-11,5.285381e-13
1.534524e+00,2.118361e-12,5.151870e-11,5.151870e-13
1.537198e+00,2.060239e-12,5.012923e-11,5.012923e-13
1.539871e+00,2.010578e-12,4.890342e-11,4.890342e-13
1.542544e+00,1.952994e-12,4.765324e-11,4.765324e-13
1.545218e+00,1.903645e-12,4.657283e-11,4.657283e-13
1.547891e+00,1.852580e-12,4.549174e-11,4.549174e-13
1.550565e+00,1.806967e-12,4.454360e-11,4.454360e-13
1.553238e+00,1.759785e-12,4.351241e-11,4.351241e-13
1.555911e+00,1.719894e-12,4.257024e-11,4.257024e-13
1.558585e+00,1.674159e-12,4.156416e-11,4.156416e-13
1.561258e+00,1.637123e-12,4.066760e-11,4.066760e-13
1.563932e+00,1.593297e-12,3.964182e-11,3.964182e-13
1.566605e+00,1.554394e-12,3.871035e-11,3.871035e-13
1.569278e+00,1.511403e-12,3.763059e-11,3.763059e-13
1.571952e+00,1.469242e-12,3.664132e-11,3.664132e-13
1.574625e+00,1.428807e-12,3.577105e-11,3.577105e-13
1.577298e+00,1.388336e-12,3.482942e-11,3.482942e-13
1.579972e+00,1.346913e-12,3.387563e-11,3.387563e-13
1.582645e+00,1.313583e-12,3.315338e-11,3.315338e-13
1.585319e+00,1.280025e-12,3.237447e-11,3.237447e-13
1.587992e+00,1.247325e-12,3.160244e-11,3.160244e-13
1.590665e+00,1.219661e-12,3.094196e-11,3.094196e-13
1.593339e+00,1.190215e-12,3.020241e-11,3.020241e-13
1.596012e+00,1.162849e-12,2.960131e-11,2.960131e-13
1.598686e+00,1.133564e-12,2.887443e-11,2.887443e-13
1.601359e+00,1.107951e-12,2.829206e-11,2.829206e-13
1.604032e+00,1.076671e-12,2.756859e-11,2.756859e-13
1.606706e+00,1.050520e-12,2.692105e-11,2.692105e-13
1.609379e+00,1.020630e-12,2.621638e-11,2.621638e-13
1.612052e+00,9.955896e-13,2.561587e-11,2.561587e-13
1.614726e+00,9.689975e-13,2.497101e-11,2.497101e-13
1.617399e+00,9.445015e-13,2.436765e-11,2.436765e-13
1.620073e+00,9.206946e-13,2.374646e-11,2.374646e-13
1.622746e+00,8.983280e-13,2.322385e-11,2.322385e-13
1.625419e+00,8.740351e-13,2.264925e-11,2.264925e-13
1.628093e+00,8.558356e-13,2.219595e-11,2.219595e-13
1.630766e+00,8.316665e-13,2.163493e-11,2.163493e-13
1.633440e+00,8.123561e-13,2.119694e-11,2.119694e-13
1.636113e+00,7.917812e-13,2.074711e-11,2.074711e-13
1.638786e+00,7.711292e-13,2.026851e-11,2.026851e-13
1.641460e+00,7.525374e-13,1.983713e-11,1.983713e-13
1.644133e+00,7.333130e-13,1.936868e-11,1.936868e-13
1.646807e+00,7.149463e-13,1.891580e-11,1.891580e-13
1.649480e+00,6.974407e-13,1.845718e-11,1.845718e-13
1.652153e+00,6.812986e-13,1.801307e-11,1.801307e-13
1.654827e+00,6.641317e-13,1.757962e-11,1.757962e-13
1.657500e+00,6.487535e-13,1.714466e-11,1.714466e-13
1.660173e+00,6.320274e-13,1.673845e-11,1.673845e-13
1.662847e+00,6.181437e-13,1.640739e-11,1.640739e-13
1.665520e+00,6.008233e-13,1.597568e-11,1.597568e-13
1.668194e+00,5.870122e-13,1.565367e-11,1.565367e-13
1.670867e+00,5.711950e-13,1.528348e-11,1.528348e-13
1.673540e+00,5.590958e-13,1.497930e-11,1.497930e-13
1.676214e+00,5.448440e-13,1.467290e-11,1.467290e-13
1.678887e+00,5.323811e-13,1.432824e-11,1.432824e-13
1.681561e+00,5.197297e-13,1.403960e-11,1.403960e-13
1.684234e+00,5.058264e-13,1.368869e-11,1.368869e-13
1.686907e+00,4.928696e-13,1.336665e-11,1.336665e-13
1.689581e+00,4.817060e-13,1.310475e-11,1.310475e-13
1.692254e+00,4.680177e-13,1.276102e-11,1.276102e-13
1.694927e+00,4.564134e-13,1.246104e-11,1.246104e-13
1.697601e+00,4.443005e-13,1.216413e-11,1.216413e-13
1.700274e+00,4.337614e-13,1.190258e-11,1.190258e-13
1.702948e+00,4.236897e-13,1.165600e-11,1.165600e-13
1.705621e+00,4.130164e-13,1.136881e-11,1.136881e-13
1.708294e+00,4.035018e-13,1.110741e-11,1.110741e-13
1.710968e+00,3.940516e-13,1.087985e-11,1.087985e-13
1.713641e+00,3.852700e-13,1.065444e-11,1.065444e-13
1.716315e+00,3.763354e-13,1.045354e-11,1.045354e-13
1.718988e+00,3.670106e-13,1.022601e-11,1.022601e-13
1.721661e+00,3.580389e-13,1.001256e-11,1.001256e-13
1.724335e+00,3.492230e-13,9.788842e-12,9.788842e-14
1.727008e+00,3.396544e-13,9.566758e-12,9.566758e-14
1.729682e+00,3.319062e-13,9.363140e-12,9.363140e-14
1.732355e+00,3.233766e-13,9.160889e-12,9.160889e-14
1.735028e+00,3.154590e-13,8.948637e-12,8.948637e-14
1.737702e+00,3.076445e-13,8.728844e-12,8.728844e-14
1.740375e+00,2.999881e-13,8.542404e-12,8.542404e-14
1.743048e+00,2.922874e-13,8.334487e-12,8.334487e-14
1.745722e+00,2.853340e-13,8.158781e-12,8.158781e-14
1.748395e+00,2.786850e-13,7.992237e-12,7.992237e-14
1.751069e+00,2.724765e-13,7.807706e-12,7.807706e-14
1.753742e+00,2.653062e-13,7.657899e-12,7.657899e-14
1.756415e+00,2.588653e-13,7.482129e-12,7.482129e-14
1.759089e+00,2.530634e-13,7.354871e-12,7.354871e-14
1.761762e+00,2.473117e-13,7.206962e-12,7.206962e-14
1.764436e+00,2.404506e-13,7.014808e-12,7.014808e-14
1.767109e+00,2.358475e-13,6.892843e-12,6.892843e-14
1.769782e+00,2.291471e-13,6.727584e-12,6.727584e-14
1.772456e+00,2.241076e-13,6.600888e-12,6.600888e-14
1.775129e+00,2.193613e-13,6.487657e-12,6.487657e-14
1.777802e+00,2.131623e-13,6.307618e-12,6.307618e-14
1.780476e+00,2.078052e-13,6.167275e-12,6.167275e-14
1.783149e+00,2.028053e-13,6.054017e-12,6.054017e-14
1.785823e+00,1.979306e-13,5.914324e-12,5.914324e-14
1.788496e+00,1.929997e-13,5.772324e-12,5.772324e-14
1.791169e+00,1.889599e-13,5.652825e-12,5.652825e-14
1.793843e+00,1.843258e-13,5.541982e-12,5.541982e-14
1.796516e+00,1.806523e-13,5.422356e-12,5.422356e-14
1.799190e+00,1.769792e-13,5.319250e-12,5.319250e-14
1.801863e+00,1.736963e-13,5.217865e-12,5.217865e-14
1.804536e+00,1.701776e-13,5.104347e-12,5.104347e-14
1.807210e+00,1.669597e-13,5.010735e-12,5.010735e-14
1.809883e+00,1.631008e-13,4.876416e-12,4.876416e-14
1.812557e+00,1.601195e-13,4.801110e-12,4.801110e-14
1.815230e+00,1.563903e-13,4.705523e-12,4.705523e-14
1.817903e+00,1.533576e-13,4.575563e-12,4.575563e-14
1.820577e+00,1.502895e-13,4.508155e-12,4.508155e-14
1.823250e+00,1.474274e-13,4.405712e-12,4.405712e-14
1.825923e+00,1.442804e-13,4.305838e-12,4.305838e-14
1.828597e+00,1.417124e-13,4.234913e-12,4.234913e-14
1.831270e+00,1.385436e-13,4.127910e-12,4.127910e-14
1.833944e+00,1.361901e-13,4.051575e-12,4.051575e-14
1.836617e+00,1.335073e-13,3.984377e-12,3.984377e-14
1.839290e+00,1.310884e-13,3.918609e-12,3.918609e-14
1.841964e+00,1.274053e-13,3.802769e-12,3.802769e-14
1.844637e+00,1.254633e-13,3.752649e-12,3.752649e-14
1.847311e+00,1.226341e-13,3.668804e-12,3.668804e-14
1.849984e+00,1.202857e-13,3.611396e-12,3.611396e-14
1.852657e+00,1.171445e-13,3.509753e-12,3.509753e-14
1.855331e+00,1.148463e-13,3.441295e-12,3.441295e-14
1.858004e+00,1.125140e-13,3.381037e-12,3.381037e-14
1.860677e+00,1.101629e-13,3.318760e-12,3.318760e-14
1.863351e+00,1.078289e-13,3.242238e-12,3.242238e-14
1.866024e+00,1.052451e-13,3.172497e-12,3.172497e-14
1.868698e+00,1.032330e-13,3.114506e-12,3.114506e-14
1.871371e+00,1.006138e-13,3.037424e-12,3.037424e-14
1.874044e+00,9.867632e-14,2.980529e-12,2.980529e-14
1.876718e+00,9.634641e-14,2.923455e-12,2.923455e-14
1.879391e+00,9.450094e-14,2.866831e-12,2.866831e-14
1.882065e+00,9.226503e-14,2.808283e-12,2.808283e-14
1.884738e+00,9.062560e-14,2.765960e-12,2.765960e-14
1.887411e+00,8.808275e-14,2.691015e-12,2.691015e-14
1.890085e+00,8.658540e-14,2.646654e-12,2.646654e-14
1.892758e+00,8.407832e-14,2.585959e-12,2.585959e-14
1.895432e+00,8.289129e-14,2.548868e-12,2.548868e-14
1.898105e+00,8.068912e-14,2.490054e-12,2.490054e-14
1.900778e+00,7.868664e-14,2.422586e-12,2.422586e-14
1.903452e+00,7.702619e-14,2.390765e-12,2.390765e-14
1.906125e+00,7.539662e-14,2.345240e-12,2.345240e-14
1.908798e+00,7.351651e-14,2.285956e-12,2.285956e-14
1.911472e+00,7.192572e-14,2.249420e-12,2.249420e-14
1.914145e+00,7.000945e-14,2.202743e-12,2.202743e-14
1.916819e+00,6.867602e-14,2.164405e-12,2.164405e-14
1.919492e+00,6.709265e-14,2.124434e-12,2.124434e-14
1.922165e+00,6.551711e-14,2.072155e-12,2.072155e-14
1.924839e+00,6.418179e-14,2.038067e-12,2.038067e-14
1.927512e+00,6.298633e-14,2.004632e-12,2.004632e-14
1.930186e+00,6.142650e-14,1.963156e-12,1.963156e-14
1.932859e+00,5.968398e-14,1.920665e-12,1.920665e-14
1.935532e+00,5.855409e-14,1.878267e-12,1.878267e-14
1.938206e+00,5.728084e-14,1.855875e-12,1.855875e-14
1.940879e+00,5.593086e-14,1.805198e-12,1.805198e-14
1.943552e+00,5.467802e-14,1.770427e-12,1.770427e-14
1.946226e+00,5.348460e-14,1.733883e-12,1.733883e-14
1.948899e+00,5.219996e-14,1.704669e-12,1.704669e-14
1.951573e+00,5.136046e-14,1.673708e-12,1.673708e-14
1.954246e+00,4.999973e-14,1.622838e-12,1.622838e-14
1.956919e+00,4.918776e-14,1.618776e-12,1.618776e-14
1.959593e+00,4.809327e-14,1.585631e-12,1.585631e-14
1.962266e+00,4.707333e-14,1.535874e-12,1.535874e-14
1.964940e+00,4.615160e-14,1.507647e-12,1.507647e-14
1.967613e+00,4.527411e-14,1.480429e-12,1.480429e-14
1.970286e+00,4.451577e-14,1.468534e-12,1.468534e-14
1.972960e+00,4.352152e-14,1.423711e-12,1.423711e-14
1.975633e+00,4.265368e-14,1.392906e-12,1.392906e-14
1.978307e+00,4.204893e-14,1.377095e-12,1.377095e-14
1.980980e+00,4.099298e-14,1.340845e-12,1.340845e-14
1.983653e+00,4.050206e-14,1.326128e-12,1.326128e-14
1.986327e+00,3.950339e-14,1.286311e-12,1.286311e-14
1.989000e+00,3.926957e-14,1.273641e-12,1.273641e-14
1.991673e+00,3.845425e-14,1.250487e-12,1.250487e-14
1.994347e+00,3.780920e-14,1.223875e-12,1.223875e-14
1.997020e+00,3.714162e-14,1.198736e-12,1.198736e-14
1.999694e+00,3.662590e-14,1.166873e-12,1.166873e-14
2.002367e+00,3.632279e-14,1.158851e-12,1.158851e-14
2.005040e+00,3.585140e-14,1.144402e-12,1.144402e-14
2.007714e+00,3.551387e-14,1.112639e-12,1.112639e-14
2.010387e+00,3.487936e-14,1.097752e-12,1.097752e-14
2.013061e+00,3.452835e-14,1.075467e-12,1.075467e-14
2.015734e+00,3.410768e-14,1.057770e-12,1.057770e-14
2.018407e+00,3.383153e-14,1.035423e-12,1.035423e-14
2.021081e+00,3.327815e-14,1.022385e-12,1.022385e-14
2.023754e+00,3.308541e-14,1.009484e-12,1.009484e-14
2.026427e+00,3.246113e-14,9.827184e-13,9.827184e-15
2.029101e+00,3.221892e-14,9.757945e-13,9.757945e-15
2.031774e+00,3.157414e-14,9.433114e-13,9.433114e-15
2.034448e+00,3.122620e-14,9.296494e-13,9.296494e-15
2.037121e+00,3.085673e-14,9.211281e-13,9.211281e-15
2.039794e+00,3.036557e-14,9.022751e-13,9.022751e-15
2.042468e+00,2.984764e-14,8.804686e-13,8.804686e-15
2.045141e+00,2.951229e-14,8.712168e-13,8.712168e-15
2.047815e+00,2.904954e-14,8.580961e-13,8.580961e-15
2.050488e+00,2.859725e-14,8.363470e-13,8.363470e-15
2.053161e+00,2.818250e-14,8.259361e-13,8.259361e-15
2.055835e+00,2.790945e-14,8.148795e-13,8.148795e-15
2.058508e+00,2.741536e-14,7.989942e-13,7.989942e-15
2.061182e+00,2.704722e-14,7.807170e-13,7.807170e-15
2.063855e+00,2.669616e-14,7.675529e-13,7.675529e-15
2.066528e+00,2.634804e-14,7.546375e-13,7.546375e-15
2.069202e+00,2.598784e-14,7.417662e-13,7.417662e-15
2.071875e+00,2.568474e-14,7.222049e-13,7.222049e-15
2.074548e+00,2.566683e-14,7.220222e-13,7.220222e-15
2.077222e+00,2.523179e-14,7.027800e-13,7.027800e-15
2.079895e+00,2.487653e-14,6.840564e-13,6.840564e-15
2.082569e+00,2.483678e-14,6.816180e-13,6.816180e-15
2.085242e+00,2.472797e-14,6.742273e-13,6.742273e-15
2.087915e+00,2.447344e-14,6.634818e-13,6.634818e-15
2.090589e+00,2.433053e-14,6.515183e-13,6.515183e-15
2.093262e+00,2.415780e-14,6.407984e-13,6.407984e-15
2.095936e+00,2.406309e-14,6.356950e-13,6.356950e-15
2.098609e+00,2.401483e-14,6.352006e-13,6.352006e-15
2.101282e+00,2.364840e-14,6.121172e-13,6.121172e-15
2.103956e+00,2.365656e-14,6.101671e-13,6.101671e-15
2.106629e+00,2.355189e-14,6.062153e-13,6.062153e-15
2.109302e+00,2.330676e-14,5.957170e-13,5.957170e-15
2.111976e+00,2.316127e-14,5.875734e-13,5.875734e-15
2.114649e+00,2.291195e-14,5.763007e-13,5.763007e-15
2.117323e+00,2.277522e-14,5.724262e-13,5.724262e-15
2.119996e+00,2.255860e-14,5.642671e-13,5.642671e-15
2.122669e+00,2.226622e-14,5.519702e-13,5.519702e-15
2.125343e+00,2.203997e-14,5.435159e-13,5.435159e-15
2.128016e+00,2.177123e-14,5.372543e-13,5.372543e-15
2.130690e+00,2.163314e-14,5.336704e-13,5.336704e-15
2.133363e+00,2.142268e-14,5.220630e-13,5.220630e-15
2.136036e+00,2.104918e-14,5.114643e-13,5.114643e-15
2.138710e+00,2.096441e-14,5.114304e-13,5.114304e-15
2.141383e+00,2.051148e-14,4.972779e-13,4.972779e-15
2.144057e+00,2.028648e-14,4.887086e-13,4.887086e-15
2.146730e+00,2.005320e-14,4.827286e-13,4.827286e-15
2.149403e+00,1.977111e-14,4.713823e-13,4.713823e-15
2.152077e+00,1.951685e-14,4.648549e-13,4.648549e-15
2.154750e+00,1.924341e-14,4.569131e-13,4.569131e-15
2.157423e+00,1.898892e-14,4.460107e-13,4.460107e-15
2.160097e+00,1.886173e-14,4.432543e-13,4.432543e-15
2.162770e+00,1.867705e-14,4.364379e-13,4.364379e-15
2.165444e+00,1.842902e-14,4.298948e-13,4.298948e-15
2.168117e+00,1.823591e-14,4.210415e-13,4.210415e-15
2.170790e+00,1.806376e-14,4.149171e-13,4.149171e-15
2.173464e+00,1.797017e-14,4.165905e-13,4.165905e-15
2.176137e+00,1.777701e-14,4.066011e-13,4.066011e-15
2.178811e+00,1.762414e-14,4.001799e-13,4.001799e-15
2.181484e+00,1.742086e-14,3.946221e-13,3.946221e-15
2.184157e+00,1.728246e-14,3.867761e-13,3.867761e-15
2.186831e+00,1.714885e-14,3.851671e-13,3.851671e-15
2.189504e+00,1.702337e-14,3.797617e-13,3.797617e-15
2.192177e+00,1.691563e-14,3.734333e-13,3.734333e-15
2.194851e+00,1.681048e-14,3.694693e-13,3.694693e-15
2.197524e+00,1.677770e-14,3.702184e-13,3.702184e-15
2.200198e+00,1.675022e-14,3.679930e-13,3.679930e-15
2.202871e+00,1.653425e-14,3.597964e-13,3.597964e-15
2.205544e+00,1.656878e-14,3.631394e-13,3.631394e-15
2.208218e+00,1.653259e-14,3.599858e-13,3.599858e-15
2.210891e+00,1.650137e-14,3.580599e-13,3.580599e-15
2.213565e+00,1.647707e-14,3.606302e-13,3.606302e-15
2.216238e+00,1.651227e-14,3.629411e-13,3.629411e-15
2.218911e+00,1.644407e-14,3.603375e-13,3.603375e-15
2.221585e+00,1.639526e-14,3.577932e-13,3.577932e-15
2.224258e+00,1.645133e-14,3.619257e-13,3.619257e-15
2.226932e+00,1.632221e-14,3.608002e-13,3.608002e-15
2.229605e+00,1.627137e-14,3.595426e-13,3.595426e-15
2.232278e+00,1.613785e-14,3.566806e-13,3.566806e-15
2.234952e+00,1.608644e-14,3.570786e-13,3.570786e-15
2.237625e+00,1.593804e-14,3.556682e-13,3.556682e-15
2.240298e+00,1.579239e-14,3.541358e-13,3.541358e-15
2.242972e+00,1.565889e-14,3.497269e-13,3.497269e-15
2.245645e+00,1.545804e-14,3.454815e-13,3.454815e-15
2.248319e+00,1.529479e-14,3.442910e-13,3.442910e-15
2.250992e+00,1.511528e-14,3.396267e-13,3.396267e-15
2.253665e+00,1.486536e-14,3.351759e-13,3.351759e-15
2.256339e+00,1.457195e-14,3.272905e-13,3.272905e-15
2.259012e+00,1.439706e-14,3.246141e-13,3.246141e-15
2.261686e+00,1.415406e-14,3.202557e-13,3.202557e-15
2.264359e+00,1.386748e-14,3.115482e-13,3.115482e-15
2.267032e+00,1.365613e-14,3.054565e-13,3.054565e-15
2.269706e+00,1.341925e-14,3.007682e-13,3.007682e-15
2.272379e+00,1.325124e-14,2.930279e-13,2.930279e-15
2.275052e+00,1.301138e-14,2.856068e-13,2.856068e-15
2.277726e+00,1.291956e-14,2.822132e-13,2.822132e-15
2.280399e+00,1.276200e-14,2.754567e-13,2.754567e-15
2.283073e+00,1.258909e-14,2.698543e-13,2.698543e-15
2.285746e+00,1.250740e-14,2.667674e-13,2.667674e-15
2.288419e+00,1.238849e-14,2.628553e-13,2.628553e-15
2.291093e+00,1.234013e-14,2.606757e-13,2.606757e-15
2.293766e+00,1.221308e-14,2.571291e-13,2.571291e-15
2.296440e+00,1.216674e-14,2.549000e-13,2.549000e-15
2.299113e+00,1.219731e-14,2.566255e-13,2.566255e-15
2.301786e+00,1.211966e-14,2.550855e-13,2.550855e-15
2.304460e+00,1.203331e-14,2.539537e-13,2.539537e-15
2.307133e+00,1.204517e-14,2.550147e-13,2.550147e-15
2.309807e+00,1.200578e-14,2.540035e-13,2.540035e-15
2.312480e+00,1.198391e-14,2.545480e-13,2.545480e-15
2.315153e+00,1.198110e-14,2.539639e-13,2.539639e-15
2.317827e+00,1.192261e-14,2.516147e-13,2.516147e-15
2.320500e+00,1.187552e-14,2.492632e-13,2.492632e-15
2.323173e+00,1.186283e-14,2.468598e-13,2.468598e-15
2.325847e+00,1.175621e-14,2.432711e-13,2.432711e-15
2.328520e+00,1.169499e-14,2.394851e-13,2.394851e-15
2.331194e+00,1.162915e-14,2.375202e-13,2.375202e-15
2.333867e+00,1.152981e-14,2.331002e-13,2.331002e-15
2.336540e+00,1.145540e-14,2.302930e-13,2.302930e-15
2.339214e+00,1.136601e-14,2.273491e-13,2.273491e-15
2.341887e+00,1.125716e-14,2.256212e-13,2.256212e-15
2.344561e+00,1.119377e-14,2.232627e-13,2.232627e-15
2.347234e+00,1.104138e-14,2.200434e-13,2.200434e-15
2.349907e+00,1.096385e-14,2.212305e-13,2.212305e-15
2.352581e+00,1.086184e-14,2.193302e-13,2.193302e-15
2.355254e+00,1.068830e-14,2.165676e-13,2.165676e-15
2.357927e+00,1.064599e-14,2.161399e-13,2.161399e-15
2.360601e+00,1.050695e-14,2.137272e-13,2.137272e-15
2.363274e+00,1.040457e-14,2.121136e-13,2.121136e-15
2.365948e+00,1.033697e-14,2.107837e-13,2.107837e-15
2.368621e+00,1.024033e-14,2.073181e-13,2.073181e-15
2.371294e+00,1.014552e-14,2.057169e-13,2.057169e-15
2.373968e+00,1.006374e-14,2.024348e-13,2.024348e-15
2.376641e+00,9.913203e-15,1.981515e-13,1.981515e-15
2.379315e+00,9.832713e-15,1.957414e-13,1.957414e-15
2.381988e+00,9.707865e-15,1.906460e-13,1.906460e-15
2.384661e+00,9.606580e-15,1.883397e-13,1.883397e-15
2.387335e+00,9.499333e-15,1.846479e-13,1.846479e-15
2.390008e+00,9.359331e-15,1.810209e-13,1.810209e-15
2.392682e+00,9.267041e-15,1.795098e-13,1.795098e-15
2.395355e+00,9.109389e-15,1.747335e-13,1.747335e-15
2.398028e+00,8.985434e-15,1.723644e-13,1.723644e-15
2.400702e+00,8.893229e-15,1.692652e-13,1.692652e-15
2.403375e+00,8.723390e-15,1.663642e-13,1.663642e-15
2.406048e+00,8.589493e-15,1.633175e-13,1.633175e-15
2.408722e+00,8.420517e-15,1.601431e-13,1.601431e-15
2.411395e+00,8.296774e-15,1.580066e-13,1.580066e-15
2.414069e+00,8.141279e-15,1.552898e-13,1.552898e-15
2.416742e+00,8.035156e-15,1.530781e-13,1.530781e-15
2.419415e+00,7.915851e-15,1.503512e-13,1.503512e-15
2.422089e+00,7.795555e-15,1.478167e-13,1.478167e-15
2.424762e+00,7.732207e-15,1.464771e-13,1.464771e-15
2.427436e+00,7.635934e-15,1.436775e-13,1.436775e-15
2.430109e+00,7.586469e-15,1.431097e-13,1.431097e-15
2.432782e+00,7.529766e-15,1.414555e-13,1.414555e-15
2.435456e+00,7.436939e-15,1.396240e-13,1.396240e-15
2.438129e+00,7.461106e-15,1.399467e-13,1.399467e-15
2.440802e+00,7.412691e-15,1.382571e-13,1.382571e-15
2.443476e+00,7.357464e-15,1.376116e-13,1.376116e-15
2.446149e+00,7.362651e-15,1.370969e-13,1.370969e-15
2.448823e+00,7.324351e-15,1.363715e-13,1.363715e-15
2.451496e+00,7.335597e-15,1.375502e-13,1.375502e-15
2.454169e+00,7.305178e-15,1.367876e-13,1.367876e-15
2.456843e+00,7.281315e-15,1.356323e-13,1.356323e-15
2.459516e+00,7.261272e-15,1.356996e-13,1.356996e-15
2.462190e+00,7.250016e-15,1.354819e-13,1.354819e-15
2.464863e+00,7.206481e-15,1.354300e-13,1.354300e-15
2.467536e+00,7.157591e-15,1.345217e-13,1.345217e-15
2.470210e+00,7.120351e-15,1.338773e-13,1.338773e-15
2.472883e+00,7.137604e-15,1.333250e-13,1.333250e-15
2.475557e+00,7.065794e-15,1.316963e-13,1.316963e-15
2.478230e+00,7.014164e-15,1.305484e-13,1.305484e-15
2.480903e+00,6.989345e-15,1.293173e-13,1.293173e-15
2.483577e+00,6.978140e-15,1.284952e-13,1.284952e-15
2.486250e+00,6.920732e-15,1.273362e-13,1.273362e-15
2.488923e+00,6.843728e-15,1.251926e-13,1.251926e-15
2.491597e+00,6.823990e-15,1.234932e-13,1.234932e-15
2.494270e+00,6.742323e-15,1.207835e-13,1.207835e-15
2.496944e+00,6.737710e-15,1.188238e-13,1.188238e-15
2.499617e+00,6.708124e-15,1.175312e-13,1.175312e-15
2.502290e+00,6.646213e-15,1.158416e-13,1.158416e-15
2.504964e+00,6.635351e-15,1.143054e-13,1.143054e-15
2.507637e+00,6.559070e-15,1.125297e-13,1.125297e-15
2.510311e+00,6.526852e-15,1.108356e-13,1.108356e-15
2.512984e+00,6.485497e-15,1.095059e-13,1.095059e-15
2.515657e+00,6.455887e-15,1.092349e-13,1.092349e-15
2.518331e+00,6.424211e-15,1.080651e-13,1.080651e-15
2.521004e+00,6.406120e-15,1.074811e-13,1.074811e-15
2.523677e+00,6.373554e-15,1.071540e-13,1.071540e-15
2.526351e+00,6.350523e-15,1.067679e-13,1.067679e-15
2.529024e+00,6.363576e-15,1.073097e-13,1.073097e-15
2.531698e+00,6.343568e-15,1.073478e-13,1.073478e-15
2.534371e+00,6.347365e-15,1.074664e-13,1.074664e-15
2.537044e+00,6.338388e-15,1.079098e-13,1.079098e-15
2.539718e+00,6.367330e-15,1.087963e-13,1.087963e-15
2.542391e+00,6.418385e-15,1.099803e-13,1.099803e-15
2.545065e+00,6.442322e-15,1.111173e-13,1.111173e-15
2.547738e+00,6.513491e-15,1.129927e-13,1.129927e-15
2.550411e+00,6.549260e-15,1.145888e-13,1.145888e-15
2.553085e+00,6.605312e-15,1.164625e-13,1.164625e-15
2.555758e+00,6.697362e-15,1.192549e-13,1.192549e-15
2.558432e+00,6.784599e-15,1.223144e-13,1.223144e-15
2.561105e+00,6.862982e-15,1.258601e-13,1.258601e-15
2.563778e+00,6.926814e-15,1.289309e-13,1.289309e-15
2.566452e+00,6.988014e-15,1.325220e-13,1.325220e-15
2.569125e+00,7.078755e-15,1.367340e-13,1.367340e-15
2.571798e+00,7.129857e-15,1.404047e-13,1.404047e-15
2.574472e+00,7.154665e-15,1.437467e-13,1.437467e-15
2.577145e+00,7.198888e-15,1.467112e-13,1.467112e-15
2.579819e+00,7.227801e-15,1.494542e-13,1.494542e-15
2.582492e+00,7.258420e-15,1.520765e-13,1.520765e-15
2.585165e+00,7.259939e-15,1.537000e-13,1.537000e-15
2.587839e+00,7.250457e-15,1.540950e-13,1.540950e-15
2.590512e+00,7.221691e-15,1.534652e-13,1.534652e-15
2.593186e+00,7.158874e-15,1.520024e-13,1.520024e-15
2.595859e+00,7.123503e-15,1.501811e-13,1.501811e-15
2.598532e+00,7.047265e-15,1.476459e-13,1.476459e-15
2.601206e+00,6.937388e-15,1.437373e-13,1.437373e-15
2.603879e+00,6.857359e-15,1.394056e-13,1.394056e-15
2.606553e+00,6.754480e-15,1.349776e-13,1.349776e-15
2.609226e+00,6.646291e-15,1.305610e-13,1.305610e-15
2.611899e+00,6.557507e-15,1.263748e-13,1.263748e-15
2.614573e+00,6.456232e-15,1.221900e-13,1.221900e-15
2.617246e+00,6.316449e-15,1.182031e-13,1.182031e-15
2.619919e+00,6.215964e-15,1.144756e-13,1.144756e-15
2.622593e+00,6.112075e-15,1.112723e-13,1.112723e-15
2.625266e+00,6.027174e-15,1.085898e-13,1.085898e-15
2.627940e+00,5.966070e-15,1.065959e-13,1.065959e-15
2.630613e+00,5.908065e-15,1.050965e-13,1.050965e-15
2.633286e+00,5.811834e-15,1.039176e-13,1.039176e-15
2.635960e+00,5.788918e-15,1.029492e-13,1.029492e-15
2.638633e+00,5.760709e-15,1.022958e-13,1.022958e-15
2.641307e+00,5.750074e-15,1.019880e-13,1.019880e-15
2.643980e+00,5.736421e-15,1.020597e-13,1.020597e-15
2.646653e+00,5.754068e-15,1.021053e-13,1.021053e-15
2.649327e+00,5.759429e-15,1.023320e-13,1.023320e-15
2.652000e+00,5.815516e-15,1.030381e-13,1.030381e-15
2.654673e+00,5.809465e-15,1.034580e-13,1.034580e-15
2.657347e+00,5.837524e-15,1.040269e-13,1.040269e-15
2.660020e+00,5.875043e-15,1.046815e-13,1.046815e-15
2.662694e+00,5.867049e-15,1.049683e-13,1.049683e-15
2.665367e+00,5.879852e-15,1.052066e-13,1.052066e-15
2.668040e+00,5.894954e-15,1.055278e-13,1.055278e-15
2.670714e+00,5.899249e-15,1.057749e-13,1.057749e-15
2.673387e+00,5.895028e-15,1.056981e-13,1.056981e-15
2.676061e+00,5.867884e-15,1.053388e-13,1.053388e-15
2.678734e+00,5.859549e-15,1.049916e-13,1.049916e-15
2.681407e+00,5.822859e-15,1.043335e-13,1.043335e-15
2.684081e+00,5.797681e-15,1.032871e-13,1.032871e-15
2.686754e+00,5.720400e-15,1.022037e-13,1.022037e-15
2.689428e+00,5.668066e-15,1.009775e-13,1.009775e-15
2.692101e+00,5.638984e-15,1.000290e-13,1.000290e-15
2.694774e+00,5.586563e-15,9.909305e-14,9.909305e-16
2.697448e+00,5.488224e-15,9.814159e-14,9.814159e-16
2.700121e+00,5.426419e-15,9.722047e-14,9.722047e-16
2.702794e+00,5.334050e-15,9.603337e-14,9.603337e-16
2.705468e+00,5.301913e-15,9.503611e-14,9.503611e-16
2.708141e+00,5.254480e-15,9.450390e-14,9.450390e-16
2.710815e+00,5.208517e-15,9.401616e-14,9.401616e-16
2.713488e+00,5.149233e-15,9.338707e-14,9.338707e-16
2.716161e+00,5.106675e-15,9.254961e-14,9.254961e-16
2.718835e+00,5.057738e-15,9.172864e-14,9.172864e-16
2.721508e+00,5.041219e-15,9.111660e-14,9.111660e-16
2.724182e+00,4.995433e-15,9.037417e-14,9.037417e-16
2.726855e+00,4.967589e-15,8.962043e-14,8.962043e-16
2.729528e+00,4.916329e-15,8.893891e-14,8.893891e-16
2.732202e+00,4.888149e-15,8.867974e-14,8.867974e-16
2.734875e+00,4.868171e-15,8.866122e-14,8.866122e-16
2.737548e+00,4.819286e-15,8.826244e-14,8.826244e-16
2.740222e+00,4.762155e-15,8.745267e-14,8.745267e-16
2.742895e+00,4.715348e-15,8.671398e-14,8.671398e-16
2.745569e+00,4.695554e-15,8.627678e-14,8.627678e-16
2.748242e+00,4.654952e-15,8.582844e-14,8.582844e-16
2.750915e+00,4.625363e-15,8.510746e-14,8.510746e-16
2.753589e+00,4.572119e-15,8.399464e-14,8.399464e-16
2.756262e+00,4.522837e-15,8.272429e-14,8.272429e-16
2.758936e+00,4.478573e-15,8.163822e-14,8.163822e-16
2.761609e+00,4.425197e-15,8.057354e-14,8.057354e-16
2.764282e+00,4.384358e-15,7.939886e-14,7.939886e-16
2.766956e+00,4.345138e-15,7.816392e-14,7.816392e-16
2.769629e+00,4.289430e-15,7.691355e-14,7.691355e-16
2.772303e+00,4.260729e-15,7.585337e-14,7.585337e-16
2.774976e+00,4.237580e-15,7.476687e-14,7.476687e-16
2.777649e+00,4.183487e-15,7.364192e-14,7.364192e-16
2.780323e+00,4.165865e-15,7.256304e-14,7.256304e-16
2.782996e+00,4.113446e-15,7.144823e-14,7.144823e-16
2.785669e+00,4.081355e-15,7.045963e-14,7.045963e-16
2.788343e+00,4.045379e-15,6.940675e-14,6.940675e-16
2.791016e+00,4.004334e-15,6.837206e-14,6.837206e-16
2.793690e+00,3.978605e-15,6.738466e-14,6.738466e-16
2.796363e+00,3.930976e-15,6.626919e-14,6.626919e-16
2.799036e+00,3.872163e-15,6.531699e-14,6.531699e-16
2.801710e+00,3.829525e-15,6.441350e-14,6.441350e-16
2.804383e+00,3.798944e-15,6.346071e-14,6.346071e-16
2.807057e+00,3.753077e-15,6.255601e-14,6.255601e-16
2.809730e+00,3.691129e-15,6.156866e-14,6.156866e-16
2.812403e+00,3.666636e-15,6.074856e-14,6.074856e-16
2.815077e+00,3.626791e-15,5.999752e-14,5.999752e-16
2.817750e+00,3.573502e-15,5.920889e-14,5.920889e-16
2.820423e+00,3.527621e-15,5.839024e-14,5.839024e-16
2.823097e+00,3.481315e-15,5.754755e-14,5.754755e-16
2.825770e+00,3.416111e-15,5.677440e-14,5.677440e-16
2.828444e+00,3.392813e-15,5.613002e-14,5.613002e-16
2.831117e+00,3.361839e-15,5.547800e-14,5.547800e-16
2.833790e+00,3.315959e-15,5.478811e-14,5.478811e-16
2.836464e+00,3.303799e-15,5.428725e-14,5.428725e-16
2.839137e+00,3.304114e-15,5.382401e-14,5.382401e-16
2.841811e+00,3.265188e-15,5.326358e-14,5.326358e-16
2.844484e+00,3.256272e-15,5.269401e-14,5.269401e-16
2.847157e+00,3.249385e-15,5.214071e-14,5.214071e-16
2.849831e+00,3.224046e-15,5.176510e-14,5.176510e-16
2.852504e+00,3.235825e-15,5.152424e-14,5.152424e-16
2.855178e+00,3.228567e-15,5.124346e-14,5.124346e-16
2.857851e+00,3.226408e-15,5.097484e-14,5.097484e-16
2.860524e+00,3.203734e-15,5.085870e-14,5.085870e-16
2.863198e+00,3.212111e-15,5.086134e-14,5.086134e-16
2.865871e+00,3.208956e-15,5.095709e-14,5.095709e-16
2.868544e+00,3.182454e-15,5.102391e-14,5.102391e-16
2.871218e+00,3.183813e-15,5.109310e-14,5.109310e-16
2.873891e+00,3.176867e-15,5.126774e-14,5.126774e-16
2.876565e+00,3.171263e-15,5.145255e-14,5.145255e-16
2.879238e+00,3.173201e-15,5.147698e-14,5.147698e-16
2.881911e+00,3.150636e-15,5.128892e-14,5.128892e-16
2.884585e+00,3.139177e-15,5.116470e-14,5.116470e-16
2.887258e+00,3.149151e-15,5.131720e-14,5.131720e-16
2.889932e+00,3.127744e-15,5.140705e-14,5.140705e-16
2.892605e+00,3.100039e-15,5.125923e-14,5.125923e-16
2.895278e+00,3.085989e-15,5.118236e-14,5.118236e-16
2.897952e+00,3.089257e-15,5.148172e-14,5.148172e-16
2.900625e+00,3.091886e-15,5.192563e-14,5.192563e-16
2.903298e+00,3.090472e-15,5.226223e-14,5.226223e-16
2.905972e+00,3.065930e-15,5.255923e-14,5.255923e-16
2.908645e+00,3.066023e-15,5.290168e-14,5.290168e-16
2.911319e+00,3.070139e-15,5.321415e-14,5.321415e-16
2.913992e+00,3.065244e-15,5.355008e-14,5.355008e-16
2.916665e+00,3.081055e-15,5.409107e-14,5.409107e-16
2.919339e+00,3.105356e-15,5.468280e-14,5.468280e-16
2.922012e+00,3.115928e-15,5.502316e-14,5.502316e-16
2.924686e+00,3.135263e-15,5.527032e-14,5.527032e-16
2.927359e+00,3.132114e-15,5.564834e-14,5.564834e-16
2.930032e+00,3.167164e-15,5.606808e-14,5.606808e-16
2.932706e+00,3.197354e-15,5.643692e-14,5.643692e-16
2.935379e+00,3.213717e-15,5.680836e-14,5.680836e-16
2.938053e+00,3.248547e-15,5.711582e-14,5.711582e-16
2.940726e+00,3.241361e-15,5.731475e-14,5.731475e-16
2.943399e+00,3.255318e-15,5.746760e-14,5.746760e-16
2.946073e+00,3.284468e-15,5.748332e-14,5.748332e-16
2.948746e+00,3.273245e-15,5.741060e-14,5.741060e-16
2.951419e+00,3.287404e-15,5.733532e-14,5.733532e-16
2.954093e+00,3.284749e-15,5.728233e-14,5.728233e-16
2.956766e+00,3.293351e-15,5.721101e-14,5.721101e-16
2.959440e+00,3.290467e-15,5.722112e-14,5.722112e-16
2.962113e+00,3.277633e-15,5.747281e-14,5.747281e-16
2.964786e+00,3.283737e-15,5.776485e-14,5.776485e-16
2.967460e+00,3.271784e-15,5.801978e-14,5.801978e-16
2.970133e+00,3.262322e-15,5.839360e-14,5.839360e-16
2.972807e+00,3.252454e-15,5.885641e-14,5.885641e-16
2.975480e+00,3.256385e-15,5.951295e-14,5.951295e-16
2.978153e+00,3.282352e-15,6.046622e-14,6.046622e-16
2.980827e+00,3.294998e-15,6.133309e-14,6.133309e-16
2.983500e+00,3.308905e-15,6.183861e-14,6.183861e-16
2.986173e+00,3.306527e-15,6.223023e-14,6.223023e-16
2.988847e+00,3.312968e-15,6.265022e-14,6.265022e-16
2.991520e+00,3.335839e-15,6.310986e-14,6.310986e-16
2.994194e+00,3.353971e-15,6.370680e-14,6.370680e-16
2.996867e+00,3.391210e-15,6.443527e-14,6.443527e-16
2.999540e+00,3.420094e-15,6.522787e-14,6.522787e-16
3.002214e+00,3.454092e-15,6.597406e-14,6.597406e-16
3.004887e+00,3.477677e-15,6.640842e-14,6.640842e-16
3.007561e+00,3.492984e-15,6.654210e-14,6.654210e-16
3.010234e+00,3.507516e-15,6.660106e-14,6.660106e-16
3.012907e+00,3.516978e-15,6.673153e-14,6.673153e-16
3.015581e+00,3.552406e-15,6.705526e-14,6.705526e-16
3.018254e+00,3.585760e-15,6.743756e-14,6.743756e-16
3.020928e+00,3.578951e-15,6.747765e-14,6.747765e-16
3.023601e+00,3.595655e-15,6.703779e-14,6.703779e-16
3.026274e+00,3.590843e-15,6.648113e-14,6.648113e-16
3.028948e+00,3.581235e-15,6.608115e-14,6.608115e-16
3.031621e+00,3.595134e-15,6.570004e-14,6.570004e-16
3.034294e+00,3.586809e-15,6.512513e-14,6.512513e-16
3.036968e+00,3.565190e-15,6.442733e-14,6.442733e-16
3.039641e+00,3.558617e-15,6.366334e-14,6.366334e-16
3.042315e+00,3.547525e-15,6.286007e-14,6.286007e-16
3.044988e+00,3.533433e-15,6.223740e-14,6.223740e-16
3.047661e+00,3.530526e-15,6.177610e-14,6.177610e-16
3.050335e+00,3.495985e-15,6.129375e-14,6.129375e-16
3.053008e+00,3.474104e-15,6.085960e-14,6.085960e-16
3.055682e+00,3.475059e-15,6.052601e-14,6.052601e-16
3.058355e+00,3.459787e-15,6.020264e-14,6.020264e-16
3.061028e+00,3.458444e-15,5.993196e-14,5.993196e-16
3.063702e+00,3.415475e-15,5.982658e-14,5.982658e-16
3.066375e+00,3.408339e-15,5.990897e-14,5.990897e-16
3.069048e+00,3.412769e-15,6.007245e-14,6.007245e-16
3.071722e+00,3.381596e-15,6.015258e-14,6.015258e-16
3.074395e+00,3.376715e-15,6.022775e-14,6.022775e-16
3.077069e+00,3.364406e-15,6.039222e-14,6.039222e-16
3.079742e+00,3.351835e-15,6.055304e-14,6.055304e-16
3.082415e+00,3.337235e-15,6.056304e-14,6.056304e-16
3.085089e+00,3.311072e-15,6.033975e-14,6.033975e-16
3.087762e+00,3.271466e-15,6.002434e-14,6.002434e-16
3.090436e+00,3.253558e-15,5.973626e-14,5.973626e-16
3.093109e+00,3.231994e-15,5.936737e-14,5.936737e-16
3.095782e+00,3.209956e-15,5.893846e-14,5.893846e-16
3.098456e+00,3.174415e-15,5.862664e-14,5.862664e-16
3.101129e+00,3.138652e-15,5.837881e-14,5.837881e-16
3.103803e+00,3.100138e-15,5.802578e-14,5.802578e-16
3.106476e+00,3.068854e-15,5.760246e-14,5.760246e-16
3.109149e+00,3.045721e-15,5.728279e-14,5.728279e-16
3.111823e+00,3.020723e-15,5.705165e-14,5.705165e-16
3.114496e+00,3.004127e-15,5.680958e-14,5.680958e-16
3.117169e+00,2.965130e-15,5.663893e-14,5.663893e-16
3.119843e+00,2.931047e-15,5.663055e-14,5.663055e-16
3.122516e+00,2.936772e-15,5.667994e-14,5.667994e-16
3.125190e+00,2.925022e-15,5.663688e-14,5.663688e-16
3.127863e+00,2.900721e-15,5.654982e-14,5.654982e-16
3.130536e+00,2.883178e-15,5.660047e-14,5.660047e-16
3.133210e+00,2.879135e-15,5.684054e-14,5.684054e-16
3.135883e+00,2.880333e-15,5.711335e-14,5.711335e-16
3.138557e+00,2.879688e-15,5.738962e-14,5.738962e-16
3.141230e+00,2.876817e-15,5.781287e-14,5.781287e-16
3.143903e+00,2.874267e-15,5.823784e-14,5.823784e-16
3.146577e+00,2.861395e-15,5.855149e-14,5.855149e-16
3.149250e+00,2.861547e-15,5.894435e-14,5.894435e-16
3.151923e+00,2.852051e-15,5.939701e-14,5.939701e-16
3.154597e+00,2.850478e-15,5.967999e-14,5.967999e-16
3.157270e+00,2.844680e-15,5.974176e-14,5.974176e-16
3.159944e+00,2.822170e-15,5.973890e-14,5.973890e-16
3.162617e+00,2.815532e-15,5.976544e-14,5.976544e-16
3.165290e+00,2.811452e-15,5.966770e-14,5.966770e-16
3.167964e+00,2.797233e-15,5.936023e-14,5.936023e-16
3.170637e+00,2.766019e-15,5.905418e-14,5.905418e-16
3.173311e+00,2.741076e-15,5.885562e-14,5.885562e-16
3.175984e+00,2.711812e-15,5.865407e-14,5.865407e-16
3.178657e+00,2.687700e-15,5.848165e-14,5.848165e-16
3.181331e+00,2.668298e-15,5.838087e-14,5.838087e-16
3.184004e+00,2.637844e-15,5.824216e-14,5.824216e-16
3.186678e+00,2.631809e-15,5.804906e-14,5.804906e-16
3.189351e+00,2.621915e-15,5.784964e-14,5.784964e-16
3.192024e+00,2.606728e-15,5.764744e-14,5.764744e-16
3.194698e+00,2.587921e-15,5.745872e-14,5.745872e-16
3.197371e+00,2.582903e-15,5.721580e-14,5.721580e-16
3.200044e+00,2.560670e-15,5.684727e-14,5.684727e-16
3.202718e+00,2.567072e-15,5.646010e-14,5.646010e-16
3.205391e+00,2.579618e-15,5.616796e-14,5.616796e-16
3.208065e+00,2.585645e-15,5.585340e-14,5.585340e-16
3.210738e+00,2.588983e-15,5.535126e-14,5.535126e-16
3.213411e+00,2.578671e-15,5.482147e-14,5.482147e-16
3.216085e+00,2.593212e-15,5.452307e-14,5.452307e-16
3.218758e+00,2.604754e-15,5.437417e-14,5.437417e-16
3.221432e+00,2.614837e-15,5.410852e-14,5.410852e-16
3.224105e+00,2.599962e-15,5.372013e-14,5.372013e-16
3.226778e+00,2.595582e-15,5.338140e-14,5.338140e-16
3.229452e+00,2.590795e-15,5.303908e-14,5.303908e-16
3.232125e+00,2.587038e-15,5.247030e-14,5.247030e-16
3.234798e+00,2.562421e-15,5.162255e-14,5.162255e-16
3.237472e+00,2.562554e-15,5.061104e-14,5.061104e-16
3.240145e+00,2.525448e-15,4.949194e-14,4.949194e-16
3.242819e+00,2.499193e-15,4.821848e-14,4.821848e-16
3.245492e+00,2.463394e-15,4.673441e-14,4.673441e-16
3.248165e+00,2.429131e-15,4.518820e-14,4.518820e-16
3.250839e+00,2.419413e-15,4.376705e-14,4.376705e-16
3.253512e+00,2.382914e-15,4.237175e-14,4.237175e-16
3.256186e+00,2.356293e-15,4.093498e-14,4.093498e-16
3.258859e+00,2.319830e-15,3.959365e-14,3.959365e-16
3.261532e+00,2.297565e-15,3.842884e-14,3.842884e-16
3.264206e+00,2.288491e-15,3.747777e-14,3.747777e-16
3.266879e+00,2.261556e-15,3.663687e-14,3.663687e-16
3.269553e+00,2.235028e-15,3.578624e-14,3.578624e-16
3.272226e+00,2.202856e-15,3.507209e-14,3.507209e-16
3.274899e+00,2.199194e-15,3.458383e-14,3.458383e-16
3.277573e+00,2.198139e-15,3.425138e-14,3.425138e-16
3.280246e+00,2.174723e-15,3.409131e-14,3.409131e-16
3.282919e+00,2.159142e-15,3.402950e-14,3.402950e-16
3.285593e+00,2.151608e-15,3.386462e-14,3.386462e-16
3.288266e+00,2.151622e-15,3.377690e-14,3.377690e-16
3.290940e+00,2.137944e-15,3.398605e-14,3.398605e-16
3.293613e+00,2.147620e-15,3.427085e-14,3.427085e-16
3.296286e+00,2.142675e-15,3.441161e-14,3.441161e-16
3.298960e+00,2.133391e-15,3.452471e-14,3.452471e-16
3.301633e+00,2.129232e-15,3.468358e-14,3.468358e-16
3.304307e+00,2.117764e-15,3.472155e-14,3.472155e-16
3.306980e+00,2.100286e-15,3.462522e-14,3.462522e-16
3.309653e+00,2.088474e-15,3.463341e-14,3.463341e-16
3.312327e+00,2.100093e-15,3.470150e-14,3.470150e-16
3.315000e+00,2.082998e-15,3.457432e-14,3.457432e-16
3.317673e+00,2.073328e-15,3.435718e-14,3.435718e-16
3.320347e+00,2.072659e-15,3.426122e-14,3.426122e-16
3.323020e+00,2.064289e-15,3.415440e-14,3.415440e-16
3.325694e+00,2.054741e-15,3.398765e-14,3.398765e-16
3.328367e+00,2.054722e-15,3.388544e-14,3.388544e-16
3.331040e+00,2.054856e-15,3.367475e-14,3.367475e-16
3.333714e+00,2.035838e-15,3.316999e-14,3.316999e-16
3.336387e+00,2.017679e-15,3.267717e-14,3.267717e-16
3.339061e+00,2.027690e-15,3.256672e-14,3.256672e-16
3.341734e+00,2.032999e-15,3.259854e-14,3.259854e-16
3.344407e+00,2.027774e-15,3.241388e-14,3.241388e-16
3.347081e+00,2.028740e-15,3.219492e-14,3.219492e-16
3.349754e+00,2.039964e-15,3.214085e-14,3.214085e-16
3.352428e+00,2.049686e-15,3.213573e-14,3.213573e-16
3.355101e+00,2.058149e-15,3.215194e-14,3.215194e-16
3.357774e+00,2.054769e-15,3.228698e-14,3.228698e-16
3.360448e+00,2.083577e-15,3.259729e-14,3.259729e-16
3.363121e+00,2.111452e-15,3.303333e-14,3.303333e-16
3.365794e+00,2.121065e-15,3.331385e-14,3.331385e-16
3.368468e+00,2.131170e-15,3.335206e-14,3.335206e-16
3.371141e+00,2.138758e-15,3.344095e-14,3.344095e-16
3.373815e+00,2.155455e-15,3.373351e-14,3.373351e-16
3.376488e+00,2.157899e-15,3.417619e-14,3.417619e-16
3.379161e+00,2.196702e-15,3.467436e-14,3.467436e-16
3.381835e+00,2.198460e-15,3.511381e-14,3.511381e-16
3.384508e+00,2.210775e-15,3.555150e-14,3.555150e-16
3.387182e+00,2.218030e-15,3.615593e-14,3.615593e-16
3.389855e+00,2.242541e-15,3.698329e-14,3.698329e-16
3.392528e+00,2.261670e-15,3.790706e-14,3.790706e-16
3.395202e+00,2.273980e-15,3.871986e-14,3.871986e-16
3.397875e+00,2.271253e-15,3.937869e-14,3.937869e-16
3.400548e+00,2.275502e-15,4.008173e-14,4.008173e-16
3.403222e+00,2.293396e-15,4.096369e-14,4.096369e-16
3.405895e+00,2.318448e-15,4.186360e-14,4.186360e-16
3.408569e+00,2.322892e-15,4.263916e-14,4.263916e-16
3.411242e+00,2.326532e-15,4.336994e-14,4.336994e-16
3.413915e+00,2.347603e-15,4.405433e-14,4.405433e-16
3.416589e+00,2.338724e-15,4.455271e-14,4.455271e-16
3.419262e+00,2.345183e-15,4.487126e-14,4.487126e-16
3.421936e+00,2.338744e-15,4.511228e-14,4.511228e-16
3.424609e+00,2.323148e-15,4.538140e-14,4.538140e-16
3.427282e+00,2.335850e-15,4.568519e-14,4.568519e-16
3.429956e+00,2.335473e-15,4.575851e-14,4.575851e-16
3.432629e+00,2.311111e-15,4.542267e-14,4.542267e-16
3.435303e+00,2.287552e-15,4.484140e-14,4.484140e-16
3.437976e+00,2.261793e-15,4.423601e-14,4.423601e-16
3.440649e+00,2.250196e-15,4.371020e-14,4.371020e-16
3.443323e+00,2.232829e-15,4.326736e-14,4.326736e-16
3.445996e+00,2.210769e-15,4.282902e-14,4.282902e-16
3.448669e+00,2.196112e-15,4.227517e-14,4.227517e-16
3.451343e+00,2.164618e-15,4.160371e-14,4.160371e-16
3.454016e+00,2.142866e-15,4.103275e-14,4.103275e-16
3.456690e+00,2.122664e-15,4.063315e-14,4.063315e-16
3.459363e+00,2.110886e-15,4.020604e-14,4.020604e-16
3.462036e+00,2.099024e-15,3.971938e-14,3.971938e-16
3.464710e+00,2.067445e-15,3.928159e-14,3.928159e-16
3.467383e+00,2.061551e-15,3.887713e-14,3.887713e-16
3.470057e+00,2.039344e-15,3.850120e-14,3.850120e-16
3.472730e+00,2.041107e-15,3.817469e-14,3.817469e-16
3.475403e+00,2.040892e-15,3.794203e-14,3.794203e-16
3.478077e+00,2.044938e-15,3.779503e-14,3.779503e-16
3.480750e+00,2.045146e-15,3.763017e-14,3.763017e-16
3.483423e+00,2.049779e-15,3.751437e-14,3.751437e-16
3.486097e+00,2.061115e-15,3.763322e-14,3.763322e-16
3.488770e+00,2.074524e-15,3.795971e-14,3.795971e-16
3.491444e+00,2.073943e-15,3.831370e-14,3.831370e-16
3.494117e+00,2.087425e-15,3.863611e-14,3.863611e-16
3.496790e+00,2.100071e-15,3.900416e-14,3.900416e-16
3.499464e+00,2.115025e-15,3.942455e-14,3.942455e-16
3.502137e+00,2.117549e-15,3.980138e-14,3.980138e-16
3.504811e+00,2.128855e-15,4.007524e-14,4.007524e-16
3.507484e+00,2.122155e-15,4.030666e-14,4.030666e-16
3.510157e+00,2.113132e-15,4.055442e-14,4.055442e-16
3.512831e+00,2.132684e-15,4.067799e-14,4.067799e-16
3.515504e+00,2.130217e-15,4.055275e-14,4.055275e-16
3.518178e+00,2.113078e-15,4.029741e-14,4.029741e-16
3.520851e+00,2.108656e-15,4.003069e-14,4.003069e-16
3.523524e+00,2.091553e-15,3.976113e-14,3.976113e-16
3.526198e+00,2.078671e-15,3.953257e-14,3.953257e-16
3.528871e+00,2.088699e-15,3.932200e-14,3.932200e-16
3.531544e+00,2.066540e-15,3.897782e-14,3.897782e-16
3.534218e+00,2.033692e-15,3.850995e-14,3.850995e-16
3.536891e+00,2.024222e-15,3.813144e-14,3.813144e-16
3.539565e+00,1.997829e-15,3.783335e-14,3.783335e-16
3.542238e+00,1.986299e-15,3.744642e-14,3.744642e-16
3.544911e+00,1.959853e-15,3.703143e-14,3.703143e-16
3.547585e+00,1.957154e-15,3.671314e-14,3.671314e-16
3.550258e+00,1.924195e-15,3.645471e-14,3.645471e-16
3.552932e+00,1.922318e-15,3.604863e-14,3.604863e-16
3.555605e+00,1.909403e-15,3.538736e-14,3.538736e-16
3.558278e+00,1.874107e-15,3.471767e-14,3.471767e-16
3.560952e+00,1.871376e-15,3.423987e-14,3.423987e-16
3.563625e+00,1.856168e-15,3.381115e-14,3.381115e-16
3.566298e+00,1.840134e-15,3.334927e-14,3.334927e-16
3.568972e+00,1.824314e-15,3.295075e-14,3.295075e-16
3.571645e+00,1.799868e-15,3.259030e-14,3.259030e-16
3.574319e+00,1.785927e-15,3.222537e-14,3.222537e-16
3.576992e+00,1.777695e-15,3.197579e-14,3.197579e-16
3.579665e+00,1.752419e-15,3.173811e-14,3.173811e-16
3.582339e+00,1.729398e-15,3.132282e-14,3.132282e-16
3.585012e+00,1.714001e-15,3.090545e-14,3.090545e-16
3.587686e+00,1.700620e-15,3.058630e-14,3.058630e-16
3.590359e+00,1.671927e-15,3.013669e-14,3.013669e-16
3.593032e+00,1.654146e-15,2.954051e-14,2.954051e-16
3.595706e+00,1.633828e-15,2.899077e-14,2.899077e-16
3.598379e+00,1.636634e-15,2.851081e-14,2.851081e-16
3.601053e+00,1.604265e-15,2.796519e-14,2.796519e-16
3.603726e+00,1.576503e-15,2.733820e-14,2.733820e-16
3.606399e+00,1.561795e-15,2.679795e-14,2.679795e-16
3.609073e+00,1.569509e-15,2.635146e-14,2.635146e-16
3.611746e+00,1.540400e-15,2.589001e-14,2.589001e-16
3.614419e+00,1.530968e-15,2.552981e-14,2.552981e-16
3.617093e+00,1.536089e-15,2.531429e-14,2.531429e-16
3.619766e+00,1.533844e-15,2.515034e-14,2.515034e-16
3.622440e+00,1.528426e-15,2.503554e-14,2.503554e-16
3.625113e+00,1.531516e-15,2.499052e-14,2.499052e-16
3.627786e+00,1.521233e-15,2.506297e-14,2.506297e-16
3.630460e+00,1.540794e-15,2.529068e-14,2.529068e-16
3.633133e+00,1.548608e-15,2.554861e-14,2.554861e-16
3.635807e+00,1.550727e-15,2.575281e-14,2.575281e-16
3.638480e+00,1.564166e-15,2.600183e-14,2.600183e-16
3.641153e+00,1.586380e-15,2.629907e-14,2.629907e-16
3.643827e+00,1.592832e-15,2.657360e-14,2.657360e-16
3.646500e+00,1.601657e-15,2.684387e-14,2.684387e-16
3.649174e+00,1.609918e-15,2.711819e-14,2.711819e-16
3.651847e+00,1.616260e-15,2.735102e-14,2.735102e-16
3.654520e+00,1.615189e-15,2.751037e-14,2.751037e-16
3.657194e+00,1.629976e-15,2.758871e-14,2.758871e-16
3.659867e+00,1.631176e-15,2.758158e-14,2.758158e-16
3.662540e+00,1.621470e-15,2.745974e-14,2.745974e-16
3.665214e+00,1.609027e-15,2.722616e-14,2.722616e-16
3.667887e+00,1.601636e-15,2.700050e-14,2.700050e-16
3.670561e+00,1.601098e-15,2.692899e-14,2.692899e-16
3.673234e+00,1.605818e-15,2.689226e-14,2.689226e-16
3.675907e+00,1.589449e-15,2.670186e-14,2.670186e-16
3.678581e+00,1.584856e-15,2.648699e-14,2.648699e-16
3.681254e+00,1.584076e-15,2.639653e-14,2.639653e-16
3.683928e+00,1.585861e-15,2.634479e-14,2.634479e-16
3.686601e+00,1.587422e-15,2.624605e-14,2.624605e-16
3.689274e+00,1.576672e-15,2.615487e-14,2.615487e-16
3.691948e+00,1.592339e-15,2.615112e-14,2.615112e-16
3.694621e+00,1.604408e-15,2.627409e-14,2.627409e-16
3.697294e+00,1.610125e-15,2.644387e-14,2.644387e-16
3.699968e+00,1.628315e-15,2.663476e-14,2.663476e-16
3.702641e+00,1.639226e-15,2.689697e-14,2.689697e-16
3.705315e+00,1.648794e-15,2.712296e-14,2.712296e-16
3.707988e+00,1.664332e-15,2.728580e-14,2.728580e-16
3.710661e+00,1.678178e-15,2.746739e-14,2.746739e-16
3.713335e+00,1.683284e-15,2.764998e-14,2.764998e-16
3.716008e+00,1.693076e-15,2.783550e-14,2.783550e-16
3.718682e+00,1.704319e-15,2.805712e-14,2.805712e-16
3.721355e+00,1.720503e-15,2.824376e-14,2.824376e-16
3.724028e+00,1.734504e-15,2.837649e-14,2.837649e-16
3.726702e+00,1.747773e-15,2.855411e-14,2.855411e-16
3.729375e+00,1.758306e-15,2.878290e-14,2.878290e-16
3.732049e+00,1.769746e-15,2.896035e-14,2.896035e-16
3.734722e+00,1.765649e-15,2.905897e-14,2.905897e-16
3.737395e+00,1.770645e-15,2.908611e-14,2.908611e-16
3.740069e+00,1.788031e-15,2.912199e-14,2.912199e-16
3.742742e+00,1.779407e-15,2.928585e-14,2.928585e-16
3.745415e+00,1.794762e-15,2.949449e-14,2.949449e-16
3.748089e+00,1.795531e-15,2.960312e-14,2.960312e-16
3.750762e+00,1.791139e-15,2.964154e-14,2.964154e-16
3.753436e+00,1.788393e-15,2.964878e-14,2.964878e-16
3.756109e+00,1.799128e-15,2.961191e-14,2.961191e-16
3.758782e+00,1.783295e-15,2.956588e-14,2.956588e-16
3.761456e+00,1.776447e-15,2.954100e-14,2.954100e-16
3.764129e+00,1.773108e-15,2.945221e-14,2.945221e-16
3.766803e+00,1.767339e-15,2.924444e-14,2.924444e-16
3.769476e+00,1.753399e-15,2.906044e-14,2.906044e-16
3.772149e+00,1.746969e-15,2.892363e-14,2.892363e-16
3.774823e+00,1.740562e-15,2.862206e-14,2.862206e-16
3.777496e+00,1.714243e-15,2.812161e-14,2.812161e-16
3.780169e+00,1.699840e-15,2.763036e-14,2.763036e-16
3.782843e+00,1.683546e-15,2.725034e-14,2.725034e-16
3.785516e+00,1.672552e-15,2.689584e-14,2.689584e-16
3.788190e+00,1.660565e-15,2.646978e-14,2.646978e-16
3.790863e+00,1.630840e-15,2.601100e-14,2.601100e-16
3.793536e+00,1.601622e-15,2.555944e-14,2.555944e-16
3.796210e+00,1.581343e-15,2.507349e-14,2.507349e-16
3.798883e+00,1.568569e-15,2.462238e-14,2.462238e-16
3.801557e+00,1.536224e-15,2.435598e-14,2.435598e-16
3.804230e+00,1.526023e-15,2.422127e-14,2.422127e-16
3.806903e+00,1.510405e-15,2.400874e-14,2.400874e-16
3.809577e+00,1.493258e-15,2.373507e-14,2.373507e-16
3.812250e+00,1.475231e-15,2.364011e-14,2.364011e-16
3.814924e+00,1.481528e-15,2.372866e-14,2.372866e-16
3.817597e+00,1.472607e-15,2.383096e-14,2.383096e-16
3.820270e+00,1.471209e-15,2.396567e-14,2.396567e-16
3.822944e+00,1.476488e-15,2.425931e-14,2.425931e-16
3.825617e+00,1.482066e-15,2.467199e-14,2.467199e-16
3.828290e+00,1.494615e-15,2.513926e-14,2.513926e-16
3.830964e+00,1.502021e-15,2.566435e-14,2.566435e-16
3.833637e+00,1.512254e-15,2.624982e-14,2.624982e-16
3.836311e+00,1.524693e-15,2.695234e-14,2.695234e-16
3.838984e+00,1.554986e-15,2.779009e-14,2.779009e-16
3.841657e+00,1.559803e-15,2.863752e-14,2.863752e-16
3.844331e+00,1.572400e-15,2.945596e-14,2.945596e-16
3.847004e+00,1.594075e-15,3.034508e-14,3.034508e-16
3.849678e+00,1.619573e-15,3.126199e-14,3.126199e-16
3.852351e+00,1.634791e-15,3.211970e-14,3.211970e-16
3.855024e+00,1.656250e-15,3.295266e-14,3.295266e-16
3.857698e+00,1.664766e-15,3.375279e-14,3.375279e-16
3.860371e+00,1.677269e-15,3.444472e-14,3.444472e-16
3.863044e+00,1.682062e-15,3.503534e-14,3.503534e-16
3.865718e+00,1.692607e-15,3.554998e-14,3.554998e-16
3.868391e+00,1.690945e-15,3.593193e-14,3.593193e-16
3.871065e+00,1.703453e-15,3.618694e-14,3.618694e-16
3.873738e+00,1.701275e-15,3.638184e-14,3.638184e-16
3.876411e+00,1.689367e-15,3.652556e-14,3.652556e-16
3.879085e+00,1.688315e-15,3.658312e-14,3.658312e-16
3.881758e+00,1.680103e-15,3.655783e-14,3.655783e-16
3.884432e+00,1.669108e-15,3.645737e-14,3.645737e-16
3.887105e+00,1.654451e-15,3.627046e-14,3.627046e-16
3.889778e+00,1.636450e-15,3.596700e-14,3.596700e-16
3.892452e+00,1.613935e-15,3.558093e-14,3.558093e-16
3.895125e+00,1.594845e-15,3.516688e-14,3.516688e-16
3.897799e+00,1.575618e-15,3.468574e-14,3.468574e-16
3.900472e+00,1.547124e-15,3.410333e-14,3.410333e-16
3.903145e+00,1.531367e-15,3.348661e-14,3.348661e-16
3.905819e+00,1.499796e-15,3.286766e-14,3.286766e-16
3.908492e+00,1.482308e-15,3.219765e-14,3.219765e-16
3.911165e+00,1.470935e-15,3.145184e-14,3.145184e-16
3.913839e+00,1.452008e-15,3.069354e-14,3.069354e-16
3.916512e+00,1.430582e-15,2.996565e-14,2.996565e-16
3.919186e+00,1.415667e-15,2.920571e-14,2.920571e-16
3.921859e+00,1.388494e-15,2.837815e-14,2.837815e-16
3.924532e+00,1.359543e-15,2.753030e-14,2.753030e-16
3.927206e+00,1.341852e-15,2.670654e-14,2.670654e-16
3.929879e+00,1.323176e-15,2.590647e-14,2.590647e-16
3.932553e+00,1.295762e-15,2.511257e-14,2.511257e-16
3.935226e+00,1.273319e-15,2.435809e-14,2.435809e-16
3.937899e+00,1.256759e-15,2.364883e-14,2.364883e-16
3.940573e+00,1.240130e-15,2.288661e-14,2.288661e-16
3.943246e+00,1.215292e-15,2.205337e-14,2.205337e-16
3.945919e+00,1.188072e-15,2.130364e-14,2.130364e-16
3.948593e+00,1.171512e-15,2.066836e-14,2.066836e-16
3.951266e+00,1.159275e-15,2.006431e-14,2.006431e-16
3.953940e+00,1.142535e-15,1.946460e-14,1.946460e-16
3.956613e+00,1.115780e-15,1.886804e-14,1.886804e-16
3.959286e+00,1.108771e-15,1.828395e-14,1.828395e-16
3.961960e+00,1.096096e-15,1.774887e-14,1.774887e-16
3.964633e+00,1.086223e-15,1.723121e-14,1.723121e-16
3.967307e+00,1.070195e-15,1.670206e-14,1.670206e-16
3.969980e+00,1.052814e-15,1.626989e-14,1.626989e-16
3.972653e+00,1.059349e-15,1.598714e-14,1.598714e-16
3.975327e+00,1.057303e-15,1.570627e-14,1.570627e-16
3.978000e+00,1.048352e-15,1.541728e-14,1.541728e-16
3.980674e+00,1.050859e-15,1.526025e-14,1.526025e-16
3.983347e+00,1.042374e-15,1.516780e-14,1.516780e-16
3.986020e+00,1.039161e-15,1.502200e-14,1.502200e-16
3.988694e+00,1.035177e-15,1.485812e-14,1.485812e-16
3.991367e+00,1.031455e-15,1.471309e-14,1.471309e-16
3.994040e+00,1.030262e-15,1.457294e-14,1.457294e-16
3.996714e+00,1.020462e-15,1.439929e-14,1.439929e-16
3.999387e+00,1.021641e-15,1.417817e-14,1.417817e-16
4.002061e+00,1.019395e-15,1.388444e-14,1.388444e-16
4.004734e+00,9.952760e-16,1.348972e-14,1.348972e-16
4.007407e+00,9.930372e-16,1.306470e-14,1.306470e-16
4.010081e+00,9.685143e-16,1.265688e-14,1.265688e-16
4.012754e+00,9.594124e-16,1.223295e-14,1.223295e-16
4.015428e+00,9.550805e-16,1.183859e-14,1.183859e-16
4.018101e+00,9.481072e-16,1.150274e-14,1.150274e-16
4.020774e+00,9.348446e-16,1.115895e-14,1.115895e-16
4.023448e+00,9.220348e-16,1.091355e-14,1.091355e-16
4.026121e+00,9.248468e-16,1.086993e-14,1.086993e-16
4.028794e+00,9.212758e-16,1.084512e-14,1.084512e-16
4.031468e+00,9.086700e-16,1.075351e-14,1.075351e-16
4.034141e+00,9.147824e-16,1.076358e-14,1.076358e-16
4.036815e+00,9.268807e-16,1.087131e-14,1.087131e-16
4.039488e+00,9.286839e-16,1.090119e-14,1.090119e-16
4.042161e+00,9.407880e-16,1.096562e-14,1.096562e-16
4.044835e+00,9.526373e-16,1.118857e-14,1.118857e-16
4.047508e+00,9.592633e-16,1.139907e-14,1.139907e-16
4.050182e+00,9.797409e-16,1.156494e-14,1.156494e-16
4.052855e+00,9.818481e-16,1.183923e-14,1.183923e-16
4.055528e+00,9.959199e-16,1.215486e-14,1.215486e-16
4.058202e+00,1.005567e-15,1.238879e-14,1.238879e-16
4.060875e+00,1.024131e-15,1.260647e-14,1.260647e-16
4.063549e+00,1.029657e-15,1.288279e-14,1.288279e-16
4.066222e+00,1.048565e-15,1.315904e-14,1.315904e-16
4.068895e+00,1.050749e-15,1.333695e-14,1.333695e-16
4.071569e+00,1.056015e-15,1.345022e-14,1.345022e-16
4.074242e+00,1.064987e-15,1.354882e-14,1.354882e-16
4.076915e+00,1.074662e-15,1.360647e-14,1.360647e-16
4.079589e+00,1.067858e-15,1.356804e-14,1.356804e-16
4.082262e+00,1.074589e-15,1.344374e-14,1.344374e-16
4.084936e+00,1.062998e-15,1.339667e-14,1.339667e-16
4.087609e+00,1.066883e-15,1.338184e-14,1.338184e-16
4.090282e+00,1.066912e-15,1.324963e-14,1.324963e-16
4.092956e+00,1.053604e-15,1.316505e-14,1.316505e-16
4.095629e+00,1.053552e-15,1.324173e-14,1.324173e-16
4.098303e+00,1.042658e-15,1.330427e-14,1.330427e-16
4.100976e+00,1.040948e-15,1.325614e-14,1.325614e-16
4.103649e+00,1.039930e-15,1.317993e-14,1.317993e-16
4.106323e+00,1.033583e-15,1.317919e-14,1.317919e-16
4.108996e+00,1.038583e-15,1.324308e-14,1.324308e-16
4.111669e+00,1.035901e-15,1.328404e-14,1.328404e-16
4.114343e+00,1.032795e-15,1.329500e-14,1.329500e-16
4.117016e+00,1.042809e-15,1.338619e-14,1.338619e-16
4.119690e+00,1.043794e-15,1.360522e-14,1.360522e-16
4.122363e+00,1.059999e-15,1.386830e-14,1.386830e-16
4.125036e+00,1.057470e-15,1.416523e-14,1.416523e-16
4.127710e+00,1.069883e-15,1.453172e-14,1.453172e-16
4.130383e+00,1.080899e-15,1.491456e-14,1.491456e-16
4.133057e+00,1.082208e-15,1.529966e-14,1.529966e-16
4.135730e+00,1.087171e-15,1.576064e-14,1.576064e-16
4.138403e+00,1.103215e-15,1.629440e-14,1.629440e-16
4.141077e+00,1.113234e-15,1.688150e-14,1.688150e-16
4.143750e+00,1.117896e-15,1.746251e-14,1.746251e-16
4.146424e+00,1.133994e-15,1.792145e-14,1.792145e-16
4.149097e+00,1.134602e-15,1.821528e-14,1.821528e-16
4.151770e+00,1.136280e-15,1.849436e-14,1.849436e-16
4.154444e+00,1.144586e-15,1.886757e-14,1.886757e-16
4.157117e+00,1.154168e-15,1.925874e-14,1.925874e-16
4.159790e+00,1.159512e-15,1.952715e-14,1.952715e-16
4.162464e+00,1.154474e-15,1.969577e-14,1.969577e-16
4.165137e+00,1.161166e-15,1.986346e-14,1.986346e-16
4.167811e+00,1.158133e-15,2.002198e-14,2.002198e-16
4.170484e+00,1.160106e-15,2.013233e-14,2.013233e-16
4.173157e+00,1.154164e-15,2.019394e-14,2.019394e-16
4.175831e+00,1.152293e-15,2.024706e-14,2.024706e-16
4.178504e+00,1.158316e-15,2.035199e-14,2.035199e-16
4.181178e+00,1.148868e-15,2.044651e-14,2.044651e-16
4.183851e+00,1.143275e-15,2.049026e-14,2.049026e-16
4.186524e+00,1.144766e-15,2.056074e-14,2.056074e-16
4.189198e+00,1.142283e-15,2.065274e-14,2.065274e-16
4.191871e+00,1.137220e-15,2.072027e-14,2.072027e-16
4.194544e+00,1.132294e-15,2.078399e-14,2.078399e-16
4.197218e+00,1.125880e-15,2.080494e-14,2.080494e-16
4.199891e+00,1.116346e-15,2.077510e-14,2.077510e-16
4.202565e+00,1.110166e-15,2.078495e-14,2.078495e-16
4.205238e+00,1.106420e-15,2.082669e-14,2.082669e-16
4.207911e+00,1.096695e-15,2.080832e-14,2.080832e-16
4.210585e+00,1.097743e-15,2.070044e-14,2.070044e-16
4.213258e+00,1.084546e-15,2.056344e-14,2.056344e-16
4.215932e+00,1.073633e-15,2.045498e-14,2.045498e-16
4.218605e+00,1.070809e-15,2.036561e-14,2.036561e-16
4.221278e+00,1.069347e-15,2.025244e-14,2.025244e-16
4.223952e+00,1.061467e-15,2.010520e-14,2.010520e-16
4.226625e+00,1.046010e-15,1.995403e-14,1.995403e-16
4.229299e+00,1.047964e-15,1.983765e-14,1.983765e-16
4.231972e+00,1.047432e-15,1.972799e-14,1.972799e-16
4.234645e+00,1.043331e-15,1.956451e-14,1.956451e-16
4.237319e+00,1.039825e-15,1.936739e-14,1.936739e-16
4.239992e+00,1.033806e-15,1.918930e-14,1.918930e-16
4.242665e+00,1.036599e-15,1.903904e-14,1.903904e-16
4.245339e+00,1.041725e-15,1.888887e-14,1.888887e-16
4.248012e+00,1.039045e-15,1.871657e-14,1.871657e-16
4.250686e+00,1.038198e-15,1.854572e-14,1.854572e-16
4.253359e+00,1.038633e-15,1.842428e-14,1.842428e-16
4.256032e+00,1.047171e-15,1.832989e-14,1.832989e-16
4.258706e+00,1.054723e-15,1.818410e-14,1.818410e-16
4.261379e+00,1.056732e-15,1.799894e-14,1.799894e-16
4.264053e+00,1.063317e-15,1.786241e-14,1.786241e-16
4.266726e+00,1.066845e-15,1.778888e-14,1.778888e-16
4.269399e+00,1.070746e-15,1.774051e-14,1.774051e-16
4.272073e+00,1.080820e-15,1.770419e-14,1.770419e-16
4.274746e+00,1.078618e-15,1.767384e-14,1.767384e-16
4.277419e+00,1.086144e-15,1.765518e-14,1.765518e-16
4.280093e+00,1.080648e-15,1.764306e-14,1.764306e-16
4.282766e+00,1.082538e-15,1.759820e-14,1.759820e-16
4.285440e+00,1.075632e-15,1.749958e-14,1.749958e-16
4.288113e+00,1.073099e-15,1.739333e-14,1.739333e-16
4.290786e+00,1.066710e-15,1.737199e-14,1.737199e-16
4.293460e+00,1.072703e-15,1.741043e-14,1.741043e-16
4.296133e+00,1.070097e-15,1.737214e-14,1.737214e-16
4.298807e+00,1.065390e-15,1.723701e-14,1.723701e-16
4.301480e+00,1.058855e-15,1.709434e-14,1.709434e-16
4.304153e+00,1.052502e-15,1.697273e-14,1.697273e-16
4.306827e+00,1.046873e-15,1.682748e-14,1.682748e-16
4.309500e+00,1.038913e-15,1.661222e-14,1.661222e-16
4.312174e+00,1.024500e-15,1.633079e-14,1.633079e-16
4.314847e+00,1.016745e-15,1.604333e-14,1.604333e-16
4.317520e+00,1.006145e-15,1.580383e-14,1.580383e-16
4.320194e+00,1.002321e-15,1.559055e-14,1.559055e-16
4.322867e+00,9.946436e-16,1.536243e-14,1.536243e-16
4.325540e+00,9.851067e-16,1.513965e-14,1.513965e-16
4.328214e+00,9.795556e-16,1.492474e-14,1.492474e-16
4.330887e+00,9.726318e-16,1.470223e-14,1.470223e-16
4.333561e+00,9.632967e-16,1.451958e-14,1.451958e-16
4.336234e+00,9.603327e-16,1.435154e-14,1.435154e-16
4.338907e+00,9.522282e-16,1.410401e-14,1.410401e-16
4.341581e+00,9.426977e-16,1.380110e-14,1.380110e-16
4.344254e+00,9.313073e-16,1.352891e-14,1.352891e-16
4.346928e+00,9.179892e-16,1.329471e-14,1.329471e-16
4.349601e+00,9.111554e-16,1.305517e-14,1.305517e-16
4.352274e+00,8.923250e-16,1.278683e-14,1.278683e-16
4.354948e+00,8.826783e-16,1.252422e-14,1.252422e-16
4.357621e+00,8.668259e-16,1.229961e-14,1.229961e-16
4.360294e+00,8.608438e-16,1.205353e-14,1.205353e-16
4.362968e+00,8.467796e-16,1.175014e-14,1.175014e-16
4.365641e+00,8.335333e-16,1.145927e-14,1.145927e-16
4.368315e+00,8.204325e-16,1.119020e-14,1.119020e-16
4.370988e+00,8.089161e-16,1.092495e-14,1.092495e-16
4.373661e+00,7.935811e-16,1.071418e-14,1.071418e-16
4.376335e+00,7.844586e-16,1.050833e-14,1.050833e-16
4.379008e+00,7.709485e-16,1.029047e-14,1.029047e-16
4.381682e+00,7.650432e-16,1.010275e-14,1.010275e-16
4.384355e+00,7.610812e-16,9.941281e-15,9.941281e-17
4.387028e+00,7.584567e-16,9.820843e-15,9.820843e-17
4.389702e+00,7.547470e-16,9.741476e-15,9.741476e-17
4.392375e+00,7.601516e-16,9.671029e-15,9.671029e-17
4.395049e+00,7.522304e-16,9.667802e-15,9.667802e-17
4.397722e+00,7.569674e-16,9.726345e-15,9.726345e-17
4.400395e+00,7.572861e-16,9.848300e-15,9.848300e-17
4.403069e+00,7.661529e-16,1.009218e-14,1.009218e-16
4.405742e+00,7.733602e-16,1.047373e-14,1.047373e-16
4.408415e+00,7.764855e-16,1.099049e-14,1.099049e-16
4.411089e+00,7.786072e-16,1.153347e-14,1.153347e-16
4.413762e+00,7.877302e-16,1.198092e-14,1.198092e-16
4.416436e+00,7.936582e-16,1.235676e-14,1.235676e-16
4.419109e+00,7.938857e-16,1.271348e-14,1.271348e-16
4.421782e+00,7.974754e-16,1.300583e-14,1.300583e-16
4.424456e+00,7.934273e-16,1.322220e-14,1.322220e-16
4.427129e+00,7.939431e-16,1.336579e-14,1.336579e-16
4.429803e+00,7.991480e-16,1.334359e-14,1.334359e-16
4.432476e+00,7.894939e-16,1.316496e-14,1.316496e-16
4.435149e+00,7.823186e-16,1.292214e-14,1.292214e-16
4.437823e+00,7.860702e-16,1.260296e-14,1.260296e-16
4.440496e+00,7.826476e-16,1.223527e-14,1.223527e-16
4.443169e+00,7.750292e-16,1.189038e-14,1.189038e-16
4.445843e+00,7.727669e-16,1.151608e-14,1.151608e-16
4.448516e+00,7.648667e-16,1.108687e-14,1.108687e-16
4.451190e+00,7.609278e-16,1.072534e-14,1.072534e-16
4.453863e+00,7.543377e-16,1.048117e-14,1.048117e-16
4.456536e+00,7.549983e-16,1.030618e-14,1.030618e-16
4.459210e+00,7.518468e-16,1.023052e-14,1.023052e-16
4.461883e+00,7.575623e-16,1.021520e-14,1.021520e-16
4.464557e+00,7.570278e-16,1.018850e-14,1.018850e-16
4.467230e+00,7.460007e-16,1.018408e-14,1.018408e-16
4.469903e+00,7.538174e-16,1.021638e-14,1.021638e-16
4.472577e+00,7.574775e-16,1.029665e-14,1.029665e-16
4.475250e+00,7.641634e-16,1.042255e-14,1.042255e-16
4.477924e+00,7.643495e-16,1.051471e-14,1.051471e-16
4.480597e+00,7.656781e-16,1.056481e-14,1.056481e-16
4.483270e+00,7.666690e-16,1.064609e-14,1.064609e-16
4.485944e+00,7.743937e-16,1.071847e-14,1.071847e-16
4.488617e+00,7.749805e-16,1.075072e-14,1.075072e-16
4.491290e+00,7.768052e-16,1.080718e-14,1.080718e-16
4.493964e+00,7.810143e-16,1.085798e-14,1.085798e-16
4.496637e+00,7.785938e-16,1.082502e-14,1.082502e-16
4.499311e+00,7.776961e-16,1.076361e-14,1.076361e-16
4.501984e+00,7.786864e-16,1.072283e-14,1.072283e-16
4.504657e+00,7.743601e-16,1.067001e-14,1.067001e-16
4.507331e+00,7.743150e-16,1.063413e-14,1.063413e-16
4.510004e+00,7.781329e-16,1.062656e-14,1.062656e-16
4.512678e+00,7.675934e-16,1.059144e-14,1.059144e-16
4.515351e+00,7.582997e-16,1.052905e-14,1.052905e-16
4.518024e+00,7.637344e-16,1.050486e-14,1.050486e-16
4.520698e+00,7.587648e-16,1.058063e-14,1.058063e-16
4.523371e+00,7.606844e-16,1.074164e-14,1.074164e-16
4.526044e+00,7.596480e-16,1.091536e-14,1.091536e-16
4.528718e+00,7.572986e-16,1.108987e-14,1.108987e-16
4.531391e+00,7.553031e-16,1.130294e-14,1.130294e-16
4.534065e+00,7.591155e-16,1.158044e-14,1.158044e-16
4.536738e+00,7.604855e-16,1.189800e-14,1.189800e-16
4.539411e+00,7.609755e-16,1.221633e-14,1.221633e-16
4.542085e+00,7.677978e-16,1.253190e-14,1.253190e-16
4.544758e+00,7.691091e-16,1.287668e-14,1.287668e-16
4.547432e+00,7.781443e-16,1.324248e-14,1.324248e-16
4.550105e+00,7.853584e-16,1.360473e-14,1.360473e-16
4.552778e+00,7.962282e-16,1.396290e-14,1.396290e-16
4.555452e+00,8.019903e-16,1.432068e-14,1.432068e-16
4.558125e+00,8.052831e-16,1.466754e-14,1.466754e-16
4.560799e+00,8.243487e-16,1.500432e-14,1.500432e-16
4.563472e+00,8.394748e-16,1.532564e-14,1.532564e-16
4.566145e+00,8.382761e-16,1.560141e-14,1.560141e-16
4.568819e+00,8.441610e-16,1.584915e-14,1.584915e-16
4.571492e+00,8.622873e-16,1.611630e-14,1.611630e-16
4.574165e+00,8.717776e-16,1.638128e-14,1.638128e-16
4.576839e+00,8.798071e-16,1.658073e-14,1.658073e-16
4.579512e+00,8.847156e-16,1.672182e-14,1.672182e-16
4.582186e+00,8.909147e-16,1.684080e-14,1.684080e-16
4.584859e+00,8.978059e-16,1.693437e-14,1.693437e-16
4.587532e+00,8.992653e-16,1.698226e-14,1.698226e-16
4.590206e+00,9.049407e-16,1.698386e-14,1.698386e-16
4.592879e+00,8.959222e-16,1.692988e-14,1.692988e-16
4.595553e+00,9.035595e-16,1.684213e-14,1.684213e-16
4.598226e+00,9.100289e-16,1.674982e-14,1.674982e-16
4.600899e+00,9.085922e-16,1.659447e-14,1.659447e-16
4.603573e+00,8.972156e-16,1.633794e-14,1.633794e-16
4.606246e+00,8.863412e-16,1.604355e-14,1.604355e-16
4.608919e+00,8.894183e-16,1.577046e-14,1.577046e-16
4.611593e+00,8.913196e-16,1.550026e-14,1.550026e-16
4.614266e+00,8.788755e-16,1.518024e-14,1.518024e-16
4.616940e+00,8.699741e-16,1.477927e-14,1.477927e-16
4.619613e+00,8.525246e-16,1.430839e-14,1.430839e-16
4.622286e+00,8.454540e-16,1.383897e-14,1.383897e-16
4.624960e+00,8.308419e-16,1.343578e-14,1.343578e-16
4.627633e+00,8.198827e-16,1.305667e-14,1.305667e-16
4.630307e+00,8.038759e-16,1.264744e-14,1.264744e-16
4.632980e+00,7.921977e-16,1.221180e-14,1.221180e-16
4.635653e+00,7.828227e-16,1.174910e-14,1.174910e-16
4.638327e+00,7.647788e-16,1.131252e-14,1.131252e-16
4.641000e+00,7.582274e-16,1.096349e-14,1.096349e-16
4.643674e+00,7.512802e-16,1.065667e-14,1.065667e-16
4.646347e+00,7.313804e-16,1.035075e-14,1.035075e-16
4.649020e+00,7.228853e-16,1.004703e-14,1.004703e-16
4.651694e+00,7.091482e-16,9.758937e-15,9.758937e-17
4.654367e+00,6.990429e-16,9.519392e-15,9.519392e-17
4.657040e+00,6.934667e-16,9.321103e-15,9.321103e-17
4.659714e+00,6.853870e-16,9.161283e-15,9.161283e-17
4.662387e+00,6.821016e-16,9.081668e-15,9.081668e-17
4.665061e+00,6.799673e-16,9.057137e-15,9.057137e-17
4.667734e+00,6.776226e-16,9.017826e-15,9.017826e-17
4.670407e+00,6.817720e-16,9.007518e-15,9.007518e-17
4.673081e+00,6.826077e-16,9.086221e-15,9.086221e-17
4.675754e+00,6.857999e-16,9.203564e-15,9.203564e-17
4.678428e+00,6.919035e-16,9.299511e-15,9.299511e-17
4.681101e+00,7.040567e-16,9.396444e-15,9.396444e-17
4.683774e+00,7.029751e-16,9.580111e-15,9.580111e-17
4.686448e+00,7.149840e-16,9.861896e-15,9.861896e-17
4.689121e+00,7.312619e-16,1.013307e-14,1.013307e-16
4.691795e+00,7.355614e-16,1.033830e-14,1.033830e-16
4.694468e+00,7.426022e-16,1.053623e-14,1.053623e-16
4.697141e+00,7.518974e-16,1.078136e-14,1.078136e-16
4.699815e+00,7.638150e-16,1.107827e-14,1.107827e-16
4.702488e+00,7.745879e-16,1.133882e-14,1.133882e-16
4.705161e+00,7.780550e-16,1.149883e-14,1.149883e-16
4.707835e+00,7.850616e-16,1.166566e-14,1.166566e-16
4.710508e+00,7.922331e-16,1.192843e-14,1.192843e-16
4.713182e+00,7.989731e-16,1.218719e-14,1.218719e-16
4.715855e+00,8.022623e-16,1.234771e-14,1.234771e-16
4.718528e+00,8.059148e-16,1.244586e-14,1.244586e-16
4.721202e+00,7.971690e-16,1.252622e-14,1.252622e-16
4.723875e+00,8.067478e-16,1.261502e-14,1.261502e-16
4.726549e+00,8.073261e-16,1.272560e-14,1.272560e-16
4.729222e+00,8.046999e-16,1.285217e-14,1.285217e-16
4.731895e+00,8.073457e-16,1.297723e-14,1.297723e-16
4.734569e+00,8.031394e-16,1.305726e-14,1.305726e-16
4.737242e+00,7.956201e-16,1.309479e-14,1.309479e-16
4.739915e+00,7.915126e-16,1.315736e-14,1.315736e-16
4.742589e+00,7.849725e-16,1.325209e-14,1.325209e-16
4.745262e+00,7.861489e-16,1.333574e-14,1.333574e-16
4.747936e+00,7.867204e-16,1.341899e-14,1.341899e-16
4.750609e+00,7.741403e-16,1.350509e-14,1.350509e-16
4.753282e+00,7.765327e-16,1.357734e-14,1.357734e-16
4.755956e+00,7.776897e-16,1.363949e-14,1.363949e-16
4.758629e+00,7.737276e-16,1.370583e-14,1.370583e-16
4.761303e+00,7.661200e-16,1.376597e-14,1.376597e-16
4.763976e+00,7.680099e-16,1.379741e-14,1.379741e-16
4.766649e+00,7.596090e-16,1.378852e-14,1.378852e-16
4.769323e+00,7.539479e-16,1.375266e-14,1.375266e-16
4.771996e+00,7.558437e-16,1.374542e-14,1.374542e-16
4.774670e+00,7.522977e-16,1.376781e-14,1.376781e-16
4.777343e+00,7.496432e-16,1.372957e-14,1.372957e-16
4.780016e+00,7.418411e-16,1.361611e-14,1.361611e-16
4.782690e+00,7.377115e-16,1.351044e-14,1.351044e-16
4.785363e+00,7.417493e-16,1.343385e-14,1.343385e-16
4.788036e+00,7.418533e-16,1.333511e-14,1.333511e-16
4.790710e+00,7.344522e-16,1.320662e-14,1.320662e-16
4.793383e+00,7.373579e-16,1.307701e-14,1.307701e-16
4.796057e+00,7.386384e-16,1.295955e-14,1.295955e-16
4.798730e+00,7.377316e-16,1.286801e-14,1.286801e-16
4.801403e+00,7.377850e-16,1.278065e-14,1.278065e-16
4.804077e+00,7.336790e-16,1.266118e-14,1.266118e-16
4.806750e+00,7.294148e-16,1.255639e-14,1.255639e-16
4.809424e+00,7.340684e-16,1.253341e-14,1.253341e-16
4.812097e+00,7.347552e-16,1.255569e-14,1.255569e-16
4.814770e+00,7.361584e-16,1.254308e-14,1.254308e-16
4.817444e+00,7.329826e-16,1.249040e-14,1.249040e-16
4.820117e+00,7.317875e-16,1.244282e-14,1.244282e-16
4.822790e+00,7.289390e-16,1.241187e-14,1.241187e-16
4.825464e+00,7.289179e-16,1.237257e-14,1.237257e-16
4.828137e+00,7.297447e-16,1.234887e-14,1.234887e-16
4.830811e+00,7.269908e-16,1.240259e-14,1.240259e-16
4.833484e+00,7.324354e-16,1.245606e-14,1.245606e-16
4.836157e+00,7.266858e-16,1.239054e-14,1.239054e-16
4.838831e+00,7.255939e-16,1.225845e-14,1.225845e-16
4.841504e+00,7.160093e-16,1.215457e-14,1.215457e-16
4.844178e+00,7.140032e-16,1.208069e-14,1.208069e-16
4.846851e+00,7.077127e-16,1.199072e-14,1.199072e-16
4.849524e+00,7.040025e-16,1.184930e-14,1.184930e-16
4.852198e+00,7.016953e-16,1.168868e-14,1.168868e-16
4.854871e+00,6.938864e-16,1.156038e-14,1.156038e-16
4.857545e+00,6.935236e-16,1.145135e-14,1.145135e-16
4.860218e+00,6.912027e-16,1.134801e-14,1.134801e-16
4.862891e+00,6.863820e-16,1.124523e-14,1.124523e-16
4.865565e+00,6.862842e-16,1.111986e-14,1.111986e-16
4.868238e+00,6.791800e-16,1.100510e-14,1.100510e-16
4.870911e+00,6.795127e-16,1.094710e-14,1.094710e-16
4.873585e+00,6.812993e-16,1.092179e-14,1.092179e-16
4.876258e+00,6.805589e-16,1.088975e-14,1.088975e-16
4.878932e+00,6.800693e-16,1.085733e-14,1.085733e-16
4.881605e+00,6.843475e-16,1.085972e-14,1.085972e-16
4.884278e+00,6.843733e-16,1.091567e-14,1.091567e-16
4.886952e+00,6.782886e-16,1.103235e-14,1.103235e-16
4.889625e+00,6.839282e-16,1.119477e-14,1.119477e-16
4.892299e+00,6.932634e-16,1.134985e-14,1.134985e-16
4.894972e+00,6.876527e-16,1.146236e-14,1.146236e-16
4.897645e+00,6.875032e-16,1.154288e-14,1.154288e-16
4.900319e+00,6.858065e-16,1.162293e-14,1.162293e-16
4.902992e+00,6.894623e-16,1.169148e-14,1.169148e-16
4.905665e+00,6.875699e-16,1.169475e-14,1.169475e-16
4.908339e+00,6.878947e-16,1.160968e-14,1.160968e-16
4.911012e+00,6.882915e-16,1.144357e-14,1.144357e-16
4.913686e+00,6.825556e-16,1.123021e-14,1.123021e-16
4.916359e+00,6.726475e-16,1.102186e-14,1.102186e-16
4.919032e+00,6.685754e-16,1.080788e-14,1.080788e-16
4.921706e+00,6.658602e-16,1.054752e-14,1.054752e-16
4.924379e+00,6.616440e-16,1.024563e-14,1.024563e-16
4.927053e+00,6.536295e-16,9.909473e-15,9.909473e-17
4.929726e+00,6.444114e-16,9.538322e-15,9.538322e-17
4.932399e+00,6.326931e-16,9.179788e-15,9.179788e-17
4.935073e+00,6.207243e-16,8.868538e-15,8.868538e-17
4.937746e+00,6.176236e-16,8.606572e-15,8.606572e-17
4.940420e+00,6.060860e-16,8.392777e-15,8.392777e-17
4.943093e+00,5.953780e-16,8.182032e-15,8.182032e-17
4.945766e+00,5.870015e-16,7.936697e-15,7.936697e-17
4.948440e+00,5.820298e-16,7.680461e-15,7.680461e-17
4.951113e+00,5.732080e-16,7.452865e-15,7.452865e-17
4.953786e+00,5.656637e-16,7.297890e-15,7.297890e-17
4.956460e+00,5.720544e-16,7.210588e-15,7.210588e-17
4.959133e+00,5.648012e-16,7.104175e-15,7.104175e-17
4.961807e+00,5.601028e-16,6.962763e-15,6.962763e-17
4.964480e+00,5.593438e-16,6.841238e-15,6.841238e-17
4.967153e+00,5.486904e-16,6.746201e-15,6.746201e-17
4.969827e+00,5.509154e-16,6.689458e-15,6.689458e-17
4.972500e+00,5.493924e-16,6.680504e-15,6.680504e-17
4.975174e+00,5.485226e-16,6.689982e-15,6.689982e-17
4.977847e+00,5.459597e-16,6.723528e-15,6.723528e-17
4.980520e+00,5.448320e-16,6.775670e-15,6.775670e-17
4.983194e+00,5.429609e-16,6.811978e-15,6.811978e-17
4.985867e+00,5.360312e-16,6.858370e-15,6.858370e-17
4.988540e+00,5.353561e-16,6.936056e-15,6.936056e-17
4.991214e+00,5.403702e-16,7.003845e-15,7.003845e-17
4.993887e+00,5.343782e-16,7.033260e-15,7.033260e-17
4.996561e+00,5.318538e-16,7.030484e-15,7.030484e-17
4.999234e+00,5.260109e-16,6.995054e-15,6.995054e-17
5.001907e+00,5.260322e-16,6.945767e-15,6.945767e-17
5.004581e+00,5.258808e-16,6.910817e-15,6.910817e-17
5.007254e+00,5.227692e-16,6.905482e-15,6.905482e-17
5.009928e+00,5.231967e-16,6.914101e-15,6.914101e-17
5.012601e+00,5.235128e-16,6.892385e-15,6.892385e-17
5.015274e+00,5.188262e-16,6.866065e-15,6.866065e-17
5.017948e+00,5.211317e-16,6.887143e-15,6.887143e-17
5.020621e+00,5.198419e-16,6.917628e-15,6.917628e-17
5.023295e+00,5.184805e-16,6.921809e-15,6.921809e-17
5.025968e+00,5.176242e-16,6.942349e-15,6.942349e-17
5.028641e+00,5.162410e-16,6.983079e-15,6.983079e-17
5.031315e+00,5.167826e-16,7.029182e-15,7.029182e-17
5.033988e+00,5.127894e-16,7.089209e-15,7.089209e-17
5.036661e+00,5.152304e-16,7.148057e-15,7.148057e-17
5.039335e+00,5.158492e-16,7.190952e-15,7.190952e-17
5.042008e+00,5.171775e-16,7.223549e-15,7.223549e-17
5.044682e+00,5.172956e-16,7.243846e-15,7.243846e-17
5.047355e+00,5.185245e-16,7.245320e-15,7.245320e-17
5.050028e+00,5.205035e-16,7.226411e-15,7.226411e-17
5.052702e+00,5.218396e-16,7.202966e-15,7.202966e-17
5.055375e+00,5.224266e-16,7.174824e-15,7.174824e-17
5.058049e+00,5.216466e-16,7.111596e-15,7.111596e-17
5.060722e+00,5.161516e-16,7.024548e-15,7.024548e-17
5.063395e+00,5.224814e-16,6.947519e-15,6.947519e-17
5.066069e+00,5.200386e-16,6.860055e-15,6.860055e-17
5.068742e+00,5.204901e-16,6.729581e-15,6.729581e-17
5.071415e+00,5.150042e-16,6.554350e-15,6.554350e-17
5.074089e+00,5.124782e-16,6.357234e-15,6.357234e-17
5.076762e+00,5.061359e-16,6.199644e-15,6.199644e-17
5.079436e+00,5.080426e-16,6.080129e-15,6.080129e-17
5.082109e+00,5.003422e-16,5.948982e-15,5.948982e-17
5.084782e+00,5.009541e-16,5.825460e-15,5.825460e-17
5.087456e+00,5.028533e-16,5.703333e-15,5.703333e-17
5.090129e+00,4.999409e-16,5.553898e-15,5.553898e-17
5.092803e+00,4.939666e-16,5.409036e-15,5.409036e-17
5.095476e+00,4.938398e-16,5.269232e-15,5.269232e-17
5.098149e+00,4.896624e-16,5.136286e-15,5.136286e-17
5.100823e+00,4.794265e-16,5.056563e-15,5.056563e-17
5.103496e+00,4.870548e-16,5.011850e-15,5.011850e-17
5.106170e+00,4.857685e-16,4.932267e-15,4.932267e-17
5.108843e+00,4.839663e-16,4.859538e-15,4.859538e-17
5.111516e+00,4.782054e-16,4.844725e-15,4.844725e-17
5.114190e+00,4.805860e-16,4.882365e-15,4.882365e-17
5.116863e+00,4.792448e-16,4.942485e-15,4.942485e-17
5.119536e+00,4.829282e-16,4.989231e-15,4.989231e-17
5.122210e+00,4.817049e-16,5.008634e-15,5.008634e-17
5.124883e+00,4.838148e-16,5.057905e-15,5.057905e-17
5.127557e+00,4.813213e-16,5.153557e-15,5.153557e-17
5.130230e+00,4.791542e-16,5.258503e-15,5.258503e-17
5.132903e+00,4.857954e-16,5.350792e-15,5.350792e-17
5.135577e+00,4.841383e-16,5.411059e-15,5.411059e-17
5.138250e+00,4.792864e-16,5.453367e-15,5.453367e-17
5.140924e+00,4.841055e-16,5.536543e-15,5.536543e-17
5.143597e+00,4.890827e-16,5.664624e-15,5.664624e-17
5.146270e+00,4.913633e-16,5.785928e-15,5.785928e-17
5.148944e+00,4.895872e-16,5.865031e-15,5.865031e-17
5.151617e+00,4.839133e-16,5.928759e-15,5.928759e-17
5.154290e+00,4.934125e-16,6.048415e-15,6.048415e-17
5.156964e+00,4.984275e-16,6.190610e-15,6.190610e-17
5.159637e+00,4.979597e-16,6.280299e-15,6.280299e-17
5.162311e+00,4.986668e-16,6.374194e-15,6.374194e-17
5.164984e+00,5.043788e-16,6.486120e-15,6.486120e-17
5.167657e+00,5.052880e-16,6.582597e-15,6.582597e-17
5.170331e+00,5.094066e-16,6.712921e-15,6.712921e-17
5.173004e+00,5.108652e-16,6.865897e-15,6.865897e-17
5.175678e+00,5.154970e-16,6.963166e-15,6.963166e-17
5.178351e+00,5.176603e-16,7.024461e-15,7.024461e-17
5.181024e+00,5.206752e-16,7.083938e-15,7.083938e-17
5.183698e+00,5.211276e-16,7.126929e-15,7.126929e-17
5.186371e+00,5.237692e-16,7.152418e-15,7.152418e-17
5.189045e+00,5.244731e-16,7.186367e-15,7.186367e-17
5.191718e+00,5.263621e-16,7.239195e-15,7.239195e-17
5.194391e+00,5.290030e-16,7.282813e-15,7.282813e-17
5.197065e+00,5.263609e-16,7.302160e-15,7.302160e-17
5.199738e+00,5.255793e-16,7.323896e-15,7.323896e-17
5.202411e+00,5.281749e-16,7.356172e-15,7.356172e-17
5.205085e+00,5.298456e-16,7.398770e-15,7.398770e-17
5.207758e+00,5.309770e-16,7.448261e-15,7.448261e-17
5.210432e+00,5.250220e-16,7.496350e-15,7.496350e-17
5.213105e+00,5.337116e-16,7.568144e-15,7.568144e-17
5.215778e+00,5.311021e-16,7.670037e-15,7.670037e-17
5.218452e+00,5.325073e-16,7.757813e-15,7.757813e-17
5.221125e+00,5.342671e-16,7.810255e-15,7.810255e-17
5.223799e+00,5.339817e-16,7.863093e-15,7.863093e-17
5.226472e+00,5.350734e-16,7.951015e-15,7.951015e-17
5.229145e+00,5.442386e-16,8.051206e-15,8.051206e-17
5.231819e+00,5.486694e-16,8.128484e-15,8.128484e-17
5.234492e+00,5.463759e-16,8.171258e-15,8.171258e-17
5.237165e+00,5.495113e-16,8.172632e-15,8.172632e-17
5.239839e+00,5.487997e-16,8.166485e-15,8.166485e-17
5.242512e+00,5.514730e-16,8.189184e-15,8.189184e-17
5.245186e+00,5.523510e-16,8.204827e-15,8.204827e-17
5.247859e+00,5.541737e-16,8.198791e-15,8.198791e-17
5.250532e+00,5.544972e-16,8.208413e-15,8.208413e-17
5.253206e+00,5.508644e-16,8.189000e-15,8.189000e-17
5.255879e+00,5.477292e-16,8.090780e-15,8.090780e-17
5.258553e+00,5.430620e-16,7.971813e-15,7.971813e-17
5.261226e+00,5.472880e-16,7.861564e-15,7.861564e-17
5.263899e+00,5.371659e-16,7.728536e-15,7.728536e-17
5.266573e+00,5.317504e-16,7.584567e-15,7.584567e-17
5.269246e+00,5.253189e-16,7.426931e-15,7.426931e-17
5.271920e+00,5.178654e-16,7.228730e-15,7.228730e-17
5.274593e+00,5.078309e-16,7.009705e-15,7.009705e-17
5.277266e+00,5.013916e-16,6.809229e-15,6.809229e-17
5.279940e+00,4.928565e-16,6.633249e-15,6.633249e-17
5.282613e+00,4.851964e-16,6.486342e-15,6.486342e-17
5.285286e+00,4.782491e-16,6.351551e-15,6.351551e-17
5.287960e+00,4.688865e-16,6.210741e-15,6.210741e-17
5.290633e+00,4.653613e-16,6.085014e-15,6.085014e-17
5.293307e+00,4.607754e-16,5.979948e-15,5.979948e-17
5.295980e+00,4.503039e-16,5.887011e-15,5.887011e-17
5.298653e+00,4.466860e-16,5.819375e-15,5.819375e-17
5.301327e+00,4.440967e-16,5.783644e-15,5.783644e-17
5.304000e+00,4.464916e-16,5.757687e-15,5.757687e-17
5.306674e+00,4.460611e-16,5.723350e-15,5.723350e-17
5.309347e+00,4.381343e-16,5.684362e-15,5.684362e-17
5.312020e+00,4.364885e-16,5.662009e-15,5.662009e-17
5.314694e+00,4.420052e-16,5.674121e-15,5.674121e-17
5.317367e+00,4.498362e-16,5.706223e-15,5.706223e-17
5.320040e+00,4.475465e-16,5.737177e-15,5.737177e-17
5.322714e+00,4.495030e-16,5.785757e-15,5.785757e-17
5.325387e+00,4.554823e-16,5.858022e-15,5.858022e-17
5.328061e+00,4.564061e-16,5.931105e-15,5.931105e-17
5.330734e+00,4.638507e-16,5.997161e-15,5.997161e-17
5.333407e+00,4.639117e-16,6.056446e-15,6.056446e-17
5.336081e+00,4.700943e-16,6.119667e-15,6.119667e-17
5.338754e+00,4.746539e-16,6.193782e-15,6.193782e-17
5.341428e+00,4.791616e-16,6.258037e-15,6.258037e-17
5.344101e+00,4.777018e-16,6.299721e-15,6.299721e-17
5.346774e+00,4.757877e-16,6.317747e-15,6.317747e-17
5.349448e+00,4.864891e-16,6.317800e-15,6.317800e-17
5.352121e+00,4.806433e-16,6.307029e-15,6.307029e-17
5.354795e+00,4.808558e-16,6.281232e-15,6.281232e-17
5.357468e+00,4.782989e-16,6.238093e-15,6.238093e-17
5.360141e+00,4.791892e-16,6.202906e-15,6.202906e-17
5.362815e+00,4.768192e-16,6.190468e-15,6.190468e-17
5.365488e+00,4.782524e-16,6.183322e-15,6.183322e-17
5.368161e+00,4.751261e-16,6.166364e-15,6.166364e-17
5.370835e+00,4.727852e-16,6.147668e-15,6.147668e-17
5.373508e+00,4.725852e-16,6.139626e-15,6.139626e-17
5.376182e+00,4.694288e-16,6.140514e-15,6.140514e-17
5.378855e+00,4.669484e-16,6.144625e-15,6.144625e-17
5.381528e+00,4.666602e-16,6.147330e-15,6.147330e-17
5.384202e+00,4.645913e-16,6.135166e-15,6.135166e-17
5.386875e+00,4.599163e-16,6.104650e-15,6.104650e-17
5.389549e+00,4.543491e-16,6.084388e-15,6.084388e-17
5.392222e+00,4.564345e-16,6.086728e-15,6.086728e-17
5.394895e+00,4.509065e-16,6.098115e-15,6.098115e-17
5.397569e+00,4.492458e-16,6.105042e-15,6.105042e-17
5.400242e+00,4.539030e-16,6.087146e-15,6.087146e-17
5.402915e+00,4.497052e-16,6.039244e-15,6.039244e-17
5.405589e+00,4.468081e-16,5.997781e-15,5.997781e-17
5.408262e+00,4.467284e-16,5.978674e-15,5.978674e-17
5.410936e+00,4.499623e-16,5.951808e-15,5.951808e-17
5.413609e+00,4.450347e-16,5.901863e-15,5.901863e-17
5.416282e+00,4.414692e-16,5.844349e-15,5.844349e-17
5.418956e+00,4.422303e-16,5.797751e-15,5.797751e-17
5.421629e+00,4.413688e-16,5.764532e-15,5.764532e-17
5.424303e+00,4.394987e-16,5.725144e-15,5.725144e-17
5.426976e+00,4.413403e-16,5.686651e-15,5.686651e-17
5.429649e+00,4.474866e-16,5.674680e-15,5.674680e-17
5.432323e+00,4.439584e-16,5.671306e-15,5.671306e-17
5.434996e+00,4.473580e-16,5.660125e-15,5.660125e-17
5.437670e+00,4.465115e-16,5.663035e-15,5.663035e-17
5.440343e+00,4.469193e-16,5.695997e-15,5.695997e-17
5.443016e+00,4.531518e-16,5.742930e-15,5.742930e-17
5.445690e+00,4.569759e-16,5.776914e-15,5.776914e-17
5.448363e+00,4.542288e-16,5.799888e-15,5.799888e-17
5.451036e+00,4.557206e-16,5.841785e-15,5.841785e-17
5.453710e+00,4.581741e-16,5.923677e-15,5.923677e-17
5.456383e+00,4.578517e-16,6.001272e-15,6.001272e-17
5.459057e+00,4.637586e-16,6.059143e-15,6.059143e-17
5.461730e+00,4.646231e-16,6.153996e-15,6.153996e-17
5.464403e+00,4.669848e-16,6.279508e-15,6.279508e-17
5.467077e+00,4.662837e-16,6.386385e-15,6.386385e-17
5.469750e+00,4.675578e-16,6.488470e-15,6.488470e-17
5.472424e+00,4.722385e-16,6.593449e-15,6.593449e-17
5.475097e+00,4.698645e-16,6.686453e-15,6.686453e-17
5.477770e+00,4.734840e-16,6.784040e-15,6.784040e-17
5.480444e+00,4.741732e-16,6.881907e-15,6.881907e-17
5.483117e+00,4.728195e-16,6.962724e-15,6.962724e-17
5.485790e+00,4.713867e-16,7.044269e-15,7.044269e-17
5.488464e+00,4.712872e-16,7.130614e-15,7.130614e-17
5.491137e+00,4.684596e-16,7.201111e-15,7.201111e-17
5.493811e+00,4.684808e-16,7.258479e-15,7.258479e-17
5.496484e+00,4.666701e-16,7.323119e-15,7.323119e-17
5.499157e+00,4.660997e-16,7.382154e-15,7.382154e-17
5.501831e+00,4.680397e-16,7.426540e-15,7.426540e-17
5.504504e+00,4.655897e-16,7.469846e-15,7.469846e-17
5.507178e+00,4.677415e-16,7.497388e-15,7.497388e-17
5.509851e+00,4.655781e-16,7.492461e-15,7.492461e-17
5.512524e+00,4.617955e-16,7.469852e-15,7.469852e-17
5.515198e+00,4.641044e-16,7.441247e-15,7.441247e-17
5.517871e+00,4.628071e-16,7.415463e-15,7.415463e-17
5.520545e+00,4.640430e-16,7.374411e-15,7.374411e-17
5.523218e+00,4.622093e-16,7.304499e-15,7.304499e-17
5.525891e+00,4.668401e-16,7.228498e-15,7.228498e-17
5.528565e+00,4.638200e-16,7.140995e-15,7.140995e-17
5.531238e+00,4.610053e-16,7.017307e-15,7.017307e-17
5.533911e+00,4.645787e-16,6.886275e-15,6.886275e-17
5.536585e+00,4.652512e-16,6.779046e-15,6.779046e-17
5.539258e+00,4.658785e-16,6.674880e-15,6.674880e-17
5.541932e+00,4.648749e-16,6.550848e-15,6.550848e-17
5.544605e+00,4.629333e-16,6.413574e-15,6.413574e-17
5.547278e+00,4.633937e-16,6.273149e-15,6.273149e-17
5.549952e+00,4.582972e-16,6.120419e-15,6.120419e-17
5.552625e+00,4.579725e-16,5.952826e-15,5.952826e-17
5.555299e+00,4.519547e-16,5.811504e-15,5.811504e-17
5.557972e+00,4.529253e-16,5.693447e-15,5.693447e-17
5.560645e+00,4.486057e-16,5.556723e-15,5.556723e-17
5.563319e+00,4.431416e-16,5.422735e-15,5.422735e-17
5.565992e+00,4.392596e-16,5.305943e-15,5.305943e-17
5.568665e+00,4.376013e-16,5.164131e-15,5.164131e-17
5.571339e+00,4.285593e-16,4.995514e-15,4.995514e-17
5.574012e+00,4.226892e-16,4.855279e-15,4.855279e-17
5.576686e+00,4.229489e-16,4.774864e-15,4.774864e-17
5.579359e+00,4.191412e-16,4.702637e-15,4.702637e-17
5.582032e+00,4.116069e-16,4.596747e-15,4.596747e-17
5.584706e+00,4.050401e-16,4.483241e-15,4.483241e-17
5.587379e+00,3.990899e-16,4.394457e-15,4.394457e-17
5.590053e+00,3.962923e-16,4.321482e-15,4.321482e-17
5.592726e+00,3.910623e-16,4.255429e-15,4.255429e-17
5.595399e+00,3.852482e-16,4.193199e-15,4.193199e-17
5.598073e+00,3.827326e-16,4.132286e-15,4.132286e-17
5.600746e+00,3.806112e-16,4.080797e-15,4.080797e-17
5.603420e+00,3.791835e-16,4.035945e-15,4.035945e-17
5.606093e+00,3.757751e-16,3.972630e-15,3.972630e-17
5.608766e+00,3.714673e-16,3.897607e-15,3.897607e-17
5.611440e+00,3.711385e-16,3.834963e-15,3.834963e-17
5.614113e+00,3.633462e-16,3.781191e-15,3.781191e-17
5.616786e+00,3.645173e-16,3.726115e-15,3.726115e-17
5.619460e+00,3.628033e-16,3.672404e-15,3.672404e-17
5.622133e+00,3.595313e-16,3.619889e-15,3.619889e-17
5.624807e+00,3.610040e-16,3.581392e-15,3.581392e-17
5.627480e+00,3.581797e-16,3.578153e-15,3.578153e-17
5.630153e+00,3.526710e-16,3.585544e-15,3.585544e-17
5.632827e+00,3.545940e-16,3.578054e-15,3.578054e-17
5.635500e+00,3.539352e-16,3.569620e-15,3.569620e-17
5.638174e+00,3.554834e-16,3.587192e-15,3.587192e-17
5.640847e+00,3.598023e-16,3.621093e-15,3.621093e-17
5.643520e+00,3.596465e-16,3.671746e-15,3.671746e-17
5.646194e+00,3.636811e-16,3.738547e-15,3.738547e-17
5.648867e+00,3.641786e-16,3.793986e-15,3.793986e-17
5.651540e+00,3.674321e-16,3.838903e-15,3.838903e-17
5.654214e+00,3.723629e-16,3.902154e-15,3.902154e-17
5.656887e+00,3.760335e-16,3.987376e-15,3.987376e-17
5.659561e+00,3.779739e-16,4.094022e-15,4.094022e-17
5.662234e+00,3.802180e-16,4.206482e-15,4.206482e-17
5.664907e+00,3.842331e-16,4.288987e-15,4.288987e-17
5.667581e+00,3.848896e-16,4.345504e-15,4.345504e-17
5.670254e+00,3.922724e-16,4.424876e-15,4.424876e-17
5.672928e+00,3.940849e-16,4.524221e-15,4.524221e-17
5.675601e+00,3.998374e-16,4.603689e-15,4.603689e-17
5.678274e+00,3.982775e-16,4.665584e-15,4.665584e-17
5.680948e+00,4.026787e-16,4.732290e-15,4.732290e-17
5.683621e+00,4.031742e-16,4.783340e-15,4.783340e-17
5.686295e+00,4.049044e-16,4.790888e-15,4.790888e-17
5.688968e+00,4.009387e-16,4.773095e-15,4.773095e-17
5.691641e+00,4.016484e-16,4.772284e-15,4.772284e-17
5.694315e+00,3.973827e-16,4.796625e-15,4.796625e-17
5.696988e+00,4.013033e-16,4.817713e-15,4.817713e-17
5.699661e+00,3.999927e-16,4.826229e-15,4.826229e-17
5.702335e+00,3.952695e-16,4.829313e-15,4.829313e-17
5.705008e+00,3.960488e-16,4.826011e-15,4.826011e-17
5.707682e+00,3.911695e-16,4.833405e-15,4.833405e-17
5.710355e+00,3.929940e-16,4.861927e-15,4.861927e-17
5.713028e+00,3.888656e-16,4.887606e-15,4.887606e-17
5.715702e+00,3.920332e-16,4.904314e-15,4.904314e-17
5.718375e+00,3.922682e-16,4.934209e-15,4.934209e-17
5.721049e+00,3.932330e-16,4.974002e-15,4.974002e-17
5.723722e+00,3.907664e-16,5.003425e-15,5.003425e-17
5.726395e+00,3.952912e-16,5.025429e-15,5.025429e-17
5.729069e+00,3.947579e-16,5.051198e-15,5.051198e-17
5.731742e+00,3.996372e-16,5.089786e-15,5.089786e-17
5.734416e+00,3.985803e-16,5.132684e-15,5.132684e-17
5.737089e+00,3.951418e-16,5.150490e-15,5.150490e-17
5.739762e+00,3.999022e-16,5.144790e-15,5.144790e-17
5.742436e+00,4.009061e-16,5.154057e-15,5.154057e-17
5.745109e+00,4.010003e-16,5.193625e-15,5.193625e-17
5.747782e+00,4.023834e-16,5.234533e-15,5.234533e-17
5.750456e+00,4.029517e-16,5.255373e-15,5.255373e-17
5.753129e+00,4.059920e-16,5.263537e-15,5.263537e-17
5.755803e+00,4.055928e-16,5.285578e-15,5.285578e-17
5.758476e+00,4.072633e-16,5.322477e-15,5.322477e-17
5.761149e+00,4.083557e-16,5.346492e-15,5.346492e-17
5.763823e+00,4.096794e-16,5.353118e-15,5.353118e-17
5.766496e+00,4.086006e-16,5.361036e-15,5.361036e-17
5.769170e+00,4.061312e-16,5.381818e-15,5.381818e-17
5.771843e+00,4.045257e-16,5.399111e-15,5.399111e-17
5.774516e+00,4.118223e-16,5.401384e-15,5.401384e-17
5.777190e+00,4.083056e-16,5.406252e-15,5.406252e-17
5.779863e+00,4.072897e-16,5.396170e-15,5.396170e-17
5.782536e+00,4.030849e-16,5.337648e-15,5.337648e-17
5.785210e+00,3.994234e-16,5.265315e-15,5.265315e-17
5.787883e+00,3.968908e-16,5.223181e-15,5.223181e-17
5.790557e+00,3.982155e-16,5.174888e-15,5.174888e-17
5.793230e+00,3.973612e-16,5.075035e-15,5.075035e-17
5.795903e+00,3.938174e-16,4.938935e-15,4.938935e-17
5.798577e+00,3.879380e-16,4.816857e-15,4.816857e-17
5.801250e+00,3.861454e-16,4.730032e-15,4.730032e-17
5.803924e+00,3.850420e-16,4.660433e-15,4.660433e-17
5.806597e+00,3.809908e-16,4.594286e-15,4.594286e-17
5.809270e+00,3.761861e-16,4.533228e-15,4.533228e-17
5.811944e+00,3.735553e-16,4.474655e-15,4.474655e-17
5.814617e+00,3.717805e-16,4.436093e-15,4.436093e-17
5.817291e+00,3.697312e-16,4.410183e-15,4.410183e-17
5.819964e+00,3.685618e-16,4.355624e-15,4.355624e-17
5.822637e+00,3.606642e-16,4.275322e-15,4.275322e-17
5.825311e+00,3.559154e-16,4.219577e-15,4.219577e-17
5.827984e+00,3.569165e-16,4.185165e-15,4.185165e-17
5.830657e+00,3.510514e-16,4.110802e-15,4.110802e-17
5.833331e+00,3.462142e-16,3.987269e-15,3.987269e-17
5.836004e+00,3.446380e-16,3.863687e-15,3.863687e-17
5.838678e+00,3.386603e-16,3.762220e-15,3.762220e-17
5.841351e+00,3.408032e-16,3.652311e-15,3.652311e-17
5.844024e+00,3.353585e-16,3.509680e-15,3.509680e-17
5.846698e+00,3.321810e-16,3.365574e-15,3.365574e-17
5.849371e+00,3.291582e-16,3.244343e-15,3.244343e-17
5.852045e+00,3.262579e-16,3.137094e-15,3.137094e-17
5.854718e+00,3.221234e-16,3.044767e-15,3.044767e-17
5.857391e+00,3.231359e-16,2.982778e-15,2.982778e-17
5.860065e+00,3.196352e-16,2.958910e-15,2.958910e-17
5.862738e+00,3.221201e-16,2.977452e-15,2.977452e-17
5.865411e+00,3.196455e-16,3.015475e-15,3.015475e-17
5.868085e+00,3.195418e-16,3.058068e-15,3.058068e-17
5.870758e+00,3.213357e-16,3.112273e-15,3.112273e-17
5.873432e+00,3.228330e-16,3.180102e-15,3.180102e-17
5.876105e+00,3.276196e-16,3.259418e-15,3.259418e-17
5.878778e+00,3.286704e-16,3.351855e-15,3.351855e-17
5.881452e+00,3.318587e-16,3.440354e-15,3.440354e-17
5.884125e+00,3.338767e-16,3.499871e-15,3.499871e-17
5.886799e+00,3.366229e-16,3.553762e-15,3.553762e-17
5.889472e+00,3.390388e-16,3.638348e-15,3.638348e-17
5.892145e+00,3.421916e-16,3.723804e-15,3.723804e-17
5.894819e+00,3.427686e-16,3.761273e-15,3.761273e-17
5.897492e+00,3.439284e-16,3.753501e-15,3.753501e-17
5.900166e+00,3.437496e-16,3.742422e-15,3.742422e-17
5.902839e+00,3.432620e-16,3.750830e-15,3.750830e-17
5.905512e+00,3.477497e-16,3.755311e-15,3.755311e-17
5.908186e+00,3.462838e-16,3.742892e-15,3.742892e-17
5.910859e+00,3.446643e-16,3.745895e-15,3.745895e-17
5.913532e+00,3.471024e-16,3.749556e-15,3.749556e-17
5.916206e+00,3.423109e-16,3.718057e-15,3.718057e-17
5.918879e+00,3.421444e-16,3.680979e-15,3.680979e-17
5.921553e+00,3.464892e-16,3.660704e-15,3.660704e-17
5.924226e+00,3.456282e-16,3.634901e-15,3.634901e-17
5.926899e+00,3.434369e-16,3.600434e-15,3.600434e-17
5.929573e+00,3.440635e-16,3.585739e-15,3.585739e-17
5.932246e+00,3.437516e-16,3.593876e-15,3.593876e-17
5.934920e+00,3.412088e-16,3.590436e-15,3.590436e-17
5.937593e+00,3.436990e-16,3.576011e-15,3.576011e-17
5.940266e+00,3.455108e-16,3.586007e-15,3.586007e-17
5.942940e+00,3.486461e-16,3.605163e-15,3.605163e-17
5.945613e+00,3.483372e-16,3.612235e-15,3.612235e-17
5.948286e+00,3.485151e-16,3.617798e-15,3.617798e-17
5.950960e+00,3.515905e-16,3.642187e-15,3.642187e-17
5.953633e+00,3.540552e-16,3.684802e-15,3.684802e-17
5.956307e+00,3.505056e-16,3.733388e-15,3.733388e-17
5.958980e+00,3.537429e-16,3.787633e-15,3.787633e-17
5.961653e+00,3.532426e-16,3.857433e-15,3.857433e-17
5.964327e+00,3.606306e-16,3.943932e-15,3.943932e-17
5.967000e+00,3.604568e-16,4.029840e-15,4.029840e-17
5.969674e+00,3.610566e-16,4.094059e-15,4.094059e-17
5.972347e+00,3.616754e-16,4.149398e-15,4.149398e-17
5.975020e+00,3.660298e-16,4.228501e-15,4.228501e-17
5.977694e+00,3.643371e-16,4.337567e-15,4.337567e-17
5.980367e+00,3.698902e-16,4.455343e-15,4.455343e-17
5.983041e+00,3.702975e-16,4.564428e-15,4.564428e-17
5.985714e+00,3.717862e-16,4.667374e-15,4.667374e-17
5.988387e+00,3.731897e-16,4.754994e-15,4.754994e-17
5.991061e+00,3.710645e-16,4.825391e-15,4.825391e-17
5.993734e+00,3.724768e-16,4.889589e-15,4.889589e-17
5.996407e+00,3.695529e-16,4.949325e-15,4.949325e-17
5.999081e+00,3.717222e-16,5.006996e-15,5.006996e-17
6.001754e+00,3.765479e-16,5.061396e-15,5.061396e-17
6.004428e+00,3.730655e-16,5.103299e-15,5.103299e-17
6.007101e+00,3.731658e-16,5.144948e-15,5.144948e-17
6.009774e+00,3.755928e-16,5.178897e-15,5.178897e-17
6.012448e+00,3.755115e-16,5.165888e-15,5.165888e-17
6.015121e+00,3.753689e-16,5.112115e-15,5.112115e-17
6.017795e+00,3.706178e-16,5.056534e-15,5.056534e-17
6.020468e+00,3.739451e-16,5.024023e-15,5.024023e-17
6.023141e+00,3.748970e-16,5.000740e-15,5.000740e-17
6.025815e+00,3.745430e-16,4.942006e-15,4.942006e-17
6.028488e+00,3.679681e-16,4.845828e-15,4.845828e-17
6.031161e+00,3.687932e-16,4.749720e-15,4.749720e-17
6.033835e+00,3.664663e-16,4.662879e-15,4.662879e-17
6.036508e+00,3.672322e-16,4.587614e-15,4.587614e-17
6.039182e+00,3.677613e-16,4.533553e-15,4.533553e-17
6.041855e+00,3.615924e-16,4.474701e-15,4.474701e-17
6.044528e+00,3.603327e-16,4.378023e-15,4.378023e-17
6.047202e+00,3.588767e-16,4.268025e-15,4.268025e-17
6.049875e+00,3.570345e-16,4.192111e-15,4.192111e-17
6.052549e+00,3.547369e-16,4.158996e-15,4.158996e-17
6.055222e+00,3.568807e-16,4.139688e-15,4.139688e-17
6.057895e+00,3.525655e-16,4.113905e-15,4.113905e-17
6.060569e+00,3.507722e-16,4.098764e-15,4.098764e-17
6.063242e+00,3.524362e-16,4.098830e-15,4.098830e-17
6.065916e+00,3.536790e-16,4.077302e-15,4.077302e-17
6.068589e+00,3.515887e-16,4.038356e-15,4.038356e-17
6.071262e+00,3.492085e-16,4.031335e-15,4.031335e-17
6.073936e+00,3.494670e-16,4.050056e-15,4.050056e-17
6.076609e+00,3.511761e-16,4.062119e-15,4.062119e-17
6.079282e+00,3.529592e-16,4.077841e-15,4.077841e-17
6.081956e+00,3.525463e-16,4.101010e-15,4.101010e-17
6.084629e+00,3.495773e-16,4.129173e-15,4.129173e-17
6.087303e+00,3.507737e-16,4.153475e-15,4.153475e-17
6.089976e+00,3.523708e-16,4.154764e-15,4.154764e-17
6.092649e+00,3.499036e-16,4.143240e-15,4.143240e-17
6.095323e+00,3.493824e-16,4.159387e-15,4.159387e-17
6.097996e+00,3.488876e-16,4.206235e-15,4.206235e-17
6.100670e+00,3.495480e-16,4.252066e-15,4.252066e-17
6.103343e+00,3.489631e-16,4.282674e-15,4.282674e-17
6.106016e+00,3.498253e-16,4.297851e-15,4.297851e-17
6.108690e+00,3.471597e-16,4.299084e-15,4.299084e-17
6.111363e+00,3.442066e-16,4.317024e-15,4.317024e-17
6.114036e+00,3.459349e-16,4.361096e-15,4.361096e-17
6.116710e+00,3.424447e-16,4.397086e-15,4.397086e-17
6.119383e+00,3.423264e-16,4.417195e-15,4.417195e-17
6.122057e+00,3.409964e-16,4.436451e-15,4.436451e-17
6.124730e+00,3.390868e-16,4.453793e-15,4.453793e-17
6.127403e+00,3.350424e-16,4.466566e-15,4.466566e-17
6.130077e+00,3.353607e-16,4.477376e-15,4.477376e-17
6.132750e+00,3.318062e-16,4.491472e-15,4.491472e-17
6.135424e+00,3.315573e-16,4.509488e-15,4.509488e-17
6.138097e+00,3.309412e-16,4.519236e-15,4.519236e-17
6.140770e+00,3.306028e-16,4.522173e-15,4.522173e-17
6.143444e+00,3.322025e-16,4.528144e-15,4.528144e-17
6.146117e+00,3.307654e-16,4.531358e-15,4.531358e-17
6.148791e+00,3.285242e-16,4.524904e-15,4.524904e-17
6.151464e+00,3.246466e-16,4.528941e-15,4.528941e-17
6.154137e+00,3.276849e-16,4.554637e-15,4.554637e-17
6.156811e+00,3.250597e-16,4.585345e-15,4.585345e-17
6.159484e+00,3.245012e-16,4.608165e-15,4.608165e-17
6.162157e+00,3.215056e-16,4.627539e-15,4.627539e-17
6.164831e+00,3.221058e-16,4.653394e-15,4.653394e-17
6.167504e+00,3.217795e-16,4.694602e-15,4.694602e-17
6.170178e+00,3.242357e-16,4.735209e-15,4.735209e-17
6.172851e+00,3.220949e-16,4.754000e-15,4.754000e-17
6.175524e+00,3.196561e-16,4.745490e-15,4.745490e-17
6.178198e+00,3.181253e-16,4.716574e-15,4.716574e-17
6.180871e+00,3.177254e-16,4.677699e-15,4.677699e-17
6.183545e+00,3.088725e-16,4.629746e-15,4.629746e-17
6.186218e+00,3.093006e-16,4.567957e-15,4.567957e-17
6.188891e+00,3.079538e-16,4.492842e-15,4.492842e-17
6.191565e+00,3.025864e-16,4.417735e-15,4.417735e-17
6.194238e+00,2.989533e-16,4.349057e-15,4.349057e-17
6.196911e+00,2.993455e-16,4.268706e-15,4.268706e-17
6.199585e+00,2.958140e-16,4.168070e-15,4.168070e-17
6.202258e+00,2.936858e-16,4.069785e-15,4.069785e-17
6.204932e+00,2.926371e-16,3.990921e-15,3.990921e-17
6.207605e+00,2.867681e-16,3.919538e-15,3.919538e-17
6.210278e+00,2.865850e-16,3.844937e-15,3.844937e-17
6.212952e+00,2.831097e-16,3.776756e-15,3.776756e-17
6.215625e+00,2.847464e-16,3.719582e-15,3.719582e-17
6.218299e+00,2.842899e-16,3.661272e-15,3.661272e-17
6.220972e+00,2.811409e-16,3.604381e-15,3.604381e-17
6.223645e+00,2.861948e-16,3.559672e-15,3.559672e-17
6.226319e+00,2.896287e-16,3.524170e-15,3.524170e-17
6.228992e+00,2.880168e-16,3.481008e-15,3.481008e-17
6.231666e+00,2.895867e-16,3.433868e-15,3.433868e-17
6.234339e+00,2.909794e-16,3.401765e-15,3.401765e-17
6.237012e+00,2.909833e-16,3.395871e-15,3.395871e-17
6.239686e+00,2.952102e-16,3.415253e-15,3.415253e-17
6.242359e+00,2.987904e-16,3.436987e-15,3.436987e-17
6.245032e+00,2.986891e-16,3.437228e-15,3.437228e-17
6.247706e+00,2.989526e-16,3.442737e-15,3.442737e-17
6.250379e+00,3.031676e-16,3.478788e-15,3.478788e-17
6.253053e+00,3.008705e-16,3.528572e-15,3.528572e-17
6.255726e+00,3.009134e-16,3.573179e-15,3.573179e-17
6.258399e+00,3.029939e-16,3.623831e-15,3.623831e-17
6.261073e+00,3.043086e-16,3.679315e-15,3.679315e-17
6.263746e+00,3.050963e-16,3.725747e-15,3.725747e-17
6.266420e+00,3.063337e-16,3.776692e-15,3.776692e-17
6.269093e+00,3.070788e-16,3.843080e-15,3.843080e-17
6.271766e+00,3.083003e-16,3.910870e-15,3.910870e-17
6.274440e+00,3.089351e-16,3.963684e-15,3.963684e-17
6.277113e+00,3.094013e-16,4.009870e-15,4.009870e-17
6.279786e+00,3.111110e-16,4.062625e-15,4.062625e-17
6.282460e+00,3.121510e-16,4.135004e-15,4.135004e-17
6.285133e+00,3.118535e-16,4.223653e-15,4.223653e-17
6.287807e+00,3.113799e-16,4.304802e-15,4.304802e-17
6.290480e+00,3.135233e-16,4.370029e-15,4.370029e-17
6.293153e+00,3.126216e-16,4.431485e-15,4.431485e-17
6.295827e+00,3.137420e-16,4.491141e-15,4.491141e-17
6.298500e+00,3.134034e-16,4.538959e-15,4.538959e-17
6.301174e+00,3.149200e-16,4.577497e-15,4.577497e-17
6.303847e+00,3.127740e-16,4.616538e-15,4.616538e-17
6.306520e+00,3.176710e-16,4.663207e-15,4.663207e-17
6.309194e+00,3.144792e-16,4.717594e-15,4.717594e-17
6.311867e+00,3.176274e-16,4.757436e-15,4.757436e-17
6.314541e+00,3.166957e-16,4.769288e-15,4.769288e-17
6.317214e+00,3.159586e-16,4.768910e-15,4.768910e-17
6.319887e+00,3.125799e-16,4.760868e-15,4.760868e-17
6.322561e+00,3.133594e-16,4.741126e-15,4.741126e-17
6.325234e+00,3.127592e-16,4.696700e-15,4.696700e-17
6.327907e+00,3.109933e-16,4.616181e-15,4.616181e-17
6.330581e+00,3.056417e-16,4.536456e-15,4.536456e-17
6.333254e+00,3.060095e-16,4.492100e-15,4.492100e-17
6.335928e+00,3.060294e-16,4.453915e-15,4.453915e-17
6.338601e+00,3.019450e-16,4.391782e-15,4.391782e-17
6.341274e+00,3.020837e-16,4.314357e-15,4.314357e-17
6.343948e+00,2.951517e-16,4.241720e-15,4.241720e-17
6.346621e+00,2.934887e-16,4.174331e-15,4.174331e-17
6.349295e+00,2.974244e-16,4.088233e-15,4.088233e-17
6.351968e+00,2.909229e-16,3.973240e-15,3.973240e-17
6.354641e+00,2.901956e-16,3.852809e-15,3.852809e-17
6.357315e+00,2.838545e-16,3.745357e-15,3.745357e-17
6.359988e+00,2.846617e-16,3.649114e-15,3.649114e-17
6.362661e+00,2.827981e-16,3.556178e-15,3.556178e-17
6.365335e+00,2.844689e-16,3.465435e-15,3.465435e-17
6.368008e+00,2.782763e-16,3.378556e-15,3.378556e-17
6.370682e+00,2.779909e-16,3.301597e-15,3.301597e-17
6.373355e+00,2.771321e-16,3.226890e-15,3.226890e-17
6.376028e+00,2.756904e-16,3.139801e-15,3.139801e-17
6.378702e+00,2.767356e-16,3.051405e-15,3.051405e-17
6.381375e+00,2.755458e-16,2.991197e-15,2.991197e-17
6.384049e+00,2.718079e-16,2.973168e-15,2.973168e-17
6.386722e+00,2.741361e-16,2.970684e-15,2.970684e-17
6.389395e+00,2.730648e-16,2.949822e-15,2.949822e-17
6.392069e+00,2.686373e-16,2.925417e-15,2.925417e-17
6.394742e+00,2.695239e-16,2.919064e-15,2.919064e-17
6.397416e+00,2.659059e-16,2.931126e-15,2.931126e-17
6.400089e+00,2.697387e-16,2.961546e-15,2.961546e-17
6.402762e+00,2.680871e-16,2.994180e-15,2.994180e-17
6.405436e+00,2.680947e-16,3.011273e-15,3.011273e-17
6.408109e+00,2.674913e-16,3.021660e-15,3.021660e-17
6.410782e+00,2.654119e-16,3.027203e-15,3.027203e-17
6.413456e+00,2.633768e-16,3.029282e-15,3.029282e-17
6.416129e+00,2.629567e-16,3.041037e-15,3.041037e-17
6.418803e+00,2.640780e-16,3.056015e-15,3.056015e-17
6.421476e+00,2.633886e-16,3.060333e-15,3.060333e-17
6.424149e+00,2.647802e-16,3.060227e-15,3.060227e-17
6.426823e+00,2.677260e-16,3.068955e-15,3.068955e-17
6.429496e+00,2.656992e-16,3.089945e-15,3.089945e-17
6.432170e+00,2.651384e-16,3.113644e-15,3.113644e-17
6.434843e+00,2.658068e-16,3.128515e-15,3.128515e-17
6.437516e+00,2.639484e-16,3.142268e-15,3.142268e-17
6.440190e+00,2.640476e-16,3.163825e-15,3.163825e-17
6.442863e+00,2.644649e-16,3.177851e-15,3.177851e-17
6.445536e+00,2.653401e-16,3.160663e-15,3.160663e-17
6.448210e+00,2.636001e-16,3.112882e-15,3.112882e-17
6.450883e+00,2.626883e-16,3.059717e-15,3.059717e-17
6.453557e+00,2.592702e-16,3.017650e-15,3.017650e-17
6.456230e+00,2.569585e-16,2.978685e-15,2.978685e-17
6.458903e+00,2.563757e-16,2.929736e-15,2.929736e-17
6.461577e+00,2.557907e-16,2.866343e-15,2.866343e-17
6.464250e+00,2.544599e-16,2.784145e-15,2.784145e-17
6.466924e+00,2.500936e-16,2.678220e-15,2.678220e-17
6.469597e+00,2.491397e-16,2.563079e-15,2.563079e-17
6.472270e+00,2.476687e-16,2.462683e-15,2.462683e-17
6.474944e+00,2.455596e-16,2.374332e-15,2.374332e-17
6.477617e+00,2.423421e-16,2.285398e-15,2.285398e-17
6.480291e+00,2.420267e-16,2.203084e-15,2.203084e-17
6.482964e+00,2.371690e-16,2.133291e-15,2.133291e-17
6.485637e+00,2.379859e-16,2.067106e-15,2.067106e-17
6.488311e+00,2.315995e-16,2.018366e-15,2.018366e-17
6.490984e+00,2.322293e-16,1.992468e-15,1.992468e-17
6.493657e+00,2.315764e-16,1.967766e-15,1.967766e-17
6.496331e+00,2.296807e-16,1.939121e-15,1.939121e-17
6.499004e+00,2.289549e-16,1.929768e-15,1.929768e-17
6.501678e+00,2.305708e-16,1.937790e-15,1.937790e-17
6.504351e+00,2.298719e-16,1.949965e-15,1.949965e-17
6.507024e+00,2.269988e-16,1.961162e-15,1.961162e-17
6.509698e+00,2.309329e-16,1.968383e-15,1.968383e-17
6.512371e+00,2.299855e-16,1.971235e-15,1.971235e-17
6.515045e+00,2.323664e-16,1.969648e-15,1.969648e-17
6.517718e+00,2.340848e-16,1.964011e-15,1.964011e-17
6.520391e+00,2.294738e-16,1.966961e-15,1.966961e-17
6.523065e+00,2.346889e-16,1.998464e-15,1.998464e-17
6.525738e+00,2.338893e-16,2.042928e-15,2.042928e-17
6.528411e+00,2.354341e-16,2.065045e-15,2.065045e-17
6.531085e+00,2.366474e-16,2.060945e-15,2.060945e-17
6.533758e+00,2.369838e-16,2.061223e-15,2.061223e-17
6.536432e+00,2.370489e-16,2.082856e-15,2.082856e-17
6.539105e+00,2.384119e-16,2.104540e-15,2.104540e-17
6.541778e+00,2.374968e-16,2.109057e-15,2.109057e-17
6.544452e+00,2.408123e-16,2.120819e-15,2.120819e-17
6.547125e+00,2.406797e-16,2.151807e-15,2.151807e-17
6.549799e+00,2.410720e-16,2.182366e-15,2.182366e-17
6.552472e+00,2.425315e-16,2.193484e-15,2.193484e-17
6.555145e+00,2.426963e-16,2.193812e-15,2.193812e-17
6.557819e+00,2.399378e-16,2.207062e-15,2.207062e-17
6.560492e+00,2.420822e-16,2.245426e-15,2.245426e-17
6.563166e+00,2.433179e-16,2.287048e-15,2.287048e-17
6.565839e+00,2.436430e-16,2.314849e-15,2.314849e-17
6.568512e+00,2.448816e-16,2.338135e-15,2.338135e-17
6.571186e+00,2.475179e-16,2.358582e-15,2.358582e-17
6.573859e+00,2.456853e-16,2.382907e-15,2.382907e-17
6.576532e+00,2.447801e-16,2.406509e-15,2.406509e-17
6.579206e+00,2.462269e-16,2.425299e-15,2.425299e-17
6.581879e+00,2.462472e-16,2.444996e-15,2.444996e-17
6.584553e+00,2.441549e-16,2.460143e-15,2.460143e-17
6.587226e+00,2.454531e-16,2.475313e-15,2.475313e-17
6.589899e+00,2.483365e-16,2.498939e-15,2.498939e-17
6.592573e+00,2.480243e-16,2.522973e-15,2.522973e-17
6.595246e+00,2.483224e-16,2.534539e-15,2.534539e-17
6.597920e+00,2.466221e-16,2.529672e-15,2.529672e-17
6.600593e+00,2.456747e-16,2.522569e-15,2.522569e-17
6.603266e+00,2.490079e-16,2.529544e-15,2.529544e-17
6.605940e+00,2.479738e-16,2.535538e-15,2.535538e-17
6.608613e+00,2.471192e-16,2.523772e-15,2.523772e-17
6.611286e+00,2.454734e-16,2.509853e-15,2.509853e-17
6.613960e+00,2.482458e-16,2.506229e-15,2.506229e-17
6.616633e+00,2.461127e-16,2.498861e-15,2.498861e-17
6.619307e+00,2.444505e-16,2.486590e-15,2.486590e-17
6.621980e+00,2.430328e-16,2.474295e-15,2.474295e-17
6.624653e+00,2.397164e-16,2.463516e-15,2.463516e-17
6.627327e+00,2.408714e-16,2.457888e-15,2.457888e-17
6.630000e+00,2.426923e-16,2.445874e-15,2.445874e-17
6.632674e+00,2.389234e-16,2.419508e-15,2.419508e-17
6.635347e+00,2.414223e-16,2.406205e-15,2.406205e-17
6.638020e+00,2.398323e-16,2.400768e-15,2.400768e-17
6.640694e+00,2.425529e-16,2.374557e-15,2.374557e-17
6.643367e+00,2.378915e-16,2.341855e-15,2.341855e-17
6.646041e+00,2.358375e-16,2.324370e-15,2.324370e-17
6.648714e+00,2.372585e-16,2.309560e-15,2.309560e-17
6.651387e+00,2.352802e-16,2.283925e-15,2.283925e-17
6.654061e+00,2.338880e-16,2.257248e-15,2.257248e-17
6.656734e+00,2.325997e-16,2.242743e-15,2.242743e-17
6.659407e+00,2.306644e-16,2.223780e-15,2.223780e-17
6.662081e+00,2.318763e-16,2.184065e-15,2.184065e-17
6.664754e+00,2.273798e-16,2.142695e-15,2.142695e-17
6.667428e+00,2.275664e-16,2.114836e-15,2.114836e-17
6.670101e+00,2.217578e-16,2.084776e-15,2.084776e-17
6.672774e+00,2.238560e-16,2.046307e-15,2.046307e-17
6.675448e+00,2.220834e-16,2.006500e-15,2.006500e-17
6.678121e+00,2.203998e-16,1.974282e-15,1.974282e-17
6.680795e+00,2.214560e-16,1.955699e-15,1.955699e-17
6.683468e+00,2.203374e-16,1.953290e-15,1.953290e-17
6.686141e+00,2.210881e-16,1.952671e-15,1.952671e-17
6.688815e+00,2.195956e-16,1.949070e-15,1.949070e-17
6.691488e+00,2.168156e-16,1.962247e-15,1.962247e-17
6.694161e+00,2.204638e-16,1.991731e-15,1.991731e-17
6.696835e+00,2.193667e-16,2.023503e-15,2.023503e-17
6.699508e+00,2.237858e-16,2.060863e-15,2.060863e-17
6.702182e+00,2.241681e-16,2.106374e-15,2.106374e-17
6.704855e+00,2.251325e-16,2.155293e-15,2.155293e-17
6.707528e+00,2.293118e-16,2.207502e-15,2.207502e-17
6.710202e+00,2.309196e-16,2.265058e-15,2.265058e-17
6.712875e+00,2.355306e-16,2.345233e-15,2.345233e-17
6.715549e+00,2.377453e-16,2.455380e-15,2.455380e-17
6.718222e+00,2.419029e-16,2.569659e-15,2.569659e-17
6.720895e+00,2.453641e-16,2.682240e-15,2.682240e-17
6.723569e+00,2.505683e-16,2.801616e-15,2.801616e-17
6.726242e+00,2.519697e-16,2.921573e-15,2.921573e-17
6.728916e+00,2.561263e-16,3.042539e-15,3.042539e-17
6.731589e+00,2.579144e-16,3.160209e-15,3.160209e-17
6.734262e+00,2.593045e-16,3.263578e-15,3.263578e-17
6.736936e+00,2.614094e-16,3.352958e-15,3.352958e-17
6.739609e+00,2.650534e-16,3.414973e-15,3.414973e-17
6.742282e+00,2.628474e-16,3.438635e-15,3.438635e-17
6.744956e+00,2.620508e-16,3.437396e-15,3.437396e-17
6.747629e+00,2.628654e-16,3.424523e-15,3.424523e-17
6.750303e+00,2.613459e-16,3.390436e-15,3.390436e-17
6.752976e+00,2.626598e-16,3.320760e-15,3.320760e-17
6.755649e+00,2.580870e-16,3.236263e-15,3.236263e-17
6.758323e+00,2.563122e-16,3.158846e-15,3.158846e-17
6.760996e+00,2.530315e-16,3.069172e-15,3.069172e-17
6.763670e+00,2.500153e-16,2.946769e-15,2.946769e-17
6.766343e+00,2.488424e-16,2.828032e-15,2.828032e-17
6.769016e+00,2.440647e-16,2.739667e-15,2.739667e-17
6.771690e+00,2.411250e-16,2.651009e-15,2.651009e-17
6.774363e+00,2.384528e-16,2.559143e-15,2.559143e-17
6.777037e+00,2.354462e-16,2.498793e-15,2.498793e-17
6.779710e+00,2.339665e-16,2.448382e-15,2.448382e-17
6.782383e+00,2.349924e-16,2.374936e-15,2.374936e-17
6.785057e+00,2.267667e-16,2.300778e-15,2.300778e-17
6.787730e+00,2.229184e-16,2.255565e-15,2.255565e-17
6.790403e+00,2.181485e-16,2.233605e-15,2.233605e-17
6.793077e+00,2.204657e-16,2.218445e-15,2.218445e-17
6.795750e+00,2.229650e-16,2.215286e-15,2.215286e-17
6.798424e+00,2.192257e-16,2.224956e-15,2.224956e-17
6.801097e+00,2.201191e-16,2.236246e-15,2.236246e-17
6.803770e+00,2.207916e-16,2.263740e-15,2.263740e-17
6.806444e+00,2.213235e-16,2.302784e-15,2.302784e-17
6.809117e+00,2.225123e-16,2.322167e-15,2.322167e-17
6.811791e+00,2.221731e-16,2.330556e-15,2.330556e-17
6.814464e+00,2.215273e-16,2.352169e-15,2.352169e-17
6.817137e+00,2.231704e-16,2.391045e-15,2.391045e-17
6.819811e+00,2.270469e-16,2.437116e-15,2.437116e-17
6.822484e+00,2.253929e-16,2.484337e-15,2.484337e-17
6.825157e+00,2.278344e-16,2.533412e-15,2.533412e-17
6.827831e+00,2.279331e-16,2.572026e-15,2.572026e-17
6.830504e+00,2.291133e-16,2.583962e-15,2.583962e-17
6.833178e+00,2.265403e-16,2.593140e-15,2.593140e-17
6.835851e+00,2.319007e-16,2.632398e-15,2.632398e-17
6.838524e+00,2.318585e-16,2.680090e-15,2.680090e-17
6.841198e+00,2.339196e-16,2.702717e-15,2.702717e-17
6.843871e+00,2.334769e-16,2.720104e-15,2.720104e-17
6.846545e+00,2.355906e-16,2.759648e-15,2.759648e-17
6.849218e+00,2.364712e-16,2.792649e-15,2.792649e-17
6.851891e+00,2.374111e-16,2.796203e-15,2.796203e-17
6.854565e+00,2.358114e-16,2.788510e-15,2.788510e-17
6.857238e+00,2.353453e-16,2.770547e-15,2.770547e-17
6.859912e+00,2.368119e-16,2.742679e-15,2.742679e-17
6.862585e+00,2.346324e-16,2.730327e-15,2.730327e-17
6.865258e+00,2.357133e-16,2.722473e-15,2.722473e-17
6.867932e+00,2.330876e-16,2.687358e-15,2.687358e-17
6.870605e+00,2.355071e-16,2.638294e-15,2.638294e-17
6.873278e+00,2.335933e-16,2.599106e-15,2.599106e-17
6.875952e+00,2.308955e-16,2.565824e-15,2.565824e-17
6.878625e+00,2.310258e-16,2.539881e-15,2.539881e-17
6.881299e+00,2.306518e-16,2.523272e-15,2.523272e-17
6.883972e+00,2.300582e-16,2.498205e-15,2.498205e-17
6.886645e+00,2.255911e-16,2.453699e-15,2.453699e-17
6.889319e+00,2.262315e-16,2.404742e-15,2.404742e-17
6.891992e+00,2.249428e-16,2.361848e-15,2.361848e-17
6.894666e+00,2.224298e-16,2.318116e-15,2.318116e-17
6.897339e+00,2.196718e-16,2.268769e-15,2.268769e-17
6.900012e+00,2.212316e-16,2.224495e-15,2.224495e-17
6.902686e+00,2.192081e-16,2.197497e-15,2.197497e-17
6.905359e+00,2.188963e-16,2.179768e-15,2.179768e-17
6.908032e+00,2.198445e-16,2.153843e-15,2.153843e-17
6.910706e+00,2.192058e-16,2.116407e-15,2.116407e-17
6.913379e+00,2.185187e-16,2.092117e-15,2.092117e-17
6.916053e+00,2.185272e-16,2.083656e-15,2.083656e-17
6.918726e+00,2.168267e-16,2.067248e-15,2.067248e-17
6.921399e+00,2.166598e-16,2.033969e-15,2.033969e-17
6.924073e+00,2.185947e-16,2.009739e-15,2.009739e-17
6.926746e+00,2.187409e-16,2.005472e-15,2.005472e-17
6.929420e+00,2.182662e-16,2.004608e-15,2.004608e-17
6.932093e+00,2.163911e-16,1.991277e-15,1.991277e-17
6.934766e+00,2.149662e-16,1.971007e-15,1.971007e-17
6.937440e+00,2.142991e-16,1.962494e-15,1.962494e-17
6.940113e+00,2.162540e-16,1.965918e-15,1.965918e-17
6.942787e+00,2.158009e-16,1.963033e-15,1.963033e-17
6.945460e+00,2.164585e-16,1.956762e-15,1.956762e-17
6.948133e+00,2.137172e-16,1.959768e-15,1.959768e-17
6.950807e+00,2.150707e-16,1.956595e-15,1.956595e-17
6.953480e+00,2.108615e-16,1.944063e-15,1.944063e-17
6.956153e+00,2.123785e-16,1.943157e-15,1.943157e-17
6.958827e+00,2.102194e-16,1.951453e-15,1.951453e-17
6.961500e+00,2.093727e-16,1.956532e-15,1.956532e-17
6.964174e+00,2.111898e-16,1.956019e-15,1.956019e-17
6.966847e+00,2.113264e-16,1.949989e-15,1.949989e-17
6.969520e+00,2.064801e-16,1.953027e-15,1.953027e-17
6.972194e+00,2.085591e-16,1.961675e-15,1.961675e-17
6.974867e+00,2.070350e-16,1.955315e-15,1.955315e-17
6.977541e+00,2.078780e-16,1.955499e-15,1.955499e-17
6.980214e+00,2.071538e-16,1.986802e-15,1.986802e-17
6.982887e+00,2.081470e-16,2.022432e-15,2.022432e-17
6.985561e+00,2.091184e-16,2.041414e-15,2.041414e-17
6.988234e+00,2.080826e-16,2.066798e-15,2.066798e-17
6.990907e+00,2.090555e-16,2.115251e-15,2.115251e-17
6.993581e+00,2.095916e-16,2.180099e-15,2.180099e-17
6.996254e+00,2.119414e-16,2.262098e-15,2.262098e-17
6.998928e+00,2.132219e-16,2.357572e-15,2.357572e-17
7.001601e+00,2.131393e-16,2.458142e-15,2.458142e-17
7.004274e+00,2.146057e-16,2.561114e-15,2.561114e-17
7.006948e+00,2.161681e-16,2.664625e-15,2.664625e-17
7.009621e+00,2.180916e-16,2.760034e-15,2.760034e-17
7.012295e+00,2.183548e-16,2.841627e-15,2.841627e-17
7.014968e+00,2.197330e-16,2.914126e-15,2.914126e-17
7.017641e+00,2.204565e-16,2.981009e-15,2.981009e-17
7.020315e+00,2.186238e-16,3.037024e-15,3.037024e-17
7.022988e+00,2.238258e-16,3.077207e-15,3.077207e-17
7.025662e+00,2.227628e-16,3.102497e-15,3.102497e-17
7.028335e+00,2.239700e-16,3.120523e-15,3.120523e-17
7.031008e+00,2.251543e-16,3.134191e-15,3.134191e-17
7.033682e+00,2.259801e-16,3.139714e-15,3.139714e-17
7.036355e+00,2.250739e-16,3.134122e-15,3.134122e-17
7.039028e+00,2.252272e-16,3.119923e-15,3.119923e-17
7.041702e+00,2.235331e-16,3.101584e-15,3.101584e-17
7.044375e+00,2.250330e-16,3.091558e-15,3.091558e-17
7.047049e+00,2.280844e-16,3.089758e-15,3.089758e-17
7.049722e+00,2.280476e-16,3.076167e-15,3.076167e-17
7.052395e+00,2.268313e-16,3.049993e-15,3.049993e-17
7.055069e+00,2.250658e-16,3.025586e-15,3.025586e-17
7.057742e+00,2.265127e-16,3.011838e-15,3.011838e-17
7.060416e+00,2.244213e-16,3.005183e-15,3.005183e-17
7.063089e+00,2.281599e-16,2.993311e-15,2.993311e-17
7.065762e+00,2.304397e-16,2.967810e-15,2.967810e-17
7.068436e+00,2.290356e-16,2.939234e-15,2.939234e-17
7.071109e+00,2.304278e-16,2.913705e-15,2.913705e-17
7.073782e+00,2.317086e-16,2.890467e-15,2.890467e-17
7.076456e+00,2.329083e-16,2.878144e-15,2.878144e-17
7.079129e+00,2.338915e-16,2.874265e-15,2.874265e-17
7.081803e+00,2.350454e-16,2.857646e-15,2.857646e-17
7.084476e+00,2.340415e-16,2.823779e-15,2.823779e-17
7.087149e+00,2.322833e-16,2.791289e-15,2.791289e-17
7.089823e+00,2.330175e-16,2.768378e-15,2.768378e-17
7.092496e+00,2.335107e-16,2.741068e-15,2.741068e-17
7.095170e+00,2.330706e-16,2.701516e-15,2.701516e-17
7.097843e+00,2.322724e-16,2.646913e-15,2.646913e-17
7.100516e+00,2.322973e-16,2.586023e-15,2.586023e-17
7.103190e+00,2.318833e-16,2.539557e-15,2.539557e-17
7.105863e+00,2.293043e-16,2.500153e-15,2.500153e-17
7.108537e+00,2.283963e-16,2.439079e-15,2.439079e-17
7.111210e+00,2.273765e-16,2.374417e-15,2.374417e-17
7.113883e+00,2.222250e-16,2.325846e-15,2.325846e-17
7.116557e+00,2.234910e-16,2.266208e-15,2.266208e-17
7.119230e+00,2.217491e-16,2.203201e-15,2.203201e-17
7.121903e+00,2.208387e-16,2.169345e-15,2.169345e-17
7.124577e+00,2.194173e-16,2.153444e-15,2.153444e-17
7.127250e+00,2.181519e-16,2.129783e-15,2.129783e-17
7.129924e+00,2.178740e-16,2.107562e-15,2.107562e-17
7.132597e+00,2.188213e-16,2.103627e-15,2.103627e-17
7.135270e+00,2.175979e-16,2.110109e-15,2.110109e-17
7.137944e+00,2.168972e-16,2.112083e-15,2.112083e-17
7.140617e+00,2.152270e-16,2.122524e-15,2.122524e-17
7.143291e+00,2.179423e-16,2.148269e-15,2.148269e-17
7.145964e+00,2.179191e-16,2.168222e-15,2.168222e-17
7.148637e+00,2.147910e-16,2.175094e-15,2.175094e-17
7.151311e+00,2.156722e-16,2.188674e-15,2.188674e-17
7.153984e+00,2.138102e-16,2.230243e-15,2.230243e-17
7.156657e+00,2.156420e-16,2.286183e-15,2.286183e-17
7.159331e+00,2.159177e-16,2.321117e-15,2.321117e-17
7.162004e+00,2.145326e-16,2.324080e-15,2.324080e-17
7.164678e+00,2.128382e-16,2.329767e-15,2.329767e-17
7.167351e+00,2.134520e-16,2.367128e-15,2.367128e-17
7.170024e+00,2.162670e-16,2.418055e-15,2.418055e-17
7.172698e+00,2.119076e-16,2.457898e-15,2.457898e-17
7.175371e+00,2.130555e-16,2.478204e-15,2.478204e-17
7.178045e+00,2.111973e-16,2.482935e-15,2.482935e-17
7.180718e+00,2.125459e-16,2.481613e-15,2.481613e-17
7.183391e+00,2.116102e-16,2.474167e-15,2.474167e-17
7.186065e+00,2.109820e-16,2.458699e-15,2.458699e-17
7.188738e+00,2.090958e-16,2.445046e-15,2.445046e-17
7.191412e+00,2.052999e-16,2.435346e-15,2.435346e-17
7.194085e+00,2.069234e-16,2.418554e-15,2.418554e-17
7.196758e+00,2.078667e-16,2.385241e-15,2.385241e-17
7.199432e+00,2.056893e-16,2.350354e-15,2.350354e-17
7.202105e+00,2.058349e-16,2.330835e-15,2.330835e-17
7.204778e+00,2.060310e-16,2.311534e-15,2.311534e-17
7.207452e+00,2.048083e-16,2.286130e-15,2.286130e-17
7.210125e+00,2.028073e-16,2.274238e-15,2.274238e-17
7.212799e+00,2.061645e-16,2.268342e-15,2.268342e-17
7.215472e+00,2.037660e-16,2.238338e-15,2.238338e-17
7.218145e+00,2.025346e-16,2.193555e-15,2.193555e-17
7.220819e+00,2.002344e-16,2.161170e-15,2.161170e-17
7.223492e+00,2.027826e-16,2.136827e-15,2.136827e-17
7.226166e+00,2.003900e-16,2.098208e-15,2.098208e-17
7.228839e+00,1.980138e-16,2.049806e-15,2.049806e-17
7.231512e+00,1.986807e-16,2.009382e-15,2.009382e-17
7.234186e+00,1.950913e-16,1.974567e-15,1.974567e-17
7.236859e+00,1.939042e-16,1.938161e-15,1.938161e-17
7.239532e+00,1.934820e-16,1.903798e-15,1.903798e-17
7.242206e+00,1.951873e-16,1.875732e-15,1.875732e-17
7.244879e+00,1.927767e-16,1.854427e-15,1.854427e-17
7.247553e+00,1.933884e-16,1.841627e-15,1.841627e-17
7.250226e+00,1.934462e-16,1.833314e-15,1.833314e-17
7.252899e+00,1.951735e-16,1.825523e-15,1.825523e-17
7.255573e+00,1.935831e-16,1.822114e-15,1.822114e-17
7.258246e+00,1.915280e-16,1.823938e-15,1.823938e-17
7.260920e+00,1.926714e-16,1.824246e-15,1.824246e-17
7.263593e+00,1.905222e-16,1.827443e-15,1.827443e-17
7.266266e+00,1.939953e-16,1.844050e-15,1.844050e-17
7.268940e+00,1.957743e-16,1.862624e-15,1.862624e-17
7.271613e+00,1.963365e-16,1.873225e-15,1.873225e-17
7.274287e+00,1.972874e-16,1.876468e-15,1.876468e-17
7.276960e+00,1.976264e-16,1.881452e-15,1.881452e-17
7.279633e+00,1.973713e-16,1.889675e-15,1.889675e-17
7.282307e+00,1.974927e-16,1.899939e-15,1.899939e-17
7.284980e+00,1.986607e-16,1.912623e-15,1.912623e-17
7.287653e+00,2.002057e-16,1.933147e-15,1.933147e-17
7.290327e+00,2.019238e-16,1.964613e-15,1.964613e-17
7.293000e+00,2.034524e-16,1.991510e-15,1.991510e-17
7.295674e+00,2.027998e-16,1.997377e-15,1.997377e-17
7.298347e+00,2.058037e-16,1.993704e-15,1.993704e-17
7.301020e+00,2.046447e-16,1.984547e-15,1.984547e-17
7.303694e+00,2.015788e-16,1.964427e-15,1.964427e-17
7.306367e+00,2.061001e-16,1.944857e-15,1.944857e-17
7.309041e+00,2.040499e-16,1.941089e-15,1.941089e-17
7.311714e+00,2.049063e-16,1.938347e-15,1.938347e-17
7.314387e+00,2.029037e-16,1.914110e-15,1.914110e-17
7.317061e+00,2.030828e-16,1.884370e-15,1.884370e-17
7.319734e+00,1.985903e-16,1.870634e-15,1.870634e-17
7.322407e+00,1.992462e-16,1.856112e-15,1.856112e-17
7.325081e+00,1.979937e-16,1.838045e-15,1.838045e-17
7.327754e+00,1.978023e-16,1.823577e-15,1.823577e-17
7.330428e+00,1.966063e-16,1.791190e-15,1.791190e-17
7.333101e+00,1.942386e-16,1.761128e-15,1.761128e-17
7.335774e+00,1.922619e-16,1.757168e-15,1.757168e-17
7.338448e+00,1.899144e-16,1.761638e-15,1.761638e-17
7.341121e+00,1.917211e-16,1.758676e-15,1.758676e-17
7.343795e+00,1.911320e-16,1.757486e-15,1.757486e-17
7.346468e+00,1.890289e-16,1.760934e-15,1.760934e-17
7.349141e+00,1.889251e-16,1.770280e-15,1.770280e-17
7.351815e+00,1.890738e-16,1.776854e-15,1.776854e-17
7.354488e+00,1.898426e-16,1.777261e-15,1.777261e-17
7.357162e+00,1.880960e-16,1.792346e-15,1.792346e-17
7.359835e+00,1.905660e-16,1.822423e-15,1.822423e-17
7.362508e+00,1.909205e-16,1.848900e-15,1.848900e-17
7.365182e+00,1.907713e-16,1.874094e-15,1.874094e-17
7.367855e+00,1.928714e-16,1.897410e-15,1.897410e-17
7.370528e+00,1.915841e-16,1.904193e-15,1.904193e-17
7.373202e+00,1.909109e-16,1.903820e-15,1.903820e-17
7.375875e+00,1.925725e-16,1.914215e-15,1.914215e-17
7.378549e+00,1.919448e-16,1.931240e-15,1.931240e-17
7.381222e+00,1.936422e-16,1.947132e-15,1.947132e-17
7.383895e+00,1.922859e-16,1.966601e-15,1.966601e-17
7.386569e+00,1.939921e-16,1.990956e-15,1.990956e-17
7.389242e+00,1.947264e-16,2.006211e-15,2.006211e-17
7.391916e+00,1.950688e-16,2.008539e-15,2.008539e-17
7.394589e+00,1.950855e-16,2.009151e-15,2.009151e-17
7.397262e+00,1.930719e-16,2.011567e-15,2.011567e-17
7.399936e+00,1.917467e-16,2.010294e-15,2.010294e-17
7.402609e+00,1.950008e-16,1.997436e-15,1.997436e-17
7.405282e+00,1.913808e-16,1.983002e-15,1.983002e-17
7.407956e+00,1.925237e-16,1.984467e-15,1.984467e-17
7.410629e+00,1.921151e-16,1.988197e-15,1.988197e-17
7.413303e+00,1.902494e-16,1.970110e-15,1.970110e-17
7.415976e+00,1.890704e-16,1.942168e-15,1.942168e-17
7.418649e+00,1.928759e-16,1.922238e-15,1.922238e-17
7.421323e+00,1.916474e-16,1.903471e-15,1.903471e-17
7.423996e+00,1.898856e-16,1.880979e-15,1.880979e-17
7.426670e+00,1.888882e-16,1.856487e-15,1.856487e-17
7.429343e+00,1.889272e-16,1.812345e-15,1.812345e-17
7.432016e+00,1.863730e-16,1.762306e-15,1.762306e-17
7.434690e+00,1.857588e-16,1.735992e-15,1.735992e-17
7.437363e+00,1.828502e-16,1.706235e-15,1.706235e-17
7.440037e+00,1.833866e-16,1.649501e-15,1.649501e-17
7.442710e+00,1.814072e-16,1.601956e-15,1.601956e-17
7.445383e+00,1.819837e-16,1.582746e-15,1.582746e-17
7.448057e+00,1.808929e-16,1.553620e-15,1.553620e-17
7.450730e+00,1.768124e-16,1.500531e-15,1.500531e-17
7.453403e+00,1.765782e-16,1.452278e-15,1.452278e-17
7.456077e+00,1.765516e-16,1.415054e-15,1.415054e-17
7.458750e+00,1.762839e-16,1.391893e-15,1.391893e-17
7.461424e+00,1.753951e-16,1.378230e-15,1.378230e-17
7.464097e+00,1.733639e-16,1.354160e-15,1.354160e-17
7.466770e+00,1.716252e-16,1.327770e-15,1.327770e-17
7.469444e+00,1.717839e-16,1.317988e-15,1.317988e-17
7.472117e+00,1.688788e-16,1.318534e-15,1.318534e-17
7.474791e+00,1.693578e-16,1.318023e-15,1.318023e-17
7.477464e+00,1.676574e-16,1.318546e-15,1.318546e-17
7.480137e+00,1.674310e-16,1.338622e-15,1.338622e-17
7.482811e+00,1.672139e-16,1.382487e-15,1.382487e-17
7.485484e+00,1.654472e-16,1.416583e-15,1.416583e-17
7.488157e+00,1.662228e-16,1.436512e-15,1.436512e-17
7.490831e+00,1.631640e-16,1.468301e-15,1.468301e-17
7.493504e+00,1.652653e-16,1.511739e-15,1.511739e-17
7.496178e+00,1.638537e-16,1.547150e-15,1.547150e-17
7.498851e+00,1.632230e-16,1.565756e-15,1.565756e-17
7.501524e+00,1.624126e-16,1.567617e-15,1.567617e-17
7.504198e+00,1.611329e-16,1.558373e-15,1.558373e-17
7.506871e+00,1.596303e-16,1.546507e-15,1.546507e-17
7.509545e+00,1.592730e-16,1.537680e-15,1.537680e-17
7.512218e+00,1.600128e-16,1.524739e-15,1.524739e-17
7.514891e+00,1.578235e-16,1.493630e-15,1.493630e-17
7.517565e+00,1.575531e-16,1.446895e-15,1.446895e-17
7.520238e+00,1.580194e-16,1.400937e-15,1.400937e-17
7.522912e+00,1.564202e-16,1.354291e-15,1.354291e-17
7.525585e+00,1.538817e-16,1.302863e-15,1.302863e-17
7.528258e+00,1.551899e-16,1.260044e-15,1.260044e-17
7.530932e+00,1.568892e-16,1.229155e-15,1.229155e-17
7.533605e+00,1.544026e-16,1.203085e-15,1.203085e-17
7.536278e+00,1.534208e-16,1.180310e-15,1.180310e-17
7.538952e+00,1.545361e-16,1.166666e-15,1.166666e-17
7.541625e+00,1.537608e-16,1.167479e-15,1.167479e-17
7.544299e+00,1.529679e-16,1.177218e-15,1.177218e-17
7.546972e+00,1.545428e-16,1.192066e-15,1.192066e-17
7.549645e+00,1.553522e-16,1.219256e-15,1.219256e-17
7.552319e+00,1.562460e-16,1.259720e-15,1.259720e-17
7.554992e+00,1.573592e-16,1.300313e-15,1.300313e-17
7.557666e+00,1.559875e-16,1.337275e-15,1.337275e-17
7.560339e+00,1.582797e-16,1.387123e-15,1.387123e-17
7.563012e+00,1.590003e-16,1.446829e-15,1.446829e-17
7.565686e+00,1.594497e-16,1.504820e-15,1.504820e-17
7.568359e+00,1.605066e-16,1.559323e-15,1.559323e-17
7.571032e+00,1.625817e-16,1.615711e-15,1.615711e-17
7.573706e+00,1.626525e-16,1.672962e-15,1.672962e-17
7.576379e+00,1.632025e-16,1.720245e-15,1.720245e-17
7.579053e+00,1.639718e-16,1.753280e-15,1.753280e-17
7.581726e+00,1.645740e-16,1.779604e-15,1.779604e-17
7.584399e+00,1.652908e-16,1.799250e-15,1.799250e-17
7.587073e+00,1.676894e-16,1.803994e-15,1.803994e-17
7.589746e+00,1.675699e-16,1.793958e-15,1.793958e-17
7.592420e+00,1.684179e-16,1.773376e-15,1.773376e-17
7.595093e+00,1.673142e-16,1.746058e-15,1.746058e-17
7.597766e+00,1.676082e-16,1.720853e-15,1.720853e-17
7.600440e+00,1.668446e-16,1.703737e-15,1.703737e-17
7.603113e+00,1.667980e-16,1.689882e-15,1.689882e-17
7.605787e+00,1.663652e-16,1.669419e-15,1.669419e-17
7.608460e+00,1.651266e-16,1.644408e-15,1.644408e-17
7.611133e+00,1.670662e-16,1.620729e-15,1.620729e-17
7.613807e+00,1.652437e-16,1.598974e-15,1.598974e-17
7.616480e+00,1.650519e-16,1.583842e-15,1.583842e-17
7.619153e+00,1.656960e-16,1.581015e-15,1.581015e-17
7.621827e+00,1.663318e-16,1.588678e-15,1.588678e-17
7.624500e+00,1.678940e-16,1.592422e-15,1.592422e-17
7.627174e+00,1.688432e-16,1.579388e-15,1.579388e-17
7.629847e+00,1.665879e-16,1.564732e-15,1.564732e-17
7.632520e+00,1.669686e-16,1.568026e-15,1.568026e-17
7.635194e+00,1.690136e-16,1.580063e-15,1.580063e-17
7.637867e+00,1.726466e-16,1.587705e-15,1.587705e-17
7.640541e+00,1.735798e-16,1.595596e-15,1.595596e-17
7.643214e+00,1.714945e-16,1.603379e-15,1.603379e-17
7.645887e+00,1.735333e-16,1.606482e-15,1.606482e-17
7.648561e+00,1.773446e-16,1.611542e-15,1.611542e-17
7.651234e+00,1.745379e-16,1.624933e-15,1.624933e-17
7.653907e+00,1.763514e-16,1.643298e-15,1.643298e-17
7.656581e+00,1.764028e-16,1.658424e-15,1.658424e-17
7.659254e+00,1.785056e-16,1.677564e-15,1.677564e-17
7.661928e+00,1.785334e-16,1.697619e-15,1.697619e-17
7.664601e+00,1.786046e-16,1.708492e-15,1.708492e-17
7.667274e+00,1.780025e-16,1.721615e-15,1.721615e-17
7.669948e+00,1.792824e-16,1.739500e-15,1.739500e-17
7.672621e+00,1.783963e-16,1.746763e-15,1.746763e-17
7.675295e+00,1.779797e-16,1.747766e-15,1.747766e-17
7.677968e+00,1.770958e-16,1.755149e-15,1.755149e-17
7.680641e+00,1.767887e-16,1.765224e-15,1.765224e-17
7.683315e+00,1.776913e-16,1.776064e-15,1.776064e-17
7.685988e+00,1.794696e-16,1.787425e-15,1.787425e-17
7.688662e+00,1.757499e-16,1.800338e-15,1.800338e-17
7.691335e+00,1.771388e-16,1.812717e-15,1.812717e-17
7.694008e+00,1.747500e-16,1.818427e-15,1.818427e-17
7.696682e+00,1.767017e-16,1.814869e-15,1.814869e-17
7.699355e+00,1.769945e-16,1.817581e-15,1.817581e-17
7.702028e+00,1.747512e-16,1.835626e-15,1.835626e-17
7.704702e+00,1.763256e-16,1.856827e-15,1.856827e-17
7.707375e+00,1.762892e-16,1.868543e-15,1.868543e-17
7.710049e+00,1.771213e-16,1.873824e-15,1.873824e-17
7.712722e+00,1.748414e-16,1.878714e-15,1.878714e-17
7.715395e+00,1.758478e-16,1.887399e-15,1.887399e-17
7.718069e+00,1.762285e-16,1.898139e-15,1.898139e-17
7.720742e+00,1.779121e-16,1.909366e-15,1.909366e-17
7.723416e+00,1.754596e-16,1.924638e-15,1.924638e-17
7.726089e+00,1.762270e-16,1.943164e-15,1.943164e-17
7.728762e+00,1.761979e-16,1.956993e-15,1.956993e-17
7.731436e+00,1.747634e-16,1.963901e-15,1.963901e-17
7.734109e+00,1.740349e-16,1.971911e-15,1.971911e-17
7.736782e+00,1.769349e-16,1.987935e-15,1.987935e-17
7.739456e+00,1.759271e-16,2.007064e-15,2.007064e-17
7.742129e+00,1.743451e-16,2.018418e-15,2.018418e-17
7.744803e+00,1.752983e-16,2.028952e-15,2.028952e-17
7.747476e+00,1.760711e-16,2.043412e-15,2.043412e-17
7.750149e+00,1.732068e-16,2.054914e-15,2.054914e-17
7.752823e+00,1.733787e-16,2.064357e-15,2.064357e-17
7.755496e+00,1.740749e-16,2.076086e-15,2.076086e-17
7.758170e+00,1.738757e-16,2.086129e-15,2.086129e-17
7.760843e+00,1.741694e-16,2.089086e-15,2.089086e-17
7.763516e+00,1.731681e-16,2.086852e-15,2.086852e-17
7.766190e+00,1.732737e-16,2.084153e-15,2.084153e-17
7.768863e+00,1.738027e-16,2.082011e-15,2.082011e-17
7.771537e+00,1.715653e-16,2.072668e-15,2.072668e-17
7.774210e+00,1.722453e-16,2.056202e-15,2.056202e-17
7.776883e+00,1.742372e-16,2.042302e-15,2.042302e-17
7.779557e+00,1.712174e-16,2.028744e-15,2.028744e-17
7.782230e+00,1.702452e-16,2.014128e-15,2.014128e-17
7.784903e+00,1.712025e-16,1.998596e-15,1.998596e-17
7.787577e+00,1.703347e-16,1.973699e-15,1.973699e-17
7.790250e+00,1.715373e-16,1.941068e-15,1.941068e-17
7.792924e+00,1.691596e-16,1.913679e-15,1.913679e-17
7.795597e+00,1.704362e-16,1.892784e-15,1.892784e-17
7.798270e+00,1.695730e-16,1.869461e-15,1.869461e-17
7.800944e+00,1.697188e-16,1.842345e-15,1.842345e-17
7.803617e+00,1.706846e-16,1.815646e-15,1.815646e-17
7.806291e+00,1.706645e-16,1.786906e-15,1.786906e-17
7.808964e+00,1.678244e-16,1.750846e-15,1.750846e-17
7.811637e+00,1.671385e-16,1.714271e-15,1.714271e-17
7.814311e+00,1.695489e-16,1.687606e-15,1.687606e-17
7.816984e+00,1.662693e-16,1.667473e-15,1.667473e-17
7.819658e+00,1.683841e-16,1.645339e-15,1.645339e-17
7.822331e+00,1.699872e-16,1.622157e-15,1.622157e-17
7.825004e+00,1.682096e-16,1.599012e-15,1.599012e-17
7.827678e+00,1.671588e-16,1.568238e-15,1.568238e-17
7.830351e+00,1.659408e-16,1.536432e-15,1.536432e-17
7.833024e+00,1.655267e-16,1.519128e-15,1.519128e-17
7.835698e+00,1.666873e-16,1.509822e-15,1.509822e-17
7.838371e+00,1.656124e-16,1.498065e-15,1.498065e-17
7.841045e+00,1.665222e-16,1.485369e-15,1.485369e-17
7.843718e+00,1.665546e-16,1.476927e-15,1.476927e-17
7.846391e+00,1.667563e-16,1.471367e-15,1.471367e-17
7.849065e+00,1.681093e-16,1.459018e-15,1.459018e-17
7.851738e+00,1.657722e-16,1.441363e-15,1.441363e-17
7.854412e+00,1.633540e-16,1.425447e-15,1.425447e-17
7.857085e+00,1.642817e-16,1.414151e-15,1.414151e-17
7.859758e+00,1.659297e-16,1.404917e-15,1.404917e-17
7.862432e+00,1.623389e-16,1.392377e-15,1.392377e-17
7.865105e+00,1.620095e-16,1.381710e-15,1.381710e-17
7.867778e+00,1.633175e-16,1.374276e-15,1.374276e-17
7.870452e+00,1.633396e-16,1.361536e-15,1.361536e-17
7.873125e+00,1.613105e-16,1.345061e-15,1.345061e-17
7.875799e+00,1.592719e-16,1.336715e-15,1.336715e-17
7.878472e+00,1.591062e-16,1.331029e-15,1.331029e-17
7.881145e+00,1.592200e-16,1.321364e-15,1.321364e-17
7.883819e+00,1.591560e-16,1.319953e-15,1.319953e-17
7.886492e+00,1.568135e-16,1.324025e-15,1.324025e-17
7.889166e+00,1.585326e-16,1.325292e-15,1.325292e-17
7.891839e+00,1.589022e-16,1.329185e-15,1.329185e-17
7.894512e+00,1.584233e-16,1.341253e-15,1.341253e-17
7.897186e+00,1.576525e-16,1.359902e-15,1.359902e-17
7.899859e+00,1.565376e-16,1.383956e-15,1.383956e-17
7.902533e+00,1.588318e-16,1.403800e-15,1.403800e-17
7.905206e+00,1.598743e-16,1.413760e-15,1.413760e-17
7.907879e+00,1.599132e-16,1.429010e-15,1.429010e-17
7.910553e+00,1.611211e-16,1.454451e-15,1.454451e-17
7.913226e+00,1.610629e-16,1.476183e-15,1.476183e-17
7.915899e+00,1.618203e-16,1.501928e-15,1.501928e-17
7.918573e+00,1.641568e-16,1.539879e-15,1.539879e-17
7.921246e+00,1.660844e-16,1.570511e-15,1.570511e-17
7.923920e+00,1.634554e-16,1.588008e-15,1.588008e-17
7.926593e+00,1.670689e-16,1.606875e-15,1.606875e-17
7.929266e+00,1.666865e-16,1.629322e-15,1.629322e-17
7.931940e+00,1.666079e-16,1.651308e-15,1.651308e-17
7.934613e+00,1.698105e-16,1.666464e-15,1.666464e-17
7.937287e+00,1.669745e-16,1.672344e-15,1.672344e-17
7.939960e+00,1.647037e-16,1.673308e-15,1.673308e-17
7.942633e+00,1.691240e-16,1.672377e-15,1.672377e-17
7.945307e+00,1.669578e-16,1.665331e-15,1.665331e-17
7.947980e+00,1.660146e-16,1.645986e-15,1.645986e-17
7.950653e+00,1.652798e-16,1.629136e-15,1.629136e-17
7.953327e+00,1.647286e-16,1.632889e-15,1.632889e-17
7.956000e+00,1.652761e-16,1.638945e-15,1.638945e-17
7.958674e+00,1.619524e-16,1.626217e-15,1.626217e-17
7.961347e+00,1.614221e-16,1.613416e-15,1.613416e-17
7.964020e+00,1.629822e-16,1.614704e-15,1.614704e-17
7.966694e+00,1.619911e-16,1.624395e-15,1.624395e-17
7.969367e+00,1.622829e-16,1.630582e-15,1.630582e-17
7.972041e+00,1.627797e-16,1.627393e-15,1.627393e-17
7.974714e+00,1.597217e-16,1.621218e-15,1.621218e-17
7.977387e+00,1.610429e-16,1.626446e-15,1.626446e-17
7.980061e+00,1.635073e-16,1.642856e-15,1.642856e-17
7.982734e+00,1.631647e-16,1.648190e-15,1.648190e-17
7.985408e+00,1.614261e-16,1.632493e-15,1.632493e-17
7.988081e+00,1.608819e-16,1.619739e-15,1.619739e-17
7.990754e+00,1.631545e-16,1.627014e-15,1.627014e-17
7.993428e+00,1.639017e-16,1.640762e-15,1.640762e-17
7.996101e+00,1.640005e-16,1.644664e-15,1.644664e-17
7.998774e+00,1.651368e-16,1.645521e-15,1.645521e-17
8.001448e+00,1.641108e-16,1.649264e-15,1.649264e-17
8.004121e+00,1.651581e-16,1.646661e-15,1.646661e-17
8.006795e+00,1.641567e-16,1.633032e-15,1.633032e-17
8.009468e+00,1.635248e-16,1.615368e-15,1.615368e-17
8.012141e+00,1.658054e-16,1.598408e-15,1.598408e-17
8.014815e+00,1.625331e-16,1.585621e-15,1.585621e-17
8.017488e+00,1.626814e-16,1.575489e-15,1.575489e-17
8.020162e+00,1.632706e-16,1.559294e-15,1.559294e-17
8.022835e+00,1.606104e-16,1.534952e-15,1.534952e-17
8.025508e+00,1.609829e-16,1.505176e-15,1.505176e-17
8.028182e+00,1.602366e-16,1.471876e-15,1.471876e-17
8.030855e+00,1.601469e-16,1.443640e-15,1.443640e-17
8.033528e+00,1.580671e-16,1.425208e-15,1.425208e-17
8.036202e+00,1.583236e-16,1.402400e-15,1.402400e-17
8.038875e+00,1.566256e-16,1.369833e-15,1.369833e-17
8.041549e+00,1.561381e-16,1.338088e-15,1.338088e-17
8.044222e+00,1.537330e-16,1.316252e-15,1.316252e-17
8.046895e+00,1.535238e-16,1.303172e-15,1.303172e-17
8.049569e+00,1.539665e-16,1.291647e-15,1.291647e-17
8.052242e+00,1.532834e-16,1.274514e-15,1.274514e-17
8.054916e+00,1.509143e-16,1.252843e-15,1.252843e-17
8.057589e+00,1.505645e-16,1.230690e-15,1.230690e-17
8.060262e+00,1.486609e-16,1.211485e-15,1.211485e-17
8.062936e+00,1.492318e-16,1.193869e-15,1.193869e-17
8.065609e+00,1.464864e-16,1.177234e-15,1.177234e-17
8.068283e+00,1.455578e-16,1.158747e-15,1.158747e-17
8.070956e+00,1.466772e-16,1.138156e-15,1.138156e-17
8.073629e+00,1.434361e-16,1.118772e-15,1.118772e-17
8.076303e+00,1.421268e-16,1.104760e-15,1.104760e-17
8.078976e+00,1.435579e-16,1.093702e-15,1.093702e-17
8.081649e+00,1.441478e-16,1.085522e-15,1.085522e-17
8.084323e+00,1.416514e-16,1.077597e-15,1.077597e-17
8.086996e+00,1.407620e-16,1.066035e-15,1.066035e-17
8.089670e+00,1.397107e-16,1.053050e-15,1.053050e-17
8.092343e+00,1.399387e-16,1.043707e-15,1.043707e-17
8.095016e+00,1.376432e-16,1.039908e-15,1.039908e-17
8.097690e+00,1.388235e-16,1.043050e-15,1.043050e-17
8.100363e+00,1.384094e-16,1.049728e-15,1.049728e-17
8.103037e+00,1.379922e-16,1.052258e-15,1.052258e-17
8.105710e+00,1.381323e-16,1.056759e-15,1.056759e-17
8.108383e+00,1.377425e-16,1.066153e-15,1.066153e-17
8.111057e+00,1.391461e-16,1.073917e-15,1.073917e-17
8.113730e+00,1.389603e-16,1.082507e-15,1.082507e-17
8.116403e+00,1.399179e-16,1.091293e-15,1.091293e-17
8.119077e+00,1.396655e-16,1.102565e-15,1.102565e-17
8.121750e+00,1.411743e-16,1.124730e-15,1.124730e-17
8.124424e+00,1.397079e-16,1.147014e-15,1.147014e-17
8.127097e+00,1.424719e-16,1.160527e-15,1.160527e-17
8.129770e+00,1.422991e-16,1.178373e-15,1.178373e-17
8.132444e+00,1.431251e-16,1.203137e-15,1.203137e-17
8.135117e+00,1.464499e-16,1.227706e-15,1.227706e-17
8.137791e+00,1.454763e-16,1.245798e-15,1.245798e-17
8.140464e+00,1.460051e-16,1.259812e-15,1.259812e-17
8.143137e+00,1.467459e-16,1.274713e-15,1.274713e-17
8.145811e+00,1.460114e-16,1.285422e-15,1.285422e-17
8.148484e+00,1.472226e-16,1.289614e-15,1.289614e-17
8.151158e+00,1.473024e-16,1.283844e-15,1.283844e-17
8.153831e+00,1.459903e-16,1.272720e-15,1.272720e-17
8.156504e+00,1.460056e-16,1.264110e-15,1.264110e-17
8.159178e+00,1.481996e-16,1.254514e-15,1.254514e-17
8.161851e+00,1.449955e-16,1.239121e-15,1.239121e-17
8.164524e+00,1.459501e-16,1.229562e-15,1.229562e-17
8.167198e+00,1.458606e-16,1.222098e-15,1.222098e-17
8.169871e+00,1.441340e-16,1.204790e-15,1.204790e-17
8.172545e+00,1.423184e-16,1.186376e-15,1.186376e-17
8.175218e+00,1.423498e-16,1.178839e-15,1.178839e-17
8.177891e+00,1.430409e-16,1.174174e-15,1.174174e-17
8.180565e+00,1.418439e-16,1.175154e-15,1.175154e-17
8.183238e+00,1.422720e-16,1.188157e-15,1.188157e-17
8.185912e+00,1.442455e-16,1.204051e-15,1.204051e-17
8.188585e+00,1.425621e-16,1.213728e-15,1.213728e-17
8.191258e+00,1.436112e-16,1.219566e-15,1.219566e-17
8.193932e+00,1.426426e-16,1.230766e-15,1.230766e-17
8.196605e+00,1.422137e-16,1.247718e-15,1.247718e-17
8.199278e+00,1.434425e-16,1.263776e-15,1.263776e-17
8.201952e+00,1.431421e-16,1.274405e-15,1.274405e-17
8.204625e+00,1.453194e-16,1.279090e-15,1.279090e-17
8.207299e+00,1.435276e-16,1.283574e-15,1.283574e-17
8.209972e+00,1.446092e-16,1.298497e-15,1.298497e-17
8.212645e+00,1.451821e-16,1.320620e-15,1.320620e-17
8.215319e+00,1.466759e-16,1.336973e-15,1.336973e-17
8.217992e+00,1.481877e-16,1.349349e-15,1.349349e-17
8.220666e+00,1.470479e-16,1.363023e-15,1.363023e-17
8.223339e+00,1.471643e-16,1.373852e-15,1.373852e-17
8.226012e+00,1.487231e-16,1.380825e-15,1.380825e-17
8.228686e+00,1.485457e-16,1.387758e-15,1.387758e-17
8.231359e+00,1.486973e-16,1.398961e-15,1.398961e-17
8.234033e+00,1.490522e-16,1.412382e-15,1.412382e-17
8.236706e+00,1.486713e-16,1.427381e-15,1.427381e-17
8.239379e+00,1.499419e-16,1.441108e-15,1.441108e-17
8.242053e+00,1.496162e-16,1.452588e-15,1.452588e-17
8.244726e+00,1.502056e-16,1.461820e-15,1.461820e-17
8.247399e+00,1.520710e-16,1.463519e-15,1.463519e-17
8.250073e+00,1.501516e-16,1.451330e-15,1.451330e-17
8.252746e+00,1.504522e-16,1.432561e-15,1.432561e-17
8.255420e+00,1.514706e-16,1.425596e-15,1.425596e-17
8.258093e+00,1.486087e-16,1.428006e-15,1.428006e-17
8.260766e+00,1.482868e-16,1.425444e-15,1.425444e-17
8.263440e+00,1.484349e-16,1.416729e-15,1.416729e-17
8.266113e+00,1.490765e-16,1.403341e-15,1.403341e-17
8.268787e+00,1.469766e-16,1.385173e-15,1.385173e-17
8.271460e+00,1.473333e-16,1.371303e-15,1.371303e-17
8.274133e+00,1.479258e-16,1.361978e-15,1.361978e-17
8.276807e+00,1.467861e-16,1.346300e-15,1.346300e-17
8.279480e+00,1.459119e-16,1.316572e-15,1.316572e-17
8.282153e+00,1.442562e-16,1.277153e-15,1.277153e-17
8.284827e+00,1.447517e-16,1.236445e-15,1.236445e-17
8.287500e+00,1.425302e-16,1.203120e-15,1.203120e-17
8.290174e+00,1.410227e-16,1.174758e-15,1.174758e-17
8.292847e+00,1.391813e-16,1.142181e-15,1.142181e-17
8.295520e+00,1.404675e-16,1.102993e-15,1.102993e-17
8.298194e+00,1.389403e-16,1.064811e-15,1.064811e-17
8.300867e+00,1.384165e-16,1.032121e-15,1.032121e-17
8.303541e+00,1.375467e-16,9.989374e-16,9.989374e-18
8.306214e+00,1.343913e-16,9.644945e-16,9.644945e-18
8.308887e+00,1.353595e-16,9.359420e-16,9.359420e-18
8.311561e+00,1.340023e-16,9.096679e-16,9.096679e-18
8.314234e+00,1.315216e-16,8.869084e-16,8.869084e-18
8.316908e+00,1.333017e-16,8.659788e-16,8.659788e-18
8.319581e+00,1.312794e-16,8.462215e-16,8.462215e-18
8.322254e+00,1.310015e-16,8.366039e-16,8.366039e-18
8.324928e+00,1.298501e-16,8.339487e-16,8.339487e-18
8.327601e+00,1.289021e-16,8.345797e-16,8.345797e-18
8.330274e+00,1.306738e-16,8.405947e-16,8.405947e-18
8.332948e+00,1.303891e-16,8.477159e-16,8.477159e-18
8.335621e+00,1.307970e-16,8.570200e-16,8.570200e-18
8.338295e+00,1.304845e-16,8.704496e-16,8.704496e-18
8.340968e+00,1.289853e-16,8.869870e-16,8.869870e-18
8.343641e+00,1.303520e-16,9.059902e-16,9.059902e-18
8.346315e+00,1.300456e-16,9.230879e-16,9.230879e-18
8.348988e+00,1.313685e-16,9.366217e-16,9.366217e-18
8.351662e+00,1.303924e-16,9.478446e-16,9.478446e-18
8.354335e+00,1.307075e-16,9.623681e-16,9.623681e-18
8.357008e+00,1.292169e-16,9.812588e-16,9.812588e-18
8.359682e+00,1.317112e-16,9.994532e-16,9.994532e-18
8.362355e+00,1.307807e-16,1.015234e-15,1.015234e-17
8.365028e+00,1.305958e-16,1.029226e-15,1.029226e-17
8.367702e+00,1.316932e-16,1.036337e-15,1.036337e-17
8.370375e+00,1.307974e-16,1.034520e-15,1.034520e-17
8.373049e+00,1.315407e-16,1.032021e-15,1.032021e-17
8.375722e+00,1.308832e-16,1.033691e-15,1.033691e-17
8.378395e+00,1.307581e-16,1.036334e-15,1.036334e-17
8.381069e+00,1.310618e-16,1.027353e-15,1.027353e-17
8.383742e+00,1.310355e-16,1.014064e-15,1.014064e-17
8.386416e+00,1.335387e-16,1.005392e-15,1.005392e-17
8.389089e+00,1.318016e-16,1.000989e-15,1.000989e-17
8.391762e+00,1.328253e-16,9.957153e-16,9.957153e-18
8.394436e+00,1.329546e-16,9.864167e-16,9.864167e-18
8.397109e+00,1.338402e-16,9.854666e-16,9.854666e-18
8.399783e+00,1.330834e-16,9.925207e-16,9.925207e-18
8.402456e+00,1.321730e-16,9.888042e-16,9.888042e-18
8.405129e+00,1.339433e-16,9.858348e-16,9.858348e-18
8.407803e+00,1.353613e-16,9.947910e-16,9.947910e-18
8.410476e+00,1.349927e-16,1.004560e-15,1.004560e-17
8.413149e+00,1.374558e-16,1.020602e-15,1.020602e-17
8.415823e+00,1.366424e-16,1.046048e-15,1.046048e-17
8.418496e+00,1.371858e-16,1.064789e-15,1.064789e-17
8.421170e+00,1.383870e-16,1.076272e-15,1.076272e-17
8.423843e+00,1.372205e-16,1.090318e-15,1.090318e-17
8.426516e+00,1.386362e-16,1.101253e-15,1.101253e-17
8.429190e+00,1.384575e-16,1.103442e-15,1.103442e-17
8.431863e+00,1.377620e-16,1.105087e-15,1.105087e-17
8.434537e+00,1.384102e-16,1.112186e-15,1.112186e-17
8.437210e+00,1.377578e-16,1.129501e-15,1.129501e-17
8.439883e+00,1.398774e-16,1.154255e-15,1.154255e-17
8.442557e+00,1.395677e-16,1.171294e-15,1.171294e-17
8.445230e+00,1.399707e-16,1.179741e-15,1.179741e-17
8.447903e+00,1.398533e-16,1.191811e-15,1.191811e-17
8.450577e+00,1.410658e-16,1.211083e-15,1.211083e-17
8.453250e+00,1.398807e-16,1.228556e-15,1.228556e-17
8.455924e+00,1.412835e-16,1.239402e-15,1.239402e-17
8.458597e+00,1.408774e-16,1.243153e-15,1.243153e-17
8.461270e+00,1.399481e-16,1.245040e-15,1.245040e-17
8.463944e+00,1.390708e-16,1.249261e-15,1.249261e-17
8.466617e+00,1.419410e-16,1.254484e-15,1.254484e-17
8.469291e+00,1.399465e-16,1.259448e-15,1.259448e-17
8.471964e+00,1.423406e-16,1.268868e-15,1.268868e-17
8.474637e+00,1.398833e-16,1.281819e-15,1.281819e-17
8.477311e+00,1.402347e-16,1.286947e-15,1.286947e-17
8.479984e+00,1.402269e-16,1.279818e-15,1.279818e-17
8.482658e+00,1.416342e-16,1.280993e-15,1.280993e-17
8.485331e+00,1.398989e-16,1.297364e-15,1.297364e-17
8.488004e+00,1.396628e-16,1.306736e-15,1.306736e-17
8.490678e+00,1.389492e-16,1.295397e-15,1.295397e-17
8.493351e+00,1.391110e-16,1.281459e-15,1.281459e-17
8.496024e+00,1.396246e-16,1.277196e-15,1.277196e-17
8.498698e+00,1.382459e-16,1.270068e-15,1.270068e-17
8.501371e+00,1.357614e-16,1.244475e-15,1.244475e-17
8.504045e+00,1.352497e-16,1.205892e-15,1.205892e-17
8.506718e+00,1.333968e-16,1.173473e-15,1.173473e-17
8.509391e+00,1.323691e-16,1.151509e-15,1.151509e-17
8.512065e+00,1.336059e-16,1.131281e-15,1.131281e-17
8.514738e+00,1.287815e-16,1.107321e-15,1.107321e-17
8.517412e+00,1.292404e-16,1.084345e-15,1.084345e-17
8.520085e+00,1.291255e-16,1.065738e-15,1.065738e-17
8.522758e+00,1.283607e-16,1.047662e-15,1.047662e-17
8.525432e+00,1.280878e-16,1.027012e-15,1.027012e-17
8.528105e+00,1.244809e-16,1.004236e-15,1.004236e-17
8.530778e+00,1.237910e-16,9.863581e-16,9.863581e-18
8.533452e+00,1.240966e-16,9.772766e-16,9.772766e-18
8.536125e+00,1.248841e-16,9.724115e-16,9.724115e-18
8.538799e+00,1.231342e-16,9.675266e-16,9.675266e-18
8.541472e+00,1.254899e-16,9.657838e-16,9.657838e-18
8.544145e+00,1.241950e-16,9.655532e-16,9.655532e-18
8.546819e+00,1.245320e-16,9.656295e-16,9.656295e-18
8.549492e+00,1.253879e-16,9.670491e-16,9.670491e-18
8.552166e+00,1.242400e-16,9.756055e-16,9.756055e-18
8.554839e+00,1.253708e-16,9.957011e-16,9.957011e-18
8.557512e+00,1.254393e-16,1.017841e-15,1.017841e-17
8.560186e+00,1.253862e-16,1.040967e-15,1.040967e-17
8.562859e+00,1.295334e-16,1.067251e-15,1.067251e-17
8.565533e+00,1.280125e-16,1.087438e-15,1.087438e-17
8.568206e+00,1.281341e-16,1.095191e-15,1.095191e-17
8.570879e+00,1.289191e-16,1.104691e-15,1.104691e-17
8.573553e+00,1.293632e-16,1.122879e-15,1.122879e-17
8.576226e+00,1.284066e-16,1.135586e-15,1.135586e-17
8.578899e+00,1.286950e-16,1.143930e-15,1.143930e-17
8.581573e+00,1.305605e-16,1.158895e-15,1.158895e-17
8.584246e+00,1.304792e-16,1.173040e-15,1.173040e-17
8.586920e+00,1.306947e-16,1.179642e-15,1.179642e-17
8.589593e+00,1.309175e-16,1.179750e-15,1.179750e-17
8.592266e+00,1.306843e-16,1.172435e-15,1.172435e-17
8.594940e+00,1.308269e-16,1.165945e-15,1.165945e-17
8.597613e+00,1.305549e-16,1.163427e-15,1.163427e-17
8.600287e+00,1.298623e-16,1.160311e-15,1.160311e-17
8.602960e+00,1.302385e-16,1.155356e-15,1.155356e-17
8.605633e+00,1.305631e-16,1.145644e-15,1.145644e-17
8.608307e+00,1.301613e-16,1.132268e-15,1.132268e-17
8.610980e+00,1.287989e-16,1.120381e-15,1.120381e-17
8.613653e+00,1.282965e-16,1.111110e-15,1.111110e-17
8.616327e+00,1.286723e-16,1.104572e-15,1.104572e-17
8.619000e+00,1.285444e-16,1.099715e-15,1.099715e-17
8.621674e+00,1.273752e-16,1.090143e-15,1.090143e-17
8.624347e+00,1.277879e-16,1.075576e-15,1.075576e-17
8.627020e+00,1.272412e-16,1.060589e-15,1.060589e-17
8.629694e+00,1.260347e-16,1.046935e-15,1.046935e-17
8.632367e+00,1.250338e-16,1.035584e-15,1.035584e-17
8.635041e+00,1.240064e-16,1.024452e-15,1.024452e-17
8.637714e+00,1.248046e-16,1.016850e-15,1.016850e-17
8.640387e+00,1.257833e-16,1.011279e-15,1.011279e-17
8.643061e+00,1.240905e-16,1.000761e-15,1.000761e-17
8.645734e+00,1.239115e-16,9.860691e-16,9.860691e-18
8.648408e+00,1.236091e-16,9.751247e-16,9.751247e-18
8.651081e+00,1.228072e-16,9.652224e-16,9.652224e-18
8.653754e+00,1.224452e-16,9.543559e-16,9.543559e-18
8.656428e+00,1.229389e-16,9.416384e-16,9.416384e-18
8.659101e+00,1.207584e-16,9.266325e-16,9.266325e-18
8.661774e+00,1.198325e-16,9.138712e-16,9.138712e-18
8.664448e+00,1.199631e-16,9.057472e-16,9.057472e-18
8.667121e+00,1.196118e-16,8.979183e-16,8.979183e-18
8.669795e+00,1.194383e-16,8.859832e-16,8.859832e-18
8.672468e+00,1.172266e-16,8.752594e-16,8.752594e-18
8.675141e+00,1.177540e-16,8.666775e-16,8.666775e-18
8.677815e+00,1.175890e-16,8.556373e-16,8.556373e-18
8.680488e+00,1.184189e-16,8.430997e-16,8.430997e-18
8.683162e+00,1.174863e-16,8.333980e-16,8.333980e-18
8.685835e+00,1.165113e-16,8.215851e-16,8.215851e-18
8.688508e+00,1.172358e-16,8.088618e-16,8.088618e-18
8.691182e+00,1.163754e-16,7.956990e-16,7.956990e-18
8.693855e+00,1.169247e-16,7.828874e-16,7.828874e-18
8.696528e+00,1.169031e-16,7.718539e-16,7.718539e-18
8.699202e+00,1.154605e-16,7.597413e-16,7.597413e-18
8.701875e+00,1.149227e-16,7.516717e-16,7.516717e-18
8.704549e+00,1.148837e-16,7.526454e-16,7.526454e-18
8.707222e+00,1.164834e-16,7.568784e-16,7.568784e-18
8.709895e+00,1.157207e-16,7.616729e-16,7.616729e-18
8.712569e+00,1.166978e-16,7.711922e-16,7.711922e-18
8.715242e+00,1.157902e-16,7.817138e-16,7.817138e-18
8.717916e+00,1.170093e-16,7.911432e-16,7.911432e-18
8.720589e+00,1.168683e-16,8.029417e-16,8.029417e-18
8.723262e+00,1.167646e-16,8.161841e-16,8.161841e-18
8.725936e+00,1.160132e-16,8.343527e-16,8.343527e-18
8.728609e+00,1.177925e-16,8.620519e-16,8.620519e-18
8.731283e+00,1.177767e-16,8.952425e-16,8.952425e-18
8.733956e+00,1.188618e-16,9.310630e-16,9.310630e-18
8.736629e+00,1.204935e-16,9.688663e-16,9.688663e-18
8.739303e+00,1.213821e-16,1.004433e-15,1.004433e-17
8.741976e+00,1.201490e-16,1.039344e-15,1.039344e-17
8.744649e+00,1.214675e-16,1.081159e-15,1.081159e-17
8.747323e+00,1.217993e-16,1.128258e-15,1.128258e-17
8.749996e+00,1.228680e-16,1.177210e-15,1.177210e-17
8.752670e+00,1.229532e-16,1.224756e-15,1.224756e-17
8.755343e+00,1.231475e-16,1.269711e-15,1.269711e-17
8.758016e+00,1.244741e-16,1.312692e-15,1.312692e-17
8.760690e+00,1.253384e-16,1.353563e-15,1.353563e-17
8.763363e+00,1.261744e-16,1.390350e-15,1.390350e-17
8.766037e+00,1.250395e-16,1.426201e-15,1.426201e-17
8.768710e+00,1.261785e-16,1.460472e-15,1.460472e-17
8.771383e+00,1.272475e-16,1.483999e-15,1.483999e-17
8.774057e+00,1.265191e-16,1.498069e-15,1.498069e-17
8.776730e+00,1.250524e-16,1.510813e-15,1.510813e-17
8.779404e+00,1.257970e-16,1.522943e-15,1.522943e-17
8.782077e+00,1.259543e-16,1.532757e-15,1.532757e-17
8.784750e+00,1.254755e-16,1.540887e-15,1.540887e-17
8.787424e+00,1.256699e-16,1.544242e-15,1.544242e-17
8.790097e+00,1.257439e-16,1.542080e-15,1.542080e-17
8.792770e+00,1.246446e-16,1.537394e-15,1.537394e-17
8.795444e+00,1.225334e-16,1.532343e-15,1.532343e-17
8.798117e+00,1.212122e-16,1.527812e-15,1.527812e-17
8.800791e+00,1.218745e-16,1.520863e-15,1.520863e-17
8.803464e+00,1.203483e-16,1.506721e-15,1.506721e-17
8.806137e+00,1.195113e-16,1.489243e-15,1.489243e-17
8.808811e+00,1.186055e-16,1.474336e-15,1.474336e-17
8.811484e+00,1.176972e-16,1.461103e-15,1.461103e-17
8.814158e+00,1.187881e-16,1.444535e-15,1.444535e-17
8.816831e+00,1.193220e-16,1.420699e-15,1.420699e-17
8.819504e+00,1.161289e-16,1.390076e-15,1.390076e-17
8.822178e+00,1.160747e-16,1.358481e-15,1.358481e-17
8.824851e+00,1.161744e-16,1.329315e-15,1.329315e-17
8.827524e+00,1.160941e-16,1.301961e-15,1.301961e-17
8.830198e+00,1.155742e-16,1.275620e-15,1.275620e-17
8.832871e+00,1.161359e-16,1.246944e-15,1.246944e-17
8.835545e+00,1.159122e-16,1.218986e-15,1.218986e-17
8.838218e+00,1.154265e-16,1.196673e-15,1.196673e-17
8.840891e+00,1.146281e-16,1.175359e-15,1.175359e-17
8.843565e+00,1.152827e-16,1.148100e-15,1.148100e-17
8.846238e+00,1.158547e-16,1.119623e-15,1.119623e-17
8.848912e+00,1.142950e-16,1.095090e-15,1.095090e-17
8.851585e+00,1.147223e-16,1.073422e-15,1.073422e-17
8.854258e+00,1.136158e-16,1.050603e-15,1.050603e-17
8.856932e+00,1.131099e-16,1.025079e-15,1.025079e-17
8.859605e+00,1.118092e-16,1.002674e-15,1.002674e-17
8.862279e+00,1.120248e-16,9.884467e-16,9.884467e-18
8.864952e+00,1.134214e-16,9.759663e-16,9.759663e-18
8.867625e+00,1.118326e-16,9.604806e-16,9.604806e-18
8.870299e+00,1.110834e-16,9.464125e-16,9.464125e-18
8.872972e+00,1.109459e-16,9.335800e-16,9.335800e-18
8.875645e+00,1.114963e-16,9.244501e-16,9.244501e-18
8.878319e+00,1.100571e-16,9.200808e-16,9.200808e-18
8.880992e+00,1.108177e-16,9.162139e-16,9.162139e-18
8.883666e+00,1.089772e-16,9.108264e-16,9.108264e-18
8.886339e+00,1.101674e-16,9.068824e-16,9.068824e-18
8.889012e+00,1.108391e-16,9.073032e-16,9.073032e-18
8.891686e+00,1.103171e-16,9.132383e-16,9.132383e-18
8.894359e+00,1.108602e-16,9.182025e-16,9.182025e-18
8.897033e+00,1.100580e-16,9.153619e-16,9.153619e-18
8.899706e+00,1.096622e-16,9.093854e-16,9.093854e-18
8.902379e+00,1.108564e-16,9.080006e-16,9.080006e-18
8.905053e+00,1.115277e-16,9.093677e-16,9.093677e-18
8.907726e+00,1.116816e-16,9.097081e-16,9.097081e-18
8.910399e+00,1.122428e-16,9.096264e-16,9.096264e-18
8.913073e+00,1.119204e-16,9.103219e-16,9.103219e-18
8.915746e+00,1.114692e-16,9.077515e-16,9.077515e-18
8.918420e+00,1.114258e-16,8.978319e-16,8.978319e-18
8.921093e+00,1.119518e-16,8.849924e-16,8.849924e-18
8.923766e+00,1.103349e-16,8.791797e-16,8.791797e-18
8.926440e+00,1.126073e-16,8.800746e-16,8.800746e-18
8.929113e+00,1.114313e-16,8.719291e-16,8.719291e-18
8.931787e+00,1.108761e-16,8.512126e-16,8.512126e-18
8.934460e+00,1.105427e-16,8.371018e-16,8.371018e-18
8.937133e+00,1.121328e-16,8.393873e-16,8.393873e-18
8.939807e+00,1.125014e-16,8.410208e-16,8.410208e-18
8.942480e+00,1.103962e-16,8.294398e-16,8.294398e-18
8.945154e+00,1.088779e-16,8.151423e-16,8.151423e-18
8.947827e+00,1.112663e-16,8.053657e-16,8.053657e-18
8.950500e+00,1.095064e-16,7.957006e-16,7.957006e-18
8.953174e+00,1.092122e-16,7.905933e-16,7.905933e-18
8.955847e+00,1.108276e-16,7.937036e-16,7.937036e-18
8.958520e+00,1.099640e-16,7.941059e-16,7.941059e-18
8.961194e+00,1.108405e-16,7.867019e-16,7.867019e-18
8.963867e+00,1.105051e-16,7.820047e-16,7.820047e-18
8.966541e+00,1.107449e-16,7.845595e-16,7.845595e-18
8.969214e+00,1.105250e-16,7.823754e-16,7.823754e-18
8.971887e+00,1.105106e-16,7.767079e-16,7.767079e-18
8.974561e+00,1.087343e-16,7.788693e-16,7.788693e-18
8.977234e+00,1.094935e-16,7.827283e-16,7.827283e-18
8.979908e+00,1.101343e-16,7.857875e-16,7.857875e-18
8.982581e+00,1.110243e-16,7.937813e-16,7.937813e-18
8.985254e+00,1.100474e-16,7.962395e-16,7.962395e-18
8.987928e+00,1.090081e-16,7.868161e-16,7.868161e-18
8.990601e+00,1.093047e-16,7.816646e-16,7.816646e-18
8.993274e+00,1.081889e-16,7.789188e-16,7.789188e-18
8.995948e+00,1.073318e-16,7.756840e-16,7.756840e-18
8.998621e+00,1.075150e-16,7.808219e-16,7.808219e-18
9.001295e+00,1.077007e-16,7.890104e-16,7.890104e-18
9.003968e+00,1.075645e-16,7.862272e-16,7.862272e-18
9.006641e+00,1.070740e-16,7.824040e-16,7.824040e-18
9.009315e+00,1.060653e-16,7.847383e-16,7.847383e-18
9.011988e+00,1.059260e-16,7.826081e-16,7.826081e-18
9.014662e+00,1.058538e-16,7.711677e-16,7.711677e-18
9.017335e+00,1.061547e-16,7.623665e-16,7.623665e-18
9.020008e+00,1.052653e-16,7.610539e-16,7.610539e-18
9.022682e+00,1.061243e-16,7.594766e-16,7.594766e-18
9.025355e+00,1.060858e-16,7.586610e-16,7.586610e-18
9.028029e+00,1.054606e-16,7.648566e-16,7.648566e-18
9.030702e+00,1.063846e-16,7.761328e-16,7.761328e-18
9.033375e+00,1.069891e-16,7.867947e-16,7.867947e-18
9.036049e+00,1.074357e-16,7.905398e-16,7.905398e-18
9.038722e+00,1.080489e-16,7.907843e-16,7.907843e-18
9.041395e+00,1.079434e-16,7.960821e-16,7.960821e-18
9.044069e+00,1.071600e-16,8.044905e-16,8.044905e-18
9.046742e+00,1.062686e-16,8.105457e-16,8.105457e-18
9.049416e+00,1.064075e-16,8.175622e-16,8.175622e-18
9.052089e+00,1.071773e-16,8.254674e-16,8.254674e-18
9.054762e+00,1.080620e-16,8.244595e-16,8.244595e-18
9.057436e+00,1.067621e-16,8.157955e-16,8.157955e-18
9.060109e+00,1.074791e-16,8.041858e-16,8.041858e-18
9.062783e+00,1.070821e-16,7.897943e-16,7.897943e-18
9.065456e+00,1.060745e-16,7.751538e-16,7.751538e-18
9.068129e+00,1.050674e-16,7.631723e-16,7.631723e-18
9.070803e+00,1.062188e-16,7.488025e-16,7.488025e-18
9.073476e+00,1.034965e-16,7.310735e-16,7.310735e-18
9.076149e+00,1.057964e-16,7.143140e-16,7.143140e-18
9.078823e+00,1.048693e-16,6.946534e-16,6.946534e-18
9.081496e+00,1.034019e-16,6.691946e-16,6.691946e-18
9.084170e+00,1.027270e-16,6.477597e-16,6.477597e-18
9.086843e+00,1.028926e-16,6.354944e-16,6.354944e-18
9.089516e+00,1.013160e-16,6.279096e-16,6.279096e-18
9.092190e+00,1.003060e-16,6.227538e-16,6.227538e-18
9.094863e+00,1.011591e-16,6.172309e-16,6.172309e-18
9.097537e+00,9.943795e-17,6.070195e-16,6.070195e-18
9.100210e+00,9.927279e-17,5.950252e-16,5.950252e-18
9.102883e+00,9.932422e-17,5.793897e-16,5.793897e-18
9.105557e+00,9.794056e-17,5.658116e-16,5.658116e-18
9.108230e+00,9.849648e-17,5.620198e-16,5.620198e-18
9.110904e+00,9.882133e-17,5.634166e-16,5.634166e-18
9.113577e+00,9.830847e-17,5.576827e-16,5.576827e-18
9.116250e+00,9.683683e-17,5.395137e-16,5.395137e-18
9.118924e+00,9.627729e-17,5.175582e-16,5.175582e-18
9.121597e+00,9.481151e-17,5.023907e-16,5.023907e-18
9.124270e+00,9.524960e-17,4.905688e-16,4.905688e-18
9.126944e+00,9.473128e-17,4.787299e-16,4.787299e-18
9.129617e+00,9.417524e-17,4.698857e-16,4.698857e-18
9.132291e+00,9.386607e-17,4.607624e-16,4.607624e-18
9.134964e+00,9.326106e-17,4.490379e-16,4.490379e-18
9.137637e+00,9.341806e-17,4.370248e-16,4.370248e-18
9.140311e+00,9.350100e-17,4.318580e-16,4.318580e-18
9.142984e+00,9.119320e-17,4.322089e-16,4.322089e-18
9.145658e+00,9.181549e-17,4.285043e-16,4.285043e-18
9.148331e+00,9.140450e-17,4.210480e-16,4.210480e-18
9.151004e+00,9.255649e-17,4.220928e-16,4.220928e-18
9.153678e+00,9.175665e-17,4.230312e-16,4.230312e-18
9.156351e+00,9.238950e-17,4.197572e-16,4.197572e-18
9.159024e+00,9.135875e-17,4.212476e-16,4.212476e-18
9.161698e+00,9.123175e-17,4.303847e-16,4.303847e-18
9.164371e+00,9.151698e-17,4.396419e-16,4.396419e-18
9.167045e+00,9.167780e-17,4.418984e-16,4.418984e-18
9.169718e+00,9.000658e-17,4.397983e-16,4.397983e-18
9.172391e+00,9.148778e-17,4.440696e-16,4.440696e-18
9.175065e+00,9.252388e-17,4.559363e-16,4.559363e-18
9.177738e+00,9.184142e-17,4.646837e-16,4.646837e-18
9.180412e+00,9.343918e-17,4.703500e-16,4.703500e-18
9.183085e+00,9.305335e-17,4.781526e-16,4.781526e-18
9.185758e+00,9.217430e-17,4.892175e-16,4.892175e-18
9.188432e+00,9.297710e-17,4.983984e-16,4.983984e-18
9.191105e+00,9.429824e-17,5.040134e-16,5.040134e-18
9.193779e+00,9.359873e-17,5.126234e-16,5.126234e-18
9.196452e+00,9.478143e-17,5.268355e-16,5.268355e-18
9.199125e+00,9.608120e-17,5.416511e-16,5.416511e-18
9.201799e+00,9.543322e-17,5.507519e-16,5.507519e-18
9.204472e+00,9.655122e-17,5.537543e-16,5.537543e-18
9.207145e+00,9.557865e-17,5.571928e-16,5.571928e-18
9.209819e+00,9.735067e-17,5.655724e-16,5.655724e-18
9.212492e+00,9.740694e-17,5.756644e-16,5.756644e-18
9.215166e+00,9.855862e-17,5.849099e-16,5.849099e-18
9.217839e+00,9.835324e-17,5.934646e-16,5.934646e-18
9.220512e+00,9.854982e-17,6.048735e-16,6.048735e-18
9.223186e+00,9.868826e-17,6.193906e-16,6.193906e-18
9.225859e+00,1.003406e-16,6.306209e-16,6.306209e-18
9.228533e+00,9.922410e-17,6.386589e-16,6.386589e-18
9.231206e+00,1.016823e-16,6.560827e-16,6.560827e-18
9.233879e+00,1.023964e-16,6.841012e-16,6.841012e-18
9.236553e+00,1.031746e-16,7.079311e-16,7.079311e-18
9.239226e+00,1.022002e-16,7.231174e-16,7.231174e-18
9.241899e+00,1.033159e-16,7.413405e-16,7.413405e-18
9.244573e+00,1.042872e-16,7.675448e-16,7.675448e-18
9.247246e+00,1.041533e-16,7.945352e-16,7.945352e-18
9.249920e+00,1.039827e-16,8.207919e-16,8.207919e-18
9.252593e+00,1.060671e-16,8.465646e-16,8.465646e-18
9.255266e+00,1.044155e-16,8.671050e-16,8.671050e-18
9.257940e+00,1.061585e-16,8.847593e-16,8.847593e-18
9.260613e+00,1.052713e-16,9.052785e-16,9.052785e-18
9.263287e+00,1.053886e-16,9.257391e-16,9.257391e-18
9.265960e+00,1.060037e-16,9.427640e-16,9.427640e-18
9.268633e+00,1.066041e-16,9.600781e-16,9.600781e-18
9.271307e+00,1.057606e-16,9.789768e-16,9.789768e-18
9.273980e+00,1.062800e-16,9.984678e-16,9.984678e-18
9.276654e+00,1.086144e-16,1.015519e-15,1.015519e-17
9.279327e+00,1.080615e-16,1.022550e-15,1.022550e-17
9.282000e+00,1.068272e-16,1.025515e-15,1.025515e-17
9.284674e+00,1.055886e-16,1.030656e-15,1.030656e-17
9.287347e+00,1.080760e-16,1.036160e-15,1.036160e-17
9.290020e+00,1.070405e-16,1.042959e-15,1.042959e-17
9.292694e+00,1.090240e-16,1.047808e-15,1.047808e-17
9.295367e+00,1.073594e-16,1.044999e-15,1.044999e-17
9.298041e+00,1.074241e-16,1.042706e-15,1.042706e-17
9.300714e+00,1.089392e-16,1.046885e-15,1.046885e-17
9.303387e+00,1.101019e-16,1.054225e-15,1.054225e-17
9.306061e+00,1.100008e-16,1.059798e-15,1.059798e-17
9.308734e+00,1.105832e-16,1.060300e-15,1.060300e-17
9.311408e+00,1.113834e-16,1.059237e-15,1.059237e-17
9.314081e+00,1.105651e-16,1.067258e-15,1.067258e-17
9.316754e+00,1.125642e-16,1.079957e-15,1.079957e-17
9.319428e+00,1.136247e-16,1.084892e-15,1.084892e-17
9.322101e+00,1.139701e-16,1.087579e-15,1.087579e-17
9.324774e+00,1.144644e-16,1.097611e-15,1.097611e-17
9.327448e+00,1.139656e-16,1.110300e-15,1.110300e-17
9.330121e+00,1.146650e-16,1.113245e-15,1.113245e-17
9.332795e+00,1.136059e-16,1.107029e-15,1.107029e-17
9.335468e+00,1.150187e-16,1.095683e-15,1.095683e-17
9.338141e+00,1.134662e-16,1.075674e-15,1.075674e-17
9.340815e+00,1.139333e-16,1.050588e-15,1.050588e-17
9.343488e+00,1.119931e-16,1.024570e-15,1.024570e-17
9.346162e+00,1.123877e-16,9.961302e-16,9.961302e-18
9.348835e+00,1.098875e-16,9.676984e-16,9.676984e-18
9.351508e+00,1.093653e-16,9.447975e-16,9.447975e-18
9.354182e+00,1.098477e-16,9.269354e-16,9.269354e-18
9.356855e+00,1.090984e-16,9.083482e-16,9.083482e-18
9.359529e+00,1.067904e-16,8.833128e-16,8.833128e-18
9.362202e+00,1.063738e-16,8.598593e-16,8.598593e-18
9.364875e+00,1.060321e-16,8.410606e-16,8.410606e-18
9.367549e+00,1.066009e-16,8.262507e-16,8.262507e-18
9.370222e+00,1.051074e-16,8.129443e-16,8.129443e-18
9.372895e+00,1.037599e-16,8.027895e-16,8.027895e-18
9.375569e+00,1.029009e-16,7.995782e-16,7.995782e-18
9.378242e+00,1.025273e-16,8.021048e-16,8.021048e-18
9.380916e+00,1.022598e-16,8.051044e-16,8.051044e-18
9.383589e+00,1.024398e-16,8.070481e-16,8.070481e-18
9.386262e+00,1.016338e-16,8.115310e-16,8.115310e-18
9.388936e+00,1.024232e-16,8.199635e-16,8.199635e-18
9.391609e+00,1.031031e-16,8.292178e-16,8.292178e-18
9.394283e+00,1.034835e-16,8.390535e-16,8.390535e-18
9.396956e+00,1.043979e-16,8.510600e-16,8.510600e-18
9.399629e+00,1.044123e-16,8.653906e-16,8.653906e-18
9.402303e+00,1.038954e-16,8.832665e-16,8.832665e-18
9.404976e+00,1.053928e-16,8.983790e-16,8.983790e-18
9.407649e+00,1.051595e-16,9.076871e-16,9.076871e-18
9.410323e+00,1.051298e-16,9.173930e-16,9.173930e-18
9.412996e+00,1.052644e-16,9.254853e-16,9.254853e-18
9.415670e+00,1.057859e-16,9.297771e-16,9.297771e-18
9.418343e+00,1.067091e-16,9.352333e-16,9.352333e-18
9.421016e+00,1.062329e-16,9.421055e-16,9.421055e-18
9.423690e+00,1.066809e-16,9.475622e-16,9.475622e-18
9.426363e+00,1.058108e-16,9.500006e-16,9.500006e-18
9.429037e+00,1.044133e-16,9.443524e-16,9.443524e-18
9.431710e+00,1.060793e-16,9.304100e-16,9.304100e-18
9.434383e+00,1.048322e-16,9.192093e-16,9.192093e-18
9.437057e+00,1.061457e-16,9.151334e-16,9.151334e-18
9.439730e+00,1.047567e-16,9.090927e-16,9.090927e-18
9.442404e+00,1.048393e-16,8.944937e-16,8.944937e-18
9.445077e+00,1.033751e-16,8.823471e-16,8.823471e-18
9.447750e+00,1.039955e-16,8.740296e-16,8.740296e-18
9.450424e+00,1.034074e-16,8.603881e-16,8.603881e-18
9.453097e+00,1.025944e-16,8.488358e-16,8.488358e-18
9.455770e+00,1.022026e-16,8.477409e-16,8.477409e-18
9.458444e+00,1.025781e-16,8.498158e-16,8.498158e-18
9.461117e+00,1.031553e-16,8.488889e-16,8.488889e-18
9.463791e+00,1.012257e-16,8.474217e-16,8.474217e-18
9.466464e+00,1.016550e-16,8.476238e-16,8.476238e-18
9.469137e+00,1.006850e-16,8.497613e-16,8.497613e-18
9.471811e+00,9.911503e-17,8.560833e-16,8.560833e-18
9.474484e+00,1.009706e-16,8.680016e-16,8.680016e-18
9.477158e+00,1.008599e-16,8.803572e-16,8.803572e-18
9.479831e+00,9.999798e-17,8.906495e-16,8.906495e-18
9.482504e+00,9.969014e-17,9.020909e-16,9.020909e-18
9.485178e+00,9.956149e-17,9.162456e-16,9.162456e-18
9.487851e+00,9.947123e-17,9.318688e-16,9.318688e-18
9.490524e+00,1.013651e-16,9.495411e-16,9.495411e-18
9.493198e+00,1.006970e-16,9.663529e-16,9.663529e-18
9.495871e+00,1.004898e-16,9.798207e-16,9.798207e-18
9.498545e+00,9.991404e-17,9.895550e-16,9.895550e-18
9.501218e+00,1.005453e-16,9.988399e-16,9.988399e-18
9.503891e+00,1.005158e-16,1.014708e-15,1.014708e-17
9.506565e+00,1.019670e-16,1.035853e-15,1.035853e-17
9.509238e+00,1.012475e-16,1.053631e-15,1.053631e-17
9.511912e+00,1.004553e-16,1.065600e-15,1.065600e-17
9.514585e+00,1.014838e-16,1.076741e-15,1.076741e-17
9.517258e+00,1.021133e-16,1.092901e-15,1.092901e-17
9.519932e+00,1.029711e-16,1.112757e-15,1.112757e-17
9.522605e+00,1.052486e-16,1.121280e-15,1.121280e-17
9.525279e+00,1.043708e-16,1.112685e-15,1.112685e-17
9.527952e+00,1.033089e-16,1.104426e-15,1.104426e-17
9.530625e+00,1.043217e-16,1.105883e-15,1.105883e-17
9.533299e+00,1.052012e-16,1.106604e-15,1.106604e-17
9.535972e+00,1.045840e-16,1.103664e-15,1.103664e-17
9.538645e+00,1.050676e-16,1.102641e-15,1.102641e-17
9.541319e+00,1.042298e-16,1.099203e-15,1.099203e-17
9.543992e+00,1.050381e-16,1.088086e-15,1.088086e-17
9.546666e+00,1.038779e-16,1.072843e-15,1.072843e-17
9.549339e+00,1.048409e-16,1.057334e-15,1.057334e-17
9.552012e+00,1.049973e-16,1.040153e-15,1.040153e-17
9.554686e+00,1.033055e-16,1.018048e-15,1.018048e-17
9.557359e+00,1.031308e-16,9.900751e-16,9.900751e-18
9.560033e+00,1.030954e-16,9.618273e-16,9.618273e-18
9.562706e+00,1.018529e-16,9.374328e-16,9.374328e-18
9.565379e+00,1.023326e-16,9.148951e-16,9.148951e-18
9.568053e+00,1.019491e-16,8.901483e-16,8.901483e-18
9.570726e+00,1.006848e-16,8.587400e-16,8.587400e-18
9.573399e+00,9.999135e-17,8.229399e-16,8.229399e-18
9.576073e+00,9.938484e-17,7.929454e-16,7.929454e-18
9.578746e+00,9.906307e-17,7.680996e-16,7.680996e-18
9.581420e+00,9.682430e-17,7.403878e-16,7.403878e-18
9.584093e+00,9.817543e-17,7.138458e-16,7.138458e-18
9.586766e+00,9.801212e-17,6.929253e-16,6.929253e-18
9.589440e+00,9.560978e-17,6.769275e-16,6.769275e-18
9.592113e+00,9.484618e-17,6.568914e-16,6.568914e-18
9.594787e+00,9.591793e-17,6.293066e-16,6.293066e-18
9.597460e+00,9.376040e-17,6.059515e-16,6.059515e-18
9.600133e+00,9.599895e-17,5.949490e-16,5.949490e-18
9.602807e+00,9.496693e-17,5.898746e-16,5.898746e-18
9.605480e+00,9.472365e-17,5.856359e-16,5.856359e-18
9.608154e+00,9.385939e-17,5.797813e-16,5.797813e-18
9.610827e+00,9.399677e-17,5.678239e-16,5.678239e-18
9.613500e+00,9.466071e-17,5.519075e-16,5.519075e-18
9.616174e+00,9.227722e-17,5.395704e-16,5.395704e-18
9.618847e+00,9.134861e-17,5.347263e-16,5.347263e-18
9.621520e+00,9.180704e-17,5.341398e-16,5.341398e-18
9.624194e+00,9.076177e-17,5.291456e-16,5.291456e-18
9.626867e+00,9.086960e-17,5.182153e-16,5.182153e-18
9.629541e+00,9.136731e-17,5.073599e-16,5.073599e-18
9.632214e+00,9.033869e-17,4.989093e-16,4.989093e-18
9.634887e+00,8.896273e-17,4.989604e-16,4.989604e-18
9.637561e+00,9.057933e-17,5.084091e-16,5.084091e-18
9.640234e+00,8.953284e-17,5.168260e-16,5.168260e-18
9.642908e+00,9.115242e-17,5.184474e-16,5.184474e-18
9.645581e+00,9.035133e-17,5.176146e-16,5.176146e-18
9.648254e+00,9.067324e-17,5.225048e-16,5.225048e-18
9.650928e+00,9.108131e-17,5.367345e-16,5.367345e-18
9.653601e+00,9.142588e-17,5.501925e-16,5.501925e-18
9.656274e+00,9.271576e-17,5.604843e-16,5.604843e-18
9.658948e+00,9.191941e-17,5.741960e-16,5.741960e-18
9.661621e+00,9.325854e-17,5.878558e-16,5.878558e-18
9.664295e+00,9.362512e-17,5.930701e-16,5.930701e-18
9.666968e+00,9.376371e-17,5.959453e-16,5.959453e-18
9.669641e+00,9.353114e-17,6.077553e-16,6.077553e-18
9.672315e+00,9.327138e-17,6.223378e-16,6.223378e-18
9.674988e+00,9.397564e-17,6.280670e-16,6.280670e-18
9.677662e+00,9.421206e-17,6.319848e-16,6.319848e-18
9.680335e+00,9.607323e-17,6.413988e-16,6.413988e-18
9.683008e+00,9.616681e-17,6.492862e-16,6.492862e-18
9.685682e+00,9.507128e-17,6.528478e-16,6.528478e-18
9.688355e+00,9.521923e-17,6.538930e-16,6.538930e-18
9.691029e+00,9.422528e-17,6.510928e-16,6.510928e-18
9.693702e+00,9.550187e-17,6.445299e-16,6.445299e-18
9.696375e+00,9.515612e-17,6.356352e-16,6.356352e-18
9.699049e+00,9.369183e-17,6.261894e-16,6.261894e-18
9.701722e+00,9.253940e-17,6.178731e-16,6.178731e-18
9.704395e+00,9.382037e-17,6.143275e-16,6.143275e-18
9.707069e+00,9.493786e-17,6.141312e-16,6.141312e-18
9.709742e+00,9.236358e-17,6.102358e-16,6.102358e-18
9.712416e+00,9.252268e-17,6.039805e-16,6.039805e-18
9.715089e+00,9.179495e-17,6.059401e-16,6.059401e-18
9.717762e+00,9.148038e-17,6.208404e-16,6.208404e-18
9.720436e+00,9.227134e-17,6.387502e-16,6.387502e-18
9.723109e+00,9.229331e-17,6.518883e-16,6.518883e-18
9.725783e+00,9.250443e-17,6.660247e-16,6.660247e-18
9.728456e+00,9.028306e-17,6.795891e-16,6.795891e-18
9.731129e+00,9.087635e-17,6.879301e-16,6.879301e-18
9.733803e+00,9.154785e-17,6.971598e-16,6.971598e-18
9.736476e+00,9.247215e-17,7.066506e-16,7.066506e-18
9.739149e+00,9.107841e-17,7.128503e-16,7.128503e-18
9.741823e+00,9.174290e-17,7.207086e-16,7.207086e-18
9.744496e+00,9.310281e-17,7.335376e-16,7.335376e-18
9.747170e+00,9.278338e-17,7.472440e-16,7.472440e-18
9.749843e+00,9.391340e-17,7.560062e-16,7.560062e-18
9.752516e+00,9.393986e-17,7.601731e-16,7.601731e-18
9.755190e+00,9.445002e-17,7.646690e-16,7.646690e-18
9.757863e+00,9.483973e-17,7.669006e-16,7.669006e-18
9.760537e+00,9.533665e-17,7.694196e-16,7.694196e-18
9.763210e+00,9.642502e-17,7.790911e-16,7.790911e-18
9.765883e+00,9.785361e-17,7.915356e-16,7.915356e-18
9.768557e+00,9.759791e-17,7.998545e-16,7.998545e-18
9.771230e+00,9.757336e-17,8.052237e-16,8.052237e-18
9.773904e+00,9.903611e-17,8.047991e-16,8.047991e-18
9.776577e+00,9.797011e-17,7.991824e-16,7.991824e-18
9.779250e+00,9.856213e-17,7.976341e-16,7.976341e-18
9.781924e+00,9.875460e-17,7.998157e-16,7.998157e-18
9.784597e+00,9.933309e-17,8.001924e-16,8.001924e-18
9.787270e+00,9.897585e-17,8.019623e-16,8.019623e-18
9.789944e+00,9.865031e-17,8.050753e-16,8.050753e-18
9.792617e+00,1.001854e-16,8.069136e-16,8.069136e-18
9.795291e+00,9.927739e-17,8.080331e-16,8.080331e-18
9.797964e+00,9.844557e-17,8.098053e-16,8.098053e-18
9.800637e+00,9.921204e-17,8.133475e-16,8.133475e-18
9.803311e+00,9.921657e-17,8.190375e-16,8.190375e-18
9.805984e+00,9.978798e-17,8.278107e-16,8.278107e-18
9.808658e+00,1.005820e-16,8.360670e-16,8.360670e-18
9.811331e+00,9.979510e-17,8.410286e-16,8.410286e-18
9.814004e+00,9.852364e-17,8.443346e-16,8.443346e-18
9.816678e+00,9.886274e-17,8.429128e-16,8.429128e-18
9.819351e+00,9.941052e-17,8.395828e-16,8.395828e-18
9.822025e+00,9.950617e-17,8.405537e-16,8.405537e-18
9.824698e+00,9.780697e-17,8.430481e-16,8.430481e-18
9.827371e+00,9.649568e-17,8.401490e-16,8.401490e-18
9.830045e+00,9.803314e-17,8.334423e-16,8.334423e-18
9.832718e+00,9.650693e-17,8.275520e-16,8.275520e-18
9.835391e+00,9.597246e-17,8.212151e-16,8.212151e-18
9.838065e+00,9.620106e-17,8.104585e-16,8.104585e-18
9.840738e+00,9.608203e-17,7.978891e-16,7.978891e-18
9.843412e+00,9.530703e-17,7.883112e-16,7.883112e-18
9.846085e+00,9.467504e-17,7.846992e-16,7.846992e-18
9.848758e+00,9.479606e-17,7.844683e-16,7.844683e-18
9.851432e+00,9.476349e-17,7.795710e-16,7.795710e-18
9.854105e+00,9.343455e-17,7.705354e-16,7.705354e-18
9.856779e+00,9.403808e-17,7.642524e-16,7.642524e-18
9.859452e+00,9.293995e-17,7.547904e-16,7.547904e-18
9.862125e+00,9.177629e-17,7.385483e-16,7.385483e-18
9.864799e+00,9.127144e-17,7.237429e-16,7.237429e-18
9.867472e+00,9.221989e-17,7.148921e-16,7.148921e-18
9.870145e+00,9.080294e-17,7.093897e-16,7.093897e-18
9.872819e+00,9.091356e-17,7.030395e-16,7.030395e-18
9.875492e+00,9.120725e-17,6.935731e-16,6.935731e-18
9.878166e+00,9.065537e-17,6.839856e-16,6.839856e-18
9.880839e+00,9.115984e-17,6.773335e-16,6.773335e-18
9.883512e+00,9.163444e-17,6.699833e-16,6.699833e-18
9.886186e+00,9.083862e-17,6.597374e-16,6.597374e-18
9.888859e+00,8.897590e-17,6.502788e-16,6.502788e-18
9.891533e+00,9.098915e-17,6.453400e-16,6.453400e-18
9.894206e+00,8.994260e-17,6.411972e-16,6.411972e-18
9.896879e+00,9.006694e-17,6.341740e-16,6.341740e-18
9.899553e+00,8.994173e-17,6.259500e-16,6.259500e-18
9.902226e+00,8.810789e-17,6.170584e-16,6.170584e-18
9.904900e+00,9.145380e-17,6.093373e-16,6.093373e-18
9.907573e+00,8.870512e-17,5.994693e-16,5.994693e-18
9.910246e+00,8.931190e-17,5.838777e-16,5.838777e-18
9.912920e+00,8.834120e-17,5.688206e-16,5.688206e-18
9.915593e+00,8.783115e-17,5.605771e-16,5.605771e-18
9.918266e+00,8.844396e-17,5.532942e-16,5.532942e-18
9.920940e+00,8.833406e-17,5.460056e-16,5.460056e-18
9.923613e+00,8.823462e-17,5.406348e-16,5.406348e-18
9.926287e+00,8.691086e-17,5.356211e-16,5.356211e-18
9.928960e+00,8.680085e-17,5.352022e-16,5.352022e-18
9.931633e+00,8.889042e-17,5.404014e-16,5.404014e-18
9.934307e+00,8.856550e-17,5.441790e-16,5.441790e-18
9.936980e+00,8.733985e-17,5.460915e-16,5.460915e-18
9.939654e+00,8.828833e-17,5.492103e-16,5.492103e-18
9.942327e+00,8.791870e-17,5.530804e-16,5.530804e-18
9.945000e+00,8.802864e-17,5.563288e-16,5.563288e-18
9.947674e+00,8.778593e-17,5.601891e-16,5.601891e-18
9.950347e+00,8.752396e-17,5.669797e-16,5.669797e-18
9.953020e+00,8.714489e-17,5.746641e-16,5.746641e-18
9.955694e+00,8.897798e-17,5.813514e-16,5.813514e-18
9.958367e+00,8.888898e-17,5.890323e-16,5.890323e-18
9.961041e+00,9.005846e-17,5.992480e-16,5.992480e-18
9.963714e+00,9.037981e-17,6.089238e-16,6.089238e-18
9.966387e+00,8.888739e-17,6.174905e-16,6.174905e-18
9.969061e+00,9.011887e-17,6.261107e-16,6.261107e-18
9.971734e+00,8.935932e-17,6.289367e-16,6.289367e-18
9.974408e+00,8.939181e-17,6.292736e-16,6.292736e-18
9.977081e+00,8.978127e-17,6.323263e-16,6.323263e-18
9.979754e+00,8.849449e-17,6.374435e-16,6.374435e-18
9.982428e+00,8.976656e-17,6.419471e-16,6.419471e-18
9.985101e+00,8.855979e-17,6.410729e-16,6.410729e-18
9.987775e+00,8.916737e-17,6.351196e-16,6.351196e-18
9.990448e+00,8.845751e-17,6.318086e-16,6.318086e-18
9.993121e+00,8.735914e-17,6.295888e-16,6.295888e-18
9.995795e+00,8.934170e-17,6.225004e-16,6.225004e-18
9.998468e+00,8.782877e-17,6.136296e-16,6.136296e-18
1.000114e+01,8.762383e-17,6.090680e-16,6.090680e-18
1.000381e+01,8.632103e-17,6.062961e-16,6.062961e-18
1.000649e+01,8.802691e-17,6.011352e-16,6.011352e-18
1.000916e+01,8.626681e-17,5.960324e-16,5.960324e-18
1.001183e+01,8.508214e-17,5.916415e-16,5.916415e-18
1.001451e+01,8.628217e-17,5.851973e-16,5.851973e-18
1.001718e+01,8.469506e-17,5.784598e-16,5.784598e-18
1.001986e+01,8.448140e-17,5.736416e-16,5.736416e-18
1.002253e+01,8.510200e-17,5.697726e-16,5.697726e-18
1.002520e+01,8.610457e-17,5.664680e-16,5.664680e-18
1.002788e+01,8.572210e-17,5.651102e-16,5.651102e-18
1.003055e+01,8.639601e-17,5.698891e-16,5.698891e-18
1.003322e+01,8.581261e-17,5.750680e-16,5.750680e-18
1.003590e+01,8.638913e-17,5.761479e-16,5.761479e-18
1.003857e+01,8.666803e-17,5.777939e-16,5.777939e-18
1.004124e+01,8.572293e-17,5.807687e-16,5.807687e-18
1.004392e+01,8.704017e-17,5.839129e-16,5.839129e-18
1.004659e+01,8.539174e-17,5.897989e-16,5.897989e-18
1.004926e+01,8.811091e-17,5.980944e-16,5.980944e-18
1.005194e+01,8.781418e-17,6.067059e-16,6.067059e-18
1.005461e+01,8.810524e-17,6.169809e-16,6.169809e-18
1.005728e+01,8.796341e-17,6.271250e-16,6.271250e-18
1.005996e+01,8.927650e-17,6.372924e-16,6.372924e-18
1.006263e+01,8.876644e-17,6.472705e-16,6.472705e-18
1.006530e+01,8.910375e-17,6.579824e-16,6.579824e-18
1.006798e+01,8.910131e-17,6.700641e-16,6.700641e-18
1.007065e+01,9.001549e-17,6.808961e-16,6.808961e-18
1.007332e+01,9.064065e-17,6.907471e-16,6.907471e-18
1.007600e+01,9.042412e-17,7.031583e-16,7.031583e-18
1.007867e+01,9.078397e-17,7.144065e-16,7.144065e-18
1.008134e+01,9.233434e-17,7.226484e-16,7.226484e-18
1.008402e+01,9.239045e-17,7.310091e-16,7.310091e-18
1.008669e+01,9.259395e-17,7.401354e-16,7.401354e-18
1.008936e+01,9.334694e-17,7.482725e-16,7.482725e-18
1.009204e+01,9.098496e-17,7.558859e-16,7.558859e-18
1.009471e+01,9.263120e-17,7.656792e-16,7.656792e-18
1.009738e+01,9.301492e-17,7.728912e-16,7.728912e-18
1.010006e+01,9.281377e-17,7.732485e-16,7.732485e-18
1.010273e+01,9.320119e-17,7.694557e-16,7.694557e-18
1.010540e+01,9.262609e-17,7.645186e-16,7.645186e-18
1.010808e+01,9.267950e-17,7.575815e-16,7.575815e-18
1.011075e+01,9.252867e-17,7.487387e-16,7.487387e-18
1.011342e+01,9.239990e-17,7.428235e-16,7.428235e-18
1.011610e+01,9.290848e-17,7.382538e-16,7.382538e-18
1.011877e+01,9.227424e-17,7.284911e-16,7.284911e-18
1.012144e+01,9.140327e-17,7.177908e-16,7.177908e-18
1.012412e+01,9.121572e-17,7.099251e-16,7.099251e-18
1.012679e+01,9.069655e-17,7.007655e-16,7.007655e-18
1.012946e+01,9.191509e-17,6.902903e-16,6.902903e-18
1.013214e+01,9.081478e-17,6.830356e-16,6.830356e-18
1.013481e+01,9.045586e-17,6.800730e-16,6.800730e-18
1.013748e+01,9.026795e-17,6.804798e-16,6.804798e-18
1.014016e+01,9.034462e-17,6.811264e-16,6.811264e-18
1.014283e+01,8.985265e-17,6.775867e-16,6.775867e-18
1.014550e+01,9.007592e-17,6.713899e-16,6.713899e-18
1.014818e+01,8.996168e-17,6.701551e-16,6.701551e-18
1.015085e+01,8.849299e-17,6.737574e-16,6.737574e-18
1.015352e+01,8.972402e-17,6.775895e-16,6.775895e-18
1.015620e+01,8.869680e-17,6.842459e-16,6.842459e-18
1.015887e+01,8.803847e-17,6.943419e-16,6.943419e-18
1.016154e+01,8.863020e-17,7.011235e-16,7.011235e-18
1.016422e+01,8.803851e-17,7.009776e-16,7.009776e-18
1.016689e+01,8.815929e-17,6.985660e-16,6.985660e-18
1.016956e+01,8.741235e-17,6.983771e-16,6.983771e-18
1.017224e+01,8.741363e-17,6.978545e-16,6.978545e-18
1.017491e+01,8.840343e-17,6.946371e-16,6.946371e-18
1.017758e+01,8.623898e-17,6.899931e-16,6.899931e-18
1.018026e+01,8.660462e-17,6.841053e-16,6.841053e-18
1.018293e+01,8.588105e-17,6.707710e-16,6.707710e-18
1.018561e+01,8.530672e-17,6.493511e-16,6.493511e-18
1.018828e+01,8.405974e-17,6.280081e-16,6.280081e-18
1.019095e+01,8.435724e-17,6.128605e-16,6.128605e-18
1.019363e+01,8.311065e-17,6.019741e-16,6.019741e-18
1.019630e+01,8.269481e-17,5.899415e-16,5.899415e-18
1.019897e+01,8.286805e-17,5.747291e-16,5.747291e-18
1.020165e+01,8.193616e-17,5.588095e-16,5.588095e-18
1.020432e+01,8.068663e-17,5.445336e-16,5.445336e-18
1.020699e+01,8.108952e-17,5.325790e-16,5.325790e-18
1.020967e+01,7.998230e-17,5.219707e-16,5.219707e-18
1.021234e+01,7.891097e-17,5.158005e-16,5.158005e-18
1.021501e+01,7.909493e-17,5.132043e-16,5.132043e-18
1.021769e+01,7.882480e-17,5.049819e-16,5.049819e-18
1.022036e+01,7.912678e-17,4.914605e-16,4.914605e-18
1.022303e+01,7.863531e-17,4.799531e-16,4.799531e-18
1.022571e+01,7.826038e-17,4.730323e-16,4.730323e-18
1.022838e+01,7.870489e-17,4.712654e-16,4.712654e-18
1.023105e+01,7.988009e-17,4.739963e-16,4.739963e-18
1.023373e+01,7.781350e-17,4.780702e-16,4.780702e-18
1.023640e+01,7.943902e-17,4.814682e-16,4.814682e-18
1.023907e+01,7.892132e-17,4.823237e-16,4.823237e-18
1.024175e+01,8.047134e-17,4.843216e-16,4.843216e-18
1.024442e+01,7.968773e-17,4.930627e-16,4.930627e-18
1.024709e+01,7.994447e-17,5.051826e-16,5.051826e-18
1.024977e+01,7.951543e-17,5.111204e-16,5.111204e-18
1.025244e+01,7.939172e-17,5.102139e-16,5.102139e-18
1.025511e+01,8.001811e-17,5.086507e-16,5.086507e-18
1.025779e+01,8.013362e-17,5.090653e-16,5.090653e-18
1.026046e+01,8.107484e-17,5.103693e-16,5.103693e-18
1.026313e+01,8.068835e-17,5.117488e-16,5.117488e-18
1.026581e+01,8.052003e-17,5.119007e-16,5.119007e-18
1.026848e+01,7.957101e-17,5.113194e-16,5.113194e-18
1.027115e+01,8.129959e-17,5.108299e-16,5.108299e-18
1.027383e+01,8.079112e-17,5.084562e-16,5.084562e-18
1.027650e+01,8.070511e-17,5.077046e-16,5.077046e-18
1.027917e+01,8.023358e-17,5.114205e-16,5.114205e-18
1.028185e+01,7.976087e-17,5.131187e-16,5.131187e-18
1.028452e+01,7.954380e-17,5.095318e-16,5.095318e-18
1.028719e+01,8.008189e-17,5.068349e-16,5.068349e-18
1.028987e+01,8.028730e-17,5.077404e-16,5.077404e-18
1.029254e+01,7.979959e-17,5.093040e-16,5.093040e-18
1.029521e+01,8.037428e-17,5.116979e-16,5.116979e-18
1.029789e+01,8.147903e-17,5.112346e-16,5.112346e-18
1.030056e+01,7.988894e-17,5.052141e-16,5.052141e-18
1.030323e+01,8.031009e-17,5.001027e-16,5.001027e-18
1.030591e+01,8.008660e-17,5.001839e-16,5.001839e-18
1.030858e+01,8.084320e-17,5.038662e-16,5.038662e-18
1.031125e+01,8.111117e-17,5.041160e-16,5.041160e-18
1.031393e+01,8.122902e-17,5.008305e-16,5.008305e-18
1.031660e+01,8.125988e-17,4.995741e-16,4.995741e-18
1.031927e+01,7.971105e-17,5.013134e-16,5.013134e-18
1.032195e+01,7.994575e-17,5.025377e-16,5.025377e-18
1.032462e+01,7.980075e-17,4.966412e-16,4.966412e-18
1.032729e+01,7.940520e-17,4.886290e-16,4.886290e-18
1.032997e+01,7.974868e-17,4.896923e-16,4.896923e-18
1.033264e+01,7.950061e-17,4.961165e-16,4.961165e-18
1.033531e+01,8.022090e-17,4.930283e-16,4.930283e-18
1.033799e+01,8.000756e-17,4.840422e-16,4.840422e-18
1.034066e+01,7.917127e-17,4.840392e-16,4.840392e-18
1.034334e+01,7.877447e-17,4.884416e-16,4.884416e-18
1.034601e+01,7.879536e-17,4.865914e-16,4.865914e-18
1.034868e+01,7.906273e-17,4.815100e-16,4.815100e-18
1.035136e+01,7.918910e-17,4.801792e-16,4.801792e-18
1.035403e+01,7.832239e-17,4.818126e-16,4.818126e-18
1.035670e+01,7.926149e-17,4.855933e-16,4.855933e-18
1.035938e+01,7.819028e-17,4.870258e-16,4.870258e-18
1.036205e+01,7.683298e-17,4.853575e-16,4.853575e-18
1.036472e+01,7.922737e-17,4.891530e-16,4.891530e-18
1.036740e+01,7.920247e-17,4.991833e-16,4.991833e-18
1.037007e+01,7.850910e-17,5.077446e-16,5.077446e-18
1.037274e+01,7.924625e-17,5.117761e-16,5.117761e-18
1.037542e+01,7.931359e-17,5.095893e-16,5.095893e-18
1.037809e+01,7.885008e-17,5.085584e-16,5.085584e-18
1.038076e+01,7.961568e-17,5.179505e-16,5.179505e-18
1.038344e+01,7.929233e-17,5.299249e-16,5.299249e-18
1.038611e+01,7.846643e-17,5.315685e-16,5.315685e-18
1.038878e+01,7.915779e-17,5.296089e-16,5.296089e-18
1.039146e+01,7.933990e-17,5.355770e-16,5.355770e-18
1.039413e+01,7.888158e-17,5.428058e-16,5.428058e-18
1.039680e+01,7.975610e-17,5.401493e-16,5.401493e-18
1.039948e+01,7.895269e-17,5.326833e-16,5.326833e-18
1.040215e+01,7.855077e-17,5.283110e-16,5.283110e-18
1.040482e+01,7.935430e-17,5.270776e-16,5.270776e-18
1.040750e+01,7.878034e-17,5.254916e-16,5.254916e-18
1.041017e+01,7.908151e-17,5.207469e-16,5.207469e-18
1.041284e+01,7.817377e-17,5.140100e-16,5.140100e-18
1.041552e+01,7.853526e-17,5.099588e-16,5.099588e-18
1.041819e+01,7.814147e-17,5.076250e-16,5.076250e-18
1.042086e+01,7.874570e-17,5.023144e-16,5.023144e-18
1.042354e+01,7.818109e-17,4.958685e-16,4.958685e-18
1.042621e+01,7.848473e-17,4.934599e-16,4.934599e-18
1.042888e+01,7.978847e-17,4.916231e-16,4.916231e-18
1.043156e+01,7.832275e-17,4.902031e-16,4.902031e-18
1.043423e+01,7.837499e-17,4.916029e-16,4.916029e-18
1.043690e+01,7.993010e-17,4.944719e-16,4.944719e-18
1.043958e+01,7.888283e-17,4.968804e-16,4.968804e-18
1.044225e+01,7.925699e-17,4.997240e-16,4.997240e-18
1.044492e+01,7.972595e-17,5.060059e-16,5.060059e-18
1.044760e+01,7.861436e-17,5.149862e-16,5.149862e-18
1.045027e+01,7.981129e-17,5.228438e-16,5.228438e-18
1.045294e+01,8.001740e-17,5.273946e-16,5.273946e-18
1.045562e+01,8.130159e-17,5.336025e-16,5.336025e-18
1.045829e+01,8.094065e-17,5.424081e-16,5.424081e-18
1.046096e+01,8.209821e-17,5.515995e-16,5.515995e-18
1.046364e+01,8.222374e-17,5.590271e-16,5.590271e-18
1.046631e+01,8.188313e-17,5.663261e-16,5.663261e-18
1.046898e+01,8.112460e-17,5.765171e-16,5.765171e-18
1.047166e+01,8.209556e-17,5.873302e-16,5.873302e-18
1.047433e+01,8.218282e-17,5.955335e-16,5.955335e-18
1.047700e+01,8.198829e-17,6.032952e-16,6.032952e-18
1.047968e+01,8.303761e-17,6.130993e-16,6.130993e-18
1.048235e+01,8.261305e-17,6.230903e-16,6.230903e-18
1.048502e+01,8.350435e-17,6.315263e-16,6.315263e-18
1.048770e+01,8.240038e-17,6.381210e-16,6.381210e-18
1.049037e+01,8.399684e-17,6.426943e-16,6.426943e-18
1.049304e+01,8.296045e-17,6.486738e-16,6.486738e-18
1.049572e+01,8.413321e-17,6.591487e-16,6.591487e-18
1.049839e+01,8.411777e-17,6.665545e-16,6.665545e-18
1.050106e+01,8.363327e-17,6.641858e-16,6.641858e-18
1.050374e+01,8.430787e-17,6.604722e-16,6.604722e-18
1.050641e+01,8.410527e-17,6.637672e-16,6.637672e-18
1.050909e+01,8.514006e-17,6.654124e-16,6.654124e-18
1.051176e+01,8.365913e-17,6.612429e-16,6.612429e-18
1.051443e+01,8.338079e-17,6.550309e-16,6.550309e-18
1.051711e+01,8.344542e-17,6.485286e-16,6.485286e-18
1.051978e+01,8.344261e-17,6.435706e-16,6.435706e-18
1.052245e+01,8.300307e-17,6.385744e-16,6.385744e-18
1.052513e+01,8.271561e-17,6.307354e-16,6.307354e-18
1.052780e+01,8.263855e-17,6.215945e-16,6.215945e-18
1.053047e+01,8.353178e-17,6.134721e-16,6.134721e-18
1.053315e+01,8.102649e-17,6.035832e-16,6.035832e-18
1.053582e+01,8.198159e-17,5.906287e-16,5.906287e-18
1.053849e+01,8.184663e-17,5.758217e-16,5.758217e-18
1.054117e+01,8.182136e-17,5.625471e-16,5.625471e-18
1.054384e+01,7.957612e-17,5.537274e-16,5.537274e-18
1.054651e+01,8.007614e-17,5.482948e-16,5.482948e-18
1.054919e+01,7.917221e-17,5.408299e-16,5.408299e-18
1.055186e+01,7.991341e-17,5.291401e-16,5.291401e-18
1.055453e+01,8.000750e-17,5.173647e-16,5.173647e-18
1.055721e+01,7.842230e-17,5.092104e-16,5.092104e-18
1.055988e+01,7.869329e-17,5.062326e-16,5.062326e-18
1.056255e+01,7.748778e-17,5.060866e-16,5.060866e-18
1.056523e+01,7.880298e-17,5.021461e-16,5.021461e-18
1.056790e+01,7.774821e-17,4.964736e-16,4.964736e-18
1.057057e+01,7.881923e-17,4.994397e-16,4.994397e-18
1.057325e+01,7.771288e-17,5.108269e-16,5.108269e-18
1.057592e+01,7.875909e-17,5.235266e-16,5.235266e-18
1.057859e+01,7.824955e-17,5.363302e-16,5.363302e-18
1.058127e+01,7.896594e-17,5.508326e-16,5.508326e-18
1.058394e+01,7.849017e-17,5.678894e-16,5.678894e-18
1.058661e+01,7.822211e-17,5.852719e-16,5.852719e-18
1.058929e+01,7.929445e-17,6.001940e-16,6.001940e-18
1.059196e+01,7.930400e-17,6.172005e-16,6.172005e-18
1.059463e+01,8.000608e-17,6.390468e-16,6.390468e-18
1.059731e+01,8.103437e-17,6.560557e-16,6.560557e-18
1.059998e+01,8.030093e-17,6.606387e-16,6.606387e-18
1.060265e+01,7.872273e-17,6.618298e-16,6.618298e-18
1.060533e+01,7.907825e-17,6.685695e-16,6.685695e-18
1.060800e+01,8.053522e-17,6.742371e-16,6.742371e-18
1.061067e+01,7.989036e-17,6.696909e-16,6.696909e-18
1.061335e+01,7.924082e-17,6.596504e-16,6.596504e-18
1.061602e+01,7.914628e-17,6.493062e-16,6.493062e-18
1.061869e+01,7.829690e-17,6.395827e-16,6.395827e-18
1.062137e+01,7.909460e-17,6.284669e-16,6.284669e-18
1.062404e+01,7.849934e-17,6.134644e-16,6.134644e-18
1.062671e+01,7.737981e-17,5.951093e-16,5.951093e-18
1.062939e+01,7.724565e-17,5.790463e-16,5.790463e-18
1.063206e+01,7.651346e-17,5.645219e-16,5.645219e-18
1.063473e+01,7.585270e-17,5.465553e-16,5.465553e-18
1.063741e+01,7.583469e-17,5.266117e-16,5.266117e-18
1.064008e+01,7.517196e-17,5.096346e-16,5.096346e-18
1.064275e+01,7.464081e-17,4.956237e-16,4.956237e-18
1.064543e+01,7.366391e-17,4.830400e-16,4.830400e-18
1.064810e+01,7.393700e-17,4.748085e-16,4.748085e-18
1.065077e+01,7.492511e-17,4.665041e-16,4.665041e-18
1.065345e+01,7.359221e-17,4.519444e-16,4.519444e-18
1.065612e+01,7.309340e-17,4.378997e-16,4.378997e-18
1.065879e+01,7.367731e-17,4.297850e-16,4.297850e-18
1.066147e+01,7.274687e-17,4.220493e-16,4.220493e-18
1.066414e+01,7.268867e-17,4.138318e-16,4.138318e-18
1.066681e+01,7.235749e-17,4.086984e-16,4.086984e-18
1.066949e+01,7.311046e-17,4.057851e-16,4.057851e-18
1.067216e+01,7.312586e-17,4.065879e-16,4.065879e-18
1.067484e+01,7.317550e-17,4.102944e-16,4.102944e-18
1.067751e+01,7.319664e-17,4.076398e-16,4.076398e-18
1.068018e+01,7.306697e-17,4.016101e-16,4.016101e-18
1.068286e+01,7.288868e-17,4.000406e-16,4.000406e-18
1.068553e+01,7.357012e-17,3.999086e-16,3.999086e-18
1.068820e+01,7.376903e-17,3.953517e-16,3.953517e-18
1.069088e+01,7.262949e-17,3.940728e-16,3.940728e-18
1.069355e+01,7.297295e-17,4.012894e-16,4.012894e-18
1.069622e+01,7.426951e-17,4.087662e-16,4.087662e-18
1.069890e+01,7.382275e-17,4.112810e-16,4.112810e-18
1.070157e+01,7.401834e-17,4.099069e-16,4.099069e-18
1.070424e+01,7.346031e-17,4.076705e-16,4.076705e-18
1.070692e+01,7.504398e-17,4.102493e-16,4.102493e-18
1.070959e+01,7.374767e-17,4.192654e-16,4.192654e-18
1.071226e+01,7.515477e-17,4.300586e-16,4.300586e-18
1.071494e+01,7.453318e-17,4.371066e-16,4.371066e-18
1.071761e+01,7.449606e-17,4.398506e-16,4.398506e-18
1.072028e+01,7.526718e-17,4.430663e-16,4.430663e-18
1.072296e+01,7.415517e-17,4.479292e-16,4.479292e-18
1.072563e+01,7.477586e-17,4.511803e-16,4.511803e-18
1.072830e+01,7.441713e-17,4.566695e-16,4.566695e-18
1.073098e+01,7.443840e-17,4.661874e-16,4.661874e-18
1.073365e+01,7.546862e-17,4.699416e-16,4.699416e-18
1.073632e+01,7.467853e-17,4.651193e-16,4.651193e-18
1.073900e+01,7.468778e-17,4.590354e-16,4.590354e-18
1.074167e+01,7.393719e-17,4.524042e-16,4.524042e-18
1.074434e+01,7.312645e-17,4.457443e-16,4.457443e-18
1.074702e+01,7.322751e-17,4.407417e-16,4.407417e-18
1.074969e+01,7.359460e-17,4.334066e-16,4.334066e-18
1.075236e+01,7.266099e-17,4.215676e-16,4.215676e-18
1.075504e+01,7.330064e-17,4.104690e-16,4.104690e-18
1.075771e+01,7.183024e-17,4.043718e-16,4.043718e-18
1.076038e+01,7.241076e-17,4.003009e-16,4.003009e-18
1.076306e+01,7.186127e-17,3.916761e-16,3.916761e-18
1.076573e+01,7.168686e-17,3.834828e-16,3.834828e-18
1.076840e+01,7.037028e-17,3.797724e-16,3.797724e-18
1.077108e+01,7.079187e-17,3.768201e-16,3.768201e-18
1.077375e+01,7.061241e-17,3.761766e-16,3.761766e-18
1.077642e+01,7.099969e-17,3.802792e-16,3.802792e-18
1.077910e+01,7.052146e-17,3.827765e-16,3.827765e-18
1.078177e+01,7.072271e-17,3.815302e-16,3.815302e-18
1.078444e+01,7.042347e-17,3.782645e-16,3.782645e-18
1.078712e+01,6.942133e-17,3.753094e-16,3.753094e-18
1.078979e+01,7.027092e-17,3.774628e-16,3.774628e-18
1.079246e+01,7.038615e-17,3.811495e-16,3.811495e-18
1.079514e+01,7.067613e-17,3.844491e-16,3.844491e-18
1.079781e+01,7.158960e-17,3.906998e-16,3.906998e-18
1.080048e+01,7.142065e-17,3.971632e-16,3.971632e-18
1.080316e+01,7.220239e-17,3.994930e-16,3.994930e-18
1.080583e+01,7.222512e-17,4.032136e-16,4.032136e-18
1.080850e+01,7.220095e-17,4.093122e-16,4.093122e-18
1.081118e+01,7.284498e-17,4.108036e-16,4.108036e-18
1.081385e+01,7.198335e-17,4.106738e-16,4.106738e-18
1.081652e+01,7.383814e-17,4.189472e-16,4.189472e-18
1.081920e+01,7.506003e-17,4.311990e-16,4.311990e-18
1.082187e+01,7.353702e-17,4.390357e-16,4.390357e-18
1.082454e+01,7.429873e-17,4.456226e-16,4.456226e-18
1.082722e+01,7.318474e-17,4.518582e-16,4.518582e-18
1.082989e+01,7.405287e-17,4.549471e-16,4.549471e-18
1.083256e+01,7.346971e-17,4.585255e-16,4.585255e-18
1.083524e+01,7.295313e-17,4.632470e-16,4.632470e-18
1.083791e+01,7.380936e-17,4.664733e-16,4.664733e-18
1.084059e+01,7.328289e-17,4.696262e-16,4.696262e-18
1.084326e+01,7.411756e-17,4.761982e-16,4.761982e-18
1.084593e+01,7.400459e-17,4.819006e-16,4.819006e-18
1.084861e+01,7.421391e-17,4.828827e-16,4.828827e-18
1.085128e+01,7.523307e-17,4.831706e-16,4.831706e-18
1.085395e+01,7.359875e-17,4.857135e-16,4.857135e-18
1.085663e+01,7.450402e-17,4.882080e-16,4.882080e-18
1.085930e+01,7.440682e-17,4.894173e-16,4.894173e-18
1.086197e+01,7.412903e-17,4.906631e-16,4.906631e-18
1.086465e+01,7.492114e-17,4.911738e-16,4.911738e-18
1.086732e+01,7.509563e-17,4.927531e-16,4.927531e-18
1.086999e+01,7.515204e-17,4.963550e-16,4.963550e-18
1.087267e+01,7.531138e-17,4.996666e-16,4.996666e-18
1.087534e+01,7.481740e-17,5.026506e-16,5.026506e-18
1.087801e+01,7.437473e-17,5.068127e-16,5.068127e-18
1.088069e+01,7.494282e-17,5.134580e-16,5.134580e-18
1.088336e+01,7.508576e-17,5.246741e-16,5.246741e-18
1.088603e+01,7.549664e-17,5.373786e-16,5.373786e-18
1.088871e+01,7.606379e-17,5.471139e-16,5.471139e-18
1.089138e+01,7.509749e-17,5.568884e-16,5.568884e-18
1.089405e+01,7.528937e-17,5.686977e-16,5.686977e-18
1.089673e+01,7.627494e-17,5.784129e-16,5.784129e-18
1.089940e+01,7.509712e-17,5.866547e-16,5.866547e-18
1.090207e+01,7.637098e-17,5.973104e-16,5.973104e-18
1.090475e+01,7.551905e-17,6.059458e-16,6.059458e-18
1.090742e+01,7.656756e-17,6.114644e-16,6.114644e-18
1.091009e+01,7.520357e-17,6.178083e-16,6.178083e-18
1.091277e+01,7.552282e-17,6.268331e-16,6.268331e-18
1.091544e+01,7.546933e-17,6.342014e-16,6.342014e-18
1.091811e+01,7.554171e-17,6.384371e-16,6.384371e-18
1.092079e+01,7.582463e-17,6.444987e-16,6.444987e-18
1.092346e+01,7.632887e-17,6.534112e-16,6.534112e-18
1.092613e+01,7.515296e-17,6.606889e-16,6.606889e-18
1.092881e+01,7.579165e-17,6.598349e-16,6.598349e-18
1.093148e+01,7.541573e-17,6.553382e-16,6.553382e-18
1.093415e+01,7.403299e-17,6.526344e-16,6.526344e-18
1.093683e+01,7.488528e-17,6.504140e-16,6.504140e-18
1.093950e+01,7.470764e-17,6.442203e-16,6.442203e-18
1.094217e+01,7.421703e-17,6.342017e-16,6.342017e-18
1.094485e+01,7.392505e-17,6.244049e-16,6.244049e-18
1.094752e+01,7.494865e-17,6.163245e-16,6.163245e-18
1.095019e+01,7.351970e-17,6.085396e-16,6.085396e-18
1.095287e+01,7.404719e-17,5.982151e-16,5.982151e-18
1.095554e+01,7.332907e-17,5.833477e-16,5.833477e-18
1.095821e+01,7.267666e-17,5.682927e-16,5.682927e-18
1.096089e+01,7.232391e-17,5.581570e-16,5.581570e-18
1.096356e+01,7.276195e-17,5.476241e-16,5.476241e-18
1.096623e+01,7.139372e-17,5.326484e-16,5.326484e-18
1.096891e+01,7.202310e-17,5.194098e-16,5.194098e-18
1.097158e+01,7.218082e-17,5.073376e-16,5.073376e-18
1.097425e+01,6.992468e-17,4.928973e-16,4.928973e-18
1.097693e+01,7.119584e-17,4.804889e-16,4.804889e-18
1.097960e+01,7.032598e-17,4.715049e-16,4.715049e-18
1.098227e+01,7.013925e-17,4.631424e-16,4.631424e-18
1.098495e+01,6.968626e-17,4.551898e-16,4.551898e-18
1.098762e+01,6.972155e-17,4.451895e-16,4.451895e-18
1.099029e+01,7.002622e-17,4.367227e-16,4.367227e-18
1.099297e+01,6.885935e-17,4.313744e-16,4.313744e-18
1.099564e+01,6.905900e-17,4.257518e-16,4.257518e-18
1.099831e+01,6.855276e-17,4.187286e-16,4.187286e-18
1.100099e+01,6.850735e-17,4.153201e-16,4.153201e-18
1.100366e+01,6.867229e-17,4.139122e-16,4.139122e-18
1.100634e+01,6.864684e-17,4.132441e-16,4.132441e-18
1.100901e+01,6.838136e-17,4.108716e-16,4.108716e-18
1.101168e+01,6.864926e-17,4.073216e-16,4.073216e-18
1.101436e+01,6.847857e-17,4.084379e-16,4.084379e-18
1.101703e+01,7.031334e-17,4.133272e-16,4.133272e-18
1.101970e+01,7.003545e-17,4.169424e-16,4.169424e-18
1.102238e+01,6.942542e-17,4.194512e-16,4.194512e-18
1.102505e+01,7.032192e-17,4.226138e-16,4.226138e-18
1.102772e+01,6.840544e-17,4.233600e-16,4.233600e-18
1.103040e+01,7.035104e-17,4.223208e-16,4.223208e-18
1.103307e+01,6.976556e-17,4.255177e-16,4.255177e-18
1.103574e+01,7.024552e-17,4.309236e-16,4.309236e-18
1.103842e+01,6.944615e-17,4.320781e-16,4.320781e-18
1.104109e+01,6.993182e-17,4.313644e-16,4.313644e-18
1.104376e+01,7.007126e-17,4.320131e-16,4.320131e-18
1.104644e+01,6.951485e-17,4.298050e-16,4.298050e-18
1.104911e+01,7.009935e-17,4.263526e-16,4.263526e-18
1.105178e+01,6.913627e-17,4.270696e-16,4.270696e-18
1.105446e+01,6.936445e-17,4.326767e-16,4.326767e-18
1.105713e+01,6.983803e-17,4.371696e-16,4.371696e-18
1.105980e+01,6.960822e-17,4.365858e-16,4.365858e-18
1.106248e+01,6.970241e-17,4.345352e-16,4.345352e-18
1.106515e+01,7.059191e-17,4.355475e-16,4.355475e-18
1.106782e+01,6.996058e-17,4.383325e-16,4.383325e-18
1.107050e+01,7.016973e-17,4.406842e-16,4.406842e-18
1.107317e+01,6.905832e-17,4.429445e-16,4.429445e-18
1.107584e+01,6.965826e-17,4.444841e-16,4.444841e-18
1.107852e+01,6.953383e-17,4.469764e-16,4.469764e-18
1.108119e+01,6.859332e-17,4.522435e-16,4.522435e-18
1.108386e+01,6.937246e-17,4.562195e-16,4.562195e-18
1.108654e+01,6.967804e-17,4.541859e-16,4.541859e-18
1.108921e+01,6.987898e-17,4.476392e-16,4.476392e-18
1.109188e+01,6.823937e-17,4.398254e-16,4.398254e-18
1.109456e+01,6.975961e-17,4.322545e-16,4.322545e-18
1.109723e+01,6.828912e-17,4.227781e-16,4.227781e-18
1.109990e+01,6.785096e-17,4.106828e-16,4.106828e-18
1.110258e+01,6.735795e-17,3.977476e-16,3.977476e-18
1.110525e+01,6.737291e-17,3.883079e-16,3.883079e-18
1.110792e+01,6.665808e-17,3.813746e-16,3.813746e-18
1.111060e+01,6.807217e-17,3.729970e-16,3.729970e-18
1.111327e+01,6.761008e-17,3.654692e-16,3.654692e-18
1.111594e+01,6.718032e-17,3.617456e-16,3.617456e-18
1.111862e+01,6.824303e-17,3.590259e-16,3.590259e-18
1.112129e+01,6.678492e-17,3.553475e-16,3.553475e-18
1.112396e+01,6.676589e-17,3.543516e-16,3.543516e-18
1.112664e+01,6.685557e-17,3.571138e-16,3.571138e-18
1.112931e+01,6.727600e-17,3.583565e-16,3.583565e-18
1.113198e+01,6.710119e-17,3.561844e-16,3.561844e-18
1.113466e+01,6.669024e-17,3.555413e-16,3.555413e-18
1.113733e+01,6.795166e-17,3.577063e-16,3.577063e-18
1.114000e+01,6.655927e-17,3.580480e-16,3.580480e-18
1.114268e+01,6.779589e-17,3.575312e-16,3.575312e-18
1.114535e+01,6.764602e-17,3.617234e-16,3.617234e-18
1.114802e+01,6.777047e-17,3.718380e-16,3.718380e-18
1.115070e+01,6.819036e-17,3.830655e-16,3.830655e-18
1.115337e+01,6.791192e-17,3.934845e-16,3.934845e-18
1.115604e+01,6.945727e-17,4.063534e-16,4.063534e-18
1.115872e+01,6.914998e-17,4.216952e-16,4.216952e-18
1.116139e+01,6.939467e-17,4.362019e-16,4.362019e-18
1.116406e+01,6.996135e-17,4.465966e-16,4.465966e-18
1.116674e+01,6.925865e-17,4.509929e-16,4.509929e-18
1.116941e+01,6.921967e-17,4.516964e-16,4.516964e-18
1.117209e+01,6.992826e-17,4.509707e-16,4.509707e-18
1.117476e+01,6.897119e-17,4.474011e-16,4.474011e-18
1.117743e+01,6.957089e-17,4.397780e-16,4.397780e-18
1.118011e+01,6.962149e-17,4.315058e-16,4.315058e-18
1.118278e+01,6.888051e-17,4.256136e-16,4.256136e-18
1.118545e+01,6.925429e-17,4.180445e-16,4.180445e-18
1.118813e+01,6.916469e-17,4.075684e-16,4.075684e-18
1.119080e+01,6.870790e-17,3.985951e-16,3.985951e-18
1.119347e+01,6.758875e-17,3.918195e-16,3.918195e-18
1.119615e+01,6.779358e-17,3.839903e-16,3.839903e-18
1.119882e+01,6.830220e-17,3.733944e-16,3.733944e-18
1.120149e+01,6.672481e-17,3.632429e-16,3.632429e-18
1.120417e+01,6.685546e-17,3.594948e-16,3.594948e-18
1.120684e+01,6.712879e-17,3.587314e-16,3.587314e-18
1.120951e+01,6.752319e-17,3.537798e-16,3.537798e-18
1.121219e+01,6.641218e-17,3.474541e-16,3.474541e-18
1.121486e+01,6.663073e-17,3.442792e-16,3.442792e-18
1.121753e+01,6.622317e-17,3.386677e-16,3.386677e-18
1.122021e+01,6.530321e-17,3.303660e-16,3.303660e-18
1.122288e+01,6.513744e-17,3.255942e-16,3.255942e-18
1.122555e+01,6.560081e-17,3.235321e-16,3.235321e-18
1.122823e+01,6.509126e-17,3.204354e-16,3.204354e-18
1.123090e+01,6.574003e-17,3.170807e-16,3.170807e-18
1.123357e+01,6.491529e-17,3.139865e-16,3.139865e-18
1.123625e+01,6.452134e-17,3.107012e-16,3.107012e-18
1.123892e+01,6.538716e-17,3.099429e-16,3.099429e-18
1.124159e+01,6.485644e-17,3.086071e-16,3.086071e-18
1.124427e+01,6.443598e-17,3.029494e-16,3.029494e-18
1.124694e+01,6.388542e-17,2.933722e-16,2.933722e-18
1.124961e+01,6.425807e-17,2.865264e-16,2.865264e-18
1.125229e+01,6.334641e-17,2.839673e-16,2.839673e-18
1.125496e+01,6.398859e-17,2.806032e-16,2.806032e-18
1.125763e+01,6.247413e-17,2.750535e-16,2.750535e-18
1.126031e+01,6.229174e-17,2.700226e-16,2.700226e-18
1.126298e+01,6.226605e-17,2.658947e-16,2.658947e-18
1.126565e+01,6.180254e-17,2.620526e-16,2.620526e-18
1.126833e+01,6.173412e-17,2.590608e-16,2.590608e-18
1.127100e+01,6.233493e-17,2.553431e-16,2.553431e-18
1.127367e+01,6.068187e-17,2.537639e-16,2.537639e-18
1.127635e+01,6.131881e-17,2.550560e-16,2.550560e-18
1.127902e+01,6.192211e-17,2.560838e-16,2.560838e-18
1.128169e+01,6.156858e-17,2.571347e-16,2.571347e-18
1.128437e+01,6.205200e-17,2.592328e-16,2.592328e-18
1.128704e+01,6.258306e-17,2.605659e-16,2.605659e-18
1.128971e+01,6.272176e-17,2.602593e-16,2.602593e-18
1.129239e+01,6.203386e-17,2.614015e-16,2.614015e-18
1.129506e+01,6.182447e-17,2.638379e-16,2.638379e-18
1.129773e+01,6.234356e-17,2.679633e-16,2.679633e-18
1.130041e+01,6.186867e-17,2.760977e-16,2.760977e-18
1.130308e+01,6.316375e-17,2.857652e-16,2.857652e-18
1.130575e+01,6.277794e-17,2.936654e-16,2.936654e-18
1.130843e+01,6.207457e-17,3.011990e-16,3.011990e-18
1.131110e+01,6.386751e-17,3.119623e-16,3.119623e-18
1.131377e+01,6.419679e-17,3.260531e-16,3.260531e-18
1.131645e+01,6.401662e-17,3.417184e-16,3.417184e-18
1.131912e+01,6.461703e-17,3.535442e-16,3.535442e-18
1.132179e+01,6.442653e-17,3.621600e-16,3.621600e-18
1.132447e+01,6.449440e-17,3.753171e-16,3.753171e-18
1.132714e+01,6.563108e-17,3.919581e-16,3.919581e-18
1.132981e+01,6.506127e-17,4.049618e-16,4.049618e-18
1.133249e+01,6.582619e-17,4.157774e-16,4.157774e-18
1.133516e+01,6.634243e-17,4.296687e-16,4.296687e-18
1.133784e+01,6.636373e-17,4.461328e-16,4.461328e-18
1.134051e+01,6.660948e-17,4.617549e-16,4.617549e-18
1.134318e+01,6.604608e-17,4.758443e-16,4.758443e-18
1.134586e+01,6.679267e-17,4.893031e-16,4.893031e-18
1.134853e+01,6.733547e-17,5.005830e-16,5.005830e-18
1.135120e+01,6.739647e-17,5.098114e-16,5.098114e-18
1.135388e+01,6.697596e-17,5.188677e-16,5.188677e-18
1.135655e+01,6.658372e-17,5.274702e-16,5.274702e-18
1.135922e+01,6.794835e-17,5.343035e-16,5.343035e-18
1.136190e+01,6.721405e-17,5.377027e-16,5.377027e-18
1.136457e+01,6.659163e-17,5.378814e-16,5.378814e-18
1.136724e+01,6.757527e-17,5.353229e-16,5.353229e-18
1.136992e+01,6.725874e-17,5.313914e-16,5.313914e-18
1.137259e+01,6.752458e-17,5.279596e-16,5.279596e-18
1.137526e+01,6.642217e-17,5.230888e-16,5.230888e-18
1.137794e+01,6.616674e-17,5.144489e-16,5.144489e-18
1.138061e+01,6.617400e-17,5.054241e-16,5.054241e-18
1.138328e+01,6.600476e-17,4.995499e-16,4.995499e-18
1.138596e+01,6.585560e-17,4.934694e-16,4.934694e-18
1.138863e+01,6.523354e-17,4.848303e-16,4.848303e-18
1.139130e+01,6.587785e-17,4.759638e-16,4.759638e-18
1.139398e+01,6.534506e-17,4.698874e-16,4.698874e-18
1.139665e+01,6.424471e-17,4.661976e-16,4.661976e-18
1.139932e+01,6.499697e-17,4.618650e-16,4.618650e-18
1.140200e+01,6.462471e-17,4.545866e-16,4.545866e-18
1.140467e+01,6.469213e-17,4.465132e-16,4.465132e-18
1.140734e+01,6.463643e-17,4.399257e-16,4.399257e-18
1.141002e+01,6.467059e-17,4.334289e-16,4.334289e-18
1.141269e+01,6.347502e-17,4.281261e-16,4.281261e-18
1.141536e+01,6.491411e-17,4.256452e-16,4.256452e-18
1.141804e+01,6.357857e-17,4.228507e-16,4.228507e-18
1.142071e+01,6.434962e-17,4.190407e-16,4.190407e-18
1.142338e+01,6.366026e-17,4.160022e-16,4.160022e-18
1.142606e+01,6.505874e-17,4.158963e-16,4.158963e-18
1.142873e+01,6.460580e-17,4.196042e-16,4.196042e-18
1.143140e+01,6.564535e-17,4.246484e-16,4.246484e-18
1.143408e+01,6.487012e-17,4.234507e-16,4.234507e-18
1.143675e+01,6.533533e-17,4.200131e-16,4.200131e-18
1.143942e+01,6.496894e-17,4.233708e-16,4.233708e-18
1.144210e+01,6.769045e-17,4.307466e-16,4.307466e-18
1.144477e+01,6.700674e-17,4.335509e-16,4.335509e-18
1.144744e+01,6.693275e-17,4.332235e-16,4.332235e-18
1.145012e+01,6.646149e-17,4.330209e-16,4.330209e-18
1.145279e+01,6.749609e-17,4.326378e-16,4.326378e-18
1.145546e+01,6.647617e-17,4.327388e-16,4.327388e-18
1.145814e+01,6.720624e-17,4.320829e-16,4.320829e-18
1.146081e+01,6.680651e-17,4.301957e-16,4.301957e-18
1.146348e+01,6.657797e-17,4.285682e-16,4.285682e-18
1.146616e+01,6.714805e-17,4.270805e-16,4.270805e-18
1.146883e+01,6.651850e-17,4.261099e-16,4.261099e-18
1.147150e+01,6.631809e-17,4.247312e-16,4.247312e-18
1.147418e+01,6.703691e-17,4.206246e-16,4.206246e-18
1.147685e+01,6.631968e-17,4.172071e-16,4.172071e-18
1.147952e+01,6.605274e-17,4.181497e-16,4.181497e-18
1.148220e+01,6.668544e-17,4.183667e-16,4.183667e-18
1.148487e+01,6.612206e-17,4.139573e-16,4.139573e-18
1.148754e+01,6.651895e-17,4.094016e-16,4.094016e-18
1.149022e+01,6.655288e-17,4.082769e-16,4.082769e-18
1.149289e+01,6.684111e-17,4.089453e-16,4.089453e-18
1.149556e+01,6.751362e-17,4.090002e-16,4.090002e-18
1.149824e+01,6.754779e-17,4.078639e-16,4.078639e-18
1.150091e+01,6.640308e-17,4.079217e-16,4.079217e-18
1.150359e+01,6.792727e-17,4.065362e-16,4.065362e-18
1.150626e+01,6.642779e-17,4.008391e-16,4.008391e-18
1.150893e+01,6.664169e-17,3.957560e-16,3.957560e-18
1.151161e+01,6.667436e-17,3.980232e-16,3.980232e-18
1.151428e+01,6.658981e-17,4.013602e-16,4.013602e-18
1.151695e+01,6.625510e-17,3.969465e-16,3.969465e-18
1.151963e+01,6.587088e-17,3.916072e-16,3.916072e-18
1.152230e+01,6.598375e-17,3.916226e-16,3.916226e-18
1.152497e+01,6.576325e-17,3.903309e-16,3.903309e-18
1.152765e+01,6.535338e-17,3.853364e-16,3.853364e-18
1.153032e+01,6.540713e-17,3.805311e-16,3.805311e-18
1.153299e+01,6.502645e-17,3.780618e-16,3.780618e-18
1.153567e+01,6.551697e-17,3.769957e-16,3.769957e-18
1.153834e+01,6.380613e-17,3.729657e-16,3.729657e-18
1.154101e+01,6.420819e-17,3.656324e-16,3.656324e-18
1.154369e+01,6.298268e-17,3.609128e-16,3.609128e-18
1.154636e+01,6.415457e-17,3.594106e-16,3.594106e-18
1.154903e+01,6.313316e-17,3.619766e-16,3.619766e-18
1.155171e+01,6.524701e-17,3.684622e-16,3.684622e-18
1.155438e+01,6.333771e-17,3.700657e-16,3.700657e-18
1.155705e+01,6.332014e-17,3.682867e-16,3.682867e-18
1.155973e+01,6.354122e-17,3.699830e-16,3.699830e-18
1.156240e+01,6.375229e-17,3.744198e-16,3.744198e-18
1.156507e+01,6.414732e-17,3.780469e-16,3.780469e-18
1.156775e+01,6.342136e-17,3.808700e-16,3.808700e-18
1.157042e+01,6.339726e-17,3.842572e-16,3.842572e-18
1.157309e+01,6.346731e-17,3.874958e-16,3.874958e-18
1.157577e+01,6.296129e-17,3.901340e-16,3.901340e-18
1.157844e+01,6.249707e-17,3.930751e-16,3.930751e-18
1.158111e+01,6.243267e-17,3.983822e-16,3.983822e-18
1.158379e+01,6.334887e-17,4.043059e-16,4.043059e-18
1.158646e+01,6.299976e-17,4.098672e-16,4.098672e-18
1.158913e+01,6.295510e-17,4.154662e-16,4.154662e-18
1.159181e+01,6.184621e-17,4.205267e-16,4.205267e-18
1.159448e+01,6.240637e-17,4.249705e-16,4.249705e-18
1.159715e+01,6.160227e-17,4.289408e-16,4.289408e-18
1.159983e+01,6.210379e-17,4.323564e-16,4.323564e-18
1.160250e+01,6.269812e-17,4.344233e-16,4.344233e-18
1.160517e+01,6.244741e-17,4.349918e-16,4.349918e-18
1.160785e+01,6.198532e-17,4.364749e-16,4.364749e-18
1.161052e+01,6.196890e-17,4.399155e-16,4.399155e-18
1.161319e+01,6.234846e-17,4.433052e-16,4.433052e-18
1.161587e+01,6.167059e-17,4.464493e-16,4.464493e-18
1.161854e+01,6.205437e-17,4.497594e-16,4.497594e-18
1.162121e+01,6.269256e-17,4.508649e-16,4.508649e-18
1.162389e+01,6.334065e-17,4.515824e-16,4.515824e-18
1.162656e+01,6.214937e-17,4.529931e-16,4.529931e-18
1.162923e+01,6.361726e-17,4.551069e-16,4.551069e-18
1.163191e+01,6.429668e-17,4.587867e-16,4.587867e-18
1.163458e+01,6.311569e-17,4.643172e-16,4.643172e-18
1.163725e+01,6.534412e-17,4.684939e-16,4.684939e-18
1.163993e+01,6.481131e-17,4.695355e-16,4.695355e-18
1.164260e+01,6.427106e-17,4.716192e-16,4.716192e-18
1.164527e+01,6.441008e-17,4.756411e-16,4.756411e-18
1.164795e+01,6.598757e-17,4.781684e-16,4.781684e-18
1.165062e+01,6.440005e-17,4.764616e-16,4.764616e-18
1.165329e+01,6.513335e-17,4.716588e-16,4.716588e-18
1.165597e+01,6.477045e-17,4.650480e-16,4.650480e-18
1.165864e+01,6.454929e-17,4.572787e-16,4.572787e-18
1.166131e+01,6.379738e-17,4.473596e-16,4.473596e-18
1.166399e+01,6.468119e-17,4.380621e-16,4.380621e-18
1.166666e+01,6.441315e-17,4.327939e-16,4.327939e-18
1.166934e+01,6.384231e-17,4.289636e-16,4.289636e-18
1.167201e+01,6.357881e-17,4.226873e-16,4.226873e-18
1.167468e+01,6.323003e-17,4.134530e-16,4.134530e-18
1.167736e+01,6.274397e-17,4.051083e-16,4.051083e-18
1.168003e+01,6.323307e-17,3.989141e-16,3.989141e-18
1.168270e+01,6.239198e-17,3.928141e-16,3.928141e-18
1.168538e+01,6.216358e-17,3.863329e-16,3.863329e-18
1.168805e+01,6.257473e-17,3.799820e-16,3.799820e-18
1.169072e+01,6.085156e-17,3.745279e-16,3.745279e-18
1.169340e+01,5.999996e-17,3.705097e-16,3.705097e-18
1.169607e+01,5.955372e-17,3.663912e-16,3.663912e-18
1.169874e+01,6.082680e-17,3.622279e-16,3.622279e-18
1.170142e+01,5.988009e-17,3.594136e-16,3.594136e-18
1.170409e+01,5.970132e-17,3.582808e-16,3.582808e-18
1.170676e+01,6.025025e-17,3.557795e-16,3.557795e-18
1.170944e+01,6.161458e-17,3.510791e-16,3.510791e-18
1.171211e+01,5.943142e-17,3.467041e-16,3.467041e-18
1.171478e+01,5.980020e-17,3.441975e-16,3.441975e-18
1.171746e+01,5.983624e-17,3.425711e-16,3.425711e-18
1.172013e+01,6.031228e-17,3.410178e-16,3.410178e-18
1.172280e+01,5.936570e-17,3.403581e-16,3.403581e-18
1.172548e+01,5.982351e-17,3.364974e-16,3.364974e-18
1.172815e+01,5.939988e-17,3.281609e-16,3.281609e-18
1.173082e+01,5.970782e-17,3.238585e-16,3.238585e-18
1.173350e+01,5.924724e-17,3.230661e-16,3.230661e-18
1.173617e+01,6.047970e-17,3.183340e-16,3.183340e-18
1.173884e+01,5.864170e-17,3.102169e-16,3.102169e-18
1.174152e+01,5.966136e-17,3.048903e-16,3.048903e-18
1.174419e+01,5.958939e-17,3.005987e-16,3.005987e-18
1.174686e+01,5.951696e-17,2.959484e-16,2.959484e-18
1.174954e+01,5.903150e-17,2.927862e-16,2.927862e-18
1.175221e+01,5.983919e-17,2.920963e-16,2.920963e-18
1.175488e+01,5.892461e-17,2.911554e-16,2.911554e-18
1.175756e+01,5.884272e-17,2.876028e-16,2.876028e-18
1.176023e+01,5.880336e-17,2.891196e-16,2.891196e-18
1.176290e+01,5.891516e-17,2.980771e-16,2.980771e-18
1.176558e+01,5.924005e-17,2.997156e-16,2.997156e-18
1.176825e+01,5.860962e-17,2.920277e-16,2.920277e-18
1.177092e+01,5.812888e-17,2.897443e-16,2.897443e-18
1.177360e+01,5.875353e-17,2.965286e-16,2.965286e-18
1.177627e+01,5.856692e-17,3.032939e-16,3.032939e-18
1.177894e+01,5.838488e-17,3.073159e-16,3.073159e-18
1.178162e+01,5.729606e-17,3.111116e-16,3.111116e-18
1.178429e+01,5.900438e-17,3.162030e-16,3.162030e-18
1.178696e+01,5.905655e-17,3.192387e-16,3.192387e-18
1.178964e+01,5.858608e-17,3.223811e-16,3.223811e-18
1.179231e+01,5.876864e-17,3.269702e-16,3.269702e-18
1.179498e+01,5.863096e-17,3.284806e-16,3.284806e-18
1.179766e+01,5.888250e-17,3.265118e-16,3.265118e-18
1.180033e+01,5.934887e-17,3.248309e-16,3.248309e-18
1.180300e+01,5.899972e-17,3.223296e-16,3.223296e-18
1.180568e+01,5.816418e-17,3.160967e-16,3.160967e-18
1.180835e+01,5.828420e-17,3.097528e-16,3.097528e-18
1.181102e+01,5.901468e-17,3.022313e-16,3.022313e-18
1.181370e+01,5.806935e-17,2.917832e-16,2.917832e-18
1.181637e+01,5.786987e-17,2.823609e-16,2.823609e-18
1.181904e+01,5.813568e-17,2.776820e-16,2.776820e-18
1.182172e+01,5.778782e-17,2.753986e-16,2.753986e-18
1.182439e+01,5.855874e-17,2.742929e-16,2.742929e-18
1.182706e+01,5.833384e-17,2.743380e-16,2.743380e-18
1.182974e+01,5.785570e-17,2.721318e-16,2.721318e-18
1.183241e+01,5.705146e-17,2.672626e-16,2.672626e-18
1.183509e+01,5.706794e-17,2.620177e-16,2.620177e-18
1.183776e+01,5.735796e-17,2.575669e-16,2.575669e-18
1.184043e+01,5.755579e-17,2.560997e-16,2.560997e-18
1.184311e+01,5.786939e-17,2.581387e-16,2.581387e-18
1.184578e+01,5.718185e-17,2.592048e-16,2.592048e-18
1.184845e+01,5.827871e-17,2.590167e-16,2.590167e-18
1.185113e+01,5.792398e-17,2.622860e-16,2.622860e-18
1.185380e+01,5.701916e-17,2.664925e-16,2.664925e-18
1.185647e+01,5.744950e-17,2.646516e-16,2.646516e-18
1.185915e+01,5.682012e-17,2.623618e-16,2.623618e-18
1.186182e+01,5.718627e-17,2.659554e-16,2.659554e-18
1.186449e+01,5.695661e-17,2.711425e-16,2.711425e-18
1.186717e+01,5.706656e-17,2.741131e-16,2.741131e-18
1.186984e+01,5.651803e-17,2.756344e-16,2.756344e-18
1.187251e+01,5.742124e-17,2.783192e-16,2.783192e-18
1.187519e+01,5.734490e-17,2.820411e-16,2.820411e-18
1.187786e+01,5.704882e-17,2.857015e-16,2.857015e-18
1.188053e+01,5.778971e-17,2.850691e-16,2.850691e-18
1.188321e+01,5.589670e-17,2.836930e-16,2.836930e-18
1.188588e+01,5.756547e-17,2.884602e-16,2.884602e-18
1.188855e+01,5.717620e-17,2.961707e-16,2.961707e-18
1.189123e+01,5.766245e-17,3.018112e-16,3.018112e-18
1.189390e+01,5.690525e-17,3.020740e-16,3.020740e-18
1.189657e+01,5.737863e-17,2.997610e-16,2.997610e-18
1.189925e+01,5.717693e-17,3.018771e-16,3.018771e-18
1.190192e+01,5.798067e-17,3.099033e-16,3.099033e-18
1.190459e+01,5.764395e-17,3.170345e-16,3.170345e-18
1.190727e+01,5.722583e-17,3.186691e-16,3.186691e-18
1.190994e+01,5.798846e-17,3.179129e-16,3.179129e-18
1.191261e+01,5.810435e-17,3.228792e-16,3.228792e-18
1.191529e+01,5.748042e-17,3.316190e-16,3.316190e-18
1.191796e+01,5.827800e-17,3.349470e-16,3.349470e-18
1.192063e+01,5.767403e-17,3.337835e-16,3.337835e-18
1.192331e+01,5.767209e-17,3.351945e-16,3.351945e-18
1.192598e+01,5.799838e-17,3.353562e-16,3.353562e-18
1.192865e+01,5.782216e-17,3.314319e-16,3.314319e-18
1.193133e+01,5.769189e-17,3.297544e-16,3.297544e-18
1.193400e+01,5.830976e-17,3.325184e-16,3.325184e-18
1.193667e+01,5.732919e-17,3.320392e-16,3.320392e-18
1.193935e+01,5.747880e-17,3.234598e-16,3.234598e-18
1.194202e+01,5.745720e-17,3.149270e-16,3.149270e-18
1.194469e+01,5.792255e-17,3.116753e-16,3.116753e-18
1.194737e+01,5.699956e-17,3.066471e-16,3.066471e-18
1.195004e+01,5.686722e-17,2.998522e-16,2.998522e-18
1.195271e+01,5.600581e-17,2.975468e-16,2.975468e-18
1.195539e+01,5.698121e-17,3.000203e-16,3.000203e-18
1.195806e+01,5.661643e-17,3.026647e-16,3.026647e-18
1.196073e+01,5.717391e-17,3.031002e-16,3.031002e-18
1.196341e+01,5.639147e-17,3.016662e-16,3.016662e-18
1.196608e+01,5.722063e-17,2.996948e-16,2.996948e-18
1.196875e+01,5.668036e-17,3.006181e-16,3.006181e-18
1.197143e+01,5.744664e-17,3.061105e-16,3.061105e-18
1.197410e+01,5.752043e-17,3.115141e-16,3.115141e-18
1.197677e+01,5.770483e-17,3.153851e-16,3.153851e-18
1.197945e+01,5.813518e-17,3.250647e-16,3.250647e-18
1.198212e+01,5.926092e-17,3.379128e-16,3.379128e-18
1.198479e+01,5.890594e-17,3.477984e-16,3.477984e-18
1.198747e+01,5.938590e-17,3.593089e-16,3.593089e-18
1.199014e+01,5.867319e-17,3.742504e-16,3.742504e-18
1.199281e+01,6.033214e-17,3.869501e-16,3.869501e-18
1.199549e+01,6.058384e-17,3.961901e-16,3.961901e-18
1.199816e+01,6.048876e-17,4.056259e-16,4.056259e-18
1.200084e+01,6.115282e-17,4.168471e-16,4.168471e-18
1.200351e+01,6.174125e-17,4.287058e-16,4.287058e-18
1.200618e+01,6.146803e-17,4.357032e-16,4.357032e-18
1.200886e+01,6.169301e-17,4.379356e-16,4.379356e-18
1.201153e+01,6.220392e-17,4.392370e-16,4.392370e-18
1.201420e+01,6.161445e-17,4.406844e-16,4.406844e-18
1.201688e+01,6.177483e-17,4.406633e-16,4.406633e-18
1.201955e+01,6.193612e-17,4.375845e-16,4.375845e-18
1.202222e+01,6.117798e-17,4.302627e-16,4.302627e-18
1.202490e+01,6.077202e-17,4.197259e-16,4.197259e-18
1.202757e+01,6.094562e-17,4.083767e-16,4.083767e-18
1.203024e+01,6.128471e-17,4.014045e-16,4.014045e-18
1.203292e+01,5.983106e-17,3.973621e-16,3.973621e-18
1.203559e+01,5.977110e-17,3.914157e-16,3.914157e-18
1.203826e+01,5.925006e-17,3.842519e-16,3.842519e-18
1.204094e+01,5.919490e-17,3.775308e-16,3.775308e-18
1.204361e+01,5.828637e-17,3.690160e-16,3.690160e-18
1.204628e+01,5.845348e-17,3.613496e-16,3.613496e-18
1.204896e+01,5.824136e-17,3.558672e-16,3.558672e-18
1.205163e+01,5.939606e-17,3.492636e-16,3.492636e-18
1.205430e+01,5.760463e-17,3.411183e-16,3.411183e-18
1.205698e+01,5.700530e-17,3.355117e-16,3.355117e-18
1.205965e+01,5.751326e-17,3.322821e-16,3.322821e-18
1.206232e+01,5.737040e-17,3.275657e-16,3.275657e-18
1.206500e+01,5.655486e-17,3.195018e-16,3.195018e-18
1.206767e+01,5.683373e-17,3.115514e-16,3.115514e-18
1.207034e+01,5.690879e-17,3.073585e-16,3.073585e-18
1.207302e+01,5.720545e-17,3.046855e-16,3.046855e-18
1.207569e+01,5.685793e-17,3.007402e-16,3.007402e-18
1.207836e+01,5.644958e-17,2.952672e-16,2.952672e-18
1.208104e+01,5.629342e-17,2.897004e-16,2.897004e-18
1.208371e+01,5.737334e-17,2.853567e-16,2.853567e-18
1.208638e+01,5.628527e-17,2.813703e-16,2.813703e-18
1.208906e+01,5.597653e-17,2.787451e-16,2.787451e-18
1.209173e+01,5.637809e-17,2.780327e-16,2.780327e-18
1.209440e+01,5.643471e-17,2.763856e-16,2.763856e-18
1.209708e+01,5.647524e-17,2.736525e-16,2.736525e-18
1.209975e+01,5.762151e-17,2.744865e-16,2.744865e-18
1.210242e+01,5.625363e-17,2.778731e-16,2.778731e-18
1.210510e+01,5.661111e-17,2.801728e-16,2.801728e-18
1.210777e+01,5.698257e-17,2.804070e-16,2.804070e-18
1.211044e+01,5.652581e-17,2.790230e-16,2.790230e-18
1.211312e+01,5.667797e-17,2.795637e-16,2.795637e-18
1.211579e+01,5.701944e-17,2.814228e-16,2.814228e-18
1.211846e+01,5.699557e-17,2.806430e-16,2.806430e-18
1.212114e+01,5.687422e-17,2.784916e-16,2.784916e-18
1.212381e+01,5.649717e-17,2.795319e-16,2.795319e-18
1.212648e+01,5.701806e-17,2.829390e-16,2.829390e-18
1.212916e+01,5.667382e-17,2.850459e-16,2.850459e-18
1.213183e+01,5.691460e-17,2.850292e-16,2.850292e-18
1.213450e+01,5.650570e-17,2.861575e-16,2.861575e-18
1.213718e+01,5.721976e-17,2.886110e-16,2.886110e-18
1.213985e+01,5.634514e-17,2.892490e-16,2.892490e-18
1.214252e+01,5.708098e-17,2.862931e-16,2.862931e-18
1.214520e+01,5.583488e-17,2.837566e-16,2.837566e-18
1.214787e+01,5.699307e-17,2.856932e-16,2.856932e-18
1.215054e+01,5.615363e-17,2.854534e-16,2.854534e-18
1.215322e+01,5.598583e-17,2.796876e-16,2.796876e-18
1.215589e+01,5.621517e-17,2.741503e-16,2.741503e-18
1.215856e+01,5.545243e-17,2.726116e-16,2.726116e-18
1.216124e+01,5.711235e-17,2.733508e-16,2.733508e-18
1.216391e+01,5.578077e-17,2.713246e-16,2.713246e-18
1.216659e+01,5.601469e-17,2.676470e-16,2.676470e-18
1.216926e+01,5.626648e-17,2.645904e-16,2.645904e-18
1.217193e+01,5.576248e-17,2.604309e-16,2.604309e-18
1.217461e+01,5.571912e-17,2.542503e-16,2.542503e-18
1.217728e+01,5.543394e-17,2.509818e-16,2.509818e-18
1.217995e+01,5.542618e-17,2.520435e-16,2.520435e-18
1.218263e+01,5.559010e-17,2.528454e-16,2.528454e-18
1.218530e+01,5.479898e-17,2.503678e-16,2.503678e-18
1.218797e+01,5.479122e-17,2.468778e-16,2.468778e-18
1.219065e+01,5.586863e-17,2.465391e-16,2.465391e-18
1.219332e+01,5.536947e-17,2.485896e-16,2.485896e-18
1.219599e+01,5.576588e-17,2.506047e-16,2.506047e-18
1.219867e+01,5.502059e-17,2.524575e-16,2.524575e-18
1.220134e+01,5.426384e-17,2.554295e-16,2.554295e-18
1.220401e+01,5.563599e-17,2.558245e-16,2.558245e-18
1.220669e+01,5.520354e-17,2.556080e-16,2.556080e-18
1.220936e+01,5.516564e-17,2.573596e-16,2.573596e-18
1.221203e+01,5.562581e-17,2.591070e-16,2.591070e-18
1.221471e+01,5.536750e-17,2.596413e-16,2.596413e-18
1.221738e+01,5.465633e-17,2.599642e-16,2.599642e-18
1.222005e+01,5.530426e-17,2.601890e-16,2.601890e-18
1.222273e+01,5.557614e-17,2.593591e-16,2.593591e-18
1.222540e+01,5.510281e-17,2.600375e-16,2.600375e-18
1.222807e+01,5.530683e-17,2.648405e-16,2.648405e-18
1.223075e+01,5.494084e-17,2.699772e-16,2.699772e-18
1.223342e+01,5.556361e-17,2.712360e-16,2.712360e-18
1.223609e+01,5.591582e-17,2.700401e-16,2.700401e-18
1.223877e+01,5.445321e-17,2.710238e-16,2.710238e-18
1.224144e+01,5.506569e-17,2.740214e-16,2.740214e-18
1.224411e+01,5.502098e-17,2.750175e-16,2.750175e-18
1.224679e+01,5.467563e-17,2.766667e-16,2.766667e-18
1.224946e+01,5.459148e-17,2.817431e-16,2.817431e-18
1.225213e+01,5.505146e-17,2.848847e-16,2.848847e-18
1.225481e+01,5.503971e-17,2.841498e-16,2.841498e-18
1.225748e+01,5.480158e-17,2.843749e-16,2.843749e-18
1.226015e+01,5.545926e-17,2.896494e-16,2.896494e-18
1.226283e+01,5.512455e-17,2.971823e-16,2.971823e-18
1.226550e+01,5.580504e-17,3.007192e-16,3.007192e-18
1.226817e+01,5.558853e-17,3.017279e-16,3.017279e-18
1.227085e+01,5.558815e-17,3.060064e-16,3.060064e-18
1.227352e+01,5.594668e-17,3.138730e-16,3.138730e-18
1.227619e+01,5.641488e-17,3.201644e-16,3.201644e-18
1.227887e+01,5.577779e-17,3.238854e-16,3.238854e-18
1.228154e+01,5.612289e-17,3.276140e-16,3.276140e-18
1.228421e+01,5.696157e-17,3.302813e-16,3.302813e-18
1.228689e+01,5.695301e-17,3.302407e-16,3.302407e-18
1.228956e+01,5.672717e-17,3.296074e-16,3.296074e-18
1.229223e+01,5.638615e-17,3.300533e-16,3.300533e-18
1.229491e+01,5.692067e-17,3.313421e-16,3.313421e-18
1.229758e+01,5.768549e-17,3.332298e-16,3.332298e-18
1.230025e+01,5.724196e-17,3.340240e-16,3.340240e-18
1.230293e+01,5.633587e-17,3.327782e-16,3.327782e-18
1.230560e+01,5.603520e-17,3.320608e-16,3.320608e-18
1.230827e+01,5.683900e-17,3.338631e-16,3.338631e-18
1.231095e+01,5.648963e-17,3.365878e-16,3.365878e-18
1.231362e+01,5.660556e-17,3.392050e-16,3.392050e-18
1.231629e+01,5.649781e-17,3.410769e-16,3.410769e-18
1.231897e+01,5.694251e-17,3.445481e-16,3.445481e-18
1.232164e+01,5.639641e-17,3.484698e-16,3.484698e-18
1.232431e+01,5.713921e-17,3.517031e-16,3.517031e-18
1.232699e+01,5.713923e-17,3.545656e-16,3.545656e-18
1.232966e+01,5.707850e-17,3.559462e-16,3.559462e-18
1.233234e+01,5.755739e-17,3.560214e-16,3.560214e-18
1.233501e+01,5.726125e-17,3.574183e-16,3.574183e-18
1.233768e+01,5.763116e-17,3.592248e-16,3.592248e-18
1.234036e+01,5.724740e-17,3.594150e-16,3.594150e-18
1.234303e+01,5.746215e-17,3.579337e-16,3.579337e-18
1.234570e+01,5.585257e-17,3.555144e-16,3.555144e-18
1.234838e+01,5.746788e-17,3.517083e-16,3.517083e-18
1.235105e+01,5.677840e-17,3.500298e-16,3.500298e-18
1.235372e+01,5.616078e-17,3.531982e-16,3.531982e-18
1.235640e+01,5.753090e-17,3.547906e-16,3.547906e-18
1.235907e+01,5.645953e-17,3.496672e-16,3.496672e-18
1.236174e+01,5.600260e-17,3.438804e-16,3.438804e-18
1.236442e+01,5.542751e-17,3.412293e-16,3.412293e-18
1.236709e+01,5.616434e-17,3.389379e-16,3.389379e-18
1.236976e+01,5.505164e-17,3.337419e-16,3.337419e-18
1.237244e+01,5.458143e-17,3.265101e-16,3.265101e-18
1.237511e+01,5.477602e-17,3.207273e-16,3.207273e-18
1.237778e+01,5.440456e-17,3.182626e-16,3.182626e-18
1.238046e+01,5.499949e-17,3.157240e-16,3.157240e-18
1.238313e+01,5.392851e-17,3.114361e-16,3.114361e-18
1.238580e+01,5.430753e-17,3.093798e-16,3.093798e-18
1.238848e+01,5.424945e-17,3.075196e-16,3.075196e-18
1.239115e+01,5.423514e-17,3.030634e-16,3.030634e-18
1.239382e+01,5.346480e-17,2.992994e-16,2.992994e-18
1.239650e+01,5.442690e-17,2.969195e-16,2.969195e-18
1.239917e+01,5.389735e-17,2.932478e-16,2.932478e-18
1.240184e+01,5.402524e-17,2.912137e-16,2.912137e-18
1.240452e+01,5.366861e-17,2.923509e-16,2.923509e-18
1.240719e+01,5.355426e-17,2.936410e-16,2.936410e-18
1.240986e+01,5.270410e-17,2.935011e-16,2.935011e-18
1.241254e+01,5.385123e-17,2.953495e-16,2.953495e-18
1.241521e+01,5.410357e-17,2.976088e-16,2.976088e-18
1.241788e+01,5.348330e-17,2.974814e-16,2.974814e-18
1.242056e+01,5.273911e-17,2.979291e-16,2.979291e-18
1.242323e+01,5.324973e-17,3.003656e-16,3.003656e-18
1.242590e+01,5.378180e-17,3.008297e-16,3.008297e-18
1.242858e+01,5.338123e-17,3.003648e-16,3.003648e-18
1.243125e+01,5.355412e-17,2.989843e-16,2.989843e-18
1.243392e+01,5.315936e-17,2.967365e-16,2.967365e-18
1.243660e+01,5.315470e-17,2.946581e-16,2.946581e-18
1.243927e+01,5.276235e-17,2.923057e-16,2.923057e-18
1.244194e+01,5.337289e-17,2.891360e-16,2.891360e-18
1.244462e+01,5.272374e-17,2.844988e-16,2.844988e-18
1.244729e+01,5.156727e-17,2.805962e-16,2.805962e-18
1.244996e+01,5.334517e-17,2.812589e-16,2.812589e-18
1.245264e+01,5.195709e-17,2.804145e-16,2.804145e-18
1.245531e+01,5.255387e-17,2.751482e-16,2.751482e-18
1.245798e+01,5.202578e-17,2.725201e-16,2.725201e-18
1.246066e+01,5.139814e-17,2.734835e-16,2.734835e-18
1.246333e+01,5.103549e-17,2.722380e-16,2.722380e-18
1.246600e+01,5.159400e-17,2.692453e-16,2.692453e-18
1.246868e+01,5.044108e-17,2.675311e-16,2.675311e-18
1.247135e+01,5.150063e-17,2.680130e-16,2.680130e-18
1.247402e+01,5.157165e-17,2.688805e-16,2.688805e-18
1.247670e+01,5.143753e-17,2.702549e-16,2.702549e-18
1.247937e+01,5.094165e-17,2.743626e-16,2.743626e-18
1.248204e+01,5.203460e-17,2.799068e-16,2.799068e-18
1.248472e+01,5.177457e-17,2.833863e-16,2.833863e-18
1.248739e+01,5.127210e-17,2.836178e-16,2.836178e-18
1.249006e+01,5.135876e-17,2.825083e-16,2.825083e-18
1.249274e+01,5.106067e-17,2.820447e-16,2.820447e-18
1.249541e+01,5.222254e-17,2.823326e-16,2.823326e-18
1.249809e+01,5.247151e-17,2.827048e-16,2.827048e-18
1.250076e+01,5.213372e-17,2.825505e-16,2.825505e-18
1.250343e+01,5.205602e-17,2.826481e-16,2.826481e-18
1.250611e+01,5.200209e-17,2.852540e-16,2.852540e-18
1.250878e+01,5.215153e-17,2.906944e-16,2.906944e-18
1.251145e+01,5.266697e-17,2.950670e-16,2.950670e-18
1.251413e+01,5.275403e-17,2.965837e-16,2.965837e-18
1.251680e+01,5.265796e-17,2.992338e-16,2.992338e-18
1.251947e+01,5.264945e-17,3.051748e-16,3.051748e-18
1.252215e+01,5.297053e-17,3.126288e-16,3.126288e-18
1.252482e+01,5.331973e-17,3.181597e-16,3.181597e-18
1.252749e+01,5.371258e-17,3.220378e-16,3.220378e-18
1.253017e+01,5.327749e-17,3.264241e-16,3.264241e-18
1.253284e+01,5.295675e-17,3.317774e-16,3.317774e-18
1.253551e+01,5.459244e-17,3.360349e-16,3.360349e-18
1.253819e+01,5.411686e-17,3.393329e-16,3.393329e-18
1.254086e+01,5.324749e-17,3.408860e-16,3.408860e-18
1.254353e+01,5.471675e-17,3.415777e-16,3.415777e-18
1.254621e+01,5.451174e-17,3.426360e-16,3.426360e-18
1.254888e+01,5.506811e-17,3.432708e-16,3.432708e-18
1.255155e+01,5.409388e-17,3.432279e-16,3.432279e-18
1.255423e+01,5.470412e-17,3.437396e-16,3.437396e-18
1.255690e+01,5.426892e-17,3.431987e-16,3.431987e-18
1.255957e+01,5.411281e-17,3.409031e-16,3.409031e-18
1.256225e+01,5.486267e-17,3.373396e-16,3.373396e-18
1.256492e+01,5.471660e-17,3.323168e-16,3.323168e-18
1.256759e+01,5.447395e-17,3.269995e-16,3.269995e-18
1.257027e+01,5.463379e-17,3.226199e-16,3.226199e-18
1.257294e+01,5.466411e-17,3.185395e-16,3.185395e-18
1.257561e+01,5.354934e-17,3.135653e-16,3.135653e-18
1.257829e+01,5.363196e-17,3.079979e-16,3.079979e-18
1.258096e+01,5.332943e-17,3.039682e-16,3.039682e-18
1.258363e+01,5.309454e-17,3.012055e-16,3.012055e-18
1.258631e+01,5.332767e-17,2.961266e-16,2.961266e-18
1.258898e+01,5.300015e-17,2.896716e-16,2.896716e-18
1.259165e+01,5.318457e-17,2.840217e-16,2.840217e-18
1.259433e+01,5.232942e-17,2.783844e-16,2.783844e-18
1.259700e+01,5.232585e-17,2.739178e-16,2.739178e-18
1.259967e+01,5.187302e-17,2.697967e-16,2.697967e-18
1.260235e+01,5.182230e-17,2.670042e-16,2.670042e-18
1.260502e+01,5.245933e-17,2.680381e-16,2.680381e-18
1.260769e+01,5.202725e-17,2.677741e-16,2.677741e-18
1.261037e+01,5.212831e-17,2.637449e-16,2.637449e-18
1.261304e+01,5.259997e-17,2.616448e-16,2.616448e-18
1.261571e+01,5.156727e-17,2.650680e-16,2.650680e-18
1.261839e+01,5.238050e-17,2.694521e-16,2.694521e-18
1.262106e+01,5.246473e-17,2.719771e-16,2.719771e-18
1.262373e+01,5.308168e-17,2.718150e-16,2.718150e-18
1.262641e+01,5.163156e-17,2.687595e-16,2.687595e-18
1.262908e+01,5.167679e-17,2.661171e-16,2.661171e-18
1.263175e+01,5.139738e-17,2.658951e-16,2.658951e-18
1.263443e+01,5.217805e-17,2.665702e-16,2.665702e-18
1.263710e+01,5.221817e-17,2.679772e-16,2.679772e-18
1.263977e+01,5.205872e-17,2.697426e-16,2.697426e-18
1.264245e+01,5.207680e-17,2.704598e-16,2.704598e-18
1.264512e+01,5.220440e-17,2.685012e-16,2.685012e-18
1.264779e+01,5.246517e-17,2.658711e-16,2.658711e-18
1.265047e+01,5.128616e-17,2.653898e-16,2.653898e-18
1.265314e+01,5.194075e-17,2.651747e-16,2.651747e-18
1.265581e+01,5.130239e-17,2.630864e-16,2.630864e-18
1.265849e+01,5.149221e-17,2.643515e-16,2.643515e-18
1.266116e+01,5.131262e-17,2.693947e-16,2.693947e-18
1.266384e+01,5.203715e-17,2.717509e-16,2.717509e-18
1.266651e+01,5.117546e-17,2.686732e-16,2.686732e-18
1.266918e+01,5.063771e-17,2.657725e-16,2.657725e-18
1.267186e+01,5.148520e-17,2.661378e-16,2.661378e-18
1.267453e+01,5.034641e-17,2.646495e-16,2.646495e-18
1.267720e+01,5.049695e-17,2.617800e-16,2.617800e-18
1.267988e+01,5.082706e-17,2.636289e-16,2.636289e-18
1.268255e+01,5.122101e-17,2.678177e-16,2.678177e-18
1.268522e+01,5.060178e-17,2.687230e-16,2.687230e-18
1.268790e+01,5.079824e-17,2.673810e-16,2.673810e-18
1.269057e+01,5.131762e-17,2.657531e-16,2.657531e-18
1.269324e+01,5.098367e-17,2.663435e-16,2.663435e-18
1.269592e+01,5.122000e-17,2.702655e-16,2.702655e-18
1.269859e+01,5.148323e-17,2.734381e-16,2.734381e-18
1.270126e+01,5.073752e-17,2.742482e-16,2.742482e-18
1.270394e+01,5.139041e-17,2.754141e-16,2.754141e-18
1.270661e+01,5.145850e-17,2.736274e-16,2.736274e-18
1.270928e+01,5.106259e-17,2.709629e-16,2.709629e-18
1.271196e+01,5.007684e-17,2.737048e-16,2.737048e-18
1.271463e+01,5.171555e-17,2.785162e-16,2.785162e-18
1.271730e+01,5.183503e-17,2.791390e-16,2.791390e-18
1.271998e+01,5.193420e-17,2.806632e-16,2.806632e-18
1.272265e+01,5.177751e-17,2.847055e-16,2.847055e-18
1.272532e+01,5.226866e-17,2.859710e-16,2.859710e-18
1.272800e+01,5.192883e-17,2.838371e-16,2.838371e-18
1.273067e+01,5.188716e-17,2.846007e-16,2.846007e-18
1.273334e+01,5.296231e-17,2.887774e-16,2.887774e-18
1.273602e+01,5.291283e-17,2.907946e-16,2.907946e-18
1.273869e+01,5.230126e-17,2.894171e-16,2.894171e-18
1.274136e+01,5.185902e-17,2.901197e-16,2.901197e-18
1.274404e+01,5.289550e-17,2.936832e-16,2.936832e-18
1.274671e+01,5.185952e-17,2.949884e-16,2.949884e-18
1.274938e+01,5.293113e-17,2.958307e-16,2.958307e-18
1.275206e+01,5.291540e-17,2.954784e-16,2.954784e-18
1.275473e+01,5.241882e-17,2.929199e-16,2.929199e-18
1.275740e+01,5.258060e-17,2.906288e-16,2.906288e-18
1.276008e+01,5.278176e-17,2.900680e-16,2.900680e-18
1.276275e+01,5.321948e-17,2.895313e-16,2.895313e-18
1.276542e+01,5.344410e-17,2.878666e-16,2.878666e-18
1.276810e+01,5.243496e-17,2.845504e-16,2.845504e-18
1.277077e+01,5.306472e-17,2.821645e-16,2.821645e-18
1.277344e+01,5.286715e-17,2.820692e-16,2.820692e-18
1.277612e+01,5.319881e-17,2.811252e-16,2.811252e-18
1.277879e+01,5.254030e-17,2.760260e-16,2.760260e-18
1.278146e+01,5.202573e-17,2.692435e-16,2.692435e-18
1.278414e+01,5.176169e-17,2.670065e-16,2.670065e-18
1.278681e+01,5.243904e-17,2.678097e-16,2.678097e-18
1.278948e+01,5.219891e-17,2.643717e-16,2.643717e-18
1.279216e+01,5.187604e-17,2.608582e-16,2.608582e-18
1.279483e+01,5.175419e-17,2.605983e-16,2.605983e-18
1.279750e+01,5.060349e-17,2.591780e-16,2.591780e-18
1.280018e+01,5.144611e-17,2.559969e-16,2.559969e-18
1.280285e+01,5.097195e-17,2.561924e-16,2.561924e-18
1.280552e+01,5.139899e-17,2.579674e-16,2.579674e-18
1.280820e+01,5.028117e-17,2.551151e-16,2.551151e-18
1.281087e+01,5.126168e-17,2.518516e-16,2.518516e-18
1.281354e+01,5.043056e-17,2.518665e-16,2.518665e-18
1.281622e+01,5.014647e-17,2.531944e-16,2.531944e-18
1.281889e+01,5.124725e-17,2.539805e-16,2.539805e-18
1.282156e+01,5.067505e-17,2.539935e-16,2.539935e-18
1.282424e+01,5.145118e-17,2.548227e-16,2.548227e-18
1.282691e+01,5.107101e-17,2.571864e-16,2.571864e-18
1.282959e+01,5.101079e-17,2.600429e-16,2.600429e-18
1.283226e+01,5.106948e-17,2.602237e-16,2.602237e-18
1.283493e+01,5.088677e-17,2.586038e-16,2.586038e-18
1.283761e+01,5.135785e-17,2.576477e-16,2.576477e-18
1.284028e+01,5.081485e-17,2.572667e-16,2.572667e-18
1.284295e+01,5.116010e-17,2.558172e-16,2.558172e-18
1.284563e+01,5.116945e-17,2.504850e-16,2.504850e-18
1.284830e+01,5.086744e-17,2.436296e-16,2.436296e-18
1.285097e+01,4.991235e-17,2.401756e-16,2.401756e-18
1.285365e+01,5.002521e-17,2.394483e-16,2.394483e-18
1.285632e+01,4.962143e-17,2.368421e-16,2.368421e-18
1.285899e+01,4.895170e-17,2.352697e-16,2.352697e-18
1.286167e+01,4.907102e-17,2.325152e-16,2.325152e-18
1.286434e+01,4.879591e-17,2.249573e-16,2.249573e-18
1.286701e+01,4.860626e-17,2.181582e-16,2.181582e-18
1.286969e+01,4.856849e-17,2.159479e-16,2.159479e-18
1.287236e+01,4.858974e-17,2.122660e-16,2.122660e-18
1.287503e+01,4.759120e-17,2.051363e-16,2.051363e-18
1.287771e+01,4.819901e-17,2.006747e-16,2.006747e-18
1.288038e+01,4.788702e-17,1.992317e-16,1.992317e-18
1.288305e+01,4.791610e-17,1.976844e-16,1.976844e-18
1.288573e+01,4.809442e-17,1.969517e-16,1.969517e-18
1.288840e+01,4.807305e-17,1.958813e-16,1.958813e-18
1.289107e+01,4.773951e-17,1.932077e-16,1.932077e-18
1.289375e+01,4.756167e-17,1.906027e-16,1.906027e-18
1.289642e+01,4.752410e-17,1.901195e-16,1.901195e-18
1.289909e+01,4.726405e-17,1.936691e-16,1.936691e-18
1.290177e+01,4.727098e-17,1.996047e-16,1.996047e-18
1.290444e+01,4.825314e-17,2.054724e-16,2.054724e-18
1.290711e+01,4.770393e-17,2.105655e-16,2.105655e-18
1.290979e+01,4.868652e-17,2.152866e-16,2.152866e-18
1.291246e+01,4.824830e-17,2.207214e-16,2.207214e-18
1.291513e+01,4.851006e-17,2.251491e-16,2.251491e-18
1.291781e+01,4.762309e-17,2.261355e-16,2.261355e-18
1.292048e+01,4.851139e-17,2.259466e-16,2.259466e-18
1.292315e+01,4.774103e-17,2.258345e-16,2.258345e-18
1.292583e+01,4.891539e-17,2.245367e-16,2.245367e-18
1.292850e+01,4.854092e-17,2.213984e-16,2.213984e-18
1.293117e+01,4.874771e-17,2.175588e-16,2.175588e-18
1.293385e+01,4.818582e-17,2.140254e-16,2.140254e-18
1.293652e+01,4.837148e-17,2.082364e-16,2.082364e-18
1.293919e+01,4.801500e-17,2.016231e-16,2.016231e-18
1.294187e+01,4.855903e-17,1.993579e-16,1.993579e-18
1.294454e+01,4.778247e-17,2.005465e-16,2.005465e-18
1.294721e+01,4.845355e-17,2.020010e-16,2.020010e-18
1.294989e+01,4.800995e-17,2.037711e-16,2.037711e-18
1.295256e+01,4.856999e-17,2.068627e-16,2.068627e-18
1.295523e+01,4.770792e-17,2.086945e-16,2.086945e-18
1.295791e+01,4.836632e-17,2.086539e-16,2.086539e-18
1.296058e+01,4.743451e-17,2.119604e-16,2.119604e-18
1.296325e+01,4.818381e-17,2.216061e-16,2.216061e-18
1.296593e+01,4.830724e-17,2.306404e-16,2.306404e-18
1.296860e+01,4.809713e-17,2.346248e-16,2.346248e-18
1.297127e+01,4.994195e-17,2.370768e-16,2.370768e-18
1.297395e+01,4.990330e-17,2.414602e-16,2.414602e-18
1.297662e+01,4.901525e-17,2.475547e-16,2.475547e-18
1.297929e+01,4.861283e-17,2.521597e-16,2.521597e-18
1.298197e+01,4.940647e-17,2.571135e-16,2.571135e-18
1.298464e+01,4.991955e-17,2.642423e-16,2.642423e-18
1.298731e+01,4.909335e-17,2.717744e-16,2.717744e-18
1.298999e+01,5.013760e-17,2.778411e-16,2.778411e-18
1.299266e+01,4.964784e-17,2.813458e-16,2.813458e-18
1.299534e+01,4.996370e-17,2.837591e-16,2.837591e-18
1.299801e+01,5.009000e-17,2.880797e-16,2.880797e-18
1.300068e+01,4.995371e-17,2.932824e-16,2.932824e-18
1.300336e+01,4.978725e-17,2.987473e-16,2.987473e-18
1.300603e+01,5.045529e-17,3.038819e-16,3.038819e-18
1.300870e+01,5.039911e-17,3.075827e-16,3.075827e-18
1.301138e+01,5.006087e-17,3.127155e-16,3.127155e-18
1.301405e+01,5.037939e-17,3.195005e-16,3.195005e-18
1.301672e+01,5.029420e-17,3.236449e-16,3.236449e-18
1.301940e+01,5.095340e-17,3.253380e-16,3.253380e-18
1.302207e+01,5.120445e-17,3.273287e-16,3.273287e-18
1.302474e+01,5.069201e-17,3.294094e-16,3.294094e-18
1.302742e+01,5.023483e-17,3.301334e-16,3.301334e-18
1.303009e+01,5.081509e-17,3.306784e-16,3.306784e-18
1.303276e+01,5.039800e-17,3.305904e-16,3.305904e-18
1.303544e+01,5.083527e-17,3.301100e-16,3.301100e-18
1.303811e+01,5.093073e-17,3.304876e-16,3.304876e-18
1.304078e+01,5.128727e-17,3.318626e-16,3.318626e-18
1.304346e+01,5.162527e-17,3.312469e-16,3.312469e-18
1.304613e+01,5.100145e-17,3.286756e-16,3.286756e-18
1.304880e+01,5.184288e-17,3.271590e-16,3.271590e-18
1.305148e+01,5.163170e-17,3.255163e-16,3.255163e-18
1.305415e+01,5.102957e-17,3.227160e-16,3.227160e-18
1.305682e+01,5.071612e-17,3.203335e-16,3.203335e-18
1.305950e+01,5.093396e-17,3.175857e-16,3.175857e-18
1.306217e+01,5.124043e-17,3.124187e-16,3.124187e-18
1.306484e+01,5.042736e-17,3.063248e-16,3.063248e-18
1.306752e+01,5.048820e-17,3.008940e-16,3.008940e-18
1.307019e+01,5.000779e-17,2.964326e-16,2.964326e-18
1.307286e+01,5.015924e-17,2.932226e-16,2.932226e-18
1.307554e+01,4.957466e-17,2.898906e-16,2.898906e-18
1.307821e+01,4.959458e-17,2.866136e-16,2.866136e-18
1.308088e+01,4.980816e-17,2.841080e-16,2.841080e-18
1.308356e+01,4.990970e-17,2.797287e-16,2.797287e-18
1.308623e+01,4.895289e-17,2.733572e-16,2.733572e-18
1.308890e+01,4.882364e-17,2.684283e-16,2.684283e-18
1.309158e+01,4.885733e-17,2.650738e-16,2.650738e-18
1.309425e+01,4.806297e-17,2.585205e-16,2.585205e-18
1.309692e+01,4.836236e-17,2.504151e-16,2.504151e-18
1.309960e+01,4.893953e-17,2.484378e-16,2.484378e-18
1.310227e+01,4.856499e-17,2.519322e-16,2.519322e-18
1.310494e+01,4.835737e-17,2.526124e-16,2.526124e-18
1.310762e+01,4.757609e-17,2.457703e-16,2.457703e-18
1.311029e+01,4.774627e-17,2.374374e-16,2.374374e-18
1.311296e+01,4.798618e-17,2.321655e-16,2.321655e-18
1.311564e+01,4.840507e-17,2.312788e-16,2.312788e-18
1.311831e+01,4.724952e-17,2.347725e-16,2.347725e-18
1.312098e+01,4.765743e-17,2.375642e-16,2.375642e-18
1.312366e+01,4.738663e-17,2.339160e-16,2.339160e-18
1.312633e+01,4.797296e-17,2.323063e-16,2.323063e-18
1.312900e+01,4.748411e-17,2.394327e-16,2.394327e-18
1.313168e+01,4.806955e-17,2.483165e-16,2.483165e-18
1.313435e+01,4.813742e-17,2.532556e-16,2.532556e-18
1.313702e+01,4.763492e-17,2.595472e-16,2.595472e-18
1.313970e+01,4.831389e-17,2.672645e-16,2.672645e-18
1.314237e+01,4.761565e-17,2.729422e-16,2.729422e-18
1.314504e+01,4.784877e-17,2.786754e-16,2.786754e-18
1.314772e+01,4.815441e-17,2.871552e-16,2.871552e-18
1.315039e+01,4.770304e-17,2.980659e-16,2.980659e-18
1.315306e+01,4.880127e-17,3.106609e-16,3.106609e-18
1.315574e+01,4.900880e-17,3.192552e-16,3.192552e-18
1.315841e+01,4.955489e-17,3.243344e-16,3.243344e-18
1.316109e+01,4.900604e-17,3.319648e-16,3.319648e-18
1.316376e+01,4.981868e-17,3.426374e-16,3.426374e-18
1.316643e+01,4.983442e-17,3.542683e-16,3.542683e-18
1.316911e+01,5.061292e-17,3.645388e-16,3.645388e-18
1.317178e+01,4.969332e-17,3.723531e-16,3.723531e-18
1.317445e+01,4.998382e-17,3.802799e-16,3.802799e-18
1.317713e+01,5.048282e-17,3.900930e-16,3.900930e-18
1.317980e+01,5.013017e-17,4.004919e-16,4.004919e-18
1.318247e+01,5.141773e-17,4.103485e-16,4.103485e-18
1.318515e+01,5.071181e-17,4.176928e-16,4.176928e-18
1.318782e+01,5.148575e-17,4.226018e-16,4.226018e-18
1.319049e+01,5.184365e-17,4.257122e-16,4.257122e-18
1.319317e+01,5.101325e-17,4.268745e-16,4.268745e-18
1.319584e+01,5.169524e-17,4.272133e-16,4.272133e-18
1.319851e+01,5.167596e-17,4.276559e-16,4.276559e-18
1.320119e+01,5.132510e-17,4.272658e-16,4.272658e-18
1.320386e+01,5.070245e-17,4.240226e-16,4.240226e-18
1.320653e+01,5.105026e-17,4.175984e-16,4.175984e-18
1.320921e+01,5.086353e-17,4.093317e-16,4.093317e-18
1.321188e+01,5.060051e-17,4.015982e-16,4.015982e-18
1.321455e+01,5.084973e-17,3.945773e-16,3.945773e-18
1.321723e+01,5.036721e-17,3.876118e-16,3.876118e-18
1.321990e+01,5.031877e-17,3.806820e-16,3.806820e-18
1.322257e+01,4.944875e-17,3.728876e-16,3.728876e-18
1.322525e+01,4.908302e-17,3.632354e-16,3.632354e-18
1.322792e+01,4.901419e-17,3.538693e-16,3.538693e-18
1.323059e+01,4.880619e-17,3.475158e-16,3.475158e-18
1.323327e+01,4.899990e-17,3.423226e-16,3.423226e-18
1.323594e+01,4.877122e-17,3.354093e-16,3.354093e-18
1.323861e+01,4.812587e-17,3.266909e-16,3.266909e-18
1.324129e+01,4.785247e-17,3.182343e-16,3.182343e-18
1.324396e+01,4.735067e-17,3.119299e-16,3.119299e-18
1.324663e+01,4.822154e-17,3.077963e-16,3.077963e-18
1.324931e+01,4.820583e-17,3.049972e-16,3.049972e-18
1.325198e+01,4.803035e-17,3.015251e-16,3.015251e-18
1.325465e+01,4.831178e-17,2.953718e-16,2.953718e-18
1.325733e+01,4.821926e-17,2.872824e-16,2.872824e-18
1.326000e+01,4.739677e-17,2.808182e-16,2.808182e-18
1.326267e+01,4.872165e-17,2.769625e-16,2.769625e-18
1.326535e+01,4.755556e-17,2.738800e-16,2.738800e-18
1.326802e+01,4.834174e-17,2.704329e-16,2.704329e-18
1.327069e+01,4.732119e-17,2.652771e-16,2.652771e-18
1.327337e+01,4.815601e-17,2.595599e-16,2.595599e-18
1.327604e+01,4.768466e-17,2.535613e-16,2.535613e-18
1.327871e+01,4.655552e-17,2.486852e-16,2.486852e-18
1.328139e+01,4.705529e-17,2.454877e-16,2.454877e-18
1.328406e+01,4.717051e-17,2.406304e-16,2.406304e-18
1.328673e+01,4.722590e-17,2.351896e-16,2.351896e-18
1.328941e+01,4.637604e-17,2.322065e-16,2.322065e-18
1.329208e+01,4.714806e-17,2.326139e-16,2.326139e-18
1.329475e+01,4.730590e-17,2.317139e-16,2.317139e-18
1.329743e+01,4.736506e-17,2.289969e-16,2.289969e-18
1.330010e+01,4.679981e-17,2.280807e-16,2.280807e-18
1.330277e+01,4.706258e-17,2.290583e-16,2.290583e-18
1.330545e+01,4.677720e-17,2.282709e-16,2.282709e-18
1.330812e+01,4.692650e-17,2.264941e-16,2.264941e-18
1.331079e+01,4.715902e-17,2.257646e-16,2.257646e-18
1.331347e+01,4.719309e-17,2.251813e-16,2.251813e-18
1.331614e+01,4.627443e-17,2.257524e-16,2.257524e-18
1.331881e+01,4.681425e-17,2.256554e-16,2.256554e-18
1.332149e+01,4.686433e-17,2.239324e-16,2.239324e-18
1.332416e+01,4.659309e-17,2.226678e-16,2.226678e-18
1.332684e+01,4.685824e-17,2.221956e-16,2.221956e-18
1.332951e+01,4.724617e-17,2.233574e-16,2.233574e-18
1.333218e+01,4.754177e-17,2.254939e-16,2.254939e-18
1.333486e+01,4.732148e-17,2.264775e-16,2.264775e-18
1.333753e+01,4.768689e-17,2.260589e-16,2.260589e-18
1.334020e+01,4.699473e-17,2.245600e-16,2.245600e-18
1.334288e+01,4.682468e-17,2.234243e-16,2.234243e-18
1.334555e+01,4.710047e-17,2.222164e-16,2.222164e-18
1.334822e+01,4.726555e-17,2.217500e-16,2.217500e-18
1.335090e+01,4.675272e-17,2.227910e-16,2.227910e-18
1.335357e+01,4.695302e-17,2.260321e-16,2.260321e-18
1.335624e+01,4.688787e-17,2.277392e-16,2.277392e-18
1.335892e+01,4.635329e-17,2.263916e-16,2.263916e-18
1.336159e+01,4.572990e-17,2.258739e-16,2.258739e-18
1.336426e+01,4.563149e-17,2.269760e-16,2.269760e-18
1.336694e+01,4.526352e-17,2.264974e-16,2.264974e-18
1.336961e+01,4.657214e-17,2.253048e-16,2.253048e-18
1.337228e+01,4.551812e-17,2.257711e-16,2.257711e-18
1.337496e+01,4.573115e-17,2.271245e-16,2.271245e-18
1.337763e+01,4.569537e-17,2.284495e-16,2.284495e-18
1.338030e+01,4.533392e-17,2.294105e-16,2.294105e-18
1.338298e+01,4.628613e-17,2.308151e-16,2.308151e-18
1.338565e+01,4.610997e-17,2.309307e-16,2.309307e-18
1.338832e+01,4.572446e-17,2.290256e-16,2.290256e-18
1.339100e+01,4.533962e-17,2.270257e-16,2.270257e-18
1.339367e+01,4.532284e-17,2.267756e-16,2.267756e-18
1.339634e+01,4.584567e-17,2.267830e-16,2.267830e-18
1.339902e+01,4.519864e-17,2.250005e-16,2.250005e-18
1.340169e+01,4.510587e-17,2.233816e-16,2.233816e-18
1.340436e+01,4.577623e-17,2.220053e-16,2.220053e-18
1.340704e+01,4.524933e-17,2.215468e-16,2.215468e-18
1.340971e+01,4.577377e-17,2.214020e-16,2.214020e-18
1.341238e+01,4.604672e-17,2.192024e-16,2.192024e-18
1.341506e+01,4.452415e-17,2.143470e-16,2.143470e-18
1.341773e+01,4.531704e-17,2.110761e-16,2.110761e-18
1.342040e+01,4.541140e-17,2.093458e-16,2.093458e-18
1.342308e+01,4.489116e-17,2.071761e-16,2.071761e-18
1.342575e+01,4.502883e-17,2.035935e-16,2.035935e-18
1.342842e+01,4.522807e-17,2.021371e-16,2.021371e-18
1.343110e+01,4.452619e-17,2.022574e-16,2.022574e-18
1.343377e+01,4.547540e-17,2.006619e-16,2.006619e-18
1.343644e+01,4.501209e-17,1.985776e-16,1.985776e-18
1.343912e+01,4.484840e-17,1.974327e-16,1.974327e-18
1.344179e+01,4.441921e-17,1.962713e-16,1.962713e-18
1.344446e+01,4.510188e-17,1.961921e-16,1.961921e-18
1.344714e+01,4.567796e-17,1.968742e-16,1.968742e-18
1.344981e+01,4.493975e-17,1.963761e-16,1.963761e-18
1.345248e+01,4.528983e-17,1.951778e-16,1.951778e-18
1.345516e+01,4.492922e-17,1.954956e-16,1.954956e-18
1.345783e+01,4.598144e-17,1.972965e-16,1.972965e-18
1.346050e+01,4.557821e-17,1.995746e-16,1.995746e-18
1.346318e+01,4.541056e-17,2.033609e-16,2.033609e-18
1.346585e+01,4.593131e-17,2.097930e-16,2.097930e-18
1.346852e+01,4.598554e-17,2.157831e-16,2.157831e-18
1.347120e+01,4.580626e-17,2.197004e-16,2.197004e-18
1.347387e+01,4.650260e-17,2.231445e-16,2.231445e-18
1.347654e+01,4.707284e-17,2.251204e-16,2.251204e-18
1.347922e+01,4.602915e-17,2.252822e-16,2.252822e-18
1.348189e+01,4.637790e-17,2.258194e-16,2.258194e-18
1.348456e+01,4.588000e-17,2.263347e-16,2.263347e-18
1.348724e+01,4.593542e-17,2.265230e-16,2.265230e-18
1.348991e+01,4.610102e-17,2.261605e-16,2.261605e-18
1.349259e+01,4.570223e-17,2.226005e-16,2.226005e-18
1.349526e+01,4.610962e-17,2.155270e-16,2.155270e-18
1.349793e+01,4.554772e-17,2.104628e-16,2.104628e-18
1.350061e+01,4.606302e-17,2.093379e-16,2.093379e-18
1.350328e+01,4.517657e-17,2.075644e-16,2.075644e-18
1.350595e+01,4.510737e-17,2.029724e-16,2.029724e-18
1.350863e+01,4.427159e-17,1.987906e-16,1.987906e-18
1.351130e+01,4.465289e-17,1.978637e-16,1.978637e-18
1.351397e+01,4.509511e-17,1.970069e-16,1.970069e-18
1.351665e+01,4.406842e-17,1.958186e-16,1.958186e-18
1.351932e+01,4.455847e-17,1.960441e-16,1.960441e-18
1.352199e+01,4.455184e-17,1.961025e-16,1.961025e-18
1.352467e+01,4.403335e-17,1.929101e-16,1.929101e-18
1.352734e+01,4.451882e-17,1.888613e-16,1.888613e-18
1.353001e+01,4.433625e-17,1.878548e-16,1.878548e-18
1.353269e+01,4.382929e-17,1.902866e-16,1.902866e-18
1.353536e+01,4.413140e-17,1.911793e-16,1.911793e-18
1.353803e+01,4.379969e-17,1.912723e-16,1.912723e-18
1.354071e+01,4.423405e-17,1.940856e-16,1.940856e-18
1.354338e+01,4.517560e-17,1.982797e-16,1.982797e-18
1.354605e+01,4.469023e-17,2.013913e-16,2.013913e-18
1.354873e+01,4.420605e-17,2.051761e-16,2.051761e-18
1.355140e+01,4.366202e-17,2.082909e-16,2.082909e-18
1.355407e+01,4.385759e-17,2.093407e-16,2.093407e-18
1.355675e+01,4.367857e-17,2.078561e-16,2.078561e-18
1.355942e+01,4.423927e-17,2.066511e-16,2.066511e-18
1.356209e+01,4.389698e-17,2.076054e-16,2.076054e-18
1.356477e+01,4.347041e-17,2.101825e-16,2.101825e-18
1.356744e+01,4.478663e-17,2.124403e-16,2.124403e-18
1.357011e+01,4.376391e-17,2.124304e-16,2.124304e-18
1.357279e+01,4.389590e-17,2.122421e-16,2.122421e-18
1.357546e+01,4.312662e-17,2.154181e-16,2.154181e-18
1.357813e+01,4.425069e-17,2.232833e-16,2.232833e-18
1.358081e+01,4.358500e-17,2.308411e-16,2.308411e-18
1.358348e+01,4.370059e-17,2.333237e-16,2.333237e-18
1.358615e+01,4.428780e-17,2.356253e-16,2.356253e-18
1.358883e+01,4.355129e-17,2.415363e-16,2.415363e-18
1.359150e+01,4.379337e-17,2.457135e-16,2.457135e-18
1.359417e+01,4.353874e-17,2.459006e-16,2.459006e-18
1.359685e+01,4.417926e-17,2.481853e-16,2.481853e-18
1.359952e+01,4.435432e-17,2.532177e-16,2.532177e-18
1.360219e+01,4.400681e-17,2.557618e-16,2.557618e-18
1.360487e+01,4.402854e-17,2.568947e-16,2.568947e-18
1.360754e+01,4.375492e-17,2.602897e-16,2.602897e-18
1.361021e+01,4.479189e-17,2.624020e-16,2.624020e-18
1.361289e+01,4.494571e-17,2.603779e-16,2.603779e-18
1.361556e+01,4.406067e-17,2.572724e-16,2.572724e-18
1.361823e+01,4.396830e-17,2.563502e-16,2.563502e-18
1.362091e+01,4.519838e-17,2.567180e-16,2.567180e-18
1.362358e+01,4.505836e-17,2.566299e-16,2.566299e-18
1.362625e+01,4.442311e-17,2.538999e-16,2.538999e-18
1.362893e+01,4.436436e-17,2.494107e-16,2.494107e-18
1.363160e+01,4.491169e-17,2.475486e-16,2.475486e-18
1.363427e+01,4.510310e-17,2.476353e-16,2.476353e-18
1.363695e+01,4.438695e-17,2.473019e-16,2.473019e-18
1.363962e+01,4.600913e-17,2.480649e-16,2.480649e-18
1.364229e+01,4.517864e-17,2.501583e-16,2.501583e-18
1.364497e+01,4.592640e-17,2.518265e-16,2.518265e-18
1.364764e+01,4.452400e-17,2.523217e-16,2.523217e-18
1.365031e+01,4.558696e-17,2.540249e-16,2.540249e-18
1.365299e+01,4.585235e-17,2.570548e-16,2.570548e-18
1.365566e+01,4.617284e-17,2.598149e-16,2.598149e-18
1.365834e+01,4.638900e-17,2.630931e-16,2.630931e-18
1.366101e+01,4.642043e-17,2.692044e-16,2.692044e-18
1.366368e+01,4.717434e-17,2.766622e-16,2.766622e-18
1.366636e+01,4.664156e-17,2.809094e-16,2.809094e-18
1.366903e+01,4.717356e-17,2.820986e-16,2.820986e-18
1.367170e+01,4.646243e-17,2.830336e-16,2.830336e-18
1.367438e+01,4.635011e-17,2.839346e-16,2.839346e-18
1.367705e+01,4.670148e-17,2.856403e-16,2.856403e-18
1.367972e+01,4.764428e-17,2.889799e-16,2.889799e-18
1.368240e+01,4.645960e-17,2.911568e-16,2.911568e-18
1.368507e+01,4.689418e-17,2.898956e-16,2.898956e-18
1.368774e+01,4.727652e-17,2.881223e-16,2.881223e-18
1.369042e+01,4.754525e-17,2.884002e-16,2.884002e-18
1.369309e+01,4.744734e-17,2.879588e-16,2.879588e-18
1.369576e+01,4.728699e-17,2.857599e-16,2.857599e-18
1.369844e+01,4.661975e-17,2.840040e-16,2.840040e-18
1.370111e+01,4.698126e-17,2.832617e-16,2.832617e-18
1.370378e+01,4.775481e-17,2.826758e-16,2.826758e-18
1.370646e+01,4.703325e-17,2.784178e-16,2.784178e-18
1.370913e+01,4.604196e-17,2.722655e-16,2.722655e-18
1.371180e+01,4.583366e-17,2.689957e-16,2.689957e-18
1.371448e+01,4.676926e-17,2.669574e-16,2.669574e-18
1.371715e+01,4.541081e-17,2.621990e-16,2.621990e-18
1.371982e+01,4.561853e-17,2.595055e-16,2.595055e-18
1.372250e+01,4.634091e-17,2.596584e-16,2.596584e-18
1.372517e+01,4.652719e-17,2.592347e-16,2.592347e-18
1.372784e+01,4.576166e-17,2.573547e-16,2.573547e-18
1.373052e+01,4.623386e-17,2.558144e-16,2.558144e-18
1.373319e+01,4.553289e-17,2.535591e-16,2.535591e-18
1.373586e+01,4.580071e-17,2.511025e-16,2.511025e-18
1.373854e+01,4.561259e-17,2.497019e-16,2.497019e-18
1.374121e+01,4.629656e-17,2.491488e-16,2.491488e-18
1.374388e+01,4.517024e-17,2.501119e-16,2.501119e-18
1.374656e+01,4.577911e-17,2.523560e-16,2.523560e-18
1.374923e+01,4.562583e-17,2.551191e-16,2.551191e-18
1.375190e+01,4.604594e-17,2.588869e-16,2.588869e-18
1.375458e+01,4.578448e-17,2.619484e-16,2.619484e-18
1.375725e+01,4.510121e-17,2.616586e-16,2.616586e-18
1.375992e+01,4.563116e-17,2.587506e-16,2.587506e-18
1.376260e+01,4.495322e-17,2.551787e-16,2.551787e-18
1.376527e+01,4.495792e-17,2.507026e-16,2.507026e-18
1.376794e+01,4.512202e-17,2.461052e-16,2.461052e-18
1.377062e+01,4.505801e-17,2.411404e-16,2.411404e-18
1.377329e+01,4.461175e-17,2.344488e-16,2.344488e-18
1.377596e+01,4.415642e-17,2.283379e-16,2.283379e-18
1.377864e+01,4.446585e-17,2.251374e-16,2.251374e-18
1.378131e+01,4.403134e-17,2.208057e-16,2.208057e-18
1.378398e+01,4.390598e-17,2.122518e-16,2.122518e-18
1.378666e+01,4.333235e-17,2.046689e-16,2.046689e-18
1.378933e+01,4.385930e-17,2.015186e-16,2.015186e-18
1.379200e+01,4.365679e-17,2.012005e-16,2.012005e-18
1.379468e+01,4.334772e-17,2.005965e-16,2.005965e-18
1.379735e+01,4.334152e-17,1.990075e-16,1.990075e-18
1.380002e+01,4.393446e-17,1.976414e-16,1.976414e-18
1.380270e+01,4.353278e-17,1.969213e-16,1.969213e-18
1.380537e+01,4.379317e-17,1.972451e-16,1.972451e-18
1.380804e+01,4.336141e-17,1.989889e-16,1.989889e-18
1.381072e+01,4.300732e-17,2.023397e-16,2.023397e-18
1.381339e+01,4.363480e-17,2.053033e-16,2.053033e-18
1.381606e+01,4.384525e-17,2.072158e-16,2.072158e-18
1.381874e+01,4.309183e-17,2.102798e-16,2.102798e-18
1.382141e+01,4.387153e-17,2.163746e-16,2.163746e-18
1.382409e+01,4.391852e-17,2.225137e-16,2.225137e-18
1.382676e+01,4.484256e-17,2.277990e-16,2.277990e-18
1.382943e+01,4.398746e-17,2.328162e-16,2.328162e-18
1.383211e+01,4.442864e-17,2.366368e-16,2.366368e-18
1.383478e+01,4.439110e-17,2.388133e-16,2.388133e-18
1.383745e+01,4.529197e-17,2.407720e-16,2.407720e-18
1.384013e+01,4.476727e-17,2.423781e-16,2.423781e-18
1.384280e+01,4.509294e-17,2.444859e-16,2.444859e-18
1.384547e+01,4.504395e-17,2.454168e-16,2.454168e-18
1.384815e+01,4.480478e-17,2.449641e-16,2.449641e-18
1.385082e+01,4.515510e-17,2.449208e-16,2.449208e-18
1.385349e+01,4.435950e-17,2.458214e-16,2.458214e-18
1.385617e+01,4.528019e-17,2.452662e-16,2.452662e-18
1.385884e+01,4.476113e-17,2.428238e-16,2.428238e-18
1.386151e+01,4.473095e-17,2.411299e-16,2.411299e-18
1.386419e+01,4.470261e-17,2.405213e-16,2.405213e-18
1.386686e+01,4.539080e-17,2.395549e-16,2.395549e-18
1.386953e+01,4.437822e-17,2.379773e-16,2.379773e-18
1.387221e+01,4.439984e-17,2.374668e-16,2.374668e-18
1.387488e+01,4.419711e-17,2.376501e-16,2.376501e-18
1.387755e+01,4.477551e-17,2.359539e-16,2.359539e-18
1.388023e+01,4.439302e-17,2.337235e-16,2.337235e-18
1.388290e+01,4.426776e-17,2.332103e-16,2.332103e-18
1.388557e+01,4.457730e-17,2.332369e-16,2.332369e-18
1.388825e+01,4.401376e-17,2.321395e-16,2.321395e-18
1.389092e+01,4.434354e-17,2.304526e-16,2.304526e-18
1.389359e+01,4.420592e-17,2.289112e-16,2.289112e-18
1.389627e+01,4.454721e-17,2.286706e-16,2.286706e-18
1.389894e+01,4.423781e-17,2.282718e-16,2.282718e-18
1.390161e+01,4.354608e-17,2.268996e-16,2.268996e-18
1.390429e+01,4.474516e-17,2.280249e-16,2.280249e-18
1.390696e+01,4.414104e-17,2.310110e-16,2.310110e-18
1.390963e+01,4.427600e-17,2.310478e-16,2.310478e-18
1.391231e+01,4.434082e-17,2.286252e-16,2.286252e-18
1.391498e+01,4.441153e-17,2.285733e-16,2.285733e-18
1.391765e+01,4.457211e-17,2.313645e-16,2.313645e-18
1.392033e+01,4.463302e-17,2.335514e-16,2.335514e-18
1.392300e+01,4.456199e-17,2.337312e-16,2.337312e-18
1.392567e+01,4.468857e-17,2.337860e-16,2.337860e-18
1.392835e+01,4.411701e-17,2.363501e-16,2.363501e-18
1.393102e+01,4.488303e-17,2.388705e-16,2.388705e-18
1.393369e+01,4.421831e-17,2.385548e-16,2.385548e-18
1.393637e+01,4.443460e-17,2.386672e-16,2.386672e-18
1.393904e+01,4.481752e-17,2.422872e-16,2.422872e-18
1.394171e+01,4.492906e-17,2.477577e-16,2.477577e-18
1.394439e+01,4.457339e-17,2.512612e-16,2.512612e-18
1.394706e+01,4.562564e-17,2.518949e-16,2.518949e-18
1.394973e+01,4.512956e-17,2.521181e-16,2.521181e-18
1.395241e+01,4.508640e-17,2.560823e-16,2.560823e-18
1.395508e+01,4.552896e-17,2.614937e-16,2.614937e-18
1.395775e+01,4.546233e-17,2.634755e-16,2.634755e-18
1.396043e+01,4.540175e-17,2.630405e-16,2.630405e-18
1.396310e+01,4.559839e-17,2.640085e-16,2.640085e-18
1.396577e+01,4.529599e-17,2.662060e-16,2.662060e-18
1.396845e+01,4.532177e-17,2.672338e-16,2.672338e-18
1.397112e+01,4.544423e-17,2.670793e-16,2.670793e-18
1.397379e+01,4.497974e-17,2.668319e-16,2.668319e-18
1.397647e+01,4.486754e-17,2.669878e-16,2.669878e-18
1.397914e+01,4.511169e-17,2.671541e-16,2.671541e-18
1.398181e+01,4.535071e-17,2.670143e-16,2.670143e-18
1.398449e+01,4.502764e-17,2.671476e-16,2.671476e-18
1.398716e+01,4.476704e-17,2.665656e-16,2.665656e-18
1.398984e+01,4.423351e-17,2.640055e-16,2.640055e-18
1.399251e+01,4.354009e-17,2.619089e-16,2.619089e-18
1.399518e+01,4.410478e-17,2.626200e-16,2.626200e-18
1.399786e+01,4.456476e-17,2.643167e-16,2.643167e-18
1.400053e+01,4.409855e-17,2.641078e-16,2.641078e-18
1.400320e+01,4.389681e-17,2.622284e-16,2.622284e-18
1.400588e+01,4.398225e-17,2.610402e-16,2.610402e-18
1.400855e+01,4.396818e-17,2.610374e-16,2.610374e-18
1.401122e+01,4.373561e-17,2.604391e-16,2.604391e-18
1.401390e+01,4.392655e-17,2.589769e-16,2.589769e-18
1.401657e+01,4.398840e-17,2.589821e-16,2.589821e-18
1.401924e+01,4.398069e-17,2.603225e-16,2.603225e-18
1.402192e+01,4.375315e-17,2.592530e-16,2.592530e-18
1.402459e+01,4.331745e-17,2.563022e-16,2.563022e-18
1.402726e+01,4.329107e-17,2.551796e-16,2.551796e-18
1.402994e+01,4.398587e-17,2.549815e-16,2.549815e-18
1.403261e+01,4.376831e-17,2.521886e-16,2.521886e-18
1.403528e+01,4.353635e-17,2.482263e-16,2.482263e-18
1.403796e+01,4.277890e-17,2.470131e-16,2.470131e-18
1.404063e+01,4.332902e-17,2.466448e-16,2.466448e-18
1.404330e+01,4.317478e-17,2.434059e-16,2.434059e-18
1.404598e+01,4.269279e-17,2.386862e-16,2.386862e-18
1.404865e+01,4.261205e-17,2.346151e-16,2.346151e-18
1.405132e+01,4.247515e-17,2.309137e-16,2.309137e-18
1.405400e+01,4.232422e-17,2.280385e-16,2.280385e-18
1.405667e+01,4.275477e-17,2.258286e-16,2.258286e-18
1.405934e+01,4.169927e-17,2.213545e-16,2.213545e-18
1.406202e+01,4.168088e-17,2.157614e-16,2.157614e-18
1.406469e+01,4.215965e-17,2.115331e-16,2.115331e-18
1.406736e+01,4.214068e-17,2.082327e-16,2.082327e-18
1.407004e+01,4.195685e-17,2.046782e-16,2.046782e-18
1.407271e+01,4.145481e-17,2.007025e-16,2.007025e-18
1.407538e+01,4.088506e-17,1.973819e-16,1.973819e-18
1.407806e+01,4.134282e-17,1.956533e-16,1.956533e-18
1.408073e+01,4.107786e-17,1.947996e-16,1.947996e-18
1.408340e+01,4.103736e-17,1.909946e-16,1.909946e-18
1.408608e+01,4.143563e-17,1.875743e-16,1.875743e-18
1.408875e+01,4.218610e-17,1.870857e-16,1.870857e-18
1.409142e+01,4.167190e-17,1.869386e-16,1.869386e-18
1.409410e+01,4.118277e-17,1.862147e-16,1.862147e-18
1.409677e+01,4.134863e-17,1.872634e-16,1.872634e-18
1.409944e+01,4.212312e-17,1.893361e-16,1.893361e-18
1.410212e+01,4.155688e-17,1.901098e-16,1.901098e-18
1.410479e+01,4.163051e-17,1.899117e-16,1.899117e-18
1.410746e+01,4.124451e-17,1.911183e-16,1.911183e-18
1.411014e+01,4.208419e-17,1.941097e-16,1.941097e-18
1.411281e+01,4.236358e-17,1.954359e-16,1.954359e-18
1.411548e+01,4.242260e-17,1.946459e-16,1.946459e-18
1.411816e+01,4.166188e-17,1.941150e-16,1.941150e-18
1.412083e+01,4.235000e-17,1.950790e-16,1.950790e-18
1.412350e+01,4.253294e-17,1.954488e-16,1.954488e-18
1.412618e+01,4.187314e-17,1.945976e-16,1.945976e-18
1.412885e+01,4.225191e-17,1.937033e-16,1.937033e-18
1.413152e+01,4.228256e-17,1.950931e-16,1.950931e-18
1.413420e+01,4.209388e-17,1.964520e-16,1.964520e-18
1.413687e+01,4.286801e-17,1.966400e-16,1.966400e-18
1.413954e+01,4.208200e-17,1.956343e-16,1.956343e-18
1.414222e+01,4.207498e-17,1.965185e-16,1.965185e-18
1.414489e+01,4.194110e-17,1.984728e-16,1.984728e-18
1.414756e+01,4.174095e-17,1.995221e-16,1.995221e-18
1.415024e+01,4.214035e-17,1.986725e-16,1.986725e-18
1.415291e+01,4.190844e-17,1.957482e-16,1.957482e-18
1.415559e+01,4.184004e-17,1.937475e-16,1.937475e-18
1.415826e+01,4.135266e-17,1.936511e-16,1.936511e-18
1.416093e+01,4.153644e-17,1.934521e-16,1.934521e-18
1.416361e+01,4.103236e-17,1.922868e-16,1.922868e-18
1.416628e+01,4.188210e-17,1.927420e-16,1.927420e-18
1.416895e+01,4.136824e-17,1.935272e-16,1.935272e-18
1.417163e+01,4.208279e-17,1.911513e-16,1.911513e-18
1.417430e+01,4.122849e-17,1.867600e-16,1.867600e-18
1.417697e+01,4.171437e-17,1.844700e-16,1.844700e-18
1.417965e+01,4.136798e-17,1.837713e-16,1.837713e-18
1.418232e+01,4.121560e-17,1.813804e-16,1.813804e-18
1.418499e+01,4.104798e-17,1.769179e-16,1.769179e-18
1.418767e+01,4.064712e-17,1.754099e-16,1.754099e-18
1.419034e+01,4.072503e-17,1.757288e-16,1.757288e-18
1.419301e+01,3.999750e-17,1.770748e-16,1.770748e-18
1.419569e+01,4.053887e-17,1.799476e-16,1.799476e-18
1.419836e+01,4.082043e-17,1.814493e-16,1.814493e-18
1.420103e+01,4.077802e-17,1.793003e-16,1.793003e-18
1.420371e+01,4.106875e-17,1.773912e-16,1.773912e-18
1.420638e+01,4.041365e-17,1.775590e-16,1.775590e-18
1.420905e+01,3.979123e-17,1.781850e-16,1.781850e-18
1.421173e+01,3.998042e-17,1.789920e-16,1.789920e-18
1.421440e+01,4.073071e-17,1.812774e-16,1.812774e-18
1.421707e+01,4.029432e-17,1.844489e-16,1.844489e-18
1.421975e+01,4.105019e-17,1.872076e-16,1.872076e-18
1.422242e+01,4.126017e-17,1.893612e-16,1.893612e-18
1.422509e+01,4.160031e-17,1.928842e-16,1.928842e-18
1.422777e+01,4.144229e-17,1.982452e-16,1.982452e-18
1.423044e+01,4.126973e-17,2.039406e-16,2.039406e-18
1.423311e+01,4.240391e-17,2.070942e-16,2.070942e-18
1.423579e+01,4.162584e-17,2.084684e-16,2.084684e-18
1.423846e+01,4.197819e-17,2.144150e-16,2.144150e-18
1.424113e+01,4.256986e-17,2.239645e-16,2.239645e-18
1.424381e+01,4.254725e-17,2.297263e-16,2.297263e-18
1.424648e+01,4.220155e-17,2.310237e-16,2.310237e-18
1.424915e+01,4.211023e-17,2.343953e-16,2.343953e-18
1.425183e+01,4.340837e-17,2.414981e-16,2.414981e-18
1.425450e+01,4.311652e-17,2.489007e-16,2.489007e-18
1.425717e+01,4.390226e-17,2.531829e-16,2.531829e-18
1.425985e+01,4.328340e-17,2.555119e-16,2.555119e-18
1.426252e+01,4.332990e-17,2.588444e-16,2.588444e-18
1.426519e+01,4.330648e-17,2.630704e-16,2.630704e-18
1.426787e+01,4.319076e-17,2.660062e-16,2.660062e-18
1.427054e+01,4.360684e-17,2.686805e-16,2.686805e-18
1.427321e+01,4.371974e-17,2.714135e-16,2.714135e-18
1.427589e+01,4.356812e-17,2.711310e-16,2.711310e-18
1.427856e+01,4.319592e-17,2.688065e-16,2.688065e-18
1.428123e+01,4.322526e-17,2.681548e-16,2.681548e-18
1.428391e+01,4.304593e-17,2.695603e-16,2.695603e-18
1.428658e+01,4.331127e-17,2.721371e-16,2.721371e-18
1.428925e+01,4.295951e-17,2.754003e-16,2.754003e-18
1.429193e+01,4.319803e-17,2.772679e-16,2.772679e-18
1.429460e+01,4.254316e-17,2.758671e-16,2.758671e-18
1.429727e+01,4.317521e-17,2.742958e-16,2.742958e-18
1.429995e+01,4.263241e-17,2.741198e-16,2.741198e-18
1.430262e+01,4.270742e-17,2.739598e-16,2.739598e-18
1.430529e+01,4.346134e-17,2.735831e-16,2.735831e-18
1.430797e+01,4.312493e-17,2.729831e-16,2.729831e-18
1.431064e+01,4.324336e-17,2.729566e-16,2.729566e-18
1.431331e+01,4.313312e-17,2.733671e-16,2.733671e-18
1.431599e+01,4.250754e-17,2.720231e-16,2.720231e-18
1.431866e+01,4.242017e-17,2.695281e-16,2.695281e-18
1.432134e+01,4.274645e-17,2.680190e-16,2.680190e-18
1.432401e+01,4.215523e-17,2.660252e-16,2.660252e-18
1.432668e+01,4.236262e-17,2.616699e-16,2.616699e-18
1.432936e+01,4.201392e-17,2.562323e-16,2.562323e-18
1.433203e+01,4.237540e-17,2.509198e-16,2.509198e-18
1.433470e+01,4.149386e-17,2.454225e-16,2.454225e-18
1.433738e+01,4.106911e-17,2.388382e-16,2.388382e-18
1.434005e+01,4.139438e-17,2.315954e-16,2.315954e-18
1.434272e+01,4.139056e-17,2.239399e-16,2.239399e-18
1.434540e+01,4.071462e-17,2.166498e-16,2.166498e-18
1.434807e+01,4.126267e-17,2.103772e-16,2.103772e-18
1.435074e+01,4.017331e-17,2.054320e-16,2.054320e-18
1.435342e+01,4.082862e-17,2.022943e-16,2.022943e-18
1.435609e+01,4.046463e-17,1.994237e-16,1.994237e-18
1.435876e+01,4.007289e-17,1.959830e-16,1.959830e-18
1.436144e+01,4.017485e-17,1.929179e-16,1.929179e-18
1.436411e+01,3.966254e-17,1.925616e-16,1.925616e-18
1.436678e+01,4.011481e-17,1.950283e-16,1.950283e-18
1.436946e+01,3.966962e-17,1.948822e-16,1.948822e-18
1.437213e+01,3.931298e-17,1.918181e-16,1.918181e-18
1.437480e+01,3.952529e-17,1.907716e-16,1.907716e-18
1.437748e+01,3.978798e-17,1.933823e-16,1.933823e-18
1.438015e+01,3.961200e-17,1.971025e-16,1.971025e-18
1.438282e+01,3.969350e-17,1.964231e-16,1.964231e-18
1.438550e+01,4.003978e-17,1.918353e-16,1.918353e-18
1.438817e+01,3.918810e-17,1.876010e-16,1.876010e-18
1.439084e+01,3.994132e-17,1.878816e-16,1.878816e-18
1.439352e+01,4.019968e-17,1.884806e-16,1.884806e-18
1.439619e+01,4.008994e-17,1.849856e-16,1.849856e-18
1.439886e+01,3.929058e-17,1.799754e-16,1.799754e-18
1.440154e+01,3.935913e-17,1.786887e-16,1.786887e-18
1.440421e+01,3.927990e-17,1.798873e-16,1.798873e-18
1.440688e+01,3.983279e-17,1.811986e-16,1.811986e-18
1.440956e+01,3.956237e-17,1.815092e-16,1.815092e-18
1.441223e+01,3.895457e-17,1.803150e-16,1.803150e-18
1.441490e+01,3.934743e-17,1.779859e-16,1.779859e-18
1.441758e+01,3.916440e-17,1.763816e-16,1.763816e-18
1.442025e+01,3.892335e-17,1.767580e-16,1.767580e-18
1.442292e+01,3.945734e-17,1.783497e-16,1.783497e-18
1.442560e+01,3.925524e-17,1.789961e-16,1.789961e-18
1.442827e+01,3.898825e-17,1.775773e-16,1.775773e-18
1.443094e+01,3.867150e-17,1.744221e-16,1.744221e-18
1.443362e+01,3.869264e-17,1.730616e-16,1.730616e-18
1.443629e+01,3.867424e-17,1.740634e-16,1.740634e-18
1.443896e+01,3.901003e-17,1.756861e-16,1.756861e-18
1.444164e+01,3.902852e-17,1.778823e-16,1.778823e-18
1.444431e+01,3.892006e-17,1.800572e-16,1.800572e-18
1.444698e+01,3.880011e-17,1.793457e-16,1.793457e-18
1.444966e+01,3.866656e-17,1.780209e-16,1.780209e-18
1.445233e+01,3.894889e-17,1.777680e-16,1.777680e-18
1.445500e+01,3.918982e-17,1.786219e-16,1.786219e-18
1.445768e+01,3.940143e-17,1.797546e-16,1.797546e-18
1.446035e+01,3.891852e-17,1.809539e-16,1.809539e-18
1.446302e+01,3.850434e-17,1.820805e-16,1.820805e-18
1.446570e+01,3.909201e-17,1.828079e-16,1.828079e-18
1.446837e+01,3.917817e-17,1.821554e-16,1.821554e-18
1.447104e+01,3.957713e-17,1.812431e-16,1.812431e-18
1.447372e+01,3.884606e-17,1.795522e-16,1.795522e-18
1.447639e+01,3.869962e-17,1.771927e-16,1.771927e-18
1.447906e+01,3.898372e-17,1.775846e-16,1.775846e-18
1.448174e+01,3.950124e-17,1.807919e-16,1.807919e-18
1.448441e+01,3.963726e-17,1.832185e-16,1.832185e-18
1.448709e+01,3.942476e-17,1.822585e-16,1.822585e-18
1.448976e+01,3.937756e-17,1.781484e-16,1.781484e-18
1.449243e+01,3.930155e-17,1.737280e-16,1.737280e-18
1.449511e+01,3.964424e-17,1.732297e-16,1.732297e-18
1.449778e+01,3.948089e-17,1.756775e-16,1.756775e-18
1.450045e+01,3.993041e-17,1.777252e-16,1.777252e-18
1.450313e+01,3.978712e-17,1.779560e-16,1.779560e-18
1.450580e+01,4.036347e-17,1.779373e-16,1.779373e-18
1.450847e+01,3.998477e-17,1.803217e-16,1.803217e-18
1.451115e+01,4.021416e-17,1.835525e-16,1.835525e-18
1.451382e+01,4.048630e-17,1.827144e-16,1.827144e-18
1.451649e+01,3.978427e-17,1.810646e-16,1.810646e-18
1.451917e+01,4.027188e-17,1.823996e-16,1.823996e-18
1.452184e+01,4.045003e-17,1.849072e-16,1.849072e-18
1.452451e+01,4.019845e-17,1.870566e-16,1.870566e-18
1.452719e+01,4.020177e-17,1.882481e-16,1.882481e-18
1.452986e+01,4.048373e-17,1.890943e-16,1.890943e-18
1.453253e+01,4.011107e-17,1.937428e-16,1.937428e-18
1.453521e+01,4.040075e-17,2.002401e-16,2.002401e-18
1.453788e+01,4.035798e-17,2.020621e-16,2.020621e-18
1.454055e+01,4.016380e-17,2.025248e-16,2.025248e-18
1.454323e+01,3.986643e-17,2.054885e-16,2.054885e-18
1.454590e+01,4.009219e-17,2.083907e-16,2.083907e-18
1.454857e+01,4.099270e-17,2.114037e-16,2.114037e-18
1.455125e+01,4.023565e-17,2.153462e-16,2.153462e-18
1.455392e+01,4.099000e-17,2.192978e-16,2.192978e-18
1.455659e+01,4.075408e-17,2.230749e-16,2.230749e-18
1.455927e+01,4.043796e-17,2.253319e-16,2.253319e-18
1.456194e+01,3.999942e-17,2.243945e-16,2.243945e-18
1.456461e+01,4.066785e-17,2.242715e-16,2.242715e-18
1.456729e+01,4.032216e-17,2.268122e-16,2.268122e-18
1.456996e+01,4.009529e-17,2.306059e-16,2.306059e-18
1.457263e+01,4.065899e-17,2.357136e-16,2.357136e-18
1.457531e+01,4.020029e-17,2.401312e-16,2.401312e-18
1.457798e+01,4.099154e-17,2.415904e-16,2.415904e-18
1.458065e+01,4.087604e-17,2.421277e-16,2.421277e-18
1.458333e+01,4.069013e-17,2.444456e-16,2.444456e-18
1.458600e+01,4.105346e-17,2.475094e-16,2.475094e-18
1.458867e+01,4.066523e-17,2.489074e-16,2.489074e-18
1.459135e+01,4.021818e-17,2.482587e-16,2.482587e-18
1.459402e+01,4.063333e-17,2.474442e-16,2.474442e-18
1.459669e+01,4.104831e-17,2.465333e-16,2.465333e-18
1.459937e+01,3.975436e-17,2.438431e-16,2.438431e-18
1.460204e+01,4.038560e-17,2.397520e-16,2.397520e-18
1.460471e+01,4.050035e-17,2.349975e-16,2.349975e-18
1.460739e+01,4.055514e-17,2.290508e-16,2.290508e-18
1.461006e+01,4.048251e-17,2.211833e-16,2.211833e-18
1.461273e+01,3.957036e-17,2.109098e-16,2.109098e-18
1.461541e+01,3.993434e-17,2.011732e-16,2.011732e-18
1.461808e+01,3.978265e-17,1.932131e-16,1.932131e-18
1.462075e+01,3.929013e-17,1.838384e-16,1.838384e-18
1.462343e+01,3.873266e-17,1.715540e-16,1.715540e-18
1.462610e+01,3.846061e-17,1.599404e-16,1.599404e-18
1.462877e+01,3.729286e-17,1.497215e-16,1.497215e-18
1.463145e+01,3.714961e-17,1.418221e-16,1.418221e-18
1.463412e+01,3.745405e-17,1.375013e-16,1.375013e-18
1.463679e+01,3.754707e-17,1.325746e-16,1.325746e-18
1.463947e+01,3.684408e-17,1.255162e-16,1.255162e-18
1.464214e+01,3.675212e-17,1.209279e-16,1.209279e-18
1.464481e+01,3.689636e-17,1.198309e-16,1.198309e-18
1.464749e+01,3.671104e-17,1.186573e-16,1.186573e-18
1.465016e+01,3.722749e-17,1.164277e-16,1.164277e-18
1.465284e+01,3.664654e-17,1.149249e-16,1.149249e-18
1.465551e+01,3.701390e-17,1.149040e-16,1.149040e-18
1.465818e+01,3.682239e-17,1.138923e-16,1.138923e-18
1.466086e+01,3.674968e-17,1.124320e-16,1.124320e-18
1.466353e+01,3.668912e-17,1.116748e-16,1.116748e-18
1.466620e+01,3.700207e-17,1.119934e-16,1.119934e-18
1.466888e+01,3.705889e-17,1.128778e-16,1.128778e-18
1.467155e+01,3.681313e-17,1.137784e-16,1.137784e-18
1.467422e+01,3.712083e-17,1.147227e-16,1.147227e-18
1.467690e+01,3.672558e-17,1.157489e-16,1.157489e-18
1.467957e+01,3.720491e-17,1.176448e-16,1.176448e-18
1.468224e+01,3.740239e-17,1.196911e-16,1.196911e-18
1.468492e+01,3.699124e-17,1.222559e-16,1.222559e-18
1.468759e+01,3.723990e-17,1.241334e-16,1.241334e-18
1.469026e+01,3.734166e-17,1.246129e-16,1.246129e-18
1.469294e+01,3.735069e-17,1.259830e-16,1.259830e-18
1.469561e+01,3.742061e-17,1.266989e-16,1.266989e-18
1.469828e+01,3.735749e-17,1.263207e-16,1.263207e-18
1.470096e+01,3.718396e-17,1.274720e-16,1.274720e-18
1.470363e+01,3.756495e-17,1.303553e-16,1.303553e-18
1.470630e+01,3.752567e-17,1.327506e-16,1.327506e-18
1.470898e+01,3.763300e-17,1.335440e-16,1.335440e-18
1.471165e+01,3.739302e-17,1.352468e-16,1.352468e-18
1.471432e+01,3.783971e-17,1.394124e-16,1.394124e-18
1.471700e+01,3.762596e-17,1.422212e-16,1.422212e-18
1.471967e+01,3.766536e-17,1.427937e-16,1.427937e-18
1.472234e+01,3.813190e-17,1.439637e-16,1.439637e-18
1.472502e+01,3.784771e-17,1.468311e-16,1.468311e-18
1.472769e+01,3.759025e-17,1.520571e-16,1.520571e-18
1.473036e+01,3.812575e-17,1.570402e-16,1.570402e-18
1.473304e+01,3.808297e-17,1.593582e-16,1.593582e-18
1.473571e+01,3.823893e-17,1.621897e-16,1.621897e-18
1.473838e+01,3.838058e-17,1.672989e-16,1.672989e-18
1.474106e+01,3.842762e-17,1.731660e-16,1.731660e-18
1.474373e+01,3.842446e-17,1.775077e-16,1.775077e-18
1.474640e+01,3.813832e-17,1.806471e-16,1.806471e-18
1.474908e+01,3.821479e-17,1.849000e-16,1.849000e-18
1.475175e+01,3.887242e-17,1.894583e-16,1.894583e-18
1.475442e+01,3.873293e-17,1.929135e-16,1.929135e-18
1.475710e+01,3.892495e-17,1.953748e-16,1.953748e-18
1.475977e+01,3.877269e-17,1.991678e-16,1.991678e-18
1.476244e+01,3.965075e-17,2.044690e-16,2.044690e-18
1.476512e+01,3.936793e-17,2.101225e-16,2.101225e-18
1.476779e+01,3.875482e-17,2.155003e-16,2.155003e-18
1.477046e+01,3.924858e-17,2.198473e-16,2.198473e-18
1.477314e+01,3.935892e-17,2.227283e-16,2.227283e-18
1.477581e+01,3.907996e-17,2.264183e-16,2.264183e-18
1.477848e+01,3.919011e-17,2.324244e-16,2.324244e-18
1.478116e+01,3.945231e-17,2.388771e-16,2.388771e-18
1.478383e+01,3.950885e-17,2.437336e-16,2.437336e-18
1.478650e+01,3.918730e-17,2.466514e-16,2.466514e-18
1.478918e+01,3.976277e-17,2.486061e-16,2.486061e-18
1.479185e+01,3.936286e-17,2.501749e-16,2.501749e-18
1.479452e+01,3.928993e-17,2.519060e-16,2.519060e-18
1.479720e+01,3.927099e-17,2.540267e-16,2.540267e-18
1.479987e+01,3.999704e-17,2.565055e-16,2.565055e-18
1.480254e+01,3.958809e-17,2.585194e-16,2.585194e-18
1.480522e+01,4.015330e-17,2.600330e-16,2.600330e-18
1.480789e+01,3.959286e-17,2.612213e-16,2.612213e-18
1.481056e+01,3.983803e-17,2.620704e-16,2.620704e-18
1.481324e+01,3.977674e-17,2.612082e-16,2.612082e-18
1.481591e+01,3.974058e-17,2.584710e-16,2.584710e-18
1.481859e+01,3.936381e-17,2.554888e-16,2.554888e-18
1.482126e+01,3.964135e-17,2.519926e-16,2.519926e-18
1.482393e+01,3.994023e-17,2.476672e-16,2.476672e-18
1.482661e+01,3.889680e-17,2.445030e-16,2.445030e-18
1.482928e+01,3.895083e-17,2.420827e-16,2.420827e-18
1.483195e+01,3.857198e-17,2.378554e-16,2.378554e-18
1.483463e+01,3.907755e-17,2.329945e-16,2.329945e-18
1.483730e+01,3.869765e-17,2.296739e-16,2.296739e-18
1.483997e+01,3.835624e-17,2.277158e-16,2.277158e-18
1.484265e+01,3.878780e-17,2.251307e-16,2.251307e-18
1.484532e+01,3.880820e-17,2.209664e-16,2.209664e-18
1.484799e+01,3.860240e-17,2.162169e-16,2.162169e-18
1.485067e+01,3.822472e-17,2.116412e-16,2.116412e-18
1.485334e+01,3.854762e-17,2.070465e-16,2.070465e-18
1.485601e+01,3.782688e-17,2.037246e-16,2.037246e-18
1.485869e+01,3.888615e-17,2.013582e-16,2.013582e-18
1.486136e+01,3.801946e-17,1.979118e-16,1.979118e-18
1.486403e+01,3.877929e-17,1.945892e-16,1.945892e-18
1.486671e+01,3.846893e-17,1.919930e-16,1.919930e-18
1.486938e+01,3.810464e-17,1.896579e-16,1.896579e-18
1.487205e+01,3.848598e-17,1.868128e-16,1.868128e-18
1.487473e+01,3.818033e-17,1.843095e-16,1.843095e-18
1.487740e+01,3.846696e-17,1.834761e-16,1.834761e-18
1.488007e+01,3.786241e-17,1.829933e-16,1.829933e-18
1.488275e+01,3.827405e-17,1.824875e-16,1.824875e-18
1.488542e+01,3.861734e-17,1.808410e-16,1.808410e-18
1.488809e+01,3.857786e-17,1.781634e-16,1.781634e-18
1.489077e+01,3.833083e-17,1.766001e-16,1.766001e-18
1.489344e+01,3.810613e-17,1.746523e-16,1.746523e-18
1.489611e+01,3.758846e-17,1.712048e-16,1.712048e-18
1.489879e+01,3.774625e-17,1.682477e-16,1.682477e-18
1.490146e+01,3.777058e-17,1.676264e-16,1.676264e-18
1.490413e+01,3.765884e-17,1.657057e-16,1.657057e-18
1.490681e+01,3.766235e-17,1.598026e-16,1.598026e-18
1.490948e+01,3.723053e-17,1.546640e-16,1.546640e-18
1.491215e+01,3.733075e-17,1.528725e-16,1.528725e-18
1.491483e+01,3.748256e-17,1.524445e-16,1.524445e-18
1.491750e+01,3.668480e-17,1.480934e-16,1.480934e-18
1.492017e+01,3.662637e-17,1.421630e-16,1.421630e-18
1.492285e+01,3.632964e-17,1.404126e-16,1.404126e-18
1.492552e+01,3.616805e-17,1.426768e-16,1.426768e-18
1.492819e+01,3.639071e-17,1.429019e-16,1.429019e-18
1.493087e+01,3.659399e-17,1.388156e-16,1.388156e-18
1.493354e+01,3.677947e-17,1.362431e-16,1.362431e-18
1.493621e+01,3.619149e-17,1.369018e-16,1.369018e-18
1.493889e+01,3.602350e-17,1.376148e-16,1.376148e-18
1.494156e+01,3.592047e-17,1.366072e-16,1.366072e-18
1.494423e+01,3.594559e-17,1.349381e-16,1.349381e-18
1.494691e+01,3.580602e-17,1.312451e-16,1.312451e-18
1.494958e+01,3.571583e-17,1.284232e-16,1.284232e-18
1.495225e+01,3.527407e-17,1.282965e-16,1.282965e-18
1.495493e+01,3.523132e-17,1.273019e-16,1.273019e-18
1.495760e+01,3.507736e-17,1.244819e-16,1.244819e-18
1.496027e+01,3.580629e-17,1.230114e-16,1.230114e-18
1.496295e+01,3.557512e-17,1.217776e-16,1.217776e-18
1.496562e+01,3.537653e-17,1.190921e-16,1.190921e-18
1.496829e+01,3.514132e-17,1.175943e-16,1.175943e-18
1.497097e+01,3.482448e-17,1.177698e-16,1.177698e-18
1.497364e+01,3.419435e-17,1.172820e-16,1.172820e-18
1.497631e+01,3.454646e-17,1.153918e-16,1.153918e-18
1.497899e+01,3.475172e-17,1.148325e-16,1.148325e-18
1.498166e+01,3.443103e-17,1.167015e-16,1.167015e-18
1.498434e+01,3.437462e-17,1.184687e-16,1.184687e-18
1.498701e+01,3.526285e-17,1.186809e-16,1.186809e-18
1.498968e+01,3.472754e-17,1.174586e-16,1.174586e-18
1.499236e+01,3.488978e-17,1.149984e-16,1.149984e-18
1.499503e+01,3.503754e-17,1.137152e-16,1.137152e-18
1.499770e+01,3.483533e-17,1.161259e-16,1.161259e-18
1.500038e+01,3.537027e-17,1.199829e-16,1.199829e-18
1.500305e+01,3.488861e-17,1.216362e-16,1.216362e-18
1.500572e+01,3.555994e-17,1.244820e-16,1.244820e-18
1.500840e+01,3.537463e-17,1.296205e-16,1.296205e-18
1.501107e+01,3.528215e-17,1.332378e-16,1.332378e-18
1.501374e+01,3.573731e-17,1.350543e-16,1.350543e-18
1.501642e+01,3.587445e-17,1.373197e-16,1.373197e-18
1.501909e+01,3.549806e-17,1.411675e-16,1.411675e-18
1.502176e+01,3.574522e-17,1.460138e-16,1.460138e-18
1.502444e+01,3.628859e-17,1.496721e-16,1.496721e-18
1.502711e+01,3.609414e-17,1.515847e-16,1.515847e-18
1.502978e+01,3.612562e-17,1.519986e-16,1.519986e-18
1.503246e+01,3.607286e-17,1.519841e-16,1.519841e-18
1.503513e+01,3.595638e-17,1.527519e-16,1.527519e-18
1.503780e+01,3.580845e-17,1.541433e-16,1.541433e-18
1.504048e+01,3.620431e-17,1.551835e-16,1.551835e-18
1.504315e+01,3.614624e-17,1.545845e-16,1.545845e-18
1.504582e+01,3.500132e-17,1.531733e-16,1.531733e-18
1.504850e+01,3.589297e-17,1.541706e-16,1.541706e-18
1.505117e+01,3.645025e-17,1.573624e-16,1.573624e-18
1.505384e+01,3.647086e-17,1.582645e-16,1.582645e-18
1.505652e+01,3.651906e-17,1.559357e-16,1.559357e-18
1.505919e+01,3.598242e-17,1.546797e-16,1.546797e-18
1.506186e+01,3.649751e-17,1.563532e-16,1.563532e-18
1.506454e+01,3.640855e-17,1.579043e-16,1.579043e-18
1.506721e+01,3.612170e-17,1.581484e-16,1.581484e-18
1.506988e+01,3.623907e-17,1.587625e-16,1.587625e-18
1.507256e+01,3.627324e-17,1.585824e-16,1.585824e-18
1.507523e+01,3.559222e-17,1.578390e-16,1.578390e-18
1.507790e+01,3.630036e-17,1.583643e-16,1.583643e-18
1.508058e+01,3.626899e-17,1.595377e-16,1.595377e-18
1.508325e+01,3.611530e-17,1.596468e-16,1.596468e-18
1.508592e+01,3.654920e-17,1.596801e-16,1.596801e-18
1.508860e+01,3.635199e-17,1.596239e-16,1.596239e-18
1.509127e+01,3.693484e-17,1.595236e-16,1.595236e-18
1.509394e+01,3.711394e-17,1.591190e-16,1.591190e-18
1.509662e+01,3.688399e-17,1.566235e-16,1.566235e-18
1.509929e+01,3.661173e-17,1.531431e-16,1.531431e-18
1.510196e+01,3.649817e-17,1.521215e-16,1.521215e-18
1.510464e+01,3.739511e-17,1.528520e-16,1.528520e-18
1.510731e+01,3.688154e-17,1.511151e-16,1.511151e-18
1.510998e+01,3.621026e-17,1.481691e-16,1.481691e-18
1.511266e+01,3.643217e-17,1.457414e-16,1.457414e-18
1.511533e+01,3.719804e-17,1.438693e-16,1.438693e-18
1.511800e+01,3.617600e-17,1.435301e-16,1.435301e-18
1.512068e+01,3.682279e-17,1.447096e-16,1.447096e-18
1.512335e+01,3.663665e-17,1.439775e-16,1.439775e-18
1.512602e+01,3.624910e-17,1.419908e-16,1.419908e-18
1.512870e+01,3.618025e-17,1.415204e-16,1.415204e-18
1.513137e+01,3.633207e-17,1.416752e-16,1.416752e-18
1.513404e+01,3.624150e-17,1.408669e-16,1.408669e-18
1.513672e+01,3.642100e-17,1.407828e-16,1.407828e-18
1.513939e+01,3.589390e-17,1.418606e-16,1.418606e-18
1.514206e+01,3.607825e-17,1.424732e-16,1.424732e-18
1.514474e+01,3.643536e-17,1.438789e-16,1.438789e-18
1.514741e+01,3.655116e-17,1.452334e-16,1.452334e-18
1.515009e+01,3.625853e-17,1.460518e-16,1.460518e-18
1.515276e+01,3.675274e-17,1.464968e-16,1.464968e-18
1.515543e+01,3.700873e-17,1.466565e-16,1.466565e-18
1.515811e+01,3.605460e-17,1.465711e-16,1.465711e-18
1.516078e+01,3.660962e-17,1.488095e-16,1.488095e-18
1.516345e+01,3.693037e-17,1.528394e-16,1.528394e-18
1.516613e+01,3.668257e-17,1.545566e-16,1.545566e-18
1.516880e+01,3.649205e-17,1.533576e-16,1.533576e-18
1.517147e+01,3.649666e-17,1.529234e-16,1.529234e-18
1.517415e+01,3.683610e-17,1.538774e-16,1.538774e-18
1.517682e+01,3.660463e-17,1.541216e-16,1.541216e-18
1.517949e+01,3.715082e-17,1.539203e-16,1.539203e-18
1.518217e+01,3.678671e-17,1.549800e-16,1.549800e-18
1.518484e+01,3.656719e-17,1.571273e-16,1.571273e-18
1.518751e+01,3.605372e-17,1.587554e-16,1.587554e-18
1.519019e+01,3.711902e-17,1.590176e-16,1.590176e-18
1.519286e+01,3.649229e-17,1.578546e-16,1.578546e-18
1.519553e+01,3.623242e-17,1.577355e-16,1.577355e-18
1.519821e+01,3.689434e-17,1.600169e-16,1.600169e-18
1.520088e+01,3.624084e-17,1.626460e-16,1.626460e-18
1.520355e+01,3.717154e-17,1.633020e-16,1.633020e-18
1.520623e+01,3.720620e-17,1.627044e-16,1.627044e-18
1.520890e+01,3.708639e-17,1.635705e-16,1.635705e-18
1.521157e+01,3.709638e-17,1.662942e-16,1.662942e-18
1.521425e+01,3.739444e-17,1.682047e-16,1.682047e-18
1.521692e+01,3.726426e-17,1.661564e-16,1.661564e-18
1.521959e+01,3.699889e-17,1.640726e-16,1.640726e-18
1.522227e+01,3.749013e-17,1.642449e-16,1.642449e-18
1.522494e+01,3.758493e-17,1.648533e-16,1.648533e-18
1.522761e+01,3.692119e-17,1.639699e-16,1.639699e-18
1.523029e+01,3.669102e-17,1.629899e-16,1.629899e-18
1.523296e+01,3.711098e-17,1.627619e-16,1.627619e-18
1.523563e+01,3.728455e-17,1.625882e-16,1.625882e-18
1.523831e+01,3.742528e-17,1.615109e-16,1.615109e-18
1.524098e+01,3.701350e-17,1.604433e-16,1.604433e-18
1.524365e+01,3.699746e-17,1.592399e-16,1.592399e-18
1.524633e+01,3.652583e-17,1.568137e-16,1.568137e-18
1.524900e+01,3.614149e-17,1.545912e-16,1.545912e-18
1.525167e+01,3.619475e-17,1.531816e-16,1.531816e-18
1.525435e+01,3.624848e-17,1.518806e-16,1.518806e-18
1.525702e+01,3.613163e-17,1.500297e-16,1.500297e-18
1.525969e+01,3.573792e-17,1.478189e-16,1.478189e-18
1.526237e+01,3.608883e-17,1.453430e-16,1.453430e-18
1.526504e+01,3.588084e-17,1.428490e-16,1.428490e-18
1.526771e+01,3.542273e-17,1.420822e-16,1.420822e-18
1.527039e+01,3.507257e-17,1.426248e-16,1.426248e-18
1.527306e+01,3.566853e-17,1.421139e-16,1.421139e-18
1.527573e+01,3.574969e-17,1.397758e-16,1.397758e-18
1.527841e+01,3.517032e-17,1.382714e-16,1.382714e-18
1.528108e+01,3.490227e-17,1.399127e-16,1.399127e-18
1.528375e+01,3.523407e-17,1.421672e-16,1.421672e-18
1.528643e+01,3.537867e-17,1.426665e-16,1.426665e-18
1.528910e+01,3.498102e-17,1.427432e-16,1.427432e-18
1.529177e+01,3.554045e-17,1.445484e-16,1.445484e-18
1.529445e+01,3.551315e-17,1.450281e-16,1.450281e-18
1.529712e+01,3.524818e-17,1.434796e-16,1.434796e-18
1.529979e+01,3.503974e-17,1.430468e-16,1.430468e-18
1.530247e+01,3.581949e-17,1.439927e-16,1.439927e-18
1.530514e+01,3.535855e-17,1.439727e-16,1.439727e-18
1.530781e+01,3.466787e-17,1.443206e-16,1.443206e-18
1.531049e+01,3.506851e-17,1.457854e-16,1.457854e-18
1.531316e+01,3.534083e-17,1.471270e-16,1.471270e-18
1.531584e+01,3.526707e-17,1.473074e-16,1.473074e-18
1.531851e+01,3.528080e-17,1.469497e-16,1.469497e-18
1.532118e+01,3.567465e-17,1.475796e-16,1.475796e-18
1.532386e+01,3.463454e-17,1.475896e-16,1.475896e-18
1.532653e+01,3.600918e-17,1.478309e-16,1.478309e-18
1.532920e+01,3.473438e-17,1.468466e-16,1.468466e-18
1.533188e+01,3.552915e-17,1.446551e-16,1.446551e-18
1.533455e+01,3.526176e-17,1.441730e-16,1.441730e-18
1.533722e+01,3.526664e-17,1.460697e-16,1.460697e-18
1.533990e+01,3.553726e-17,1.449894e-16,1.449894e-18
1.534257e+01,3.487329e-17,1.410228e-16,1.410228e-18
1.534524e+01,3.450580e-17,1.389476e-16,1.389476e-18
1.534792e+01,3.555787e-17,1.391265e-16,1.391265e-18
1.535059e+01,3.509581e-17,1.383297e-16,1.383297e-18
1.535326e+01,3.501291e-17,1.354458e-16,1.354458e-18
1.535594e+01,3.510586e-17,1.323788e-16,1.323788e-18
1.535861e+01,3.420001e-17,1.317855e-16,1.317855e-18
1.536128e+01,3.458545e-17,1.319408e-16,1.319408e-18
1.536396e+01,3.406300e-17,1.301098e-16,1.301098e-18
1.536663e+01,3.474391e-17,1.288935e-16,1.288935e-18
1.536930e+01,3.476231e-17,1.287402e-16,1.287402e-18
1.537198e+01,3.438086e-17,1.271512e-16,1.271512e-18
1.537465e+01,3.492326e-17,1.255572e-16,1.255572e-18
1.537732e+01,3.407200e-17,1.252446e-16,1.252446e-18
1.538000e+01,3.434795e-17,1.255808e-16,1.255808e-18
1.538267e+01,3.473659e-17,1.264583e-16,1.264583e-18
1.538534e+01,3.484743e-17,1.266559e-16,1.266559e-18
1.538802e+01,3.414410e-17,1.232159e-16,1.232159e-18
1.539069e+01,3.433728e-17,1.202967e-16,1.202967e-18
1.539336e+01,3.410600e-17,1.211331e-16,1.211331e-18
1.539604e+01,3.470401e-17,1.229767e-16,1.229767e-18
1.539871e+01,3.517256e-17,1.244451e-16,1.244451e-18
1.540138e+01,3.476162e-17,1.266479e-16,1.266479e-18
1.540406e+01,3.476038e-17,1.274521e-16,1.274521e-18
1.540673e+01,3.455217e-17,1.264966e-16,1.264966e-18
1.540940e+01,3.443876e-17,1.268688e-16,1.268688e-18
1.541208e+01,3.489823e-17,1.304636e-16,1.304636e-18
1.541475e+01,3.536025e-17,1.343486e-16,1.343486e-18
1.541742e+01,3.461748e-17,1.355347e-16,1.355347e-18
1.542010e+01,3.450994e-17,1.366227e-16,1.366227e-18
1.542277e+01,3.467997e-17,1.393369e-16,1.393369e-18
1.542544e+01,3.505912e-17,1.422868e-16,1.422868e-18
1.542812e+01,3.503023e-17,1.450518e-16,1.450518e-18
1.543079e+01,3.522264e-17,1.479026e-16,1.479026e-18
1.543346e+01,3.489231e-17,1.505587e-16,1.505587e-18
1.543614e+01,3.474136e-17,1.540010e-16,1.540010e-18
1.543881e+01,3.470820e-17,1.577069e-16,1.577069e-18
1.544148e+01,3.526495e-17,1.604142e-16,1.604142e-18
1.544416e+01,3.485232e-17,1.623196e-16,1.623196e-18
1.544683e+01,3.463526e-17,1.637774e-16,1.637774e-18
1.544950e+01,3.489722e-17,1.646664e-16,1.646664e-18
1.545218e+01,3.450855e-17,1.657241e-16,1.657241e-18
1.545485e+01,3.482694e-17,1.691071e-16,1.691071e-18
1.545752e+01,3.460980e-17,1.717620e-16,1.717620e-18
1.546020e+01,3.417500e-17,1.721553e-16,1.721553e-18
1.546287e+01,3.484782e-17,1.717532e-16,1.717532e-18
1.546554e+01,3.466336e-17,1.717309e-16,1.717309e-18
1.546822e+01,3.405571e-17,1.732671e-16,1.732671e-18
1.547089e+01,3.473524e-17,1.753023e-16,1.753023e-18
1.547356e+01,3.367271e-17,1.751614e-16,1.751614e-18
1.547624e+01,3.456755e-17,1.748936e-16,1.748936e-18
1.547891e+01,3.436664e-17,1.753814e-16,1.753814e-18
1.548159e+01,3.463673e-17,1.754985e-16,1.754985e-18
1.548426e+01,3.455902e-17,1.756183e-16,1.756183e-18
1.548693e+01,3.441962e-17,1.771192e-16,1.771192e-18
1.548961e+01,3.479772e-17,1.801487e-16,1.801487e-18
1.549228e+01,3.511141e-17,1.838037e-16,1.838037e-18
1.549495e+01,3.476210e-17,1.865910e-16,1.865910e-18
1.549763e+01,3.456845e-17,1.880664e-16,1.880664e-18
1.550030e+01,3.507961e-17,1.895763e-16,1.895763e-18
1.550297e+01,3.537261e-17,1.913565e-16,1.913565e-18
1.550565e+01,3.503422e-17,1.924002e-16,1.924002e-18
1.550832e+01,3.531684e-17,1.933645e-16,1.933645e-18
1.551099e+01,3.536395e-17,1.935226e-16,1.935226e-18
1.551367e+01,3.483816e-17,1.915977e-16,1.915977e-18
1.551634e+01,3.486959e-17,1.886824e-16,1.886824e-18
1.551901e+01,3.497672e-17,1.860846e-16,1.860846e-18
1.552169e+01,3.494845e-17,1.831152e-16,1.831152e-18
1.552436e+01,3.526517e-17,1.784503e-16,1.784503e-18
1.552703e+01,3.499109e-17,1.721777e-16,1.721777e-18
1.552971e+01,3.492311e-17,1.661562e-16,1.661562e-18
1.553238e+01,3.496269e-17,1.604447e-16,1.604447e-18
1.553505e+01,3.462242e-17,1.561738e-16,1.561738e-18
1.553773e+01,3.453486e-17,1.523666e-16,1.523666e-18
1.554040e+01,3.468702e-17,1.466457e-16,1.466457e-18
1.554307e+01,3.490804e-17,1.412163e-16,1.412163e-18
1.554575e+01,3.423739e-17,1.391858e-16,1.391858e-18
1.554842e+01,3.450857e-17,1.394706e-16,1.394706e-18
1.555109e+01,3.468126e-17,1.388508e-16,1.388508e-18
1.555377e+01,3.432630e-17,1.384093e-16,1.384093e-18
1.555644e+01,3.461394e-17,1.396191e-16,1.396191e-18
1.555911e+01,3.447322e-17,1.405567e-16,1.405567e-18
1.556179e+01,3.476439e-17,1.401679e-16,1.401679e-18
1.556446e+01,3.406110e-17,1.382057e-16,1.382057e-18
1.556713e+01,3.379105e-17,1.366843e-16,1.366843e-18
1.556981e+01,3.421239e-17,1.351447e-16,1.351447e-18
1.557248e+01,3.427323e-17,1.333868e-16,1.333868e-18
1.557515e+01,3.428261e-17,1.321733e-16,1.321733e-18
1.557783e+01,3.393788e-17,1.321132e-16,1.321132e-18
1.558050e+01,3.398202e-17,1.331925e-16,1.331925e-18
1.558317e+01,3.434107e-17,1.345476e-16,1.345476e-18
1.558585e+01,3.451936e-17,1.338118e-16,1.338118e-18
1.558852e+01,3.419492e-17,1.318862e-16,1.318862e-18
1.559119e+01,3.404148e-17,1.326208e-16,1.326208e-18
1.559387e+01,3.458486e-17,1.336026e-16,1.336026e-18
1.559654e+01,3.484088e-17,1.308545e-16,1.308545e-18
1.559921e+01,3.419682e-17,1.263474e-16,1.263474e-18
1.560189e+01,3.390404e-17,1.235421e-16,1.235421e-18
1.560456e+01,3.423657e-17,1.222858e-16,1.222858e-18
1.560723e+01,3.353849e-17,1.220239e-16,1.220239e-18
1.560991e+01,3.386487e-17,1.215545e-16,1.215545e-18
1.561258e+01,3.397525e-17,1.198704e-16,1.198704e-18
1.561525e+01,3.395634e-17,1.183746e-16,1.183746e-18
1.561793e+01,3.435403e-17,1.183098e-16,1.183098e-18
1.562060e+01,3.315292e-17,1.183081e-16,1.183081e-18
1.562327e+01,3.340703e-17,1.179138e-16,1.179138e-18
1.562595e+01,3.390065e-17,1.172406e-16,1.172406e-18
1.562862e+01,3.427262e-17,1.166831e-16,1.166831e-18
1.563129e+01,3.322584e-17,1.156198e-16,1.156198e-18
1.563397e+01,3.401769e-17,1.151978e-16,1.151978e-18
1.563664e+01,3.391838e-17,1.154667e-16,1.154667e-18
1.563932e+01,3.412070e-17,1.161792e-16,1.161792e-18
1.564199e+01,3.361838e-17,1.181012e-16,1.181012e-18
1.564466e+01,3.375892e-17,1.194038e-16,1.194038e-18
1.564734e+01,3.413298e-17,1.193555e-16,1.193555e-18
1.565001e+01,3.397585e-17,1.190799e-16,1.190799e-18
1.565268e+01,3.421325e-17,1.186377e-16,1.186377e-18
1.565536e+01,3.376206e-17,1.182853e-16,1.182853e-18
1.565803e+01,3.370775e-17,1.200276e-16,1.200276e-18
1.566070e+01,3.378082e-17,1.212877e-16,1.212877e-18
1.566338e+01,3.410359e-17,1.211797e-16,1.211797e-18
1.566605e+01,3.392943e-17,1.203238e-16,1.203238e-18
1.566872e+01,3.388776e-17,1.197799e-16,1.197799e-18
1.567140e+01,3.396764e-17,1.207478e-16,1.207478e-18
1.567407e+01,3.389699e-17,1.222579e-16,1.222579e-18
1.567674e+01,3.364148e-17,1.215079e-16,1.215079e-18
1.567942e+01,3.361806e-17,1.194784e-16,1.194784e-18
1.568209e+01,3.357578e-17,1.182023e-16,1.182023e-18
1.568476e+01,3.351804e-17,1.178458e-16,1.178458e-18
1.568744e+01,3.409618e-17,1.186475e-16,1.186475e-18
1.569011e+01,3.319184e-17,1.200272e-16,1.200272e-18
1.569278e+01,3.377465e-17,1.198283e-16,1.198283e-18
1.569546e+01,3.335140e-17,1.182820e-16,1.182820e-18
1.569813e+01,3.345463e-17,1.176154e-16,1.176154e-18
1.570080e+01,3.372797e-17,1.167495e-16,1.167495e-18
1.570348e+01,3.312233e-17,1.152386e-16,1.152386e-18
1.570615e+01,3.318179e-17,1.155730e-16,1.155730e-18
1.570882e+01,3.328243e-17,1.169239e-16,1.169239e-18
1.571150e+01,3.342946e-17,1.169526e-16,1.169526e-18
1.571417e+01,3.383160e-17,1.166021e-16,1.166021e-18
1.571684e+01,3.349794e-17,1.165279e-16,1.165279e-18
1.571952e+01,3.384314e-17,1.171458e-16,1.171458e-18
1.572219e+01,3.352002e-17,1.191403e-16,1.191403e-18
1.572486e+01,3.328156e-17,1.205337e-16,1.205337e-18
1.572754e+01,3.333913e-17,1.195130e-16,1.195130e-18
1.573021e+01,3.386817e-17,1.200202e-16,1.200202e-18
1.573288e+01,3.385689e-17,1.236888e-16,1.236888e-18
1.573556e+01,3.399730e-17,1.260358e-16,1.260358e-18
1.573823e+01,3.390980e-17,1.264232e-16,1.264232e-18
1.574090e+01,3.415800e-17,1.283303e-16,1.283303e-18
1.574358e+01,3.363172e-17,1.288872e-16,1.288872e-18
1.574625e+01,3.346042e-17,1.286562e-16,1.286562e-18
1.574892e+01,3.303600e-17,1.293929e-16,1.293929e-18
1.575160e+01,3.365488e-17,1.301987e-16,1.301987e-18
1.575427e+01,3.387006e-17,1.317185e-16,1.317185e-18
1.575694e+01,3.397894e-17,1.345868e-16,1.345868e-18
1.575962e+01,3.467479e-17,1.359670e-16,1.359670e-18
1.576229e+01,3.389438e-17,1.358727e-16,1.358727e-18
1.576496e+01,3.411639e-17,1.367006e-16,1.367006e-18
1.576764e+01,3.394202e-17,1.370778e-16,1.370778e-18
1.577031e+01,3.453959e-17,1.391308e-16,1.391308e-18
1.577298e+01,3.419746e-17,1.418924e-16,1.418924e-18
1.577566e+01,3.422056e-17,1.454404e-16,1.454404e-18
1.577833e+01,3.427430e-17,1.492276e-16,1.492276e-18
1.578100e+01,3.484504e-17,1.524872e-16,1.524872e-18
1.578368e+01,3.507886e-17,1.548224e-16,1.548224e-18
1.578635e+01,3.523242e-17,1.558379e-16,1.558379e-18
1.578902e+01,3.495996e-17,1.556981e-16,1.556981e-18
1.579170e+01,3.495820e-17,1.566670e-16,1.566670e-18
1.579437e+01,3.495611e-17,1.577487e-16,1.577487e-18
1.579704e+01,3.509908e-17,1.582273e-16,1.582273e-18
1.579972e+01,3.504453e-17,1.594272e-16,1.594272e-18
1.580239e+01,3.506351e-17,1.614866e-16,1.614866e-18
1.580507e+01,3.479939e-17,1.625992e-16,1.625992e-18
1.580774e+01,3.518815e-17,1.636109e-16,1.636109e-18
1.581041e+01,3.490798e-17,1.662168e-16,1.662168e-18
1.581309e+01,3.459765e-17,1.683734e-16,1.683734e-18
1.581576e+01,3.496953e-17,1.690043e-16,1.690043e-18
1.581843e+01,3.498227e-17,1.695899e-16,1.695899e-18
1.582111e+01,3.470214e-17,1.712053e-16,1.712053e-18
1.582378e+01,3.490604e-17,1.727540e-16,1.727540e-18
1.582645e+01,3.439815e-17,1.727157e-16,1.727157e-18
1.582913e+01,3.437982e-17,1.734248e-16,1.734248e-18
1.583180e+01,3.453378e-17,1.752997e-16,1.752997e-18
1.583447e+01,3.422272e-17,1.765648e-16,1.765648e-18
1.583715e+01,3.496679e-17,1.770661e-16,1.770661e-18
1.583982e+01,3.458721e-17,1.773558e-16,1.773558e-18
1.584249e+01,3.449211e-17,1.782797e-16,1.782797e-18
1.584517e+01,3.509201e-17,1.789474e-16,1.789474e-18
1.584784e+01,3.513819e-17,1.783783e-16,1.783783e-18
1.585051e+01,3.474234e-17,1.773085e-16,1.773085e-18
1.585319e+01,3.464656e-17,1.761773e-16,1.761773e-18
1.585586e+01,3.488857e-17,1.747327e-16,1.747327e-18
1.585853e+01,3.471992e-17,1.721466e-16,1.721466e-18
1.586121e+01,3.489364e-17,1.694759e-16,1.694759e-18
1.586388e+01,3.443434e-17,1.688888e-16,1.688888e-18
1.586655e+01,3.474613e-17,1.692525e-16,1.692525e-18
1.586923e+01,3.456001e-17,1.669002e-16,1.669002e-18
1.587190e+01,3.470804e-17,1.628103e-16,1.628103e-18
1.587457e+01,3.436207e-17,1.591012e-16,1.591012e-18
1.587725e+01,3.437631e-17,1.553545e-16,1.553545e-18
1.587992e+01,3.429957e-17,1.502536e-16,1.502536e-18
1.588259e+01,3.416587e-17,1.449499e-16,1.449499e-18
1.588527e+01,3.382462e-17,1.401313e-16,1.401313e-18
1.588794e+01,3.368734e-17,1.361245e-16,1.361245e-18
1.589061e+01,3.329606e-17,1.330499e-16,1.330499e-18
1.589329e+01,3.334608e-17,1.304586e-16,1.304586e-18
1.589596e+01,3.284977e-17,1.278308e-16,1.278308e-18
1.589863e+01,3.331464e-17,1.241843e-16,1.241843e-18
1.590131e+01,3.259299e-17,1.201300e-16,1.201300e-18
1.590398e+01,3.287375e-17,1.178130e-16,1.178130e-18
1.590665e+01,3.280414e-17,1.171157e-16,1.171157e-18
1.590933e+01,3.295720e-17,1.150596e-16,1.150596e-18
1.591200e+01,3.329719e-17,1.118406e-16,1.118406e-18
1.591467e+01,3.338991e-17,1.106281e-16,1.106281e-18
1.591735e+01,3.290459e-17,1.098568e-16,1.098568e-18
1.592002e+01,3.327906e-17,1.085289e-16,1.085289e-18
1.592269e+01,3.264854e-17,1.073370e-16,1.073370e-18
1.592537e+01,3.243194e-17,1.056991e-16,1.056991e-18
1.592804e+01,3.274571e-17,1.039630e-16,1.039630e-18
1.593071e+01,3.256676e-17,1.025381e-16,1.025381e-18
1.593339e+01,3.301592e-17,1.021910e-16,1.021910e-18
1.593606e+01,3.235989e-17,1.011245e-16,1.011245e-18
1.593873e+01,3.227659e-17,9.932180e-17,9.932180e-19
1.594141e+01,3.259899e-17,9.776809e-17,9.776809e-19
1.594408e+01,3.254619e-17,9.739151e-17,9.739151e-19
1.594675e+01,3.220754e-17,9.638082e-17,9.638082e-19
1.594943e+01,3.196594e-17,9.428901e-17,9.428901e-19
1.595210e+01,3.209119e-17,9.219770e-17,9.219770e-19
1.595477e+01,3.212389e-17,9.186610e-17,9.186610e-19
1.595745e+01,3.201147e-17,9.253553e-17,9.253553e-19
1.596012e+01,3.216926e-17,9.285777e-17,9.285777e-19
1.596279e+01,3.228100e-17,9.128170e-17,9.128170e-19
1.596547e+01,3.232257e-17,8.998402e-17,8.998402e-19
1.596814e+01,3.169561e-17,8.971204e-17,8.971204e-19
1.597082e+01,3.187894e-17,9.003884e-17,9.003884e-19
1.597349e+01,3.191565e-17,9.070670e-17,9.070670e-19
1.597616e+01,3.188908e-17,9.026462e-17,9.026462e-19
1.597884e+01,3.125694e-17,8.959632e-17,8.959632e-19
1.598151e+01,3.175313e-17,8.998553e-17,8.998553e-19
1.598418e+01,3.122751e-17,9.103343e-17,9.103343e-19
1.598686e+01,3.190131e-17,9.281406e-17,9.281406e-19
1.598953e+01,3.197955e-17,9.341110e-17,9.341110e-19
1.599220e+01,3.164438e-17,9.119526e-17,9.119526e-19
1.599488e+01,3.110429e-17,9.038450e-17,9.038450e-19
1.599755e+01,3.178836e-17,9.203546e-17,9.203546e-19
1.600022e+01,3.183220e-17,9.152319e-17,9.152319e-19
1.600290e+01,3.213957e-17,9.032954e-17,9.032954e-19
1.600557e+01,3.175615e-17,9.004537e-17,9.004537e-19
1.600824e+01,3.137524e-17,8.928205e-17,8.928205e-19
1.601092e+01,3.122933e-17,8.766965e-17,8.766965e-19
1.601359e+01,3.123723e-17,8.692956e-17,8.692956e-19
1.601626e+01,3.117601e-17,8.724674e-17,8.724674e-19
1.601894e+01,3.128234e-17,8.687401e-17,8.687401e-19
1.602161e+01,3.149814e-17,8.526763e-17,8.526763e-19
1.602428e+01,3.080159e-17,8.291777e-17,8.291777e-19
1.602696e+01,3.097503e-17,8.219618e-17,8.219618e-19
1.602963e+01,3.157388e-17,8.383643e-17,8.383643e-19
1.603230e+01,3.143692e-17,8.633082e-17,8.633082e-19
1.603498e+01,3.135498e-17,8.846879e-17,8.846879e-19
1.603765e+01,3.146685e-17,8.935671e-17,8.935671e-19
1.604032e+01,3.154330e-17,9.001975e-17,9.001975e-19
1.604300e+01,3.178636e-17,9.262874e-17,9.262874e-19
1.604567e+01,3.199879e-17,9.472435e-17,9.472435e-19
1.604834e+01,3.138932e-17,9.776897e-17,9.776897e-19
1.605102e+01,3.177945e-17,1.018788e-16,1.018788e-18
1.605369e+01,3.199319e-17,1.035732e-16,1.035732e-18
1.605636e+01,3.189798e-17,1.042635e-16,1.042635e-18
1.605904e+01,3.166706e-17,1.075399e-16,1.075399e-18
1.606171e+01,3.245712e-17,1.129017e-16,1.129017e-18
1.606438e+01,3.211165e-17,1.186738e-16,1.186738e-18
1.606706e+01,3.256863e-17,1.242348e-16,1.242348e-18
1.606973e+01,3.246033e-17,1.283196e-16,1.283196e-18
1.607240e+01,3.308913e-17,1.308066e-16,1.308066e-18
1.607508e+01,3.248034e-17,1.331164e-16,1.331164e-18
1.607775e+01,3.293560e-17,1.342485e-16,1.342485e-18
1.608042e+01,3.325195e-17,1.342788e-16,1.342788e-18
1.608310e+01,3.268897e-17,1.341717e-16,1.341717e-18
1.608577e+01,3.287041e-17,1.335978e-16,1.335978e-18
1.608844e+01,3.272500e-17,1.329991e-16,1.329991e-18
1.609112e+01,3.341258e-17,1.348610e-16,1.348610e-18
1.609379e+01,3.296543e-17,1.359588e-16,1.359588e-18
1.609646e+01,3.303706e-17,1.354662e-16,1.354662e-18
1.609914e+01,3.253340e-17,1.363517e-16,1.363517e-18
1.610181e+01,3.316703e-17,1.363842e-16,1.363842e-18
1.610448e+01,3.244327e-17,1.350434e-16,1.350434e-18
1.610716e+01,3.296470e-17,1.363272e-16,1.363272e-18
1.610983e+01,3.266378e-17,1.380794e-16,1.380794e-18
1.611250e+01,3.246773e-17,1.383691e-16,1.383691e-18
1.611518e+01,3.251718e-17,1.389231e-16,1.389231e-18
1.611785e+01,3.267202e-17,1.409090e-16,1.409090e-18
1.612052e+01,3.230515e-17,1.432052e-16,1.432052e-18
1.612320e+01,3.255143e-17,1.441173e-16,1.441173e-18
1.612587e+01,3.280976e-17,1.443401e-16,1.443401e-18
1.612854e+01,3.292253e-17,1.459850e-16,1.459850e-18
1.613122e+01,3.259180e-17,1.471739e-16,1.471739e-18
1.613389e+01,3.282594e-17,1.471460e-16,1.471460e-18
1.613657e+01,3.227536e-17,1.475266e-16,1.475266e-18
1.613924e+01,3.303332e-17,1.490989e-16,1.490989e-18
1.614191e+01,3.302121e-17,1.513679e-16,1.513679e-18
1.614459e+01,3.293003e-17,1.531011e-16,1.531011e-18
1.614726e+01,3.300391e-17,1.547027e-16,1.547027e-18
1.614993e+01,3.289623e-17,1.563627e-16,1.563627e-18
1.615261e+01,3.306669e-17,1.569766e-16,1.569766e-18
1.615528e+01,3.339443e-17,1.553494e-16,1.553494e-18
1.615795e+01,3.274709e-17,1.530288e-16,1.530288e-18
1.616063e+01,3.277042e-17,1.516967e-16,1.516967e-18
1.616330e+01,3.299032e-17,1.518794e-16,1.518794e-18
1.616597e+01,3.294754e-17,1.524919e-16,1.524919e-18
1.616865e+01,3.265538e-17,1.514663e-16,1.514663e-18
1.617132e+01,3.326200e-17,1.500332e-16,1.500332e-18
1.617399e+01,3.257479e-17,1.494821e-16,1.494821e-18
1.617667e+01,3.254578e-17,1.489086e-16,1.489086e-18
1.617934e+01,3.279371e-17,1.467269e-16,1.467269e-18
1.618201e+01,3.280704e-17,1.432451e-16,1.432451e-18
1.618469e+01,3.216969e-17,1.397094e-16,1.397094e-18
1.618736e+01,3.212269e-17,1.385227e-16,1.385227e-18
1.619003e+01,3.253217e-17,1.387867e-16,1.387867e-18
1.619271e+01,3.245078e-17,1.375363e-16,1.375363e-18
1.619538e+01,3.201158e-17,1.360859e-16,1.360859e-18
1.619805e+01,3.192059e-17,1.360088e-16,1.360088e-18
1.620073e+01,3.146586e-17,1.352277e-16,1.352277e-18
1.620340e+01,3.169887e-17,1.327960e-16,1.327960e-18
1.620607e+01,3.183885e-17,1.304763e-16,1.304763e-18
1.620875e+01,3.185873e-17,1.279901e-16,1.279901e-18
1.621142e+01,3.220547e-17,1.252784e-16,1.252784e-18
1.621409e+01,3.167856e-17,1.232402e-16,1.232402e-18
1.621677e+01,3.101882e-17,1.222144e-16,1.222144e-18
1.621944e+01,3.179873e-17,1.214876e-16,1.214876e-18
1.622211e+01,3.131963e-17,1.202231e-16,1.202231e-18
1.622479e+01,3.096389e-17,1.190990e-16,1.190990e-18
1.622746e+01,3.132086e-17,1.196203e-16,1.196203e-18
1.623013e+01,3.171579e-17,1.211479e-16,1.211479e-18
1.623281e+01,3.163351e-17,1.208128e-16,1.208128e-18
1.623548e+01,3.173207e-17,1.197819e-16,1.197819e-18
1.623815e+01,3.142958e-17,1.200493e-16,1.200493e-18
1.624083e+01,3.130469e-17,1.207410e-16,1.207410e-18
1.624350e+01,3.209831e-17,1.212345e-16,1.212345e-18
1.624617e+01,3.149752e-17,1.203150e-16,1.203150e-18
1.624885e+01,3.102879e-17,1.189407e-16,1.189407e-18
1.625152e+01,3.150741e-17,1.188640e-16,1.188640e-18
1.625419e+01,3.106655e-17,1.194535e-16,1.194535e-18
1.625687e+01,3.131568e-17,1.204843e-16,1.204843e-18
1.625954e+01,3.117165e-17,1.212515e-16,1.212515e-18
1.626221e+01,3.119715e-17,1.210701e-16,1.210701e-18
1.626489e+01,3.175342e-17,1.216450e-16,1.216450e-18
1.626756e+01,3.261085e-17,1.238205e-16,1.238205e-18
1.627023e+01,3.188935e-17,1.259698e-16,1.259698e-18
1.627291e+01,3.147790e-17,1.253696e-16,1.253696e-18
1.627558e+01,3.148018e-17,1.238370e-16,1.238370e-18
1.627825e+01,3.180656e-17,1.236145e-16,1.236145e-18
1.628093e+01,3.197210e-17,1.246869e-16,1.246869e-18
1.628360e+01,3.166687e-17,1.239956e-16,1.239956e-18
1.628627e+01,3.179181e-17,1.233153e-16,1.233153e-18
1.628895e+01,3.206971e-17,1.232365e-16,1.232365e-18
1.629162e+01,3.150753e-17,1.218066e-16,1.218066e-18
1.629429e+01,3.128102e-17,1.192086e-16,1.192086e-18
1.629697e+01,3.112780e-17,1.174937e-16,1.174937e-18
1.629964e+01,3.131394e-17,1.171138e-16,1.171138e-18
1.630232e+01,3.103794e-17,1.173867e-16,1.173867e-18
1.630499e+01,3.105011e-17,1.167081e-16,1.167081e-18
1.630766e+01,3.144146e-17,1.153353e-16,1.153353e-18
1.631034e+01,3.077617e-17,1.142922e-16,1.142922e-18
1.631301e+01,3.156023e-17,1.135647e-16,1.135647e-18
1.631568e+01,3.110178e-17,1.121629e-16,1.121629e-18
1.631836e+01,3.147542e-17,1.109278e-16,1.109278e-18
1.632103e+01,3.172651e-17,1.093750e-16,1.093750e-18
1.632370e+01,3.098199e-17,1.085186e-16,1.085186e-18
1.632638e+01,3.141659e-17,1.091130e-16,1.091130e-18
1.632905e+01,3.103606e-17,1.085280e-16,1.085280e-18
1.633172e+01,3.112764e-17,1.062080e-16,1.062080e-18
1.633440e+01,3.160724e-17,1.052664e-16,1.052664e-18
1.633707e+01,3.088089e-17,1.078053e-16,1.078053e-18
1.633974e+01,3.164261e-17,1.117057e-16,1.117057e-18
1.634242e+01,3.166375e-17,1.140862e-16,1.140862e-18
1.634509e+01,3.165370e-17,1.154836e-16,1.154836e-18
1.634776e+01,3.173941e-17,1.154991e-16,1.154991e-18
1.635044e+01,3.112611e-17,1.156315e-16,1.156315e-18
1.635311e+01,3.129188e-17,1.170344e-16,1.170344e-18
1.635578e+01,3.117372e-17,1.175233e-16,1.175233e-18
1.635846e+01,3.130842e-17,1.166653e-16,1.166653e-18
1.636113e+01,3.107499e-17,1.172173e-16,1.172173e-18
1.636380e+01,3.169775e-17,1.182846e-16,1.182846e-18
1.636648e+01,3.130619e-17,1.174966e-16,1.174966e-18
1.636915e+01,3.145617e-17,1.164365e-16,1.164365e-18
1.637182e+01,3.142230e-17,1.163821e-16,1.163821e-18
1.637450e+01,3.149047e-17,1.176011e-16,1.176011e-18
1.637717e+01,3.146595e-17,1.196637e-16,1.196637e-18
1.637984e+01,3.159262e-17,1.214814e-16,1.214814e-18
1.638252e+01,3.185426e-17,1.231615e-16,1.231615e-18
1.638519e+01,3.217710e-17,1.260302e-16,1.260302e-18
1.638786e+01,3.202511e-17,1.276505e-16,1.276505e-18
1.639054e+01,3.157371e-17,1.282762e-16,1.282762e-18
1.639321e+01,3.183559e-17,1.306387e-16,1.306387e-18
1.639588e+01,3.213295e-17,1.343914e-16,1.343914e-18
1.639856e+01,3.236217e-17,1.367650e-16,1.367650e-18
1.640123e+01,3.246381e-17,1.379908e-16,1.379908e-18
1.640390e+01,3.210758e-17,1.406959e-16,1.406959e-18
1.640658e+01,3.237432e-17,1.452426e-16,1.452426e-18
1.640925e+01,3.242355e-17,1.484255e-16,1.484255e-18
1.641192e+01,3.246422e-17,1.499628e-16,1.499628e-18
1.641460e+01,3.267500e-17,1.524028e-16,1.524028e-18
1.641727e+01,3.247918e-17,1.550633e-16,1.550633e-18
1.641994e+01,3.255264e-17,1.574274e-16,1.574274e-18
1.642262e+01,3.295904e-17,1.612035e-16,1.612035e-18
1.642529e+01,3.276063e-17,1.644401e-16,1.644401e-18
1.642796e+01,3.278664e-17,1.657815e-16,1.657815e-18
1.643064e+01,3.306186e-17,1.666792e-16,1.666792e-18
1.643331e+01,3.310562e-17,1.676505e-16,1.676505e-18
1.643598e+01,3.320729e-17,1.669997e-16,1.669997e-18
1.643866e+01,3.282924e-17,1.645267e-16,1.645267e-18
1.644133e+01,3.288801e-17,1.620353e-16,1.620353e-18
1.644400e+01,3.277720e-17,1.593369e-16,1.593369e-18
1.644668e+01,3.244636e-17,1.564475e-16,1.564475e-18
1.644935e+01,3.269781e-17,1.529046e-16,1.529046e-18
1.645202e+01,3.259195e-17,1.484684e-16,1.484684e-18
1.645470e+01,3.274378e-17,1.455792e-16,1.455792e-18
1.645737e+01,3.258519e-17,1.440993e-16,1.440993e-18
1.646004e+01,3.233386e-17,1.405900e-16,1.405900e-18
1.646272e+01,3.186898e-17,1.354947e-16,1.354947e-18
1.646539e+01,3.181544e-17,1.314561e-16,1.314561e-18
1.646807e+01,3.191259e-17,1.296123e-16,1.296123e-18
1.647074e+01,3.212078e-17,1.282935e-16,1.282935e-18
1.647341e+01,3.205818e-17,1.254994e-16,1.254994e-18
1.647609e+01,3.110742e-17,1.208180e-16,1.208180e-18
1.647876e+01,3.112095e-17,1.172221e-16,1.172221e-18
1.648143e+01,3.144399e-17,1.144664e-16,1.144664e-18
1.648411e+01,3.120379e-17,1.119709e-16,1.119709e-18
1.648678e+01,3.122501e-17,1.106446e-16,1.106446e-18
1.648945e+01,3.106246e-17,1.095104e-16,1.095104e-18
1.649213e+01,3.115678e-17,1.079816e-16,1.079816e-18
1.649480e+01,3.087378e-17,1.062715e-16,1.062715e-18
1.649747e+01,3.098868e-17,1.048216e-16,1.048216e-18
1.650015e+01,3.113288e-17,1.041002e-16,1.041002e-18
1.650282e+01,3.100415e-17,1.033131e-16,1.033131e-18
1.650549e+01,3.049381e-17,1.017950e-16,1.017950e-18
1.650817e+01,2.985958e-17,9.899001e-17,9.899001e-19
1.651084e+01,3.022842e-17,9.698413e-17,9.698413e-19
1.651351e+01,3.058148e-17,9.640660e-17,9.640660e-19
1.651619e+01,3.032115e-17,9.593975e-17,9.593975e-19
1.651886e+01,3.011622e-17,9.506010e-17,9.506010e-19
1.652153e+01,3.021944e-17,9.398593e-17,9.398593e-19
1.652421e+01,2.956247e-17,9.284270e-17,9.284270e-19
1.652688e+01,3.010273e-17,9.124592e-17,9.124592e-19
1.652955e+01,2.958576e-17,8.980305e-17,8.980305e-19
1.653223e+01,2.996611e-17,8.904625e-17,8.904625e-19
1.653490e+01,3.014538e-17,8.886351e-17,8.886351e-19
1.653757e+01,2.998195e-17,8.757635e-17,8.757635e-19
1.654025e+01,3.026118e-17,8.743841e-17,8.743841e-19
1.654292e+01,3.045243e-17,8.826239e-17,8.826239e-19
1.654559e+01,2.969880e-17,8.797119e-17,8.797119e-19
1.654827e+01,2.957865e-17,8.762484e-17,8.762484e-19
1.655094e+01,2.952340e-17,8.889299e-17,8.889299e-19
1.655361e+01,2.972147e-17,9.094440e-17,9.094440e-19
1.655629e+01,2.955711e-17,9.228217e-17,9.228217e-19
1.655896e+01,2.983880e-17,9.452049e-17,9.452049e-19
1.656163e+01,2.964919e-17,9.569973e-17,9.569973e-19
1.656431e+01,3.016645e-17,9.664422e-17,9.664422e-19
1.656698e+01,2.998284e-17,9.819702e-17,9.819702e-19
1.656965e+01,2.972296e-17,9.943464e-17,9.943464e-19
1.657233e+01,2.994838e-17,9.975331e-17,9.975331e-19
1.657500e+01,2.950916e-17,9.976587e-17,9.976587e-19
1.657767e+01,3.010875e-17,1.008890e-16,1.008890e-18
1.658035e+01,3.004848e-17,1.021008e-16,1.021008e-18
1.658302e+01,3.011284e-17,1.022457e-16,1.022457e-18
1.658569e+01,2.999744e-17,1.015019e-16,1.015019e-18
1.658837e+01,3.026226e-17,1.017026e-16,1.017026e-18
1.659104e+01,2.985992e-17,1.048600e-16,1.048600e-18
1.659371e+01,2.973674e-17,1.105163e-16,1.105163e-18
1.659639e+01,2.997788e-17,1.143233e-16,1.143233e-18
1.659906e+01,2.984901e-17,1.151172e-16,1.151172e-18
1.660173e+01,3.007374e-17,1.152485e-16,1.152485e-18
1.660441e+01,2.966967e-17,1.157002e-16,1.157002e-18
1.660708e+01,3.041604e-17,1.182202e-16,1.182202e-18
1.660975e+01,3.027486e-17,1.213156e-16,1.213156e-18
1.661243e+01,3.040761e-17,1.227184e-16,1.227184e-18
1.661510e+01,3.026780e-17,1.226278e-16,1.226278e-18
1.661777e+01,3.095966e-17,1.241234e-16,1.241234e-18
1.662045e+01,3.045446e-17,1.260319e-16,1.260319e-18
1.662312e+01,3.006760e-17,1.257144e-16,1.257144e-18
1.662579e+01,3.062234e-17,1.257184e-16,1.257184e-18
1.662847e+01,3.053272e-17,1.283690e-16,1.283690e-18
1.663114e+01,3.129563e-17,1.312468e-16,1.312468e-18
1.663382e+01,3.102098e-17,1.309655e-16,1.309655e-18
1.663649e+01,3.094370e-17,1.295372e-16,1.295372e-18
1.663916e+01,3.057755e-17,1.283016e-16,1.283016e-18
1.664184e+01,3.087168e-17,1.262915e-16,1.262915e-18
1.664451e+01,3.049945e-17,1.237096e-16,1.237096e-18
1.664718e+01,3.087301e-17,1.217022e-16,1.217022e-18
1.664986e+01,3.047604e-17,1.186653e-16,1.186653e-18
1.665253e+01,3.050733e-17,1.143931e-16,1.143931e-18
1.665520e+01,3.063669e-17,1.111420e-16,1.111420e-18
1.665788e+01,2.973588e-17,1.090742e-16,1.090742e-18
1.666055e+01,2.995376e-17,1.063757e-16,1.063757e-18
1.666322e+01,2.960120e-17,1.044037e-16,1.044037e-18
1.666590e+01,2.967672e-17,1.054362e-16,1.054362e-18
1.666857e+01,3.015369e-17,1.069684e-16,1.069684e-18
1.667124e+01,2.961238e-17,1.051739e-16,1.051739e-18
1.667392e+01,2.988689e-17,1.030196e-16,1.030196e-18
1.667659e+01,3.015076e-17,1.023653e-16,1.023653e-18
1.667926e+01,2.962345e-17,1.012139e-16,1.012139e-18
1.668194e+01,3.027772e-17,1.008243e-16,1.008243e-18
1.668461e+01,2.965166e-17,1.018622e-16,1.018622e-18
1.668728e+01,3.007830e-17,1.022837e-16,1.022837e-18
1.668996e+01,2.977194e-17,1.004673e-16,1.004673e-18
1.669263e+01,2.942102e-17,9.896097e-17,9.896097e-19
1.669530e+01,2.955985e-17,9.887110e-17,9.887110e-19
1.669798e+01,2.987360e-17,1.012807e-16,1.012807e-18
1.670065e+01,2.960562e-17,1.038026e-16,1.038026e-18
1.670332e+01,2.971187e-17,1.038157e-16,1.038157e-18
1.670600e+01,2.984282e-17,1.033192e-16,1.033192e-18
1.670867e+01,3.045900e-17,1.042418e-16,1.042418e-18
1.671134e+01,3.004055e-17,1.041417e-16,1.041417e-18
1.671402e+01,2.988764e-17,1.031846e-16,1.031846e-18
1.671669e+01,2.998118e-17,1.024136e-16,1.024136e-18
1.671936e+01,3.012198e-17,1.026553e-16,1.026553e-18
1.672204e+01,2.950309e-17,1.015066e-16,1.015066e-18
1.672471e+01,2.970448e-17,9.914156e-17,9.914156e-19
1.672738e+01,2.960618e-17,9.765361e-17,9.765361e-19
1.673006e+01,2.956460e-17,9.905704e-17,9.905704e-19
1.673273e+01,3.035539e-17,1.013310e-16,1.013310e-18
1.673540e+01,3.022377e-17,1.008492e-16,1.008492e-18
1.673808e+01,3.013899e-17,1.001303e-16,1.001303e-18
1.674075e+01,3.006424e-17,1.007618e-16,1.007618e-18
1.674342e+01,3.048169e-17,1.002467e-16,1.002467e-18
1.674610e+01,2.966026e-17,9.776960e-17,9.776960e-19
1.674877e+01,2.969603e-17,9.527794e-17,9.527794e-19
1.675144e+01,2.975348e-17,9.309583e-17,9.309583e-19
1.675412e+01,2.958371e-17,9.307129e-17,9.307129e-19
1.675679e+01,2.942894e-17,9.228967e-17,9.228967e-19
1.675946e+01,2.933930e-17,8.896970e-17,8.896970e-19
1.676214e+01,2.902026e-17,8.696402e-17,8.696402e-19
1.676481e+01,2.945541e-17,8.841508e-17,8.841508e-19
1.676748e+01,2.962192e-17,8.869239e-17,8.869239e-19
1.677016e+01,2.900747e-17,8.563972e-17,8.563972e-19
1.677283e+01,2.969928e-17,8.287464e-17,8.287464e-19
1.677550e+01,2.953480e-17,8.124741e-17,8.124741e-19
1.677818e+01,2.909936e-17,8.075073e-17,8.075073e-19
1.678085e+01,2.871376e-17,7.935280e-17,7.935280e-19
1.678352e+01,2.896215e-17,7.698155e-17,7.698155e-19
1.678620e+01,2.913446e-17,7.598178e-17,7.598178e-19
1.678887e+01,2.897286e-17,7.769963e-17,7.769963e-19
1.679154e+01,2.907406e-17,7.753475e-17,7.753475e-19
1.679422e+01,2.809289e-17,7.448102e-17,7.448102e-19
1.679689e+01,2.867757e-17,7.309684e-17,7.309684e-19
1.679957e+01,2.821472e-17,7.289856e-17,7.289856e-19
1.680224e+01,2.876996e-17,7.324962e-17,7.324962e-19
1.680491e+01,2.861090e-17,7.325896e-17,7.325896e-19
1.680759e+01,2.886099e-17,7.421576e-17,7.421576e-19
1.681026e+01,2.902969e-17,7.593699e-17,7.593699e-19
1.681293e+01,2.890052e-17,7.746399e-17,7.746399e-19
1.681561e+01,2.873187e-17,7.881666e-17,7.881666e-19
1.681828e+01,2.891946e-17,7.953455e-17,7.953455e-19
1.682095e+01,2.862127e-17,8.122098e-17,8.122098e-19
1.682363e+01,2.877364e-17,8.397623e-17,8.397623e-19
1.682630e+01,2.904947e-17,8.605602e-17,8.605602e-19
1.682897e+01,2.898355e-17,8.817688e-17,8.817688e-19
1.683165e+01,2.912808e-17,9.101160e-17,9.101160e-19
1.683432e+01,2.892150e-17,9.249219e-17,9.249219e-19
1.683699e+01,2.913856e-17,9.348439e-17,9.348439e-19
1.683967e+01,2.937474e-17,9.584606e-17,9.584606e-19
1.684234e+01,2.956001e-17,9.862799e-17,9.862799e-19
1.684501e+01,2.960893e-17,1.008916e-16,1.008916e-18
1.684769e+01,2.962884e-17,1.025243e-16,1.025243e-18
1.685036e+01,2.940861e-17,1.030254e-16,1.030254e-18
1.685303e+01,2.965757e-17,1.038706e-16,1.038706e-18
1.685571e+01,2.974235e-17,1.058594e-16,1.058594e-18
1.685838e+01,2.951522e-17,1.071731e-16,1.071731e-18
1.686105e+01,2.992489e-17,1.075655e-16,1.075655e-18
1.686373e+01,2.990764e-17,1.084853e-16,1.084853e-18
1.686640e+01,3.005418e-17,1.100866e-16,1.100866e-18
1.686907e+01,2.995786e-17,1.115340e-16,1.115340e-18
1.687175e+01,3.023755e-17,1.129647e-16,1.129647e-18
1.687442e+01,3.037587e-17,1.144952e-16,1.144952e-18
1.687709e+01,3.024421e-17,1.161222e-16,1.161222e-18
1.687977e+01,2.998514e-17,1.182336e-16,1.182336e-18
1.688244e+01,3.052203e-17,1.218419e-16,1.218419e-18
1.688511e+01,3.024804e-17,1.248874e-16,1.248874e-18
1.688779e+01,3.054033e-17,1.278634e-16,1.278634e-18
1.689046e+01,3.035491e-17,1.322000e-16,1.322000e-18
1.689313e+01,3.088641e-17,1.378292e-16,1.378292e-18
1.689581e+01,3.073074e-17,1.423622e-16,1.423622e-18
1.689848e+01,3.072550e-17,1.453519e-16,1.453519e-18
1.690115e+01,3.093601e-17,1.481420e-16,1.481420e-18
1.690383e+01,3.122008e-17,1.511850e-16,1.511850e-18
1.690650e+01,3.110513e-17,1.539315e-16,1.539315e-18
1.690917e+01,3.097598e-17,1.567555e-16,1.567555e-18
1.691185e+01,3.139563e-17,1.605128e-16,1.605128e-18
1.691452e+01,3.152676e-17,1.632161e-16,1.632161e-18
1.691719e+01,3.134413e-17,1.633385e-16,1.633385e-18
1.691987e+01,3.122249e-17,1.627042e-16,1.627042e-18
1.692254e+01,3.158219e-17,1.625477e-16,1.625477e-18
1.692521e+01,3.126679e-17,1.621474e-16,1.621474e-18
1.692789e+01,3.125473e-17,1.600786e-16,1.600786e-18
1.693056e+01,3.162173e-17,1.575781e-16,1.575781e-18
1.693323e+01,3.128513e-17,1.550244e-16,1.550244e-18
1.693591e+01,3.156933e-17,1.506837e-16,1.506837e-18
1.693858e+01,3.033076e-17,1.452642e-16,1.452642e-18
1.694125e+01,3.118317e-17,1.420797e-16,1.420797e-18
1.694393e+01,3.114865e-17,1.404522e-16,1.404522e-18
1.694660e+01,3.053787e-17,1.385310e-16,1.385310e-18
1.694927e+01,3.101773e-17,1.365567e-16,1.365567e-18
1.695195e+01,3.035939e-17,1.348423e-16,1.348423e-18
1.695462e+01,3.032869e-17,1.334712e-16,1.334712e-18
1.695729e+01,3.048478e-17,1.323724e-16,1.323724e-18
1.695997e+01,2.988554e-17,1.304803e-16,1.304803e-18
1.696264e+01,3.011914e-17,1.290485e-16,1.290485e-18
1.696532e+01,3.013610e-17,1.288555e-16,1.288555e-18
1.696799e+01,3.025615e-17,1.287828e-16,1.287828e-18
1.697066e+01,3.047417e-17,1.266859e-16,1.266859e-18
1.697334e+01,3.008988e-17,1.235131e-16,1.235131e-18
1.697601e+01,2.991558e-17,1.226264e-16,1.226264e-18
1.697868e+01,3.020566e-17,1.235822e-16,1.235822e-18
1.698136e+01,3.017916e-17,1.229163e-16,1.229163e-18
1.698403e+01,3.034701e-17,1.205019e-16,1.205019e-18
1.698670e+01,2.983606e-17,1.189085e-16,1.189085e-18
1.698938e+01,2.952337e-17,1.192999e-16,1.192999e-18
1.699205e+01,2.985190e-17,1.197846e-16,1.197846e-18
1.699472e+01,2.972205e-17,1.181377e-16,1.181377e-18
1.699740e+01,2.962669e-17,1.173121e-16,1.173121e-18
1.700007e+01,3.024790e-17,1.186939e-16,1.186939e-18
1.700274e+01,2.976282e-17,1.202273e-16,1.202273e-18
1.700542e+01,2.973840e-17,1.208483e-16,1.208483e-18
1.700809e+01,2.931051e-17,1.197583e-16,1.197583e-18
1.701076e+01,2.944838e-17,1.181361e-16,1.181361e-18
1.701344e+01,2.948793e-17,1.185779e-16,1.185779e-18
1.701611e+01,2.920658e-17,1.205076e-16,1.205076e-18
1.701878e+01,2.932690e-17,1.210715e-16,1.210715e-18
1.702146e+01,2.900497e-17,1.207068e-16,1.207068e-18
1.702413e+01,2.912715e-17,1.219059e-16,1.219059e-18
1.702680e+01,2.941613e-17,1.250657e-16,1.250657e-18
1.702948e+01,2.973627e-17,1.281242e-16,1.281242e-18
1.703215e+01,2.926679e-17,1.296813e-16,1.296813e-18
1.703482e+01,2.939632e-17,1.301865e-16,1.301865e-18
1.703750e+01,2.931169e-17,1.306878e-16,1.306878e-18
1.704017e+01,2.950548e-17,1.324153e-16,1.324153e-18
1.704284e+01,2.919247e-17,1.340610e-16,1.340610e-18
1.704552e+01,2.911830e-17,1.347620e-16,1.347620e-18
1.704819e+01,2.946845e-17,1.364522e-16,1.364522e-18
1.705086e+01,2.970124e-17,1.389805e-16,1.389805e-18
1.705354e+01,2.936983e-17,1.397847e-16,1.397847e-18
1.705621e+01,2.985830e-17,1.399084e-16,1.399084e-18
1.705888e+01,2.963137e-17,1.406733e-16,1.406733e-18
1.706156e+01,3.002052e-17,1.427437e-16,1.427437e-18
1.706423e+01,2.970449e-17,1.459299e-16,1.459299e-18
1.706690e+01,2.974246e-17,1.480118e-16,1.480118e-18
1.706958e+01,2.976296e-17,1.476761e-16,1.476761e-18
1.707225e+01,2.970109e-17,1.478125e-16,1.478125e-18
1.707492e+01,2.938321e-17,1.497230e-16,1.497230e-18
1.707760e+01,3.012777e-17,1.516602e-16,1.516602e-18
1.708027e+01,2.976651e-17,1.525619e-16,1.525619e-18
1.708294e+01,3.000652e-17,1.532673e-16,1.532673e-18
1.708562e+01,2.994758e-17,1.534376e-16,1.534376e-18
1.708829e+01,2.965343e-17,1.532958e-16,1.532958e-18
1.709096e+01,2.956967e-17,1.536017e-16,1.536017e-18
1.709364e+01,2.987985e-17,1.546977e-16,1.546977e-18
1.709631e+01,2.999668e-17,1.555704e-16,1.555704e-18
1.709898e+01,2.923851e-17,1.552406e-16,1.552406e-18
1.710166e+01,3.000794e-17,1.548613e-16,1.548613e-18
1.710433e+01,2.993097e-17,1.539553e-16,1.539553e-18
1.710700e+01,2.951876e-17,1.533809e-16,1.533809e-18
1.710968e+01,2.906178e-17,1.519738e-16,1.519738e-18
1.711235e+01,2.919913e-17,1.501742e-16,1.501742e-18
1.711502e+01,2.955265e-17,1.489767e-16,1.489767e-18
1.711770e+01,2.939590e-17,1.474997e-16,1.474997e-18
1.712037e+01,2.898920e-17,1.459439e-16,1.459439e-18
1.712304e+01,2.983866e-17,1.451753e-16,1.451753e-18
1.712572e+01,2.963854e-17,1.432378e-16,1.432378e-18
1.712839e+01,2.972946e-17,1.396910e-16,1.396910e-18
1.713107e+01,2.988342e-17,1.364986e-16,1.364986e-18
1.713374e+01,2.933270e-17,1.344196e-16,1.344196e-18
1.713641e+01,2.959985e-17,1.320690e-16,1.320690e-18
1.713909e+01,2.907966e-17,1.292987e-16,1.292987e-18
1.714176e+01,2.953555e-17,1.266657e-16,1.266657e-18
1.714443e+01,2.966191e-17,1.231700e-16,1.231700e-18
1.714711e+01,2.924555e-17,1.189238e-16,1.189238e-18
1.714978e+01,2.927562e-17,1.146901e-16,1.146901e-18
1.715245e+01,2.946832e-17,1.111527e-16,1.111527e-18
1.715513e+01,2.919447e-17,1.089222e-16,1.089222e-18
1.715780e+01,2.920786e-17,1.064402e-16,1.064402e-18
1.716047e+01,2.848981e-17,1.030969e-16,1.030969e-18
1.716315e+01,2.857334e-17,1.001396e-16,1.001396e-18
1.716582e+01,2.863991e-17,9.776790e-17,9.776790e-19
1.716849e+01,2.845483e-17,9.636905e-17,9.636905e-19
1.717117e+01,2.888375e-17,9.686888e-17,9.686888e-19
1.717384e+01,2.860329e-17,9.773855e-17,9.773855e-19
1.717651e+01,2.895265e-17,9.796066e-17,9.796066e-19
1.717919e+01,2.844999e-17,9.848046e-17,9.848046e-19
1.718186e+01,2.857467e-17,9.994706e-17,9.994706e-19
1.718453e+01,2.867003e-17,1.010838e-16,1.010838e-18
1.718721e+01,2.835985e-17,1.014067e-16,1.014067e-18
1.718988e+01,2.841499e-17,1.016923e-16,1.016923e-18
1.719255e+01,2.854176e-17,1.033912e-16,1.033912e-18
1.719523e+01,2.856367e-17,1.050728e-16,1.050728e-18
1.719790e+01,2.956915e-17,1.057161e-16,1.057161e-18
1.720057e+01,2.845070e-17,1.042159e-16,1.042159e-18
1.720325e+01,2.887836e-17,1.028243e-16,1.028243e-18
1.720592e+01,2.881526e-17,1.019197e-16,1.019197e-18
1.720859e+01,2.913756e-17,1.017070e-16,1.017070e-18
1.721127e+01,2.842114e-17,9.951935e-17,9.951935e-19
1.721394e+01,2.841801e-17,9.753401e-17,9.753401e-19
1.721661e+01,2.829440e-17,9.521432e-17,9.521432e-19
1.721929e+01,2.834104e-17,9.255583e-17,9.255583e-19
1.722196e+01,2.821460e-17,9.185360e-17,9.185360e-19
1.722463e+01,2.779347e-17,9.335890e-17,9.335890e-19
1.722731e+01,2.812971e-17,9.456889e-17,9.456889e-19
1.722998e+01,2.840226e-17,9.497370e-17,9.497370e-19
1.723265e+01,2.825973e-17,9.508313e-17,9.508313e-19
1.723533e+01,2.806966e-17,9.522078e-17,9.522078e-19
1.723800e+01,2.833252e-17,9.624427e-17,9.624427e-19
1.724067e+01,2.853653e-17,9.716810e-17,9.716810e-19
1.724335e+01,2.901510e-17,9.713694e-17,9.713694e-19
1.724602e+01,2.778726e-17,9.623238e-17,9.623238e-19
1.724869e+01,2.854053e-17,9.669560e-17,9.669560e-19
1.725137e+01,2.861172e-17,9.807844e-17,9.807844e-19
1.725404e+01,2.852973e-17,9.921451e-17,9.921451e-19
1.725671e+01,2.861326e-17,9.925256e-17,9.925256e-19
1.725939e+01,2.851350e-17,9.931619e-17,9.931619e-19
1.726206e+01,2.859676e-17,1.005484e-16,1.005484e-18
1.726473e+01,2.850400e-17,1.014719e-16,1.014719e-18
1.726741e+01,2.851953e-17,1.011757e-16,1.011757e-18
1.727008e+01,2.870494e-17,1.008157e-16,1.008157e-18
1.727275e+01,2.911752e-17,1.002795e-16,1.002795e-18
1.727543e+01,2.842432e-17,9.957575e-17,9.957575e-19
1.727810e+01,2.829873e-17,9.868406e-17,9.868406e-19
1.728077e+01,2.858546e-17,9.703198e-17,9.703198e-19
1.728345e+01,2.773740e-17,9.504009e-17,9.504009e-19
1.728612e+01,2.819922e-17,9.351420e-17,9.351420e-19
1.728879e+01,2.820192e-17,9.187016e-17,9.187016e-19
1.729147e+01,2.806528e-17,9.054960e-17,9.054960e-19
1.729414e+01,2.800327e-17,8.956812e-17,8.956812e-19
1.729682e+01,2.776729e-17,8.841356e-17,8.841356e-19
1.729949e+01,2.765390e-17,8.729746e-17,8.729746e-19
1.730216e+01,2.793724e-17,8.600453e-17,8.600453e-19
1.730484e+01,2.819468e-17,8.443482e-17,8.443482e-19
1.730751e+01,2.778593e-17,8.358592e-17,8.358592e-19
1.731018e+01,2.797943e-17,8.441716e-17,8.441716e-19
1.731286e+01,2.776512e-17,8.473494e-17,8.473494e-19
1.731553e+01,2.781781e-17,8.421237e-17,8.421237e-19
1.731820e+01,2.799784e-17,8.553543e-17,8.553543e-19
1.732088e+01,2.827544e-17,8.946724e-17,8.946724e-19
1.732355e+01,2.840792e-17,9.420987e-17,9.420987e-19
1.732622e+01,2.800228e-17,9.889000e-17,9.889000e-19
1.732890e+01,2.831667e-17,1.038255e-16,1.038255e-18
1.733157e+01,2.814327e-17,1.071397e-16,1.071397e-18
1.733424e+01,2.843693e-17,1.094984e-16,1.094984e-18
1.733692e+01,2.854846e-17,1.115181e-16,1.115181e-18
1.733959e+01,2.850856e-17,1.140212e-16,1.140212e-18
1.734226e+01,2.837558e-17,1.176646e-16,1.176646e-18
1.734494e+01,2.845977e-17,1.215385e-16,1.215385e-18
1.734761e+01,2.885008e-17,1.234352e-16,1.234352e-18
1.735028e+01,2.878497e-17,1.220678e-16,1.220678e-18
1.735296e+01,2.843008e-17,1.195630e-16,1.195630e-18
1.735563e+01,2.837724e-17,1.181568e-16,1.181568e-18
1.735830e+01,2.827241e-17,1.185378e-16,1.185378e-18
1.736098e+01,2.821123e-17,1.182053e-16,1.182053e-18
1.736365e+01,2.813034e-17,1.158772e-16,1.158772e-18
1.736632e+01,2.818815e-17,1.144617e-16,1.144617e-18
1.736900e+01,2.821701e-17,1.140281e-16,1.140281e-18
1.737167e+01,2.792129e-17,1.121351e-16,1.121351e-18
1.737434e+01,2.841938e-17,1.097605e-16,1.097605e-18
1.737702e+01,2.835464e-17,1.092469e-16,1.092469e-18
1.737969e+01,2.766997e-17,1.098815e-16,1.098815e-18
1.738236e+01,2.828525e-17,1.100026e-16,1.100026e-18
1.738504e+01,2.868035e-17,1.085172e-16,1.085172e-18
1.738771e+01,2.800754e-17,1.060202e-16,1.060202e-18
1.739038e+01,2.830559e-17,1.033380e-16,1.033380e-18
1.739306e+01,2.839163e-17,1.019917e-16,1.019917e-18
1.739573e+01,2.847186e-17,1.021896e-16,1.021896e-18
1.739840e+01,2.820129e-17,1.023547e-16,1.023547e-18
1.740108e+01,2.826643e-17,1.010995e-16,1.010995e-18
1.740375e+01,2.800703e-17,9.952886e-17,9.952886e-19
1.740642e+01,2.847044e-17,9.852964e-17,9.852964e-19
1.740910e+01,2.815899e-17,9.780503e-17,9.780503e-19
1.741177e+01,2.829178e-17,9.708781e-17,9.708781e-19
1.741444e+01,2.799672e-17,9.719405e-17,9.719405e-19
1.741712e+01,2.803132e-17,9.618997e-17,9.618997e-19
1.741979e+01,2.839604e-17,9.456338e-17,9.456338e-19
1.742246e+01,2.735758e-17,9.348258e-17,9.348258e-19
1.742514e+01,2.802059e-17,9.431497e-17,9.431497e-19
1.742781e+01,2.812595e-17,9.594804e-17,9.594804e-19
1.743048e+01,2.803510e-17,9.730021e-17,9.730021e-19
1.743316e+01,2.867170e-17,9.869776e-17,9.869776e-19
1.743583e+01,2.842573e-17,9.853648e-17,9.853648e-19
1.743850e+01,2.791125e-17,9.802830e-17,9.802830e-19
1.744118e+01,2.828073e-17,9.974265e-17,9.974265e-19
1.744385e+01,2.846610e-17,1.021427e-16,1.021427e-18
1.744652e+01,2.838553e-17,1.044205e-16,1.044205e-18
1.744920e+01,2.865378e-17,1.075222e-16,1.075222e-18
1.745187e+01,2.823775e-17,1.098305e-16,1.098305e-18
1.745454e+01,2.839820e-17,1.117659e-16,1.117659e-18
1.745722e+01,2.846410e-17,1.136188e-16,1.136188e-18
1.745989e+01,2.832451e-17,1.145287e-16,1.145287e-18
1.746257e+01,2.882249e-17,1.150208e-16,1.150208e-18
1.746524e+01,2.895564e-17,1.170778e-16,1.170778e-18
1.746791e+01,2.883608e-17,1.211559e-16,1.211559e-18
1.747059e+01,2.902091e-17,1.237444e-16,1.237444e-18
1.747326e+01,2.885621e-17,1.236985e-16,1.236985e-18
1.747593e+01,2.923731e-17,1.236697e-16,1.236697e-18
1.747861e+01,2.890315e-17,1.245858e-16,1.245858e-18
1.748128e+01,2.883026e-17,1.259078e-16,1.259078e-18
1.748395e+01,2.907909e-17,1.260807e-16,1.260807e-18
1.748663e+01,2.885613e-17,1.256469e-16,1.256469e-18
1.748930e+01,2.857032e-17,1.258136e-16,1.258136e-18
1.749197e+01,2.929683e-17,1.272676e-16,1.272676e-18
1.749465e+01,2.890857e-17,1.286349e-16,1.286349e-18
1.749732e+01,2.877283e-17,1.290704e-16,1.290704e-18
1.749999e+01,2.852711e-17,1.283858e-16,1.283858e-18
1.750267e+01,2.856277e-17,1.277877e-16,1.277877e-18
1.750534e+01,2.896022e-17,1.276124e-16,1.276124e-18
1.750801e+01,2.842701e-17,1.266265e-16,1.266265e-18
1.751069e+01,2.842150e-17,1.260955e-16,1.260955e-18
1.751336e+01,2.819609e-17,1.270810e-16,1.270810e-18
1.751603e+01,2.821277e-17,1.278270e-16,1.278270e-18
1.751871e+01,2.871430e-17,1.265840e-16,1.265840e-18
1.752138e+01,2.842687e-17,1.252975e-16,1.252975e-18
1.752405e+01,2.849285e-17,1.256679e-16,1.256679e-18
1.752673e+01,2.859119e-17,1.264376e-16,1.264376e-18
1.752940e+01,2.872890e-17,1.265328e-16,1.265328e-18
1.753207e+01,2.881504e-17,1.255315e-16,1.255315e-18
1.753475e+01,2.908979e-17,1.241262e-16,1.241262e-18
1.753742e+01,2.860773e-17,1.234191e-16,1.234191e-18
1.754009e+01,2.879855e-17,1.245313e-16,1.245313e-18
1.754277e+01,2.913650e-17,1.253416e-16,1.253416e-18
1.754544e+01,2.872495e-17,1.248554e-16,1.248554e-18
1.754811e+01,2.945186e-17,1.238693e-16,1.238693e-18
1.755079e+01,2.904235e-17,1.228923e-16,1.228923e-18
1.755346e+01,2.901649e-17,1.233870e-16,1.233870e-18
1.755613e+01,2.877024e-17,1.248965e-16,1.248965e-18
1.755881e+01,2.909344e-17,1.261524e-16,1.261524e-18
1.756148e+01,2.880045e-17,1.266400e-16,1.266400e-18
1.756415e+01,2.882644e-17,1.272359e-16,1.272359e-18
1.756683e+01,2.921670e-17,1.278992e-16,1.278992e-18
1.756950e+01,2.871424e-17,1.284102e-16,1.284102e-18
1.757217e+01,2.865184e-17,1.285692e-16,1.285692e-18
1.757485e+01,2.806969e-17,1.271253e-16,1.271253e-18
1.757752e+01,2.876063e-17,1.256061e-16,1.256061e-18
1.758019e+01,2.881651e-17,1.254614e-16,1.254614e-18
1.758287e+01,2.859313e-17,1.258784e-16,1.258784e-18
1.758554e+01,2.824366e-17,1.253887e-16,1.253887e-18
1.758821e+01,2.840466e-17,1.244130e-16,1.244130e-18
1.759089e+01,2.862148e-17,1.232119e-16,1.232119e-18
1.759356e+01,2.802462e-17,1.226566e-16,1.226566e-18
1.759623e+01,2.845347e-17,1.230942e-16,1.230942e-18
1.759891e+01,2.805426e-17,1.234934e-16,1.234934e-18
1.760158e+01,2.810002e-17,1.227581e-16,1.227581e-18
1.760425e+01,2.822139e-17,1.203603e-16,1.203603e-18
1.760693e+01,2.786744e-17,1.187941e-16,1.187941e-18
1.760960e+01,2.829565e-17,1.180348e-16,1.180348e-18
1.761227e+01,2.775326e-17,1.166019e-16,1.166019e-18
1.761495e+01,2.758953e-17,1.160113e-16,1.160113e-18
1.761762e+01,2.752430e-17,1.156277e-16,1.156277e-18
1.762029e+01,2.773492e-17,1.141044e-16,1.141044e-18
1.762297e+01,2.791563e-17,1.136881e-16,1.136881e-18
1.762564e+01,2.762302e-17,1.136312e-16,1.136312e-18
1.762832e+01,2.799672e-17,1.125303e-16,1.125303e-18
1.763099e+01,2.763581e-17,1.090072e-16,1.090072e-18
1.763366e+01,2.761366e-17,1.060154e-16,1.060154e-18
1.763634e+01,2.735769e-17,1.048391e-16,1.048391e-18
1.763901e+01,2.794167e-17,1.047588e-16,1.047588e-18
1.764168e+01,2.787867e-17,1.036458e-16,1.036458e-18
1.764436e+01,2.759831e-17,1.013547e-16,1.013547e-18
1.764703e+01,2.765823e-17,9.973109e-17,9.973109e-19
1.764970e+01,2.771120e-17,9.947579e-17,9.947579e-19
1.765238e+01,2.840974e-17,9.942087e-17,9.942087e-19
1.765505e+01,2.780944e-17,9.813475e-17,9.813475e-19
1.765772e+01,2.784118e-17,9.695705e-17,9.695705e-19
1.766040e+01,2.801647e-17,9.728751e-17,9.728751e-19
1.766307e+01,2.808825e-17,9.794778e-17,9.794778e-19
1.766574e+01,2.806991e-17,9.895470e-17,9.895470e-19
1.766842e+01,2.791153e-17,9.952918e-17,9.952918e-19
1.767109e+01,2.816657e-17,1.001742e-16,1.001742e-18
1.767376e+01,2.798559e-17,1.013621e-16,1.013621e-18
1.767644e+01,2.832235e-17,1.022632e-16,1.022632e-18
1.767911e+01,2.774203e-17,1.026178e-16,1.026178e-18
1.768178e+01,2.796645e-17,1.035812e-16,1.035812e-18
1.768446e+01,2.797096e-17,1.037782e-16,1.037782e-18
1.768713e+01,2.804038e-17,1.031106e-16,1.031106e-18
1.768980e+01,2.805973e-17,1.033481e-16,1.033481e-18
1.769248e+01,2.801521e-17,1.045089e-16,1.045089e-18
1.769515e+01,2.839521e-17,1.048157e-16,1.048157e-18
1.769782e+01,2.781579e-17,1.043762e-16,1.043762e-18
1.770050e+01,2.842076e-17,1.050242e-16,1.050242e-18
1.770317e+01,2.796240e-17,1.058385e-16,1.058385e-18
1.770584e+01,2.806368e-17,1.061816e-16,1.061816e-18
1.770852e+01,2.791894e-17,1.062104e-16,1.062104e-18
1.771119e+01,2.791626e-17,1.063296e-16,1.063296e-18
1.771386e+01,2.823019e-17,1.061425e-16,1.061425e-18
1.771654e+01,2.759183e-17,1.058882e-16,1.058882e-18
1.771921e+01,2.771376e-17,1.072541e-16,1.072541e-18
1.772188e+01,2.763844e-17,1.094003e-16,1.094003e-18
1.772456e+01,2.831464e-17,1.112933e-16,1.112933e-18
1.772723e+01,2.781667e-17,1.114029e-16,1.114029e-18
1.772990e+01,2.784200e-17,1.115271e-16,1.115271e-18
1.773258e+01,2.818289e-17,1.130998e-16,1.130998e-18
1.773525e+01,2.762588e-17,1.160940e-16,1.160940e-18
1.773792e+01,2.802076e-17,1.192548e-16,1.192548e-18
1.774060e+01,2.788203e-17,1.211496e-16,1.211496e-18
1.774327e+01,2.824434e-17,1.220009e-16,1.220009e-18
1.774594e+01,2.816444e-17,1.227879e-16,1.227879e-18
1.774862e+01,2.807283e-17,1.245700e-16,1.245700e-18
1.775129e+01,2.824221e-17,1.262693e-16,1.262693e-18
1.775396e+01,2.829515e-17,1.278826e-16,1.278826e-18
1.775664e+01,2.806307e-17,1.302990e-16,1.302990e-18
1.775931e+01,2.858666e-17,1.334366e-16,1.334366e-18
1.776198e+01,2.871702e-17,1.353031e-16,1.353031e-18
1.776466e+01,2.796634e-17,1.359312e-16,1.359312e-18
1.776733e+01,2.857766e-17,1.365565e-16,1.365565e-18
1.777000e+01,2.849602e-17,1.370015e-16,1.370015e-18
1.777268e+01,2.848809e-17,1.378219e-16,1.378219e-18
1.777535e+01,2.889385e-17,1.390463e-16,1.390463e-18
1.777802e+01,2.861401e-17,1.402890e-16,1.402890e-18
1.778070e+01,2.882458e-17,1.415644e-16,1.415644e-18
1.778337e+01,2.826442e-17,1.423958e-16,1.423958e-18
1.778604e+01,2.819163e-17,1.421714e-16,1.421714e-18
1.778872e+01,2.847744e-17,1.418927e-16,1.418927e-18
1.779139e+01,2.844483e-17,1.415975e-16,1.415975e-18
1.779407e+01,2.835790e-17,1.397324e-16,1.397324e-18
1.779674e+01,2.798990e-17,1.367904e-16,1.367904e-18
1.779941e+01,2.868890e-17,1.345071e-16,1.345071e-18
1.780209e+01,2.819591e-17,1.336929e-16,1.336929e-18
1.780476e+01,2.830870e-17,1.345433e-16,1.345433e-18
1.780743e+01,2.855009e-17,1.340630e-16,1.340630e-18
1.781011e+01,2.841706e-17,1.313531e-16,1.313531e-18
1.781278e+01,2.841358e-17,1.291465e-16,1.291465e-18
1.781545e+01,2.794901e-17,1.293630e-16,1.293630e-18
1.781813e+01,2.833599e-17,1.300609e-16,1.300609e-18
1.782080e+01,2.829324e-17,1.289340e-16,1.289340e-18
1.782347e+01,2.820540e-17,1.263772e-16,1.263772e-18
1.782615e+01,2.760309e-17,1.238918e-16,1.238918e-18
1.782882e+01,2.802570e-17,1.233881e-16,1.233881e-18
1.783149e+01,2.792327e-17,1.230804e-16,1.230804e-18
1.783417e+01,2.747544e-17,1.202391e-16,1.202391e-18
1.783684e+01,2.774922e-17,1.153580e-16,1.153580e-18
1.783951e+01,2.757998e-17,1.106433e-16,1.106433e-18
1.784219e+01,2.761156e-17,1.066554e-16,1.066554e-18
1.784486e+01,2.723654e-17,1.020801e-16,1.020801e-18
1.784753e+01,2.728298e-17,9.674894e-17,9.674894e-19
1.785021e+01,2.727891e-17,9.178874e-17,9.178874e-19
1.785288e+01,2.736435e-17,8.837980e-17,8.837980e-19
1.785555e+01,2.721731e-17,8.554521e-17,8.554521e-19
1.785823e+01,2.647958e-17,8.211193e-17,8.211193e-19
1.786090e+01,2.706648e-17,7.941857e-17,7.941857e-19
1.786357e+01,2.645322e-17,7.708265e-17,7.708265e-19
1.786625e+01,2.622304e-17,7.569888e-17,7.569888e-19
1.786892e+01,2.617626e-17,7.545150e-17,7.545150e-19
1.787159e+01,2.704091e-17,7.535203e-17,7.535203e-19
1.787427e+01,2.628904e-17,7.510930e-17,7.510930e-19
1.787694e+01,2.613985e-17,7.655076e-17,7.655076e-19
1.787961e+01,2.628056e-17,7.763696e-17,7.763696e-19
1.788229e+01,2.647583e-17,7.743140e-17,7.743140e-19
1.788496e+01,2.664211e-17,7.770237e-17,7.770237e-19
1.788763e+01,2.638541e-17,7.885759e-17,7.885759e-19
1.789031e+01,2.677730e-17,7.998982e-17,7.998982e-19
1.789298e+01,2.646159e-17,8.189146e-17,8.189146e-19
1.789565e+01,2.721923e-17,8.355676e-17,8.355676e-19
1.789833e+01,2.636026e-17,8.450208e-17,8.450208e-19
1.790100e+01,2.713227e-17,8.670587e-17,8.670587e-19
1.790367e+01,2.701308e-17,8.951736e-17,8.951736e-19
1.790635e+01,2.688215e-17,9.006052e-17,9.006052e-19
1.790902e+01,2.711061e-17,9.111751e-17,9.111751e-19
1.791169e+01,2.718995e-17,9.255027e-17,9.255027e-19
1.791437e+01,2.712469e-17,9.268842e-17,9.268842e-19
1.791704e+01,2.718337e-17,9.290110e-17,9.290110e-19
1.791971e+01,2.704813e-17,9.386127e-17,9.386127e-19
1.792239e+01,2.664155e-17,9.391813e-17,9.391813e-19
1.792506e+01,2.699315e-17,9.372863e-17,9.372863e-19
1.792773e+01,2.696861e-17,9.358283e-17,9.358283e-19
1.793041e+01,2.672757e-17,9.186623e-17,9.186623e-19
1.793308e+01,2.684664e-17,8.936254e-17,8.936254e-19
1.793575e+01,2.686107e-17,8.870993e-17,8.870993e-19
1.793843e+01,2.680732e-17,8.827955e-17,8.827955e-19
1.794110e+01,2.663685e-17,8.803670e-17,8.803670e-19
1.794377e+01,2.674767e-17,8.823116e-17,8.823116e-19
1.794645e+01,2.659883e-17,8.888554e-17,8.888554e-19
1.794912e+01,2.696268e-17,8.974498e-17,8.974498e-19
1.795179e+01,2.683691e-17,8.904270e-17,8.904270e-19
1.795447e+01,2.640772e-17,8.845656e-17,8.845656e-19
1.795714e+01,2.684849e-17,8.931916e-17,8.931916e-19
1.795982e+01,2.676441e-17,8.944082e-17,8.944082e-19
1.796249e+01,2.670991e-17,8.846097e-17,8.846097e-19
1.796516e+01,2.700830e-17,8.847566e-17,8.847566e-19
1.796784e+01,2.648690e-17,8.913218e-17,8.913218e-19
1.797051e+01,2.669036e-17,8.987347e-17,8.987347e-19
1.797318e+01,2.665194e-17,8.925463e-17,8.925463e-19
1.797586e+01,2.701304e-17,8.830048e-17,8.830048e-19
1.797853e+01,2.706285e-17,8.779625e-17,8.779625e-19
1.798120e+01,2.630086e-17,8.849416e-17,8.849416e-19
1.798388e+01,2.654080e-17,9.081735e-17,9.081735e-19
1.798655e+01,2.664344e-17,9.290086e-17,9.290086e-19
1.798922e+01,2.691315e-17,9.130089e-17,9.130089e-19
1.799190e+01,2.699551e-17,8.869091e-17,8.869091e-19
1.799457e+01,2.710376e-17,8.843413e-17,8.843413e-19
1.799724e+01,2.679776e-17,8.991574e-17,8.991574e-19
1.799992e+01,2.677473e-17,9.120600e-17,9.120600e-19
1.800259e+01,2.677096e-17,9.243982e-17,9.243982e-19
1.800526e+01,2.696188e-17,9.358632e-17,9.358632e-19
1.800794e+01,2.720254e-17,9.495718e-17,9.495718e-19
1.801061e+01,2.726564e-17,9.555839e-17,9.555839e-19
1.801328e+01,2.722656e-17,9.590689e-17,9.590689e-19
1.801596e+01,2.693454e-17,9.778008e-17,9.778008e-19
1.801863e+01,2.738163e-17,1.011797e-16,1.011797e-18
1.802130e+01,2.752874e-17,1.034438e-16,1.034438e-18
1.802398e+01,2.777374e-17,1.040790e-16,1.040790e-18
1.802665e+01,2.733092e-17,1.054483e-16,1.054483e-18
1.802932e+01,2.764230e-17,1.082641e-16,1.082641e-18
1.803200e+01,2.780658e-17,1.111511e-16,1.111511e-18
1.803467e+01,2.743783e-17,1.125349e-16,1.125349e-18
1.803734e+01,2.781829e-17,1.125110e-16,1.125110e-18
1.804002e+01,2.777310e-17,1.126337e-16,1.126337e-18
1.804269e+01,2.732634e-17,1.140806e-16,1.140806e-18
1.804536e+01,2.761728e-17,1.168718e-16,1.168718e-18
1.804804e+01,2.792227e-17,1.193822e-16,1.193822e-18
1.805071e+01,2.779411e-17,1.207334e-16,1.207334e-18
1.805338e+01,2.795315e-17,1.206939e-16,1.206939e-18
1.805606e+01,2.788495e-17,1.201760e-16,1.201760e-18
1.805873e+01,2.801901e-17,1.205524e-16,1.205524e-18
1.806140e+01,2.832985e-17,1.210382e-16,1.210382e-18
1.806408e+01,2.787908e-17,1.215884e-16,1.215884e-18
1.806675e+01,2.810974e-17,1.226183e-16,1.226183e-18
1.806942e+01,2.827677e-17,1.237576e-16,1.237576e-18
1.807210e+01,2.859136e-17,1.246427e-16,1.246427e-18
1.807477e+01,2.837631e-17,1.245678e-16,1.245678e-18
1.807744e+01,2.848040e-17,1.246877e-16,1.246877e-18
1.808012e+01,2.863976e-17,1.254844e-16,1.254844e-18
1.808279e+01,2.841631e-17,1.261432e-16,1.261432e-18
1.808546e+01,2.781942e-17,1.261318e-16,1.261318e-18
1.808814e+01,2.847619e-17,1.271909e-16,1.271909e-18
1.809081e+01,2.845096e-17,1.290354e-16,1.290354e-18
1.809348e+01,2.832839e-17,1.307451e-16,1.307451e-18
1.809616e+01,2.849882e-17,1.325481e-16,1.325481e-18
1.809883e+01,2.836825e-17,1.342124e-16,1.342124e-18
1.810150e+01,2.865578e-17,1.345640e-16,1.345640e-18
1.810418e+01,2.890123e-17,1.333778e-16,1.333778e-18
1.810685e+01,2.817857e-17,1.327146e-16,1.327146e-18
1.810952e+01,2.829443e-17,1.318889e-16,1.318889e-18
1.811220e+01,2.811320e-17,1.305075e-16,1.305075e-18
1.811487e+01,2.811048e-17,1.294332e-16,1.294332e-18
1.811754e+01,2.805396e-17,1.284671e-16,1.284671e-18
1.812022e+01,2.835678e-17,1.261248e-16,1.261248e-18
1.812289e+01,2.840546e-17,1.219158e-16,1.219158e-18
1.812557e+01,2.779900e-17,1.177594e-16,1.177594e-18
1.812824e+01,2.764782e-17,1.141526e-16,1.141526e-18
1.813091e+01,2.743282e-17,1.104932e-16,1.104932e-18
1.813359e+01,2.746771e-17,1.077366e-16,1.077366e-18
1.813626e+01,2.741329e-17,1.065286e-16,1.065286e-18
1.813893e+01,2.717798e-17,1.050538e-16,1.050538e-18
1.814161e+01,2.705695e-17,1.028071e-16,1.028071e-18
1.814428e+01,2.682249e-17,1.004419e-16,1.004419e-18
1.814695e+01,2.703009e-17,9.878507e-17,9.878507e-19
1.814963e+01,2.666877e-17,9.765867e-17,9.765867e-19
1.815230e+01,2.688095e-17,9.664076e-17,9.664076e-19
1.815497e+01,2.701649e-17,9.540463e-17,9.540463e-19
1.815765e+01,2.674506e-17,9.370643e-17,9.370643e-19
1.816032e+01,2.684956e-17,9.254343e-17,9.254343e-19
1.816299e+01,2.712792e-17,9.265083e-17,9.265083e-19
1.816567e+01,2.714378e-17,9.245468e-17,9.245468e-19
1.816834e+01,2.685497e-17,9.164740e-17,9.164740e-19
1.817101e+01,2.677825e-17,9.208967e-17,9.208967e-19
1.817369e+01,2.707503e-17,9.309624e-17,9.309624e-19
1.817636e+01,2.669918e-17,9.301145e-17,9.301145e-19
1.817903e+01,2.729844e-17,9.278849e-17,9.278849e-19
1.818171e+01,2.687808e-17,9.204867e-17,9.204867e-19
1.818438e+01,2.678338e-17,9.185205e-17,9.185205e-19
1.818705e+01,2.657209e-17,9.287993e-17,9.287993e-19
1.818973e+01,2.711123e-17,9.340326e-17,9.340326e-19
1.819240e+01,2.710050e-17,9.276372e-17,9.276372e-19
1.819507e+01,2.648377e-17,9.119471e-17,9.119471e-19
1.819775e+01,2.687982e-17,9.007834e-17,9.007834e-19
1.820042e+01,2.624376e-17,8.901336e-17,8.901336e-19
1.820309e+01,2.652163e-17,8.794244e-17,8.794244e-19
1.820577e+01,2.643572e-17,8.819562e-17,8.819562e-19
1.820844e+01,2.646796e-17,8.968376e-17,8.968376e-19
1.821111e+01,2.625246e-17,9.000418e-17,9.000418e-19
1.821379e+01,2.679714e-17,8.960282e-17,8.960282e-19
1.821646e+01,2.616797e-17,8.868956e-17,8.868956e-19
1.821913e+01,2.647684e-17,8.734750e-17,8.734750e-19
1.822181e+01,2.656903e-17,8.642476e-17,8.642476e-19
1.822448e+01,2.611260e-17,8.729878e-17,8.729878e-19
1.822715e+01,2.573461e-17,8.847696e-17,8.847696e-19
1.822983e+01,2.647715e-17,8.911582e-17,8.911582e-19
1.823250e+01,2.640058e-17,8.901306e-17,8.901306e-19
1.823517e+01,2.675608e-17,8.800605e-17,8.800605e-19
1.823785e+01,2.630021e-17,8.735115e-17,8.735115e-19
1.824052e+01,2.660138e-17,8.807326e-17,8.807326e-19
1.824319e+01,2.639446e-17,8.930004e-17,8.930004e-19
1.824587e+01,2.650440e-17,9.065621e-17,9.065621e-19
1.824854e+01,2.640164e-17,9.147349e-17,9.147349e-19
1.825121e+01,2.659523e-17,9.074706e-17,9.074706e-19
1.825389e+01,2.647659e-17,9.043718e-17,9.043718e-19
1.825656e+01,2.654500e-17,9.194091e-17,9.194091e-19
1.825923e+01,2.640439e-17,9.305960e-17,9.305960e-19
1.826191e+01,2.665221e-17,9.215535e-17,9.215535e-19
1.826458e+01,2.602124e-17,9.056341e-17,9.056341e-19
1.826725e+01,2.669225e-17,9.051324e-17,9.051324e-19
1.826993e+01,2.636438e-17,9.168177e-17,9.168177e-19
1.827260e+01,2.676704e-17,9.208937e-17,9.208937e-19
1.827527e+01,2.695738e-17,8.961985e-17,8.961985e-19
1.827795e+01,2.638457e-17,8.670655e-17,8.670655e-19
1.828062e+01,2.641467e-17,8.701378e-17,8.701378e-19
1.828329e+01,2.667941e-17,8.951974e-17,8.951974e-19
1.828597e+01,2.604047e-17,9.094985e-17,9.094985e-19
1.828864e+01,2.629521e-17,9.056868e-17,9.056868e-19
1.829132e+01,2.653075e-17,9.010025e-17,9.010025e-19
1.829399e+01,2.675479e-17,9.020476e-17,9.020476e-19
1.829666e+01,2.639343e-17,8.916710e-17,8.916710e-19
1.829934e+01,2.610016e-17,8.770205e-17,8.770205e-19
1.830201e+01,2.610354e-17,8.721346e-17,8.721346e-19
1.830468e+01,2.620261e-17,8.831814e-17,8.831814e-19
1.830736e+01,2.607049e-17,8.970245e-17,8.970245e-19
1.831003e+01,2.648431e-17,8.923809e-17,8.923809e-19
1.831270e+01,2.637238e-17,8.795012e-17,8.795012e-19
1.831538e+01,2.596158e-17,8.718969e-17,8.718969e-19
1.831805e+01,2.651210e-17,8.788480e-17,8.788480e-19
1.832072e+01,2.643067e-17,8.668817e-17,8.668817e-19
1.832340e+01,2.673862e-17,8.433592e-17,8.433592e-19
1.832607e+01,2.630861e-17,8.408412e-17,8.408412e-19
1.832874e+01,2.673131e-17,8.466215e-17,8.466215e-19
1.833142e+01,2.640297e-17,8.261939e-17,8.261939e-19
1.833409e+01,2.571342e-17,7.961787e-17,7.961787e-19
1.833676e+01,2.601285e-17,7.725840e-17,7.725840e-19
1.833944e+01,2.557726e-17,7.572850e-17,7.572850e-19
1.834211e+01,2.586475e-17,7.532129e-17,7.532129e-19
1.834478e+01,2.564678e-17,7.465644e-17,7.465644e-19
1.834746e+01,2.555472e-17,7.434082e-17,7.434082e-19
1.835013e+01,2.572558e-17,7.415555e-17,7.415555e-19
1.835280e+01,2.530464e-17,7.288720e-17,7.288720e-19
1.835548e+01,2.549381e-17,7.188518e-17,7.188518e-19
1.835815e+01,2.567523e-17,7.154090e-17,7.154090e-19
1.836082e+01,2.585893e-17,7.159229e-17,7.159229e-19
1.836350e+01,2.567108e-17,7.118683e-17,7.118683e-19
1.836617e+01,2.534802e-17,7.090434e-17,7.090434e-19
1.836884e+01,2.586418e-17,7.050506e-17,7.050506e-19
1.837152e+01,2.545406e-17,6.945250e-17,6.945250e-19
1.837419e+01,2.591294e-17,6.900024e-17,6.900024e-19
1.837686e+01,2.553442e-17,6.978090e-17,6.978090e-19
1.837954e+01,2.551530e-17,7.143326e-17,7.143326e-19
1.838221e+01,2.521069e-17,7.239449e-17,7.239449e-19
1.838488e+01,2.529498e-17,7.382509e-17,7.382509e-19
1.838756e+01,2.542827e-17,7.568730e-17,7.568730e-19
1.839023e+01,2.536743e-17,7.712323e-17,7.712323e-19
1.839290e+01,2.553831e-17,7.775268e-17,7.775268e-19
1.839558e+01,2.512240e-17,7.671678e-17,7.671678e-19
1.839825e+01,2.517188e-17,7.520952e-17,7.520952e-19
1.840092e+01,2.540472e-17,7.476261e-17,7.476261e-19
1.840360e+01,2.555489e-17,7.560525e-17,7.560525e-19
1.840627e+01,2.540425e-17,7.649312e-17,7.649312e-19
1.840894e+01,2.555911e-17,7.589563e-17,7.589563e-19
1.841162e+01,2.539417e-17,7.371963e-17,7.371963e-19
1.841429e+01,2.537166e-17,7.139964e-17,7.139964e-19
1.841696e+01,2.507638e-17,7.047775e-17,7.047775e-19
1.841964e+01,2.501620e-17,7.109909e-17,7.109909e-19
1.842231e+01,2.488699e-17,7.121889e-17,7.121889e-19
1.842498e+01,2.484119e-17,7.023725e-17,7.023725e-19
1.842766e+01,2.510363e-17,6.998652e-17,6.998652e-19
1.843033e+01,2.486686e-17,6.973314e-17,6.973314e-19
1.843300e+01,2.487545e-17,6.995320e-17,6.995320e-19
1.843568e+01,2.491289e-17,6.925990e-17,6.925990e-19
1.843835e+01,2.488861e-17,6.917490e-17,6.917490e-19
1.844102e+01,2.465254e-17,6.951989e-17,6.951989e-19
1.844370e+01,2.524203e-17,6.877872e-17,6.877872e-19
1.844637e+01,2.459513e-17,6.770849e-17,6.770849e-19
1.844904e+01,2.516050e-17,6.869865e-17,6.869865e-19
1.845172e+01,2.493722e-17,6.982085e-17,6.982085e-19
1.845439e+01,2.488434e-17,6.968346e-17,6.968346e-19
1.845707e+01,2.489656e-17,6.966491e-17,6.966491e-19
1.845974e+01,2.509328e-17,7.018093e-17,7.018093e-19
1.846241e+01,2.530092e-17,7.077998e-17,7.077998e-19
1.846509e+01,2.479533e-17,7.075079e-17,7.075079e-19
1.846776e+01,2.490690e-17,7.111735e-17,7.111735e-19
1.847043e+01,2.486491e-17,7.153655e-17,7.153655e-19
1.847311e+01,2.529511e-17,7.211578e-17,7.211578e-19
1.847578e+01,2.502955e-17,7.182044e-17,7.182044e-19
1.847845e+01,2.516999e-17,7.044561e-17,7.044561e-19
1.848113e+01,2.529422e-17,6.885411e-17,6.885411e-19
1.848380e+01,2.495549e-17,6.801438e-17,6.801438e-19
1.848647e+01,2.509358e-17,6.776554e-17,6.776554e-19
1.848915e+01,2.483085e-17,6.734558e-17,6.734558e-19
1.849182e+01,2.473831e-17,6.735565e-17,6.735565e-19
1.849449e+01,2.469680e-17,6.789005e-17,6.789005e-19
1.849717e+01,2.488957e-17,6.910640e-17,6.910640e-19
1.849984e+01,2.518145e-17,7.133882e-17,7.133882e-19
1.850251e+01,2.519703e-17,7.197111e-17,7.197111e-19
1.850519e+01,2.504229e-17,7.274590e-17,7.274590e-19
1.850786e+01,2.511915e-17,7.437533e-17,7.437533e-19
1.851053e+01,2.524934e-17,7.609902e-17,7.609902e-19
1.851321e+01,2.526324e-17,7.700541e-17,7.700541e-19
1.851588e+01,2.496196e-17,7.796252e-17,7.796252e-19
1.851855e+01,2.477419e-17,7.951511e-17,7.951511e-19
1.852123e+01,2.518035e-17,8.122210e-17,8.122210e-19
1.852390e+01,2.554776e-17,8.312228e-17,8.312228e-19
1.852657e+01,2.559026e-17,8.457574e-17,8.457574e-19
1.852925e+01,2.577799e-17,8.627009e-17,8.627009e-19
1.853192e+01,2.482760e-17,8.823544e-17,8.823544e-19
1.853459e+01,2.534301e-17,9.064188e-17,9.064188e-19
1.853727e+01,2.543411e-17,9.228298e-17,9.228298e-19
1.853994e+01,2.615286e-17,9.341713e-17,9.341713e-19
1.854261e+01,2.544100e-17,9.421850e-17,9.421850e-19
1.854529e+01,2.588379e-17,9.567590e-17,9.567590e-19
1.854796e+01,2.586718e-17,9.712037e-17,9.712037e-19
1.855063e+01,2.579834e-17,9.799915e-17,9.799915e-19
1.855331e+01,2.549978e-17,9.781171e-17,9.781171e-19
1.855598e+01,2.573167e-17,9.794588e-17,9.794588e-19
1.855865e+01,2.605348e-17,9.845705e-17,9.845705e-19
1.856133e+01,2.589493e-17,9.797570e-17,9.797570e-19
1.856400e+01,2.568190e-17,9.737747e-17,9.737747e-19
1.856667e+01,2.600987e-17,9.783920e-17,9.783920e-19
1.856935e+01,2.597354e-17,9.855286e-17,9.855286e-19
1.857202e+01,2.606527e-17,9.979611e-17,9.979611e-19
1.857469e+01,2.563024e-17,1.004403e-16,1.004403e-18
1.857737e+01,2.627399e-17,1.001514e-16,1.001514e-18
1.858004e+01,2.575658e-17,9.938066e-17,9.938066e-19
1.858271e+01,2.574405e-17,9.942267e-17,9.942267e-19
1.858539e+01,2.603271e-17,1.002718e-16,1.002718e-18
1.858806e+01,2.677697e-17,1.016357e-16,1.016357e-18
1.859073e+01,2.656811e-17,1.019363e-16,1.019363e-18
1.859341e+01,2.586935e-17,1.011809e-16,1.011809e-18
1.859608e+01,2.631606e-17,1.004803e-16,1.004803e-18
1.859875e+01,2.655340e-17,1.006005e-16,1.006005e-18
1.860143e+01,2.644163e-17,1.009731e-16,1.009731e-18
1.860410e+01,2.632185e-17,1.012522e-16,1.012522e-18
1.860677e+01,2.626451e-17,1.012961e-16,1.012961e-18
1.860945e+01,2.630166e-17,1.015278e-16,1.015278e-18
1.861212e+01,2.658381e-17,1.029566e-16,1.029566e-18
1.861479e+01,2.613723e-17,1.038020e-16,1.038020e-18
1.861747e+01,2.643007e-17,1.031257e-16,1.031257e-18
1.862014e+01,2.590656e-17,1.022812e-16,1.022812e-18
1.862282e+01,2.638543e-17,1.025529e-16,1.025529e-18
1.862549e+01,2.629166e-17,1.031288e-16,1.031288e-18
1.862816e+01,2.627463e-17,1.023441e-16,1.023441e-18
1.863084e+01,2.604809e-17,1.006578e-16,1.006578e-18
1.863351e+01,2.602897e-17,9.951169e-17,9.951169e-19
1.863618e+01,2.596335e-17,9.928879e-17,9.928879e-19
1.863886e+01,2.570795e-17,9.883215e-17,9.883215e-19
1.864153e+01,2.580992e-17,9.892189e-17,9.892189e-19
1.864420e+01,2.600352e-17,9.986404e-17,9.986404e-19
1.864688e+01,2.628940e-17,1.015002e-16,1.015002e-18
1.864955e+01,2.606601e-17,1.028638e-16,1.028638e-18
1.865222e+01,2.589774e-17,1.043658e-16,1.043658e-18
1.865490e+01,2.547087e-17,1.057801e-16,1.057801e-18
1.865757e+01,2.604981e-17,1.068644e-16,1.068644e-18
1.866024e+01,2.566877e-17,1.071079e-16,1.071079e-18
1.866292e+01,2.564241e-17,1.081233e-16,1.081233e-18
1.866559e+01,2.558684e-17,1.106869e-16,1.106869e-18
1.866826e+01,2.581480e-17,1.138206e-16,1.138206e-18
1.867094e+01,2.585744e-17,1.153413e-16,1.153413e-18
1.867361e+01,2.605485e-17,1.158194e-16,1.158194e-18
1.867628e+01,2.530234e-17,1.158308e-16,1.158308e-18
1.867896e+01,2.561941e-17,1.158404e-16,1.158404e-18
1.868163e+01,2.564317e-17,1.162398e-16,1.162398e-18
1.868430e+01,2.608439e-17,1.167168e-16,1.167168e-18
1.868698e+01,2.555380e-17,1.172304e-16,1.172304e-18
1.868965e+01,2.593993e-17,1.185025e-16,1.185025e-18
1.869232e+01,2.615645e-17,1.200179e-16,1.200179e-18
1.869500e+01,2.545236e-17,1.206106e-16,1.206106e-18
1.869767e+01,2.612564e-17,1.213947e-16,1.213947e-18
1.870034e+01,2.555058e-17,1.227556e-16,1.227556e-18
1.870302e+01,2.576058e-17,1.240851e-16,1.240851e-18
1.870569e+01,2.608321e-17,1.251674e-16,1.251674e-18
1.870836e+01,2.563916e-17,1.265882e-16,1.265882e-18
1.871104e+01,2.599182e-17,1.283169e-16,1.283169e-18
1.871371e+01,2.586028e-17,1.299393e-16,1.299393e-18
1.871638e+01,2.568118e-17,1.311291e-16,1.311291e-18
1.871906e+01,2.622299e-17,1.328075e-16,1.328075e-18
1.872173e+01,2.581922e-17,1.346701e-16,1.346701e-18
1.872440e+01,2.618525e-17,1.362088e-16,1.362088e-18
1.872708e+01,2.618027e-17,1.372237e-16,1.372237e-18
1.872975e+01,2.656555e-17,1.386433e-16,1.386433e-18
1.873242e+01,2.622151e-17,1.397423e-16,1.397423e-18
1.873510e+01,2.657813e-17,1.405902e-16,1.405902e-18
1.873777e+01,2.628436e-17,1.412970e-16,1.412970e-18
1.874044e+01,2.619164e-17,1.424100e-16,1.424100e-18
1.874312e+01,2.686738e-17,1.437004e-16,1.437004e-18
1.874579e+01,2.675847e-17,1.440764e-16,1.440764e-18
1.874846e+01,2.669558e-17,1.431621e-16,1.431621e-18
1.875114e+01,2.703558e-17,1.414168e-16,1.414168e-18
1.875381e+01,2.648139e-17,1.392205e-16,1.392205e-18
1.875648e+01,2.658605e-17,1.368179e-16,1.368179e-18
1.875916e+01,2.619820e-17,1.334160e-16,1.334160e-18
1.876183e+01,2.594803e-17,1.294514e-16,1.294514e-18
1.876450e+01,2.603225e-17,1.248515e-16,1.248515e-18
1.876718e+01,2.605979e-17,1.197185e-16,1.197185e-18
1.876985e+01,2.606642e-17,1.145496e-16,1.145496e-18
1.877252e+01,2.593042e-17,1.098020e-16,1.098020e-18
1.877520e+01,2.619989e-17,1.050126e-16,1.050126e-18
1.877787e+01,2.538632e-17,1.000621e-16,1.000621e-18
1.878054e+01,2.537985e-17,9.537696e-17,9.537696e-19
1.878322e+01,2.499114e-17,9.074560e-17,9.074560e-19
1.878589e+01,2.455865e-17,8.671669e-17,8.671669e-19
1.878857e+01,2.504931e-17,8.372978e-17,8.372978e-19
1.879124e+01,2.475869e-17,8.072024e-17,8.072024e-19
1.879391e+01,2.478149e-17,7.864872e-17,7.864872e-19
1.879659e+01,2.495201e-17,7.720058e-17,7.720058e-19
1.879926e+01,2.463485e-17,7.465606e-17,7.465606e-19
1.880193e+01,2.451057e-17,7.134719e-17,7.134719e-19
1.880461e+01,2.468232e-17,6.883901e-17,6.883901e-19
1.880728e+01,2.440857e-17,6.728002e-17,6.728002e-19
1.880995e+01,2.396575e-17,6.640885e-17,6.640885e-19
1.881263e+01,2.405335e-17,6.501292e-17,6.501292e-19
1.881530e+01,2.450860e-17,6.265612e-17,6.265612e-19
1.881797e+01,2.434001e-17,6.053740e-17,6.053740e-19
1.882065e+01,2.440731e-17,6.034834e-17,6.034834e-19
1.882332e+01,2.419888e-17,5.997932e-17,5.997932e-19
1.882599e+01,2.408566e-17,5.859917e-17,5.859917e-19
1.882867e+01,2.411976e-17,5.738825e-17,5.738825e-19
1.883134e+01,2.379058e-17,5.802510e-17,5.802510e-19
1.883401e+01,2.395011e-17,5.908267e-17,5.908267e-19
1.883669e+01,2.413794e-17,5.972932e-17,5.972932e-19
1.883936e+01,2.425059e-17,5.986344e-17,5.986344e-19
1.884203e+01,2.418094e-17,6.005763e-17,6.005763e-19
1.884471e+01,2.378314e-17,6.064962e-17,6.064962e-19
1.884738e+01,2.388676e-17,6.111839e-17,6.111839e-19
1.885005e+01,2.380400e-17,5.963750e-17,5.963750e-19
1.885273e+01,2.380112e-17,6.007739e-17,6.007739e-19
1.885540e+01,2.431305e-17,6.181948e-17,6.181948e-19
1.885807e+01,2.400919e-17,6.334210e-17,6.334210e-19
1.886075e+01,2.431401e-17,6.456878e-17,6.456878e-19
1.886342e+01,2.427326e-17,6.470759e-17,6.470759e-19
1.886609e+01,2.403199e-17,6.426945e-17,6.426945e-19
1.886877e+01,2.363711e-17,6.419821e-17,6.419821e-19
1.887144e+01,2.435492e-17,6.644524e-17,6.644524e-19
1.887411e+01,2.439478e-17,6.746768e-17,6.746768e-19
1.887679e+01,2.420384e-17,6.711512e-17,6.711512e-19
1.887946e+01,2.479974e-17,6.761386e-17,6.761386e-19
1.888213e+01,2.445559e-17,6.800932e-17,6.800932e-19
1.888481e+01,2.399420e-17,6.685470e-17,6.685470e-19
1.888748e+01,2.442684e-17,6.643559e-17,6.643559e-19
1.889015e+01,2.443909e-17,6.709188e-17,6.709188e-19
1.889283e+01,2.426395e-17,6.645401e-17,6.645401e-19
1.889550e+01,2.412683e-17,6.662268e-17,6.662268e-19
1.889817e+01,2.438465e-17,6.774614e-17,6.774614e-19
1.890085e+01,2.415388e-17,6.719039e-17,6.719039e-19
1.890352e+01,2.433265e-17,6.552032e-17,6.552032e-19
1.890619e+01,2.418480e-17,6.544567e-17,6.544567e-19
1.890887e+01,2.450422e-17,6.595756e-17,6.595756e-19
1.891154e+01,2.425823e-17,6.471151e-17,6.471151e-19
1.891421e+01,2.412450e-17,6.383290e-17,6.383290e-19
1.891689e+01,2.436300e-17,6.435637e-17,6.435637e-19
1.891956e+01,2.401067e-17,6.370777e-17,6.370777e-19
1.892223e+01,2.429179e-17,6.322403e-17,6.322403e-19
1.892491e+01,2.419591e-17,6.341985e-17,6.341985e-19
1.892758e+01,2.415406e-17,6.401019e-17,6.401019e-19
1.893025e+01,2.405778e-17,6.382483e-17,6.382483e-19
1.893293e+01,2.418750e-17,6.330523e-17,6.330523e-19
1.893560e+01,2.439818e-17,6.318048e-17,6.318048e-19
1.893827e+01,2.418377e-17,6.363307e-17,6.363307e-19
1.894095e+01,2.437344e-17,6.329616e-17,6.329616e-19
1.894362e+01,2.417757e-17,6.326333e-17,6.326333e-19
1.894629e+01,2.447805e-17,6.458044e-17,6.458044e-19
1.894897e+01,2.376754e-17,6.551685e-17,6.551685e-19
1.895164e+01,2.447837e-17,6.541139e-17,6.541139e-19
1.895432e+01,2.457290e-17,6.541047e-17,6.541047e-19
1.895699e+01,2.420241e-17,6.558029e-17,6.558029e-19
1.895966e+01,2.430833e-17,6.518594e-17,6.518594e-19
1.896234e+01,2.384665e-17,6.423267e-17,6.423267e-19
1.896501e+01,2.398386e-17,6.379834e-17,6.379834e-19
1.896768e+01,2.406140e-17,6.418945e-17,6.418945e-19
1.897036e+01,2.394143e-17,6.477667e-17,6.477667e-19
1.897303e+01,2.365496e-17,6.574380e-17,6.574380e-19
1.897570e+01,2.437988e-17,6.630086e-17,6.630086e-19
1.897838e+01,2.415458e-17,6.647531e-17,6.647531e-19
1.898105e+01,2.393034e-17,6.668253e-17,6.668253e-19
1.898372e+01,2.437733e-17,6.735165e-17,6.735165e-19
1.898640e+01,2.407199e-17,6.845627e-17,6.845627e-19
1.898907e+01,2.383657e-17,6.932896e-17,6.932896e-19
1.899174e+01,2.423423e-17,6.932097e-17,6.932097e-19
1.899442e+01,2.406322e-17,6.915256e-17,6.915256e-19
1.899709e+01,2.370332e-17,6.896717e-17,6.896717e-19
1.899976e+01,2.375260e-17,6.859417e-17,6.859417e-19
1.900244e+01,2.395615e-17,7.051466e-17,7.051466e-19
1.900511e+01,2.422011e-17,7.429920e-17,7.429920e-19
1.900778e+01,2.448125e-17,7.636352e-17,7.636352e-19
1.901046e+01,2.421633e-17,7.600455e-17,7.600455e-19
1.901313e+01,2.402055e-17,7.696102e-17,7.696102e-19
1.901580e+01,2.428265e-17,7.872516e-17,7.872516e-19
1.901848e+01,2.398652e-17,7.998290e-17,7.998290e-19
1.902115e+01,2.406072e-17,8.129688e-17,8.129688e-19
1.902382e+01,2.406293e-17,8.241128e-17,8.241128e-19
1.902650e+01,2.443980e-17,8.373607e-17,8.373607e-19
1.902917e+01,2.433376e-17,8.467686e-17,8.467686e-19
1.903184e+01,2.389588e-17,8.599997e-17,8.599997e-19
1.903452e+01,2.469113e-17,8.706180e-17,8.706180e-19
1.903719e+01,2.459393e-17,8.743317e-17,8.743317e-19
1.903986e+01,2.420337e-17,8.731603e-17,8.731603e-19
1.904254e+01,2.445385e-17,8.713149e-17,8.713149e-19
1.904521e+01,2.423165e-17,8.666014e-17,8.666014e-19
1.904788e+01,2.428327e-17,8.528729e-17,8.528729e-19
1.905056e+01,2.398925e-17,8.384714e-17,8.384714e-19
1.905323e+01,2.446445e-17,8.316610e-17,8.316610e-19
1.905590e+01,2.397373e-17,8.203387e-17,8.203387e-19
1.905858e+01,2.403823e-17,8.124633e-17,8.124633e-19
1.906125e+01,2.416122e-17,8.128097e-17,8.128097e-19
1.906392e+01,2.422501e-17,8.060864e-17,8.060864e-19
1.906660e+01,2.405582e-17,8.016051e-17,8.016051e-19
1.906927e+01,2.385308e-17,8.015241e-17,8.015241e-19
1.907194e+01,2.445419e-17,8.098166e-17,8.098166e-19
1.907462e+01,2.388136e-17,8.069942e-17,8.069942e-19
1.907729e+01,2.340228e-17,7.912804e-17,7.912804e-19
1.907996e+01,2.392660e-17,7.806673e-17,7.806673e-19
1.908264e+01,2.392560e-17,7.757358e-17,7.757358e-19
1.908531e+01,2.414868e-17,7.622201e-17,7.622201e-19
1.908798e+01,2.397201e-17,7.473983e-17,7.473983e-19
1.909066e+01,2.380255e-17,7.450386e-17,7.450386e-19
1.909333e+01,2.397302e-17,7.482141e-17,7.482141e-19
1.909600e+01,2.386410e-17,7.306976e-17,7.306976e-19
1.909868e+01,2.413893e-17,7.151774e-17,7.151774e-19
1.910135e+01,2.432048e-17,7.166141e-17,7.166141e-19
1.910402e+01,2.424503e-17,7.165717e-17,7.165717e-19
1.910670e+01,2.393268e-17,7.033631e-17,7.033631e-19
1.910937e+01,2.392631e-17,6.886049e-17,6.886049e-19
1.911204e+01,2.418862e-17,6.767505e-17,6.767505e-19
1.911472e+01,2.425759e-17,6.785764e-17,6.785764e-19
1.911739e+01,2.385879e-17,6.719824e-17,6.719824e-19
1.912007e+01,2.401221e-17,6.483546e-17,6.483546e-19
1.912274e+01,2.373567e-17,6.292701e-17,6.292701e-19
1.912541e+01,2.390052e-17,6.301540e-17,6.301540e-19
1.912809e+01,2.407847e-17,6.367159e-17,6.367159e-19
1.913076e+01,2.393482e-17,6.396455e-17,6.396455e-19
1.913343e+01,2.369570e-17,6.366644e-17,6.366644e-19
1.913611e+01,2.409062e-17,6.325165e-17,6.325165e-19
1.913878e+01,2.389187e-17,6.395108e-17,6.395108e-19
1.914145e+01,2.353670e-17,6.540627e-17,6.540627e-19
1.914413e+01,2.360403e-17,6.458072e-17,6.458072e-19
1.914680e+01,2.395666e-17,6.286381e-17,6.286381e-19
1.914947e+01,2.346957e-17,6.286719e-17,6.286719e-19
1.915215e+01,2.397732e-17,6.442723e-17,6.442723e-19
1.915482e+01,2.378310e-17,6.517202e-17,6.517202e-19
1.915749e+01,2.397400e-17,6.476605e-17,6.476605e-19
1.916017e+01,2.403793e-17,6.465456e-17,6.465456e-19
1.916284e+01,2.418863e-17,6.568135e-17,6.568135e-19
1.916551e+01,2.404092e-17,6.639198e-17,6.639198e-19
1.916819e+01,2.396474e-17,6.681629e-17,6.681629e-19
1.917086e+01,2.416768e-17,6.690392e-17,6.690392e-19
1.917353e+01,2.389420e-17,6.595554e-17,6.595554e-19
1.917621e+01,2.396030e-17,6.522166e-17,6.522166e-19
1.917888e+01,2.446897e-17,6.510551e-17,6.510551e-19
1.918155e+01,2.371976e-17,6.462894e-17,6.462894e-19
1.918423e+01,2.391144e-17,6.440620e-17,6.440620e-19
1.918690e+01,2.390555e-17,6.438152e-17,6.438152e-19
1.918957e+01,2.364789e-17,6.383603e-17,6.383603e-19
1.919225e+01,2.405021e-17,6.366799e-17,6.366799e-19
1.919492e+01,2.412915e-17,6.443962e-17,6.443962e-19
1.919759e+01,2.445942e-17,6.668828e-17,6.668828e-19
1.920027e+01,2.400247e-17,6.712872e-17,6.712872e-19
1.920294e+01,2.388305e-17,6.647878e-17,6.647878e-19
1.920561e+01,2.405518e-17,6.741963e-17,6.741963e-19
1.920829e+01,2.420103e-17,6.888041e-17,6.888041e-19
1.921096e+01,2.425536e-17,7.031572e-17,7.031572e-19
1.921363e+01,2.424289e-17,7.232637e-17,7.232637e-19
1.921631e+01,2.449537e-17,7.402187e-17,7.402187e-19
1.921898e+01,2.457520e-17,7.510514e-17,7.510514e-19
1.922165e+01,2.416246e-17,7.695403e-17,7.695403e-19
1.922433e+01,2.454457e-17,7.923081e-17,7.923081e-19
1.922700e+01,2.425053e-17,8.013311e-17,8.013311e-19
1.922967e+01,2.415913e-17,8.015775e-17,8.015775e-19
1.923235e+01,2.431371e-17,8.026596e-17,8.026596e-19
1.923502e+01,2.410206e-17,8.029565e-17,8.029565e-19
1.923769e+01,2.443235e-17,7.995331e-17,7.995331e-19
1.924037e+01,2.386078e-17,8.010784e-17,8.010784e-19
1.924304e+01,2.443678e-17,7.934840e-17,7.934840e-19
1.924571e+01,2.415389e-17,7.722749e-17,7.722749e-19
1.924839e+01,2.442461e-17,7.508936e-17,7.508936e-19
1.925106e+01,2.394805e-17,7.343373e-17,7.343373e-19
1.925373e+01,2.380205e-17,7.252999e-17,7.252999e-19
1.925641e+01,2.438596e-17,7.190091e-17,7.190091e-19
1.925908e+01,2.405056e-17,7.129040e-17,7.129040e-19
1.926175e+01,2.403680e-17,7.099451e-17,7.099451e-19
1.926443e+01,2.381293e-17,7.093959e-17,7.093959e-19
1.926710e+01,2.388979e-17,7.143234e-17,7.143234e-19
1.926977e+01,2.438723e-17,7.266958e-17,7.266958e-19
1.927245e+01,2.417444e-17,7.380330e-17,7.380330e-19
1.927512e+01,2.387525e-17,7.476168e-17,7.476168e-19
1.927779e+01,2.407874e-17,7.651233e-17,7.651233e-19
1.928047e+01,2.449126e-17,7.837529e-17,7.837529e-19
1.928314e+01,2.460637e-17,7.983783e-17,7.983783e-19
1.928582e+01,2.404676e-17,8.124011e-17,8.124011e-19
1.928849e+01,2.474576e-17,8.311705e-17,8.311705e-19
1.929116e+01,2.426280e-17,8.427043e-17,8.427043e-19
1.929384e+01,2.464330e-17,8.567003e-17,8.567003e-19
1.929651e+01,2.417051e-17,8.714642e-17,8.714642e-19
1.929918e+01,2.483714e-17,8.840536e-17,8.840536e-19
1.930186e+01,2.516627e-17,9.059509e-17,9.059509e-19
1.930453e+01,2.470855e-17,9.309546e-17,9.309546e-19
1.930720e+01,2.495065e-17,9.532363e-17,9.532363e-19
1.930988e+01,2.483012e-17,9.798215e-17,9.798215e-19
1.931255e+01,2.541157e-17,1.017795e-16,1.017795e-18
1.931522e+01,2.478092e-17,1.055479e-16,1.055479e-18
1.931790e+01,2.518199e-17,1.086828e-16,1.086828e-18
1.932057e+01,2.493779e-17,1.117949e-16,1.117949e-18
1.932324e+01,2.510384e-17,1.150941e-16,1.150941e-18
1.932592e+01,2.538393e-17,1.184926e-16,1.184926e-18
1.932859e+01,2.581334e-17,1.209662e-16,1.209662e-18
1.933126e+01,2.496939e-17,1.225708e-16,1.225708e-18
1.933394e+01,2.550311e-17,1.247168e-16,1.247168e-18
1.933661e+01,2.546264e-17,1.271130e-16,1.271130e-18
1.933928e+01,2.561470e-17,1.294599e-16,1.294599e-18
1.934196e+01,2.524807e-17,1.305727e-16,1.305727e-18
1.934463e+01,2.499955e-17,1.310252e-16,1.310252e-18
1.934730e+01,2.501665e-17,1.320910e-16,1.320910e-18
1.934998e+01,2.550667e-17,1.342978e-16,1.342978e-18
1.935265e+01,2.507954e-17,1.360011e-16,1.360011e-18
1.935532e+01,2.522098e-17,1.368733e-16,1.368733e-18
1.935800e+01,2.523793e-17,1.378089e-16,1.378089e-18
1.936067e+01,2.524910e-17,1.392475e-16,1.392475e-18
1.936334e+01,2.529836e-17,1.403346e-16,1.403346e-18
1.936602e+01,2.514298e-17,1.408187e-16,1.408187e-18
1.936869e+01,2.541224e-17,1.405787e-16,1.405787e-18
1.937136e+01,2.520840e-17,1.395801e-16,1.395801e-18
1.937404e+01,2.540758e-17,1.384351e-16,1.384351e-18
1.937671e+01,2.532965e-17,1.366245e-16,1.366245e-18
1.937938e+01,2.502332e-17,1.342618e-16,1.342618e-18
1.938206e+01,2.539158e-17,1.326435e-16,1.326435e-18
1.938473e+01,2.456586e-17,1.312279e-16,1.312279e-18
1.938740e+01,2.495628e-17,1.296871e-16,1.296871e-18
1.939008e+01,2.512325e-17,1.279269e-16,1.279269e-18
1.939275e+01,2.465573e-17,1.263047e-16,1.263047e-18
1.939542e+01,2.454048e-17,1.237775e-16,1.237775e-18
1.939810e+01,2.480583e-17,1.205534e-16,1.205534e-18
1.940077e+01,2.483350e-17,1.178121e-16,1.178121e-18
1.940344e+01,2.461973e-17,1.156338e-16,1.156338e-18
1.940612e+01,2.530009e-17,1.125582e-16,1.125582e-18
1.940879e+01,2.488532e-17,1.089050e-16,1.089050e-18
1.941146e+01,2.451704e-17,1.061652e-16,1.061652e-18
1.941414e+01,2.456233e-17,1.039644e-16,1.039644e-18
1.941681e+01,2.431673e-17,1.010188e-16,1.010188e-18
1.941948e+01,2.426598e-17,9.846214e-17,9.846214e-19
1.942216e+01,2.423192e-17,9.571424e-17,9.571424e-19
1.942483e+01,2.438855e-17,9.243627e-17,9.243627e-19
1.942750e+01,2.430455e-17,8.928973e-17,8.928973e-19
1.943018e+01,2.413848e-17,8.772042e-17,8.772042e-19
1.943285e+01,2.399677e-17,8.677473e-17,8.677473e-19
1.943552e+01,2.394536e-17,8.523066e-17,8.523066e-19
1.943820e+01,2.422587e-17,8.319091e-17,8.319091e-19
1.944087e+01,2.394075e-17,8.107477e-17,8.107477e-19
1.944354e+01,2.407805e-17,7.950174e-17,7.950174e-19
1.944622e+01,2.423917e-17,7.827297e-17,7.827297e-19
1.944889e+01,2.402469e-17,7.648223e-17,7.648223e-19
1.945157e+01,2.332138e-17,7.504272e-17,7.504272e-19
1.945424e+01,2.394060e-17,7.508897e-17,7.508897e-19
1.945691e+01,2.409964e-17,7.422215e-17,7.422215e-19
1.945959e+01,2.380394e-17,7.224508e-17,7.224508e-19
1.946226e+01,2.398343e-17,7.126550e-17,7.126550e-19
1.946493e+01,2.376404e-17,7.045211e-17,7.045211e-19
1.946761e+01,2.364460e-17,6.907437e-17,6.907437e-19
1.947028e+01,2.347084e-17,6.755337e-17,6.755337e-19
1.947295e+01,2.383303e-17,6.734594e-17,6.734594e-19
1.947563e+01,2.377006e-17,6.798313e-17,6.798313e-19
1.947830e+01,2.329161e-17,6.795978e-17,6.795978e-19
1.948097e+01,2.373729e-17,6.928477e-17,6.928477e-19
1.948365e+01,2.351265e-17,7.063160e-17,7.063160e-19
1.948632e+01,2.376109e-17,7.036507e-17,7.036507e-19
1.948899e+01,2.323427e-17,7.095795e-17,7.095795e-19
1.949167e+01,2.374342e-17,7.315847e-17,7.315847e-19
1.949434e+01,2.326788e-17,7.409632e-17,7.409632e-19
1.949701e+01,2.357095e-17,7.479133e-17,7.479133e-19
1.949969e+01,2.347697e-17,7.635412e-17,7.635412e-19
1.950236e+01,2.342379e-17,7.657628e-17,7.657628e-19
1.950503e+01,2.384010e-17,7.465028e-17,7.465028e-19
1.950771e+01,2.362272e-17,7.365317e-17,7.365317e-19
1.951038e+01,2.351610e-17,7.372209e-17,7.372209e-19
1.951305e+01,2.369729e-17,7.346296e-17,7.346296e-19
1.951573e+01,2.334194e-17,7.336253e-17,7.336253e-19
1.951840e+01,2.322205e-17,7.246841e-17,7.246841e-19
1.952107e+01,2.292845e-17,7.049483e-17,7.049483e-19
1.952375e+01,2.306866e-17,6.879467e-17,6.879467e-19
1.952642e+01,2.320534e-17,6.678486e-17,6.678486e-19
1.952909e+01,2.341994e-17,6.361658e-17,6.361658e-19
1.953177e+01,2.274915e-17,5.999372e-17,5.999372e-19
1.953444e+01,2.344261e-17,5.737596e-17,5.737596e-19
1.953711e+01,2.304970e-17,5.465546e-17,5.465546e-19
1.953979e+01,2.276478e-17,5.285096e-17,5.285096e-19
1.954246e+01,2.280692e-17,5.194631e-17,5.194631e-19
1.954513e+01,2.277417e-17,5.103443e-17,5.103443e-19
1.954781e+01,2.277687e-17,5.071753e-17,5.071753e-19
1.955048e+01,2.261326e-17,5.035289e-17,5.035289e-19
1.955315e+01,2.239447e-17,4.987785e-17,4.987785e-19
1.955583e+01,2.270165e-17,4.914153e-17,4.914153e-19
1.955850e+01,2.298228e-17,4.873944e-17,4.873944e-19
1.956117e+01,2.225540e-17,4.909747e-17,4.909747e-19
1.956385e+01,2.280185e-17,5.027017e-17,5.027017e-19
1.956652e+01,2.268185e-17,5.063533e-17,5.063533e-19
1.956919e+01,2.279003e-17,5.077698e-17,5.077698e-19
1.957187e+01,2.244269e-17,5.161126e-17,5.161126e-19
1.957454e+01,2.235321e-17,5.323173e-17,5.323173e-19
1.957721e+01,2.271164e-17,5.472403e-17,5.472403e-19
1.957989e+01,2.288959e-17,5.626207e-17,5.626207e-19
1.958256e+01,2.298597e-17,5.834672e-17,5.834672e-19
1.958523e+01,2.337597e-17,6.003217e-17,6.003217e-19
1.958791e+01,2.296922e-17,6.077125e-17,6.077125e-19
1.959058e+01,2.279567e-17,6.139127e-17,6.139127e-19
1.959325e+01,2.323189e-17,6.147671e-17,6.147671e-19
1.959593e+01,2.335109e-17,6.170048e-17,6.170048e-19
1.959860e+01,2.322345e-17,6.281616e-17,6.281616e-19
1.960127e+01,2.274812e-17,6.477442e-17,6.477442e-19
1.960395e+01,2.307513e-17,6.710553e-17,6.710553e-19
1.960662e+01,2.311545e-17,6.782173e-17,6.782173e-19
1.960929e+01,2.300649e-17,6.790882e-17,6.790882e-19
1.961197e+01,2.349236e-17,6.952861e-17,6.952861e-19
1.961464e+01,2.345995e-17,7.186144e-17,7.186144e-19
1.961732e+01,2.307215e-17,7.330561e-17,7.330561e-19
1.961999e+01,2.357691e-17,7.460865e-17,7.460865e-19
1.962266e+01,2.357784e-17,7.580794e-17,7.580794e-19
1.962534e+01,2.338116e-17,7.648287e-17,7.648287e-19
1.962801e+01,2.323166e-17,7.727971e-17,7.727971e-19
1.963068e+01,2.346227e-17,7.872150e-17,7.872150e-19
1.963336e+01,2.367384e-17,7.967428e-17,7.967428e-19
1.963603e+01,2.365464e-17,7.972256e-17,7.972256e-19
1.963870e+01,2.367633e-17,8.004144e-17,8.004144e-19
1.964138e+01,2.398287e-17,8.091795e-17,8.091795e-19
1.964405e+01,2.387395e-17,8.190987e-17,8.190987e-19
1.964672e+01,2.347697e-17,8.268013e-17,8.268013e-19
1.964940e+01,2.328681e-17,8.329740e-17,8.329740e-19
1.965207e+01,2.371438e-17,8.373080e-17,8.373080e-19
1.965474e+01,2.340885e-17,8.437890e-17,8.437890e-19
1.965742e+01,2.371966e-17,8.560002e-17,8.560002e-19
1.966009e+01,2.397427e-17,8.583556e-17,8.583556e-19
1.966276e+01,2.332253e-17,8.456881e-17,8.456881e-19
1.966544e+01,2.359712e-17,8.352326e-17,8.352326e-19
1.966811e+01,2.348450e-17,8.298965e-17,8.298965e-19
1.967078e+01,2.332404e-17,8.288021e-17,8.288021e-19
1.967346e+01,2.351675e-17,8.161061e-17,8.161061e-19
1.967613e+01,2.389154e-17,7.997221e-17,7.997221e-19
1.967880e+01,2.363482e-17,7.816598e-17,7.816598e-19
1.968148e+01,2.358634e-17,7.562531e-17,7.562531e-19
1.968415e+01,2.344253e-17,7.272372e-17,7.272372e-19
1.968682e+01,2.310292e-17,7.130091e-17,7.130091e-19
1.968950e+01,2.266747e-17,7.069862e-17,7.069862e-19
1.969217e+01,2.316000e-17,6.913505e-17,6.913505e-19
1.969484e+01,2.310657e-17,6.667703e-17,6.667703e-19
1.969752e+01,2.287830e-17,6.531797e-17,6.531797e-19
1.970019e+01,2.269890e-17,6.520220e-17,6.520220e-19
1.970286e+01,2.285177e-17,6.433361e-17,6.433361e-19
1.970554e+01,2.297825e-17,6.347825e-17,6.347825e-19
1.970821e+01,2.310931e-17,6.261704e-17,6.261704e-19
1.971088e+01,2.304364e-17,6.130202e-17,6.130202e-19
1.971356e+01,2.282821e-17,5.993686e-17,5.993686e-19
1.971623e+01,2.261737e-17,5.917088e-17,5.917088e-19
1.971890e+01,2.309282e-17,5.872931e-17,5.872931e-19
1.972158e+01,2.295576e-17,5.785579e-17,5.785579e-19
1.972425e+01,2.262039e-17,5.798551e-17,5.798551e-19
1.972692e+01,2.309031e-17,5.888306e-17,5.888306e-19
1.972960e+01,2.283174e-17,5.923897e-17,5.923897e-19
1.973227e+01,2.273264e-17,5.894648e-17,5.894648e-19
1.973494e+01,2.299074e-17,5.785193e-17,5.785193e-19
1.973762e+01,2.287028e-17,5.744297e-17,5.744297e-19
1.974029e+01,2.318701e-17,5.733441e-17,5.733441e-19
1.974296e+01,2.293898e-17,5.661504e-17,5.661504e-19
1.974564e+01,2.265288e-17,5.602930e-17,5.602930e-19
1.974831e+01,2.285979e-17,5.613404e-17,5.613404e-19
1.975098e+01,2.273574e-17,5.605287e-17,5.605287e-19
1.975366e+01,2.230239e-17,5.589545e-17,5.589545e-19
1.975633e+01,2.266509e-17,5.663038e-17,5.663038e-19
1.975900e+01,2.283336e-17,5.758700e-17,5.758700e-19
1.976168e+01,2.258155e-17,5.851952e-17,5.851952e-19
1.976435e+01,2.296319e-17,5.880328e-17,5.880328e-19
1.976702e+01,2.255339e-17,5.750563e-17,5.750563e-19
1.976970e+01,2.281830e-17,5.688707e-17,5.688707e-19
1.977237e+01,2.291914e-17,5.730558e-17,5.730558e-19
1.977504e+01,2.263112e-17,5.802133e-17,5.802133e-19
1.977772e+01,2.288513e-17,5.857237e-17,5.857237e-19
1.978039e+01,2.239487e-17,5.910119e-17,5.910119e-19
1.978307e+01,2.312879e-17,6.045401e-17,6.045401e-19
1.978574e+01,2.283778e-17,6.134162e-17,6.134162e-19
1.978841e+01,2.261501e-17,6.204935e-17,6.204935e-19
1.979109e+01,2.252362e-17,6.200309e-17,6.200309e-19
1.979376e+01,2.289141e-17,6.114661e-17,6.114661e-19
1.979643e+01,2.281958e-17,6.115710e-17,6.115710e-19
1.979911e+01,2.276100e-17,6.251189e-17,6.251189e-19
1.980178e+01,2.316791e-17,6.303489e-17,6.303489e-19
1.980445e+01,2.289036e-17,6.156054e-17,6.156054e-19
1.980713e+01,2.276878e-17,6.114687e-17,6.114687e-19
1.980980e+01,2.277242e-17,6.130751e-17,6.130751e-19
1.981247e+01,2.247321e-17,6.014775e-17,6.014775e-19
1.981515e+01,2.249225e-17,5.944091e-17,5.944091e-19
1.981782e+01,2.228336e-17,5.954350e-17,5.954350e-19
1.982049e+01,2.266156e-17,5.910357e-17,5.910357e-19
1.982317e+01,2.209369e-17,5.738794e-17,5.738794e-19
1.982584e+01,2.251596e-17,5.621056e-17,5.621056e-19
1.982851e+01,2.206377e-17,5.601092e-17,5.601092e-19
1.983119e+01,2.225702e-17,5.653856e-17,5.653856e-19
1.983386e+01,2.193426e-17,5.647733e-17,5.647733e-19
1.983653e+01,2.189247e-17,5.536273e-17,5.536273e-19
1.983921e+01,2.235583e-17,5.479109e-17,5.479109e-19
1.984188e+01,2.234215e-17,5.471759e-17,5.471759e-19
1.984455e+01,2.264529e-17,5.391824e-17,5.391824e-19
1.984723e+01,2.204935e-17,5.104189e-17,5.104189e-19
1.984990e+01,2.210348e-17,4.967293e-17,4.967293e-19
1.985257e+01,2.220661e-17,4.931148e-17,4.931148e-19
1.985525e+01,2.238776e-17,4.937519e-17,4.937519e-19
1.985792e+01,2.178306e-17,4.887085e-17,4.887085e-19
1.986059e+01,2.199275e-17,4.894763e-17,4.894763e-19
1.986327e+01,2.229916e-17,4.876294e-17,4.876294e-19
1.986594e+01,2.196573e-17,4.747832e-17,4.747832e-19
1.986861e+01,2.198079e-17,4.609125e-17,4.609125e-19
1.987129e+01,2.212342e-17,4.665026e-17,4.665026e-19
1.987396e+01,2.162860e-17,4.653749e-17,4.653749e-19
1.987663e+01,2.225299e-17,4.658158e-17,4.658158e-19
1.987931e+01,2.265675e-17,4.698630e-17,4.698630e-19
1.988198e+01,2.224230e-17,4.731742e-17,4.731742e-19
1.988465e+01,2.186614e-17,4.695777e-17,4.695777e-19
1.988733e+01,2.218511e-17,4.746642e-17,4.746642e-19
1.989000e+01,2.215884e-17,4.912311e-17,4.912311e-19
1.989267e+01,2.226478e-17,5.027750e-17,5.027750e-19
1.989535e+01,2.239353e-17,5.121966e-17,5.121966e-19
1.989802e+01,2.207233e-17,5.310556e-17,5.310556e-19
1.990069e+01,2.214612e-17,5.518037e-17,5.518037e-19
1.990337e+01,2.232250e-17,5.585011e-17,5.585011e-19
1.990604e+01,2.246344e-17,5.805406e-17,5.805406e-19
1.990871e+01,2.254516e-17,6.193830e-17,6.193830e-19
1.991139e+01,2.318141e-17,6.527475e-17,6.527475e-19
1.991406e+01,2.300047e-17,6.775903e-17,6.775903e-19
1.991673e+01,2.263145e-17,7.080064e-17,7.080064e-19
1.991941e+01,2.286548e-17,7.525248e-17,7.525248e-19
1.992208e+01,2.291825e-17,7.967225e-17,7.967225e-19
1.992475e+01,2.311134e-17,8.324891e-17,8.324891e-19
1.992743e+01,2.318784e-17,8.466549e-17,8.466549e-19
1.993010e+01,2.319228e-17,8.569888e-17,8.569888e-19
1.993277e+01,2.323300e-17,8.793150e-17,8.793150e-19
1.993545e+01,2.319769e-17,9.028990e-17,9.028990e-19
1.993812e+01,2.330836e-17,9.158088e-17,9.158088e-19
1.994079e+01,2.334563e-17,9.255506e-17,9.255506e-19
1.994347e+01,2.340865e-17,9.388814e-17,9.388814e-19
1.994614e+01,2.344409e-17,9.479042e-17,9.479042e-19
1.994882e+01,2.344242e-17,9.451779e-17,9.451779e-19
1.995149e+01,2.315884e-17,9.372312e-17,9.372312e-19
1.995416e+01,2.326614e-17,9.227315e-17,9.227315e-19
1.995684e+01,2.345392e-17,8.892905e-17,8.892905e-19
1.995951e+01,2.324984e-17,8.604487e-17,8.604487e-19
1.996218e+01,2.314478e-17,8.526241e-17,8.526241e-19
1.996486e+01,2.300431e-17,8.522466e-17,8.522466e-19
1.996753e+01,2.337876e-17,8.510234e-17,8.510234e-19
1.997020e+01,2.322331e-17,8.421278e-17,8.421278e-19
1.997288e+01,2.275120e-17,8.215010e-17,8.215010e-19
1.997555e+01,2.316465e-17,8.048579e-17,8.048579e-19
1.997822e+01,2.315751e-17,8.128439e-17,8.128439e-19
1.998090e+01,2.352948e-17,8.296050e-17,8.296050e-19
1.998357e+01,2.337619e-17,8.222762e-17,8.222762e-19
1.998624e+01,2.330241e-17,8.058069e-17,8.058069e-19
1.998892e+01,2.347315e-17,8.061622e-17,8.061622e-19
1.999159e+01,2.325410e-17,8.207736e-17,8.207736e-19
1.999426e+01,2.325881e-17,8.351386e-17,8.351386e-19
1.999694e+01,2.355832e-17,8.467953e-17,8.467953e-19
1.999961e+01,2.309872e-17,8.480782e-17,8.480782e-19
2.000228e+01,2.291755e-17,8.432924e-17,8.432924e-19
2.000496e+01,2.332948e-17,8.473814e-17,8.473814e-19
2.000763e+01,2.361700e-17,8.628215e-17,8.628215e-19
2.001030e+01,2.331182e-17,8.730769e-17,8.730769e-19
2.001298e+01,2.344144e-17,8.671852e-17,8.671852e-19
2.001565e+01,2.343981e-17,8.575505e-17,8.575505e-19
2.001832e+01,2.389609e-17,8.663011e-17,8.663011e-19
2.002100e+01,2.391395e-17,8.831892e-17,8.831892e-19
2.002367e+01,2.377594e-17,8.893577e-17,8.893577e-19
2.002634e+01,2.379977e-17,8.769657e-17,8.769657e-19
2.002902e+01,2.343305e-17,8.763903e-17,8.763903e-19
2.003169e+01,2.342910e-17,8.914840e-17,8.914840e-19
2.003436e+01,2.357559e-17,8.932812e-17,8.932812e-19
2.003704e+01,2.357112e-17,8.807113e-17,8.807113e-19
2.003971e+01,2.376562e-17,8.736899e-17,8.736899e-19
2.004238e+01,2.327700e-17,8.671167e-17,8.671167e-19
2.004506e+01,2.317248e-17,8.570810e-17,8.570810e-19
2.004773e+01,2.355123e-17,8.457580e-17,8.457580e-19
2.005040e+01,2.320451e-17,8.459700e-17,8.459700e-19
2.005308e+01,2.335867e-17,8.538078e-17,8.538078e-19
2.005575e+01,2.331316e-17,8.529940e-17,8.529940e-19
2.005842e+01,2.339560e-17,8.429569e-17,8.429569e-19
2.006110e+01,2.313755e-17,8.274031e-17,8.274031e-19
2.006377e+01,2.319426e-17,8.101272e-17,8.101272e-19
2.006644e+01,2.328972e-17,7.963919e-17,7.963919e-19
2.006912e+01,2.317942e-17,7.910860e-17,7.910860e-19
2.007179e+01,2.312954e-17,7.850138e-17,7.850138e-19
2.007446e+01,2.313797e-17,7.730382e-17,7.730382e-19
2.007714e+01,2.304794e-17,7.574406e-17,7.574406e-19
2.007981e+01,2.336653e-17,7.319491e-17,7.319491e-19
2.008248e+01,2.293307e-17,7.107633e-17,7.107633e-19
2.008516e+01,2.248172e-17,6.958537e-17,6.958537e-19
2.008783e+01,2.269468e-17,6.936701e-17,6.936701e-19
2.009050e+01,2.219190e-17,6.883653e-17,6.883653e-19
2.009318e+01,2.264207e-17,6.649510e-17,6.649510e-19
2.009585e+01,2.257464e-17,6.412243e-17,6.412243e-19
2.009852e+01,2.242625e-17,6.391382e-17,6.391382e-19
2.010120e+01,2.228588e-17,6.315733e-17,6.315733e-19
2.010387e+01,2.218056e-17,6.134610e-17,6.134610e-19
2.010654e+01,2.213266e-17,6.062900e-17,6.062900e-19
2.010922e+01,2.217348e-17,6.005158e-17,6.005158e-19
2.011189e+01,2.218066e-17,5.927006e-17,5.927006e-19
2.011457e+01,2.228685e-17,5.888010e-17,5.888010e-19
2.011724e+01,2.259085e-17,5.915522e-17,5.915522e-19
2.011991e+01,2.214622e-17,5.763419e-17,5.763419e-19
2.012259e+01,2.200779e-17,5.604606e-17,5.604606e-19
2.012526e+01,2.213521e-17,5.632495e-17,5.632495e-19
2.012793e+01,2.235431e-17,5.774436e-17,5.774436e-19
2.013061e+01,2.195683e-17,5.782280e-17,5.782280e-19
2.013328e+01,2.206117e-17,5.681196e-17,5.681196e-19
2.013595e+01,2.188844e-17,5.755380e-17,5.755380e-19
2.013863e+01,2.234150e-17,5.997444e-17,5.997444e-19
2.014130e+01,2.174751e-17,6.003344e-17,6.003344e-19
2.014397e+01,2.200582e-17,5.975275e-17,5.975275e-19
2.014665e+01,2.233292e-17,6.113979e-17,6.113979e-19
2.014932e+01,2.257091e-17,6.139916e-17,6.139916e-19
2.015199e+01,2.214801e-17,6.017477e-17,6.017477e-19
2.015467e+01,2.248016e-17,5.999243e-17,5.999243e-19
2.015734e+01,2.227165e-17,5.974216e-17,5.974216e-19
2.016001e+01,2.237141e-17,5.824102e-17,5.824102e-19
2.016269e+01,2.216618e-17,5.737278e-17,5.737278e-19
2.016536e+01,2.245125e-17,5.948159e-17,5.948159e-19
2.016803e+01,2.203297e-17,6.235598e-17,6.235598e-19
2.017071e+01,2.194801e-17,6.192867e-17,6.192867e-19
2.017338e+01,2.207999e-17,6.030665e-17,6.030665e-19
2.017605e+01,2.206238e-17,6.053013e-17,6.053013e-19
2.017873e+01,2.214531e-17,6.189332e-17,6.189332e-19
2.018140e+01,2.144381e-17,6.300456e-17,6.300456e-19
2.018407e+01,2.200191e-17,6.435257e-17,6.435257e-19
2.018675e+01,2.232619e-17,6.462551e-17,6.462551e-19
2.018942e+01,2.209758e-17,6.512188e-17,6.512188e-19
2.019209e+01,2.203008e-17,6.636596e-17,6.636596e-19
2.019477e+01,2.202474e-17,6.694003e-17,6.694003e-19
2.019744e+01,2.235604e-17,6.713319e-17,6.713319e-19
2.020011e+01,2.194836e-17,6.703473e-17,6.703473e-19
2.020279e+01,2.173722e-17,6.797917e-17,6.797917e-19
2.020546e+01,2.208026e-17,6.994159e-17,6.994159e-19
2.020813e+01,2.203470e-17,7.157928e-17,7.157928e-19
2.021081e+01,2.209949e-17,7.224402e-17,7.224402e-19
2.021348e+01,2.240518e-17,7.333188e-17,7.333188e-19
2.021615e+01,2.250106e-17,7.467928e-17,7.467928e-19
2.021883e+01,2.255421e-17,7.535861e-17,7.535861e-19
2.022150e+01,2.217011e-17,7.503450e-17,7.503450e-19
2.022417e+01,2.257857e-17,7.501289e-17,7.501289e-19
2.022685e+01,2.241012e-17,7.546163e-17,7.546163e-19
2.022952e+01,2.240751e-17,7.522311e-17,7.522311e-19
2.023219e+01,2.243379e-17,7.425819e-17,7.425819e-19
2.023487e+01,2.258951e-17,7.343225e-17,7.343225e-19
2.023754e+01,2.224281e-17,7.329921e-17,7.329921e-19
2.024021e+01,2.256612e-17,7.328562e-17,7.328562e-19
2.024289e+01,2.264854e-17,7.299753e-17,7.299753e-19
2.024556e+01,2.257448e-17,7.242609e-17,7.242609e-19
2.024823e+01,2.239650e-17,7.249692e-17,7.249692e-19
2.025091e+01,2.259466e-17,7.367362e-17,7.367362e-19
2.025358e+01,2.258567e-17,7.404057e-17,7.404057e-19
2.025625e+01,2.258742e-17,7.381677e-17,7.381677e-19
2.025893e+01,2.231861e-17,7.421156e-17,7.421156e-19
2.026160e+01,2.267302e-17,7.568492e-17,7.568492e-19
2.026427e+01,2.227799e-17,7.652490e-17,7.652490e-19
2.026695e+01,2.259041e-17,7.678473e-17,7.678473e-19
2.026962e+01,2.201318e-17,7.692541e-17,7.692541e-19
2.027229e+01,2.246206e-17,7.780748e-17,7.780748e-19
2.027497e+01,2.247144e-17,7.859650e-17,7.859650e-19
2.027764e+01,2.296692e-17,7.987186e-17,7.987186e-19
2.028032e+01,2.294949e-17,8.197898e-17,8.197898e-19
2.028299e+01,2.262187e-17,8.275222e-17,8.275222e-19
2.028566e+01,2.276462e-17,8.216201e-17,8.216201e-19
2.028834e+01,2.256344e-17,8.192925e-17,8.192925e-19
2.029101e+01,2.276658e-17,8.248522e-17,8.248522e-19
2.029368e+01,2.278592e-17,8.260225e-17,8.260225e-19
2.029636e+01,2.265104e-17,8.227656e-17,8.227656e-19
2.029903e+01,2.268495e-17,8.261115e-17,8.261115e-19
2.030170e+01,2.275743e-17,8.303318e-17,8.303318e-19
2.030438e+01,2.276751e-17,8.353524e-17,8.353524e-19
2.030705e+01,2.277117e-17,8.352745e-17,8.352745e-19
2.030972e+01,2.302028e-17,8.325069e-17,8.325069e-19
2.031240e+01,2.331156e-17,8.246689e-17,8.246689e-19
2.031507e+01,2.278934e-17,8.140405e-17,8.140405e-19
2.031774e+01,2.246813e-17,8.004191e-17,8.004191e-19
2.032042e+01,2.256171e-17,7.918971e-17,7.918971e-19
2.032309e+01,2.238602e-17,7.939975e-17,7.939975e-19
2.032576e+01,2.272901e-17,7.995081e-17,7.995081e-19
2.032844e+01,2.288531e-17,8.048309e-17,8.048309e-19
2.033111e+01,2.246555e-17,8.056140e-17,8.056140e-19
2.033378e+01,2.238245e-17,8.028517e-17,8.028517e-19
2.033646e+01,2.243532e-17,7.981868e-17,7.981868e-19
2.033913e+01,2.257769e-17,7.935820e-17,7.935820e-19
2.034180e+01,2.260141e-17,7.903851e-17,7.903851e-19
2.034448e+01,2.243230e-17,7.967275e-17,7.967275e-19
2.034715e+01,2.280736e-17,8.107263e-17,8.107263e-19
2.034982e+01,2.248719e-17,8.215800e-17,8.215800e-19
2.035250e+01,2.212344e-17,8.208973e-17,8.208973e-19
2.035517e+01,2.229558e-17,8.177808e-17,8.177808e-19
2.035784e+01,2.198354e-17,8.156226e-17,8.156226e-19
2.036052e+01,2.216699e-17,8.148674e-17,8.148674e-19
2.036319e+01,2.226435e-17,8.241379e-17,8.241379e-19
2.036586e+01,2.252233e-17,8.410119e-17,8.410119e-19
2.036854e+01,2.245310e-17,8.451816e-17,8.451816e-19
2.037121e+01,2.270092e-17,8.390341e-17,8.390341e-19
2.037388e+01,2.233457e-17,8.438448e-17,8.438448e-19
2.037656e+01,2.231486e-17,8.481600e-17,8.481600e-19
2.037923e+01,2.216129e-17,8.272882e-17,8.272882e-19
2.038190e+01,2.240626e-17,8.020753e-17,8.020753e-19
2.038458e+01,2.203066e-17,7.894474e-17,7.894474e-19
2.038725e+01,2.280802e-17,7.938858e-17,7.938858e-19
2.038992e+01,2.241566e-17,8.039848e-17,8.039848e-19
2.039260e+01,2.235778e-17,8.119158e-17,8.119158e-19
2.039527e+01,2.230984e-17,8.108456e-17,8.108456e-19
2.039794e+01,2.247761e-17,8.114564e-17,8.114564e-19
2.040062e+01,2.268514e-17,8.191736e-17,8.191736e-19
2.040329e+01,2.286908e-17,8.273749e-17,8.273749e-19
2.040596e+01,2.261115e-17,8.321036e-17,8.321036e-19
2.040864e+01,2.254128e-17,8.484954e-17,8.484954e-19
2.041131e+01,2.249002e-17,8.751352e-17,8.751352e-19
2.041398e+01,2.265964e-17,8.972370e-17,8.972370e-19
2.041666e+01,2.289555e-17,9.041005e-17,9.041005e-19
2.041933e+01,2.296137e-17,9.084783e-17,9.084783e-19
2.042200e+01,2.292339e-17,9.146605e-17,9.146605e-19
2.042468e+01,2.268361e-17,9.058906e-17,9.058906e-19
2.042735e+01,2.268993e-17,8.937857e-17,8.937857e-19
2.043002e+01,2.250539e-17,8.898438e-17,8.898438e-19
2.043270e+01,2.258028e-17,8.871930e-17,8.871930e-19
2.043537e+01,2.232194e-17,8.805366e-17,8.805366e-19
2.043804e+01,2.252038e-17,8.707295e-17,8.707295e-19
2.044072e+01,2.263121e-17,8.555631e-17,8.555631e-19
2.044339e+01,2.255559e-17,8.415398e-17,8.415398e-19
2.044607e+01,2.204214e-17,8.367824e-17,8.367824e-19
2.044874e+01,2.238429e-17,8.449923e-17,8.449923e-19
2.045141e+01,2.252926e-17,8.545650e-17,8.545650e-19
2.045409e+01,2.270065e-17,8.481347e-17,8.481347e-19
2.045676e+01,2.250865e-17,8.261324e-17,8.261324e-19
2.045943e+01,2.278684e-17,8.143969e-17,8.143969e-19
2.046211e+01,2.226794e-17,8.210343e-17,8.210343e-19
2.046478e+01,2.230712e-17,8.180542e-17,8.180542e-19
2.046745e+01,2.213968e-17,8.033442e-17,8.033442e-19
2.047013e+01,2.224302e-17,7.964677e-17,7.964677e-19
2.047280e+01,2.209584e-17,8.002756e-17,8.002756e-19
2.047547e+01,2.195368e-17,8.107288e-17,8.107288e-19
2.047815e+01,2.235698e-17,8.129148e-17,8.129148e-19
2.048082e+01,2.246585e-17,8.087982e-17,8.087982e-19
2.048349e+01,2.214436e-17,8.063146e-17,8.063146e-19
2.048617e+01,2.252559e-17,8.059231e-17,8.059231e-19
2.048884e+01,2.220312e-17,8.061665e-17,8.061665e-19
2.049151e+01,2.260098e-17,8.078042e-17,8.078042e-19
2.049419e+01,2.265175e-17,7.967849e-17,7.967849e-19
2.049686e+01,2.260419e-17,7.759814e-17,7.759814e-19
2.049953e+01,2.213553e-17,7.561171e-17,7.561171e-19
2.050221e+01,2.218340e-17,7.405404e-17,7.405404e-19
2.050488e+01,2.186670e-17,7.228410e-17,7.228410e-19
2.050755e+01,2.189381e-17,7.133137e-17,7.133137e-19
2.051023e+01,2.208822e-17,7.091702e-17,7.091702e-19
2.051290e+01,2.192353e-17,6.961333e-17,6.961333e-19
2.051557e+01,2.207362e-17,6.749899e-17,6.749899e-19
2.051825e+01,2.186880e-17,6.500366e-17,6.500366e-19
2.052092e+01,2.182942e-17,6.228432e-17,6.228432e-19
2.052359e+01,2.183200e-17,6.037209e-17,6.037209e-19
2.052627e+01,2.157297e-17,5.877342e-17,5.877342e-19
2.052894e+01,2.144498e-17,5.608486e-17,5.608486e-19
2.053161e+01,2.125118e-17,5.342709e-17,5.342709e-19
2.053429e+01,2.104948e-17,5.221989e-17,5.221989e-19
2.053696e+01,2.170169e-17,5.262410e-17,5.262410e-19
2.053963e+01,2.153509e-17,5.296086e-17,5.296086e-19
2.054231e+01,2.122151e-17,5.205516e-17,5.205516e-19
2.054498e+01,2.128806e-17,5.062108e-17,5.062108e-19
2.054765e+01,2.145430e-17,5.057588e-17,5.057588e-19
2.055033e+01,2.132310e-17,5.083078e-17,5.083078e-19
2.055300e+01,2.103501e-17,4.988750e-17,4.988750e-19
2.055567e+01,2.137532e-17,4.940893e-17,4.940893e-19
2.055835e+01,2.122849e-17,4.885664e-17,4.885664e-19
2.056102e+01,2.139224e-17,4.917201e-17,4.917201e-19
2.056369e+01,2.146232e-17,5.009810e-17,5.009810e-19
2.056637e+01,2.155656e-17,5.087137e-17,5.087137e-19
2.056904e+01,2.154494e-17,5.116119e-17,5.116119e-19
2.057171e+01,2.150967e-17,5.271916e-17,5.271916e-19
2.057439e+01,2.134953e-17,5.444235e-17,5.444235e-19
2.057706e+01,2.186143e-17,5.605789e-17,5.605789e-19
2.057973e+01,2.168279e-17,5.715572e-17,5.715572e-19
2.058241e+01,2.181578e-17,5.768315e-17,5.768315e-19
2.058508e+01,2.155946e-17,5.705902e-17,5.705902e-19
2.058775e+01,2.178135e-17,5.651733e-17,5.651733e-19
2.059043e+01,2.128088e-17,5.718475e-17,5.718475e-19
2.059310e+01,2.158396e-17,5.872573e-17,5.872573e-19
2.059577e+01,2.171291e-17,5.968063e-17,5.968063e-19
2.059845e+01,2.196069e-17,5.997048e-17,5.997048e-19
2.060112e+01,2.144827e-17,5.980313e-17,5.980313e-19
2.060379e+01,2.128068e-17,6.012809e-17,6.012809e-19
2.060647e+01,2.154366e-17,6.148969e-17,6.148969e-19
2.060914e+01,2.134441e-17,6.231262e-17,6.231262e-19
2.061182e+01,2.154199e-17,6.182156e-17,6.182156e-19
2.061449e+01,2.153312e-17,6.191551e-17,6.191551e-19
2.061716e+01,2.170720e-17,6.354282e-17,6.354282e-19
2.061984e+01,2.179459e-17,6.495506e-17,6.495506e-19
2.062251e+01,2.197739e-17,6.509136e-17,6.509136e-19
2.062518e+01,2.142120e-17,6.489478e-17,6.489478e-19
2.062786e+01,2.166089e-17,6.479192e-17,6.479192e-19
2.063053e+01,2.179906e-17,6.539043e-17,6.539043e-19
2.063320e+01,2.154069e-17,6.620419e-17,6.620419e-19
2.063588e+01,2.212978e-17,6.716109e-17,6.716109e-19
2.063855e+01,2.197478e-17,6.728111e-17,6.728111e-19
2.064122e+01,2.136889e-17,6.678706e-17,6.678706e-19
2.064390e+01,2.147390e-17,6.625234e-17,6.625234e-19
2.064657e+01,2.145725e-17,6.644492e-17,6.644492e-19
2.064924e+01,2.166865e-17,6.661642e-17,6.661642e-19
2.065192e+01,2.162650e-17,6.662671e-17,6.662671e-19
2.065459e+01,2.189296e-17,6.652460e-17,6.652460e-19
2.065726e+01,2.146776e-17,6.657592e-17,6.657592e-19
2.065994e+01,2.165310e-17,6.702815e-17,6.702815e-19
2.066261e+01,2.178109e-17,6.734954e-17,6.734954e-19
2.066528e+01,2.174816e-17,6.740996e-17,6.740996e-19
2.066796e+01,2.158319e-17,6.697130e-17,6.697130e-19
2.067063e+01,2.174210e-17,6.679054e-17,6.679054e-19
2.067330e+01,2.192865e-17,6.652103e-17,6.652103e-19
2.067598e+01,2.158180e-17,6.623793e-17,6.623793e-19
2.067865e+01,2.226071e-17,6.661142e-17,6.661142e-19
2.068132e+01,2.170059e-17,6.690012e-17,6.690012e-19
2.068400e+01,2.223164e-17,6.771743e-17,6.771743e-19
2.068667e+01,2.226617e-17,6.879500e-17,6.879500e-19
2.068934e+01,2.193665e-17,6.974918e-17,6.974918e-19
2.069202e+01,2.194967e-17,7.019643e-17,7.019643e-19
2.069469e+01,2.194072e-17,7.030378e-17,7.030378e-19
2.069736e+01,2.187540e-17,7.006437e-17,7.006437e-19
2.070004e+01,2.164851e-17,6.976088e-17,6.976088e-19
2.070271e+01,2.185471e-17,6.937298e-17,6.937298e-19
2.070538e+01,2.183558e-17,6.921467e-17,6.921467e-19
2.070806e+01,2.175632e-17,6.851425e-17,6.851425e-19
2.071073e+01,2.174437e-17,6.792888e-17,6.792888e-19
2.071340e+01,2.160561e-17,6.796415e-17,6.796415e-19
2.071608e+01,2.177408e-17,6.862113e-17,6.862113e-19
2.071875e+01,2.182197e-17,6.871275e-17,6.871275e-19
2.072142e+01,2.186954e-17,6.796264e-17,6.796264e-19
2.072410e+01,2.180876e-17,6.703351e-17,6.703351e-19
2.072677e+01,2.173257e-17,6.675091e-17,6.675091e-19
2.072944e+01,2.149470e-17,6.683285e-17,6.683285e-19
2.073212e+01,2.156754e-17,6.645660e-17,6.645660e-19
2.073479e+01,2.166450e-17,6.586487e-17,6.586487e-19
2.073746e+01,2.133691e-17,6.585717e-17,6.585717e-19
2.074014e+01,2.171417e-17,6.626533e-17,6.626533e-19
2.074281e+01,2.159533e-17,6.623273e-17,6.623273e-19
2.074548e+01,2.173380e-17,6.734302e-17,6.734302e-19
2.074816e+01,2.164536e-17,7.007516e-17,7.007516e-19
2.075083e+01,2.156740e-17,7.330668e-17,7.330668e-19
2.075350e+01,2.170182e-17,7.361532e-17,7.361532e-19
2.075618e+01,2.163518e-17,7.270469e-17,7.270469e-19
2.075885e+01,2.175345e-17,7.362884e-17,7.362884e-19
2.076152e+01,2.205082e-17,7.646580e-17,7.646580e-19
2.076420e+01,2.177702e-17,7.885187e-17,7.885187e-19
2.076687e+01,2.180040e-17,8.114262e-17,8.114262e-19
2.076955e+01,2.165010e-17,8.365564e-17,8.365564e-19
2.077222e+01,2.180662e-17,8.511351e-17,8.511351e-19
2.077489e+01,2.201743e-17,8.556232e-17,8.556232e-19
2.077757e+01,2.181628e-17,8.654366e-17,8.654366e-19
2.078024e+01,2.191019e-17,8.807944e-17,8.807944e-19
2.078291e+01,2.193302e-17,8.803284e-17,8.803284e-19
2.078559e+01,2.194545e-17,8.741418e-17,8.741418e-19
2.078826e+01,2.206348e-17,8.804777e-17,8.804777e-19
2.079093e+01,2.145921e-17,8.903931e-17,8.903931e-19
2.079361e+01,2.212549e-17,8.935358e-17,8.935358e-19
2.079628e+01,2.169558e-17,8.852230e-17,8.852230e-19
2.079895e+01,2.184094e-17,8.657396e-17,8.657396e-19
2.080163e+01,2.177665e-17,8.429609e-17,8.429609e-19
2.080430e+01,2.147214e-17,8.328058e-17,8.328058e-19
2.080697e+01,2.173251e-17,8.267454e-17,8.267454e-19
2.080965e+01,2.168655e-17,8.185655e-17,8.185655e-19
2.081232e+01,2.193489e-17,8.144052e-17,8.144052e-19
2.081499e+01,2.161657e-17,8.208170e-17,8.208170e-19
2.081767e+01,2.187991e-17,8.290265e-17,8.290265e-19
2.082034e+01,2.174236e-17,8.225505e-17,8.225505e-19
2.082301e+01,2.188231e-17,8.077654e-17,8.077654e-19
2.082569e+01,2.185772e-17,7.994406e-17,7.994406e-19
2.082836e+01,2.213258e-17,7.936346e-17,7.936346e-19
2.083103e+01,2.167050e-17,7.828914e-17,7.828914e-19
2.083371e+01,2.188376e-17,7.835303e-17,7.835303e-19
2.083638e+01,2.207316e-17,7.989995e-17,7.989995e-19
2.083905e+01,2.218509e-17,8.165021e-17,8.165021e-19
2.084173e+01,2.197453e-17,8.225492e-17,8.225492e-19
2.084440e+01,2.201026e-17,8.378524e-17,8.378524e-19
2.084707e+01,2.191318e-17,8.643560e-17,8.643560e-19
2.084975e+01,2.199081e-17,8.839270e-17,8.839270e-19
2.085242e+01,2.162871e-17,8.919723e-17,8.919723e-19
2.085509e+01,2.216508e-17,9.003000e-17,9.003000e-19
2.085777e+01,2.246572e-17,9.114955e-17,9.114955e-19
2.086044e+01,2.184971e-17,9.188582e-17,9.188582e-19
2.086311e+01,2.247159e-17,9.323824e-17,9.323824e-19
2.086579e+01,2.222979e-17,9.522789e-17,9.522789e-19
2.086846e+01,2.239189e-17,9.752274e-17,9.752274e-19
2.087113e+01,2.189566e-17,9.938787e-17,9.938787e-19
2.087381e+01,2.239488e-17,1.012301e-16,1.012301e-18
2.087648e+01,2.215213e-17,1.027998e-16,1.027998e-18
2.087915e+01,2.212615e-17,1.043716e-16,1.043716e-18
2.088183e+01,2.219182e-17,1.061239e-16,1.061239e-18
2.088450e+01,2.198684e-17,1.069590e-16,1.069590e-18
2.088717e+01,2.263399e-17,1.063946e-16,1.063946e-18
2.088985e+01,2.210147e-17,1.058007e-16,1.058007e-18
2.089252e+01,2.199219e-17,1.063558e-16,1.063558e-18
2.089519e+01,2.229177e-17,1.073043e-16,1.073043e-18
2.089787e+01,2.224745e-17,1.072419e-16,1.072419e-18
2.090054e+01,2.228674e-17,1.063606e-16,1.063606e-18
2.090321e+01,2.211304e-17,1.052180e-16,1.052180e-18
2.090589e+01,2.276016e-17,1.043299e-16,1.043299e-18
2.090856e+01,2.216485e-17,1.038253e-16,1.038253e-18
2.091123e+01,2.217376e-17,1.030055e-16,1.030055e-18
2.091391e+01,2.227469e-17,1.007623e-16,1.007623e-18
2.091658e+01,2.216340e-17,9.818980e-17,9.818980e-19
2.091925e+01,2.193472e-17,9.677106e-17,9.677106e-19
2.092193e+01,2.179091e-17,9.636147e-17,9.636147e-19
2.092460e+01,2.183963e-17,9.578775e-17,9.578775e-19
2.092727e+01,2.189061e-17,9.431979e-17,9.431979e-19
2.092995e+01,2.169852e-17,9.210194e-17,9.210194e-19
2.093262e+01,2.183409e-17,8.998022e-17,8.998022e-19
2.093530e+01,2.172175e-17,8.826171e-17,8.826171e-19
2.093797e+01,2.210287e-17,8.725667e-17,8.725667e-19
2.094064e+01,2.199309e-17,8.674993e-17,8.674993e-19
2.094332e+01,2.168983e-17,8.622644e-17,8.622644e-19
2.094599e+01,2.164642e-17,8.550249e-17,8.550249e-19
2.094866e+01,2.161009e-17,8.473912e-17,8.473912e-19
2.095134e+01,2.179833e-17,8.474885e-17,8.474885e-19
2.095401e+01,2.168989e-17,8.497472e-17,8.497472e-19
2.095668e+01,2.175230e-17,8.456129e-17,8.456129e-19
2.095936e+01,2.195889e-17,8.406957e-17,8.406957e-19
2.096203e+01,2.150705e-17,8.481082e-17,8.481082e-19
2.096470e+01,2.162713e-17,8.622077e-17,8.622077e-19
2.096738e+01,2.155803e-17,8.718915e-17,8.718915e-19
2.097005e+01,2.156186e-17,8.779620e-17,8.779620e-19
2.097272e+01,2.155347e-17,8.861298e-17,8.861298e-19
2.097540e+01,2.188882e-17,9.014852e-17,9.014852e-19
2.097807e+01,2.161630e-17,9.164049e-17,9.164049e-19
2.098074e+01,2.207054e-17,9.247341e-17,9.247341e-19
2.098342e+01,2.131282e-17,9.306163e-17,9.306163e-19
2.098609e+01,2.176210e-17,9.419665e-17,9.419665e-19
2.098876e+01,2.179450e-17,9.497380e-17,9.497380e-19
2.099144e+01,2.202564e-17,9.468492e-17,9.468492e-19
2.099411e+01,2.179331e-17,9.427495e-17,9.427495e-19
2.099678e+01,2.163752e-17,9.484083e-17,9.484083e-19
2.099946e+01,2.214453e-17,9.473580e-17,9.473580e-19
2.100213e+01,2.197443e-17,9.330142e-17,9.330142e-19
2.100480e+01,2.190858e-17,9.250143e-17,9.250143e-19
2.100748e+01,2.162693e-17,9.116752e-17,9.116752e-19
2.101015e+01,2.148917e-17,8.907218e-17,8.907218e-19
2.101282e+01,2.202600e-17,8.707248e-17,8.707248e-19
2.101550e+01,2.192824e-17,8.620505e-17,8.620505e-19
2.101817e+01,2.149271e-17,8.580677e-17,8.580677e-19
2.102084e+01,2.158058e-17,8.485230e-17,8.485230e-19
2.102352e+01,2.164598e-17,8.330061e-17,8.330061e-19
2.102619e+01,2.153815e-17,8.188064e-17,8.188064e-19
2.102886e+01,2.195373e-17,8.099115e-17,8.099115e-19
2.103154e+01,2.144494e-17,7.980183e-17,7.980183e-19
2.103421e+01,2.141871e-17,7.977876e-17,7.977876e-19
2.103688e+01,2.154025e-17,8.029985e-17,8.029985e-19
2.103956e+01,2.191118e-17,7.937476e-17,7.937476e-19
2.104223e+01,2.156853e-17,7.789255e-17,7.789255e-19
2.104490e+01,2.146467e-17,7.826219e-17,7.826219e-19
2.104758e+01,2.198842e-17,7.984217e-17,7.984217e-19
2.105025e+01,2.169376e-17,8.091241e-17,8.091241e-19
2.105292e+01,2.205528e-17,8.087378e-17,8.087378e-19
2.105560e+01,2.155841e-17,8.029676e-17,8.029676e-19
2.105827e+01,2.159865e-17,8.075752e-17,8.075752e-19
2.106094e+01,2.158272e-17,8.167063e-17,8.167063e-19
2.106362e+01,2.157945e-17,8.130853e-17,8.130853e-19
2.106629e+01,2.174882e-17,8.001265e-17,8.001265e-19
2.106896e+01,2.170677e-17,7.974746e-17,7.974746e-19
2.107164e+01,2.181246e-17,7.977029e-17,7.977029e-19
2.107431e+01,2.179002e-17,7.833644e-17,7.833644e-19
2.107698e+01,2.136650e-17,7.488404e-17,7.488404e-19
2.107966e+01,2.134060e-17,7.068054e-17,7.068054e-19
2.108233e+01,2.136294e-17,6.786770e-17,6.786770e-19
2.108500e+01,2.143944e-17,6.629674e-17,6.629674e-19
2.108768e+01,2.113242e-17,6.402625e-17,6.402625e-19
2.109035e+01,2.105146e-17,6.258607e-17,6.258607e-19
2.109302e+01,2.121412e-17,6.209471e-17,6.209471e-19
2.109570e+01,2.142498e-17,6.158884e-17,6.158884e-19
2.109837e+01,2.100836e-17,6.034782e-17,6.034782e-19
2.110105e+01,2.138476e-17,5.964089e-17,5.964089e-19
2.110372e+01,2.072541e-17,5.978988e-17,5.978988e-19
2.110639e+01,2.079861e-17,6.027951e-17,6.027951e-19
2.110907e+01,2.084230e-17,6.079307e-17,6.079307e-19
2.111174e+01,2.113489e-17,6.143558e-17,6.143558e-19
2.111441e+01,2.061948e-17,6.146452e-17,6.146452e-19
2.111709e+01,2.069632e-17,6.036844e-17,6.036844e-19
2.111976e+01,2.076414e-17,6.000157e-17,6.000157e-19
2.112243e+01,2.083883e-17,6.075510e-17,6.075510e-19
2.112511e+01,2.093140e-17,6.155230e-17,6.155230e-19
2.112778e+01,2.105749e-17,6.237718e-17,6.237718e-19
2.113045e+01,2.083030e-17,6.252877e-17,6.252877e-19
2.113313e+01,2.101767e-17,6.270203e-17,6.270203e-19
2.113580e+01,2.096261e-17,6.247714e-17,6.247714e-19
2.113847e+01,2.102174e-17,6.207195e-17,6.207195e-19
2.114115e+01,2.093953e-17,6.159578e-17,6.159578e-19
2.114382e+01,2.113245e-17,6.146071e-17,6.146071e-19
2.114649e+01,2.097265e-17,6.228787e-17,6.228787e-19
2.114917e+01,2.101147e-17,6.354248e-17,6.354248e-19
2.115184e+01,2.081552e-17,6.363882e-17,6.363882e-19
2.115451e+01,2.083381e-17,6.355623e-17,6.355623e-19
2.115719e+01,2.107503e-17,6.438218e-17,6.438218e-19
2.115986e+01,2.127341e-17,6.590094e-17,6.590094e-19
2.116253e+01,2.113608e-17,6.583750e-17,6.583750e-19
2.116521e+01,2.091604e-17,6.484753e-17,6.484753e-19
2.116788e+01,2.097762e-17,6.497830e-17,6.497830e-19
2.117055e+01,2.094955e-17,6.592847e-17,6.592847e-19
2.117323e+01,2.092025e-17,6.686883e-17,6.686883e-19
2.117590e+01,2.120467e-17,6.775021e-17,6.775021e-19
2.117857e+01,2.121874e-17,6.853804e-17,6.853804e-19
2.118125e+01,2.133162e-17,6.916289e-17,6.916289e-19
2.118392e+01,2.135408e-17,7.029920e-17,7.029920e-19
2.118659e+01,2.114295e-17,7.205120e-17,7.205120e-19
2.118927e+01,2.109022e-17,7.386836e-17,7.386836e-19
2.119194e+01,2.127768e-17,7.480819e-17,7.480819e-19
2.119461e+01,2.095180e-17,7.501803e-17,7.501803e-19
2.119729e+01,2.108961e-17,7.440477e-17,7.440477e-19
2.119996e+01,2.104320e-17,7.470092e-17,7.470092e-19
2.120263e+01,2.112628e-17,7.616630e-17,7.616630e-19
2.120531e+01,2.125237e-17,7.744725e-17,7.744725e-19
2.120798e+01,2.087142e-17,7.811631e-17,7.811631e-19
2.121065e+01,2.140110e-17,7.876525e-17,7.876525e-19
2.121333e+01,2.087721e-17,7.955704e-17,7.955704e-19
2.121600e+01,2.112603e-17,8.012642e-17,8.012642e-19
2.121867e+01,2.113774e-17,7.955739e-17,7.955739e-19
2.122135e+01,2.128509e-17,7.912525e-17,7.912525e-19
2.122402e+01,2.125209e-17,7.913750e-17,7.913750e-19
2.122669e+01,2.085631e-17,7.914208e-17,7.914208e-19
2.122937e+01,2.102473e-17,7.861632e-17,7.861632e-19
2.123204e+01,2.105257e-17,7.794947e-17,7.794947e-19
2.123471e+01,2.104413e-17,7.716214e-17,7.716214e-19
2.123739e+01,2.102513e-17,7.562707e-17,7.562707e-19
2.124006e+01,2.098797e-17,7.388138e-17,7.388138e-19
2.124273e+01,2.100608e-17,7.332987e-17,7.332987e-19
2.124541e+01,2.108297e-17,7.394126e-17,7.394126e-19
2.124808e+01,2.074920e-17,7.434868e-17,7.434868e-19
2.125075e+01,2.117180e-17,7.432862e-17,7.432862e-19
2.125343e+01,2.095636e-17,7.305268e-17,7.305268e-19
2.125610e+01,2.093146e-17,7.126668e-17,7.126668e-19
2.125877e+01,2.128419e-17,7.013121e-17,7.013121e-19
2.126145e+01,2.094948e-17,6.933431e-17,6.933431e-19
2.126412e+01,2.080341e-17,6.877109e-17,6.877109e-19
2.126680e+01,2.102508e-17,6.812599e-17,6.812599e-19
2.126947e+01,2.098071e-17,6.744890e-17,6.744890e-19
2.127214e+01,2.095451e-17,6.657870e-17,6.657870e-19
2.127482e+01,2.076350e-17,6.541946e-17,6.541946e-19
2.127749e+01,2.106824e-17,6.463946e-17,6.463946e-19
2.128016e+01,2.083491e-17,6.365592e-17,6.365592e-19
2.128284e+01,2.099437e-17,6.213368e-17,6.213368e-19
2.128551e+01,2.086121e-17,6.102271e-17,6.102271e-19
2.128818e+01,2.090223e-17,6.097972e-17,6.097972e-19
2.129086e+01,2.066682e-17,6.097658e-17,6.097658e-19
2.129353e+01,2.055943e-17,6.035943e-17,6.035943e-19
2.129620e+01,2.107227e-17,6.024434e-17,6.024434e-19
2.129888e+01,2.108590e-17,6.004626e-17,6.004626e-19
2.130155e+01,2.097065e-17,5.957443e-17,5.957443e-19
2.130422e+01,2.035910e-17,5.863316e-17,5.863316e-19
2.130690e+01,2.075068e-17,5.851380e-17,5.851380e-19
2.130957e+01,2.085474e-17,5.998319e-17,5.998319e-19
2.131224e+01,2.060445e-17,6.214391e-17,6.214391e-19
2.131492e+01,2.104970e-17,6.299977e-17,6.299977e-19
2.131759e+01,2.125440e-17,6.412704e-17,6.412704e-19
2.132026e+01,2.112775e-17,6.716842e-17,6.716842e-19
2.132294e+01,2.128382e-17,7.047564e-17,7.047564e-19
2.132561e+01,2.118540e-17,7.127719e-17,7.127719e-19
2.132828e+01,2.113780e-17,7.254277e-17,7.254277e-19
2.133096e+01,2.106297e-17,7.518069e-17,7.518069e-19
2.133363e+01,2.129799e-17,7.866363e-17,7.866363e-19
2.133630e+01,2.142639e-17,8.168677e-17,8.168677e-19
2.133898e+01,2.143277e-17,8.274164e-17,8.274164e-19
2.134165e+01,2.125341e-17,8.221977e-17,8.221977e-19
2.134432e+01,2.135394e-17,8.128474e-17,8.128474e-19
2.134700e+01,2.130441e-17,8.067026e-17,8.067026e-19
2.134967e+01,2.119598e-17,7.965305e-17,7.965305e-19
2.135234e+01,2.115301e-17,7.790791e-17,7.790791e-19
2.135502e+01,2.104490e-17,7.520253e-17,7.520253e-19
2.135769e+01,2.134120e-17,7.094498e-17,7.094498e-19
2.136036e+01,2.057472e-17,6.577214e-17,6.577214e-19
2.136304e+01,2.073058e-17,6.211372e-17,6.211372e-19
2.136571e+01,2.101461e-17,6.023078e-17,6.023078e-19
2.136838e+01,2.054963e-17,5.855599e-17,5.855599e-19
2.137106e+01,2.053883e-17,5.603641e-17,5.603641e-19
2.137373e+01,2.052680e-17,5.297235e-17,5.297235e-19
2.137640e+01,2.001685e-17,5.079206e-17,5.079206e-19
2.137908e+01,2.042702e-17,4.929938e-17,4.929938e-19
2.138175e+01,2.060769e-17,4.777049e-17,4.777049e-19
2.138442e+01,2.027166e-17,4.641206e-17,4.641206e-19
2.138710e+01,2.049125e-17,4.485284e-17,4.485284e-19
2.138977e+01,2.036451e-17,4.421491e-17,4.421491e-19
2.139244e+01,2.016744e-17,4.430248e-17,4.430248e-19
2.139512e+01,2.024342e-17,4.381073e-17,4.381073e-19
2.139779e+01,2.052913e-17,4.294377e-17,4.294377e-19
2.140046e+01,2.016468e-17,4.254902e-17,4.254902e-19
2.140314e+01,2.039306e-17,4.264435e-17,4.264435e-19
2.140581e+01,2.066204e-17,4.255277e-17,4.255277e-19
2.140848e+01,2.022364e-17,4.292294e-17,4.292294e-19
2.141116e+01,2.053996e-17,4.346771e-17,4.346771e-19
2.141383e+01,2.036966e-17,4.395665e-17,4.395665e-19
2.141650e+01,2.032150e-17,4.471829e-17,4.471829e-19
2.141918e+01,2.023508e-17,4.534858e-17,4.534858e-19
2.142185e+01,2.075924e-17,4.523867e-17,4.523867e-19
2.142452e+01,2.026391e-17,4.560440e-17,4.560440e-19
2.142720e+01,2.035466e-17,4.733624e-17,4.733624e-19
2.142987e+01,2.072269e-17,4.866035e-17,4.866035e-19
2.143255e+01,2.076114e-17,4.907203e-17,4.907203e-19
2.143522e+01,2.021195e-17,4.923705e-17,4.923705e-19
2.143789e+01,2.071610e-17,5.010443e-17,5.010443e-19
2.144057e+01,2.060485e-17,5.091048e-17,5.091048e-19
2.144324e+01,2.039823e-17,5.191508e-17,5.191508e-19
2.144591e+01,2.063396e-17,5.353316e-17,5.353316e-19
2.144859e+01,2.059445e-17,5.459865e-17,5.459865e-19
2.145126e+01,2.035213e-17,5.572838e-17,5.572838e-19
2.145393e+01,2.075504e-17,5.734135e-17,5.734135e-19
2.145661e+01,2.076888e-17,5.866196e-17,5.866196e-19
2.145928e+01,2.045606e-17,5.935201e-17,5.935201e-19
2.146195e+01,2.086972e-17,6.055678e-17,6.055678e-19
2.146463e+01,2.034936e-17,6.161418e-17,6.161418e-19
2.146730e+01,2.080649e-17,6.222822e-17,6.222822e-19
2.146997e+01,2.051037e-17,6.205357e-17,6.205357e-19
2.147265e+01,2.106361e-17,6.315360e-17,6.315360e-19
2.147532e+01,2.093615e-17,6.470425e-17,6.470425e-19
2.147799e+01,2.060883e-17,6.527814e-17,6.527814e-19
2.148067e+01,2.101361e-17,6.523416e-17,6.523416e-19
2.148334e+01,2.084769e-17,6.539727e-17,6.539727e-19
2.148601e+01,2.112979e-17,6.601713e-17,6.601713e-19
2.148869e+01,2.109553e-17,6.675229e-17,6.675229e-19
2.149136e+01,2.078515e-17,6.739859e-17,6.739859e-19
2.149403e+01,2.126654e-17,6.792753e-17,6.792753e-19
2.149671e+01,2.081545e-17,6.848013e-17,6.848013e-19
2.149938e+01,2.116208e-17,6.942645e-17,6.942645e-19
2.150205e+01,2.101456e-17,6.927660e-17,6.927660e-19
2.150473e+01,2.116258e-17,6.838966e-17,6.838966e-19
2.150740e+01,2.077550e-17,6.839358e-17,6.839358e-19
2.151007e+01,2.075869e-17,6.970627e-17,6.970627e-19
2.151275e+01,2.098158e-17,7.074424e-17,7.074424e-19
2.151542e+01,2.113422e-17,7.091270e-17,7.091270e-19
2.151809e+01,2.083652e-17,7.009441e-17,7.009441e-19
2.152077e+01,2.073994e-17,6.987760e-17,6.987760e-19
2.152344e+01,2.065883e-17,7.073970e-17,7.073970e-19
2.152611e+01,2.119961e-17,7.210924e-17,7.210924e-19
2.152879e+01,2.117021e-17,7.346396e-17,7.346396e-19
2.153146e+01,2.121795e-17,7.436027e-17,7.436027e-19
2.153413e+01,2.113450e-17,7.477344e-17,7.477344e-19
2.153681e+01,2.134113e-17,7.537497e-17,7.537497e-19
2.153948e+01,2.133489e-17,7.586212e-17,7.586212e-19
2.154215e+01,2.151810e-17,7.616460e-17,7.616460e-19
2.154483e+01,2.151787e-17,7.603210e-17,7.603210e-19
2.154750e+01,2.169506e-17,7.588796e-17,7.588796e-19
2.155017e+01,2.163449e-17,7.607241e-17,7.607241e-19
2.155285e+01,2.116634e-17,7.588058e-17,7.588058e-19
2.155552e+01,2.156714e-17,7.576950e-17,7.576950e-19
2.155819e+01,2.160763e-17,7.542415e-17,7.542415e-19
2.156087e+01,2.142789e-17,7.565874e-17,7.565874e-19
2.156354e+01,2.121296e-17,7.551158e-17,7.551158e-19
2.156621e+01,2.130202e-17,7.498734e-17,7.498734e-19
2.156889e+01,2.159279e-17,7.447118e-17,7.447118e-19
2.157156e+01,2.116282e-17,7.483115e-17,7.483115e-19
2.157423e+01,2.122234e-17,7.573861e-17,7.573861e-19
2.157691e+01,2.164154e-17,7.527549e-17,7.527549e-19
2.157958e+01,2.161058e-17,7.484812e-17,7.484812e-19
2.158225e+01,2.134832e-17,7.493119e-17,7.493119e-19
2.158493e+01,2.111362e-17,7.437142e-17,7.437142e-19
2.158760e+01,2.146141e-17,7.361842e-17,7.361842e-19
2.159027e+01,2.121152e-17,7.394701e-17,7.394701e-19
2.159295e+01,2.136470e-17,7.543151e-17,7.543151e-19
2.159562e+01,2.138491e-17,7.660811e-17,7.660811e-19
2.159830e+01,2.107527e-17,7.664345e-17,7.664345e-19
2.160097e+01,2.142171e-17,7.687052e-17,7.687052e-19
2.160364e+01,2.116294e-17,7.721746e-17,7.721746e-19
2.160632e+01,2.135083e-17,7.681023e-17,7.681023e-19
2.160899e+01,2.113664e-17,7.664738e-17,7.664738e-19
2.161166e+01,2.157777e-17,7.801355e-17,7.801355e-19
2.161434e+01,2.111553e-17,7.912392e-17,7.912392e-19
2.161701e+01,2.121291e-17,7.888379e-17,7.888379e-19
2.161968e+01,2.119635e-17,7.836528e-17,7.836528e-19
2.162236e+01,2.125296e-17,7.870199e-17,7.870199e-19
2.162503e+01,2.110419e-17,7.952485e-17,7.952485e-19
2.162770e+01,2.109218e-17,8.009915e-17,8.009915e-19
2.163038e+01,2.108074e-17,8.017677e-17,8.017677e-19
2.163305e+01,2.090132e-17,8.062668e-17,8.062668e-19
2.163572e+01,2.159159e-17,8.140137e-17,8.140137e-19
2.163840e+01,2.095942e-17,8.153498e-17,8.153498e-19
2.164107e+01,2.111567e-17,8.108136e-17,8.108136e-19
2.164374e+01,2.126155e-17,8.062035e-17,8.062035e-19
2.164642e+01,2.094713e-17,8.030756e-17,8.030756e-19
2.164909e+01,2.085794e-17,8.068657e-17,8.068657e-19
2.165176e+01,2.129579e-17,8.038718e-17,8.038718e-19
2.165444e+01,2.096974e-17,7.914789e-17,7.914789e-19
2.165711e+01,2.098799e-17,7.864463e-17,7.864463e-19
2.165978e+01,2.091113e-17,7.871878e-17,7.871878e-19
2.166246e+01,2.098301e-17,7.819395e-17,7.819395e-19
2.166513e+01,2.070378e-17,7.720214e-17,7.720214e-19
2.166780e+01,2.066463e-17,7.685695e-17,7.685695e-19
2.167048e+01,2.123253e-17,7.714296e-17,7.714296e-19
2.167315e+01,2.085906e-17,7.585971e-17,7.585971e-19
2.167582e+01,2.053956e-17,7.273577e-17,7.273577e-19
2.167850e+01,2.073499e-17,6.992494e-17,6.992494e-19
2.168117e+01,2.064540e-17,6.825518e-17,6.825518e-19
2.168384e+01,2.093467e-17,6.781697e-17,6.781697e-19
2.168652e+01,2.052587e-17,6.684679e-17,6.684679e-19
2.168919e+01,2.045010e-17,6.476768e-17,6.476768e-19
2.169186e+01,2.059276e-17,6.366302e-17,6.366302e-19
2.169454e+01,2.081300e-17,6.266770e-17,6.266770e-19
2.169721e+01,2.043396e-17,6.085874e-17,6.085874e-19
2.169988e+01,2.065865e-17,5.918411e-17,5.918411e-19
2.170256e+01,2.027690e-17,5.699478e-17,5.699478e-19
2.170523e+01,1.996541e-17,5.466581e-17,5.466581e-19
2.170790e+01,2.005517e-17,5.401835e-17,5.401835e-19
2.171058e+01,1.998832e-17,5.355068e-17,5.355068e-19
2.171325e+01,2.058025e-17,5.170355e-17,5.170355e-19
2.171592e+01,1.978917e-17,5.003787e-17,5.003787e-19
2.171860e+01,1.987967e-17,5.018883e-17,5.018883e-19
2.172127e+01,2.014043e-17,4.958542e-17,4.958542e-19
2.172394e+01,1.989850e-17,4.730154e-17,4.730154e-19
2.172662e+01,2.025760e-17,4.553315e-17,4.553315e-19
2.172929e+01,1.999803e-17,4.464702e-17,4.464702e-19
2.173196e+01,1.970453e-17,4.362021e-17,4.362021e-19
2.173464e+01,1.966016e-17,4.193570e-17,4.193570e-19
2.173731e+01,1.953670e-17,4.035121e-17,4.035121e-19
2.173998e+01,1.968547e-17,3.951595e-17,3.951595e-19
2.174266e+01,1.977425e-17,3.999020e-17,3.999020e-19
2.174533e+01,1.964009e-17,4.019621e-17,4.019621e-19
2.174800e+01,1.996327e-17,4.076191e-17,4.076191e-19
2.175068e+01,2.000950e-17,4.130376e-17,4.130376e-19
2.175335e+01,2.005734e-17,4.147100e-17,4.147100e-19
2.175602e+01,1.984869e-17,4.146461e-17,4.146461e-19
2.175870e+01,1.982519e-17,4.202192e-17,4.202192e-19
2.176137e+01,1.985517e-17,4.299847e-17,4.299847e-19
2.176405e+01,1.983816e-17,4.388771e-17,4.388771e-19
2.176672e+01,1.996377e-17,4.380182e-17,4.380182e-19
2.176939e+01,1.986285e-17,4.385471e-17,4.385471e-19
2.177207e+01,1.986661e-17,4.496879e-17,4.496879e-19
2.177474e+01,1.982035e-17,4.599598e-17,4.599598e-19
2.177741e+01,1.984711e-17,4.591087e-17,4.591087e-19
2.178009e+01,1.995681e-17,4.565334e-17,4.565334e-19
2.178276e+01,1.981475e-17,4.637082e-17,4.637082e-19
2.178543e+01,1.961938e-17,4.819382e-17,4.819382e-19
2.178811e+01,2.009793e-17,5.053370e-17,5.053370e-19
2.179078e+01,1.996103e-17,5.148998e-17,5.148998e-19
2.179345e+01,2.001677e-17,5.213401e-17,5.213401e-19
2.179613e+01,2.006518e-17,5.348292e-17,5.348292e-19
2.179880e+01,2.006937e-17,5.469953e-17,5.469953e-19
2.180147e+01,1.989426e-17,5.628177e-17,5.628177e-19
2.180415e+01,2.020587e-17,5.840875e-17,5.840875e-19
2.180682e+01,2.016376e-17,6.023999e-17,6.023999e-19
2.180949e+01,2.039052e-17,6.204627e-17,6.204627e-19
2.181217e+01,2.050967e-17,6.419194e-17,6.419194e-19
2.181484e+01,2.068620e-17,6.733673e-17,6.733673e-19
2.181751e+01,2.049105e-17,6.948326e-17,6.948326e-19
2.182019e+01,2.034754e-17,7.062821e-17,7.062821e-19
2.182286e+01,2.080337e-17,7.171113e-17,7.171113e-19
2.182553e+01,2.057794e-17,7.302101e-17,7.302101e-19
2.182821e+01,2.056503e-17,7.379946e-17,7.379946e-19
2.183088e+01,2.053981e-17,7.365763e-17,7.365763e-19
2.183355e+01,2.027958e-17,7.227366e-17,7.227366e-19
2.183623e+01,2.055004e-17,7.077504e-17,7.077504e-19
2.183890e+01,2.029819e-17,6.938713e-17,6.938713e-19
2.184157e+01,2.040870e-17,6.789498e-17,6.789498e-19
2.184425e+01,2.035911e-17,6.654041e-17,6.654041e-19
2.184692e+01,2.039503e-17,6.493954e-17,6.493954e-19
2.184959e+01,2.066235e-17,6.355385e-17,6.355385e-19
2.185227e+01,2.017705e-17,6.256253e-17,6.256253e-19
2.185494e+01,2.065523e-17,6.211706e-17,6.211706e-19
2.185761e+01,2.022089e-17,6.063618e-17,6.063618e-19
2.186029e+01,2.013910e-17,5.966482e-17,5.966482e-19
2.186296e+01,2.031487e-17,5.995192e-17,5.995192e-19
2.186563e+01,2.060275e-17,6.000436e-17,6.000436e-19
2.186831e+01,2.017585e-17,5.914486e-17,5.914486e-19
2.187098e+01,2.000065e-17,5.854235e-17,5.854235e-19
2.187365e+01,2.009112e-17,5.823539e-17,5.823539e-19
2.187633e+01,2.024568e-17,5.798941e-17,5.798941e-19
2.187900e+01,2.010487e-17,5.811226e-17,5.811226e-19
2.188167e+01,2.023606e-17,5.748718e-17,5.748718e-19
2.188435e+01,1.962220e-17,5.652012e-17,5.652012e-19
2.188702e+01,2.032594e-17,5.656299e-17,5.656299e-19
2.188969e+01,1.989617e-17,5.694692e-17,5.694692e-19
2.189237e+01,2.046371e-17,5.780426e-17,5.780426e-19
2.189504e+01,2.025230e-17,5.806936e-17,5.806936e-19
2.189771e+01,2.019322e-17,5.726986e-17,5.726986e-19
2.190039e+01,2.017033e-17,5.631691e-17,5.631691e-19
2.190306e+01,2.055509e-17,5.671078e-17,5.671078e-19
2.190573e+01,2.067722e-17,5.755593e-17,5.755593e-19
2.190841e+01,2.018621e-17,5.743155e-17,5.743155e-19
2.191108e+01,2.008072e-17,5.581128e-17,5.581128e-19
2.191375e+01,1.969703e-17,5.449544e-17,5.449544e-19
2.191643e+01,2.040276e-17,5.496755e-17,5.496755e-19
2.191910e+01,1.999984e-17,5.544006e-17,5.544006e-19
2.192177e+01,2.035217e-17,5.568766e-17,5.568766e-19
2.192445e+01,2.066441e-17,5.580663e-17,5.580663e-19
2.192712e+01,2.036849e-17,5.654353e-17,5.654353e-19
2.192980e+01,2.019061e-17,5.705712e-17,5.705712e-19
2.193247e+01,2.003611e-17,5.694214e-17,5.694214e-19
2.193514e+01,2.014454e-17,5.738373e-17,5.738373e-19
2.193782e+01,2.032121e-17,5.837732e-17,5.837732e-19
2.194049e+01,2.005232e-17,5.944875e-17,5.944875e-19
2.194316e+01,2.016125e-17,6.096065e-17,6.096065e-19
2.194584e+01,2.051787e-17,6.209396e-17,6.209396e-19
2.194851e+01,1.994904e-17,6.204541e-17,6.204541e-19
2.195118e+01,2.033779e-17,6.203340e-17,6.203340e-19
2.195386e+01,2.002420e-17,6.338562e-17,6.338562e-19
2.195653e+01,2.036291e-17,6.579790e-17,6.579790e-19
2.195920e+01,2.024408e-17,6.630459e-17,6.630459e-19
2.196188e+01,2.036652e-17,6.513508e-17,6.513508e-19
2.196455e+01,2.052877e-17,6.475139e-17,6.475139e-19
2.196722e+01,1.990484e-17,6.601162e-17,6.601162e-19
2.196990e+01,2.031617e-17,6.764270e-17,6.764270e-19
2.197257e+01,2.021793e-17,6.872105e-17,6.872105e-19
2.197524e+01,2.022109e-17,6.930674e-17,6.930674e-19
2.197792e+01,2.062499e-17,6.983457e-17,6.983457e-19
2.198059e+01,2.043293e-17,6.946187e-17,6.946187e-19
2.198326e+01,2.022537e-17,6.846228e-17,6.846228e-19
2.198594e+01,2.037031e-17,6.778087e-17,6.778087e-19
2.198861e+01,2.042049e-17,6.727894e-17,6.727894e-19
2.199128e+01,2.040080e-17,6.604917e-17,6.604917e-19
2.199396e+01,2.009510e-17,6.484396e-17,6.484396e-19
2.199663e+01,1.996725e-17,6.376822e-17,6.376822e-19
2.199930e+01,1.995487e-17,6.280670e-17,6.280670e-19
2.200198e+01,1.991914e-17,6.226369e-17,6.226369e-19
2.200465e+01,2.025618e-17,6.242511e-17,6.242511e-19
2.200732e+01,1.981705e-17,6.202981e-17,6.202981e-19
2.201000e+01,2.030446e-17,6.020474e-17,6.020474e-19
2.201267e+01,2.031900e-17,5.811937e-17,5.811937e-19
2.201534e+01,1.976402e-17,5.661614e-17,5.661614e-19
2.201802e+01,1.994637e-17,5.625453e-17,5.625453e-19
2.202069e+01,1.999346e-17,5.621808e-17,5.621808e-19
2.202336e+01,2.003723e-17,5.530011e-17,5.530011e-19
2.202604e+01,1.974755e-17,5.394925e-17,5.394925e-19
2.202871e+01,1.994791e-17,5.383011e-17,5.383011e-19
2.203138e+01,1.992667e-17,5.347678e-17,5.347678e-19
2.203406e+01,1.998591e-17,5.200002e-17,5.200002e-19
2.203673e+01,1.983351e-17,5.086340e-17,5.086340e-19
2.203940e+01,1.977393e-17,5.118252e-17,5.118252e-19
2.204208e+01,1.956707e-17,5.208489e-17,5.208489e-19
2.204475e+01,1.975505e-17,5.155661e-17,5.155661e-19
2.204742e+01,2.000230e-17,5.037186e-17,5.037186e-19
2.205010e+01,1.961479e-17,4.955519e-17,4.955519e-19
2.205277e+01,1.954001e-17,4.948689e-17,4.948689e-19
2.205544e+01,1.958865e-17,4.965636e-17,4.965636e-19
2.205812e+01,1.966026e-17,4.959048e-17,4.959048e-19
2.206079e+01,1.965531e-17,4.936898e-17,4.936898e-19
2.206346e+01,1.964759e-17,4.908103e-17,4.908103e-19
2.206614e+01,1.959815e-17,4.977793e-17,4.977793e-19
2.206881e+01,1.978032e-17,5.050987e-17,5.050987e-19
2.207148e+01,1.968543e-17,5.063449e-17,5.063449e-19
2.207416e+01,1.943333e-17,5.084446e-17,5.084446e-19
2.207683e+01,1.918820e-17,5.135617e-17,5.135617e-19
2.207950e+01,1.968561e-17,5.176941e-17,5.176941e-19
2.208218e+01,1.959405e-17,5.257703e-17,5.257703e-19
2.208485e+01,1.963284e-17,5.331026e-17,5.331026e-19
2.208752e+01,1.992741e-17,5.380848e-17,5.380848e-19
2.209020e+01,1.956321e-17,5.454712e-17,5.454712e-19
2.209287e+01,1.950359e-17,5.519020e-17,5.519020e-19
2.209555e+01,1.952366e-17,5.496587e-17,5.496587e-19
2.209822e+01,2.005562e-17,5.550028e-17,5.550028e-19
2.210089e+01,2.011693e-17,5.683608e-17,5.683608e-19
2.210357e+01,2.007767e-17,5.792011e-17,5.792011e-19
2.210624e+01,1.988310e-17,5.770724e-17,5.770724e-19
2.210891e+01,1.997590e-17,5.708347e-17,5.708347e-19
2.211159e+01,2.005240e-17,5.670520e-17,5.670520e-19
2.211426e+01,1.991530e-17,5.669125e-17,5.669125e-19
2.211693e+01,1.967146e-17,5.713039e-17,5.713039e-19
2.211961e+01,1.971637e-17,5.752558e-17,5.752558e-19
2.212228e+01,1.961110e-17,5.767886e-17,5.767886e-19
2.212495e+01,1.971840e-17,5.859060e-17,5.859060e-19
2.212763e+01,1.974822e-17,5.943670e-17,5.943670e-19
2.213030e+01,1.977829e-17,5.853468e-17,5.853468e-19
2.213297e+01,1.981929e-17,5.725273e-17,5.725273e-19
2.213565e+01,1.978699e-17,5.726502e-17,5.726502e-19
2.213832e+01,1.999204e-17,5.781055e-17,5.781055e-19
2.214099e+01,1.968598e-17,5.708534e-17,5.708534e-19
2.214367e+01,1.972072e-17,5.645338e-17,5.645338e-19
2.214634e+01,1.979308e-17,5.689583e-17,5.689583e-19
2.214901e+01,1.960719e-17,5.690136e-17,5.690136e-19
2.215169e+01,1.970513e-17,5.638673e-17,5.638673e-19
2.215436e+01,1.956974e-17,5.594267e-17,5.594267e-19
2.215703e+01,1.978196e-17,5.665549e-17,5.665549e-19
2.215971e+01,1.979034e-17,5.785494e-17,5.785494e-19
2.216238e+01,1.992118e-17,5.901556e-17,5.901556e-19
2.216505e+01,1.972020e-17,5.863040e-17,5.863040e-19
2.216773e+01,2.007999e-17,5.776639e-17,5.776639e-19
2.217040e+01,1.976675e-17,5.796663e-17,5.796663e-19
2.217307e+01,1.971376e-17,5.878698e-17,5.878698e-19
2.217575e+01,2.020135e-17,5.867973e-17,5.867973e-19
2.217842e+01,2.025832e-17,5.788082e-17,5.788082e-19
2.218109e+01,1.992649e-17,5.729140e-17,5.729140e-19
2.218377e+01,1.995830e-17,5.718936e-17,5.718936e-19
2.218644e+01,1.977160e-17,5.699662e-17,5.699662e-19
2.218911e+01,1.939699e-17,5.629619e-17,5.629619e-19
2.219179e+01,1.972957e-17,5.598849e-17,5.598849e-19
2.219446e+01,1.944898e-17,5.582054e-17,5.582054e-19
2.219713e+01,1.978215e-17,5.551180e-17,5.551180e-19
2.219981e+01,1.950810e-17,5.440828e-17,5.440828e-19
2.220248e+01,1.954058e-17,5.339543e-17,5.339543e-19
2.220515e+01,1.912365e-17,5.195938e-17,5.195938e-19
2.220783e+01,1.959634e-17,5.081006e-17,5.081006e-19
2.221050e+01,1.919026e-17,4.995370e-17,4.995370e-19
2.221317e+01,1.942406e-17,4.988023e-17,4.988023e-19
2.221585e+01,1.980860e-17,4.944488e-17,4.944488e-19
2.221852e+01,1.974827e-17,4.914600e-17,4.914600e-19
2.222119e+01,1.962737e-17,4.848573e-17,4.848573e-19
2.222387e+01,1.952763e-17,4.722902e-17,4.722902e-19
2.222654e+01,1.927808e-17,4.717664e-17,4.717664e-19
2.222921e+01,1.957589e-17,4.793694e-17,4.793694e-19
2.223189e+01,1.963145e-17,4.841075e-17,4.841075e-19
2.223456e+01,1.973760e-17,4.884701e-17,4.884701e-19
2.223723e+01,1.972769e-17,4.962961e-17,4.962961e-19
2.223991e+01,1.942509e-17,5.030444e-17,5.030444e-19
2.224258e+01,1.995664e-17,5.195747e-17,5.195747e-19
2.224525e+01,1.964265e-17,5.306116e-17,5.306116e-19
2.224793e+01,2.000246e-17,5.401892e-17,5.401892e-19
2.225060e+01,1.980553e-17,5.472862e-17,5.472862e-19
2.225327e+01,1.953083e-17,5.586124e-17,5.586124e-19
2.225595e+01,1.975462e-17,5.661475e-17,5.661475e-19
2.225862e+01,1.989815e-17,5.707720e-17,5.707720e-19
2.226130e+01,1.966327e-17,5.708048e-17,5.708048e-19
2.226397e+01,1.952953e-17,5.667109e-17,5.667109e-19
2.226664e+01,1.976275e-17,5.641992e-17,5.641992e-19
2.226932e+01,1.943496e-17,5.625317e-17,5.625317e-19
2.227199e+01,1.986965e-17,5.544352e-17,5.544352e-19
2.227466e+01,1.980473e-17,5.407342e-17,5.407342e-19
2.227734e+01,1.980181e-17,5.341054e-17,5.341054e-19
2.228001e+01,1.979544e-17,5.264252e-17,5.264252e-19
2.228268e+01,1.939577e-17,5.045612e-17,5.045612e-19
2.228536e+01,1.936420e-17,4.795003e-17,4.795003e-19
2.228803e+01,1.957473e-17,4.736802e-17,4.736802e-19
2.229070e+01,1.953172e-17,4.875068e-17,4.875068e-19
2.229338e+01,1.937552e-17,4.917145e-17,4.917145e-19
2.229605e+01,1.952451e-17,4.813648e-17,4.813648e-19
2.229872e+01,1.906031e-17,4.633465e-17,4.633465e-19
2.230140e+01,1.948171e-17,4.620209e-17,4.620209e-19
2.230407e+01,1.947735e-17,4.683400e-17,4.683400e-19
2.230674e+01,1.960522e-17,4.797561e-17,4.797561e-19
2.230942e+01,1.932445e-17,4.849900e-17,4.849900e-19
2.231209e+01,1.962909e-17,4.834538e-17,4.834538e-19
2.231476e+01,1.953377e-17,4.880689e-17,4.880689e-19
2.231744e+01,1.966453e-17,4.896782e-17,4.896782e-19
2.232011e+01,1.941372e-17,4.830406e-17,4.830406e-19
2.232278e+01,1.953168e-17,4.809902e-17,4.809902e-19
2.232546e+01,1.995171e-17,4.933420e-17,4.933420e-19
2.232813e+01,1.955302e-17,5.076587e-17,5.076587e-19
2.233080e+01,1.945662e-17,5.112811e-17,5.112811e-19
2.233348e+01,1.977702e-17,5.016432e-17,5.016432e-19
2.233615e+01,1.979223e-17,5.030501e-17,5.030501e-19
2.233882e+01,1.942735e-17,5.055995e-17,5.055995e-19
2.234150e+01,1.943526e-17,5.005765e-17,5.005765e-19
2.234417e+01,1.976536e-17,4.996622e-17,4.996622e-19
2.234684e+01,1.977231e-17,4.994873e-17,4.994873e-19
2.234952e+01,1.929681e-17,4.922418e-17,4.922418e-19
2.235219e+01,1.940484e-17,4.845802e-17,4.845802e-19
2.235486e+01,1.921809e-17,4.783436e-17,4.783436e-19
2.235754e+01,1.964458e-17,4.769342e-17,4.769342e-19
2.236021e+01,1.950270e-17,4.732226e-17,4.732226e-19
2.236288e+01,1.957651e-17,4.706076e-17,4.706076e-19
2.236556e+01,1.964257e-17,4.746255e-17,4.746255e-19
2.236823e+01,1.962558e-17,4.838434e-17,4.838434e-19
2.237090e+01,1.937732e-17,4.832931e-17,4.832931e-19
2.237358e+01,1.950760e-17,4.895496e-17,4.895496e-19
2.237625e+01,1.955869e-17,5.017393e-17,5.017393e-19
2.237892e+01,1.950886e-17,5.079586e-17,5.079586e-19
2.238160e+01,1.950597e-17,5.102996e-17,5.102996e-19
2.238427e+01,1.957659e-17,5.068631e-17,5.068631e-19
2.238694e+01,1.947547e-17,4.980119e-17,4.980119e-19
2.238962e+01,1.968724e-17,4.967453e-17,4.967453e-19
2.239229e+01,1.935581e-17,5.024002e-17,5.024002e-19
2.239496e+01,1.984746e-17,5.183166e-17,5.183166e-19
2.239764e+01,1.958973e-17,5.252121e-17,5.252121e-19
2.240031e+01,1.921283e-17,5.113432e-17,5.113432e-19
2.240298e+01,1.951827e-17,4.999992e-17,4.999992e-19
2.240566e+01,1.956085e-17,5.092744e-17,5.092744e-19
2.240833e+01,1.934849e-17,5.215643e-17,5.215643e-19
2.241100e+01,1.952849e-17,5.234632e-17,5.234632e-19
2.241368e+01,1.977562e-17,5.277024e-17,5.277024e-19
2.241635e+01,1.958920e-17,5.370540e-17,5.370540e-19
2.241902e+01,1.954355e-17,5.375411e-17,5.375411e-19
2.242170e+01,1.930514e-17,5.306114e-17,5.306114e-19
2.242437e+01,1.942438e-17,5.349108e-17,5.349108e-19
2.242705e+01,1.967486e-17,5.471861e-17,5.471861e-19
2.242972e+01,1.952612e-17,5.560516e-17,5.560516e-19
2.243239e+01,1.958082e-17,5.632468e-17,5.632468e-19
2.243507e+01,1.962470e-17,5.670437e-17,5.670437e-19
2.243774e+01,1.965296e-17,5.677350e-17,5.677350e-19
2.244041e+01,1.984127e-17,5.772324e-17,5.772324e-19
2.244309e+01,1.962462e-17,5.866055e-17,5.866055e-19
2.244576e+01,1.919760e-17,5.882164e-17,5.882164e-19
2.244843e+01,1.968986e-17,5.873721e-17,5.873721e-19
2.245111e+01,1.944777e-17,5.901448e-17,5.901448e-19
2.245378e+01,1.966423e-17,6.007425e-17,6.007425e-19
2.245645e+01,1.968348e-17,6.186986e-17,6.186986e-19
2.245913e+01,1.958047e-17,6.331755e-17,6.331755e-19
2.246180e+01,1.945770e-17,6.379328e-17,6.379328e-19
2.246447e+01,1.988168e-17,6.357269e-17,6.357269e-19
2.246715e+01,1.955647e-17,6.387601e-17,6.387601e-19
2.246982e+01,1.986269e-17,6.455362e-17,6.455362e-19
2.247249e+01,1.962084e-17,6.493142e-17,6.493142e-19
2.247517e+01,1.959326e-17,6.545512e-17,6.545512e-19
2.247784e+01,2.014204e-17,6.603461e-17,6.603461e-19
2.248051e+01,1.985877e-17,6.644646e-17,6.644646e-19
2.248319e+01,1.959944e-17,6.675791e-17,6.675791e-19
2.248586e+01,1.983565e-17,6.715058e-17,6.715058e-19
2.248853e+01,2.015073e-17,6.821359e-17,6.821359e-19
2.249121e+01,1.978607e-17,6.922690e-17,6.922690e-19
2.249388e+01,2.011249e-17,6.995709e-17,6.995709e-19
2.249655e+01,2.002315e-17,7.026649e-17,7.026649e-19
2.249923e+01,1.976868e-17,7.104601e-17,7.104601e-19
2.250190e+01,2.014364e-17,7.208581e-17,7.208581e-19
2.250457e+01,2.033341e-17,7.308117e-17,7.308117e-19
2.250725e+01,2.022918e-17,7.421945e-17,7.421945e-19
2.250992e+01,2.034300e-17,7.449018e-17,7.449018e-19
2.251259e+01,2.014664e-17,7.450652e-17,7.450652e-19
2.251527e+01,2.008400e-17,7.593975e-17,7.593975e-19
2.251794e+01,2.031402e-17,7.757797e-17,7.757797e-19
2.252061e+01,2.002937e-17,7.823896e-17,7.823896e-19
2.252329e+01,2.038828e-17,7.926345e-17,7.926345e-19
2.252596e+01,2.037167e-17,8.043552e-17,8.043552e-19
2.252863e+01,2.006156e-17,8.108584e-17,8.108584e-19
2.253131e+01,2.031082e-17,8.148013e-17,8.148013e-19
2.253398e+01,2.044678e-17,8.153301e-17,8.153301e-19
2.253665e+01,2.019296e-17,8.177369e-17,8.177369e-19
2.253933e+01,2.038607e-17,8.256610e-17,8.256610e-19
2.254200e+01,2.047758e-17,8.270224e-17,8.270224e-19
2.254467e+01,1.990288e-17,8.161995e-17,8.161995e-19
2.254735e+01,2.009102e-17,8.017497e-17,8.017497e-19
2.255002e+01,1.991892e-17,7.972223e-17,7.972223e-19
2.255269e+01,1.994354e-17,7.960262e-17,7.960262e-19
2.255537e+01,2.002281e-17,7.933800e-17,7.933800e-19
2.255804e+01,1.993552e-17,7.925646e-17,7.925646e-19
2.256071e+01,1.989165e-17,7.993536e-17,7.993536e-19
2.256339e+01,1.975589e-17,8.009050e-17,8.009050e-19
2.256606e+01,1.981285e-17,7.992159e-17,7.992159e-19
2.256873e+01,1.977522e-17,7.975196e-17,7.975196e-19
2.257141e+01,1.974753e-17,7.969318e-17,7.969318e-19
2.257408e+01,1.959547e-17,8.006027e-17,8.006027e-19
2.257675e+01,1.954378e-17,8.022113e-17,8.022113e-19
2.257943e+01,1.961425e-17,7.941586e-17,7.941586e-19
2.258210e+01,1.957752e-17,7.845416e-17,7.845416e-19
2.258477e+01,1.984617e-17,7.871192e-17,7.871192e-19
2.258745e+01,1.964811e-17,7.938830e-17,7.938830e-19
2.259012e+01,1.957524e-17,7.956287e-17,7.956287e-19
2.259280e+01,1.976524e-17,7.918012e-17,7.918012e-19
2.259547e+01,1.948049e-17,7.924859e-17,7.924859e-19
2.259814e+01,1.963651e-17,7.939935e-17,7.939935e-19
2.260082e+01,2.021618e-17,7.875522e-17,7.875522e-19
2.260349e+01,1.964405e-17,7.768510e-17,7.768510e-19
2.260616e+01,1.968223e-17,7.755236e-17,7.755236e-19
2.260884e+01,2.020976e-17,7.749168e-17,7.749168e-19
2.261151e+01,1.973781e-17,7.637712e-17,7.637712e-19
2.261418e+01,1.978869e-17,7.475881e-17,7.475881e-19
2.261686e+01,1.960208e-17,7.368365e-17,7.368365e-19
2.261953e+01,1.984475e-17,7.322950e-17,7.322950e-19
2.262220e+01,1.985090e-17,7.264588e-17,7.264588e-19
2.262488e+01,1.975811e-17,7.196745e-17,7.196745e-19
2.262755e+01,1.981178e-17,7.107181e-17,7.107181e-19
2.263022e+01,1.964053e-17,7.006586e-17,7.006586e-19
2.263290e+01,1.958028e-17,6.885093e-17,6.885093e-19
2.263557e+01,1.926116e-17,6.749941e-17,6.749941e-19
2.263824e+01,1.925030e-17,6.679124e-17,6.679124e-19
2.264092e+01,1.951837e-17,6.615785e-17,6.615785e-19
2.264359e+01,1.941542e-17,6.479459e-17,6.479459e-19
2.264626e+01,1.926553e-17,6.357508e-17,6.357508e-19
2.264894e+01,1.921289e-17,6.290317e-17,6.290317e-19
2.265161e+01,1.955383e-17,6.221016e-17,6.221016e-19
2.265428e+01,1.893564e-17,6.055963e-17,6.055963e-19
2.265696e+01,1.915258e-17,5.862139e-17,5.862139e-19
2.265963e+01,1.896261e-17,5.679428e-17,5.679428e-19
2.266230e+01,1.927955e-17,5.608254e-17,5.608254e-19
2.266498e+01,1.913913e-17,5.550975e-17,5.550975e-19
2.266765e+01,1.903620e-17,5.493612e-17,5.493612e-19
2.267032e+01,1.873332e-17,5.389072e-17,5.389072e-19
2.267300e+01,1.907047e-17,5.232961e-17,5.232961e-19
2.267567e+01,1.872779e-17,5.082460e-17,5.082460e-19
2.267834e+01,1.935361e-17,5.089974e-17,5.089974e-19
2.268102e+01,1.877629e-17,5.083320e-17,5.083320e-19
2.268369e+01,1.914347e-17,5.062694e-17,5.062694e-19
2.268636e+01,1.909419e-17,5.097431e-17,5.097431e-19
2.268904e+01,1.912085e-17,5.137189e-17,5.137189e-19
2.269171e+01,1.905231e-17,5.045745e-17,5.045745e-19
2.269438e+01,1.909056e-17,4.921014e-17,4.921014e-19
2.269706e+01,1.924653e-17,4.839597e-17,4.839597e-19
2.269973e+01,1.929521e-17,4.877761e-17,4.877761e-19
2.270240e+01,1.894769e-17,5.014132e-17,5.014132e-19
2.270508e+01,1.897583e-17,5.088910e-17,5.088910e-19
2.270775e+01,1.912561e-17,5.057875e-17,5.057875e-19
2.271042e+01,1.932987e-17,5.073319e-17,5.073319e-19
2.271310e+01,1.878576e-17,5.156874e-17,5.156874e-19
2.271577e+01,1.899320e-17,5.200326e-17,5.200326e-19
2.271844e+01,1.905680e-17,5.203052e-17,5.203052e-19
2.272112e+01,1.919659e-17,5.230029e-17,5.230029e-19
2.272379e+01,1.921688e-17,5.307353e-17,5.307353e-19
2.272646e+01,1.911337e-17,5.352325e-17,5.352325e-19
2.272914e+01,1.921446e-17,5.440702e-17,5.440702e-19
2.273181e+01,1.894106e-17,5.525039e-17,5.525039e-19
2.273448e+01,1.917489e-17,5.591689e-17,5.591689e-19
2.273716e+01,1.913842e-17,5.628669e-17,5.628669e-19
2.273983e+01,1.937576e-17,5.635410e-17,5.635410e-19
2.274250e+01,1.923090e-17,5.624585e-17,5.624585e-19
2.274518e+01,1.931888e-17,5.579443e-17,5.579443e-19
2.274785e+01,1.925155e-17,5.420118e-17,5.420118e-19
2.275052e+01,1.911221e-17,5.374082e-17,5.374082e-19
2.275320e+01,1.968661e-17,5.436355e-17,5.436355e-19
2.275587e+01,1.889443e-17,5.360613e-17,5.360613e-19
2.275855e+01,1.914180e-17,5.217487e-17,5.217487e-19
2.276122e+01,1.902773e-17,5.125757e-17,5.125757e-19
2.276389e+01,1.934624e-17,5.174187e-17,5.174187e-19
2.276657e+01,1.911678e-17,5.093316e-17,5.093316e-19
2.276924e+01,1.897906e-17,5.009348e-17,5.009348e-19
2.277191e+01,1.886995e-17,4.989745e-17,4.989745e-19
2.277459e+01,1.920513e-17,4.982628e-17,4.982628e-19
2.277726e+01,1.897380e-17,4.925373e-17,4.925373e-19
2.277993e+01,1.908093e-17,4.900807e-17,4.900807e-19
2.278261e+01,1.841699e-17,4.937680e-17,4.937680e-19
2.278528e+01,1.882649e-17,5.052034e-17,5.052034e-19
2.278795e+01,1.918411e-17,5.070337e-17,5.070337e-19
2.279063e+01,1.928952e-17,5.018451e-17,5.018451e-19
2.279330e+01,1.896823e-17,5.093156e-17,5.093156e-19
2.279597e+01,1.902861e-17,5.228666e-17,5.228666e-19
2.279865e+01,1.922393e-17,5.234492e-17,5.234492e-19
2.280132e+01,1.938620e-17,5.284396e-17,5.284396e-19
2.280399e+01,1.897648e-17,5.356691e-17,5.356691e-19
2.280667e+01,1.926419e-17,5.422848e-17,5.422848e-19
2.280934e+01,1.939047e-17,5.537508e-17,5.537508e-19
2.281201e+01,1.903340e-17,5.707214e-17,5.707214e-19
2.281469e+01,1.955565e-17,5.836158e-17,5.836158e-19
2.281736e+01,1.971597e-17,5.801537e-17,5.801537e-19
2.282003e+01,1.941177e-17,5.731119e-17,5.731119e-19
2.282271e+01,1.949886e-17,5.719730e-17,5.719730e-19
2.282538e+01,1.919771e-17,5.835194e-17,5.835194e-19
2.282805e+01,1.930406e-17,5.953761e-17,5.953761e-19
2.283073e+01,1.933179e-17,5.805840e-17,5.805840e-19
2.283340e+01,1.893213e-17,5.603782e-17,5.603782e-19
2.283607e+01,1.954039e-17,5.637505e-17,5.637505e-19
2.283875e+01,1.949004e-17,5.651039e-17,5.651039e-19
2.284142e+01,1.916446e-17,5.571903e-17,5.571903e-19
2.284409e+01,1.921763e-17,5.501626e-17,5.501626e-19
2.284677e+01,1.940485e-17,5.521841e-17,5.521841e-19
2.284944e+01,1.910733e-17,5.620514e-17,5.620514e-19
2.285211e+01,1.927064e-17,5.861779e-17,5.861779e-19
2.285479e+01,1.957525e-17,5.905683e-17,5.905683e-19
2.285746e+01,1.923718e-17,5.742260e-17,5.742260e-19
2.286013e+01,1.954282e-17,5.750326e-17,5.750326e-19
2.286281e+01,1.977514e-17,5.871809e-17,5.871809e-19
2.286548e+01,1.941782e-17,5.805145e-17,5.805145e-19
2.286815e+01,1.942906e-17,5.688623e-17,5.688623e-19
2.287083e+01,1.956677e-17,5.680599e-17,5.680599e-19
2.287350e+01,1.947045e-17,5.663644e-17,5.663644e-19
2.287617e+01,1.934105e-17,5.723643e-17,5.723643e-19
2.287885e+01,1.912674e-17,5.864682e-17,5.864682e-19
2.288152e+01,1.942028e-17,5.902305e-17,5.902305e-19
2.288419e+01,1.957559e-17,5.876539e-17,5.876539e-19
2.288687e+01,1.938682e-17,5.845702e-17,5.845702e-19
2.288954e+01,1.933744e-17,5.783487e-17,5.783487e-19
2.289221e+01,1.925040e-17,5.703961e-17,5.703961e-19
2.289489e+01,1.935208e-17,5.711856e-17,5.711856e-19
2.289756e+01,1.942310e-17,5.758477e-17,5.758477e-19
2.290023e+01,1.916528e-17,5.704340e-17,5.704340e-19
2.290291e+01,1.884748e-17,5.620387e-17,5.620387e-19
2.290558e+01,1.949018e-17,5.669238e-17,5.669238e-19
2.290825e+01,1.940325e-17,5.632156e-17,5.632156e-19
2.291093e+01,1.932524e-17,5.486683e-17,5.486683e-19
2.291360e+01,1.904972e-17,5.405623e-17,5.405623e-19
2.291627e+01,1.932592e-17,5.404486e-17,5.404486e-19
2.291895e+01,1.927018e-17,5.285769e-17,5.285769e-19
2.292162e+01,1.913139e-17,5.085075e-17,5.085075e-19
2.292430e+01,1.902124e-17,5.127554e-17,5.127554e-19
2.292697e+01,1.893385e-17,5.185254e-17,5.185254e-19
2.292964e+01,1.913650e-17,5.055836e-17,5.055836e-19
2.293232e+01,1.873250e-17,4.969749e-17,4.969749e-19
2.293499e+01,1.891881e-17,5.046170e-17,5.046170e-19
2.293766e+01,1.880202e-17,5.055931e-17,5.055931e-19
2.294034e+01,1.905704e-17,4.964744e-17,4.964744e-19
2.294301e+01,1.873024e-17,4.861204e-17,4.861204e-19
2.294568e+01,1.886056e-17,4.818593e-17,4.818593e-19
2.294836e+01,1.889282e-17,4.836227e-17,4.836227e-19
2.295103e+01,1.860027e-17,4.764677e-17,4.764677e-19
2.295370e+01,1.872541e-17,4.756615e-17,4.756615e-19
2.295638e+01,1.859157e-17,4.715816e-17,4.715816e-19
2.295905e+01,1.879910e-17,4.599983e-17,4.599983e-19
2.296172e+01,1.872806e-17,4.545701e-17,4.545701e-19
2.296440e+01,1.875405e-17,4.679451e-17,4.679451e-19
2.296707e+01,1.869860e-17,4.802762e-17,4.802762e-19
2.296974e+01,1.864801e-17,4.751611e-17,4.751611e-19
2.297242e+01,1.863967e-17,4.575607e-17,4.575607e-19
2.297509e+01,1.886740e-17,4.500703e-17,4.500703e-19
2.297776e+01,1.870309e-17,4.516385e-17,4.516385e-19
2.298044e+01,1.884249e-17,4.538226e-17,4.538226e-19
2.298311e+01,1.894376e-17,4.562963e-17,4.562963e-19
2.298578e+01,1.875482e-17,4.560368e-17,4.560368e-19
2.298846e+01,1.868111e-17,4.551137e-17,4.551137e-19
2.299113e+01,1.897197e-17,4.499776e-17,4.499776e-19
2.299380e+01,1.886460e-17,4.534865e-17,4.534865e-19
2.299648e+01,1.882247e-17,4.670229e-17,4.670229e-19
2.299915e+01,1.894816e-17,4.804583e-17,4.804583e-19
2.300182e+01,1.882418e-17,4.831159e-17,4.831159e-19
2.300450e+01,1.867440e-17,4.898649e-17,4.898649e-19
2.300717e+01,1.904084e-17,4.984839e-17,4.984839e-19
2.300984e+01,1.912384e-17,5.078740e-17,5.078740e-19
2.301252e+01,1.896919e-17,5.199207e-17,5.199207e-19
2.301519e+01,1.912536e-17,5.278405e-17,5.278405e-19
2.301786e+01,1.884722e-17,5.324751e-17,5.324751e-19
2.302054e+01,1.910545e-17,5.419768e-17,5.419768e-19
2.302321e+01,1.897122e-17,5.483577e-17,5.483577e-19
2.302588e+01,1.908888e-17,5.540360e-17,5.540360e-19
2.302856e+01,1.913176e-17,5.567368e-17,5.567368e-19
2.303123e+01,1.892981e-17,5.508559e-17,5.508559e-19
2.303390e+01,1.893850e-17,5.446907e-17,5.446907e-19
2.303658e+01,1.884317e-17,5.479541e-17,5.479541e-19
2.303925e+01,1.900242e-17,5.474277e-17,5.474277e-19
2.304192e+01,1.905175e-17,5.425171e-17,5.425171e-19
2.304460e+01,1.915645e-17,5.409513e-17,5.409513e-19
2.304727e+01,1.901448e-17,5.383824e-17,5.383824e-19
2.304994e+01,1.872912e-17,5.328483e-17,5.328483e-19
2.305262e+01,1.908376e-17,5.317521e-17,5.317521e-19
2.305529e+01,1.900693e-17,5.284129e-17,5.284129e-19
2.305796e+01,1.873493e-17,5.207690e-17,5.207690e-19
2.306064e+01,1.857062e-17,5.121444e-17,5.121444e-19
2.306331e+01,1.867930e-17,5.008654e-17,5.008654e-19
2.306598e+01,1.912980e-17,4.993326e-17,4.993326e-19
2.306866e+01,1.888568e-17,5.033384e-17,5.033384e-19
2.307133e+01,1.905310e-17,5.067855e-17,5.067855e-19
2.307400e+01,1.896262e-17,5.155087e-17,5.155087e-19
2.307668e+01,1.893866e-17,5.236289e-17,5.236289e-19
2.307935e+01,1.912139e-17,5.271724e-17,5.271724e-19
2.308202e+01,1.899609e-17,5.354692e-17,5.354692e-19
2.308470e+01,1.924000e-17,5.451831e-17,5.451831e-19
2.308737e+01,1.921177e-17,5.514609e-17,5.514609e-19
2.309005e+01,1.929164e-17,5.555596e-17,5.555596e-19
2.309272e+01,1.906747e-17,5.542986e-17,5.542986e-19
2.309539e+01,1.915674e-17,5.514126e-17,5.514126e-19
2.309807e+01,1.897767e-17,5.506597e-17,5.506597e-19
2.310074e+01,1.907096e-17,5.476288e-17,5.476288e-19
2.310341e+01,1.888511e-17,5.353393e-17,5.353393e-19
2.310609e+01,1.908977e-17,5.285115e-17,5.285115e-19
2.310876e+01,1.908568e-17,5.240114e-17,5.240114e-19
2.311143e+01,1.909266e-17,5.190985e-17,5.190985e-19
2.311411e+01,1.894327e-17,5.106009e-17,5.106009e-19
2.311678e+01,1.912857e-17,5.037862e-17,5.037862e-19
2.311945e+01,1.904102e-17,5.016438e-17,5.016438e-19
2.312213e+01,1.922128e-17,5.088947e-17,5.088947e-19
2.312480e+01,1.893414e-17,5.153149e-17,5.153149e-19
2.312747e+01,1.893787e-17,5.163116e-17,5.163116e-19
2.313015e+01,1.891172e-17,5.152306e-17,5.152306e-19
2.313282e+01,1.879247e-17,5.170550e-17,5.170550e-19
2.313549e+01,1.903223e-17,5.244822e-17,5.244822e-19
2.313817e+01,1.897457e-17,5.344706e-17,5.344706e-19
2.314084e+01,1.914190e-17,5.348354e-17,5.348354e-19
2.314351e+01,1.922270e-17,5.339526e-17,5.339526e-19
2.314619e+01,1.875088e-17,5.387574e-17,5.387574e-19
2.314886e+01,1.898453e-17,5.478334e-17,5.478334e-19
2.315153e+01,1.917751e-17,5.623033e-17,5.623033e-19
2.315421e+01,1.916495e-17,5.785719e-17,5.785719e-19
2.315688e+01,1.941831e-17,5.881016e-17,5.881016e-19
2.315955e+01,1.932711e-17,5.919936e-17,5.919936e-19
2.316223e+01,1.932666e-17,6.046573e-17,6.046573e-19
2.316490e+01,1.929552e-17,6.121946e-17,6.121946e-19
2.316757e+01,1.945222e-17,6.193962e-17,6.193962e-19
2.317025e+01,1.968958e-17,6.343671e-17,6.343671e-19
2.317292e+01,1.936843e-17,6.451895e-17,6.451895e-19
2.317559e+01,1.949428e-17,6.505227e-17,6.505227e-19
2.317827e+01,1.954806e-17,6.570173e-17,6.570173e-19
2.318094e+01,1.960874e-17,6.624362e-17,6.624362e-19
2.318361e+01,1.957994e-17,6.634540e-17,6.634540e-19
2.318629e+01,1.945502e-17,6.657246e-17,6.657246e-19
2.318896e+01,1.965069e-17,6.686051e-17,6.686051e-19
2.319163e+01,1.939947e-17,6.660250e-17,6.660250e-19
2.319431e+01,1.946285e-17,6.640243e-17,6.640243e-19
2.319698e+01,1.932982e-17,6.682227e-17,6.682227e-19
2.319965e+01,1.953505e-17,6.717922e-17,6.717922e-19
2.320233e+01,1.928923e-17,6.705398e-17,6.705398e-19
2.320500e+01,1.935883e-17,6.742684e-17,6.742684e-19
2.320767e+01,1.927831e-17,6.885444e-17,6.885444e-19
2.321035e+01,1.901152e-17,6.950924e-17,6.950924e-19
2.321302e+01,1.925751e-17,6.821073e-17,6.821073e-19
2.321569e+01,1.948083e-17,6.791997e-17,6.791997e-19
2.321837e+01,1.961018e-17,6.998995e-17,6.998995e-19
2.322104e+01,1.967225e-17,7.191642e-17,7.191642e-19
2.322371e+01,1.926409e-17,7.170630e-17,7.170630e-19
2.322639e+01,1.937555e-17,7.057086e-17,7.057086e-19
2.322906e+01,1.926542e-17,7.020734e-17,7.020734e-19
2.323173e+01,1.942393e-17,7.092540e-17,7.092540e-19
2.323441e+01,1.917076e-17,7.099959e-17,7.099959e-19
2.323708e+01,1.945828e-17,7.030588e-17,7.030588e-19
2.323975e+01,1.941598e-17,7.058930e-17,7.058930e-19
2.324243e+01,1.911309e-17,7.146240e-17,7.146240e-19
2.324510e+01,1.939255e-17,7.128567e-17,7.128567e-19
2.324777e+01,1.921421e-17,6.990977e-17,6.990977e-19
2.325045e+01,1.929800e-17,6.905919e-17,6.905919e-19
2.325312e+01,1.928327e-17,6.865243e-17,6.865243e-19
2.325580e+01,1.901134e-17,6.858487e-17,6.858487e-19
2.325847e+01,1.886488e-17,6.865266e-17,6.865266e-19
2.326114e+01,1.913994e-17,6.814833e-17,6.814833e-19
2.326382e+01,1.906356e-17,6.753647e-17,6.753647e-19
2.326649e+01,1.890051e-17,6.741010e-17,6.741010e-19
2.326916e+01,1.936485e-17,6.766045e-17,6.766045e-19
2.327184e+01,1.909958e-17,6.741756e-17,6.741756e-19
2.327451e+01,1.888784e-17,6.650908e-17,6.650908e-19
2.327718e+01,1.899342e-17,6.545401e-17,6.545401e-19
2.327986e+01,1.859591e-17,6.394698e-17,6.394698e-19
2.328253e+01,1.916969e-17,6.304444e-17,6.304444e-19
2.328520e+01,1.890641e-17,6.280070e-17,6.280070e-19
2.328788e+01,1.885702e-17,6.262030e-17,6.262030e-19
2.329055e+01,1.893488e-17,6.204507e-17,6.204507e-19
2.329322e+01,1.902508e-17,6.118535e-17,6.118535e-19
2.329590e+01,1.877913e-17,6.023130e-17,6.023130e-19
2.329857e+01,1.908919e-17,5.965236e-17,5.965236e-19
2.330124e+01,1.883581e-17,5.867648e-17,5.867648e-19
2.330392e+01,1.902190e-17,5.798171e-17,5.798171e-19
2.330659e+01,1.901681e-17,5.796670e-17,5.796670e-19
2.330926e+01,1.893747e-17,5.761273e-17,5.761273e-19
2.331194e+01,1.873722e-17,5.623401e-17,5.623401e-19
2.331461e+01,1.849662e-17,5.545158e-17,5.545158e-19
2.331728e+01,1.885982e-17,5.486669e-17,5.486669e-19
2.331996e+01,1.889784e-17,5.434500e-17,5.434500e-19
2.332263e+01,1.863933e-17,5.411314e-17,5.411314e-19
2.332530e+01,1.862941e-17,5.400004e-17,5.400004e-19
2.332798e+01,1.850820e-17,5.350497e-17,5.350497e-19
2.333065e+01,1.868833e-17,5.315523e-17,5.315523e-19
2.333332e+01,1.899640e-17,5.345716e-17,5.345716e-19
2.333600e+01,1.887064e-17,5.471892e-17,5.471892e-19
2.333867e+01,1.872807e-17,5.558790e-17,5.558790e-19
2.334134e+01,1.872997e-17,5.480777e-17,5.480777e-19
2.334402e+01,1.864004e-17,5.435830e-17,5.435830e-19
2.334669e+01,1.882091e-17,5.518836e-17,5.518836e-19
2.334936e+01,1.830045e-17,5.606450e-17,5.606450e-19
2.335204e+01,1.883486e-17,5.706023e-17,5.706023e-19
2.335471e+01,1.868867e-17,5.725159e-17,5.725159e-19
2.335738e+01,1.874148e-17,5.742995e-17,5.742995e-19
2.336006e+01,1.874017e-17,5.855863e-17,5.855863e-19
2.336273e+01,1.870185e-17,5.950355e-17,5.950355e-19
2.336540e+01,1.840179e-17,5.962854e-17,5.962854e-19
2.336808e+01,1.872504e-17,5.946516e-17,5.946516e-19
2.337075e+01,1.882632e-17,5.900380e-17,5.900380e-19
2.337342e+01,1.896271e-17,5.860385e-17,5.860385e-19
2.337610e+01,1.867492e-17,5.827292e-17,5.827292e-19
2.337877e+01,1.864246e-17,5.797340e-17,5.797340e-19
2.338144e+01,1.883774e-17,5.772435e-17,5.772435e-19
2.338412e+01,1.892186e-17,5.679253e-17,5.679253e-19
2.338679e+01,1.878797e-17,5.493180e-17,5.493180e-19
2.338946e+01,1.872663e-17,5.349184e-17,5.349184e-19
2.339214e+01,1.847975e-17,5.290247e-17,5.290247e-19
2.339481e+01,1.852122e-17,5.219668e-17,5.219668e-19
2.339748e+01,1.861284e-17,5.144662e-17,5.144662e-19
2.340016e+01,1.846761e-17,5.025165e-17,5.025165e-19
2.340283e+01,1.843829e-17,4.913456e-17,4.913456e-19
2.340550e+01,1.814825e-17,4.883135e-17,4.883135e-19
2.340818e+01,1.819096e-17,4.880980e-17,4.880980e-19
2.341085e+01,1.844732e-17,4.889842e-17,4.889842e-19
2.341352e+01,1.834697e-17,4.877615e-17,4.877615e-19
2.341620e+01,1.847447e-17,4.901358e-17,4.901358e-19
2.341887e+01,1.821158e-17,4.963683e-17,4.963683e-19
2.342155e+01,1.834480e-17,5.007946e-17,5.007946e-19
2.342422e+01,1.861775e-17,5.067532e-17,5.067532e-19
2.342689e+01,1.834933e-17,5.123034e-17,5.123034e-19
2.342957e+01,1.859997e-17,5.239158e-17,5.239158e-19
2.343224e+01,1.870178e-17,5.313553e-17,5.313553e-19
2.343491e+01,1.855834e-17,5.377533e-17,5.377533e-19
2.343759e+01,1.854666e-17,5.474461e-17,5.474461e-19
2.344026e+01,1.863323e-17,5.522696e-17,5.522696e-19
2.344293e+01,1.894472e-17,5.481411e-17,5.481411e-19
2.344561e+01,1.844968e-17,5.530969e-17,5.530969e-19
2.344828e+01,1.875488e-17,5.694478e-17,5.694478e-19
2.345095e+01,1.890226e-17,5.820798e-17,5.820798e-19
2.345363e+01,1.926997e-17,5.899121e-17,5.899121e-19
2.345630e+01,1.894107e-17,5.867825e-17,5.867825e-19
2.345897e+01,1.902508e-17,5.801264e-17,5.801264e-19
2.346165e+01,1.884707e-17,5.793004e-17,5.793004e-19
2.346432e+01,1.910011e-17,5.899125e-17,5.899125e-19
2.346699e+01,1.890970e-17,5.972893e-17,5.972893e-19
2.346967e+01,1.903776e-17,6.021136e-17,6.021136e-19
2.347234e+01,1.892903e-17,6.088579e-17,6.088579e-19
2.347501e+01,1.902482e-17,6.094207e-17,6.094207e-19
2.347769e+01,1.905752e-17,6.058700e-17,6.058700e-19
2.348036e+01,1.900457e-17,6.091869e-17,6.091869e-19
2.348303e+01,1.875070e-17,6.158736e-17,6.158736e-19
2.348571e+01,1.937530e-17,6.175558e-17,6.175558e-19
2.348838e+01,1.915718e-17,6.118898e-17,6.118898e-19
2.349105e+01,1.896641e-17,6.145138e-17,6.145138e-19
2.349373e+01,1.910461e-17,6.276404e-17,6.276404e-19
2.349640e+01,1.901619e-17,6.319321e-17,6.319321e-19
2.349907e+01,1.878001e-17,6.267233e-17,6.267233e-19
2.350175e+01,1.919551e-17,6.172527e-17,6.172527e-19
2.350442e+01,1.879551e-17,6.002817e-17,6.002817e-19
2.350709e+01,1.878756e-17,6.017074e-17,6.017074e-19
2.350977e+01,1.901816e-17,6.098843e-17,6.098843e-19
2.351244e+01,1.912703e-17,6.087892e-17,6.087892e-19
2.351511e+01,1.911974e-17,6.067942e-17,6.067942e-19
2.351779e+01,1.903106e-17,6.113751e-17,6.113751e-19
2.352046e+01,1.885611e-17,5.934849e-17,5.934849e-19
2.352313e+01,1.895362e-17,5.713186e-17,5.713186e-19
2.352581e+01,1.879826e-17,5.620976e-17,5.620976e-19
2.352848e+01,1.879196e-17,5.505765e-17,5.505765e-19
2.353115e+01,1.881911e-17,5.407023e-17,5.407023e-19
2.353383e+01,1.895433e-17,5.470572e-17,5.470572e-19
2.353650e+01,1.884571e-17,5.576042e-17,5.576042e-19
2.353917e+01,1.882118e-17,5.520207e-17,5.520207e-19
2.354185e+01,1.858768e-17,5.417776e-17,5.417776e-19
2.354452e+01,1.855663e-17,5.331907e-17,5.331907e-19
2.354719e+01,1.837757e-17,5.122041e-17,5.122041e-19
2.354987e+01,1.868144e-17,4.908272e-17,4.908272e-19
2.355254e+01,1.852505e-17,4.812837e-17,4.812837e-19
2.355521e+01,1.838281e-17,4.803227e-17,4.803227e-19
2.355789e+01,1.830939e-17,4.707626e-17,4.707626e-19
2.356056e+01,1.864377e-17,4.656879e-17,4.656879e-19
2.356323e+01,1.841718e-17,4.645736e-17,4.645736e-19
2.356591e+01,1.841505e-17,4.606504e-17,4.606504e-19
2.356858e+01,1.846014e-17,4.486435e-17,4.486435e-19
2.357125e+01,1.823322e-17,4.377388e-17,4.377388e-19
2.357393e+01,1.836218e-17,4.345891e-17,4.345891e-19
2.357660e+01,1.858021e-17,4.357663e-17,4.357663e-19
2.357927e+01,1.831685e-17,4.350047e-17,4.350047e-19
2.358195e+01,1.869121e-17,4.310147e-17,4.310147e-19
2.358462e+01,1.848178e-17,4.238392e-17,4.238392e-19
2.358730e+01,1.806253e-17,4.183391e-17,4.183391e-19
2.358997e+01,1.876258e-17,4.151809e-17,4.151809e-19
2.359264e+01,1.849843e-17,4.107009e-17,4.107009e-19
2.359532e+01,1.838639e-17,4.053348e-17,4.053348e-19
2.359799e+01,1.830394e-17,3.882803e-17,3.882803e-19
2.360066e+01,1.812801e-17,3.759385e-17,3.759385e-19
2.360334e+01,1.818241e-17,3.741464e-17,3.741464e-19
2.360601e+01,1.800237e-17,3.757898e-17,3.757898e-19
2.360868e+01,1.802967e-17,3.687080e-17,3.687080e-19
2.361136e+01,1.840486e-17,3.639692e-17,3.639692e-19
2.361403e+01,1.799352e-17,3.687304e-17,3.687304e-19
2.361670e+01,1.805189e-17,3.799018e-17,3.799018e-19
2.361938e+01,1.794750e-17,3.889726e-17,3.889726e-19
2.362205e+01,1.814578e-17,3.961205e-17,3.961205e-19
2.362472e+01,1.811774e-17,4.060583e-17,4.060583e-19
2.362740e+01,1.817695e-17,4.203675e-17,4.203675e-19
2.363007e+01,1.813796e-17,4.423412e-17,4.423412e-19
2.363274e+01,1.829508e-17,4.713063e-17,4.713063e-19
2.363542e+01,1.841871e-17,5.046959e-17,5.046959e-19
2.363809e+01,1.816848e-17,5.284005e-17,5.284005e-19
2.364076e+01,1.860651e-17,5.538554e-17,5.538554e-19
2.364344e+01,1.846546e-17,5.785620e-17,5.785620e-19
2.364611e+01,1.822276e-17,6.010599e-17,6.010599e-19
2.364878e+01,1.874378e-17,6.216960e-17,6.216960e-19
2.365146e+01,1.856188e-17,6.345350e-17,6.345350e-19
2.365413e+01,1.867226e-17,6.470605e-17,6.470605e-19
2.365680e+01,1.852950e-17,6.581169e-17,6.581169e-19
2.365948e+01,1.844518e-17,6.608685e-17,6.608685e-19
2.366215e+01,1.859717e-17,6.582777e-17,6.582777e-19
2.366482e+01,1.874446e-17,6.486982e-17,6.486982e-19
2.366750e+01,1.852203e-17,6.319577e-17,6.319577e-19
2.367017e+01,1.877658e-17,6.101293e-17,6.101293e-19
2.367284e+01,1.863650e-17,5.857929e-17,5.857929e-19
2.367552e+01,1.842704e-17,5.572756e-17,5.572756e-19
2.367819e+01,1.851935e-17,5.366786e-17,5.366786e-19
2.368086e+01,1.846642e-17,5.225267e-17,5.225267e-19
2.368354e+01,1.838127e-17,5.013535e-17,5.013535e-19
2.368621e+01,1.821708e-17,4.801533e-17,4.801533e-19
2.368888e+01,1.828042e-17,4.703941e-17,4.703941e-19
2.369156e+01,1.842206e-17,4.647079e-17,4.647079e-19
2.369423e+01,1.822286e-17,4.619513e-17,4.619513e-19
2.369690e+01,1.814228e-17,4.626936e-17,4.626936e-19
2.369958e+01,1.822980e-17,4.615059e-17,4.615059e-19
2.370225e+01,1.831431e-17,4.612237e-17,4.612237e-19
2.370492e+01,1.832190e-17,4.637807e-17,4.637807e-19
2.370760e+01,1.831935e-17,4.642242e-17,4.642242e-19
2.371027e+01,1.802195e-17,4.629510e-17,4.629510e-19
2.371294e+01,1.833684e-17,4.702305e-17,4.702305e-19
2.371562e+01,1.832459e-17,4.859670e-17,4.859670e-19
2.371829e+01,1.841823e-17,4.943310e-17,4.943310e-19
2.372096e+01,1.858102e-17,4.895684e-17,4.895684e-19
2.372364e+01,1.845545e-17,4.884514e-17,4.884514e-19
2.372631e+01,1.819028e-17,4.956167e-17,4.956167e-19
2.372898e+01,1.831647e-17,5.082907e-17,5.082907e-19
2.373166e+01,1.856216e-17,5.132545e-17,5.132545e-19
2.373433e+01,1.834578e-17,5.107731e-17,5.107731e-19
2.373700e+01,1.830656e-17,5.129751e-17,5.129751e-19
2.373968e+01,1.849719e-17,5.208713e-17,5.208713e-19
2.374235e+01,1.849980e-17,5.287075e-17,5.287075e-19
2.374502e+01,1.854015e-17,5.324003e-17,5.324003e-19
2.374770e+01,1.839144e-17,5.355517e-17,5.355517e-19
2.375037e+01,1.847339e-17,5.476364e-17,5.476364e-19
2.375305e+01,1.861344e-17,5.476762e-17,5.476762e-19
2.375572e+01,1.841750e-17,5.390392e-17,5.390392e-19
2.375839e+01,1.848900e-17,5.464012e-17,5.464012e-19
2.376107e+01,1.869493e-17,5.735506e-17,5.735506e-19
2.376374e+01,1.864671e-17,5.875629e-17,5.875629e-19
2.376641e+01,1.863249e-17,5.857607e-17,5.857607e-19
2.376909e+01,1.870667e-17,5.945479e-17,5.945479e-19
2.377176e+01,1.907056e-17,6.155552e-17,6.155552e-19
2.377443e+01,1.878341e-17,6.331073e-17,6.331073e-19
2.377711e+01,1.881607e-17,6.460353e-17,6.460353e-19
2.377978e+01,1.870904e-17,6.514117e-17,6.514117e-19
2.378245e+01,1.881578e-17,6.544611e-17,6.544611e-19
2.378513e+01,1.886493e-17,6.618112e-17,6.618112e-19
2.378780e+01,1.896073e-17,6.673149e-17,6.673149e-19
2.379047e+01,1.902690e-17,6.784718e-17,6.784718e-19
2.379315e+01,1.920506e-17,7.027623e-17,7.027623e-19
2.379582e+01,1.922481e-17,7.198932e-17,7.198932e-19
2.379849e+01,1.894590e-17,7.256109e-17,7.256109e-19
2.380117e+01,1.930857e-17,7.355219e-17,7.355219e-19
2.380384e+01,1.915143e-17,7.456572e-17,7.456572e-19
2.380651e+01,1.865464e-17,7.463647e-17,7.463647e-19
2.380919e+01,1.906388e-17,7.509239e-17,7.509239e-19
2.381186e+01,1.981413e-17,7.606778e-17,7.606778e-19
2.381453e+01,1.942867e-17,7.680244e-17,7.680244e-19
2.381721e+01,1.898309e-17,7.658047e-17,7.658047e-19
2.381988e+01,1.938078e-17,7.603379e-17,7.603379e-19
2.382255e+01,1.939590e-17,7.565633e-17,7.565633e-19
2.382523e+01,1.922964e-17,7.593815e-17,7.593815e-19
2.382790e+01,1.918008e-17,7.678958e-17,7.678958e-19
2.383057e+01,1.922043e-17,7.640950e-17,7.640950e-19
2.383325e+01,1.917237e-17,7.448303e-17,7.448303e-19
2.383592e+01,1.902039e-17,7.341786e-17,7.341786e-19
2.383859e+01,1.921289e-17,7.428755e-17,7.428755e-19
2.384127e+01,1.930116e-17,7.518888e-17,7.518888e-19
2.384394e+01,1.912526e-17,7.521282e-17,7.521282e-19
2.384661e+01,1.938391e-17,7.397607e-17,7.397607e-19
2.384929e+01,1.939257e-17,7.244656e-17,7.244656e-19
2.385196e+01,1.941688e-17,7.163837e-17,7.163837e-19
2.385463e+01,1.907534e-17,7.138480e-17,7.138480e-19
2.385731e+01,1.933116e-17,7.068081e-17,7.068081e-19
2.385998e+01,1.901845e-17,6.983257e-17,6.983257e-19
2.386265e+01,1.913915e-17,6.942617e-17,6.942617e-19
2.386533e+01,1.933303e-17,6.872273e-17,6.872273e-19
2.386800e+01,1.906664e-17,6.786892e-17,6.786892e-19
2.387067e+01,1.898650e-17,6.678635e-17,6.678635e-19
2.387335e+01,1.892114e-17,6.572713e-17,6.572713e-19
2.387602e+01,1.878347e-17,6.577282e-17,6.577282e-19
2.387869e+01,1.891205e-17,6.536595e-17,6.536595e-19
2.388137e+01,1.854242e-17,6.379799e-17,6.379799e-19
2.388404e+01,1.888532e-17,6.301809e-17,6.301809e-19
2.388671e+01,1.849457e-17,6.224847e-17,6.224847e-19
2.388939e+01,1.893527e-17,6.198491e-17,6.198491e-19
2.389206e+01,1.832638e-17,6.196144e-17,6.196144e-19
2.389473e+01,1.876947e-17,6.147875e-17,6.147875e-19
2.389741e+01,1.864967e-17,6.027543e-17,6.027543e-19
2.390008e+01,1.830161e-17,5.938961e-17,5.938961e-19
2.390275e+01,1.851012e-17,5.910339e-17,5.910339e-19
2.390543e+01,1.870481e-17,5.860423e-17,5.860423e-19
2.390810e+01,1.859859e-17,5.840070e-17,5.840070e-19
2.391077e+01,1.840593e-17,5.843865e-17,5.843865e-19
2.391345e+01,1.852752e-17,5.845136e-17,5.845136e-19
2.391612e+01,1.867687e-17,5.867372e-17,5.867372e-19
2.391880e+01,1.863694e-17,5.913915e-17,5.913915e-19
2.392147e+01,1.877330e-17,5.933245e-17,5.933245e-19
2.392414e+01,1.853544e-17,5.935861e-17,5.935861e-19
2.392682e+01,1.859801e-17,5.945232e-17,5.945232e-19
2.392949e+01,1.846896e-17,5.883064e-17,5.883064e-19
2.393216e+01,1.835168e-17,5.820199e-17,5.820199e-19
2.393484e+01,1.857106e-17,5.826252e-17,5.826252e-19
2.393751e+01,1.868441e-17,5.822233e-17,5.822233e-19
2.394018e+01,1.811070e-17,5.670317e-17,5.670317e-19
2.394286e+01,1.882198e-17,5.536710e-17,5.536710e-19
2.394553e+01,1.827051e-17,5.443173e-17,5.443173e-19
2.394820e+01,1.831629e-17,5.374113e-17,5.374113e-19
2.395088e+01,1.825040e-17,5.231093e-17,5.231093e-19
2.395355e+01,1.787721e-17,5.015544e-17,5.015544e-19
2.395622e+01,1.812741e-17,4.745089e-17,4.745089e-19
2.395890e+01,1.811026e-17,4.524725e-17,4.524725e-19
2.396157e+01,1.788376e-17,4.430247e-17,4.430247e-19
2.396424e+01,1.805216e-17,4.386549e-17,4.386549e-19
2.396692e+01,1.802203e-17,4.323965e-17,4.323965e-19
2.396959e+01,1.817803e-17,4.314449e-17,4.314449e-19
2.397226e+01,1.803644e-17,4.269323e-17,4.269323e-19
2.397494e+01,1.795361e-17,4.251530e-17,4.251530e-19
2.397761e+01,1.802757e-17,4.226706e-17,4.226706e-19
2.398028e+01,1.814549e-17,4.225649e-17,4.225649e-19
2.398296e+01,1.785548e-17,4.274464e-17,4.274464e-19
2.398563e+01,1.835101e-17,4.307790e-17,4.307790e-19
2.398830e+01,1.783176e-17,4.243606e-17,4.243606e-19
2.399098e+01,1.750626e-17,4.288819e-17,4.288819e-19
2.399365e+01,1.804588e-17,4.348627e-17,4.348627e-19
2.399632e+01,1.812491e-17,4.369415e-17,4.369415e-19
2.399900e+01,1.781350e-17,4.445780e-17,4.445780e-19
2.400167e+01,1.829233e-17,4.678600e-17,4.678600e-19
2.400434e+01,1.814407e-17,4.789058e-17,4.789058e-19
2.400702e+01,1.802450e-17,4.797301e-17,4.797301e-19
2.400969e+01,1.812124e-17,4.808695e-17,4.808695e-19
2.401236e+01,1.801595e-17,4.898341e-17,4.898341e-19
2.401504e+01,1.801266e-17,4.980982e-17,4.980982e-19
2.401771e+01,1.797874e-17,4.993529e-17,4.993529e-19
2.402038e+01,1.842916e-17,4.993852e-17,4.993852e-19
2.402306e+01,1.824392e-17,5.027183e-17,5.027183e-19
2.402573e+01,1.825730e-17,5.089611e-17,5.089611e-19
2.402840e+01,1.815131e-17,5.170829e-17,5.170829e-19
2.403108e+01,1.837356e-17,5.289052e-17,5.289052e-19
2.403375e+01,1.841158e-17,5.343774e-17,5.343774e-19
2.403642e+01,1.848035e-17,5.391478e-17,5.391478e-19
2.403910e+01,1.850881e-17,5.517394e-17,5.517394e-19
2.404177e+01,1.848940e-17,5.650123e-17,5.650123e-19
2.404444e+01,1.855723e-17,5.750733e-17,5.750733e-19
2.404712e+01,1.881262e-17,5.803481e-17,5.803481e-19
2.404979e+01,1.856907e-17,5.848447e-17,5.848447e-19
2.405246e+01,1.865747e-17,5.986189e-17,5.986189e-19
2.405514e+01,1.853320e-17,6.131909e-17,6.131909e-19
2.405781e+01,1.873473e-17,6.244863e-17,6.244863e-19
2.406048e+01,1.868893e-17,6.314025e-17,6.314025e-19
2.406316e+01,1.895657e-17,6.424841e-17,6.424841e-19
2.406583e+01,1.884939e-17,6.653464e-17,6.653464e-19
2.406850e+01,1.913281e-17,6.926606e-17,6.926606e-19
2.407118e+01,1.879110e-17,7.154689e-17,7.154689e-19
2.407385e+01,1.904155e-17,7.379841e-17,7.379841e-19
2.407652e+01,1.879168e-17,7.535425e-17,7.535425e-19
2.407920e+01,1.881314e-17,7.662845e-17,7.662845e-19
2.408187e+01,1.907762e-17,7.787011e-17,7.787011e-19
2.408455e+01,1.896661e-17,7.908139e-17,7.908139e-19
2.408722e+01,1.922691e-17,8.005492e-17,8.005492e-19
2.408989e+01,1.909610e-17,8.080110e-17,8.080110e-19
2.409257e+01,1.932184e-17,8.170861e-17,8.170861e-19
2.409524e+01,1.902272e-17,8.268073e-17,8.268073e-19
2.409791e+01,1.893976e-17,8.308408e-17,8.308408e-19
2.410059e+01,1.893019e-17,8.289432e-17,8.289432e-19
2.410326e+01,1.903950e-17,8.296420e-17,8.296420e-19
2.410593e+01,1.880696e-17,8.342333e-17,8.342333e-19
2.410861e+01,1.927655e-17,8.377279e-17,8.377279e-19
2.411128e+01,1.902468e-17,8.388725e-17,8.388725e-19
2.411395e+01,1.902953e-17,8.344687e-17,8.344687e-19
2.411663e+01,1.901235e-17,8.267113e-17,8.267113e-19
2.411930e+01,1.904991e-17,8.205280e-17,8.205280e-19
2.412197e+01,1.912850e-17,8.185498e-17,8.185498e-19
2.412465e+01,1.909976e-17,8.185416e-17,8.185416e-19
2.412732e+01,1.890720e-17,8.161252e-17,8.161252e-19
2.412999e+01,1.877982e-17,8.061993e-17,8.061993e-19
2.413267e+01,1.896403e-17,7.960530e-17,7.960530e-19
2.413534e+01,1.880583e-17,7.913923e-17,7.913923e-19
2.413801e+01,1.930481e-17,7.934325e-17,7.934325e-19
2.414069e+01,1.886478e-17,7.890557e-17,7.890557e-19
2.414336e+01,1.879782e-17,7.779858e-17,7.779858e-19
2.414603e+01,1.886938e-17,7.595252e-17,7.595252e-19
2.414871e+01,1.855443e-17,7.418180e-17,7.418180e-19
2.415138e+01,1.886696e-17,7.244810e-17,7.244810e-19
2.415405e+01,1.882368e-17,7.072578e-17,7.072578e-19
2.415673e+01,1.859399e-17,6.928107e-17,6.928107e-19
2.415940e+01,1.871580e-17,6.772192e-17,6.772192e-19
2.416207e+01,1.856704e-17,6.575795e-17,6.575795e-19
2.416475e+01,1.883232e-17,6.405102e-17,6.405102e-19
2.416742e+01,1.876153e-17,6.298729e-17,6.298729e-19
2.417009e+01,1.838865e-17,6.159984e-17,6.159984e-19
2.417277e+01,1.859839e-17,6.074747e-17,6.074747e-19
2.417544e+01,1.873101e-17,6.072757e-17,6.072757e-19
2.417811e+01,1.857810e-17,6.163898e-17,6.163898e-19
2.418079e+01,1.864171e-17,6.301408e-17,6.301408e-19
2.418346e+01,1.859607e-17,6.252590e-17,6.252590e-19
2.418613e+01,1.867537e-17,6.019438e-17,6.019438e-19
2.418881e+01,1.829860e-17,5.909561e-17,5.909561e-19
2.419148e+01,1.816635e-17,5.978460e-17,5.978460e-19
2.419415e+01,1.847984e-17,6.101729e-17,6.101729e-19
2.419683e+01,1.827878e-17,6.103874e-17,6.103874e-19
2.419950e+01,1.864585e-17,6.045413e-17,6.045413e-19
2.420217e+01,1.815499e-17,5.946950e-17,5.946950e-19
2.420485e+01,1.828506e-17,5.946336e-17,5.946336e-19
2.420752e+01,1.837391e-17,5.987652e-17,5.987652e-19
2.421019e+01,1.829289e-17,6.053190e-17,6.053190e-19
2.421287e+01,1.825343e-17,6.109059e-17,6.109059e-19
2.421554e+01,1.850452e-17,6.056863e-17,6.056863e-19
2.421821e+01,1.833895e-17,6.004495e-17,6.004495e-19
2.422089e+01,1.850030e-17,6.093756e-17,6.093756e-19
2.422356e+01,1.843044e-17,6.180974e-17,6.180974e-19
2.422623e+01,1.823823e-17,6.051422e-17,6.051422e-19
2.422891e+01,1.799099e-17,5.804148e-17,5.804148e-19
2.423158e+01,1.815110e-17,5.707099e-17,5.707099e-19
2.423425e+01,1.793691e-17,5.715673e-17,5.715673e-19
2.423693e+01,1.824858e-17,5.675696e-17,5.675696e-19
2.423960e+01,1.804530e-17,5.650936e-17,5.650936e-19
2.424227e+01,1.816604e-17,5.699700e-17,5.699700e-19
2.424495e+01,1.797473e-17,5.641169e-17,5.641169e-19
2.424762e+01,1.783028e-17,5.522903e-17,5.522903e-19
2.425030e+01,1.818198e-17,5.517633e-17,5.517633e-19
2.425297e+01,1.799266e-17,5.439730e-17,5.439730e-19
2.425564e+01,1.790906e-17,5.245281e-17,5.245281e-19
2.425832e+01,1.799949e-17,5.138210e-17,5.138210e-19
2.426099e+01,1.771298e-17,5.101644e-17,5.101644e-19
2.426366e+01,1.767008e-17,5.000596e-17,5.000596e-19
2.426634e+01,1.778717e-17,4.869225e-17,4.869225e-19
2.426901e+01,1.786078e-17,4.815728e-17,4.815728e-19
2.427168e+01,1.785467e-17,4.834884e-17,4.834884e-19
2.427436e+01,1.761233e-17,4.854701e-17,4.854701e-19
2.427703e+01,1.777724e-17,4.830664e-17,4.830664e-19
2.427970e+01,1.755027e-17,4.744337e-17,4.744337e-19
2.428238e+01,1.777394e-17,4.630396e-17,4.630396e-19
2.428505e+01,1.749957e-17,4.588277e-17,4.588277e-19
2.428772e+01,1.776633e-17,4.640344e-17,4.640344e-19
2.429040e+01,1.747245e-17,4.639335e-17,4.639335e-19
2.429307e+01,1.768565e-17,4.624074e-17,4.624074e-19
2.429574e+01,1.773182e-17,4.608175e-17,4.608175e-19
2.429842e+01,1.767494e-17,4.593810e-17,4.593810e-19
2.430109e+01,1.791644e-17,4.407110e-17,4.407110e-19
2.430376e+01,1.746616e-17,4.163195e-17,4.163195e-19
2.430644e+01,1.736413e-17,4.074794e-17,4.074794e-19
2.430911e+01,1.779300e-17,4.125837e-17,4.125837e-19
2.431178e+01,1.706089e-17,4.138851e-17,4.138851e-19
2.431446e+01,1.733212e-17,4.163817e-17,4.163817e-19
2.431713e+01,1.717028e-17,4.107631e-17,4.107631e-19
2.431980e+01,1.740213e-17,4.060464e-17,4.060464e-19
2.432248e+01,1.750828e-17,3.995821e-17,3.995821e-19
2.432515e+01,1.752885e-17,3.931250e-17,3.931250e-19
2.432782e+01,1.743997e-17,3.903326e-17,3.903326e-19
2.433050e+01,1.739896e-17,3.972938e-17,3.972938e-19
2.433317e+01,1.751508e-17,4.057380e-17,4.057380e-19
2.433584e+01,1.734299e-17,4.058735e-17,4.058735e-19
2.433852e+01,1.781845e-17,3.948704e-17,3.948704e-19
2.434119e+01,1.786866e-17,3.938867e-17,3.938867e-19
2.434386e+01,1.752897e-17,4.090762e-17,4.090762e-19
2.434654e+01,1.749366e-17,4.216451e-17,4.216451e-19
2.434921e+01,1.751064e-17,4.226218e-17,4.226218e-19
2.435188e+01,1.789306e-17,4.220945e-17,4.220945e-19
2.435456e+01,1.777994e-17,4.277390e-17,4.277390e-19
2.435723e+01,1.764103e-17,4.400176e-17,4.400176e-19
2.435990e+01,1.807942e-17,4.544062e-17,4.544062e-19
2.436258e+01,1.777744e-17,4.570042e-17,4.570042e-19
2.436525e+01,1.793914e-17,4.643832e-17,4.643832e-19
2.436792e+01,1.804081e-17,4.856291e-17,4.856291e-19
2.437060e+01,1.814742e-17,5.039373e-17,5.039373e-19
2.437327e+01,1.781464e-17,5.019723e-17,5.019723e-19
2.437594e+01,1.784801e-17,5.028534e-17,5.028534e-19
2.437862e+01,1.779966e-17,5.171608e-17,5.171608e-19
2.438129e+01,1.763154e-17,5.318683e-17,5.318683e-19
2.438396e+01,1.790781e-17,5.450527e-17,5.450527e-19
2.438664e+01,1.831147e-17,5.536306e-17,5.536306e-19
2.438931e+01,1.802290e-17,5.528285e-17,5.528285e-19
2.439198e+01,1.771475e-17,5.507765e-17,5.507765e-19
2.439466e+01,1.793321e-17,5.565605e-17,5.565605e-19
2.439733e+01,1.782769e-17,5.687378e-17,5.687378e-19
2.440000e+01,1.805804e-17,5.933143e-17,5.933143e-19
2.440268e+01,1.785514e-17,6.061822e-17,6.061822e-19
2.440535e+01,1.812302e-17,6.063905e-17,6.063905e-19
2.440802e+01,1.831465e-17,6.132775e-17,6.132775e-19
2.441070e+01,1.818537e-17,6.256851e-17,6.256851e-19
2.441337e+01,1.836041e-17,6.281949e-17,6.281949e-19
2.441605e+01,1.793826e-17,6.232313e-17,6.232313e-19
2.441872e+01,1.770802e-17,6.172053e-17,6.172053e-19
2.442139e+01,1.825324e-17,6.143096e-17,6.143096e-19
2.442407e+01,1.805841e-17,6.086114e-17,6.086114e-19
2.442674e+01,1.778989e-17,6.029171e-17,6.029171e-19
2.442941e+01,1.782336e-17,6.035861e-17,6.035861e-19
2.443209e+01,1.789240e-17,6.036995e-17,6.036995e-19
2.443476e+01,1.770131e-17,5.896650e-17,5.896650e-19
2.443743e+01,1.784400e-17,5.732532e-17,5.732532e-19
2.444011e+01,1.772141e-17,5.586807e-17,5.586807e-19
2.444278e+01,1.763658e-17,5.488142e-17,5.488142e-19
2.444545e+01,1.766540e-17,5.399013e-17,5.399013e-19
2.444813e+01,1.780442e-17,5.197158e-17,5.197158e-19
2.445080e+01,1.755758e-17,4.877603e-17,4.877603e-19
2.445347e+01,1.760622e-17,4.696276e-17,4.696276e-19
2.445615e+01,1.787490e-17,4.701900e-17,4.701900e-19
2.445882e+01,1.807201e-17,4.685506e-17,4.685506e-19
2.446149e+01,1.721152e-17,4.513578e-17,4.513578e-19
2.446417e+01,1.747411e-17,4.326028e-17,4.326028e-19
2.446684e+01,1.744013e-17,4.305008e-17,4.305008e-19
2.446951e+01,1.762606e-17,4.362071e-17,4.362071e-19
2.447219e+01,1.787065e-17,4.359982e-17,4.359982e-19
2.447486e+01,1.762890e-17,4.293103e-17,4.293103e-19
2.447753e+01,1.768165e-17,4.229588e-17,4.229588e-19
2.448021e+01,1.747263e-17,4.189428e-17,4.189428e-19
2.448288e+01,1.791362e-17,4.207988e-17,4.207988e-19
2.448555e+01,1.788589e-17,4.213175e-17,4.213175e-19
2.448823e+01,1.762032e-17,4.229613e-17,4.229613e-19
2.449090e+01,1.780290e-17,4.285771e-17,4.285771e-19
2.449357e+01,1.762305e-17,4.257150e-17,4.257150e-19
2.449625e+01,1.749659e-17,4.173492e-17,4.173492e-19
2.449892e+01,1.776110e-17,4.085844e-17,4.085844e-19
2.450159e+01,1.728443e-17,4.126996e-17,4.126996e-19
2.450427e+01,1.783316e-17,4.252915e-17,4.252915e-19
2.450694e+01,1.753369e-17,4.261761e-17,4.261761e-19
2.450961e+01,1.761975e-17,4.292752e-17,4.292752e-19
2.451229e+01,1.729092e-17,4.318615e-17,4.318615e-19
2.451496e+01,1.743982e-17,4.270443e-17,4.270443e-19
2.451763e+01,1.779108e-17,4.283941e-17,4.283941e-19
2.452031e+01,1.751458e-17,4.325045e-17,4.325045e-19
2.452298e+01,1.740512e-17,4.239889e-17,4.239889e-19
2.452565e+01,1.746755e-17,4.194196e-17,4.194196e-19
2.452833e+01,1.724002e-17,4.312497e-17,4.312497e-19
2.453100e+01,1.747822e-17,4.556708e-17,4.556708e-19
2.453367e+01,1.723008e-17,4.694219e-17,4.694219e-19
2.453635e+01,1.787403e-17,4.714869e-17,4.714869e-19
2.453902e+01,1.764019e-17,4.699233e-17,4.699233e-19
2.454169e+01,1.749157e-17,4.799198e-17,4.799198e-19
2.454437e+01,1.766150e-17,4.945767e-17,4.945767e-19
2.454704e+01,1.750898e-17,5.015498e-17,5.015498e-19
2.454971e+01,1.745005e-17,5.081496e-17,5.081496e-19
2.455239e+01,1.762019e-17,5.215652e-17,5.215652e-19
2.455506e+01,1.771787e-17,5.390114e-17,5.390114e-19
2.455773e+01,1.756856e-17,5.550511e-17,5.550511e-19
2.456041e+01,1.745650e-17,5.588302e-17,5.588302e-19
2.456308e+01,1.744696e-17,5.556182e-17,5.556182e-19
2.456575e+01,1.801236e-17,5.519173e-17,5.519173e-19
2.456843e+01,1.762818e-17,5.528377e-17,5.528377e-19
2.457110e+01,1.780986e-17,5.629043e-17,5.629043e-19
2.457377e+01,1.788263e-17,5.666018e-17,5.666018e-19
2.457645e+01,1.756760e-17,5.565072e-17,5.565072e-19
2.457912e+01,1.815992e-17,5.484677e-17,5.484677e-19
2.458180e+01,1.778449e-17,5.424339e-17,5.424339e-19
2.458447e+01,1.802812e-17,5.399143e-17,5.399143e-19
2.458714e+01,1.778190e-17,5.387167e-17,5.387167e-19
2.458982e+01,1.764344e-17,5.399556e-17,5.399556e-19
2.459249e+01,1.770793e-17,5.363440e-17,5.363440e-19
2.459516e+01,1.755564e-17,5.344500e-17,5.344500e-19
2.459784e+01,1.768618e-17,5.455910e-17,5.455910e-19
2.460051e+01,1.770560e-17,5.509857e-17,5.509857e-19
2.460318e+01,1.775601e-17,5.448568e-17,5.448568e-19
2.460586e+01,1.759837e-17,5.373773e-17,5.373773e-19
2.460853e+01,1.761290e-17,5.418985e-17,5.418985e-19
2.461120e+01,1.763690e-17,5.482382e-17,5.482382e-19
2.461388e+01,1.736441e-17,5.482584e-17,5.482584e-19
2.461655e+01,1.796313e-17,5.482655e-17,5.482655e-19
2.461922e+01,1.770616e-17,5.462086e-17,5.462086e-19
2.462190e+01,1.751995e-17,5.486568e-17,5.486568e-19
2.462457e+01,1.783419e-17,5.523418e-17,5.523418e-19
2.462724e+01,1.832104e-17,5.571492e-17,5.571492e-19
2.462992e+01,1.773474e-17,5.709391e-17,5.709391e-19
2.463259e+01,1.800590e-17,5.881009e-17,5.881009e-19
2.463526e+01,1.767247e-17,5.884145e-17,5.884145e-19
2.463794e+01,1.776778e-17,5.791804e-17,5.791804e-19
2.464061e+01,1.801600e-17,5.817539e-17,5.817539e-19
2.464328e+01,1.813288e-17,5.974854e-17,5.974854e-19
2.464596e+01,1.810840e-17,6.151934e-17,6.151934e-19
2.464863e+01,1.796998e-17,6.157100e-17,6.157100e-19
2.465130e+01,1.813601e-17,6.050745e-17,6.050745e-19
2.465398e+01,1.789549e-17,6.050977e-17,6.050977e-19
2.465665e+01,1.821016e-17,6.148589e-17,6.148589e-19
2.465932e+01,1.812437e-17,6.112798e-17,6.112798e-19
2.466200e+01,1.818251e-17,6.074783e-17,6.074783e-19
2.466467e+01,1.830857e-17,6.048872e-17,6.048872e-19
2.466734e+01,1.822858e-17,6.048445e-17,6.048445e-19
2.467002e+01,1.770844e-17,5.997551e-17,5.997551e-19
2.467269e+01,1.799945e-17,5.940536e-17,5.940536e-19
2.467536e+01,1.832672e-17,5.953372e-17,5.953372e-19
2.467804e+01,1.784514e-17,5.994460e-17,5.994460e-19
2.468071e+01,1.797743e-17,6.060482e-17,6.060482e-19
2.468338e+01,1.797718e-17,5.989225e-17,5.989225e-19
2.468606e+01,1.813852e-17,5.857601e-17,5.857601e-19
2.468873e+01,1.790998e-17,5.773294e-17,5.773294e-19
2.469140e+01,1.783692e-17,5.800948e-17,5.800948e-19
2.469408e+01,1.817117e-17,5.837701e-17,5.837701e-19
2.469675e+01,1.792118e-17,5.833295e-17,5.833295e-19
2.469942e+01,1.779368e-17,5.848683e-17,5.848683e-19
2.470210e+01,1.792200e-17,5.862655e-17,5.862655e-19
2.470477e+01,1.789052e-17,5.818320e-17,5.818320e-19
2.470744e+01,1.820795e-17,5.804631e-17,5.804631e-19
2.471012e+01,1.774430e-17,5.857470e-17,5.857470e-19
2.471279e+01,1.818635e-17,5.904261e-17,5.904261e-19
2.471546e+01,1.830402e-17,5.853982e-17,5.853982e-19
2.471814e+01,1.793207e-17,5.801615e-17,5.801615e-19
2.472081e+01,1.782797e-17,5.795997e-17,5.795997e-19
2.472348e+01,1.828551e-17,5.835997e-17,5.835997e-19
2.472616e+01,1.816730e-17,5.811933e-17,5.811933e-19
2.472883e+01,1.795046e-17,5.720602e-17,5.720602e-19
2.473150e+01,1.802065e-17,5.676478e-17,5.676478e-19
2.473418e+01,1.788314e-17,5.690609e-17,5.690609e-19
2.473685e+01,1.820323e-17,5.708413e-17,5.708413e-19
2.473952e+01,1.773820e-17,5.756607e-17,5.756607e-19
2.474220e+01,1.785482e-17,5.806940e-17,5.806940e-19
2.474487e+01,1.804377e-17,5.786993e-17,5.786993e-19
2.474755e+01,1.771866e-17,5.775277e-17,5.775277e-19
2.475022e+01,1.805966e-17,5.831271e-17,5.831271e-19
2.475289e+01,1.788121e-17,5.839407e-17,5.839407e-19
2.475557e+01,1.787862e-17,5.784757e-17,5.784757e-19
2.475824e+01,1.815225e-17,5.742407e-17,5.742407e-19
2.476091e+01,1.814053e-17,5.750440e-17,5.750440e-19
2.476359e+01,1.802544e-17,5.687007e-17,5.687007e-19
2.476626e+01,1.817872e-17,5.634934e-17,5.634934e-19
2.476893e+01,1.806446e-17,5.653422e-17,5.653422e-19
2.477161e+01,1.782717e-17,5.653139e-17,5.653139e-19
2.477428e+01,1.803399e-17,5.604668e-17,5.604668e-19
2.477695e+01,1.801965e-17,5.608273e-17,5.608273e-19
2.477963e+01,1.830931e-17,5.647318e-17,5.647318e-19
2.478230e+01,1.789525e-17,5.559979e-17,5.559979e-19
2.478497e+01,1.787140e-17,5.393567e-17,5.393567e-19
2.478765e+01,1.776423e-17,5.356499e-17,5.356499e-19
2.479032e+01,1.733222e-17,5.347614e-17,5.347614e-19
2.479299e+01,1.777896e-17,5.296368e-17,5.296368e-19
2.479567e+01,1.755522e-17,5.156587e-17,5.156587e-19
2.479834e+01,1.784508e-17,5.102246e-17,5.102246e-19
2.480101e+01,1.784444e-17,5.091419e-17,5.091419e-19
2.480369e+01,1.751266e-17,5.028112e-17,5.028112e-19
2.480636e+01,1.725827e-17,4.951398e-17,4.951398e-19
2.480903e+01,1.758392e-17,4.928671e-17,4.928671e-19
2.481171e+01,1.731922e-17,4.876521e-17,4.876521e-19
2.481438e+01,1.746545e-17,4.865953e-17,4.865953e-19
2.481705e+01,1.761490e-17,4.904209e-17,4.904209e-19
2.481973e+01,1.782933e-17,4.919242e-17,4.919242e-19
2.482240e+01,1.745124e-17,4.941229e-17,4.941229e-19
2.482507e+01,1.760455e-17,5.019578e-17,5.019578e-19
2.482775e+01,1.758335e-17,5.110818e-17,5.110818e-19
2.483042e+01,1.763506e-17,5.171471e-17,5.171471e-19
2.483309e+01,1.753227e-17,5.231526e-17,5.231526e-19
2.483577e+01,1.778451e-17,5.323549e-17,5.323549e-19
2.483844e+01,1.758722e-17,5.432493e-17,5.432493e-19
2.484111e+01,1.797444e-17,5.545743e-17,5.545743e-19
2.484379e+01,1.781750e-17,5.621866e-17,5.621866e-19
2.484646e+01,1.779161e-17,5.727996e-17,5.727996e-19
2.484913e+01,1.817422e-17,5.749124e-17,5.749124e-19
2.485181e+01,1.760597e-17,5.717030e-17,5.717030e-19
2.485448e+01,1.773370e-17,5.774700e-17,5.774700e-19
2.485715e+01,1.805393e-17,5.834698e-17,5.834698e-19
2.485983e+01,1.785521e-17,5.776199e-17,5.776199e-19
2.486250e+01,1.798146e-17,5.714763e-17,5.714763e-19
2.486517e+01,1.785630e-17,5.668947e-17,5.668947e-19
2.486785e+01,1.804941e-17,5.596189e-17,5.596189e-19
2.487052e+01,1.758603e-17,5.522596e-17,5.522596e-19
2.487319e+01,1.785539e-17,5.533029e-17,5.533029e-19
2.487587e+01,1.760316e-17,5.512402e-17,5.512402e-19
2.487854e+01,1.781547e-17,5.515207e-17,5.515207e-19
2.488121e+01,1.791465e-17,5.539760e-17,5.539760e-19
2.488389e+01,1.768258e-17,5.564073e-17,5.564073e-19
2.488656e+01,1.764444e-17,5.614251e-17,5.614251e-19
2.488923e+01,1.796795e-17,5.683278e-17,5.683278e-19
2.489191e+01,1.764837e-17,5.670419e-17,5.670419e-19
2.489458e+01,1.753609e-17,5.602419e-17,5.602419e-19
2.489725e+01,1.765056e-17,5.550353e-17,5.550353e-19
2.489993e+01,1.769736e-17,5.544143e-17,5.544143e-19
2.490260e+01,1.758091e-17,5.556345e-17,5.556345e-19
2.490527e+01,1.751525e-17,5.584180e-17,5.584180e-19
2.490795e+01,1.778612e-17,5.666013e-17,5.666013e-19
2.491062e+01,1.777697e-17,5.708190e-17,5.708190e-19
2.491330e+01,1.765927e-17,5.710311e-17,5.710311e-19
2.491597e+01,1.763435e-17,5.739964e-17,5.739964e-19
2.491864e+01,1.760884e-17,5.840811e-17,5.840811e-19
2.492132e+01,1.788377e-17,5.886782e-17,5.886782e-19
2.492399e+01,1.769884e-17,5.795473e-17,5.795473e-19
2.492666e+01,1.777444e-17,5.644292e-17,5.644292e-19
2.492934e+01,1.755028e-17,5.493094e-17,5.493094e-19
2.493201e+01,1.794786e-17,5.381955e-17,5.381955e-19
2.493468e+01,1.757792e-17,5.257486e-17,5.257486e-19
2.493736e+01,1.771855e-17,5.216980e-17,5.216980e-19
2.494003e+01,1.777159e-17,5.240654e-17,5.240654e-19
2.494270e+01,1.767398e-17,5.243371e-17,5.243371e-19
2.494538e+01,1.774320e-17,5.204917e-17,5.204917e-19
2.494805e+01,1.772866e-17,5.173356e-17,5.173356e-19
2.495072e+01,1.755397e-17,5.174195e-17,5.174195e-19
2.495340e+01,1.804616e-17,5.207623e-17,5.207623e-19
2.495607e+01,1.767331e-17,5.208553e-17,5.208553e-19
2.495874e+01,1.753505e-17,5.226809e-17,5.226809e-19
2.496142e+01,1.771454e-17,5.163260e-17,5.163260e-19
2.496409e+01,1.744970e-17,5.100747e-17,5.100747e-19
2.496676e+01,1.743017e-17,5.174505e-17,5.174505e-19
2.496944e+01,1.762942e-17,5.351774e-17,5.351774e-19
2.497211e+01,1.738859e-17,5.411539e-17,5.411539e-19
2.497478e+01,1.778062e-17,5.404911e-17,5.404911e-19
2.497746e+01,1.786315e-17,5.422168e-17,5.422168e-19
2.498013e+01,1.795154e-17,5.520556e-17,5.520556e-19
2.498280e+01,1.779066e-17,5.580438e-17,5.580438e-19
2.498548e+01,1.750069e-17,5.533422e-17,5.533422e-19
2.498815e+01,1.774119e-17,5.562372e-17,5.562372e-19
2.499082e+01,1.825318e-17,5.771299e-17,5.771299e-19
2.499350e+01,1.772407e-17,5.946720e-17,5.946720e-19
2.499617e+01,1.757045e-17,5.876679e-17,5.876679e-19
2.499884e+01,1.759050e-17,5.761617e-17,5.761617e-19
2.500152e+01,1.769657e-17,5.827090e-17,5.827090e-19
2.500419e+01,1.794156e-17,5.954741e-17,5.954741e-19
2.500686e+01,1.762580e-17,5.958680e-17,5.958680e-19
2.500954e+01,1.789845e-17,5.917198e-17,5.917198e-19
2.501221e+01,1.794795e-17,5.875562e-17,5.875562e-19
2.501488e+01,1.793103e-17,5.917428e-17,5.917428e-19
2.501756e+01,1.780005e-17,6.014186e-17,6.014186e-19
2.502023e+01,1.783879e-17,6.003452e-17,6.003452e-19
2.502290e+01,1.803116e-17,5.983551e-17,5.983551e-19
2.502558e+01,1.799447e-17,6.059687e-17,6.059687e-19
2.502825e+01,1.781486e-17,6.096980e-17,6.096980e-19
2.503092e+01,1.745108e-17,6.058896e-17,6.058896e-19
2.503360e+01,1.790456e-17,6.077164e-17,6.077164e-19
2.503627e+01,1.766056e-17,6.155661e-17,6.155661e-19
2.503894e+01,1.791379e-17,6.203362e-17,6.203362e-19
2.504162e+01,1.792596e-17,6.175292e-17,6.175292e-19
2.504429e+01,1.794005e-17,6.219722e-17,6.219722e-19
2.504696e+01,1.788371e-17,6.384667e-17,6.384667e-19
2.504964e+01,1.796193e-17,6.475453e-17,6.475453e-19
2.505231e+01,1.796806e-17,6.447818e-17,6.447818e-19
2.505498e+01,1.805695e-17,6.519979e-17,6.519979e-19
2.505766e+01,1.781485e-17,6.631794e-17,6.631794e-19
2.506033e+01,1.778713e-17,6.582517e-17,6.582517e-19
2.506300e+01,1.815939e-17,6.525602e-17,6.525602e-19
2.506568e+01,1.805398e-17,6.491721e-17,6.491721e-19
2.506835e+01,1.769196e-17,6.404216e-17,6.404216e-19
2.507102e+01,1.784841e-17,6.350422e-17,6.350422e-19
2.507370e+01,1.767110e-17,6.392302e-17,6.392302e-19
2.507637e+01,1.828397e-17,6.445698e-17,6.445698e-19
2.507905e+01,1.798557e-17,6.405205e-17,6.405205e-19
2.508172e+01,1.791655e-17,6.368419e-17,6.368419e-19
2.508439e+01,1.822729e-17,6.380821e-17,6.380821e-19
2.508707e+01,1.786465e-17,6.323161e-17,6.323161e-19
2.508974e+01,1.790565e-17,6.250961e-17,6.250961e-19
2.509241e+01,1.800584e-17,6.234126e-17,6.234126e-19
2.509509e+01,1.801070e-17,6.199233e-17,6.199233e-19
2.509776e+01,1.819548e-17,6.043297e-17,6.043297e-19
2.510043e+01,1.765422e-17,5.873670e-17,5.873670e-19
2.510311e+01,1.766825e-17,5.804178e-17,5.804178e-19
2.510578e+01,1.797726e-17,5.783182e-17,5.783182e-19
2.510845e+01,1.783319e-17,5.743039e-17,5.743039e-19
2.511113e+01,1.780539e-17,5.681340e-17,5.681340e-19
2.511380e+01,1.782568e-17,5.623174e-17,5.623174e-19
2.511647e+01,1.783636e-17,5.604658e-17,5.604658e-19
2.511915e+01,1.795784e-17,5.579018e-17,5.579018e-19
2.512182e+01,1.792985e-17,5.507740e-17,5.507740e-19
2.512449e+01,1.757034e-17,5.486406e-17,5.486406e-19
2.512717e+01,1.810767e-17,5.462847e-17,5.462847e-19
2.512984e+01,1.797408e-17,5.340226e-17,5.340226e-19
2.513251e+01,1.768254e-17,5.220136e-17,5.220136e-19
2.513519e+01,1.744269e-17,5.123682e-17,5.123682e-19
2.513786e+01,1.757618e-17,5.098169e-17,5.098169e-19
2.514053e+01,1.778456e-17,5.024375e-17,5.024375e-19
2.514321e+01,1.737067e-17,4.825083e-17,4.825083e-19
2.514588e+01,1.758129e-17,4.707880e-17,4.707880e-19
2.514855e+01,1.748275e-17,4.702324e-17,4.702324e-19
2.515123e+01,1.772045e-17,4.659197e-17,4.659197e-19
2.515390e+01,1.750764e-17,4.542457e-17,4.542457e-19
2.515657e+01,1.722451e-17,4.482079e-17,4.482079e-19
2.515925e+01,1.753886e-17,4.455957e-17,4.455957e-19
2.516192e+01,1.714548e-17,4.361584e-17,4.361584e-19
2.516459e+01,1.740975e-17,4.336747e-17,4.336747e-19
2.516727e+01,1.719313e-17,4.327959e-17,4.327959e-19
2.516994e+01,1.720141e-17,4.237363e-17,4.237363e-19
2.517261e+01,1.734144e-17,4.132902e-17,4.132902e-19
2.517529e+01,1.728256e-17,4.129240e-17,4.129240e-19
2.517796e+01,1.736215e-17,4.211155e-17,4.211155e-19
2.518063e+01,1.738823e-17,4.222400e-17,4.222400e-19
2.518331e+01,1.753195e-17,4.183616e-17,4.183616e-19
2.518598e+01,1.744660e-17,4.241356e-17,4.241356e-19
2.518865e+01,1.753729e-17,4.364553e-17,4.364553e-19
2.519133e+01,1.724325e-17,4.354693e-17,4.354693e-19
2.519400e+01,1.745825e-17,4.364090e-17,4.364090e-19
2.519667e+01,1.728987e-17,4.421476e-17,4.421476e-19
2.519935e+01,1.732261e-17,4.473378e-17,4.473378e-19
2.520202e+01,1.735896e-17,4.479695e-17,4.479695e-19
2.520469e+01,1.768119e-17,4.484044e-17,4.484044e-19
2.520737e+01,1.743100e-17,4.518985e-17,4.518985e-19
2.521004e+01,1.749986e-17,4.552961e-17,4.552961e-19
2.521271e+01,1.764095e-17,4.527203e-17,4.527203e-19
2.521539e+01,1.732656e-17,4.450678e-17,4.450678e-19
2.521806e+01,1.729192e-17,4.358428e-17,4.358428e-19
2.522073e+01,1.716378e-17,4.262914e-17,4.262914e-19
2.522341e+01,1.721763e-17,4.131406e-17,4.131406e-19
2.522608e+01,1.724083e-17,4.019143e-17,4.019143e-19
2.522875e+01,1.723817e-17,3.924477e-17,3.924477e-19
2.523143e+01,1.730176e-17,3.773758e-17,3.773758e-19
2.523410e+01,1.708362e-17,3.671871e-17,3.671871e-19
2.523677e+01,1.720343e-17,3.649277e-17,3.649277e-19
2.523945e+01,1.652850e-17,3.556136e-17,3.556136e-19
2.524212e+01,1.712260e-17,3.542552e-17,3.542552e-19
2.524480e+01,1.721703e-17,3.585857e-17,3.585857e-19
2.524747e+01,1.690117e-17,3.602563e-17,3.602563e-19
2.525014e+01,1.697095e-17,3.504924e-17,3.504924e-19
2.525282e+01,1.681192e-17,3.375051e-17,3.375051e-19
2.525549e+01,1.661311e-17,3.345679e-17,3.345679e-19
2.525816e+01,1.677004e-17,3.308682e-17,3.308682e-19
2.526084e+01,1.658708e-17,3.282688e-17,3.282688e-19
2.526351e+01,1.658651e-17,3.277461e-17,3.277461e-19
2.526618e+01,1.683422e-17,3.260187e-17,3.260187e-19
2.526886e+01,1.668258e-17,3.275133e-17,3.275133e-19
2.527153e+01,1.659859e-17,3.311934e-17,3.311934e-19
2.527420e+01,1.697026e-17,3.334209e-17,3.334209e-19
2.527688e+01,1.662422e-17,3.366009e-17,3.366009e-19
2.527955e+01,1.670063e-17,3.422014e-17,3.422014e-19
2.528222e+01,1.703783e-17,3.432526e-17,3.432526e-19
2.528490e+01,1.691288e-17,3.425062e-17,3.425062e-19
2.528757e+01,1.680095e-17,3.458337e-17,3.458337e-19
2.529024e+01,1.676002e-17,3.560415e-17,3.560415e-19
2.529292e+01,1.702073e-17,3.601641e-17,3.601641e-19
2.529559e+01,1.679000e-17,3.600736e-17,3.600736e-19
2.529826e+01,1.691305e-17,3.657356e-17,3.657356e-19
2.530094e+01,1.666967e-17,3.693417e-17,3.693417e-19
2.530361e+01,1.690800e-17,3.741046e-17,3.741046e-19
2.530628e+01,1.706498e-17,3.828636e-17,3.828636e-19
2.530896e+01,1.698836e-17,3.854040e-17,3.854040e-19
2.531163e+01,1.704211e-17,3.906190e-17,3.906190e-19
2.531430e+01,1.707391e-17,3.975414e-17,3.975414e-19
2.531698e+01,1.707169e-17,4.069461e-17,4.069461e-19
2.531965e+01,1.744018e-17,4.213336e-17,4.213336e-19
2.532232e+01,1.751773e-17,4.370335e-17,4.370335e-19
2.532500e+01,1.759503e-17,4.447481e-17,4.447481e-19
2.532767e+01,1.737682e-17,4.533070e-17,4.533070e-19
2.533034e+01,1.758382e-17,4.712749e-17,4.712749e-19
2.533302e+01,1.754084e-17,4.792576e-17,4.792576e-19
2.533569e+01,1.736288e-17,4.754965e-17,4.754965e-19
2.533836e+01,1.740257e-17,4.763840e-17,4.763840e-19
2.534104e+01,1.760501e-17,4.787240e-17,4.787240e-19
2.534371e+01,1.732717e-17,4.788863e-17,4.788863e-19
2.534638e+01,1.770867e-17,4.928910e-17,4.928910e-19
2.534906e+01,1.766319e-17,5.174583e-17,5.174583e-19
2.535173e+01,1.753474e-17,5.322782e-17,5.322782e-19
2.535440e+01,1.750142e-17,5.349710e-17,5.349710e-19
2.535708e+01,1.796956e-17,5.400529e-17,5.400529e-19
2.535975e+01,1.786190e-17,5.508301e-17,5.508301e-19
2.536242e+01,1.758145e-17,5.580914e-17,5.580914e-19
2.536510e+01,1.791568e-17,5.618970e-17,5.618970e-19
2.536777e+01,1.765529e-17,5.591548e-17,5.591548e-19
2.537044e+01,1.775969e-17,5.578956e-17,5.578956e-19
2.537312e+01,1.742463e-17,5.660328e-17,5.660328e-19
2.537579e+01,1.768102e-17,5.700860e-17,5.700860e-19
2.537846e+01,1.788495e-17,5.627231e-17,5.627231e-19
2.538114e+01,1.774243e-17,5.679401e-17,5.679401e-19
2.538381e+01,1.770727e-17,5.837330e-17,5.837330e-19
2.538648e+01,1.775545e-17,5.989157e-17,5.989157e-19
2.538916e+01,1.749972e-17,6.023148e-17,6.023148e-19
2.539183e+01,1.769568e-17,6.068159e-17,6.068159e-19
2.539450e+01,1.768616e-17,6.180424e-17,6.180424e-19
2.539718e+01,1.802336e-17,6.199324e-17,6.199324e-19
2.539985e+01,1.759561e-17,6.138517e-17,6.138517e-19
2.540252e+01,1.777993e-17,6.174559e-17,6.174559e-19
2.540520e+01,1.792451e-17,6.218976e-17,6.218976e-19
2.540787e+01,1.770446e-17,6.233281e-17,6.233281e-19
2.541055e+01,1.781722e-17,6.197726e-17,6.197726e-19
2.541322e+01,1.812786e-17,6.110605e-17,6.110605e-19
2.541589e+01,1.776183e-17,6.039322e-17,6.039322e-19
2.541857e+01,1.764435e-17,5.996715e-17,5.996715e-19
2.542124e+01,1.783009e-17,5.898527e-17,5.898527e-19
2.542391e+01,1.749708e-17,5.749754e-17,5.749754e-19
2.542659e+01,1.779443e-17,5.654674e-17,5.654674e-19
2.542926e+01,1.751340e-17,5.565852e-17,5.565852e-19
2.543193e+01,1.764493e-17,5.512988e-17,5.512988e-19
2.543461e+01,1.776408e-17,5.429239e-17,5.429239e-19
2.543728e+01,1.725159e-17,5.273853e-17,5.273853e-19
2.543995e+01,1.739595e-17,5.154440e-17,5.154440e-19
2.544263e+01,1.720592e-17,5.103086e-17,5.103086e-19
2.544530e+01,1.721120e-17,5.127414e-17,5.127414e-19
2.544797e+01,1.712729e-17,5.117364e-17,5.117364e-19
2.545065e+01,1.728877e-17,5.063812e-17,5.063812e-19
2.545332e+01,1.726594e-17,5.016958e-17,5.016958e-19
2.545599e+01,1.721178e-17,4.893416e-17,4.893416e-19
2.545867e+01,1.690512e-17,4.738433e-17,4.738433e-19
2.546134e+01,1.737071e-17,4.722662e-17,4.722662e-19
2.546401e+01,1.725722e-17,4.737894e-17,4.737894e-19
2.546669e+01,1.721478e-17,4.768538e-17,4.768538e-19
2.546936e+01,1.724758e-17,4.824367e-17,4.824367e-19
2.547203e+01,1.744308e-17,4.870407e-17,4.870407e-19
2.547471e+01,1.727065e-17,4.857122e-17,4.857122e-19
2.547738e+01,1.720595e-17,4.905795e-17,4.905795e-19
2.548005e+01,1.701369e-17,4.964363e-17,4.964363e-19
2.548273e+01,1.714183e-17,5.020131e-17,5.020131e-19
2.548540e+01,1.727769e-17,5.102146e-17,5.102146e-19
2.548807e+01,1.729560e-17,5.205186e-17,5.205186e-19
2.549075e+01,1.742828e-17,5.233529e-17,5.233529e-19
2.549342e+01,1.725283e-17,5.223525e-17,5.223525e-19
2.549609e+01,1.740925e-17,5.200507e-17,5.200507e-19
2.549877e+01,1.716720e-17,5.133920e-17,5.133920e-19
2.550144e+01,1.708711e-17,5.112630e-17,5.112630e-19
2.550411e+01,1.702504e-17,5.126428e-17,5.126428e-19
2.550679e+01,1.706328e-17,5.075658e-17,5.075658e-19
2.550946e+01,1.689625e-17,4.996469e-17,4.996469e-19
2.551213e+01,1.730731e-17,4.936856e-17,4.936856e-19
2.551481e+01,1.719565e-17,4.787784e-17,4.787784e-19
2.551748e+01,1.738384e-17,4.673308e-17,4.673308e-19
2.552015e+01,1.733535e-17,4.622792e-17,4.622792e-19
2.552283e+01,1.720321e-17,4.600518e-17,4.600518e-19
2.552550e+01,1.707979e-17,4.493256e-17,4.493256e-19
2.552817e+01,1.718246e-17,4.404289e-17,4.404289e-19
2.553085e+01,1.687157e-17,4.405737e-17,4.405737e-19
2.553352e+01,1.702254e-17,4.450241e-17,4.450241e-19
2.553619e+01,1.715502e-17,4.385626e-17,4.385626e-19
2.553887e+01,1.714743e-17,4.306168e-17,4.306168e-19
2.554154e+01,1.694563e-17,4.284593e-17,4.284593e-19
2.554421e+01,1.705896e-17,4.363834e-17,4.363834e-19
2.554689e+01,1.713897e-17,4.408341e-17,4.408341e-19
2.554956e+01,1.704845e-17,4.368065e-17,4.368065e-19
2.555223e+01,1.689002e-17,4.255686e-17,4.255686e-19
2.555491e+01,1.671060e-17,4.185023e-17,4.185023e-19
2.555758e+01,1.701055e-17,4.161825e-17,4.161825e-19
2.556025e+01,1.679473e-17,4.187451e-17,4.187451e-19
2.556293e+01,1.690784e-17,4.286265e-17,4.286265e-19
2.556560e+01,1.659673e-17,4.315660e-17,4.315660e-19
2.556827e+01,1.691921e-17,4.271782e-17,4.271782e-19
2.557095e+01,1.684247e-17,4.168884e-17,4.168884e-19
2.557362e+01,1.670430e-17,4.145545e-17,4.145545e-19
2.557630e+01,1.699380e-17,4.238862e-17,4.238862e-19
2.557897e+01,1.704991e-17,4.231851e-17,4.231851e-19
2.558164e+01,1.695343e-17,4.175344e-17,4.175344e-19
2.558432e+01,1.683069e-17,4.170974e-17,4.170974e-19
2.558699e+01,1.682694e-17,4.183354e-17,4.183354e-19
2.558966e+01,1.675086e-17,4.179577e-17,4.179577e-19
2.559234e+01,1.692272e-17,4.132367e-17,4.132367e-19
2.559501e+01,1.676917e-17,4.085686e-17,4.085686e-19
2.559768e+01,1.661236e-17,4.073821e-17,4.073821e-19
2.560036e+01,1.666612e-17,4.115312e-17,4.115312e-19
2.560303e+01,1.678356e-17,4.129430e-17,4.129430e-19
2.560570e+01,1.690450e-17,4.161414e-17,4.161414e-19
2.560838e+01,1.694962e-17,4.205003e-17,4.205003e-19
2.561105e+01,1.676555e-17,4.288531e-17,4.288531e-19
2.561372e+01,1.682403e-17,4.418173e-17,4.418173e-19
2.561640e+01,1.697645e-17,4.571343e-17,4.571343e-19
2.561907e+01,1.688454e-17,4.631029e-17,4.631029e-19
2.562174e+01,1.721015e-17,4.641992e-17,4.641992e-19
2.562442e+01,1.694411e-17,4.701937e-17,4.701937e-19
2.562709e+01,1.708742e-17,4.905219e-17,4.905219e-19
2.562976e+01,1.694639e-17,5.058225e-17,5.058225e-19
2.563244e+01,1.672485e-17,5.109912e-17,5.109912e-19
2.563511e+01,1.688666e-17,5.156796e-17,5.156796e-19
2.563778e+01,1.678903e-17,5.229242e-17,5.229242e-19
2.564046e+01,1.684768e-17,5.397751e-17,5.397751e-19
2.564313e+01,1.692465e-17,5.550874e-17,5.550874e-19
2.564580e+01,1.696063e-17,5.661446e-17,5.661446e-19
2.564848e+01,1.704004e-17,5.799741e-17,5.799741e-19
2.565115e+01,1.711328e-17,5.926419e-17,5.926419e-19
2.565382e+01,1.676626e-17,6.011425e-17,6.011425e-19
2.565650e+01,1.693292e-17,6.110367e-17,6.110367e-19
2.565917e+01,1.714316e-17,6.284790e-17,6.284790e-19
2.566184e+01,1.694656e-17,6.388330e-17,6.388330e-19
2.566452e+01,1.717761e-17,6.368721e-17,6.368721e-19
2.566719e+01,1.700909e-17,6.331225e-17,6.331225e-19
2.566986e+01,1.712724e-17,6.506939e-17,6.506939e-19
2.567254e+01,1.763064e-17,6.736475e-17,6.736475e-19
2.567521e+01,1.742938e-17,6.800136e-17,6.800136e-19
2.567788e+01,1.730635e-17,6.760535e-17,6.760535e-19
2.568056e+01,1.767183e-17,6.831085e-17,6.831085e-19
2.568323e+01,1.763495e-17,7.020529e-17,7.020529e-19
2.568590e+01,1.764651e-17,7.164153e-17,7.164153e-19
2.568858e+01,1.775206e-17,7.146904e-17,7.146904e-19
2.569125e+01,1.756442e-17,7.041844e-17,7.041844e-19
2.569392e+01,1.762221e-17,7.018015e-17,7.018015e-19
2.569660e+01,1.752757e-17,7.056079e-17,7.056079e-19
2.569927e+01,1.785499e-17,7.044716e-17,7.044716e-19
2.570194e+01,1.764048e-17,6.923762e-17,6.923762e-19
2.570462e+01,1.750332e-17,6.797206e-17,6.797206e-19
2.570729e+01,1.758929e-17,6.792928e-17,6.792928e-19
2.570996e+01,1.753087e-17,6.811095e-17,6.811095e-19
2.571264e+01,1.747564e-17,6.691498e-17,6.691498e-19
2.571531e+01,1.741220e-17,6.524341e-17,6.524341e-19
2.571798e+01,1.749637e-17,6.431873e-17,6.431873e-19
2.572066e+01,1.745111e-17,6.392156e-17,6.392156e-19
2.572333e+01,1.725287e-17,6.372199e-17,6.372199e-19
2.572600e+01,1.722901e-17,6.384599e-17,6.384599e-19
2.572868e+01,1.762791e-17,6.409172e-17,6.409172e-19
2.573135e+01,1.730323e-17,6.375058e-17,6.375058e-19
2.573402e+01,1.715628e-17,6.306465e-17,6.306465e-19
2.573670e+01,1.745978e-17,6.216369e-17,6.216369e-19
2.573937e+01,1.739606e-17,6.132417e-17,6.132417e-19
2.574205e+01,1.764382e-17,6.103713e-17,6.103713e-19
2.574472e+01,1.734468e-17,5.955721e-17,5.955721e-19
2.574739e+01,1.733738e-17,5.818889e-17,5.818889e-19
2.575007e+01,1.735972e-17,5.874754e-17,5.874754e-19
2.575274e+01,1.755182e-17,5.953901e-17,5.953901e-19
2.575541e+01,1.734373e-17,5.853005e-17,5.853005e-19
2.575809e+01,1.756279e-17,5.736485e-17,5.736485e-19
2.576076e+01,1.769143e-17,5.737096e-17,5.737096e-19
2.576343e+01,1.765129e-17,5.731691e-17,5.731691e-19
2.576611e+01,1.764992e-17,5.711127e-17,5.711127e-19
2.576878e+01,1.757990e-17,5.670834e-17,5.670834e-19
2.577145e+01,1.754765e-17,5.626626e-17,5.626626e-19
2.577413e+01,1.750663e-17,5.588550e-17,5.588550e-19
2.577680e+01,1.748059e-17,5.526384e-17,5.526384e-19
2.577947e+01,1.730575e-17,5.425812e-17,5.425812e-19
2.578215e+01,1.706153e-17,5.307443e-17,5.307443e-19
2.578482e+01,1.747113e-17,5.197004e-17,5.197004e-19
2.578749e+01,1.718376e-17,5.057429e-17,5.057429e-19
2.579017e+01,1.700548e-17,4.965484e-17,4.965484e-19
2.579284e+01,1.682230e-17,4.890036e-17,4.890036e-19
2.579551e+01,1.725323e-17,4.825742e-17,4.825742e-19
2.579819e+01,1.738737e-17,4.770366e-17,4.770366e-19
2.580086e+01,1.706170e-17,4.736978e-17,4.736978e-19
2.580353e+01,1.724496e-17,4.758962e-17,4.758962e-19
2.580621e+01,1.718150e-17,4.816938e-17,4.816938e-19
2.580888e+01,1.726757e-17,4.825625e-17,4.825625e-19
2.581155e+01,1.688270e-17,4.764777e-17,4.764777e-19
2.581423e+01,1.713757e-17,4.735040e-17,4.735040e-19
2.581690e+01,1.690889e-17,4.639954e-17,4.639954e-19
2.581957e+01,1.702897e-17,4.560100e-17,4.560100e-19
2.582225e+01,1.703060e-17,4.511992e-17,4.511992e-19
2.582492e+01,1.720978e-17,4.506956e-17,4.506956e-19
2.582759e+01,1.716898e-17,4.463650e-17,4.463650e-19
2.583027e+01,1.719050e-17,4.441982e-17,4.441982e-19
2.583294e+01,1.701228e-17,4.384455e-17,4.384455e-19
2.583561e+01,1.693709e-17,4.298484e-17,4.298484e-19
2.583829e+01,1.697693e-17,4.246967e-17,4.246967e-19
2.584096e+01,1.670716e-17,4.233723e-17,4.233723e-19
2.584363e+01,1.693771e-17,4.255700e-17,4.255700e-19
2.584631e+01,1.697264e-17,4.274561e-17,4.274561e-19
2.584898e+01,1.682691e-17,4.207880e-17,4.207880e-19
2.585165e+01,1.676791e-17,4.091914e-17,4.091914e-19
2.585433e+01,1.684295e-17,4.005924e-17,4.005924e-19
2.585700e+01,1.708974e-17,3.932086e-17,3.932086e-19
2.585967e+01,1.671120e-17,3.857398e-17,3.857398e-19
2.586235e+01,1.672636e-17,3.854298e-17,3.854298e-19
2.586502e+01,1.655258e-17,3.823252e-17,3.823252e-19
2.586769e+01,1.671876e-17,3.890188e-17,3.890188e-19
2.587037e+01,1.676860e-17,3.929861e-17,3.929861e-19
2.587304e+01,1.694860e-17,3.870451e-17,3.870451e-19
2.587571e+01,1.652250e-17,3.738771e-17,3.738771e-19
2.587839e+01,1.660401e-17,3.688115e-17,3.688115e-19
2.588106e+01,1.680791e-17,3.713638e-17,3.713638e-19
2.588373e+01,1.662935e-17,3.711388e-17,3.711388e-19
2.588641e+01,1.665030e-17,3.712085e-17,3.712085e-19
2.588908e+01,1.657140e-17,3.772139e-17,3.772139e-19
2.589175e+01,1.658961e-17,3.869694e-17,3.869694e-19
2.589443e+01,1.676141e-17,3.940650e-17,3.940650e-19
2.589710e+01,1.658990e-17,3.947067e-17,3.947067e-19
2.589978e+01,1.669228e-17,3.933697e-17,3.933697e-19
2.590245e+01,1.668113e-17,3.970094e-17,3.970094e-19
2.590512e+01,1.680466e-17,4.010039e-17,4.010039e-19
2.590780e+01,1.663995e-17,4.059615e-17,4.059615e-19
2.591047e+01,1.693231e-17,4.148358e-17,4.148358e-19
2.591314e+01,1.671681e-17,4.158048e-17,4.158048e-19
2.591582e+01,1.684382e-17,4.221275e-17,4.221275e-19
2.591849e+01,1.683973e-17,4.336936e-17,4.336936e-19
2.592116e+01,1.678261e-17,4.449112e-17,4.449112e-19
2.592384e+01,1.696377e-17,4.524725e-17,4.524725e-19
2.592651e+01,1.680131e-17,4.574228e-17,4.574228e-19
2.592918e+01,1.705696e-17,4.562377e-17,4.562377e-19
2.593186e+01,1.721826e-17,4.516130e-17,4.516130e-19
2.593453e+01,1.654040e-17,4.531321e-17,4.531321e-19
2.593720e+01,1.650874e-17,4.676305e-17,4.676305e-19
2.593988e+01,1.695397e-17,4.807558e-17,4.807558e-19
2.594255e+01,1.698194e-17,4.901732e-17,4.901732e-19
2.594522e+01,1.720348e-17,5.041151e-17,5.041151e-19
2.594790e+01,1.680977e-17,5.103358e-17,5.103358e-19
2.595057e+01,1.722829e-17,5.112706e-17,5.112706e-19
2.595324e+01,1.678721e-17,5.133772e-17,5.133772e-19
2.595592e+01,1.709989e-17,5.289141e-17,5.289141e-19
2.595859e+01,1.734936e-17,5.482724e-17,5.482724e-19
2.596126e+01,1.749717e-17,5.626154e-17,5.626154e-19
2.596394e+01,1.720049e-17,5.656984e-17,5.656984e-19
2.596661e+01,1.728497e-17,5.659519e-17,5.659519e-19
2.596928e+01,1.712093e-17,5.639717e-17,5.639717e-19
2.597196e+01,1.703001e-17,5.617344e-17,5.617344e-19
2.597463e+01,1.725013e-17,5.611477e-17,5.611477e-19
2.597730e+01,1.680985e-17,5.531509e-17,5.531509e-19
2.597998e+01,1.713797e-17,5.404767e-17,5.404767e-19
2.598265e+01,1.706296e-17,5.239011e-17,5.239011e-19
2.598532e+01,1.701662e-17,5.128060e-17,5.128060e-19
2.598800e+01,1.700974e-17,5.028164e-17,5.028164e-19
2.599067e+01,1.690587e-17,4.893834e-17,4.893834e-19
2.599334e+01,1.712212e-17,4.747544e-17,4.747544e-19
2.599602e+01,1.677712e-17,4.591699e-17,4.591699e-19
2.599869e+01,1.665840e-17,4.450770e-17,4.450770e-19
2.600136e+01,1.694813e-17,4.387533e-17,4.387533e-19
2.600404e+01,1.681903e-17,4.295493e-17,4.295493e-19
2.600671e+01,1.663930e-17,4.186290e-17,4.186290e-19
2.600938e+01,1.686028e-17,4.138435e-17,4.138435e-19
2.601206e+01,1.669443e-17,4.081306e-17,4.081306e-19
2.601473e+01,1.683946e-17,4.086516e-17,4.086516e-19
2.601740e+01,1.670599e-17,4.057264e-17,4.057264e-19
2.602008e+01,1.672393e-17,3.996139e-17,3.996139e-19
2.602275e+01,1.654178e-17,3.950380e-17,3.950380e-19
2.602542e+01,1.690205e-17,3.978194e-17,3.978194e-19
2.602810e+01,1.668864e-17,3.937100e-17,3.937100e-19
2.603077e+01,1.676899e-17,3.935675e-17,3.935675e-19
2.603344e+01,1.689711e-17,3.978320e-17,3.978320e-19
2.603612e+01,1.666797e-17,3.940832e-17,3.940832e-19
2.603879e+01,1.677033e-17,3.930788e-17,3.930788e-19
2.604146e+01,1.667211e-17,3.925734e-17,3.925734e-19
2.604414e+01,1.690884e-17,4.004933e-17,4.004933e-19
2.604681e+01,1.680525e-17,4.059578e-17,4.059578e-19
2.604948e+01,1.689713e-17,4.034362e-17,4.034362e-19
2.605216e+01,1.701295e-17,4.058061e-17,4.058061e-19
2.605483e+01,1.667443e-17,4.050554e-17,4.050554e-19
2.605750e+01,1.710733e-17,3.973147e-17,3.973147e-19
2.606018e+01,1.700767e-17,3.915128e-17,3.915128e-19
2.606285e+01,1.738647e-17,3.955411e-17,3.955411e-19
2.606553e+01,1.703255e-17,3.966711e-17,3.966711e-19
2.606820e+01,1.675428e-17,3.962088e-17,3.962088e-19
2.607087e+01,1.707205e-17,4.021232e-17,4.021232e-19
2.607355e+01,1.671476e-17,4.040598e-17,4.040598e-19
2.607622e+01,1.679631e-17,4.067047e-17,4.067047e-19
2.607889e+01,1.695674e-17,4.012108e-17,4.012108e-19
2.608157e+01,1.699440e-17,3.897587e-17,3.897587e-19
2.608424e+01,1.659006e-17,3.841436e-17,3.841436e-19
2.608691e+01,1.671139e-17,3.920531e-17,3.920531e-19
2.608959e+01,1.665677e-17,3.945437e-17,3.945437e-19
2.609226e+01,1.646976e-17,3.868778e-17,3.868778e-19
2.609493e+01,1.658275e-17,3.811776e-17,3.811776e-19
2.609761e+01,1.644964e-17,3.800591e-17,3.800591e-19
2.610028e+01,1.683840e-17,3.830174e-17,3.830174e-19
2.610295e+01,1.670533e-17,3.904494e-17,3.904494e-19
2.610563e+01,1.682981e-17,3.938790e-17,3.938790e-19
2.610830e+01,1.676082e-17,3.890195e-17,3.890195e-19
2.611097e+01,1.625823e-17,3.840813e-17,3.840813e-19
2.611365e+01,1.676882e-17,3.887207e-17,3.887207e-19
2.611632e+01,1.639069e-17,3.872869e-17,3.872869e-19
2.611899e+01,1.691112e-17,3.843335e-17,3.843335e-19
2.612167e+01,1.691673e-17,3.817221e-17,3.817221e-19
2.612434e+01,1.659947e-17,3.779603e-17,3.779603e-19
2.612701e+01,1.663356e-17,3.750282e-17,3.750282e-19
2.612969e+01,1.666095e-17,3.731215e-17,3.731215e-19
2.613236e+01,1.665167e-17,3.714691e-17,3.714691e-19
2.613503e+01,1.637085e-17,3.713657e-17,3.713657e-19
2.613771e+01,1.635573e-17,3.739392e-17,3.739392e-19
2.614038e+01,1.672826e-17,3.789844e-17,3.789844e-19
2.614305e+01,1.654104e-17,3.742033e-17,3.742033e-19
2.614573e+01,1.653060e-17,3.690469e-17,3.690469e-19
2.614840e+01,1.650534e-17,3.733401e-17,3.733401e-19
2.615107e+01,1.670343e-17,3.765292e-17,3.765292e-19
2.615375e+01,1.664912e-17,3.710489e-17,3.710489e-19
2.615642e+01,1.639976e-17,3.730218e-17,3.730218e-19
2.615909e+01,1.712954e-17,3.803106e-17,3.803106e-19
2.616177e+01,1.655364e-17,3.829259e-17,3.829259e-19
2.616444e+01,1.651519e-17,3.910515e-17,3.910515e-19
2.616711e+01,1.687865e-17,3.993466e-17,3.993466e-19
2.616979e+01,1.638081e-17,3.956917e-17,3.956917e-19
2.617246e+01,1.681490e-17,3.923189e-17,3.923189e-19
2.617513e+01,1.671871e-17,3.920734e-17,3.920734e-19
2.617781e+01,1.660640e-17,3.953222e-17,3.953222e-19
2.618048e+01,1.651632e-17,3.917759e-17,3.917759e-19
2.618315e+01,1.648724e-17,3.874974e-17,3.874974e-19
2.618583e+01,1.672640e-17,3.909114e-17,3.909114e-19
2.618850e+01,1.698788e-17,3.988559e-17,3.988559e-19
2.619117e+01,1.668648e-17,4.000426e-17,4.000426e-19
2.619385e+01,1.639634e-17,3.930501e-17,3.930501e-19
2.619652e+01,1.666034e-17,3.797152e-17,3.797152e-19
2.619919e+01,1.665439e-17,3.802150e-17,3.802150e-19
2.620187e+01,1.681767e-17,3.941381e-17,3.941381e-19
2.620454e+01,1.677735e-17,3.951144e-17,3.951144e-19
2.620721e+01,1.679069e-17,3.862231e-17,3.862231e-19
2.620989e+01,1.661944e-17,3.903723e-17,3.903723e-19
2.621256e+01,1.668484e-17,4.006682e-17,4.006682e-19
2.621523e+01,1.678344e-17,4.071666e-17,4.071666e-19
2.621791e+01,1.680114e-17,4.113668e-17,4.113668e-19
2.622058e+01,1.712411e-17,4.168732e-17,4.168732e-19
2.622325e+01,1.690257e-17,4.268217e-17,4.268217e-19
2.622593e+01,1.689431e-17,4.461551e-17,4.461551e-19
2.622860e+01,1.700679e-17,4.552826e-17,4.552826e-19
2.623128e+01,1.690081e-17,4.649133e-17,4.649133e-19
2.623395e+01,1.728285e-17,4.888165e-17,4.888165e-19
2.623662e+01,1.717118e-17,5.207835e-17,5.207835e-19
2.623930e+01,1.706144e-17,5.420700e-17,5.420700e-19
2.624197e+01,1.718613e-17,5.556315e-17,5.556315e-19
2.624464e+01,1.708398e-17,5.657202e-17,5.657202e-19
2.624732e+01,1.702876e-17,5.692028e-17,5.692028e-19
2.624999e+01,1.740463e-17,5.711999e-17,5.711999e-19
2.625266e+01,1.739014e-17,5.794140e-17,5.794140e-19
2.625534e+01,1.737468e-17,5.884736e-17,5.884736e-19
2.625801e+01,1.736265e-17,5.871232e-17,5.871232e-19
2.626068e+01,1.720959e-17,5.762026e-17,5.762026e-19
2.626336e+01,1.723493e-17,5.609926e-17,5.609926e-19
2.626603e+01,1.731604e-17,5.439020e-17,5.439020e-19
2.626870e+01,1.722859e-17,5.279997e-17,5.279997e-19
2.627138e+01,1.722737e-17,5.122526e-17,5.122526e-19
2.627405e+01,1.737879e-17,4.995581e-17,4.995581e-19
2.627672e+01,1.735941e-17,4.908356e-17,4.908356e-19
2.627940e+01,1.716755e-17,4.787356e-17,4.787356e-19
2.628207e+01,1.712859e-17,4.663172e-17,4.663172e-19
2.628474e+01,1.702569e-17,4.609930e-17,4.609930e-19
2.628742e+01,1.665748e-17,4.563311e-17,4.563311e-19
2.629009e+01,1.691361e-17,4.505327e-17,4.505327e-19
2.629276e+01,1.701062e-17,4.486968e-17,4.486968e-19
2.629544e+01,1.712811e-17,4.479747e-17,4.479747e-19
2.629811e+01,1.692146e-17,4.426657e-17,4.426657e-19
2.630078e+01,1.687685e-17,4.376934e-17,4.376934e-19
2.630346e+01,1.682733e-17,4.358553e-17,4.358553e-19
2.630613e+01,1.718102e-17,4.341527e-17,4.341527e-19
2.630880e+01,1.671504e-17,4.215407e-17,4.215407e-19
2.631148e+01,1.703160e-17,4.101833e-17,4.101833e-19
2.631415e+01,1.675552e-17,4.094834e-17,4.094834e-19
2.631682e+01,1.699267e-17,4.162680e-17,4.162680e-19
2.631950e+01,1.697956e-17,4.281605e-17,4.281605e-19
2.632217e+01,1.680575e-17,4.400029e-17,4.400029e-19
2.632484e+01,1.693661e-17,4.454701e-17,4.454701e-19
2.632752e+01,1.661510e-17,4.496371e-17,4.496371e-19
2.633019e+01,1.656429e-17,4.646994e-17,4.646994e-19
2.633286e+01,1.660496e-17,4.768992e-17,4.768992e-19
2.633554e+01,1.677684e-17,4.798639e-17,4.798639e-19
2.633821e+01,1.695647e-17,4.827839e-17,4.827839e-19
2.634088e+01,1.685890e-17,4.918139e-17,4.918139e-19
2.634356e+01,1.678150e-17,5.022763e-17,5.022763e-19
2.634623e+01,1.674745e-17,5.108438e-17,5.108438e-19
2.634890e+01,1.678475e-17,5.183666e-17,5.183666e-19
2.635158e+01,1.663858e-17,5.272593e-17,5.272593e-19
2.635425e+01,1.698388e-17,5.353990e-17,5.353990e-19
2.635692e+01,1.663561e-17,5.356253e-17,5.356253e-19
2.635960e+01,1.693422e-17,5.405741e-17,5.405741e-19
2.636227e+01,1.701639e-17,5.514236e-17,5.514236e-19
2.636494e+01,1.708235e-17,5.579181e-17,5.579181e-19
2.636762e+01,1.675823e-17,5.586234e-17,5.586234e-19
2.637029e+01,1.675630e-17,5.621974e-17,5.621974e-19
2.637296e+01,1.714914e-17,5.677506e-17,5.677506e-19
2.637564e+01,1.696026e-17,5.698256e-17,5.698256e-19
2.637831e+01,1.668933e-17,5.717188e-17,5.717188e-19
2.638098e+01,1.696240e-17,5.779757e-17,5.779757e-19
2.638366e+01,1.703507e-17,5.835214e-17,5.835214e-19
2.638633e+01,1.698184e-17,5.820540e-17,5.820540e-19
2.638900e+01,1.688003e-17,5.815744e-17,5.815744e-19
2.639168e+01,1.693816e-17,5.860291e-17,5.860291e-19
2.639435e+01,1.702920e-17,5.890653e-17,5.890653e-19
2.639703e+01,1.705793e-17,5.867960e-17,5.867960e-19
2.639970e+01,1.668728e-17,5.787144e-17,5.787144e-19
2.640237e+01,1.680021e-17,5.726233e-17,5.726233e-19
2.640505e+01,1.695943e-17,5.673519e-17,5.673519e-19
2.640772e+01,1.705610e-17,5.668879e-17,5.668879e-19
2.641039e+01,1.697967e-17,5.681763e-17,5.681763e-19
2.641307e+01,1.681985e-17,5.635297e-17,5.635297e-19
2.641574e+01,1.689190e-17,5.529525e-17,5.529525e-19
2.641841e+01,1.673054e-17,5.475084e-17,5.475084e-19
2.642109e+01,1.683684e-17,5.459568e-17,5.459568e-19
2.642376e+01,1.697263e-17,5.386529e-17,5.386529e-19
2.642643e+01,1.684485e-17,5.218719e-17,5.218719e-19
2.642911e+01,1.721814e-17,5.134131e-17,5.134131e-19
2.643178e+01,1.691943e-17,5.103146e-17,5.103146e-19
2.643445e+01,1.683066e-17,5.094821e-17,5.094821e-19
2.643713e+01,1.678546e-17,5.046241e-17,5.046241e-19
2.643980e+01,1.669225e-17,4.979508e-17,4.979508e-19
2.644247e+01,1.688332e-17,4.927406e-17,4.927406e-19
2.644515e+01,1.678002e-17,4.871130e-17,4.871130e-19
2.644782e+01,1.677966e-17,4.853816e-17,4.853816e-19
2.645049e+01,1.693576e-17,4.831437e-17,4.831437e-19
2.645317e+01,1.690568e-17,4.754910e-17,4.754910e-19
2.645584e+01,1.690609e-17,4.662313e-17,4.662313e-19
2.645851e+01,1.675855e-17,4.617438e-17,4.617438e-19
2.646119e+01,1.686812e-17,4.611486e-17,4.611486e-19
2.646386e+01,1.648667e-17,4.591027e-17,4.591027e-19
2.646653e+01,1.672052e-17,4.603640e-17,4.603640e-19
2.646921e+01,1.683871e-17,4.576893e-17,4.576893e-19
2.647188e+01,1.682124e-17,4.591909e-17,4.591909e-19
2.647455e+01,1.708845e-17,4.653382e-17,4.653382e-19
2.647723e+01,1.693677e-17,4.655758e-17,4.655758e-19
2.647990e+01,1.673462e-17,4.601895e-17,4.601895e-19
2.648257e+01,1.675755e-17,4.559580e-17,4.559580e-19
2.648525e+01,1.718625e-17,4.538451e-17,4.538451e-19
2.648792e+01,1.690709e-17,4.532896e-17,4.532896e-19
2.649059e+01,1.689805e-17,4.575797e-17,4.575797e-19
2.649327e+01,1.698856e-17,4.598386e-17,4.598386e-19
2.649594e+01,1.708254e-17,4.533175e-17,4.533175e-19
2.649861e+01,1.680729e-17,4.451397e-17,4.451397e-19
2.650129e+01,1.691406e-17,4.479089e-17,4.479089e-19
2.650396e+01,1.702777e-17,4.585720e-17,4.585720e-19
2.650663e+01,1.678727e-17,4.622226e-17,4.622226e-19
2.650931e+01,1.658192e-17,4.586998e-17,4.586998e-19
2.651198e+01,1.700718e-17,4.551524e-17,4.551524e-19
2.651465e+01,1.684530e-17,4.588810e-17,4.588810e-19
2.651733e+01,1.682036e-17,4.654995e-17,4.654995e-19
2.652000e+01,1.672923e-17,4.645678e-17,4.645678e-19
2.652267e+01,1.677184e-17,4.599527e-17,4.599527e-19
2.652535e+01,1.695504e-17,4.573924e-17,4.573924e-19
2.652802e+01,1.707199e-17,4.602155e-17,4.602155e-19
2.653069e+01,1.708418e-17,4.630829e-17,4.630829e-19
2.653337e+01,1.713530e-17,4.604018e-17,4.604018e-19
2.653604e+01,1.699401e-17,4.473776e-17,4.473776e-19
2.653871e+01,1.676962e-17,4.364458e-17,4.364458e-19
2.654139e+01,1.706597e-17,4.423798e-17,4.423798e-19
2.654406e+01,1.700343e-17,4.465943e-17,4.465943e-19
2.654673e+01,1.654296e-17,4.370244e-17,4.370244e-19
2.654941e+01,1.701586e-17,4.324111e-17,4.324111e-19
2.655208e+01,1.685904e-17,4.348220e-17,4.348220e-19
2.655475e+01,1.658457e-17,4.321425e-17,4.321425e-19
2.655743e+01,1.676345e-17,4.248851e-17,4.248851e-19
2.656010e+01,1.688300e-17,4.267745e-17,4.267745e-19
2.656278e+01,1.669443e-17,4.304184e-17,4.304184e-19
2.656545e+01,1.666998e-17,4.224259e-17,4.224259e-19
2.656812e+01,1.654304e-17,4.100471e-17,4.100471e-19
2.657080e+01,1.659575e-17,4.126718e-17,4.126718e-19
2.657347e+01,1.679001e-17,4.246301e-17,4.246301e-19
2.657614e+01,1.677778e-17,4.202699e-17,4.202699e-19
2.657882e+01,1.660880e-17,4.056128e-17,4.056128e-19
2.658149e+01,1.645759e-17,4.084255e-17,4.084255e-19
2.658416e+01,1.679394e-17,4.156157e-17,4.156157e-19
2.658684e+01,1.657571e-17,4.127361e-17,4.127361e-19
2.658951e+01,1.647386e-17,4.174420e-17,4.174420e-19
2.659218e+01,1.639950e-17,4.282781e-17,4.282781e-19
2.659486e+01,1.662208e-17,4.297704e-17,4.297704e-19
2.659753e+01,1.660258e-17,4.242045e-17,4.242045e-19
2.660020e+01,1.661487e-17,4.259425e-17,4.259425e-19
2.660288e+01,1.675795e-17,4.304232e-17,4.304232e-19
2.660555e+01,1.662436e-17,4.209546e-17,4.209546e-19
2.660822e+01,1.618604e-17,4.069025e-17,4.069025e-19
2.661090e+01,1.641511e-17,4.128688e-17,4.128688e-19
2.661357e+01,1.634720e-17,4.208559e-17,4.208559e-19
2.661624e+01,1.672051e-17,4.155284e-17,4.155284e-19
2.661892e+01,1.649651e-17,4.039529e-17,4.039529e-19
2.662159e+01,1.639340e-17,4.067636e-17,4.067636e-19
2.662426e+01,1.641849e-17,4.078757e-17,4.078757e-19
2.662694e+01,1.644750e-17,4.040905e-17,4.040905e-19
2.662961e+01,1.632259e-17,3.957574e-17,3.957574e-19
2.663228e+01,1.646618e-17,3.954650e-17,3.954650e-19
2.663496e+01,1.643574e-17,4.010006e-17,4.010006e-19
2.663763e+01,1.615250e-17,3.991762e-17,3.991762e-19
2.664030e+01,1.635699e-17,3.911650e-17,3.911650e-19
2.664298e+01,1.635843e-17,3.852148e-17,3.852148e-19
2.664565e+01,1.666078e-17,3.893775e-17,3.893775e-19
2.664832e+01,1.667295e-17,3.931241e-17,3.931241e-19
2.665100e+01,1.668408e-17,3.895143e-17,3.895143e-19
2.665367e+01,1.656549e-17,3.906882e-17,3.906882e-19
2.665634e+01,1.643451e-17,3.971752e-17,3.971752e-19
2.665902e+01,1.645765e-17,3.998313e-17,3.998313e-19
2.666169e+01,1.638873e-17,4.014286e-17,4.014286e-19
2.666436e+01,1.655771e-17,4.098262e-17,4.098262e-19
2.666704e+01,1.633299e-17,4.207430e-17,4.207430e-19
2.666971e+01,1.656471e-17,4.369162e-17,4.369162e-19
2.667238e+01,1.664100e-17,4.498009e-17,4.498009e-19
2.667506e+01,1.662806e-17,4.536063e-17,4.536063e-19
2.667773e+01,1.647010e-17,4.512928e-17,4.512928e-19
2.668040e+01,1.649346e-17,4.501766e-17,4.501766e-19
2.668308e+01,1.647301e-17,4.548911e-17,4.548911e-19
2.668575e+01,1.653608e-17,4.598244e-17,4.598244e-19
2.668842e+01,1.656374e-17,4.645287e-17,4.645287e-19
2.669110e+01,1.675405e-17,4.723403e-17,4.723403e-19
2.669377e+01,1.688308e-17,4.805070e-17,4.805070e-19
2.669644e+01,1.688492e-17,4.828765e-17,4.828765e-19
2.669912e+01,1.669060e-17,4.810106e-17,4.810106e-19
2.670179e+01,1.687182e-17,4.875472e-17,4.875472e-19
2.670446e+01,1.647444e-17,4.914521e-17,4.914521e-19
2.670714e+01,1.685285e-17,4.878782e-17,4.878782e-19
2.670981e+01,1.665146e-17,4.853012e-17,4.853012e-19
2.671248e+01,1.675030e-17,4.903151e-17,4.903151e-19
2.671516e+01,1.688253e-17,4.958312e-17,4.958312e-19
2.671783e+01,1.671663e-17,5.024996e-17,5.024996e-19
2.672050e+01,1.672418e-17,5.114791e-17,5.114791e-19
2.672318e+01,1.665557e-17,5.175700e-17,5.175700e-19
2.672585e+01,1.680938e-17,5.185617e-17,5.185617e-19
2.672853e+01,1.690947e-17,5.206269e-17,5.206269e-19
2.673120e+01,1.670726e-17,5.283591e-17,5.283591e-19
2.673387e+01,1.687814e-17,5.353766e-17,5.353766e-19
2.673655e+01,1.707586e-17,5.402334e-17,5.402334e-19
2.673922e+01,1.669581e-17,5.461069e-17,5.461069e-19
2.674189e+01,1.666928e-17,5.523629e-17,5.523629e-19
2.674457e+01,1.668406e-17,5.532902e-17,5.532902e-19
2.674724e+01,1.702583e-17,5.454565e-17,5.454565e-19
2.674991e+01,1.666310e-17,5.332353e-17,5.332353e-19
2.675259e+01,1.694271e-17,5.317750e-17,5.317750e-19
2.675526e+01,1.686062e-17,5.418696e-17,5.418696e-19
2.675793e+01,1.691370e-17,5.459131e-17,5.459131e-19
2.676061e+01,1.692196e-17,5.393985e-17,5.393985e-19
2.676328e+01,1.674753e-17,5.279789e-17,5.279789e-19
2.676595e+01,1.676226e-17,5.164061e-17,5.164061e-19
2.676863e+01,1.671665e-17,5.080118e-17,5.080118e-19
2.677130e+01,1.645433e-17,5.057404e-17,5.057404e-19
2.677397e+01,1.650136e-17,5.105579e-17,5.105579e-19
2.677665e+01,1.641611e-17,5.076734e-17,5.076734e-19
2.677932e+01,1.640766e-17,5.021206e-17,5.021206e-19
2.678199e+01,1.625049e-17,4.979870e-17,4.979870e-19
2.678467e+01,1.661086e-17,4.966930e-17,4.966930e-19
2.678734e+01,1.664553e-17,5.002592e-17,5.002592e-19
2.679001e+01,1.675110e-17,5.047063e-17,5.047063e-19
2.679269e+01,1.668696e-17,5.007612e-17,5.007612e-19
2.679536e+01,1.665978e-17,4.890124e-17,4.890124e-19
2.679803e+01,1.666974e-17,4.824867e-17,4.824867e-19
2.680071e+01,1.697700e-17,4.908086e-17,4.908086e-19
2.680338e+01,1.665578e-17,4.974907e-17,4.974907e-19
2.680605e+01,1.652087e-17,4.881683e-17,4.881683e-19
2.680873e+01,1.650862e-17,4.744443e-17,4.744443e-19
2.681140e+01,1.656650e-17,4.687834e-17,4.687834e-19
2.681407e+01,1.660886e-17,4.652742e-17,4.652742e-19
2.681675e+01,1.627118e-17,4.537164e-17,4.537164e-19
2.681942e+01,1.647864e-17,4.488503e-17,4.488503e-19
2.682209e+01,1.643141e-17,4.479892e-17,4.479892e-19
2.682477e+01,1.643511e-17,4.416037e-17,4.416037e-19
2.682744e+01,1.635375e-17,4.214646e-17,4.214646e-19
2.683011e+01,1.641732e-17,4.052369e-17,4.052369e-19
2.683279e+01,1.639478e-17,4.045637e-17,4.045637e-19
2.683546e+01,1.639308e-17,4.068895e-17,4.068895e-19
2.683813e+01,1.620565e-17,3.975486e-17,3.975486e-19
2.684081e+01,1.630660e-17,3.851297e-17,3.851297e-19
2.684348e+01,1.591411e-17,3.744684e-17,3.744684e-19
2.684615e+01,1.597888e-17,3.693655e-17,3.693655e-19
2.684883e+01,1.625857e-17,3.689920e-17,3.689920e-19
2.685150e+01,1.634637e-17,3.615527e-17,3.615527e-19
2.685417e+01,1.632117e-17,3.601718e-17,3.601718e-19
2.685685e+01,1.634702e-17,3.584013e-17,3.584013e-19
2.685952e+01,1.615006e-17,3.568529e-17,3.568529e-19
2.686219e+01,1.600775e-17,3.644315e-17,3.644315e-19
2.686487e+01,1.617727e-17,3.714948e-17,3.714948e-19
2.686754e+01,1.617573e-17,3.708239e-17,3.708239e-19
2.687021e+01,1.654243e-17,3.795354e-17,3.795354e-19
2.687289e+01,1.636251e-17,3.826727e-17,3.826727e-19
2.687556e+01,1.644734e-17,3.852637e-17,3.852637e-19
2.687823e+01,1.629764e-17,3.889392e-17,3.889392e-19
2.688091e+01,1.613186e-17,3.905153e-17,3.905153e-19
2.688358e+01,1.635693e-17,3.857468e-17,3.857468e-19
2.688625e+01,1.608310e-17,3.808367e-17,3.808367e-19
2.688893e+01,1.625719e-17,3.812814e-17,3.812814e-19
2.689160e+01,1.602336e-17,3.838489e-17,3.838489e-19
2.689428e+01,1.621880e-17,3.836035e-17,3.836035e-19
2.689695e+01,1.623566e-17,3.789030e-17,3.789030e-19
2.689962e+01,1.621928e-17,3.777128e-17,3.777128e-19
2.690230e+01,1.620311e-17,3.798406e-17,3.798406e-19
2.690497e+01,1.627825e-17,3.836819e-17,3.836819e-19
2.690764e+01,1.609836e-17,3.858825e-17,3.858825e-19
2.691032e+01,1.600404e-17,3.846691e-17,3.846691e-19
2.691299e+01,1.649000e-17,3.890615e-17,3.890615e-19
2.691566e+01,1.640634e-17,3.949062e-17,3.949062e-19
2.691834e+01,1.631694e-17,3.835210e-17,3.835210e-19
2.692101e+01,1.616092e-17,3.629607e-17,3.629607e-19
2.692368e+01,1.631051e-17,3.588796e-17,3.588796e-19
2.692636e+01,1.632173e-17,3.669241e-17,3.669241e-19
2.692903e+01,1.610110e-17,3.723717e-17,3.723717e-19
2.693170e+01,1.630869e-17,3.680921e-17,3.680921e-19
2.693438e+01,1.593801e-17,3.577244e-17,3.577244e-19
2.693705e+01,1.609758e-17,3.645243e-17,3.645243e-19
2.693972e+01,1.619143e-17,3.829573e-17,3.829573e-19
2.694240e+01,1.626122e-17,3.830120e-17,3.830120e-19
2.694507e+01,1.634133e-17,3.658127e-17,3.658127e-19
2.694774e+01,1.612263e-17,3.649452e-17,3.649452e-19
2.695042e+01,1.624500e-17,3.791896e-17,3.791896e-19
2.695309e+01,1.632361e-17,3.808808e-17,3.808808e-19
2.695576e+01,1.620830e-17,3.714936e-17,3.714936e-19
2.695844e+01,1.631739e-17,3.724719e-17,3.724719e-19
2.696111e+01,1.663814e-17,3.855097e-17,3.855097e-19
2.696378e+01,1.629971e-17,3.880071e-17,3.880071e-19
2.696646e+01,1.637041e-17,3.931713e-17,3.931713e-19
2.696913e+01,1.611285e-17,3.889260e-17,3.889260e-19
2.697180e+01,1.657690e-17,3.852903e-17,3.852903e-19
2.697448e+01,1.647585e-17,3.891875e-17,3.891875e-19
2.697715e+01,1.612986e-17,3.989543e-17,3.989543e-19
2.697982e+01,1.616425e-17,4.039129e-17,4.039129e-19
2.698250e+01,1.633130e-17,4.070250e-17,4.070250e-19
2.698517e+01,1.631726e-17,4.155978e-17,4.155978e-19
2.698784e+01,1.638422e-17,4.291068e-17,4.291068e-19
2.699052e+01,1.649397e-17,4.412853e-17,4.412853e-19
2.699319e+01,1.636000e-17,4.438293e-17,4.438293e-19
2.699586e+01,1.632725e-17,4.480396e-17,4.480396e-19
2.699854e+01,1.641127e-17,4.600010e-17,4.600010e-19
2.700121e+01,1.645956e-17,4.687448e-17,4.687448e-19
2.700388e+01,1.631374e-17,4.721991e-17,4.721991e-19
2.700656e+01,1.634513e-17,4.800576e-17,4.800576e-19
2.700923e+01,1.635957e-17,4.939060e-17,4.939060e-19
2.701190e+01,1.641006e-17,5.052132e-17,5.052132e-19
2.701458e+01,1.665678e-17,5.108826e-17,5.108826e-19
2.701725e+01,1.659423e-17,5.147350e-17,5.147350e-19
2.701992e+01,1.650586e-17,5.216719e-17,5.216719e-19
2.702260e+01,1.660639e-17,5.313195e-17,5.313195e-19
2.702527e+01,1.685474e-17,5.384433e-17,5.384433e-19
2.702794e+01,1.653425e-17,5.350872e-17,5.350872e-19
2.703062e+01,1.644957e-17,5.289527e-17,5.289527e-19
2.703329e+01,1.659214e-17,5.285004e-17,5.285004e-19
2.703596e+01,1.628165e-17,5.302557e-17,5.302557e-19
2.703864e+01,1.623782e-17,5.274454e-17,5.274454e-19
2.704131e+01,1.624711e-17,5.210046e-17,5.210046e-19
2.704398e+01,1.646747e-17,5.167157e-17,5.167157e-19
2.704666e+01,1.646182e-17,5.112784e-17,5.112784e-19
2.704933e+01,1.637811e-17,5.029617e-17,5.029617e-19
2.705200e+01,1.647047e-17,4.962690e-17,4.962690e-19
2.705468e+01,1.638531e-17,4.882474e-17,4.882474e-19
2.705735e+01,1.661706e-17,4.792968e-17,4.792968e-19
2.706003e+01,1.629001e-17,4.688872e-17,4.688872e-19
2.706270e+01,1.636844e-17,4.652966e-17,4.652966e-19
2.706537e+01,1.639644e-17,4.602185e-17,4.602185e-19
2.706805e+01,1.598968e-17,4.528014e-17,4.528014e-19
2.707072e+01,1.620604e-17,4.463641e-17,4.463641e-19
2.707339e+01,1.616494e-17,4.378331e-17,4.378331e-19
2.707607e+01,1.626531e-17,4.264815e-17,4.264815e-19
2.707874e+01,1.626983e-17,4.194152e-17,4.194152e-19
2.708141e+01,1.625826e-17,4.246912e-17,4.246912e-19
2.708409e+01,1.614041e-17,4.274894e-17,4.274894e-19
2.708676e+01,1.619701e-17,4.203414e-17,4.203414e-19
2.708943e+01,1.631939e-17,4.149812e-17,4.149812e-19
2.709211e+01,1.662283e-17,4.177562e-17,4.177562e-19
2.709478e+01,1.617248e-17,4.136954e-17,4.136954e-19
2.709745e+01,1.620192e-17,4.099193e-17,4.099193e-19
2.710013e+01,1.623841e-17,4.124626e-17,4.124626e-19
2.710280e+01,1.638132e-17,4.107881e-17,4.107881e-19
2.710547e+01,1.628906e-17,4.081014e-17,4.081014e-19
2.710815e+01,1.626054e-17,4.068430e-17,4.068430e-19
2.711082e+01,1.646583e-17,4.134481e-17,4.134481e-19
2.711349e+01,1.627047e-17,4.210724e-17,4.210724e-19
2.711617e+01,1.617708e-17,4.255240e-17,4.255240e-19
2.711884e+01,1.641865e-17,4.277658e-17,4.277658e-19
2.712151e+01,1.626063e-17,4.313527e-17,4.313527e-19
2.712419e+01,1.637366e-17,4.341238e-17,4.341238e-19
2.712686e+01,1.643448e-17,4.373555e-17,4.373555e-19
2.712953e+01,1.655980e-17,4.410340e-17,4.410340e-19
2.713221e+01,1.626332e-17,4.416737e-17,4.416737e-19
2.713488e+01,1.651754e-17,4.456640e-17,4.456640e-19
2.713755e+01,1.640689e-17,4.471215e-17,4.471215e-19
2.714023e+01,1.647472e-17,4.463489e-17,4.463489e-19
2.714290e+01,1.635633e-17,4.504386e-17,4.504386e-19
2.714557e+01,1.658907e-17,4.624230e-17,4.624230e-19
2.714825e+01,1.648934e-17,4.750436e-17,4.750436e-19
2.715092e+01,1.647193e-17,4.824083e-17,4.824083e-19
2.715359e+01,1.660729e-17,4.913856e-17,4.913856e-19
2.715627e+01,1.645272e-17,5.027796e-17,5.027796e-19
2.715894e+01,1.657669e-17,5.131454e-17,5.131454e-19
2.716161e+01,1.662286e-17,5.178277e-17,5.178277e-19
2.716429e+01,1.645825e-17,5.243276e-17,5.243276e-19
2.716696e+01,1.684174e-17,5.347494e-17,5.347494e-19
2.716963e+01,1.671274e-17,5.356707e-17,5.356707e-19
2.717231e+01,1.659088e-17,5.308480e-17,5.308480e-19
2.717498e+01,1.661441e-17,5.253307e-17,5.253307e-19
2.717765e+01,1.650962e-17,5.246906e-17,5.246906e-19
2.718033e+01,1.669719e-17,5.301087e-17,5.301087e-19
2.718300e+01,1.684895e-17,5.362506e-17,5.362506e-19
2.718567e+01,1.673783e-17,5.418388e-17,5.418388e-19
2.718835e+01,1.654618e-17,5.440192e-17,5.440192e-19
2.719102e+01,1.659321e-17,5.455207e-17,5.455207e-19
2.719369e+01,1.677122e-17,5.496935e-17,5.496935e-19
2.719637e+01,1.682384e-17,5.532498e-17,5.532498e-19
2.719904e+01,1.686826e-17,5.569987e-17,5.569987e-19
2.720171e+01,1.675289e-17,5.637387e-17,5.637387e-19
2.720439e+01,1.673190e-17,5.704083e-17,5.704083e-19
2.720706e+01,1.691789e-17,5.716170e-17,5.716170e-19
2.720973e+01,1.684747e-17,5.713190e-17,5.713190e-19
2.721241e+01,1.668435e-17,5.735800e-17,5.735800e-19
2.721508e+01,1.684530e-17,5.797661e-17,5.797661e-19
2.721775e+01,1.684871e-17,5.826419e-17,5.826419e-19
2.722043e+01,1.687074e-17,5.840197e-17,5.840197e-19
2.722310e+01,1.676831e-17,5.802019e-17,5.802019e-19
2.722578e+01,1.700212e-17,5.754518e-17,5.754518e-19
2.722845e+01,1.686449e-17,5.751584e-17,5.751584e-19
2.723112e+01,1.693845e-17,5.846608e-17,5.846608e-19
2.723380e+01,1.716031e-17,5.924234e-17,5.924234e-19
2.723647e+01,1.731675e-17,5.942482e-17,5.942482e-19
2.723914e+01,1.702518e-17,5.949250e-17,5.949250e-19
2.724182e+01,1.690956e-17,5.907832e-17,5.907832e-19
2.724449e+01,1.705670e-17,5.885796e-17,5.885796e-19
2.724716e+01,1.688120e-17,5.871720e-17,5.871720e-19
2.724984e+01,1.722906e-17,5.798230e-17,5.798230e-19
2.725251e+01,1.690908e-17,5.669280e-17,5.669280e-19
2.725518e+01,1.687948e-17,5.588989e-17,5.588989e-19
2.725786e+01,1.703765e-17,5.512660e-17,5.512660e-19
2.726053e+01,1.674592e-17,5.389133e-17,5.389133e-19
2.726320e+01,1.663369e-17,5.269289e-17,5.269289e-19
2.726588e+01,1.695983e-17,5.215170e-17,5.215170e-19
2.726855e+01,1.679388e-17,5.152206e-17,5.152206e-19
2.727122e+01,1.656218e-17,5.098519e-17,5.098519e-19
2.727390e+01,1.661688e-17,5.073718e-17,5.073718e-19
2.727657e+01,1.645249e-17,5.077571e-17,5.077571e-19
2.727924e+01,1.658831e-17,5.061433e-17,5.061433e-19
2.728192e+01,1.689669e-17,4.979883e-17,4.979883e-19
2.728459e+01,1.675097e-17,4.922702e-17,4.922702e-19
2.728726e+01,1.679203e-17,5.000981e-17,5.000981e-19
2.728994e+01,1.684469e-17,5.107269e-17,5.107269e-19
2.729261e+01,1.670147e-17,5.097526e-17,5.097526e-19
2.729528e+01,1.649253e-17,5.011636e-17,5.011636e-19
2.729796e+01,1.680566e-17,4.991835e-17,4.991835e-19
2.730063e+01,1.664020e-17,5.081025e-17,5.081025e-19
2.730330e+01,1.691449e-17,5.217588e-17,5.217588e-19
2.730598e+01,1.630745e-17,5.276673e-17,5.276673e-19
2.730865e+01,1.652961e-17,5.321549e-17,5.321549e-19
2.731132e+01,1.671377e-17,5.343096e-17,5.343096e-19
2.731400e+01,1.686549e-17,5.375439e-17,5.375439e-19
2.731667e+01,1.692347e-17,5.435629e-17,5.435629e-19
2.731934e+01,1.690410e-17,5.513687e-17,5.513687e-19
2.732202e+01,1.680188e-17,5.550575e-17,5.550575e-19
2.732469e+01,1.662947e-17,5.575208e-17,5.575208e-19
2.732736e+01,1.699330e-17,5.638217e-17,5.638217e-19
2.733004e+01,1.673846e-17,5.684290e-17,5.684290e-19
2.733271e+01,1.681093e-17,5.684428e-17,5.684428e-19
2.733538e+01,1.686704e-17,5.684923e-17,5.684923e-19
2.733806e+01,1.676553e-17,5.749384e-17,5.749384e-19
2.734073e+01,1.698650e-17,5.841034e-17,5.841034e-19
2.734340e+01,1.685740e-17,5.828626e-17,5.828626e-19
2.734608e+01,1.705823e-17,5.764153e-17,5.764153e-19
2.734875e+01,1.679810e-17,5.685227e-17,5.685227e-19
2.735142e+01,1.688627e-17,5.658153e-17,5.658153e-19
2.735410e+01,1.700690e-17,5.650753e-17,5.650753e-19
2.735677e+01,1.689509e-17,5.628694e-17,5.628694e-19
2.735944e+01,1.668977e-17,5.582381e-17,5.582381e-19
2.736212e+01,1.674556e-17,5.550341e-17,5.550341e-19
2.736479e+01,1.690808e-17,5.489669e-17,5.489669e-19
2.736746e+01,1.686178e-17,5.385661e-17,5.385661e-19
2.737014e+01,1.671845e-17,5.263560e-17,5.263560e-19
2.737281e+01,1.660580e-17,5.165528e-17,5.165528e-19
2.737548e+01,1.677259e-17,5.098619e-17,5.098619e-19
2.737816e+01,1.681179e-17,5.003090e-17,5.003090e-19
2.738083e+01,1.665343e-17,4.886738e-17,4.886738e-19
2.738350e+01,1.648069e-17,4.784451e-17,4.784451e-19
2.738618e+01,1.686886e-17,4.742627e-17,4.742627e-19
2.738885e+01,1.641853e-17,4.656462e-17,4.656462e-19
2.739153e+01,1.641242e-17,4.540353e-17,4.540353e-19
2.739420e+01,1.635037e-17,4.412860e-17,4.412860e-19
2.739687e+01,1.633729e-17,4.359823e-17,4.359823e-19
2.739955e+01,1.644774e-17,4.350963e-17,4.350963e-19
2.740222e+01,1.667917e-17,4.306998e-17,4.306998e-19
2.740489e+01,1.623204e-17,4.194082e-17,4.194082e-19
2.740757e+01,1.637459e-17,4.097808e-17,4.097808e-19
2.741024e+01,1.635677e-17,4.031555e-17,4.031555e-19
2.741291e+01,1.609024e-17,3.956668e-17,3.956668e-19
2.741559e+01,1.613645e-17,3.925592e-17,3.925592e-19
2.741826e+01,1.611092e-17,3.925104e-17,3.925104e-19
2.742093e+01,1.622003e-17,3.968015e-17,3.968015e-19
2.742361e+01,1.623923e-17,3.985402e-17,3.985402e-19
2.742628e+01,1.643224e-17,3.978294e-17,3.978294e-19
2.742895e+01,1.646217e-17,3.922735e-17,3.922735e-19
2.743163e+01,1.629634e-17,3.876847e-17,3.876847e-19
2.743430e+01,1.630698e-17,3.932063e-17,3.932063e-19
2.743697e+01,1.622173e-17,4.061615e-17,4.061615e-19
2.743965e+01,1.629406e-17,4.154299e-17,4.154299e-19
2.744232e+01,1.650762e-17,4.140874e-17,4.140874e-19
2.744499e+01,1.651218e-17,4.019765e-17,4.019765e-19
2.744767e+01,1.655255e-17,3.933064e-17,3.933064e-19
2.745034e+01,1.641229e-17,3.887291e-17,3.887291e-19
2.745301e+01,1.631463e-17,3.867669e-17,3.867669e-19
2.745569e+01,1.616788e-17,3.863309e-17,3.863309e-19
2.745836e+01,1.649573e-17,3.874562e-17,3.874562e-19
2.746103e+01,1.609079e-17,3.835165e-17,3.835165e-19
2.746371e+01,1.637567e-17,3.788244e-17,3.788244e-19
2.746638e+01,1.614944e-17,3.714551e-17,3.714551e-19
2.746905e+01,1.594627e-17,3.690045e-17,3.690045e-19
2.747173e+01,1.617905e-17,3.757870e-17,3.757870e-19
2.747440e+01,1.619789e-17,3.800187e-17,3.800187e-19
2.747707e+01,1.604315e-17,3.764970e-17,3.764970e-19
2.747975e+01,1.614452e-17,3.725576e-17,3.725576e-19
2.748242e+01,1.620878e-17,3.732585e-17,3.732585e-19
2.748509e+01,1.622951e-17,3.749552e-17,3.749552e-19
2.748777e+01,1.630435e-17,3.757817e-17,3.757817e-19
2.749044e+01,1.607359e-17,3.808130e-17,3.808130e-19
2.749311e+01,1.662101e-17,3.990246e-17,3.990246e-19
2.749579e+01,1.660109e-17,4.161493e-17,4.161493e-19
2.749846e+01,1.643899e-17,4.300946e-17,4.300946e-19
2.750113e+01,1.645078e-17,4.432469e-17,4.432469e-19
2.750381e+01,1.643674e-17,4.572887e-17,4.572887e-19
2.750648e+01,1.673288e-17,4.763327e-17,4.763327e-19
2.750915e+01,1.653602e-17,5.007371e-17,5.007371e-19
2.751183e+01,1.655967e-17,5.171433e-17,5.171433e-19
2.751450e+01,1.661770e-17,5.239457e-17,5.239457e-19
2.751717e+01,1.654223e-17,5.352290e-17,5.352290e-19
2.751985e+01,1.677477e-17,5.535602e-17,5.535602e-19
2.752252e+01,1.653651e-17,5.631270e-17,5.631270e-19
2.752519e+01,1.643727e-17,5.631796e-17,5.631796e-19
2.752787e+01,1.680055e-17,5.639238e-17,5.639238e-19
2.753054e+01,1.686278e-17,5.633568e-17,5.633568e-19
2.753321e+01,1.656730e-17,5.616735e-17,5.616735e-19
2.753589e+01,1.671120e-17,5.494337e-17,5.494337e-19
2.753856e+01,1.666342e-17,5.311589e-17,5.311589e-19
2.754123e+01,1.672128e-17,5.229268e-17,5.229268e-19
2.754391e+01,1.659627e-17,5.252757e-17,5.252757e-19
2.754658e+01,1.661234e-17,5.219033e-17,5.219033e-19
2.754925e+01,1.633224e-17,5.125662e-17,5.125662e-19
2.755193e+01,1.662220e-17,5.067806e-17,5.067806e-19
2.755460e+01,1.649199e-17,5.137908e-17,5.137908e-19
2.755728e+01,1.657517e-17,5.310458e-17,5.310458e-19
2.755995e+01,1.685255e-17,5.430219e-17,5.430219e-19
2.756262e+01,1.671723e-17,5.428677e-17,5.428677e-19
2.756530e+01,1.649490e-17,5.497497e-17,5.497497e-19
2.756797e+01,1.691468e-17,5.665404e-17,5.665404e-19
2.757064e+01,1.693797e-17,5.771836e-17,5.771836e-19
2.757332e+01,1.678951e-17,5.817023e-17,5.817023e-19
2.757599e+01,1.657071e-17,5.863922e-17,5.863922e-19
2.757866e+01,1.665907e-17,5.909474e-17,5.909474e-19
2.758134e+01,1.659370e-17,5.985361e-17,5.985361e-19
2.758401e+01,1.680059e-17,6.042799e-17,6.042799e-19
2.758668e+01,1.688585e-17,6.075823e-17,6.075823e-19
2.758936e+01,1.677822e-17,6.112429e-17,6.112429e-19
2.759203e+01,1.713904e-17,6.167531e-17,6.167531e-19
2.759470e+01,1.699016e-17,6.184126e-17,6.184126e-19
2.759738e+01,1.698396e-17,6.180707e-17,6.180707e-19
2.760005e+01,1.692597e-17,6.189673e-17,6.189673e-19
2.760272e+01,1.689834e-17,6.277580e-17,6.277580e-19
2.760540e+01,1.704061e-17,6.392328e-17,6.392328e-19
2.760807e+01,1.704090e-17,6.482237e-17,6.482237e-19
2.761074e+01,1.705997e-17,6.507382e-17,6.507382e-19
2.761342e+01,1.698325e-17,6.510925e-17,6.510925e-19
2.761609e+01,1.733312e-17,6.587438e-17,6.587438e-19
2.761876e+01,1.713706e-17,6.667181e-17,6.667181e-19
2.762144e+01,1.714848e-17,6.634521e-17,6.634521e-19
2.762411e+01,1.704907e-17,6.511295e-17,6.511295e-19
2.762678e+01,1.714483e-17,6.472975e-17,6.472975e-19
2.762946e+01,1.704877e-17,6.567184e-17,6.567184e-19
2.763213e+01,1.692149e-17,6.707432e-17,6.707432e-19
2.763480e+01,1.725312e-17,6.806679e-17,6.806679e-19
2.763748e+01,1.683229e-17,6.773708e-17,6.773708e-19
2.764015e+01,1.694784e-17,6.667140e-17,6.667140e-19
2.764282e+01,1.674052e-17,6.533119e-17,6.533119e-19
2.764550e+01,1.681594e-17,6.420080e-17,6.420080e-19
2.764817e+01,1.681929e-17,6.363970e-17,6.363970e-19
2.765084e+01,1.694919e-17,6.341632e-17,6.341632e-19
2.765352e+01,1.684615e-17,6.245710e-17,6.245710e-19
2.765619e+01,1.682029e-17,6.093775e-17,6.093775e-19
2.765886e+01,1.666914e-17,5.930306e-17,5.930306e-19
2.766154e+01,1.671631e-17,5.782324e-17,5.782324e-19
2.766421e+01,1.678496e-17,5.653336e-17,5.653336e-19
2.766688e+01,1.664704e-17,5.564664e-17,5.564664e-19
2.766956e+01,1.663148e-17,5.455655e-17,5.455655e-19
2.767223e+01,1.643099e-17,5.334030e-17,5.334030e-19
2.767490e+01,1.642203e-17,5.246266e-17,5.246266e-19
2.767758e+01,1.659807e-17,5.160505e-17,5.160505e-19
2.768025e+01,1.676267e-17,5.024257e-17,5.024257e-19
2.768292e+01,1.640368e-17,4.850466e-17,4.850466e-19
2.768560e+01,1.636934e-17,4.662661e-17,4.662661e-19
2.768827e+01,1.641246e-17,4.437167e-17,4.437167e-19
2.769094e+01,1.620394e-17,4.235948e-17,4.235948e-19
2.769362e+01,1.649029e-17,4.164700e-17,4.164700e-19
2.769629e+01,1.595058e-17,4.144328e-17,4.144328e-19
2.769896e+01,1.623798e-17,4.127842e-17,4.127842e-19
2.770164e+01,1.599976e-17,3.967458e-17,3.967458e-19
2.770431e+01,1.591686e-17,3.744316e-17,3.744316e-19
2.770698e+01,1.576434e-17,3.617364e-17,3.617364e-19
2.770966e+01,1.600872e-17,3.587834e-17,3.587834e-19
2.771233e+01,1.618705e-17,3.637759e-17,3.637759e-19
2.771500e+01,1.608807e-17,3.628384e-17,3.628384e-19
2.771768e+01,1.593872e-17,3.559589e-17,3.559589e-19
2.772035e+01,1.585940e-17,3.472308e-17,3.472308e-19
2.772303e+01,1.604089e-17,3.468419e-17,3.468419e-19
2.772570e+01,1.601728e-17,3.505468e-17,3.505468e-19
2.772837e+01,1.623084e-17,3.558857e-17,3.558857e-19
2.773105e+01,1.588705e-17,3.539154e-17,3.539154e-19
2.773372e+01,1.594031e-17,3.441026e-17,3.441026e-19
2.773639e+01,1.596647e-17,3.318920e-17,3.318920e-19
2.773907e+01,1.597857e-17,3.261310e-17,3.261310e-19
2.774174e+01,1.594715e-17,3.221122e-17,3.221122e-19
2.774441e+01,1.610611e-17,3.172599e-17,3.172599e-19
2.774709e+01,1.617959e-17,3.153626e-17,3.153626e-19
2.774976e+01,1.568594e-17,3.125997e-17,3.125997e-19
2.775243e+01,1.587445e-17,3.124499e-17,3.124499e-19
2.775511e+01,1.575481e-17,3.117094e-17,3.117094e-19
2.775778e+01,1.598490e-17,3.127101e-17,3.127101e-19
2.776045e+01,1.580020e-17,3.166919e-17,3.166919e-19
2.776313e+01,1.573233e-17,3.196372e-17,3.196372e-19
2.776580e+01,1.568538e-17,3.162158e-17,3.162158e-19
2.776847e+01,1.604875e-17,3.195078e-17,3.195078e-19
2.777115e+01,1.604583e-17,3.273293e-17,3.273293e-19
2.777382e+01,1.592334e-17,3.381097e-17,3.381097e-19
2.777649e+01,1.630346e-17,3.513608e-17,3.513608e-19
2.777917e+01,1.605437e-17,3.594734e-17,3.594734e-19
2.778184e+01,1.604470e-17,3.699598e-17,3.699598e-19
2.778451e+01,1.606960e-17,3.862376e-17,3.862376e-19
2.778719e+01,1.603885e-17,3.966378e-17,3.966378e-19
2.778986e+01,1.633285e-17,4.145616e-17,4.145616e-19
2.779253e+01,1.599495e-17,4.366189e-17,4.366189e-19
2.779521e+01,1.622987e-17,4.552644e-17,4.552644e-19
2.779788e+01,1.623665e-17,4.611863e-17,4.611863e-19
2.780055e+01,1.638218e-17,4.756518e-17,4.756518e-19
2.780323e+01,1.623895e-17,4.916411e-17,4.916411e-19
2.780590e+01,1.624599e-17,4.923932e-17,4.923932e-19
2.780857e+01,1.657496e-17,4.820606e-17,4.820606e-19
2.781125e+01,1.614591e-17,4.716100e-17,4.716100e-19
2.781392e+01,1.629720e-17,4.678733e-17,4.678733e-19
2.781659e+01,1.626653e-17,4.621425e-17,4.621425e-19
2.781927e+01,1.637712e-17,4.499567e-17,4.499567e-19
2.782194e+01,1.630043e-17,4.372479e-17,4.372479e-19
2.782461e+01,1.621021e-17,4.280054e-17,4.280054e-19
2.782729e+01,1.610272e-17,4.162524e-17,4.162524e-19
2.782996e+01,1.616597e-17,4.054466e-17,4.054466e-19
2.783263e+01,1.605707e-17,3.989456e-17,3.989456e-19
2.783531e+01,1.606914e-17,3.965755e-17,3.965755e-19
2.783798e+01,1.640830e-17,3.944777e-17,3.944777e-19
2.784065e+01,1.605691e-17,3.786417e-17,3.786417e-19
2.784333e+01,1.588204e-17,3.656522e-17,3.656522e-19
2.784600e+01,1.601436e-17,3.659231e-17,3.659231e-19
2.784867e+01,1.583265e-17,3.690503e-17,3.690503e-19
2.785135e+01,1.580516e-17,3.657837e-17,3.657837e-19
2.785402e+01,1.603915e-17,3.609671e-17,3.609671e-19
2.785669e+01,1.591812e-17,3.563956e-17,3.563956e-19
2.785937e+01,1.578626e-17,3.602348e-17,3.602348e-19
2.786204e+01,1.580559e-17,3.639778e-17,3.639778e-19
2.786471e+01,1.572149e-17,3.574986e-17,3.574986e-19
2.786739e+01,1.564138e-17,3.490212e-17,3.490212e-19
2.787006e+01,1.593431e-17,3.467448e-17,3.467448e-19
2.787273e+01,1.597713e-17,3.478254e-17,3.478254e-19
2.787541e+01,1.572121e-17,3.535435e-17,3.535435e-19
2.787808e+01,1.574279e-17,3.572577e-17,3.572577e-19
2.788075e+01,1.571755e-17,3.568894e-17,3.568894e-19
2.788343e+01,1.592856e-17,3.440941e-17,3.440941e-19
2.788610e+01,1.602794e-17,3.370253e-17,3.370253e-19
2.788878e+01,1.593476e-17,3.404836e-17,3.404836e-19
2.789145e+01,1.570387e-17,3.432123e-17,3.432123e-19
2.789412e+01,1.585196e-17,3.469680e-17,3.469680e-19
2.789680e+01,1.624432e-17,3.531916e-17,3.531916e-19
2.789947e+01,1.602093e-17,3.574457e-17,3.574457e-19
2.790214e+01,1.582003e-17,3.567426e-17,3.567426e-19
2.790482e+01,1.618870e-17,3.617050e-17,3.617050e-19
2.790749e+01,1.585974e-17,3.684464e-17,3.684464e-19
2.791016e+01,1.626579e-17,3.769598e-17,3.769598e-19
2.791284e+01,1.606663e-17,3.713531e-17,3.713531e-19
2.791551e+01,1.588395e-17,3.662644e-17,3.662644e-19
2.791818e+01,1.603415e-17,3.735916e-17,3.735916e-19
2.792086e+01,1.602196e-17,3.808798e-17,3.808798e-19
2.792353e+01,1.611632e-17,3.823340e-17,3.823340e-19
2.792620e+01,1.592543e-17,3.871654e-17,3.871654e-19
2.792888e+01,1.603550e-17,4.001921e-17,4.001921e-19
2.793155e+01,1.646668e-17,4.151009e-17,4.151009e-19
2.793422e+01,1.608248e-17,4.197074e-17,4.197074e-19
2.793690e+01,1.633183e-17,4.298893e-17,4.298893e-19
2.793957e+01,1.610753e-17,4.513091e-17,4.513091e-19
2.794224e+01,1.631902e-17,4.718300e-17,4.718300e-19
2.794492e+01,1.639883e-17,4.794459e-17,4.794459e-19
2.794759e+01,1.644880e-17,4.872447e-17,4.872447e-19
2.795026e+01,1.637059e-17,5.020468e-17,5.020468e-19
2.795294e+01,1.652537e-17,5.193677e-17,5.193677e-19
2.795561e+01,1.659970e-17,5.304854e-17,5.304854e-19
2.795828e+01,1.625340e-17,5.375614e-17,5.375614e-19
2.796096e+01,1.644888e-17,5.449481e-17,5.449481e-19
2.796363e+01,1.622901e-17,5.525678e-17,5.525678e-19
2.796630e+01,1.666456e-17,5.658160e-17,5.658160e-19
2.796898e+01,1.644077e-17,5.804629e-17,5.804629e-19
2.797165e+01,1.633570e-17,5.923775e-17,5.923775e-19
2.797432e+01,1.677273e-17,6.029652e-17,6.029652e-19
2.797700e+01,1.642505e-17,6.144070e-17,6.144070e-19
2.797967e+01,1.673335e-17,6.284298e-17,6.284298e-19
2.798234e+01,1.638276e-17,6.409701e-17,6.409701e-19
2.798502e+01,1.654501e-17,6.500747e-17,6.500747e-19
2.798769e+01,1.674404e-17,6.538746e-17,6.538746e-19
2.799036e+01,1.670762e-17,6.537424e-17,6.537424e-19
2.799304e+01,1.659014e-17,6.499061e-17,6.499061e-19
2.799571e+01,1.651208e-17,6.431115e-17,6.431115e-19
2.799838e+01,1.647628e-17,6.395326e-17,6.395326e-19
2.800106e+01,1.652615e-17,6.429904e-17,6.429904e-19
2.800373e+01,1.656102e-17,6.460922e-17,6.460922e-19
2.800640e+01,1.655401e-17,6.455994e-17,6.455994e-19
2.800908e+01,1.663159e-17,6.413005e-17,6.413005e-19
2.801175e+01,1.649620e-17,6.340484e-17,6.340484e-19
2.801442e+01,1.643561e-17,6.213391e-17,6.213391e-19
2.801710e+01,1.638244e-17,6.079449e-17,6.079449e-19
2.801977e+01,1.633417e-17,5.983461e-17,5.983461e-19
2.802244e+01,1.652298e-17,5.935811e-17,5.935811e-19
2.802512e+01,1.647728e-17,5.842332e-17,5.842332e-19
2.802779e+01,1.628275e-17,5.761476e-17,5.761476e-19
2.803046e+01,1.637088e-17,5.712582e-17,5.712582e-19
2.803314e+01,1.615727e-17,5.645120e-17,5.645120e-19
2.803581e+01,1.630931e-17,5.572952e-17,5.572952e-19
2.803848e+01,1.601764e-17,5.470676e-17,5.470676e-19
2.804116e+01,1.592745e-17,5.390414e-17,5.390414e-19
2.804383e+01,1.611606e-17,5.345337e-17,5.345337e-19
2.804650e+01,1.622706e-17,5.314355e-17,5.314355e-19
2.804918e+01,1.640786e-17,5.265896e-17,5.265896e-19
2.805185e+01,1.608604e-17,5.215360e-17,5.215360e-19
2.805453e+01,1.644417e-17,5.220997e-17,5.220997e-19
2.805720e+01,1.590073e-17,5.191202e-17,5.191202e-19
2.805987e+01,1.609105e-17,5.150869e-17,5.150869e-19
2.806255e+01,1.606452e-17,5.180357e-17,5.180357e-19
2.806522e+01,1.642984e-17,5.283204e-17,5.283204e-19
2.806789e+01,1.618800e-17,5.367834e-17,5.367834e-19
2.807057e+01,1.678108e-17,5.430956e-17,5.430956e-19
2.807324e+01,1.630682e-17,5.519926e-17,5.519926e-19
2.807591e+01,1.652547e-17,5.664939e-17,5.664939e-19
2.807859e+01,1.638083e-17,5.738839e-17,5.738839e-19
2.808126e+01,1.641775e-17,5.697783e-17,5.697783e-19
2.808393e+01,1.664075e-17,5.665105e-17,5.665105e-19
2.808661e+01,1.649044e-17,5.697330e-17,5.697330e-19
2.808928e+01,1.646099e-17,5.660693e-17,5.660693e-19
2.809195e+01,1.640777e-17,5.583340e-17,5.583340e-19
2.809463e+01,1.637868e-17,5.457054e-17,5.457054e-19
2.809730e+01,1.639777e-17,5.310510e-17,5.310510e-19
2.809997e+01,1.624141e-17,5.182890e-17,5.182890e-19
2.810265e+01,1.643802e-17,5.062085e-17,5.062085e-19
2.810532e+01,1.616545e-17,4.853989e-17,4.853989e-19
2.810799e+01,1.618641e-17,4.638040e-17,4.638040e-19
2.811067e+01,1.621061e-17,4.512030e-17,4.512030e-19
2.811334e+01,1.605611e-17,4.385333e-17,4.385333e-19
2.811601e+01,1.604833e-17,4.284723e-17,4.284723e-19
2.811869e+01,1.578549e-17,4.265104e-17,4.265104e-19
2.812136e+01,1.591056e-17,4.306079e-17,4.306079e-19
2.812403e+01,1.594361e-17,4.307960e-17,4.307960e-19
2.812671e+01,1.630362e-17,4.278843e-17,4.278843e-19
2.812938e+01,1.585710e-17,4.274423e-17,4.274423e-19
2.813205e+01,1.602982e-17,4.280153e-17,4.280153e-19
2.813473e+01,1.615110e-17,4.119503e-17,4.119503e-19
2.813740e+01,1.593730e-17,3.906266e-17,3.906266e-19
2.814007e+01,1.573418e-17,3.916896e-17,3.916896e-19
2.814275e+01,1.601416e-17,4.022101e-17,4.022101e-19
2.814542e+01,1.599034e-17,4.027168e-17,4.027168e-19
2.814809e+01,1.589718e-17,3.982565e-17,3.982565e-19
2.815077e+01,1.602380e-17,3.899848e-17,3.899848e-19
2.815344e+01,1.584791e-17,3.857295e-17,3.857295e-19
2.815611e+01,1.605167e-17,3.910128e-17,3.910128e-19
2.815879e+01,1.566283e-17,3.785318e-17,3.785318e-19
2.816146e+01,1.591037e-17,3.655386e-17,3.655386e-19
2.816413e+01,1.608183e-17,3.725126e-17,3.725126e-19
2.816681e+01,1.634397e-17,3.830653e-17,3.830653e-19
2.816948e+01,1.591278e-17,3.738606e-17,3.738606e-19
2.817215e+01,1.630869e-17,3.702288e-17,3.702288e-19
2.817483e+01,1.606586e-17,3.748422e-17,3.748422e-19
2.817750e+01,1.574755e-17,3.789994e-17,3.789994e-19
2.818017e+01,1.589905e-17,3.760485e-17,3.760485e-19
2.818285e+01,1.573113e-17,3.680456e-17,3.680456e-19
2.818552e+01,1.614568e-17,3.656911e-17,3.656911e-19
2.818819e+01,1.590995e-17,3.617357e-17,3.617357e-19
2.819087e+01,1.585820e-17,3.647283e-17,3.647283e-19
2.819354e+01,1.580463e-17,3.711295e-17,3.711295e-19
2.819621e+01,1.597246e-17,3.730620e-17,3.730620e-19
2.819889e+01,1.561632e-17,3.712378e-17,3.712378e-19
2.820156e+01,1.582844e-17,3.747127e-17,3.747127e-19
2.820423e+01,1.598978e-17,3.780732e-17,3.780732e-19
2.820691e+01,1.597222e-17,3.806256e-17,3.806256e-19
2.820958e+01,1.604877e-17,3.900869e-17,3.900869e-19
2.821225e+01,1.593470e-17,4.016011e-17,4.016011e-19
2.821493e+01,1.570434e-17,4.071980e-17,4.071980e-19
2.821760e+01,1.598848e-17,4.096824e-17,4.096824e-19
2.822028e+01,1.587306e-17,4.085562e-17,4.085562e-19
2.822295e+01,1.589479e-17,4.085760e-17,4.085760e-19
2.822562e+01,1.616157e-17,4.194474e-17,4.194474e-19
2.822830e+01,1.598600e-17,4.288873e-17,4.288873e-19
2.823097e+01,1.597069e-17,4.386210e-17,4.386210e-19
2.823364e+01,1.590689e-17,4.471837e-17,4.471837e-19
2.823632e+01,1.623380e-17,4.514183e-17,4.514183e-19
2.823899e+01,1.601478e-17,4.535509e-17,4.535509e-19
2.824166e+01,1.600356e-17,4.649444e-17,4.649444e-19
2.824434e+01,1.608573e-17,4.809393e-17,4.809393e-19
2.824701e+01,1.609747e-17,4.855583e-17,4.855583e-19
2.824968e+01,1.597779e-17,4.816920e-17,4.816920e-19
2.825236e+01,1.609501e-17,4.868692e-17,4.868692e-19
2.825503e+01,1.603725e-17,5.037551e-17,5.037551e-19
2.825770e+01,1.622059e-17,5.173676e-17,5.173676e-19
2.826038e+01,1.643864e-17,5.158519e-17,5.158519e-19
2.826305e+01,1.642803e-17,5.124943e-17,5.124943e-19
2.826572e+01,1.618321e-17,5.154193e-17,5.154193e-19
2.826840e+01,1.629070e-17,5.292223e-17,5.292223e-19
2.827107e+01,1.638419e-17,5.425487e-17,5.425487e-19
2.827374e+01,1.614436e-17,5.430463e-17,5.430463e-19
2.827642e+01,1.637930e-17,5.439952e-17,5.439952e-19
2.827909e+01,1.647948e-17,5.503697e-17,5.503697e-19
2.828176e+01,1.666629e-17,5.522485e-17,5.522485e-19
2.828444e+01,1.672819e-17,5.458408e-17,5.458408e-19
2.828711e+01,1.623928e-17,5.390345e-17,5.390345e-19
2.828978e+01,1.654947e-17,5.355785e-17,5.355785e-19
2.829246e+01,1.638851e-17,5.272624e-17,5.272624e-19
2.829513e+01,1.635327e-17,5.172799e-17,5.172799e-19
2.829780e+01,1.632096e-17,5.080396e-17,5.080396e-19
2.830048e+01,1.641504e-17,4.975422e-17,4.975422e-19
2.830315e+01,1.613799e-17,4.842241e-17,4.842241e-19
2.830582e+01,1.641662e-17,4.703830e-17,4.703830e-19
2.830850e+01,1.620307e-17,4.536244e-17,4.536244e-19
2.831117e+01,1.602544e-17,4.393507e-17,4.393507e-19
2.831384e+01,1.596780e-17,4.277056e-17,4.277056e-19
2.831652e+01,1.609382e-17,4.147583e-17,4.147583e-19
2.831919e+01,1.609183e-17,4.071308e-17,4.071308e-19
2.832186e+01,1.612790e-17,4.034570e-17,4.034570e-19
2.832454e+01,1.586839e-17,3.947184e-17,3.947184e-19
2.832721e+01,1.558880e-17,3.873995e-17,3.873995e-19
2.832988e+01,1.610020e-17,3.896654e-17,3.896654e-19
2.833256e+01,1.613314e-17,3.895755e-17,3.895755e-19
2.833523e+01,1.618447e-17,3.842693e-17,3.842693e-19
2.833790e+01,1.602550e-17,3.827243e-17,3.827243e-19
2.834058e+01,1.586946e-17,3.879052e-17,3.879052e-19
2.834325e+01,1.583387e-17,3.935984e-17,3.935984e-19
2.834592e+01,1.596823e-17,3.949002e-17,3.949002e-19
2.834860e+01,1.609254e-17,3.990835e-17,3.990835e-19
2.835127e+01,1.589580e-17,4.021456e-17,4.021456e-19
2.835394e+01,1.601714e-17,4.052787e-17,4.052787e-19
2.835662e+01,1.575038e-17,4.092542e-17,4.092542e-19
2.835929e+01,1.595590e-17,4.172105e-17,4.172105e-19
2.836196e+01,1.588295e-17,4.284381e-17,4.284381e-19
2.836464e+01,1.599880e-17,4.370563e-17,4.370563e-19
2.836731e+01,1.602170e-17,4.469386e-17,4.469386e-19
2.836998e+01,1.609893e-17,4.469452e-17,4.469452e-19
2.837266e+01,1.592875e-17,4.487413e-17,4.487413e-19
2.837533e+01,1.620462e-17,4.621270e-17,4.621270e-19
2.837800e+01,1.597602e-17,4.722766e-17,4.722766e-19
2.838068e+01,1.603107e-17,4.670095e-17,4.670095e-19
2.838335e+01,1.586739e-17,4.612342e-17,4.612342e-19
2.838603e+01,1.604577e-17,4.698472e-17,4.698472e-19
2.838870e+01,1.587978e-17,4.872288e-17,4.872288e-19
2.839137e+01,1.600879e-17,5.073654e-17,5.073654e-19
2.839405e+01,1.634715e-17,5.174921e-17,5.174921e-19
2.839672e+01,1.591101e-17,5.130089e-17,5.130089e-19
2.839939e+01,1.602013e-17,5.088702e-17,5.088702e-19
2.840207e+01,1.611090e-17,5.183594e-17,5.183594e-19
2.840474e+01,1.616981e-17,5.330168e-17,5.330168e-19
2.840741e+01,1.594867e-17,5.397161e-17,5.397161e-19
2.841009e+01,1.612490e-17,5.413082e-17,5.413082e-19
2.841276e+01,1.611669e-17,5.477894e-17,5.477894e-19
2.841543e+01,1.644281e-17,5.553707e-17,5.553707e-19
2.841811e+01,1.617916e-17,5.664061e-17,5.664061e-19
2.842078e+01,1.635294e-17,5.757128e-17,5.757128e-19
2.842345e+01,1.622541e-17,5.757953e-17,5.757953e-19
2.842613e+01,1.626304e-17,5.626364e-17,5.626364e-19
2.842880e+01,1.625164e-17,5.451287e-17,5.451287e-19
2.843147e+01,1.651220e-17,5.478314e-17,5.478314e-19
2.843415e+01,1.607571e-17,5.577395e-17,5.577395e-19
2.843682e+01,1.621165e-17,5.558021e-17,5.558021e-19
2.843949e+01,1.608562e-17,5.457231e-17,5.457231e-19
2.844217e+01,1.620381e-17,5.337241e-17,5.337241e-19
2.844484e+01,1.611527e-17,5.212501e-17,5.212501e-19
2.844751e+01,1.611552e-17,5.171634e-17,5.171634e-19
2.845019e+01,1.633653e-17,5.185308e-17,5.185308e-19
2.845286e+01,1.602486e-17,5.172521e-17,5.172521e-19
2.845553e+01,1.602207e-17,5.139301e-17,5.139301e-19
2.845821e+01,1.626368e-17,5.080083e-17,5.080083e-19
2.846088e+01,1.614444e-17,4.939042e-17,4.939042e-19
2.846355e+01,1.594604e-17,4.822931e-17,4.822931e-19
2.846623e+01,1.600208e-17,4.796049e-17,4.796049e-19
2.846890e+01,1.630306e-17,4.811742e-17,4.811742e-19
2.847157e+01,1.593177e-17,4.744767e-17,4.744767e-19
2.847425e+01,1.592229e-17,4.685374e-17,4.685374e-19
2.847692e+01,1.606005e-17,4.633907e-17,4.633907e-19
2.847959e+01,1.614886e-17,4.530197e-17,4.530197e-19
2.848227e+01,1.593492e-17,4.433136e-17,4.433136e-19
2.848494e+01,1.578087e-17,4.472793e-17,4.472793e-19
2.848761e+01,1.604001e-17,4.556191e-17,4.556191e-19
2.849029e+01,1.594260e-17,4.412283e-17,4.412283e-19
2.849296e+01,1.571653e-17,4.202868e-17,4.202868e-19
2.849563e+01,1.571613e-17,4.149716e-17,4.149716e-19
2.849831e+01,1.589937e-17,4.236710e-17,4.236710e-19
2.850098e+01,1.591764e-17,4.199154e-17,4.199154e-19
2.850365e+01,1.572862e-17,4.039851e-17,4.039851e-19
2.850633e+01,1.601465e-17,3.962838e-17,3.962838e-19
2.850900e+01,1.595882e-17,3.920080e-17,3.920080e-19
2.851167e+01,1.581526e-17,3.866327e-17,3.866327e-19
2.851435e+01,1.567487e-17,3.809403e-17,3.809403e-19
2.851702e+01,1.608967e-17,3.812889e-17,3.812889e-19
2.851969e+01,1.602977e-17,3.789341e-17,3.789341e-19
2.852237e+01,1.603617e-17,3.717636e-17,3.717636e-19
2.852504e+01,1.576175e-17,3.694759e-17,3.694759e-19
2.852771e+01,1.566894e-17,3.693373e-17,3.693373e-19
2.853039e+01,1.571785e-17,3.710792e-17,3.710792e-19
2.853306e+01,1.604009e-17,3.700394e-17,3.700394e-19
2.853573e+01,1.595903e-17,3.666649e-17,3.666649e-19
2.853841e+01,1.582090e-17,3.753782e-17,3.753782e-19
2.854108e+01,1.600579e-17,3.947017e-17,3.947017e-19
2.854375e+01,1.592949e-17,4.042211e-17,4.042211e-19
2.854643e+01,1.568434e-17,4.120490e-17,4.120490e-19
2.854910e+01,1.598164e-17,4.217032e-17,4.217032e-19
2.855178e+01,1.608209e-17,4.360083e-17,4.360083e-19
2.855445e+01,1.627437e-17,4.513794e-17,4.513794e-19
2.855712e+01,1.585032e-17,4.617324e-17,4.617324e-19
2.855980e+01,1.591739e-17,4.754495e-17,4.754495e-19
2.856247e+01,1.585376e-17,4.888704e-17,4.888704e-19
2.856514e+01,1.585763e-17,4.975979e-17,4.975979e-19
2.856782e+01,1.614596e-17,5.045086e-17,5.045086e-19
2.857049e+01,1.608527e-17,4.980365e-17,4.980365e-19
2.857316e+01,1.582175e-17,4.864531e-17,4.864531e-19
2.857584e+01,1.610450e-17,4.830937e-17,4.830937e-19
2.857851e+01,1.610621e-17,4.801980e-17,4.801980e-19
2.858118e+01,1.618003e-17,4.688789e-17,4.688789e-19
2.858386e+01,1.608296e-17,4.533671e-17,4.533671e-19
2.858653e+01,1.592536e-17,4.478616e-17,4.478616e-19
2.858920e+01,1.611522e-17,4.454601e-17,4.454601e-19
2.859188e+01,1.603273e-17,4.399527e-17,4.399527e-19
2.859455e+01,1.595424e-17,4.352312e-17,4.352312e-19
2.859722e+01,1.587747e-17,4.324968e-17,4.324968e-19
2.859990e+01,1.575508e-17,4.327716e-17,4.327716e-19
2.860257e+01,1.604202e-17,4.318167e-17,4.318167e-19
2.860524e+01,1.596766e-17,4.352559e-17,4.352559e-19
2.860792e+01,1.611748e-17,4.422858e-17,4.422858e-19
2.861059e+01,1.600632e-17,4.475737e-17,4.475737e-19
2.861326e+01,1.589028e-17,4.511400e-17,4.511400e-19
2.861594e+01,1.592940e-17,4.615890e-17,4.615890e-19
2.861861e+01,1.595507e-17,4.737659e-17,4.737659e-19
2.862128e+01,1.583316e-17,4.831693e-17,4.831693e-19
2.862396e+01,1.584909e-17,4.910554e-17,4.910554e-19
2.862663e+01,1.609085e-17,5.000058e-17,5.000058e-19
2.862930e+01,1.594558e-17,5.129003e-17,5.129003e-19
2.863198e+01,1.600515e-17,5.281058e-17,5.281058e-19
2.863465e+01,1.586397e-17,5.332159e-17,5.332159e-19
2.863732e+01,1.614357e-17,5.341699e-17,5.341699e-19
2.864000e+01,1.622069e-17,5.379666e-17,5.379666e-19
2.864267e+01,1.607133e-17,5.443681e-17,5.443681e-19
2.864534e+01,1.609636e-17,5.487122e-17,5.487122e-19
2.864802e+01,1.631533e-17,5.518438e-17,5.518438e-19
2.865069e+01,1.591159e-17,5.555538e-17,5.555538e-19
2.865336e+01,1.598152e-17,5.636863e-17,5.636863e-19
2.865604e+01,1.623301e-17,5.645254e-17,5.645254e-19
2.865871e+01,1.610158e-17,5.608811e-17,5.608811e-19
2.866138e+01,1.616463e-17,5.575687e-17,5.575687e-19
2.866406e+01,1.633648e-17,5.542553e-17,5.542553e-19
2.866673e+01,1.564997e-17,5.524520e-17,5.524520e-19
2.866940e+01,1.594297e-17,5.552934e-17,5.552934e-19
2.867208e+01,1.578086e-17,5.485349e-17,5.485349e-19
2.867475e+01,1.579408e-17,5.378382e-17,5.378382e-19
2.867742e+01,1.605444e-17,5.334809e-17,5.334809e-19
2.868010e+01,1.592770e-17,5.258241e-17,5.258241e-19
2.868277e+01,1.607913e-17,5.138682e-17,5.138682e-19
2.868544e+01,1.579069e-17,5.016826e-17,5.016826e-19
2.868812e+01,1.579495e-17,4.968092e-17,4.968092e-19
2.869079e+01,1.592301e-17,4.954227e-17,4.954227e-19
2.869346e+01,1.591701e-17,4.894858e-17,4.894858e-19
2.869614e+01,1.602468e-17,4.749500e-17,4.749500e-19
2.869881e+01,1.604224e-17,4.643895e-17,4.643895e-19
2.870148e+01,1.571766e-17,4.569069e-17,4.569069e-19
2.870416e+01,1.578716e-17,4.506573e-17,4.506573e-19
2.870683e+01,1.598672e-17,4.464520e-17,4.464520e-19
2.870950e+01,1.605196e-17,4.439408e-17,4.439408e-19
2.871218e+01,1.590333e-17,4.354592e-17,4.354592e-19
2.871485e+01,1.586678e-17,4.298299e-17,4.298299e-19
2.871753e+01,1.584825e-17,4.268592e-17,4.268592e-19
2.872020e+01,1.586142e-17,4.214396e-17,4.214396e-19
2.872287e+01,1.576652e-17,4.194547e-17,4.194547e-19
2.872555e+01,1.556112e-17,4.160625e-17,4.160625e-19
2.872822e+01,1.590800e-17,4.202110e-17,4.202110e-19
2.873089e+01,1.588952e-17,4.203907e-17,4.203907e-19
2.873357e+01,1.578833e-17,4.171542e-17,4.171542e-19
2.873624e+01,1.608835e-17,4.120641e-17,4.120641e-19
2.873891e+01,1.572719e-17,3.994345e-17,3.994345e-19
2.874159e+01,1.564786e-17,3.921626e-17,3.921626e-19
2.874426e+01,1.597837e-17,3.998688e-17,3.998688e-19
2.874693e+01,1.576608e-17,4.095243e-17,4.095243e-19
2.874961e+01,1.579201e-17,4.077924e-17,4.077924e-19
2.875228e+01,1.567199e-17,4.004423e-17,4.004423e-19
2.875495e+01,1.577764e-17,4.000282e-17,4.000282e-19
2.875763e+01,1.571587e-17,4.032677e-17,4.032677e-19
2.876030e+01,1.595428e-17,4.034066e-17,4.034066e-19
2.876297e+01,1.583584e-17,4.002192e-17,4.002192e-19
2.876565e+01,1.587940e-17,3.983828e-17,3.983828e-19
2.876832e+01,1.597218e-17,4.038127e-17,4.038127e-19
2.877099e+01,1.618897e-17,4.149524e-17,4.149524e-19
2.877367e+01,1.569053e-17,4.233713e-17,4.233713e-19
2.877634e+01,1.591700e-17,4.328814e-17,4.328814e-19
2.877901e+01,1.594963e-17,4.377215e-17,4.377215e-19
2.878169e+01,1.613451e-17,4.397806e-17,4.397806e-19
2.878436e+01,1.610712e-17,4.479558e-17,4.479558e-19
2.878703e+01,1.621183e-17,4.513136e-17,4.513136e-19
2.878971e+01,1.613680e-17,4.487474e-17,4.487474e-19
2.879238e+01,1.587844e-17,4.527722e-17,4.527722e-19
2.879505e+01,1.619597e-17,4.512012e-17,4.512012e-19
2.879773e+01,1.607830e-17,4.424800e-17,4.424800e-19
2.880040e+01,1.603953e-17,4.486297e-17,4.486297e-19
2.880307e+01,1.620305e-17,4.607887e-17,4.607887e-19
2.880575e+01,1.612849e-17,4.630742e-17,4.630742e-19
2.880842e+01,1.594479e-17,4.664042e-17,4.664042e-19
2.881109e+01,1.608368e-17,4.727332e-17,4.727332e-19
2.881377e+01,1.601854e-17,4.733560e-17,4.733560e-19
2.881644e+01,1.602331e-17,4.682193e-17,4.682193e-19
2.881911e+01,1.597217e-17,4.695139e-17,4.695139e-19
2.882179e+01,1.615789e-17,4.782570e-17,4.782570e-19
2.882446e+01,1.594198e-17,4.833746e-17,4.833746e-19
2.882713e+01,1.621551e-17,4.902657e-17,4.902657e-19
2.882981e+01,1.614041e-17,5.034793e-17,5.034793e-19
2.883248e+01,1.602232e-17,5.183149e-17,5.183149e-19
2.883515e+01,1.620832e-17,5.276875e-17,5.276875e-19
2.883783e+01,1.614376e-17,5.357003e-17,5.357003e-19
2.884050e+01,1.630676e-17,5.497232e-17,5.497232e-19
2.884317e+01,1.605951e-17,5.610921e-17,5.610921e-19
2.884585e+01,1.654365e-17,5.738374e-17,5.738374e-19
2.884852e+01,1.632528e-17,5.866702e-17,5.866702e-19
2.885119e+01,1.616709e-17,6.019930e-17,6.019930e-19
2.885387e+01,1.641990e-17,6.188831e-17,6.188831e-19
2.885654e+01,1.635431e-17,6.247429e-17,6.247429e-19
2.885921e+01,1.637245e-17,6.214138e-17,6.214138e-19
2.886189e+01,1.640601e-17,6.255860e-17,6.255860e-19
2.886456e+01,1.624004e-17,6.356020e-17,6.356020e-19
2.886723e+01,1.647144e-17,6.426282e-17,6.426282e-19
2.886991e+01,1.633254e-17,6.433819e-17,6.433819e-19
2.887258e+01,1.614880e-17,6.445822e-17,6.445822e-19
2.887525e+01,1.609637e-17,6.461098e-17,6.461098e-19
2.887793e+01,1.644724e-17,6.452114e-17,6.452114e-19
2.888060e+01,1.612737e-17,6.449862e-17,6.449862e-19
2.888328e+01,1.642101e-17,6.481479e-17,6.481479e-19
2.888595e+01,1.612746e-17,6.464624e-17,6.464624e-19
2.888862e+01,1.609632e-17,6.413736e-17,6.413736e-19
2.889130e+01,1.621441e-17,6.358962e-17,6.358962e-19
2.889397e+01,1.582195e-17,6.306991e-17,6.306991e-19
2.889664e+01,1.590938e-17,6.295640e-17,6.295640e-19
2.889932e+01,1.622183e-17,6.339112e-17,6.339112e-19
2.890199e+01,1.610227e-17,6.390187e-17,6.390187e-19
2.890466e+01,1.638108e-17,6.429694e-17,6.429694e-19
2.890734e+01,1.618203e-17,6.404724e-17,6.404724e-19
2.891001e+01,1.594303e-17,6.306154e-17,6.306154e-19
2.891268e+01,1.638034e-17,6.149525e-17,6.149525e-19
2.891536e+01,1.607510e-17,6.002674e-17,6.002674e-19
2.891803e+01,1.586025e-17,5.922437e-17,5.922437e-19
2.892070e+01,1.606293e-17,5.863486e-17,5.863486e-19
2.892338e+01,1.612259e-17,5.749397e-17,5.749397e-19
2.892605e+01,1.635910e-17,5.615425e-17,5.615425e-19
2.892872e+01,1.624614e-17,5.514648e-17,5.514648e-19
2.893140e+01,1.612211e-17,5.413795e-17,5.413795e-19
2.893407e+01,1.601201e-17,5.243492e-17,5.243492e-19
2.893674e+01,1.610778e-17,5.055675e-17,5.055675e-19
2.893942e+01,1.596359e-17,4.891613e-17,4.891613e-19
2.894209e+01,1.610511e-17,4.797411e-17,4.797411e-19
2.894476e+01,1.596658e-17,4.760714e-17,4.760714e-19
2.894744e+01,1.579015e-17,4.721174e-17,4.721174e-19
2.895011e+01,1.584169e-17,4.627557e-17,4.627557e-19
2.895278e+01,1.563899e-17,4.487800e-17,4.487800e-19
2.895546e+01,1.570548e-17,4.336135e-17,4.336135e-19
2.895813e+01,1.590124e-17,4.197688e-17,4.197688e-19
2.896080e+01,1.567382e-17,4.118348e-17,4.118348e-19
2.896348e+01,1.595685e-17,4.124313e-17,4.124313e-19
2.896615e+01,1.546246e-17,4.112770e-17,4.112770e-19
2.896882e+01,1.577879e-17,4.088332e-17,4.088332e-19
2.897150e+01,1.590675e-17,4.045406e-17,4.045406e-19
2.897417e+01,1.605755e-17,4.053764e-17,4.053764e-19
2.897684e+01,1.570572e-17,3.985359e-17,3.985359e-19
2.897952e+01,1.567199e-17,3.866090e-17,3.866090e-19
2.898219e+01,1.556478e-17,3.905060e-17,3.905060e-19
2.898486e+01,1.579443e-17,4.043144e-17,4.043144e-19
2.898754e+01,1.601446e-17,4.031273e-17,4.031273e-19
2.899021e+01,1.584769e-17,3.905313e-17,3.905313e-19
2.899288e+01,1.578121e-17,3.835066e-17,3.835066e-19
2.899556e+01,1.580227e-17,3.803319e-17,3.803319e-19
2.899823e+01,1.551630e-17,3.798207e-17,3.798207e-19
2.900090e+01,1.547653e-17,3.769639e-17,3.769639e-19
2.900358e+01,1.567522e-17,3.694279e-17,3.694279e-19
2.900625e+01,1.547374e-17,3.614041e-17,3.614041e-19
2.900892e+01,1.551051e-17,3.578627e-17,3.578627e-19
2.901160e+01,1.570473e-17,3.526984e-17,3.526984e-19
2.901427e+01,1.575300e-17,3.469492e-17,3.469492e-19
2.901694e+01,1.577062e-17,3.407672e-17,3.407672e-19
2.901962e+01,1.573299e-17,3.353834e-17,3.353834e-19
2.902229e+01,1.540340e-17,3.322509e-17,3.322509e-19
2.902496e+01,1.549853e-17,3.284490e-17,3.284490e-19
2.902764e+01,1.547147e-17,3.250096e-17,3.250096e-19
2.903031e+01,1.563685e-17,3.290157e-17,3.290157e-19
2.903298e+01,1.581855e-17,3.319378e-17,3.319378e-19
2.903566e+01,1.572121e-17,3.228741e-17,3.228741e-19
2.903833e+01,1.561256e-17,3.247950e-17,3.247950e-19
2.904100e+01,1.545684e-17,3.254926e-17,3.254926e-19
2.904368e+01,1.580661e-17,3.273144e-17,3.273144e-19
2.904635e+01,1.544011e-17,3.312569e-17,3.312569e-19
2.904903e+01,1.556866e-17,3.391325e-17,3.391325e-19
2.905170e+01,1.564110e-17,3.381541e-17,3.381541e-19
2.905437e+01,1.545624e-17,3.346459e-17,3.346459e-19
2.905705e+01,1.570076e-17,3.357827e-17,3.357827e-19
2.905972e+01,1.548497e-17,3.420737e-17,3.420737e-19
2.906239e+01,1.567728e-17,3.508385e-17,3.508385e-19
2.906507e+01,1.577941e-17,3.583182e-17,3.583182e-19
2.906774e+01,1.600621e-17,3.634843e-17,3.634843e-19
2.907041e+01,1.557933e-17,3.638371e-17,3.638371e-19
2.907309e+01,1.605537e-17,3.652950e-17,3.652950e-19
2.907576e+01,1.571362e-17,3.734420e-17,3.734420e-19
2.907843e+01,1.588902e-17,3.832361e-17,3.832361e-19
2.908111e+01,1.578944e-17,3.789593e-17,3.789593e-19
2.908378e+01,1.568940e-17,3.743941e-17,3.743941e-19
2.908645e+01,1.608000e-17,3.814534e-17,3.814534e-19
2.908913e+01,1.594818e-17,3.961888e-17,3.961888e-19
2.909180e+01,1.569090e-17,4.012009e-17,4.012009e-19
2.909447e+01,1.580698e-17,3.958645e-17,3.958645e-19
2.909715e+01,1.574514e-17,3.895222e-17,3.895222e-19
2.909982e+01,1.570489e-17,3.865987e-17,3.865987e-19
2.910249e+01,1.571323e-17,3.911783e-17,3.911783e-19
2.910517e+01,1.575237e-17,3.922445e-17,3.922445e-19
2.910784e+01,1.584596e-17,3.915260e-17,3.915260e-19
2.911051e+01,1.601387e-17,3.923632e-17,3.923632e-19
2.911319e+01,1.572116e-17,3.957951e-17,3.957951e-19
2.911586e+01,1.571377e-17,3.961291e-17,3.961291e-19
2.911853e+01,1.577045e-17,3.974280e-17,3.974280e-19
2.912121e+01,1.544472e-17,4.028842e-17,4.028842e-19
2.912388e+01,1.572942e-17,4.121592e-17,4.121592e-19
2.912655e+01,1.573833e-17,4.158987e-17,4.158987e-19
2.912923e+01,1.572018e-17,4.119230e-17,4.119230e-19
2.913190e+01,1.579885e-17,4.101384e-17,4.101384e-19
2.913457e+01,1.587150e-17,4.120935e-17,4.120935e-19
2.913725e+01,1.581390e-17,4.105881e-17,4.105881e-19
2.913992e+01,1.566015e-17,4.115697e-17,4.115697e-19
2.914259e+01,1.597763e-17,4.197477e-17,4.197477e-19
2.914527e+01,1.585255e-17,4.255465e-17,4.255465e-19
2.914794e+01,1.578858e-17,4.289500e-17,4.289500e-19
2.915061e+01,1.577564e-17,4.288432e-17,4.288432e-19
2.915329e+01,1.579776e-17,4.274517e-17,4.274517e-19
2.915596e+01,1.570919e-17,4.243924e-17,4.243924e-19
2.915863e+01,1.554835e-17,4.195461e-17,4.195461e-19
2.916131e+01,1.567239e-17,4.193185e-17,4.193185e-19
2.916398e+01,1.556697e-17,4.245232e-17,4.245232e-19
2.916665e+01,1.569571e-17,4.311408e-17,4.311408e-19
2.916933e+01,1.562798e-17,4.372908e-17,4.372908e-19
2.917200e+01,1.578161e-17,4.454187e-17,4.454187e-19
2.917467e+01,1.558272e-17,4.529808e-17,4.529808e-19
2.917735e+01,1.578283e-17,4.581471e-17,4.581471e-19
2.918002e+01,1.558527e-17,4.558116e-17,4.558116e-19
2.918269e+01,1.559651e-17,4.494233e-17,4.494233e-19
2.918537e+01,1.591076e-17,4.393479e-17,4.393479e-19
2.918804e+01,1.588744e-17,4.357495e-17,4.357495e-19
2.919071e+01,1.574820e-17,4.298516e-17,4.298516e-19
2.919339e+01,1.583928e-17,4.259859e-17,4.259859e-19
2.919606e+01,1.577565e-17,4.273945e-17,4.273945e-19
2.919873e+01,1.577576e-17,4.312313e-17,4.312313e-19
2.920141e+01,1.586360e-17,4.290023e-17,4.290023e-19
2.920408e+01,1.573179e-17,4.227054e-17,4.227054e-19
2.920675e+01,1.571502e-17,4.198877e-17,4.198877e-19
2.920943e+01,1.566960e-17,4.195913e-17,4.195913e-19
2.921210e+01,1.574338e-17,4.164266e-17,4.164266e-19
2.921478e+01,1.543787e-17,4.102879e-17,4.102879e-19
2.921745e+01,1.572782e-17,4.106651e-17,4.106651e-19
2.922012e+01,1.556479e-17,4.098427e-17,4.098427e-19
2.922280e+01,1.580289e-17,4.090668e-17,4.090668e-19
2.922547e+01,1.578674e-17,4.092128e-17,4.092128e-19
2.922814e+01,1.565528e-17,4.059575e-17,4.059575e-19
2.923082e+01,1.566800e-17,4.005345e-17,4.005345e-19
2.923349e+01,1.564319e-17,3.970746e-17,3.970746e-19
2.923616e+01,1.565801e-17,3.930056e-17,3.930056e-19
2.923884e+01,1.578819e-17,3.907720e-17,3.907720e-19
2.924151e+01,1.571082e-17,3.968762e-17,3.968762e-19
2.924418e+01,1.564689e-17,4.080164e-17,4.080164e-19
2.924686e+01,1.567636e-17,4.092473e-17,4.092473e-19
2.924953e+01,1.566658e-17,4.046198e-17,4.046198e-19
2.925220e+01,1.561758e-17,4.012627e-17,4.012627e-19
2.925488e+01,1.568042e-17,4.024096e-17,4.024096e-19
2.925755e+01,1.592299e-17,4.059487e-17,4.059487e-19
2.926022e+01,1.589100e-17,4.132981e-17,4.132981e-19
2.926290e+01,1.578122e-17,4.180093e-17,4.180093e-19
2.926557e+01,1.566939e-17,4.213650e-17,4.213650e-19
2.926824e+01,1.577077e-17,4.221647e-17,4.221647e-19
2.927092e+01,1.563059e-17,4.198405e-17,4.198405e-19
2.927359e+01,1.560361e-17,4.178362e-17,4.178362e-19
2.927626e+01,1.587052e-17,4.163418e-17,4.163418e-19
2.927894e+01,1.566145e-17,4.175626e-17,4.175626e-19
2.928161e+01,1.600785e-17,4.202522e-17,4.202522e-19
2.928428e+01,1.581420e-17,4.196755e-17,4.196755e-19
2.928696e+01,1.592189e-17,4.169126e-17,4.169126e-19
2.928963e+01,1.597665e-17,4.166638e-17,4.166638e-19
2.929230e+01,1.583786e-17,4.073880e-17,4.073880e-19
2.929498e+01,1.562612e-17,3.961791e-17,3.961791e-19
2.929765e+01,1.561605e-17,3.892627e-17,3.892627e-19
2.930032e+01,1.587892e-17,3.890600e-17,3.890600e-19
2.930300e+01,1.591158e-17,3.876328e-17,3.876328e-19
2.930567e+01,1.552214e-17,3.824121e-17,3.824121e-19
2.930834e+01,1.547445e-17,3.807719e-17,3.807719e-19
2.931102e+01,1.569907e-17,3.809236e-17,3.809236e-19
2.931369e+01,1.581436e-17,3.785280e-17,3.785280e-19
2.931636e+01,1.569852e-17,3.756693e-17,3.756693e-19
2.931904e+01,1.569308e-17,3.737372e-17,3.737372e-19
2.932171e+01,1.577019e-17,3.736247e-17,3.736247e-19
2.932438e+01,1.581140e-17,3.752220e-17,3.752220e-19
2.932706e+01,1.565571e-17,3.804800e-17,3.804800e-19
2.932973e+01,1.570055e-17,3.850304e-17,3.850304e-19
2.933240e+01,1.578880e-17,3.834928e-17,3.834928e-19
2.933508e+01,1.587295e-17,3.815175e-17,3.815175e-19
2.933775e+01,1.595693e-17,3.853551e-17,3.853551e-19
2.934042e+01,1.570207e-17,3.880169e-17,3.880169e-19
2.934310e+01,1.573232e-17,3.894988e-17,3.894988e-19
2.934577e+01,1.561257e-17,3.913006e-17,3.913006e-19
2.934844e+01,1.563293e-17,3.863514e-17,3.863514e-19
2.935112e+01,1.549827e-17,3.785374e-17,3.785374e-19
2.935379e+01,1.575666e-17,3.734422e-17,3.734422e-19
2.935646e+01,1.571830e-17,3.676980e-17,3.676980e-19
2.935914e+01,1.564111e-17,3.562933e-17,3.562933e-19
2.936181e+01,1.569522e-17,3.469466e-17,3.469466e-19
2.936448e+01,1.532414e-17,3.409630e-17,3.409630e-19
2.936716e+01,1.554862e-17,3.424240e-17,3.424240e-19
2.936983e+01,1.571912e-17,3.402095e-17,3.402095e-19
2.937250e+01,1.545873e-17,3.306385e-17,3.306385e-19
2.937518e+01,1.573966e-17,3.212117e-17,3.212117e-19
2.937785e+01,1.539961e-17,3.167712e-17,3.167712e-19
2.938053e+01,1.556693e-17,3.251946e-17,3.251946e-19
2.938320e+01,1.548914e-17,3.263355e-17,3.263355e-19
2.938587e+01,1.545422e-17,3.168773e-17,3.168773e-19
2.938855e+01,1.565167e-17,3.144594e-17,3.144594e-19
2.939122e+01,1.531790e-17,3.191938e-17,3.191938e-19
2.939389e+01,1.572468e-17,3.268124e-17,3.268124e-19
2.939657e+01,1.554290e-17,3.267277e-17,3.267277e-19
2.939924e+01,1.570998e-17,3.306752e-17,3.306752e-19
2.940191e+01,1.572014e-17,3.391413e-17,3.391413e-19
2.940459e+01,1.546867e-17,3.408322e-17,3.408322e-19
2.940726e+01,1.580767e-17,3.416391e-17,3.416391e-19
2.940993e+01,1.540302e-17,3.381279e-17,3.381279e-19
2.941261e+01,1.570410e-17,3.376712e-17,3.376712e-19
2.941528e+01,1.579149e-17,3.419270e-17,3.419270e-19
2.941795e+01,1.599720e-17,3.585212e-17,3.585212e-19
2.942063e+01,1.586105e-17,3.700328e-17,3.700328e-19
2.942330e+01,1.594670e-17,3.723782e-17,3.723782e-19
2.942597e+01,1.577515e-17,3.697982e-17,3.697982e-19
2.942865e+01,1.575403e-17,3.678515e-17,3.678515e-19
2.943132e+01,1.585373e-17,3.729967e-17,3.729967e-19
2.943399e+01,1.601245e-17,3.884183e-17,3.884183e-19
2.943667e+01,1.614660e-17,4.069481e-17,4.069481e-19
2.943934e+01,1.594516e-17,4.155309e-17,4.155309e-19
2.944201e+01,1.620175e-17,4.153331e-17,4.153331e-19
2.944469e+01,1.589340e-17,4.202677e-17,4.202677e-19
2.944736e+01,1.543926e-17,4.345565e-17,4.345565e-19
2.945003e+01,1.604284e-17,4.495484e-17,4.495484e-19
2.945271e+01,1.612055e-17,4.627106e-17,4.627106e-19
2.945538e+01,1.603394e-17,4.703558e-17,4.703558e-19
2.945805e+01,1.620908e-17,4.769010e-17,4.769010e-19
2.946073e+01,1.615448e-17,4.857360e-17,4.857360e-19
2.946340e+01,1.609753e-17,4.920243e-17,4.920243e-19
2.946607e+01,1.632399e-17,4.997069e-17,4.997069e-19
2.946875e+01,1.608392e-17,5.129770e-17,5.129770e-19
2.947142e+01,1.615469e-17,5.275555e-17,5.275555e-19
2.947409e+01,1.638539e-17,5.288652e-17,5.288652e-19
2.947677e+01,1.620708e-17,5.221114e-17,5.221114e-19
2.947944e+01,1.607108e-17,5.235531e-17,5.235531e-19
2.948211e+01,1.586930e-17,5.313264e-17,5.313264e-19
2.948479e+01,1.618728e-17,5.391690e-17,5.391690e-19
2.948746e+01,1.619552e-17,5.393367e-17,5.393367e-19
2.949013e+01,1.623052e-17,5.325681e-17,5.325681e-19
2.949281e+01,1.614148e-17,5.257942e-17,5.257942e-19
2.949548e+01,1.596852e-17,5.255054e-17,5.255054e-19
2.949815e+01,1.584072e-17,5.245074e-17,5.245074e-19
2.950083e+01,1.613805e-17,5.173289e-17,5.173289e-19
2.950350e+01,1.622262e-17,5.118172e-17,5.118172e-19
2.950617e+01,1.600201e-17,5.149098e-17,5.149098e-19
2.950885e+01,1.592166e-17,5.151683e-17,5.151683e-19
2.951152e+01,1.608949e-17,5.102317e-17,5.102317e-19
2.951419e+01,1.599994e-17,5.057813e-17,5.057813e-19
2.951687e+01,1.596234e-17,4.990760e-17,4.990760e-19
2.951954e+01,1.592642e-17,4.966592e-17,4.966592e-19
2.952221e+01,1.592047e-17,4.936969e-17,4.936969e-19
2.952489e+01,1.578416e-17,4.880530e-17,4.880530e-19
2.952756e+01,1.586018e-17,4.785082e-17,4.785082e-19
2.953023e+01,1.558538e-17,4.715938e-17,4.715938e-19
2.953291e+01,1.570151e-17,4.737571e-17,4.737571e-19
2.953558e+01,1.565226e-17,4.739587e-17,4.739587e-19
2.953825e+01,1.558174e-17,4.666257e-17,4.666257e-19
2.954093e+01,1.552690e-17,4.593958e-17,4.593958e-19
2.954360e+01,1.604971e-17,4.558142e-17,4.558142e-19
2.954628e+01,1.576734e-17,4.586550e-17,4.586550e-19
2.954895e+01,1.574019e-17,4.586630e-17,4.586630e-19
2.955162e+01,1.553399e-17,4.495455e-17,4.495455e-19
2.955430e+01,1.527053e-17,4.413050e-17,4.413050e-19
2.955697e+01,1.566264e-17,4.409124e-17,4.409124e-19
2.955964e+01,1.575070e-17,4.371417e-17,4.371417e-19
2.956232e+01,1.547165e-17,4.280012e-17,4.280012e-19
2.956499e+01,1.528690e-17,4.194359e-17,4.194359e-19
2.956766e+01,1.563157e-17,4.195462e-17,4.195462e-19
2.957034e+01,1.559146e-17,4.210229e-17,4.210229e-19
2.957301e+01,1.558426e-17,4.175069e-17,4.175069e-19
2.957568e+01,1.557667e-17,4.119848e-17,4.119848e-19
2.957836e+01,1.556351e-17,4.074270e-17,4.074270e-19
2.958103e+01,1.579850e-17,4.054330e-17,4.054330e-19
2.958370e+01,1.560848e-17,4.044738e-17,4.044738e-19
2.958638e+01,1.584493e-17,4.067118e-17,4.067118e-19
2.958905e+01,1.577544e-17,4.058676e-17,4.058676e-19
2.959172e+01,1.572925e-17,4.027749e-17,4.027749e-19
2.959440e+01,1.561710e-17,3.996539e-17,3.996539e-19
2.959707e+01,1.562779e-17,3.967670e-17,3.967670e-19
2.959974e+01,1.576235e-17,3.979058e-17,3.979058e-19
2.960242e+01,1.562235e-17,4.032059e-17,4.032059e-19
2.960509e+01,1.567591e-17,4.113924e-17,4.113924e-19
2.960776e+01,1.566296e-17,4.109748e-17,4.109748e-19
2.961044e+01,1.574291e-17,4.048519e-17,4.048519e-19
2.961311e+01,1.570204e-17,4.024103e-17,4.024103e-19
2.961578e+01,1.561245e-17,4.072155e-17,4.072155e-19
2.961846e+01,1.560994e-17,4.129810e-17,4.129810e-19
2.962113e+01,1.592944e-17,4.179840e-17,4.179840e-19
2.962380e+01,1.544429e-17,4.196285e-17,4.196285e-19
2.962648e+01,1.568385e-17,4.223298e-17,4.223298e-19
2.962915e+01,1.595224e-17,4.256969e-17,4.256969e-19
2.963182e+01,1.575999e-17,4.239859e-17,4.239859e-19
2.963450e+01,1.555017e-17,4.158321e-17,4.158321e-19
2.963717e+01,1.551143e-17,4.101697e-17,4.101697e-19
2.963984e+01,1.554460e-17,4.086476e-17,4.086476e-19
2.964252e+01,1.549826e-17,4.053947e-17,4.053947e-19
2.964519e+01,1.567872e-17,4.032688e-17,4.032688e-19
2.964786e+01,1.566330e-17,4.047335e-17,4.047335e-19
2.965054e+01,1.574947e-17,4.021078e-17,4.021078e-19
2.965321e+01,1.577742e-17,3.892995e-17,3.892995e-19
2.965588e+01,1.569830e-17,3.763656e-17,3.763656e-19
2.965856e+01,1.564714e-17,3.696207e-17,3.696207e-19
2.966123e+01,1.580713e-17,3.667128e-17,3.667128e-19
2.966390e+01,1.560967e-17,3.616160e-17,3.616160e-19
2.966658e+01,1.546861e-17,3.552309e-17,3.552309e-19
2.966925e+01,1.560228e-17,3.488206e-17,3.488206e-19
2.967192e+01,1.560957e-17,3.471538e-17,3.471538e-19
2.967460e+01,1.552437e-17,3.475895e-17,3.475895e-19
2.967727e+01,1.562003e-17,3.428282e-17,3.428282e-19
2.967994e+01,1.515729e-17,3.325340e-17,3.325340e-19
2.968262e+01,1.538569e-17,3.298528e-17,3.298528e-19
2.968529e+01,1.551354e-17,3.289731e-17,3.289731e-19
2.968796e+01,1.557291e-17,3.276963e-17,3.276963e-19
2.969064e+01,1.541448e-17,3.250189e-17,3.250189e-19
2.969331e+01,1.557615e-17,3.205566e-17,3.205566e-19
2.969598e+01,1.536569e-17,3.174629e-17,3.174629e-19
2.969866e+01,1.553204e-17,3.141663e-17,3.141663e-19
2.970133e+01,1.545684e-17,3.142382e-17,3.142382e-19
2.970400e+01,1.554167e-17,3.176318e-17,3.176318e-19
2.970668e+01,1.557334e-17,3.164068e-17,3.164068e-19
2.970935e+01,1.552351e-17,3.107256e-17,3.107256e-19
2.971203e+01,1.517302e-17,3.026503e-17,3.026503e-19
2.971470e+01,1.523304e-17,2.994181e-17,2.994181e-19
2.971737e+01,1.568926e-17,3.008810e-17,3.008810e-19
2.972005e+01,1.566771e-17,2.994088e-17,2.994088e-19
2.972272e+01,1.527788e-17,2.985131e-17,2.985131e-19
2.972539e+01,1.533629e-17,2.998685e-17,2.998685e-19
2.972807e+01,1.528962e-17,3.056696e-17,3.056696e-19
2.973074e+01,1.531128e-17,3.091172e-17,3.091172e-19
2.973341e+01,1.580966e-17,3.184529e-17,3.184529e-19
2.973609e+01,1.558043e-17,3.275986e-17,3.275986e-19
2.973876e+01,1.573946e-17,3.356272e-17,3.356272e-19
2.974143e+01,1.526447e-17,3.337550e-17,3.337550e-19
2.974411e+01,1.535933e-17,3.348001e-17,3.348001e-19
2.974678e+01,1.566153e-17,3.508814e-17,3.508814e-19
2.974945e+01,1.580014e-17,3.690298e-17,3.690298e-19
2.975213e+01,1.576788e-17,3.698932e-17,3.698932e-19
2.975480e+01,1.542633e-17,3.684259e-17,3.684259e-19
2.975747e+01,1.558665e-17,3.781418e-17,3.781418e-19
2.976015e+01,1.591269e-17,3.859191e-17,3.859191e-19
2.976282e+01,1.563813e-17,3.834883e-17,3.834883e-19
2.976549e+01,1.585331e-17,3.839544e-17,3.839544e-19
2.976817e+01,1.554929e-17,3.896888e-17,3.896888e-19
2.977084e+01,1.571550e-17,3.924745e-17,3.924745e-19
2.977351e+01,1.540122e-17,3.917642e-17,3.917642e-19
2.977619e+01,1.562260e-17,3.917218e-17,3.917218e-19
2.977886e+01,1.547613e-17,3.870584e-17,3.870584e-19
2.978153e+01,1.568356e-17,3.901366e-17,3.901366e-19
2.978421e+01,1.557296e-17,3.983593e-17,3.983593e-19
2.978688e+01,1.566266e-17,3.995391e-17,3.995391e-19
2.978955e+01,1.562646e-17,4.023070e-17,4.023070e-19
2.979223e+01,1.553762e-17,4.142599e-17,4.142599e-19
2.979490e+01,1.580359e-17,4.236183e-17,4.236183e-19
2.979757e+01,1.584376e-17,4.157584e-17,4.157584e-19
2.980025e+01,1.560950e-17,4.099898e-17,4.099898e-19
2.980292e+01,1.576109e-17,4.146268e-17,4.146268e-19
2.980559e+01,1.556872e-17,4.254483e-17,4.254483e-19
2.980827e+01,1.591717e-17,4.342679e-17,4.342679e-19
2.981094e+01,1.593505e-17,4.352331e-17,4.352331e-19
2.981361e+01,1.604190e-17,4.366895e-17,4.366895e-19
2.981629e+01,1.580347e-17,4.408613e-17,4.408613e-19
2.981896e+01,1.587657e-17,4.511955e-17,4.511955e-19
2.982163e+01,1.580089e-17,4.591623e-17,4.591623e-19
2.982431e+01,1.618455e-17,4.637898e-17,4.637898e-19
2.982698e+01,1.593104e-17,4.643476e-17,4.643476e-19
2.982965e+01,1.602060e-17,4.669253e-17,4.669253e-19
2.983233e+01,1.581836e-17,4.674916e-17,4.674916e-19
2.983500e+01,1.586346e-17,4.685989e-17,4.685989e-19
2.983767e+01,1.592281e-17,4.720638e-17,4.720638e-19
2.984035e+01,1.608504e-17,4.679863e-17,4.679863e-19
2.984302e+01,1.592286e-17,4.535528e-17,4.535528e-19
2.984569e+01,1.602164e-17,4.398218e-17,4.398218e-19
2.984837e+01,1.587693e-17,4.252574e-17,4.252574e-19
2.985104e+01,1.574934e-17,4.045415e-17,4.045415e-19
2.985371e+01,1.571374e-17,3.851299e-17,3.851299e-19
2.985639e+01,1.578578e-17,3.706824e-17,3.706824e-19
2.985906e+01,1.584313e-17,3.619262e-17,3.619262e-19
2.986173e+01,1.585356e-17,3.591728e-17,3.591728e-19
2.986441e+01,1.541634e-17,3.554560e-17,3.554560e-19
2.986708e+01,1.569670e-17,3.454184e-17,3.454184e-19
2.986975e+01,1.546402e-17,3.330689e-17,3.330689e-19
2.987243e+01,1.539436e-17,3.322094e-17,3.322094e-19
2.987510e+01,1.572566e-17,3.391994e-17,3.391994e-19
2.987778e+01,1.568088e-17,3.442166e-17,3.442166e-19
2.988045e+01,1.565509e-17,3.427730e-17,3.427730e-19
2.988312e+01,1.545362e-17,3.337008e-17,3.337008e-19
2.988580e+01,1.560506e-17,3.382763e-17,3.382763e-19
2.988847e+01,1.536967e-17,3.471358e-17,3.471358e-19
2.989114e+01,1.537574e-17,3.546929e-17,3.546929e-19
2.989382e+01,1.537441e-17,3.546453e-17,3.546453e-19
2.989649e+01,1.572377e-17,3.540854e-17,3.540854e-19
2.989916e+01,1.571099e-17,3.552424e-17,3.552424e-19
2.990184e+01,1.556997e-17,3.612284e-17,3.612284e-19
2.990451e+01,1.550745e-17,3.669424e-17,3.669424e-19
2.990718e+01,1.579171e-17,3.636759e-17,3.636759e-19
2.990986e+01,1.569111e-17,3.625675e-17,3.625675e-19
2.991253e+01,1.580306e-17,3.646097e-17,3.646097e-19
2.991520e+01,1.547594e-17,3.659678e-17,3.659678e-19
2.991788e+01,1.574706e-17,3.651824e-17,3.651824e-19
2.992055e+01,1.582774e-17,3.675096e-17,3.675096e-19
2.992322e+01,1.548526e-17,3.756900e-17,3.756900e-19
2.992590e+01,1.589435e-17,3.846001e-17,3.846001e-19
2.992857e+01,1.574445e-17,3.804455e-17,3.804455e-19
2.993124e+01,1.569203e-17,3.681707e-17,3.681707e-19
2.993392e+01,1.577407e-17,3.654000e-17,3.654000e-19
2.993659e+01,1.574088e-17,3.668573e-17,3.668573e-19
2.993926e+01,1.572162e-17,3.671221e-17,3.671221e-19
2.994194e+01,1.566853e-17,3.625222e-17,3.625222e-19
2.994461e+01,1.565088e-17,3.666888e-17,3.666888e-19
2.994728e+01,1.566957e-17,3.695756e-17,3.695756e-19
2.994996e+01,1.584344e-17,3.656540e-17,3.656540e-19
2.995263e+01,1.564763e-17,3.603441e-17,3.603441e-19
2.995530e+01,1.578535e-17,3.647184e-17,3.647184e-19
2.995798e+01,1.556535e-17,3.712656e-17,3.712656e-19
2.996065e+01,1.592814e-17,3.680834e-17,3.680834e-19
2.996332e+01,1.540576e-17,3.621906e-17,3.621906e-19
2.996600e+01,1.574092e-17,3.679487e-17,3.679487e-19
2.996867e+01,1.583642e-17,3.760321e-17,3.760321e-19
2.997134e+01,1.593448e-17,3.790494e-17,3.790494e-19
2.997402e+01,1.571881e-17,3.729372e-17,3.729372e-19
2.997669e+01,1.550376e-17,3.641688e-17,3.641688e-19
2.997936e+01,1.552936e-17,3.602738e-17,3.602738e-19
2.998204e+01,1.590206e-17,3.652262e-17,3.652262e-19
2.998471e+01,1.532336e-17,3.596272e-17,3.596272e-19
2.998738e+01,1.547265e-17,3.424565e-17,3.424565e-19
2.999006e+01,1.564598e-17,3.344502e-17,3.344502e-19
2.999273e+01,1.542922e-17,3.448376e-17,3.448376e-19
2.999540e+01,1.537517e-17,3.542689e-17,3.542689e-19
2.999808e+01,1.574054e-17,3.538450e-17,3.538450e-19
3.000075e+01,1.549699e-17,3.464885e-17,3.464885e-19
3.000342e+01,1.517477e-17,3.397182e-17,3.397182e-19
3.000610e+01,1.544333e-17,3.404515e-17,3.404515e-19
3.000877e+01,1.536524e-17,3.394293e-17,3.394293e-19
3.001144e+01,1.534246e-17,3.344371e-17,3.344371e-19
3.001412e+01,1.542695e-17,3.314996e-17,3.314996e-19
3.001679e+01,1.531029e-17,3.348438e-17,3.348438e-19
3.001946e+01,1.526257e-17,3.405950e-17,3.405950e-19
3.002214e+01,1.536132e-17,3.439083e-17,3.439083e-19
3.002481e+01,1.534768e-17,3.425002e-17,3.425002e-19
3.002748e+01,1.545606e-17,3.510200e-17,3.510200e-19
3.003016e+01,1.535296e-17,3.470352e-17,3.470352e-19
3.003283e+01,1.538153e-17,3.336088e-17,3.336088e-19
3.003550e+01,1.541197e-17,3.331224e-17,3.331224e-19
3.003818e+01,1.549400e-17,3.447623e-17,3.447623e-19
3.004085e+01,1.528393e-17,3.465709e-17,3.465709e-19
3.004353e+01,1.550675e-17,3.424640e-17,3.424640e-19
3.004620e+01,1.538287e-17,3.387386e-17,3.387386e-19
3.004887e+01,1.533621e-17,3.440264e-17,3.440264e-19
3.005155e+01,1.530760e-17,3.538517e-17,3.538517e-19
3.005422e+01,1.557056e-17,3.535481e-17,3.535481e-19
3.005689e+01,1.545098e-17,3.465128e-17,3.465128e-19
3.005957e+01,1.546174e-17,3.503568e-17,3.503568e-19
3.006224e+01,1.582379e-17,3.689568e-17,3.689568e-19
3.006491e+01,1.544589e-17,3.765468e-17,3.765468e-19
3.006759e+01,1.509865e-17,3.723006e-17,3.723006e-19
3.007026e+01,1.539956e-17,3.756645e-17,3.756645e-19
3.007293e+01,1.550621e-17,3.867925e-17,3.867925e-19
3.007561e+01,1.564347e-17,3.957454e-17,3.957454e-19
3.007828e+01,1.548622e-17,3.980149e-17,3.980149e-19
3.008095e+01,1.562554e-17,3.997597e-17,3.997597e-19
3.008363e+01,1.560073e-17,4.072819e-17,4.072819e-19
3.008630e+01,1.569405e-17,4.203417e-17,4.203417e-19
3.008897e+01,1.574807e-17,4.320131e-17,4.320131e-19
3.009165e+01,1.601711e-17,4.467632e-17,4.467632e-19
3.009432e+01,1.577479e-17,4.634832e-17,4.634832e-19
3.009699e+01,1.579042e-17,4.837882e-17,4.837882e-19
3.009967e+01,1.615293e-17,5.062388e-17,5.062388e-19
3.010234e+01,1.611495e-17,5.259712e-17,5.259712e-19
3.010501e+01,1.595993e-17,5.387802e-17,5.387802e-19
3.010769e+01,1.635059e-17,5.504205e-17,5.504205e-19
3.011036e+01,1.609596e-17,5.600306e-17,5.600306e-19
3.011303e+01,1.623770e-17,5.677215e-17,5.677215e-19
3.011571e+01,1.639523e-17,5.692415e-17,5.692415e-19
3.011838e+01,1.620605e-17,5.699190e-17,5.699190e-19
3.012105e+01,1.615098e-17,5.732347e-17,5.732347e-19
3.012373e+01,1.604649e-17,5.718756e-17,5.718756e-19
3.012640e+01,1.592321e-17,5.635975e-17,5.635975e-19
3.012907e+01,1.626796e-17,5.525631e-17,5.525631e-19
3.013175e+01,1.624756e-17,5.399256e-17,5.399256e-19
3.013442e+01,1.585408e-17,5.277192e-17,5.277192e-19
3.013709e+01,1.590250e-17,5.194636e-17,5.194636e-19
3.013977e+01,1.601911e-17,5.092318e-17,5.092318e-19
3.014244e+01,1.587372e-17,4.995873e-17,4.995873e-19
3.014511e+01,1.586422e-17,4.937227e-17,4.937227e-19
3.014779e+01,1.560171e-17,4.884740e-17,4.884740e-19
3.015046e+01,1.574414e-17,4.812383e-17,4.812383e-19
3.015313e+01,1.563788e-17,4.705603e-17,4.705603e-19
3.015581e+01,1.589016e-17,4.662652e-17,4.662652e-19
3.015848e+01,1.563714e-17,4.630196e-17,4.630196e-19
3.016115e+01,1.546206e-17,4.590848e-17,4.590848e-19
3.016383e+01,1.567411e-17,4.573155e-17,4.573155e-19
3.016650e+01,1.555286e-17,4.542207e-17,4.542207e-19
3.016917e+01,1.566557e-17,4.502178e-17,4.502178e-19
3.017185e+01,1.553121e-17,4.459308e-17,4.459308e-19
3.017452e+01,1.567830e-17,4.404284e-17,4.404284e-19
3.017719e+01,1.557903e-17,4.298198e-17,4.298198e-19
3.017987e+01,1.578358e-17,4.222139e-17,4.222139e-19
3.018254e+01,1.551555e-17,4.189493e-17,4.189493e-19
3.018521e+01,1.558194e-17,4.160371e-17,4.160371e-19
3.018789e+01,1.574581e-17,4.160803e-17,4.160803e-19
3.019056e+01,1.582218e-17,4.150369e-17,4.150369e-19
3.019323e+01,1.587048e-17,4.088560e-17,4.088560e-19
3.019591e+01,1.558041e-17,3.992920e-17,3.992920e-19
3.019858e+01,1.545237e-17,3.977216e-17,3.977216e-19
3.020125e+01,1.550288e-17,3.992609e-17,3.992609e-19
3.020393e+01,1.554479e-17,4.000210e-17,4.000210e-19
3.020660e+01,1.579715e-17,4.032211e-17,4.032211e-19
3.020928e+01,1.563637e-17,4.082879e-17,4.082879e-19
3.021195e+01,1.576332e-17,4.173877e-17,4.173877e-19
3.021462e+01,1.586663e-17,4.235136e-17,4.235136e-19
3.021730e+01,1.591805e-17,4.266451e-17,4.266451e-19
3.021997e+01,1.583987e-17,4.302530e-17,4.302530e-19
3.022264e+01,1.568255e-17,4.384154e-17,4.384154e-19
3.022532e+01,1.590810e-17,4.472185e-17,4.472185e-19
3.022799e+01,1.595267e-17,4.512540e-17,4.512540e-19
3.023066e+01,1.587103e-17,4.554128e-17,4.554128e-19
3.023334e+01,1.570061e-17,4.636389e-17,4.636389e-19
3.023601e+01,1.581194e-17,4.765859e-17,4.765859e-19
3.023868e+01,1.569890e-17,4.866273e-17,4.866273e-19
3.024136e+01,1.594495e-17,4.898595e-17,4.898595e-19
3.024403e+01,1.590718e-17,4.916894e-17,4.916894e-19
3.024670e+01,1.591215e-17,4.969402e-17,4.969402e-19
3.024938e+01,1.573028e-17,5.057883e-17,5.057883e-19
3.025205e+01,1.578931e-17,5.157790e-17,5.157790e-19
3.025472e+01,1.593743e-17,5.228196e-17,5.228196e-19
3.025740e+01,1.609825e-17,5.296036e-17,5.296036e-19
3.026007e+01,1.586786e-17,5.372366e-17,5.372366e-19
3.026274e+01,1.612378e-17,5.442602e-17,5.442602e-19
3.026542e+01,1.577983e-17,5.480799e-17,5.480799e-19
3.026809e+01,1.590785e-17,5.519229e-17,5.519229e-19
3.027076e+01,1.576716e-17,5.578435e-17,5.578435e-19
3.027344e+01,1.585301e-17,5.624205e-17,5.624205e-19
3.027611e+01,1.610003e-17,5.617112e-17,5.617112e-19
3.027878e+01,1.576374e-17,5.574921e-17,5.574921e-19
3.028146e+01,1.577822e-17,5.586005e-17,5.586005e-19
3.028413e+01,1.598433e-17,5.595961e-17,5.595961e-19
3.028680e+01,1.574089e-17,5.584621e-17,5.584621e-19
3.028948e+01,1.596194e-17,5.611241e-17,5.611241e-19
3.029215e+01,1.591992e-17,5.643499e-17,5.643499e-19
3.029482e+01,1.587827e-17,5.646331e-17,5.646331e-19
3.029750e+01,1.578521e-17,5.662920e-17,5.662920e-19
3.030017e+01,1.618795e-17,5.675516e-17,5.675516e-19
3.030284e+01,1.624818e-17,5.585418e-17,5.585418e-19
3.030552e+01,1.591323e-17,5.454229e-17,5.454229e-19
3.030819e+01,1.580554e-17,5.352393e-17,5.352393e-19
3.031086e+01,1.556645e-17,5.291275e-17,5.291275e-19
3.031354e+01,1.571410e-17,5.218818e-17,5.218818e-19
3.031621e+01,1.565336e-17,5.109202e-17,5.109202e-19
3.031888e+01,1.593659e-17,5.022564e-17,5.022564e-19
3.032156e+01,1.566193e-17,4.914405e-17,4.914405e-19
3.032423e+01,1.579837e-17,4.791508e-17,4.791508e-19
3.032690e+01,1.574744e-17,4.763441e-17,4.763441e-19
3.032958e+01,1.601716e-17,4.760418e-17,4.760418e-19
3.033225e+01,1.591652e-17,4.618179e-17,4.618179e-19
3.033492e+01,1.591716e-17,4.438954e-17,4.438954e-19
3.033760e+01,1.580030e-17,4.365618e-17,4.365618e-19
3.034027e+01,1.586084e-17,4.312765e-17,4.312765e-19
3.034294e+01,1.590680e-17,4.141425e-17,4.141425e-19
3.034562e+01,1.565852e-17,3.941822e-17,3.941822e-19
3.034829e+01,1.576701e-17,3.833331e-17,3.833331e-19
3.035096e+01,1.541630e-17,3.824785e-17,3.824785e-19
3.035364e+01,1.585050e-17,3.837514e-17,3.837514e-19
3.035631e+01,1.551013e-17,3.742159e-17,3.742159e-19
3.035898e+01,1.574663e-17,3.669167e-17,3.669167e-19
3.036166e+01,1.556641e-17,3.703496e-17,3.703496e-19
3.036433e+01,1.550672e-17,3.738730e-17,3.738730e-19
3.036700e+01,1.566384e-17,3.688353e-17,3.688353e-19
3.036968e+01,1.554557e-17,3.696026e-17,3.696026e-19
3.037235e+01,1.570332e-17,3.800644e-17,3.800644e-19
3.037503e+01,1.574741e-17,3.864768e-17,3.864768e-19
3.037770e+01,1.593746e-17,3.938831e-17,3.938831e-19
3.038037e+01,1.597629e-17,4.104432e-17,4.104432e-19
3.038305e+01,1.584713e-17,4.297930e-17,4.297930e-19
3.038572e+01,1.570753e-17,4.521359e-17,4.521359e-19
3.038839e+01,1.561686e-17,4.720037e-17,4.720037e-19
3.039107e+01,1.599562e-17,4.877154e-17,4.877154e-19
3.039374e+01,1.554260e-17,4.970168e-17,4.970168e-19
3.039641e+01,1.602680e-17,5.130105e-17,5.130105e-19
3.039909e+01,1.588159e-17,5.289645e-17,5.289645e-19
3.040176e+01,1.598256e-17,5.343685e-17,5.343685e-19
3.040443e+01,1.582493e-17,5.239971e-17,5.239971e-19
3.040711e+01,1.575750e-17,5.087999e-17,5.087999e-19
3.040978e+01,1.557513e-17,4.987161e-17,4.987161e-19
3.041245e+01,1.554838e-17,4.949443e-17,4.949443e-19
3.041513e+01,1.544549e-17,4.947499e-17,4.947499e-19
3.041780e+01,1.537940e-17,4.902880e-17,4.902880e-19
3.042047e+01,1.539744e-17,4.796278e-17,4.796278e-19
3.042315e+01,1.525669e-17,4.635841e-17,4.635841e-19
3.042582e+01,1.512130e-17,4.500911e-17,4.500911e-19
3.042849e+01,1.525146e-17,4.453674e-17,4.453674e-19
3.043117e+01,1.528531e-17,4.405642e-17,4.405642e-19
3.043384e+01,1.546888e-17,4.312713e-17,4.312713e-19
3.043651e+01,1.548247e-17,4.179213e-17,4.179213e-19
3.043919e+01,1.524586e-17,4.061617e-17,4.061617e-19
3.044186e+01,1.539747e-17,4.023927e-17,4.023927e-19
3.044453e+01,1.529457e-17,4.031042e-17,4.031042e-19
3.044721e+01,1.540227e-17,3.990611e-17,3.990611e-19
3.044988e+01,1.517326e-17,3.896080e-17,3.896080e-19
3.045255e+01,1.529287e-17,3.853312e-17,3.853312e-19
3.045523e+01,1.523665e-17,3.791498e-17,3.791498e-19
3.045790e+01,1.511845e-17,3.774253e-17,3.774253e-19
3.046057e+01,1.490836e-17,3.734679e-17,3.734679e-19
3.046325e+01,1.479553e-17,3.621303e-17,3.621303e-19
3.046592e+01,1.541419e-17,3.452738e-17,3.452738e-19
3.046859e+01,1.528121e-17,3.330189e-17,3.330189e-19
3.047127e+01,1.535203e-17,3.284561e-17,3.284561e-19
3.047394e+01,1.517838e-17,3.248702e-17,3.248702e-19
3.047661e+01,1.510032e-17,3.156399e-17,3.156399e-19
3.047929e+01,1.528223e-17,3.049011e-17,3.049011e-19
3.048196e+01,1.512382e-17,2.993946e-17,2.993946e-19
3.048463e+01,1.523571e-17,2.937531e-17,2.937531e-19
3.048731e+01,1.510398e-17,2.885969e-17,2.885969e-19
3.048998e+01,1.504329e-17,2.841489e-17,2.841489e-19
3.049265e+01,1.539219e-17,2.867778e-17,2.867778e-19
3.049533e+01,1.524557e-17,2.873032e-17,2.873032e-19
3.049800e+01,1.499182e-17,2.829266e-17,2.829266e-19
3.050067e+01,1.503392e-17,2.811483e-17,2.811483e-19
3.050335e+01,1.537342e-17,2.836532e-17,2.836532e-19
3.050602e+01,1.501708e-17,2.810850e-17,2.810850e-19
3.050869e+01,1.526960e-17,2.870636e-17,2.870636e-19
3.051137e+01,1.516246e-17,2.938087e-17,2.938087e-19
3.051404e+01,1.555327e-17,3.018391e-17,3.018391e-19
3.051671e+01,1.527817e-17,3.009288e-17,3.009288e-19
3.051939e+01,1.524019e-17,3.018991e-17,3.018991e-19
3.052206e+01,1.529756e-17,3.086252e-17,3.086252e-19
3.052473e+01,1.526535e-17,3.169575e-17,3.169575e-19
3.052741e+01,1.540078e-17,3.269917e-17,3.269917e-19
3.053008e+01,1.515678e-17,3.361685e-17,3.361685e-19
3.053275e+01,1.548370e-17,3.418570e-17,3.418570e-19
3.053543e+01,1.565282e-17,3.464975e-17,3.464975e-19
3.053810e+01,1.549405e-17,3.566368e-17,3.566368e-19
3.054078e+01,1.550406e-17,3.735691e-17,3.735691e-19
3.054345e+01,1.545096e-17,3.861318e-17,3.861318e-19
3.054612e+01,1.581935e-17,3.937666e-17,3.937666e-19
3.054880e+01,1.579189e-17,3.976504e-17,3.976504e-19
3.055147e+01,1.547778e-17,3.977105e-17,3.977105e-19
3.055414e+01,1.563982e-17,3.999041e-17,3.999041e-19
3.055682e+01,1.563037e-17,4.041293e-17,4.041293e-19
3.055949e+01,1.574868e-17,4.066940e-17,4.066940e-19
3.056216e+01,1.547713e-17,4.054191e-17,4.054191e-19
3.056484e+01,1.565708e-17,4.073264e-17,4.073264e-19
3.056751e+01,1.566118e-17,4.124157e-17,4.124157e-19
3.057018e+01,1.578346e-17,4.171005e-17,4.171005e-19
3.057286e+01,1.575127e-17,4.221039e-17,4.221039e-19
3.057553e+01,1.537171e-17,4.258775e-17,4.258775e-19
3.057820e+01,1.559133e-17,4.273183e-17,4.273183e-19
3.058088e+01,1.592562e-17,4.297227e-17,4.297227e-19
3.058355e+01,1.569339e-17,4.344311e-17,4.344311e-19
3.058622e+01,1.570977e-17,4.375636e-17,4.375636e-19
3.058890e+01,1.584692e-17,4.312284e-17,4.312284e-19
3.059157e+01,1.586782e-17,4.327281e-17,4.327281e-19
3.059424e+01,1.585113e-17,4.452133e-17,4.452133e-19
3.059692e+01,1.563380e-17,4.534306e-17,4.534306e-19
3.059959e+01,1.602157e-17,4.533841e-17,4.533841e-19
3.060226e+01,1.586155e-17,4.535484e-17,4.535484e-19
3.060494e+01,1.569608e-17,4.461603e-17,4.461603e-19
3.060761e+01,1.592825e-17,4.315778e-17,4.315778e-19
3.061028e+01,1.599395e-17,4.305244e-17,4.305244e-19
3.061296e+01,1.575654e-17,4.287907e-17,4.287907e-19
3.061563e+01,1.589884e-17,4.249300e-17,4.249300e-19
3.061830e+01,1.581968e-17,4.272165e-17,4.272165e-19
3.062098e+01,1.559701e-17,4.294322e-17,4.294322e-19
3.062365e+01,1.583293e-17,4.265553e-17,4.265553e-19
3.062632e+01,1.572725e-17,4.171754e-17,4.171754e-19
3.062900e+01,1.568832e-17,4.109468e-17,4.109468e-19
3.063167e+01,1.540519e-17,4.120821e-17,4.120821e-19
3.063434e+01,1.586157e-17,4.216092e-17,4.216092e-19
3.063702e+01,1.580512e-17,4.298557e-17,4.298557e-19
3.063969e+01,1.570243e-17,4.384829e-17,4.384829e-19
3.064236e+01,1.570281e-17,4.446831e-17,4.446831e-19
3.064504e+01,1.578198e-17,4.486162e-17,4.486162e-19
3.064771e+01,1.576851e-17,4.436606e-17,4.436606e-19
3.065038e+01,1.564532e-17,4.379368e-17,4.379368e-19
3.065306e+01,1.581788e-17,4.426607e-17,4.426607e-19
3.065573e+01,1.570815e-17,4.536130e-17,4.536130e-19
3.065840e+01,1.589591e-17,4.622458e-17,4.622458e-19
3.066108e+01,1.580578e-17,4.665080e-17,4.665080e-19
3.066375e+01,1.574866e-17,4.662855e-17,4.662855e-19
3.066642e+01,1.589222e-17,4.604254e-17,4.604254e-19
3.066910e+01,1.567511e-17,4.537164e-17,4.537164e-19
3.067177e+01,1.589524e-17,4.579543e-17,4.579543e-19
3.067444e+01,1.589641e-17,4.627723e-17,4.627723e-19
3.067712e+01,1.579643e-17,4.639256e-17,4.639256e-19
3.067979e+01,1.580285e-17,4.673562e-17,4.673562e-19
3.068246e+01,1.588484e-17,4.711768e-17,4.711768e-19
3.068514e+01,1.566983e-17,4.699028e-17,4.699028e-19
3.068781e+01,1.576180e-17,4.685429e-17,4.685429e-19
3.069048e+01,1.567488e-17,4.592966e-17,4.592966e-19
3.069316e+01,1.568972e-17,4.456467e-17,4.456467e-19
3.069583e+01,1.570372e-17,4.429332e-17,4.429332e-19
3.069850e+01,1.553104e-17,4.463104e-17,4.463104e-19
3.070118e+01,1.573041e-17,4.453199e-17,4.453199e-19
3.070385e+01,1.552672e-17,4.438914e-17,4.438914e-19
3.070653e+01,1.559301e-17,4.459352e-17,4.459352e-19
3.070920e+01,1.573268e-17,4.485594e-17,4.485594e-19
3.071187e+01,1.550280e-17,4.531225e-17,4.531225e-19
3.071455e+01,1.549600e-17,4.489134e-17,4.489134e-19
3.071722e+01,1.539423e-17,4.442897e-17,4.442897e-19
3.071989e+01,1.558542e-17,4.502808e-17,4.502808e-19
3.072257e+01,1.576066e-17,4.570812e-17,4.570812e-19
3.072524e+01,1.562108e-17,4.578204e-17,4.578204e-19
3.072791e+01,1.560398e-17,4.576232e-17,4.576232e-19
3.073059e+01,1.554454e-17,4.601709e-17,4.601709e-19
3.073326e+01,1.563836e-17,4.679982e-17,4.679982e-19
3.073593e+01,1.570927e-17,4.800174e-17,4.800174e-19
3.073861e+01,1.579727e-17,4.890328e-17,4.890328e-19
3.074128e+01,1.579683e-17,4.893290e-17,4.893290e-19
3.074395e+01,1.598159e-17,4.834846e-17,4.834846e-19
3.074663e+01,1.598868e-17,4.764711e-17,4.764711e-19
3.074930e+01,1.595807e-17,4.734856e-17,4.734856e-19
3.075197e+01,1.596244e-17,4.715061e-17,4.715061e-19
3.075465e+01,1.566531e-17,4.674748e-17,4.674748e-19
3.075732e+01,1.553510e-17,4.688983e-17,4.688983e-19
3.075999e+01,1.568511e-17,4.708882e-17,4.708882e-19
3.076267e+01,1.560018e-17,4.678881e-17,4.678881e-19
3.076534e+01,1.586853e-17,4.623790e-17,4.623790e-19
3.076801e+01,1.571267e-17,4.554385e-17,4.554385e-19
3.077069e+01,1.596630e-17,4.511978e-17,4.511978e-19
3.077336e+01,1.569448e-17,4.441228e-17,4.441228e-19
3.077603e+01,1.577203e-17,4.361098e-17,4.361098e-19
3.077871e+01,1.564853e-17,4.312544e-17,4.312544e-19
3.078138e+01,1.563606e-17,4.300553e-17,4.300553e-19
3.078405e+01,1.576727e-17,4.268700e-17,4.268700e-19
3.078673e+01,1.561959e-17,4.201276e-17,4.201276e-19
3.078940e+01,1.577428e-17,4.156541e-17,4.156541e-19
3.079207e+01,1.541225e-17,4.072191e-17,4.072191e-19
3.079475e+01,1.570865e-17,4.016960e-17,4.016960e-19
3.079742e+01,1.552061e-17,3.957496e-17,3.957496e-19
3.080009e+01,1.568345e-17,3.942431e-17,3.942431e-19
3.080277e+01,1.527694e-17,3.917103e-17,3.917103e-19
3.080544e+01,1.552588e-17,3.898107e-17,3.898107e-19
3.080811e+01,1.557568e-17,3.912223e-17,3.912223e-19
3.081079e+01,1.532277e-17,3.928699e-17,3.928699e-19
3.081346e+01,1.575047e-17,3.902820e-17,3.902820e-19
3.081613e+01,1.535159e-17,3.820305e-17,3.820305e-19
3.081881e+01,1.544996e-17,3.826498e-17,3.826498e-19
3.082148e+01,1.559101e-17,3.888828e-17,3.888828e-19
3.082415e+01,1.591614e-17,3.880704e-17,3.880704e-19
3.082683e+01,1.562165e-17,3.778863e-17,3.778863e-19
3.082950e+01,1.570336e-17,3.762981e-17,3.762981e-19
3.083217e+01,1.562178e-17,3.802186e-17,3.802186e-19
3.083485e+01,1.558423e-17,3.819078e-17,3.819078e-19
3.083752e+01,1.590621e-17,3.868150e-17,3.868150e-19
3.084019e+01,1.584083e-17,3.906518e-17,3.906518e-19
3.084287e+01,1.547283e-17,3.899887e-17,3.899887e-19
3.084554e+01,1.569257e-17,3.882486e-17,3.882486e-19
3.084821e+01,1.545243e-17,3.884705e-17,3.884705e-19
3.085089e+01,1.556279e-17,3.921830e-17,3.921830e-19
3.085356e+01,1.564523e-17,3.965190e-17,3.965190e-19
3.085623e+01,1.568348e-17,4.077448e-17,4.077448e-19
3.085891e+01,1.552220e-17,4.169478e-17,4.169478e-19
3.086158e+01,1.588085e-17,4.248310e-17,4.248310e-19
3.086425e+01,1.564938e-17,4.324401e-17,4.324401e-19
3.086693e+01,1.596233e-17,4.476140e-17,4.476140e-19
3.086960e+01,1.597559e-17,4.650372e-17,4.650372e-19
3.087228e+01,1.595971e-17,4.744766e-17,4.744766e-19
3.087495e+01,1.597714e-17,4.773767e-17,4.773767e-19
3.087762e+01,1.585294e-17,4.830680e-17,4.830680e-19
3.088030e+01,1.616127e-17,4.978266e-17,4.978266e-19
3.088297e+01,1.617443e-17,5.031671e-17,5.031671e-19
3.088564e+01,1.609885e-17,5.008917e-17,5.008917e-19
3.088832e+01,1.609098e-17,5.053967e-17,5.053967e-19
3.089099e+01,1.606215e-17,5.061337e-17,5.061337e-19
3.089366e+01,1.590673e-17,5.015800e-17,5.015800e-19
3.089634e+01,1.591255e-17,4.993395e-17,4.993395e-19
3.089901e+01,1.617719e-17,5.000597e-17,5.000597e-19
3.090168e+01,1.585660e-17,4.999331e-17,4.999331e-19
3.090436e+01,1.609560e-17,4.989543e-17,4.989543e-19
3.090703e+01,1.590694e-17,4.978455e-17,4.978455e-19
3.090970e+01,1.581155e-17,4.955486e-17,4.955486e-19
3.091238e+01,1.593228e-17,4.923714e-17,4.923714e-19
3.091505e+01,1.565986e-17,4.923843e-17,4.923843e-19
3.091772e+01,1.599264e-17,4.983448e-17,4.983448e-19
3.092040e+01,1.581835e-17,5.025145e-17,5.025145e-19
3.092307e+01,1.614951e-17,5.037591e-17,5.037591e-19
3.092574e+01,1.609801e-17,5.061375e-17,5.061375e-19
3.092842e+01,1.579198e-17,5.086733e-17,5.086733e-19
3.093109e+01,1.590050e-17,5.152407e-17,5.152407e-19
3.093376e+01,1.596534e-17,5.198377e-17,5.198377e-19
3.093644e+01,1.602555e-17,5.208289e-17,5.208289e-19
3.093911e+01,1.574199e-17,5.222101e-17,5.222101e-19
3.094178e+01,1.613945e-17,5.279796e-17,5.279796e-19
3.094446e+01,1.587716e-17,5.251139e-17,5.251139e-19
3.094713e+01,1.598782e-17,5.176165e-17,5.176165e-19
3.094980e+01,1.580882e-17,5.181190e-17,5.181190e-19
3.095248e+01,1.605315e-17,5.343819e-17,5.343819e-19
3.095515e+01,1.616573e-17,5.408043e-17,5.408043e-19
3.095782e+01,1.619301e-17,5.311537e-17,5.311537e-19
3.096050e+01,1.598588e-17,5.194960e-17,5.194960e-19
3.096317e+01,1.616513e-17,5.117214e-17,5.117214e-19
3.096584e+01,1.609570e-17,5.056086e-17,5.056086e-19
3.096852e+01,1.625575e-17,5.042618e-17,5.042618e-19
3.097119e+01,1.626181e-17,5.060411e-17,5.060411e-19
3.097386e+01,1.609202e-17,5.134527e-17,5.134527e-19
3.097654e+01,1.624034e-17,5.155574e-17,5.155574e-19
3.097921e+01,1.625055e-17,5.124304e-17,5.124304e-19
3.098188e+01,1.622082e-17,5.115126e-17,5.115126e-19
3.098456e+01,1.606880e-17,5.096031e-17,5.096031e-19
3.098723e+01,1.596293e-17,5.063730e-17,5.063730e-19
3.098990e+01,1.587329e-17,5.043508e-17,5.043508e-19
3.099258e+01,1.635313e-17,5.032546e-17,5.032546e-19
3.099525e+01,1.606410e-17,5.010723e-17,5.010723e-19
3.099792e+01,1.604625e-17,4.952519e-17,4.952519e-19
3.100060e+01,1.608994e-17,4.866901e-17,4.866901e-19
3.100327e+01,1.615948e-17,4.837599e-17,4.837599e-19
3.100594e+01,1.600314e-17,4.845457e-17,4.845457e-19
3.100862e+01,1.601014e-17,4.859946e-17,4.859946e-19
3.101129e+01,1.569636e-17,4.803203e-17,4.803203e-19
3.101396e+01,1.581245e-17,4.725880e-17,4.725880e-19
3.101664e+01,1.577534e-17,4.672811e-17,4.672811e-19
3.101931e+01,1.617451e-17,4.661472e-17,4.661472e-19
3.102198e+01,1.576353e-17,4.669185e-17,4.669185e-19
3.102466e+01,1.590534e-17,4.721576e-17,4.721576e-19
3.102733e+01,1.581378e-17,4.688210e-17,4.688210e-19
3.103001e+01,1.568661e-17,4.606898e-17,4.606898e-19
3.103268e+01,1.586308e-17,4.547048e-17,4.547048e-19
3.103535e+01,1.554540e-17,4.429168e-17,4.429168e-19
3.103803e+01,1.587634e-17,4.366036e-17,4.366036e-19
3.104070e+01,1.557641e-17,4.396990e-17,4.396990e-19
3.104337e+01,1.586072e-17,4.413871e-17,4.413871e-19
3.104605e+01,1.577727e-17,4.257745e-17,4.257745e-19
3.104872e+01,1.560946e-17,4.095805e-17,4.095805e-19
3.105139e+01,1.545262e-17,4.078010e-17,4.078010e-19
3.105407e+01,1.565756e-17,4.081358e-17,4.081358e-19
3.105674e+01,1.551480e-17,3.989447e-17,3.989447e-19
3.105941e+01,1.550159e-17,3.900123e-17,3.900123e-19
3.106209e+01,1.533087e-17,3.901723e-17,3.901723e-19
3.106476e+01,1.547425e-17,4.012021e-17,4.012021e-19
3.106743e+01,1.551781e-17,4.052700e-17,4.052700e-19
3.107011e+01,1.522390e-17,3.982839e-17,3.982839e-19
3.107278e+01,1.548935e-17,3.938870e-17,3.938870e-19
3.107545e+01,1.567048e-17,3.913482e-17,3.913482e-19
3.107813e+01,1.567712e-17,3.896976e-17,3.896976e-19
3.108080e+01,1.538122e-17,3.867680e-17,3.867680e-19
3.108347e+01,1.537698e-17,3.915894e-17,3.915894e-19
3.108615e+01,1.518924e-17,3.892061e-17,3.892061e-19
3.108882e+01,1.517175e-17,3.804861e-17,3.804861e-19
3.109149e+01,1.533733e-17,3.810752e-17,3.810752e-19
3.109417e+01,1.523126e-17,3.833338e-17,3.833338e-19
3.109684e+01,1.538131e-17,3.807944e-17,3.807944e-19
3.109951e+01,1.545937e-17,3.821116e-17,3.821116e-19
3.110219e+01,1.549607e-17,3.851590e-17,3.851590e-19
3.110486e+01,1.536093e-17,3.855573e-17,3.855573e-19
3.110753e+01,1.533294e-17,3.819969e-17,3.819969e-19
3.111021e+01,1.550164e-17,3.793612e-17,3.793612e-19
3.111288e+01,1.544142e-17,3.807236e-17,3.807236e-19
3.111555e+01,1.530300e-17,3.892251e-17,3.892251e-19
3.111823e+01,1.556196e-17,3.903115e-17,3.903115e-19
3.112090e+01,1.562117e-17,3.789390e-17,3.789390e-19
3.112357e+01,1.575940e-17,3.758748e-17,3.758748e-19
3.112625e+01,1.562361e-17,3.816474e-17,3.816474e-19
3.112892e+01,1.573096e-17,3.813938e-17,3.813938e-19
3.113159e+01,1.558553e-17,3.767143e-17,3.767143e-19
3.113427e+01,1.553101e-17,3.792440e-17,3.792440e-19
3.113694e+01,1.563225e-17,3.833002e-17,3.833002e-19
3.113961e+01,1.585909e-17,3.817554e-17,3.817554e-19
3.114229e+01,1.541814e-17,3.793522e-17,3.793522e-19
3.114496e+01,1.568814e-17,3.922654e-17,3.922654e-19
3.114763e+01,1.550816e-17,4.072627e-17,4.072627e-19
3.115031e+01,1.576405e-17,4.190182e-17,4.190182e-19
3.115298e+01,1.557731e-17,4.295110e-17,4.295110e-19
3.115565e+01,1.575188e-17,4.358606e-17,4.358606e-19
3.115833e+01,1.566531e-17,4.304378e-17,4.304378e-19
3.116100e+01,1.580593e-17,4.319230e-17,4.319230e-19
3.116367e+01,1.566064e-17,4.309608e-17,4.309608e-19
3.116635e+01,1.591538e-17,4.222711e-17,4.222711e-19
3.116902e+01,1.582436e-17,4.189123e-17,4.189123e-19
3.117169e+01,1.546948e-17,4.196399e-17,4.196399e-19
3.117437e+01,1.563667e-17,4.131278e-17,4.131278e-19
3.117704e+01,1.548187e-17,4.021926e-17,4.021926e-19
3.117971e+01,1.545497e-17,3.937395e-17,3.937395e-19
3.118239e+01,1.554357e-17,3.839466e-17,3.839466e-19
3.118506e+01,1.541354e-17,3.725773e-17,3.725773e-19
3.118773e+01,1.545541e-17,3.616591e-17,3.616591e-19
3.119041e+01,1.532605e-17,3.473067e-17,3.473067e-19
3.119308e+01,1.543284e-17,3.427564e-17,3.427564e-19
3.119576e+01,1.569629e-17,3.422490e-17,3.422490e-19
3.119843e+01,1.552423e-17,3.367818e-17,3.367818e-19
3.120110e+01,1.544477e-17,3.302939e-17,3.302939e-19
3.120378e+01,1.554310e-17,3.309270e-17,3.309270e-19
3.120645e+01,1.518127e-17,3.294442e-17,3.294442e-19
3.120912e+01,1.547589e-17,3.346078e-17,3.346078e-19
3.121180e+01,1.562797e-17,3.461530e-17,3.461530e-19
3.121447e+01,1.556281e-17,3.517594e-17,3.517594e-19
3.121714e+01,1.565019e-17,3.513783e-17,3.513783e-19
3.121982e+01,1.546107e-17,3.550024e-17,3.550024e-19
3.122249e+01,1.560778e-17,3.621385e-17,3.621385e-19
3.122516e+01,1.563751e-17,3.682541e-17,3.682541e-19
3.122784e+01,1.552270e-17,3.719587e-17,3.719587e-19
3.123051e+01,1.552268e-17,3.724792e-17,3.724792e-19
3.123318e+01,1.576897e-17,3.775038e-17,3.775038e-19
3.123586e+01,1.528830e-17,3.835379e-17,3.835379e-19
3.123853e+01,1.555671e-17,3.866977e-17,3.866977e-19
3.124120e+01,1.568661e-17,3.884202e-17,3.884202e-19
3.124388e+01,1.559920e-17,3.878060e-17,3.878060e-19
3.124655e+01,1.544272e-17,3.846046e-17,3.846046e-19
3.124922e+01,1.566552e-17,3.833555e-17,3.833555e-19
3.125190e+01,1.566514e-17,3.806138e-17,3.806138e-19
3.125457e+01,1.544974e-17,3.765353e-17,3.765353e-19
3.125724e+01,1.594416e-17,3.711860e-17,3.711860e-19
3.125992e+01,1.529647e-17,3.615243e-17,3.615243e-19
3.126259e+01,1.548745e-17,3.589307e-17,3.589307e-19
3.126526e+01,1.552123e-17,3.638244e-17,3.638244e-19
3.126794e+01,1.566508e-17,3.655213e-17,3.655213e-19
3.127061e+01,1.553461e-17,3.609440e-17,3.609440e-19
3.127328e+01,1.555484e-17,3.585016e-17,3.585016e-19
3.127596e+01,1.542661e-17,3.552751e-17,3.552751e-19
3.127863e+01,1.555489e-17,3.589522e-17,3.589522e-19
3.128130e+01,1.558125e-17,3.653643e-17,3.653643e-19
3.128398e+01,1.558275e-17,3.606832e-17,3.606832e-19
3.128665e+01,1.560738e-17,3.545152e-17,3.545152e-19
3.128932e+01,1.573182e-17,3.550195e-17,3.550195e-19
3.129200e+01,1.554598e-17,3.573569e-17,3.573569e-19
3.129467e+01,1.574858e-17,3.603202e-17,3.603202e-19
3.129734e+01,1.558336e-17,3.667380e-17,3.667380e-19
3.130002e+01,1.554816e-17,3.711574e-17,3.711574e-19
3.130269e+01,1.575631e-17,3.771573e-17,3.771573e-19
3.130536e+01,1.551497e-17,3.816610e-17,3.816610e-19
3.130804e+01,1.558158e-17,3.889590e-17,3.889590e-19
3.131071e+01,1.564350e-17,3.901410e-17,3.901410e-19
3.131338e+01,1.556082e-17,3.862857e-17,3.862857e-19
3.131606e+01,1.552583e-17,3.867331e-17,3.867331e-19
3.131873e+01,1.556667e-17,3.915368e-17,3.915368e-19
3.132140e+01,1.574787e-17,3.966482e-17,3.966482e-19
3.132408e+01,1.560293e-17,3.953881e-17,3.953881e-19
3.132675e+01,1.558459e-17,3.939060e-17,3.939060e-19
3.132942e+01,1.578791e-17,3.910385e-17,3.910385e-19
3.133210e+01,1.570248e-17,3.851373e-17,3.851373e-19
3.133477e+01,1.533878e-17,3.757506e-17,3.757506e-19
3.133744e+01,1.548356e-17,3.727655e-17,3.727655e-19
3.134012e+01,1.577339e-17,3.757492e-17,3.757492e-19
3.134279e+01,1.546171e-17,3.740455e-17,3.740455e-19
3.134546e+01,1.543181e-17,3.695566e-17,3.695566e-19
3.134814e+01,1.542941e-17,3.723148e-17,3.723148e-19
3.135081e+01,1.556952e-17,3.795211e-17,3.795211e-19
3.135348e+01,1.549042e-17,3.785735e-17,3.785735e-19
3.135616e+01,1.553737e-17,3.793283e-17,3.793283e-19
3.135883e+01,1.555038e-17,3.833151e-17,3.833151e-19
3.136151e+01,1.570573e-17,3.913106e-17,3.913106e-19
3.136418e+01,1.555747e-17,3.963065e-17,3.963065e-19
3.136685e+01,1.547292e-17,4.001073e-17,4.001073e-19
3.136953e+01,1.575548e-17,4.070482e-17,4.070482e-19
3.137220e+01,1.565267e-17,4.107918e-17,4.107918e-19
3.137487e+01,1.553628e-17,4.151152e-17,4.151152e-19
3.137755e+01,1.568354e-17,4.216608e-17,4.216608e-19
3.138022e+01,1.556007e-17,4.247838e-17,4.247838e-19
3.138289e+01,1.591218e-17,4.246414e-17,4.246414e-19
3.138557e+01,1.565689e-17,4.191603e-17,4.191603e-19
3.138824e+01,1.571820e-17,4.195258e-17,4.195258e-19
3.139091e+01,1.568758e-17,4.224876e-17,4.224876e-19
3.139359e+01,1.544699e-17,4.276250e-17,4.276250e-19
3.139626e+01,1.574409e-17,4.365620e-17,4.365620e-19
3.139893e+01,1.583158e-17,4.444624e-17,4.444624e-19
3.140161e+01,1.552829e-17,4.484549e-17,4.484549e-19
3.140428e+01,1.550622e-17,4.551570e-17,4.551570e-19
3.140695e+01,1.529176e-17,4.566377e-17,4.566377e-19
3.140963e+01,1.542106e-17,4.589161e-17,4.589161e-19
3.141230e+01,1.556784e-17,4.640181e-17,4.640181e-19
3.141497e+01,1.542901e-17,4.872832e-17,4.872832e-19
