N_HI,b_param_km_s
1.346987e+17,8.000000e+01
1.346987e+17,8.000000e+01
1.197675e+14,5.993744e+01
1.398565e+14,4.996789e+01
6.123786e+13,3.681528e+01
4.668586e+13,6.035784e+01
2.857196e+13,7.853646e+01
1.790801e+13,7.892116e+01
1.879663e+13,2.150060e+01
1.110331e+13,7.899612e+01
4.922860e+13,3.537390e+01
1.943950e+14,6.486216e+01
1.507869e+13,7.899625e+01
1.367242e+13,7.907555e+01
1.262088e+14,8.000000e+01
4.171020e+13,3.675522e+01
1.678494e+13,7.888183e+01
1.506035e+14,8.000000e+01
8.579036e+13,4.684489e+01
2.105727e+14,8.000000e+01
8.336292e+13,4.360178e+01
5.931969e+13,5.933686e+01
1.731113e+14,6.203945e+01
5.407534e+13,5.000260e+00
7.011382e+13,4.552363e+01
1.188510e+14,5.765525e+01
2.722620e+13,7.911785e+01
5.526404e+13,3.939776e+01
1.948710e+14,5.393168e+01
1.909918e+14,8.000000e+01
1.458405e+14,4.486299e+01
2.497358e+13,2.528423e+01
1.841575e+13,7.899561e+01
2.801853e+13,2.492389e+01
6.812293e+13,5.339117e+01
6.812293e+13,5.339117e+01
4.136908e+15,8.000000e+01
4.222039e+13,3.225091e+01
6.764686e+13,4.516328e+01
1.636177e+13,4.999219e+00
3.395246e+13,3.297160e+01
1.052028e+14,4.672478e+01
8.194103e+13,5.020812e+01
6.638608e+13,4.083914e+01
1.952031e+16,8.000000e+01
7.713912e+13,6.233974e+01
1.180302e+13,7.890960e+01
2.935558e+13,2.792676e+01
1.803962e+14,4.702507e+01
7.633638e+13,4.420236e+01
1.765497e+13,7.899595e+01
4.748961e+13,5.465238e+01
1.697202e+14,6.918630e+01
1.440579e+13,7.908976e+01
9.657706e+13,4.906702e+01
3.921388e+13,4.660466e+01
2.768055e+13,2.906786e+01
3.652201e+13,3.303166e+01
2.358523e+13,7.899598e+01
1.215250e+13,2.899058e+01
1.652173e+13,7.762189e+01
9.636856e+13,7.206907e+01
3.745487e+14,3.469638e+01
9.085934e+13,7.899984e+01
1.704780e+13,7.899793e+01
1.481111e+13,7.899827e+01
1.296514e+15,7.573258e+01
6.817814e+13,6.714435e+01
3.502185e+13,3.645494e+01
6.131581e+15,8.000000e+01
1.557532e+13,4.999839e+00
4.878698e+13,5.705468e+01
3.348734e+15,8.000000e+01
1.739421e+13,4.999300e+00
2.798393e+13,2.648538e+01
3.217134e+14,8.000000e+01
3.217134e+14,8.000000e+01
3.125426e+13,2.798682e+01
1.210938e+13,5.000275e+00
6.223756e+13,3.549402e+01
5.990247e+13,3.675522e+01
3.737224e+13,7.917561e+01
3.737224e+13,7.935140e+01
2.459477e+14,8.000000e+01
1.612218e+15,8.000000e+01
6.967975e+13,5.291071e+01
2.445114e+13,7.899780e+01
3.183716e+13,3.333194e+01
3.231914e+13,2.966843e+01
5.053953e+13,3.387246e+01
2.422944e+13,2.732619e+01
1.172047e+14,4.149977e+01
1.334807e+14,5.537307e+01
2.546270e+14,8.000000e+01
2.546270e+14,8.000000e+01
1.988191e+13,7.925252e+01
1.753547e+13,7.899553e+01
1.190990e+14,6.083830e+01
6.141312e+13,3.645494e+01
2.703513e+15,8.000000e+01
7.883070e+19,8.000000e+01
7.883070e+19,8.000000e+01
4.720499e+13,4.999879e+00
2.472748e+13,7.899010e+01
2.743086e+14,3.300000e+01
8.908485e+13,4.999846e+00
5.816295e+13,4.636443e+01
4.518108e+13,4.053885e+01
7.551407e+13,6.846561e+01
1.151507e+14,5.537307e+01
3.021372e+13,7.898628e+01
1.918277e+13,7.899755e+01
3.185171e+14,5.591358e+01
4.612270e+13,5.249030e+01
1.729963e+13,7.897817e+01
1.986992e+14,6.023773e+01
5.766044e+13,5.026817e+01
2.473874e+13,2.720607e+01
2.214777e+13,7.899744e+01
4.185830e+13,3.585436e+01
9.410043e+13,5.363140e+01
1.781405e+13,7.898208e+01
1.565932e+14,7.519206e+01
2.140460e+14,8.000000e+01
1.899485e+13,6.688873e+01
4.796464e+13,4.582391e+01
9.835537e+13,4.666472e+01
1.670043e+14,6.822538e+01
3.413197e+13,3.291154e+01
6.360343e+13,4.125954e+01
2.798756e+13,2.966843e+01
9.066828e+13,4.672478e+01
6.996150e+14,6.276015e+01
1.466981e+13,7.896506e+01
5.123824e+13,3.441298e+01
1.654135e+13,7.899812e+01
2.871899e+13,7.899583e+01
3.931023e+13,3.837678e+01
2.943199e+14,8.000000e+01
2.943199e+14,8.000000e+01
2.397895e+13,2.300204e+01
3.391634e+13,3.801643e+01
8.530138e+13,8.000000e+01
4.800749e+13,4.948743e+01
4.800749e+13,4.948743e+01
3.026283e+13,3.459315e+01
4.000212e+13,3.086958e+01
2.912052e+18,8.000000e+01
2.912052e+18,8.000000e+01
2.912052e+18,8.000000e+01
1.961511e+13,7.898923e+01
1.536209e+14,4.654461e+01
4.457784e+13,3.405263e+01
1.034447e+14,5.855612e+01
1.509302e+13,7.898780e+01
2.715042e+13,2.570463e+01
1.225589e+13,7.899522e+01
2.209596e+13,7.899455e+01
9.937016e+12,7.899882e+01
5.539840e+13,3.705551e+01
6.847879e+13,3.585436e+01
4.190603e+13,3.435292e+01
1.918683e+13,7.899525e+01
6.243668e+14,8.000000e+01
4.979089e+14,7.266964e+01
2.845385e+13,2.960837e+01
3.196635e+14,8.000000e+01
3.196635e+14,8.000000e+01
3.834703e+14,8.000000e+01
2.240069e+13,7.899583e+01
1.518507e+13,7.899689e+01
3.700982e+13,2.697811e+01
6.308787e+13,3.819660e+01
3.091205e+13,3.417275e+01
1.415844e+13,7.899641e+01
2.585358e+14,6.294032e+01
1.544478e+14,3.981816e+01
1.137734e+14,6.131876e+01
2.125956e+13,7.899476e+01
3.014021e+14,8.000000e+01
3.102573e+13,2.298261e+01
7.468489e+13,5.477249e+01
7.179765e+13,3.951787e+01
5.221180e+13,3.897735e+01
1.308378e+13,7.898947e+01
2.488069e+13,7.899650e+01
1.383388e+14,4.210035e+01
1.616706e+13,7.891566e+01
5.536720e+13,5.393168e+01
3.131240e+13,7.872097e+01
3.757271e+13,3.110981e+01
8.057980e+12,7.899852e+01
1.433377e+13,4.999526e+00
2.700130e+13,2.732619e+01
6.739284e+14,7.381074e+01
4.169921e+13,3.357217e+01
6.056306e+13,6.294032e+01
1.121822e+13,7.896908e+01
2.068794e+13,7.899701e+01
2.903964e+13,3.483338e+01
1.359940e+13,7.897276e+01
9.021535e+14,8.000000e+01
9.021535e+14,8.000000e+01
2.992143e+14,5.957709e+01
2.479575e+13,7.890546e+01
2.018927e+14,8.000000e+01
2.431922e+13,5.000000e+00
1.099163e+14,8.000000e+01
1.099163e+14,8.000000e+01
1.423362e+13,7.897807e+01
5.210747e+13,4.402219e+01
2.153101e+13,7.898941e+01
1.016359e+14,8.000000e+01
3.735331e+13,3.351212e+01
1.513733e+13,7.899839e+01
1.476336e+14,5.849606e+01
2.414371e+13,2.630521e+01
3.849146e+13,2.936814e+01
2.093224e+13,7.886004e+01
1.639914e+13,7.895229e+01
2.037251e+14,5.513284e+01
1.020254e+14,4.972766e+01
9.629271e+13,8.000000e+01
1.061961e+13,7.104578e+01
2.690476e+13,2.930809e+01
8.230922e+13,3.885724e+01
3.913445e+13,3.441298e+01
3.184061e+14,8.000000e+01
3.184061e+14,8.000000e+01
9.353721e+12,7.797853e+01
3.562384e+13,3.056930e+01
2.964136e+13,2.912791e+01
1.474581e+15,8.000000e+01
3.109932e+14,8.000000e+01
3.581652e+13,3.333194e+01
2.129253e+13,7.899700e+01
2.433282e+13,7.894120e+01
2.601631e+13,7.899742e+01
2.527749e+13,4.999422e+00
3.130713e+13,3.092964e+01
1.181054e+13,7.875713e+01
2.393732e+13,2.558452e+01
4.110819e+13,2.912791e+01
1.287581e+13,7.899241e+01
9.813353e+12,7.898339e+01
2.502148e+14,8.000000e+01
5.380084e+13,3.777620e+01
3.564070e+13,7.897609e+01
1.218940e+13,7.898965e+01
2.534175e+14,7.357050e+01
9.064777e+13,4.486299e+01
3.929422e+13,3.261125e+01
2.753836e+13,2.083997e+01
1.223959e+15,6.708429e+01
1.862902e+14,7.290987e+01
4.470950e+13,4.198023e+01
3.169336e+13,3.309171e+01
2.812674e+13,3.225091e+01
2.292143e+13,2.498394e+01
3.458074e+13,3.531384e+01
5.096236e+13,4.077908e+01
4.543538e+13,2.882763e+01
2.594985e+13,2.798682e+01
1.548275e+15,8.000000e+01
1.007683e+14,4.999985e+00
1.007683e+14,7.896888e+01
5.915801e+13,3.897735e+01
6.238388e+13,5.411186e+01
1.097193e+14,4.468282e+01
4.438891e+13,3.861701e+01
1.812053e+14,4.834633e+01
7.446449e+13,6.696417e+01
1.261006e+14,6.474204e+01
2.286479e+13,7.899624e+01
1.317652e+13,7.851081e+01
1.749511e+14,6.053802e+01
3.390974e+13,2.336239e+01
7.257319e+13,4.246069e+01
1.655090e+14,7.789465e+01
2.387875e+13,2.192101e+01
1.329255e+13,7.899540e+01
7.630597e+13,4.011845e+01
7.309919e+13,5.000274e+00
7.309919e+13,4.999846e+00
7.878498e+13,7.026734e+01
5.309108e+13,2.294706e+01
1.580242e+13,7.907811e+01
2.291317e+13,2.306210e+01
1.928061e+13,7.893986e+01
7.946514e+13,4.828627e+01
7.509971e+14,8.000000e+01
1.976894e+13,1.899162e+01
2.854196e+13,2.882763e+01
2.652200e+13,2.504400e+01
3.263175e+13,3.177045e+01
2.821210e+13,7.899627e+01
2.992317e+14,8.000000e+01
2.524929e+13,7.898710e+01
1.992637e+13,2.041957e+01
3.956306e+13,3.975810e+01
2.345985e+13,7.887944e+01
3.287780e+13,2.900780e+01
1.939389e+13,7.917914e+01
5.623099e+13,3.423281e+01
1.457258e+15,8.000000e+01
1.461465e+14,6.654377e+01
1.842828e+13,2.108020e+01
4.951962e+13,2.499071e+01
2.844813e+13,2.624515e+01
4.065796e+13,4.426242e+01
2.184382e+15,5.128915e+01
1.184170e+13,4.696699e+01
2.332596e+13,7.899055e+01
4.345674e+13,4.612420e+01
6.721527e+14,8.000000e+01
6.721527e+14,8.000000e+01
6.721527e+14,8.000000e+01
1.327517e+13,7.899550e+01
1.697318e+13,7.896688e+01
6.023950e+14,8.000000e+01
6.023950e+14,8.000000e+01
2.711693e+13,7.899491e+01
3.539003e+13,7.898574e+01
6.680333e+13,3.789632e+01
4.224695e+13,7.884683e+01
1.243916e+13,7.897023e+01
2.475517e+13,2.504400e+01
1.904093e+13,2.096009e+01
5.446976e+13,3.777620e+01
1.427379e+13,7.898806e+01
3.072197e+13,7.899371e+01
2.082164e+13,7.899501e+01
6.797867e+13,6.203945e+01
3.242324e+13,1.900000e+01
1.437016e+14,4.786587e+01
2.699262e+13,2.582475e+01
2.473846e+13,7.899787e+01
1.297658e+14,4.897356e+01
1.191811e+14,5.237019e+01
3.294162e+14,8.000000e+01
5.649949e+13,6.630354e+01
1.111069e+13,7.899403e+01
1.156324e+13,7.899743e+01
1.815198e+14,6.792509e+01
1.178307e+13,7.899829e+01
3.535338e+13,7.912587e+01
7.608658e+14,8.000000e+01
1.669306e+14,5.381157e+01
1.274482e+14,6.708429e+01
6.356132e+13,3.753597e+01
3.324231e+13,2.834717e+01
9.500651e+12,7.899862e+01
9.759074e+13,4.594403e+01
2.937619e+14,8.000000e+01
3.989749e+13,3.038912e+01
3.420309e+13,3.195062e+01
2.537452e+13,2.522417e+01
1.061175e+13,7.899854e+01
3.674171e+13,3.417275e+01
2.178498e+13,2.366268e+01
4.488939e+13,3.465321e+01
1.473929e+13,7.899291e+01
5.602995e+13,3.603453e+01
5.059559e+14,8.000000e+01
5.059559e+14,8.000000e+01
6.134320e+13,5.334038e+01
6.134320e+13,6.870584e+01
1.104086e+13,7.899400e+01
3.926601e+13,4.005839e+01
7.874648e+13,4.384202e+01
1.055345e+13,7.897926e+01
1.080856e+14,7.212912e+01
1.547701e+14,5.909663e+01
5.992869e+13,5.987738e+01
1.489845e+13,7.899698e+01
2.083769e+13,7.895736e+01
1.703810e+13,7.899639e+01
1.350763e+13,7.895300e+01
2.046239e+13,7.898981e+01
2.317925e+13,7.899220e+01
2.795795e+14,4.686899e+01
1.865117e+13,7.897553e+01
2.724520e+14,6.480210e+01
5.475695e+13,3.627476e+01
4.479589e+13,3.999833e+01
5.041461e+13,7.899761e+01
5.041461e+13,7.898509e+01
3.858234e+13,3.153022e+01
3.177485e+13,7.899485e+01
2.358403e+13,7.899355e+01
4.051255e+13,3.597448e+01
1.538396e+13,7.898136e+01
9.602464e+13,4.450265e+01
2.507097e+14,8.000000e+01
2.507097e+14,8.000000e+01
1.827122e+13,7.897330e+01
4.207177e+14,8.000000e+01
6.435899e+13,5.837594e+01
7.963252e+14,8.000000e+01
3.095214e+13,4.999888e+00
3.107882e+13,7.888819e+01
2.909383e+13,2.690578e+01
2.185851e+13,7.899601e+01
1.063791e+13,7.899322e+01
3.855186e+13,7.898760e+01
3.671698e+13,7.899702e+01
3.273135e+13,7.927081e+01
3.104445e+13,7.899545e+01
1.714309e+14,8.000000e+01
1.714309e+14,8.000000e+01
1.745201e+16,8.000000e+01
1.745201e+16,8.000000e+01
5.417773e+13,4.041873e+01
3.877507e+13,7.898587e+01
2.717135e+13,7.899506e+01
1.742020e+13,7.892745e+01
4.356864e+13,3.032907e+01
1.045125e+13,7.899848e+01
1.000507e+13,6.478536e+01
7.340739e+13,4.648455e+01
3.651639e+13,3.080953e+01
3.406509e+14,6.978688e+01
1.649479e+13,7.899681e+01
2.603956e+13,7.941997e+01
7.511525e+13,4.660466e+01
9.161910e+13,4.192017e+01
5.441839e+13,6.698814e+01
7.902187e+13,7.899335e+01
1.074679e+13,6.873614e+01
6.321682e+13,3.927764e+01
9.854911e+13,6.846561e+01
1.870451e+13,7.899402e+01
1.110129e+13,7.899804e+01
1.616896e+13,7.888693e+01
1.822799e+13,7.892310e+01
9.416655e+13,3.987822e+01
1.446100e+13,7.899052e+01
1.110470e+13,7.899822e+01
6.575630e+13,7.495183e+01
8.007803e+13,6.239980e+01
2.780684e+13,2.882763e+01
2.657277e+13,2.606498e+01
4.809534e+13,3.999833e+01
2.089011e+13,7.895109e+01
9.434249e+13,6.966676e+01
9.434249e+13,6.966676e+01
1.631310e+13,7.899510e+01
6.034147e+13,3.591442e+01
4.932282e+13,3.231096e+01
1.079259e+14,8.000000e+01
5.411380e+13,2.901821e+01
2.776812e+13,7.835600e+01
8.358824e+13,3.987822e+01
5.995162e+13,5.783543e+01
3.567343e+14,7.765442e+01
1.422959e+13,7.898748e+01
3.541739e+13,3.627476e+01
2.299835e+13,2.300204e+01
5.724470e+13,4.999999e+00
5.724470e+13,7.899598e+01
5.317893e+14,8.000000e+01
5.317893e+14,8.000000e+01
1.323646e+13,7.899032e+01
3.144252e+14,8.000000e+01
3.991594e+13,3.195062e+01
7.146895e+13,5.164950e+01
1.467354e+14,7.218918e+01
1.284980e+14,5.345122e+01
1.854162e+13,7.899668e+01
1.719179e+13,7.899434e+01
2.160854e+13,7.898127e+01
5.015814e+13,3.297160e+01
4.796238e+13,4.636443e+01
1.705976e+14,8.000000e+01
2.249169e+13,7.917896e+01
2.842797e+13,7.894492e+01
8.887295e+12,7.899143e+01
1.223114e+13,7.899723e+01
3.593987e+13,3.237102e+01
8.086013e+13,5.429203e+01
9.690602e+12,7.899782e+01
6.913955e+13,5.993744e+01
4.840404e+13,4.384202e+01
1.871835e+13,7.899152e+01
1.558649e+13,7.899869e+01
1.087122e+14,6.474204e+01
1.087122e+14,2.097009e+01
3.187841e+13,4.508328e+01
2.058884e+13,2.324227e+01
4.119970e+13,7.898832e+01
3.195362e+13,3.603453e+01
2.309621e+13,7.878521e+01
3.641533e+13,2.930809e+01
2.092412e+15,6.642366e+01
7.652892e+13,4.071902e+01
5.730749e+13,4.822622e+01
2.914680e+13,7.891293e+01
9.055216e+13,5.261042e+01
1.564848e+13,7.899772e+01
1.423235e+14,7.056763e+01
3.044200e+13,2.924803e+01
3.544567e+14,5.579347e+01
1.045041e+14,8.000000e+01
1.045041e+14,8.000000e+01
7.034498e+13,6.095842e+01
9.113522e+12,7.895440e+01
4.900533e+13,7.899738e+01
1.231282e+13,7.887505e+01
1.451157e+14,8.000000e+01
2.281445e+13,7.899837e+01
3.738159e+13,3.141010e+01
3.148702e+13,7.899378e+01
3.506144e+13,3.435292e+01
8.317848e+13,5.921675e+01
6.701098e+13,4.300121e+01
1.641406e+14,6.053802e+01
5.650741e+13,5.122909e+01
2.671473e+13,2.534429e+01
1.612328e+13,7.890240e+01
4.226481e+14,8.000000e+01
1.352744e+13,7.897029e+01
1.956914e+13,7.899824e+01
7.076463e+13,3.279143e+01
1.358179e+14,6.221963e+01
5.382829e+13,7.899749e+01
1.471424e+13,7.899698e+01
9.786376e+12,7.899862e+01
1.332795e+13,6.417780e+01
2.308010e+13,7.887191e+01
8.763196e+13,6.996705e+01
1.053561e+13,7.899843e+01
2.436245e+13,7.877542e+01
3.188821e+13,7.896855e+01
3.775485e+13,7.896325e+01
7.995658e+15,8.000000e+01
7.995658e+15,8.000000e+01
7.995658e+15,8.000000e+01
2.468378e+13,2.402302e+01
8.563706e+13,2.300000e+01
7.560815e+13,3.567419e+01
2.047943e+13,7.401644e+01
1.355562e+13,7.892728e+01
1.959412e+14,8.000000e+01
2.091753e+13,2.372273e+01
2.287633e+13,7.878114e+01
9.001544e+13,5.933686e+01
6.724019e+13,5.897652e+01
6.724019e+13,5.897652e+01
4.356017e+13,3.729574e+01
3.733915e+13,4.143971e+01
1.174130e+13,7.899627e+01
1.816407e+13,7.899778e+01
1.567259e+14,7.867540e+01
4.625204e+13,7.892320e+01
4.009182e+14,8.000000e+01
3.405778e+13,7.897888e+01
1.770272e+13,7.899605e+01
1.064449e+13,1.900000e+01
6.642662e+13,4.276098e+01
9.920514e+12,7.898824e+01
1.579577e+13,7.891382e+01
1.621473e+13,7.899783e+01
9.639643e+13,2.100000e+01
3.443276e+13,3.393252e+01
3.786172e+13,3.707025e+01
2.011483e+13,7.898103e+01
8.276138e+13,3.909747e+01
2.297413e+14,7.615298e+01
1.449823e+13,7.897861e+01
2.458897e+13,2.100000e+01
3.297155e+14,5.861617e+01
3.648881e+13,3.795637e+01
7.943481e+13,4.696552e+01
9.773276e+15,8.000000e+01
2.725325e+13,3.225091e+01
2.070081e+13,7.899009e+01
1.129561e+14,6.053802e+01
2.235349e+14,8.000000e+01
1.660103e+13,7.899040e+01
1.191775e+13,7.899617e+01
3.788742e+13,7.898890e+01
4.197729e+13,3.969804e+01
1.692110e+13,7.899861e+01
3.157641e+13,2.882763e+01
1.640001e+13,7.899602e+01
1.844050e+13,7.898607e+01
2.505857e+13,7.899681e+01
1.328347e+13,7.899788e+01
6.827329e+13,3.453309e+01
6.528512e+13,3.505539e+01
1.516615e+13,7.899763e+01
2.058166e+14,6.462193e+01
4.634114e+13,3.020895e+01
7.907018e+13,8.000000e+01
6.075356e+15,8.000000e+01
6.075356e+15,8.000000e+01
3.802215e+13,7.899677e+01
2.790881e+13,7.898884e+01
3.957549e+13,2.984860e+01
3.368175e+13,4.999718e+00
6.451906e+13,3.597448e+01
3.062233e+13,7.897490e+01
9.373140e+12,7.899826e+01
2.002436e+13,7.899602e+01
1.431488e+13,7.899864e+01
1.494476e+13,7.899239e+01
4.998320e+13,4.702507e+01
6.077197e+14,8.000000e+01
6.077197e+14,8.000000e+01
1.079198e+14,5.657422e+01
2.801243e+13,2.570463e+01
2.925778e+13,4.999694e+00
4.891188e+14,6.312049e+01
2.639758e+14,8.000000e+01
2.639758e+14,8.000000e+01
6.667506e+13,4.450265e+01
1.794338e+13,7.899624e+01
2.551817e+14,2.700000e+01
1.101340e+13,7.899811e+01
8.262820e+13,5.495266e+01
3.225635e+14,5.873629e+01
2.057530e+13,4.999790e+00
5.407040e+13,3.789632e+01
1.781754e+13,7.899677e+01
3.429122e+13,2.666555e+01
2.556274e+13,2.672561e+01
2.298040e+13,7.723067e+01
3.684010e+13,3.044918e+01
1.310544e+14,5.092291e+01
1.154301e+14,6.330066e+01
4.770866e+13,5.231013e+01
4.770866e+13,7.899872e+01
6.371602e+13,4.522334e+01
3.171426e+13,2.996872e+01
2.612871e+13,7.893526e+01
8.321959e+13,5.333111e+01
1.980208e+13,7.893322e+01
3.525946e+13,3.555407e+01
1.163817e+14,6.035784e+01
2.935330e+13,2.726613e+01
2.945606e+13,2.624515e+01
5.048076e+13,3.723568e+01
2.428192e+13,1.699882e+01
1.490939e+14,8.000000e+01
1.268270e+13,7.898510e+01
3.071538e+13,7.899604e+01
4.953940e+13,4.744547e+01
2.057333e+14,6.582308e+01
1.288068e+13,7.899367e+01
2.489023e+14,7.453143e+01
6.884757e+14,8.000000e+01
8.056296e+13,5.657422e+01
1.913598e+13,5.884864e+01
9.678402e+13,6.924636e+01
2.313375e+13,7.898138e+01
1.164056e+14,6.221963e+01
1.175312e+14,7.519206e+01
1.639530e+13,7.895986e+01
1.029221e+13,7.899847e+01
2.352789e+13,2.378279e+01
2.360427e+13,2.450348e+01
2.985058e+13,3.147016e+01
6.540665e+13,7.741419e+01
1.769442e+13,7.899628e+01
1.840274e+13,7.907446e+01
4.391471e+13,3.885724e+01
1.239001e+14,8.000000e+01
5.845453e+14,8.000000e+01
1.960049e+13,7.897812e+01
2.560779e+14,7.591275e+01
2.197903e+14,8.000000e+01
3.517671e+13,7.899013e+01
4.576552e+13,7.899640e+01
5.281566e+13,3.825666e+01
2.454800e+17,8.000000e+01
4.633634e+13,4.432248e+01
1.729896e+14,5.212996e+01
3.746081e+13,3.056930e+01
8.350611e+13,4.708512e+01
9.688245e+13,4.149977e+01
1.272159e+13,7.898654e+01
1.089613e+14,5.633399e+01
2.168507e+13,7.883136e+01
3.129989e+13,3.993827e+01
3.359103e+14,6.972682e+01
7.693959e+13,8.000000e+01
1.578495e+13,7.897807e+01
9.840294e+13,7.921592e+01
1.001548e+13,7.899789e+01
3.547633e+13,7.899780e+01
2.405477e+13,7.899500e+01
3.735971e+15,7.663344e+01
3.292779e+13,3.122993e+01
8.434662e+13,6.696417e+01
4.828391e+13,3.867707e+01
1.815450e+14,6.053802e+01
1.643959e+13,7.890522e+01
8.301293e+13,3.891730e+01
1.273882e+13,7.899751e+01
5.536137e+13,3.537390e+01
1.415612e+13,7.898027e+01
1.738317e+13,7.897401e+01
1.361621e+14,6.690412e+01
2.801153e+14,6.798515e+01
1.464111e+13,7.899583e+01
2.098841e+13,7.899803e+01
1.064540e+13,7.899655e+01
1.464305e+13,4.999329e+00
1.548414e+13,7.898987e+01
4.894943e+13,7.899783e+01
2.323708e+14,8.000000e+01
5.179290e+13,7.899461e+01
4.150090e+13,7.895485e+01
4.170328e+14,8.000000e+01
1.672944e+13,7.899603e+01
3.519376e+13,3.171039e+01
3.386936e+13,2.762648e+01
2.197220e+14,4.840639e+01
2.022262e+13,7.895377e+01
6.438404e+13,5.411186e+01
4.556517e+13,4.654461e+01
2.465211e+13,4.999871e+00
1.814329e+13,7.899749e+01
2.200247e+13,7.899590e+01
9.250481e+13,8.000000e+01
8.333636e+13,8.000000e+01
1.999815e+13,7.899487e+01
2.589943e+13,4.999861e+00
6.220616e+13,3.771614e+01
3.891723e+13,7.899829e+01
2.434610e+13,2.654544e+01
1.838342e+13,5.872535e+01
1.193541e+13,7.899351e+01
7.797872e+13,8.000000e+01
7.797872e+13,7.868121e+01
1.682911e+13,7.899604e+01
1.672471e+14,6.972682e+01
4.016120e+13,3.026901e+01
2.103298e+14,6.984694e+01
4.400182e+13,3.813655e+01
1.589702e+14,8.000000e+01
1.589702e+14,8.000000e+01
1.589702e+14,8.000000e+01
1.639184e+14,8.000000e+01
1.639184e+14,8.000000e+01
1.170599e+14,8.000000e+01
4.326407e+13,4.660466e+01
1.550505e+14,5.086875e+01
8.539522e+13,8.000000e+01
2.689949e+13,7.899431e+01
2.352233e+13,7.899659e+01
2.279875e+14,7.333027e+01
1.091440e+14,5.795554e+01
7.680519e+13,5.825583e+01
8.416676e+13,7.899772e+01
1.734486e+13,7.640938e+01
6.151687e+13,3.759603e+01
3.393966e+13,7.876989e+01
5.071161e+13,3.669517e+01
5.252458e+13,3.471327e+01
4.107465e+13,7.941626e+01
1.919590e+14,7.915586e+01
3.444391e+13,3.315177e+01
6.080870e+13,3.314416e+01
1.123317e+13,7.898999e+01
8.197057e+13,8.000000e+01
8.197057e+13,5.000002e+00
1.132333e+14,5.267048e+01
9.065302e+13,5.669433e+01
2.433729e+14,8.000000e+01
8.033790e+13,4.840639e+01
1.389089e+13,7.892013e+01
9.545891e+12,7.899055e+01
1.387458e+14,7.086791e+01
1.387458e+14,7.086791e+01
1.315415e+20,8.000000e+01
1.315415e+20,8.000000e+01
1.315415e+20,8.000000e+01
1.315415e+20,8.000000e+01
7.032867e+14,8.000000e+01
7.032867e+14,8.000000e+01
7.032867e+14,8.000000e+01
8.108762e+13,7.284981e+01
8.108762e+13,7.899695e+01
3.389603e+14,7.447137e+01
7.978962e+13,5.735497e+01
1.997643e+14,5.000014e+00
1.997643e+14,8.000000e+01
7.250704e+14,7.056763e+01
2.828539e+13,2.846728e+01
1.939505e+14,4.750553e+01
1.165910e+14,2.462484e+01
9.621120e+12,7.891146e+01
1.400466e+14,4.624432e+01
3.077692e+14,6.450181e+01
4.370964e+13,3.783626e+01
1.072044e+13,7.899012e+01
1.700739e+14,8.000000e+01
8.541706e+18,8.000000e+01
8.541706e+18,8.000000e+01
1.713267e+14,4.840639e+01
4.325013e+13,7.899536e+01
1.611687e+13,7.899238e+01
1.313795e+13,7.898728e+01
1.751741e+14,7.284981e+01
1.089640e+15,8.000000e+01
1.089640e+15,8.000000e+01
4.964675e+13,4.174000e+01
1.643532e+13,7.899725e+01
6.085587e+13,5.591358e+01
6.845839e+13,6.119865e+01
6.190208e+13,4.999715e+00
1.556077e+13,7.899262e+01
1.660774e+13,7.897460e+01
9.329919e+13,7.483171e+01
2.191261e+13,7.891233e+01
2.389399e+13,7.899577e+01
4.212481e+13,3.116987e+01
1.119803e+13,4.999643e+00
2.286789e+14,7.092797e+01
5.971542e+14,8.000000e+01
6.587847e+13,3.867707e+01
1.562898e+13,7.899635e+01
5.705500e+13,7.899544e+01
1.174290e+13,7.895303e+01
1.242061e+13,7.899825e+01
2.107548e+13,7.899052e+01
1.805949e+13,7.899045e+01
1.906669e+14,4.714518e+01
1.338242e+13,7.455369e+01
9.076217e+13,7.899351e+01
9.076217e+13,8.000000e+01
9.852915e+13,4.047879e+01
2.651620e+13,7.899759e+01
1.150075e+14,7.927597e+01
1.558340e+13,7.896685e+01
4.178803e+14,8.000000e+01
4.062627e+14,8.000000e+01
7.533538e+13,6.660383e+01
1.800569e+13,7.895158e+01
1.078672e+13,7.899326e+01
3.786242e+13,7.898303e+01
1.939126e+13,7.892460e+01
3.067400e+13,2.690578e+01
1.700447e+13,7.897169e+01
2.098422e+14,6.005756e+01
3.719755e+13,7.899652e+01
7.971715e+13,7.899725e+01
1.007448e+14,4.702507e+01
2.096475e+13,4.999380e+00
1.009391e+14,5.225007e+01
3.056068e+13,7.899189e+01
4.109093e+14,7.981649e+01
1.855481e+13,7.899372e+01
4.433488e+14,8.000000e+01
2.129675e+13,7.899595e+01
1.551671e+13,7.897647e+01
2.115608e+13,7.899522e+01
2.729394e+13,3.104976e+01
1.556906e+14,4.546357e+01
4.248828e+14,8.000000e+01
2.922057e+13,7.899244e+01
2.188377e+13,7.879783e+01
2.648453e+13,2.636527e+01
2.882924e+13,2.896574e+01
1.642739e+14,8.000000e+01
1.642739e+14,8.000000e+01
1.642739e+14,8.000000e+01
1.404236e+13,7.404006e+01
7.915100e+13,8.000000e+01
5.186026e+13,4.011845e+01
7.823746e+13,5.465238e+01
1.010463e+14,6.288026e+01
6.412414e+13,5.975727e+01
1.120035e+14,4.966760e+01
1.428421e+13,7.899664e+01
1.805285e+13,7.898787e+01
4.423247e+13,4.029862e+01
3.515137e+13,4.299019e+01
3.515137e+13,5.000000e+00
8.743148e+13,8.000000e+01
4.628017e+14,8.000000e+01
4.628017e+14,8.000000e+01
2.965646e+14,8.000000e+01
3.834753e+13,7.899491e+01
2.601268e+13,2.564458e+01
5.588193e+13,3.957793e+01
4.103399e+13,7.899461e+01
1.011401e+13,7.899606e+01
3.396525e+14,8.000000e+01
3.396525e+14,8.000000e+01
4.412813e+13,4.119948e+01
2.645531e+13,4.299354e+01
2.401404e+13,7.899103e+01
9.549099e+13,8.000000e+01
9.549099e+13,8.000000e+01
2.270640e+13,7.898901e+01
4.729880e+13,3.435292e+01
1.135686e+13,7.899299e+01
1.180283e+14,7.020728e+01
4.893379e+14,8.000000e+01
6.643431e+13,5.585353e+01
1.675426e+13,7.899134e+01
1.482201e+14,6.011761e+01
1.158963e+15,8.000000e+01
5.731108e+13,3.759603e+01
1.374953e+13,7.899697e+01
1.146630e+19,8.000000e+01
1.146630e+19,8.000000e+01
1.146630e+19,8.000000e+01
1.146630e+19,8.000000e+01
1.146630e+19,8.000000e+01
4.182981e+13,7.898618e+01
1.554738e+14,6.930642e+01
1.588463e+13,7.899603e+01
1.667248e+13,7.899101e+01
2.737571e+13,2.480377e+01
4.384948e+13,7.894792e+01
2.902837e+13,3.159027e+01
5.971538e+13,7.693373e+01
2.407363e+13,4.140586e+01
1.917167e+13,7.897737e+01
2.800381e+14,5.969721e+01
1.311416e+13,7.897489e+01
9.274524e+13,4.708512e+01
5.851820e+13,7.892435e+01
4.352584e+13,3.735580e+01
9.814396e+13,8.000000e+01
1.112056e+13,7.888603e+01
5.900344e+13,7.543229e+01
4.457921e+13,3.273137e+01
3.919995e+13,7.918980e+01
2.929437e+13,2.690578e+01
1.292198e+14,7.459148e+01
2.116851e+13,5.000119e+00
4.018228e+13,7.890760e+01
1.952076e+13,7.899815e+01
5.824566e+13,5.000026e+00
2.080202e+13,6.583642e+01
1.189702e+14,5.417191e+01
5.083944e+13,4.510322e+01
2.396312e+13,7.735067e+01
1.077202e+13,7.899734e+01
3.542209e+13,3.633482e+01
3.579718e+13,3.147016e+01
6.447277e+13,3.693540e+01
1.927230e+14,6.702423e+01
1.927230e+14,6.702423e+01
3.708456e+13,7.899410e+01
3.332886e+13,7.899305e+01
4.053595e+13,7.895854e+01
4.053595e+13,5.000004e+00
8.990017e+13,7.417108e+01
3.978631e+13,7.899392e+01
2.386529e+13,7.899586e+01
1.312403e+14,5.068858e+01
6.462040e+13,3.675522e+01
6.452621e+14,8.000000e+01
5.276123e+13,3.549402e+01
4.344248e+13,2.882763e+01
1.526866e+14,4.894691e+01
1.756799e+13,7.899605e+01
1.444988e+13,7.899772e+01
3.405807e+13,4.023856e+01
5.095697e+13,7.898451e+01
2.091344e+13,7.899516e+01
2.642823e+13,2.804688e+01
4.888486e+13,3.693540e+01
1.641627e+14,6.528256e+01
1.878354e+13,7.898558e+01
1.964670e+13,7.320446e+01
1.184214e+14,4.480294e+01
3.836672e+14,8.000000e+01
9.125978e+13,8.000000e+01
4.861714e+13,4.810610e+01
1.367624e+16,8.000000e+01
4.805902e+13,4.312132e+01
9.613908e+13,4.234058e+01
1.047216e+14,4.696501e+01
5.803036e+13,3.507361e+01
3.374499e+13,7.899496e+01
8.389544e+12,5.684834e+01
3.835392e+13,3.213079e+01
1.251468e+13,7.897613e+01
1.369470e+13,7.899629e+01
3.993514e+13,4.258081e+01
4.283913e+14,8.000000e+01
9.376621e+13,5.200984e+01
1.304471e+14,5.525295e+01
1.593266e+14,8.000000e+01
9.389346e+12,7.043323e+01
2.967910e+13,7.899431e+01
1.663992e+15,8.000000e+01
1.162915e+13,7.899781e+01
3.473619e+13,3.795637e+01
2.682529e+13,7.899434e+01
1.612176e+13,7.897448e+01
1.198962e+13,7.899447e+01
1.143690e+14,8.000000e+01
2.407391e+13,7.896553e+01
8.045244e+12,7.899670e+01
5.425389e+13,4.017850e+01
1.400640e+13,7.899787e+01
2.118579e+13,2.234141e+01
2.160339e+13,7.899765e+01
2.517556e+13,4.999087e+00
1.732183e+13,7.899164e+01
1.160207e+13,7.898330e+01
4.896847e+13,7.899611e+01
2.240207e+13,7.899305e+01
2.458292e+13,2.354256e+01
2.643567e+13,1.700000e+01
3.866416e+13,7.899195e+01
2.044019e+13,7.899686e+01
1.017507e+13,7.904167e+01
5.759223e+13,7.899368e+01
6.325247e+13,3.561413e+01
4.313983e+13,6.726446e+01
1.508932e+13,7.899258e+01
9.810139e+13,5.789548e+01
6.184290e+13,1.900000e+01
1.860986e+13,7.899454e+01
1.341727e+13,7.899749e+01
1.678173e+13,7.894483e+01
2.048322e+13,7.896805e+01
3.821381e+14,6.149894e+01
2.317935e+13,7.897771e+01
7.718090e+14,8.000000e+01
1.868690e+14,8.000000e+01
1.868690e+14,8.000000e+01
3.190181e+13,7.898874e+01
6.787478e+13,5.753514e+01
8.691095e+13,8.000000e+01
1.131224e+14,5.915669e+01
2.496407e+13,1.898229e+01
1.064984e+14,6.540268e+01
1.169826e+14,4.558368e+01
1.921541e+13,3.301836e+01
9.961294e+13,4.390207e+01
2.531524e+13,7.898596e+01
6.101728e+13,3.573425e+01
1.546307e+13,7.898394e+01
1.643606e+14,5.441214e+01
4.525773e+13,3.573425e+01
7.163211e+13,5.000328e+00
7.163211e+13,4.999689e+00
1.313344e+13,7.899695e+01
2.136251e+13,7.825686e+01
3.080698e+13,3.086958e+01
8.139632e+13,3.891730e+01
3.982524e+13,3.110981e+01
2.149272e+13,2.504400e+01
2.768110e+15,8.000000e+01
1.531183e+13,7.899454e+01
4.457148e+13,7.898830e+01
3.780443e+13,3.453309e+01
1.549747e+13,7.899538e+01
8.414570e+13,5.303082e+01
1.576626e+13,7.899744e+01
4.780634e+14,5.735497e+01
7.925768e+13,7.585269e+01
7.304481e+13,3.711557e+01
1.152641e+17,8.000000e+01
4.372652e+13,7.899399e+01
1.300940e+13,7.899828e+01
1.016669e+13,7.899644e+01
8.011194e+13,4.774576e+01
2.542142e+14,8.000000e+01
5.036671e+13,7.923810e+01
8.280920e+13,4.077908e+01
2.185619e+13,7.899689e+01
8.530264e+13,3.921758e+01
4.957367e+13,7.920532e+01
4.006239e+13,5.285065e+01
1.296253e+14,4.990783e+01
1.318078e+13,7.899181e+01
5.303271e+13,3.447304e+01
3.085999e+13,7.899703e+01
1.701271e+14,7.393085e+01
1.464005e+13,7.510792e+01
5.065735e+13,4.107937e+01
3.919227e+13,3.981816e+01
8.673986e+13,8.000000e+01
5.302156e+13,4.468282e+01
3.693637e+13,3.543396e+01
1.260527e+13,7.899862e+01
1.667320e+13,7.897628e+01
1.092238e+14,3.879718e+01
2.455375e+13,2.666555e+01
1.191864e+13,7.899434e+01
1.075335e+14,4.600409e+01
3.830613e+13,4.408225e+01
3.501160e+13,2.984860e+01
7.571693e+13,2.864745e+01
2.384547e+13,2.522417e+01
4.508677e+13,3.171039e+01
8.092319e+13,4.228052e+01
1.751097e+13,4.999890e+00
7.327414e+13,5.585353e+01
2.721225e+13,2.834717e+01
5.035547e+13,5.345122e+01
5.496374e+13,3.567419e+01
1.763094e+13,7.898018e+01
1.127507e+13,7.899786e+01
7.986576e+13,4.804604e+01
7.926464e+13,4.029862e+01
1.341647e+13,7.899848e+01
2.718167e+13,2.864745e+01
3.659546e+13,3.261125e+01
2.376320e+13,7.899425e+01
5.777933e+13,5.621387e+01
6.843026e+13,5.074863e+01
1.876237e+13,7.891941e+01
1.425105e+13,7.858726e+01
4.241303e+13,7.899710e+01
1.490614e+14,8.000000e+01
1.636987e+13,7.899721e+01
1.001974e+14,3.927764e+01
8.363163e+13,7.909580e+01
4.307471e+14,8.000000e+01
7.324004e+13,3.855695e+01
1.932651e+13,7.899340e+01
2.196398e+14,8.000000e+01
2.196398e+14,8.000000e+01
1.249709e+13,7.896279e+01
9.076320e+12,7.898895e+01
1.572618e+14,4.999979e+00
1.572618e+14,4.999950e+00
1.572618e+14,5.000036e+00
7.245193e+13,3.891730e+01
2.729663e+13,2.564458e+01
4.138866e+13,3.747591e+01
1.100697e+13,7.899813e+01
1.516148e+13,7.899688e+01
2.160058e+13,7.899488e+01
1.384851e+14,4.600409e+01
2.479254e+13,7.899465e+01
2.128035e+13,7.898019e+01
2.494045e+13,7.890471e+01
6.617438e+14,8.000000e+01
9.487686e+12,7.899837e+01
3.627112e+13,2.252158e+01
2.192125e+14,8.000000e+01
2.883625e+13,7.899712e+01
9.564859e+12,7.899636e+01
1.451759e+13,7.894134e+01
1.286189e+15,8.000000e+01
1.005926e+14,8.000000e+01
3.083311e+13,7.888692e+01
8.287873e+13,6.738458e+01
2.946793e+13,2.810694e+01
2.685613e+13,7.897686e+01
7.687401e+13,5.447220e+01
2.977447e+14,8.000000e+01
2.977447e+14,8.000000e+01
3.255155e+15,7.927597e+01
1.225735e+13,7.899318e+01
7.638514e+13,7.152855e+01
6.496872e+14,8.000000e+01
1.564734e+13,7.897340e+01
2.235596e+13,7.899064e+01
1.283825e+13,7.899824e+01
1.958162e+13,7.899162e+01
3.737960e+13,7.928071e+01
7.589848e+13,4.870668e+01
6.418998e+13,4.999898e+00
2.126703e+14,5.663427e+01
3.913943e+13,3.639488e+01
4.459115e+13,4.300121e+01
7.490429e+13,3.675522e+01
2.399941e+14,8.000000e+01
2.399941e+14,8.000000e+01
3.663274e+13,3.327189e+01
3.725248e+13,3.579430e+01
3.413198e+13,3.537390e+01
2.501372e+13,2.582475e+01
1.269689e+13,4.489902e+01
1.674124e+13,7.899780e+01
1.073895e+13,7.899519e+01
1.383905e+13,7.899692e+01
6.341136e+15,7.855528e+01
1.490052e+13,7.899886e+01
4.187929e+13,5.687450e+01
1.596661e+13,7.899812e+01
4.156877e+13,5.092881e+01
8.051669e+13,6.552279e+01
3.855175e+13,3.999833e+01
2.336931e+14,8.000000e+01
5.874411e+13,4.372190e+01
2.249585e+13,7.899865e+01
2.249224e+14,7.759436e+01
2.802616e+13,2.636527e+01
7.482302e+13,3.927764e+01
4.559666e+14,7.465154e+01
1.051666e+14,8.000000e+01
4.014879e+13,7.898896e+01
3.173644e+13,3.477332e+01
4.417004e+13,3.879718e+01
3.369943e+13,7.899856e+01
7.675655e+13,4.095925e+01
2.579395e+14,8.000000e+01
9.700915e+13,8.000000e+01
1.991770e+13,7.898715e+01
9.667827e+13,5.531301e+01
2.420460e+13,2.402302e+01
3.484132e+13,3.279143e+01
4.698326e+13,4.384202e+01
1.610685e+13,3.307816e+01
9.639605e+14,8.000000e+01
4.909868e+13,7.893843e+01
2.616469e+14,6.318055e+01
7.792366e+13,6.852567e+01
2.470872e+14,8.000000e+01
2.470872e+14,8.000000e+01
7.129672e+13,3.723568e+01
5.051495e+14,2.700000e+01
2.147301e+13,2.156066e+01
1.377120e+13,7.899357e+01
2.310802e+14,8.000000e+01
2.408309e+13,3.733670e+01
2.091970e+13,7.897570e+01
7.067776e+13,7.038745e+01
2.059082e+14,6.624348e+01
8.880085e+13,5.549318e+01
5.362647e+13,3.855695e+01
1.902144e+14,8.000000e+01
2.130891e+13,7.899506e+01
1.132715e+14,6.348084e+01
1.858042e+13,7.899358e+01
3.394184e+13,6.100928e+01
1.079559e+13,7.895971e+01
1.693224e+14,7.164866e+01
2.189632e+13,7.879673e+01
5.559418e+13,3.849689e+01
8.476210e+13,4.450265e+01
1.144311e+14,6.131876e+01
4.072178e+14,6.071819e+01
1.358794e+13,7.899765e+01
1.964141e+13,7.919606e+01
1.402853e+13,7.899088e+01
1.268739e+13,7.899841e+01
4.105357e+13,7.899675e+01
4.181377e+13,3.351212e+01
4.010747e+13,7.898917e+01
1.164303e+14,8.000000e+01
2.825483e+13,3.681528e+01
6.786283e+14,8.000000e+01
6.786283e+14,8.000000e+01
2.428982e+13,7.898786e+01
3.292288e+13,2.858740e+01
5.208256e+13,7.899669e+01
5.208256e+13,7.899890e+01
1.883163e+14,7.807482e+01
1.374909e+13,7.897350e+01
3.569871e+13,3.050924e+01
1.875487e+13,7.891289e+01
7.360666e+13,7.831505e+01
1.156553e+13,7.899881e+01
3.564181e+13,3.315177e+01
7.894737e+13,5.981732e+01
2.067169e+13,7.896822e+01
1.483900e+13,7.899775e+01
2.950117e+13,7.899726e+01
2.950117e+13,7.899723e+01
6.416845e+13,4.678484e+01
1.898267e+13,7.899152e+01
2.556455e+13,2.546440e+01
8.311087e+13,6.738458e+01
5.868559e+13,6.810527e+01
6.280528e+13,3.891730e+01
1.064627e+13,2.100000e+01
5.183064e+13,4.023856e+01
4.831464e+13,5.000042e+00
4.831464e+13,5.453226e+01
1.116256e+13,7.899792e+01
1.179111e+13,7.899548e+01
1.042067e+13,7.895030e+01
1.120782e+13,7.899802e+01
8.044794e+13,4.113943e+01
3.680488e+13,2.528423e+01
7.319277e+13,4.035868e+01
4.760549e+13,4.936731e+01
9.224458e+13,6.672394e+01
2.481970e+13,5.000323e+00
1.628488e+13,7.898781e+01
4.892055e+13,5.591358e+01
4.892055e+13,5.000008e+00
3.585552e+13,2.906786e+01
6.019046e+13,4.500000e+01
1.043125e+13,7.899781e+01
9.169630e+13,4.264086e+01
1.257733e+13,7.899423e+01
1.291050e+13,4.999719e+00
1.041450e+14,4.588397e+01
4.737971e+13,4.294115e+01
3.081132e+13,2.834717e+01
6.619171e+13,7.899447e+01
2.073387e+14,8.000000e+01
2.073387e+14,8.000000e+01
6.543246e+13,4.828627e+01
1.373763e+14,6.942653e+01
4.527327e+13,4.366184e+01
1.359220e+13,7.899755e+01
3.733340e+13,3.885724e+01
3.098289e+13,7.899361e+01
2.330463e+14,8.000000e+01
2.687448e+13,7.899481e+01
5.590175e+13,4.216040e+01
9.924857e+13,4.852650e+01
1.668077e+13,7.899594e+01
8.375743e+13,4.444259e+01
1.611976e+13,7.899289e+01
8.084677e+14,8.000000e+01
4.364751e+13,4.468282e+01
8.622909e+13,3.963799e+01
6.613528e+13,4.348167e+01
1.359277e+13,7.899473e+01
9.321841e+16,8.000000e+01
1.409036e+13,7.891281e+01
2.250861e+16,8.000000e+01
2.250861e+16,8.000000e+01
5.196206e+13,3.831672e+01
2.836035e+13,7.898461e+01
4.035013e+13,4.576386e+01
2.835198e+13,3.008884e+01
1.070914e+14,7.296993e+01
3.217905e+13,4.999881e+00
6.102709e+13,6.276015e+01
1.252781e+13,7.899840e+01
3.499977e+14,8.000000e+01
3.981036e+13,3.699545e+01
1.312056e+14,5.225007e+01
1.855241e+13,7.898477e+01
2.504264e+13,7.927566e+01
2.494899e+13,2.318222e+01
2.809221e+13,2.438337e+01
1.563811e+14,5.044835e+01
4.791289e+13,3.501355e+01
4.600450e+13,3.080953e+01
9.845376e+13,6.257997e+01
5.824197e+16,8.000000e+01
1.655818e+13,7.897927e+01
1.789511e+13,7.897658e+01
1.129372e+14,6.996705e+01
2.837234e+13,5.426414e+01
8.884947e+13,3.801643e+01
6.569952e+13,4.486299e+01
2.560716e+13,7.899546e+01
1.182555e+14,6.642366e+01
4.474118e+13,3.014889e+01
1.213674e+13,7.896797e+01
4.289989e+13,3.231096e+01
1.914076e+13,7.899676e+01
1.378021e+14,4.930725e+01
1.569534e+13,7.899164e+01
5.634506e+13,2.624515e+01
2.736453e+14,8.000000e+01
1.710458e+14,8.000000e+01
1.427807e+13,4.998881e+00
3.183378e+14,5.981732e+01
2.858278e+14,6.858573e+01
1.162019e+13,7.899176e+01
2.727194e+13,7.899836e+01
5.601390e+13,3.549402e+01
1.880613e+13,7.889996e+01
1.039230e+14,4.402219e+01
2.329713e+14,8.000000e+01
2.329713e+14,8.000000e+01
2.639396e+13,7.899767e+01
1.303352e+13,3.495704e+01
2.520647e+13,7.899816e+01
5.010296e+13,3.909747e+01
7.403596e+13,7.897918e+01
7.403596e+13,4.999997e+00
3.726166e+14,8.000000e+01
1.533998e+13,7.899637e+01
4.224650e+14,8.000000e+01
1.739145e+13,4.999755e+00
1.787571e+13,7.899585e+01
5.999796e+13,4.864662e+01
4.016689e+14,8.000000e+01
4.840679e+13,7.899679e+01
2.659241e+13,7.892605e+01
2.207399e+14,8.000000e+01
2.207399e+14,8.000000e+01
1.002521e+13,7.896362e+01
1.262701e+14,4.864662e+01
9.679990e+12,7.898870e+01
1.994072e+13,7.899726e+01
6.643684e+13,6.612337e+01
3.608033e+13,3.299649e+01
4.719405e+13,7.898195e+01
4.418890e+13,7.899589e+01
4.418890e+13,7.899679e+01
2.012391e+14,6.708429e+01
3.304763e+14,8.000000e+01
3.700471e+13,3.074947e+01
2.241291e+13,4.999734e+00
1.138983e+14,4.582391e+01
8.553119e+13,5.537307e+01
2.151005e+13,2.306210e+01
1.873517e+13,2.299269e+01
1.407684e+13,7.899801e+01
3.151136e+14,8.000000e+01
2.502944e+13,2.636527e+01
1.357618e+14,6.065813e+01
1.587196e+14,4.948743e+01
4.874245e+13,4.546357e+01
3.293444e+13,7.899830e+01
1.456611e+13,7.899738e+01
9.160398e+13,5.759520e+01
3.459065e+13,2.924803e+01
1.944344e+13,7.899206e+01
6.590537e+13,7.899530e+01
2.820130e+13,2.894774e+01
2.017521e+13,7.899271e+01
2.638859e+13,2.474371e+01
3.749732e+14,6.582308e+01
4.990288e+14,8.000000e+01
1.355349e+13,7.898930e+01
2.141424e+13,7.888653e+01
9.522251e+12,7.899648e+01
4.769397e+14,8.000000e+01
4.769397e+14,8.000000e+01
6.022347e+13,3.621471e+01
1.603147e+13,7.894604e+01
4.404642e+13,3.159027e+01
1.161085e+13,6.908047e+01
3.719669e+13,3.159027e+01
1.193822e+14,4.954748e+01
6.019050e+13,5.291071e+01
2.839323e+14,8.000000e+01
1.816492e+13,7.897274e+01
1.598394e+13,7.899751e+01
1.373044e+14,5.609376e+01
3.533867e+13,3.915753e+01
1.226896e+14,4.420236e+01
6.891433e+14,8.000000e+01
2.135914e+13,7.795497e+01
3.860470e+14,6.816532e+01
1.673652e+13,7.909263e+01
6.307533e+13,4.240063e+01
1.022448e+14,8.000000e+01
2.046219e+14,8.000000e+01
2.046219e+14,8.000000e+01
1.552586e+13,7.899883e+01
2.210893e+13,2.516412e+01
1.934246e+14,8.000000e+01
2.883027e+14,8.000000e+01
8.381866e+13,4.804604e+01
1.358023e+14,6.348084e+01
1.855281e+13,7.898717e+01
5.186925e+13,4.180006e+01
2.931539e+13,6.111171e+01
7.279837e+13,7.899257e+01
3.599368e+13,3.723568e+01
1.284917e+14,7.813488e+01
1.790146e+13,7.894275e+01
3.560174e+13,3.495350e+01
2.955460e+13,3.243108e+01
3.429805e+13,3.981816e+01
5.684249e+13,5.471243e+01
1.673004e+14,8.000000e+01
1.673004e+14,8.000000e+01
1.673004e+14,8.000000e+01
4.936024e+13,3.183050e+01
7.553145e+15,8.000000e+01
7.553145e+15,8.000000e+01
3.633155e+13,3.441298e+01
5.124778e+13,5.603370e+01
6.578000e+13,4.999815e+00
5.410968e+14,8.000000e+01
5.410968e+14,8.000000e+01
5.410968e+14,8.000000e+01
3.588010e+14,8.000000e+01
2.554192e+14,8.000000e+01
2.554192e+14,7.687545e+01
2.006002e+13,7.896346e+01
1.519523e+13,7.899826e+01
1.270941e+13,7.899797e+01
8.057739e+13,4.065896e+01
1.072525e+14,6.029779e+01
1.024704e+14,3.891730e+01
1.219210e+13,7.899742e+01
2.204419e+14,3.078889e+01
2.140416e+13,7.899402e+01
4.124414e+13,4.119948e+01
1.707433e+13,7.899630e+01
2.976886e+14,8.000000e+01
2.976886e+14,8.000000e+01
1.140244e+14,6.594320e+01
3.425853e+13,3.501355e+01
4.010817e+13,7.899344e+01
6.949224e+13,4.083914e+01
2.741664e+13,2.900780e+01
8.664357e+12,7.899870e+01
2.173696e+14,7.741419e+01
2.173696e+14,7.741419e+01
1.039415e+13,7.899874e+01
4.711643e+13,4.990783e+01
4.711643e+13,4.990783e+01
2.171119e+13,2.462360e+01
3.046971e+13,2.852734e+01
2.857668e+13,2.582475e+01
1.059942e+13,7.899846e+01
2.962966e+13,7.896234e+01
1.160083e+14,4.840639e+01
7.420522e+13,5.279059e+01
1.955640e+13,7.888105e+01
5.260309e+13,5.000156e+00
5.260309e+13,6.336072e+01
1.214784e+13,7.899667e+01
2.010763e+13,7.899832e+01
7.532984e+13,7.387079e+01
4.035697e+13,7.899887e+01
4.035697e+13,7.899390e+01
1.536872e+15,8.000000e+01
1.838720e+13,7.896790e+01
7.198875e+13,6.017767e+01
2.972458e+13,3.147016e+01
2.425002e+13,7.899642e+01
1.718682e+13,4.999645e+00
1.488253e+13,7.899179e+01
4.525400e+14,8.000000e+01
1.488178e+13,7.899523e+01
1.047872e+13,7.868370e+01
6.115609e+13,8.000000e+01
1.177052e+14,6.936648e+01
1.921695e+13,7.899602e+01
7.714002e+13,6.300038e+01
1.090946e+13,7.899673e+01
3.835253e+13,2.840722e+01
1.703593e+13,7.895884e+01
1.433222e+13,7.899305e+01
3.299567e+15,8.000000e+01
3.747442e+13,2.852734e+01
3.714227e+18,8.000000e+01
8.923161e+13,4.750553e+01
1.026966e+14,5.429203e+01
8.935702e+13,3.963799e+01
3.794787e+13,3.273137e+01
3.142199e+14,8.000000e+01
5.023821e+15,8.000000e+01
2.646555e+14,8.000000e+01
7.720919e+13,6.984694e+01
3.334437e+13,3.387246e+01
8.551693e+12,7.899827e+01
7.179106e+13,4.900696e+01
1.553274e+14,8.000000e+01
1.553274e+14,8.000000e+01
4.392329e+13,3.056930e+01
2.310432e+13,7.899625e+01
1.614411e+13,2.299456e+01
1.175398e+13,5.000180e+00
1.006296e+13,7.899736e+01
1.787489e+13,7.898950e+01
2.380291e+13,7.896721e+01
2.756114e+13,7.899596e+01
2.112283e+13,7.899197e+01
6.666245e+14,7.002711e+01
1.336352e+15,7.549235e+01
1.125767e+14,3.500000e+01
3.024652e+13,7.899666e+01
1.810600e+13,7.899037e+01
1.380323e+13,7.899777e+01
2.027547e+13,7.899538e+01
1.449305e+14,4.999965e+00
6.987881e+13,8.000000e+01
2.895030e+13,2.888768e+01
2.278018e+13,7.890150e+01
1.711388e+13,7.897799e+01
6.456443e+14,8.000000e+01
1.241742e+15,7.717396e+01
1.175358e+13,7.899663e+01
2.123130e+13,7.899865e+01
2.688638e+13,7.899338e+01
3.856219e+13,5.092881e+01
3.604996e+13,4.210035e+01
1.403890e+13,7.898411e+01
5.698809e+13,4.011845e+01
2.061025e+13,7.899782e+01
2.233990e+16,8.000000e+01
2.098054e+13,7.899755e+01
7.477123e+14,8.000000e+01
7.477123e+14,8.000000e+01
4.597608e+13,1.700000e+01
6.112775e+13,7.888437e+01
4.630761e+13,3.471327e+01
2.744942e+13,7.899887e+01
1.159169e+13,7.899772e+01
1.554151e+14,5.327105e+01
1.447060e+13,7.899726e+01
1.125442e+14,4.726530e+01
3.923572e+14,8.000000e+01
3.923572e+14,8.000000e+01
6.226573e+13,5.597364e+01
2.867674e+14,5.717479e+01
3.945550e+13,3.044918e+01
2.416597e+14,5.453226e+01
7.309103e+13,6.462193e+01
2.344448e+14,8.000000e+01
1.529761e+13,7.899347e+01
1.372557e+13,7.899681e+01
5.210798e+13,3.681528e+01
2.068700e+13,7.911573e+01
3.285336e+13,3.267131e+01
1.819306e+13,7.897569e+01
3.390410e+13,3.861701e+01
2.976659e+14,8.000000e+01
1.779343e+13,7.899652e+01
1.550505e+14,4.732535e+01
1.733175e+14,8.000000e+01
5.675924e+15,8.000000e+01
5.675924e+15,8.000000e+01
5.675924e+15,8.000000e+01
1.311237e+14,6.270009e+01
5.897051e+13,4.306127e+01
1.331921e+14,4.594403e+01
7.522389e+13,4.780581e+01
2.284931e+13,2.498394e+01
2.989109e+13,3.135004e+01
2.702408e+13,2.876757e+01
3.909866e+13,4.534345e+01
3.097180e+13,7.899084e+01
3.970040e+14,8.000000e+01
9.426576e+14,8.000000e+01
6.103667e+13,4.786587e+01
1.035869e+13,7.899829e+01
2.913787e+14,8.000000e+01
2.913787e+14,8.000000e+01
1.360866e+13,7.899720e+01
3.627024e+13,3.110981e+01
4.833872e+13,4.672478e+01
4.984305e+13,7.946497e+01
6.234197e+13,3.669517e+01
6.397508e+13,3.657505e+01
8.434172e+13,4.990783e+01
3.244710e+13,7.899425e+01
2.087415e+13,7.899779e+01
1.354995e+13,4.291492e+01
2.868258e+14,6.624348e+01
1.374579e+14,5.591358e+01
3.565585e+20,8.000000e+01
3.565585e+20,8.000000e+01
3.565585e+20,8.000000e+01
3.565585e+20,8.000000e+01
3.565585e+20,8.000000e+01
3.565585e+20,8.000000e+01
3.565585e+20,8.000000e+01
3.565585e+20,8.000000e+01
3.565585e+20,8.000000e+01
2.319337e+14,5.501272e+01
5.918609e+13,3.531384e+01
1.236501e+13,6.669860e+01
2.103879e+13,7.896971e+01
1.716259e+13,7.899330e+01
1.754711e+14,8.000000e+01
4.349856e+14,7.206907e+01
3.753915e+13,3.513367e+01
1.390704e+13,7.899388e+01
1.837773e+13,1.700000e+01
1.605605e+13,7.897799e+01
1.066740e+14,5.225007e+01
1.655923e+13,7.019821e+01
2.033238e+13,7.899651e+01
1.503189e+13,7.898830e+01
7.175317e+13,4.119948e+01
3.013647e+13,2.672561e+01
1.746214e+13,7.899576e+01
4.183530e+14,8.000000e+01
2.180118e+13,7.899486e+01
9.461450e+13,4.672478e+01
1.273471e+14,8.000000e+01
1.273471e+14,8.000000e+01
5.295592e+13,5.026817e+01
7.975780e+13,5.158944e+01
2.337508e+18,8.000000e+01
8.628996e+13,6.396130e+01
3.696558e+13,7.896844e+01
3.786231e+15,8.000000e+01
8.220435e+13,6.306043e+01
2.648301e+14,7.663344e+01
8.664891e+13,3.897735e+01
1.306478e+13,7.899679e+01
3.730221e+13,7.899774e+01
2.736248e+13,2.732619e+01
1.359603e+13,4.999795e+00
1.800239e+13,7.899803e+01
1.979478e+13,7.927002e+01
1.894760e+13,7.899573e+01
1.484030e+13,7.899762e+01
1.483557e+13,7.899657e+01
1.494386e+14,8.000000e+01
1.542029e+13,7.899575e+01
4.046420e+13,4.270092e+01
2.821406e+13,2.756642e+01
8.905911e+13,8.000000e+01
1.246248e+13,7.899691e+01
2.117160e+13,7.899770e+01
1.828488e+13,7.899110e+01
1.264970e+13,7.899844e+01
8.473306e+13,5.020812e+01
1.276690e+13,7.899706e+01
1.812985e+14,6.534262e+01
1.708587e+17,8.000000e+01
1.708587e+17,8.000000e+01
1.446333e+13,7.897233e+01
3.249224e+13,3.735580e+01
4.247346e+13,1.900000e+01
7.811511e+13,7.363056e+01
3.226772e+13,3.597448e+01
1.285398e+14,4.468282e+01
3.520207e+13,2.732619e+01
7.332173e+13,4.522334e+01
1.197478e+14,4.672478e+01
2.220060e+13,2.852734e+01
1.424958e+14,8.000000e+01
9.649025e+12,7.899847e+01
2.334963e+13,7.892521e+01
3.720827e+13,3.038912e+01
1.015481e+14,4.180006e+01
6.631930e+13,4.756558e+01
1.035158e+13,4.999762e+00
2.784353e+13,3.315177e+01
2.243563e+13,7.321919e+01
5.099011e+13,5.225007e+01
5.224432e+13,3.357217e+01
5.706683e+13,3.267131e+01
1.451706e+14,8.000000e+01
3.667453e+13,3.507361e+01
1.597321e+13,7.888198e+01
1.286427e+13,7.899816e+01
1.883743e+14,8.000000e+01
1.266524e+14,6.738458e+01
2.673556e+13,5.000000e+00
2.829700e+13,2.486383e+01
1.433481e+14,8.000000e+01
1.615765e+13,7.899779e+01
9.019134e+13,5.000004e+00
2.272107e+14,8.000000e+01
8.953310e+13,5.579347e+01
1.939670e+13,7.899720e+01
1.597744e+14,5.375151e+01
9.436067e+12,7.899666e+01
4.079641e+13,3.044918e+01
1.406327e+13,7.899773e+01
3.991610e+13,4.017850e+01
1.487150e+13,7.899835e+01
2.619356e+13,4.999909e+00
4.677205e+13,3.267131e+01
2.098928e+13,7.899102e+01
2.153279e+13,2.258164e+01
1.158229e+14,4.558368e+01
1.091505e+13,7.899772e+01
6.845874e+13,5.963715e+01
8.937237e+14,6.816532e+01
4.008587e+13,3.189056e+01
1.684224e+14,5.291071e+01
3.098121e+14,8.000000e+01
7.972440e+13,4.504317e+01
5.461860e+13,4.282104e+01
3.708805e+13,7.899418e+01
1.844649e+13,7.897216e+01
5.141727e+13,4.999977e+00
4.375945e+13,3.483338e+01
4.104799e+13,3.074947e+01
1.229774e+14,4.504317e+01
5.301953e+13,4.858656e+01
3.623693e+14,8.000000e+01
1.440509e+14,4.275792e+01
5.181972e+13,5.000022e+00
3.064974e+13,2.900780e+01
2.392024e+13,7.899393e+01
2.094117e+14,8.000000e+01
2.094117e+14,8.000000e+01
2.021920e+13,7.897610e+01
6.604211e+14,8.000000e+01
6.604211e+14,8.000000e+01
3.244852e+13,7.899491e+01
1.994270e+13,7.899069e+01
2.287212e+13,7.897222e+01
1.573653e+14,7.146849e+01
1.451276e+13,7.897185e+01
1.340817e+14,4.816616e+01
2.923525e+13,7.899738e+01
3.611642e+13,3.177045e+01
1.475467e+14,2.689976e+01
1.725273e+14,7.597281e+01
1.015336e+14,4.654461e+01
7.785102e+13,4.840639e+01
3.652571e+13,7.899455e+01
1.495723e+13,7.898979e+01
1.464962e+14,5.567335e+01
1.191515e+13,6.680034e+01
8.386643e+13,8.000000e+01
1.607187e+14,8.000000e+01
3.430050e+13,7.893795e+01
5.587594e+13,5.423197e+01
7.265662e+13,6.438170e+01
1.751440e+13,7.899464e+01
1.205212e+14,6.143888e+01
2.831398e+14,8.000000e+01
1.037748e+13,7.899648e+01
6.839582e+13,4.636443e+01
3.831832e+13,7.898490e+01
5.772169e+13,7.899227e+01
3.952505e+13,7.899567e+01
1.796787e+13,7.898126e+01
7.418007e+13,4.180006e+01
1.884715e+13,7.899771e+01
9.510634e+12,7.899866e+01
6.806123e+13,4.999915e+00
7.554261e+13,4.246069e+01
1.209392e+13,7.899683e+01
1.984380e+13,7.899484e+01
7.994464e+13,6.546273e+01
7.994464e+13,6.546273e+01
1.235133e+14,4.702507e+01
4.328126e+13,3.285148e+01
2.758120e+14,5.561330e+01
1.479302e+13,7.899348e+01
1.718888e+13,7.899500e+01
9.340439e+12,7.888162e+01
1.568448e+13,7.897858e+01
2.761477e+14,8.000000e+01
8.705914e+12,7.899855e+01
2.187772e+13,7.899651e+01
1.203551e+13,7.899827e+01
4.707902e+13,3.405263e+01
2.245402e+13,5.298825e+01
1.077763e+13,7.899833e+01
1.017206e+14,3.951787e+01
1.090286e+14,6.113859e+01
9.630210e+12,7.899844e+01
7.648295e+13,5.687450e+01
3.072768e+13,3.249114e+01
3.925229e+13,4.125954e+01
3.743713e+13,3.735580e+01
3.351081e+13,3.399258e+01
1.498489e+13,7.899225e+01
1.049909e+13,7.899871e+01
2.409300e+13,2.720607e+01
1.904845e+13,2.011928e+01
1.697272e+13,7.899511e+01
1.463972e+14,8.000000e+01
1.463972e+14,7.934195e+01
1.463972e+14,8.000000e+01
2.636338e+13,2.492389e+01
1.449323e+13,7.899280e+01
6.405543e+13,4.402219e+01
5.274748e+13,3.375235e+01
4.073391e+13,3.633482e+01
2.501766e+13,6.098016e+01
1.580779e+14,8.000000e+01
1.580779e+14,8.000000e+01
3.220049e+13,7.899754e+01
3.669578e+13,2.888768e+01
3.988726e+13,3.921758e+01
4.607415e+13,4.900696e+01
4.567469e+13,7.899475e+01
4.567469e+13,7.899816e+01
1.340653e+14,8.000000e+01
1.340653e+14,8.000000e+01
2.637444e+13,6.437253e+01
5.499736e+13,5.357134e+01
1.930582e+14,8.000000e+01
1.050305e+13,7.899577e+01
5.818919e+13,5.188973e+01
1.191162e+13,7.898432e+01
1.853039e+13,7.898960e+01
2.409990e+13,7.894574e+01
5.540162e+13,4.348167e+01
2.430169e+13,2.510406e+01
1.964655e+14,5.170955e+01
3.914728e+13,3.399258e+01
1.362726e+14,4.810610e+01
1.572059e+13,7.899784e+01
4.111893e+13,2.792676e+01
5.928316e+13,3.891730e+01
3.152165e+14,5.363140e+01
5.227065e+13,3.903741e+01
6.790846e+14,8.000000e+01
2.729498e+15,8.000000e+01
2.729498e+15,8.000000e+01
2.729498e+15,8.000000e+01
2.729498e+15,8.000000e+01
1.550050e+14,5.483255e+01
3.265354e+13,7.899567e+01
2.004221e+14,7.627309e+01
2.091564e+13,2.438337e+01
4.432868e+13,4.497495e+01
4.927793e+13,3.675522e+01
4.634409e+14,5.561330e+01
1.716465e+13,7.899753e+01
5.934024e+13,4.546357e+01
2.204176e+14,6.762481e+01
1.603985e+14,8.000000e+01
7.958727e+13,6.083830e+01
1.477415e+13,7.899608e+01
1.179008e+13,7.899633e+01
2.342625e+13,7.932621e+01
1.011069e+14,8.000000e+01
3.439170e+13,7.899415e+01
2.208704e+13,2.426325e+01
3.825416e+13,7.897836e+01
1.371636e+14,5.000006e+00
1.371636e+14,8.000000e+01
3.308963e+14,8.000000e+01
3.308963e+14,8.000000e+01
1.565383e+14,6.990699e+01
4.657229e+13,4.180006e+01
2.932908e+13,2.894774e+01
1.167143e+15,8.000000e+01
1.167143e+15,8.000000e+01
1.798880e+14,8.000000e+01
1.382425e+13,4.999825e+00
2.526608e+13,2.462360e+01
1.479110e+13,7.899877e+01
1.898589e+14,7.513200e+01
1.602643e+13,7.895219e+01
2.545986e+13,4.998640e+00
1.384573e+14,8.000000e+01
4.449446e+13,4.005839e+01
1.048165e+13,7.899415e+01
3.528561e+13,7.896096e+01
4.481897e+13,4.174000e+01
3.523469e+13,3.297160e+01
1.120363e+13,7.907746e+01
9.459015e+13,8.000000e+01
2.717173e+17,8.000000e+01
2.717173e+17,8.000000e+01
3.589668e+14,6.209951e+01
4.743335e+13,3.273137e+01
1.585042e+13,7.899679e+01
2.034477e+13,2.192101e+01
2.643418e+13,7.896828e+01
3.860922e+13,3.237102e+01
1.554310e+13,7.899826e+01
1.866106e+13,7.893399e+01
5.047211e+14,8.000000e+01
2.462567e+14,6.780498e+01
1.580094e+14,7.555240e+01
5.352320e+13,4.999476e+00
1.947173e+13,7.899683e+01
3.588260e+13,2.864745e+01
2.666236e+13,2.924803e+01
2.716788e+14,8.000000e+01
1.085400e+14,7.867540e+01
1.085400e+14,7.867540e+01
1.704212e+13,7.899833e+01
1.928960e+13,7.898374e+01
1.344367e+14,8.000000e+01
1.295241e+14,4.774576e+01
8.068575e+13,4.300121e+01
2.080468e+13,7.899545e+01
1.241083e+14,5.831589e+01
3.090653e+13,2.726613e+01
3.897797e+13,3.927764e+01
1.073994e+14,8.000000e+01
2.482084e+13,4.999957e+00
4.152208e+13,4.113943e+01
1.596323e+13,4.999042e+00
1.520264e+13,7.899555e+01
4.154297e+14,8.000000e+01
4.154297e+14,8.000000e+01
4.129997e+14,8.000000e+01
4.560655e+13,7.899560e+01
3.344297e+13,7.899409e+01
1.313445e+14,5.777537e+01
4.703631e+13,3.381240e+01
6.110422e+13,4.558368e+01
1.039380e+14,4.420236e+01
1.200211e+13,7.899851e+01
5.974593e+13,3.477332e+01
2.552365e+13,7.899091e+01
2.622745e+13,2.354256e+01
3.826008e+13,7.894752e+01
1.567980e+13,7.899050e+01
1.545552e+13,7.899531e+01
1.784683e+13,7.896964e+01
2.200159e+13,7.899149e+01
7.306824e+13,6.828544e+01
1.809128e+15,7.801476e+01
4.007280e+13,4.531981e+01
2.109251e+14,8.000000e+01
1.041565e+14,7.900114e+01
1.041565e+14,8.000000e+01
9.416845e+13,8.000000e+01
1.637103e+13,7.899275e+01
4.185116e+14,8.000000e+01
4.185116e+14,8.000000e+01
4.185116e+14,8.000000e+01
4.836563e+13,6.660383e+01
3.082657e+14,8.000000e+01
1.082049e+14,7.200901e+01
4.549116e+13,3.080953e+01
1.345537e+14,3.700000e+01
7.214035e+14,6.882596e+01
8.706967e+13,5.212996e+01
2.647755e+13,7.899341e+01
1.140451e+13,7.899437e+01
1.581991e+13,7.876987e+01
8.492617e+13,5.855612e+01
1.143301e+13,7.899388e+01
7.225367e+13,7.026734e+01
1.481687e+15,8.000000e+01
1.713356e+14,5.008800e+01
3.224466e+13,7.899570e+01
3.343660e+13,7.910216e+01
4.981840e+13,5.297076e+01
2.029790e+13,7.897715e+01
3.819233e+13,3.297160e+01
5.017106e+13,3.531384e+01
3.742309e+13,7.899222e+01
1.750195e+13,7.899407e+01
3.491639e+14,7.675356e+01
7.112926e+13,5.050840e+01
9.182522e+13,4.192017e+01
1.127263e+14,7.092797e+01
3.845099e+15,8.000000e+01
1.732435e+13,7.893288e+01
2.819678e+13,7.899572e+01
1.316412e+15,8.000000e+01
6.679063e+13,5.873629e+01
8.435287e+13,6.101848e+01
1.635590e+14,8.000000e+01
3.925616e+15,8.000000e+01
1.373565e+18,8.000000e+01
8.340763e+14,8.000000e+01
8.340763e+14,8.000000e+01
9.799860e+12,7.899840e+01
1.526416e+13,1.489427e+01
5.978252e+13,5.489261e+01
4.936026e+13,4.372190e+01
2.278916e+14,7.723402e+01
2.007799e+13,7.899662e+01
2.875078e+13,7.899580e+01
4.856614e+14,8.000000e+01
2.448768e+13,2.456354e+01
3.845980e+13,7.899541e+01
8.525160e+13,4.624432e+01
2.780437e+13,2.774659e+01
3.381601e+13,3.207073e+01
3.667557e+14,8.000000e+01
5.147997e+13,3.002878e+01
2.424957e+14,8.000000e+01
1.468305e+13,7.899331e+01
1.645037e+13,7.899008e+01
6.333720e+13,3.729574e+01
1.894502e+14,8.000000e+01
1.676747e+13,5.614771e+01
5.489904e+14,7.008717e+01
4.156151e+13,4.228052e+01
1.502719e+14,6.203945e+01
3.335029e+13,4.011845e+01
1.168902e+13,4.999798e+00
8.889324e+13,3.999833e+01
5.920255e+13,3.249114e+01
3.579219e+14,8.000000e+01
1.965238e+14,7.296993e+01
3.741937e+13,2.840722e+01
4.604748e+13,3.183050e+01
1.799267e+13,7.899605e+01
1.374481e+14,6.456187e+01
2.600020e+13,7.897317e+01
6.174128e+13,4.300121e+01
5.562190e+13,4.999763e+00
4.432579e+14,6.492222e+01
2.721793e+13,7.899544e+01
6.649396e+13,6.948659e+01
4.005769e+13,3.567419e+01
1.042005e+14,4.161989e+01
1.029659e+13,7.104428e+01
1.698633e+13,7.899204e+01
9.258221e+12,7.899794e+01
1.296700e+13,7.899823e+01
1.761348e+13,7.899812e+01
1.641797e+13,7.906124e+01
1.298416e+13,7.899322e+01
5.433888e+13,3.441298e+01
5.552808e+13,2.498318e+01
3.552451e+13,4.999585e+00
9.068452e+13,4.960754e+01
1.946717e+13,2.698826e+01
1.141298e+14,5.000020e+00
1.141298e+14,8.000000e+01
1.164594e+14,5.285065e+01
3.092178e+13,3.038912e+01
1.562552e+13,7.899755e+01
4.012972e+13,3.759603e+01
2.810166e+14,6.390124e+01
3.536746e+13,7.899652e+01
3.536746e+13,7.899116e+01
2.800487e+13,2.636527e+01
4.141502e+13,3.237102e+01
8.300908e+13,5.062852e+01
1.570269e+15,7.134838e+01
6.079708e+13,4.570380e+01
4.413517e+13,3.405263e+01
8.816113e+13,7.146849e+01
8.816113e+13,7.146849e+01
1.171825e+14,4.708512e+01
4.452247e+13,7.899191e+01
9.207607e+13,1.900000e+01
3.471707e+13,3.567419e+01
8.814708e+13,4.155983e+01
4.477408e+14,8.000000e+01
7.387462e+13,3.711557e+01
9.576910e+13,4.426242e+01
1.194194e+13,7.899830e+01
8.839050e+13,3.693540e+01
4.231351e+13,7.896196e+01
3.200793e+13,2.822705e+01
3.160840e+13,2.840722e+01
1.491730e+13,7.432392e+01
2.018770e+13,7.742800e+01
1.062524e+14,5.273053e+01
1.862737e+13,7.899690e+01
2.201792e+14,8.000000e+01
1.490417e+13,7.895504e+01
1.183278e+13,7.899746e+01
3.685398e+13,3.351212e+01
2.483287e+14,7.008717e+01
1.908850e+13,7.899232e+01
1.610559e+13,7.899577e+01
6.254355e+13,5.723485e+01
2.239967e+14,8.000000e+01
2.952848e+13,7.899649e+01
1.040747e+13,5.304302e+01
1.367685e+13,7.899852e+01
1.780864e+14,5.819577e+01
2.837191e+13,2.570463e+01
4.595906e+13,3.044918e+01
3.569282e+13,2.942820e+01
1.798588e+14,5.957709e+01
7.762388e+13,3.879718e+01
1.419255e+13,7.899293e+01
3.715165e+14,8.000000e+01
9.958915e+12,7.899861e+01
1.741240e+13,7.899728e+01
1.170233e+14,4.354173e+01
8.833191e+12,7.899779e+01
1.378102e+14,8.000000e+01
2.433506e+13,7.899360e+01
7.570472e+13,4.612420e+01
5.874503e+13,7.899724e+01
2.700968e+13,7.734523e+01
6.896202e+17,8.000000e+01
4.832086e+13,7.899459e+01
1.162881e+14,4.570380e+01
2.457702e+13,7.899098e+01
1.395461e+13,7.899462e+01
1.621853e+13,7.899658e+01
5.214906e+13,3.122993e+01
2.707297e+13,7.867544e+01
2.442698e+13,7.897468e+01
3.268823e+13,2.918797e+01
9.927705e+13,5.158944e+01
1.980259e+13,7.899447e+01
2.103126e+13,7.898689e+01
1.397459e+13,7.899367e+01
5.478872e+13,3.897735e+01
1.290733e+13,5.273922e+01
1.427511e+13,7.899581e+01
6.934059e+13,6.089836e+01
1.435453e+13,7.899807e+01
1.038671e+14,8.000000e+01
5.350402e+13,7.899561e+01
9.564199e+13,7.543229e+01
8.251580e+13,3.891730e+01
1.080470e+14,8.000000e+01
4.504486e+13,4.999830e+00
1.760589e+13,7.897600e+01
1.725746e+14,7.044751e+01
1.405707e+13,4.999275e+00
8.400827e+13,4.137966e+01
1.775750e+14,5.363140e+01
1.902805e+13,7.898962e+01
1.084912e+13,7.899634e+01
3.006148e+13,5.343874e+01
3.683404e+13,3.213079e+01
2.917825e+14,8.000000e+01
2.555165e+13,2.660550e+01
1.832428e+13,7.899645e+01
2.296494e+14,8.000000e+01
2.950450e+13,3.183050e+01
2.414608e+14,7.393085e+01
2.414608e+14,7.393085e+01
1.372432e+14,5.321099e+01
1.150220e+14,6.107853e+01
1.643096e+13,7.899700e+01
1.926255e+13,7.899754e+01
8.895100e+13,5.627393e+01
2.933668e+13,7.895137e+01
8.275464e+13,7.940297e+01
2.492831e+14,8.000000e+01
9.449842e+13,4.906702e+01
3.854714e+13,2.966843e+01
2.041409e+14,5.303082e+01
1.150419e+13,7.899835e+01
8.210462e+13,6.047796e+01
2.464620e+13,7.889408e+01
2.171309e+14,8.000000e+01
8.554670e+13,3.927764e+01
2.780773e+13,7.899618e+01
4.008206e+13,3.669517e+01
1.092734e+13,7.899888e+01
5.264265e+13,3.483338e+01
1.973691e+13,7.879997e+01
1.469652e+13,7.899760e+01
8.880572e+13,2.299779e+01
1.399233e+14,8.000000e+01
5.807374e+13,7.899876e+01
2.320594e+15,8.000000e+01
5.683389e+13,3.837678e+01
1.898576e+13,7.897752e+01
2.184808e+13,2.528423e+01
9.923489e+13,6.330066e+01
1.110117e+14,5.110898e+01
1.841933e+14,8.000000e+01
3.450609e+13,7.899650e+01
2.193554e+13,7.873637e+01
1.045007e+14,6.942653e+01
2.653088e+14,8.000000e+01
9.081487e+13,3.921758e+01
7.532503e+13,4.011845e+01
1.122840e+14,5.134921e+01
7.818175e+13,4.930725e+01
1.157724e+14,5.000033e+00
1.157724e+14,7.895272e+01
4.014886e+13,3.423281e+01
2.098474e+13,2.378279e+01
1.784002e+14,6.209951e+01
1.083454e+13,7.899837e+01
1.136998e+13,7.903232e+01
7.975260e+13,7.899866e+01
7.975260e+13,8.000000e+01
3.258744e+13,7.899634e+01
2.001611e+13,7.892920e+01
4.234295e+13,7.892371e+01
3.181501e+13,7.899716e+01
8.664595e+12,7.899764e+01
9.261408e+12,6.676319e+01
5.544078e+14,6.792509e+01
1.570792e+14,3.700000e+01
2.529622e+13,7.899702e+01
5.905351e+13,3.633482e+01
1.231856e+14,5.357134e+01
5.777087e+13,7.899469e+01
2.022902e+13,4.999671e+00
1.293884e+14,5.212996e+01
5.200611e+13,7.899686e+01
6.158596e+13,4.642449e+01
2.387902e+13,2.540435e+01
1.597041e+14,5.831589e+01
9.187228e+13,4.762564e+01
3.308326e+13,2.660550e+01
9.187255e+12,7.899144e+01
2.199523e+13,7.892341e+01
3.425408e+13,7.898291e+01
8.641198e+13,5.957709e+01
1.304663e+13,5.000000e+00
1.394242e+13,7.899585e+01
1.242278e+13,7.897202e+01
2.519781e+13,2.732619e+01
2.040663e+14,8.000000e+01
6.850764e+13,6.227968e+01
8.225701e+13,4.738541e+01
3.394659e+13,7.899623e+01
1.214960e+13,7.907510e+01
9.319721e+14,8.000000e+01
2.619788e+13,7.899487e+01
6.868538e+18,8.000000e+01
6.868538e+18,8.000000e+01
6.868538e+18,8.000000e+01
7.646822e+13,5.104892e+01
7.924071e+13,5.212996e+01
1.374704e+13,7.899688e+01
4.793133e+13,4.216040e+01
2.730576e+13,2.648538e+01
1.893904e+13,7.899738e+01
1.278027e+13,7.893755e+01
2.751349e+13,7.896222e+01
1.183963e+13,7.899559e+01
3.260496e+13,7.899486e+01
4.716625e+13,7.899504e+01
5.324653e+15,8.000000e+01
6.728199e+13,3.945781e+01
2.105783e+14,6.762481e+01
9.110976e+12,7.898903e+01
2.590047e+13,2.690578e+01
6.599620e+13,4.071902e+01
2.916911e+13,2.720607e+01
6.738024e+13,4.059891e+01
1.047791e+13,7.898593e+01
3.688715e+14,8.000000e+01
1.428066e+13,7.899596e+01
5.903436e+13,3.579430e+01
5.692759e+14,7.489177e+01
3.212240e+13,3.062935e+01
5.427733e+13,5.000045e+00
2.694808e+13,7.899566e+01
4.079982e+13,3.309171e+01
2.026250e+13,7.899511e+01
1.543228e+13,4.999860e+00
2.042460e+14,8.000000e+01
2.042460e+14,8.000000e+01
4.347116e+14,8.000000e+01
2.701506e+13,7.899511e+01
1.099904e+13,7.899799e+01
7.191051e+13,7.899638e+01
7.191051e+13,5.000002e+00
2.334021e+13,7.899345e+01
3.919520e+13,7.899760e+01
2.570887e+13,2.540435e+01
3.854753e+13,7.899612e+01
5.732345e+14,8.000000e+01
5.732345e+14,8.000000e+01
5.963857e+13,4.456271e+01
7.239454e+13,6.504233e+01
1.813736e+13,2.077991e+01
1.831723e+15,6.432164e+01
2.468253e+13,7.317647e+01
6.145558e+13,3.495350e+01
2.492419e+13,2.700000e+01
2.015777e+14,5.915669e+01
1.013020e+14,4.498311e+01
2.482927e+13,2.888768e+01
1.686268e+13,7.893460e+01
1.381624e+16,7.717396e+01
3.768373e+13,4.896932e+01
1.965200e+13,7.899006e+01
7.108700e+13,5.297076e+01
6.431667e+14,8.000000e+01
3.403215e+13,4.998936e+00
2.310485e+13,2.438337e+01
2.237872e+13,7.894100e+01
4.800499e+13,7.898949e+01
1.975180e+13,2.305796e+01
5.282718e+13,5.000010e+00
5.282718e+13,5.861617e+01
2.002616e+13,7.898873e+01
4.257617e+14,8.000000e+01
1.773213e+14,8.000000e+01
1.773213e+14,8.000000e+01
1.773213e+14,8.000000e+01
1.894048e+13,7.889398e+01
9.597174e+13,6.858573e+01
1.769662e+14,5.363140e+01
2.309455e+13,7.898725e+01
3.490422e+13,4.065896e+01
2.004545e+14,8.000000e+01
1.090926e+14,4.606414e+01
1.373396e+13,6.082682e+01
2.283702e+14,8.000000e+01
2.283702e+14,8.000000e+01
1.549927e+13,7.899747e+01
2.676812e+13,7.899771e+01
1.676800e+13,7.916958e+01
1.065687e+14,8.000000e+01
1.065687e+14,8.000000e+01
1.276985e+14,7.513200e+01
1.165499e+13,7.899657e+01
6.440171e+13,6.480210e+01
3.128950e+13,3.195062e+01
4.158108e+13,3.068941e+01
8.042113e+13,4.492047e+01
1.305939e+13,7.890833e+01
1.357704e+16,8.000000e+01
1.357704e+16,8.000000e+01
2.879757e+13,3.026901e+01
2.874365e+13,2.636527e+01
6.126285e+13,3.633482e+01
1.496117e+14,6.227968e+01
1.102471e+13,7.899871e+01
2.550989e+13,7.899843e+01
9.417650e+13,5.345122e+01
3.188060e+14,5.789548e+01
2.392160e+13,2.438337e+01
1.221896e+13,7.586977e+01
5.972124e+13,7.896766e+01
5.972124e+13,7.897079e+01
5.146132e+13,5.056846e+01
2.704420e+13,3.056930e+01
1.533435e+13,7.899709e+01
8.931536e+12,1.500000e+01
2.108925e+14,6.300038e+01
2.268901e+13,2.756642e+01
6.520581e+14,8.000000e+01
1.859388e+13,7.899574e+01
2.557154e+13,7.898661e+01
4.452177e+13,3.327189e+01
1.170898e+14,6.918630e+01
1.660725e+13,7.911357e+01
5.224906e+13,3.675522e+01
1.351171e+13,7.899141e+01
1.654164e+14,8.000000e+01
4.020900e+13,3.873712e+01
1.310942e+15,8.000000e+01
2.406458e+19,8.000000e+01
8.179663e+13,4.756558e+01
1.199951e+13,7.899670e+01
1.562826e+13,4.999426e+00
7.351298e+13,4.294115e+01
5.131949e+13,6.300038e+01
1.302456e+13,7.899590e+01
4.503661e+13,4.726530e+01
1.241102e+13,7.899701e+01
1.826780e+14,7.483171e+01
1.391594e+13,7.899595e+01
1.209762e+13,7.899869e+01
1.529012e+13,7.895983e+01
2.059367e+13,7.898811e+01
1.085126e+14,4.276098e+01
1.866976e+13,4.999466e+00
1.623391e+13,7.899778e+01
1.267366e+13,7.899415e+01
3.975238e+14,7.447137e+01
1.131730e+13,7.899866e+01
7.272539e+13,4.228052e+01
1.904922e+13,7.899509e+01
1.401993e+13,4.999758e+00
4.511894e+14,6.017767e+01
2.623785e+13,2.540435e+01
1.502860e+14,4.984777e+01
3.564074e+13,7.894050e+01
1.031104e+15,8.000000e+01
1.031104e+15,8.000000e+01
1.031104e+15,8.000000e+01
1.031104e+15,8.000000e+01
9.257511e+12,7.899576e+01
3.598269e+13,3.092964e+01
2.876661e+13,5.000000e+00
2.652955e+13,7.883365e+01
3.316767e+13,3.363223e+01
4.083678e+13,4.480294e+01
2.981098e+13,2.726613e+01
1.482455e+14,5.002794e+01
2.468219e+13,2.438337e+01
8.904344e+12,7.898759e+01
1.360418e+13,7.899027e+01
2.314828e+13,7.899551e+01
1.646812e+13,7.899674e+01
1.567399e+13,7.899585e+01
2.149457e+13,7.896393e+01
2.569712e+13,7.898527e+01
6.942152e+13,4.672478e+01
4.311571e+14,7.038745e+01
1.723059e+13,7.899666e+01
6.950244e+13,3.681528e+01
1.000527e+14,8.000000e+01
1.000527e+14,8.000000e+01
3.380285e+13,2.978855e+01
5.094857e+13,4.558368e+01
4.854897e+13,7.899551e+01
7.467811e+13,4.780581e+01
1.324722e+14,5.585353e+01
3.043852e+13,2.984860e+01
1.200938e+15,7.459148e+01
3.561918e+14,8.000000e+01
1.162482e+14,6.984694e+01
1.162482e+14,6.984694e+01
1.513513e+13,3.500000e+01
1.597202e+13,7.899108e+01
7.640253e+13,4.816616e+01
5.061121e+13,7.899341e+01
1.354342e+13,7.897960e+01
3.076791e+13,3.038912e+01
3.126629e+13,7.899650e+01
1.442556e+13,7.899798e+01
5.536396e+15,8.000000e+01
1.040458e+13,7.899813e+01
1.441520e+13,7.899792e+01
2.369286e+13,7.899530e+01
2.357898e+13,7.899501e+01
3.442112e+13,7.899801e+01
1.579859e+13,7.899335e+01
7.133541e+13,5.645410e+01
3.747293e+13,2.930809e+01
1.913978e+14,4.846645e+01
1.969800e+14,8.000000e+01
2.003486e+13,2.324227e+01
1.025833e+14,4.930725e+01
2.124278e+13,7.898668e+01
2.691085e+13,2.816699e+01
2.128502e+13,7.897057e+01
3.629082e+13,7.899009e+01
1.138764e+14,7.899287e+01
1.138764e+14,7.899463e+01
1.138764e+14,8.000000e+01
7.682563e+13,5.050840e+01
3.199453e+14,7.465154e+01
3.016559e+13,7.899769e+01
2.952050e+13,3.333194e+01
2.435027e+13,7.898085e+01
7.613268e+13,3.999833e+01
6.863477e+13,7.891794e+01
1.897506e+13,7.899660e+01
1.566987e+14,4.894691e+01
1.344248e+13,7.881186e+01
2.511763e+13,7.899638e+01
8.532460e+13,3.807649e+01
2.407623e+13,2.576469e+01
1.931208e+14,7.627309e+01
1.968410e+13,2.162072e+01
2.741434e+13,3.873712e+01
4.335590e+14,8.000000e+01
4.335590e+14,8.000000e+01
1.495853e+13,7.897761e+01
5.044653e+13,4.354173e+01
5.039683e+14,8.000000e+01
5.039683e+14,8.000000e+01
4.201800e+14,8.000000e+01
3.204481e+13,7.898428e+01
1.385542e+14,6.684406e+01
3.563987e+13,3.357217e+01
3.853264e+13,3.393252e+01
5.594677e+13,3.987822e+01
3.339597e+13,3.753597e+01
1.280346e+13,7.899697e+01
3.711647e+13,3.735580e+01
9.433296e+12,1.500000e+01
3.619421e+13,7.941608e+01
6.931398e+13,3.897735e+01
4.776687e+13,5.225007e+01
3.731322e+13,3.819660e+01
1.991665e+13,5.671784e+01
1.039556e+14,4.999977e+00
7.039786e+13,3.999833e+01
1.718431e+13,7.899075e+01
5.607861e+13,3.080953e+01
1.628621e+13,7.899120e+01
1.559163e+14,6.372107e+01
1.783725e+13,5.000000e+00
2.888633e+13,3.327189e+01
1.376504e+14,7.899434e+01
1.376504e+14,5.000001e+00
1.376504e+14,7.899595e+01
8.363236e+13,4.636443e+01
5.442338e+14,8.000000e+01
3.472500e+13,2.654544e+01
2.354479e+13,2.384285e+01
2.805839e+13,7.899529e+01
2.926255e+13,2.978855e+01
1.136017e+13,7.897588e+01
1.583107e+14,8.000000e+01
1.223973e+14,6.708429e+01
1.344244e+13,7.899795e+01
2.496933e+13,2.612504e+01
3.118698e+13,5.895757e+01
2.800541e+14,8.000000e+01
2.548692e+13,7.894277e+01
1.023620e+14,8.000000e+01
1.278902e+13,7.899655e+01
1.815583e+13,7.899837e+01
1.015634e+15,8.000000e+01
1.615389e+14,6.149894e+01
1.719105e+13,4.999676e+00
1.457270e+13,7.898315e+01
5.840839e+13,3.813655e+01
8.218986e+14,8.000000e+01
1.103158e+13,7.896127e+01
2.520448e+13,2.618509e+01
4.943580e+13,4.999991e+00
4.943580e+13,4.999994e+00
1.918598e+13,7.893392e+01
6.111376e+13,8.000000e+01
2.186235e+13,2.390291e+01
2.549993e+13,7.899250e+01
1.401580e+14,5.861617e+01
1.043385e+14,8.000000e+01
9.591407e+13,5.363140e+01
3.280399e+13,4.999952e+00
1.005641e+13,7.899421e+01
5.109070e+13,4.348167e+01
5.818653e+14,8.000000e+01
5.679468e+13,2.703201e+01
3.206840e+13,3.116987e+01
2.131999e+13,2.270176e+01
1.977766e+13,2.090003e+01
1.993798e+15,7.327022e+01
1.012230e+13,7.898241e+01
5.217876e+13,3.675522e+01
2.171431e+13,7.921222e+01
7.609187e+13,4.714518e+01
5.869463e+13,4.906702e+01
2.847655e+16,8.000000e+01
2.554017e+13,7.899226e+01
9.123518e+13,7.242941e+01
3.740570e+13,7.899539e+01
2.675217e+13,2.654544e+01
1.541629e+13,7.899527e+01
1.955107e+14,7.044751e+01
2.189479e+13,7.899327e+01
1.281698e+13,7.896723e+01
2.104523e+13,7.934550e+01
7.783590e+13,4.324144e+01
1.629274e+14,6.047796e+01
4.240976e+13,3.375235e+01
9.930760e+12,7.898100e+01
1.476007e+13,7.899566e+01
3.816246e+13,3.098970e+01
1.281319e+15,8.000000e+01
4.541743e+13,7.899578e+01
1.515023e+14,8.000000e+01
5.839456e+13,3.381240e+01
1.072161e+13,7.899704e+01
3.307974e+13,7.899544e+01
5.069008e+13,3.597448e+01
1.062733e+14,7.284981e+01
1.062733e+14,7.284981e+01
2.129157e+14,8.000000e+01
6.764001e+14,8.000000e+01
1.656983e+14,5.086875e+01
4.652358e+13,4.155983e+01
4.780230e+13,4.402219e+01
3.223118e+13,7.899737e+01
1.256048e+13,7.908015e+01
1.258615e+14,4.708512e+01
7.544900e+13,5.873629e+01
1.055494e+14,5.273053e+01
1.750844e+13,7.896881e+01
2.844432e+13,3.122993e+01
3.090813e+13,7.899473e+01
2.073411e+13,7.887616e+01
7.304539e+13,5.309088e+01
4.222794e+13,3.771614e+01
4.339112e+13,7.898950e+01
1.488486e+13,7.899798e+01
6.294265e+13,4.876673e+01
3.389183e+13,3.645494e+01
2.519601e+13,3.549402e+01
2.802265e+13,2.930809e+01
8.360851e+13,6.221963e+01
1.168228e+13,7.898431e+01
1.596178e+13,7.899725e+01
2.693432e+13,4.854385e+01
1.660522e+13,7.899647e+01
2.687633e+13,4.999925e+00
2.173246e+13,7.899458e+01
6.090703e+13,4.059891e+01
1.497071e+14,2.665435e+01
4.276278e+14,8.000000e+01
1.836629e+13,7.899111e+01
5.978000e+15,8.000000e+01
5.978000e+15,8.000000e+01
4.651957e+13,4.005839e+01
9.028176e+12,7.899820e+01
1.514130e+13,7.899520e+01
2.246996e+13,7.899245e+01
3.427180e+13,3.237102e+01
3.721876e+13,2.966843e+01
2.529018e+13,7.899870e+01
1.952813e+13,7.899794e+01
7.713650e+13,7.212912e+01
1.806602e+13,7.899448e+01
1.190826e+14,8.000000e+01
1.190826e+14,8.000000e+01
4.949981e+13,5.609376e+01
9.728677e+13,4.360178e+01
9.296268e+13,4.648455e+01
2.643658e+14,7.933603e+01
1.049501e+14,4.360178e+01
2.450191e+13,7.899502e+01
5.605940e+14,8.000000e+01
1.803661e+13,7.896374e+01
9.329935e+12,7.899719e+01
4.825143e+13,3.639488e+01
2.735272e+13,3.183050e+01
2.579004e+13,7.899401e+01
1.205052e+14,4.684489e+01
1.779450e+13,7.899736e+01
1.147689e+13,7.899815e+01
1.692599e+13,7.899872e+01
1.917624e+14,5.825583e+01
9.736383e+13,6.065813e+01
2.670654e+14,8.000000e+01
6.173527e+13,7.899227e+01
1.585437e+14,6.570297e+01
5.123461e+13,3.321183e+01
1.272972e+13,7.886433e+01
5.016258e+13,5.014806e+01
1.196336e+14,8.000000e+01
1.159048e+13,4.294865e+01
2.290413e+13,7.898731e+01
1.520061e+14,6.480210e+01
5.610692e+13,4.492305e+01
9.719245e+13,8.000000e+01
5.157379e+13,3.345206e+01
7.768523e+13,3.927764e+01
1.873069e+13,7.898682e+01
3.449441e+13,3.393252e+01
1.915790e+13,7.898992e+01
1.526703e+13,7.899842e+01
2.654678e+13,4.997767e+00
2.025645e+13,4.999911e+00
1.315937e+13,7.895897e+01
3.115638e+13,3.441298e+01
1.015674e+14,8.000000e+01
1.015674e+14,8.000000e+01
2.183525e+13,7.898614e+01
2.546991e+14,6.336072e+01
1.894919e+13,7.899398e+01
3.252611e+13,2.972849e+01
5.070986e+13,7.899142e+01
6.931920e+13,4.071902e+01
5.129405e+13,3.843684e+01
1.402390e+14,8.000000e+01
1.081640e+13,7.898036e+01
4.522259e+13,3.471327e+01
6.162070e+13,4.534345e+01
2.140695e+13,7.894495e+01
2.300058e+13,7.893709e+01
1.827340e+13,2.304422e+01
1.014664e+14,4.948743e+01
8.462462e+13,3.897735e+01
1.918575e+16,8.000000e+01
3.617707e+13,7.899731e+01
3.617707e+13,7.899750e+01
2.014478e+13,7.899526e+01
2.079643e+13,7.899325e+01
3.653411e+13,3.411269e+01
1.871265e+13,1.700000e+01
9.275108e+13,8.000000e+01
9.275108e+13,8.000000e+01
3.584302e+13,2.908336e+01
3.352665e+13,3.062935e+01
1.735365e+13,7.894659e+01
1.761058e+13,7.899467e+01
1.271502e+14,4.642449e+01
1.894544e+13,7.899529e+01
4.942219e+13,3.831672e+01
1.085522e+13,7.899801e+01
2.641311e+13,7.899558e+01
2.944035e+13,3.104976e+01
1.031361e+14,4.990783e+01
1.249976e+14,5.867623e+01
3.730760e+13,3.699545e+01
1.135204e+14,4.900696e+01
1.249571e+14,4.264086e+01
6.087139e+13,4.330150e+01
8.956795e+13,8.000000e+01
5.413511e+13,7.899771e+01
1.100409e+13,7.899727e+01
2.424043e+14,5.861617e+01
5.842156e+13,3.561413e+01
3.738068e+14,5.723485e+01
9.814174e+13,4.167994e+01
1.460273e+13,7.897860e+01
2.201531e+13,2.198107e+01
5.815959e+16,8.000000e+01
5.815959e+16,8.000000e+01
1.173029e+14,7.447137e+01
8.517067e+13,7.899950e+01
8.517067e+13,8.000000e+01
5.013278e+13,7.898927e+01
8.402765e+13,5.471243e+01
2.890246e+13,7.896099e+01
4.349469e+13,3.819660e+01
1.311826e+13,7.899623e+01
2.888735e+13,2.954832e+01
1.474489e+13,7.899754e+01
8.465179e+15,8.000000e+01
1.288336e+14,4.714518e+01
1.279568e+13,7.899787e+01
1.675197e+13,7.889207e+01
1.295536e+13,7.899755e+01
1.071742e+14,4.576386e+01
1.229763e+14,8.000000e+01
1.229763e+14,8.000000e+01
1.026970e+13,7.899873e+01
1.425602e+13,5.457305e+01
8.972709e+13,5.008800e+01
4.777636e+13,3.104976e+01
2.391599e+13,2.624515e+01
1.072644e+14,4.999969e+00
8.720483e+13,8.000000e+01
1.745358e+13,7.889418e+01
3.284057e+13,7.898540e+01
1.623434e+13,7.899717e+01
8.556824e+13,4.570380e+01
9.396883e+12,7.899793e+01
5.222089e+13,3.579430e+01
1.268404e+14,6.930642e+01
6.128431e+14,8.000000e+01
1.784566e+13,7.899112e+01
1.007013e+14,7.898781e+01
1.007013e+14,4.999992e+00
2.257564e+13,2.390291e+01
1.832888e+13,2.102014e+01
5.742588e+13,7.899685e+01
4.955663e+13,3.789632e+01
2.251054e+14,7.146849e+01
1.854351e+13,7.899375e+01
2.151569e+14,7.789465e+01
7.613977e+13,3.633482e+01
2.009794e+13,7.899716e+01
3.081411e+13,7.431715e+01
2.150910e+13,7.899175e+01
4.975102e+13,3.459315e+01
3.743525e+15,8.000000e+01
1.226184e+13,7.896963e+01
5.366743e+13,4.918714e+01
1.498893e+13,7.876339e+01
2.730508e+13,2.834717e+01
2.386865e+13,7.899163e+01
1.094783e+14,8.000000e+01
2.223134e+13,7.899767e+01
1.181814e+13,7.899125e+01
5.717772e+14,7.927597e+01
3.880567e+14,8.000000e+01
3.839347e+13,3.879718e+01
3.988688e+13,4.999037e+00
3.984322e+13,4.774576e+01
2.437228e+13,7.891554e+01
1.455428e+13,7.898383e+01
5.380315e+13,4.768570e+01
2.131645e+13,7.918137e+01
1.174638e+13,7.899568e+01
1.703585e+13,7.899847e+01
1.008289e+14,6.486216e+01
2.922521e+13,7.899526e+01
2.586768e+14,5.231013e+01
8.018741e+13,7.825499e+01
8.487250e+13,7.899921e+01
8.487250e+13,6.816532e+01
1.724234e+15,8.000000e+01
1.724234e+15,8.000000e+01
3.327005e+13,7.898248e+01
3.502228e+13,2.708596e+01
2.669095e+13,3.110981e+01
1.131617e+14,5.885640e+01
3.840673e+13,5.465238e+01
4.171429e+14,5.951704e+01
2.985736e+13,4.999916e+00
8.598551e+14,7.747425e+01
2.442896e+13,2.438337e+01
1.401871e+13,7.897962e+01
2.265319e+13,7.897610e+01
2.885334e+14,8.000000e+01
3.126432e+13,3.279143e+01
4.730896e+13,3.417275e+01
3.499730e+13,4.029862e+01
6.933252e+13,3.843684e+01
3.357978e+13,3.507361e+01
3.246311e+13,7.899801e+01
2.960803e+13,3.086958e+01
4.791019e+13,4.999795e+00
1.074964e+13,6.466574e+01
3.155655e+13,7.899582e+01
8.405529e+13,4.438253e+01
1.791091e+13,7.898762e+01
1.003089e+14,5.861617e+01
1.933950e+13,2.210118e+01
1.741427e+14,8.000000e+01
9.223602e+13,5.567335e+01
2.910426e+13,2.636527e+01
2.674005e+14,8.000000e+01
1.131511e+14,6.894607e+01
8.521957e+13,5.303082e+01
2.383287e+13,7.899836e+01
4.527042e+13,5.170955e+01
2.336426e+13,2.426325e+01
1.178379e+13,4.999678e+00
1.153864e+13,7.899189e+01
3.612097e+13,7.899644e+01
8.799536e+13,8.000000e+01
1.065062e+14,5.074863e+01
3.306699e+14,8.000000e+01
3.306699e+14,8.000000e+01
8.000905e+12,7.899834e+01
4.008078e+13,4.137966e+01
2.116350e+13,7.899777e+01
9.314308e+13,6.840556e+01
9.314308e+13,6.840556e+01
1.193961e+13,7.898690e+01
1.195086e+13,7.899724e+01
2.032802e+13,7.897719e+01
2.823699e+13,7.899418e+01
2.093462e+13,4.999953e+00
1.287313e+13,6.285987e+01
6.971033e+13,4.999691e+00
3.119831e+14,8.000000e+01
5.477371e+13,5.000251e+00
5.477371e+13,5.000115e+00
5.477371e+13,7.895838e+01
6.166450e+13,3.417275e+01
1.881770e+14,6.227968e+01
1.431990e+13,7.908942e+01
8.821533e+13,7.585269e+01
4.069970e+14,8.000000e+01
3.579736e+13,3.771614e+01
2.504853e+13,2.492389e+01
1.614976e+14,6.960671e+01
7.581913e+13,8.000000e+01
7.750521e+13,4.174000e+01
2.183139e+13,2.354256e+01
3.799533e+13,3.639488e+01
2.008026e+13,7.899500e+01
2.322366e+13,7.896615e+01
1.606324e+13,7.899517e+01
8.626847e+12,4.999610e+00
4.760362e+13,3.183050e+01
1.157754e+14,7.170872e+01
1.494950e+13,4.999552e+00
3.417406e+13,3.147016e+01
1.081428e+13,7.899742e+01
3.804771e+13,7.878779e+01
8.778750e+13,4.690495e+01
9.865070e+12,7.899829e+01
1.386742e+13,7.897147e+01
1.294521e+13,7.898775e+01
3.065995e+13,4.998548e+00
1.061365e+13,7.899859e+01
2.306867e+13,2.462360e+01
5.532038e+13,3.375235e+01
1.362058e+13,7.899752e+01
2.271257e+13,7.899434e+01
3.412149e+13,3.104976e+01
6.908012e+13,5.020812e+01
1.124485e+13,1.499486e+01
1.726842e+13,7.898827e+01
4.104073e+13,7.899924e+01
4.104073e+13,7.899847e+01
4.108282e+14,8.000000e+01
2.531949e+14,6.185928e+01
6.773559e+13,2.692693e+01
1.412980e+14,4.630437e+01
4.636612e+13,3.231096e+01
7.428914e+13,5.921675e+01
1.619542e+13,3.313208e+01
1.871000e+14,5.927681e+01
1.685483e+13,3.496111e+01
1.456785e+16,8.000000e+01
5.618602e+13,2.966843e+01
2.812263e+13,3.098970e+01
3.432456e+13,7.899247e+01
1.727584e+14,7.903574e+01
2.865270e+13,7.944373e+01
3.379449e+13,2.840722e+01
1.740660e+14,8.000000e+01
1.222988e+13,7.899721e+01
4.895639e+13,7.899631e+01
4.895639e+13,7.899451e+01
1.357146e+14,4.486299e+01
2.560210e+13,7.931360e+01
6.978586e+13,3.303166e+01
1.978730e+13,7.899188e+01
1.253523e+14,4.999920e+00
1.253523e+14,5.000029e+00
1.253523e+14,5.000043e+00
1.253523e+14,4.999966e+00
2.511217e+13,5.904503e+01
7.284081e+13,3.687534e+01
1.529126e+14,7.471160e+01
1.460566e+13,7.899674e+01
1.372748e+13,7.899885e+01
1.918795e+13,7.899112e+01
1.316848e+13,7.899642e+01
1.211621e+13,7.899796e+01
3.838324e+13,4.690495e+01
3.711035e+13,3.585436e+01
2.732482e+13,7.899289e+01
6.160786e+13,8.000000e+01
2.945547e+13,2.882763e+01
5.489725e+13,3.891730e+01
2.523647e+13,2.690578e+01
9.225526e+13,6.083830e+01
2.990403e+13,2.588481e+01
8.582562e+13,8.000000e+01
4.951106e+13,4.011845e+01
1.262207e+14,6.023773e+01
2.901746e+13,7.898617e+01
1.885217e+13,7.897510e+01
2.237532e+14,8.000000e+01
2.237532e+14,8.000000e+01
2.237532e+14,8.000000e+01
1.296060e+13,7.899479e+01
5.520478e+13,4.167994e+01
8.313671e+13,4.384202e+01
2.532762e+13,7.899159e+01
3.819744e+13,3.098970e+01
3.193444e+13,3.333194e+01
4.643251e+13,4.999964e+00
6.013329e+13,3.567419e+01
1.215546e+13,7.899880e+01
5.786955e+13,7.867540e+01
5.786955e+13,5.000525e+00
3.922579e+13,3.267131e+01
1.366205e+14,5.417191e+01
1.207282e+14,5.104892e+01
1.597198e+13,7.899692e+01
1.459183e+14,8.000000e+01
7.823494e+13,4.222046e+01
1.154133e+17,8.000000e+01
2.396986e+13,6.553179e+01
1.498820e+13,7.899475e+01
1.408402e+14,4.714518e+01
2.041169e+14,8.000000e+01
2.041169e+14,8.000000e+01
1.227132e+13,7.899831e+01
5.820860e+13,4.624432e+01
2.370227e+13,2.450348e+01
2.880404e+13,2.990866e+01
1.032153e+14,8.000000e+01
1.032153e+14,8.000000e+01
8.059770e+13,4.023856e+01
1.590821e+13,4.998668e+00
7.370544e+13,6.486216e+01
9.121845e+13,8.000000e+01
2.320941e+13,7.899716e+01
5.299703e+13,4.497362e+01
9.886062e+13,4.990783e+01
8.775201e+13,7.116820e+01
5.998920e+13,5.933686e+01
1.459487e+13,7.899249e+01
1.542717e+14,8.000000e+01
9.593787e+12,7.899822e+01
2.794439e+14,8.000000e+01
2.515875e+13,7.896621e+01
6.156920e+13,3.963799e+01
2.979101e+13,3.038912e+01
7.014882e+13,3.513367e+01
1.560881e+13,7.899788e+01
9.454724e+12,7.899714e+01
2.146570e+13,7.899676e+01
5.532534e+13,4.924720e+01
2.266371e+14,8.000000e+01
2.266371e+14,8.000000e+01
1.707049e+13,7.898369e+01
2.375345e+13,2.828711e+01
2.789473e+15,8.000000e+01
2.226985e+13,7.899408e+01
1.117951e+13,7.899725e+01
1.163741e+13,7.898624e+01
3.791466e+13,7.899039e+01
9.294244e+13,8.000000e+01
7.481881e+13,7.254953e+01
2.345035e+13,2.576469e+01
2.788102e+13,2.870751e+01
1.171088e+13,7.908550e+01
5.031333e+13,4.756558e+01
5.478472e+13,4.906702e+01
3.538187e+13,2.816699e+01
3.695827e+13,3.056930e+01
4.479175e+13,3.795637e+01
2.087554e+13,6.839418e+01
1.182795e+13,7.899862e+01
1.456013e+14,8.000000e+01
1.806357e+14,7.363056e+01
1.203884e+14,6.648371e+01
4.125496e+13,3.423281e+01
2.215682e+13,7.899511e+01
2.001285e+13,2.162072e+01
1.930635e+14,2.680050e+01
3.285283e+13,2.840722e+01
2.297031e+14,5.333111e+01
2.756088e+13,2.822705e+01
1.071962e+14,5.014806e+01
1.077951e+13,7.899043e+01
6.494357e+13,3.795637e+01
1.280072e+14,8.000000e+01
7.319626e+13,5.579347e+01
2.104875e+13,7.890022e+01
7.576938e+13,4.101931e+01
1.874678e+13,7.899164e+01
4.618755e+13,3.759603e+01
1.099478e+13,7.899228e+01
1.099740e+13,1.500000e+01
4.672231e+13,3.177045e+01
2.057587e+14,8.000000e+01
2.057587e+14,8.000000e+01
1.921814e+13,7.899644e+01
2.984211e+13,7.899729e+01
2.149271e+13,7.896041e+01
2.887955e+13,2.768653e+01
2.344999e+13,2.582475e+01
2.564468e+14,6.408141e+01
1.525103e+13,7.898024e+01
2.183952e+13,4.999942e+00
1.336837e+13,4.999254e+00
7.864170e+13,8.000000e+01
3.095319e+13,7.899461e+01
2.344159e+13,2.216124e+01
3.026878e+13,7.905822e+01
2.107450e+13,7.899830e+01
7.573675e+13,3.861701e+01
2.787044e+13,7.899527e+01
8.860743e+12,7.898816e+01
5.939636e+13,6.558285e+01
2.741179e+13,2.912791e+01
3.854181e+13,3.128999e+01
2.892031e+13,2.732619e+01
3.095020e+13,2.852734e+01
2.139893e+13,2.252158e+01
1.328435e+14,4.492305e+01
1.124986e+14,8.000000e+01
1.966243e+13,7.883961e+01
4.653414e+14,7.705384e+01
1.963752e+13,7.896758e+01
8.706181e+13,3.879718e+01
2.389741e+13,7.899092e+01
1.532403e+13,7.899784e+01
8.247326e+13,4.023856e+01
2.593937e+15,8.000000e+01
2.593937e+15,8.000000e+01
2.593937e+15,8.000000e+01
2.693572e+13,2.792676e+01
1.113812e+14,4.516328e+01
6.528579e+13,4.576386e+01
1.947974e+14,7.200901e+01
2.614558e+13,7.899420e+01
5.014024e+13,3.537390e+01
1.216424e+14,2.691056e+01
8.371923e+13,4.486299e+01
1.833275e+13,7.899643e+01
1.069105e+14,5.765525e+01
2.406749e+13,7.899414e+01
1.439603e+14,8.000000e+01
2.023003e+15,8.000000e+01
4.290344e+13,3.567419e+01
1.489303e+13,7.899523e+01
3.666464e+13,3.231096e+01
3.586950e+13,2.876757e+01
1.090988e+13,7.899785e+01
1.807944e+13,7.898724e+01
1.244534e+13,7.898985e+01
1.192861e+14,8.000000e+01
1.192861e+14,8.000000e+01
2.316340e+13,5.000191e+00
2.316340e+13,5.000181e+00
2.046391e+14,8.000000e+01
5.144623e+13,5.194979e+01
7.605914e+13,5.927681e+01
7.543288e+13,7.339033e+01
2.939990e+13,2.822705e+01
8.472327e+13,8.000000e+01
5.481690e+13,3.927764e+01
1.968578e+16,8.000000e+01
3.480513e+14,8.000000e+01
4.295649e+13,7.898910e+01
2.175889e+13,6.097682e+01
1.056847e+13,7.898866e+01
1.130534e+14,4.762564e+01
6.119175e+13,5.405180e+01
1.751639e+13,7.899079e+01
2.124683e+13,7.899668e+01
3.094294e+13,7.898551e+01
2.351637e+13,7.898842e+01
1.352163e+13,7.899815e+01
1.590741e+15,8.000000e+01
1.590741e+15,8.000000e+01
7.567294e+15,8.000000e+01
2.258819e+13,7.898676e+01
2.562272e+13,2.780665e+01
4.906683e+13,7.899746e+01
1.164805e+14,6.264003e+01
5.194505e+13,3.747591e+01
2.547091e+13,7.899529e+01
1.215951e+16,8.000000e+01
1.215951e+16,8.000000e+01
1.215951e+16,8.000000e+01
1.506690e+13,7.899442e+01
8.306225e+13,2.390291e+01
3.581703e+13,2.816699e+01
2.741994e+14,6.990699e+01
9.192684e+16,8.000000e+01
4.483929e+13,3.141010e+01
1.627837e+13,7.898674e+01
4.088177e+13,3.243108e+01
9.597696e+13,6.996705e+01
4.098703e+13,3.591442e+01
1.210126e+14,7.104809e+01
1.138754e+13,7.896199e+01
2.236423e+13,2.504400e+01
1.587712e+14,6.053802e+01
7.967162e+13,5.000006e+00
7.967162e+13,5.000013e+00
7.967162e+13,5.000010e+00
1.675299e+13,7.899371e+01
6.274834e+13,5.639404e+01
4.512106e+13,7.891943e+01
1.389451e+13,7.898194e+01
1.079728e+14,6.726446e+01
5.889722e+13,3.795637e+01
7.534865e+13,3.927764e+01
2.441683e+13,7.898964e+01
1.262516e+13,7.899201e+01
5.711953e+13,4.198023e+01
2.516840e+13,7.896726e+01
6.400368e+13,3.807649e+01
1.031040e+13,7.896406e+01
5.563734e+13,3.687534e+01
1.591055e+13,7.899166e+01
2.828635e+15,7.771448e+01
4.529238e+14,6.480210e+01
2.218873e+13,4.999554e+00
1.440776e+14,4.642449e+01
1.915380e+13,7.899550e+01
3.007961e+13,7.899441e+01
4.423506e+13,3.885724e+01
4.805483e+13,7.899202e+01
1.087180e+13,1.900000e+01
2.307138e+13,6.205251e+01
6.936524e+13,4.149977e+01
1.106158e+13,7.897637e+01
4.101172e+13,3.549402e+01
5.735598e+13,4.552363e+01
4.520850e+14,3.090158e+01
6.605179e+13,2.693801e+01
1.187740e+13,7.899263e+01
1.838780e+13,7.899216e+01
1.209304e+13,7.899784e+01
2.461418e+13,4.094067e+01
3.440758e+13,3.273137e+01
1.777150e+13,7.899481e+01
7.917100e+13,4.288109e+01
2.853492e+13,2.792676e+01
2.543239e+13,2.828711e+01
1.644896e+13,7.899317e+01
1.720809e+13,7.899623e+01
8.783704e+13,5.381157e+01
2.023799e+14,8.000000e+01
2.023799e+14,8.000000e+01
2.014883e+13,7.898969e+01
5.790120e+13,5.000049e+00
1.043596e+13,7.899799e+01
5.164438e+13,4.780581e+01
6.750523e+13,7.899813e+01
1.141248e+13,3.700000e+01
8.785245e+13,5.993744e+01
9.225716e+13,6.197940e+01
4.638550e+14,8.000000e+01
6.746989e+15,7.188889e+01
2.331436e+14,6.318055e+01
5.615948e+13,4.125954e+01
9.605920e+13,4.720524e+01
1.093268e+13,7.899837e+01
2.599495e+14,8.000000e+01
1.402641e+13,7.899074e+01
1.030716e+14,7.899915e+01
1.030716e+14,4.999999e+00
1.681103e+13,7.895875e+01
2.837253e+13,7.899416e+01
2.078268e+14,8.000000e+01
2.078268e+14,8.000000e+01
1.354625e+13,7.898752e+01
1.556695e+15,8.000000e+01
1.431125e+14,5.969721e+01
2.324760e+14,5.044835e+01
2.317213e+13,1.700000e+01
7.106457e+13,4.834633e+01
1.869540e+14,7.915586e+01
2.296092e+13,7.899264e+01
1.014543e+13,7.899803e+01
3.130103e+14,8.000000e+01
1.077410e+14,4.053885e+01
1.340699e+13,7.898571e+01
3.351776e+13,2.840722e+01
9.886820e+14,8.000000e+01
9.897285e+14,7.158861e+01
1.086417e+14,5.062852e+01
1.518288e+14,5.000055e+00
1.518288e+14,5.000055e+00
1.518288e+14,8.000000e+01
7.846055e+13,4.810610e+01
6.467879e+13,4.816616e+01
1.103220e+14,4.774576e+01
2.657288e+13,2.990866e+01
6.379972e+13,8.000000e+01
9.272821e+14,7.681361e+01
5.449390e+13,7.899791e+01
2.718203e+13,7.895910e+01
9.714240e+13,7.110815e+01
4.422818e+13,4.582391e+01
2.000210e+13,4.999370e+00
1.368889e+14,6.191934e+01
2.187941e+14,8.000000e+01
2.187941e+14,8.000000e+01
1.053477e+14,6.546273e+01
9.075408e+13,5.002794e+01
2.987442e+13,5.000103e+00
1.870276e+13,7.899391e+01
3.731594e+13,7.899360e+01
1.778262e+13,7.899451e+01
1.446810e+14,5.152938e+01
3.212721e+13,7.886665e+01
4.254124e+13,3.159027e+01
2.563530e+13,7.899455e+01
1.847229e+13,4.317598e+01
5.725470e+13,3.567419e+01
5.950243e+13,4.582391e+01
5.668843e+13,5.297076e+01
1.570983e+13,7.899858e+01
1.874949e+13,7.899632e+01
5.531432e+13,7.897525e+01
1.359762e+13,7.899298e+01
3.980494e+13,3.357217e+01
1.081395e+14,5.176961e+01
2.258705e+14,8.000000e+01
2.258705e+14,8.000000e+01
8.899457e+13,6.528256e+01
8.415411e+13,7.899199e+01
8.415411e+13,7.771448e+01
4.845108e+13,7.900217e+01
4.845108e+13,6.125871e+01
3.091066e+13,2.648538e+01
3.474432e+14,5.555324e+01
3.063909e+13,2.780665e+01
1.077058e+14,5.032823e+01
9.018276e+13,5.921675e+01
9.018276e+13,5.921675e+01
4.360566e+13,3.501355e+01
9.881514e+13,7.899996e+01
9.881514e+13,8.000000e+01
7.272885e+13,5.000117e+00
7.272885e+13,4.999975e+00
2.350933e+14,8.000000e+01
2.350933e+14,8.000000e+01
2.516439e+14,7.981649e+01
2.516439e+14,7.981649e+01
1.421213e+13,7.899693e+01
1.502079e+14,8.000000e+01
2.621462e+13,7.899691e+01
1.520669e+13,7.890853e+01
4.123677e+13,3.255119e+01
3.063755e+13,2.552446e+01
4.080920e+13,4.999533e+00
1.317702e+13,7.898845e+01
1.051880e+13,7.899608e+01
6.278196e+13,5.801560e+01
1.144749e+14,4.744547e+01
2.332441e+13,7.897741e+01
2.222052e+13,7.899251e+01
4.523770e+13,3.285148e+01
9.468522e+12,7.899832e+01
8.857374e+14,8.000000e+01
1.267680e+13,7.899612e+01
6.413683e+13,5.020812e+01
1.417364e+14,4.306127e+01
5.152015e+13,4.258081e+01
1.639664e+14,7.212912e+01
1.639664e+14,7.212912e+01
1.039985e+14,5.675439e+01
2.325178e+13,7.896797e+01
6.032319e+13,4.999995e+00
6.032319e+13,4.999995e+00
4.561183e+13,3.020895e+01
2.607637e+13,7.931692e+01
1.014941e+13,7.899713e+01
9.099006e+13,8.000000e+01
1.540816e+13,7.899638e+01
1.698630e+13,7.899755e+01
2.154118e+13,7.899372e+01
1.935076e+13,7.899717e+01
1.409057e+13,4.693252e+01
1.989979e+13,7.899562e+01
3.315341e+13,3.207073e+01
2.076270e+13,2.360262e+01
7.069565e+13,4.143971e+01
7.228405e+13,3.747591e+01
1.127500e+13,7.899776e+01
7.863653e+13,8.000000e+01
4.154425e+13,3.339200e+01
8.434387e+13,4.792593e+01
2.136952e+13,7.917882e+01
1.605376e+13,6.798604e+01
7.749809e+13,5.152938e+01
7.749809e+13,5.152938e+01
1.314890e+14,8.000000e+01
3.073665e+13,3.183050e+01
1.502901e+13,4.999209e+00
4.441109e+13,4.504317e+01
3.255469e+13,3.309171e+01
5.089417e+13,3.501355e+01
5.126671e+13,6.402135e+01
2.134287e+13,7.899768e+01
9.575465e+13,6.306043e+01
1.784568e+13,7.899629e+01
2.668532e+13,2.486383e+01
1.393528e+13,7.899303e+01
1.714821e+13,7.891807e+01
2.580868e+14,6.564291e+01
1.461716e+14,8.000000e+01
1.461716e+14,8.000000e+01
9.827591e+13,5.591358e+01
8.894751e+13,5.267048e+01
4.696633e+13,3.831672e+01
1.639501e+13,7.895171e+01
1.302673e+14,8.000000e+01
1.302673e+14,8.000000e+01
1.917587e+13,4.997625e+00
5.783230e+13,4.095925e+01
8.746688e+12,1.699690e+01
3.179784e+13,3.855695e+01
2.213630e+14,8.000000e+01
2.142275e+13,2.486383e+01
9.476842e+13,4.384202e+01
9.818811e+12,7.899866e+01
1.219388e+13,7.904865e+01
2.331388e+13,4.999857e+00
7.864421e+13,5.441214e+01
2.700900e+13,2.996872e+01
2.112776e+13,7.899542e+01
3.538318e+13,5.000008e+00
3.462770e+13,3.927764e+01
1.499425e+13,7.898300e+01
3.655484e+13,4.149977e+01
1.013209e+13,7.899846e+01
4.053815e+13,4.630437e+01
1.344702e+13,5.000042e+00
2.412764e+14,8.000000e+01
2.412764e+14,8.000000e+01
2.246379e+13,7.923403e+01
1.010509e+13,7.885645e+01
2.865626e+13,7.889723e+01
2.358009e+14,8.000000e+01
9.640550e+13,4.131960e+01
3.478634e+13,7.899614e+01
1.955587e+13,7.899139e+01
6.210444e+13,6.071819e+01
2.216205e+14,4.570380e+01
6.506691e+13,6.408141e+01
1.794155e+13,7.898667e+01
3.199713e+13,2.144055e+01
1.287228e+14,7.483171e+01
1.360951e+14,6.738458e+01
3.276887e+13,3.299555e+01
2.881884e+15,8.000000e+01
3.865545e+13,5.026817e+01
5.178420e+13,3.795637e+01
7.401964e+13,4.017850e+01
2.448220e+13,2.612504e+01
1.343162e+13,7.899727e+01
1.590750e+14,8.000000e+01
5.796442e+13,5.255036e+01
1.382958e+14,4.456271e+01
5.588202e+13,4.180006e+01
3.711594e+13,3.171039e+01
2.308827e+13,7.899290e+01
1.063379e+15,8.000000e+01
4.522481e+13,3.747591e+01
1.168125e+14,5.633399e+01
2.212647e+14,8.000000e+01
1.207684e+13,7.898548e+01
3.719487e+13,3.459315e+01
6.217484e+13,5.710228e+01
2.001462e+13,7.898824e+01
2.527481e+13,2.540435e+01
5.248729e+13,3.753597e+01
1.609667e+13,7.895533e+01
1.757297e+13,7.899299e+01
1.780882e+13,5.684536e+01
2.224037e+14,8.000000e+01
2.224037e+14,8.000000e+01
2.989893e+13,7.899860e+01
3.670230e+13,5.000000e+00
9.200716e+13,7.435125e+01
5.201908e+14,7.759436e+01
1.006648e+13,7.896626e+01
2.243933e+13,5.000000e+00
1.890040e+13,7.899835e+01
2.636056e+13,2.816699e+01
7.183853e+13,6.720440e+01
2.067124e+17,8.000000e+01
2.067124e+17,8.000000e+01
2.067124e+17,8.000000e+01
4.945657e+13,3.147016e+01
6.148494e+13,7.899622e+01
8.759043e+12,2.100000e+01
7.811947e+13,5.801560e+01
4.690082e+14,8.000000e+01
1.613787e+14,8.000000e+01
6.074635e+13,8.000000e+01
2.727724e+13,2.618509e+01
3.519957e+13,4.999259e+00
4.523579e+13,3.879718e+01
1.754625e+13,7.899496e+01
3.375324e+13,2.900780e+01
5.981031e+14,8.000000e+01
3.093174e+13,2.972849e+01
9.556601e+12,4.999623e+00
3.249299e+14,8.000000e+01
2.394053e+14,8.000000e+01
1.913896e+13,7.899530e+01
8.645998e+12,7.896011e+01
6.574766e+13,8.000000e+01
9.447890e+12,7.899826e+01
5.322605e+13,7.900000e+01
5.322605e+13,7.941970e+01
2.472520e+13,7.899691e+01
4.719456e+13,4.366184e+01
5.487339e+13,5.915669e+01
4.373330e+13,3.669517e+01
9.466028e+13,4.732535e+01
1.791201e+13,7.893933e+01
2.599436e+13,7.897254e+01
7.957669e+13,6.288026e+01
8.422217e+13,7.933603e+01
7.766619e+12,1.700000e+01
3.144934e+13,2.960837e+01
5.600270e+13,5.957709e+01
5.519135e+13,3.975810e+01
6.220943e+13,5.194979e+01
1.629093e+13,4.714303e+01
3.141080e+13,7.899237e+01
2.689700e+13,2.966843e+01
1.337850e+13,7.899575e+01
2.066593e+13,7.899312e+01
1.360601e+13,7.899833e+01
2.804968e+14,8.000000e+01
2.339824e+13,6.201545e+01
1.353832e+14,2.500000e+01
6.802074e+13,3.585436e+01
3.072932e+13,3.147016e+01
1.294709e+17,8.000000e+01
4.193841e+13,4.726530e+01
1.350905e+13,7.894609e+01
4.609227e+13,4.222046e+01
2.209389e+15,8.000000e+01
2.047430e+14,8.000000e+01
2.592889e+14,8.000000e+01
2.592889e+14,8.000000e+01
2.849526e+13,2.474371e+01
2.496257e+13,2.546440e+01
5.077939e+13,7.899900e+01
5.077939e+13,7.899902e+01
6.253449e+13,3.687534e+01
2.961977e+13,6.892482e+01
3.089430e+13,3.147016e+01
4.216712e+13,3.849689e+01
3.857357e+13,7.899596e+01
1.108675e+14,6.984694e+01
1.762103e+13,7.899460e+01
1.745136e+13,7.894983e+01
5.169045e+14,6.450181e+01
8.062179e+13,4.131960e+01
8.017949e+13,4.450265e+01
1.316016e+13,7.892828e+01
2.520591e+13,7.899604e+01
5.511611e+14,8.000000e+01
2.177185e+14,5.585353e+01
2.378784e+14,5.423197e+01
1.041345e+14,4.822622e+01
1.015252e+14,4.468282e+01
1.376448e+16,8.000000e+01
6.573238e+13,4.672478e+01
1.001574e+13,7.899797e+01
1.069695e+13,7.899822e+01
6.097870e+13,4.474288e+01
2.621471e+13,7.899678e+01
1.788584e+13,7.899702e+01
1.067962e+14,4.354173e+01
3.401895e+14,5.429203e+01
2.138681e+13,7.899667e+01
3.294592e+13,3.189056e+01
1.130405e+14,5.339117e+01
2.586320e+13,7.891233e+01
3.699609e+13,3.092964e+01
1.629810e+14,8.000000e+01
2.152320e+14,5.843600e+01
3.795508e+14,8.000000e+01
3.795508e+14,8.000000e+01
5.008709e+16,8.000000e+01
5.008709e+16,8.000000e+01
1.274672e+14,5.597364e+01
1.614684e+14,8.000000e+01
1.175059e+14,4.672478e+01
8.250601e+13,5.315094e+01
5.004968e+13,3.555407e+01
3.576038e+14,8.000000e+01
3.576038e+14,8.000000e+01
3.746261e+13,4.738541e+01
1.322345e+13,7.621921e+01
2.276591e+13,7.899431e+01
5.913060e+13,3.711557e+01
2.372333e+13,7.896844e+01
1.191785e+14,8.000000e+01
1.191785e+14,8.000000e+01
1.191785e+14,8.000000e+01
2.364163e+13,3.295484e+01
3.319437e+13,3.074947e+01
2.279095e+14,8.000000e+01
2.279095e+14,8.000000e+01
1.682118e+13,4.999784e+00
5.252264e+13,4.234058e+01
4.050934e+13,4.390207e+01
4.713989e+13,7.899749e+01
4.713989e+13,7.899439e+01
7.735014e+13,5.891646e+01
6.280835e+13,3.507361e+01
2.781357e+13,7.899643e+01
1.339894e+13,7.899733e+01
7.091880e+14,8.000000e+01
1.588472e+13,7.891623e+01
1.561111e+14,7.987655e+01
1.561111e+14,7.987655e+01
7.115582e+13,5.200984e+01
3.223743e+13,7.898945e+01
7.836375e+13,5.651416e+01
3.236031e+13,3.147016e+01
3.400379e+13,7.899523e+01
2.382846e+13,4.999936e+00
2.913908e+13,2.714601e+01
1.349033e+13,7.899680e+01
4.237029e+14,6.486216e+01
3.197613e+13,2.700000e+01
4.712491e+13,4.546357e+01
2.546951e+13,7.886052e+01
8.391740e+13,4.282104e+01
1.240721e+13,7.899882e+01
1.063589e+13,7.899843e+01
1.339119e+13,7.899653e+01
2.197616e+13,7.928247e+01
2.637139e+14,8.000000e+01
1.987048e+13,7.892845e+01
6.009795e+13,7.899837e+01
6.009795e+13,7.896095e+01
3.217092e+13,7.899708e+01
1.609576e+14,8.000000e+01
1.609576e+14,7.899630e+01
1.650357e+13,7.893071e+01
1.265628e+13,7.899469e+01
2.343288e+13,2.486383e+01
9.192779e+12,7.899560e+01
1.922748e+13,2.180089e+01
2.008681e+13,7.899576e+01
3.014026e+13,7.895069e+01
1.686373e+13,7.898597e+01
1.496310e+13,7.899407e+01
1.905174e+13,7.899808e+01
1.362050e+13,7.899571e+01
3.702473e+13,4.143971e+01
2.526236e+14,8.000000e+01
3.035676e+13,7.899432e+01
1.207404e+13,7.899835e+01
3.443210e+13,3.507361e+01
5.865100e+13,4.618426e+01
2.783120e+13,2.738625e+01
5.675059e+13,3.789632e+01
1.472285e+13,7.898822e+01
9.661693e+12,5.000053e+00
5.221879e+13,5.363140e+01
6.277276e+13,3.771614e+01
1.046257e+13,7.898968e+01
1.122332e+14,6.720440e+01
1.191911e+14,5.000003e+00
1.191911e+14,4.999978e+00
2.255815e+13,7.899470e+01
6.101922e+13,3.951787e+01
2.097105e+13,2.312216e+01
7.497577e+13,3.096164e+01
1.502316e+13,7.898076e+01
1.956360e+13,7.898296e+01
3.601201e+13,2.852734e+01
2.313688e+13,2.408308e+01
2.405243e+13,2.390291e+01
2.683881e+13,3.086958e+01
1.163831e+13,7.898235e+01
3.046940e+14,8.000000e+01
2.317549e+13,7.917440e+01
9.053481e+13,4.005839e+01
1.203026e+13,7.899341e+01
3.956820e+13,3.735580e+01
1.109514e+14,7.615298e+01
1.497173e+14,7.182884e+01
1.021841e+14,4.786587e+01
1.988749e+13,7.898698e+01
5.048655e+13,3.435292e+01
1.326644e+13,7.899876e+01
1.424223e+13,7.899736e+01
1.343167e+13,6.049117e+01
2.356184e+14,5.287046e+01
1.259184e+13,7.897089e+01
4.705179e+13,3.441298e+01
6.680357e+13,6.318055e+01
1.598311e+13,7.899361e+01
1.545257e+13,7.896353e+01
1.054286e+14,4.966760e+01
2.482704e+14,6.143888e+01
1.136700e+13,7.899659e+01
1.598585e+13,7.899602e+01
1.539160e+13,7.898687e+01
3.618245e+14,8.000000e+01
1.525687e+13,7.899474e+01
6.174778e+13,3.633482e+01
3.377772e+13,3.309171e+01
1.699546e+13,7.899491e+01
3.515236e+13,4.999416e+00
5.596378e+13,7.899688e+01
2.233668e+13,7.899325e+01
1.125281e+13,7.899414e+01
2.291096e+13,7.899623e+01
1.072608e+14,5.975727e+01
1.072608e+14,5.975727e+01
1.057844e+13,4.999767e+00
4.954323e+13,3.267131e+01
1.882455e+13,7.897838e+01
6.318119e+15,7.110815e+01
2.926364e+13,7.882526e+01
6.169012e+13,3.669517e+01
1.410642e+13,7.899453e+01
3.619606e+13,7.899772e+01
6.730733e+13,4.846645e+01
2.131445e+13,7.899880e+01
5.558226e+13,3.867707e+01
2.520749e+13,4.999822e+00
8.854836e+13,4.876673e+01
2.958278e+13,2.624515e+01
2.074860e+13,3.299513e+01
1.158197e+13,7.899659e+01
1.239000e+13,7.899552e+01
1.239233e+13,4.999751e+00
1.079124e+13,7.899007e+01
1.472726e+14,7.819494e+01
1.472726e+14,7.819494e+01
1.666167e+13,7.899334e+01
3.825726e+13,7.899481e+01
3.825726e+13,7.899878e+01
5.027782e+13,3.579430e+01
2.456554e+13,7.899130e+01
1.073631e+14,2.700000e+01
1.472859e+13,7.899730e+01
7.487787e+13,4.450265e+01
9.966683e+13,7.898614e+01
9.966683e+13,7.899657e+01
1.668260e+13,4.999199e+00
1.585400e+13,7.899696e+01
2.737764e+14,7.495183e+01
2.243016e+13,7.892214e+01
3.689828e+13,3.393252e+01
1.943591e+13,7.896351e+01
5.153596e+13,7.899773e+01
1.470996e+13,7.899827e+01
1.142898e+13,7.899841e+01
1.973305e+13,7.895917e+01
1.377064e+13,7.898125e+01
9.650884e+13,4.372190e+01
4.146484e+13,2.834717e+01
6.614437e+13,4.846645e+01
1.106944e+13,7.899749e+01
9.391184e+13,3.849689e+01
2.290605e+13,2.612504e+01
9.008551e+13,2.100000e+01
7.618551e+13,4.714518e+01
8.141811e+13,4.999992e+00
2.192718e+14,6.654377e+01
3.299878e+13,2.996872e+01
8.235530e+13,7.345039e+01
4.543011e+13,3.837678e+01
3.309029e+13,7.899383e+01
7.154763e+13,3.777620e+01
1.677372e+13,7.899657e+01
1.490407e+13,7.899632e+01
1.580964e+13,7.309492e+01
7.193889e+13,6.606331e+01
1.717586e+13,7.899539e+01
1.033764e+13,7.899760e+01
2.515767e+13,7.899535e+01
2.002764e+13,7.899261e+01
5.942732e+13,3.801643e+01
1.343616e+13,7.891458e+01
1.507523e+13,2.499040e+01
1.159279e+13,7.899106e+01
8.954619e+12,7.899536e+01
5.175678e+14,8.000000e+01
5.651016e+13,3.417275e+01
1.791374e+13,7.899747e+01
1.414803e+13,7.899725e+01
4.635858e+13,3.873712e+01
3.807779e+13,3.927764e+01
2.288705e+13,7.898827e+01
1.215992e+13,7.899832e+01
1.162649e+13,7.898593e+01
1.209974e+13,7.899664e+01
9.592269e+13,5.777537e+01
5.560255e+13,3.231096e+01
1.334812e+13,7.896720e+01
2.674876e+13,7.898733e+01
1.407990e+14,5.819577e+01
4.304038e+13,3.537390e+01
3.743102e+14,6.239980e+01
1.146928e+14,8.000000e+01
1.146928e+14,8.000000e+01
1.146928e+14,8.000000e+01
4.548265e+13,2.924803e+01
1.550396e+13,7.899647e+01
1.157119e+17,8.000000e+01
3.367592e+13,3.429286e+01
1.305907e+13,4.999769e+00
4.301938e+13,4.298148e+01
6.812539e+13,3.837678e+01
8.497426e+13,4.636443e+01
9.760843e+12,5.692542e+01
7.533342e+13,4.972766e+01
1.518235e+13,7.894449e+01
5.944388e+13,4.396213e+01
2.276910e+13,7.896416e+01
2.701841e+13,7.899438e+01
6.429924e+13,2.700000e+01
1.397005e+13,7.899668e+01
2.195074e+13,7.896213e+01
2.816260e+13,7.898528e+01
4.370786e+13,4.228052e+01
6.330364e+13,4.516328e+01
7.664337e+20,8.000000e+01
7.664337e+20,8.000000e+01
7.664337e+20,8.000000e+01
7.664337e+20,8.000000e+01
7.664337e+20,8.000000e+01
7.664337e+20,8.000000e+01
3.010195e+13,4.999761e+00
1.526819e+14,7.098803e+01
1.252277e+13,7.892713e+01
3.776853e+13,4.107937e+01
1.838449e+14,3.887221e+01
1.158515e+13,7.898453e+01
3.285137e+14,8.000000e+01
5.957967e+13,5.038829e+01
5.855424e+13,6.636360e+01
1.477168e+13,7.898965e+01
3.165987e+13,3.261125e+01
5.756100e+13,3.591442e+01
7.363471e+13,3.855695e+01
1.377535e+15,7.615298e+01
1.664314e+14,8.000000e+01
1.664314e+14,8.000000e+01
5.090282e+13,7.898825e+01
1.787432e+13,7.896090e+01
2.020668e+13,7.918293e+01
3.725288e+13,2.894774e+01
1.194313e+13,7.898720e+01
3.628527e+13,7.948253e+01
1.514672e+14,8.000000e+01
1.514672e+14,8.000000e+01
1.419093e+13,7.899755e+01
2.081287e+13,7.899174e+01
6.694413e+13,8.000000e+01
7.349602e+13,7.899527e+01
7.349602e+13,7.899535e+01
3.481238e+13,3.122993e+01
5.330463e+14,6.324061e+01
9.561710e+14,6.792509e+01
3.396181e+13,3.309171e+01
2.507142e+13,7.898301e+01
3.155760e+13,7.899635e+01
1.105006e+14,8.000000e+01
2.652397e+14,5.465238e+01
2.736088e+13,3.135004e+01
3.362131e+13,7.899486e+01
1.410745e+13,7.899435e+01
3.952566e+13,4.516328e+01
1.772701e+13,7.899611e+01
2.712873e+17,8.000000e+01
6.797213e+13,5.951704e+01
1.653208e+13,7.897356e+01
4.868711e+13,3.303166e+01
1.322226e+14,7.134838e+01
1.852462e+13,7.899287e+01
1.170117e+15,8.000000e+01
2.709066e+13,2.510406e+01
3.532960e+16,8.000000e+01
1.228761e+13,7.898870e+01
4.115902e+13,3.975810e+01
3.063494e+13,4.112357e+01
1.502945e+13,4.999810e+00
2.386264e+13,7.899638e+01
1.038318e+13,7.899861e+01
1.387131e+13,7.892494e+01
1.761488e+13,7.899219e+01
3.758865e+13,4.125954e+01
8.135855e+13,5.501272e+01
8.135855e+13,5.501272e+01
1.182859e+15,8.000000e+01
1.447418e+13,7.899786e+01
1.465012e+13,7.898502e+01
9.859755e+13,4.444259e+01
2.550232e+13,2.996872e+01
2.500099e+15,8.000000e+01
1.498981e+13,7.899748e+01
1.126179e+13,7.898842e+01
1.332448e+14,8.000000e+01
1.362634e+13,7.896917e+01
2.605117e+13,2.660550e+01
4.935519e+14,5.921675e+01
1.365429e+13,7.899109e+01
8.798699e+12,7.899706e+01
9.649672e+12,7.899886e+01
3.508678e+13,7.896065e+01
8.761595e+12,7.898666e+01
1.809879e+13,7.899685e+01
4.583278e+13,3.044918e+01
3.198570e+13,2.924803e+01
2.685359e+14,6.167911e+01
3.814351e+13,3.008884e+01
1.769984e+14,7.315010e+01
2.450729e+13,5.000000e+00
5.524747e+13,3.663511e+01
9.452615e+13,8.000000e+01
6.072097e+13,3.411269e+01
4.392985e+13,3.201068e+01
1.950748e+14,7.381074e+01
1.950748e+14,7.381074e+01
4.833241e+13,7.897164e+01
1.901562e+15,7.867540e+01
8.136841e+13,6.864579e+01
2.775338e+13,2.786671e+01
2.569558e+13,2.798682e+01
6.941061e+13,5.152938e+01
6.215588e+13,3.765609e+01
1.844378e+13,4.999772e+00
2.081218e+14,5.987738e+01
6.868557e+13,5.777537e+01
2.529452e+13,2.924803e+01
2.701278e+13,4.999482e+00
8.500548e+13,4.594403e+01
6.158445e+13,5.933686e+01
4.558554e+13,4.870668e+01
1.397809e+13,4.999336e+00
5.189218e+13,7.899565e+01
1.396067e+13,7.899640e+01
2.847118e+14,6.089836e+01
3.846410e+13,7.899476e+01
9.343995e+12,7.899673e+01
6.045175e+13,7.899779e+01
1.183937e+13,4.999679e+00
5.537092e+13,3.435292e+01
4.394360e+13,5.000174e+00
1.063514e+14,4.630437e+01
1.321399e+13,5.000000e+00
1.392963e+14,5.537307e+01
5.005843e+13,7.896172e+01
1.095899e+13,7.899881e+01
2.045973e+13,4.998037e+00
8.284573e+13,5.729491e+01
3.344374e+16,8.000000e+01
2.920939e+13,2.978855e+01
1.042868e+13,7.899465e+01
1.871420e+13,7.899669e+01
6.533660e+13,4.684489e+01
1.671608e+13,7.899679e+01
1.636988e+13,7.899638e+01
1.600101e+13,7.899402e+01
2.772643e+13,4.999657e+00
1.117424e+14,6.822538e+01
4.882491e+13,3.483338e+01
2.681863e+13,7.894845e+01
1.305618e+14,5.615381e+01
4.570357e+13,3.447304e+01
3.220574e+13,4.999163e+00
3.431516e+13,3.183050e+01
2.918881e+13,2.564458e+01
1.208979e+13,7.897494e+01
1.615671e+14,5.405180e+01
1.563155e+13,7.899531e+01
4.213972e+13,4.354173e+01
7.515253e+13,5.000152e+00
7.515253e+13,5.000016e+00
7.515253e+13,6.960671e+01
2.530536e+13,2.798682e+01
4.749260e+13,3.885724e+01
6.497552e+13,3.393252e+01
4.722347e+13,4.143971e+01
1.526633e+13,7.899199e+01
5.624233e+14,7.272970e+01
6.330430e+13,7.899471e+01
6.940827e+13,7.894589e+01
2.267927e+14,6.131876e+01
1.548869e+13,7.899324e+01
1.168825e+13,7.899780e+01
1.042953e+14,7.945615e+01
2.222528e+13,7.896787e+01
1.154280e+13,7.899828e+01
1.784277e+13,7.899740e+01
1.170838e+14,8.000000e+01
1.471826e+14,5.621387e+01
1.558922e+14,6.029779e+01
1.878602e+13,7.896881e+01
2.653616e+13,5.855331e+01
8.953097e+18,8.000000e+01
8.953097e+18,8.000000e+01
1.816644e+13,7.899334e+01
1.559118e+14,6.720440e+01
1.049952e+13,7.899797e+01
2.888877e+13,2.714601e+01
1.034308e+13,7.899603e+01
1.833405e+13,7.894828e+01
2.745009e+13,7.898793e+01
1.563398e+13,7.892890e+01
1.073202e+13,7.899885e+01
1.707684e+13,3.875433e+01
5.638757e+13,3.494976e+01
1.489090e+13,4.999627e+00
4.071260e+13,4.095925e+01
5.405995e+13,5.212996e+01
7.362716e+13,5.429203e+01
1.475459e+13,7.910555e+01
5.337832e+13,5.321099e+01
6.682075e+13,3.789632e+01
7.231212e+13,6.540268e+01
1.316484e+13,7.898995e+01
4.025571e+13,7.899595e+01
1.337220e+13,7.894808e+01
4.944185e+13,4.600409e+01
2.356741e+13,2.474371e+01
1.127878e+13,7.899007e+01
1.065487e+13,7.899671e+01
3.814897e+13,7.899412e+01
4.085906e+13,3.525378e+01
1.963119e+13,7.899529e+01
1.207401e+14,8.000000e+01
2.393791e+13,7.899144e+01
4.044363e+13,2.900000e+01
1.020241e+14,4.834633e+01
4.458612e+13,7.899740e+01
9.842364e+13,5.696585e+01
2.034304e+13,3.299216e+01
2.956459e+13,2.636527e+01
2.982330e+14,8.000000e+01
2.982330e+14,8.000000e+01
1.544566e+13,7.899656e+01
1.956009e+13,7.899698e+01
3.042909e+13,2.762648e+01
2.092541e+13,5.560531e+01
2.433049e+13,2.462360e+01
1.840070e+13,7.899803e+01
1.933193e+13,7.878021e+01
1.529334e+13,7.897720e+01
5.118433e+13,7.897938e+01
1.106386e+13,7.899218e+01
2.920466e+13,2.654544e+01
2.487541e+13,7.890728e+01
1.004670e+13,7.899824e+01
1.718648e+13,7.890449e+01
4.231202e+13,4.137966e+01
1.147071e+13,7.898260e+01
7.345998e+13,6.696417e+01
1.288535e+13,7.899856e+01
1.464501e+13,7.897578e+01
3.766257e+13,7.898642e+01
4.679546e+13,4.288109e+01
1.092027e+14,4.678484e+01
5.429591e+13,4.318138e+01
1.299982e+13,7.899757e+01
1.291679e+14,6.197940e+01
2.094412e+13,7.899424e+01
5.969238e+13,4.930725e+01
4.959508e+13,7.898885e+01
2.171771e+13,7.894876e+01
5.017381e+13,4.210035e+01
6.300638e+13,4.077908e+01
3.597443e+13,2.099628e+01
2.905297e+14,5.771531e+01
3.474555e+13,7.896937e+01
1.326275e+14,7.911901e+01
1.326275e+14,6.438170e+01
2.518369e+14,6.906619e+01
2.628623e+13,2.612504e+01
4.115349e+14,6.702423e+01
3.466340e+13,7.898928e+01
1.949683e+13,7.899755e+01
1.323106e+13,7.898608e+01
2.078180e+13,7.899388e+01
8.216410e+13,5.000022e+00
8.216410e+13,7.921592e+01
1.060062e+14,6.840556e+01
8.103422e+13,3.861701e+01
1.662789e+14,5.885640e+01
1.154492e+13,4.705114e+01
8.631997e+13,5.000054e+00
3.289005e+13,3.363223e+01
8.675269e+13,5.357134e+01
1.236031e+14,8.000000e+01
1.868746e+13,7.899498e+01
4.372904e+13,4.222046e+01
3.333859e+14,7.891563e+01
7.367423e+13,3.591442e+01
3.864356e+13,7.899260e+01
3.285384e+13,3.441298e+01
2.171938e+13,7.899756e+01
3.678576e+13,3.513367e+01
3.037639e+13,7.899413e+01
3.438728e+13,3.747591e+01
1.256291e+14,5.339117e+01
1.125115e+13,7.899858e+01
7.774235e+12,5.874564e+01
2.167926e+13,2.300000e+01
1.482118e+13,7.876089e+01
2.929582e+13,3.165033e+01
5.247102e+13,3.525378e+01
1.807286e+13,7.899765e+01
1.208143e+13,7.899782e+01
5.140768e+13,5.146932e+01
9.728205e+12,7.899114e+01
5.359389e+14,8.000000e+01
4.500273e+13,5.615381e+01
4.500273e+13,5.000005e+00
8.503858e+13,8.000000e+01
8.503858e+13,5.000005e+00
1.245301e+14,8.000000e+01
1.406316e+13,4.999674e+00
2.328300e+13,7.892057e+01
1.665139e+13,7.899568e+01
1.245902e+13,7.887757e+01
1.462516e+13,7.897639e+01
1.281966e+14,8.000000e+01
8.535978e+13,4.954748e+01
1.600496e+13,6.057378e+01
1.479465e+17,8.000000e+01
1.479465e+17,8.000000e+01
6.175182e+13,7.899338e+01
1.356944e+14,8.000000e+01
1.356944e+14,8.000000e+01
1.389799e+14,8.000000e+01
1.389799e+14,8.000000e+01
1.389799e+14,8.000000e+01
1.389799e+14,8.000000e+01
1.221214e+14,5.086875e+01
3.422497e+13,2.744630e+01
3.404113e+13,3.459315e+01
1.243147e+13,7.899837e+01
1.699448e+13,7.896260e+01
8.254245e+13,5.176961e+01
2.607953e+13,7.871878e+01
4.222531e+13,7.899790e+01
4.578562e+13,3.819660e+01
1.788437e+13,7.899123e+01
2.288356e+13,7.898414e+01
2.332369e+13,7.899465e+01
1.937747e+13,7.899795e+01
5.425720e+13,4.696501e+01
1.645970e+14,6.498227e+01
1.109903e+13,7.899839e+01
1.879511e+13,7.898969e+01
2.370547e+14,8.000000e+01
2.370547e+14,8.000000e+01
1.628998e+13,7.899832e+01
6.210025e+13,5.008800e+01
1.009047e+14,8.000000e+01
3.626076e+13,7.899618e+01
1.158985e+13,7.899844e+01
1.287492e+14,3.855695e+01
9.834573e+13,6.143888e+01
4.938321e+13,3.555407e+01
3.411945e+14,8.000000e+01
1.340174e+14,7.549235e+01
1.340174e+14,7.549235e+01
3.947097e+13,4.432248e+01
1.876241e+13,7.899002e+01
7.103266e+13,4.798599e+01
1.724711e+14,6.876590e+01
7.464355e+13,7.092797e+01
5.090051e+13,4.113943e+01
3.329693e+13,3.128781e+01
1.739109e+13,7.899675e+01
1.455421e+14,6.221963e+01
3.358389e+14,8.000000e+01
1.430998e+13,5.000231e+00
4.446114e+13,4.143971e+01
7.227301e+13,5.387163e+01
6.746564e+13,6.137882e+01
6.723906e+13,3.531384e+01
1.211657e+13,7.899452e+01
1.326277e+14,8.000000e+01
1.326277e+14,8.000000e+01
1.137073e+13,7.896090e+01
7.244306e+13,7.951620e+01
7.244306e+13,7.899691e+01
3.777958e+13,2.960837e+01
2.014067e+13,7.899854e+01
8.539908e+13,7.669350e+01
2.237720e+13,2.258164e+01
2.976433e+14,8.000000e+01
2.976433e+14,8.000000e+01
1.296892e+14,8.000000e+01
1.039490e+13,7.898566e+01
1.409491e+13,7.898346e+01
1.732177e+13,7.899094e+01
6.691951e+13,3.765609e+01
2.318771e+13,7.899617e+01
2.770773e+13,3.351212e+01
2.645398e+13,6.831414e+01
9.292466e+13,3.933770e+01
8.528297e+12,7.898048e+01
5.343824e+13,3.663511e+01
2.249646e+14,7.603286e+01
1.034391e+14,4.192017e+01
3.018648e+13,2.846728e+01
6.526661e+13,3.825666e+01
1.065349e+13,7.898699e+01
4.007145e+13,3.171039e+01
1.165553e+14,5.405180e+01
2.089009e+13,7.891427e+01
2.766186e+13,2.564458e+01
1.504813e+13,7.899718e+01
3.800254e+13,3.345206e+01
1.480101e+14,4.876673e+01
5.706564e+13,3.531384e+01
3.434284e+13,7.341890e+01
4.693613e+13,3.333194e+01
2.322751e+13,2.306210e+01
3.491952e+13,2.684573e+01
9.605082e+13,5.855612e+01
9.928917e+14,7.290987e+01
3.205366e+13,4.999639e+00
1.569015e+14,5.032823e+01
3.374547e+13,3.086958e+01
5.538450e+13,3.723568e+01
1.435996e+13,7.899344e+01
2.471244e+14,7.957626e+01
2.324536e+13,7.899429e+01
5.715745e+13,6.762481e+01
2.841685e+13,2.798682e+01
1.767902e+13,4.996950e+00
2.015798e+13,7.898449e+01
4.223863e+14,8.000000e+01
9.658380e+13,4.137966e+01
3.837208e+13,4.107937e+01
3.979190e+13,3.621471e+01
2.579751e+13,2.996872e+01
5.916924e+13,3.933770e+01
5.596152e+13,4.298876e+01
1.205375e+13,7.899749e+01
3.341326e+13,3.092964e+01
2.654644e+13,7.899477e+01
1.665897e+13,7.899603e+01
1.292453e+13,7.899819e+01
1.300020e+13,7.898031e+01
2.878487e+13,7.899804e+01
6.283067e+13,7.899466e+01
8.528221e+13,6.071819e+01
3.180016e+14,8.000000e+01
3.180016e+14,8.000000e+01
4.721278e+13,3.789632e+01
1.074667e+14,8.000000e+01
1.074667e+14,8.000000e+01
1.074667e+14,8.000000e+01
1.030654e+15,8.000000e+01
2.718418e+14,8.000000e+01
3.230174e+13,2.996872e+01
2.190431e+13,7.899742e+01
1.524277e+13,7.899782e+01
5.238714e+13,4.930725e+01
1.978764e+13,7.896337e+01
2.880283e+13,2.654544e+01
9.936612e+13,5.777537e+01
2.482015e+13,2.714601e+01
1.582474e+13,7.899634e+01
9.034489e+13,5.014806e+01
2.841858e+13,7.899454e+01
1.756768e+13,7.896797e+01
4.417731e+13,3.849689e+01
1.283646e+14,7.363056e+01
1.283646e+14,7.363056e+01
2.605935e+13,2.942820e+01
4.681143e+13,3.441298e+01
5.632292e+13,5.339117e+01
1.014796e+14,5.369145e+01
2.447539e+13,2.098775e+01
3.236287e+13,3.759603e+01
2.519507e+14,6.588314e+01
5.620716e+14,6.738458e+01
1.075689e+13,7.896612e+01
3.292267e+13,7.895906e+01
1.356006e+13,7.897053e+01
2.364757e+13,7.194578e+01
3.562795e+13,7.898742e+01
2.000540e+13,7.899034e+01
4.057075e+13,4.294115e+01
6.165554e+14,8.000000e+01
8.896844e+12,7.899834e+01
1.606967e+13,7.899051e+01
1.126700e+14,8.000000e+01
1.126700e+14,8.000000e+01
6.688080e+13,7.519206e+01
2.971986e+13,5.706798e+01
7.938941e+13,5.303082e+01
7.670596e+13,5.375151e+01
1.213335e+14,7.669350e+01
1.625304e+14,8.000000e+01
3.434985e+13,2.894774e+01
9.200600e+13,4.228052e+01
5.393608e+14,7.693373e+01
3.418611e+14,8.000000e+01
3.418611e+14,8.000000e+01
2.343532e+13,2.228135e+01
4.947620e+14,8.000000e+01
4.864686e+13,4.137966e+01
4.712837e+13,3.777620e+01
4.207927e+13,3.759603e+01
4.398541e+13,3.927764e+01
1.233931e+13,7.899759e+01
3.141223e+13,7.899369e+01
3.141223e+13,5.000004e+00
6.153745e+13,7.899509e+01
3.063779e+13,2.972849e+01
1.374523e+13,7.892677e+01
2.741229e+14,8.000000e+01
2.245484e+13,7.898426e+01
1.503996e+13,7.893550e+01
1.594248e+14,8.000000e+01
4.989282e+13,3.585436e+01
1.367545e+13,7.899456e+01
1.173494e+14,5.333111e+01
2.380947e+13,7.899645e+01
1.462044e+14,8.000000e+01
5.493778e+13,4.294115e+01
1.229721e+13,7.899794e+01
2.258827e+13,7.892599e+01
8.572783e+13,6.810527e+01
6.664059e+13,3.771614e+01
2.216204e+13,7.899321e+01
1.236218e+13,7.899246e+01
8.919237e+13,5.441214e+01
2.988091e+13,7.889977e+01
3.401205e+13,2.978855e+01
1.459809e+13,7.899174e+01
1.066198e+14,7.753430e+01
2.129917e+13,7.898254e+01
3.734974e+13,7.891821e+01
3.216011e+13,3.249114e+01
8.746249e+13,8.000000e+01
8.746249e+13,8.000000e+01
1.071070e+13,7.899448e+01
3.469372e+13,2.918797e+01
1.967849e+13,1.700000e+01
4.386851e+13,4.999798e+00
2.678152e+14,8.000000e+01
1.029070e+14,6.005756e+01
6.101591e+13,6.906619e+01
1.824607e+14,8.000000e+01
1.259469e+14,5.789548e+01
3.108477e+13,2.960837e+01
5.744661e+14,8.000000e+01
2.583699e+13,7.894073e+01
1.853145e+13,7.896069e+01
1.276197e+13,7.899792e+01
1.534856e+14,7.044751e+01
1.534856e+14,7.044751e+01
3.512988e+13,4.468282e+01
4.312309e+13,3.669517e+01
1.365057e+14,6.119865e+01
1.076624e+13,7.899543e+01
8.227524e+13,4.167994e+01
9.832466e+13,6.798515e+01
4.875265e+13,3.291154e+01
2.199512e+14,8.000000e+01
2.199512e+14,8.000000e+01
2.800106e+14,5.399174e+01
4.604026e+13,2.966843e+01
9.766971e+13,5.861617e+01
1.112276e+13,7.899816e+01
1.475425e+13,7.899623e+01
1.824999e+13,4.999148e+00
4.482927e+13,4.252075e+01
4.141920e+13,4.053885e+01
3.863803e+13,7.899867e+01
1.585869e+14,8.000000e+01
8.315114e+13,7.609292e+01
1.059329e+13,7.899734e+01
1.104599e+13,7.898938e+01
8.948593e+12,7.899835e+01
1.814538e+14,4.648455e+01
2.207063e+13,7.898738e+01
3.171409e+13,3.303166e+01
2.780857e+14,7.122826e+01
2.262599e+13,7.870519e+01
2.090623e+13,7.899299e+01
7.350562e+13,4.005839e+01
6.164232e+13,3.459315e+01
1.000835e+14,8.000000e+01
1.000835e+14,8.000000e+01
3.068643e+13,2.996872e+01
2.599342e+14,8.000000e+01
3.347186e+13,3.237102e+01
5.342506e+13,3.651499e+01
1.274848e+13,7.899689e+01
1.680590e+13,7.899610e+01
1.000036e+14,8.000000e+01
2.145022e+13,2.300204e+01
2.308322e+13,7.899413e+01
3.916713e+13,2.966843e+01
1.899649e+13,7.899058e+01
2.434809e+14,8.000000e+01
2.085639e+13,7.899158e+01
1.587045e+13,7.899660e+01
3.955948e+14,8.000000e+01
8.462403e+12,7.899875e+01
3.174959e+13,7.899477e+01
1.351193e+13,7.910867e+01
4.325671e+13,3.543396e+01
1.860907e+14,7.122826e+01
2.092176e+13,7.899671e+01
2.443079e+13,7.899279e+01
9.296709e+13,7.885557e+01
2.022529e+14,8.000000e+01
5.742600e+13,4.888685e+01
4.845641e+13,4.432248e+01
1.432635e+13,7.897247e+01
5.121952e+13,4.119948e+01
5.723587e+13,4.174000e+01
6.157901e+13,7.899392e+01
1.612368e+13,7.899469e+01
8.825464e+12,7.899695e+01
2.869308e+13,2.288193e+01
2.844164e+13,7.899870e+01
1.445891e+14,7.831505e+01
3.255901e+14,7.351045e+01
2.450628e+13,2.486383e+01
4.523146e+13,7.899861e+01
1.608913e+13,7.899328e+01
8.649976e+14,8.000000e+01
8.649976e+14,8.000000e+01
6.171017e+14,8.000000e+01
1.318381e+14,8.000000e+01
1.826497e+13,7.899659e+01
3.415896e+13,7.899625e+01
1.655678e+14,4.198023e+01
2.383067e+13,7.898318e+01
4.920965e+13,7.899729e+01
6.941442e+13,7.771448e+01
6.941442e+13,7.771448e+01
6.951470e+13,7.224924e+01
6.951470e+13,7.224924e+01
4.445473e+13,3.315177e+01
1.797795e+13,7.898819e+01
2.587830e+13,2.714601e+01
1.217390e+14,6.396130e+01
1.684638e+14,5.483255e+01
1.896051e+13,4.999902e+00
1.430899e+13,7.896944e+01
6.642177e+13,3.939776e+01
9.671773e+13,6.239980e+01
6.635978e+16,8.000000e+01
1.475167e+13,7.899068e+01
1.601191e+13,7.899586e+01
2.399523e+14,8.000000e+01
2.399523e+14,8.000000e+01
1.325023e+13,5.831304e+01
4.405677e+13,3.801643e+01
1.340000e+13,7.883217e+01
1.238362e+14,4.402219e+01
5.232880e+13,3.963799e+01
1.243512e+13,7.899503e+01
1.038082e+13,7.898372e+01
2.634158e+13,2.660550e+01
4.202143e+13,4.504317e+01
1.867250e+13,7.899792e+01
8.368923e+13,8.000000e+01
6.059220e+13,3.795637e+01
1.118821e+13,7.899652e+01
3.143238e+14,8.000000e+01
1.733910e+13,7.899478e+01
4.203443e+13,3.903741e+01
1.188556e+14,3.290690e+01
3.758560e+14,6.924636e+01
1.893517e+13,7.897240e+01
1.609603e+13,7.898500e+01
1.232848e+13,7.899451e+01
2.350989e+13,7.899315e+01
7.547905e+13,5.417191e+01
1.889466e+13,7.899689e+01
4.769789e+13,4.198023e+01
2.746942e+13,2.744630e+01
2.663650e+13,7.899270e+01
2.031254e+13,7.899347e+01
1.544705e+13,7.899827e+01
1.398151e+13,4.999338e+00
6.400634e+13,4.978771e+01
3.738841e+13,3.339200e+01
2.787280e+13,7.899374e+01
8.850590e+19,8.000000e+01
8.850590e+19,8.000000e+01
8.850590e+19,8.000000e+01
8.850590e+19,8.000000e+01
1.650316e+14,8.000000e+01
1.650316e+14,8.000000e+01
1.650316e+14,8.000000e+01
1.650316e+14,8.000000e+01
4.633602e+13,4.047879e+01
4.146432e+13,4.180006e+01
4.159498e+13,3.321183e+01
1.364756e+14,5.633399e+01
3.448965e+13,3.044918e+01
2.543625e+13,2.954832e+01
3.708274e+13,4.432248e+01
3.459576e+13,7.690007e+01
2.702760e+14,5.783543e+01
3.391159e+13,4.999808e+00
1.809820e+13,7.896981e+01
1.859420e+14,6.083830e+01
1.670483e+13,7.898400e+01
1.159433e+14,7.248947e+01
1.207794e+14,7.931829e+01
1.207794e+14,7.928711e+01
1.702017e+13,7.897645e+01
3.606857e+13,3.303166e+01
4.792760e+13,3.501355e+01
2.278329e+14,8.000000e+01
2.278329e+14,8.000000e+01
1.828621e+13,2.108020e+01
7.393983e+13,5.741502e+01
5.938590e+14,8.000000e+01
4.200916e+13,7.899609e+01
4.200916e+13,7.899517e+01
6.288917e+13,4.900696e+01
2.194423e+13,7.568348e+01
2.807408e+13,2.942820e+01
9.885307e+12,7.899880e+01
3.638739e+13,3.231096e+01
1.473459e+13,7.895967e+01
2.935849e+13,2.936814e+01
6.198359e+13,4.252075e+01
6.254334e+13,3.183050e+01
2.025723e+13,4.999920e+00
8.666607e+12,7.899795e+01
1.282675e+13,4.999607e+00
6.531651e+13,4.390207e+01
1.216168e+14,8.000000e+01
5.420117e+14,8.000000e+01
5.420117e+14,8.000000e+01
5.420117e+14,8.000000e+01
5.420117e+14,8.000000e+01
4.141980e+13,3.303166e+01
2.596589e+14,7.531217e+01
3.031088e+13,3.171039e+01
2.064099e+13,7.899724e+01
3.349032e+13,3.700000e+01
8.196247e+13,5.140927e+01
1.134453e+13,7.899551e+01
1.066861e+14,8.000000e+01
1.066861e+14,8.000000e+01
1.437266e+14,8.000000e+01
1.437266e+14,8.000000e+01
1.080693e+13,7.899800e+01
2.134705e+13,7.897446e+01
3.766915e+13,7.899394e+01
2.170306e+13,7.898640e+01
7.236384e+13,4.744547e+01
1.343003e+13,7.899797e+01
1.216381e+13,7.898941e+01
7.837273e+13,3.825666e+01
1.242271e+14,7.152855e+01
2.656850e+13,4.999743e+00
1.246679e+13,7.897126e+01
2.289265e+13,7.897614e+01
1.769508e+13,7.899262e+01
1.617127e+13,7.899646e+01
3.077117e+13,3.669517e+01
1.041958e+14,5.561330e+01
1.819516e+13,7.899555e+01
7.260805e+13,3.831672e+01
3.341741e+14,8.000000e+01
1.036613e+14,4.954748e+01
1.147511e+14,8.000000e+01
3.708535e+13,7.899739e+01
3.708535e+13,7.899513e+01
4.496717e+13,3.297520e+01
8.335031e+15,7.459148e+01
3.038441e+13,3.447304e+01
1.779092e+13,7.899581e+01
7.038008e+14,5.759520e+01
7.622033e+13,7.393085e+01
1.425974e+13,3.300000e+01
3.079592e+13,2.594486e+01
2.069992e+13,7.899666e+01
1.362005e+13,7.896659e+01
5.863077e+13,4.792593e+01
2.365298e+13,2.324227e+01
2.039852e+14,7.555240e+01
2.221990e+13,7.899886e+01
4.703500e+13,3.879718e+01
2.652059e+13,7.898430e+01
2.652059e+13,7.899552e+01
1.848605e+13,6.075963e+01
9.743578e+13,8.000000e+01
2.591916e+13,2.366268e+01
3.463490e+13,2.600492e+01
2.193400e+13,7.897182e+01
1.529760e+13,7.898941e+01
5.663933e+13,7.898753e+01
2.035407e+13,7.910226e+01
3.639567e+13,3.795637e+01
2.193920e+13,2.438337e+01
3.636091e+13,3.056930e+01
2.761025e+13,7.898554e+01
9.501933e+12,7.899514e+01
1.499193e+13,7.899820e+01
1.598456e+13,7.899562e+01
8.264471e+12,1.499722e+01
8.557840e+12,7.899503e+01
4.947656e+13,3.837678e+01
2.737111e+13,2.432331e+01
2.506171e+13,6.611434e+01
5.828401e+13,4.480294e+01
2.206920e+13,7.892340e+01
1.596693e+13,4.998795e+00
1.293737e+13,3.497685e+01
1.025674e+13,7.899698e+01
1.221681e+13,7.899768e+01
8.747900e+13,4.071902e+01
1.644727e+14,5.243025e+01
4.609576e+14,8.000000e+01
1.290073e+14,8.000000e+01
2.189634e+14,8.000000e+01
1.528866e+13,7.899663e+01
4.303785e+13,3.549402e+01
1.970876e+13,5.906064e+01
2.592835e+13,2.498394e+01
8.665531e+13,7.801476e+01
8.084241e+13,6.143888e+01
1.621345e+13,7.898202e+01
1.982386e+13,7.899377e+01
1.898888e+13,6.451333e+01
2.439692e+13,2.852734e+01
3.808945e+13,3.621471e+01
5.536214e+13,4.894691e+01
8.906872e+13,4.077908e+01
9.528035e+13,4.468282e+01
1.523332e+14,8.000000e+01
1.070114e+14,7.945615e+01
1.070114e+14,7.945615e+01
3.582962e+13,3.020895e+01
3.369529e+13,7.897319e+01
1.280295e+13,7.899511e+01
1.038154e+14,8.000000e+01
2.186852e+13,7.899346e+01
5.877625e+14,8.000000e+01
4.324492e+14,6.047796e+01
1.634853e+13,7.899565e+01
5.123320e+13,4.999456e+00
2.190385e+13,3.038912e+01
1.318868e+13,7.899384e+01
2.648694e+13,7.928149e+01
1.446740e+13,4.999830e+00
4.838141e+13,3.813655e+01
1.195134e+13,7.898095e+01
5.460800e+14,8.000000e+01
3.669830e+14,6.984694e+01
8.205253e+13,4.029862e+01
1.743798e+14,4.732535e+01
2.633872e+14,8.000000e+01
9.810686e+12,7.899327e+01
3.017181e+13,3.969804e+01
8.593665e+13,8.000000e+01
8.593665e+13,8.000000e+01
1.125928e+13,7.899791e+01
6.702163e+13,5.957709e+01
6.702163e+13,5.957709e+01
3.463965e+13,2.972849e+01
4.909122e+13,4.095925e+01
4.212960e+13,3.387246e+01
7.674261e+14,8.000000e+01
7.204213e+13,4.798599e+01
2.078904e+13,2.390291e+01
6.356817e+13,5.032823e+01
3.122748e+13,2.846728e+01
3.879148e+13,7.899607e+01
1.471129e+13,1.900000e+01
5.550516e+13,5.164950e+01
2.619760e+13,2.276181e+01
1.942534e+13,6.906483e+01
1.190588e+14,8.000000e+01
3.619546e+13,7.899688e+01
2.700444e+13,2.960837e+01
1.383462e+13,7.898831e+01
7.208429e+13,3.615465e+01
2.692400e+13,7.897608e+01
3.003191e+13,7.899768e+01
1.955043e+14,5.735497e+01
2.026355e+13,7.898096e+01
1.944421e+14,8.000000e+01
1.153699e+13,7.899732e+01
1.528619e+13,7.899683e+01
1.134937e+13,7.899850e+01
1.041861e+14,5.014806e+01
4.709845e+13,3.987822e+01
1.335467e+13,7.899780e+01
1.713296e+13,7.899412e+01
4.511729e+13,3.519373e+01
1.867305e+13,7.899749e+01
2.952829e+13,7.899839e+01
1.018903e+13,7.899444e+01
1.280631e+13,7.893314e+01
7.084197e+16,8.000000e+01
1.212004e+13,7.899818e+01
1.082231e+14,5.158944e+01
1.259564e+14,4.438253e+01
1.957160e+13,7.895945e+01
2.938579e+13,2.714601e+01
6.555478e+13,7.899628e+01
2.069165e+14,8.000000e+01
4.143458e+13,3.573425e+01
9.252958e+13,4.011845e+01
3.127617e+14,8.000000e+01
3.127617e+14,8.000000e+01
2.812759e+13,5.682318e+01
9.609858e+13,4.900696e+01
4.525336e+15,6.846561e+01
1.495921e+13,7.899011e+01
6.135967e+13,4.606414e+01
1.613063e+14,8.000000e+01
4.693808e+13,4.564374e+01
1.396799e+13,7.899800e+01
1.598792e+13,7.899575e+01
3.769840e+13,2.299664e+01
1.947137e+13,7.899850e+01
6.879379e+13,3.103759e+01
9.396802e+12,7.899233e+01
9.287797e+13,7.008717e+01
1.775300e+14,5.447220e+01
1.474789e+13,7.899821e+01
4.789352e+13,7.899754e+01
9.217914e+12,1.499614e+01
1.316177e+13,7.899807e+01
2.330786e+13,2.099426e+01
2.317390e+13,6.832167e+01
1.832923e+13,7.896366e+01
1.580095e+13,7.899072e+01
3.311711e+13,7.899646e+01
1.127556e+14,6.215957e+01
7.436204e+13,3.435292e+01
1.052624e+13,7.892455e+01
6.856861e+13,6.528256e+01
7.590484e+13,5.080869e+01
2.534279e+13,2.792676e+01
6.002209e+13,5.585353e+01
2.120784e+13,7.899277e+01
1.516643e+14,8.000000e+01
1.516643e+14,8.000000e+01
1.804782e+13,7.899088e+01
3.327462e+13,3.609459e+01
2.131431e+14,7.423114e+01
3.847415e+13,3.627476e+01
1.408850e+14,6.510239e+01
5.776232e+13,4.846645e+01
5.402522e+13,3.543396e+01
1.754138e+13,7.893972e+01
9.586507e+12,7.899277e+01
2.451858e+13,7.899772e+01
1.728040e+14,4.684489e+01
2.917604e+13,2.966843e+01
3.872439e+13,3.298717e+01
1.961578e+13,4.998895e+00
9.314254e+13,5.170955e+01
2.006805e+13,7.899589e+01
6.047903e+13,3.765609e+01
3.385158e+13,2.990866e+01
2.248329e+14,8.000000e+01
1.196525e+13,7.898677e+01
1.040523e+13,7.899709e+01
6.885244e+13,3.915753e+01
5.993405e+13,5.128915e+01
2.790075e+14,5.867623e+01
2.785556e+14,8.000000e+01
3.038338e+13,2.870751e+01
2.025400e+13,7.899093e+01
3.773497e+13,3.044918e+01
1.951804e+13,5.639819e+01
3.289076e+13,7.893418e+01
2.796217e+13,2.888768e+01
3.517889e+13,7.899696e+01
1.395435e+13,7.899786e+01
1.805653e+13,7.894924e+01
2.337477e+13,2.324227e+01
6.328016e+13,4.528340e+01
1.632987e+13,7.891092e+01
1.717946e+13,7.899457e+01
7.093325e+13,4.312132e+01
1.966897e+13,2.150060e+01
1.013399e+14,5.098886e+01
2.513138e+13,2.624515e+01
1.682560e+14,4.846645e+01
1.305441e+13,7.899731e+01
4.930630e+13,7.899482e+01
7.417040e+13,4.999669e+00
3.297949e+13,3.231096e+01
6.174240e+13,7.896480e+01
2.841879e+13,4.999864e+00
6.377569e+13,7.897596e+01
8.366352e+13,8.000000e+01
3.065985e+13,4.420236e+01
2.248358e+13,7.834163e+01
1.597865e+13,7.899616e+01
2.313640e+13,7.898050e+01
1.054525e+17,8.000000e+01
1.054525e+17,8.000000e+01
2.772451e+13,7.898576e+01
1.620476e+13,7.899667e+01
6.846456e+13,7.387079e+01
6.846456e+13,7.387079e+01
1.443081e+14,7.248947e+01
1.588762e+14,8.000000e+01
1.896875e+13,6.800630e+01
1.330454e+13,7.898650e+01
2.486398e+13,4.999160e+00
9.284726e+12,6.833337e+01
2.155985e+13,7.899311e+01
3.947110e+13,3.002878e+01
2.664760e+14,6.239980e+01
1.138249e+14,4.143971e+01
8.328255e+13,3.759603e+01
9.253496e+13,7.963632e+01
3.817924e+13,3.789632e+01
8.797405e+16,7.915586e+01
1.590976e+14,5.921675e+01
9.627841e+12,7.899428e+01
1.943666e+14,8.000000e+01
1.394208e+13,7.899509e+01
1.822413e+13,7.899390e+01
6.626425e+13,6.131876e+01
1.324966e+13,7.899708e+01
5.744361e+13,3.681528e+01
1.591014e+14,4.828627e+01
1.288239e+14,8.000000e+01
1.288239e+14,8.000000e+01
1.625744e+13,7.899519e+01
3.658210e+13,2.858740e+01
1.273090e+13,7.899406e+01
6.937167e+13,4.888685e+01
2.642777e+13,5.000087e+00
2.175614e+13,7.898903e+01
4.075935e+13,3.309171e+01
1.148294e+13,7.899708e+01
9.993894e+13,4.486299e+01
7.223537e+13,4.372190e+01
2.624630e+13,1.298567e+01
2.493622e+13,7.892965e+01
1.063109e+13,7.899741e+01
7.803273e+13,6.858573e+01
1.655630e+14,5.435209e+01
5.071056e+13,4.204029e+01
7.475284e+14,8.000000e+01
2.084845e+13,7.897259e+01
3.562112e+14,8.000000e+01
1.518704e+13,7.899361e+01
1.651395e+13,7.898846e+01
2.227501e+13,7.898329e+01
1.228905e+13,7.891594e+01
5.389226e+13,3.080953e+01
1.967606e+14,5.771531e+01
2.823112e+13,7.898766e+01
1.654994e+13,7.899747e+01
1.894476e+15,8.000000e+01
1.534102e+13,5.506633e+01
5.833289e+13,7.894791e+01
1.545851e+14,5.765525e+01
1.232611e+13,7.899528e+01
1.617817e+13,7.899300e+01
9.844771e+13,7.899396e+01
1.406584e+13,7.899886e+01
5.788445e+13,4.071902e+01
1.704833e+13,7.899504e+01
1.473157e+13,7.899778e+01
2.035049e+15,8.000000e+01
1.914043e+14,8.000000e+01
1.933239e+13,7.899713e+01
2.267703e+13,2.378279e+01
4.419881e+13,7.899764e+01
6.306487e+13,7.898987e+01
2.675557e+13,2.780665e+01
1.522238e+13,7.899635e+01
1.006617e+13,7.899786e+01
1.565865e+14,8.000000e+01
1.565865e+14,8.000000e+01
6.417436e+13,4.930725e+01
4.330210e+13,3.068941e+01
1.114848e+14,6.215957e+01
5.841840e+13,3.603453e+01
3.571606e+13,3.038912e+01
1.437342e+14,4.192017e+01
1.978778e+13,7.899766e+01
1.243555e+13,7.898903e+01
1.561897e+13,7.899660e+01
7.978618e+13,7.573258e+01
1.357028e+13,7.899381e+01
2.185695e+13,2.498394e+01
2.317428e+13,4.998533e+00
5.574579e+13,3.987822e+01
1.856175e+13,7.197197e+01
2.153179e+13,2.468366e+01
2.757553e+13,2.954832e+01
1.275722e+13,5.000051e+00
2.516724e+13,7.899585e+01
1.038973e+13,7.899867e+01
1.964016e+13,7.887710e+01
2.417963e+13,7.890097e+01
1.939384e+13,7.496619e+01
2.306312e+14,8.000000e+01
1.413549e+13,3.689214e+01
2.494668e+13,7.899394e+01
2.061905e+15,6.257997e+01
5.336502e+13,7.898831e+01
6.896454e+14,8.000000e+01
1.112139e+13,7.899572e+01
1.964176e+14,8.000000e+01
1.964176e+14,8.000000e+01
2.211807e+13,7.899681e+01
2.582659e+13,7.898176e+01
5.167185e+13,6.011761e+01
2.744241e+13,2.798682e+01
3.835780e+13,4.137966e+01
1.445727e+14,5.585353e+01
9.818996e+12,7.899510e+01
5.129236e+13,2.978855e+01
1.050281e+14,5.801560e+01
1.620837e+13,7.898494e+01
1.607457e+13,7.916326e+01
6.399328e+13,6.221963e+01
2.449759e+13,2.672561e+01
1.152425e+13,7.899822e+01
5.097612e+13,3.249114e+01
8.682204e+13,4.900696e+01
1.261733e+14,5.363140e+01
3.564090e+13,3.501355e+01
7.811968e+13,6.834550e+01
7.811968e+13,6.834550e+01
1.173542e+14,4.210035e+01
1.119840e+13,1.700000e+01
1.301085e+13,7.898814e+01
1.623929e+13,7.899466e+01
1.335037e+13,7.897016e+01
2.651171e+14,7.897568e+01
1.403746e+13,7.899700e+01
3.926580e+13,5.000157e+00
2.056688e+13,7.899347e+01
1.524768e+14,5.759520e+01
6.586016e+14,6.239980e+01
3.015071e+13,7.899677e+01
2.408354e+13,2.660550e+01
5.123193e+13,7.899560e+01
2.088267e+13,7.899411e+01
2.668946e+13,7.899641e+01
8.465585e+13,6.654377e+01
8.883672e+13,4.999806e+00
2.490450e+13,2.492389e+01
1.981722e+14,6.942653e+01
9.955637e+12,7.896875e+01
1.871808e+14,8.000000e+01
1.095758e+14,4.047879e+01
2.991989e+13,2.756642e+01
2.239183e+13,7.745266e+01
6.759885e+14,8.000000e+01
6.759885e+14,8.000000e+01
6.759885e+14,8.000000e+01
5.509139e+13,3.411269e+01
1.800695e+13,4.109407e+01
1.867355e+13,7.899358e+01
8.416564e+13,6.666389e+01
8.416564e+13,6.666389e+01
8.341337e+13,7.837511e+01
8.341337e+13,7.837511e+01
2.888782e+13,7.917766e+01
4.265639e+14,8.000000e+01
6.672106e+13,4.342161e+01
1.200967e+13,7.897811e+01
1.343959e+13,7.898458e+01
3.545240e+13,2.540435e+01
2.656145e+13,4.999903e+00
1.822309e+13,7.899496e+01
1.661126e+13,7.892756e+01
1.938096e+13,7.899642e+01
1.156373e+14,4.906702e+01
6.761147e+13,4.390207e+01
9.631937e+12,7.899845e+01
1.793586e+13,1.981899e+01
9.931002e+13,6.510239e+01
1.709669e+14,8.000000e+01
1.709669e+14,8.000000e+01
7.400606e+13,5.297461e+01
2.567145e+13,2.768653e+01
1.582542e+13,7.897870e+01
1.730684e+14,5.104892e+01
2.303765e+13,4.479961e+01
1.548248e+14,5.044835e+01
4.188472e+13,3.291154e+01
1.216890e+13,7.898253e+01
1.030795e+14,6.486216e+01
1.161819e+13,7.899371e+01
4.032607e+13,4.642449e+01
5.027005e+13,4.113943e+01
2.668325e+13,2.582475e+01
6.192734e+14,8.000000e+01
6.192734e+14,8.000000e+01
2.150451e+13,7.899163e+01
6.137258e+13,6.624348e+01
2.900829e+13,3.074947e+01
2.917425e+13,7.889395e+01
2.040074e+13,7.899496e+01
2.864616e+13,7.891517e+01
4.332194e+13,4.258081e+01
1.563115e+13,7.910812e+01
7.694658e+13,4.035868e+01
1.123188e+13,7.899674e+01
1.299220e+14,4.948743e+01
1.468797e+15,8.000000e+01
1.464901e+13,7.899653e+01
2.420488e+13,4.999766e+00
1.734559e+13,7.898641e+01
2.048107e+13,7.899133e+01
1.113428e+14,4.504317e+01
3.026347e+13,2.762648e+01
1.619039e+13,7.899788e+01
1.446642e+13,7.899564e+01
1.742089e+13,7.899561e+01
6.817369e+14,8.000000e+01
6.817369e+14,8.000000e+01
2.388208e+13,4.999190e+00
1.202582e+14,8.000000e+01
9.115345e+13,4.546357e+01
2.750891e+13,7.898884e+01
1.966143e+14,8.000000e+01
1.806415e+14,7.369062e+01
1.806415e+14,7.369062e+01
1.412773e+13,7.898832e+01
1.780504e+14,5.411186e+01
1.238445e+13,7.899480e+01
2.422088e+13,4.317381e+01
3.847927e+14,8.000000e+01
3.847927e+14,8.000000e+01
2.152737e+14,5.411186e+01
1.300432e+13,7.899869e+01
1.107306e+14,4.342161e+01
8.269225e+13,5.753514e+01
3.410594e+13,3.050924e+01
1.583328e+16,8.000000e+01
4.888778e+13,4.666472e+01
2.301988e+13,7.896155e+01
1.306073e+14,8.000000e+01
1.386611e+13,4.999747e+00
1.064190e+13,7.895550e+01
1.332203e+13,7.899687e+01
4.413095e+13,7.899618e+01
1.151532e+15,8.000000e+01
1.189669e+14,5.176961e+01
8.641595e+13,4.588397e+01
2.272793e+13,7.587155e+01
1.708337e+13,7.891534e+01
6.604251e+13,4.999758e+00
6.812179e+13,4.936731e+01
1.147808e+13,7.899770e+01
1.232220e+13,7.898043e+01
5.757119e+13,3.729574e+01
1.169730e+13,7.899806e+01
6.924725e+13,7.899590e+01
6.924725e+13,7.899377e+01
1.771073e+13,7.888623e+01
2.195359e+13,4.999948e+00
4.126912e+13,2.924803e+01
1.907863e+13,1.700000e+01
1.731413e+13,7.899658e+01
1.635601e+14,5.603370e+01
2.761145e+13,2.930809e+01
2.591223e+13,1.900000e+01
8.730105e+13,4.798599e+01
7.117062e+13,5.687450e+01
2.626167e+13,2.882763e+01
1.400270e+15,8.000000e+01
1.400270e+15,8.000000e+01
5.787389e+13,5.363140e+01
2.289982e+13,2.342245e+01
8.581090e+13,4.360178e+01
2.225177e+14,8.000000e+01
4.589796e+13,3.495350e+01
1.488411e+13,7.899627e+01
1.089883e+13,7.899850e+01
4.925390e+14,8.000000e+01
9.297319e+13,6.065813e+01
1.709543e+13,7.899701e+01
4.326303e+13,7.899957e+01
1.377585e+13,7.894877e+01
5.845827e+13,7.899455e+01
2.841098e+13,7.894762e+01
5.078765e+13,3.831672e+01
1.597308e+13,7.899239e+01
1.905168e+13,2.114026e+01
7.271215e+15,8.000000e+01
3.507116e+13,7.899486e+01
8.425035e+13,5.831589e+01
1.121669e+13,4.999331e+00
1.647191e+14,8.000000e+01
4.733025e+15,8.000000e+01
1.435494e+14,6.810527e+01
1.435494e+14,6.810527e+01
1.314853e+13,3.898682e+01
3.903915e+13,7.899713e+01
2.159297e+14,8.000000e+01
1.196421e+13,7.899735e+01
9.780760e+12,1.699348e+01
4.889963e+13,4.690495e+01
7.775417e+13,7.218918e+01
3.605641e+14,8.000000e+01
2.368837e+13,7.899732e+01
1.547339e+14,6.396130e+01
9.547272e+13,5.987738e+01
1.071286e+14,3.843684e+01
2.944605e+13,2.936814e+01
3.910247e+13,7.899477e+01
3.097943e+13,7.899747e+01
1.372209e+13,7.889489e+01
1.454269e+13,7.899605e+01
2.547421e+13,7.941070e+01
1.955265e+13,7.897522e+01
3.064897e+13,2.816699e+01
8.515204e+13,5.621387e+01
1.140081e+13,7.899480e+01
4.774002e+13,2.504400e+01
1.280675e+14,4.486299e+01
1.596010e+13,7.898819e+01
9.013880e+13,8.000000e+01
9.013880e+13,5.000003e+00
2.153235e+13,7.895159e+01
6.388340e+13,7.921592e+01
2.073269e+14,8.000000e+01
2.710828e+13,7.899565e+01
3.695902e+14,5.789548e+01
2.181485e+13,7.899034e+01
8.051298e+13,4.065896e+01
2.397640e+13,2.384285e+01
1.831497e+13,7.899549e+01
1.025344e+14,4.252075e+01
8.261643e+13,8.000000e+01
3.579701e+13,7.894560e+01
6.103012e+13,6.071819e+01
2.213938e+13,2.408308e+01
3.098930e+13,7.899655e+01
2.452373e+13,2.792676e+01
7.918204e+13,5.140927e+01
9.804896e+12,7.899824e+01
1.395015e+14,5.933686e+01
3.924450e+13,5.176961e+01
1.296608e+13,7.907182e+01
2.078890e+13,5.000000e+00
2.697160e+13,3.183050e+01
2.099239e+13,7.907178e+01
2.837656e+13,7.899678e+01
2.217569e+13,7.899581e+01
1.077271e+14,7.801476e+01
4.208007e+13,3.309171e+01
1.604022e+13,7.899736e+01
6.789473e+13,6.510239e+01
4.028923e+19,8.000000e+01
4.028923e+19,8.000000e+01
4.028923e+19,8.000000e+01
2.152633e+14,8.000000e+01
2.685810e+13,7.899821e+01
2.560497e+13,4.998274e+00
2.723546e+14,8.000000e+01
1.582586e+13,7.898472e+01
4.166729e+13,3.116987e+01
1.160059e+14,7.321016e+01
1.085675e+13,7.899693e+01
3.111389e+13,2.894774e+01
2.257988e+13,7.899618e+01
1.667605e+14,6.233974e+01
1.120229e+15,8.000000e+01
5.706004e+13,7.899488e+01
4.619046e+13,7.899639e+01
6.926212e+14,8.000000e+01
6.926212e+14,8.000000e+01
3.515009e+13,7.898588e+01
2.814108e+13,7.871838e+01
1.609014e+13,7.894627e+01
3.700254e+13,2.768653e+01
8.751092e+13,5.849606e+01
5.258820e+13,4.999639e+00
5.258820e+13,5.000364e+00
3.383513e+13,3.261125e+01
4.604971e+14,6.876590e+01
4.962177e+13,3.885724e+01
8.182687e+13,4.180006e+01
1.603006e+13,7.899595e+01
3.699293e+13,4.192017e+01
7.885528e+14,8.000000e+01
1.891614e+14,8.000000e+01
1.420763e+13,7.899234e+01
1.451392e+13,5.494008e+01
1.053620e+13,7.897756e+01
1.421643e+13,7.899537e+01
1.937623e+13,7.899154e+01
3.169208e+13,7.899548e+01
2.262344e+13,2.528423e+01
5.137921e+13,5.585353e+01
1.304721e+13,7.899753e+01
1.267787e+14,3.189056e+01
1.210892e+13,7.899806e+01
2.527707e+14,6.107853e+01
2.400413e+14,5.567335e+01
1.751977e+14,8.000000e+01
1.751977e+14,8.000000e+01
1.772578e+13,7.867511e+01
1.930369e+13,7.915611e+01
1.068955e+14,7.849522e+01
4.704155e+13,3.429286e+01
2.623824e+13,7.899812e+01
6.362950e+13,7.899897e+01
5.909306e+13,4.246069e+01
1.244564e+14,4.618426e+01
3.006721e+14,8.000000e+01
3.006721e+14,8.000000e+01
4.538666e+13,7.899409e+01
1.434292e+14,6.768486e+01
2.240158e+13,7.533611e+01
1.133475e+14,7.627309e+01
7.016546e+14,8.000000e+01
1.691905e+13,7.899843e+01
3.247779e+13,3.002878e+01
3.053468e+15,8.000000e+01
6.070788e+13,7.963632e+01
6.070788e+13,4.999563e+00
1.448424e+13,4.999815e+00
1.709043e+14,8.000000e+01
1.060690e+13,6.290759e+01
2.172856e+14,8.000000e+01
2.172856e+14,8.000000e+01
1.651700e+13,7.899092e+01
2.535041e+14,5.813571e+01
3.002755e+13,2.678567e+01
4.545932e+13,4.576386e+01
7.839059e+13,5.807566e+01
1.680986e+14,8.000000e+01
2.817315e+13,7.897333e+01
1.010272e+14,5.963715e+01
3.048407e+13,2.504400e+01
2.167234e+13,2.456354e+01
3.487891e+13,3.441298e+01
8.560900e+13,4.137966e+01
2.675938e+13,7.899677e+01
4.871482e+14,6.384118e+01
2.184932e+13,7.899636e+01
5.206162e+13,3.255119e+01
7.966567e+13,2.474727e+01
5.178620e+13,3.225091e+01
2.878487e+14,8.000000e+01
2.878487e+14,8.000000e+01
1.742105e+14,5.477249e+01
1.156245e+13,7.899325e+01
2.068198e+13,5.916586e+01
1.375320e+13,7.899478e+01
4.136078e+13,7.899307e+01
3.856347e+14,8.000000e+01
2.645667e+14,7.717396e+01
5.796055e+13,3.489344e+01
1.030902e+14,4.510322e+01
3.195228e+13,7.899296e+01
5.202825e+13,7.899724e+01
1.076690e+14,8.000000e+01
1.076690e+14,8.000000e+01
5.572032e+13,6.257997e+01
2.220147e+13,7.894682e+01
3.092650e+13,7.899025e+01
1.436003e+13,7.899734e+01
5.163439e+13,4.594403e+01
3.895456e+13,3.056930e+01
7.182348e+13,4.005839e+01
5.053403e+13,5.543312e+01
2.991456e+13,2.996872e+01
2.003942e+13,7.916582e+01
2.185703e+13,7.899541e+01
3.097926e+13,2.624515e+01
5.543204e+13,3.399258e+01
5.618435e+13,4.870668e+01
2.521937e+13,2.804688e+01
9.069802e+13,3.999833e+01
1.914648e+14,8.000000e+01
6.323102e+13,4.576386e+01
2.793491e+13,7.899428e+01
9.748176e+12,7.899640e+01
1.095527e+14,4.780581e+01
2.745006e+13,2.966843e+01
1.305942e+13,7.899751e+01
2.514889e+14,6.624348e+01
2.375981e+13,7.898953e+01
2.890609e+13,3.044918e+01
1.548609e+13,7.899761e+01
2.802192e+13,2.834717e+01
6.953327e+13,5.723485e+01
1.486695e+14,8.000000e+01
2.167230e+13,7.899736e+01
2.135734e+14,5.549318e+01
5.528474e+14,8.000000e+01
8.187313e+13,5.345122e+01
3.105577e+13,2.996872e+01
1.593526e+14,6.990699e+01
3.364537e+13,3.062935e+01
1.327701e+13,7.899005e+01
1.680789e+13,7.899677e+01
2.392230e+14,5.555324e+01
5.292369e+13,4.498311e+01
7.815182e+13,8.000000e+01
2.859381e+13,3.499411e+01
2.220919e+13,2.432331e+01
5.087382e+13,3.681528e+01
7.375856e+13,4.678484e+01
5.833715e+13,4.846645e+01
2.417922e+13,7.898100e+01
7.414991e+13,3.094693e+01
2.270168e+13,3.872995e+01
6.884833e+15,8.000000e+01
1.242804e+13,7.899469e+01
5.369810e+16,8.000000e+01
5.369810e+16,8.000000e+01
3.600826e+13,3.303448e+01
3.784601e+14,8.000000e+01
2.539580e+13,7.899781e+01
1.001975e+14,4.990783e+01
7.926718e+12,7.896329e+01
3.005496e+14,8.000000e+01
3.005496e+14,8.000000e+01
1.148494e+14,5.513284e+01
1.728041e+13,7.899760e+01
6.287762e+13,3.843684e+01
2.780648e+13,2.690578e+01
8.147082e+13,4.564374e+01
8.480934e+19,8.000000e+01
8.480934e+19,8.000000e+01
8.480934e+19,8.000000e+01
8.506384e+13,7.900024e+01
8.506384e+13,7.900041e+01
2.738011e+14,6.035784e+01
5.018723e+13,3.603453e+01
2.371140e+13,5.000137e+00
1.780176e+14,7.939609e+01
2.219652e+13,7.708144e+01
1.582011e+13,7.899663e+01
9.016616e+14,8.000000e+01
1.371354e+14,3.087713e+01
1.780677e+13,7.898655e+01
1.435720e+13,7.899747e+01
2.040807e+13,7.867499e+01
3.743915e+14,8.000000e+01
3.743915e+14,8.000000e+01
1.625394e+13,7.899683e+01
5.994664e+13,5.471243e+01
1.673904e+16,8.000000e+01
2.551187e+13,7.899485e+01
1.167772e+14,5.969721e+01
1.520148e+13,7.899725e+01
1.459351e+14,6.954665e+01
2.051195e+13,7.899473e+01
3.504416e+14,8.000000e+01
3.201859e+13,2.810694e+01
3.702925e+13,7.899581e+01
3.216503e+13,4.999932e+00
3.203239e+13,5.513383e+01
1.995865e+13,7.898317e+01
2.081405e+13,7.899672e+01
4.850912e+13,5.393168e+01
1.470430e+13,7.882110e+01
2.260307e+13,7.898927e+01
1.734409e+13,7.895759e+01
4.103010e+18,8.000000e+01
4.103010e+18,8.000000e+01
6.268796e+13,4.029862e+01
7.109000e+14,7.705384e+01
2.450292e+15,8.000000e+01
2.450292e+15,8.000000e+01
5.221340e+13,6.300000e+01
1.862779e+14,8.000000e+01
1.847822e+13,7.899657e+01
1.218416e+13,7.899707e+01
3.826470e+13,2.900780e+01
8.493490e+13,4.690495e+01
2.274962e+13,7.899766e+01
1.278872e+13,7.899713e+01
1.996769e+13,7.899372e+01
4.822705e+13,3.459315e+01
5.815351e+13,3.393252e+01
8.530281e+13,7.008717e+01
1.177911e+13,7.899666e+01
2.095644e+13,7.891773e+01
3.223969e+13,3.855695e+01
2.636361e+13,2.762648e+01
3.223426e+13,3.026901e+01
1.392980e+14,7.975643e+01
2.626098e+13,4.998159e+00
2.360668e+13,2.558452e+01
1.063149e+14,8.000000e+01
3.178824e+13,7.899423e+01
2.419476e+13,7.899581e+01
5.408253e+13,7.897842e+01
2.648724e+13,2.588481e+01
3.532735e+13,7.899639e+01
7.109704e+13,4.432248e+01
1.184228e+13,5.000000e+00
1.690760e+13,7.899484e+01
1.428849e+13,7.898543e+01
2.713756e+13,7.899584e+01
4.410896e+14,8.000000e+01
4.410896e+14,8.000000e+01
8.085480e+13,8.000000e+01
6.967188e+13,7.899829e+01
6.967188e+13,4.999999e+00
1.423799e+14,8.000000e+01
9.235797e+13,7.899533e+01
2.102445e+13,7.896060e+01
1.760207e+13,7.896501e+01
1.504120e+14,6.522250e+01
4.795502e+13,2.972849e+01
2.557052e+13,2.510406e+01
3.335182e+13,7.899648e+01
1.902914e+13,7.899559e+01
1.117430e+14,8.000000e+01
1.473313e+13,7.898950e+01
8.282436e+13,8.000000e+01
3.643062e+13,2.984860e+01
4.168800e+13,7.911488e+01
2.025346e+13,7.899403e+01
3.352539e+13,4.998853e+00
8.761816e+13,3.885724e+01
4.272771e+13,3.255119e+01
3.622783e+13,3.345206e+01
3.204531e+13,7.899512e+01
2.942034e+13,3.135004e+01
7.898032e+13,4.258081e+01
1.364618e+13,7.899794e+01
3.634667e+13,7.898254e+01
3.146872e+13,3.141010e+01
3.360226e+13,7.897559e+01
2.232543e+13,7.897672e+01
1.025386e+13,7.904703e+01
1.185943e+13,7.899516e+01
1.182295e+14,6.690412e+01
3.537781e+13,3.147016e+01
4.621589e+13,7.899698e+01
2.503711e+14,8.000000e+01
1.755680e+13,7.899544e+01
8.568706e+13,3.496120e+01
1.565680e+15,8.000000e+01
1.565680e+15,8.000000e+01
1.565680e+15,8.000000e+01
1.317438e+13,7.896578e+01
6.246888e+13,3.417275e+01
2.920656e+13,2.618509e+01
4.560449e+13,4.999592e+00
2.627625e+13,7.895672e+01
2.447045e+13,7.896472e+01
3.091018e+14,2.892002e+01
6.004517e+13,5.399174e+01
1.871983e+13,7.899333e+01
3.731867e+13,3.333194e+01
1.714543e+13,7.899205e+01
2.924470e+13,7.891311e+01
2.000659e+13,7.899743e+01
2.545155e+13,2.516412e+01
1.030176e+14,8.000000e+01
1.030176e+14,8.000000e+01
1.394526e+13,6.863503e+01
3.338637e+13,3.303166e+01
1.311389e+13,7.899780e+01
5.905304e+14,8.000000e+01
2.425221e+14,6.558285e+01
3.738658e+13,3.171039e+01
7.696444e+13,4.047879e+01
2.434273e+13,2.582475e+01
9.658243e+14,8.000000e+01
2.209276e+14,8.000000e+01
2.743186e+13,2.786671e+01
2.793633e+13,7.898162e+01
1.862004e+13,5.585811e+01
4.505765e+13,4.101931e+01
8.133047e+13,8.000000e+01
2.970341e+13,7.898471e+01
2.511003e+13,2.552446e+01
6.311329e+13,5.963715e+01
5.384675e+13,5.525295e+01
6.925788e+13,4.276098e+01
1.586068e+13,7.899763e+01
1.676816e+14,1.980191e+01
3.239063e+13,3.327189e+01
3.194729e+13,7.881134e+01
1.800810e+13,7.899714e+01
1.803112e+13,7.899691e+01
1.887501e+13,7.899807e+01
5.272979e+13,3.543396e+01
2.204979e+13,7.898225e+01
2.867125e+14,5.735497e+01
1.678608e+13,7.913688e+01
1.509039e+14,4.882679e+01
7.698186e+13,4.390207e+01
7.114319e+13,5.182967e+01
8.464890e+13,5.044835e+01
1.485360e+13,7.899709e+01
3.737217e+14,5.849606e+01
3.265714e+14,6.131876e+01
5.405145e+13,4.999661e+00
4.941445e+13,3.837678e+01
1.680227e+14,5.537307e+01
1.468599e+15,8.000000e+01
8.398867e+13,8.000000e+01
4.075474e+13,2.864745e+01
4.553061e+13,3.747591e+01
4.221990e+13,7.899707e+01
4.221990e+13,7.899671e+01
1.983789e+13,7.887224e+01
4.570556e+13,3.159027e+01
5.166264e+13,5.008800e+01
1.009991e+14,7.212912e+01
8.207671e+13,4.906702e+01
3.089900e+20,8.000000e+01
3.089900e+20,8.000000e+01
3.089900e+20,8.000000e+01
3.089900e+20,8.000000e+01
3.089900e+20,8.000000e+01
5.925783e+13,7.899497e+01
2.922013e+13,2.996872e+01
4.308701e+13,3.981816e+01
1.744520e+13,7.898605e+01
1.104847e+13,7.899702e+01
6.695132e+13,4.468282e+01
1.417633e+14,8.000000e+01
3.700596e+13,4.999582e+00
5.715235e+13,7.236935e+01
1.009614e+13,7.899595e+01
2.008385e+13,5.000000e+00
3.960305e+13,2.822705e+01
2.023819e+13,7.898710e+01
1.888745e+13,7.899279e+01
1.304813e+17,8.000000e+01
7.231022e+13,5.170955e+01
1.513892e+13,7.898609e+01
3.698031e+13,3.501355e+01
2.675482e+18,8.000000e+01
2.442797e+13,7.874510e+01
4.396897e+13,4.107937e+01
4.606735e+13,3.639488e+01
4.604373e+13,7.899721e+01
4.604373e+13,5.399174e+01
1.186666e+14,4.672478e+01
5.423202e+13,3.639488e+01
4.096860e+13,3.050924e+01
1.203082e+14,4.294115e+01
2.408155e+13,7.898786e+01
3.543532e+15,8.000000e+01
1.291259e+14,7.309004e+01
1.291259e+14,7.309004e+01
9.726664e+13,7.900000e+01
9.726664e+13,6.054254e+01
1.473722e+13,7.899712e+01
5.036490e+14,8.000000e+01
4.209450e+13,4.570380e+01
7.891690e+13,4.270092e+01
2.977734e+13,7.898067e+01
2.506132e+13,7.899669e+01
1.894757e+13,7.899793e+01
1.122118e+13,7.897908e+01
1.374825e+13,7.899501e+01
1.374983e+13,7.305666e+01
3.845603e+14,6.426158e+01
1.600080e+14,5.068858e+01
2.512642e+14,8.000000e+01
4.886597e+13,4.999404e+00
8.670620e+13,8.000000e+01
6.204605e+13,4.438253e+01
5.040017e+13,3.387246e+01
3.062068e+14,8.000000e+01
3.062068e+14,8.000000e+01
3.806875e+13,4.077908e+01
1.385473e+14,8.000000e+01
1.203922e+14,4.540351e+01
2.803373e+13,7.899524e+01
2.160351e+14,8.000000e+01
2.160351e+14,8.000000e+01
5.341313e+13,4.480294e+01
1.949506e+13,7.899181e+01
3.845977e+13,7.899067e+01
1.931011e+13,7.899596e+01
1.233915e+14,4.456271e+01
2.082685e+13,7.898953e+01
2.206588e+13,2.474371e+01
1.441364e+13,7.899680e+01
2.881928e+13,3.477332e+01
2.477349e+14,8.000000e+01
2.477349e+14,8.000000e+01
3.641177e+13,4.999475e+00
6.876868e+13,7.899984e+01
6.876868e+13,7.899529e+01
1.057100e+14,5.447220e+01
3.824346e+13,3.315177e+01
5.008576e+13,7.898016e+01
3.649479e+13,3.122993e+01
5.709243e+13,3.903741e+01
2.858117e+13,3.273137e+01
5.269338e+14,8.000000e+01
5.269338e+14,8.000000e+01
1.588426e+13,7.896660e+01
1.038577e+13,7.899477e+01
2.103359e+15,8.000000e+01
3.485152e+13,7.899582e+01
2.598899e+13,2.576469e+01
1.444928e+13,7.899675e+01
1.422497e+13,7.899838e+01
3.439613e+13,3.207073e+01
2.362606e+13,7.898334e+01
4.996736e+13,4.234058e+01
4.579399e+13,7.501189e+01
1.045566e+14,8.000000e+01
8.722244e+12,7.899856e+01
4.931390e+13,3.693540e+01
1.052885e+13,7.897454e+01
1.363003e+14,8.000000e+01
1.476344e+13,7.899443e+01
2.814131e+13,4.999259e+00
1.906589e+13,7.899355e+01
4.607105e+13,7.899676e+01
3.073576e+13,3.500000e+01
1.242434e+13,7.899614e+01
2.534747e+13,6.838736e+01
3.818100e+14,8.000000e+01
1.597864e+13,7.899587e+01
2.364244e+13,2.258164e+01
1.876918e+19,8.000000e+01
1.876918e+19,8.000000e+01
4.220490e+13,4.624432e+01
1.812908e+13,7.898792e+01
3.217721e+13,2.750636e+01
3.084507e+13,2.594486e+01
2.309556e+14,4.059891e+01
6.387991e+13,6.101848e+01
1.563923e+13,7.897884e+01
3.978155e+13,3.249114e+01
4.849250e+13,3.297160e+01
5.266186e+13,5.669433e+01
1.072016e+13,7.899855e+01
1.115369e+13,7.899301e+01
1.050996e+13,7.899641e+01
1.506440e+14,6.768486e+01
1.955288e+13,7.896251e+01
4.342230e+13,3.645494e+01
8.284092e+12,7.896432e+01
2.200124e+13,7.897852e+01
8.031917e+12,7.895908e+01
3.905745e+13,3.423281e+01
7.979725e+13,4.366184e+01
6.188984e+13,4.378196e+01
1.746079e+13,7.897385e+01
3.670663e+14,6.852567e+01
2.297119e+13,2.444342e+01
7.829312e+13,4.282104e+01
1.198504e+14,5.158944e+01
2.287027e+14,3.261125e+01
1.941646e+14,7.272970e+01
2.225254e+14,8.000000e+01
2.522954e+14,8.000000e+01
2.522954e+14,8.000000e+01
4.569989e+14,8.000000e+01
2.469132e+13,7.895101e+01
1.770935e+13,7.887672e+01
2.148238e+13,7.896169e+01
1.510570e+14,7.122826e+01
3.359073e+13,2.888768e+01
1.076183e+14,7.525212e+01
5.490047e+13,6.930642e+01
5.356430e+13,3.495350e+01
1.272264e+13,7.899306e+01
2.484087e+13,7.898512e+01
2.401337e+14,8.000000e+01
1.693492e+13,7.899005e+01
5.604363e+13,6.125871e+01
1.454700e+13,4.999786e+00
9.939823e+12,7.899816e+01
4.509824e+13,7.899760e+01
5.297960e+13,3.447304e+01
2.798665e+13,3.104976e+01
4.131642e+13,4.119948e+01
2.104581e+13,1.873796e+01
2.131667e+13,7.898627e+01
1.267322e+13,4.999317e+00
9.046748e+13,8.000000e+01
1.913907e+13,7.899544e+01
9.332605e+12,7.899787e+01
4.389682e+13,3.975810e+01
4.193707e+13,7.898693e+01
1.261400e+14,5.339117e+01
6.473624e+13,7.897584e+01
1.124934e+13,7.899844e+01
9.976688e+13,6.606331e+01
9.976688e+13,6.606331e+01
2.702411e+13,2.534429e+01
8.627003e+13,5.633399e+01
9.207354e+14,8.000000e+01
1.653942e+13,4.999786e+00
9.781018e+15,8.000000e+01
9.337283e+13,5.879635e+01
7.685114e+13,4.744547e+01
2.429933e+13,7.897861e+01
9.280345e+13,6.810527e+01
6.574517e+13,7.899476e+01
1.233020e+13,7.899650e+01
1.405949e+14,8.000000e+01
7.066210e+13,4.999857e+00
1.319188e+13,7.897304e+01
9.569327e+12,7.899844e+01
2.951445e+13,2.810694e+01
3.637488e+13,3.177045e+01
7.186745e+13,3.765609e+01
5.351316e+15,8.000000e+01
5.351316e+15,8.000000e+01
3.599701e+14,8.000000e+01
1.530566e+14,8.000000e+01
2.285987e+13,7.899242e+01
5.026466e+14,8.000000e+01
3.017270e+13,7.899271e+01
3.556472e+13,2.876757e+01
2.817330e+13,4.077908e+01
2.456823e+13,7.897977e+01
2.841130e+14,8.000000e+01
2.841130e+14,8.000000e+01
7.815797e+13,4.348167e+01
1.528608e+13,7.899808e+01
2.943411e+13,3.405263e+01
3.401194e+13,6.306028e+01
2.787488e+13,3.086958e+01
3.257479e+13,3.303166e+01
2.145751e+13,2.228135e+01
3.960787e+13,4.240063e+01
2.840296e+13,2.960837e+01
4.320674e+13,7.923170e+01
5.304402e+13,4.414230e+01
1.952842e+13,7.875590e+01
1.355996e+13,7.898054e+01
1.041930e+13,7.898217e+01
1.665244e+13,7.899655e+01
5.807539e+13,7.896511e+01
3.350509e+13,7.898535e+01
7.163738e+14,8.000000e+01
7.163738e+14,8.000000e+01
6.739259e+13,5.417191e+01
1.476714e+14,4.996789e+01
1.356897e+13,7.898172e+01
1.386827e+13,7.899797e+01
1.641231e+13,1.698184e+01
3.173822e+14,8.000000e+01
4.548127e+13,7.899528e+01
4.548127e+13,7.899387e+01
4.441706e+13,3.315177e+01
2.231849e+13,2.384285e+01
1.105839e+13,7.898684e+01
2.527176e+13,2.774659e+01
1.085889e+14,4.420236e+01
2.005121e+13,7.897975e+01
1.493238e+13,7.899743e+01
6.349561e+13,5.000177e+00
5.075330e+13,7.893662e+01
1.275125e+13,7.899817e+01
3.240904e+13,3.495350e+01
1.770302e+13,7.899475e+01
1.090781e+13,7.899357e+01
2.099317e+13,7.899683e+01
2.267238e+13,2.462360e+01
4.893892e+13,3.525378e+01
5.432711e+13,4.768570e+01
1.641467e+13,7.898644e+01
1.981400e+13,7.895111e+01
3.220764e+13,2.846728e+01
1.243959e+13,7.898530e+01
1.767539e+13,7.904821e+01
6.582107e+13,3.891730e+01
1.190004e+13,7.899655e+01
7.455790e+13,5.200984e+01
7.455790e+13,5.200984e+01
3.796513e+13,4.999634e+00
2.708602e+13,2.480377e+01
1.261309e+13,7.899754e+01
4.665847e+13,4.426242e+01
4.665847e+13,5.000187e+00
2.966356e+13,2.834717e+01
3.528771e+13,5.339117e+01
2.923082e+15,8.000000e+01
5.417802e+13,4.276098e+01
3.501647e+13,2.894774e+01
8.836935e+12,7.899713e+01
1.006267e+14,4.155983e+01
1.732589e+13,7.899612e+01
1.676723e+13,7.899541e+01
4.680565e+14,7.555240e+01
2.394551e+14,6.155899e+01
7.653576e+13,6.504233e+01
3.992461e+13,3.050924e+01
1.129831e+14,5.182967e+01
4.178359e+13,1.899960e+01
3.448255e+14,8.000000e+01
9.179829e+13,7.899882e+01
1.457970e+14,8.000000e+01
8.313543e+13,7.050757e+01
8.786490e+13,5.963715e+01
7.406971e+13,4.354173e+01
7.245213e+13,4.252075e+01
2.391154e+13,7.899830e+01
9.901601e+14,8.000000e+01
9.901601e+14,8.000000e+01
9.901601e+14,8.000000e+01
9.901601e+14,8.000000e+01
1.940585e+13,3.500000e+01
3.242762e+13,7.898081e+01
4.259039e+13,3.147016e+01
2.403092e+13,7.899795e+01
1.163591e+13,5.000000e+00
1.195762e+14,7.296993e+01
3.127473e+13,7.899207e+01
4.913092e+13,3.615465e+01
5.214459e+13,3.297160e+01
2.526786e+13,7.899695e+01
3.128761e+13,2.900780e+01
3.507890e+13,3.122993e+01
4.316871e+13,7.898680e+01
1.922983e+13,7.899657e+01
6.314306e+13,4.600409e+01
2.118534e+13,7.899161e+01
4.978839e+13,3.273137e+01
4.305384e+13,3.909747e+01
1.884184e+13,2.114026e+01
2.153311e+14,7.290987e+01
2.153311e+14,7.290987e+01
3.016423e+13,2.768653e+01
3.593226e+13,7.855133e+01
4.608276e+13,4.528340e+01
7.585684e+13,4.876673e+01
1.685675e+13,4.999535e+00
2.253463e+13,7.899178e+01
2.664406e+13,7.899730e+01
1.824927e+14,5.194979e+01
1.781403e+13,7.899226e+01
2.145901e+13,7.899556e+01
2.745479e+14,8.000000e+01
2.745479e+14,8.000000e+01
1.050728e+14,4.600409e+01
1.663168e+14,5.000052e+00
1.663168e+14,7.896614e+01
4.321852e+13,3.561413e+01
3.799991e+16,8.000000e+01
1.466370e+13,7.898925e+01
2.356756e+13,7.899685e+01
3.185450e+13,7.899237e+01
3.078668e+13,7.899263e+01
4.215989e+13,3.681528e+01
1.116210e+13,7.899307e+01
3.575515e+13,4.774576e+01
1.274755e+13,7.899639e+01
1.225464e+14,8.000000e+01
1.225464e+14,8.000000e+01
1.201928e+15,8.000000e+01
3.463486e+13,7.899278e+01
1.523002e+13,7.899423e+01
2.425936e+13,2.486383e+01
5.249721e+13,3.369229e+01
2.389204e+13,2.926245e+01
3.368597e+13,4.999637e+00
1.057385e+14,5.819577e+01
2.474205e+13,7.899133e+01
1.911655e+14,7.333027e+01
1.911655e+14,7.333027e+01
9.129541e+13,6.288026e+01
1.278710e+14,8.000000e+01
1.012123e+14,4.288109e+01
1.603052e+13,5.913690e+01
3.523225e+13,4.999576e+00
2.705941e+14,6.390124e+01
1.251448e+14,7.615298e+01
1.251448e+14,7.615298e+01
1.975857e+13,7.899689e+01
2.898074e+13,2.570463e+01
3.142345e+15,7.885557e+01
7.964705e+13,3.867707e+01
4.790820e+13,4.710445e+01
6.286978e+13,3.897735e+01
1.891544e+13,7.896862e+01
1.355056e+13,7.899713e+01
8.503564e+13,6.504233e+01
1.417013e+15,6.990699e+01
9.444568e+12,7.899885e+01
4.879345e+13,2.840722e+01
5.875851e+13,3.705551e+01
1.720762e+13,1.771698e+01
3.189172e+13,7.896643e+01
4.852893e+13,7.899518e+01
1.975148e+13,7.899476e+01
2.280293e+13,7.899580e+01
5.571333e+13,3.795637e+01
2.869519e+13,7.899766e+01
1.122786e+14,4.420236e+01
1.506977e+13,7.899360e+01
4.421060e+13,3.285148e+01
2.464609e+13,7.898453e+01
1.504482e+19,8.000000e+01
1.504482e+19,8.000000e+01
1.504482e+19,8.000000e+01
1.504482e+19,8.000000e+01
9.560711e+12,7.898442e+01
1.478355e+13,7.898086e+01
1.166276e+14,7.900000e+01
5.929012e+14,8.000000e+01
2.669811e+14,7.218918e+01
2.345662e+13,7.894363e+01
1.682393e+13,7.899035e+01
1.698444e+13,7.895660e+01
7.106478e+13,6.594320e+01
5.698030e+13,4.059891e+01
5.322196e+13,4.155983e+01
3.266773e+13,3.435292e+01
5.504309e+14,8.000000e+01
5.442287e+13,3.927764e+01
7.931487e+13,4.888685e+01
1.233215e+13,7.898665e+01
9.111955e+12,7.898236e+01
2.530722e+13,7.894971e+01
1.519591e+13,7.886644e+01
3.009970e+14,6.095842e+01
1.402475e+14,6.660383e+01
5.090598e+13,4.047879e+01
2.296753e+13,7.893999e+01
1.809977e+13,7.899363e+01
1.435749e+14,4.654461e+01
2.841225e+13,2.570463e+01
1.772333e+13,7.899622e+01
3.239779e+13,5.619470e+01
3.251424e+13,7.899758e+01
2.331425e+13,5.913530e+01
1.940972e+13,7.899605e+01
1.672251e+13,7.898504e+01
1.388671e+14,8.000000e+01
2.139675e+13,7.899663e+01
4.918875e+13,3.759603e+01
5.098267e+13,5.140927e+01
2.446832e+13,7.898963e+01
6.335259e+14,8.000000e+01
1.331979e+13,7.896950e+01
2.374454e+14,8.000000e+01
2.666067e+13,5.000003e+00
2.666067e+13,7.899442e+01
1.175231e+13,7.899395e+01
3.918811e+13,3.963799e+01
1.067341e+14,4.852650e+01
1.851570e+13,7.898420e+01
5.320817e+13,4.125954e+01
5.557223e+13,4.107937e+01
1.251906e+13,7.898302e+01
3.132393e+13,7.899889e+01
1.511433e+14,7.435125e+01
4.981558e+13,5.741502e+01
4.314713e+13,3.465321e+01
8.564423e+13,7.735413e+01
1.221281e+13,7.898509e+01
3.020540e+15,8.000000e+01
5.455744e+16,8.000000e+01
4.369643e+13,4.786587e+01
2.464065e+14,8.000000e+01
2.464065e+14,8.000000e+01
3.202030e+13,3.291154e+01
3.153293e+13,3.525378e+01
4.019534e+13,3.104976e+01
2.994764e+13,7.892052e+01
1.106846e+13,7.898214e+01
9.823570e+13,4.180006e+01
2.343025e+13,7.897988e+01
2.684530e+13,2.828711e+01
2.405445e+13,2.480377e+01
3.347392e+13,7.911988e+01
4.370582e+13,3.098970e+01
1.140516e+14,4.131960e+01
1.935850e+13,7.899820e+01
1.725086e+13,7.899779e+01
1.215099e+13,3.099758e+01
3.905837e+13,4.540351e+01
4.016406e+13,1.900000e+01
1.847039e+13,7.899881e+01
2.198316e+14,8.000000e+01
2.121612e+19,8.000000e+01
2.121612e+19,8.000000e+01
1.474626e+13,7.899322e+01
1.117779e+13,7.899157e+01
3.678770e+13,3.459315e+01
9.530494e+13,5.080869e+01
1.492584e+13,7.899757e+01
2.732326e+13,2.594486e+01
7.730752e+13,8.000000e+01
7.730752e+13,5.000001e+00
1.172073e+14,8.000000e+01
1.682788e+13,4.999414e+00
4.609109e+13,4.294115e+01
1.460373e+14,3.873987e+01
9.867432e+12,7.897376e+01
1.544886e+13,7.899801e+01
2.286434e+14,5.225007e+01
1.952129e+13,3.103142e+01
1.801164e+13,5.000086e+00
1.072915e+13,7.899611e+01
1.104499e+14,7.104809e+01
3.213323e+13,2.768653e+01
5.162411e+13,3.020895e+01
5.773237e+13,5.243025e+01
8.142142e+13,3.927764e+01
1.032592e+13,7.898538e+01
1.163506e+13,7.899605e+01
1.798424e+14,5.273053e+01
1.793976e+13,7.897708e+01
5.801919e+13,5.471243e+01
1.235109e+13,4.998989e+00
1.110549e+13,7.899445e+01
3.101784e+13,2.697150e+01
1.273744e+13,7.899830e+01
2.000920e+13,7.898434e+01
2.039823e+13,7.895950e+01
3.566171e+13,4.095925e+01
6.167582e+13,3.567419e+01
4.209007e+13,2.852734e+01
1.024252e+13,7.899695e+01
1.650516e+13,7.899837e+01
1.454142e+13,3.913017e+01
1.189883e+13,7.899671e+01
6.150155e+13,3.519373e+01
2.005231e+13,7.899652e+01
1.113364e+14,4.366184e+01
8.215088e+13,4.408225e+01
1.664778e+13,7.899808e+01
1.349825e+13,7.899738e+01
1.297951e+13,7.898817e+01
8.172869e+13,7.899013e+01
2.121241e+13,7.896636e+01
5.066483e+13,4.858656e+01
1.010760e+14,8.000000e+01
2.414261e+13,7.899776e+01
1.232013e+13,4.999712e+00
7.864302e+13,3.909747e+01
4.222559e+13,3.699545e+01
2.375411e+13,7.898944e+01
5.576238e+13,3.933770e+01
2.234020e+13,7.918443e+01
2.213703e+14,5.315094e+01
2.490280e+13,7.898530e+01
3.727599e+13,3.687534e+01
8.435406e+13,7.899522e+01
2.366463e+13,6.545705e+01
1.715307e+13,7.899329e+01
5.124138e+13,3.579430e+01
2.815636e+13,7.895146e+01
1.122054e+13,7.899837e+01
2.602338e+14,7.387079e+01
2.096370e+14,8.000000e+01
2.096370e+14,8.000000e+01
1.338444e+13,7.899578e+01
1.738144e+13,7.899282e+01
1.376248e+14,6.023773e+01
3.485335e+13,2.990866e+01
3.301322e+13,4.618426e+01
9.297313e+13,3.759603e+01
1.468107e+14,6.876590e+01
1.494189e+14,8.000000e+01
2.770816e+14,8.000000e+01
3.828327e+13,4.852650e+01
1.052118e+14,7.333027e+01
3.921289e+14,8.000000e+01
8.852028e+13,8.000000e+01
9.836623e+12,7.899857e+01
2.495962e+13,2.384285e+01
4.627964e+13,3.345206e+01
4.223711e+13,2.930809e+01
3.280235e+13,6.116223e+01
3.026798e+13,3.147016e+01
2.188786e+13,7.899761e+01
9.518790e+13,5.158944e+01
3.645846e+13,3.086958e+01
4.033102e+13,3.777620e+01
1.140693e+14,5.104892e+01
1.641348e+14,6.089836e+01
3.581261e+13,3.633482e+01
2.985378e+13,6.521619e+01
8.115012e+13,5.032823e+01
1.260489e+13,7.899685e+01
1.341011e+14,7.657338e+01
1.134640e+13,7.899559e+01
1.356335e+14,7.777453e+01
1.356335e+14,7.777453e+01
5.186187e+13,7.916572e+01
3.517976e+13,3.062935e+01
4.134653e+13,5.000010e+00
4.134653e+13,7.898412e+01
6.697213e+13,7.899714e+01
3.065441e+13,7.899679e+01
1.756939e+13,7.880039e+01
4.480955e+13,3.735580e+01
5.544288e+13,4.834633e+01
1.085652e+13,7.893320e+01
1.169438e+13,7.899713e+01
3.017400e+13,3.056930e+01
4.540325e+13,6.179922e+01
2.236631e+14,8.000000e+01
2.236631e+14,8.000000e+01
3.349909e+13,7.898692e+01
1.823419e+13,7.889315e+01
3.279173e+13,5.000248e+00
8.251065e+12,7.899065e+01
5.830419e+13,3.483338e+01
3.175473e+13,2.834717e+01
1.832621e+13,2.108020e+01
5.812170e+13,4.005839e+01
2.205027e+13,2.516412e+01
4.166028e+13,7.899833e+01
1.826338e+13,2.096009e+01
1.584063e+13,4.999812e+00
4.567478e+13,3.201068e+01
4.176337e+13,4.999023e+00
3.825236e+13,7.899053e+01
2.701095e+13,7.899732e+01
5.589223e+13,3.621471e+01
6.668586e+13,6.077825e+01
5.052375e+13,3.603453e+01
6.383372e+13,3.477332e+01
3.796316e+13,7.943949e+01
3.426770e+13,3.225091e+01
2.795562e+14,7.447137e+01
2.795562e+14,7.447137e+01
1.522666e+13,7.897860e+01
2.005475e+14,8.000000e+01
2.005475e+14,8.000000e+01
1.079703e+13,7.899881e+01
1.601006e+13,4.308947e+01
2.851650e+13,2.804688e+01
3.096988e+13,7.899815e+01
1.579727e+13,7.899789e+01
7.642620e+13,4.792593e+01
7.642620e+13,4.792593e+01
8.148334e+13,8.000000e+01
2.177047e+13,2.360262e+01
4.109249e+13,3.597448e+01
1.848158e+13,7.899381e+01
3.087733e+13,7.899628e+01
3.040139e+13,2.834717e+01
1.408863e+14,8.000000e+01
1.408863e+14,8.000000e+01
1.276186e+14,7.339033e+01
1.971400e+13,7.894393e+01
2.479263e+14,8.000000e+01
2.903236e+13,2.720607e+01
9.733843e+12,7.897080e+01
1.828449e+13,7.899488e+01
1.444244e+13,7.899187e+01
4.337572e+13,4.083914e+01
6.769980e+13,4.714518e+01
1.769573e+14,8.000000e+01
8.023580e+13,7.899594e+01
1.428231e+13,7.897495e+01
1.379565e+13,7.899455e+01
2.966312e+14,6.143888e+01
1.173007e+14,6.462193e+01
3.083309e+13,4.999344e+00
9.071755e+13,4.300121e+01
1.849552e+13,7.899763e+01
9.589389e+13,5.291071e+01
2.881339e+13,7.895897e+01
1.505160e+13,7.858676e+01
2.640065e+13,2.666555e+01
1.566771e+13,7.898714e+01
2.252358e+14,5.243025e+01
1.052918e+14,3.969804e+01
5.955843e+13,6.101848e+01
8.189191e+13,4.366184e+01
8.530021e+13,8.000000e+01
1.071558e+13,7.899753e+01
5.718129e+13,3.471327e+01
8.008153e+14,8.000000e+01
2.171888e+14,8.000000e+01
2.171888e+14,8.000000e+01
6.552692e+14,8.000000e+01
6.552692e+14,8.000000e+01
5.898470e+13,3.999833e+01
9.139345e+13,3.813655e+01
2.074257e+13,2.318222e+01
8.050422e+14,8.000000e+01
1.009378e+13,7.891670e+01
1.298446e+13,7.899754e+01
6.093393e+13,3.298783e+01
7.995421e+13,7.170872e+01
4.698661e+13,3.441298e+01
2.890423e+13,4.999917e+00
9.893092e+12,7.897832e+01
1.964771e+13,7.898445e+01
1.290671e+13,4.999872e+00
2.313177e+14,8.000000e+01
1.761763e+13,7.921416e+01
2.325781e+13,5.000641e+00
1.867186e+13,7.898554e+01
3.169807e+13,3.171039e+01
8.800671e+13,3.711557e+01
1.889862e+13,7.897615e+01
6.910357e+13,3.783626e+01
8.586142e+14,8.000000e+01
1.755166e+13,7.897700e+01
1.196123e+13,7.894382e+01
4.808354e+13,3.092964e+01
4.711040e+13,3.759603e+01
4.745542e+13,3.597448e+01
8.935502e+13,5.873629e+01
2.358054e+13,7.898259e+01
1.006878e+13,7.899685e+01
1.311808e+13,7.899712e+01
2.339961e+13,7.899516e+01
1.585658e+13,7.313148e+01
1.294512e+15,8.000000e+01
1.294512e+15,8.000000e+01
4.544476e+13,4.696501e+01
1.947385e+14,6.089836e+01
3.467087e+13,2.711729e+01
8.425212e+13,8.000000e+01
1.521741e+13,7.897676e+01
1.743155e+13,7.899451e+01
3.255183e+13,7.899444e+01
3.360422e+13,7.899801e+01
8.904642e+13,5.573341e+01
2.347157e+13,7.899434e+01
1.490048e+14,5.723485e+01
1.798346e+13,7.898586e+01
1.295634e+13,7.899558e+01
2.040781e+14,6.924636e+01
3.330226e+13,2.684573e+01
4.255404e+13,3.567419e+01
8.048796e+13,6.768486e+01
8.048796e+13,6.768486e+01
2.354848e+13,7.899361e+01
2.209330e+13,7.896456e+01
3.234718e+14,8.000000e+01
3.234718e+14,8.000000e+01
1.840109e+13,7.898296e+01
2.297978e+13,7.899616e+01
1.259641e+13,1.499917e+01
2.371837e+13,2.696584e+01
2.215541e+13,7.899512e+01
4.515307e+15,8.000000e+01
4.515307e+15,8.000000e+01
1.251420e+13,7.898474e+01
3.976776e+13,3.765609e+01
7.681471e+13,5.000038e+00
1.005302e+13,7.899723e+01
2.996653e+13,7.898667e+01
1.759356e+14,6.179922e+01
1.597493e+13,7.898963e+01
3.206677e+13,2.750636e+01
1.007409e+14,2.293144e+01
6.237408e+14,8.000000e+01
8.005315e+14,8.000000e+01
8.005315e+14,8.000000e+01
2.574661e+13,2.899329e+01
9.781947e+13,3.981816e+01
2.829582e+13,2.960837e+01
8.483668e+13,3.735580e+01
2.108611e+13,7.898094e+01
1.267224e+13,2.500000e+01
2.015657e+13,7.899015e+01
2.669196e+13,7.894939e+01
1.718359e+13,7.896723e+01
4.870794e+13,3.513367e+01
2.652417e+13,2.570463e+01
1.610306e+13,7.890162e+01
1.376710e+14,8.000000e+01
1.524165e+13,7.899630e+01
1.075558e+13,7.899859e+01
1.403192e+13,7.899858e+01
4.385425e+13,3.765609e+01
1.848094e+13,7.899401e+01
3.853535e+13,3.351212e+01
1.005373e+14,4.252075e+01
2.309918e+15,8.000000e+01
8.747463e+13,8.000000e+01
8.747463e+13,4.999993e+00
1.435498e+13,7.899849e+01
1.878051e+13,7.822113e+01
1.469122e+13,7.895085e+01
2.381137e+13,7.898824e+01
3.512050e+13,3.933770e+01
1.565382e+13,7.899831e+01
1.189868e+14,8.000000e+01
1.189868e+14,8.000000e+01
2.627495e+13,2.690578e+01
2.043092e+13,7.887397e+01
2.443563e+13,7.883873e+01
5.785742e+13,4.588397e+01
5.593763e+13,7.898486e+01
3.528485e+13,7.898211e+01
3.663230e+13,7.899426e+01
1.528618e+14,4.810610e+01
8.462958e+12,7.899462e+01
6.792439e+13,4.059891e+01
5.230483e+13,4.696501e+01
3.813654e+14,8.000000e+01
7.798757e+13,5.477249e+01
5.419501e+13,5.170955e+01
1.046610e+13,7.898785e+01
1.737800e+13,7.898680e+01
1.174733e+14,5.895290e+01
5.283026e+13,3.735580e+01
1.763742e+14,8.000000e+01
2.749458e+13,7.891070e+01
4.512854e+13,4.942737e+01
3.456554e+13,3.002878e+01
3.316788e+13,2.984860e+01
1.450080e+13,7.899704e+01
1.063110e+13,7.897705e+01
3.633025e+13,5.110898e+01
6.362034e+13,4.131960e+01
3.082126e+13,7.899823e+01
7.265120e+13,6.708429e+01
1.654237e+14,5.777537e+01
1.131339e+13,7.899742e+01
2.206758e+13,7.863750e+01
1.398591e+14,3.490315e+01
1.895257e+13,7.893109e+01
1.261646e+14,7.873545e+01
1.933080e+14,8.000000e+01
1.933080e+14,8.000000e+01
1.933080e+14,8.000000e+01
1.512013e+16,8.000000e+01
7.921895e+13,3.873712e+01
3.679905e+13,3.825666e+01
1.931506e+13,2.186095e+01
2.581025e+18,8.000000e+01
2.581025e+18,8.000000e+01
1.045177e+13,7.899720e+01
2.403520e+13,2.648538e+01
3.336854e+13,7.898364e+01
3.492193e+13,3.495350e+01
3.120670e+13,2.528423e+01
6.736526e+13,8.000000e+01
6.736526e+13,4.999999e+00
4.870258e+14,6.516245e+01
1.447435e+14,8.000000e+01
4.895904e+13,3.002878e+01
1.282242e+13,7.899673e+01
3.424152e+13,2.870751e+01
3.755185e+13,7.892728e+01
4.732135e+13,5.000000e+00
1.551882e+14,4.864662e+01
9.997783e+13,4.426242e+01
6.255330e+13,3.423281e+01
2.459498e+13,7.899826e+01
1.180225e+14,7.152855e+01
1.180225e+14,7.152855e+01
1.145718e+14,8.000000e+01
7.549886e+13,6.324061e+01
1.206707e+14,4.720524e+01
1.538601e+13,7.899538e+01
1.784069e+13,7.899806e+01
1.154460e+13,7.899156e+01
1.377802e+13,7.898937e+01
3.048643e+13,2.612504e+01
1.604034e+13,7.899851e+01
4.866102e+13,5.000013e+00
4.866102e+13,5.000229e+00
2.075994e+13,7.899565e+01
4.690273e+14,7.501189e+01
8.290481e+14,8.000000e+01
2.304829e+14,8.000000e+01
2.304829e+14,8.000000e+01
4.730280e+13,5.489261e+01
7.785423e+13,4.432248e+01
6.790609e+14,8.000000e+01
2.209516e+13,4.999746e+00
2.113095e+13,2.414314e+01
1.152030e+14,6.822538e+01
2.741333e+13,4.999460e+00
2.436419e+14,7.615298e+01
2.436419e+14,7.615298e+01
2.371472e+13,2.558452e+01
3.989757e+13,3.387246e+01
1.287418e+13,7.899647e+01
5.151100e+13,5.255036e+01
3.742348e+13,3.549402e+01
3.456870e+13,4.240063e+01
1.398037e+13,7.899540e+01
1.107190e+14,4.606414e+01
1.374466e+13,7.895029e+01
3.048775e+13,7.899750e+01
6.139432e+13,3.795637e+01
2.176168e+14,5.116904e+01
2.152549e+14,7.284981e+01
1.281635e+13,7.898018e+01
1.407891e+13,7.899718e+01
1.996013e+13,2.228135e+01
2.201455e+13,7.899203e+01
2.866019e+13,7.898905e+01
1.135467e+14,5.122909e+01
1.767094e+13,4.997897e+00
1.665037e+13,7.899529e+01
1.257055e+16,8.000000e+01
2.663092e+13,4.998994e+00
1.544648e+13,7.899257e+01
4.471801e+13,3.903741e+01
4.004671e+13,3.086958e+01
8.928433e+13,4.882679e+01
6.004239e+13,7.899672e+01
1.584799e+13,1.627560e+01
2.898502e+14,7.951620e+01
1.794284e+13,7.892277e+01
3.896893e+13,3.273137e+01
8.164774e+13,3.843684e+01
1.016122e+14,4.588397e+01
3.136623e+13,2.648538e+01
3.765155e+15,8.000000e+01
2.864501e+13,7.899362e+01
3.307999e+14,6.546273e+01
5.489913e+13,4.041873e+01
3.425678e+15,8.000000e+01
2.213119e+13,4.997395e+00
2.683287e+13,2.858740e+01
1.483037e+13,7.899753e+01
5.464533e+13,7.899516e+01
1.508639e+13,7.899544e+01
3.096859e+13,3.098970e+01
2.623577e+14,6.288026e+01
4.331957e+14,8.000000e+01
4.650422e+13,5.038829e+01
1.798305e+14,8.000000e+01
3.316067e+13,4.999604e+00
1.105613e+13,7.897354e+01
2.485684e+13,7.890419e+01
1.049840e+14,5.849606e+01
1.498024e+13,7.899425e+01
7.336516e+13,5.981732e+01
1.322545e+13,7.898967e+01
5.365286e+13,4.192017e+01
3.219128e+13,2.972849e+01
1.198038e+13,7.899440e+01
5.724066e+13,7.897740e+01
7.092362e+13,3.873712e+01
9.625288e+13,7.899993e+01
1.202655e+13,7.899830e+01
3.278969e+13,7.898176e+01
2.501991e+14,8.000000e+01
1.752858e+13,7.899583e+01
1.236777e+13,7.899723e+01
5.937609e+14,7.585269e+01
1.690560e+14,7.933603e+01
2.521036e+13,5.466878e+01
3.140763e+13,2.648538e+01
5.139533e+13,3.267131e+01
9.332043e+14,8.000000e+01
9.332043e+14,8.000000e+01
2.699072e+13,2.918797e+01
2.241299e+13,7.899599e+01
3.779266e+13,3.351212e+01
2.336455e+13,7.899801e+01
3.962475e+13,4.372190e+01
1.131015e+14,5.116904e+01
2.032672e+13,7.898838e+01
1.665606e+13,7.899763e+01
1.174152e+13,6.828151e+01
5.874484e+13,4.918714e+01
1.216131e+14,6.990699e+01
7.362163e+13,7.899452e+01
1.541648e+13,7.898131e+01
2.308429e+13,7.897760e+01
2.033834e+15,7.302999e+01
5.729835e+13,3.225091e+01
1.017515e+13,7.899812e+01
7.583067e+13,2.097860e+01
5.507725e+13,3.567419e+01
3.849931e+13,3.681528e+01
6.627004e+13,5.519289e+01
6.627004e+13,5.519289e+01
5.354135e+13,7.899784e+01
3.319584e+13,2.768653e+01
1.469023e+13,7.899756e+01
2.963536e+13,2.510650e+01
3.229542e+14,8.000000e+01
1.803511e+13,7.899280e+01
3.232158e+13,3.080953e+01
8.646686e+14,8.000000e+01
8.646686e+14,8.000000e+01
9.203174e+13,4.408225e+01
5.364647e+13,4.594403e+01
8.227696e+13,8.000000e+01
3.197072e+13,7.897873e+01
6.481364e+13,5.399174e+01
2.442710e+14,5.531301e+01
1.490851e+13,7.899453e+01
5.136927e+13,3.777620e+01
1.869992e+14,8.000000e+01
5.931561e+14,8.000000e+01
5.931561e+14,8.000000e+01
5.931561e+14,8.000000e+01
5.931561e+14,8.000000e+01
6.421810e+13,3.831672e+01
2.447049e+14,8.000000e+01
1.648969e+14,6.858573e+01
1.322083e+13,6.507391e+01
9.727215e+12,7.898819e+01
9.774874e+12,7.899638e+01
1.428976e+13,7.908618e+01
1.664696e+14,6.720440e+01
1.199500e+13,7.899245e+01
6.926810e+13,4.618426e+01
1.325058e+13,7.899719e+01
6.297519e+13,5.975727e+01
3.505579e+13,3.008884e+01
7.287530e+13,6.360095e+01
6.832033e+14,8.000000e+01
1.723449e+13,7.897410e+01
1.205224e+13,7.897630e+01
2.231112e+13,7.899306e+01
1.411471e+13,7.899814e+01
2.037005e+14,8.000000e+01
2.642416e+14,8.000000e+01
1.476999e+13,7.899812e+01
1.486884e+13,7.899339e+01
4.223838e+13,7.899623e+01
3.042334e+13,2.660550e+01
4.579708e+14,7.669350e+01
2.474380e+13,2.792676e+01
1.032053e+15,8.000000e+01
1.032053e+15,8.000000e+01
3.663052e+13,7.855328e+01
2.281218e+13,7.897689e+01
1.076962e+14,8.000000e+01
1.076962e+14,8.000000e+01
3.457524e+13,7.935643e+01
3.894444e+13,3.068941e+01
9.883110e+13,3.861701e+01
2.335050e+13,7.899444e+01
7.064373e+13,6.239980e+01
2.403605e+13,7.896148e+01
1.010511e+14,5.783543e+01
1.615000e+14,8.000000e+01
1.377500e+13,7.899754e+01
4.698012e+13,4.999976e+00
5.451770e+13,3.579430e+01
9.617360e+14,8.000000e+01
9.617360e+14,8.000000e+01
6.816962e+13,4.270092e+01
1.942477e+13,7.894598e+01
8.567930e+13,4.498311e+01
1.165476e+15,6.312049e+01
2.611194e+13,4.298784e+01
1.857088e+13,1.999917e+01
2.988140e+13,2.888768e+01
1.707962e+13,7.894326e+01
4.941577e+13,3.789632e+01
9.719482e+13,7.885557e+01
9.719482e+13,7.885557e+01
1.333145e+14,5.315094e+01
3.951482e+13,4.113943e+01
3.951482e+13,7.899442e+01
1.386443e+14,8.000000e+01
1.463893e+14,6.089836e+01
1.004416e+13,7.899879e+01
1.894617e+13,1.783709e+01
2.401194e+13,7.899612e+01
7.467640e+13,5.327105e+01
1.857639e+13,7.898720e+01
5.611801e+13,4.540351e+01
5.611801e+13,4.540351e+01
3.566952e+13,3.171039e+01
3.654092e+13,4.999882e+00
8.383833e+13,4.354173e+01
1.809876e+14,5.122909e+01
2.194597e+13,2.264170e+01
3.747918e+13,7.899399e+01
1.057366e+13,7.899199e+01
8.033451e+13,3.759603e+01
4.084280e+13,7.897434e+01
5.551505e+13,6.978688e+01
5.551505e+13,7.899959e+01
1.291451e+13,7.896498e+01
9.482601e+12,5.704202e+01
1.749546e+13,4.999871e+00
3.918471e+13,2.948826e+01
1.150746e+13,7.899075e+01
2.073675e+13,7.899680e+01
7.179052e+13,4.960754e+01
4.049804e+13,4.294115e+01
3.561712e+13,7.899704e+01
2.508868e+13,7.897838e+01
3.978559e+14,8.000000e+01
9.119026e+13,4.099151e+01
1.273880e+14,7.897568e+01
2.977418e+13,7.899718e+01
9.701258e+13,7.899331e+01
9.701258e+13,8.000000e+01
5.205002e+13,4.999917e+00
1.960344e+13,7.899385e+01
1.778538e+13,7.899558e+01
7.402527e+13,4.999731e+00
1.161743e+14,5.483255e+01
4.278258e+13,3.110981e+01
4.563856e+13,4.999114e+00
1.521012e+13,7.899766e+01
1.680356e+13,6.815223e+01
1.349121e+13,7.899045e+01
1.020596e+14,7.266964e+01
4.256495e+13,3.765609e+01
6.336472e+13,5.339117e+01
7.899713e+13,8.000000e+01
1.072556e+13,7.899845e+01
8.240317e+13,4.420236e+01
3.214735e+13,2.798682e+01
1.529740e+13,7.899623e+01
8.543447e+13,2.902649e+01
1.064200e+13,7.899774e+01
1.431438e+14,6.798515e+01
2.762567e+13,7.899070e+01
3.384282e+13,3.801643e+01
4.362086e+13,7.899787e+01
1.329093e+14,7.933603e+01
1.956781e+13,7.897730e+01
1.538117e+14,6.738458e+01
3.961301e+13,3.753597e+01
1.624538e+13,7.899645e+01
3.081268e+13,2.912791e+01
1.145696e+13,7.899852e+01
1.549190e+14,6.113859e+01
1.292688e+14,7.224924e+01
1.292688e+14,7.224924e+01
7.843274e+14,8.000000e+01
1.989298e+13,7.898091e+01
2.312568e+13,7.899827e+01
2.960018e+13,7.899849e+01
2.960018e+13,7.899900e+01
6.165213e+13,3.993827e+01
1.631695e+13,7.899501e+01
1.911597e+13,7.899440e+01
8.102690e+13,8.000000e+01
8.102690e+13,5.000013e+00
1.738341e+14,6.017767e+01
1.256398e+13,7.899795e+01
2.998866e+13,7.898661e+01
1.773859e+14,6.071819e+01
1.689306e+13,7.899074e+01
1.781481e+14,8.000000e+01
1.781481e+14,8.000000e+01
2.242562e+14,7.759436e+01
6.790035e+13,5.711473e+01
6.171382e+13,4.438253e+01
2.518309e+13,4.999379e+00
4.500528e+13,6.099409e+01
6.184608e+13,7.122826e+01
6.184608e+13,5.000006e+00
1.783938e+14,8.000000e+01
1.783938e+14,8.000000e+01
2.289128e+13,7.897882e+01
3.271650e+13,3.297801e+01
4.897207e+13,4.834633e+01
2.037171e+13,2.282187e+01
1.386528e+14,7.339033e+01
2.907888e+13,7.899031e+01
5.692948e+13,3.639488e+01
3.957101e+13,3.441298e+01
2.899579e+13,7.899538e+01
2.229168e+13,7.899838e+01
1.528549e+14,5.267048e+01
7.647170e+13,3.747591e+01
1.608658e+14,5.621387e+01
5.931371e+14,8.000000e+01
5.931371e+14,8.000000e+01
1.024283e+14,8.000000e+01
1.477989e+13,7.899432e+01
1.775569e+13,7.899462e+01
3.675144e+13,3.933770e+01
5.546732e+13,2.300000e+01
1.587141e+13,7.899639e+01
4.067258e+14,8.000000e+01
1.126425e+13,7.899793e+01
4.756944e+13,5.496796e+01
2.909459e+13,2.972849e+01
2.057855e+13,7.899790e+01
1.880962e+14,8.000000e+01
1.199635e+13,7.899233e+01
4.512280e+13,3.345206e+01
9.941622e+13,6.498227e+01
7.883278e+13,5.441214e+01
2.133321e+13,7.899395e+01
5.181322e+13,3.807649e+01
4.349326e+13,4.167994e+01
1.774314e+15,8.000000e+01
3.297748e+13,2.978855e+01
4.046410e+14,7.783459e+01
5.054620e+13,3.261125e+01
9.663930e+14,8.000000e+01
5.067390e+13,5.921675e+01
2.830925e+14,7.893197e+01
6.991587e+13,3.573425e+01
2.342522e+13,7.899650e+01
4.320309e+14,6.582308e+01
3.629448e+14,8.000000e+01
3.629448e+14,8.000000e+01
1.812058e+13,7.899196e+01
1.009388e+14,8.000000e+01
1.009388e+14,8.000000e+01
9.145871e+13,4.492305e+01
1.120875e+13,6.286280e+01
1.382295e+13,7.889712e+01
9.184988e+12,7.899712e+01
1.003962e+13,7.904001e+01
6.272241e+13,3.537390e+01
4.632723e+13,3.459315e+01
3.007621e+13,5.100000e+01
1.024017e+15,7.008717e+01
6.386920e+13,7.899060e+01
2.137075e+13,2.228135e+01
3.093328e+14,8.000000e+01
3.034883e+14,8.000000e+01
1.727002e+14,7.573258e+01
5.782916e+13,3.969804e+01
3.512090e+13,3.225091e+01
1.302411e+13,4.999736e+00
1.006018e+14,6.696417e+01
1.106188e+13,4.999743e+00
5.462879e+13,4.348167e+01
1.257167e+13,7.898047e+01
7.118037e+13,4.852650e+01
1.765102e+13,7.899415e+01
1.314742e+14,3.999833e+01
2.781914e+13,2.792676e+01
6.953741e+13,3.783626e+01
1.422584e+13,7.899552e+01
1.733927e+13,7.899176e+01
8.141914e+13,6.618343e+01
2.699181e+14,8.000000e+01
1.972503e+14,8.000000e+01
1.972503e+14,8.000000e+01
1.590050e+13,7.896236e+01
1.682370e+13,7.899651e+01
3.414808e+13,3.495350e+01
1.014870e+14,5.357134e+01
4.285172e+13,3.891730e+01
1.683003e+13,7.897685e+01
1.381491e+14,5.000016e+00
1.381491e+14,8.000000e+01
2.987940e+13,2.624515e+01
4.355785e+13,4.564374e+01
2.988718e+13,3.153022e+01
1.742653e+13,7.897917e+01
1.988534e+13,7.899604e+01
2.572938e+13,2.372273e+01
2.301754e+13,7.897841e+01
1.036673e+14,8.000000e+01
1.952790e+14,6.990699e+01
6.348201e+13,5.062852e+01
1.372755e+13,7.898845e+01
3.738542e+13,7.899881e+01
3.738542e+13,7.899484e+01
8.074791e+12,7.899002e+01
1.453005e+13,7.899817e+01
2.096526e+13,7.899702e+01
6.118303e+13,7.896523e+01
3.094709e+14,8.000000e+01
1.727861e+13,7.899185e+01
4.586556e+13,2.297335e+01
2.501066e+13,5.899053e+01
1.371254e+14,8.000000e+01
1.286610e+13,7.897648e+01
2.205352e+13,4.999858e+00
1.686432e+13,7.899668e+01
1.535668e+14,5.289635e+01
5.053899e+13,5.435209e+01
7.656084e+14,8.000000e+01
1.517947e+13,7.888207e+01
8.386755e+13,6.768486e+01
1.184724e+13,7.899667e+01
1.650962e+14,8.000000e+01
2.835353e+13,7.899703e+01
4.471384e+15,8.000000e+01
4.471384e+15,8.000000e+01
3.469031e+14,6.942653e+01
5.872236e+13,5.000057e+00
5.872236e+13,7.897147e+01
1.904422e+13,2.035951e+01
9.611880e+13,5.549318e+01
5.654197e+13,3.537390e+01
2.573096e+14,8.000000e+01
1.334590e+14,5.243025e+01
1.077344e+14,6.858573e+01
1.143090e+13,7.899862e+01
4.148678e+13,4.444259e+01
1.518505e+13,7.899783e+01
3.590365e+14,6.954665e+01
1.652639e+14,6.251991e+01
1.186628e+14,5.759520e+01
1.186628e+14,5.759520e+01
7.709380e+13,7.899846e+01
7.709380e+13,7.044751e+01
4.411874e+13,3.471327e+01
8.903467e+13,4.083914e+01
1.147157e+13,7.899310e+01
4.396402e+13,4.360178e+01
5.080552e+13,4.131960e+01
2.408732e+13,2.564458e+01
3.119855e+14,6.462193e+01
3.354077e+13,2.720607e+01
1.624989e+14,8.000000e+01
1.482481e+14,5.597364e+01
3.462771e+13,2.774659e+01
1.194902e+13,7.896225e+01
4.104257e+13,3.387246e+01
2.534962e+13,3.675522e+01
4.108978e+14,8.000000e+01
1.334703e+13,7.899789e+01
1.762936e+13,7.897445e+01
5.065851e+14,8.000000e+01
2.845776e+13,7.899282e+01
8.215801e+13,4.276098e+01
6.648172e+13,5.705468e+01
5.919771e+13,7.896750e+01
3.018140e+13,2.732619e+01
1.634819e+13,7.899837e+01
8.250998e+13,5.765525e+01
2.298709e+13,2.372273e+01
1.556948e+13,7.899597e+01
1.953847e+13,5.516225e+01
2.811026e+13,2.978855e+01
1.712674e+13,7.895875e+01
2.263432e+13,7.899552e+01
1.653512e+14,4.936731e+01
3.294517e+13,7.899521e+01
1.794271e+14,6.708429e+01
3.867660e+13,3.387246e+01
1.100989e+13,7.899871e+01
1.755636e+13,7.895397e+01
1.877115e+13,7.897937e+01
1.325061e+13,7.898432e+01
1.825666e+13,7.899533e+01
9.849562e+12,7.899791e+01
2.646663e+14,6.528256e+01
3.570843e+13,3.291154e+01
1.121813e+14,6.462193e+01
2.242053e+13,7.077756e+01
2.580131e+14,6.083830e+01
2.102848e+13,2.444342e+01
4.575684e+13,4.936731e+01
1.142211e+13,5.000000e+00
1.690492e+14,5.369145e+01
1.877572e+14,6.300038e+01
5.170005e+13,3.795637e+01
2.981226e+13,2.714601e+01
9.351659e+13,5.981732e+01
1.716533e+13,7.899091e+01
1.459482e+15,8.000000e+01
3.502280e+13,4.041873e+01
9.641022e+12,7.899655e+01
6.737495e+13,4.954748e+01
5.799407e+14,8.000000e+01
5.799407e+14,8.000000e+01
1.890070e+13,7.887176e+01
5.403170e+13,4.174000e+01
1.066630e+13,7.899819e+01
1.223248e+14,4.282104e+01
1.986485e+13,7.898681e+01
3.611884e+13,2.960837e+01
1.422694e+14,5.699462e+01
3.657622e+13,2.948826e+01
2.057596e+13,7.899399e+01
7.766668e+14,6.528256e+01
1.327918e+14,8.000000e+01
1.327918e+14,8.000000e+01
3.555157e+13,3.471327e+01
5.393293e+13,4.330150e+01
3.139711e+13,4.999956e+00
1.026459e+13,7.899092e+01
7.789857e+13,3.987822e+01
1.370797e+14,4.720524e+01
1.093639e+13,7.899606e+01
2.180107e+13,7.899390e+01
3.114326e+13,2.726613e+01
2.783663e+13,7.899555e+01
2.081445e+13,7.899351e+01
1.984277e+14,6.432164e+01
9.599453e+13,4.137966e+01
5.082657e+13,4.516328e+01
3.521725e+14,6.282020e+01
3.773866e+13,3.321183e+01
1.483219e+13,5.686666e+01
1.075573e+13,7.899219e+01
1.117531e+14,5.969721e+01
1.117531e+14,5.969721e+01
2.350153e+13,2.360262e+01
2.261807e+14,7.969638e+01
2.753043e+14,5.152938e+01
2.934372e+14,6.612337e+01
1.110346e+13,7.904459e+01
6.227431e+13,3.825666e+01
1.067917e+14,3.795637e+01
8.181211e+13,4.306127e+01
2.544812e+14,7.038745e+01
5.826352e+13,3.861701e+01
2.334459e+13,7.899186e+01
1.730577e+13,1.981899e+01
1.122003e+14,7.447137e+01
2.523885e+13,5.771434e+01
2.211597e+13,7.899378e+01
7.010699e+13,4.161989e+01
1.034224e+13,7.897346e+01
1.678728e+13,7.899139e+01
3.477831e+13,7.899224e+01
1.757454e+14,5.639404e+01
1.943451e+13,7.889124e+01
1.278373e+13,7.899374e+01
1.730042e+13,7.898606e+01
3.190145e+14,8.000000e+01
1.408760e+14,4.906702e+01
1.614936e+14,5.032823e+01
3.370726e+13,3.697516e+01
5.949860e+14,8.000000e+01
7.152504e+14,8.000000e+01
8.839598e+14,8.000000e+01
1.111440e+13,7.898149e+01
3.640242e+15,8.000000e+01
4.952339e+16,8.000000e+01
2.354888e+13,7.898493e+01
5.127562e+14,8.000000e+01
5.883134e+14,7.885557e+01
1.071793e+13,7.898868e+01
1.782742e+14,5.441214e+01
5.248033e+13,4.870668e+01
1.125731e+13,7.896858e+01
2.954044e+13,7.899728e+01
1.573658e+14,6.083830e+01
5.438507e+14,8.000000e+01
3.199824e+14,7.387079e+01
3.199824e+14,7.387079e+01
9.473814e+12,7.899061e+01
5.685186e+13,4.612420e+01
1.915328e+13,7.899168e+01
4.305453e+13,7.899576e+01
4.305453e+13,5.000001e+00
1.861980e+14,8.000000e+01
8.875470e+13,5.549318e+01
5.208309e+13,7.899771e+01
5.088189e+13,4.101931e+01
2.671951e+14,6.888602e+01
1.943753e+13,1.609542e+01
5.488736e+14,8.000000e+01
5.488736e+14,8.000000e+01
7.005374e+13,5.699462e+01
3.803997e+13,3.008884e+01
1.392887e+13,7.899193e+01
1.892100e+13,7.897142e+01
2.448723e+13,2.564458e+01
1.361847e+14,5.122909e+01
2.298623e+13,7.885057e+01
1.338866e+13,7.897571e+01
1.128795e+14,5.813571e+01
4.810887e+13,3.483338e+01
2.304261e+13,4.999923e+00
7.227817e+13,4.137966e+01
2.718494e+13,3.141010e+01
4.187683e+13,4.600409e+01
1.130189e+13,7.899740e+01
5.084329e+13,3.339200e+01
3.383700e+13,3.435292e+01
3.011918e+13,3.537390e+01
2.049019e+13,7.923766e+01
1.589647e+13,7.753288e+01
1.776945e+13,7.899621e+01
2.431247e+13,4.929824e+01
1.087105e+14,8.000000e+01
7.814832e+16,8.000000e+01
2.336569e+13,2.330233e+01
1.834679e+13,7.899446e+01
4.103403e+13,3.591442e+01
2.649990e+13,4.499472e+01
5.091443e+13,3.783626e+01
1.525082e+13,7.898187e+01
2.848601e+13,3.068941e+01
1.130914e+13,7.899816e+01
6.617541e+13,3.855695e+01
3.684913e+14,6.528256e+01
2.051286e+13,7.899111e+01
2.054763e+13,5.494814e+01
2.986864e+14,6.630354e+01
1.021060e+13,7.895456e+01
3.555327e+13,5.000059e+00
3.555327e+13,7.894184e+01
2.769940e+14,8.000000e+01
2.776428e+13,7.879822e+01
1.037184e+14,7.789465e+01
1.037184e+14,7.789465e+01
5.533118e+13,4.960754e+01
4.830300e+13,4.041873e+01
1.125842e+13,5.105491e+01
1.397362e+13,7.899482e+01
5.886511e+13,4.360178e+01
3.782517e+14,8.000000e+01
2.937665e+13,3.699767e+01
2.448013e+13,7.889060e+01
1.402789e+14,8.000000e+01
2.836894e+13,2.942820e+01
1.415878e+13,7.899197e+01
1.483439e+13,7.898027e+01
1.674506e+13,7.898267e+01
8.698765e+13,6.636360e+01
1.573574e+13,7.897856e+01
5.138680e+13,7.899326e+01
3.182673e+13,3.219085e+01
1.617117e+13,7.897527e+01
2.487253e+13,7.899193e+01
8.139694e+13,4.663833e+01
1.900999e+14,7.639321e+01
2.571826e+13,2.522417e+01
7.584136e+13,3.086958e+01
1.953910e+13,2.198107e+01
3.291564e+13,3.225091e+01
2.572026e+14,7.441131e+01
2.572026e+14,7.441131e+01
1.114039e+14,5.699462e+01
1.143630e+13,7.899820e+01
6.305772e+13,3.981816e+01
7.610170e+13,5.561330e+01
7.142025e+13,4.630437e+01
1.955868e+13,7.899503e+01
5.369999e+13,7.899517e+01
4.787822e+13,3.921758e+01
2.688612e+13,2.564458e+01
4.114166e+13,7.898111e+01
8.248886e+14,8.000000e+01
2.164889e+13,7.899752e+01
1.772310e+13,7.838430e+01
3.728865e+13,3.573425e+01
4.750783e+13,3.357217e+01
7.885379e+13,4.216040e+01
3.394675e+13,2.726613e+01
6.832946e+13,4.744547e+01
1.132050e+13,7.897117e+01
5.245865e+13,4.041873e+01
3.292811e+13,3.543396e+01
6.325799e+13,4.444259e+01
8.058320e+13,6.047796e+01
7.055850e+13,4.558368e+01
5.166077e+13,6.498360e+01
2.931910e+13,3.255119e+01
1.761267e+14,6.786504e+01
1.042763e+14,6.474204e+01
1.925883e+13,7.899794e+01
1.638979e+13,7.897678e+01
5.950567e+13,6.083830e+01
1.329629e+13,7.899774e+01
1.560404e+13,7.899159e+01
1.625470e+13,7.899695e+01
1.346032e+13,7.899647e+01
1.420182e+13,7.898903e+01
2.644994e+13,7.899733e+01
6.198601e+13,8.000000e+01
1.008292e+13,4.999755e+00
2.791429e+18,8.000000e+01
2.791429e+18,8.000000e+01
2.791429e+18,8.000000e+01
5.885612e+13,7.900004e+01
5.885612e+13,7.899609e+01
1.430063e+13,7.899330e+01
2.247368e+13,7.899178e+01
3.529904e+13,5.000157e+00
1.678039e+13,7.896742e+01
2.880134e+13,7.899228e+01
3.146840e+14,8.000000e+01
1.818155e+14,8.000000e+01
5.241727e+13,3.699545e+01
2.547545e+14,8.000000e+01
7.954852e+14,8.000000e+01
1.365952e+13,7.899731e+01
2.116906e+13,2.624515e+01
2.334171e+13,6.791058e+01
6.900784e+13,4.498311e+01
1.638850e+14,4.696501e+01
5.909155e+14,5.705468e+01
2.892273e+13,2.924803e+01
2.696115e+14,8.000000e+01
2.574729e+13,2.810694e+01
5.996731e+13,3.411269e+01
1.526026e+13,7.897129e+01
4.750976e+13,3.963799e+01
5.495587e+13,4.420236e+01
3.572546e+14,8.000000e+01
2.054289e+13,7.899616e+01
1.202802e+13,6.481045e+01
3.611198e+13,3.465321e+01
3.511961e+13,7.937660e+01
1.543517e+14,8.000000e+01
4.277259e+13,3.086958e+01
6.304669e+13,5.483255e+01
6.304669e+13,5.483255e+01
3.644440e+13,4.999997e+00
3.644440e+13,7.899483e+01
5.321102e+13,5.261042e+01
5.442238e+14,5.561330e+01
3.374373e+13,4.999855e+00
2.545518e+13,2.654544e+01
1.220047e+14,8.000000e+01
2.408358e+14,8.000000e+01
2.408358e+14,8.000000e+01
3.041499e+13,3.110981e+01
1.016107e+14,4.999811e+00
7.368880e+13,5.927681e+01
1.031855e+13,7.899167e+01
3.766009e+13,4.131960e+01
9.859903e+12,5.000064e+00
6.215460e+13,7.899229e+01
6.215460e+13,6.996705e+01
1.460437e+14,4.714518e+01
1.034722e+14,8.000000e+01
1.875022e+13,7.899771e+01
4.714533e+14,8.000000e+01
1.073139e+13,7.899694e+01
3.985948e+13,3.441298e+01
3.056185e+16,8.000000e+01
6.126236e+13,3.699545e+01
3.083134e+13,3.741586e+01
9.796537e+13,5.717479e+01
2.212718e+13,2.498394e+01
1.489428e+13,7.898911e+01
1.735414e+14,5.291071e+01
5.105831e+13,4.408225e+01
1.728347e+13,7.896540e+01
6.745525e+13,5.000007e+00
6.745525e+13,4.999993e+00
1.116927e+13,7.899601e+01
1.754483e+13,7.899639e+01
3.362816e+13,3.699545e+01
1.613534e+14,6.161905e+01
1.610066e+13,7.899614e+01
8.109719e+13,4.972766e+01
4.546776e+13,4.390207e+01
5.346962e+13,7.899412e+01
1.332039e+14,5.633399e+01
1.188656e+13,7.898997e+01
3.163263e+13,3.369229e+01
1.512378e+13,7.899746e+01
5.482001e+13,7.899631e+01
5.482001e+13,5.712208e+01
2.132952e+13,2.336239e+01
2.437305e+13,7.742500e+01
1.518935e+14,7.140843e+01
4.184850e+13,3.789632e+01
1.456167e+13,4.999830e+00
3.895120e+13,5.140690e+01
1.848042e+14,5.405180e+01
7.829265e+13,4.258081e+01
1.431723e+13,7.896116e+01
6.535668e+13,5.903658e+01
2.343800e+13,2.528423e+01
2.256967e+13,4.999102e+00
5.949833e+13,4.228052e+01
5.116822e+13,4.240063e+01
4.052474e+13,3.993827e+01
9.100039e+13,5.609376e+01
1.126857e+13,7.894949e+01
7.230780e+13,3.987822e+01
2.305060e+13,7.899476e+01
2.176462e+13,4.999893e+00
2.191291e+13,7.896863e+01
7.519810e+13,7.899868e+01
7.519810e+13,7.898722e+01
6.935652e+13,4.468282e+01
2.376740e+13,7.884330e+01
2.247297e+14,8.000000e+01
2.247297e+14,8.000000e+01
6.736549e+13,7.146849e+01
6.736549e+13,5.000000e+00
2.944451e+13,3.405263e+01
7.931344e+13,7.899623e+01
4.480521e+13,4.612420e+01
1.589315e+13,7.899551e+01
1.423840e+13,7.899864e+01
3.278602e+13,2.918797e+01
1.708021e+13,4.999616e+00
2.780565e+13,7.895344e+01
2.374243e+13,7.898508e+01
1.213803e+13,7.898214e+01
1.327394e+14,7.345039e+01
1.929024e+13,7.899688e+01
5.772787e+13,3.987822e+01
3.020506e+13,2.918797e+01
4.756936e+14,8.000000e+01
5.188160e+13,3.591442e+01
1.471780e+13,7.898875e+01
2.874139e+13,2.456354e+01
2.457295e+13,2.636527e+01
6.939165e+14,8.000000e+01
1.176904e+14,8.000000e+01
1.176904e+14,8.000000e+01
2.002398e+14,7.315010e+01
9.610885e+13,4.300121e+01
2.410011e+13,7.899840e+01
7.201152e+13,4.882679e+01
1.028415e+14,6.702423e+01
4.785130e+13,3.633482e+01
1.260556e+14,6.504233e+01
2.545752e+13,7.899903e+01
3.621661e+13,3.465321e+01
2.657733e+13,2.786671e+01
1.513063e+17,8.000000e+01
2.892959e+13,3.297160e+01
2.394886e+13,7.899047e+01
3.317966e+13,3.056930e+01
2.483603e+13,7.898750e+01
1.257094e+13,7.457209e+01
4.987442e+13,3.609459e+01
1.026729e+13,7.899548e+01
2.644562e+13,4.999621e+00
9.043665e+12,7.899686e+01
2.371846e+13,2.432331e+01
1.157096e+13,7.899711e+01
4.198633e+13,2.462360e+01
5.018408e+13,4.011845e+01
1.512526e+14,2.227702e+01
3.192012e+13,7.833227e+01
8.454826e+13,5.104892e+01
2.160758e+13,2.228135e+01
1.090648e+13,7.899473e+01
2.537521e+13,7.896449e+01
6.097418e+13,4.528340e+01
1.785140e+13,7.894959e+01
1.326871e+13,7.899716e+01
2.011313e+13,7.899484e+01
1.625141e+13,7.899675e+01
2.596232e+13,2.774659e+01
8.587428e+14,8.000000e+01
8.587428e+14,8.000000e+01
2.315888e+14,8.000000e+01
2.604286e+14,8.000000e+01
3.994331e+13,3.327189e+01
3.962583e+13,2.990866e+01
1.393398e+14,6.978688e+01
2.397765e+13,2.564458e+01
2.588628e+13,2.732619e+01
5.268418e+13,3.405263e+01
1.369756e+13,5.492148e+01
1.171092e+14,5.777537e+01
1.510534e+13,7.899285e+01
1.201671e+14,5.945698e+01
5.640836e+13,3.555407e+01
7.069234e+13,4.528340e+01
7.571819e+13,6.684406e+01
2.150391e+13,7.897846e+01
4.707131e+13,5.597364e+01
4.707131e+13,5.597364e+01
1.183045e+14,7.899487e+01
1.183045e+14,8.000000e+01
9.128866e+13,5.783543e+01
7.210973e+14,8.000000e+01
1.963478e+14,8.000000e+01
3.513277e+14,6.624348e+01
2.212013e+13,7.899303e+01
4.460159e+13,7.899074e+01
8.090790e+13,3.711557e+01
4.738208e+13,3.963799e+01
7.686863e+16,8.000000e+01
2.283971e+13,7.874119e+01
2.103333e+13,3.100000e+01
4.686193e+14,3.683842e+01
1.383499e+13,7.899331e+01
3.629939e+14,8.000000e+01
3.629939e+14,8.000000e+01
2.777934e+13,2.786671e+01
7.323559e+13,4.744547e+01
6.738268e+13,6.414147e+01
6.390534e+13,4.906702e+01
2.472666e+13,4.100177e+01
2.017776e+13,7.892045e+01
7.125644e+13,6.155899e+01
1.602989e+13,7.899635e+01
3.715080e+13,7.897277e+01
5.843049e+14,8.000000e+01
5.843049e+14,8.000000e+01
8.780602e+13,3.999833e+01
5.721934e+14,8.000000e+01
1.004455e+14,8.000000e+01
2.028162e+13,1.681612e+01
7.010094e+13,7.896520e+01
4.280096e+13,3.663511e+01
8.642099e+13,4.174000e+01
2.588584e+13,7.897467e+01
2.817739e+13,3.207073e+01
2.427919e+14,8.000000e+01
5.757944e+13,5.549318e+01
1.035772e+14,3.993827e+01
2.986697e+13,7.899648e+01
1.483883e+14,5.441214e+01
1.097356e+13,7.899540e+01
3.022989e+13,2.894774e+01
4.908328e+13,2.492389e+01
9.608891e+12,7.899617e+01
7.943293e+13,5.032823e+01
2.259664e+13,7.899590e+01
1.402675e+13,7.898864e+01
2.321987e+13,6.973198e+01
1.145771e+14,4.684489e+01
4.806129e+13,3.669517e+01
4.761133e+13,3.903741e+01
5.480995e+13,7.889202e+01
1.623371e+13,7.899833e+01
1.286797e+13,2.300000e+01
3.387254e+13,2.564458e+01
2.842644e+13,3.116987e+01
5.674659e+13,3.723568e+01
3.488567e+13,3.843684e+01
1.576356e+13,7.899704e+01
9.931552e+13,4.990783e+01
5.865421e+13,5.333200e+01
5.865421e+13,7.888945e+01
3.205212e+13,7.899684e+01
1.375490e+13,7.898924e+01
2.155585e+14,8.000000e+01
7.240209e+13,7.963632e+01
2.543128e+13,7.898503e+01
2.228790e+13,7.899216e+01
2.039808e+13,7.898736e+01
2.647683e+13,2.672561e+01
4.598883e+14,6.173917e+01
6.798690e+13,4.960754e+01
3.139538e+13,4.999139e+00
8.717622e+13,7.525212e+01
8.717622e+13,7.525212e+01
1.626449e+13,7.899512e+01
2.693672e+15,6.810527e+01
3.977944e+13,3.459315e+01
2.870529e+13,7.890663e+01
6.554645e+17,8.000000e+01
6.554645e+17,8.000000e+01
2.628077e+13,7.898782e+01
1.345335e+13,7.887361e+01
1.244443e+13,7.898139e+01
4.858707e+13,7.899216e+01
6.807276e+13,6.786504e+01
6.807276e+13,6.786504e+01
2.333520e+13,7.899594e+01
4.854854e+13,7.899279e+01
1.081465e+13,7.899888e+01
2.517107e+13,2.828711e+01
4.379049e+13,3.207073e+01
3.301517e+13,3.849689e+01
1.826691e+13,7.899674e+01
1.561167e+14,6.065813e+01
7.166962e+13,4.582391e+01
4.647222e+14,7.705384e+01
2.577939e+13,2.612504e+01
7.211840e+13,4.540351e+01
1.870962e+13,7.899759e+01
1.173862e+13,7.897419e+01
9.055356e+13,5.987738e+01
3.287409e+13,2.924803e+01
3.924452e+13,3.759603e+01
2.749513e+13,7.899726e+01
1.088680e+14,2.497331e+01
3.802371e+13,2.954832e+01
1.711955e+13,7.897969e+01
5.842486e+13,4.113943e+01
1.229513e+13,7.899619e+01
1.341696e+13,7.899753e+01
1.141128e+14,5.080869e+01
4.308138e+13,3.927764e+01
1.214260e+14,7.098803e+01
1.422196e+14,8.000000e+01
1.422196e+14,8.000000e+01
9.221844e+13,4.666472e+01
1.332078e+14,7.062768e+01
3.444982e+14,8.000000e+01
5.460112e+13,4.096438e+01
1.491486e+13,7.899224e+01
1.062291e+14,5.333111e+01
8.008016e+13,7.899459e+01
1.534026e+14,5.957709e+01
1.017210e+14,7.898779e+01
1.962161e+13,7.897763e+01
1.464843e+13,7.899618e+01
1.058451e+13,7.898028e+01
1.229176e+13,7.864129e+01
7.777303e+13,5.957709e+01
2.036833e+13,7.899512e+01
1.623678e+13,7.896117e+01
1.335454e+14,4.750553e+01
7.579523e+13,4.834633e+01
2.153428e+13,2.330233e+01
8.374139e+12,7.899808e+01
3.152248e+13,2.822705e+01
1.948242e+13,6.189202e+01
6.424148e+13,4.786587e+01
1.685430e+13,7.896779e+01
1.409039e+15,8.000000e+01
7.786963e+13,4.180006e+01
3.471164e+14,7.230930e+01
1.985163e+13,7.899725e+01
4.644492e+13,4.999935e+00
3.543541e+13,7.896361e+01
9.565295e+13,4.762564e+01
2.501796e+13,7.899808e+01
2.151201e+13,7.899919e+01
1.104317e+14,2.490381e+01
3.897546e+13,3.579430e+01
2.613827e+13,2.678567e+01
3.056546e+13,7.899123e+01
2.692628e+14,5.951704e+01
1.487120e+13,4.999829e+00
4.287617e+13,3.225091e+01
6.229019e+13,3.489344e+01
2.701357e+14,8.000000e+01
7.558017e+13,8.000000e+01
7.558017e+13,5.000002e+00
1.191200e+14,3.095745e+01
1.163491e+14,7.315010e+01
8.412719e+13,7.711390e+01
8.412719e+13,7.899732e+01
3.971968e+13,3.405263e+01
1.814971e+13,7.897576e+01
2.107734e+13,2.294199e+01
1.169355e+14,4.864662e+01
2.337590e+13,7.898804e+01
5.305980e+13,3.567419e+01
1.648186e+13,7.899030e+01
1.612136e+14,8.000000e+01
3.178010e+13,2.756642e+01
1.333483e+14,6.209951e+01
3.738491e+13,3.201068e+01
6.611801e+13,4.101931e+01
4.622457e+13,3.603453e+01
1.274076e+14,5.140927e+01
1.845105e+14,8.000000e+01
8.474395e+13,4.492305e+01
2.223862e+13,7.899143e+01
2.067979e+13,7.899514e+01
1.504733e+14,5.489261e+01
4.714846e+13,3.279143e+01
2.512532e+14,8.000000e+01
1.212601e+13,7.898402e+01
2.453823e+14,8.000000e+01
2.453823e+14,8.000000e+01
2.026058e+14,2.687537e+01
2.104695e+13,7.891751e+01
1.011223e+14,8.000000e+01
1.011223e+14,8.000000e+01
2.234985e+13,2.318222e+01
3.712127e+13,3.098970e+01
1.476070e+14,7.429120e+01
1.476070e+14,7.429120e+01
1.978299e+16,8.000000e+01
2.850973e+13,3.525378e+01
1.311170e+13,7.899797e+01
3.243422e+13,7.899410e+01
1.308057e+14,8.000000e+01
2.677004e+13,2.864745e+01
1.001185e+13,7.899827e+01
1.688792e+14,8.000000e+01
1.688792e+14,8.000000e+01
8.148935e+13,4.065896e+01
2.279421e+14,5.765525e+01
2.322815e+13,2.534429e+01
1.347270e+13,7.899813e+01
2.289144e+13,7.899444e+01
5.564272e+14,8.000000e+01
1.875604e+13,7.899127e+01
1.708266e+14,7.315010e+01
8.977154e+13,4.546357e+01
3.389607e+13,7.937296e+01
2.293206e+13,7.899056e+01
9.255872e+13,7.290987e+01
3.602874e+13,3.351212e+01
1.520195e+14,5.561330e+01
1.123207e+14,7.987655e+01
1.152169e+14,4.372190e+01
5.125633e+13,4.708512e+01
2.496323e+13,2.492389e+01
3.138176e+13,3.183050e+01
1.684764e+14,4.846645e+01
8.659755e+13,4.660466e+01
4.408072e+13,3.002878e+01
5.050524e+13,7.899548e+01
2.079882e+13,7.899685e+01
1.602349e+14,6.330066e+01
3.261639e+13,2.804688e+01
3.767205e+13,4.306127e+01
1.203747e+14,8.000000e+01
1.203747e+14,8.000000e+01
3.405773e+13,7.899253e+01
1.735699e+14,7.116820e+01
1.954256e+13,7.899576e+01
1.499007e+13,7.895208e+01
2.493070e+14,6.684406e+01
3.650741e+14,8.000000e+01
3.650741e+14,8.000000e+01
7.197690e+13,4.167994e+01
4.164997e+13,3.249114e+01
2.260727e+13,7.899502e+01
5.380903e+13,4.414230e+01
5.067482e+13,4.228052e+01
2.699245e+14,7.182884e+01
2.502157e+13,7.899651e+01
2.780792e+13,3.122993e+01
9.302216e+13,2.100000e+01
4.526935e+13,3.345206e+01
1.265872e+13,7.897424e+01
1.900219e+13,7.899380e+01
4.129098e+13,7.899700e+01
1.867510e+15,8.000000e+01
1.625879e+13,7.893421e+01
8.790371e+13,5.000011e+00
8.790371e+13,7.898694e+01
3.149442e+13,2.978855e+01
3.081471e+13,7.899838e+01
1.592531e+13,1.899308e+01
1.843731e+13,7.895003e+01
1.580084e+13,7.893182e+01
5.782917e+13,3.393252e+01
1.211268e+13,7.899878e+01
5.896851e+13,7.891808e+01
2.284899e+13,2.366268e+01
2.057832e+13,7.899637e+01
4.861690e+13,7.896644e+01
8.468601e+13,7.026734e+01
2.697884e+13,3.267131e+01
2.185997e+13,7.898796e+01
1.458394e+13,7.899699e+01
1.357006e+13,7.899723e+01
6.238854e+13,4.912708e+01
1.514600e+13,7.899432e+01
1.510466e+14,7.062768e+01
2.343244e+13,7.890540e+01
6.284718e+13,5.000017e+00
6.284718e+13,7.543229e+01
4.324026e+14,8.000000e+01
7.173420e+13,5.459232e+01
2.196855e+13,7.899717e+01
8.035061e+13,3.987822e+01
1.131847e+14,7.543229e+01
8.445743e+13,8.000000e+01
8.445743e+13,8.000000e+01
2.266057e+13,5.798766e+01
1.215120e+13,7.898681e+01
5.558105e+13,5.194979e+01
2.268206e+13,7.899615e+01
5.053474e+13,3.843684e+01
2.485900e+14,2.847636e+01
2.589250e+14,4.186012e+01
5.349121e+13,3.429286e+01
1.455785e+13,7.897975e+01
3.096807e+13,7.897618e+01
1.463337e+13,7.899496e+01
6.216212e+13,4.312132e+01
2.329849e+14,5.417191e+01
2.459853e+13,5.000000e+00
2.208632e+13,7.896055e+01
2.961932e+13,2.792676e+01
9.149483e+13,5.879635e+01
4.601046e+13,4.666472e+01
1.178992e+13,7.908198e+01
9.126189e+12,7.893758e+01
7.151339e+14,8.000000e+01
1.964466e+14,3.300000e+01
4.558192e+14,7.525212e+01
6.022775e+13,3.717563e+01
2.643138e+13,7.894958e+01
1.708725e+13,7.898435e+01
2.673803e+13,7.899684e+01
1.387556e+14,4.600409e+01
5.677292e+13,5.351128e+01
2.574410e+13,2.624515e+01
3.028118e+13,4.998578e+00
2.030025e+13,7.895432e+01
8.335971e+13,5.879635e+01
3.711181e+14,5.723485e+01
2.531881e+14,8.000000e+01
1.207623e+14,5.345122e+01
1.309699e+14,8.000000e+01
1.309699e+14,8.000000e+01
2.936418e+13,2.732619e+01
7.005138e+13,7.899554e+01
7.005138e+13,7.899939e+01
9.950159e+13,5.164950e+01
3.630491e+14,8.000000e+01
2.863236e+13,7.899350e+01
1.326981e+14,5.951704e+01
3.647839e+13,3.128999e+01
2.246380e+13,7.875077e+01
4.491812e+13,4.137966e+01
3.279967e+13,3.261125e+01
4.731025e+13,3.711557e+01
1.371123e+13,7.898932e+01
1.356887e+14,5.194979e+01
3.640195e+13,7.891818e+01
2.200491e+13,7.899783e+01
1.754881e+13,7.899547e+01
2.034129e+13,3.509255e+01
3.365612e+13,3.615465e+01
2.034566e+13,2.348250e+01
2.700384e+13,3.116987e+01
1.435909e+14,4.732535e+01
1.309688e+13,7.898499e+01
5.492719e+13,3.879718e+01
1.891333e+13,7.899714e+01
3.203263e+15,8.000000e+01
4.146030e+13,7.899780e+01
1.258055e+14,6.215957e+01
1.459942e+13,7.899009e+01
1.870842e+15,8.000000e+01
1.093466e+18,8.000000e+01
1.093466e+18,8.000000e+01
3.955728e+13,3.681528e+01
8.987147e+14,8.000000e+01
9.844888e+12,7.899834e+01
1.309176e+13,7.899754e+01
6.270157e+13,6.239980e+01
9.526614e+13,6.624348e+01
1.826560e+13,7.896100e+01
1.094642e+13,7.898090e+01
4.939456e+13,4.113943e+01
1.326795e+13,7.899486e+01
4.603338e+13,2.336239e+01
3.782493e+13,3.267131e+01
1.611815e+13,7.899702e+01
1.117040e+14,8.000000e+01
7.352189e+13,4.264086e+01
8.230614e+13,3.969804e+01
7.434742e+13,7.236935e+01
2.498643e+13,7.822796e+01
3.128143e+13,7.884256e+01
3.075864e+13,4.742963e+01
4.858127e+19,8.000000e+01
4.869609e+13,5.000000e+00
4.869609e+13,7.899464e+01
6.966794e+15,7.747425e+01
6.966794e+15,7.747425e+01
9.945513e+12,7.870061e+01
6.899534e+13,4.077908e+01
1.252908e+14,8.000000e+01
6.373663e+14,8.000000e+01
1.018976e+14,7.333027e+01
1.341769e+15,8.000000e+01
9.944798e+12,1.900000e+01
2.062899e+14,6.094527e+01
2.062899e+14,8.000000e+01
2.608446e+13,3.913370e+01
3.000031e+15,8.000000e+01
3.000031e+15,8.000000e+01
5.811202e+13,7.899577e+01
7.084733e+13,3.825666e+01
7.965189e+13,8.000000e+01
6.944312e+13,1.900000e+01
1.286490e+13,7.899519e+01
3.117087e+13,2.732619e+01
1.270355e+14,5.267048e+01
4.884388e+13,5.495266e+01
4.004151e+13,5.573341e+01
1.807098e+13,7.894655e+01
3.918049e+13,3.615465e+01
5.834093e+13,4.726530e+01
2.386723e+13,7.898906e+01
1.721916e+13,7.899878e+01
1.183321e+14,6.492222e+01
3.503418e+13,2.966843e+01
1.153635e+14,5.152938e+01
1.490236e+13,7.894582e+01
3.967529e+13,2.978855e+01
2.525126e+13,3.086958e+01
2.530060e+14,6.209951e+01
1.386786e+14,4.984777e+01
2.111878e+13,7.884007e+01
9.615365e+12,7.899146e+01
1.996642e+13,2.294199e+01
6.455213e+13,4.798599e+01
3.678480e+13,7.896186e+01
2.116020e+13,7.899351e+01
1.255821e+14,8.000000e+01
1.108212e+14,5.489261e+01
4.413263e+13,7.899816e+01
4.433972e+13,7.899192e+01
8.419108e+13,5.423197e+01
6.792299e+14,8.000000e+01
6.792299e+14,8.000000e+01
6.792299e+14,8.000000e+01
1.133852e+13,7.895333e+01
2.756692e+17,8.000000e+01
1.800647e+13,7.899311e+01
1.658352e+14,5.411186e+01
9.977120e+13,6.666389e+01
9.977120e+13,2.698196e+01
2.543680e+13,7.895671e+01
1.352855e+15,8.000000e+01
1.352855e+15,8.000000e+01
1.406020e+13,7.893609e+01
1.755867e+13,2.011928e+01
2.252866e+14,6.342078e+01
1.926350e+13,7.899745e+01
3.972287e+13,2.816699e+01
4.086454e+13,7.899327e+01
4.086454e+13,7.898507e+01
2.430122e+13,7.898046e+01
4.293691e+13,4.083914e+01
8.258294e+13,4.576386e+01
2.643036e+13,7.899347e+01
1.562159e+13,5.497572e+01
5.874535e+13,3.921758e+01
1.809399e+14,8.000000e+01
8.693813e+12,7.888094e+01
6.772515e+13,7.899831e+01
6.772515e+13,8.000000e+01
2.887714e+14,8.000000e+01
4.603382e+13,3.579430e+01
1.087551e+16,8.000000e+01
5.109576e+13,3.291154e+01
1.314249e+14,5.579347e+01
2.203558e+13,7.898597e+01
2.910327e+14,8.000000e+01
1.414474e+13,7.899774e+01
4.019725e+13,2.876757e+01
2.494253e+13,2.876757e+01
1.573100e+13,7.899700e+01
1.052214e+13,7.896217e+01
4.310438e+13,2.804688e+01
5.375724e+13,3.895823e+01
2.862351e+13,7.925403e+01
6.271411e+13,3.699545e+01
1.624719e+13,7.917308e+01
1.410327e+14,8.000000e+01
4.527635e+13,3.465321e+01
2.066837e+13,7.899682e+01
2.046627e+13,7.899652e+01
3.308020e+14,5.489261e+01
1.555559e+14,6.954665e+01
2.594641e+13,7.899690e+01
2.716701e+13,7.899602e+01
1.241491e+13,7.897593e+01
1.619036e+13,7.897988e+01
4.894325e+13,3.609459e+01
3.690860e+13,3.579430e+01
2.458626e+13,2.864745e+01
2.382388e+13,4.998301e+00
6.115024e+13,4.606414e+01
1.256636e+13,7.899796e+01
1.418577e+13,5.261552e+01
1.359721e+13,7.899721e+01
2.672358e+13,7.883500e+01
2.881154e+13,7.899309e+01
8.064842e+13,7.747425e+01
2.139184e+13,7.899426e+01
1.169613e+13,7.896901e+01
6.380137e+13,3.327189e+01
2.736636e+13,2.798682e+01
1.205110e+14,8.000000e+01
8.593717e+13,4.492305e+01
2.740370e+14,7.224924e+01
1.578969e+13,7.897997e+01
1.117272e+14,4.522334e+01
2.622741e+14,8.000000e+01
2.622741e+14,8.000000e+01
5.041931e+13,5.074863e+01
1.836847e+13,7.899638e+01
6.399453e+13,7.899787e+01
6.399453e+13,6.552279e+01
1.086362e+14,8.000000e+01
2.628363e+13,7.899604e+01
3.179473e+13,2.732619e+01
2.272904e+13,7.899266e+01
1.910065e+13,7.899621e+01
1.693389e+13,7.897687e+01
1.377010e+13,7.899591e+01
3.510198e+13,3.116987e+01
6.675225e+15,8.000000e+01
6.675225e+15,8.000000e+01
4.749455e+14,7.369062e+01
4.920295e+13,4.468282e+01
4.852022e+13,2.996872e+01
2.034244e+14,8.000000e+01
2.034244e+14,8.000000e+01
3.485090e+14,8.000000e+01
3.485090e+14,8.000000e+01
1.288373e+13,7.898007e+01
2.351227e+13,7.896719e+01
1.940484e+14,8.000000e+01
1.940484e+14,8.000000e+01
1.016982e+14,5.723485e+01
1.744257e+13,7.897408e+01
2.360733e+13,2.624515e+01
2.488234e+14,8.000000e+01
7.732108e+13,5.249030e+01
2.052302e+13,7.897786e+01
2.324580e+13,2.402302e+01
1.080797e+14,5.669433e+01
4.063160e+14,8.000000e+01
3.501561e+14,6.342078e+01
4.062326e+13,3.171039e+01
1.031677e+17,6.990699e+01
1.557025e+13,7.899812e+01
6.639827e+13,5.669433e+01
1.219066e+13,5.000000e+00
9.561955e+12,7.899822e+01
1.604607e+13,7.898633e+01
2.764063e+13,3.201068e+01
2.955044e+14,8.000000e+01
1.068928e+13,7.899797e+01
2.562764e+13,2.744630e+01
6.386046e+13,7.899376e+01
5.318306e+13,2.094940e+01
1.251319e+13,5.271065e+01
4.428734e+13,3.333194e+01
1.708843e+14,5.549318e+01
1.865155e+14,5.987738e+01
1.339115e+13,7.898901e+01
2.641523e+13,7.899483e+01
3.501023e+14,5.615381e+01
3.656381e+13,7.898894e+01
5.929266e+13,7.898829e+01
1.620750e+16,8.000000e+01
1.800861e+13,7.898517e+01
4.768000e+13,4.810610e+01
3.331389e+13,3.153022e+01
1.169211e+13,7.897776e+01
1.805341e+13,2.100000e+01
1.088193e+13,7.899772e+01
2.715050e+13,7.897776e+01
1.829584e+13,7.899284e+01
5.794144e+13,3.297160e+01
1.119547e+14,7.068774e+01
5.985064e+13,6.749931e+01
7.134264e+13,4.222046e+01
1.277682e+13,7.899847e+01
1.663167e+13,7.896743e+01
2.077214e+14,7.417108e+01
4.121069e+13,7.896241e+01
2.984200e+13,7.899798e+01
8.915094e+13,5.000006e+00
8.915094e+13,8.000000e+01
2.350751e+13,2.474371e+01
4.981213e+13,3.771614e+01
3.524150e+13,3.759603e+01
1.796006e+13,7.899748e+01
8.021833e+14,8.000000e+01
8.021833e+14,8.000000e+01
4.802402e+13,3.285148e+01
6.868539e+13,7.899429e+01
7.955161e+13,4.462276e+01
6.667528e+13,3.981816e+01
4.460307e+14,8.000000e+01
2.304176e+13,7.923944e+01
1.230533e+14,8.000000e+01
1.230533e+14,8.000000e+01
3.297751e+14,8.000000e+01
3.297751e+14,8.000000e+01
1.461065e+13,7.899308e+01
6.094499e+15,8.000000e+01
6.680041e+14,8.000000e+01
1.611645e+13,7.899446e+01
6.434654e+13,4.005839e+01
1.444527e+13,7.899494e+01
1.110843e+13,7.704864e+01
1.349968e+13,7.899660e+01
5.483841e+14,8.000000e+01
5.483841e+14,8.000000e+01
5.483841e+14,8.000000e+01
2.715560e+13,7.898393e+01
1.117460e+14,4.558368e+01
2.302396e+13,7.897415e+01
8.938491e+12,1.698914e+01
1.903665e+14,7.339033e+01
5.984786e+13,3.747591e+01
1.900367e+13,7.899479e+01
2.192886e+14,8.000000e+01
5.197881e+13,3.993827e+01
2.970000e+14,7.345039e+01
2.264827e+14,5.417191e+01
1.060398e+14,4.011845e+01
1.563712e+13,7.898368e+01
1.376906e+14,8.000000e+01
1.405852e+13,7.899326e+01
2.182304e+13,2.198107e+01
1.620822e+13,7.898317e+01
8.894199e+13,4.672478e+01
2.420401e+13,7.899842e+01
2.420401e+13,7.899679e+01
1.795849e+13,7.895800e+01
1.243288e+14,7.116820e+01
3.187457e+14,7.290987e+01
2.157069e+13,5.000000e+00
1.937933e+13,7.899759e+01
1.943702e+13,7.899835e+01
2.807048e+13,7.899677e+01
1.812619e+13,7.891882e+01
1.294464e+14,8.000000e+01
4.941494e+13,2.996872e+01
1.589131e+14,8.000000e+01
7.073350e+13,7.899660e+01
1.779054e+13,1.999917e+01
3.430775e+13,3.321183e+01
2.962482e+13,7.895791e+01
3.710638e+13,2.960837e+01
1.372660e+13,7.896805e+01
6.765622e+13,5.375151e+01
9.995106e+13,5.393168e+01
1.026518e+13,7.896916e+01
2.181237e+13,7.525233e+01
6.153554e+13,4.756558e+01
7.265351e+15,8.000000e+01
8.941452e+12,7.899673e+01
4.380360e+13,4.678484e+01
1.176700e+13,7.899284e+01
1.199217e+13,7.899319e+01
2.984796e+13,3.309171e+01
2.316573e+13,7.898584e+01
4.433570e+13,5.741502e+01
2.983678e+14,6.834550e+01
1.497262e+13,7.899404e+01
9.474608e+12,4.999567e+00
1.807159e+14,5.603370e+01
5.671561e+13,4.666472e+01
1.100163e+14,5.747508e+01
5.378563e+13,4.672478e+01
1.879904e+13,7.899715e+01
2.575417e+13,2.888768e+01
3.199816e+13,5.000074e+00
1.190623e+13,5.866091e+01
2.111901e+14,8.000000e+01
2.111901e+14,8.000000e+01
1.461541e+13,7.893784e+01
1.905325e+13,7.899187e+01
1.125446e+13,7.899783e+01
2.213907e+14,6.131876e+01
4.111903e+13,2.896302e+01
6.017172e+13,4.999967e+00
2.967220e+13,7.898665e+01
3.812716e+13,7.896612e+01
1.770384e+14,7.645327e+01
2.511288e+14,8.000000e+01
2.159958e+13,7.898049e+01
1.065333e+14,4.792593e+01
4.307694e+14,7.387079e+01
2.443128e+13,2.396296e+01
2.181205e+14,8.000000e+01
5.335163e+13,3.873712e+01
1.267550e+13,7.899409e+01
1.409527e+13,7.899629e+01
9.102279e+13,5.146932e+01
3.174998e+13,7.897793e+01
1.619260e+14,7.038745e+01
4.559763e+13,3.056930e+01
1.130923e+14,4.276098e+01
1.249240e+13,7.899834e+01
3.021426e+13,2.948826e+01
7.131119e+13,5.705468e+01
6.320591e+13,6.119865e+01
6.320591e+13,6.119865e+01
1.088327e+13,7.899787e+01
1.875088e+13,7.899615e+01
1.813013e+13,7.899842e+01
7.452613e+13,4.984777e+01
1.874080e+14,6.101848e+01
8.775375e+13,7.567252e+01
6.186064e+13,4.234058e+01
2.832375e+13,2.858740e+01
2.203516e+13,7.899739e+01
6.472813e+13,4.155983e+01
1.086147e+14,4.912708e+01
9.256248e+13,4.750768e+01
9.256248e+13,6.300038e+01
1.283673e+13,7.898291e+01
1.787463e+13,4.997891e+00
5.413421e+14,8.000000e+01
1.394183e+13,7.899175e+01
3.864304e+13,4.047879e+01
2.515191e+14,8.000000e+01
1.896784e+13,7.899411e+01
1.453929e+13,7.899710e+01
8.470411e+13,8.000000e+01
8.470411e+13,8.000000e+01
2.269591e+13,7.898832e+01
3.264903e+13,2.624515e+01
1.791502e+14,8.000000e+01
9.194701e+13,4.996789e+01
1.652022e+13,7.899843e+01
1.099034e+13,7.899658e+01
3.238257e+13,2.678567e+01
8.937478e+13,5.975727e+01
3.327605e+15,6.852567e+01
2.501122e+13,7.897638e+01
3.325735e+13,2.966843e+01
2.995035e+13,3.417275e+01
3.555849e+14,8.000000e+01
3.555849e+14,8.000000e+01
1.226097e+13,7.899094e+01
1.361295e+13,7.899398e+01
1.227795e+13,7.899815e+01
4.287124e+14,8.000000e+01
2.120983e+13,4.315927e+01
1.947652e+14,6.161905e+01
9.705280e+13,4.642449e+01
6.458542e+13,6.011761e+01
4.047060e+13,4.137966e+01
1.919413e+13,7.897356e+01
1.667774e+14,5.000014e+00
1.667774e+14,7.898895e+01
1.667774e+14,7.899696e+01
1.667774e+14,7.899383e+01
2.052437e+13,7.899824e+01
1.290729e+13,7.899813e+01
2.093687e+13,7.898439e+01
2.621094e+14,8.000000e+01
1.197967e+13,7.894912e+01
1.301418e+14,4.612420e+01
2.885688e+13,7.887325e+01
1.376375e+13,7.899841e+01
1.167793e+14,5.435209e+01
9.118190e+14,7.381074e+01
5.471661e+13,6.209951e+01
5.454208e+13,5.050840e+01
1.704859e+14,8.000000e+01
6.430831e+13,3.963799e+01
4.362166e+13,3.489344e+01
3.332047e+13,2.996872e+01
3.377382e+14,8.000000e+01
3.377382e+14,8.000000e+01
1.540058e+14,4.816616e+01
3.706211e+13,3.104976e+01
3.344832e+13,7.899810e+01
3.387576e+13,2.864745e+01
1.164646e+13,3.696280e+01
1.956273e+14,4.804604e+01
2.636333e+14,7.453143e+01
1.419530e+14,8.000000e+01
1.419530e+14,8.000000e+01
2.495509e+14,8.000000e+01
9.987160e+13,6.035784e+01
2.117026e+13,2.288193e+01
8.097501e+13,5.237019e+01
1.916958e+13,7.896871e+01
4.286232e+13,7.899730e+01
1.882619e+13,7.893317e+01
4.900274e+13,4.930725e+01
5.968878e+13,4.948743e+01
1.344648e+13,7.899672e+01
1.638300e+13,7.899590e+01
4.921245e+14,8.000000e+01
2.695468e+13,2.792676e+01
2.491966e+13,7.896324e+01
9.933069e+13,4.624432e+01
9.572589e+14,8.000000e+01
9.572589e+14,8.000000e+01
2.216290e+13,6.389072e+01
8.970858e+13,5.693456e+01
3.983385e+13,3.759603e+01
1.559701e+13,7.899851e+01
2.666267e+13,7.899567e+01
1.215609e+14,5.170955e+01
7.434952e+13,4.732535e+01
2.236012e+13,2.378279e+01
3.254190e+14,7.861534e+01
2.927728e+13,7.899615e+01
4.391340e+13,3.657505e+01
2.466729e+13,2.756642e+01
2.103216e+13,4.999971e+00
1.295469e+14,4.354173e+01
1.244847e+13,7.899529e+01
7.951624e+13,4.816616e+01
3.345060e+13,3.675522e+01
9.714792e+13,5.399174e+01
1.079029e+14,6.101848e+01
1.205288e+13,7.899753e+01
1.827411e+13,7.894721e+01
1.198157e+14,6.900613e+01
1.652708e+13,7.898368e+01
1.832365e+13,7.898938e+01
1.039590e+13,7.899736e+01
5.162759e+14,6.312049e+01
4.176299e+13,4.444259e+01
2.940145e+13,2.840722e+01
8.057812e+13,5.249030e+01
4.029108e+14,8.000000e+01
2.907668e+13,2.294199e+01
2.003603e+14,6.564291e+01
8.726184e+12,7.899462e+01
2.448676e+13,2.804688e+01
2.104048e+13,7.899617e+01
3.098601e+13,3.189056e+01
1.280984e+13,7.899834e+01
1.715090e+13,7.904925e+01
4.368257e+14,8.000000e+01
1.156180e+13,7.899270e+01
1.180091e+13,7.899810e+01
3.689008e+14,8.000000e+01
3.689008e+14,8.000000e+01
3.395584e+14,8.000000e+01
1.630790e+13,7.891781e+01
1.955792e+13,7.897328e+01
1.292866e+13,7.899137e+01
4.606535e+13,3.693540e+01
3.271284e+14,6.918630e+01
3.901585e+13,3.321183e+01
3.835541e+13,3.897735e+01
7.950933e+13,7.895328e+01
7.950933e+13,5.000074e+00
3.186718e+13,2.882763e+01
2.776114e+14,5.651416e+01
9.191387e+13,6.179922e+01
6.096476e+13,3.927764e+01
4.978164e+13,4.450265e+01
2.480867e+13,5.300000e+01
2.369938e+13,7.778569e+01
1.246223e+13,7.898519e+01
5.113955e+13,3.705551e+01
3.440187e+13,7.899632e+01
3.167492e+13,3.267131e+01
1.482281e+14,8.000000e+01
8.732135e+13,7.693373e+01
1.162599e+15,8.000000e+01
1.162599e+15,8.000000e+01
2.656594e+13,2.510406e+01
1.499220e+13,7.899657e+01
1.337857e+13,7.899559e+01
1.568449e+14,4.810610e+01
2.308246e+14,8.000000e+01
9.107688e+13,4.065896e+01
1.126724e+13,7.899848e+01
9.720258e+12,4.999576e+00
2.531855e+13,2.738625e+01
7.091589e+13,3.038912e+01
5.401709e+13,4.750553e+01
7.138820e+13,5.146932e+01
1.629981e+13,7.899118e+01
4.258764e+13,4.300121e+01
1.681160e+15,8.000000e+01
2.423680e+13,2.624515e+01
1.516921e+14,7.899112e+01
1.373077e+13,7.899792e+01
5.067056e+13,3.927764e+01
2.124563e+13,7.897651e+01
6.324134e+13,4.017850e+01
1.955965e+13,7.899246e+01
2.058676e+13,2.330233e+01
9.663306e+12,7.899765e+01
7.121142e+13,7.032740e+01
3.446890e+13,7.899655e+01
3.024021e+14,6.005756e+01
3.274151e+13,3.351212e+01
1.989119e+14,6.570297e+01
6.809632e+13,4.504317e+01
1.128702e+14,4.738541e+01
8.149030e+13,4.948743e+01
4.331073e+13,3.519373e+01
1.201016e+13,3.506707e+01
3.932485e+13,7.899338e+01
9.418809e+13,7.825499e+01
9.418809e+13,7.825499e+01
1.962981e+13,7.899554e+01
9.610865e+13,5.303082e+01
5.352542e+13,5.693456e+01
6.613608e+13,7.899819e+01
2.656734e+13,2.750636e+01
1.440057e+13,7.899035e+01
1.134284e+13,7.898961e+01
3.499545e+14,8.000000e+01
1.561200e+13,7.899570e+01
1.535242e+13,7.898699e+01
3.487128e+13,3.062935e+01
2.554624e+13,2.642532e+01
4.460158e+13,3.603453e+01
1.049189e+13,1.499889e+01
7.264912e+13,5.777537e+01
1.438575e+13,7.899673e+01
2.824205e+13,2.942820e+01
3.210471e+13,3.141010e+01
1.645817e+13,7.895835e+01
7.682139e+13,6.588314e+01
1.360787e+13,7.899296e+01
1.937211e+13,7.899117e+01
1.286573e+14,7.248947e+01
8.884775e+14,8.000000e+01
2.140407e+13,7.883786e+01
1.535031e+13,7.897869e+01
2.934709e+13,2.984860e+01
3.856160e+13,7.899316e+01
1.001908e+13,7.899702e+01
4.181370e+13,3.171039e+01
5.953320e+13,4.113943e+01
4.997631e+13,5.369145e+01
3.499998e+13,3.501355e+01
1.548716e+13,7.898988e+01
1.371483e+13,7.899354e+01
3.916799e+14,3.850982e+01
4.191371e+17,8.000000e+01
2.309302e+13,7.920746e+01
3.503219e+14,8.000000e+01
1.277652e+14,4.810610e+01
3.276572e+13,3.339200e+01
5.726136e+13,3.285148e+01
1.124442e+13,7.899807e+01
2.525235e+13,2.612504e+01
3.558849e+13,2.936814e+01
2.509350e+15,8.000000e+01
6.758349e+13,4.125954e+01
1.114172e+14,5.477249e+01
5.225956e+13,4.486299e+01
1.121739e+13,7.895939e+01
7.135815e+14,8.000000e+01
1.265260e+16,8.000000e+01
3.419997e+13,3.171039e+01
4.721614e+13,3.951787e+01
2.248671e+13,7.896029e+01
2.846564e+14,5.092881e+01
8.491177e+13,6.083830e+01
3.918697e+14,8.000000e+01
5.274656e+13,3.609459e+01
2.278887e+14,8.000000e+01
6.393836e+13,5.435209e+01
6.393836e+13,5.435209e+01
8.239106e+13,4.642449e+01
2.312321e+13,7.899737e+01
1.272774e+14,8.000000e+01
2.230116e+13,7.895874e+01
1.523840e+13,7.899670e+01
2.033329e+13,7.899595e+01
1.013017e+13,7.899267e+01
1.113177e+14,6.864579e+01
1.743994e+13,7.897350e+01
4.592646e+13,4.180006e+01
2.329868e+13,7.899661e+01
1.229466e+13,7.895298e+01
8.745129e+13,3.951787e+01
4.202200e+13,4.366184e+01
2.404174e+13,2.498394e+01
1.920870e+14,8.000000e+01
2.638569e+13,7.899257e+01
3.001700e+13,7.898591e+01
3.096438e+13,3.441298e+01
1.803817e+14,5.237019e+01
7.139533e+13,4.648455e+01
1.413517e+13,7.889628e+01
6.874384e+13,3.957793e+01
3.703016e+13,7.895286e+01
2.213604e+13,7.881891e+01
1.718568e+13,7.898814e+01
1.535936e+14,8.000000e+01
1.535936e+14,8.000000e+01
2.613772e+13,7.899638e+01
1.601580e+13,4.999090e+00
5.049251e+13,4.998988e+00
1.373360e+14,5.086875e+01
2.676501e+16,8.000000e+01
1.110832e+13,7.899620e+01
7.070173e+12,1.699528e+01
1.264858e+13,7.899147e+01
4.944596e+13,3.497873e+01
1.425843e+14,4.092692e+01
1.722735e+13,7.899190e+01
2.135550e+13,7.899302e+01
1.391677e+13,7.899772e+01
3.096979e+13,7.897845e+01
1.362945e+13,4.999279e+00
4.753073e+13,3.801643e+01
1.842370e+13,7.899365e+01
8.572659e+13,7.813488e+01
7.154465e+13,3.699545e+01
3.823248e+13,3.375235e+01
1.431612e+14,6.456187e+01
1.250010e+14,6.233974e+01
1.983657e+13,5.884196e+01
2.828772e+13,2.810694e+01
1.038116e+14,3.885724e+01
1.119910e+13,7.899674e+01
5.173563e+13,3.657505e+01
7.943387e+13,4.852650e+01
2.903197e+14,5.867623e+01
1.854750e+14,7.284981e+01
1.854750e+14,7.284981e+01
9.881459e+12,7.899784e+01
1.127044e+13,7.898000e+01
9.241285e+13,8.000000e+01
2.013404e+13,7.895490e+01
9.262498e+13,6.870584e+01
1.719116e+13,7.899651e+01
2.551943e+13,2.558452e+01
1.741878e+13,7.889564e+01
3.647578e+13,3.369229e+01
7.917918e+13,5.615381e+01
3.118867e+19,8.000000e+01
2.099427e+13,7.899025e+01
2.611702e+13,2.708596e+01
4.464012e+13,3.903741e+01
1.422852e+14,8.000000e+01
2.794441e+14,8.000000e+01
2.234856e+13,7.899768e+01
4.566557e+13,3.327189e+01
3.312688e+13,3.483338e+01
2.012506e+14,5.843600e+01
9.054780e+13,8.000000e+01
3.329864e+13,3.555407e+01
2.540758e+13,2.924803e+01
3.881851e+13,4.846645e+01
4.718623e+13,4.047879e+01
4.150051e+13,4.047879e+01
2.310467e+14,6.065813e+01
1.993168e+14,6.564291e+01
3.871418e+13,7.899657e+01
1.200273e+13,7.841421e+01
2.189645e+13,7.871099e+01
1.610941e+14,7.014722e+01
3.374428e+13,6.481080e+01
1.307044e+13,4.999736e+00
2.789430e+13,7.899184e+01
3.291024e+13,2.774659e+01
4.915637e+13,4.432248e+01
1.250641e+13,3.898698e+01
4.664659e+13,3.573425e+01
5.501464e+14,2.621876e+01
1.445874e+14,6.257997e+01
1.406424e+13,7.899541e+01
9.046188e+12,7.899723e+01
4.589320e+13,3.381240e+01
7.571436e+13,5.393168e+01
2.452648e+13,7.888450e+01
1.303439e+13,7.899559e+01
2.817781e+13,2.738625e+01
3.230193e+13,7.897288e+01
1.300877e+14,8.000000e+01
3.304407e+13,7.899272e+01
8.592909e+13,6.209951e+01
6.164305e+13,3.909747e+01
3.597677e+13,3.615465e+01
9.992712e+13,5.711473e+01
2.194237e+13,7.899725e+01
1.956039e+13,2.606498e+01
1.155049e+14,8.000000e+01
1.155049e+14,8.000000e+01
1.155049e+14,8.000000e+01
1.870700e+13,4.999450e+00
5.093799e+13,3.567419e+01
3.704664e+13,7.890448e+01
4.082797e+13,3.603453e+01
1.726977e+13,7.899169e+01
5.618159e+13,7.896010e+01
2.256593e+14,7.170872e+01
6.867750e+14,8.000000e+01
1.222679e+13,3.103479e+01
3.598863e+14,8.000000e+01
2.070880e+13,7.899144e+01
1.589319e+13,7.899786e+01
8.667899e+13,5.062852e+01
1.407512e+14,8.000000e+01
3.253628e+16,8.000000e+01
3.361542e+13,2.948826e+01
1.755599e+14,8.000000e+01
9.175930e+12,7.899842e+01
7.107245e+13,5.000005e+00
7.107245e+13,7.899470e+01
2.909834e+13,2.738625e+01
2.982224e+13,2.942820e+01
1.109084e+14,3.313518e+01
3.766395e+13,4.240063e+01
2.546540e+13,2.696584e+01
3.346231e+14,8.000000e+01
1.804026e+14,6.203945e+01
1.454010e+13,7.899693e+01
1.253897e+14,6.161905e+01
2.343579e+14,8.000000e+01
2.343579e+14,8.000000e+01
5.430083e+14,8.000000e+01
5.430083e+14,8.000000e+01
4.263080e+13,3.567419e+01
1.177871e+13,7.899717e+01
2.379781e+13,7.896784e+01
5.608539e+13,3.993827e+01
3.325575e+13,3.459315e+01
4.922292e+14,8.000000e+01
2.467228e+13,7.898209e+01
1.047317e+13,7.899487e+01
1.826943e+13,7.691708e+01
7.540751e+13,6.414147e+01
2.904895e+14,8.000000e+01
1.776820e+14,8.000000e+01
1.776820e+14,8.000000e+01
1.776820e+14,8.000000e+01
2.468085e+13,2.558452e+01
2.192443e+13,7.899314e+01
4.587663e+13,3.327189e+01
5.108135e+13,3.933770e+01
2.483340e+13,2.642532e+01
1.692844e+13,1.693623e+01
9.090207e+14,8.000000e+01
2.208073e+13,7.898090e+01
1.132209e+13,7.899562e+01
2.558426e+13,2.612504e+01
1.196383e+14,5.927681e+01
1.077101e+13,7.899528e+01
9.576683e+13,5.096361e+01
2.006819e+14,8.000000e+01
2.006819e+14,7.152419e+01
3.378413e+13,3.086958e+01
1.009593e+13,7.899822e+01
2.330837e+13,3.099206e+01
2.281974e+14,8.000000e+01
4.575202e+13,3.453309e+01
2.767642e+13,2.516412e+01
3.930702e+13,4.192017e+01
2.803835e+13,4.999595e+00
6.245087e+13,4.282104e+01
3.948435e+13,4.510322e+01
5.573716e+13,3.765609e+01
8.308446e+13,5.723485e+01
4.491602e+14,7.441131e+01
2.160967e+14,6.342078e+01
2.871722e+13,2.053968e+01
4.425774e+13,4.083914e+01
1.252795e+13,7.899699e+01
1.781599e+13,7.899769e+01
1.097061e+14,8.000000e+01
1.541497e+13,7.898104e+01
1.856606e+13,7.898820e+01
4.340863e+13,3.104976e+01
2.433675e+13,7.899746e+01
1.961850e+13,7.899737e+01
9.546201e+13,5.951704e+01
1.910854e+13,7.899566e+01
2.081974e+13,7.881860e+01
9.310331e+13,7.899716e+01
9.310331e+13,7.899869e+01
1.897886e+13,7.899309e+01
2.680707e+13,7.899547e+01
2.234199e+13,7.891524e+01
1.553056e+13,2.500000e+01
1.295863e+13,7.899802e+01
1.112814e+14,6.053802e+01
1.154596e+14,8.000000e+01
1.158665e+13,7.899418e+01
1.551988e+13,7.899495e+01
2.525123e+13,5.000005e+00
4.799509e+13,3.531384e+01
4.251647e+13,3.298037e+01
5.764232e+13,5.231013e+01
1.313374e+13,7.899845e+01
7.048965e+13,6.035784e+01
2.539485e+13,2.636527e+01
1.999853e+13,7.898552e+01
1.610074e+13,7.899617e+01
1.169525e+13,7.899713e+01
1.517216e+14,7.489177e+01
1.071626e+14,5.987738e+01
2.652552e+13,7.896809e+01
3.634060e+13,3.219085e+01
1.398843e+13,7.899257e+01
1.240257e+15,8.000000e+01
1.676346e+13,5.000171e+00
2.240137e+13,2.366268e+01
6.029403e+13,5.621387e+01
5.094529e+14,8.000000e+01
6.197120e+13,4.270092e+01
1.294099e+13,7.897155e+01
1.119400e+13,7.899722e+01
1.263423e+13,7.897073e+01
1.007326e+13,7.899824e+01
3.450998e+13,7.899420e+01
4.403465e+13,7.899522e+01
4.142599e+13,2.698919e+01
1.797305e+13,7.898856e+01
8.654866e+13,6.882596e+01
1.329471e+14,5.609376e+01
2.217922e+13,7.894165e+01
1.277621e+14,5.164950e+01
2.048195e+13,7.899674e+01
1.496700e+13,7.899642e+01
7.262772e+13,3.957793e+01
1.229239e+14,4.894691e+01
2.303647e+13,7.897065e+01
1.550910e+14,7.002711e+01
8.608849e+13,4.372190e+01
4.127225e+13,3.231096e+01
1.082290e+13,7.903663e+01
1.261425e+14,5.657422e+01
3.210207e+13,2.666555e+01
4.547844e+13,3.651499e+01
1.252859e+13,7.896074e+01
1.994486e+13,7.899365e+01
2.841545e+13,7.899184e+01
1.157564e+14,6.179922e+01
1.617056e+14,7.008717e+01
7.310703e+13,5.038829e+01
1.644736e+14,5.279059e+01
1.923237e+13,5.254243e+01
4.059585e+13,3.171039e+01
2.866856e+13,7.899300e+01
1.986939e+13,4.999552e+00
1.111716e+14,4.077908e+01
1.584623e+14,8.000000e+01
4.801326e+13,7.882938e+01
4.216924e+14,6.618343e+01
3.543981e+13,4.017850e+01
5.891871e+13,3.981816e+01
1.910916e+13,2.090003e+01
1.124201e+13,7.898468e+01
1.064426e+13,7.899749e+01
3.206374e+13,2.744630e+01
1.515766e+13,7.899496e+01
3.940404e+13,3.927764e+01
1.373883e+13,7.895855e+01
1.498909e+13,7.899784e+01
1.783743e+13,7.897850e+01
3.553103e+13,2.882763e+01
2.724004e+14,8.000000e+01
5.666407e+13,4.972766e+01
9.818208e+13,4.528340e+01
1.987610e+13,7.880560e+01
1.594489e+14,7.044751e+01
4.060253e+14,8.000000e+01
2.149373e+13,7.899547e+01
1.394464e+14,7.813488e+01
3.139423e+13,3.549402e+01
1.154012e+14,7.113893e+01
1.154012e+14,8.000000e+01
1.431247e+13,7.898588e+01
1.132849e+14,4.420236e+01
1.355899e+13,7.899776e+01
3.366102e+13,3.993827e+01
8.001978e+13,4.750553e+01
9.567404e+14,8.000000e+01
9.567404e+14,8.000000e+01
9.567404e+14,8.000000e+01
9.729341e+13,4.882679e+01
6.006586e+13,2.500000e+01
3.177800e+13,3.741586e+01
1.436645e+13,7.899562e+01
5.991444e+13,4.222046e+01
1.178580e+13,7.898382e+01
4.196079e+15,8.000000e+01
1.363334e+13,7.903217e+01
1.189047e+13,7.897849e+01
4.818449e+14,8.000000e+01
7.474300e+13,6.221963e+01
1.410704e+13,7.899808e+01
1.587140e+13,7.899545e+01
5.195281e+13,2.100000e+01
3.940032e+13,3.201068e+01
1.112205e+13,7.898804e+01
1.284134e+14,7.795471e+01
3.460990e+13,7.899328e+01
3.460990e+13,7.899811e+01
5.526036e+13,4.750553e+01
2.452328e+14,7.573258e+01
4.058956e+13,7.891508e+01
3.767032e+13,7.898575e+01
1.074727e+14,8.000000e+01
3.728068e+13,2.954832e+01
2.032442e+13,4.999905e+00
4.424231e+13,3.255119e+01
4.453470e+13,4.378196e+01
1.442726e+13,7.899683e+01
4.071521e+13,2.882763e+01
1.437184e+13,7.899813e+01
1.745289e+13,7.896165e+01
1.225153e+13,3.506943e+01
3.895908e+13,3.597448e+01
1.370584e+13,7.898410e+01
4.518469e+13,3.405263e+01
6.381873e+13,5.020812e+01
9.162374e+12,7.899886e+01
3.357266e+14,8.000000e+01
1.760084e+13,7.899230e+01
2.742834e+13,3.074947e+01
1.567292e+13,7.898437e+01
9.800952e+12,7.899849e+01
7.554399e+13,7.741419e+01
3.500710e+13,3.903741e+01
1.538155e+14,5.104892e+01
2.632419e+15,8.000000e+01
1.792536e+13,7.899810e+01
1.867743e+13,7.897815e+01
1.051003e+14,4.912708e+01
1.454099e+14,8.000000e+01
1.454099e+14,8.000000e+01
1.628669e+13,7.899149e+01
3.075907e+13,3.147016e+01
2.216816e+13,2.408308e+01
6.528823e+13,5.609376e+01
1.228448e+14,7.831505e+01
1.944152e+14,8.000000e+01
1.944152e+14,8.000000e+01
1.473495e+14,5.000077e+00
1.473495e+14,5.000000e+00
7.898483e+13,8.000000e+01
3.396915e+13,3.543396e+01
4.769447e+13,4.792593e+01
2.316042e+13,2.384285e+01
3.718014e+13,3.008884e+01
1.482812e+13,7.899755e+01
3.111768e+13,7.897914e+01
4.858656e+13,5.050840e+01
3.171508e+13,3.177045e+01
6.649395e+13,3.801643e+01
1.268570e+14,8.000000e+01
7.839805e+13,3.945781e+01
1.922025e+14,4.396213e+01
3.113470e+13,7.893284e+01
3.569445e+14,8.000000e+01
7.936660e+16,8.000000e+01
1.414937e+13,7.899815e+01
8.153698e+13,4.113943e+01
9.443420e+12,7.899609e+01
9.866128e+12,7.899821e+01
4.198766e+13,3.255119e+01
7.220758e+13,3.801643e+01
3.676034e+13,4.999258e+00
1.735049e+13,7.889478e+01
7.605047e+13,3.969804e+01
2.225971e+13,7.897780e+01
9.596393e+12,7.899756e+01
5.616425e+13,4.858656e+01
1.141948e+14,5.393168e+01
1.611537e+14,5.591358e+01
1.261657e+15,6.822538e+01
1.627719e+14,6.185928e+01
1.049176e+14,6.984694e+01
1.049176e+14,6.984694e+01
1.595075e+14,5.231013e+01
1.475622e+13,7.899661e+01
4.235786e+14,8.000000e+01
7.657430e+13,8.000000e+01
1.850982e+14,4.810610e+01
9.229228e+13,4.702507e+01
4.086812e+13,7.895447e+01
1.773199e+14,5.705468e+01
5.450302e+13,2.499478e+01
9.361311e+13,4.660466e+01
3.759210e+13,4.071902e+01
1.842889e+13,4.997516e+00
2.300672e+14,6.918630e+01
2.300672e+14,6.918630e+01
4.368203e+13,3.122993e+01
1.555052e+14,8.000000e+01
1.555052e+14,8.000000e+01
1.297903e+13,4.999846e+00
1.294074e+13,1.699792e+01
3.184925e+13,3.363223e+01
4.698156e+13,3.213079e+01
4.333357e+14,5.543312e+01
5.649101e+13,4.702507e+01
2.972681e+13,3.369229e+01
1.957856e+13,7.891890e+01
2.107897e+13,2.342245e+01
7.734642e+13,4.882679e+01
1.108161e+15,8.000000e+01
1.804411e+13,1.899327e+01
2.130017e+13,7.888943e+01
3.443563e+13,3.135004e+01
2.104723e+13,7.898828e+01
5.099124e+13,5.080869e+01
4.350278e+13,4.999655e+00
1.305750e+13,7.897662e+01
1.581748e+13,7.899763e+01
8.432667e+13,4.366184e+01
2.461176e+13,2.732619e+01
1.552365e+13,7.899696e+01
1.856390e+16,8.000000e+01
1.093828e+14,5.759520e+01
8.496066e+13,7.899834e+01
1.443763e+14,8.000000e+01
1.443763e+14,8.000000e+01
2.695082e+13,7.895314e+01
1.733623e+14,6.798515e+01
1.165061e+14,4.618426e+01
1.633654e+13,7.893174e+01
1.478722e+13,7.899588e+01
1.985417e+13,7.899558e+01
8.830760e+13,4.564374e+01
2.901136e+13,7.899237e+01
3.663026e+13,3.098970e+01
3.193417e+13,7.899478e+01
9.610048e+14,8.000000e+01
2.590931e+13,3.698938e+01
2.957205e+17,8.000000e+01
1.327122e+13,7.897474e+01
3.448204e+13,2.786671e+01
9.898284e+12,7.898162e+01
4.089063e+13,3.801643e+01
1.497290e+13,7.899704e+01
6.668288e+13,4.306127e+01
1.098436e+14,5.615381e+01
9.783989e+12,7.899679e+01
1.998845e+13,7.899053e+01
8.527300e+12,7.899818e+01
9.908431e+13,4.342161e+01
2.232442e+13,7.896892e+01
1.563237e+13,7.898953e+01
1.104305e+13,7.899780e+01
5.842762e+13,5.194979e+01
4.540509e+13,3.489344e+01
6.658137e+13,4.378196e+01
4.406992e+13,7.872199e+01
9.797344e+13,6.990699e+01
9.797344e+13,6.990699e+01
3.795257e+13,7.899384e+01
9.017534e+13,5.675439e+01
2.823396e+13,7.899576e+01
4.780273e+13,4.294115e+01
5.678750e+13,4.888685e+01
7.911212e+13,7.417108e+01
2.780527e+13,3.321183e+01
5.434472e+13,4.533060e+01
3.164398e+13,2.726613e+01
1.352482e+14,4.966760e+01
3.876265e+13,7.899678e+01
1.804984e+13,7.899806e+01
3.128197e+14,6.396130e+01
3.719741e+13,7.899104e+01
1.356516e+14,8.000000e+01
4.246952e+13,7.899669e+01
2.558243e+13,2.762648e+01
2.441448e+13,7.899596e+01
1.459454e+13,7.894691e+01
9.026317e+13,5.933686e+01
1.191969e+14,4.852650e+01
3.658080e+13,3.110981e+01
1.786529e+13,7.899543e+01
9.970567e+13,6.161905e+01
1.104145e+14,5.243025e+01
9.958211e+12,7.899550e+01
7.789595e+13,6.408141e+01
1.119440e+14,6.606331e+01
2.402394e+13,2.468366e+01
6.932552e+13,6.750469e+01
4.237036e+13,3.669517e+01
6.131322e+13,7.899523e+01
2.716335e+13,2.396296e+01
1.203435e+14,4.594403e+01
3.025889e+13,2.906786e+01
3.798658e+13,7.891350e+01
1.784128e+13,7.899195e+01
1.400018e+13,7.899669e+01
1.202395e+13,7.899079e+01
1.342035e+13,7.899280e+01
1.905323e+13,7.899627e+01
1.341497e+13,6.285110e+01
1.191863e+14,4.131960e+01
4.135988e+13,4.318138e+01
1.939534e+14,7.339033e+01
2.940607e+13,3.135004e+01
2.633460e+13,4.999445e+00
3.442039e+15,8.000000e+01
3.442039e+15,8.000000e+01
3.442039e+15,8.000000e+01
3.442039e+15,8.000000e+01
6.758450e+13,6.636360e+01
3.919820e+13,3.723568e+01
2.134325e+14,5.615381e+01
2.054939e+13,6.113509e+01
6.970575e+13,4.930725e+01
2.084540e+13,7.899101e+01
2.289453e+13,7.899568e+01
4.110609e+13,2.888768e+01
1.006800e+14,5.273053e+01
1.474113e+13,7.896243e+01
2.172623e+13,7.899822e+01
1.279984e+13,7.899720e+01
2.838738e+13,7.897232e+01
2.944083e+13,2.858740e+01
1.638503e+13,7.898128e+01
4.276174e+13,4.396213e+01
3.021122e+13,3.092964e+01
3.538082e+13,7.899754e+01
1.446671e+13,7.899469e+01
4.895084e+13,5.525295e+01
2.033514e+13,7.899673e+01
3.203105e+14,8.000000e+01
5.592610e+13,3.849689e+01
4.841107e+13,3.885724e+01
1.762471e+13,7.898967e+01
4.320689e+13,2.984860e+01
1.021555e+14,7.899212e+01
1.032036e+13,7.899836e+01
2.835066e+13,3.498017e+01
1.433295e+14,8.000000e+01
1.497434e+13,7.913467e+01
1.762891e+13,1.951871e+01
1.320719e+13,7.899512e+01
3.140062e+13,3.867707e+01
1.102734e+14,7.899030e+01
2.994357e+14,6.900613e+01
5.810030e+13,3.801643e+01
2.298972e+13,7.899336e+01
1.113281e+13,7.899858e+01
1.171916e+13,7.899082e+01
5.735497e+14,3.300000e+01
4.404825e+13,3.501355e+01
5.197099e+14,8.000000e+01
4.663862e+13,4.990783e+01
4.663862e+13,4.990783e+01
3.769744e+14,8.000000e+01
2.268034e+13,2.444342e+01
2.412771e+13,5.000773e+00
1.311736e+13,7.899869e+01
1.105528e+14,4.907859e+01
1.105528e+14,8.000000e+01
7.427244e+13,8.000000e+01
1.498963e+13,1.399341e+01
1.730808e+13,7.896907e+01
1.968774e+13,7.894349e+01
3.348794e+14,8.000000e+01
1.810681e+13,5.000385e+00
3.008213e+13,7.897982e+01
4.204732e+13,1.900000e+01
1.998180e+13,7.891874e+01
3.893582e+13,4.029862e+01
2.237835e+13,7.899650e+01
2.371473e+13,7.899837e+01
2.689310e+13,2.099095e+01
2.777875e+13,2.948826e+01
1.278264e+14,4.228052e+01
3.278010e+13,7.898125e+01
4.947549e+13,7.896994e+01
2.659438e+13,2.576469e+01
3.216324e+13,7.899782e+01
7.431322e+13,6.522250e+01
7.156897e+13,5.861617e+01
3.749501e+13,3.044918e+01
2.808748e+14,8.000000e+01
3.918713e+13,3.050924e+01
7.418522e+13,3.801643e+01
2.079317e+13,7.897998e+01
3.305581e+13,3.435292e+01
1.208805e+13,7.899794e+01
2.356981e+13,2.444342e+01
1.410528e+14,7.423114e+01
1.237981e+19,8.000000e+01
1.237981e+19,8.000000e+01
2.472744e+13,7.890148e+01
1.980268e+13,7.895042e+01
2.932463e+13,7.898582e+01
1.528410e+13,7.899523e+01
1.291974e+13,7.899827e+01
3.644364e+13,2.858740e+01
1.380435e+14,8.000000e+01
3.107469e+13,6.542110e+01
3.089870e+14,8.000000e+01
2.357428e+13,2.594486e+01
8.035639e+13,7.435125e+01
1.621085e+13,4.999798e+00
3.266528e+13,7.898605e+01
5.930564e+13,3.681528e+01
6.682107e+13,5.194979e+01
3.186833e+14,8.000000e+01
2.963331e+14,8.000000e+01
2.963331e+14,8.000000e+01
2.186956e+14,7.867540e+01
2.186956e+14,7.867540e+01
1.856918e+13,7.899101e+01
1.989199e+14,7.218918e+01
9.223742e+13,5.158944e+01
4.191990e+14,8.000000e+01
6.597458e+13,4.153920e+01
6.597458e+13,6.528256e+01
1.591622e+13,7.899750e+01
1.821668e+13,7.899750e+01
1.145331e+14,3.895670e+01
2.238522e+13,7.898002e+01
1.549908e+13,7.899536e+01
3.342445e+13,3.135004e+01
1.031241e+14,5.182967e+01
3.589958e+13,3.020895e+01
1.821117e+13,7.897859e+01
1.027219e+13,7.899876e+01
1.867307e+13,7.898193e+01
4.692387e+13,3.483338e+01
1.203655e+13,7.895174e+01
4.976439e+13,5.219002e+01
1.475908e+14,7.555240e+01
1.335376e+18,8.000000e+01
1.335376e+18,8.000000e+01
6.075909e+13,4.107937e+01
2.351521e+13,2.624515e+01
3.612118e+16,8.000000e+01
3.092946e+13,3.044918e+01
1.436471e+14,5.951704e+01
1.232748e+13,7.899686e+01
1.140304e+13,7.899352e+01
8.505852e+13,7.146849e+01
3.626069e+13,3.405263e+01
4.850676e+13,4.017850e+01
2.690560e+14,6.402135e+01
4.451427e+13,3.945781e+01
2.561954e+13,6.098048e+01
1.793379e+14,6.570297e+01
3.025377e+13,7.890388e+01
1.338889e+13,7.899741e+01
2.072704e+13,7.895071e+01
5.938818e+13,5.014806e+01
1.363433e+13,7.899708e+01
9.956834e+12,7.899786e+01
3.774344e+13,2.898747e+01
2.001807e+14,6.858573e+01
6.274265e+13,5.411186e+01
3.366061e+13,7.899829e+01
9.360113e+12,7.899618e+01
1.396874e+13,7.899591e+01
4.608739e+13,3.945781e+01
9.146605e+12,7.895158e+01
1.845328e+13,7.899553e+01
2.003849e+13,7.893424e+01
9.760952e+12,7.898532e+01
1.762125e+13,7.913742e+01
1.136285e+14,5.020812e+01
4.624402e+13,3.303166e+01
2.548012e+13,7.897449e+01
5.396975e+13,4.786587e+01
1.160638e+13,1.499865e+01
2.710143e+13,3.110981e+01
1.923162e+13,2.059974e+01
7.059511e+13,4.270092e+01
6.501221e+13,5.489261e+01
6.501221e+13,5.489261e+01
8.758894e+13,2.700000e+01
2.706097e+13,2.900780e+01
6.031871e+13,3.525378e+01
2.762925e+13,3.465321e+01
1.483639e+13,7.898763e+01
5.959984e+13,4.216040e+01
1.391857e+13,4.508574e+01
5.968850e+13,4.444259e+01
4.154167e+13,3.873712e+01
4.280838e+13,4.047879e+01
1.427765e+14,8.000000e+01
1.427765e+14,8.000000e+01
4.442847e+13,7.899939e+01
4.442847e+13,7.899638e+01
1.750639e+13,7.881384e+01
1.291835e+13,7.902875e+01
9.434479e+12,7.899643e+01
1.693583e+14,7.925924e+01
1.693583e+14,8.000000e+01
2.767188e+13,2.930809e+01
1.315416e+13,7.899664e+01
2.098289e+15,8.000000e+01
3.030972e+13,3.074947e+01
2.704015e+13,2.828711e+01
1.926601e+13,7.899666e+01
1.130222e+14,8.000000e+01
1.955862e+13,7.898990e+01
3.472944e+13,7.899759e+01
3.166005e+14,8.000000e+01
3.649081e+13,3.195062e+01
4.694629e+14,8.000000e+01
4.694629e+14,8.000000e+01
4.694629e+14,8.000000e+01
1.199142e+13,7.899797e+01
1.143261e+14,8.000000e+01
1.143261e+14,8.000000e+01
1.917430e+13,5.000000e+00
1.955782e+14,4.288109e+01
7.251324e+13,3.525378e+01
1.974640e+13,2.090003e+01
2.244178e+13,7.899643e+01
6.944105e+13,7.899718e+01
6.944105e+13,5.369145e+01
1.188991e+14,4.210035e+01
5.206197e+13,7.899633e+01
4.754280e+13,5.056846e+01
1.473059e+14,5.987738e+01
4.891310e+14,6.203945e+01
1.449662e+13,7.899505e+01
2.064510e+14,8.000000e+01
2.064510e+14,8.000000e+01
8.618252e+12,7.899798e+01
3.396596e+13,3.603453e+01
1.210819e+14,4.888685e+01
5.060513e+13,3.753597e+01
7.913549e+13,4.143971e+01
3.273620e+13,4.998972e+00
4.903456e+13,4.528340e+01
1.887681e+13,7.899494e+01
6.192868e+13,7.899435e+01
3.691725e+13,2.810694e+01
1.566719e+14,5.531301e+01
4.622737e+13,7.899808e+01
4.622737e+13,4.083914e+01
7.716562e+14,8.000000e+01
3.148199e+13,7.625220e+01
2.456825e+13,7.899884e+01
2.456825e+13,7.899598e+01
1.087209e+13,7.897468e+01
2.556282e+14,6.065813e+01
4.953778e+13,5.993744e+01
2.192532e+13,7.899407e+01
6.828667e+13,7.902671e+01
6.828667e+13,7.939077e+01
4.217465e+13,3.507361e+01
4.291198e+13,3.891730e+01
1.212588e+14,6.912625e+01
1.040032e+14,5.519289e+01
1.607515e+16,8.000000e+01
4.993395e+13,5.579347e+01
4.993395e+13,5.579347e+01
2.152205e+13,7.893059e+01
1.754099e+13,7.898338e+01
3.196008e+13,3.213079e+01
2.936980e+13,4.999035e+00
2.415558e+13,7.898449e+01
2.959041e+13,7.899462e+01
1.016121e+13,7.897947e+01
2.364766e+13,2.534429e+01
4.487163e+13,4.342161e+01
1.810257e+13,7.899584e+01
1.005321e+13,7.899884e+01
1.863416e+14,5.987738e+01
1.891202e+13,7.893853e+01
3.138238e+13,7.862587e+01
1.091708e+14,4.293880e+01
8.954471e+13,7.603286e+01
8.954471e+13,7.603286e+01
2.715060e+13,2.954832e+01
1.433483e+13,7.898539e+01
2.422034e+13,7.897452e+01
2.195508e+13,7.890529e+01
1.683583e+14,4.594403e+01
7.675612e+13,5.128915e+01
1.232352e+14,3.497612e+01
3.493124e+13,4.998781e+00
2.367861e+13,1.897974e+01
4.034516e+13,7.899325e+01
1.629435e+13,4.999066e+00
3.230848e+13,2.906786e+01
1.999457e+13,7.899164e+01
2.587846e+13,7.923613e+01
6.288970e+13,7.895100e+01
1.388388e+13,7.899766e+01
9.251892e+13,6.624348e+01
9.251892e+13,6.624348e+01
1.553907e+13,7.899520e+01
2.705121e+13,2.546440e+01
6.720285e+13,4.137966e+01
3.534314e+14,8.000000e+01
3.534314e+14,8.000000e+01
3.534314e+14,8.000000e+01
3.534314e+14,8.000000e+01
2.537242e+14,8.000000e+01
8.866457e+14,8.000000e+01
5.849110e+13,4.846645e+01
5.185643e+14,8.000000e+01
5.185643e+14,8.000000e+01
1.148271e+13,7.898309e+01
5.370076e+13,3.459315e+01
1.003512e+14,8.000000e+01
1.003512e+14,8.000000e+01
1.538577e+13,7.899555e+01
7.318593e+13,4.810610e+01
6.209769e+13,7.898664e+01
4.025766e+13,4.630437e+01
4.352455e+13,7.899571e+01
3.211490e+13,3.014889e+01
2.814399e+13,7.899445e+01
1.686996e+13,7.899772e+01
6.058738e+13,6.257997e+01
6.862985e+13,6.576302e+01
3.397957e+13,2.744630e+01
4.499767e+13,3.519373e+01
1.776225e+13,7.897809e+01
8.695940e+13,6.762481e+01
3.033100e+13,3.497324e+01
1.489385e+13,7.898402e+01
2.963255e+13,7.897282e+01
3.358924e+13,2.654544e+01
1.149625e+13,7.898478e+01
1.723753e+13,7.899899e+01
4.334686e+13,3.327189e+01
1.714922e+13,7.899500e+01
1.530268e+14,4.912708e+01
4.853273e+13,3.399258e+01
7.483123e+13,4.546357e+01
5.802973e+13,5.134921e+01
8.861811e+13,4.149977e+01
2.581576e+13,7.845676e+01
4.663499e+13,6.161905e+01
2.140025e+13,2.288193e+01
1.854281e+13,7.899175e+01
1.124715e+14,6.017767e+01
1.041844e+14,8.000000e+01
1.041844e+14,8.000000e+01
4.736156e+13,3.579430e+01
6.265579e+13,3.363223e+01
1.006348e+14,4.810610e+01
2.121599e+15,8.000000e+01
2.325896e+14,5.969721e+01
2.055825e+14,6.077825e+01
5.935369e+13,5.579347e+01
8.144609e+13,4.252075e+01
3.121364e+13,1.900000e+01
1.897826e+15,7.963632e+01
7.237350e+13,4.936731e+01
2.843194e+14,3.873419e+01
1.598014e+14,5.801560e+01
2.708551e+14,5.795554e+01
5.882653e+13,5.951704e+01
4.155935e+13,3.056930e+01
5.023625e+13,5.000120e+00
1.694033e+13,7.896487e+01
4.841644e+13,4.246069e+01
7.904832e+13,7.899010e+01
2.639813e+13,3.285148e+01
1.103601e+13,7.901473e+01
1.137366e+13,7.898505e+01
8.319540e+13,6.774492e+01
5.910035e+13,3.855695e+01
1.319210e+13,7.898793e+01
1.662376e+13,7.899422e+01
3.869801e+14,8.000000e+01
3.869801e+14,8.000000e+01
5.850548e+13,4.258081e+01
1.322209e+14,7.801476e+01
1.322209e+14,7.801476e+01
1.134352e+13,7.896371e+01
1.145465e+13,7.899841e+01
3.619796e+13,4.999567e+00
9.222728e+13,5.945698e+01
1.857794e+13,7.899664e+01
1.431133e+13,7.891955e+01
1.424693e+13,7.899629e+01
2.874132e+13,4.999960e+00
1.721667e+14,5.056846e+01
3.660908e+14,8.000000e+01
3.660908e+14,8.000000e+01
1.809789e+14,8.000000e+01
1.809789e+14,8.000000e+01
1.819773e+14,8.000000e+01
1.185294e+13,7.899242e+01
4.469291e+14,8.000000e+01
4.469291e+14,8.000000e+01
2.930008e+13,7.897329e+01
3.135708e+13,2.792676e+01
1.704271e+13,7.899660e+01
8.315347e+13,4.606414e+01
3.174584e+13,7.899765e+01
1.986974e+13,7.898270e+01
1.627854e+14,8.000000e+01
1.627854e+14,8.000000e+01
1.279918e+14,8.000000e+01
2.049949e+13,7.899588e+01
2.885113e+13,3.423281e+01
2.867283e+13,3.074947e+01
2.360566e+14,8.000000e+01
1.113673e+13,7.899813e+01
9.200952e+14,8.000000e+01
1.987705e+14,6.378112e+01
2.177194e+13,7.892430e+01
3.750933e+13,2.966843e+01
1.692044e+13,7.894907e+01
2.072698e+13,7.899255e+01
6.340660e+13,3.543396e+01
2.497138e+13,2.360262e+01
7.033682e+13,5.861617e+01
2.398609e+13,7.896535e+01
2.306339e+14,5.369145e+01
1.099610e+13,2.700000e+01
4.558394e+13,3.237102e+01
3.681148e+13,2.756642e+01
8.851309e+13,6.582308e+01
2.946622e+13,3.038912e+01
5.949065e+13,5.000039e+00
2.200422e+13,7.899549e+01
1.465957e+13,7.899655e+01
2.295214e+13,7.899513e+01
1.504768e+13,7.899776e+01
1.104063e+14,8.000000e+01
1.104063e+14,5.000000e+00
3.651397e+13,4.999682e+00
8.050157e+13,4.432248e+01
4.594038e+13,7.898574e+01
4.594038e+13,7.899288e+01
5.132376e+13,3.447304e+01
1.122526e+14,8.000000e+01
2.040878e+13,7.896370e+01
2.257465e+13,7.899303e+01
2.776203e+13,2.792676e+01
1.329700e+13,7.899871e+01
1.540406e+14,5.116904e+01
1.228738e+13,7.899321e+01
5.661373e+13,4.089919e+01
7.377977e+13,4.816616e+01
2.194708e+13,7.899529e+01
1.034196e+13,7.899707e+01
2.121921e+13,2.384285e+01
5.503963e+13,6.666389e+01
7.918418e+13,4.155983e+01
1.325655e+13,7.898955e+01
3.342189e+13,7.934423e+01
2.102322e+13,7.899280e+01
9.382291e+12,7.899789e+01
1.371170e+13,7.899696e+01
1.538586e+14,8.000000e+01
6.851210e+13,6.065813e+01
1.013182e+13,7.899789e+01
2.312114e+13,7.899207e+01
1.193327e+13,7.899479e+01
7.622201e+14,8.000000e+01
1.619443e+13,5.000293e+00
3.700223e+15,8.000000e+01
4.298613e+13,3.399258e+01
8.008057e+13,4.306127e+01
3.189550e+13,2.972849e+01
1.833719e+13,7.898094e+01
7.788538e+13,3.783626e+01
2.144115e+16,8.000000e+01
2.144115e+16,8.000000e+01
2.144115e+16,8.000000e+01
2.144115e+16,8.000000e+01
2.070829e+13,7.842397e+01
1.211805e+14,6.582308e+01
1.597734e+14,8.000000e+01
7.299947e+13,3.729574e+01
2.146374e+13,7.898825e+01
4.701073e+13,3.309171e+01
1.233003e+14,5.933686e+01
1.564159e+14,4.654461e+01
2.906182e+13,3.098970e+01
8.390846e+13,7.339033e+01
7.822821e+13,4.822622e+01
3.686804e+13,7.936199e+01
1.684076e+13,7.895974e+01
3.311735e+14,6.125871e+01
3.475850e+15,7.351045e+01
2.056233e+13,7.899686e+01
1.703678e+14,7.675356e+01
1.456135e+13,7.899701e+01
1.611392e+13,2.298982e+01
1.676773e+14,8.000000e+01
1.676773e+14,8.000000e+01
1.426333e+13,7.899694e+01
2.847644e+14,7.717396e+01
2.882881e+13,2.708596e+01
1.751003e+15,8.000000e+01
1.751003e+15,8.000000e+01
6.394230e+13,5.459232e+01
5.178101e+13,4.912708e+01
2.224557e+14,8.000000e+01
3.620702e+13,3.056930e+01
2.390556e+14,7.447137e+01
1.597352e+14,4.786587e+01
4.503235e+14,6.023773e+01
3.606201e+13,7.899243e+01
1.410211e+13,7.899759e+01
1.924186e+14,6.354089e+01
4.016650e+13,3.255119e+01
5.997455e+13,6.648371e+01
1.957217e+13,7.899551e+01
1.095607e+14,4.492305e+01
6.577306e+14,6.942653e+01
8.673060e+13,5.309088e+01
3.791408e+14,6.059807e+01
5.187168e+14,7.807482e+01
4.263035e+13,5.000232e+00
4.263035e+13,5.000064e+00
1.821871e+13,5.720606e+01
6.152139e+13,5.110898e+01
3.934135e+13,4.462276e+01
2.076371e+13,7.899638e+01
2.298026e+13,2.558452e+01
8.114940e+13,6.245986e+01
2.315432e+13,7.899765e+01
1.217851e+13,7.899041e+01
4.958577e+13,3.393252e+01
1.515738e+13,6.310754e+01
6.579907e+13,3.537390e+01
4.135775e+13,4.264086e+01
4.890373e+13,4.125954e+01
5.215275e+13,3.657505e+01
1.032157e+13,7.899740e+01
2.651021e+13,2.594486e+01
2.923677e+14,7.339033e+01
1.993975e+13,7.899735e+01
1.727109e+13,7.899708e+01
2.326245e+14,8.000000e+01
2.326245e+14,8.000000e+01
1.008490e+14,5.939692e+01
2.316803e+13,2.438337e+01
7.876789e+13,4.174000e+01
1.675844e+14,6.654377e+01
1.996119e+13,7.897612e+01
1.807789e+13,7.896222e+01
2.984852e+14,7.999666e+01
2.157680e+13,7.886923e+01
2.530560e+14,8.000000e+01
2.530560e+14,8.000000e+01
3.372359e+13,7.899289e+01
3.372359e+13,5.000000e+00
1.394514e+13,7.899797e+01
1.197350e+14,4.870668e+01
1.813147e+14,8.000000e+01
1.043192e+13,7.899287e+01
6.505114e+13,4.174000e+01
5.766074e+13,4.612420e+01
1.340666e+13,7.899819e+01
1.401734e+13,7.896217e+01
7.470323e+13,4.336155e+01
3.875838e+13,3.933770e+01
1.697116e+14,5.465238e+01
4.485692e+13,7.899190e+01
4.485692e+13,7.899520e+01
1.598188e+14,8.000000e+01
1.598188e+14,8.000000e+01
1.362030e+13,7.899535e+01
4.510637e+13,3.843684e+01
3.192271e+14,8.000000e+01
1.205497e+14,8.000000e+01
4.801444e+13,4.660466e+01
1.200596e+13,7.899819e+01
1.829502e+13,5.000000e+00
1.969735e+13,4.999957e+00
2.966352e+13,7.899329e+01
3.359858e+13,3.171039e+01
2.821428e+13,2.996872e+01
2.961711e+13,2.510406e+01
2.823490e+13,7.899755e+01
3.170074e+14,8.000000e+01
2.536386e+13,2.552446e+01
1.018872e+14,8.000000e+01
3.516236e+13,3.110981e+01
5.143489e+13,7.892733e+01
1.370232e+14,7.615298e+01
1.531185e+13,7.899556e+01
1.271640e+14,8.000000e+01
1.271640e+14,8.000000e+01
1.271640e+14,8.000000e+01
6.751404e+14,5.999750e+01
2.503961e+14,8.000000e+01
1.725331e+13,7.895007e+01
2.408183e+13,2.564458e+01
2.041510e+14,8.000000e+01
2.041510e+14,8.000000e+01
2.368457e+13,7.899776e+01
4.119044e+13,5.000240e+00
9.003277e+13,8.000000e+01
9.003277e+13,5.000000e+00
2.683154e+15,7.182884e+01
6.765201e+13,3.663511e+01
3.121801e+13,2.978855e+01
1.816628e+14,5.711473e+01
7.736981e+13,4.210035e+01
1.205217e+13,7.892739e+01
7.131283e+13,4.294115e+01
1.001333e+14,7.272970e+01
6.897158e+13,8.000000e+01
6.897158e+13,4.999992e+00
5.810513e+13,5.145493e+01
9.983679e+12,7.898953e+01
3.724186e+14,6.173917e+01
2.970398e+13,3.459315e+01
3.493678e+13,3.165033e+01
2.221419e+13,7.899685e+01
1.939986e+13,7.880634e+01
2.547927e+14,8.000000e+01
2.206191e+14,8.000000e+01
1.410685e+13,7.895357e+01
2.889076e+13,7.899513e+01
3.207237e+13,4.414230e+01
7.040549e+13,6.654377e+01
7.040549e+13,6.654377e+01
1.424669e+16,8.000000e+01
2.330413e+13,7.899662e+01
1.093251e+13,7.899806e+01
6.238073e+17,8.000000e+01
6.238073e+17,8.000000e+01
1.696879e+13,1.975894e+01
1.191745e+14,7.194895e+01
1.037715e+13,7.896772e+01
1.264863e+14,5.243025e+01
1.698903e+13,7.899653e+01
1.059846e+14,8.000000e+01
3.346660e+13,4.999770e+00
5.740521e+13,4.396213e+01
5.522003e+13,5.050840e+01
1.633041e+13,7.894766e+01
6.552394e+13,4.041873e+01
2.461944e+13,5.000000e+00
1.771929e+14,8.000000e+01
5.684251e+13,3.447304e+01
2.329380e+13,7.899469e+01
2.172304e+13,7.899771e+01
1.005310e+15,6.840556e+01
2.733156e+13,7.899449e+01
2.159194e+14,8.000000e+01
2.159194e+14,8.000000e+01
4.309188e+13,3.195062e+01
4.102219e+13,7.899488e+01
1.819877e+13,7.897932e+01
2.178201e+13,7.899484e+01
2.239871e+13,4.999400e+00
5.844399e+13,3.153022e+01
2.842897e+13,7.899480e+01
1.929241e+13,7.893871e+01
8.902034e+13,4.143971e+01
2.879517e+13,4.999919e+00
2.020993e+13,7.899623e+01
1.116620e+14,5.002794e+01
1.624595e+13,7.898785e+01
1.277130e+13,6.467200e+01
6.078662e+13,4.432248e+01
1.713346e+13,2.108468e+01
1.435642e+13,7.897016e+01
1.504617e+13,7.899766e+01
1.109963e+13,7.899020e+01
4.473270e+13,4.161989e+01
4.289957e+13,3.555407e+01
1.958880e+14,8.000000e+01
4.106390e+13,7.899859e+01
5.323974e+13,3.705551e+01
6.649292e+13,4.834633e+01
8.922862e+12,4.999511e+00
2.132027e+13,2.099817e+01
6.027640e+13,6.185928e+01
5.116130e+13,3.945781e+01
2.137288e+13,2.282187e+01
2.425785e+13,2.540435e+01
1.863192e+13,7.896381e+01
1.094493e+14,6.432164e+01
1.328299e+13,7.899535e+01
2.422489e+13,2.474371e+01
3.363612e+14,8.000000e+01
1.378723e+13,7.899090e+01
1.729050e+13,7.896728e+01
2.140976e+13,2.420319e+01
3.382013e+13,2.618509e+01
1.219519e+13,7.899029e+01
1.438728e+13,7.899799e+01
1.480654e+13,7.898992e+01
3.994177e+13,3.423281e+01
2.860272e+13,7.897730e+01
2.374066e+13,2.552446e+01
1.980468e+13,7.899006e+01
1.458093e+13,7.899877e+01
3.529385e+13,3.849689e+01
2.365044e+13,2.468366e+01
1.676162e+13,7.899807e+01
1.682255e+13,7.899816e+01
4.790520e+13,2.499622e+01
6.598444e+13,3.435292e+01
1.860577e+14,5.501272e+01
1.020737e+13,7.897356e+01
2.921250e+13,2.504400e+01
1.581307e+14,8.000000e+01
1.581307e+14,8.000000e+01
1.078467e+13,7.893885e+01
3.184403e+13,7.899165e+01
1.551265e+13,7.899666e+01
3.541078e+13,2.990866e+01
1.603619e+14,8.000000e+01
7.640852e+13,5.783543e+01
1.214941e+13,7.899480e+01
4.327692e+13,7.898795e+01
1.649891e+13,7.899633e+01
2.192906e+13,7.899837e+01
2.743191e+13,2.786671e+01
4.353020e+13,3.579430e+01
3.379980e+13,7.899185e+01
9.958332e+12,7.899634e+01
4.125107e+13,3.116987e+01
8.059147e+13,4.834633e+01
5.240776e+13,3.525378e+01
1.869024e+13,7.899498e+01
2.606237e+14,8.000000e+01
2.344602e+13,2.768653e+01
1.211015e+13,7.899804e+01
1.164586e+13,7.899716e+01
6.141583e+13,3.783626e+01
5.436817e+13,3.435292e+01
5.551882e+13,3.873712e+01
1.492767e+14,6.107853e+01
2.530962e+13,2.822705e+01
9.051460e+13,6.762481e+01
9.051460e+13,6.762481e+01
7.255172e+13,8.000000e+01
1.947449e+13,7.899433e+01
5.030694e+13,3.279143e+01
1.733458e+13,7.899049e+01
2.741986e+13,7.899532e+01
2.060291e+13,7.899746e+01
1.218230e+14,8.000000e+01
1.464226e+14,5.681445e+01
2.160472e+13,7.899811e+01
1.112001e+13,7.899630e+01
1.173624e+14,5.585353e+01
5.853060e+13,4.564374e+01
5.511037e+13,7.899611e+01
4.245123e+13,4.276098e+01
3.761458e+13,7.899152e+01
1.864309e+13,7.898916e+01
1.377036e+14,7.327022e+01
1.377036e+14,7.327022e+01
1.883896e+13,6.516500e+01
2.790751e+13,7.896329e+01
1.547867e+13,7.899790e+01
3.732719e+13,3.092964e+01
1.388563e+14,4.870668e+01
4.368545e+13,3.963799e+01
1.225009e+14,4.924720e+01
2.639194e+13,7.899275e+01
1.738500e+13,5.000167e+00
1.623377e+13,7.898886e+01
4.670594e+13,4.684489e+01
3.534125e+13,3.339200e+01
2.454550e+14,8.000000e+01
2.454550e+14,8.000000e+01
1.069370e+14,8.000000e+01
1.861396e+13,7.899511e+01
9.375610e+12,7.653463e+01
2.534764e+13,2.606498e+01
2.826525e+13,7.899220e+01
3.364278e+13,7.897012e+01
2.441979e+13,7.897921e+01
4.233502e+13,3.296812e+01
3.197515e+13,3.086958e+01
3.450798e+14,7.050757e+01
2.014157e+14,5.855612e+01
7.848360e+13,4.984777e+01
1.970881e+13,3.892421e+01
2.171873e+13,7.897328e+01
1.463831e+13,7.899492e+01
2.675830e+13,3.225091e+01
1.756057e+13,7.892968e+01
7.690923e+13,4.486299e+01
3.460035e+13,2.804688e+01
1.206151e+13,7.899799e+01
5.735105e+13,5.000006e+00
5.735105e+13,7.895222e+01
1.748144e+13,7.899071e+01
3.328280e+13,7.899868e+01
2.766586e+13,2.726613e+01
3.712316e+13,3.729574e+01
6.247621e+13,5.549318e+01
1.650407e+13,7.897600e+01
1.559117e+13,7.899478e+01
3.535871e+13,3.159027e+01
1.202172e+14,7.891563e+01
3.411570e+13,7.899104e+01
9.603963e+12,7.899844e+01
1.168446e+13,7.899829e+01
3.016566e+13,2.600492e+01
2.346149e+13,2.516412e+01
2.761909e+13,7.898665e+01
2.780189e+13,2.780665e+01
9.078069e+13,6.660383e+01
2.000736e+14,8.000000e+01
2.000736e+14,8.000000e+01
1.789915e+13,7.899586e+01
2.688680e+13,2.396296e+01
6.870880e+13,6.071819e+01
3.609603e+13,2.858740e+01
4.449800e+13,3.273137e+01
3.274452e+13,3.273137e+01
5.720732e+13,7.910819e+01
4.842344e+13,5.753514e+01
1.648729e+13,7.891781e+01
4.848500e+13,3.939776e+01
2.559322e+18,8.000000e+01
6.589890e+13,3.543396e+01
1.485251e+14,5.345122e+01
1.202027e+14,5.249030e+01
1.814308e+14,7.339033e+01
3.531891e+13,3.615465e+01
5.006856e+13,3.116987e+01
3.367927e+13,3.639488e+01
2.977487e+13,2.978855e+01
3.265206e+13,2.936814e+01
2.745737e+14,6.029779e+01
2.009953e+13,7.893423e+01
5.172630e+13,4.690495e+01
3.167100e+13,3.261125e+01
2.499197e+13,4.999257e+00
1.755466e+13,7.899462e+01
8.441124e+13,4.011845e+01
1.610875e+13,7.898830e+01
1.463631e+14,8.000000e+01
2.276933e+13,2.420319e+01
2.048857e+14,8.000000e+01
9.329845e+13,5.002794e+01
1.871666e+14,8.000000e+01
1.122541e+14,6.906619e+01
4.349453e+13,3.261125e+01
1.621559e+13,7.898167e+01
9.440477e+12,7.898790e+01
2.011082e+13,2.222130e+01
1.438967e+13,7.899633e+01
2.662147e+13,7.897429e+01
3.175760e+13,3.032907e+01
9.185933e+12,7.899718e+01
3.027234e+13,2.636527e+01
2.647084e+13,2.654544e+01
2.979710e+13,7.899481e+01
1.006169e+14,7.621304e+01
9.100538e+13,5.194979e+01
6.654724e+13,3.831672e+01
8.790099e+13,7.899594e+01
3.068409e+13,3.315177e+01
5.867439e+13,5.621387e+01
1.493213e+13,5.000293e+00
2.511136e+13,7.894489e+01
5.388163e+13,4.131960e+01
1.566110e+13,7.899308e+01
4.901083e+13,2.990866e+01
9.628939e+13,8.000000e+01
9.628939e+13,5.000013e+00
9.628939e+13,4.999988e+00
3.262869e+13,4.999427e+00
2.607050e+13,7.899687e+01
1.564623e+13,7.898951e+01
1.767223e+13,7.899664e+01
4.573602e+14,8.000000e+01
3.235749e+13,3.309171e+01
2.351506e+13,2.600492e+01
3.208239e+13,2.098032e+01
5.042262e+13,3.381240e+01
3.979183e+13,7.899681e+01
3.312229e+14,8.000000e+01
3.312229e+14,8.000000e+01
3.765748e+13,3.195062e+01
1.817692e+14,5.086875e+01
1.055030e+14,4.101931e+01
1.598543e+13,7.899585e+01
1.080003e+13,4.505318e+01
1.456279e+13,7.896827e+01
1.223579e+14,4.432248e+01
8.668486e+13,5.777537e+01
1.366008e+13,7.899426e+01
1.246646e+13,7.899514e+01
2.951876e+13,2.318222e+01
1.707484e+13,7.899639e+01
3.232828e+13,3.591442e+01
6.549284e+13,6.756475e+01
6.832644e+15,5.867623e+01
2.469602e+13,7.895616e+01
1.782997e+14,8.000000e+01
1.782997e+14,8.000000e+01
2.463701e+13,2.498394e+01
1.530023e+13,7.899864e+01
2.771437e+14,5.164950e+01
1.092102e+13,7.899528e+01
2.471299e+13,7.911109e+01
4.656423e+14,7.465154e+01
1.427410e+14,6.209951e+01
4.462867e+13,3.080953e+01
2.473824e+14,5.279059e+01
3.973333e+13,4.408225e+01
1.346126e+13,7.899431e+01
1.395408e+13,7.881396e+01
1.312593e+14,6.684406e+01
1.379276e+13,7.899767e+01
9.154025e+13,8.000000e+01
9.154025e+13,8.000000e+01
2.025927e+13,2.216124e+01
2.968667e+13,2.804688e+01
2.415613e+13,2.750636e+01
3.484123e+14,3.100000e+01
6.436484e+13,3.585436e+01
7.776143e+13,4.896283e+01
1.925805e+13,7.899558e+01
8.650769e+13,7.345039e+01
9.070824e+13,5.206990e+01
1.869615e+14,8.000000e+01
1.869615e+14,8.000000e+01
1.307787e+13,7.899643e+01
1.888108e+13,7.913422e+01
7.085800e+13,4.678484e+01
5.184934e+13,4.978771e+01
1.067977e+13,7.899876e+01
2.153365e+13,5.000201e+00
2.205657e+13,7.894202e+01
1.381032e+13,7.897256e+01
2.740855e+13,2.846728e+01
1.194621e+13,7.897067e+01
3.058850e+13,7.897434e+01
3.349501e+13,3.141010e+01
1.328902e+14,7.899068e+01
2.983182e+13,5.252263e+01
4.398792e+13,7.894714e+01
2.187563e+13,7.899637e+01
2.422909e+13,7.899731e+01
3.177794e+13,3.273137e+01
2.120672e+13,2.228135e+01
1.021049e+14,8.000000e+01
1.021049e+14,8.000000e+01
3.993299e+13,2.888768e+01
1.278534e+13,7.899752e+01
5.770933e+13,3.405263e+01
2.482319e+13,4.999574e+00
2.997114e+14,8.000000e+01
2.997114e+14,8.000000e+01
2.997114e+14,8.000000e+01
2.997114e+14,8.000000e+01
2.997114e+14,8.000000e+01
3.999100e+13,3.327189e+01
1.151976e+13,7.899366e+01
2.741590e+13,2.822705e+01
1.541157e+14,4.810610e+01
6.905448e+13,5.279059e+01
1.309471e+13,7.898766e+01
3.019868e+14,8.000000e+01
6.311103e+13,3.741586e+01
1.277039e+13,7.899382e+01
7.151547e+13,7.110815e+01
9.168577e+13,4.564374e+01
8.613594e+13,5.200984e+01
1.438005e+13,5.098318e+01
3.239510e+13,7.897622e+01
4.221980e+14,8.000000e+01
9.920406e+14,8.000000e+01
1.255962e+13,4.999233e+00
4.113251e+13,6.870061e+01
2.688307e+13,5.000019e+00
3.445668e+13,3.783626e+01
1.613524e+13,7.899699e+01
7.916140e+13,5.471243e+01
2.144945e+13,7.899264e+01
1.177216e+13,7.899012e+01
2.370540e+13,2.504400e+01
6.070585e+13,5.008800e+01
7.672911e+13,3.705551e+01
6.626141e+13,6.372107e+01
5.627088e+14,8.000000e+01
5.627088e+14,8.000000e+01
2.286706e+14,7.453143e+01
1.777898e+13,7.899273e+01
1.227726e+14,8.000000e+01
1.227726e+14,8.000000e+01
1.835335e+18,8.000000e+01
1.835335e+18,8.000000e+01
2.482140e+13,5.700000e+01
6.363340e+13,3.531384e+01
3.345502e+13,2.900780e+01
4.643482e+13,4.420236e+01
2.211205e+13,4.999038e+00
5.499256e+13,4.510322e+01
1.711307e+14,6.203945e+01
3.366124e+13,4.065896e+01
2.536191e+13,7.898661e+01
9.701033e+13,4.948743e+01
4.399173e+13,7.899408e+01
2.026473e+13,7.898105e+01
2.026487e+13,7.893842e+01
5.435334e+13,2.966843e+01
3.119301e+13,3.092964e+01
2.401309e+15,8.000000e+01
3.543214e+13,2.342245e+01
4.666991e+14,6.750469e+01
1.872959e+14,7.351045e+01
3.728412e+13,2.858740e+01
2.010009e+14,5.609376e+01
4.657716e+13,5.511832e+01
3.442013e+13,3.261125e+01
5.676134e+13,2.096975e+01
6.342663e+13,5.465238e+01
3.087979e+13,1.893223e+01
8.401308e+12,7.899853e+01
6.753881e+13,4.420236e+01
4.027895e+13,2.299468e+01
3.365278e+13,7.899401e+01
4.485759e+13,4.348167e+01
2.640389e+13,2.216124e+01
8.522430e+13,3.765609e+01
2.017997e+13,7.899570e+01
1.204357e+13,7.899606e+01
1.837686e+14,7.969638e+01
2.251309e+14,7.465154e+01
1.795321e+13,2.090003e+01
3.945750e+13,3.957793e+01
1.599066e+13,7.898636e+01
1.641934e+13,7.898997e+01
2.489652e+13,7.899599e+01
1.908289e+13,7.898578e+01
5.983398e+13,6.495938e+01
5.312293e+13,6.612337e+01
5.312293e+13,6.612337e+01
4.455059e+13,7.896110e+01
3.944508e+16,8.000000e+01
2.181179e+13,7.899263e+01
1.064297e+13,7.899755e+01
2.212104e+13,7.899630e+01
1.755795e+13,7.859320e+01
1.490196e+13,7.895970e+01
4.127571e+13,7.898574e+01
7.723139e+13,6.276015e+01
1.652203e+13,7.899560e+01
1.400318e+13,7.908246e+01
4.377241e+13,6.499802e+01
1.139842e+14,6.900000e+01
9.412581e+13,4.942737e+01
2.985903e+13,2.774659e+01
9.930987e+12,7.903522e+01
3.352160e+13,3.969804e+01
3.290524e+13,3.249114e+01
3.221309e+13,3.020895e+01
1.905662e+13,2.712174e+01
1.349735e+13,7.899000e+01
4.166942e+14,8.000000e+01
4.166942e+14,8.000000e+01
2.317899e+13,7.899675e+01
4.958515e+14,7.891563e+01
2.186947e+13,7.899474e+01
9.475209e+12,7.899850e+01
4.676007e+13,2.300000e+01
2.577552e+13,4.997957e+00
1.302711e+13,7.848191e+01
1.846242e+15,8.000000e+01
1.846242e+15,8.000000e+01
3.737361e+13,3.285148e+01
7.073922e+13,4.999945e+00
1.401897e+14,4.342161e+01
7.927878e+13,4.083914e+01
2.974753e+13,7.899417e+01
3.210641e+13,7.899415e+01
2.450441e+14,7.471160e+01
6.709223e+13,4.348167e+01
4.012620e+13,3.357217e+01
3.131749e+14,7.513200e+01
4.674512e+13,3.621471e+01
2.883893e+14,8.000000e+01
2.079836e+13,2.738625e+01
2.287111e+13,7.899631e+01
3.780895e+13,3.519373e+01
3.366844e+13,3.056930e+01
2.274318e+13,6.050056e+01
2.677858e+14,6.119865e+01
2.411468e+14,6.306043e+01
1.131573e+13,1.300000e+01
1.875818e+13,7.896774e+01
1.719441e+13,7.897166e+01
1.783630e+13,7.898686e+01
2.737416e+14,8.000000e+01
3.134724e+13,7.893763e+01
1.825195e+13,7.897757e+01
1.259004e+14,6.534262e+01
9.257291e+12,3.905097e+01
5.822405e+13,4.113943e+01
1.184918e+13,4.999890e+00
2.098493e+13,7.898924e+01
1.057640e+13,7.892101e+01
8.214002e+13,7.783459e+01
1.062300e+14,7.218918e+01
1.062300e+14,7.218918e+01
1.057616e+14,6.480210e+01
1.551794e+13,7.899710e+01
4.104332e+13,3.705551e+01
1.957334e+13,7.897126e+01
2.394838e+13,7.899679e+01
3.252465e+13,4.999437e+00
8.454425e+13,7.899522e+01
1.229392e+15,8.000000e+01
1.494330e+14,5.741502e+01
1.740872e+15,8.000000e+01
3.573532e+13,7.890859e+01
9.959462e+13,4.606414e+01
3.396229e+13,4.174000e+01
1.900403e+13,7.898891e+01
2.630673e+13,2.936814e+01
3.215062e+13,7.899403e+01
1.878104e+13,7.899567e+01
2.566125e+13,2.420319e+01
1.258402e+13,7.899146e+01
1.852162e+13,7.899587e+01
6.940919e+13,5.615381e+01
2.236246e+14,7.224924e+01
7.344506e+13,4.960754e+01
2.253409e+13,7.899867e+01
1.681118e+13,7.899573e+01
5.355415e+13,3.633482e+01
2.713959e+13,7.899273e+01
2.508985e+13,7.899625e+01
4.598083e+13,4.546357e+01
2.650101e+13,7.899506e+01
1.500392e+13,5.000098e+00
2.656365e+13,7.899721e+01
1.264574e+13,6.686963e+01
3.272967e+13,3.068941e+01
1.323608e+13,7.895797e+01
2.438520e+13,2.498394e+01
2.075527e+14,8.000000e+01
2.075527e+14,8.000000e+01
1.838383e+13,7.898190e+01
3.011366e+14,8.000000e+01
3.011366e+14,8.000000e+01
3.011366e+14,8.000000e+01
3.011366e+14,8.000000e+01
4.871765e+13,3.849689e+01
1.900840e+13,7.899320e+01
1.481214e+17,8.000000e+01
3.265205e+13,3.002878e+01
2.649887e+13,2.618509e+01
2.750527e+14,7.531217e+01
1.241357e+13,7.899617e+01
4.577625e+13,3.855695e+01
1.290442e+13,4.677443e+01
3.585496e+13,3.381240e+01
2.295419e+14,5.309088e+01
2.052958e+13,2.240147e+01
1.795021e+13,7.895369e+01
4.995629e+13,3.261125e+01
4.828586e+13,3.987822e+01
2.427380e+13,7.897880e+01
7.132890e+13,4.999508e+00
7.132890e+13,5.000127e+00
1.009531e+14,6.257997e+01
3.531857e+13,3.135004e+01
1.630265e+13,7.899649e+01
7.474900e+13,5.963715e+01
2.706588e+14,7.945615e+01
4.813943e+13,4.480294e+01
4.529134e+14,8.000000e+01
4.529134e+14,8.000000e+01
9.296309e+19,8.000000e+01
9.296309e+19,8.000000e+01
1.936117e+14,8.000000e+01
1.936117e+14,8.000000e+01
9.546809e+12,7.899117e+01
3.105214e+13,7.897982e+01
2.718489e+13,3.597448e+01
2.805407e+13,2.738625e+01
3.160110e+13,2.900780e+01
4.443060e+13,4.071902e+01
7.226154e+13,5.471243e+01
2.620768e+13,7.897387e+01
1.388678e+14,5.212996e+01
1.776229e+14,6.750469e+01
5.250045e+14,6.846561e+01
6.633774e+13,4.594403e+01
1.694480e+15,7.513200e+01
1.385065e+14,4.894691e+01
2.098094e+13,7.899469e+01
6.776406e+14,8.000000e+01
6.776406e+14,8.000000e+01
6.776406e+14,8.000000e+01
6.423258e+13,5.591358e+01
3.635893e+13,7.895976e+01
1.389027e+14,8.000000e+01
6.670532e+13,6.912625e+01
9.075245e+13,4.684489e+01
2.055374e+13,7.896278e+01
1.711334e+13,7.899178e+01
3.925111e+13,7.920302e+01
1.052609e+15,6.966676e+01
3.312990e+13,7.899425e+01
7.215463e+14,8.000000e+01
6.960422e+13,4.534345e+01
9.646739e+13,7.693373e+01
2.045540e+13,2.312216e+01
1.910494e+13,7.899812e+01
3.955184e+13,7.886564e+01
1.074494e+14,8.000000e+01
1.074494e+14,8.000000e+01
1.875512e+13,7.899302e+01
2.467674e+13,7.899719e+01
4.168278e+14,8.000000e+01
4.826754e+13,3.002878e+01
1.249118e+14,6.276015e+01
7.555916e+13,4.594403e+01
2.864297e+13,7.934268e+01
5.091675e+13,7.899819e+01
5.091675e+13,7.675356e+01
8.455127e+13,6.366101e+01
2.841376e+13,5.000000e+00
1.606531e+13,7.898992e+01
4.257446e+13,3.513367e+01
1.329497e+13,7.899846e+01
3.914779e+13,4.330150e+01
4.238102e+13,4.570380e+01
4.710559e+13,4.222046e+01
1.924842e+14,8.000000e+01
1.924842e+14,8.000000e+01
1.769137e+13,1.873796e+01
5.920226e+13,7.895739e+01
2.738865e+13,2.899022e+01
9.715101e+13,5.152938e+01
1.969826e+13,7.899510e+01
3.929129e+17,8.000000e+01
2.007711e+13,2.240147e+01
1.009023e+14,5.567335e+01
5.070773e+15,8.000000e+01
1.316253e+14,5.050840e+01
1.109722e+14,2.298581e+01
4.769527e+13,7.899757e+01
5.228440e+13,7.899457e+01
1.908898e+13,7.899490e+01
2.135940e+13,7.899815e+01
1.090008e+13,7.899294e+01
9.276666e+13,2.913220e+01
9.668283e+13,8.000000e+01
1.256555e+13,7.898439e+01
1.871883e+15,8.000000e+01
6.472273e+13,6.582308e+01
6.472273e+13,6.582308e+01
3.763482e+13,3.141010e+01
1.786977e+14,5.501272e+01
1.597998e+13,7.899334e+01
4.985645e+13,3.375235e+01
5.646465e+13,4.011845e+01
1.430773e+14,6.312049e+01
3.681092e+13,3.014889e+01
8.695396e+14,8.000000e+01
2.414975e+13,1.898474e+01
9.580416e+13,3.867707e+01
3.323567e+13,5.000027e+00
2.051250e+13,7.837792e+01
7.295112e+13,3.951787e+01
2.118090e+13,7.899535e+01
1.148622e+13,7.899272e+01
1.261627e+14,6.660383e+01
4.011912e+13,3.207073e+01
1.449856e+13,7.899710e+01
5.383229e+13,4.600409e+01
9.867563e+12,6.288656e+01
1.564221e+13,7.899686e+01
3.515601e+13,3.459315e+01
8.665349e+12,7.897709e+01
5.093132e+13,5.000119e+00
5.093132e+13,7.886297e+01
3.750349e+13,4.222046e+01
9.668694e+13,4.792593e+01
6.041819e+13,5.068858e+01
9.127665e+13,4.204029e+01
1.932070e+14,8.000000e+01
2.145165e+13,5.123097e+01
1.556500e+13,5.000321e+00
1.105030e+13,7.899633e+01
4.306522e+13,3.681528e+01
4.410910e+13,3.116987e+01
1.673264e+13,7.898805e+01
1.535763e+13,7.899568e+01
2.847070e+14,5.700000e+01
1.627560e+14,6.173917e+01
1.957128e+13,7.895042e+01
5.828461e+13,7.897837e+01
1.887933e+14,8.000000e+01
4.530799e+13,3.219085e+01
1.184260e+13,7.899772e+01
5.312968e+13,4.768570e+01
5.472441e+13,4.294115e+01
5.282037e+13,4.576386e+01
4.295951e+13,3.627476e+01
2.784976e+13,7.898201e+01
4.115027e+14,8.000000e+01
4.115027e+14,8.000000e+01
4.029937e+13,7.899507e+01
7.983669e+13,4.618426e+01
1.525569e+13,7.898439e+01
3.828542e+13,3.237102e+01
2.318798e+13,2.594486e+01
2.137276e+14,8.000000e+01
1.929470e+14,5.375151e+01
2.472028e+13,2.624515e+01
2.149836e+13,7.899510e+01
2.860057e+13,2.792676e+01
6.533504e+14,7.675356e+01
1.139150e+14,6.294032e+01
8.352185e+13,6.282020e+01
1.804696e+13,7.899528e+01
2.516565e+13,1.891807e+01
8.623265e+13,7.122826e+01
8.623265e+13,7.122826e+01
1.845631e+13,7.897498e+01
9.571448e+13,7.681361e+01
1.866458e+13,7.899186e+01
8.229784e+12,7.899484e+01
9.343854e+12,7.899876e+01
1.264589e+13,7.899398e+01
3.189763e+13,6.786394e+01
1.014482e+14,5.759520e+01
1.314017e+13,7.899315e+01
7.615355e+13,7.867540e+01
2.992760e+13,7.899705e+01
1.383824e+13,7.899773e+01
1.518948e+13,7.899784e+01
9.560560e+12,7.896914e+01
1.840187e+14,5.056846e+01
1.079660e+13,7.896373e+01
2.242093e+14,8.000000e+01
1.663675e+13,7.899750e+01
1.306209e+13,7.888540e+01
3.194797e+13,3.183050e+01
8.822181e+14,8.000000e+01
1.100809e+14,4.720524e+01
1.751731e+13,7.899650e+01
2.522811e+13,2.774659e+01
1.746228e+13,7.899742e+01
1.540104e+14,8.000000e+01
1.063471e+14,8.000000e+01
1.063471e+14,8.000000e+01
4.449842e+13,7.899496e+01
7.501744e+14,7.597281e+01
1.955782e+14,7.387079e+01
2.500178e+13,2.720607e+01
1.989643e+13,7.899080e+01
8.445744e+12,7.899646e+01
1.255473e+14,4.999931e+00
1.255473e+14,7.896598e+01
1.807772e+13,7.899478e+01
4.740015e+13,4.500590e+01
1.829367e+13,7.899762e+01
1.984021e+13,2.099313e+01
1.259445e+14,5.867623e+01
5.675387e+14,4.684489e+01
4.475025e+13,3.717563e+01
1.292704e+13,7.899436e+01
2.821692e+13,2.834717e+01
2.179305e+13,7.899256e+01
1.045417e+14,6.143888e+01
1.045417e+14,6.143888e+01
4.478999e+13,3.573425e+01
1.782101e+13,7.899527e+01
6.718266e+13,7.899472e+01
1.481681e+13,7.898752e+01
6.478111e+12,7.899782e+01
1.497902e+14,5.495266e+01
1.395226e+14,7.899684e+01
1.395226e+14,7.899925e+01
1.395226e+14,8.000000e+01
6.383467e+13,3.609459e+01
1.821260e+13,7.899153e+01
1.152033e+13,7.899769e+01
1.185874e+14,8.000000e+01
4.835560e+13,4.594403e+01
6.982261e+13,3.843684e+01
1.064529e+13,7.899775e+01
3.154339e+13,7.899422e+01
9.782363e+13,8.000000e+01
9.782363e+13,8.000000e+01
1.632957e+13,7.899652e+01
1.578373e+13,7.895944e+01
1.615776e+15,8.000000e+01
1.615776e+15,8.000000e+01
1.154729e+13,7.899700e+01
3.404675e+13,2.882763e+01
4.401648e+13,4.047879e+01
7.719621e+13,5.000014e+00
7.719621e+13,8.000000e+01
1.187373e+14,8.000000e+01
2.474705e+13,4.998935e+00
2.157898e+14,7.176878e+01
3.096312e+13,4.298603e+01
9.671515e+13,3.699545e+01
1.652913e+14,8.000000e+01
2.719868e+13,3.110981e+01
8.390926e+13,4.161989e+01
1.137522e+13,7.899562e+01
7.034272e+13,6.071819e+01
7.034272e+13,6.071819e+01
7.864970e+13,4.636443e+01
1.297139e+13,7.899350e+01
5.078085e+13,3.207073e+01
7.373728e+13,4.630437e+01
7.460686e+13,7.068774e+01
1.143462e+13,7.899666e+01
2.765118e+14,5.657422e+01
1.374049e+13,7.898278e+01
7.871421e+13,7.278976e+01
6.579105e+13,5.000005e+00
6.579105e+13,7.369062e+01
1.718669e+13,7.898405e+01
1.689343e+13,7.899751e+01
3.394754e+13,2.750636e+01
2.240007e+14,7.423114e+01
1.244495e+13,7.899782e+01
1.315490e+14,5.381157e+01
1.404385e+14,8.000000e+01
5.366820e+13,7.837511e+01
1.249674e+13,7.853930e+01
3.294924e+13,4.336155e+01
1.731363e+13,7.899839e+01
2.340626e+13,4.999744e+00
2.890649e+14,7.543229e+01
3.729720e+13,3.231096e+01
1.560834e+13,7.899464e+01
1.598485e+14,8.000000e+01
2.418751e+13,2.510406e+01
1.552018e+13,7.897742e+01
4.289668e+13,4.474288e+01
2.618498e+13,2.972849e+01
2.462311e+13,2.720607e+01
3.863477e+13,3.447304e+01
1.508740e+14,8.000000e+01
3.481063e+13,2.960837e+01
3.614636e+13,3.261125e+01
1.783472e+14,4.891905e+01
4.377725e+14,8.000000e+01
2.775967e+13,4.999213e+00
1.578959e+13,7.899679e+01
2.407283e+13,7.927575e+01
3.469872e+13,2.858740e+01
3.645746e+13,7.899499e+01
2.048265e+13,7.510674e+01
1.115023e+14,6.053802e+01
2.248584e+13,7.899250e+01
7.157998e+13,4.468282e+01
4.127010e+13,3.597448e+01
2.100641e+14,5.807566e+01
8.021844e+15,7.951620e+01
1.067312e+15,7.531217e+01
3.922520e+13,3.291154e+01
1.082593e+13,7.899869e+01
2.190989e+13,7.899262e+01
4.772237e+13,3.933770e+01
6.607325e+13,3.813655e+01
1.021609e+16,7.927597e+01
4.113690e+13,5.000000e+00
8.224824e+13,8.000000e+01
1.276398e+13,7.899335e+01
3.815153e+13,2.366268e+01
1.132868e+13,7.899811e+01
1.958895e+13,7.891594e+01
2.358521e+13,2.402302e+01
4.627807e+14,8.000000e+01
1.565688e+16,8.000000e+01
8.123659e+12,7.898389e+01
1.345658e+14,4.318138e+01
2.017978e+13,5.000000e+00
1.399705e+13,7.899075e+01
1.680073e+14,7.284981e+01
1.135769e+14,5.285065e+01
3.339590e+13,2.942820e+01
4.325429e+13,3.741586e+01
1.825896e+14,7.567252e+01
1.084911e+13,6.105649e+01
1.314714e+13,7.899810e+01
1.060649e+13,7.899282e+01
1.859277e+13,7.898506e+01
5.218601e+13,5.170955e+01
1.834176e+13,7.899830e+01
1.819543e+13,7.899534e+01
2.310136e+13,7.899560e+01
1.014150e+14,4.096225e+01
1.718831e+14,4.822622e+01
3.555628e+13,4.648455e+01
1.300115e+14,5.309088e+01
7.121823e+13,4.312132e+01
6.282907e+13,2.684573e+01
7.028267e+13,5.927681e+01
4.458850e+13,3.591442e+01
1.053574e+14,4.342161e+01
3.919796e+13,4.264086e+01
1.465941e+13,7.899755e+01
2.416558e+13,2.348250e+01
2.619470e+13,2.660550e+01
8.718619e+12,7.899707e+01
1.202455e+13,7.899833e+01
4.559329e+13,7.899590e+01
1.837394e+15,7.639321e+01
3.563757e+13,3.062935e+01
1.353454e+13,2.697786e+01
2.765857e+13,3.555407e+01
5.992983e+13,7.900051e+01
5.992983e+13,7.867540e+01
1.602703e+13,7.898086e+01
2.271658e+13,7.899646e+01
6.364037e+13,7.899863e+01
4.303607e+13,3.315177e+01
3.489628e+14,8.000000e+01
1.237334e+14,3.698272e+01
1.402108e+13,7.893109e+01
2.625961e+13,2.750636e+01
3.152494e+13,7.899550e+01
3.917429e+13,5.000042e+00
3.917429e+13,7.895636e+01
2.011661e+13,7.899647e+01
1.357435e+13,7.905763e+01
9.270457e+13,2.296466e+01
1.397909e+14,5.194979e+01
9.586949e+13,7.369062e+01
2.220515e+14,8.000000e+01
2.848634e+13,2.516412e+01
2.282154e+13,2.342245e+01
2.125697e+13,7.899439e+01
2.879236e+13,2.858740e+01
1.648628e+14,5.813571e+01
6.929404e+13,4.534345e+01
8.845742e+13,5.080869e+01
1.496462e+14,8.000000e+01
2.763877e+13,7.899401e+01
5.659564e+13,4.444259e+01
1.910603e+13,7.894811e+01
3.631425e+13,3.279143e+01
2.755620e+13,7.899593e+01
1.179638e+13,7.895984e+01
2.197386e+14,8.000000e+01
2.197386e+14,8.000000e+01
1.888344e+13,7.899813e+01
1.317854e+13,7.898984e+01
2.125302e+14,8.000000e+01
2.125302e+14,8.000000e+01
4.349706e+13,4.828627e+01
9.237269e+13,6.149894e+01
1.022310e+13,5.000000e+00
4.087353e+13,2.996872e+01
1.223472e+14,5.597364e+01
1.361175e+13,7.899742e+01
1.522074e+13,7.898989e+01
1.405808e+16,8.000000e+01
2.513580e+13,7.898828e+01
2.639125e+16,8.000000e+01
2.277215e+13,7.899725e+01
1.370158e+13,7.906414e+01
1.722549e+14,4.840639e+01
3.112590e+14,8.000000e+01
7.238095e+13,7.899330e+01
4.079207e+13,4.414230e+01
5.717090e+13,4.462276e+01
2.380444e+13,7.899708e+01
1.800225e+13,1.921842e+01
4.518834e+13,7.897002e+01
1.082958e+14,7.014722e+01
3.060132e+13,2.966843e+01
1.618220e+13,7.895037e+01
2.168550e+13,7.899507e+01
1.374458e+14,5.080869e+01
1.872458e+13,7.899397e+01
6.969603e+13,3.687534e+01
1.687894e+14,8.000000e+01
1.142258e+13,7.899801e+01
7.019866e+13,5.423197e+01
3.257363e+13,3.098970e+01
3.478152e+13,3.543396e+01
9.588560e+13,5.519289e+01
1.679559e+13,7.890723e+01
2.765253e+13,7.899392e+01
1.278966e+13,7.899642e+01
1.015962e+14,5.921675e+01
1.848287e+14,6.684406e+01
1.202065e+13,7.899858e+01
5.003571e+13,3.681528e+01
4.510401e+13,7.899864e+01
7.097331e+13,3.939776e+01
4.367713e+14,5.969721e+01
3.730538e+13,4.204029e+01
9.712595e+14,8.000000e+01
9.712595e+14,8.000000e+01
9.712595e+14,8.000000e+01
2.338779e+13,2.648538e+01
6.109882e+12,1.699710e+01
3.651016e+16,8.000000e+01
4.267544e+13,3.243108e+01
6.374087e+13,5.261042e+01
1.323501e+14,6.768486e+01
1.579062e+14,6.155899e+01
2.813422e+14,8.000000e+01
1.050206e+14,7.327022e+01
8.207577e+13,8.000000e+01
7.368149e+13,3.771614e+01
2.010996e+14,8.000000e+01
1.504686e+13,7.899708e+01
1.058881e+14,8.000000e+01
1.058881e+14,7.899781e+01
1.421255e+20,8.000000e+01
1.421255e+20,8.000000e+01
9.062629e+13,3.927764e+01
1.211220e+13,7.892030e+01
8.790741e+13,5.747508e+01
1.163402e+14,5.104892e+01
2.243207e+13,7.894014e+01
4.001015e+13,7.899607e+01
2.870722e+13,2.822705e+01
8.062374e+13,4.564374e+01
1.139081e+14,7.483171e+01
1.473600e+13,5.450562e+01
3.753628e+13,3.279143e+01
7.710442e+13,5.915669e+01
2.026211e+13,7.899840e+01
1.332922e+13,7.899351e+01
3.550463e+13,7.950170e+01
3.442174e+13,3.777620e+01
4.936089e+13,6.498227e+01
4.438650e+13,3.351212e+01
7.009860e+13,3.927764e+01
1.564338e+13,7.899141e+01
2.265734e+13,7.898709e+01
1.468038e+14,7.705384e+01
2.018433e+13,7.896121e+01
9.626883e+13,5.435209e+01
6.155799e+12,1.699717e+01
1.922394e+13,5.000346e+00
2.771797e+13,2.930809e+01
1.564821e+13,7.899444e+01
1.174282e+13,7.898372e+01
1.853542e+14,6.900613e+01
2.554920e+13,5.635243e+01
1.305220e+13,7.899367e+01
2.211289e+13,7.898691e+01
4.790294e+13,7.899953e+01
4.790294e+13,7.899494e+01
3.863155e+13,7.899658e+01
9.789558e+13,6.318055e+01
9.789558e+13,6.318055e+01
1.013842e+14,4.798599e+01
4.172234e+13,6.999825e+00
1.419375e+13,7.898441e+01
4.690503e+13,5.000225e+00
3.543150e+13,7.899650e+01
1.393960e+13,7.898085e+01
1.905826e+13,2.138049e+01
2.485782e+13,7.899373e+01
5.383001e+13,4.768570e+01
1.011743e+14,7.899699e+01
1.011743e+14,7.899708e+01
5.916899e+13,4.246069e+01
1.252292e+14,8.000000e+01
2.017066e+13,7.899455e+01
3.951607e+13,3.159027e+01
3.394704e+13,3.399258e+01
2.998808e+13,3.381240e+01
4.414133e+13,3.813655e+01
7.704231e+13,5.465238e+01
5.884113e+13,3.981816e+01
1.132781e+14,6.876590e+01
1.411922e+13,7.899197e+01
5.288832e+13,4.999965e+00
5.288832e+13,7.895752e+01
1.205440e+14,5.447220e+01
2.015720e+14,8.000000e+01
2.015720e+14,8.000000e+01
1.544705e+14,5.483255e+01
1.219753e+13,7.899369e+01
4.950500e+12,1.299977e+01
7.720526e+13,6.029779e+01
1.067001e+14,6.978688e+01
6.182119e+13,3.723568e+01
3.377952e+13,4.999594e+00
4.241913e+13,3.771614e+01
2.738989e+13,2.444342e+01
1.298013e+14,8.000000e+01
1.298013e+14,4.897622e+01
2.506414e+13,2.618509e+01
2.043861e+13,2.234141e+01
6.338631e+13,8.000000e+01
6.338631e+13,8.000000e+01
2.716582e+13,7.899850e+01
2.716582e+13,7.899543e+01
1.968157e+14,8.000000e+01
1.789544e+14,5.164950e+01
1.812916e+13,7.898652e+01
1.818604e+13,7.898618e+01
8.794093e+13,6.330066e+01
8.794093e+13,6.330066e+01
3.045258e+13,7.898551e+01
6.256257e+13,5.182967e+01
4.142237e+13,7.899237e+01
8.613979e+13,5.206990e+01
9.266717e+13,5.843600e+01
1.116125e+13,7.899733e+01
2.069926e+13,7.898086e+01
3.707398e+13,7.899330e+01
2.685718e+13,2.792676e+01
1.892435e+13,7.899526e+01
1.668447e+14,7.471160e+01
6.207926e+13,5.519289e+01
1.053150e+13,7.899528e+01
6.219471e+13,4.666472e+01
2.936754e+13,2.852734e+01
2.047692e+13,7.897392e+01
6.749112e+13,3.537390e+01
1.879346e+13,2.102014e+01
1.647646e+13,7.912407e+01
2.727175e+13,4.998005e+00
3.021264e+13,3.255119e+01
6.103412e+13,4.306127e+01
5.714509e+13,4.666472e+01
4.086682e+13,3.273137e+01
1.044193e+13,7.897923e+01
1.660806e+13,7.899104e+01
5.969670e+13,5.651416e+01
9.810600e+15,8.000000e+01
1.155624e+13,7.899886e+01
7.944133e+13,2.100000e+01
1.706518e+13,7.899572e+01
1.890556e+13,7.899209e+01
1.480642e+13,7.896656e+01
7.893053e+13,4.552363e+01
8.029282e+13,6.780498e+01
8.029282e+13,6.780498e+01
2.429069e+13,7.935539e+01
2.280877e+13,7.876313e+01
6.578209e+13,4.180006e+01
9.604204e+13,4.894691e+01
1.599693e+13,7.899695e+01
3.476220e+14,6.870584e+01
3.123509e+13,7.898355e+01
3.464092e+13,3.098970e+01
1.618871e+14,4.660466e+01
1.109465e+13,7.899304e+01
3.807251e+13,3.813655e+01
5.629297e+13,3.639488e+01
3.049601e+14,8.000000e+01
9.178659e+13,5.000019e+00
9.178659e+13,8.000000e+01
1.800274e+13,7.898953e+01
1.592335e+15,8.000000e+01
1.767975e+13,7.899497e+01
3.716455e+13,4.726530e+01
8.024870e+13,4.035868e+01
1.456624e+14,8.000000e+01
4.370073e+13,3.849689e+01
4.073584e+13,3.255119e+01
3.355620e+13,3.561413e+01
1.414434e+13,7.899590e+01
1.249376e+13,7.895975e+01
1.073008e+13,7.899880e+01
1.233045e+13,7.899759e+01
5.384748e+13,5.699591e+01
6.661451e+13,5.002794e+01
1.505404e+13,7.897301e+01
1.157124e+13,4.999478e+00
6.880359e+13,4.228052e+01
3.508961e+13,3.135004e+01
4.136737e+13,4.017850e+01
4.493539e+13,3.327189e+01
9.677210e+13,4.522334e+01
9.103665e+13,5.801560e+01
3.655143e+13,3.639488e+01
3.371845e+20,8.000000e+01
3.371845e+20,8.000000e+01
3.371845e+20,8.000000e+01
3.371845e+20,8.000000e+01
3.371845e+20,8.000000e+01
2.193233e+13,7.922622e+01
2.755425e+13,2.768653e+01
2.936127e+13,2.804688e+01
1.455240e+13,7.899733e+01
1.457705e+15,8.000000e+01
1.457705e+15,8.000000e+01
1.457705e+15,8.000000e+01
2.133396e+13,7.899571e+01
1.499464e+13,7.899523e+01
2.045531e+13,2.156066e+01
2.661003e+13,7.898916e+01
6.949187e+13,4.270092e+01
6.067777e+13,2.091707e+01
1.262756e+14,5.717479e+01
2.125224e+13,7.899316e+01
2.934845e+13,7.899459e+01
4.561836e+13,5.381157e+01
1.637735e+13,7.896436e+01
8.055687e+14,8.000000e+01
6.534309e+13,6.239980e+01
3.031398e+14,6.654377e+01
7.192122e+13,3.873712e+01
2.781725e+13,3.237102e+01
1.897170e+14,8.000000e+01
1.897170e+14,8.000000e+01
1.897170e+14,8.000000e+01
2.692004e+14,8.000000e+01
2.692004e+14,8.000000e+01
1.049317e+14,4.744547e+01
1.856845e+14,8.000000e+01
2.540012e+13,7.676673e+01
2.311344e+13,2.576469e+01
2.255654e+14,8.000000e+01
2.620968e+14,6.444176e+01
1.679545e+13,7.896201e+01
4.174193e+13,3.291154e+01
1.083484e+13,7.899892e+01
9.333856e+13,4.342161e+01
2.082555e+13,2.354256e+01
8.824049e+13,5.080869e+01
2.224397e+14,5.657422e+01
1.921640e+13,7.899735e+01
1.560811e+13,4.999775e+00
1.600975e+13,7.898825e+01
1.479588e+14,8.000000e+01
1.479588e+14,8.000000e+01
4.247511e+14,7.519206e+01
3.360573e+13,7.898197e+01
5.169335e+13,3.861701e+01
3.691586e+13,3.555407e+01
4.123943e+13,3.231096e+01
1.918466e+13,7.899651e+01
1.494124e+14,8.000000e+01
4.100648e+13,3.080953e+01
3.624541e+13,3.020895e+01
9.200322e+13,3.291345e+01
4.254561e+13,7.897222e+01
1.188271e+13,7.876229e+01
1.092279e+13,7.899582e+01
5.012999e+13,4.600409e+01
4.058150e+13,3.219085e+01
4.286961e+13,4.366184e+01
1.502896e+13,7.899758e+01
8.634761e+13,4.564374e+01
2.102044e+14,7.735413e+01
2.102044e+14,7.735413e+01
4.964130e+13,3.453309e+01
6.620994e+13,7.899511e+01
1.492992e+14,4.936731e+01
3.995982e+13,7.896973e+01
1.660064e+13,1.700000e+01
2.408306e+13,3.328112e+01
1.346966e+13,7.899568e+01
1.996802e+13,7.898418e+01
1.126465e+14,5.651416e+01
1.233355e+14,8.000000e+01
2.566028e+13,7.898460e+01
1.300165e+13,7.612206e+01
1.976117e+13,7.896035e+01
1.761606e+15,8.000000e+01
1.669144e+13,4.298276e+01
6.234637e+13,3.483338e+01
3.806563e+13,7.897469e+01
5.854306e+13,5.261042e+01
9.959905e+13,8.000000e+01
3.396529e+14,8.000000e+01
1.552450e+13,7.899614e+01
4.030311e+13,3.895226e+01
1.041331e+14,6.924636e+01
4.046802e+13,3.687534e+01
6.724572e+13,4.666472e+01
3.831141e+13,4.198023e+01
6.888791e+13,7.891563e+01
2.984753e+13,3.225091e+01
5.740811e+13,8.000000e+01
1.230758e+13,7.899692e+01
2.345492e+14,8.000000e+01
1.651448e+14,7.975643e+01
1.264491e+13,7.898307e+01
1.408838e+14,4.999935e+00
5.304359e+13,3.543396e+01
1.136053e+14,8.000000e+01
1.136053e+14,8.000000e+01
1.159414e+14,8.000000e+01
1.551957e+14,5.267048e+01
4.179116e+13,3.345206e+01
2.726580e+13,2.726613e+01
2.682047e+13,4.999811e+00
1.645073e+13,7.899818e+01
1.103227e+14,4.113943e+01
2.282744e+14,8.000000e+01
3.937137e+13,7.899325e+01
3.869115e+13,7.899740e+01
2.584920e+13,2.876757e+01
3.288879e+13,2.298574e+01
8.429783e+13,7.975643e+01
8.429783e+13,7.975643e+01
3.131430e+13,3.333194e+01
1.896016e+13,7.899759e+01
2.468855e+13,7.898865e+01
1.194283e+14,8.000000e+01
2.168289e+13,7.899647e+01
2.789041e+13,2.768653e+01
2.690311e+13,7.899423e+01
3.091724e+15,8.000000e+01
3.091724e+15,8.000000e+01
2.967980e+13,3.591442e+01
8.894493e+13,7.861534e+01
2.756546e+14,5.975727e+01
5.388634e+13,3.333194e+01
1.464800e+14,8.000000e+01
1.464800e+14,8.000000e+01
1.418441e+13,7.899851e+01
3.005711e+13,2.774659e+01
1.650024e+13,7.907749e+01
2.895526e+13,3.459315e+01
8.588503e+12,7.899380e+01
3.892209e+13,3.225091e+01
8.444918e+12,7.899814e+01
5.882732e+13,4.047879e+01
3.372380e+13,2.876757e+01
3.386010e+13,3.038912e+01
4.077466e+13,3.783626e+01
5.313196e+13,4.029862e+01
9.284060e+13,2.493046e+01
1.516758e+13,7.899571e+01
1.033034e+13,7.899692e+01
5.313406e+13,4.071902e+01
3.954158e+13,4.999982e+00
9.013537e+14,7.002711e+01
5.119550e+13,3.825666e+01
1.391521e+13,7.899844e+01
1.688959e+13,4.998480e+00
1.918920e+13,7.898293e+01
2.261044e+13,2.420319e+01
3.350985e+13,3.453309e+01
3.059063e+13,5.254783e+01
1.951532e+13,7.895524e+01
3.029113e+14,8.000000e+01
3.029113e+14,8.000000e+01
7.852699e+13,4.870668e+01
2.657071e+14,8.000000e+01
1.705523e+13,5.000284e+00
2.950869e+13,2.726613e+01
2.033428e+13,2.324227e+01
1.094732e+13,7.898884e+01
1.088663e+13,7.899547e+01
3.604076e+13,5.000135e+00
1.262411e+13,7.899830e+01
3.260206e+13,2.900780e+01
3.602561e+13,2.948826e+01
2.569231e+13,5.000000e+00
6.276108e+13,5.110898e+01
5.969837e+13,7.900079e+01
5.969837e+13,6.294032e+01
6.623432e+13,4.552363e+01
2.318376e+13,7.899860e+01
2.405943e+13,4.999032e+00
8.645320e+13,8.000000e+01
8.645320e+13,7.897751e+01
3.612544e+13,7.896835e+01
3.936152e+13,3.663511e+01
3.561182e+13,3.899262e+01
4.656822e+13,7.898421e+01
3.530968e+13,7.899599e+01
8.027311e+13,5.729491e+01
1.042928e+14,4.804604e+01
5.485917e+13,3.122993e+01
6.701202e+13,3.927764e+01
1.270036e+13,7.898644e+01
5.792768e+14,7.447137e+01
1.205723e+14,8.000000e+01
1.205723e+14,8.000000e+01
3.527249e+13,3.110981e+01
5.961682e+13,3.293284e+01
5.891238e+13,4.246069e+01
3.297858e+13,3.062935e+01
2.611848e+16,8.000000e+01
2.165198e+14,8.000000e+01
1.959193e+13,7.898109e+01
1.704191e+14,5.050840e+01
3.001789e+13,2.954832e+01
5.505628e+13,6.288026e+01
1.514131e+13,7.909266e+01
2.454195e+14,5.963715e+01
7.715545e+13,4.690495e+01
5.270133e+13,3.537390e+01
1.693100e+14,4.894691e+01
3.202387e+13,2.846728e+01
6.352696e+13,5.194979e+01
1.908880e+14,5.255036e+01
1.742720e+13,7.899518e+01
3.272250e+13,3.315177e+01
3.719981e+13,3.104976e+01
9.280008e+12,7.898510e+01
2.791258e+13,3.074947e+01
3.031323e+13,2.750636e+01
3.900811e+13,4.540351e+01
1.043731e+14,3.093188e+01
2.041067e+13,7.893487e+01
4.202179e+13,2.762648e+01
3.514435e+14,8.000000e+01
2.093244e+13,4.999438e+00
5.507307e+13,4.762564e+01
1.282166e+13,7.899118e+01
4.691899e+13,3.693540e+01
6.405171e+14,8.000000e+01
1.796296e+13,7.899863e+01
2.995403e+13,3.471327e+01
1.137108e+13,7.899794e+01
1.288789e+14,6.438170e+01
7.878452e+13,6.270009e+01
2.716709e+13,2.546440e+01
1.963662e+13,7.898578e+01
1.580823e+14,8.000000e+01
1.580823e+14,8.000000e+01
1.614714e+14,5.074863e+01
3.406918e+13,4.703749e+01
1.587619e+13,7.899511e+01
1.620836e+14,7.333027e+01
4.804014e+13,4.999705e+00
1.905071e+13,7.892654e+01
1.341424e+14,5.771531e+01
1.419597e+14,6.666389e+01
3.971095e+13,3.405263e+01
1.033758e+14,7.266964e+01
1.108661e+14,5.279059e+01
7.025495e+14,8.000000e+01
6.874118e+13,3.603453e+01
2.820730e+13,7.870429e+01
5.109076e+13,4.330150e+01
9.708541e+12,7.899285e+01
3.131860e+13,7.899622e+01
4.619594e+13,3.717563e+01
7.183280e+13,4.594403e+01
1.247395e+14,7.116820e+01
4.086962e+13,7.899920e+01
4.086962e+13,7.899942e+01
1.216762e+14,6.942653e+01
1.030316e+14,2.700000e+01
7.106685e+13,4.149977e+01
1.401221e+14,4.792593e+01
4.411523e+13,7.899857e+01
1.801349e+13,7.899827e+01
4.489285e+13,3.291154e+01
1.874985e+14,6.744463e+01
1.986401e+13,7.899476e+01
2.453054e+14,5.963715e+01
1.417795e+14,6.276015e+01
3.111684e+13,2.534429e+01
8.473703e+13,7.068774e+01
1.101861e+15,8.000000e+01
4.723224e+13,6.035784e+01
1.138925e+14,7.489177e+01
1.296908e+13,7.899755e+01
5.964114e+13,7.898135e+01
5.033634e+13,3.441298e+01
1.196866e+14,5.116904e+01
2.561465e+13,2.696584e+01
4.066091e+13,5.000014e+00
3.131992e+13,3.219085e+01
4.341297e+13,4.318138e+01
1.713002e+14,7.891563e+01
5.235814e+13,3.939776e+01
2.438059e+13,4.998653e+00
1.988530e+13,7.899005e+01
8.868216e+13,2.500000e+01
7.435811e+13,3.897735e+01
2.366468e+13,7.891085e+01
1.271953e+13,7.899871e+01
1.903958e+13,7.899576e+01
1.659155e+13,7.899516e+01
1.771903e+13,7.899207e+01
1.238130e+13,7.899707e+01
9.833368e+12,7.899125e+01
3.023578e+14,8.000000e+01
3.023578e+14,8.000000e+01
3.810498e+13,7.899810e+01
1.535082e+13,7.912280e+01
1.856953e+14,8.000000e+01
1.154014e+15,8.000000e+01
1.353492e+13,7.899634e+01
2.530321e+14,8.000000e+01
1.190407e+13,7.898757e+01
2.754270e+13,6.377489e+01
4.746332e+13,3.537390e+01
6.481539e+13,4.690495e+01
6.475533e+13,3.897735e+01
1.114008e+14,6.600325e+01
6.891195e+13,4.264086e+01
5.037944e+13,4.999913e+00
1.751784e+13,7.899738e+01
9.122397e+14,8.000000e+01
1.770667e+14,8.000000e+01
1.136175e+14,4.900696e+01
7.056528e+13,4.999716e+00
3.246165e+13,3.417275e+01
9.994922e+13,5.000034e+00
2.798625e+14,8.000000e+01
1.513715e+13,7.899521e+01
6.425300e+13,3.945781e+01
2.353736e+13,7.899783e+01
1.179978e+14,7.260958e+01
3.686973e+13,4.999998e+00
3.686973e+13,7.899796e+01
2.407820e+14,6.456187e+01
1.881370e+13,7.899173e+01
1.203454e+13,7.899640e+01
1.515272e+14,7.675356e+01
5.720388e+13,3.591442e+01
2.474956e+13,7.895783e+01
2.451744e+13,7.899850e+01
5.399979e+13,5.417191e+01
2.848354e+13,2.738625e+01
1.921714e+13,2.096009e+01
1.805066e+13,7.898991e+01
2.127243e+13,7.899668e+01
1.318156e+13,7.893390e+01
3.456650e+13,3.507361e+01
3.417291e+13,5.443900e+01
6.003152e+13,3.651499e+01
1.539930e+13,7.899002e+01
3.902940e+13,4.486299e+01
1.539970e+14,5.903658e+01
4.895027e+13,3.405263e+01
4.296807e+13,2.846728e+01
9.337851e+13,5.999750e+01
2.076493e+13,7.896015e+01
2.746880e+14,7.537223e+01
1.965208e+14,8.000000e+01
1.381441e+14,5.206990e+01
1.847612e+13,7.899829e+01
1.833613e+13,7.899845e+01
1.068642e+13,7.899631e+01
7.930291e+13,4.450265e+01
7.654563e+13,3.927764e+01
6.856826e+14,8.000000e+01
6.856826e+14,8.000000e+01
5.423630e+13,2.996872e+01
2.512651e+13,6.595373e+01
1.027378e+14,4.186012e+01
1.154808e+13,7.898987e+01
4.105865e+13,3.921758e+01
1.161771e+13,7.899807e+01
1.316382e+13,4.999369e+00
6.314857e+13,3.693540e+01
6.737206e+13,5.044835e+01
1.219557e+14,4.342161e+01
8.633409e+12,7.899695e+01
7.944915e+13,7.381074e+01
4.229852e+14,8.000000e+01
1.080620e+13,7.899846e+01
1.420387e+13,7.899869e+01
2.685655e+13,4.999655e+00
3.608815e+13,3.513367e+01
3.026179e+13,7.899898e+01
4.470081e+13,2.252158e+01
2.712393e+13,7.899581e+01
3.393005e+13,3.147016e+01
4.961302e+13,3.159027e+01
2.403602e+13,7.877634e+01
6.804005e+13,6.834550e+01
1.024224e+13,7.899629e+01
2.937868e+13,3.231096e+01
3.360996e+13,3.771614e+01
4.137583e+13,3.153022e+01
1.733513e+13,7.899410e+01
6.901229e+13,7.899774e+01
9.212176e+13,5.345122e+01
4.575740e+13,4.999516e+00
1.260320e+13,7.908867e+01
5.202684e+13,5.026817e+01
5.389251e+13,3.697714e+01
1.531113e+15,7.597281e+01
3.030610e+13,3.315177e+01
1.460079e+13,7.899615e+01
3.875137e+13,3.405263e+01
1.168007e+13,7.899534e+01
4.047918e+13,7.899750e+01
1.897018e+14,6.588314e+01
2.562719e+13,2.456354e+01
7.397479e+13,3.753597e+01
8.585136e+12,7.898503e+01
9.721147e+14,7.459148e+01
1.203270e+14,8.000000e+01
3.283764e+13,2.894774e+01
1.044065e+13,7.899861e+01
3.614066e+14,8.000000e+01
2.912551e+14,5.543312e+01
1.033575e+13,7.894001e+01
3.130331e+13,3.387246e+01
1.970039e+13,7.899684e+01
1.882526e+13,7.899797e+01
4.321061e+13,7.899828e+01
4.321061e+13,7.899420e+01
3.731357e+13,7.895452e+01
1.116397e+14,7.899252e+01
1.660363e+13,7.894641e+01
6.608893e+13,4.017850e+01
6.661677e+13,5.813571e+01
4.300995e+13,3.903741e+01
2.810251e+13,2.702590e+01
2.406173e+13,2.684573e+01
1.355904e+13,7.243875e+01
1.913290e+13,7.899324e+01
2.546035e+13,2.858740e+01
3.111336e+13,3.339200e+01
1.012544e+13,7.898031e+01
1.978952e+13,7.899711e+01
6.549474e+13,4.324144e+01
5.057336e+14,8.000000e+01
2.482921e+14,8.000000e+01
2.482921e+14,8.000000e+01
2.482921e+14,8.000000e+01
1.816730e+13,2.100000e+01
1.020457e+13,7.899755e+01
1.274114e+13,7.894936e+01
2.135584e+13,7.898433e+01
1.462732e+14,5.705468e+01
1.658212e+14,5.285065e+01
1.086573e+14,8.000000e+01
1.610897e+14,4.558368e+01
1.354076e+13,7.887404e+01
1.995360e+13,7.898151e+01
1.058750e+14,4.918714e+01
1.863678e+13,7.866396e+01
1.805400e+13,7.899703e+01
4.853095e+14,8.000000e+01
9.345034e+12,7.899841e+01
6.765536e+13,6.774492e+01
1.387996e+14,4.960754e+01
8.811368e+13,6.197940e+01
8.811368e+13,6.197940e+01
4.118590e+13,3.981816e+01
1.873158e+13,7.899170e+01
4.730828e+13,7.899816e+01
1.334610e+13,7.899099e+01
1.379845e+14,5.741502e+01
2.006413e+13,7.899762e+01
2.393899e+15,8.000000e+01
1.085520e+13,7.897903e+01
1.279995e+13,7.899004e+01
4.881122e+13,3.495350e+01
2.697458e+13,2.852734e+01
2.854534e+13,3.002878e+01
1.362216e+13,7.893762e+01
4.687858e+13,3.417275e+01
3.424084e+13,3.195062e+01
3.030814e+13,3.014889e+01
3.045258e+13,2.906786e+01
6.795115e+13,4.089919e+01
4.859440e+13,3.171039e+01
3.833351e+13,5.000207e+00
9.298348e+12,7.898387e+01
2.763239e+13,2.546440e+01
1.516988e+13,7.898947e+01
6.262104e+13,4.384202e+01
4.564117e+13,3.513367e+01
1.449276e+14,5.459232e+01
4.649068e+13,3.597448e+01
3.881074e+13,3.939776e+01
1.125653e+14,6.774492e+01
5.366676e+13,5.339117e+01
1.513648e+14,7.086791e+01
2.019627e+13,4.609068e+01
7.286703e+13,4.264086e+01
8.618289e+13,5.026817e+01
8.681869e+13,4.222046e+01
2.254007e+13,2.624515e+01
1.029356e+14,8.000000e+01
1.058496e+14,4.714518e+01
2.381122e+13,7.898855e+01
1.737232e+14,6.708429e+01
1.400600e+13,7.899634e+01
2.516459e+13,1.700000e+01
9.720117e+13,4.348167e+01
2.118222e+13,7.898525e+01
1.194908e+14,5.309088e+01
5.174083e+13,7.898872e+01
2.094141e+13,7.899566e+01
1.474768e+13,7.899783e+01
6.390096e+14,8.000000e+01
6.390096e+14,8.000000e+01
7.225299e+19,8.000000e+01
1.179210e+13,7.899731e+01
3.658585e+14,6.462193e+01
8.094950e+13,5.188973e+01
3.304558e+13,7.899240e+01
7.873981e+13,4.216040e+01
1.079527e+13,7.899806e+01
1.179326e+13,7.899788e+01
6.300033e+13,7.783459e+01
9.134758e+12,7.844019e+01
1.703318e+13,7.899634e+01
3.250175e+14,7.711390e+01
1.426395e+14,8.000000e+01
1.426395e+14,8.000000e+01
2.500117e+13,7.917541e+01
9.227438e+13,8.000000e+01
5.100730e+13,4.336155e+01
7.146678e+13,5.705468e+01
1.221996e+13,7.899019e+01
2.969539e+13,7.899178e+01
5.825160e+13,7.899324e+01
2.172428e+13,7.893636e+01
3.502037e+13,3.255119e+01
1.830610e+14,6.450181e+01
1.107068e+14,5.591358e+01
3.836909e+14,6.372107e+01
3.479703e+13,2.816699e+01
9.639137e+13,5.345122e+01
9.639137e+13,5.345122e+01
1.418970e+13,7.897034e+01
2.439368e+14,7.092797e+01
1.140655e+13,7.899804e+01
2.579178e+13,2.558452e+01
5.632779e+13,3.771614e+01
4.780847e+13,4.336155e+01
5.272377e+13,3.813655e+01
4.036199e+13,7.899691e+01
4.921756e+13,3.693540e+01
1.638008e+13,7.897258e+01
1.744721e+13,7.899660e+01
1.242577e+13,1.699852e+01
3.030109e+13,7.896531e+01
5.255391e+13,7.897065e+01
1.749541e+13,7.898672e+01
3.397598e+13,7.899657e+01
2.170948e+13,7.897144e+01
8.968154e+13,4.594403e+01
8.816714e+14,7.969638e+01
2.225131e+14,5.729491e+01
3.561512e+13,3.219085e+01
1.013646e+13,7.898898e+01
1.765248e+13,7.899455e+01
1.803428e+14,6.233974e+01
3.589398e+13,2.948826e+01
3.656707e+13,3.008884e+01
2.908898e+13,3.399258e+01
1.165952e+13,7.899733e+01
1.637570e+13,7.897546e+01
7.770570e+13,6.712297e+01
7.971200e+13,4.828627e+01
8.433355e+13,3.735580e+01
3.242106e+13,3.044918e+01
1.421829e+13,7.619034e+01
3.664632e+13,3.177045e+01
1.552424e+13,7.899432e+01
3.379013e+13,3.153022e+01
1.477137e+13,7.884290e+01
2.541302e+13,2.450348e+01
1.640707e+14,8.000000e+01
1.662549e+13,7.898052e+01
7.765757e+13,4.300121e+01
3.588775e+16,8.000000e+01
5.541095e+14,8.000000e+01
3.603592e+13,3.345206e+01
2.717058e+13,2.648538e+01
1.976143e+14,6.612337e+01
1.205316e+13,7.899824e+01
1.479200e+13,7.896795e+01
3.852989e+13,3.903741e+01
3.044408e+13,3.195062e+01
5.837647e+13,7.218918e+01
2.201709e+13,2.546440e+01
3.864416e+13,7.899682e+01
1.011075e+14,7.242941e+01
1.011075e+14,7.242941e+01
5.915073e+14,6.282020e+01
1.556591e+13,7.899303e+01
5.074799e+13,7.899567e+01
5.074799e+13,7.899928e+01
1.091235e+14,4.396213e+01
1.786086e+14,6.444176e+01
3.772536e+14,7.315010e+01
1.015383e+13,5.083326e+01
3.699540e+13,7.898862e+01
2.839021e+14,8.000000e+01
2.839021e+14,8.000000e+01
3.982469e+13,3.921758e+01
1.154781e+13,7.899817e+01
4.543150e+13,7.900000e+01
4.043963e+13,3.741586e+01
7.690923e+13,7.899354e+01
1.800235e+14,8.000000e+01
2.249755e+13,7.899143e+01
2.038361e+13,7.918489e+01
9.368271e+13,4.948743e+01
4.125131e+13,7.899507e+01
6.574796e+13,7.899524e+01
1.214874e+14,4.780581e+01
3.809606e+14,8.000000e+01
3.809606e+14,8.000000e+01
1.870426e+14,8.000000e+01
1.870426e+14,8.000000e+01
2.226065e+13,7.893136e+01
2.044100e+13,7.899658e+01
9.454768e+13,7.140843e+01
1.341327e+13,7.898617e+01
1.443570e+13,7.899831e+01
1.746935e+13,7.898852e+01
2.992239e+13,7.899557e+01
1.110580e+14,4.348167e+01
2.026592e+13,7.898957e+01
4.194360e+13,3.495350e+01
1.097963e+14,6.023773e+01
7.420422e+13,3.543396e+01
1.035426e+14,4.828627e+01
2.537870e+14,7.645327e+01
2.211623e+13,7.899449e+01
4.994282e+14,8.000000e+01
5.666104e+13,5.405180e+01
2.791317e+13,2.882763e+01
7.622498e+13,4.330150e+01
2.179410e+14,5.969721e+01
1.596608e+14,5.939692e+01
1.282351e+13,7.898617e+01
2.471647e+14,8.000000e+01
1.012398e+14,7.423114e+01
1.012398e+14,7.423114e+01
3.162180e+13,7.899521e+01
3.735238e+15,8.000000e+01
1.226343e+13,7.899832e+01
1.105507e+14,4.804604e+01
1.437800e+13,7.898713e+01
5.873897e+13,5.110898e+01
1.061484e+13,7.899831e+01
2.562451e+14,8.000000e+01
2.206186e+13,2.462360e+01
9.124481e+13,8.000000e+01
1.090484e+14,4.306127e+01
2.963057e+13,5.863811e+01
6.065029e+13,6.624348e+01
4.352161e+13,4.852650e+01
4.183412e+13,4.816616e+01
4.183742e+13,7.899617e+01
2.205805e+14,8.000000e+01
2.205805e+14,8.000000e+01
1.688450e+13,7.893316e+01
4.591900e+13,3.879718e+01
3.358593e+13,7.895461e+01
2.016585e+13,7.899482e+01
3.149202e+13,3.219085e+01
4.161436e+13,5.000246e+00
2.147252e+13,2.324227e+01
1.521279e+13,7.899133e+01
1.364425e+14,8.000000e+01
1.364425e+14,8.000000e+01
3.967239e+13,3.363223e+01
2.086108e+13,7.096586e+01
8.516410e+12,7.897859e+01
2.596739e+14,8.000000e+01
8.645965e+13,8.000000e+01
8.645965e+13,5.000016e+00
8.645965e+13,8.000000e+01
1.491629e+13,7.899519e+01
2.248530e+13,2.699432e+01
4.214795e+13,3.951787e+01
4.432306e+15,8.000000e+01
1.442469e+13,7.904114e+01
1.009658e+14,7.152855e+01
7.018458e+13,7.441131e+01
4.628891e+14,8.000000e+01
4.628891e+14,8.000000e+01
1.010319e+13,7.899842e+01
8.820499e+14,8.000000e+01
1.076602e+14,5.891646e+01
2.764211e+13,7.897950e+01
1.216160e+13,7.899301e+01
1.030403e+14,7.471160e+01
1.667499e+14,6.221963e+01
3.975386e+13,7.899772e+01
5.593649e+13,3.345206e+01
1.197829e+13,7.899441e+01
1.721833e+13,7.899609e+01
1.210874e+13,7.899814e+01
2.654933e+13,5.000205e+00
1.340127e+13,7.907880e+01
6.227191e+13,5.074863e+01
2.577572e+13,2.558452e+01
1.296758e+13,7.890161e+01
9.189334e+13,8.000000e+01
1.729158e+13,7.918864e+01
2.932501e+13,2.732619e+01
6.922244e+13,4.017850e+01
6.907942e+13,7.899512e+01
2.668237e+14,8.000000e+01
2.668237e+14,8.000000e+01
2.625855e+13,7.898826e+01
5.198957e+13,5.555324e+01
8.197079e+13,5.140927e+01
2.971543e+13,7.894803e+01
1.938514e+13,7.899512e+01
4.271303e+13,3.429286e+01
3.224085e+13,3.189056e+01
1.412981e+14,4.882679e+01
3.780045e+15,8.000000e+01
2.942637e+13,7.899461e+01
1.843144e+13,6.109558e+01
1.694086e+14,4.648455e+01
2.306169e+13,2.348250e+01
1.489003e+13,7.886260e+01
1.877572e+14,6.750469e+01
1.476911e+14,4.750553e+01
1.143213e+13,7.899754e+01
1.391746e+14,5.008800e+01
9.229612e+14,8.000000e+01
9.437198e+12,7.899798e+01
1.083471e+15,8.000000e+01
3.119022e+13,5.713944e+01
1.083332e+13,7.899580e+01
5.559174e+13,4.378196e+01
1.416272e+16,8.000000e+01
1.416272e+16,8.000000e+01
1.416272e+16,8.000000e+01
4.394343e+13,3.333194e+01
1.167681e+13,7.896779e+01
1.164573e+14,8.000000e+01
1.164573e+14,8.000000e+01
1.164573e+14,8.000000e+01
3.965557e+13,4.999816e+00
3.809990e+14,8.000000e+01
3.043234e+13,3.056930e+01
2.181799e+13,2.438337e+01
6.579300e+13,4.960754e+01
4.892950e+13,5.801560e+01
1.272526e+13,7.896590e+01
1.411877e+14,8.000000e+01
1.411877e+14,8.000000e+01
3.129356e+13,2.888768e+01
1.153403e+13,7.899835e+01
2.873446e+13,3.909747e+01
2.217823e+13,2.300204e+01
1.369500e+13,7.261316e+01
1.213731e+14,5.303082e+01
8.617480e+13,4.756558e+01
2.662807e+13,3.687255e+01
1.274350e+13,7.668502e+01
5.063984e+13,3.153022e+01
1.540024e+13,7.899683e+01
2.262721e+14,8.000000e+01
6.178797e+13,3.669517e+01
2.851110e+13,7.899582e+01
2.182384e+13,7.823358e+01
3.566919e+13,3.062935e+01
2.150496e+14,8.000000e+01
2.150496e+14,8.000000e+01
7.480145e+13,5.122909e+01
7.299917e+13,6.294032e+01
2.870432e+14,8.000000e+01
2.870432e+14,8.000000e+01
1.304249e+13,7.899850e+01
2.933387e+13,3.032907e+01
2.570428e+13,7.899743e+01
7.064949e+13,3.897735e+01
2.060198e+14,6.065813e+01
1.972912e+14,4.863936e+01
7.630520e+13,5.315094e+01
1.455054e+13,7.899835e+01
2.467689e+13,7.897476e+01
9.252160e+14,8.000000e+01
2.364372e+13,7.899324e+01
2.316614e+13,7.899286e+01
1.293160e+13,7.897937e+01
1.846865e+13,2.108020e+01
2.008652e+13,7.899081e+01
2.307391e+13,2.360262e+01
1.017687e+14,4.378196e+01
3.905891e+13,3.981816e+01
2.513151e+13,2.444342e+01
2.091238e+13,2.348250e+01
3.559550e+13,3.693540e+01
2.958228e+13,7.896464e+01
4.036574e+14,8.000000e+01
3.085848e+13,3.116987e+01
1.183977e+13,7.899130e+01
1.702088e+13,7.891233e+01
2.423533e+13,2.498394e+01
1.549906e+14,6.414147e+01
1.447184e+14,7.771448e+01
1.571578e+13,7.899773e+01
1.072192e+13,7.899384e+01
2.785656e+13,2.390291e+01
6.339336e+17,8.000000e+01
6.339336e+17,8.000000e+01
4.745698e+13,5.621387e+01
3.051116e+13,7.892824e+01
3.595301e+13,7.737836e+01
3.968690e+13,2.924803e+01
2.457104e+13,7.895361e+01
2.551247e+13,2.780665e+01
2.177833e+13,2.264170e+01
2.128114e+14,6.011761e+01
8.869558e+13,3.843684e+01
1.008650e+14,5.507278e+01
1.622895e+13,7.899883e+01
8.023466e+13,5.110898e+01
5.089186e+13,3.387246e+01
4.393816e+13,6.504172e+01
2.077193e+13,7.898771e+01
8.968611e+13,4.065896e+01
1.387814e+13,7.898006e+01
1.207743e+14,4.858656e+01
2.648626e+14,7.290987e+01
3.436906e+13,5.134029e+01
1.472921e+13,7.896507e+01
3.286782e+13,3.141010e+01
1.172107e+13,7.899842e+01
1.244487e+13,7.898909e+01
1.802549e+13,2.071986e+01
2.960109e+13,7.895290e+01
3.859223e+13,4.432248e+01
5.489161e+13,3.297160e+01
7.581341e+12,7.899768e+01
2.520555e+14,8.000000e+01
9.277700e+12,7.895239e+01
3.449523e+13,3.453309e+01
1.402411e+13,7.896578e+01
1.662400e+13,7.899416e+01
1.290304e+14,5.801560e+01
4.675750e+13,4.858656e+01
4.745556e+13,5.092881e+01
5.127702e+13,3.909747e+01
6.056928e+13,7.441131e+01
1.840584e+14,7.519206e+01
7.959783e+13,5.000488e+00
7.959783e+13,4.999981e+00
7.808683e+13,4.894691e+01
1.797944e+13,4.296076e+01
1.092999e+14,6.348084e+01
1.330420e+13,7.899693e+01
5.595713e+13,3.435292e+01
4.955583e+13,4.161989e+01
1.305590e+14,6.420153e+01
1.578802e+13,7.816302e+01
2.562969e+13,7.862224e+01
1.161367e+14,4.636443e+01
7.537489e+13,7.417108e+01
2.087470e+14,8.000000e+01
2.087470e+14,8.000000e+01
1.041660e+14,5.693456e+01
1.052686e+14,8.000000e+01
6.867987e+14,8.000000e+01
1.866852e+14,6.408141e+01
1.849227e+13,7.898340e+01
5.762344e+13,3.675522e+01
1.373888e+14,4.534345e+01
1.792184e+16,4.155983e+01
3.120422e+13,7.899657e+01
1.390457e+13,7.884847e+01
2.130861e+13,2.786671e+01
1.011564e+13,7.899581e+01
3.703263e+13,3.128999e+01
7.146390e+14,8.000000e+01
1.092456e+14,5.303082e+01
1.713661e+13,7.890597e+01
1.912556e+13,7.897751e+01
1.966598e+14,8.000000e+01
9.428944e+13,5.717479e+01
1.389253e+13,7.899763e+01
4.192101e+13,3.543396e+01
1.327834e+13,7.897921e+01
4.125050e+13,4.728787e+01
3.765292e+14,7.417108e+01
3.818916e+13,3.519373e+01
1.892437e+13,7.867084e+01
4.728931e+13,3.711557e+01
2.435558e+13,7.899106e+01
3.687657e+14,6.606331e+01
2.884924e+14,8.000000e+01
2.892343e+13,2.756642e+01
1.457647e+15,8.000000e+01
1.457647e+15,8.000000e+01
1.496821e+13,7.898421e+01
4.468354e+13,3.080953e+01
1.103276e+14,5.495266e+01
5.742655e+13,4.822622e+01
3.302076e+14,6.762481e+01
3.534687e+14,8.000000e+01
2.745083e+13,2.510406e+01
4.093762e+13,7.899010e+01
2.157322e+14,5.957709e+01
1.382135e+14,8.000000e+01
2.504819e+13,7.898438e+01
2.097543e+14,2.896480e+01
4.474682e+14,8.000000e+01
8.097272e+14,8.000000e+01
8.097272e+14,8.000000e+01
1.659141e+13,7.898694e+01
1.717198e+13,7.899766e+01
3.882228e+13,4.390207e+01
2.385368e+13,2.534429e+01
7.487762e+13,4.258081e+01
1.499995e+13,7.897927e+01
2.879928e+13,2.690578e+01
6.243557e+13,7.899704e+01
4.211096e+13,5.000863e+00
4.211096e+13,5.000355e+00
1.741383e+13,4.999253e+00
6.164495e+13,3.945781e+01
1.030900e+13,7.899402e+01
4.387283e+13,3.507361e+01
1.010379e+13,7.899492e+01
4.907322e+13,3.423281e+01
4.222512e+13,3.813655e+01
1.034534e+14,7.062768e+01
1.086510e+13,7.899355e+01
1.564657e+15,8.000000e+01
1.960847e+13,7.855363e+01
3.581774e+13,7.898990e+01
3.602972e+14,8.000000e+01
7.193177e+14,8.000000e+01
1.567337e+15,8.000000e+01
5.236545e+14,8.000000e+01
3.191409e+13,3.273137e+01
7.744584e+13,4.798599e+01
9.467265e+13,5.465238e+01
6.815950e+13,4.918714e+01
9.489763e+12,7.899707e+01
1.081467e+13,7.899743e+01
2.807639e+13,7.899085e+01
4.918385e+13,7.899594e+01
5.112790e+14,8.000000e+01
5.112790e+14,8.000000e+01
1.137250e+14,8.000000e+01
4.793836e+13,4.210035e+01
4.820446e+14,8.000000e+01
4.820446e+14,8.000000e+01
1.644813e+13,7.899326e+01
2.287151e+14,8.000000e+01
2.287151e+14,8.000000e+01
3.924218e+13,4.390207e+01
2.569065e+13,7.899189e+01
5.482761e+13,6.023773e+01
5.482761e+13,5.000005e+00
1.922071e+13,7.899528e+01
1.895325e+14,7.405097e+01
1.895325e+14,7.405097e+01
1.077366e+14,5.056846e+01
2.350961e+14,8.000000e+01
2.819540e+13,7.892750e+01
3.371315e+13,4.999021e+00
1.361491e+14,6.300038e+01
1.361491e+14,6.300038e+01
1.182253e+13,7.899449e+01
4.334695e+14,6.864579e+01
7.211276e+13,5.279059e+01
2.508611e+13,2.522417e+01
1.754872e+13,7.894952e+01
3.021761e+13,3.171039e+01
1.211854e+13,7.899791e+01
2.053884e+13,2.336239e+01
2.466758e+13,7.897879e+01
5.129576e+13,3.615465e+01
4.902145e+13,5.002794e+01
4.677966e+13,4.636443e+01
3.677844e+13,2.804688e+01
1.347531e+14,5.483255e+01
2.699693e+13,7.899670e+01
5.277078e+13,3.603453e+01
5.920987e+13,3.981816e+01
1.282258e+13,7.899808e+01
7.843749e+14,8.000000e+01
7.379073e+13,8.000000e+01
7.379073e+13,4.999610e+00
1.563000e+13,7.899831e+01
3.275279e+13,2.870751e+01
5.542990e+13,6.558285e+01
1.995353e+13,7.893792e+01
2.414072e+13,7.899261e+01
2.290383e+15,8.000000e+01
4.297678e+13,3.417275e+01
9.477100e+13,7.182884e+01
7.855740e+13,5.615381e+01
2.449830e+13,7.899762e+01
3.276302e+13,7.899178e+01
4.857751e+13,4.204029e+01
3.733474e+13,4.999697e+00
5.510855e+13,4.402219e+01
4.281861e+13,4.480294e+01
1.775755e+13,7.898072e+01
1.371566e+13,7.899355e+01
1.324447e+13,7.898203e+01
5.622570e+13,5.753514e+01
2.344882e+13,2.672561e+01
5.879424e+14,8.000000e+01
1.945893e+14,8.000000e+01
7.410540e+13,5.423197e+01
1.210931e+13,7.899704e+01
1.231635e+14,6.972682e+01
1.682959e+14,6.810527e+01
2.210161e+13,2.408308e+01
1.271959e+13,7.899562e+01
4.339954e+13,4.011845e+01
4.976444e+13,4.095925e+01
5.600641e+13,5.128915e+01
5.768760e+13,5.044835e+01
2.770218e+13,3.074947e+01
2.951917e+13,2.840722e+01
2.384540e+13,7.896557e+01
1.617424e+13,6.304764e+01
4.902998e+13,4.798599e+01
1.793937e+14,8.000000e+01
1.793937e+14,8.000000e+01
6.649973e+13,3.993827e+01
1.284674e+13,7.899791e+01
4.499314e+13,4.089919e+01
1.735956e+13,7.899816e+01
1.441047e+15,8.000000e+01
1.441047e+15,8.000000e+01
2.147077e+13,7.899830e+01
3.861673e+13,7.899371e+01
1.510442e+13,7.892843e+01
1.249574e+14,5.104892e+01
1.981268e+13,7.899536e+01
1.546390e+14,8.000000e+01
1.106390e+14,6.654377e+01
1.043660e+13,7.899662e+01
5.500583e+13,5.777537e+01
3.068323e+13,7.899797e+01
1.965310e+13,7.899683e+01
4.896103e+13,7.898106e+01
1.141081e+14,6.606331e+01
6.387680e+13,4.384202e+01
3.453871e+14,7.062768e+01
1.287991e+13,7.899804e+01
1.442822e+13,7.899563e+01
2.804763e+13,2.618509e+01
2.236295e+13,7.898604e+01
1.765795e+13,7.899740e+01
1.565469e+20,8.000000e+01
1.565469e+20,8.000000e+01
1.565469e+20,8.000000e+01
1.565469e+20,8.000000e+01
1.565469e+20,8.000000e+01
1.565469e+20,8.000000e+01
1.565469e+20,8.000000e+01
1.565469e+20,8.000000e+01
1.565469e+20,8.000000e+01
2.974841e+13,3.687534e+01
2.794108e+13,3.050924e+01
3.028261e+13,7.899836e+01
1.386677e+13,7.899861e+01
6.297956e+13,4.023856e+01
2.159942e+13,7.899327e+01
6.228950e+14,8.000000e+01
6.228950e+14,8.000000e+01
1.186731e+14,7.327022e+01
4.039917e+13,7.899515e+01
8.557825e+12,7.899859e+01
1.505943e+13,4.999900e+00
3.593681e+14,8.000000e+01
3.593681e+14,8.000000e+01
2.287066e+13,7.899154e+01
9.489272e+13,7.519206e+01
1.889939e+13,7.898569e+01
1.597290e+13,7.898810e+01
3.934356e+13,7.899611e+01
2.449021e+13,2.858740e+01
1.093018e+13,7.899879e+01
3.332304e+14,6.324061e+01
2.496802e+13,4.999287e+00
3.939800e+13,3.921758e+01
9.320837e+12,7.899830e+01
3.114837e+13,2.990866e+01
1.618377e+13,7.899267e+01
2.636801e+13,7.899793e+01
7.831696e+13,4.546357e+01
7.321488e+13,2.500000e+01
2.756373e+13,2.762648e+01
8.629668e+13,3.951787e+01
3.773972e+13,2.960837e+01
2.791222e+14,6.173917e+01
3.487420e+13,2.672561e+01
4.298420e+13,3.357217e+01
4.239463e+13,3.819660e+01
1.423842e+14,8.000000e+01
1.130498e+14,4.792593e+01
1.329915e+14,5.843600e+01
5.137972e+13,5.453226e+01
1.868802e+13,7.899873e+01
3.754539e+13,3.002878e+01
4.183458e+13,5.000006e+00
2.892278e+13,7.898702e+01
5.671604e+13,3.519373e+01
1.982979e+13,7.897794e+01
7.960508e+12,7.899754e+01
2.807248e+13,4.999893e+00
3.104639e+13,7.894631e+01
1.380991e+14,6.666389e+01
5.788225e+13,4.654461e+01
1.020462e+13,7.505031e+01
2.640382e+13,7.898057e+01
4.442884e+13,3.153022e+01
6.323497e+13,4.692823e+01
1.488247e+13,3.310533e+01
1.211329e+13,7.897675e+01
1.187996e+14,4.324144e+01
1.452421e+13,7.899721e+01
1.355885e+13,7.899697e+01
2.315643e+13,7.899901e+01
2.153827e+13,2.699450e+01
3.007821e+13,3.267131e+01
1.810385e+13,7.899767e+01
3.358670e+13,2.840722e+01
1.270986e+14,5.849606e+01
2.525920e+13,7.899847e+01
2.274237e+13,2.582475e+01
4.159417e+13,4.798599e+01
6.569370e+14,8.000000e+01
3.631339e+13,4.930725e+01
1.267515e+14,8.000000e+01
1.267515e+14,8.000000e+01
5.986846e+13,4.786587e+01
2.894777e+13,3.128999e+01
6.652984e+13,6.588314e+01
4.402363e+13,2.972849e+01
7.971383e+14,8.000000e+01
3.371007e+13,7.899249e+01
2.279355e+13,2.372273e+01
3.128891e+13,7.892045e+01
7.607455e+13,5.152938e+01
5.259340e+16,8.000000e+01
5.259340e+16,8.000000e+01
1.385431e+14,5.903658e+01
1.545104e+13,3.509220e+01
3.462095e+13,2.648538e+01
1.746106e+13,7.895177e+01
6.432596e+13,2.495880e+01
1.746396e+13,4.998895e+00
1.749682e+13,7.899599e+01
1.537849e+13,7.899273e+01
8.828008e+13,3.095867e+01
1.763877e+13,7.899465e+01
5.095774e+13,3.351212e+01
1.412383e+13,7.899689e+01
9.257713e+12,7.898860e+01
1.615415e+14,8.000000e+01
3.501275e+13,4.077908e+01
1.991306e+13,7.899607e+01
3.535684e+13,4.999280e+00
2.868384e+13,2.726613e+01
3.415849e+13,3.044918e+01
1.435292e+14,7.609292e+01
4.501367e+13,3.363223e+01
1.908879e+13,2.216124e+01
1.430243e+14,4.900696e+01
1.494252e+13,7.899111e+01
5.368877e+13,4.564374e+01
6.692267e+13,3.867707e+01
2.849095e+14,8.000000e+01
2.830816e+13,7.899533e+01
3.859559e+13,5.000043e+00
5.947384e+13,3.693540e+01
1.224006e+13,4.999335e+00
3.745467e+13,3.627476e+01
1.068462e+14,2.900000e+01
8.859542e+13,7.134838e+01
3.103998e+13,7.899815e+01
4.605863e+13,3.171039e+01
3.889996e+13,3.585436e+01
9.140298e+13,4.999969e+00
9.140298e+13,4.999957e+00
2.146337e+14,6.474204e+01
4.750193e+13,3.465321e+01
2.137167e+14,5.158944e+01
1.091055e+13,7.898981e+01
9.481403e+13,7.266964e+01
4.966368e+13,7.899552e+01
6.574016e+13,4.966760e+01
2.194891e+13,7.899486e+01
4.159537e+13,3.399258e+01
4.216719e+13,3.074947e+01
2.370617e+13,7.899398e+01
2.036330e+13,7.899646e+01
4.044489e+13,3.100000e+01
1.946643e+13,7.861945e+01
8.125683e+12,7.899840e+01
9.077076e+12,7.899842e+01
4.549446e+13,3.855695e+01
1.123314e+13,7.899617e+01
1.331095e+14,8.000000e+01
2.376540e+13,2.720607e+01
7.571235e+13,6.023773e+01
6.087729e+13,6.053802e+01
1.445354e+13,7.891272e+01
1.379072e+13,7.899682e+01
1.836686e+13,7.898534e+01
1.123009e+14,6.960671e+01
1.123009e+14,6.960671e+01
3.344665e+13,3.074947e+01
4.258426e+13,3.867707e+01
1.382647e+13,7.899685e+01
2.643491e+13,2.726613e+01
8.392726e+13,5.897652e+01
8.392726e+13,5.897652e+01
4.178609e+13,3.267131e+01
1.978058e+14,6.924636e+01
1.978058e+14,6.924636e+01
3.303882e+13,2.996872e+01
2.775027e+13,2.918797e+01
3.899975e+13,7.899865e+01
3.899975e+13,7.899873e+01
5.885668e+13,6.245986e+01
1.912229e+13,7.898751e+01
1.256314e+13,7.899328e+01
7.955861e+14,7.014722e+01
1.269891e+14,5.501272e+01
6.025788e+13,6.876590e+01
1.548282e+14,7.717396e+01
2.959579e+13,5.498690e+01
2.406229e+13,7.898681e+01
2.131657e+13,7.899461e+01
5.860188e+13,7.896877e+01
8.643154e+13,5.044835e+01
1.330525e+14,8.000000e+01
4.141771e+13,4.762564e+01
6.530163e+13,4.023856e+01
1.984737e+13,7.894614e+01
1.043796e+13,7.899315e+01
3.978542e+13,3.219085e+01
1.477860e+13,7.899584e+01
1.573799e+13,5.316711e+01
7.522560e+13,5.200984e+01
1.190274e+14,8.000000e+01
1.190274e+14,8.000000e+01
5.679646e+13,7.899606e+01
8.340209e+13,8.000000e+01
6.012661e+13,5.050840e+01
1.065937e+13,1.899277e+01
1.193034e+14,5.633399e+01
3.376737e+14,6.780498e+01
1.638224e+13,7.899493e+01
2.312824e+15,8.000000e+01
5.701591e+13,3.939776e+01
1.021461e+14,7.375068e+01
1.066433e+14,7.899692e+01
1.066433e+14,8.000000e+01
2.889524e+14,3.684229e+01
2.465954e+13,7.884679e+01
9.712668e+12,7.898631e+01
6.968768e+14,8.000000e+01
1.163690e+13,7.898163e+01
9.394374e+12,7.906294e+01
5.480955e+14,8.000000e+01
3.006190e+13,7.126546e+01
1.260299e+13,7.899652e+01
2.372748e+13,7.930919e+01
8.164527e+13,4.498311e+01
3.976117e+14,8.000000e+01
3.009108e+13,2.882763e+01
1.093214e+13,7.899780e+01
3.925344e+13,3.813655e+01
4.618531e+14,6.137882e+01
1.501672e+15,8.000000e+01
3.152275e+13,7.887608e+01
1.203356e+13,7.898285e+01
1.301331e+14,8.000000e+01
3.496978e+13,4.017850e+01
9.052208e+13,6.588314e+01
9.052208e+13,6.588314e+01
2.832146e+13,3.014889e+01
9.891872e+12,7.899872e+01
3.330415e+13,2.966843e+01
1.587688e+13,7.899733e+01
2.317136e+13,5.333214e+01
6.851644e+13,4.011845e+01
1.315697e+13,7.899807e+01
2.997968e+13,2.912791e+01
1.170155e+13,4.999840e+00
2.286529e+13,2.552446e+01
1.050846e+13,7.897797e+01
3.036842e+13,7.898533e+01
4.709373e+13,7.934763e+01
2.791281e+13,2.630521e+01
7.036427e+13,4.999985e+00
4.951023e+13,5.000038e+00
6.017387e+13,5.699462e+01
5.952360e+13,5.219002e+01
1.639514e+14,8.000000e+01
1.184310e+14,8.000000e+01
1.184310e+14,3.708709e+01
2.025498e+13,7.899881e+01
3.076249e+13,3.050924e+01
1.954119e+13,4.998783e+00
2.006437e+14,8.000000e+01
2.340534e+13,7.916993e+01
7.376264e+13,8.000000e+01
7.376264e+13,8.000000e+01
3.033103e+14,8.000000e+01
4.933115e+13,5.561330e+01
2.599959e+13,7.899387e+01
2.189585e+13,5.000068e+00
7.929266e+13,5.477249e+01
1.441148e+13,7.899382e+01
2.962063e+13,2.666555e+01
1.419404e+13,7.899190e+01
4.586458e+13,4.522334e+01
1.061113e+13,7.899702e+01
1.834614e+13,7.899428e+01
1.763624e+13,5.659558e+01
2.093594e+13,7.898982e+01
7.274312e+13,3.903741e+01
1.429352e+14,8.000000e+01
1.429352e+14,8.000000e+01
2.094476e+13,7.899686e+01
7.273400e+13,7.927542e+01
2.347312e+13,2.636527e+01
1.940806e+13,7.899666e+01
8.479299e+13,8.000000e+01
3.437707e+13,2.100000e+01
1.680861e+13,7.898878e+01
2.334822e+19,8.000000e+01
2.192328e+13,7.899607e+01
2.991643e+14,7.032740e+01
7.607374e+13,3.927764e+01
2.550023e+13,2.924803e+01
5.302565e+14,8.000000e+01
5.302565e+14,8.000000e+01
8.320822e+13,6.131876e+01
4.611139e+13,3.357217e+01
9.809208e+12,7.899785e+01
3.302057e+13,3.086958e+01
4.188273e+13,3.375235e+01
1.338754e+13,7.899584e+01
1.053356e+14,5.879635e+01
1.053356e+14,5.879635e+01
3.760815e+13,3.303166e+01
3.638280e+13,3.645494e+01
5.351567e+13,3.633482e+01
2.132814e+18,8.000000e+01
1.400078e+14,8.000000e+01
7.068222e+13,7.206907e+01
1.873598e+13,7.899592e+01
8.336866e+13,4.252075e+01
1.984606e+13,7.899697e+01
2.567824e+13,7.899403e+01
2.008597e+13,7.899665e+01
8.961111e+13,7.899614e+01
1.266856e+14,5.423197e+01
1.722553e+13,7.899481e+01
2.175634e+14,5.555324e+01
1.296659e+13,7.899726e+01
2.433571e+13,7.895605e+01
3.749763e+13,3.915753e+01
3.323818e+13,3.441298e+01
3.557520e+13,3.957793e+01
1.501583e+14,8.000000e+01
1.875992e+13,7.899456e+01
3.339249e+13,3.945781e+01
1.677633e+13,4.999263e+00
2.730796e+13,2.618509e+01
1.976017e+13,7.899233e+01
3.065513e+13,7.899886e+01
3.640331e+13,3.153022e+01
8.848031e+13,8.000000e+01
8.848031e+13,8.000000e+01
5.603071e+13,4.318138e+01
6.396721e+13,4.167994e+01
8.056444e+13,6.558285e+01
8.056444e+13,6.558285e+01
1.930375e+13,7.899845e+01
2.550730e+13,7.895343e+01
1.678854e+14,8.000000e+01
1.678854e+14,8.000000e+01
2.249137e+14,8.000000e+01
5.550223e+13,4.480294e+01
6.988118e+13,7.843517e+01
1.647392e+13,7.899633e+01
1.212303e+16,7.975643e+01
1.586217e+13,4.999595e+00
1.478274e+13,7.893347e+01
3.942025e+13,3.074947e+01
1.257919e+13,7.898712e+01
2.316766e+13,2.474371e+01
2.606999e+13,7.899379e+01
1.900039e+13,7.915211e+01
3.969320e+14,8.000000e+01
3.969320e+14,8.000000e+01
1.422239e+13,7.899781e+01
2.335823e+14,8.000000e+01
2.822467e+13,2.876757e+01
2.513329e+14,8.000000e+01
2.513329e+14,8.000000e+01
1.875895e+14,5.152938e+01
4.148544e+13,3.603453e+01
4.673368e+13,5.789548e+01
4.673368e+13,5.000004e+00
1.258173e+13,7.898603e+01
4.811978e+13,3.687534e+01
2.222853e+13,7.899242e+01
6.353933e+13,7.969638e+01
4.936550e+13,4.978771e+01
1.058459e+14,6.245986e+01
6.326847e+13,5.657422e+01
5.231518e+13,4.095925e+01
4.230285e+13,4.276098e+01
3.404722e+14,8.000000e+01
9.310564e+13,4.666472e+01
6.005636e+13,3.981816e+01
1.344408e+13,7.899719e+01
9.292599e+12,7.899632e+01
1.631260e+13,7.899687e+01
3.191503e+14,6.522250e+01
1.103211e+13,7.892397e+01
3.422052e+13,3.080953e+01
6.147665e+13,3.327189e+01
8.862747e+13,6.846561e+01
7.985177e+13,4.852650e+01
8.294398e+12,7.899860e+01
6.924497e+13,4.306127e+01
1.502680e+13,7.899776e+01
2.981120e+13,2.984860e+01
1.646681e+13,7.899676e+01
3.996538e+13,7.899931e+01
3.996538e+13,7.899307e+01
1.180422e+14,5.014806e+01
2.760379e+14,8.000000e+01
4.825323e+13,4.618426e+01
2.558202e+13,2.840722e+01
4.342977e+13,3.555407e+01
1.668701e+13,7.899853e+01
7.734702e+13,7.603286e+01
7.734702e+13,7.603286e+01
1.602678e+14,6.672394e+01
1.602678e+14,6.672394e+01
3.657444e+14,7.675356e+01
3.120438e+13,2.918797e+01
3.562025e+13,5.110419e+01
4.900614e+13,4.005839e+01
1.049826e+13,7.899441e+01
3.376415e+14,8.000000e+01
2.460580e+14,6.173917e+01
2.656407e+13,6.090372e+01
1.704738e+13,7.897913e+01
1.011695e+14,6.011761e+01
1.317383e+14,8.000000e+01
1.279291e+13,7.894979e+01
2.411609e+13,7.896364e+01
2.898490e+13,7.899266e+01
2.054944e+13,7.894751e+01
1.392643e+13,7.898532e+01
2.925432e+13,7.899297e+01
1.092629e+14,8.000000e+01
1.118493e+13,7.899461e+01
3.047261e+13,2.918797e+01
5.603592e+13,3.741586e+01
3.160672e+14,8.000000e+01
3.160672e+14,8.000000e+01
1.896182e+13,7.896946e+01
2.090774e+13,7.895022e+01
6.561728e+14,7.321016e+01
1.803997e+13,7.898430e+01
9.142728e+13,7.026734e+01
4.075904e+13,3.128999e+01
1.758462e+13,7.899048e+01
5.538714e+13,4.999991e+00
2.646306e+14,8.000000e+01
4.154918e+13,4.282104e+01
7.653529e+13,4.161989e+01
1.344023e+14,4.497824e+01
1.565128e+13,7.897929e+01
4.989168e+13,3.639488e+01
2.043379e+13,7.898998e+01
9.085685e+13,4.222046e+01
5.143365e+13,7.899742e+01
9.238022e+12,7.866783e+01
5.511518e+13,3.585436e+01
1.580448e+13,7.899719e+01
1.800399e+14,2.897412e+01
1.588622e+13,7.895228e+01
1.129855e+13,3.706606e+01
1.092763e+13,7.899881e+01
2.714447e+13,7.892599e+01
1.489220e+13,7.899508e+01
5.829864e+13,3.981816e+01
8.246863e+13,7.891563e+01
2.795374e+13,2.444342e+01
1.182392e+14,5.999750e+01
3.303631e+13,7.899601e+01
7.886408e+13,8.000000e+01
6.906521e+13,3.801643e+01
7.863574e+13,7.899391e+01
7.863574e+13,7.531217e+01
2.152690e+13,7.899745e+01
1.574108e+14,7.899479e+01
1.574108e+14,5.000006e+00
1.326613e+13,4.999868e+00
1.398207e+13,7.894213e+01
9.590283e+13,8.000000e+01
9.590283e+13,8.000000e+01
1.491937e+14,6.179922e+01
2.879820e+13,3.491262e+01
2.747125e+13,2.678567e+01
9.594799e+13,6.600325e+01
1.086642e+13,7.897158e+01
1.943701e+15,8.000000e+01
3.758121e+13,3.020895e+01
3.404844e+13,7.897931e+01
1.120101e+14,5.261042e+01
1.073090e+13,5.080864e+01
7.771031e+13,6.984694e+01
6.877345e+13,3.969804e+01
1.282960e+13,7.896727e+01
1.366198e+14,5.999750e+01
2.158358e+13,7.899432e+01
1.545871e+13,7.899620e+01
3.804288e+13,3.477332e+01
4.777386e+14,8.000000e+01
7.306678e+13,5.915669e+01
2.039384e+14,7.549235e+01
4.084604e+13,7.894748e+01
1.528014e+13,7.899775e+01
1.128496e+13,7.899878e+01
1.082106e+14,8.000000e+01
9.574099e+12,7.899682e+01
2.603694e+14,7.783459e+01
2.039319e+13,2.264170e+01
2.482474e+14,8.000000e+01
3.205003e+13,3.219085e+01
1.142975e+13,7.897823e+01
1.735773e+13,7.899773e+01
2.741217e+13,7.899179e+01
3.634307e+13,3.501355e+01
1.064737e+14,5.561330e+01
3.952886e+13,3.231096e+01
1.231616e+14,6.149894e+01
2.336479e+13,7.898823e+01
1.153275e+13,7.895365e+01
1.371152e+13,7.907727e+01
1.987848e+14,8.000000e+01
2.370218e+13,7.928733e+01
3.788344e+13,2.852734e+01
7.478968e+14,8.000000e+01
7.478968e+14,8.000000e+01
5.858358e+13,4.234058e+01
5.305588e+13,5.182967e+01
1.211403e+14,6.366101e+01
1.484422e+14,8.000000e+01
1.212343e+14,4.942737e+01
1.498067e+13,7.899703e+01
1.146778e+13,7.899746e+01
2.735884e+13,7.894827e+01
1.712774e+13,4.999589e+00
5.193570e+16,8.000000e+01
5.193570e+16,8.000000e+01
2.462625e+14,7.957626e+01
3.632454e+13,3.471327e+01
3.038441e+13,6.316369e+01
4.043876e+13,4.047879e+01
1.990292e+13,7.899755e+01
1.522613e+13,7.899773e+01
4.929602e+13,4.216040e+01
1.957805e+13,7.899388e+01
1.365508e+14,8.000000e+01
3.749034e+13,7.899071e+01
5.749271e+13,4.999802e+00
6.326543e+13,7.899695e+01
7.390746e+13,7.899573e+01
1.607801e+13,3.099074e+01
2.259709e+13,7.897421e+01
2.719138e+13,7.899465e+01
3.220801e+13,3.014889e+01
2.019423e+13,7.899306e+01
2.141348e+14,7.405097e+01
2.149150e+13,7.899271e+01
1.302070e+14,6.456187e+01
3.053390e+14,6.191934e+01
4.037161e+13,3.141010e+01
3.337312e+13,7.899615e+01
1.651499e+14,8.000000e+01
6.132543e+13,3.098665e+01
1.897725e+13,7.898090e+01
8.818356e+13,5.753514e+01
8.818356e+13,5.753514e+01
4.189080e+13,5.000058e+00
1.614042e+14,8.000000e+01
1.614042e+14,8.000000e+01
5.080610e+13,7.888339e+01
5.430949e+13,4.456271e+01
3.471877e+13,7.899592e+01
3.471877e+13,5.000001e+00
2.145652e+13,7.892337e+01
3.163687e+13,3.345206e+01
3.271210e+13,3.050924e+01
1.196860e+13,7.887226e+01
2.088562e+14,5.243025e+01
1.708662e+13,7.899678e+01
1.843846e+13,7.899795e+01
1.527370e+13,7.893536e+01
1.414025e+14,7.272970e+01
3.818002e+13,3.002878e+01
2.346647e+13,7.898689e+01
9.086610e+13,4.083914e+01
3.971202e+13,4.276098e+01
8.679859e+13,5.104892e+01
1.154533e+14,5.417191e+01
1.961611e+13,7.897626e+01
3.661834e+14,8.000000e+01
2.781655e+13,7.932698e+01
1.624912e+15,8.000000e+01
1.293879e+13,5.659237e+01
1.465274e+13,7.899689e+01
1.453928e+13,4.485245e+01
3.705186e+15,8.000000e+01
3.683396e+13,5.000052e+00
3.683396e+13,7.694054e+01
2.674331e+13,3.299614e+01
9.809244e+13,8.000000e+01
2.818996e+14,8.000000e+01
4.461355e+13,3.381240e+01
6.862954e+13,4.366184e+01
4.933795e+13,5.152938e+01
1.363851e+14,7.182884e+01
1.012326e+14,4.258081e+01
5.916893e+14,8.000000e+01
5.916893e+14,8.000000e+01
1.633962e+13,7.899782e+01
1.604745e+13,7.899247e+01
4.811138e+13,6.227968e+01
1.254052e+13,7.899821e+01
2.542833e+14,6.053802e+01
4.684594e+13,2.912791e+01
4.200792e+13,2.942820e+01
2.496009e+13,4.066467e+01
9.510532e+13,8.000000e+01
1.953644e+14,6.077825e+01
2.285584e+14,5.909663e+01
1.077254e+13,7.899067e+01
7.604064e+13,3.777620e+01
1.082276e+13,7.899595e+01
1.648942e+13,7.899590e+01
2.613110e+13,2.492389e+01
1.366834e+14,6.552279e+01
3.152459e+13,7.899588e+01
2.695196e+13,3.092964e+01
3.863359e+14,8.000000e+01
1.012603e+13,7.812950e+01
8.133577e+12,7.899865e+01
1.809528e+13,7.886226e+01
5.075081e+14,8.000000e+01
1.338166e+14,8.000000e+01
4.221877e+13,3.279143e+01
2.713425e+13,2.498638e+01
1.953590e+13,7.899725e+01
1.738379e+13,7.879550e+01
1.098387e+14,7.405097e+01
1.817700e+13,7.898311e+01
1.529598e+13,7.899521e+01
2.174907e+13,7.898840e+01
1.187673e+14,4.810610e+01
3.326201e+13,6.793064e+01
3.400412e+13,7.899834e+01
9.013574e+13,5.627393e+01
1.338428e+13,7.899838e+01
2.070636e+13,7.898749e+01
4.615504e+13,6.438170e+01
1.654536e+13,7.842876e+01
3.276376e+13,7.899855e+01
2.038169e+14,8.000000e+01
4.240585e+14,8.000000e+01
1.596099e+13,7.899136e+01
3.954317e+13,3.771614e+01
5.303395e+13,3.621471e+01
5.411651e+13,3.303166e+01
5.840654e+13,4.216040e+01
4.178815e+13,4.570380e+01
8.532123e+13,6.948659e+01
5.038523e+13,3.483338e+01
3.469583e+13,3.363223e+01
1.612970e+13,7.898111e+01
2.201123e+13,5.000168e+00
1.174547e+13,6.845313e+01
1.795898e+13,7.898607e+01
1.313568e+14,6.636360e+01
1.005776e+15,7.098803e+01
9.511645e+13,5.062852e+01
6.932693e+13,4.510322e+01
1.522367e+14,8.000000e+01
1.609396e+14,6.077825e+01
3.908741e+14,6.071819e+01
2.005728e+14,5.939692e+01
1.214076e+13,7.899825e+01
8.978568e+13,7.074780e+01
5.168812e+14,8.000000e+01
4.100678e+13,6.498937e+01
1.033341e+13,7.899499e+01
1.156367e+14,5.693456e+01
1.902418e+13,7.899763e+01
6.304501e+13,5.249030e+01
2.528829e+13,7.899583e+01
3.964538e+13,4.792593e+01
1.716858e+13,7.898195e+01
1.495400e+13,7.899652e+01
1.981419e+13,7.899596e+01
5.404966e+14,8.000000e+01
2.096048e+13,7.895495e+01
2.063140e+13,7.898660e+01
9.989767e+12,6.904539e+01
1.336440e+13,7.898490e+01
2.258852e+13,2.282187e+01
1.128590e+13,7.899812e+01
1.782487e+13,7.893560e+01
3.816042e+13,3.044918e+01
6.752392e+13,3.759603e+01
2.593261e+14,8.000000e+01
2.593261e+14,8.000000e+01
1.925900e+13,7.899729e+01
1.317058e+14,6.354089e+01
1.317058e+14,6.354089e+01
6.976980e+13,6.714435e+01
3.340416e+13,3.495350e+01
4.701832e+13,4.999948e+00
2.095649e+14,8.000000e+01
3.363960e+14,8.000000e+01
1.611617e+13,7.899656e+01
3.288517e+13,7.898936e+01
3.178046e+13,7.899445e+01
7.640356e+13,6.474204e+01
7.604107e+13,4.005839e+01
2.943578e+13,2.840722e+01
2.641643e+13,7.899406e+01
2.326831e+13,2.510406e+01
1.373289e+14,5.086875e+01
1.343070e+14,7.260958e+01
2.162696e+13,7.899286e+01
2.477913e+13,2.828711e+01
7.689915e+13,4.186012e+01
3.799628e+13,3.693540e+01
5.659599e+14,8.000000e+01
1.129873e+14,5.723485e+01
4.488128e+13,4.017850e+01
3.509455e+13,3.375235e+01
3.763179e+14,6.173917e+01
2.050061e+14,7.074780e+01
1.534488e+13,6.082172e+01
2.076229e+13,7.918220e+01
3.428447e+13,7.896253e+01
3.093469e+15,8.000000e+01
2.950644e+13,7.898613e+01
5.540522e+13,3.657505e+01
1.246517e+15,8.000000e+01
9.889425e+13,6.462193e+01
5.564687e+13,4.408225e+01
4.473129e+13,4.089919e+01
3.721526e+13,7.899308e+01
4.435570e+13,3.951787e+01
1.032475e+13,7.899760e+01
3.219141e+13,7.899587e+01
5.519143e+17,8.000000e+01
2.965341e+13,7.899674e+01
1.092237e+14,8.000000e+01
1.092237e+14,4.999876e+00
2.854586e+13,3.333194e+01
5.587113e+14,6.606331e+01
2.284140e+14,5.897652e+01
1.132279e+13,7.899674e+01
1.601640e+14,6.966676e+01
1.436739e+14,4.738541e+01
9.004155e+13,4.005839e+01
2.465592e+13,7.899338e+01
4.935350e+13,3.627476e+01
2.337356e+14,6.834550e+01
1.152296e+14,6.089836e+01
2.927441e+13,7.899763e+01
1.347392e+13,7.899747e+01
1.321691e+13,7.899561e+01
3.166356e+14,4.822622e+01
2.932563e+14,5.885640e+01
5.080203e+13,3.309171e+01
1.282401e+13,7.899040e+01
3.954269e+13,3.567419e+01
1.692665e+13,4.714369e+01
6.057413e+13,7.899271e+01
2.841706e+13,7.898337e+01
3.924219e+14,8.000000e+01
1.170975e+14,8.000000e+01
1.170975e+14,8.000000e+01
1.278927e+14,8.000000e+01
1.278927e+14,8.000000e+01
5.007002e+13,5.735497e+01
3.611117e+13,2.966843e+01
4.638384e+13,3.279143e+01
1.406210e+13,7.899644e+01
1.037599e+13,4.999471e+00
3.924501e+13,3.207073e+01
2.021075e+14,8.000000e+01
2.021075e+14,8.000000e+01
2.021075e+14,8.000000e+01
1.435451e+13,7.899096e+01
3.585757e+13,7.898414e+01
1.169849e+14,6.318055e+01
6.117549e+12,1.499324e+01
1.207989e+14,5.495266e+01
1.584286e+13,7.899601e+01
1.457853e+13,7.899712e+01
1.580941e+13,5.000347e+00
9.232682e+12,7.899557e+01
3.335968e+13,3.399258e+01
2.781341e+13,7.899590e+01
1.300442e+13,7.898170e+01
2.036519e+14,6.101848e+01
2.858046e+13,2.522417e+01
5.265898e+13,3.993827e+01
8.253799e+13,6.606331e+01
1.064526e+13,4.999934e+00
8.713031e+13,4.999983e+00
1.982742e+13,7.899641e+01
2.092596e+13,7.899302e+01
1.535506e+14,7.062768e+01
1.350742e+14,6.834550e+01
5.465446e+13,7.891167e+01
6.241075e+13,7.896317e+01
1.492446e+13,7.899211e+01
3.190977e+14,7.669350e+01
1.524071e+14,8.000000e+01
1.524071e+14,8.000000e+01
1.410946e+13,7.898614e+01
1.656178e+13,7.899556e+01
9.106762e+13,8.000000e+01
1.412114e+13,7.899822e+01
2.305494e+14,6.251991e+01
1.958397e+13,7.896747e+01
8.214478e+13,4.384202e+01
1.591342e+13,7.879184e+01
3.191578e+13,3.519373e+01
3.453821e+13,4.107937e+01
2.991211e+13,3.020895e+01
2.027210e+13,4.999950e+00
9.755584e+12,7.899194e+01
3.362506e+13,2.960837e+01
3.070571e+13,3.104976e+01
2.012082e+13,7.894463e+01
8.145997e+13,4.300121e+01
1.900484e+13,7.897914e+01
8.866729e+13,4.234058e+01
2.633481e+13,7.859091e+01
1.221636e+14,7.747425e+01
2.160123e+13,7.899818e+01
3.130431e+13,2.846728e+01
1.732958e+13,7.899339e+01
1.988205e+13,7.899784e+01
1.439061e+13,7.898841e+01
1.695545e+13,7.899783e+01
4.741941e+13,3.645494e+01
3.943867e+13,7.899618e+01
1.509113e+13,7.894826e+01
2.175929e+13,4.999505e+00
8.520183e+13,8.000000e+01
8.520183e+13,5.000003e+00
8.347409e+13,4.999889e+00
8.347409e+13,5.000015e+00
4.075713e+13,4.098851e+01
1.319644e+13,7.898292e+01
1.238359e+13,7.899304e+01
1.769041e+13,7.899664e+01
5.551825e+13,7.898769e+01
8.621980e+13,4.360178e+01
2.333416e+14,7.819494e+01
1.263850e+13,7.898633e+01
4.606673e+14,8.000000e+01
4.606673e+14,8.000000e+01
2.210327e+13,7.899501e+01
4.476033e+13,2.698679e+01
8.426618e+13,4.522334e+01
5.118061e+13,3.837678e+01
1.649156e+13,7.897743e+01
2.201037e+14,8.000000e+01
1.261324e+14,6.978688e+01
1.261324e+14,6.978688e+01
2.941785e+13,2.948826e+01
9.863586e+12,7.899806e+01
1.639208e+13,7.897521e+01
1.766972e+13,7.899853e+01
1.215637e+14,8.000000e+01
1.215637e+14,8.000000e+01
1.326565e+13,7.899667e+01
3.041569e+13,3.141010e+01
3.022833e+13,3.273137e+01
9.673410e+13,8.000000e+01
1.766708e+14,8.000000e+01
1.165025e+13,7.899583e+01
7.783178e+13,6.155899e+01
2.551353e+13,2.636527e+01
1.643744e+13,7.899258e+01
6.419536e+13,3.957793e+01
1.548050e+13,5.092550e+01
3.692500e+13,3.657505e+01
2.318109e+13,2.318222e+01
3.814451e+16,8.000000e+01
3.711970e+13,7.899689e+01
2.740144e+13,3.008884e+01
1.097646e+13,7.899804e+01
6.724969e+14,8.000000e+01
6.724969e+14,8.000000e+01
2.060854e+13,7.898494e+01
2.480336e+13,3.092964e+01
1.144898e+13,7.899801e+01
1.998220e+14,8.000000e+01
1.998220e+14,8.000000e+01
9.651511e+14,8.000000e+01
9.651511e+14,8.000000e+01
9.651511e+14,8.000000e+01
1.227169e+13,4.999865e+00
4.952301e+13,3.861701e+01
1.296747e+13,7.895795e+01
7.340878e+13,4.011845e+01
5.392881e+13,4.107937e+01
1.179954e+13,7.899619e+01
4.083411e+13,3.171039e+01
8.284331e+13,6.618343e+01
8.284331e+13,6.618343e+01
3.265921e+13,6.704994e+01
3.706353e+14,8.000000e+01
1.361573e+13,7.899789e+01
2.369306e+13,7.889006e+01
8.035286e+13,4.708512e+01
3.310078e+13,4.468282e+01
1.630465e+14,2.700000e+01
4.355559e+13,4.883039e+01
7.142919e+13,5.807566e+01
7.142919e+13,7.898983e+01
1.900081e+14,8.000000e+01
1.900081e+14,8.000000e+01
1.354405e+14,5.849606e+01
2.045021e+13,7.886419e+01
4.509422e+13,5.000167e+00
4.509422e+13,5.483255e+01
3.976150e+13,3.531384e+01
3.787236e+14,5.723485e+01
2.781840e+13,7.899720e+01
1.221829e+14,5.915669e+01
4.547324e+13,7.899723e+01
2.433565e+13,2.720607e+01
1.352714e+13,7.899691e+01
1.694800e+13,7.899635e+01
1.319524e+13,7.899730e+01
3.018028e+13,3.567419e+01
2.982700e+14,5.657422e+01
5.779608e+14,8.000000e+01
2.599745e+14,6.738458e+01
1.107601e+13,7.899862e+01
1.791602e+13,2.308320e+01
2.301020e+14,8.000000e+01
1.073017e+14,7.609292e+01
1.344266e+14,8.000000e+01
1.460738e+13,7.899164e+01
3.556805e+13,3.135004e+01
1.463512e+14,7.188889e+01
3.045341e+14,7.465154e+01
1.900295e+14,8.000000e+01
1.948156e+13,7.899733e+01
3.395014e+14,2.473573e+01
5.803543e+13,4.648455e+01
9.674845e+13,5.633399e+01
7.796687e+13,4.005839e+01
2.265707e+13,2.402302e+01
5.054689e+13,3.387246e+01
7.743263e+14,6.648371e+01
1.149688e+14,5.002794e+01
8.222991e+13,4.768570e+01
2.814420e+13,7.899302e+01
1.260167e+14,8.000000e+01
1.260167e+14,8.000000e+01
1.052842e+13,7.899726e+01
5.827081e+13,3.975810e+01
8.456362e+13,4.119948e+01
1.774858e+13,7.897783e+01
1.448590e+13,7.899110e+01
1.159139e+14,6.708429e+01
2.415683e+13,7.895655e+01
2.729616e+13,2.426325e+01
5.342526e+13,3.933770e+01
2.068255e+14,8.000000e+01
1.780999e+13,7.898588e+01
7.487453e+12,1.500000e+01
1.305275e+13,4.999537e+00
1.831337e+13,7.899600e+01
3.853409e+14,8.000000e+01
3.853409e+14,8.000000e+01
1.041465e+14,8.000000e+01
1.041465e+14,8.000000e+01
2.830276e+13,3.195062e+01
2.653462e+13,2.558452e+01
2.175515e+13,7.897309e+01
4.339954e+20,8.000000e+01
4.339954e+20,8.000000e+01
4.339954e+20,8.000000e+01
4.339954e+20,8.000000e+01
4.339954e+20,8.000000e+01
4.339954e+20,8.000000e+01
1.017887e+14,7.849522e+01
1.308026e+13,7.899793e+01
4.179924e+13,5.000002e+00
4.179924e+13,7.899634e+01
1.690817e+13,7.899492e+01
8.272897e+13,5.700000e+01
1.971793e+13,7.899462e+01
5.836842e+14,8.000000e+01
5.836842e+14,8.000000e+01
2.269495e+13,4.316625e+01
2.283692e+14,7.483171e+01
1.651640e+13,7.898873e+01
3.870716e+13,4.438253e+01
1.560799e+13,7.899628e+01
1.629757e+13,7.899200e+01
4.703053e+13,3.387246e+01
1.139453e+13,7.894089e+01
1.315009e+14,6.360095e+01
1.121088e+13,4.999859e+00
1.803121e+13,7.898828e+01
5.520575e+13,3.645494e+01
2.147594e+13,7.899799e+01
6.119801e+13,3.899265e+01
8.664394e+13,6.318055e+01
8.664394e+13,6.318055e+01
1.449766e+13,7.897928e+01
3.828656e+14,8.000000e+01
3.828656e+14,8.000000e+01
1.537503e+14,8.000000e+01
1.537503e+14,8.000000e+01
1.896287e+14,8.000000e+01
4.187376e+13,3.687534e+01
4.056794e+13,3.195062e+01
2.165960e+13,2.294199e+01
3.131687e+13,3.122993e+01
1.764474e+13,7.898841e+01
5.934715e+14,8.000000e+01
5.934715e+14,8.000000e+01
1.236418e+14,8.000000e+01
1.799170e+14,8.000000e+01
2.751184e+14,8.000000e+01
2.751184e+14,8.000000e+01
3.723203e+13,3.867707e+01
3.170935e+13,3.056930e+01
3.994924e+14,8.000000e+01
1.120223e+13,2.099989e+01
3.404137e+13,4.336155e+01
2.378115e+13,2.636527e+01
4.012204e+13,3.002878e+01
1.928930e+13,7.897249e+01
1.492700e+13,7.898975e+01
3.637983e+13,3.987822e+01
1.766359e+14,8.000000e+01
1.766359e+14,8.000000e+01
6.879049e+13,7.898558e+01
6.879049e+13,7.327022e+01
2.345293e+13,7.899743e+01
4.073886e+13,3.411269e+01
2.235480e+13,2.582475e+01
4.484068e+13,7.899784e+01
4.754693e+13,3.747591e+01
3.975319e+14,8.000000e+01
1.114765e+13,7.899855e+01
3.034973e+14,8.000000e+01
7.412236e+13,3.861701e+01
1.817063e+13,7.896860e+01
3.987775e+13,7.899604e+01
3.849054e+13,2.858740e+01
1.246142e+14,5.861617e+01
3.857931e+13,2.822705e+01
5.743966e+14,6.930642e+01
4.654884e+14,6.504233e+01
4.759590e+13,7.899862e+01
4.783311e+13,5.351128e+01
4.783311e+13,5.351128e+01
2.541686e+14,8.000000e+01
2.541686e+14,8.000000e+01
1.214434e+14,6.558285e+01
2.019745e+14,2.497707e+01
3.375125e+13,3.705551e+01
4.950763e+14,8.000000e+01
3.360157e+13,7.898629e+01
3.388967e+14,5.777537e+01
1.008861e+13,7.899595e+01
8.415542e+13,5.062852e+01
1.206269e+14,4.498311e+01
3.548744e+13,3.903741e+01
6.057864e+13,4.690495e+01
1.874815e+13,7.899575e+01
1.120520e+14,3.987822e+01
3.756841e+13,7.899545e+01
1.086515e+14,4.462276e+01
2.074395e+14,6.510239e+01
2.248864e+14,8.000000e+01
2.248864e+14,8.000000e+01
5.629648e+13,4.606414e+01
