k_s_per_km,P_k_mean_km_per_s,P_k_std,P_k_err
0.000000e+00,3.698127e+00,5.065611e+01,5.065611e-01
2.513274e-03,1.729691e+00,6.847136e+00,6.847136e-02
5.026548e-03,1.301424e+00,3.033590e+00,3.033590e-02
7.539822e-03,1.085924e+00,2.269735e+00,2.269735e-02
1.005310e-02,9.390734e-01,1.945721e+00,1.945721e-02
1.256637e-02,8.142612e-01,1.576556e+00,1.576556e-02
1.507964e-02,7.285018e-01,1.431016e+00,1.431016e-02
1.759292e-02,6.252696e-01,1.161757e+00,1.161757e-02
2.010619e-02,5.421749e-01,9.655791e-01,9.655791e-03
2.261947e-02,4.880287e-01,8.624321e-01,8.624321e-03
2.513274e-02,4.286301e-01,7.405143e-01,7.405143e-03
2.764602e-02,3.676490e-01,6.145292e-01,6.145292e-03
3.015929e-02,3.266078e-01,5.503516e-01,5.503516e-03
3.267256e-02,2.922569e-01,4.786401e-01,4.786401e-03
3.518584e-02,2.602373e-01,4.300303e-01,4.300303e-03
3.769911e-02,2.311988e-01,3.792615e-01,3.792615e-03
4.021239e-02,2.039150e-01,3.214541e-01,3.214541e-03
4.272566e-02,1.785810e-01,2.901087e-01,2.901087e-03
4.523893e-02,1.566661e-01,2.412460e-01,2.412460e-03
4.775221e-02,1.411289e-01,2.187831e-01,2.187831e-03
5.026548e-02,1.280137e-01,1.922591e-01,1.922591e-03
5.277876e-02,1.132966e-01,1.727747e-01,1.727747e-03
5.529203e-02,1.026228e-01,1.510230e-01,1.510230e-03
5.780530e-02,9.353332e-02,1.415427e-01,1.415427e-03
6.031858e-02,8.461557e-02,1.277648e-01,1.277648e-03
6.283185e-02,7.529315e-02,1.167816e-01,1.167816e-03
6.534513e-02,6.972647e-02,1.042075e-01,1.042075e-03
6.785840e-02,5.980148e-02,8.794666e-02,8.794666e-04
7.037168e-02,5.420054e-02,8.033381e-02,8.033381e-04
7.288495e-02,4.917310e-02,7.237065e-02,7.237065e-04
7.539822e-02,4.455956e-02,6.603134e-02,6.603134e-04
7.791150e-02,4.009428e-02,5.855495e-02,5.855495e-04
8.042477e-02,3.628661e-02,5.277529e-02,5.277529e-04
8.293805e-02,3.267560e-02,4.682211e-02,4.682211e-04
8.545132e-02,2.954019e-02,4.277030e-02,4.277030e-04
8.796459e-02,2.631548e-02,3.927481e-02,3.927481e-04
9.047787e-02,2.408836e-02,3.531158e-02,3.531158e-04
9.299114e-02,2.190405e-02,3.194669e-02,3.194669e-04
9.550442e-02,2.008556e-02,3.016791e-02,3.016791e-04
9.801769e-02,1.807881e-02,2.698169e-02,2.698169e-04
1.005310e-01,1.627948e-02,2.295644e-02,2.295644e-04
1.030442e-01,1.443837e-02,2.106035e-02,2.106035e-04
1.055575e-01,1.300690e-02,1.884789e-02,1.884789e-04
1.080708e-01,1.193736e-02,1.709257e-02,1.709257e-04
1.105841e-01,1.069770e-02,1.544542e-02,1.544542e-04
1.130973e-01,9.927823e-03,1.460294e-02,1.460294e-04
1.156106e-01,8.919827e-03,1.337807e-02,1.337807e-04
1.181239e-01,7.889355e-03,1.160568e-02,1.160568e-04
1.206372e-01,7.187704e-03,1.048988e-02,1.048988e-04
1.231504e-01,6.717086e-03,9.937685e-03,9.937685e-05
1.256637e-01,6.054343e-03,9.040646e-03,9.040646e-05
1.281770e-01,5.477247e-03,8.260348e-03,8.260348e-05
1.306903e-01,4.862269e-03,7.295231e-03,7.295231e-05
1.332035e-01,4.454635e-03,6.715020e-03,6.715020e-05
1.357168e-01,4.032882e-03,6.040325e-03,6.040325e-05
1.382301e-01,3.649138e-03,5.545643e-03,5.545643e-05
1.407434e-01,3.299139e-03,5.081374e-03,5.081374e-05
1.432566e-01,2.991857e-03,4.522221e-03,4.522221e-05
1.457699e-01,2.690162e-03,4.041212e-03,4.041212e-05
1.482832e-01,2.520710e-03,3.820274e-03,3.820274e-05
1.507964e-01,2.261049e-03,3.487278e-03,3.487278e-05
1.533097e-01,2.039502e-03,3.143492e-03,3.143492e-05
1.558230e-01,1.833690e-03,2.798680e-03,2.798680e-05
1.583363e-01,1.677111e-03,2.579897e-03,2.579897e-05
1.608495e-01,1.513181e-03,2.374253e-03,2.374253e-05
1.633628e-01,1.385139e-03,2.246435e-03,2.246435e-05
1.658761e-01,1.245920e-03,1.952345e-03,1.952345e-05
1.683894e-01,1.120029e-03,1.782231e-03,1.782231e-05
1.709026e-01,1.033910e-03,1.641157e-03,1.641157e-05
1.734159e-01,9.268165e-04,1.466540e-03,1.466540e-05
1.759292e-01,8.298424e-04,1.326564e-03,1.326564e-05
1.784425e-01,7.621634e-04,1.250090e-03,1.250090e-05
1.809557e-01,6.829139e-04,1.080675e-03,1.080675e-05
1.834690e-01,6.253996e-04,1.013556e-03,1.013556e-05
1.859823e-01,5.697553e-04,9.130061e-04,9.130061e-06
1.884956e-01,5.181189e-04,8.625423e-04,8.625423e-06
1.910088e-01,4.722196e-04,7.764475e-04,7.764475e-06
1.935221e-01,4.306924e-04,7.105432e-04,7.105432e-06
1.960354e-01,3.831536e-04,6.523268e-04,6.523268e-06
1.985487e-01,3.547717e-04,6.535910e-04,6.535910e-06
2.010619e-01,3.177347e-04,5.502983e-04,5.502983e-06
2.035752e-01,2.882426e-04,5.302673e-04,5.302673e-06
2.060885e-01,2.650753e-04,4.946573e-04,4.946573e-06
2.086018e-01,2.458160e-04,4.599616e-04,4.599616e-06
2.111150e-01,2.221027e-04,4.359431e-04,4.359431e-06
2.136283e-01,2.037110e-04,4.096316e-04,4.096316e-06
2.161416e-01,1.842763e-04,3.840197e-04,3.840197e-06
2.186548e-01,1.670018e-04,3.590465e-04,3.590465e-06
2.211681e-01,1.512016e-04,3.439890e-04,3.439890e-06
2.236814e-01,1.410154e-04,3.202843e-04,3.202843e-06
2.261947e-01,1.281317e-04,2.963717e-04,2.963717e-06
2.287079e-01,1.151307e-04,2.717817e-04,2.717817e-06
2.312212e-01,1.017108e-04,2.294187e-04,2.294187e-06
2.337345e-01,9.576117e-05,2.355610e-04,2.355610e-06
2.362478e-01,8.866228e-05,2.231439e-04,2.231439e-06
2.387610e-01,7.799828e-05,1.998766e-04,1.998766e-06
2.412743e-01,7.108265e-05,1.869799e-04,1.869799e-06
2.437876e-01,6.379395e-05,1.725207e-04,1.725207e-06
2.463009e-01,5.935487e-05,1.646669e-04,1.646669e-06
2.488141e-01,5.500752e-05,1.578583e-04,1.578583e-06
2.513274e-01,4.972277e-05,1.437854e-04,1.437854e-06
2.538407e-01,4.648948e-05,1.410357e-04,1.410357e-06
2.563540e-01,4.201173e-05,1.327358e-04,1.327358e-06
2.588672e-01,3.905730e-05,1.338656e-04,1.338656e-06
2.613805e-01,3.510267e-05,1.261060e-04,1.261060e-06
2.638938e-01,3.214088e-05,1.209346e-04,1.209346e-06
2.664071e-01,2.940432e-05,1.176262e-04,1.176262e-06
2.689203e-01,2.673008e-05,1.064532e-04,1.064532e-06
2.714336e-01,2.470069e-05,1.022405e-04,1.022405e-06
2.739469e-01,2.231622e-05,9.583579e-05,9.583579e-07
2.764602e-01,2.085321e-05,8.776296e-05,8.776296e-07
2.789734e-01,1.914220e-05,8.452638e-05,8.452638e-07
2.814867e-01,1.738413e-05,7.938905e-05,7.938905e-07
2.840000e-01,1.618382e-05,7.490127e-05,7.490127e-07
2.865133e-01,1.477553e-05,7.379330e-05,7.379330e-07
2.890265e-01,1.369613e-05,7.111291e-05,7.111291e-07
2.915398e-01,1.257713e-05,7.048183e-05,7.048183e-07
2.940531e-01,1.175598e-05,6.831810e-05,6.831810e-07
2.965663e-01,1.086411e-05,6.520513e-05,6.520513e-07
2.990796e-01,1.009792e-05,6.149225e-05,6.149225e-07
3.015929e-01,9.292325e-06,5.702287e-05,5.702287e-07
3.041062e-01,8.639405e-06,5.430393e-05,5.430393e-07
3.066194e-01,7.931218e-06,4.925073e-05,4.925073e-07
3.091327e-01,7.472902e-06,4.714941e-05,4.714941e-07
3.116460e-01,6.908578e-06,4.344038e-05,4.344038e-07
3.141593e-01,6.496263e-06,4.293394e-05,4.293394e-07
3.166725e-01,5.968785e-06,4.263313e-05,4.263313e-07
3.191858e-01,5.618375e-06,4.336036e-05,4.336036e-07
3.216991e-01,5.205412e-06,4.148512e-05,4.148512e-07
3.242124e-01,4.869967e-06,4.170762e-05,4.170762e-07
3.267256e-01,4.597934e-06,4.058274e-05,4.058274e-07
3.292389e-01,4.261073e-06,3.732672e-05,3.732672e-07
3.317522e-01,4.016326e-06,3.655470e-05,3.655470e-07
3.342655e-01,3.759851e-06,3.491266e-05,3.491266e-07
3.367787e-01,3.570541e-06,3.456764e-05,3.456764e-07
3.392920e-01,3.222359e-06,3.176119e-05,3.176119e-07
3.418053e-01,3.080048e-06,3.076495e-05,3.076495e-07
3.443186e-01,2.839009e-06,2.911167e-05,2.911167e-07
3.468318e-01,2.663557e-06,2.743899e-05,2.743899e-07
3.493451e-01,2.492602e-06,2.648938e-05,2.648938e-07
3.518584e-01,2.319967e-06,2.476780e-05,2.476780e-07
3.543717e-01,2.140739e-06,2.301724e-05,2.301724e-07
3.568849e-01,2.052685e-06,2.195555e-05,2.195555e-07
3.593982e-01,1.884624e-06,2.000317e-05,2.000317e-07
3.619115e-01,1.792176e-06,1.892595e-05,1.892595e-07
3.644247e-01,1.695345e-06,1.773078e-05,1.773078e-07
3.669380e-01,1.622808e-06,1.704243e-05,1.704243e-07
3.694513e-01,1.564542e-06,1.738129e-05,1.738129e-07
3.719646e-01,1.538619e-06,1.796893e-05,1.796893e-07
3.744778e-01,1.460061e-06,1.794582e-05,1.794582e-07
3.769911e-01,1.405661e-06,1.819746e-05,1.819746e-07
3.795044e-01,1.339823e-06,1.827691e-05,1.827691e-07
3.820177e-01,1.295469e-06,1.823268e-05,1.823268e-07
3.845309e-01,1.225462e-06,1.755295e-05,1.755295e-07
3.870442e-01,1.145130e-06,1.654560e-05,1.654560e-07
3.895575e-01,1.069286e-06,1.554705e-05,1.554705e-07
3.920708e-01,9.963642e-07,1.453853e-05,1.453853e-07
3.945840e-01,9.216837e-07,1.381970e-05,1.381970e-07
3.970973e-01,8.537856e-07,1.308659e-05,1.308659e-07
3.996106e-01,7.995621e-07,1.261548e-05,1.261548e-07
4.021239e-01,7.475188e-07,1.206223e-05,1.206223e-07
4.046371e-01,7.030341e-07,1.129092e-05,1.129092e-07
4.071504e-01,6.718481e-07,1.075612e-05,1.075612e-07
4.096637e-01,6.450912e-07,1.010989e-05,1.010989e-07
4.121770e-01,6.295619e-07,9.665634e-06,9.665634e-08
4.146902e-01,6.051974e-07,9.181169e-06,9.181169e-08
4.172035e-01,5.918764e-07,8.935002e-06,8.935002e-08
4.197168e-01,5.785985e-07,8.773674e-06,8.773674e-08
4.222301e-01,5.583333e-07,8.663139e-06,8.663139e-08
4.247433e-01,5.326355e-07,8.374001e-06,8.374001e-08
4.272566e-01,5.119098e-07,8.026647e-06,8.026647e-08
4.297699e-01,4.865634e-07,7.604663e-06,7.604663e-08
4.322831e-01,4.619715e-07,7.143683e-06,7.143683e-08
4.347964e-01,4.348237e-07,6.767216e-06,6.767216e-08
4.373097e-01,4.089097e-07,6.489638e-06,6.489638e-08
4.398230e-01,3.833197e-07,6.339469e-06,6.339469e-08
4.423362e-01,3.656678e-07,6.367477e-06,6.367477e-08
4.448495e-01,3.511331e-07,6.525481e-06,6.525481e-08
4.473628e-01,3.393249e-07,6.670500e-06,6.670500e-08
4.498761e-01,3.279606e-07,6.763239e-06,6.763239e-08
4.523893e-01,3.240191e-07,6.795392e-06,6.795392e-08
4.549026e-01,3.139796e-07,6.628729e-06,6.628729e-08
4.574159e-01,3.099459e-07,6.478995e-06,6.478995e-08
4.599292e-01,3.011586e-07,6.228100e-06,6.228100e-08
4.624424e-01,2.921462e-07,5.839100e-06,5.839100e-08
4.649557e-01,2.821564e-07,5.510538e-06,5.510538e-08
4.674690e-01,2.703536e-07,5.114161e-06,5.114161e-08
4.699823e-01,2.529503e-07,4.616167e-06,4.616167e-08
4.724955e-01,2.381889e-07,4.294381e-06,4.294381e-08
4.750088e-01,2.195467e-07,3.870148e-06,3.870148e-08
4.775221e-01,2.036695e-07,3.603920e-06,3.603920e-08
4.800354e-01,1.876554e-07,3.334858e-06,3.334858e-08
4.825486e-01,1.739889e-07,3.103229e-06,3.103229e-08
4.850619e-01,1.615253e-07,2.896775e-06,2.896775e-08
4.875752e-01,1.519582e-07,2.711091e-06,2.711091e-08
4.900885e-01,1.464718e-07,2.610110e-06,2.610110e-08
4.926017e-01,1.428654e-07,2.570345e-06,2.570345e-08
4.951150e-01,1.401828e-07,2.616455e-06,2.616455e-08
4.976283e-01,1.406480e-07,2.753507e-06,2.753507e-08
5.001416e-01,1.413129e-07,2.945450e-06,2.945450e-08
5.026548e-01,1.414568e-07,3.126052e-06,3.126052e-08
5.051681e-01,1.427420e-07,3.296311e-06,3.296311e-08
5.076814e-01,1.415292e-07,3.368388e-06,3.368388e-08
5.101946e-01,1.409936e-07,3.409519e-06,3.409519e-08
5.127079e-01,1.377941e-07,3.336779e-06,3.336779e-08
5.152212e-01,1.330791e-07,3.183312e-06,3.183312e-08
5.177345e-01,1.271498e-07,2.981721e-06,2.981721e-08
5.202477e-01,1.199332e-07,2.742156e-06,2.742156e-08
5.227610e-01,1.130373e-07,2.513167e-06,2.513167e-08
5.252743e-01,1.057380e-07,2.267451e-06,2.267451e-08
5.277876e-01,9.776813e-08,2.025793e-06,2.025793e-08
5.303008e-01,9.092942e-08,1.835787e-06,1.835787e-08
5.328141e-01,8.407648e-08,1.668372e-06,1.668372e-08
5.353274e-01,7.829852e-08,1.559756e-06,1.559756e-08
5.378407e-01,7.351488e-08,1.494980e-06,1.494980e-08
5.403539e-01,6.970483e-08,1.462987e-06,1.462987e-08
5.428672e-01,6.663853e-08,1.437073e-06,1.437073e-08
5.453805e-01,6.455214e-08,1.413281e-06,1.413281e-08
5.478938e-01,6.281691e-08,1.373892e-06,1.373892e-08
5.504070e-01,6.148971e-08,1.319254e-06,1.319254e-08
5.529203e-01,6.053110e-08,1.271641e-06,1.271641e-08
5.554336e-01,6.004181e-08,1.256482e-06,1.256482e-08
5.579469e-01,5.962983e-08,1.272819e-06,1.272819e-08
5.604601e-01,5.886571e-08,1.313915e-06,1.313915e-08
5.629734e-01,5.840271e-08,1.379768e-06,1.379768e-08
5.654867e-01,5.751531e-08,1.435644e-06,1.435644e-08
5.680000e-01,5.672708e-08,1.479126e-06,1.479126e-08
5.705132e-01,5.577643e-08,1.500168e-06,1.500168e-08
5.730265e-01,5.476426e-08,1.481435e-06,1.481435e-08
5.755398e-01,5.354344e-08,1.433831e-06,1.433831e-08
5.780530e-01,5.166286e-08,1.352685e-06,1.352685e-08
5.805663e-01,4.973377e-08,1.269638e-06,1.269638e-08
5.830796e-01,4.758796e-08,1.178684e-06,1.178684e-08
5.855929e-01,4.512611e-08,1.090167e-06,1.090167e-08
5.881061e-01,4.256605e-08,1.009380e-06,1.009380e-08
5.906194e-01,3.969894e-08,9.218155e-07,9.218155e-09
5.931327e-01,3.685400e-08,8.449900e-07,8.449900e-09
5.956460e-01,3.406733e-08,7.681496e-07,7.681496e-09
5.981592e-01,3.152006e-08,6.974300e-07,6.974300e-09
6.006725e-01,2.915473e-08,6.336056e-07,6.336056e-09
6.031858e-01,2.721196e-08,5.837907e-07,5.837907e-09
6.056991e-01,2.578053e-08,5.517842e-07,5.517842e-09
6.082123e-01,2.475685e-08,5.348276e-07,5.348276e-09
6.107256e-01,2.428639e-08,5.341160e-07,5.341160e-09
6.132389e-01,2.421609e-08,5.474618e-07,5.474618e-09
6.157522e-01,2.438536e-08,5.673635e-07,5.673635e-09
6.182654e-01,2.491639e-08,6.006381e-07,6.006381e-09
6.207787e-01,2.544588e-08,6.372074e-07,6.372074e-09
6.232920e-01,2.598065e-08,6.719326e-07,6.719326e-09
6.258053e-01,2.624784e-08,7.015550e-07,7.015550e-09
6.283185e-01,2.629620e-08,7.183645e-07,7.183645e-09
6.308318e-01,2.602622e-08,7.242990e-07,7.242990e-09
6.333451e-01,2.538457e-08,7.114460e-07,7.114460e-09
6.358584e-01,2.446285e-08,6.840374e-07,6.840374e-09
6.383716e-01,2.323360e-08,6.419070e-07,6.419070e-09
6.408849e-01,2.171879e-08,5.886335e-07,5.886335e-09
6.433982e-01,2.021879e-08,5.335253e-07,5.335253e-09
6.459114e-01,1.861870e-08,4.766301e-07,4.766301e-09
6.484247e-01,1.711234e-08,4.253438e-07,4.253438e-09
6.509380e-01,1.576126e-08,3.803308e-07,3.803308e-09
6.534513e-01,1.463485e-08,3.446899e-07,3.446899e-09
6.559645e-01,1.375772e-08,3.170362e-07,3.170362e-09
6.584778e-01,1.309318e-08,2.970963e-07,2.970963e-09
6.609911e-01,1.269165e-08,2.861022e-07,2.861022e-09
6.635044e-01,1.246436e-08,2.831600e-07,2.831600e-09
6.660176e-01,1.236758e-08,2.876295e-07,2.876295e-09
6.685309e-01,1.233009e-08,2.970292e-07,2.970292e-09
6.710442e-01,1.233762e-08,3.089086e-07,3.089086e-09
6.735575e-01,1.232498e-08,3.199903e-07,3.199903e-09
6.760707e-01,1.224926e-08,3.278704e-07,3.278704e-09
6.785840e-01,1.212544e-08,3.316678e-07,3.316678e-09
6.810973e-01,1.187729e-08,3.307087e-07,3.307087e-09
6.836106e-01,1.159832e-08,3.272479e-07,3.272479e-09
6.861238e-01,1.124432e-08,3.202572e-07,3.202572e-09
6.886371e-01,1.086876e-08,3.116304e-07,3.116304e-09
6.911504e-01,1.047935e-08,3.018705e-07,3.018705e-09
6.936637e-01,1.010189e-08,2.906042e-07,2.906042e-09
6.961769e-01,9.750039e-09,2.785178e-07,2.785178e-09
6.986902e-01,9.413211e-09,2.651526e-07,2.651526e-09
7.012035e-01,9.122124e-09,2.517041e-07,2.517041e-09
7.037168e-01,8.827415e-09,2.378261e-07,2.378261e-09
7.062300e-01,8.569861e-09,2.255715e-07,2.255715e-09
7.087433e-01,8.278990e-09,2.136617e-07,2.136617e-09
7.112566e-01,8.002301e-09,2.035501e-07,2.035501e-09
7.137699e-01,7.673069e-09,1.935964e-07,1.935964e-09
7.162831e-01,7.349237e-09,1.842033e-07,1.842033e-09
7.187964e-01,6.983298e-09,1.744853e-07,1.744853e-09
7.213097e-01,6.611448e-09,1.653198e-07,1.653198e-09
7.238229e-01,6.240098e-09,1.573081e-07,1.573081e-09
7.263362e-01,5.886071e-09,1.517187e-07,1.517187e-09
7.288495e-01,5.574019e-09,1.488284e-07,1.488284e-09
7.313628e-01,5.304074e-09,1.485894e-07,1.485894e-09
7.338760e-01,5.103560e-09,1.496297e-07,1.496297e-09
7.363893e-01,4.957692e-09,1.509459e-07,1.509459e-09
7.389026e-01,4.885233e-09,1.509571e-07,1.509571e-09
7.414159e-01,4.865321e-09,1.499540e-07,1.499540e-09
7.439291e-01,4.889514e-09,1.467689e-07,1.467689e-09
7.464424e-01,4.923578e-09,1.429230e-07,1.429230e-09
7.489557e-01,4.977517e-09,1.389079e-07,1.389079e-09
7.514690e-01,4.995387e-09,1.350558e-07,1.350558e-09
7.539822e-01,4.984332e-09,1.318169e-07,1.318169e-09
7.564955e-01,4.924415e-09,1.291799e-07,1.291799e-09
7.590088e-01,4.810692e-09,1.264599e-07,1.264599e-09
7.615221e-01,4.642625e-09,1.231281e-07,1.231281e-09
7.640353e-01,4.424456e-09,1.189348e-07,1.189348e-09
7.665486e-01,4.173735e-09,1.135876e-07,1.135876e-09
7.690619e-01,3.895343e-09,1.073608e-07,1.073608e-09
7.715752e-01,3.625413e-09,1.006064e-07,1.006064e-09
7.740884e-01,3.357984e-09,9.363816e-08,9.363816e-10
7.766017e-01,3.130478e-09,8.713366e-08,8.713366e-10
7.791150e-01,2.938415e-09,8.147886e-08,8.147886e-10
7.816283e-01,2.801597e-09,7.720816e-08,7.720816e-10
7.841415e-01,2.709776e-09,7.459122e-08,7.459122e-10
7.866548e-01,2.661367e-09,7.360008e-08,7.360008e-10
7.891681e-01,2.652006e-09,7.428955e-08,7.428955e-10
7.916813e-01,2.661401e-09,7.582650e-08,7.582650e-10
7.941946e-01,2.686911e-09,7.775191e-08,7.775191e-10
7.967079e-01,2.701054e-09,7.905504e-08,7.905504e-10
7.992212e-01,2.710232e-09,7.943401e-08,7.943401e-10
8.017344e-01,2.685356e-09,7.825084e-08,7.825084e-10
8.042477e-01,2.643704e-09,7.564707e-08,7.564707e-10
8.067610e-01,2.562634e-09,7.169826e-08,7.169826e-10
8.092743e-01,2.464938e-09,6.699532e-08,6.699532e-10
8.117875e-01,2.340021e-09,6.215691e-08,6.215691e-10
8.143008e-01,2.211777e-09,5.786527e-08,5.786527e-10
8.168141e-01,2.076756e-09,5.454929e-08,5.454929e-10
8.193274e-01,1.953770e-09,5.243957e-08,5.243957e-10
8.218406e-01,1.844837e-09,5.120551e-08,5.120551e-10
8.243539e-01,1.755592e-09,5.048381e-08,5.048381e-10
8.268672e-01,1.694635e-09,4.982959e-08,4.982959e-10
8.293805e-01,1.649107e-09,4.895347e-08,4.895347e-10
8.318937e-01,1.633783e-09,4.795170e-08,4.795170e-10
8.344070e-01,1.622652e-09,4.673850e-08,4.673850e-10
8.369203e-01,1.631962e-09,4.566565e-08,4.566565e-10
8.394336e-01,1.630204e-09,4.464056e-08,4.464056e-10
8.419468e-01,1.636832e-09,4.393529e-08,4.393529e-10
8.444601e-01,1.621573e-09,4.329868e-08,4.329868e-10
8.469734e-01,1.603281e-09,4.281676e-08,4.281676e-10
8.494867e-01,1.560409e-09,4.218905e-08,4.218905e-10
8.519999e-01,1.510923e-09,4.151500e-08,4.151500e-10
8.545132e-01,1.441910e-09,4.055333e-08,4.055333e-10
8.570265e-01,1.369524e-09,3.942219e-08,3.942219e-10
8.595398e-01,1.288299e-09,3.793819e-08,3.793819e-10
8.620530e-01,1.210260e-09,3.622104e-08,3.622104e-10
8.645663e-01,1.135237e-09,3.416380e-08,3.416380e-10
8.670796e-01,1.069602e-09,3.195171e-08,3.195171e-10
8.695928e-01,1.014936e-09,2.960542e-08,2.960542e-10
8.721061e-01,9.711516e-10,2.743377e-08,2.743377e-10
8.746194e-01,9.426025e-10,2.564218e-08,2.564218e-10
8.771327e-01,9.220417e-10,2.446269e-08,2.446269e-10
8.796459e-01,9.140082e-10,2.391754e-08,2.391754e-10
8.821592e-01,9.091741e-10,2.393933e-08,2.393933e-10
8.846725e-01,9.111777e-10,2.424895e-08,2.424895e-10
8.871858e-01,9.110907e-10,2.459031e-08,2.459031e-10
8.896990e-01,9.118836e-10,2.476887e-08,2.476887e-10
8.922123e-01,9.067054e-10,2.467838e-08,2.467838e-10
8.947256e-01,8.997616e-10,2.437928e-08,2.437928e-10
8.972389e-01,8.848600e-10,2.387198e-08,2.387198e-10
8.997521e-01,8.680306e-10,2.334074e-08,2.334074e-10
9.022654e-01,8.429741e-10,2.275895e-08,2.275895e-10
9.047787e-01,8.187644e-10,2.228016e-08,2.228016e-10
9.072920e-01,7.872474e-10,2.176056e-08,2.176056e-10
9.098052e-01,7.595319e-10,2.130121e-08,2.130121e-10
9.123185e-01,7.259146e-10,2.070358e-08,2.070358e-10
9.148318e-01,6.980233e-10,2.009360e-08,2.009360e-10
9.173451e-01,6.660239e-10,1.933491e-08,1.933491e-10
9.198583e-01,6.398887e-10,1.856329e-08,1.856329e-10
9.223716e-01,6.108369e-10,1.768719e-08,1.768719e-10
9.248849e-01,5.868572e-10,1.683653e-08,1.683653e-10
9.273982e-01,5.612026e-10,1.592391e-08,1.592391e-10
9.299114e-01,5.391295e-10,1.504692e-08,1.504692e-10
9.324247e-01,5.171929e-10,1.414324e-08,1.414324e-10
9.349380e-01,4.973539e-10,1.330519e-08,1.330519e-10
9.374512e-01,4.796439e-10,1.254056e-08,1.254056e-10
9.399645e-01,4.628979e-10,1.192534e-08,1.192534e-10
9.424778e-01,4.505646e-10,1.150761e-08,1.150761e-10
9.449911e-01,4.380269e-10,1.126963e-08,1.126963e-10
9.475043e-01,4.317039e-10,1.122836e-08,1.122836e-10
9.500176e-01,4.238380e-10,1.126229e-08,1.126229e-10
9.525309e-01,4.227419e-10,1.138520e-08,1.138520e-10
9.550442e-01,4.187592e-10,1.147062e-08,1.147062e-10
9.575574e-01,4.204336e-10,1.157120e-08,1.157120e-10
9.600707e-01,4.178854e-10,1.160282e-08,1.160282e-10
9.625840e-01,4.187153e-10,1.163147e-08,1.163147e-10
9.650973e-01,4.144614e-10,1.158255e-08,1.158255e-10
9.676105e-01,4.107726e-10,1.149658e-08,1.149658e-10
9.701238e-01,4.020421e-10,1.130384e-08,1.130384e-10
9.726371e-01,3.918882e-10,1.102402e-08,1.102402e-10
9.751504e-01,3.776110e-10,1.061669e-08,1.061669e-10
9.776636e-01,3.611408e-10,1.010917e-08,1.010917e-10
9.801769e-01,3.423394e-10,9.514334e-09,9.514334e-11
9.826902e-01,3.222739e-10,8.887768e-09,8.887768e-11
9.852035e-01,3.020740e-10,8.261191e-09,8.261191e-11
9.877167e-01,2.822877e-10,7.692530e-09,7.692530e-11
9.902300e-01,2.645639e-10,7.194418e-09,7.194418e-11
9.927433e-01,2.488342e-10,6.784532e-09,6.784532e-11
9.952566e-01,2.366004e-10,6.444557e-09,6.444557e-11
9.977698e-01,2.271810e-10,6.167300e-09,6.167300e-11
1.000283e+00,2.215977e-10,5.939910e-09,5.939910e-11
1.002796e+00,2.186160e-10,5.764751e-09,5.764751e-11
1.005310e+00,2.184974e-10,5.647229e-09,5.647229e-11
1.007823e+00,2.200311e-10,5.600820e-09,5.600820e-11
1.010336e+00,2.227831e-10,5.615568e-09,5.615568e-11
1.012849e+00,2.258287e-10,5.688496e-09,5.688496e-11
1.015363e+00,2.284741e-10,5.777402e-09,5.777402e-11
1.017876e+00,2.301327e-10,5.875650e-09,5.875650e-11
1.020389e+00,2.305566e-10,5.939366e-09,5.939366e-11
1.022903e+00,2.290274e-10,5.973465e-09,5.973465e-11
1.025416e+00,2.263843e-10,5.953505e-09,5.953505e-11
1.027929e+00,2.215003e-10,5.895172e-09,5.895172e-11
1.030442e+00,2.162218e-10,5.780615e-09,5.780615e-11
1.032956e+00,2.089354e-10,5.630163e-09,5.630163e-11
1.035469e+00,2.020963e-10,5.429573e-09,5.429573e-11
1.037982e+00,1.939545e-10,5.200781e-09,5.200781e-11
1.040495e+00,1.867338e-10,4.939128e-09,4.939128e-11
1.043009e+00,1.790009e-10,4.670038e-09,4.670038e-11
1.045522e+00,1.722043e-10,4.403573e-09,4.403573e-11
1.048035e+00,1.655249e-10,4.160775e-09,4.160775e-11
1.050549e+00,1.594645e-10,3.954358e-09,3.954358e-11
1.053062e+00,1.539698e-10,3.787550e-09,3.787550e-11
1.055575e+00,1.487726e-10,3.656582e-09,3.656582e-11
1.058088e+00,1.443070e-10,3.544448e-09,3.544448e-11
1.060602e+00,1.400862e-10,3.444458e-09,3.444458e-11
1.063115e+00,1.365567e-10,3.335849e-09,3.335849e-11
1.065628e+00,1.334813e-10,3.238305e-09,3.238305e-11
1.068142e+00,1.310385e-10,3.132530e-09,3.132530e-11
1.070655e+00,1.292633e-10,3.062692e-09,3.062692e-11
1.073168e+00,1.279873e-10,3.002066e-09,3.002066e-11
1.075681e+00,1.275730e-10,2.997757e-09,2.997757e-11
1.078195e+00,1.271925e-10,2.996792e-09,2.996792e-11
1.080708e+00,1.277364e-10,3.037590e-09,3.037590e-11
1.083221e+00,1.276759e-10,3.057102e-09,3.057102e-11
1.085734e+00,1.284448e-10,3.089071e-09,3.089071e-11
1.088248e+00,1.278305e-10,3.078226e-09,3.078226e-11
1.090761e+00,1.277592e-10,3.061157e-09,3.061157e-11
1.093274e+00,1.258438e-10,2.997276e-09,2.997276e-11
1.095788e+00,1.241220e-10,2.925155e-09,2.925155e-11
1.098301e+00,1.206246e-10,2.812362e-09,2.812362e-11
1.100814e+00,1.168982e-10,2.695167e-09,2.695167e-11
1.103327e+00,1.121315e-10,2.551088e-09,2.551088e-11
1.105841e+00,1.067936e-10,2.410571e-09,2.410571e-11
1.108354e+00,1.016146e-10,2.263708e-09,2.263708e-11
1.110867e+00,9.567041e-11,2.130313e-09,2.130313e-11
1.113380e+00,9.114279e-11,2.013482e-09,2.013482e-11
1.115894e+00,8.582766e-11,1.914351e-09,1.914351e-11
1.118407e+00,8.282316e-11,1.846168e-09,1.846168e-11
1.120920e+00,7.910636e-11,1.785350e-09,1.785350e-11
1.123434e+00,7.805056e-11,1.757681e-09,1.757681e-11
1.125947e+00,7.633731e-11,1.720480e-09,1.720480e-11
1.128460e+00,7.700951e-11,1.714878e-09,1.714878e-11
1.130973e+00,7.701021e-11,1.692252e-09,1.692252e-11
1.133487e+00,7.868390e-11,1.702360e-09,1.702360e-11
1.136000e+00,7.962991e-11,1.696210e-09,1.696210e-11
1.138513e+00,8.135223e-11,1.720257e-09,1.720257e-11
1.141026e+00,8.237675e-11,1.725876e-09,1.725876e-11
1.143540e+00,8.321602e-11,1.749232e-09,1.749232e-11
1.146053e+00,8.355959e-11,1.747181e-09,1.747181e-11
1.148566e+00,8.303135e-11,1.750656e-09,1.750656e-11
1.151080e+00,8.235832e-11,1.724334e-09,1.724334e-11
1.153593e+00,8.043338e-11,1.697788e-09,1.697788e-11
1.156106e+00,7.875955e-11,1.645810e-09,1.645810e-11
1.158619e+00,7.592304e-11,1.595723e-09,1.595723e-11
1.161133e+00,7.355546e-11,1.529144e-09,1.529144e-11
1.163646e+00,7.046425e-11,1.469371e-09,1.469371e-11
1.166159e+00,6.788824e-11,1.402680e-09,1.402680e-11
1.168672e+00,6.517559e-11,1.346254e-09,1.346254e-11
1.171186e+00,6.287256e-11,1.291958e-09,1.291958e-11
1.173699e+00,6.089539e-11,1.247561e-09,1.247561e-11
1.176212e+00,5.915318e-11,1.211813e-09,1.211813e-11
1.178726e+00,5.795358e-11,1.183398e-09,1.183398e-11
1.181239e+00,5.691422e-11,1.167871e-09,1.167871e-11
1.183752e+00,5.629207e-11,1.152343e-09,1.152343e-11
1.186265e+00,5.580984e-11,1.149521e-09,1.149521e-11
1.188779e+00,5.546822e-11,1.139879e-09,1.139879e-11
1.191292e+00,5.534659e-11,1.141659e-09,1.141659e-11
1.193805e+00,5.499452e-11,1.132149e-09,1.132149e-11
1.196318e+00,5.499319e-11,1.134789e-09,1.134789e-11
1.198832e+00,5.447860e-11,1.125552e-09,1.125552e-11
1.201345e+00,5.449201e-11,1.130401e-09,1.130401e-11
1.203858e+00,5.374584e-11,1.122255e-09,1.122255e-11
1.206372e+00,5.369704e-11,1.127880e-09,1.127880e-11
1.208885e+00,5.281650e-11,1.120130e-09,1.120130e-11
1.211398e+00,5.272732e-11,1.123343e-09,1.123343e-11
1.213911e+00,5.181749e-11,1.112961e-09,1.112961e-11
1.216425e+00,5.164439e-11,1.110676e-09,1.110676e-11
1.218938e+00,5.084966e-11,1.097770e-09,1.097770e-11
1.221451e+00,5.051580e-11,1.091039e-09,1.091039e-11
1.223964e+00,4.989334e-11,1.077663e-09,1.077663e-11
1.226478e+00,4.932115e-11,1.069475e-09,1.069475e-11
1.228991e+00,4.888322e-11,1.058387e-09,1.058387e-11
1.231504e+00,4.805478e-11,1.050830e-09,1.050830e-11
1.234018e+00,4.776841e-11,1.042803e-09,1.042803e-11
1.236531e+00,4.675152e-11,1.036071e-09,1.036071e-11
1.239044e+00,4.656270e-11,1.031421e-09,1.031421e-11
1.241557e+00,4.554291e-11,1.026969e-09,1.026969e-11
1.244071e+00,4.545915e-11,1.027384e-09,1.027384e-11
1.246584e+00,4.464081e-11,1.027186e-09,1.027186e-11
1.249097e+00,4.466560e-11,1.032980e-09,1.032980e-11
1.251611e+00,4.424371e-11,1.038027e-09,1.038027e-11
1.254124e+00,4.441993e-11,1.048120e-09,1.048120e-11
1.256637e+00,4.443601e-11,1.056175e-09,1.056175e-11
1.259150e+00,4.474651e-11,1.067724e-09,1.067724e-11
1.261664e+00,4.514509e-11,1.075765e-09,1.075765e-11
1.264177e+00,4.548893e-11,1.085575e-09,1.085575e-11
1.266690e+00,4.610315e-11,1.091100e-09,1.091100e-11
1.269203e+00,4.633943e-11,1.097586e-09,1.097586e-11
1.271717e+00,4.694156e-11,1.099614e-09,1.099614e-11
1.274230e+00,4.694239e-11,1.102239e-09,1.102239e-11
1.276743e+00,4.731510e-11,1.101152e-09,1.101152e-11
1.279257e+00,4.704593e-11,1.100802e-09,1.100802e-11
1.281770e+00,4.705149e-11,1.097385e-09,1.097385e-11
1.284283e+00,4.657499e-11,1.095276e-09,1.095276e-11
1.286796e+00,4.617393e-11,1.090399e-09,1.090399e-11
1.289310e+00,4.560340e-11,1.086854e-09,1.086854e-11
1.291823e+00,4.486698e-11,1.080557e-09,1.080557e-11
1.294336e+00,4.435005e-11,1.075202e-09,1.075202e-11
1.296849e+00,4.344909e-11,1.066714e-09,1.066714e-11
1.299363e+00,4.305863e-11,1.058304e-09,1.058304e-11
1.301876e+00,4.214965e-11,1.046639e-09,1.046639e-11
1.304389e+00,4.188334e-11,1.034701e-09,1.034701e-11
1.306903e+00,4.109104e-11,1.020412e-09,1.020412e-11
1.309416e+00,4.090476e-11,1.006375e-09,1.006375e-11
1.311929e+00,4.026860e-11,9.912035e-10,9.912035e-12
1.314442e+00,4.006744e-11,9.770745e-10,9.770745e-12
1.316956e+00,3.958878e-11,9.635073e-10,9.635073e-12
1.319469e+00,3.931089e-11,9.512146e-10,9.512146e-12
1.321982e+00,3.894656e-11,9.405264e-10,9.405264e-12
1.324495e+00,3.855547e-11,9.311618e-10,9.311618e-12
1.327009e+00,3.830172e-11,9.243105e-10,9.243105e-12
1.329522e+00,3.781734e-11,9.184927e-10,9.184927e-12
1.332035e+00,3.768882e-11,9.156196e-10,9.156196e-12
1.334549e+00,3.717771e-11,9.135821e-10,9.135821e-12
1.337062e+00,3.720037e-11,9.150085e-10,9.150085e-12
1.339575e+00,3.677208e-11,9.174854e-10,9.174854e-12
1.342088e+00,3.697116e-11,9.238108e-10,9.238108e-12
1.344602e+00,3.674096e-11,9.313060e-10,9.313060e-12
1.347115e+00,3.712323e-11,9.430800e-10,9.430800e-12
1.349628e+00,3.719416e-11,9.565131e-10,9.565131e-12
1.352141e+00,3.777152e-11,9.744777e-10,9.744777e-12
1.354655e+00,3.819737e-11,9.944337e-10,9.944337e-12
1.357168e+00,3.895039e-11,1.018638e-09,1.018638e-11
1.359681e+00,3.971383e-11,1.045150e-09,1.045150e-11
1.362195e+00,4.063492e-11,1.076303e-09,1.076303e-11
1.364708e+00,4.166352e-11,1.110251e-09,1.110251e-11
1.367221e+00,4.272236e-11,1.148613e-09,1.148613e-11
1.369734e+00,4.390999e-11,1.189864e-09,1.189864e-11
1.372248e+00,4.503755e-11,1.235030e-09,1.235030e-11
1.374761e+00,4.625371e-11,1.282419e-09,1.282419e-11
1.377274e+00,4.735696e-11,1.332065e-09,1.332065e-11
1.379787e+00,4.847533e-11,1.382228e-09,1.382228e-11
1.382301e+00,4.942420e-11,1.432199e-09,1.432199e-11
1.384814e+00,5.032641e-11,1.480403e-09,1.480403e-11
1.387327e+00,5.101190e-11,1.525943e-09,1.525943e-11
1.389841e+00,5.161127e-11,1.568165e-09,1.568165e-11
1.392354e+00,5.196766e-11,1.606543e-09,1.606543e-11
1.394867e+00,5.222200e-11,1.641320e-09,1.641320e-11
1.397380e+00,5.223873e-11,1.672449e-09,1.672449e-11
1.399894e+00,5.218422e-11,1.701074e-09,1.701074e-11
1.402407e+00,5.190982e-11,1.727406e-09,1.727406e-11
1.404920e+00,5.163888e-11,1.752743e-09,1.752743e-11
1.407434e+00,5.117549e-11,1.776835e-09,1.776835e-11
1.409947e+00,5.082718e-11,1.800515e-09,1.800515e-11
1.412460e+00,5.030436e-11,1.822823e-09,1.822823e-11
1.414973e+00,5.001893e-11,1.843799e-09,1.843799e-11
1.417487e+00,4.956672e-11,1.862073e-09,1.862073e-11
1.420000e+00,4.942523e-11,1.877669e-09,1.877669e-11
1.422513e+00,4.912714e-11,1.889556e-09,1.889556e-11
1.425026e+00,4.913962e-11,1.897828e-09,1.897828e-11
1.427540e+00,4.901749e-11,1.902024e-09,1.902024e-11
1.430053e+00,4.909912e-11,1.902661e-09,1.902661e-11
1.432566e+00,4.908632e-11,1.899487e-09,1.899487e-11
1.435080e+00,4.909866e-11,1.892342e-09,1.892342e-11
1.437593e+00,4.905638e-11,1.880708e-09,1.880708e-11
1.440106e+00,4.883837e-11,1.863569e-09,1.863569e-11
1.442619e+00,4.858501e-11,1.839663e-09,1.839663e-11
1.445133e+00,4.799176e-11,1.807384e-09,1.807384e-11
1.447646e+00,4.738888e-11,1.765657e-09,1.765657e-11
1.450159e+00,4.634902e-11,1.713239e-09,1.713239e-11
1.452672e+00,4.531868e-11,1.649901e-09,1.649901e-11
1.455186e+00,4.384028e-11,1.575788e-09,1.575788e-11
1.457699e+00,4.241791e-11,1.492216e-09,1.492216e-11
1.460212e+00,4.061116e-11,1.400994e-09,1.400994e-11
1.462726e+00,3.890929e-11,1.305032e-09,1.305032e-11
1.465239e+00,3.696606e-11,1.207530e-09,1.207530e-11
1.467752e+00,3.516447e-11,1.112160e-09,1.112160e-11
1.470265e+00,3.330492e-11,1.022882e-09,1.022882e-11
1.472779e+00,3.159199e-11,9.433693e-10,9.433693e-12
1.475292e+00,3.002885e-11,8.770449e-10,8.770449e-12
1.477805e+00,2.858136e-11,8.260176e-10,8.260176e-12
1.480318e+00,2.746189e-11,7.917403e-10,7.917403e-12
1.482832e+00,2.640561e-11,7.733282e-10,7.733282e-12
1.485345e+00,2.578531e-11,7.694644e-10,7.694644e-12
1.487858e+00,2.518262e-11,7.770084e-10,7.770084e-12
1.490372e+00,2.504275e-11,7.935025e-10,7.935025e-12
1.492885e+00,2.490088e-11,8.159322e-10,8.159322e-12
1.495398e+00,2.517407e-11,8.425853e-10,8.425853e-12
1.497911e+00,2.545933e-11,8.718412e-10,8.718412e-12
1.500425e+00,2.606171e-11,9.030882e-10,9.030882e-12
1.502938e+00,2.670810e-11,9.361704e-10,9.361704e-12
1.505451e+00,2.755782e-11,9.713722e-10,9.713722e-12
1.507964e+00,2.850703e-11,1.009331e-09,1.009331e-11
1.510478e+00,2.954157e-11,1.050391e-09,1.050391e-11
1.512991e+00,3.071710e-11,1.095319e-09,1.095319e-11
1.515504e+00,3.187978e-11,1.144048e-09,1.144048e-11
1.518018e+00,3.322369e-11,1.196730e-09,1.196730e-11
1.520531e+00,3.445238e-11,1.252493e-09,1.252493e-11
1.523044e+00,3.587870e-11,1.310742e-09,1.310742e-11
1.525557e+00,3.710700e-11,1.370026e-09,1.370026e-11
1.528071e+00,3.850959e-11,1.429432e-09,1.429432e-11
1.530584e+00,3.967356e-11,1.487362e-09,1.487362e-11
1.533097e+00,4.095044e-11,1.542723e-09,1.542723e-11
1.535610e+00,4.197398e-11,1.594091e-09,1.594091e-11
1.538124e+00,4.302094e-11,1.640632e-09,1.640632e-11
1.540637e+00,4.383727e-11,1.681387e-09,1.681387e-11
1.543150e+00,4.458779e-11,1.715807e-09,1.715807e-11
1.545664e+00,4.515458e-11,1.743474e-09,1.743474e-11
1.548177e+00,4.558844e-11,1.764363e-09,1.764363e-11
1.550690e+00,4.589660e-11,1.778649e-09,1.778649e-11
1.553203e+00,4.604942e-11,1.786718e-09,1.786718e-11
1.555717e+00,4.613822e-11,1.789026e-09,1.789026e-11
1.558230e+00,4.607025e-11,1.785920e-09,1.785920e-11
1.560743e+00,4.598169e-11,1.778042e-09,1.778042e-11
1.563257e+00,4.577254e-11,1.766041e-09,1.766041e-11
1.565770e+00,4.558706e-11,1.750583e-09,1.750583e-11
1.568283e+00,4.531881e-11,1.732095e-09,1.732095e-11
1.570796e+00,4.510443e-11,1.711172e-09,1.711172e-11
1.573310e+00,4.483506e-11,1.688177e-09,1.688177e-11
1.575823e+00,4.463911e-11,1.663599e-09,1.663599e-11
1.578336e+00,4.440107e-11,1.637761e-09,1.637761e-11
1.580849e+00,4.423503e-11,1.611137e-09,1.611137e-11
1.583363e+00,4.403882e-11,1.584038e-09,1.584038e-11
1.585876e+00,4.389777e-11,1.556860e-09,1.556860e-11
1.588389e+00,4.370894e-11,1.529765e-09,1.529765e-11
1.590903e+00,4.356233e-11,1.503055e-09,1.503055e-11
1.593416e+00,4.335330e-11,1.476910e-09,1.476910e-11
1.595929e+00,4.317070e-11,1.451479e-09,1.451479e-11
1.598442e+00,4.288981e-11,1.426791e-09,1.426791e-11
1.600956e+00,4.263073e-11,1.402986e-09,1.402986e-11
1.603469e+00,4.225350e-11,1.380166e-09,1.380166e-11
1.605982e+00,4.190013e-11,1.358498e-09,1.358498e-11
1.608495e+00,4.141463e-11,1.338092e-09,1.338092e-11
1.611009e+00,4.095360e-11,1.319188e-09,1.319188e-11
1.613522e+00,4.037621e-11,1.302074e-09,1.302074e-11
1.616035e+00,3.981507e-11,1.287079e-09,1.287079e-11
1.618549e+00,3.918155e-11,1.274416e-09,1.274416e-11
1.621062e+00,3.854868e-11,1.264324e-09,1.264324e-11
1.623575e+00,3.790161e-11,1.256938e-09,1.256938e-11
1.626088e+00,3.724319e-11,1.252246e-09,1.252246e-11
1.628602e+00,3.663104e-11,1.250187e-09,1.250187e-11
1.631115e+00,3.600741e-11,1.250652e-09,1.250652e-11
1.633628e+00,3.547677e-11,1.253300e-09,1.253300e-11
1.636141e+00,3.493800e-11,1.257635e-09,1.257635e-11
1.638655e+00,3.452579e-11,1.263283e-09,1.263283e-11
1.641168e+00,3.411459e-11,1.269914e-09,1.269914e-11
1.643681e+00,3.384721e-11,1.277119e-09,1.277119e-11
1.646195e+00,3.359111e-11,1.284514e-09,1.284514e-11
1.648708e+00,3.348015e-11,1.291992e-09,1.291992e-11
1.651221e+00,3.338918e-11,1.299477e-09,1.299477e-11
1.653734e+00,3.343168e-11,1.306803e-09,1.306803e-11
1.656248e+00,3.348912e-11,1.313801e-09,1.313801e-11
1.658761e+00,3.364926e-11,1.320557e-09,1.320557e-11
1.661274e+00,3.383537e-11,1.327068e-09,1.327068e-11
1.663787e+00,3.408985e-11,1.333245e-09,1.333245e-11
1.666301e+00,3.435761e-11,1.338945e-09,1.338945e-11
1.668814e+00,3.465369e-11,1.344049e-09,1.344049e-11
1.671327e+00,3.494374e-11,1.348317e-09,1.348317e-11
1.673841e+00,3.523366e-11,1.351558e-09,1.351558e-11
1.676354e+00,3.548512e-11,1.353546e-09,1.353546e-11
1.678867e+00,3.571943e-11,1.354117e-09,1.354117e-11
1.681380e+00,3.587234e-11,1.353008e-09,1.353008e-11
1.683894e+00,3.599894e-11,1.349946e-09,1.349946e-11
1.686407e+00,3.599967e-11,1.344713e-09,1.344713e-11
1.688920e+00,3.596885e-11,1.337351e-09,1.337351e-11
1.691433e+00,3.579416e-11,1.327826e-09,1.327826e-11
1.693947e+00,3.558847e-11,1.316128e-09,1.316128e-11
1.696460e+00,3.524362e-11,1.302355e-09,1.302355e-11
1.698973e+00,3.486556e-11,1.286777e-09,1.286777e-11
1.701487e+00,3.438384e-11,1.269676e-09,1.269676e-11
1.704000e+00,3.387928e-11,1.251355e-09,1.251355e-11
1.706513e+00,3.333097e-11,1.232140e-09,1.232140e-11
1.709026e+00,3.276453e-11,1.212326e-09,1.212326e-11
1.711540e+00,3.222803e-11,1.192115e-09,1.192115e-11
1.714053e+00,3.168562e-11,1.171692e-09,1.171692e-11
1.716566e+00,3.124600e-11,1.151273e-09,1.151273e-11
1.719080e+00,3.080986e-11,1.130990e-09,1.130990e-11
1.721593e+00,3.053556e-11,1.111049e-09,1.111049e-11
1.724106e+00,3.026284e-11,1.091602e-09,1.091602e-11
1.726619e+00,3.018349e-11,1.072910e-09,1.072910e-11
1.729133e+00,3.009174e-11,1.055384e-09,1.055384e-11
1.731646e+00,3.019346e-11,1.039580e-09,1.039580e-11
1.734159e+00,3.026581e-11,1.025957e-09,1.025957e-11
1.736672e+00,3.049990e-11,1.015023e-09,1.015023e-11
1.739186e+00,3.069024e-11,1.007022e-09,1.007022e-11
1.741699e+00,3.097995e-11,1.002108e-09,1.002108e-11
1.744212e+00,3.122153e-11,1.000133e-09,1.000133e-11
1.746726e+00,3.149346e-11,1.000717e-09,1.000717e-11
1.749239e+00,3.172405e-11,1.003190e-09,1.003190e-11
1.751752e+00,3.192578e-11,1.006735e-09,1.006735e-11
1.754265e+00,3.209682e-11,1.010528e-09,1.010528e-11
1.756779e+00,3.220788e-11,1.013777e-09,1.013777e-11
1.759292e+00,3.230066e-11,1.015720e-09,1.015720e-11
1.761805e+00,3.232291e-11,1.015771e-09,1.015771e-11
1.764318e+00,3.234425e-11,1.013530e-09,1.013530e-11
1.766832e+00,3.230034e-11,1.008768e-09,1.008768e-11
1.769345e+00,3.226801e-11,1.001528e-09,1.001528e-11
1.771858e+00,3.219021e-11,9.920630e-10,9.920630e-12
1.774372e+00,3.212570e-11,9.807768e-10,9.807768e-12
1.776885e+00,3.203116e-11,9.681744e-10,9.681744e-12
1.779398e+00,3.194911e-11,9.548140e-10,9.548140e-12
1.781911e+00,3.184503e-11,9.411567e-10,9.411567e-12
1.784425e+00,3.174575e-11,9.276046e-10,9.276046e-12
1.786938e+00,3.162904e-11,9.144358e-10,9.144358e-12
1.789451e+00,3.151083e-11,9.017494e-10,9.017494e-12
1.791964e+00,3.137048e-11,8.895464e-10,8.895464e-12
1.794478e+00,3.123244e-11,8.778003e-10,8.778003e-12
1.796991e+00,3.106591e-11,8.664561e-10,8.664561e-12
1.799504e+00,3.091789e-11,8.555264e-10,8.555264e-12
1.802018e+00,3.073329e-11,8.451628e-10,8.451628e-12
1.804531e+00,3.059298e-11,8.356867e-10,8.356867e-12
1.807044e+00,3.040691e-11,8.275989e-10,8.275989e-12
1.809557e+00,3.030082e-11,8.215741e-10,8.215741e-12
1.812071e+00,3.015883e-11,8.182376e-10,8.182376e-12
1.814584e+00,3.011470e-11,8.181079e-10,8.181079e-12
1.817097e+00,3.004470e-11,8.215742e-10,8.215742e-12
1.819610e+00,3.008121e-11,8.290119e-10,8.290119e-12
1.822124e+00,3.011532e-11,8.405375e-10,8.405375e-12
1.824637e+00,3.024309e-11,8.560274e-10,8.560274e-12
1.827150e+00,3.039200e-11,8.752150e-10,8.752150e-12
1.829664e+00,3.060959e-11,8.977701e-10,8.977701e-12
1.832177e+00,3.087293e-11,9.233089e-10,9.233089e-12
1.834690e+00,3.117094e-11,9.514587e-10,9.514587e-12
1.837203e+00,3.153595e-11,9.817988e-10,9.817988e-12
1.839717e+00,3.189982e-11,1.013925e-09,1.013925e-11
1.842230e+00,3.234251e-11,1.047528e-09,1.047528e-11
1.844743e+00,3.275259e-11,1.082251e-09,1.082251e-11
1.847256e+00,3.324450e-11,1.117785e-09,1.117785e-11
1.849770e+00,3.368718e-11,1.153836e-09,1.153836e-11
1.852283e+00,3.420090e-11,1.190103e-09,1.190103e-11
1.854796e+00,3.465376e-11,1.226303e-09,1.226303e-11
1.857310e+00,3.515989e-11,1.262172e-09,1.262172e-11
1.859823e+00,3.560386e-11,1.297404e-09,1.297404e-11
1.862336e+00,3.606780e-11,1.331735e-09,1.331735e-11
1.864849e+00,3.647636e-11,1.364954e-09,1.364954e-11
1.867363e+00,3.687581e-11,1.396902e-09,1.396902e-11
1.869876e+00,3.723350e-11,1.427474e-09,1.427474e-11
1.872389e+00,3.754998e-11,1.456614e-09,1.456614e-11
1.874902e+00,3.784063e-11,1.484336e-09,1.484336e-11
1.877416e+00,3.807593e-11,1.510712e-09,1.510712e-11
1.879929e+00,3.830262e-11,1.535880e-09,1.535880e-11
1.882442e+00,3.848478e-11,1.559937e-09,1.559937e-11
1.884956e+00,3.867002e-11,1.582945e-09,1.582945e-11
1.887469e+00,3.883191e-11,1.604873e-09,1.604873e-11
1.889982e+00,3.901213e-11,1.625615e-09,1.625615e-11
1.892495e+00,3.920452e-11,1.645007e-09,1.645007e-11
1.895009e+00,3.942865e-11,1.662811e-09,1.662811e-11
1.897522e+00,3.969639e-11,1.678770e-09,1.678770e-11
1.900035e+00,4.000283e-11,1.692643e-09,1.692643e-11
1.902549e+00,4.037410e-11,1.704257e-09,1.704257e-11
1.905062e+00,4.077704e-11,1.713570e-09,1.713570e-11
1.907575e+00,4.124807e-11,1.720703e-09,1.720703e-11
1.910088e+00,4.173914e-11,1.725810e-09,1.725810e-11
1.912602e+00,4.227477e-11,1.729101e-09,1.729101e-11
1.915115e+00,4.280316e-11,1.730759e-09,1.730759e-11
1.917628e+00,4.333398e-11,1.730885e-09,1.730885e-11
1.920141e+00,4.382972e-11,1.729384e-09,1.729384e-11
1.922655e+00,4.427232e-11,1.725985e-09,1.725985e-11
1.925168e+00,4.464963e-11,1.720267e-09,1.720267e-11
1.927681e+00,4.492319e-11,1.711665e-09,1.711665e-11
1.930195e+00,4.510803e-11,1.699551e-09,1.699551e-11
1.932708e+00,4.514882e-11,1.683365e-09,1.683365e-11
1.935221e+00,4.509184e-11,1.662683e-09,1.662683e-11
1.937734e+00,4.487530e-11,1.637298e-09,1.637298e-11
1.940248e+00,4.456135e-11,1.607329e-09,1.607329e-11
1.942761e+00,4.409912e-11,1.573169e-09,1.573169e-11
1.945274e+00,4.355455e-11,1.535489e-09,1.535489e-11
1.947787e+00,4.290146e-11,1.495149e-09,1.495149e-11
1.950301e+00,4.219316e-11,1.453175e-09,1.453175e-11
1.952814e+00,4.142731e-11,1.410648e-09,1.410648e-11
1.955327e+00,4.063784e-11,1.368551e-09,1.368551e-11
1.957841e+00,3.984665e-11,1.327711e-09,1.327711e-11
1.960354e+00,3.906536e-11,1.288827e-09,1.288827e-11
1.962867e+00,3.833289e-11,1.252369e-09,1.252369e-11
1.965380e+00,3.764100e-11,1.218573e-09,1.218573e-11
1.967894e+00,3.702671e-11,1.187525e-09,1.187525e-11
1.970407e+00,3.647307e-11,1.159211e-09,1.159211e-11
1.972920e+00,3.601033e-11,1.133575e-09,1.133575e-11
1.975433e+00,3.561633e-11,1.110578e-09,1.110578e-11
1.977947e+00,3.530203e-11,1.090231e-09,1.090231e-11
1.980460e+00,3.505501e-11,1.072548e-09,1.072548e-11
1.982973e+00,3.486200e-11,1.057521e-09,1.057521e-11
1.985487e+00,3.472443e-11,1.045153e-09,1.045153e-11
1.988000e+00,3.460823e-11,1.035344e-09,1.035344e-11
1.990513e+00,3.452751e-11,1.027846e-09,1.027846e-11
1.993026e+00,3.443471e-11,1.022367e-09,1.022367e-11
1.995540e+00,3.435923e-11,1.018592e-09,1.018592e-11
1.998053e+00,3.424809e-11,1.016098e-09,1.016098e-11
2.000566e+00,3.413526e-11,1.014426e-09,1.014426e-11
2.003079e+00,3.397683e-11,1.013181e-09,1.013181e-11
2.005593e+00,3.379928e-11,1.012080e-09,1.012080e-11
2.008106e+00,3.358080e-11,1.010941e-09,1.010941e-11
2.010619e+00,3.333619e-11,1.009664e-09,1.009664e-11
2.013133e+00,3.306660e-11,1.008117e-09,1.008117e-11
2.015646e+00,3.276174e-11,1.006225e-09,1.006225e-11
2.018159e+00,3.245592e-11,1.004051e-09,1.004051e-11
2.020672e+00,3.211940e-11,1.001647e-09,1.001647e-11
2.023186e+00,3.180412e-11,9.990095e-10,9.990095e-12
2.025699e+00,3.146085e-11,9.960431e-10,9.960431e-12
2.028212e+00,3.115012e-11,9.927119e-10,9.927119e-12
2.030725e+00,3.082297e-11,9.890288e-10,9.890288e-12
2.033239e+00,3.053494e-11,9.850592e-10,9.850592e-12
2.035752e+00,3.023856e-11,9.808799e-10,9.808799e-12
2.038265e+00,2.998483e-11,9.765492e-10,9.765492e-12
2.040779e+00,2.972906e-11,9.720888e-10,9.720888e-12
2.043292e+00,2.950248e-11,9.676193e-10,9.676193e-12
2.045805e+00,2.928368e-11,9.632646e-10,9.632646e-12
2.048318e+00,2.908477e-11,9.591170e-10,9.591170e-12
2.050832e+00,2.889955e-11,9.553157e-10,9.553157e-12
2.053345e+00,2.872748e-11,9.519289e-10,9.519289e-12
2.055858e+00,2.857208e-11,9.489472e-10,9.489472e-12
2.058372e+00,2.842140e-11,9.464558e-10,9.464558e-12
2.060885e+00,2.829703e-11,9.445243e-10,9.445243e-12
2.063398e+00,2.817680e-11,9.430251e-10,9.430251e-12
2.065911e+00,2.808129e-11,9.418710e-10,9.418710e-12
2.068425e+00,2.799492e-11,9.410572e-10,9.410572e-12
2.070938e+00,2.793430e-11,9.404981e-10,9.404981e-12
2.073451e+00,2.788863e-11,9.400318e-10,9.400318e-12
2.075964e+00,2.786723e-11,9.395266e-10,9.395266e-12
2.078478e+00,2.786467e-11,9.388519e-10,9.388519e-12
2.080991e+00,2.788052e-11,9.379284e-10,9.379284e-12
2.083504e+00,2.791936e-11,9.367293e-10,9.367293e-12
2.086018e+00,2.797481e-11,9.352038e-10,9.352038e-12
2.088531e+00,2.804765e-11,9.333654e-10,9.333654e-12
2.091044e+00,2.813141e-11,9.312949e-10,9.312949e-12
2.093557e+00,2.822136e-11,9.290644e-10,9.290644e-12
2.096071e+00,2.831895e-11,9.268129e-10,9.268129e-12
2.098584e+00,2.841171e-11,9.247454e-10,9.247454e-12
2.101097e+00,2.850632e-11,9.230299e-10,9.230299e-12
2.103610e+00,2.858415e-11,9.218304e-10,9.218304e-12
2.106124e+00,2.866056e-11,9.213302e-10,9.213302e-12
2.108637e+00,2.871005e-11,9.216398e-10,9.216398e-12
2.111150e+00,2.876112e-11,9.227981e-10,9.227981e-12
2.113664e+00,2.878124e-11,9.249091e-10,9.249091e-12
2.116177e+00,2.880690e-11,9.280900e-10,9.280900e-12
2.118690e+00,2.881196e-11,9.323308e-10,9.323308e-12
2.121203e+00,2.883431e-11,9.375936e-10,9.375936e-12
2.123717e+00,2.885888e-11,9.438023e-10,9.438023e-12
2.126230e+00,2.891251e-11,9.508300e-10,9.508300e-12
2.128743e+00,2.899302e-11,9.585481e-10,9.585481e-12
2.131256e+00,2.912042e-11,9.667863e-10,9.667863e-12
2.133770e+00,2.929885e-11,9.753761e-10,9.753761e-12
2.136283e+00,2.953472e-11,9.842117e-10,9.842117e-12
2.138796e+00,2.983632e-11,9.932212e-10,9.932212e-12
2.141310e+00,3.018885e-11,1.002419e-09,1.002419e-11
2.143823e+00,3.060880e-11,1.011934e-09,1.011934e-11
2.146336e+00,3.106118e-11,1.021848e-09,1.021848e-11
2.148849e+00,3.155328e-11,1.032139e-09,1.032139e-11
2.151363e+00,3.204952e-11,1.042650e-09,1.042650e-11
2.153876e+00,3.254458e-11,1.053012e-09,1.053012e-11
2.156389e+00,3.299808e-11,1.062574e-09,1.062574e-11
2.158902e+00,3.340116e-11,1.070526e-09,1.070526e-11
2.161416e+00,3.372299e-11,1.076073e-09,1.076073e-11
2.163929e+00,3.395237e-11,1.078560e-09,1.078560e-11
2.166442e+00,3.407487e-11,1.077572e-09,1.077572e-11
2.168956e+00,3.408516e-11,1.073082e-09,1.073082e-11
2.171469e+00,3.398509e-11,1.065556e-09,1.065556e-11
2.173982e+00,3.378287e-11,1.055872e-09,1.055872e-11
2.176495e+00,3.349850e-11,1.045231e-09,1.045231e-11
2.179009e+00,3.315598e-11,1.035006e-09,1.035006e-11
2.181522e+00,3.278561e-11,1.026347e-09,1.026347e-11
2.184035e+00,3.241808e-11,1.019972e-09,1.019972e-11
2.186548e+00,3.208609e-11,1.016185e-09,1.016185e-11
2.189062e+00,3.182653e-11,1.014811e-09,1.014811e-11
2.191575e+00,3.165750e-11,1.015340e-09,1.015340e-11
2.194088e+00,3.161247e-11,1.017197e-09,1.017197e-11
2.196602e+00,3.168593e-11,1.019977e-09,1.019977e-11
2.199115e+00,3.190096e-11,1.023699e-09,1.023699e-11
2.201628e+00,3.223230e-11,1.028780e-09,1.028780e-11
2.204141e+00,3.268424e-11,1.035739e-09,1.035739e-11
2.206655e+00,3.320859e-11,1.045029e-09,1.045029e-11
2.209168e+00,3.379708e-11,1.056865e-09,1.056865e-11
2.211681e+00,3.439566e-11,1.070853e-09,1.070853e-11
2.214195e+00,3.498064e-11,1.085915e-09,1.085915e-11
2.216708e+00,3.550673e-11,1.100539e-09,1.100539e-11
2.219221e+00,3.594244e-11,1.112889e-09,1.112889e-11
2.221734e+00,3.625390e-11,1.121086e-09,1.121086e-11
2.224248e+00,3.641864e-11,1.123836e-09,1.123836e-11
2.226761e+00,3.643506e-11,1.120543e-09,1.120543e-11
2.229274e+00,3.628814e-11,1.111045e-09,1.111045e-11
2.231787e+00,3.599289e-11,1.095794e-09,1.095794e-11
2.234301e+00,3.554266e-11,1.076035e-09,1.076035e-11
2.236814e+00,3.498202e-11,1.053403e-09,1.053403e-11
2.239327e+00,3.431228e-11,1.029475e-09,1.029475e-11
2.241841e+00,3.358262e-11,1.005700e-09,1.005700e-11
2.244354e+00,3.280210e-11,9.832509e-10,9.832509e-12
2.246867e+00,3.201949e-11,9.627065e-10,9.627065e-12
2.249380e+00,3.123889e-11,9.440422e-10,9.440422e-12
2.251894e+00,3.049977e-11,9.268964e-10,9.268964e-12
2.254407e+00,2.980526e-11,9.107835e-10,9.107835e-12
2.256920e+00,2.917838e-11,8.952282e-10,8.952282e-12
2.259433e+00,2.861867e-11,8.798446e-10,8.798446e-12
2.261947e+00,2.813226e-11,8.644138e-10,8.644138e-12
2.264460e+00,2.771208e-11,8.489571e-10,8.489571e-12
2.266973e+00,2.734800e-11,8.337418e-10,8.337418e-12
2.269487e+00,2.703349e-11,8.191711e-10,8.191711e-12
2.272000e+00,2.675767e-11,8.055679e-10,8.055679e-12
2.274513e+00,2.651116e-11,7.931332e-10,7.931332e-12
2.277026e+00,2.628151e-11,7.820071e-10,7.820071e-12
2.279540e+00,2.606125e-11,7.721914e-10,7.721914e-12
2.282053e+00,2.584292e-11,7.634857e-10,7.634857e-12
2.284566e+00,2.562165e-11,7.556480e-10,7.556480e-12
2.287079e+00,2.539696e-11,7.485188e-10,7.485188e-12
2.289593e+00,2.516666e-11,7.419717e-10,7.419717e-12
2.292106e+00,2.493475e-11,7.360195e-10,7.360195e-12
2.294619e+00,2.470697e-11,7.308738e-10,7.308738e-12
2.297133e+00,2.448807e-11,7.268441e-10,7.268441e-12
2.299646e+00,2.428188e-11,7.243829e-10,7.243829e-12
2.302159e+00,2.409864e-11,7.241204e-10,7.241204e-12
2.304672e+00,2.394976e-11,7.267412e-10,7.267412e-12
2.307186e+00,2.383732e-11,7.329212e-10,7.329212e-12
2.309699e+00,2.377189e-11,7.433189e-10,7.433189e-12
2.312212e+00,2.375560e-11,7.585080e-10,7.585080e-12
2.314725e+00,2.379954e-11,7.789000e-10,7.789000e-12
2.317239e+00,2.389909e-11,8.047095e-10,8.047095e-12
2.319752e+00,2.406627e-11,8.359518e-10,8.359518e-12
2.322265e+00,2.428781e-11,8.723929e-10,8.723929e-12
2.324779e+00,2.457579e-11,9.135672e-10,9.135672e-12
2.327292e+00,2.491609e-11,9.588663e-10,9.588663e-12
2.329805e+00,2.531502e-11,1.007511e-09,1.007511e-11
2.332318e+00,2.575554e-11,1.058536e-09,1.058536e-11
2.334832e+00,2.623816e-11,1.110910e-09,1.110910e-11
2.337345e+00,2.674750e-11,1.163569e-09,1.163569e-11
2.339858e+00,2.728000e-11,1.215378e-09,1.215378e-11
2.342371e+00,2.782055e-11,1.265186e-09,1.265186e-11
2.344885e+00,2.836474e-11,1.311892e-09,1.311892e-11
2.347398e+00,2.890058e-11,1.354445e-09,1.354445e-11
2.349911e+00,2.941587e-11,1.391855e-09,1.391855e-11
2.352425e+00,2.990344e-11,1.423196e-09,1.423196e-11
2.354938e+00,3.034923e-11,1.447633e-09,1.447633e-11
2.357451e+00,3.075135e-11,1.464484e-09,1.464484e-11
2.359964e+00,3.109682e-11,1.473286e-09,1.473286e-11
2.362478e+00,3.138560e-11,1.473800e-09,1.473800e-11
2.364991e+00,3.161043e-11,1.465921e-09,1.465921e-11
2.367504e+00,3.177236e-11,1.449726e-09,1.449726e-11
2.370017e+00,3.186763e-11,1.425575e-09,1.425575e-11
2.372531e+00,3.190123e-11,1.394066e-09,1.394066e-11
2.375044e+00,3.187514e-11,1.355991e-09,1.355991e-11
2.377557e+00,3.179338e-11,1.312385e-09,1.312385e-11
2.380071e+00,3.166220e-11,1.264506e-09,1.264506e-11
2.382584e+00,3.148997e-11,1.213769e-09,1.213769e-11
2.385097e+00,3.128825e-11,1.161767e-09,1.161767e-11
2.387610e+00,3.106354e-11,1.110208e-09,1.110208e-11
2.390124e+00,3.082392e-11,1.060769e-09,1.060769e-11
2.392637e+00,3.057731e-11,1.015054e-09,1.015054e-11
2.395150e+00,3.033526e-11,9.745808e-10,9.745808e-12
2.397664e+00,3.010307e-11,9.405744e-10,9.405744e-12
2.400177e+00,2.988472e-11,9.137275e-10,9.137275e-12
2.402690e+00,2.968283e-11,8.941987e-10,8.941987e-12
2.405203e+00,2.949776e-11,8.817415e-10,8.817415e-12
2.407717e+00,2.933581e-11,8.756220e-10,8.756220e-12
2.410230e+00,2.918914e-11,8.746733e-10,8.746733e-12
2.412743e+00,2.906453e-11,8.776831e-10,8.776831e-12
2.415256e+00,2.895394e-11,8.835385e-10,8.835385e-12
2.417770e+00,2.886284e-11,8.912120e-10,8.912120e-12
2.420283e+00,2.878556e-11,8.999161e-10,8.999161e-12
2.422796e+00,2.873335e-11,9.092149e-10,9.092149e-12
2.425310e+00,2.870198e-11,9.189802e-10,9.189802e-12
2.427823e+00,2.870641e-11,9.291872e-10,9.291872e-12
2.430336e+00,2.875075e-11,9.398371e-10,9.398371e-12
2.432849e+00,2.884979e-11,9.510530e-10,9.510530e-12
2.435363e+00,2.900901e-11,9.629129e-10,9.629129e-12
2.437876e+00,2.924195e-11,9.753595e-10,9.753595e-12
2.440389e+00,2.955789e-11,9.883692e-10,9.883692e-12
2.442902e+00,2.996335e-11,1.001945e-09,1.001945e-11
2.445416e+00,3.046053e-11,1.016150e-09,1.016150e-11
2.447929e+00,3.105223e-11,1.031225e-09,1.031225e-11
2.450442e+00,3.173525e-11,1.047452e-09,1.047452e-11
2.452956e+00,3.249123e-11,1.065089e-09,1.065089e-11
2.455469e+00,3.331171e-11,1.084435e-09,1.084435e-11
2.457982e+00,3.417465e-11,1.105699e-09,1.105699e-11
2.460495e+00,3.506281e-11,1.128814e-09,1.128814e-11
2.463009e+00,3.594939e-11,1.153327e-09,1.153327e-11
2.465522e+00,3.681371e-11,1.178460e-09,1.178460e-11
2.468035e+00,3.762677e-11,1.203330e-09,1.203330e-11
2.470548e+00,3.837538e-11,1.227028e-09,1.227028e-11
2.473062e+00,3.903704e-11,1.248724e-09,1.248724e-11
2.475575e+00,3.960295e-11,1.267904e-09,1.267904e-11
2.478088e+00,4.006712e-11,1.284382e-09,1.284382e-11
2.480602e+00,4.043157e-11,1.298236e-09,1.298236e-11
2.483115e+00,4.069513e-11,1.309879e-09,1.309879e-11
2.485628e+00,4.087248e-11,1.320007e-09,1.320007e-11
2.488141e+00,4.097787e-11,1.329341e-09,1.329341e-11
2.490655e+00,4.103038e-11,1.338458e-09,1.338458e-11
2.493168e+00,4.104595e-11,1.347729e-09,1.347729e-11
2.495681e+00,4.104832e-11,1.357236e-09,1.357236e-11
2.498194e+00,4.105139e-11,1.366811e-09,1.366811e-11
2.500708e+00,4.107653e-11,1.376198e-09,1.376198e-11
2.503221e+00,4.113102e-11,1.385065e-09,1.385065e-11
2.505734e+00,4.122554e-11,1.393048e-09,1.393048e-11
2.508248e+00,4.135856e-11,1.400009e-09,1.400009e-11
2.510761e+00,4.153687e-11,1.406164e-09,1.406164e-11
2.513274e+00,4.175618e-11,1.411924e-09,1.411924e-11
2.515787e+00,4.200657e-11,1.417783e-09,1.417783e-11
2.518301e+00,4.227593e-11,1.424312e-09,1.424312e-11
2.520814e+00,4.255811e-11,1.432075e-09,1.432075e-11
2.523327e+00,4.284207e-11,1.441526e-09,1.441526e-11
2.525840e+00,4.311410e-11,1.452934e-09,1.452934e-11
2.528354e+00,4.336897e-11,1.466314e-09,1.466314e-11
2.530867e+00,4.359873e-11,1.481433e-09,1.481433e-11
2.533380e+00,4.380238e-11,1.497835e-09,1.497835e-11
2.535894e+00,4.397124e-11,1.514958e-09,1.514958e-11
2.538407e+00,4.411195e-11,1.532319e-09,1.532319e-11
2.540920e+00,4.422544e-11,1.549482e-09,1.549482e-11
2.543433e+00,4.432191e-11,1.566012e-09,1.566012e-11
2.545947e+00,4.440070e-11,1.581664e-09,1.581664e-11
2.548460e+00,4.447732e-11,1.596468e-09,1.596468e-11
2.550973e+00,4.455524e-11,1.610638e-09,1.610638e-11
2.553487e+00,4.465033e-11,1.624511e-09,1.624511e-11
2.556000e+00,4.476767e-11,1.638527e-09,1.638527e-11
2.558513e+00,4.491821e-11,1.653180e-09,1.653180e-11
2.561026e+00,4.510449e-11,1.668951e-09,1.668951e-11
2.563540e+00,4.533737e-11,1.686251e-09,1.686251e-11
2.566053e+00,4.561481e-11,1.705356e-09,1.705356e-11
2.568566e+00,4.593982e-11,1.726383e-09,1.726383e-11
2.571079e+00,4.631179e-11,1.749296e-09,1.749296e-11
2.573593e+00,4.672716e-11,1.773858e-09,1.773858e-11
2.576106e+00,4.717663e-11,1.799665e-09,1.799665e-11
2.578619e+00,4.765170e-11,1.826262e-09,1.826262e-11
2.581133e+00,4.814391e-11,1.853122e-09,1.853122e-11
2.583646e+00,4.863439e-11,1.879617e-09,1.879617e-11
2.586159e+00,4.910646e-11,1.905196e-09,1.905196e-11
2.588672e+00,4.954495e-11,1.929445e-09,1.929445e-11
2.591186e+00,4.993411e-11,1.951952e-09,1.951952e-11
2.593699e+00,5.025386e-11,1.972274e-09,1.972274e-11
2.596212e+00,5.049086e-11,1.990032e-09,1.990032e-11
2.598725e+00,5.063047e-11,2.004973e-09,2.004973e-11
2.601239e+00,5.066525e-11,2.016923e-09,2.016923e-11
2.603752e+00,5.058743e-11,2.025720e-09,2.025720e-11
2.606265e+00,5.039279e-11,2.031275e-09,2.031275e-11
2.608779e+00,5.008588e-11,2.033656e-09,2.033656e-11
2.611292e+00,4.967628e-11,2.032995e-09,2.032995e-11
2.613805e+00,4.917405e-11,2.029419e-09,2.029419e-11
2.616318e+00,4.859318e-11,2.023106e-09,2.023106e-11
2.618832e+00,4.794996e-11,2.014308e-09,2.014308e-11
2.621345e+00,4.726802e-11,2.003278e-09,2.003278e-11
2.623858e+00,4.656193e-11,1.990244e-09,1.990244e-11
2.626371e+00,4.585492e-11,1.975413e-09,1.975413e-11
2.628885e+00,4.515897e-11,1.958931e-09,1.958931e-11
2.631398e+00,4.449124e-11,1.940912e-09,1.940912e-11
2.633911e+00,4.385955e-11,1.921465e-09,1.921465e-11
2.636425e+00,4.327508e-11,1.900679e-09,1.900679e-11
2.638938e+00,4.273373e-11,1.878620e-09,1.878620e-11
2.641451e+00,4.223725e-11,1.855356e-09,1.855356e-11
2.643964e+00,4.177783e-11,1.830935e-09,1.830935e-11
2.646478e+00,4.135049e-11,1.805360e-09,1.805360e-11
2.648991e+00,4.094242e-11,1.778636e-09,1.778636e-11
2.651504e+00,4.054633e-11,1.750760e-09,1.750760e-11
2.654017e+00,4.015238e-11,1.721678e-09,1.721678e-11
2.656531e+00,3.974912e-11,1.691326e-09,1.691326e-11
2.659044e+00,3.933246e-11,1.659666e-09,1.659666e-11
2.661557e+00,3.889797e-11,1.626658e-09,1.626658e-11
2.664071e+00,3.844563e-11,1.592272e-09,1.592272e-11
2.666584e+00,3.797507e-11,1.556491e-09,1.556491e-11
2.669097e+00,3.749366e-11,1.519319e-09,1.519319e-11
2.671610e+00,3.700573e-11,1.480823e-09,1.480823e-11
2.674124e+00,3.652225e-11,1.441126e-09,1.441126e-11
2.676637e+00,3.604882e-11,1.400393e-09,1.400393e-11
2.679150e+00,3.559816e-11,1.358877e-09,1.358877e-11
2.681663e+00,3.517681e-11,1.316950e-09,1.316950e-11
2.684177e+00,3.479410e-11,1.275078e-09,1.275078e-11
2.686690e+00,3.445074e-11,1.233817e-09,1.233817e-11
2.689203e+00,3.414967e-11,1.193831e-09,1.193831e-11
2.691717e+00,3.389158e-11,1.155845e-09,1.155845e-11
2.694230e+00,3.367473e-11,1.120537e-09,1.120537e-11
2.696743e+00,3.349143e-11,1.088516e-09,1.088516e-11
2.699256e+00,3.333717e-11,1.060246e-09,1.060246e-11
2.701770e+00,3.319959e-11,1.035894e-09,1.035894e-11
2.704283e+00,3.306744e-11,1.015368e-09,1.015368e-11
2.706796e+00,3.293188e-11,9.983927e-10,9.983927e-12
2.709310e+00,3.278359e-11,9.844654e-10,9.844654e-12
2.711823e+00,3.260769e-11,9.729103e-10,9.729103e-12
2.714336e+00,3.239677e-11,9.630889e-10,9.630889e-12
2.716849e+00,3.214588e-11,9.545049e-10,9.545049e-12
2.719363e+00,3.185090e-11,9.467649e-10,9.467649e-12
2.721876e+00,3.150728e-11,9.396000e-10,9.396000e-12
2.724389e+00,3.111760e-11,9.329021e-10,9.329021e-12
2.726902e+00,3.068220e-11,9.266662e-10,9.266662e-12
2.729416e+00,3.020738e-11,9.209465e-10,9.209465e-12
2.731929e+00,2.969944e-11,9.158412e-10,9.158412e-12
2.734442e+00,2.916740e-11,9.114041e-10,9.114041e-12
2.736956e+00,2.862177e-11,9.075671e-10,9.075671e-12
2.739469e+00,2.807518e-11,9.041801e-10,9.041801e-12
2.741982e+00,2.753912e-11,9.010840e-10,9.010840e-12
2.744495e+00,2.702450e-11,8.981273e-10,8.981273e-12
2.747009e+00,2.654448e-11,8.950781e-10,8.950781e-12
2.749522e+00,2.610543e-11,8.916282e-10,8.916282e-12
2.752035e+00,2.571908e-11,8.876129e-10,8.876129e-12
2.754548e+00,2.539051e-11,8.830272e-10,8.830272e-12
2.757062e+00,2.512833e-11,8.778968e-10,8.778968e-12
2.759575e+00,2.493462e-11,8.723422e-10,8.723422e-12
2.762088e+00,2.481483e-11,8.665356e-10,8.665356e-12
2.764602e+00,2.476397e-11,8.606554e-10,8.606554e-12
2.767115e+00,2.478588e-11,8.550762e-10,8.550762e-12
2.769628e+00,2.487626e-11,8.503874e-10,8.503874e-12
2.772141e+00,2.503279e-11,8.472899e-10,8.472899e-12
2.774655e+00,2.525233e-11,8.466800e-10,8.466800e-12
2.777168e+00,2.553128e-11,8.496818e-10,8.496818e-12
2.779681e+00,2.586522e-11,8.574862e-10,8.574862e-12
2.782194e+00,2.624916e-11,8.712133e-10,8.712133e-12
2.784708e+00,2.667743e-11,8.918343e-10,8.918343e-12
2.787221e+00,2.714523e-11,9.200265e-10,9.200265e-12
2.789734e+00,2.764807e-11,9.559792e-10,9.559792e-12
2.792248e+00,2.817993e-11,9.992921e-10,9.992921e-12
2.794761e+00,2.873422e-11,1.049060e-09,1.049060e-11
2.797274e+00,2.930286e-11,1.104009e-09,1.104009e-11
2.799787e+00,2.988076e-11,1.162497e-09,1.162497e-11
2.802301e+00,3.045592e-11,1.222543e-09,1.222543e-11
2.804814e+00,3.101715e-11,1.282180e-09,1.282180e-11
2.807327e+00,3.155678e-11,1.339688e-09,1.339688e-11
2.809840e+00,3.206592e-11,1.393417e-09,1.393417e-11
2.812354e+00,3.253131e-11,1.441764e-09,1.441764e-11
2.814867e+00,3.294093e-11,1.483379e-09,1.483379e-11
2.817380e+00,3.328112e-11,1.517172e-09,1.517172e-11
2.819894e+00,3.353967e-11,1.542257e-09,1.542257e-11
2.822407e+00,3.370384e-11,1.558021e-09,1.558021e-11
2.824920e+00,3.376156e-11,1.564145e-09,1.564145e-11
2.827433e+00,3.370685e-11,1.560530e-09,1.560530e-11
2.829947e+00,3.353081e-11,1.547244e-09,1.547244e-11
2.832460e+00,3.322609e-11,1.524531e-09,1.524531e-11
2.834973e+00,3.279376e-11,1.492833e-09,1.492833e-11
2.837486e+00,3.223372e-11,1.452800e-09,1.452800e-11
2.840000e+00,3.155143e-11,1.405266e-09,1.405266e-11
2.842513e+00,3.075483e-11,1.351203e-09,1.351203e-11
2.845026e+00,2.985909e-11,1.291716e-09,1.291716e-11
2.847540e+00,2.888206e-11,1.228048e-09,1.228048e-11
2.850053e+00,2.784369e-11,1.161526e-09,1.161526e-11
2.852566e+00,2.676603e-11,1.093536e-09,1.093536e-11
2.855079e+00,2.567490e-11,1.025490e-09,1.025490e-11
2.857593e+00,2.459516e-11,9.587953e-10,9.587953e-12
2.860106e+00,2.355478e-11,8.947959e-10,8.947959e-12
2.862619e+00,2.257556e-11,8.346839e-10,8.346839e-12
2.865133e+00,2.167991e-11,7.794719e-10,7.794719e-12
2.867646e+00,2.088326e-11,7.300102e-10,7.300102e-12
2.870159e+00,2.019765e-11,6.869848e-10,6.869848e-12
2.872672e+00,1.963346e-11,6.508905e-10,6.508905e-12
2.875186e+00,1.918798e-11,6.220123e-10,6.220123e-12
2.877699e+00,1.885967e-11,6.004151e-10,6.004151e-12
2.880212e+00,1.863999e-11,5.858326e-10,5.858326e-12
2.882725e+00,1.851414e-11,5.776131e-10,5.776131e-12
2.885239e+00,1.846772e-11,5.748037e-10,5.748037e-12
2.887752e+00,1.848757e-11,5.761993e-10,5.761993e-12
2.890265e+00,1.855373e-11,5.803945e-10,5.803945e-12
2.892779e+00,1.864946e-11,5.860634e-10,5.860634e-12
2.895292e+00,1.876628e-11,5.922190e-10,5.922190e-12
2.897805e+00,1.889484e-11,5.982170e-10,5.982170e-12
2.900318e+00,1.903214e-11,6.037841e-10,6.037841e-12
2.902832e+00,1.917924e-11,6.090433e-10,6.090433e-12
2.905345e+00,1.934043e-11,6.144196e-10,6.144196e-12
2.907858e+00,1.952604e-11,6.205522e-10,6.205522e-12
2.910371e+00,1.975111e-11,6.281489e-10,6.281489e-12
2.912885e+00,2.002974e-11,6.377479e-10,6.377479e-12
2.915398e+00,2.037653e-11,6.496448e-10,6.496448e-12
2.917911e+00,2.080522e-11,6.639625e-10,6.639625e-12
2.920425e+00,2.132712e-11,6.806919e-10,6.806919e-12
2.922938e+00,2.195259e-11,6.997817e-10,6.997817e-12
2.925451e+00,2.268563e-11,7.212359e-10,7.212359e-12
2.927964e+00,2.352528e-11,7.451699e-10,7.451699e-12
2.930478e+00,2.446630e-11,7.718433e-10,7.718433e-12
2.932991e+00,2.550061e-11,8.016268e-10,8.016268e-12
2.935504e+00,2.661349e-11,8.349218e-10,8.349218e-12
2.938017e+00,2.779042e-11,8.720945e-10,8.720945e-12
2.940531e+00,2.901333e-11,9.134250e-10,9.134250e-12
2.943044e+00,3.026490e-11,9.590334e-10,9.590334e-12
2.945557e+00,3.152871e-11,1.008863e-09,1.008863e-11
2.948071e+00,3.279065e-11,1.062720e-09,1.062720e-11
2.950584e+00,3.403509e-11,1.120262e-09,1.120262e-11
2.953097e+00,3.525549e-11,1.180954e-09,1.180954e-11
2.955610e+00,3.644234e-11,1.244082e-09,1.244082e-11
2.958124e+00,3.759039e-11,1.308784e-09,1.308784e-11
2.960637e+00,3.869772e-11,1.374040e-09,1.374040e-11
2.963150e+00,3.975923e-11,1.438667e-09,1.438667e-11
2.965663e+00,4.077449e-11,1.501382e-09,1.501382e-11
2.968177e+00,4.174135e-11,1.560851e-09,1.560851e-11
2.970690e+00,4.265666e-11,1.615755e-09,1.615755e-11
2.973203e+00,4.351563e-11,1.664853e-09,1.664853e-11
2.975717e+00,4.431055e-11,1.706998e-09,1.706998e-11
2.978230e+00,4.503077e-11,1.741193e-09,1.741193e-11
2.980743e+00,4.566682e-11,1.766649e-09,1.766649e-11
2.983256e+00,4.620425e-11,1.782789e-09,1.782789e-11
2.985770e+00,4.663108e-11,1.789263e-09,1.789263e-11
2.988283e+00,4.693411e-11,1.785965e-09,1.785965e-11
2.990796e+00,4.710307e-11,1.773010e-09,1.773010e-11
2.993309e+00,4.712954e-11,1.750736e-09,1.750736e-11
2.995823e+00,4.700697e-11,1.719724e-09,1.719724e-11
2.998336e+00,4.673542e-11,1.680770e-09,1.680770e-11
3.000849e+00,4.631525e-11,1.634864e-09,1.634864e-11
3.003363e+00,4.575347e-11,1.583223e-09,1.583223e-11
3.005876e+00,4.506471e-11,1.527263e-09,1.527263e-11
3.008389e+00,4.425970e-11,1.468513e-09,1.468513e-11
3.010902e+00,4.335837e-11,1.408598e-09,1.408598e-11
3.013416e+00,4.238361e-11,1.349170e-09,1.349170e-11
3.015929e+00,4.135738e-11,1.291782e-09,1.291782e-11
3.018442e+00,4.030278e-11,1.237783e-09,1.237783e-11
3.020955e+00,3.924325e-11,1.188251e-09,1.188251e-11
3.023469e+00,3.820157e-11,1.143937e-09,1.143937e-11
3.025982e+00,3.719837e-11,1.105193e-09,1.105193e-11
3.028495e+00,3.625049e-11,1.071950e-09,1.071950e-11
3.031009e+00,3.537310e-11,1.043776e-09,1.043776e-11
3.033522e+00,3.457440e-11,1.019979e-09,1.019979e-11
3.036035e+00,3.386183e-11,9.997557e-10,9.997557e-12
3.038548e+00,3.324104e-11,9.823151e-10,9.823151e-12
3.041062e+00,3.271380e-11,9.669497e-10,9.669497e-12
3.043575e+00,3.227767e-11,9.530765e-10,9.530765e-12
3.046088e+00,3.192694e-11,9.402556e-10,9.402556e-12
3.048602e+00,3.165546e-11,9.282257e-10,9.282257e-12
3.051115e+00,3.145501e-11,9.168622e-10,9.168622e-12
3.053628e+00,3.131513e-11,9.061419e-10,9.061419e-12
3.056141e+00,3.122749e-11,8.961862e-10,8.961862e-12
3.058655e+00,3.118692e-11,8.871292e-10,8.871292e-12
3.061168e+00,3.117870e-11,8.789828e-10,8.789828e-12
3.063681e+00,3.119366e-11,8.717846e-10,8.717846e-12
3.066194e+00,3.122707e-11,8.656176e-10,8.656176e-12
3.068708e+00,3.127121e-11,8.604173e-10,8.604173e-12
3.071221e+00,3.131727e-11,8.560414e-10,8.560414e-12
3.073734e+00,3.136244e-11,8.524444e-10,8.524444e-12
3.076248e+00,3.140262e-11,8.495648e-10,8.495648e-12
3.078761e+00,3.143345e-11,8.472401e-10,8.472401e-12
3.081274e+00,3.145137e-11,8.453379e-10,8.453379e-12
3.083787e+00,3.145622e-11,8.437672e-10,8.437672e-12
3.086301e+00,3.144679e-11,8.423999e-10,8.423999e-12
3.088814e+00,3.142102e-11,8.411156e-10,8.411156e-12
3.091327e+00,3.137946e-11,8.397829e-10,8.397829e-12
3.093840e+00,3.132304e-11,8.382053e-10,8.382053e-12
3.096354e+00,3.125217e-11,8.362429e-10,8.362429e-12
3.098867e+00,3.116730e-11,8.338299e-10,8.338299e-12
3.101380e+00,3.107082e-11,8.308754e-10,8.308754e-12
3.103894e+00,3.096474e-11,8.273312e-10,8.273312e-12
3.106407e+00,3.085037e-11,8.232668e-10,8.232668e-12
3.108920e+00,3.073122e-11,8.188364e-10,8.188364e-12
3.111433e+00,3.061046e-11,8.142293e-10,8.142293e-12
3.113947e+00,3.048879e-11,8.096921e-10,8.096921e-12
3.116460e+00,3.036897e-11,8.055320e-10,8.055320e-12
3.118973e+00,3.025464e-11,8.020189e-10,8.020189e-12
3.121486e+00,3.014709e-11,7.993612e-10,7.993612e-12
3.124000e+00,3.004749e-11,7.977197e-10,7.977197e-12
3.126513e+00,2.995567e-11,7.971437e-10,7.971437e-12
3.129026e+00,2.987090e-11,7.975793e-10,7.975793e-12
3.131540e+00,2.979380e-11,7.988960e-10,7.988960e-12
3.134053e+00,2.972163e-11,8.008684e-10,8.008684e-12
3.136566e+00,2.965171e-11,8.033008e-10,8.033008e-12
3.139079e+00,2.958445e-11,8.060682e-10,8.060682e-12
3.141593e+00,2.951740e-11,8.089711e-10,8.089711e-12
3.144106e+00,2.944699e-11,8.118276e-10,8.118276e-12
3.146619e+00,2.937541e-11,8.146350e-10,8.146350e-12
3.149132e+00,2.930457e-11,8.174658e-10,8.174658e-12
3.151646e+00,2.923664e-11,8.203878e-10,8.203878e-12
3.154159e+00,2.917418e-11,8.235292e-10,8.235292e-12
3.156672e+00,2.912457e-11,8.270672e-10,8.270672e-12
3.159186e+00,2.909193e-11,8.311958e-10,8.311958e-12
3.161699e+00,2.908394e-11,8.360976e-10,8.360976e-12
3.164212e+00,2.910694e-11,8.418586e-10,8.418586e-12
3.166725e+00,2.916501e-11,8.485640e-10,8.485640e-12
3.169239e+00,2.926694e-11,8.563550e-10,8.563550e-12
3.171752e+00,2.941555e-11,8.652347e-10,8.652347e-12
3.174265e+00,2.961013e-11,8.751192e-10,8.751192e-12
3.176778e+00,2.985110e-11,8.859794e-10,8.859794e-12
3.179292e+00,3.013315e-11,8.977289e-10,8.977289e-12
3.181805e+00,3.045001e-11,9.102521e-10,9.102521e-12
3.184318e+00,3.079609e-11,9.234760e-10,9.234760e-12
3.186832e+00,3.115998e-11,9.372651e-10,9.372651e-12
3.189345e+00,3.153052e-11,9.514316e-10,9.514316e-12
3.191858e+00,3.189785e-11,9.658017e-10,9.658017e-12
3.194371e+00,3.225172e-11,9.801709e-10,9.801709e-12
3.196885e+00,3.258144e-11,9.942880e-10,9.942880e-12
3.199398e+00,3.288110e-11,1.007894e-09,1.007894e-11
3.201911e+00,3.314847e-11,1.020737e-09,1.020737e-11
3.204425e+00,3.338197e-11,1.032521e-09,1.032521e-11
3.206938e+00,3.358042e-11,1.042892e-09,1.042892e-11
3.209451e+00,3.374988e-11,1.051564e-09,1.051564e-11
3.211964e+00,3.389679e-11,1.058372e-09,1.058372e-11
3.214478e+00,3.402495e-11,1.063270e-09,1.063270e-11
3.216991e+00,3.414574e-11,1.066406e-09,1.066406e-11
3.219504e+00,3.426665e-11,1.068103e-09,1.068103e-11
3.222017e+00,3.438818e-11,1.068914e-09,1.068914e-11
3.224531e+00,3.451714e-11,1.069691e-09,1.069691e-11
3.227044e+00,3.465600e-11,1.071358e-09,1.071358e-11
3.229557e+00,3.480160e-11,1.074758e-09,1.074758e-11
3.232071e+00,3.495280e-11,1.080639e-09,1.080639e-11
3.234584e+00,3.510610e-11,1.089403e-09,1.089403e-11
3.237097e+00,3.525335e-11,1.100927e-09,1.100927e-11
3.239610e+00,3.538701e-11,1.114679e-09,1.114679e-11
3.242124e+00,3.550271e-11,1.129817e-09,1.129817e-11
3.244637e+00,3.559719e-11,1.145273e-09,1.145273e-11
3.247150e+00,3.566733e-11,1.160018e-09,1.160018e-11
3.249663e+00,3.571337e-11,1.173285e-09,1.173285e-11
3.252177e+00,3.574049e-11,1.184621e-09,1.184621e-11
3.254690e+00,3.575589e-11,1.193992e-09,1.193992e-11
3.257203e+00,3.576885e-11,1.201875e-09,1.201875e-11
3.259717e+00,3.579392e-11,1.209148e-09,1.209148e-11
3.262230e+00,3.584429e-11,1.216874e-09,1.216874e-11
3.264743e+00,3.593377e-11,1.226190e-09,1.226190e-11
3.267256e+00,3.607910e-11,1.238187e-09,1.238187e-11
3.269770e+00,3.629508e-11,1.253655e-09,1.253655e-11
3.272283e+00,3.659267e-11,1.272929e-09,1.272929e-11
3.274796e+00,3.697777e-11,1.295951e-09,1.295951e-11
3.277309e+00,3.745755e-11,1.322356e-09,1.322356e-11
3.279823e+00,3.803273e-11,1.351503e-09,1.351503e-11
3.282336e+00,3.869824e-11,1.382610e-09,1.382610e-11
3.284849e+00,3.944462e-11,1.414882e-09,1.414882e-11
3.287363e+00,4.025872e-11,1.447586e-09,1.447586e-11
3.289876e+00,4.112534e-11,1.480156e-09,1.480156e-11
3.292389e+00,4.202415e-11,1.512182e-09,1.512182e-11
3.294902e+00,4.293536e-11,1.543298e-09,1.543298e-11
3.297416e+00,4.383569e-11,1.573142e-09,1.573142e-11
3.299929e+00,4.469878e-11,1.601340e-09,1.601340e-11
3.302442e+00,4.550227e-11,1.627461e-09,1.627461e-11
3.304955e+00,4.622151e-11,1.650971e-09,1.650971e-11
3.307469e+00,4.683514e-11,1.671244e-09,1.671244e-11
3.309982e+00,4.732607e-11,1.687584e-09,1.687584e-11
3.312495e+00,4.767531e-11,1.699251e-09,1.699251e-11
3.315009e+00,4.787075e-11,1.705562e-09,1.705562e-11
3.317522e+00,4.790680e-11,1.705998e-09,1.705998e-11
3.320035e+00,4.777935e-11,1.700231e-09,1.700231e-11
3.322548e+00,4.749037e-11,1.688167e-09,1.688167e-11
3.325062e+00,4.704649e-11,1.670052e-09,1.670052e-11
3.327575e+00,4.646195e-11,1.646490e-09,1.646490e-11
3.330088e+00,4.575639e-11,1.618342e-09,1.618342e-11
3.332601e+00,4.494949e-11,1.586660e-09,1.586660e-11
3.335115e+00,4.407030e-11,1.552659e-09,1.552659e-11
3.337628e+00,4.315039e-11,1.517525e-09,1.517525e-11
3.340141e+00,4.221673e-11,1.482243e-09,1.482243e-11
3.342655e+00,4.130204e-11,1.447551e-09,1.447551e-11
3.345168e+00,4.043710e-11,1.413847e-09,1.413847e-11
3.347681e+00,3.964669e-11,1.381185e-09,1.381185e-11
3.350194e+00,3.895316e-11,1.349395e-09,1.349395e-11
3.352708e+00,3.837152e-11,1.318182e-09,1.318182e-11
3.355221e+00,3.791163e-11,1.287299e-09,1.287299e-11
3.357734e+00,3.757668e-11,1.256682e-09,1.256682e-11
3.360248e+00,3.736084e-11,1.226531e-09,1.226531e-11
3.362761e+00,3.725301e-11,1.197370e-09,1.197370e-11
3.365274e+00,3.723602e-11,1.169889e-09,1.169889e-11
3.367787e+00,3.728544e-11,1.144820e-09,1.144820e-11
3.370301e+00,3.737671e-11,1.122823e-09,1.122823e-11
3.372814e+00,3.748244e-11,1.104266e-09,1.104266e-11
3.375327e+00,3.757546e-11,1.089151e-09,1.089151e-11
3.377840e+00,3.763329e-11,1.077108e-09,1.077108e-11
3.380354e+00,3.763416e-11,1.067448e-09,1.067448e-11
3.382867e+00,3.756188e-11,1.059390e-09,1.059390e-11
3.385380e+00,3.740908e-11,1.052235e-09,1.052235e-11
3.387894e+00,3.717300e-11,1.045453e-09,1.045453e-11
3.390407e+00,3.685296e-11,1.038827e-09,1.038827e-11
3.392920e+00,3.645920e-11,1.032548e-09,1.032548e-11
3.395433e+00,3.600883e-11,1.027098e-09,1.027098e-11
3.397947e+00,3.551702e-11,1.023048e-09,1.023048e-11
3.400460e+00,3.500176e-11,1.020992e-09,1.020992e-11
3.402973e+00,3.448643e-11,1.021469e-09,1.021469e-11
3.405486e+00,3.399383e-11,1.024772e-09,1.024772e-11
3.408000e+00,3.354058e-11,1.030872e-09,1.030872e-11
3.410513e+00,3.314250e-11,1.039468e-09,1.039468e-11
3.413026e+00,3.281145e-11,1.050111e-09,1.050111e-11
3.415540e+00,3.255539e-11,1.062318e-09,1.062318e-11
3.418053e+00,3.237909e-11,1.075556e-09,1.075556e-11
3.420566e+00,3.227930e-11,1.089272e-09,1.089272e-11
3.423079e+00,3.225037e-11,1.103044e-09,1.103044e-11
3.425593e+00,3.228336e-11,1.116563e-09,1.116563e-11
3.428106e+00,3.236423e-11,1.129544e-09,1.129544e-11
3.430619e+00,3.248054e-11,1.141735e-09,1.141735e-11
3.433132e+00,3.261868e-11,1.152935e-09,1.152935e-11
3.435646e+00,3.276255e-11,1.162958e-09,1.162958e-11
3.438159e+00,3.289877e-11,1.171591e-09,1.171591e-11
3.440672e+00,3.301550e-11,1.178645e-09,1.178645e-11
3.443186e+00,3.310256e-11,1.183981e-09,1.183981e-11
3.445699e+00,3.315228e-11,1.187469e-09,1.187469e-11
3.448212e+00,3.316041e-11,1.189024e-09,1.189024e-11
3.450725e+00,3.312480e-11,1.188628e-09,1.188628e-11
3.453239e+00,3.304477e-11,1.186274e-09,1.186274e-11
3.455752e+00,3.292315e-11,1.181985e-09,1.181985e-11
3.458265e+00,3.276496e-11,1.175829e-09,1.175829e-11
3.460778e+00,3.257449e-11,1.167824e-09,1.167824e-11
3.463292e+00,3.235621e-11,1.157962e-09,1.157962e-11
3.465805e+00,3.211585e-11,1.146301e-09,1.146301e-11
3.468318e+00,3.185908e-11,1.132906e-09,1.132906e-11
3.470832e+00,3.158913e-11,1.117811e-09,1.117811e-11
3.473345e+00,3.130971e-11,1.101114e-09,1.101114e-11
3.475858e+00,3.102434e-11,1.082955e-09,1.082955e-11
3.478371e+00,3.073147e-11,1.063449e-09,1.063449e-11
3.480885e+00,3.043033e-11,1.042749e-09,1.042749e-11
3.483398e+00,3.012265e-11,1.021066e-09,1.021066e-11
3.485911e+00,2.980508e-11,9.985976e-10,9.985976e-12
3.488424e+00,2.947390e-11,9.755434e-10,9.755434e-12
3.490938e+00,2.912895e-11,9.521555e-10,9.521555e-12
3.493451e+00,2.876941e-11,9.286611e-10,9.286611e-12
3.495964e+00,2.839292e-11,9.052076e-10,9.052076e-12
3.498478e+00,2.799937e-11,8.819447e-10,8.819447e-12
3.500991e+00,2.759078e-11,8.590514e-10,8.590514e-12
3.503504e+00,2.716800e-11,8.366928e-10,8.366928e-12
3.506017e+00,2.673587e-11,8.150624e-10,8.150624e-12
3.508531e+00,2.630067e-11,7.943943e-10,7.943943e-12
3.511044e+00,2.586755e-11,7.749072e-10,7.749072e-12
3.513557e+00,2.544318e-11,7.568122e-10,7.568122e-12
3.516070e+00,2.503524e-11,7.403475e-10,7.403475e-12
3.518584e+00,2.465285e-11,7.257155e-10,7.257155e-12
3.521097e+00,2.430263e-11,7.130592e-10,7.130592e-12
3.523610e+00,2.399146e-11,7.025267e-10,7.025267e-12
3.526124e+00,2.372636e-11,6.942003e-10,6.942003e-12
3.528637e+00,2.351148e-11,6.880657e-10,6.880657e-12
3.531150e+00,2.335124e-11,6.841232e-10,6.841232e-12
3.533663e+00,2.324891e-11,6.823486e-10,6.823486e-12
3.536177e+00,2.320468e-11,6.826419e-10,6.826419e-12
3.538690e+00,2.321668e-11,6.849472e-10,6.849472e-12
3.541203e+00,2.328471e-11,6.892468e-10,6.892468e-12
3.543717e+00,2.340337e-11,6.954331e-10,6.954331e-12
3.546230e+00,2.356368e-11,7.033489e-10,7.033489e-12
3.548743e+00,2.376007e-11,7.128830e-10,7.128830e-12
3.551256e+00,2.398499e-11,7.239239e-10,7.239239e-12
3.553770e+00,2.422905e-11,7.362744e-10,7.362744e-12
3.556283e+00,2.448275e-11,7.496846e-10,7.496846e-12
3.558796e+00,2.473597e-11,7.639239e-10,7.639239e-12
3.561309e+00,2.498018e-11,7.787621e-10,7.787621e-12
3.563823e+00,2.520925e-11,7.939692e-10,7.939692e-12
3.566336e+00,2.541681e-11,8.093588e-10,8.093588e-12
3.568849e+00,2.559738e-11,8.247666e-10,8.247666e-12
3.571363e+00,2.574825e-11,8.400446e-10,8.400446e-12
3.573876e+00,2.586771e-11,8.550923e-10,8.550923e-12
3.576389e+00,2.595838e-11,8.698531e-10,8.698531e-12
3.578902e+00,2.602373e-11,8.842658e-10,8.842658e-12
3.581416e+00,2.606647e-11,8.981920e-10,8.981920e-12
3.583929e+00,2.609118e-11,9.114335e-10,9.114335e-12
3.586442e+00,2.610363e-11,9.238114e-10,9.238114e-12
3.588955e+00,2.611108e-11,9.351231e-10,9.351231e-12
3.591469e+00,2.611730e-11,9.451022e-10,9.451022e-12
3.593982e+00,2.612459e-11,9.535006e-10,9.535006e-12
3.596495e+00,2.613450e-11,9.600913e-10,9.600913e-12
3.599009e+00,2.614740e-11,9.646640e-10,9.646640e-12
3.601522e+00,2.616029e-11,9.671088e-10,9.671088e-12
3.604035e+00,2.616625e-11,9.673939e-10,9.673939e-12
3.606548e+00,2.615972e-11,9.655013e-10,9.655013e-12
3.609062e+00,2.613110e-11,9.614256e-10,9.614256e-12
3.611575e+00,2.606897e-11,9.552015e-10,9.552015e-12
3.614088e+00,2.596456e-11,9.469004e-10,9.469004e-12
3.616601e+00,2.580961e-11,9.365693e-10,9.365693e-12
3.619115e+00,2.559512e-11,9.242124e-10,9.242124e-12
3.621628e+00,2.531238e-11,9.098276e-10,9.098276e-12
3.624141e+00,2.495895e-11,8.934651e-10,8.934651e-12
3.626655e+00,2.453544e-11,8.752689e-10,8.752689e-12
3.629168e+00,2.404550e-11,8.554605e-10,8.554605e-12
3.631681e+00,2.349693e-11,8.343124e-10,8.343124e-12
3.634194e+00,2.289924e-11,8.121096e-10,8.121096e-12
3.636708e+00,2.226446e-11,7.891448e-10,7.891448e-12
3.639221e+00,2.160780e-11,7.657548e-10,7.657548e-12
3.641734e+00,2.094650e-11,7.422660e-10,7.422660e-12
3.644247e+00,2.029641e-11,7.189193e-10,7.189193e-12
3.646761e+00,1.967231e-11,6.958904e-10,6.958904e-12
3.649274e+00,1.909031e-11,6.733248e-10,6.733248e-12
3.651787e+00,1.856157e-11,6.513527e-10,6.513527e-12
3.654301e+00,1.809493e-11,6.300962e-10,6.300962e-12
3.656814e+00,1.770034e-11,6.096621e-10,6.096621e-12
3.659327e+00,1.738058e-11,5.901963e-10,5.901963e-12
3.661840e+00,1.713770e-11,5.719164e-10,5.719164e-12
3.664354e+00,1.697164e-11,5.550651e-10,5.550651e-12
3.666867e+00,1.687963e-11,5.399717e-10,5.399717e-12
3.669380e+00,1.686045e-11,5.271352e-10,5.271352e-12
3.671893e+00,1.690924e-11,5.172264e-10,5.172264e-12
3.674407e+00,1.702358e-11,5.110747e-10,5.110747e-12
3.676920e+00,1.720183e-11,5.096173e-10,5.096173e-12
3.679433e+00,1.743964e-11,5.138235e-10,5.138235e-12
3.681947e+00,1.773597e-11,5.245432e-10,5.245432e-12
3.684460e+00,1.808966e-11,5.423093e-10,5.423093e-12
3.686973e+00,1.849942e-11,5.672418e-10,5.672418e-12
3.689486e+00,1.896473e-11,5.989514e-10,5.989514e-12
3.692000e+00,1.948131e-11,6.365516e-10,6.365516e-12
3.694513e+00,2.004489e-11,6.789044e-10,6.789044e-12
3.697026e+00,2.065046e-11,7.247386e-10,7.247386e-12
3.699540e+00,2.128971e-11,7.726958e-10,7.726958e-12
3.702053e+00,2.195322e-11,8.214497e-10,8.214497e-12
3.704566e+00,2.262670e-11,8.697403e-10,8.697403e-12
3.707079e+00,2.329595e-11,9.164034e-10,9.164034e-12
3.709593e+00,2.394660e-11,9.604215e-10,9.604215e-12
3.712106e+00,2.456271e-11,1.000917e-09,1.000917e-11
3.714619e+00,2.512890e-11,1.037113e-09,1.037113e-11
3.717132e+00,2.563050e-11,1.068339e-09,1.068339e-11
3.719646e+00,2.605584e-11,1.094083e-09,1.094083e-11
3.722159e+00,2.639396e-11,1.114003e-09,1.114003e-11
3.724672e+00,2.663967e-11,1.127940e-09,1.127940e-11
3.727186e+00,2.678996e-11,1.135905e-09,1.135905e-11
3.729699e+00,2.684505e-11,1.138083e-09,1.138083e-11
3.732212e+00,2.681158e-11,1.134813e-09,1.134813e-11
3.734725e+00,2.669726e-11,1.126577e-09,1.126577e-11
3.737239e+00,2.651318e-11,1.113976e-09,1.113976e-11
3.739752e+00,2.627131e-11,1.097704e-09,1.097704e-11
3.742265e+00,2.598480e-11,1.078529e-09,1.078529e-11
3.744778e+00,2.566969e-11,1.057249e-09,1.057249e-11
3.747292e+00,2.534128e-11,1.034655e-09,1.034655e-11
3.749805e+00,2.501223e-11,1.011501e-09,1.011501e-11
3.752318e+00,2.469438e-11,9.885090e-10,9.885090e-12
3.754832e+00,2.439988e-11,9.663617e-10,9.663617e-12
3.757345e+00,2.413647e-11,9.456460e-10,9.456460e-12
3.759858e+00,2.390923e-11,9.268086e-10,9.268086e-12
3.762371e+00,2.372283e-11,9.101988e-10,9.101988e-12
3.764885e+00,2.358009e-11,8.960828e-10,8.960828e-12
3.767398e+00,2.348185e-11,8.845998e-10,8.845998e-12
3.769911e+00,2.342666e-11,8.757721e-10,8.757721e-12
3.772424e+00,2.341255e-11,8.695319e-10,8.695319e-12
3.774938e+00,2.343697e-11,8.657435e-10,8.657435e-12
3.777451e+00,2.349654e-11,8.642518e-10,8.642518e-12
3.779964e+00,2.358733e-11,8.648489e-10,8.648489e-12
3.782478e+00,2.370582e-11,8.672507e-10,8.672507e-12
3.784991e+00,2.384799e-11,8.711826e-10,8.711826e-12
3.787504e+00,2.400822e-11,8.764191e-10,8.764191e-12
3.790017e+00,2.418396e-11,8.827585e-10,8.827585e-12
3.792531e+00,2.437317e-11,8.899832e-10,8.899832e-12
3.795044e+00,2.457086e-11,8.978536e-10,8.978536e-12
3.797557e+00,2.477441e-11,9.061729e-10,9.061729e-12
3.800070e+00,2.498332e-11,9.147942e-10,9.147942e-12
3.802584e+00,2.519436e-11,9.235499e-10,9.235499e-12
3.805097e+00,2.540600e-11,9.322806e-10,9.322806e-12
3.807610e+00,2.561918e-11,9.409005e-10,9.409005e-12
3.810124e+00,2.583375e-11,9.493362e-10,9.493362e-12
3.812637e+00,2.605046e-11,9.574740e-10,9.574740e-12
3.815150e+00,2.626999e-11,9.652188e-10,9.652188e-12
3.817663e+00,2.649355e-11,9.725247e-10,9.725247e-12
3.820177e+00,2.672380e-11,9.793659e-10,9.793659e-12
3.822690e+00,2.696271e-11,9.857244e-10,9.857244e-12
3.825203e+00,2.721189e-11,9.915933e-10,9.915933e-12
3.827716e+00,2.747314e-11,9.969782e-10,9.969782e-12
3.830230e+00,2.774710e-11,1.001920e-09,1.001920e-11
3.832743e+00,2.803443e-11,1.006527e-09,1.006527e-11
3.835256e+00,2.833542e-11,1.010925e-09,1.010925e-11
3.837770e+00,2.864784e-11,1.015210e-09,1.015210e-11
3.840283e+00,2.896939e-11,1.019509e-09,1.019509e-11
3.842796e+00,2.929620e-11,1.023972e-09,1.023972e-11
3.845309e+00,2.962255e-11,1.028730e-09,1.028730e-11
3.847823e+00,2.994243e-11,1.033898e-09,1.033898e-11
3.850336e+00,3.024905e-11,1.039582e-09,1.039582e-11
3.852849e+00,3.053349e-11,1.045862e-09,1.045862e-11
3.855363e+00,3.078703e-11,1.052780e-09,1.052780e-11
3.857876e+00,3.100278e-11,1.060299e-09,1.060299e-11
3.860389e+00,3.117026e-11,1.068305e-09,1.068305e-11
3.862902e+00,3.128026e-11,1.076653e-09,1.076653e-11
3.865416e+00,3.132697e-11,1.085178e-09,1.085178e-11
3.867929e+00,3.130532e-11,1.093687e-09,1.093687e-11
3.870442e+00,3.121237e-11,1.101947e-09,1.101947e-11
3.872955e+00,3.104797e-11,1.109663e-09,1.109663e-11
3.875469e+00,3.081384e-11,1.116470e-09,1.116470e-11
3.877982e+00,3.051256e-11,1.121959e-09,1.121959e-11
3.880495e+00,3.015202e-11,1.125711e-09,1.125711e-11
3.883009e+00,2.974369e-11,1.127280e-09,1.127280e-11
3.885522e+00,2.929763e-11,1.126168e-09,1.126168e-11
3.888035e+00,2.882515e-11,1.121881e-09,1.121881e-11
3.890548e+00,2.833966e-11,1.114005e-09,1.114005e-11
3.893062e+00,2.785258e-11,1.102261e-09,1.102261e-11
3.895575e+00,2.737338e-11,1.086554e-09,1.086554e-11
3.898088e+00,2.691061e-11,1.066988e-09,1.066988e-11
3.900601e+00,2.646994e-11,1.043884e-09,1.043884e-11
3.903115e+00,2.605226e-11,1.017790e-09,1.017790e-11
3.905628e+00,2.565564e-11,9.894362e-10,9.894362e-12
3.908141e+00,2.527579e-11,9.596508e-10,9.596508e-12
3.910655e+00,2.490587e-11,9.292418e-10,9.292418e-12
3.913168e+00,2.453579e-11,8.988414e-10,8.988414e-12
3.915681e+00,2.415333e-11,8.688071e-10,8.688071e-12
3.918194e+00,2.374780e-11,8.392353e-10,8.392353e-12
3.920708e+00,2.330951e-11,8.099790e-10,8.099790e-12
3.923221e+00,2.283125e-11,7.806407e-10,7.806407e-12
3.925734e+00,2.230681e-11,7.507110e-10,7.507110e-12
3.928247e+00,2.173537e-11,7.198155e-10,7.198155e-12
3.930761e+00,2.112189e-11,6.878432e-10,6.878432e-12
3.933274e+00,2.047161e-11,6.549888e-10,6.549888e-12
3.935787e+00,1.979660e-11,6.218053e-10,6.218053e-12
3.938301e+00,1.911201e-11,5.891986e-10,5.891986e-12
3.940814e+00,1.843286e-11,5.583296e-10,5.583296e-12
3.943327e+00,1.777751e-11,5.304563e-10,5.304563e-12
3.945840e+00,1.716489e-11,5.067392e-10,5.067392e-12
3.948354e+00,1.661254e-11,4.880161e-10,4.880161e-12
3.950867e+00,1.613466e-11,4.746229e-10,4.746229e-12
3.953380e+00,1.574313e-11,4.664064e-10,4.664064e-12
3.955893e+00,1.544697e-11,4.628676e-10,4.628676e-12
3.958407e+00,1.525127e-11,4.632928e-10,4.632928e-12
3.960920e+00,1.515779e-11,4.669163e-10,4.669163e-12
3.963433e+00,1.516341e-11,4.730782e-10,4.730782e-12
3.965947e+00,1.526278e-11,4.813160e-10,4.813160e-12
3.968460e+00,1.545071e-11,4.913589e-10,4.913589e-12
3.970973e+00,1.571936e-11,5.029920e-10,5.029920e-12
3.973486e+00,1.605952e-11,5.159996e-10,5.159996e-12
3.976000e+00,1.646424e-11,5.302464e-10,5.302464e-12
3.978513e+00,1.692706e-11,5.456282e-10,5.456282e-12
3.981026e+00,1.744269e-11,5.619827e-10,5.619827e-12
3.983539e+00,1.800804e-11,5.791762e-10,5.791762e-12
3.986053e+00,1.862045e-11,5.971631e-10,5.971631e-12
3.988566e+00,1.927782e-11,6.159519e-10,6.159519e-12
3.991079e+00,1.998039e-11,6.356370e-10,6.356370e-12
3.993593e+00,2.072761e-11,6.564095e-10,6.564095e-12
3.996106e+00,2.151729e-11,6.784969e-10,6.784969e-12
3.998619e+00,2.234819e-11,7.021126e-10,7.021126e-12
4.001132e+00,2.321446e-11,7.274387e-10,7.274387e-12
4.003646e+00,2.411066e-11,7.546278e-10,7.546278e-12
4.006159e+00,2.503040e-11,7.837324e-10,7.837324e-12
4.008672e+00,2.596076e-11,8.146413e-10,8.146413e-12
4.011186e+00,2.689031e-11,8.471039e-10,8.471039e-12
4.013699e+00,2.780634e-11,8.807389e-10,8.807389e-12
4.016212e+00,2.869317e-11,9.150192e-10,9.150192e-12
4.018725e+00,2.953555e-11,9.492912e-10,9.492912e-12
4.021239e+00,3.031798e-11,9.828304e-10,9.828304e-12
4.023752e+00,3.102612e-11,1.014857e-09,1.014857e-11
4.026265e+00,3.164626e-11,1.044536e-09,1.044536e-11
4.028778e+00,3.216557e-11,1.071057e-09,1.071057e-11
4.031292e+00,3.257399e-11,1.093684e-09,1.093684e-11
4.033805e+00,3.286445e-11,1.111746e-09,1.111746e-11
4.036318e+00,3.303076e-11,1.124677e-09,1.124677e-11
4.038832e+00,3.307067e-11,1.132082e-09,1.132082e-11
4.041345e+00,3.298617e-11,1.133745e-09,1.133745e-11
4.043858e+00,3.278033e-11,1.129654e-09,1.129654e-11
4.046371e+00,3.246057e-11,1.120001e-09,1.120001e-11
4.048885e+00,3.203800e-11,1.105191e-09,1.105191e-11
4.051398e+00,3.152661e-11,1.085860e-09,1.085860e-11
4.053911e+00,3.094363e-11,1.062839e-09,1.062839e-11
4.056424e+00,3.030833e-11,1.037109e-09,1.037109e-11
4.058938e+00,2.964319e-11,1.009776e-09,1.009776e-11
4.061451e+00,2.897187e-11,9.820130e-10,9.820130e-12
4.063964e+00,2.831781e-11,9.549679e-10,9.549679e-12
4.066478e+00,2.770413e-11,9.297028e-10,9.297028e-12
4.068991e+00,2.715344e-11,9.071905e-10,9.071905e-12
4.071504e+00,2.668773e-11,8.882546e-10,8.882546e-12
4.074017e+00,2.632294e-11,8.734867e-10,8.734867e-12
4.076531e+00,2.607043e-11,8.632910e-10,8.632910e-12
4.079044e+00,2.593997e-11,8.579117e-10,8.579117e-12
4.081557e+00,2.593286e-11,8.573756e-10,8.573756e-12
4.084070e+00,2.604465e-11,8.615354e-10,8.615354e-12
4.086584e+00,2.626689e-11,8.701004e-10,8.701004e-12
4.089097e+00,2.658443e-11,8.825829e-10,8.825829e-12
4.091610e+00,2.697852e-11,8.983277e-10,8.983277e-12
4.094124e+00,2.742676e-11,9.165613e-10,9.165613e-12
4.096637e+00,2.790289e-11,9.364194e-10,9.364194e-12
4.099150e+00,2.838093e-11,9.569891e-10,9.569891e-12
4.101663e+00,2.883556e-11,9.773200e-10,9.773200e-12
4.104177e+00,2.924051e-11,9.965423e-10,9.965423e-12
4.106690e+00,2.957445e-11,1.013980e-09,1.013980e-11
4.109203e+00,2.981973e-11,1.029044e-09,1.029044e-11
4.111716e+00,2.996030e-11,1.041202e-09,1.041202e-11
4.114230e+00,2.998736e-11,1.050050e-09,1.050050e-11
4.116743e+00,2.989699e-11,1.055232e-09,1.055232e-11
4.119256e+00,2.968931e-11,1.056451e-09,1.056451e-11
4.121770e+00,2.937059e-11,1.053497e-09,1.053497e-11
4.124283e+00,2.895052e-11,1.046121e-09,1.046121e-11
4.126796e+00,2.844056e-11,1.034085e-09,1.034085e-11
4.129309e+00,2.785673e-11,1.017333e-09,1.017333e-11
4.131823e+00,2.721830e-11,9.959699e-10,9.959699e-12
4.134336e+00,2.654324e-11,9.702432e-10,9.702432e-12
4.136849e+00,2.584959e-11,9.406441e-10,9.406441e-12
4.139362e+00,2.515800e-11,9.079689e-10,9.079689e-12
4.141876e+00,2.448796e-11,8.732956e-10,8.732956e-12
4.144389e+00,2.385602e-11,8.379254e-10,8.379254e-12
4.146902e+00,2.327910e-11,8.033389e-10,8.033389e-12
4.149416e+00,2.277283e-11,7.711044e-10,7.711044e-12
4.151929e+00,2.234893e-11,7.426796e-10,7.426796e-12
4.154442e+00,2.201800e-11,7.192789e-10,7.192789e-12
4.156955e+00,2.178962e-11,7.017742e-10,7.017742e-12
4.159469e+00,2.166847e-11,6.904853e-10,6.904853e-12
4.161982e+00,2.165822e-11,6.851929e-10,6.851929e-12
4.164495e+00,2.176150e-11,6.853109e-10,6.853109e-12
4.167008e+00,2.197533e-11,6.898999e-10,6.898999e-12
4.169522e+00,2.229355e-11,6.978853e-10,6.978853e-12
4.172035e+00,2.270987e-11,7.083630e-10,7.083630e-12
4.174548e+00,2.321684e-11,7.205797e-10,7.205797e-12
4.177062e+00,2.380196e-11,7.339558e-10,7.339558e-12
4.179575e+00,2.445204e-11,7.482166e-10,7.482166e-12
4.182088e+00,2.515425e-11,7.633188e-10,7.633188e-12
4.184601e+00,2.589413e-11,7.793514e-10,7.793514e-12
4.187115e+00,2.665860e-11,7.965328e-10,7.965328e-12
4.189628e+00,2.743409e-11,8.151574e-10,8.151574e-12
4.192141e+00,2.820866e-11,8.355364e-10,8.355364e-12
4.194655e+00,2.897438e-11,8.579465e-10,8.579465e-12
4.197168e+00,2.972354e-11,8.825490e-10,8.825490e-12
4.199681e+00,3.044993e-11,9.093858e-10,9.093858e-12
4.202194e+00,3.115116e-11,9.383891e-10,9.383891e-12
4.204708e+00,3.182531e-11,9.693631e-10,9.693631e-12
4.207221e+00,3.247188e-11,1.002032e-09,1.002032e-11
4.209734e+00,3.309521e-11,1.036075e-09,1.036075e-11
4.212247e+00,3.369758e-11,1.071139e-09,1.071139e-11
4.214761e+00,3.428030e-11,1.106888e-09,1.106888e-11
4.217274e+00,3.484801e-11,1.143050e-09,1.143050e-11
4.219787e+00,3.540229e-11,1.179424e-09,1.179424e-11
4.222301e+00,3.594430e-11,1.215905e-09,1.215905e-11
4.224814e+00,3.647648e-11,1.252486e-09,1.252486e-11
4.227327e+00,3.699744e-11,1.289219e-09,1.289219e-11
4.229840e+00,3.750347e-11,1.326171e-09,1.326171e-11
4.232354e+00,3.799160e-11,1.363398e-09,1.363398e-11
4.234867e+00,3.845794e-11,1.400934e-09,1.400934e-11
4.237380e+00,3.889616e-11,1.438739e-09,1.438739e-11
4.239893e+00,3.930009e-11,1.476626e-09,1.476626e-11
4.242407e+00,3.966206e-11,1.514239e-09,1.514239e-11
4.244920e+00,3.997467e-11,1.551101e-09,1.551101e-11
4.247433e+00,4.023342e-11,1.586611e-09,1.586611e-11
4.249947e+00,4.043016e-11,1.619967e-09,1.619967e-11
4.252460e+00,4.055682e-11,1.650216e-09,1.650216e-11
4.254973e+00,4.060903e-11,1.676386e-09,1.676386e-11
4.257486e+00,4.058178e-11,1.697486e-09,1.697486e-11
4.260000e+00,4.047064e-11,1.712495e-09,1.712495e-11
4.262513e+00,4.027196e-11,1.720470e-09,1.720470e-11
4.265026e+00,3.998457e-11,1.720639e-09,1.720639e-11
4.267539e+00,3.960899e-11,1.712392e-09,1.712392e-11
4.270053e+00,3.914535e-11,1.695328e-09,1.695328e-11
4.272566e+00,3.859766e-11,1.669317e-09,1.669317e-11
4.275079e+00,3.797016e-11,1.634519e-09,1.634519e-11
4.277593e+00,3.726874e-11,1.591417e-09,1.591417e-11
4.280106e+00,3.650323e-11,1.540853e-09,1.540853e-11
4.282619e+00,3.568358e-11,1.484013e-09,1.484013e-11
4.285132e+00,3.482264e-11,1.422400e-09,1.422400e-11
4.287646e+00,3.393307e-11,1.357805e-09,1.357805e-11
4.290159e+00,3.302997e-11,1.292271e-09,1.292271e-11
4.292672e+00,3.213078e-11,1.228024e-09,1.228024e-11
4.295185e+00,3.125122e-11,1.167334e-09,1.167334e-11
4.297699e+00,3.040844e-11,1.112362e-09,1.112362e-11
4.300212e+00,2.961935e-11,1.064979e-09,1.064979e-11
4.302725e+00,2.889962e-11,1.026516e-09,1.026516e-11
4.305239e+00,2.826270e-11,9.975965e-10,9.975965e-12
4.307752e+00,2.772198e-11,9.780831e-10,9.780831e-12
4.310265e+00,2.728977e-11,9.671048e-10,9.671048e-12
4.312778e+00,2.697473e-11,9.632189e-10,9.632189e-12
4.315292e+00,2.678289e-11,9.647359e-10,9.647359e-12
4.317805e+00,2.671620e-11,9.699797e-10,9.699797e-12
4.320318e+00,2.677670e-11,9.774895e-10,9.774895e-12
4.322831e+00,2.696250e-11,9.861961e-10,9.861961e-12
4.325345e+00,2.726612e-11,9.954526e-10,9.954526e-12
4.327858e+00,2.768015e-11,1.005011e-09,1.005011e-11
4.330371e+00,2.819508e-11,1.015023e-09,1.015023e-11
4.332885e+00,2.879878e-11,1.025909e-09,1.025909e-11
4.335398e+00,2.947606e-11,1.038174e-09,1.038174e-11
4.337911e+00,3.021269e-11,1.052357e-09,1.052357e-11
4.340424e+00,3.099402e-11,1.068914e-09,1.068914e-11
4.342938e+00,3.180399e-11,1.088064e-09,1.088064e-11
4.345451e+00,3.262907e-11,1.109799e-09,1.109799e-11
4.347964e+00,3.345587e-11,1.133870e-09,1.133870e-11
4.350478e+00,3.427259e-11,1.159750e-09,1.159750e-11
4.352991e+00,3.507021e-11,1.186712e-09,1.186712e-11
4.355504e+00,3.584039e-11,1.213972e-09,1.213972e-11
4.358017e+00,3.657699e-11,1.240727e-09,1.240727e-11
4.360531e+00,3.727527e-11,1.266165e-09,1.266165e-11
4.363044e+00,3.793087e-11,1.289574e-09,1.289574e-11
4.365557e+00,3.854075e-11,1.310428e-09,1.310428e-11
4.368070e+00,3.910138e-11,1.328377e-09,1.328377e-11
4.370584e+00,3.960985e-11,1.343230e-09,1.343230e-11
4.373097e+00,4.006070e-11,1.354908e-09,1.354908e-11
4.375610e+00,4.044671e-11,1.363437e-09,1.363437e-11
4.378124e+00,4.076179e-11,1.368923e-09,1.368923e-11
4.380637e+00,4.099702e-11,1.371457e-09,1.371457e-11
4.383150e+00,4.114273e-11,1.371048e-09,1.371048e-11
4.385663e+00,4.118969e-11,1.367634e-09,1.367634e-11
4.388177e+00,4.113071e-11,1.361105e-09,1.361105e-11
4.390690e+00,4.095889e-11,1.351319e-09,1.351319e-11
4.393203e+00,4.066864e-11,1.338125e-09,1.338125e-11
4.395716e+00,4.026023e-11,1.321457e-09,1.321457e-11
4.398230e+00,3.973640e-11,1.301408e-09,1.301408e-11
4.400743e+00,3.910406e-11,1.278260e-09,1.278260e-11
4.403256e+00,3.837601e-11,1.252510e-09,1.252510e-11
4.405770e+00,3.756900e-11,1.224815e-09,1.224815e-11
4.408283e+00,3.670107e-11,1.195853e-09,1.195853e-11
4.410796e+00,3.579347e-11,1.166253e-09,1.166253e-11
4.413309e+00,3.487073e-11,1.136557e-09,1.136557e-11
4.415823e+00,3.395753e-11,1.107111e-09,1.107111e-11
4.418336e+00,3.307544e-11,1.077980e-09,1.077980e-11
4.420849e+00,3.224263e-11,1.049021e-09,1.049021e-11
4.423362e+00,3.147629e-11,1.020005e-09,1.020005e-11
4.425876e+00,3.078628e-11,9.907106e-10,9.907106e-12
4.428389e+00,3.017757e-11,9.610520e-10,9.610520e-12
4.430902e+00,2.965204e-11,9.312041e-10,9.312041e-12
4.433416e+00,2.920416e-11,9.016197e-10,9.016197e-12
4.435929e+00,2.882543e-11,8.729746e-10,8.729746e-12
4.438442e+00,2.850399e-11,8.460831e-10,8.460831e-12
4.440955e+00,2.822448e-11,8.217770e-10,8.217770e-12
4.443469e+00,2.797275e-11,8.007772e-10,8.007772e-12
4.445982e+00,2.773600e-11,7.835707e-10,7.835707e-12
4.448495e+00,2.750232e-11,7.703319e-10,7.703319e-12
4.451008e+00,2.726086e-11,7.609714e-10,7.609714e-12
4.453522e+00,2.700732e-11,7.552549e-10,7.552549e-12
4.456035e+00,2.674329e-11,7.529056e-10,7.529056e-12
4.458548e+00,2.647125e-11,7.537210e-10,7.537210e-12
4.461062e+00,2.619807e-11,7.576205e-10,7.576205e-12
4.463575e+00,2.593629e-11,7.646243e-10,7.646243e-12
4.466088e+00,2.569946e-11,7.748524e-10,7.748524e-12
4.468601e+00,2.550302e-11,7.884514e-10,7.884514e-12
4.471115e+00,2.536350e-11,8.054613e-10,8.054613e-12
4.473628e+00,2.529321e-11,8.257904e-10,8.257904e-12
4.476141e+00,2.530634e-11,8.492631e-10,8.492631e-12
4.478654e+00,2.541495e-11,8.756037e-10,8.756037e-12
4.481168e+00,2.562360e-11,9.044622e-10,9.044622e-12
4.483681e+00,2.593657e-11,9.354959e-10,9.354959e-12
4.486194e+00,2.635330e-11,9.683765e-10,9.683765e-12
4.488708e+00,2.686766e-11,1.002801e-09,1.002801e-11
4.491221e+00,2.747234e-11,1.038504e-09,1.038504e-11
4.493734e+00,2.815640e-11,1.075219e-09,1.075219e-11
4.496247e+00,2.890434e-11,1.112638e-09,1.112638e-11
4.498761e+00,2.969987e-11,1.150417e-09,1.150417e-11
4.501274e+00,3.052651e-11,1.188173e-09,1.188173e-11
4.503787e+00,3.136570e-11,1.225465e-09,1.225465e-11
4.506301e+00,3.219981e-11,1.261809e-09,1.261809e-11
4.508814e+00,3.301180e-11,1.296713e-09,1.296713e-11
4.511327e+00,3.378659e-11,1.329707e-09,1.329707e-11
4.513840e+00,3.450994e-11,1.360367e-09,1.360367e-11
4.516354e+00,3.516810e-11,1.388327e-09,1.388327e-11
4.518867e+00,3.575321e-11,1.413310e-09,1.413310e-11
4.521380e+00,3.625951e-11,1.435137e-09,1.435137e-11
4.523893e+00,3.668086e-11,1.453720e-09,1.453720e-11
4.526407e+00,3.701542e-11,1.469090e-09,1.469090e-11
4.528920e+00,3.726560e-11,1.481379e-09,1.481379e-11
4.531433e+00,3.743237e-11,1.490763e-09,1.490763e-11
4.533947e+00,3.752106e-11,1.497475e-09,1.497475e-11
4.536460e+00,3.754073e-11,1.501802e-09,1.501802e-11
4.538973e+00,3.749813e-11,1.504044e-09,1.504044e-11
4.541486e+00,3.740449e-11,1.504501e-09,1.504501e-11
4.544000e+00,3.727159e-11,1.503449e-09,1.503449e-11
4.546513e+00,3.710870e-11,1.501104e-09,1.501104e-11
4.549026e+00,3.692801e-11,1.497655e-09,1.497655e-11
4.551539e+00,3.674281e-11,1.493262e-09,1.493262e-11
4.554053e+00,3.656324e-11,1.488023e-09,1.488023e-11
4.556566e+00,3.639895e-11,1.482009e-09,1.482009e-11
4.559079e+00,3.625996e-11,1.475292e-09,1.475292e-11
4.561593e+00,3.615331e-11,1.467913e-09,1.467913e-11
4.564106e+00,3.608462e-11,1.459912e-09,1.459912e-11
4.566619e+00,3.605792e-11,1.451348e-09,1.451348e-11
4.569132e+00,3.607573e-11,1.442307e-09,1.442307e-11
4.571646e+00,3.613895e-11,1.432893e-09,1.432893e-11
4.574159e+00,3.624476e-11,1.423209e-09,1.423209e-11
4.576672e+00,3.639011e-11,1.413359e-09,1.413359e-11
4.579185e+00,3.656890e-11,1.403473e-09,1.403473e-11
4.581699e+00,3.677260e-11,1.393648e-09,1.393648e-11
4.584212e+00,3.699511e-11,1.383922e-09,1.383922e-11
4.586725e+00,3.722619e-11,1.374300e-09,1.374300e-11
4.589239e+00,3.745554e-11,1.364759e-09,1.364759e-11
4.591752e+00,3.767611e-11,1.355225e-09,1.355225e-11
4.594265e+00,3.787941e-11,1.345607e-09,1.345607e-11
4.596778e+00,3.805870e-11,1.335781e-09,1.335781e-11
4.599292e+00,3.820755e-11,1.325587e-09,1.325587e-11
4.601805e+00,3.832280e-11,1.314911e-09,1.314911e-11
4.604318e+00,3.840553e-11,1.303729e-09,1.303729e-11
4.606831e+00,3.845707e-11,1.292040e-09,1.292040e-11
4.609345e+00,3.848061e-11,1.279872e-09,1.279872e-11
4.611858e+00,3.848021e-11,1.267376e-09,1.267376e-11
4.614371e+00,3.846268e-11,1.254808e-09,1.254808e-11
4.616885e+00,3.843561e-11,1.242483e-09,1.242483e-11
4.619398e+00,3.840408e-11,1.230783e-09,1.230783e-11
4.621911e+00,3.837454e-11,1.220174e-09,1.220174e-11
4.624424e+00,3.835262e-11,1.211144e-09,1.211144e-11
4.626938e+00,3.833944e-11,1.204124e-09,1.204124e-11
4.629451e+00,3.833436e-11,1.199465e-09,1.199465e-11
4.631964e+00,3.833607e-11,1.197417e-09,1.197417e-11
4.634477e+00,3.834103e-11,1.198094e-09,1.198094e-11
4.636991e+00,3.834311e-11,1.201425e-09,1.201425e-11
4.639504e+00,3.833554e-11,1.207174e-09,1.207174e-11
4.642017e+00,3.831245e-11,1.215024e-09,1.215024e-11
4.644531e+00,3.826841e-11,1.224673e-09,1.224673e-11
4.647044e+00,3.820087e-11,1.235918e-09,1.235918e-11
4.649557e+00,3.811023e-11,1.248710e-09,1.248710e-11
4.652070e+00,3.799997e-11,1.263168e-09,1.263168e-11
4.654584e+00,3.787821e-11,1.279584e-09,1.279584e-11
4.657097e+00,3.775654e-11,1.298397e-09,1.298397e-11
4.659610e+00,3.765183e-11,1.320038e-09,1.320038e-11
4.662123e+00,3.758358e-11,1.344806e-09,1.344806e-11
4.664637e+00,3.757226e-11,1.372830e-09,1.372830e-11
4.667150e+00,3.764087e-11,1.404015e-09,1.404015e-11
4.669663e+00,3.781114e-11,1.438041e-09,1.438041e-11
4.672177e+00,3.810340e-11,1.474447e-09,1.474447e-11
4.674690e+00,3.853373e-11,1.512769e-09,1.512769e-11
4.677203e+00,3.911388e-11,1.552649e-09,1.552649e-11
4.679716e+00,3.984967e-11,1.593884e-09,1.593884e-11
4.682230e+00,4.073875e-11,1.636468e-09,1.636468e-11
4.684743e+00,4.177537e-11,1.680567e-09,1.680567e-11
4.687256e+00,4.294495e-11,1.726384e-09,1.726384e-11
4.689770e+00,4.422595e-11,1.774040e-09,1.774040e-11
4.692283e+00,4.559439e-11,1.823494e-09,1.823494e-11
4.694796e+00,4.702242e-11,1.874457e-09,1.874457e-11
4.697309e+00,4.847964e-11,1.926331e-09,1.926331e-11
4.699823e+00,4.993367e-11,1.978235e-09,1.978235e-11
4.702336e+00,5.135368e-11,2.029147e-09,2.029147e-11
4.704849e+00,5.271348e-11,2.078113e-09,2.078113e-11
4.707362e+00,5.398981e-11,2.124358e-09,2.124358e-11
4.709876e+00,5.516360e-11,2.167327e-09,2.167327e-11
4.712389e+00,5.622083e-11,2.206735e-09,2.206735e-11
4.714902e+00,5.715179e-11,2.242627e-09,2.242627e-11
4.717416e+00,5.795218e-11,2.275360e-09,2.275360e-11
4.719929e+00,5.862251e-11,2.305470e-09,2.305470e-11
4.722442e+00,5.916848e-11,2.333580e-09,2.333580e-11
4.724955e+00,5.959836e-11,2.360302e-09,2.360302e-11
4.727469e+00,5.991996e-11,2.386052e-09,2.386052e-11
4.729982e+00,6.014312e-11,2.410937e-09,2.410937e-11
4.732495e+00,6.027890e-11,2.434805e-09,2.434805e-11
4.735008e+00,6.033741e-11,2.457300e-09,2.457300e-11
4.737522e+00,6.032729e-11,2.477795e-09,2.477795e-11
4.740035e+00,6.025463e-11,2.495403e-09,2.495403e-11
4.742548e+00,6.012447e-11,2.509214e-09,2.509214e-11
4.745062e+00,5.993976e-11,2.518387e-09,2.518387e-11
4.747575e+00,5.969885e-11,2.522089e-09,2.522089e-11
4.750088e+00,5.939918e-11,2.519606e-09,2.519606e-11
4.752601e+00,5.903764e-11,2.510517e-09,2.510517e-11
4.755115e+00,5.860952e-11,2.494604e-09,2.494604e-11
4.757628e+00,5.810992e-11,2.471793e-09,2.471793e-11
4.760141e+00,5.753398e-11,2.442244e-09,2.442244e-11
4.762654e+00,5.687621e-11,2.406338e-09,2.406338e-11
4.765168e+00,5.613143e-11,2.364578e-09,2.364578e-11
4.767681e+00,5.529908e-11,2.317621e-09,2.317621e-11
4.770194e+00,5.438056e-11,2.266256e-09,2.266256e-11
4.772708e+00,5.337759e-11,2.211318e-09,2.211318e-11
4.775221e+00,5.229707e-11,2.153735e-09,2.153735e-11
4.777734e+00,5.114870e-11,2.094527e-09,2.094527e-11
4.780247e+00,4.994315e-11,2.034672e-09,2.034672e-11
4.782761e+00,4.869526e-11,1.975128e-09,1.975128e-11
4.785274e+00,4.742325e-11,1.916898e-09,1.916898e-11
4.787787e+00,4.614620e-11,1.860934e-09,1.860934e-11
4.790300e+00,4.488362e-11,1.808026e-09,1.808026e-11
4.792814e+00,4.365565e-11,1.758801e-09,1.758801e-11
4.795327e+00,4.248272e-11,1.713738e-09,1.713738e-11
4.797840e+00,4.138264e-11,1.673142e-09,1.673142e-11
4.800354e+00,4.037182e-11,1.637096e-09,1.637096e-11
4.802867e+00,3.946307e-11,1.605461e-09,1.605461e-11
4.805380e+00,3.866365e-11,1.577973e-09,1.577973e-11
4.807893e+00,3.797890e-11,1.554303e-09,1.554303e-11
4.810407e+00,3.741033e-11,1.534058e-09,1.534058e-11
4.812920e+00,3.695625e-11,1.516828e-09,1.516828e-11
4.815433e+00,3.661074e-11,1.502244e-09,1.502244e-11
4.817946e+00,3.636452e-11,1.489988e-09,1.489988e-11
4.820460e+00,3.620803e-11,1.479776e-09,1.479776e-11
4.822973e+00,3.612999e-11,1.471389e-09,1.471389e-11
4.825486e+00,3.611819e-11,1.464680e-09,1.464680e-11
4.828000e+00,3.616205e-11,1.459526e-09,1.459526e-11
4.830513e+00,3.625259e-11,1.455840e-09,1.455840e-11
4.833026e+00,3.638252e-11,1.453569e-09,1.453569e-11
4.835539e+00,3.654500e-11,1.452642e-09,1.452642e-11
4.838053e+00,3.673441e-11,1.453004e-09,1.453004e-11
4.840566e+00,3.694966e-11,1.454664e-09,1.454664e-11
4.843079e+00,3.718873e-11,1.457604e-09,1.457604e-11
4.845593e+00,3.745004e-11,1.461780e-09,1.461780e-11
4.848106e+00,3.773544e-11,1.467179e-09,1.467179e-11
4.850619e+00,3.804504e-11,1.473797e-09,1.473797e-11
4.853132e+00,3.837717e-11,1.481623e-09,1.481623e-11
4.855646e+00,3.873152e-11,1.490627e-09,1.490627e-11
4.858159e+00,3.910647e-11,1.500739e-09,1.500739e-11
4.860672e+00,3.949902e-11,1.511895e-09,1.511895e-11
4.863185e+00,3.990734e-11,1.524067e-09,1.524067e-11
4.865699e+00,4.032950e-11,1.537186e-09,1.537186e-11
4.868212e+00,4.076336e-11,1.551083e-09,1.551083e-11
4.870725e+00,4.120514e-11,1.565557e-09,1.565557e-11
4.873239e+00,4.165310e-11,1.580451e-09,1.580451e-11
4.875752e+00,4.210939e-11,1.595610e-09,1.595610e-11
4.878265e+00,4.257336e-11,1.610789e-09,1.610789e-11
4.880778e+00,4.304316e-11,1.625692e-09,1.625692e-11
4.883292e+00,4.351800e-11,1.640047e-09,1.640047e-11
4.885805e+00,4.399602e-11,1.653598e-09,1.653598e-11
4.888318e+00,4.447481e-11,1.666112e-09,1.666112e-11
4.890831e+00,4.495039e-11,1.677413e-09,1.677413e-11
4.893345e+00,4.541586e-11,1.687339e-09,1.687339e-11
4.895858e+00,4.586049e-11,1.695698e-09,1.695698e-11
4.898371e+00,4.627264e-11,1.702321e-09,1.702321e-11
4.900885e+00,4.664073e-11,1.707053e-09,1.707053e-11
4.903398e+00,4.694989e-11,1.709678e-09,1.709678e-11
4.905911e+00,4.718403e-11,1.709907e-09,1.709907e-11
4.908424e+00,4.733025e-11,1.707451e-09,1.707451e-11
4.910938e+00,4.737699e-11,1.702016e-09,1.702016e-11
4.913451e+00,4.731328e-11,1.693337e-09,1.693337e-11
4.915964e+00,4.713322e-11,1.681312e-09,1.681312e-11
4.918477e+00,4.683723e-11,1.666041e-09,1.666041e-11
4.920991e+00,4.643021e-11,1.647773e-09,1.647773e-11
4.923504e+00,4.592128e-11,1.626924e-09,1.626924e-11
4.926017e+00,4.532364e-11,1.604087e-09,1.604087e-11
4.928531e+00,4.465513e-11,1.579981e-09,1.579981e-11
4.931044e+00,4.393813e-11,1.555357e-09,1.555357e-11
4.933557e+00,4.319569e-11,1.530880e-09,1.530880e-11
4.936070e+00,4.245058e-11,1.507044e-09,1.507044e-11
4.938584e+00,4.172466e-11,1.484173e-09,1.484173e-11
4.941097e+00,4.103837e-11,1.462430e-09,1.462430e-11
4.943610e+00,4.040813e-11,1.441788e-09,1.441788e-11
4.946123e+00,3.984577e-11,1.422139e-09,1.422139e-11
4.948637e+00,3.936011e-11,1.403418e-09,1.403418e-11
4.951150e+00,3.895445e-11,1.385575e-09,1.385575e-11
4.953663e+00,3.862691e-11,1.368574e-09,1.368574e-11
4.956177e+00,3.837126e-11,1.352450e-09,1.352450e-11
4.958690e+00,3.817795e-11,1.337311e-09,1.337311e-11
4.961203e+00,3.803443e-11,1.323302e-09,1.323302e-11
4.963716e+00,3.792704e-11,1.310554e-09,1.310554e-11
4.966230e+00,3.784288e-11,1.299085e-09,1.299085e-11
4.968743e+00,3.776958e-11,1.288842e-09,1.288842e-11
4.971256e+00,3.769350e-11,1.279724e-09,1.279724e-11
4.973769e+00,3.760473e-11,1.271539e-09,1.271539e-11
4.976283e+00,3.749842e-11,1.264074e-09,1.264074e-11
4.978796e+00,3.736883e-11,1.257157e-09,1.257157e-11
4.981309e+00,3.721382e-11,1.250604e-09,1.250604e-11
4.983823e+00,3.703348e-11,1.244285e-09,1.244285e-11
4.986336e+00,3.683181e-11,1.238204e-09,1.238204e-11
4.988849e+00,3.661517e-11,1.232399e-09,1.232399e-11
4.991362e+00,3.638697e-11,1.226901e-09,1.226901e-11
4.993876e+00,3.615473e-11,1.221794e-09,1.221794e-11
4.996389e+00,3.592565e-11,1.217172e-09,1.217172e-11
4.998902e+00,3.570435e-11,1.213116e-09,1.213116e-11
5.001416e+00,3.549753e-11,1.209720e-09,1.209720e-11
5.003929e+00,3.530997e-11,1.207072e-09,1.207072e-11
5.006442e+00,3.514425e-11,1.205240e-09,1.205240e-11
5.008955e+00,3.500378e-11,1.204277e-09,1.204277e-11
5.011469e+00,3.488965e-11,1.204218e-09,1.204218e-11
5.013982e+00,3.480093e-11,1.205112e-09,1.205112e-11
5.016495e+00,3.473736e-11,1.207019e-09,1.207019e-11
5.019008e+00,3.469787e-11,1.209986e-09,1.209986e-11
5.021522e+00,3.468128e-11,1.214064e-09,1.214064e-11
5.024035e+00,3.468655e-11,1.219325e-09,1.219325e-11
5.026548e+00,3.471257e-11,1.225822e-09,1.225822e-11
5.029062e+00,3.475929e-11,1.233565e-09,1.233565e-11
5.031575e+00,3.482711e-11,1.242574e-09,1.242574e-11
5.034088e+00,3.491741e-11,1.252909e-09,1.252909e-11
5.036601e+00,3.503395e-11,1.264616e-09,1.264616e-11
5.039115e+00,3.517898e-11,1.277669e-09,1.277669e-11
5.041628e+00,3.535420e-11,1.292037e-09,1.292037e-11
5.044141e+00,3.556355e-11,1.307735e-09,1.307735e-11
5.046654e+00,3.580950e-11,1.324764e-09,1.324764e-11
5.049168e+00,3.609384e-11,1.343066e-09,1.343066e-11
5.051681e+00,3.641705e-11,1.362578e-09,1.362578e-11
5.054194e+00,3.677736e-11,1.383253e-09,1.383253e-11
5.056708e+00,3.717216e-11,1.405012e-09,1.405012e-11
5.059221e+00,3.759822e-11,1.427724e-09,1.427724e-11
5.061734e+00,3.805026e-11,1.451241e-09,1.451241e-11
5.064247e+00,3.852147e-11,1.475380e-09,1.475380e-11
5.066761e+00,3.900438e-11,1.499913e-09,1.499913e-11
5.069274e+00,3.949229e-11,1.524611e-09,1.524611e-11
5.071787e+00,3.997899e-11,1.549255e-09,1.549255e-11
5.074300e+00,4.045849e-11,1.573639e-09,1.573639e-11
5.076814e+00,4.092898e-11,1.597599e-09,1.597599e-11
5.079327e+00,4.138908e-11,1.620999e-09,1.620999e-11
5.081840e+00,4.183920e-11,1.643693e-09,1.643693e-11
5.084354e+00,4.228257e-11,1.665565e-09,1.665565e-11
5.086867e+00,4.272229e-11,1.686542e-09,1.686542e-11
5.089380e+00,4.316362e-11,1.706552e-09,1.706552e-11
5.091893e+00,4.361202e-11,1.725508e-09,1.725508e-11
5.094407e+00,4.407232e-11,1.743318e-09,1.743318e-11
5.096920e+00,4.454804e-11,1.759881e-09,1.759881e-11
5.099433e+00,4.503896e-11,1.775107e-09,1.775107e-11
5.101946e+00,4.554353e-11,1.788911e-09,1.788911e-11
5.104460e+00,4.605754e-11,1.801181e-09,1.801181e-11
5.106973e+00,4.657215e-11,1.811799e-09,1.811799e-11
5.109486e+00,4.707799e-11,1.820638e-09,1.820638e-11
5.112000e+00,4.756268e-11,1.827524e-09,1.827524e-11
5.114513e+00,4.801257e-11,1.832258e-09,1.832258e-11
5.117026e+00,4.841565e-11,1.834623e-09,1.834623e-11
5.119539e+00,4.875995e-11,1.834384e-09,1.834384e-11
5.122053e+00,4.903697e-11,1.831399e-09,1.831399e-11
5.124566e+00,4.924269e-11,1.825670e-09,1.825670e-11
5.127079e+00,4.937617e-11,1.817357e-09,1.817357e-11
5.129592e+00,4.944118e-11,1.806803e-09,1.806803e-11
5.132106e+00,4.944678e-11,1.794505e-09,1.794505e-11
5.134619e+00,4.940646e-11,1.781091e-09,1.781091e-11
5.137132e+00,4.933733e-11,1.767295e-09,1.767295e-11
5.139646e+00,4.925784e-11,1.753847e-09,1.753847e-11
5.142159e+00,4.918699e-11,1.741354e-09,1.741354e-11
5.144672e+00,4.914116e-11,1.730266e-09,1.730266e-11
5.147185e+00,4.913611e-11,1.720910e-09,1.720910e-11
5.149699e+00,4.918374e-11,1.713503e-09,1.713503e-11
5.152212e+00,4.928804e-11,1.708101e-09,1.708101e-11
5.154725e+00,4.944742e-11,1.704597e-09,1.704597e-11
5.157239e+00,4.965294e-11,1.702809e-09,1.702809e-11
5.159752e+00,4.989203e-11,1.702501e-09,1.702501e-11
5.162265e+00,5.014526e-11,1.703289e-09,1.703289e-11
5.164778e+00,5.038733e-11,1.704572e-09,1.704572e-11
5.167292e+00,5.059299e-11,1.705580e-09,1.705580e-11
5.169805e+00,5.073348e-11,1.705392e-09,1.705392e-11
5.172318e+00,5.078224e-11,1.702957e-09,1.702957e-11
5.174831e+00,5.071746e-11,1.697225e-09,1.697225e-11
5.177345e+00,5.052028e-11,1.687263e-09,1.687263e-11
5.179858e+00,5.017706e-11,1.672341e-09,1.672341e-11
5.182371e+00,4.968016e-11,1.652061e-09,1.652061e-11
5.184885e+00,4.903226e-11,1.626478e-09,1.626478e-11
5.187398e+00,4.824277e-11,1.596100e-09,1.596100e-11
5.189911e+00,4.732528e-11,1.561840e-09,1.561840e-11
5.192424e+00,4.630212e-11,1.524977e-09,1.524977e-11
5.194938e+00,4.519907e-11,1.487049e-09,1.487049e-11
5.197451e+00,4.404370e-11,1.449665e-09,1.449665e-11
5.199964e+00,4.286683e-11,1.414367e-09,1.414367e-11
5.202477e+00,4.169890e-11,1.382516e-09,1.382516e-11
5.204991e+00,4.056909e-11,1.355131e-09,1.355131e-11
5.207504e+00,3.950306e-11,1.332778e-09,1.332778e-11
5.210017e+00,3.852185e-11,1.315596e-09,1.315596e-11
5.212531e+00,3.764212e-11,1.303317e-09,1.303317e-11
5.215044e+00,3.687636e-11,1.295370e-09,1.295370e-11
5.217557e+00,3.623237e-11,1.291043e-09,1.291043e-11
5.220070e+00,3.571195e-11,1.289506e-09,1.289506e-11
5.222584e+00,3.531166e-11,1.289866e-09,1.289866e-11
5.225097e+00,3.502426e-11,1.291322e-09,1.291322e-11
5.227610e+00,3.484127e-11,1.293220e-09,1.293220e-11
5.230123e+00,3.474972e-11,1.295010e-09,1.295010e-11
5.232637e+00,3.473406e-11,1.296240e-09,1.296240e-11
5.235150e+00,3.477926e-11,1.296550e-09,1.296550e-11
5.237663e+00,3.486903e-11,1.295662e-09,1.295662e-11
5.240177e+00,3.498747e-11,1.293390e-09,1.293390e-11
5.242690e+00,3.511918e-11,1.289616e-09,1.289616e-11
5.245203e+00,3.525082e-11,1.284251e-09,1.284251e-11
5.247716e+00,3.536843e-11,1.277234e-09,1.277234e-11
5.250230e+00,3.546040e-11,1.268549e-09,1.268549e-11
5.252743e+00,3.551912e-11,1.258214e-09,1.258214e-11
5.255256e+00,3.553685e-11,1.246284e-09,1.246284e-11
5.257769e+00,3.550767e-11,1.232852e-09,1.232852e-11
5.260283e+00,3.542754e-11,1.218045e-09,1.218045e-11
5.262796e+00,3.529498e-11,1.202046e-09,1.202046e-11
5.265309e+00,3.511023e-11,1.185111e-09,1.185111e-11
5.267823e+00,3.487573e-11,1.167565e-09,1.167565e-11
5.270336e+00,3.459672e-11,1.149819e-09,1.149819e-11
5.272849e+00,3.427917e-11,1.132358e-09,1.132358e-11
5.275362e+00,3.393086e-11,1.115686e-09,1.115686e-11
5.277876e+00,3.356094e-11,1.100329e-09,1.100329e-11
5.280389e+00,3.317954e-11,1.086846e-09,1.086846e-11
5.282902e+00,3.279803e-11,1.075780e-09,1.075780e-11
5.285415e+00,3.242741e-11,1.067598e-09,1.067598e-11
5.287929e+00,3.208049e-11,1.062660e-09,1.062660e-11
5.290442e+00,3.176844e-11,1.061183e-09,1.061183e-11
5.292955e+00,3.149866e-11,1.063220e-09,1.063220e-11
5.295469e+00,3.128002e-11,1.068689e-09,1.068689e-11
5.297982e+00,3.111923e-11,1.077381e-09,1.077381e-11
5.300495e+00,3.101771e-11,1.088928e-09,1.088928e-11
5.303008e+00,3.097475e-11,1.102853e-09,1.102853e-11
5.305522e+00,3.098784e-11,1.118649e-09,1.118649e-11
5.308035e+00,3.105013e-11,1.135715e-09,1.135715e-11
5.310548e+00,3.114973e-11,1.153327e-09,1.153327e-11
5.313061e+00,3.127247e-11,1.170709e-09,1.170709e-11
5.315575e+00,3.140394e-11,1.187037e-09,1.187037e-11
5.318088e+00,3.152661e-11,1.201389e-09,1.201389e-11
5.320601e+00,3.162223e-11,1.212776e-09,1.212776e-11
5.323115e+00,3.167324e-11,1.220217e-09,1.220217e-11
5.325628e+00,3.166311e-11,1.222796e-09,1.222796e-11
5.328141e+00,3.158031e-11,1.219725e-09,1.219725e-11
5.330654e+00,3.141470e-11,1.210391e-09,1.210391e-11
5.333168e+00,3.116135e-11,1.194446e-09,1.194446e-11
5.335681e+00,3.082158e-11,1.171881e-09,1.171881e-11
5.338194e+00,3.040079e-11,1.143033e-09,1.143033e-11
5.340708e+00,2.990891e-11,1.108577e-09,1.108577e-11
5.343221e+00,2.936108e-11,1.069514e-09,1.069514e-11
5.345734e+00,2.877770e-11,1.027118e-09,1.027118e-11
5.348247e+00,2.817933e-11,9.828744e-10,9.828744e-12
5.350761e+00,2.758993e-11,9.384073e-10,9.384073e-12
5.353274e+00,2.703284e-11,8.953365e-10,8.953365e-12
5.355787e+00,2.652793e-11,8.551918e-10,8.551918e-12
5.358300e+00,2.609506e-11,8.193926e-10,8.193926e-12
5.360814e+00,2.575089e-11,7.891665e-10,7.891665e-12
5.363327e+00,2.550710e-11,7.654281e-10,7.654281e-12
5.365840e+00,2.536913e-11,7.487254e-10,7.487254e-12
5.368354e+00,2.533931e-11,7.392522e-10,7.392522e-12
5.370867e+00,2.541601e-11,7.367971e-10,7.367971e-12
5.373380e+00,2.559165e-11,7.407320e-10,7.407320e-12
5.375893e+00,2.585694e-11,7.501392e-10,7.501392e-12
5.378407e+00,2.620051e-11,7.639227e-10,7.639227e-12
5.380920e+00,2.660909e-11,7.809001e-10,7.809001e-12
5.383433e+00,2.706979e-11,7.999295e-10,7.999295e-12
5.385946e+00,2.757007e-11,8.200227e-10,8.200227e-12
5.388460e+00,2.809946e-11,8.403918e-10,8.403918e-12
5.390973e+00,2.864869e-11,8.604556e-10,8.604556e-12
5.393486e+00,2.920889e-11,8.798365e-10,8.798365e-12
5.396000e+00,2.977483e-11,8.983436e-10,8.983436e-12
5.398513e+00,3.034293e-11,9.159463e-10,9.159463e-12
5.401026e+00,3.090918e-11,9.327063e-10,9.327063e-12
5.403539e+00,3.147085e-11,9.487046e-10,9.487046e-12
5.406053e+00,3.202538e-11,9.640172e-10,9.640172e-12
5.408566e+00,3.256979e-11,9.787070e-10,9.787070e-12
5.411079e+00,3.309986e-11,9.928001e-10,9.928001e-12
5.413592e+00,3.361056e-11,1.006263e-09,1.006263e-11
5.416106e+00,3.409766e-11,1.019039e-09,1.019039e-11
5.418619e+00,3.455537e-11,1.031073e-09,1.031073e-11
5.421132e+00,3.497838e-11,1.042295e-09,1.042295e-11
5.423646e+00,3.536258e-11,1.052625e-09,1.052625e-11
5.426159e+00,3.570292e-11,1.062008e-09,1.062008e-11
5.428672e+00,3.599667e-11,1.070455e-09,1.070455e-11
5.431185e+00,3.624314e-11,1.078047e-09,1.078047e-11
5.433699e+00,3.644370e-11,1.084895e-09,1.084895e-11
5.436212e+00,3.660191e-11,1.091154e-09,1.091154e-11
5.438725e+00,3.672133e-11,1.097046e-09,1.097046e-11
5.441238e+00,3.680891e-11,1.102842e-09,1.102842e-11
5.443752e+00,3.687243e-11,1.108794e-09,1.108794e-11
5.446265e+00,3.691797e-11,1.115124e-09,1.115124e-11
5.448778e+00,3.695466e-11,1.122061e-09,1.122061e-11
5.451292e+00,3.699020e-11,1.129801e-09,1.129801e-11
5.453805e+00,3.702886e-11,1.138448e-09,1.138448e-11
5.456318e+00,3.707578e-11,1.148042e-09,1.148042e-11
5.458831e+00,3.713353e-11,1.158554e-09,1.158554e-11
5.461345e+00,3.720265e-11,1.169877e-09,1.169877e-11
5.463858e+00,3.728303e-11,1.181864e-09,1.181864e-11
5.466371e+00,3.737152e-11,1.194311e-09,1.194311e-11
5.468884e+00,3.746487e-11,1.206980e-09,1.206980e-11
5.471398e+00,3.756006e-11,1.219655e-09,1.219655e-11
5.473911e+00,3.765285e-11,1.232115e-09,1.232115e-11
5.476424e+00,3.773900e-11,1.244127e-09,1.244127e-11
5.478938e+00,3.781552e-11,1.255511e-09,1.255511e-11
5.481451e+00,3.788054e-11,1.266156e-09,1.266156e-11
5.483964e+00,3.793318e-11,1.275961e-09,1.275961e-11
5.486477e+00,3.797401e-11,1.284854e-09,1.284854e-11
5.488991e+00,3.800505e-11,1.292839e-09,1.292839e-11
5.491504e+00,3.803062e-11,1.299949e-09,1.299949e-11
5.494017e+00,3.805545e-11,1.306198e-09,1.306198e-11
5.496531e+00,3.808508e-11,1.311627e-09,1.311627e-11
5.499044e+00,3.812635e-11,1.316322e-09,1.316322e-11
5.501557e+00,3.818629e-11,1.320394e-09,1.320394e-11
5.504070e+00,3.827201e-11,1.323984e-09,1.323984e-11
5.506584e+00,3.838997e-11,1.327278e-09,1.327278e-11
5.509097e+00,3.854553e-11,1.330503e-09,1.330503e-11
5.511610e+00,3.874212e-11,1.333944e-09,1.333944e-11
5.514123e+00,3.898237e-11,1.337933e-09,1.337933e-11
5.516637e+00,3.926571e-11,1.342793e-09,1.342793e-11
5.519150e+00,3.958914e-11,1.348788e-09,1.348788e-11
5.521663e+00,3.994780e-11,1.356104e-09,1.356104e-11
5.524177e+00,4.033297e-11,1.364794e-09,1.364794e-11
5.526690e+00,4.073497e-11,1.374745e-09,1.374745e-11
5.529203e+00,4.114217e-11,1.385656e-09,1.385656e-11
5.531716e+00,4.154112e-11,1.397026e-09,1.397026e-11
5.534230e+00,4.191766e-11,1.408232e-09,1.408232e-11
5.536743e+00,4.225806e-11,1.418635e-09,1.418635e-11
5.539256e+00,4.255065e-11,1.427671e-09,1.427671e-11
5.541769e+00,4.278702e-11,1.434931e-09,1.434931e-11
5.544283e+00,4.296210e-11,1.440234e-09,1.440234e-11
5.546796e+00,4.307290e-11,1.443668e-09,1.443668e-11
5.549309e+00,4.312203e-11,1.445593e-09,1.445593e-11
5.551823e+00,4.311707e-11,1.446573e-09,1.446573e-11
5.554336e+00,4.306902e-11,1.447266e-09,1.447266e-11
5.556849e+00,4.299241e-11,1.448305e-09,1.448305e-11
5.559362e+00,4.290318e-11,1.450173e-09,1.450173e-11
5.561876e+00,4.281969e-11,1.453128e-09,1.453128e-11
5.564389e+00,4.275958e-11,1.457181e-09,1.457181e-11
5.566902e+00,4.273825e-11,1.462134e-09,1.462134e-11
5.569415e+00,4.276915e-11,1.467627e-09,1.467627e-11
5.571929e+00,4.285988e-11,1.473271e-09,1.473271e-11
5.574442e+00,4.301358e-11,1.478787e-09,1.478787e-11
5.576955e+00,4.323002e-11,1.484048e-09,1.484048e-11
5.579469e+00,4.350173e-11,1.489057e-09,1.489057e-11
5.581982e+00,4.381551e-11,1.493943e-09,1.493943e-11
5.584495e+00,4.415754e-11,1.498904e-09,1.498904e-11
5.587008e+00,4.451110e-11,1.504118e-09,1.504118e-11
5.589522e+00,4.485813e-11,1.509665e-09,1.509665e-11
5.592035e+00,4.518233e-11,1.515443e-09,1.515443e-11
5.594548e+00,4.546739e-11,1.521180e-09,1.521180e-11
5.597061e+00,4.570285e-11,1.526556e-09,1.526556e-11
5.599575e+00,4.588441e-11,1.531265e-09,1.531265e-11
5.602088e+00,4.601080e-11,1.535008e-09,1.535008e-11
5.604601e+00,4.608564e-11,1.537543e-09,1.537543e-11
5.607115e+00,4.611748e-11,1.538774e-09,1.538774e-11
5.609628e+00,4.611930e-11,1.538764e-09,1.538764e-11
5.612141e+00,4.610643e-11,1.537664e-09,1.537664e-11
5.614654e+00,4.609366e-11,1.535651e-09,1.535651e-11
5.617168e+00,4.609718e-11,1.532989e-09,1.532989e-11
5.619681e+00,4.613138e-11,1.530028e-09,1.530028e-11
5.622194e+00,4.620416e-11,1.527101e-09,1.527101e-11
5.624707e+00,4.632045e-11,1.524586e-09,1.524586e-11
5.627221e+00,4.648123e-11,1.522999e-09,1.522999e-11
5.629734e+00,4.668250e-11,1.522902e-09,1.522902e-11
5.632247e+00,4.691439e-11,1.524811e-09,1.524811e-11
5.634761e+00,4.716440e-11,1.529180e-09,1.529180e-11
5.637274e+00,4.741759e-11,1.536316e-09,1.536316e-11
5.639787e+00,4.765427e-11,1.546277e-09,1.546277e-11
5.642300e+00,4.785633e-11,1.558859e-09,1.558859e-11
5.644814e+00,4.800720e-11,1.573608e-09,1.573608e-11
5.647327e+00,4.809094e-11,1.589833e-09,1.589833e-11
5.649840e+00,4.809506e-11,1.606671e-09,1.606671e-11
5.652354e+00,4.801115e-11,1.623136e-09,1.623136e-11
5.654867e+00,4.783272e-11,1.638178e-09,1.638178e-11
5.657380e+00,4.755693e-11,1.650817e-09,1.650817e-11
5.659893e+00,4.718587e-11,1.660204e-09,1.660204e-11
5.662407e+00,4.672515e-11,1.665626e-09,1.665626e-11
5.664920e+00,4.618207e-11,1.666525e-09,1.666525e-11
5.667433e+00,4.556450e-11,1.662511e-09,1.662511e-11
5.669946e+00,4.488305e-11,1.653383e-09,1.653383e-11
5.672460e+00,4.414832e-11,1.639130e-09,1.639130e-11
5.674973e+00,4.337048e-11,1.619886e-09,1.619886e-11
5.677486e+00,4.255980e-11,1.595928e-09,1.595928e-11
5.680000e+00,4.172652e-11,1.567677e-09,1.567677e-11
5.682513e+00,4.087963e-11,1.535633e-09,1.535633e-11
5.685026e+00,4.002695e-11,1.500359e-09,1.500359e-11
5.687539e+00,3.917772e-11,1.462477e-09,1.462477e-11
5.690053e+00,3.833773e-11,1.422604e-09,1.422604e-11
5.692566e+00,3.751222e-11,1.381297e-09,1.381297e-11
5.695079e+00,3.670736e-11,1.339091e-09,1.339091e-11
5.697592e+00,3.592738e-11,1.296496e-09,1.296496e-11
5.700106e+00,3.517627e-11,1.253946e-09,1.253946e-11
5.702619e+00,3.445607e-11,1.211792e-09,1.211792e-11
5.705132e+00,3.376709e-11,1.170334e-09,1.170334e-11
5.707646e+00,3.311068e-11,1.129843e-09,1.129843e-11
5.710159e+00,3.248599e-11,1.090553e-09,1.090553e-11
5.712672e+00,3.188961e-11,1.052685e-09,1.052685e-11
5.715185e+00,3.131841e-11,1.016467e-09,1.016467e-11
5.717699e+00,3.076844e-11,9.821709e-10,9.821709e-12
5.720212e+00,3.023634e-11,9.501277e-10,9.501277e-12
5.722725e+00,2.971918e-11,9.207104e-10,9.207104e-12
5.725238e+00,2.921411e-11,8.943371e-10,8.943371e-12
5.727752e+00,2.871970e-11,8.714579e-10,8.714579e-12
5.730265e+00,2.823701e-11,8.524957e-10,8.524957e-12
5.732778e+00,2.776976e-11,8.378326e-10,8.378326e-12
5.735292e+00,2.732384e-11,8.277242e-10,8.277242e-12
5.737805e+00,2.690752e-11,8.222032e-10,8.222032e-12
5.740318e+00,2.653258e-11,8.211132e-10,8.211132e-12
5.742831e+00,2.621409e-11,8.240519e-10,8.240519e-12
5.745345e+00,2.596769e-11,8.303267e-10,8.303267e-12
5.747858e+00,2.581108e-11,8.391037e-10,8.391037e-12
5.750371e+00,2.576417e-11,8.494928e-10,8.494928e-12
5.752884e+00,2.584563e-11,8.606058e-10,8.606058e-12
5.755398e+00,2.607356e-11,8.717523e-10,8.717523e-12
5.757911e+00,2.646372e-11,8.825864e-10,8.825864e-12
5.760424e+00,2.702731e-11,8.931868e-10,8.931868e-12
5.762938e+00,2.777266e-11,9.041784e-10,9.041784e-12
5.765451e+00,2.870403e-11,9.167741e-10,9.167741e-12
5.767964e+00,2.981764e-11,9.326888e-10,9.326888e-12
5.770477e+00,3.110394e-11,9.539956e-10,9.539956e-12
5.772991e+00,3.254858e-11,9.828044e-10,9.828044e-12
5.775504e+00,3.412767e-11,1.020812e-09,1.020812e-11
5.778017e+00,3.581163e-11,1.068971e-09,1.068971e-11
5.780530e+00,3.756623e-11,1.127253e-09,1.127253e-11
5.783044e+00,3.935224e-11,1.194555e-09,1.194555e-11
5.785557e+00,4.112795e-11,1.268845e-09,1.268845e-11
5.788070e+00,4.284812e-11,1.347417e-09,1.347417e-11
5.790584e+00,4.446934e-11,1.427248e-09,1.427248e-11
5.793097e+00,4.595072e-11,1.505280e-09,1.505280e-11
5.795610e+00,4.725310e-11,1.578570e-09,1.578570e-11
5.798123e+00,4.834474e-11,1.644553e-09,1.644553e-11
5.800637e+00,4.920281e-11,1.701219e-09,1.701219e-11
5.803150e+00,4.981060e-11,1.747060e-09,1.747060e-11
5.805663e+00,5.016079e-11,1.781064e-09,1.781064e-11
5.808176e+00,5.025726e-11,1.802787e-09,1.802787e-11
5.810690e+00,5.011202e-11,1.812272e-09,1.812272e-11
5.813203e+00,4.974566e-11,1.809870e-09,1.809870e-11
5.815716e+00,4.918451e-11,1.796190e-09,1.796190e-11
5.818230e+00,4.846316e-11,1.772087e-09,1.772087e-11
5.820743e+00,4.761923e-11,1.738562e-09,1.738562e-11
5.823256e+00,4.668828e-11,1.696666e-09,1.696666e-11
5.825769e+00,4.570849e-11,1.647526e-09,1.647526e-11
5.828283e+00,4.471272e-11,1.592411e-09,1.592411e-11
5.830796e+00,4.372810e-11,1.532789e-09,1.532789e-11
5.833309e+00,4.277935e-11,1.470416e-09,1.470416e-11
5.835823e+00,4.188408e-11,1.407328e-09,1.407328e-11
5.838336e+00,4.105135e-11,1.345650e-09,1.345650e-11
5.840849e+00,4.028305e-11,1.287475e-09,1.287475e-11
5.843362e+00,3.957652e-11,1.234742e-09,1.234742e-11
5.845876e+00,3.892447e-11,1.188923e-09,1.188923e-11
5.848389e+00,3.831547e-11,1.150753e-09,1.150753e-11
5.850902e+00,3.773824e-11,1.120167e-09,1.120167e-11
5.853415e+00,3.718135e-11,1.096309e-09,1.096309e-11
5.855929e+00,3.663380e-11,1.077736e-09,1.077736e-11
5.858442e+00,3.608773e-11,1.062772e-09,1.062772e-11
5.860955e+00,3.553828e-11,1.049817e-09,1.049817e-11
5.863469e+00,3.498547e-11,1.037605e-09,1.037605e-11
5.865982e+00,3.443373e-11,1.025400e-09,1.025400e-11
5.868495e+00,3.388967e-11,1.012969e-09,1.012969e-11
5.871008e+00,3.336233e-11,1.000450e-09,1.000450e-11
5.873522e+00,3.286315e-11,9.882934e-10,9.882934e-12
5.876035e+00,3.240419e-11,9.771578e-10,9.771578e-12
5.878548e+00,3.199523e-11,9.676921e-10,9.676921e-12
5.881061e+00,3.164547e-11,9.604477e-10,9.604477e-12
5.883575e+00,3.136363e-11,9.558787e-10,9.558787e-12
5.886088e+00,3.115413e-11,9.542870e-10,9.542870e-12
5.888601e+00,3.101753e-11,9.558107e-10,9.558107e-12
5.891115e+00,3.095149e-11,9.604722e-10,9.604722e-12
5.893628e+00,3.095115e-11,9.682030e-10,9.682030e-12
5.896141e+00,3.100977e-11,9.788710e-10,9.788710e-12
5.898654e+00,3.111908e-11,9.922801e-10,9.922801e-12
5.901168e+00,3.127022e-11,1.008155e-09,1.008155e-11
5.903681e+00,3.145481e-11,1.026169e-09,1.026169e-11
5.906194e+00,3.166465e-11,1.045961e-09,1.045961e-11
5.908707e+00,3.189193e-11,1.067164e-09,1.067164e-11
5.911221e+00,3.213258e-11,1.089450e-09,1.089450e-11
5.913734e+00,3.238404e-11,1.112523e-09,1.112523e-11
5.916247e+00,3.264308e-11,1.136131e-09,1.136131e-11
5.918761e+00,3.291110e-11,1.160104e-09,1.160104e-11
5.921274e+00,3.319161e-11,1.184331e-09,1.184331e-11
5.923787e+00,3.348587e-11,1.208709e-09,1.208709e-11
5.926300e+00,3.379613e-11,1.233143e-09,1.233143e-11
5.928814e+00,3.412591e-11,1.257551e-09,1.257551e-11
5.931327e+00,3.447756e-11,1.281808e-09,1.281808e-11
5.933840e+00,3.485232e-11,1.305732e-09,1.305732e-11
5.936353e+00,3.525154e-11,1.329090e-09,1.329090e-11
5.938867e+00,3.567449e-11,1.351580e-09,1.351580e-11
5.941380e+00,3.611943e-11,1.372855e-09,1.372855e-11
5.943893e+00,3.658400e-11,1.392530e-09,1.392530e-11
5.946407e+00,3.706266e-11,1.410190e-09,1.410190e-11
5.948920e+00,3.755103e-11,1.425445e-09,1.425445e-11
5.951433e+00,3.804464e-11,1.437954e-09,1.437954e-11
5.953946e+00,3.853642e-11,1.447429e-09,1.447429e-11
5.956460e+00,3.901991e-11,1.453656e-09,1.453656e-11
5.958973e+00,3.948840e-11,1.456524e-09,1.456524e-11
5.961486e+00,3.993447e-11,1.456040e-09,1.456040e-11
5.963999e+00,4.035177e-11,1.452336e-09,1.452336e-11
5.966513e+00,4.073473e-11,1.445663e-09,1.445663e-11
5.969026e+00,4.107772e-11,1.436360e-09,1.436360e-11
5.971539e+00,4.137501e-11,1.424835e-09,1.424835e-11
5.974053e+00,4.162153e-11,1.411557e-09,1.411557e-11
5.976566e+00,4.181479e-11,1.397031e-09,1.397031e-11
5.979079e+00,4.195298e-11,1.381764e-09,1.381764e-11
5.981592e+00,4.203478e-11,1.366233e-09,1.366233e-11
5.984106e+00,4.206101e-11,1.350864e-09,1.350864e-11
5.986619e+00,4.203351e-11,1.336028e-09,1.336028e-11
5.989132e+00,4.195508e-11,1.322008e-09,1.322008e-11
5.991646e+00,4.182994e-11,1.309003e-09,1.309003e-11
5.994159e+00,4.166323e-11,1.297170e-09,1.297170e-11
5.996672e+00,4.146175e-11,1.286623e-09,1.286623e-11
5.999185e+00,4.123306e-11,1.277399e-09,1.277399e-11
6.001699e+00,4.098258e-11,1.269490e-09,1.269490e-11
6.004212e+00,4.071752e-11,1.262885e-09,1.262885e-11
6.006725e+00,4.044659e-11,1.257572e-09,1.257572e-11
6.009238e+00,4.017694e-11,1.253513e-09,1.253513e-11
6.011752e+00,3.991564e-11,1.250641e-09,1.250641e-11
6.014265e+00,3.966871e-11,1.248883e-09,1.248883e-11
6.016778e+00,3.944183e-11,1.248157e-09,1.248157e-11
6.019292e+00,3.924048e-11,1.248372e-09,1.248372e-11
6.021805e+00,3.906895e-11,1.249414e-09,1.249414e-11
6.024318e+00,3.893006e-11,1.251125e-09,1.251125e-11
6.026831e+00,3.882391e-11,1.253342e-09,1.253342e-11
6.029345e+00,3.875035e-11,1.255963e-09,1.255963e-11
6.031858e+00,3.870744e-11,1.258874e-09,1.258874e-11
6.034371e+00,3.868851e-11,1.261916e-09,1.261916e-11
6.036884e+00,3.868733e-11,1.265003e-09,1.265003e-11
6.039398e+00,3.869602e-11,1.268096e-09,1.268096e-11
6.041911e+00,3.870304e-11,1.271083e-09,1.271083e-11
6.044424e+00,3.869643e-11,1.273817e-09,1.273817e-11
6.046938e+00,3.866446e-11,1.276124e-09,1.276124e-11
6.049451e+00,3.859468e-11,1.277747e-09,1.277747e-11
6.051964e+00,3.847396e-11,1.278416e-09,1.278416e-11
6.054477e+00,3.829319e-11,1.277872e-09,1.277872e-11
6.056991e+00,3.804487e-11,1.275864e-09,1.275864e-11
6.059504e+00,3.772329e-11,1.272210e-09,1.272210e-11
6.062017e+00,3.732922e-11,1.266858e-09,1.266858e-11
6.064530e+00,3.686665e-11,1.259873e-09,1.259873e-11
6.067044e+00,3.634191e-11,1.251404e-09,1.251404e-11
6.069557e+00,3.576533e-11,1.241669e-09,1.241669e-11
6.072070e+00,3.515086e-11,1.230906e-09,1.230906e-11
6.074584e+00,3.451492e-11,1.219328e-09,1.219328e-11
6.077097e+00,3.387492e-11,1.207110e-09,1.207110e-11
6.079610e+00,3.324721e-11,1.194334e-09,1.194334e-11
6.082123e+00,3.264711e-11,1.180970e-09,1.180970e-11
6.084637e+00,3.208772e-11,1.166935e-09,1.166935e-11
6.087150e+00,3.157812e-11,1.152148e-09,1.152148e-11
6.089663e+00,3.112377e-11,1.136566e-09,1.136566e-11
6.092176e+00,3.072677e-11,1.120194e-09,1.120194e-11
6.094690e+00,3.038347e-11,1.103096e-09,1.103096e-11
6.097203e+00,3.008520e-11,1.085392e-09,1.085392e-11
6.099716e+00,2.982306e-11,1.067236e-09,1.067236e-11
6.102230e+00,2.958459e-11,1.048751e-09,1.048751e-11
6.104743e+00,2.935426e-11,1.029978e-09,1.029978e-11
6.107256e+00,2.911810e-11,1.010886e-09,1.010886e-11
6.109769e+00,2.886361e-11,9.913666e-10,9.913666e-12
6.112283e+00,2.857876e-11,9.712239e-10,9.712239e-12
6.114796e+00,2.825444e-11,9.502616e-10,9.502616e-12
6.117309e+00,2.788587e-11,9.283191e-10,9.283191e-12
6.119822e+00,2.747071e-11,9.052684e-10,9.052684e-12
6.122336e+00,2.700874e-11,8.810898e-10,8.810898e-12
6.124849e+00,2.650325e-11,8.558964e-10,8.558964e-12
6.127362e+00,2.596170e-11,8.298749e-10,8.298749e-12
6.129876e+00,2.539123e-11,8.032923e-10,8.032923e-12
6.132389e+00,2.480174e-11,7.764840e-10,7.764840e-12
6.134902e+00,2.420383e-11,7.497789e-10,7.497789e-12
6.137415e+00,2.360545e-11,7.235083e-10,7.235083e-12
6.139929e+00,2.301688e-11,6.979904e-10,6.979904e-12
6.142442e+00,2.244782e-11,6.734815e-10,6.734815e-12
6.144955e+00,2.190607e-11,6.502167e-10,6.502167e-12
6.147469e+00,2.139780e-11,6.284112e-10,6.284112e-12
6.149982e+00,2.092878e-11,6.082439e-10,6.082439e-12
6.152495e+00,2.050521e-11,5.898863e-10,5.898863e-12
6.155008e+00,2.013232e-11,5.734932e-10,5.734932e-12
6.157522e+00,1.981472e-11,5.591987e-10,5.591987e-12
6.160035e+00,1.955594e-11,5.471211e-10,5.471211e-12
6.162548e+00,1.936008e-11,5.373530e-10,5.373530e-12
6.165061e+00,1.923067e-11,5.299699e-10,5.299699e-12
6.167575e+00,1.916976e-11,5.250146e-10,5.250146e-12
6.170088e+00,1.917950e-11,5.224848e-10,5.224848e-12
6.172601e+00,1.926041e-11,5.223678e-10,5.223678e-12
6.175115e+00,1.941223e-11,5.246592e-10,5.246592e-12
6.177628e+00,1.963408e-11,5.293309e-10,5.293309e-12
6.180141e+00,1.992202e-11,5.363338e-10,5.363338e-12
6.182654e+00,2.027123e-11,5.456265e-10,5.456265e-12
6.185168e+00,2.067590e-11,5.571439e-10,5.571439e-12
6.187681e+00,2.112890e-11,5.707693e-10,5.707693e-12
6.190194e+00,2.162077e-11,5.863427e-10,5.863427e-12
6.192707e+00,2.214136e-11,6.036564e-10,6.036564e-12
6.195221e+00,2.268226e-11,6.224194e-10,6.224194e-12
6.197734e+00,2.323155e-11,6.422558e-10,6.422558e-12
6.200247e+00,2.377855e-11,6.627583e-10,6.627583e-12
6.202761e+00,2.431440e-11,6.834786e-10,6.834786e-12
6.205274e+00,2.482878e-11,7.039235e-10,7.039235e-12
6.207787e+00,2.531324e-11,7.235845e-10,7.235845e-12
6.210300e+00,2.575837e-11,7.419698e-10,7.419698e-12
6.212814e+00,2.615945e-11,7.586582e-10,7.586582e-12
6.215327e+00,2.651283e-11,7.732662e-10,7.732662e-12
6.217840e+00,2.681197e-11,7.854618e-10,7.854618e-12
6.220353e+00,2.705729e-11,7.950446e-10,7.950446e-12
6.222867e+00,2.725115e-11,8.019302e-10,8.019302e-12
6.225380e+00,2.739450e-11,8.061397e-10,8.061397e-12
6.227893e+00,2.749253e-11,8.078145e-10,8.078145e-12
6.230407e+00,2.755256e-11,8.072238e-10,8.072238e-12
6.232920e+00,2.758270e-11,8.047573e-10,8.047573e-12
6.235433e+00,2.759265e-11,8.008698e-10,8.008698e-12
6.237946e+00,2.759219e-11,7.960496e-10,7.960496e-12
6.240460e+00,2.759199e-11,7.908228e-10,7.908228e-12
6.242973e+00,2.760310e-11,7.857094e-10,7.857094e-12
6.245486e+00,2.763467e-11,7.811677e-10,7.811677e-12
6.247999e+00,2.769451e-11,7.775987e-10,7.775987e-12
6.250513e+00,2.778943e-11,7.753578e-10,7.753578e-12
6.253026e+00,2.792386e-11,7.747070e-10,7.747070e-12
6.255539e+00,2.809861e-11,7.758150e-10,7.758150e-12
6.258053e+00,2.831373e-11,7.788471e-10,7.788471e-12
6.260566e+00,2.856816e-11,7.839607e-10,7.839607e-12
6.263079e+00,2.885778e-11,7.912300e-10,7.912300e-12
6.265592e+00,2.917879e-11,8.006754e-10,8.006754e-12
6.268106e+00,2.952612e-11,8.122905e-10,8.122905e-12
6.270619e+00,2.989485e-11,8.259977e-10,8.259977e-12
6.273132e+00,3.028242e-11,8.416429e-10,8.416429e-12
6.275645e+00,3.068707e-11,8.590022e-10,8.590022e-12
6.278159e+00,3.110844e-11,8.777607e-10,8.777607e-12
6.280672e+00,3.154588e-11,8.975328e-10,8.975328e-12
6.283185e+00,3.200148e-11,9.179082e-10,9.179082e-12
6.285699e+00,3.247829e-11,9.384786e-10,9.384786e-12
6.288212e+00,3.297770e-11,9.588752e-10,9.588752e-12
6.290725e+00,3.350188e-11,9.788204e-10,9.788204e-12
6.293238e+00,3.405250e-11,9.981521e-10,9.981521e-12
6.295752e+00,3.462814e-11,1.016817e-09,1.016817e-11
6.298265e+00,3.522496e-11,1.034851e-09,1.034851e-11
6.300778e+00,3.583666e-11,1.052350e-09,1.052350e-11
6.303292e+00,3.645409e-11,1.069440e-09,1.069440e-11
6.305805e+00,3.706836e-11,1.086260e-09,1.086260e-11
6.308318e+00,3.766807e-11,1.102881e-09,1.102881e-11
6.310831e+00,3.823995e-11,1.119239e-09,1.119239e-11
6.313345e+00,3.877205e-11,1.135193e-09,1.135193e-11
6.315858e+00,3.925384e-11,1.150610e-09,1.150610e-11
6.318371e+00,3.967785e-11,1.165367e-09,1.165367e-11
6.320884e+00,4.003823e-11,1.179352e-09,1.179352e-11
6.323398e+00,4.033176e-11,1.192544e-09,1.192544e-11
6.325911e+00,4.055989e-11,1.205041e-09,1.205041e-11
6.328424e+00,4.072726e-11,1.217033e-09,1.217033e-11
6.330938e+00,4.084182e-11,1.228778e-09,1.228778e-11
6.333451e+00,4.091330e-11,1.240516e-09,1.240516e-11
6.335964e+00,4.095105e-11,1.252411e-09,1.252411e-11
6.338477e+00,4.096581e-11,1.264560e-09,1.264560e-11
6.340991e+00,4.096720e-11,1.276973e-09,1.276973e-11
6.343504e+00,4.096361e-11,1.289552e-09,1.289552e-11
6.346017e+00,4.096078e-11,1.302111e-09,1.302111e-11
6.348530e+00,4.096065e-11,1.314433e-09,1.314433e-11
6.351044e+00,4.096521e-11,1.326306e-09,1.326306e-11
6.353557e+00,4.097208e-11,1.337525e-09,1.337525e-11
6.356070e+00,4.097669e-11,1.347915e-09,1.347915e-11
6.358584e+00,4.097523e-11,1.357338e-09,1.357338e-11
6.361097e+00,4.096245e-11,1.365684e-09,1.365684e-11
6.363610e+00,4.093456e-11,1.372898e-09,1.372898e-11
6.366123e+00,4.088913e-11,1.378967e-09,1.378967e-11
6.368637e+00,4.082551e-11,1.383886e-09,1.383886e-11
6.371150e+00,4.074659e-11,1.387694e-09,1.387694e-11
6.373663e+00,4.065678e-11,1.390457e-09,1.390457e-11
6.376176e+00,4.056211e-11,1.392223e-09,1.392223e-11
6.378690e+00,4.047063e-11,1.393048e-09,1.393048e-11
6.381203e+00,4.039127e-11,1.393000e-09,1.393000e-11
6.383716e+00,4.033348e-11,1.392140e-09,1.392140e-11
6.386230e+00,4.030395e-11,1.390521e-09,1.390521e-11
6.388743e+00,4.030698e-11,1.388198e-09,1.388198e-11
6.391256e+00,4.034472e-11,1.385223e-09,1.385223e-11
6.393769e+00,4.041415e-11,1.381632e-09,1.381632e-11
6.396283e+00,4.050987e-11,1.377460e-09,1.377460e-11
6.398796e+00,4.062411e-11,1.372735e-09,1.372735e-11
6.401309e+00,4.074473e-11,1.367438e-09,1.367438e-11
6.403822e+00,4.085806e-11,1.361477e-09,1.361477e-11
6.406336e+00,4.094889e-11,1.354706e-09,1.354706e-11
6.408849e+00,4.100250e-11,1.346929e-09,1.346929e-11
6.411362e+00,4.100647e-11,1.337946e-09,1.337946e-11
6.413876e+00,4.094964e-11,1.327600e-09,1.327600e-11
6.416389e+00,4.082386e-11,1.315808e-09,1.315808e-11
6.418902e+00,4.062579e-11,1.302589e-09,1.302589e-11
6.421415e+00,4.035608e-11,1.288072e-09,1.288072e-11
6.423929e+00,4.001888e-11,1.272456e-09,1.272456e-11
6.426442e+00,3.962123e-11,1.256000e-09,1.256000e-11
6.428955e+00,3.917363e-11,1.239030e-09,1.239030e-11
6.431468e+00,3.869013e-11,1.221869e-09,1.221869e-11
6.433982e+00,3.818508e-11,1.204774e-09,1.204774e-11
6.436495e+00,3.767312e-11,1.187956e-09,1.187956e-11
6.439008e+00,3.716871e-11,1.171578e-09,1.171578e-11
6.441522e+00,3.668431e-11,1.155744e-09,1.155744e-11
6.444035e+00,3.623013e-11,1.140552e-09,1.140552e-11
6.446548e+00,3.581527e-11,1.126125e-09,1.126125e-11
6.449061e+00,3.544554e-11,1.112594e-09,1.112594e-11
6.451575e+00,3.512244e-11,1.100103e-09,1.100103e-11
6.454088e+00,3.484804e-11,1.088827e-09,1.088827e-11
6.456601e+00,3.462098e-11,1.078944e-09,1.078944e-11
6.459114e+00,3.443611e-11,1.070560e-09,1.070560e-11
6.461628e+00,3.428966e-11,1.063708e-09,1.063708e-11
6.464141e+00,3.417556e-11,1.058365e-09,1.058365e-11
6.466654e+00,3.408780e-11,1.054419e-09,1.054419e-11
6.469168e+00,3.402086e-11,1.051671e-09,1.051671e-11
6.471681e+00,3.396813e-11,1.049873e-09,1.049873e-11
6.474194e+00,3.392593e-11,1.048757e-09,1.048757e-11
6.476707e+00,3.388941e-11,1.048034e-09,1.048034e-11
6.479221e+00,3.385416e-11,1.047444e-09,1.047444e-11
6.481734e+00,3.381945e-11,1.046805e-09,1.046805e-11
6.484247e+00,3.378317e-11,1.045950e-09,1.045950e-11
6.486761e+00,3.374377e-11,1.044738e-09,1.044738e-11
6.489274e+00,3.370074e-11,1.043124e-09,1.043124e-11
6.491787e+00,3.365454e-11,1.041144e-09,1.041144e-11
6.494300e+00,3.360753e-11,1.038848e-09,1.038848e-11
6.496814e+00,3.355931e-11,1.036284e-09,1.036284e-11
6.499327e+00,3.350966e-11,1.033516e-09,1.033516e-11
6.501840e+00,3.345951e-11,1.030603e-09,1.030603e-11
6.504353e+00,3.340754e-11,1.027597e-09,1.027597e-11
6.506867e+00,3.335294e-11,1.024530e-09,1.024530e-11
6.509380e+00,3.329580e-11,1.021425e-09,1.021425e-11
6.511893e+00,3.323467e-11,1.018302e-09,1.018302e-11
6.514407e+00,3.316675e-11,1.015146e-09,1.015146e-11
6.516920e+00,3.309015e-11,1.011916e-09,1.011916e-11
6.519433e+00,3.300412e-11,1.008586e-09,1.008586e-11
6.521946e+00,3.290637e-11,1.005105e-09,1.005105e-11
6.524460e+00,3.279600e-11,1.001457e-09,1.001457e-11
6.526973e+00,3.267566e-11,9.976855e-10,9.976855e-12
6.529486e+00,3.254574e-11,9.937831e-10,9.937831e-12
6.531999e+00,3.240799e-11,9.897345e-10,9.897345e-12
6.534513e+00,3.226837e-11,9.855805e-10,9.855805e-12
6.537026e+00,3.213236e-11,9.813313e-10,9.813313e-12
6.539539e+00,3.200542e-11,9.769492e-10,9.769492e-12
6.542053e+00,3.189330e-11,9.723903e-10,9.723903e-12
6.544566e+00,3.180120e-11,9.676033e-10,9.676033e-12
6.547079e+00,3.173357e-11,9.625245e-10,9.625245e-12
6.549592e+00,3.169367e-11,9.571238e-10,9.571238e-12
6.552106e+00,3.168334e-11,9.514566e-10,9.514566e-12
6.554619e+00,3.170139e-11,9.456146e-10,9.456146e-12
6.557132e+00,3.174322e-11,9.396963e-10,9.396963e-12
6.559645e+00,3.180381e-11,9.338528e-10,9.338528e-12
6.562159e+00,3.187535e-11,9.282307e-10,9.282307e-12
6.564672e+00,3.194799e-11,9.229192e-10,9.229192e-12
6.567185e+00,3.201294e-11,9.179465e-10,9.179465e-12
6.569699e+00,3.206066e-11,9.132323e-10,9.132323e-12
6.572212e+00,3.208450e-11,9.086433e-10,9.086433e-12
6.574725e+00,3.207953e-11,9.040262e-10,9.040262e-12
6.577238e+00,3.204057e-11,8.991741e-10,8.991741e-12
6.579752e+00,3.196752e-11,8.939646e-10,8.939646e-12
6.582265e+00,3.186671e-11,8.884387e-10,8.884387e-12
6.584778e+00,3.174547e-11,8.827032e-10,8.827032e-12
6.587291e+00,3.161102e-11,8.769327e-10,8.769327e-12
6.589805e+00,3.147545e-11,8.714096e-10,8.714096e-12
6.592318e+00,3.135281e-11,8.664576e-10,8.664576e-12
6.594831e+00,3.125576e-11,8.623663e-10,8.623663e-12
6.597345e+00,3.119590e-11,8.593354e-10,8.593354e-12
6.599858e+00,3.118322e-11,8.574969e-10,8.574969e-12
6.602371e+00,3.122545e-11,8.569599e-10,8.569599e-12
6.604884e+00,3.132687e-11,8.577370e-10,8.577370e-12
6.607398e+00,3.148737e-11,8.597405e-10,8.597405e-12
6.609911e+00,3.170350e-11,8.628820e-10,8.628820e-12
6.612424e+00,3.196860e-11,8.670618e-10,8.670618e-12
6.614937e+00,3.227315e-11,8.721385e-10,8.721385e-12
6.617451e+00,3.260654e-11,8.779440e-10,8.779440e-12
6.619964e+00,3.295602e-11,8.842657e-10,8.842657e-12
6.622477e+00,3.330896e-11,8.908664e-10,8.908664e-12
6.624991e+00,3.365365e-11,8.975042e-10,8.975042e-12
6.627504e+00,3.397924e-11,9.039553e-10,9.039553e-12
6.630017e+00,3.427817e-11,9.100464e-10,9.100464e-12
6.632530e+00,3.454400e-11,9.156413e-10,9.156413e-12
6.635044e+00,3.477196e-11,9.206731e-10,9.206731e-12
6.637557e+00,3.496074e-11,9.251808e-10,9.251808e-12
6.640070e+00,3.511150e-11,9.292656e-10,9.292656e-12
6.642584e+00,3.522596e-11,9.330655e-10,9.330655e-12
6.645097e+00,3.530724e-11,9.367757e-10,9.367757e-12
6.647610e+00,3.536076e-11,9.406039e-10,9.406039e-12
6.650123e+00,3.539049e-11,9.446746e-10,9.446746e-12
6.652637e+00,3.540041e-11,9.490419e-10,9.490419e-12
6.655150e+00,3.539656e-11,9.537046e-10,9.537046e-12
6.657663e+00,3.538293e-11,9.585356e-10,9.585356e-12
6.660176e+00,3.536288e-11,9.633242e-10,9.633242e-12
6.662690e+00,3.534243e-11,9.678295e-10,9.678295e-12
6.665203e+00,3.532546e-11,9.717693e-10,9.717693e-12
6.667716e+00,3.531514e-11,9.748896e-10,9.748896e-12
6.670230e+00,3.531603e-11,9.770218e-10,9.770218e-12
6.672743e+00,3.533138e-11,9.781347e-10,9.781347e-12
6.675256e+00,3.536617e-11,9.783967e-10,9.783967e-12
6.677769e+00,3.542514e-11,9.781312e-10,9.781312e-12
6.680283e+00,3.550966e-11,9.778035e-10,9.778035e-12
6.682796e+00,3.562134e-11,9.780660e-10,9.780660e-12
6.685309e+00,3.576346e-11,9.797022e-10,9.797022e-12
6.687822e+00,3.593638e-11,9.835002e-10,9.835002e-12
6.690336e+00,3.613698e-11,9.901534e-10,9.901534e-12
6.692849e+00,3.636279e-11,1.000208e-09,1.000208e-11
6.695362e+00,3.660978e-11,1.013995e-09,1.013995e-11
6.697876e+00,3.687211e-11,1.031543e-09,1.031543e-11
6.700389e+00,3.714299e-11,1.052572e-09,1.052572e-11
6.702902e+00,3.741471e-11,1.076543e-09,1.076543e-11
6.705415e+00,3.768016e-11,1.102661e-09,1.102661e-11
6.707929e+00,3.792979e-11,1.129948e-09,1.129948e-11
6.710442e+00,3.815449e-11,1.157358e-09,1.157358e-11
6.712955e+00,3.834715e-11,1.183850e-09,1.183850e-11
6.715468e+00,3.849977e-11,1.208430e-09,1.208430e-11
6.717982e+00,3.860565e-11,1.230236e-09,1.230236e-11
6.720495e+00,3.865904e-11,1.248566e-09,1.248566e-11
6.723008e+00,3.865556e-11,1.262874e-09,1.262874e-11
6.725522e+00,3.859168e-11,1.272792e-09,1.272792e-11
6.728035e+00,3.846379e-11,1.278156e-09,1.278156e-11
6.730548e+00,3.827150e-11,1.278979e-09,1.278979e-11
6.733061e+00,3.801625e-11,1.275419e-09,1.275419e-11
6.735575e+00,3.769883e-11,1.267774e-09,1.267774e-11
6.738088e+00,3.732312e-11,1.256484e-09,1.256484e-11
6.740601e+00,3.689429e-11,1.242098e-09,1.242098e-11
6.743114e+00,3.641909e-11,1.225233e-09,1.225233e-11
6.745628e+00,3.590625e-11,1.206537e-09,1.206537e-11
6.748141e+00,3.536359e-11,1.186672e-09,1.186672e-11
6.750654e+00,3.480154e-11,1.166309e-09,1.166309e-11
6.753168e+00,3.423146e-11,1.146067e-09,1.146067e-11
6.755681e+00,3.366279e-11,1.126463e-09,1.126463e-11
6.758194e+00,3.310505e-11,1.107944e-09,1.107944e-11
6.760707e+00,3.256786e-11,1.090878e-09,1.090878e-11
6.763221e+00,3.205914e-11,1.075516e-09,1.075516e-11
6.765734e+00,3.158412e-11,1.062002e-09,1.062002e-11
6.768247e+00,3.114594e-11,1.050380e-09,1.050380e-11
6.770760e+00,3.074600e-11,1.040630e-09,1.040630e-11
6.773274e+00,3.038402e-11,1.032697e-09,1.032697e-11
6.775787e+00,3.005964e-11,1.026494e-09,1.026494e-11
6.778300e+00,2.977049e-11,1.021904e-09,1.021904e-11
6.780814e+00,2.951169e-11,1.018804e-09,1.018804e-11
6.783327e+00,2.928115e-11,1.017051e-09,1.017051e-11
6.785840e+00,2.907711e-11,1.016487e-09,1.016487e-11
6.788353e+00,2.889818e-11,1.016964e-09,1.016964e-11
6.790867e+00,2.874535e-11,1.018314e-09,1.018314e-11
6.793380e+00,2.862108e-11,1.020360e-09,1.020360e-11
6.795893e+00,2.853126e-11,1.022951e-09,1.022951e-11
6.798407e+00,2.848245e-11,1.025893e-09,1.025893e-11
6.800920e+00,2.848060e-11,1.028938e-09,1.028938e-11
6.803433e+00,2.853259e-11,1.031870e-09,1.031870e-11
6.805946e+00,2.864684e-11,1.034518e-09,1.034518e-11
6.808460e+00,2.883030e-11,1.036740e-09,1.036740e-11
6.810973e+00,2.908764e-11,1.038489e-09,1.038489e-11
6.813486e+00,2.942120e-11,1.039837e-09,1.039837e-11
6.815999e+00,2.983095e-11,1.040977e-09,1.040977e-11
6.818513e+00,3.031534e-11,1.042233e-09,1.042233e-11
6.821026e+00,3.086805e-11,1.044091e-09,1.044091e-11
6.823539e+00,3.148002e-11,1.047161e-09,1.047161e-11
6.826053e+00,3.214060e-11,1.052071e-09,1.052071e-11
6.828566e+00,3.283670e-11,1.059440e-09,1.059440e-11
6.831079e+00,3.355525e-11,1.069836e-09,1.069836e-11
6.833592e+00,3.428246e-11,1.083669e-09,1.083669e-11
6.836106e+00,3.500352e-11,1.101121e-09,1.101121e-11
6.838619e+00,3.570357e-11,1.122085e-09,1.122085e-11
6.841132e+00,3.636912e-11,1.146183e-09,1.146183e-11
6.843645e+00,3.698910e-11,1.172826e-09,1.172826e-11
6.846159e+00,3.755213e-11,1.201182e-09,1.201182e-11
6.848672e+00,3.804783e-11,1.230222e-09,1.230222e-11
6.851185e+00,3.846949e-11,1.258869e-09,1.258869e-11
6.853699e+00,3.881048e-11,1.286035e-09,1.286035e-11
6.856212e+00,3.906388e-11,1.310658e-09,1.310658e-11
6.858725e+00,3.922592e-11,1.331795e-09,1.331795e-11
6.861238e+00,3.929385e-11,1.348692e-09,1.348692e-11
6.863752e+00,3.926601e-11,1.360789e-09,1.360789e-11
6.866265e+00,3.914328e-11,1.367747e-09,1.367747e-11
6.868778e+00,3.892848e-11,1.369504e-09,1.369504e-11
6.871291e+00,3.862611e-11,1.366251e-09,1.366251e-11
6.873805e+00,3.824285e-11,1.358375e-09,1.358375e-11
6.876318e+00,3.778940e-11,1.346489e-09,1.346489e-11
6.878831e+00,3.727849e-11,1.331408e-09,1.331408e-11
6.881345e+00,3.672431e-11,1.314035e-09,1.314035e-11
6.883858e+00,3.614327e-11,1.295319e-09,1.295319e-11
6.886371e+00,3.555322e-11,1.276251e-09,1.276251e-11
6.888884e+00,3.497323e-11,1.257766e-09,1.257766e-11
6.891398e+00,3.442168e-11,1.240669e-09,1.240669e-11
6.893911e+00,3.391528e-11,1.225611e-09,1.225611e-11
6.896424e+00,3.346848e-11,1.213044e-09,1.213044e-11
6.898937e+00,3.309366e-11,1.203202e-09,1.203202e-11
6.901451e+00,3.279911e-11,1.196162e-09,1.196162e-11
6.903964e+00,3.258958e-11,1.191886e-09,1.191886e-11
6.906477e+00,3.246554e-11,1.190158e-09,1.190158e-11
6.908991e+00,3.242150e-11,1.190606e-09,1.190606e-11
6.911504e+00,3.244986e-11,1.192796e-09,1.192796e-11
6.914017e+00,3.253958e-11,1.196244e-09,1.196244e-11
6.916530e+00,3.267659e-11,1.200425e-09,1.200425e-11
6.919044e+00,3.284533e-11,1.204791e-09,1.204791e-11
6.921557e+00,3.302878e-11,1.208749e-09,1.208749e-11
6.924070e+00,3.320991e-11,1.211732e-09,1.211732e-11
6.926583e+00,3.337341e-11,1.213333e-09,1.213333e-11
6.929097e+00,3.350678e-11,1.213302e-09,1.213302e-11
6.931610e+00,3.359930e-11,1.211455e-09,1.211455e-11
6.934123e+00,3.364258e-11,1.207742e-09,1.207742e-11
6.936637e+00,3.363202e-11,1.202323e-09,1.202323e-11
6.939150e+00,3.356647e-11,1.195492e-09,1.195492e-11
6.941663e+00,3.344816e-11,1.187598e-09,1.187598e-11
6.944176e+00,3.328331e-11,1.179036e-09,1.179036e-11
6.946690e+00,3.307883e-11,1.170174e-09,1.170174e-11
6.949203e+00,3.284287e-11,1.161303e-09,1.161303e-11
6.951716e+00,3.258751e-11,1.152638e-09,1.152638e-11
6.954229e+00,3.232485e-11,1.144269e-09,1.144269e-11
6.956743e+00,3.206462e-11,1.136130e-09,1.136130e-11
6.959256e+00,3.181657e-11,1.128061e-09,1.128061e-11
6.961769e+00,3.159080e-11,1.119869e-09,1.119869e-11
6.964283e+00,3.139446e-11,1.111371e-09,1.111371e-11
6.966796e+00,3.123149e-11,1.102413e-09,1.102413e-11
6.969309e+00,3.110387e-11,1.092901e-09,1.092901e-11
6.971822e+00,3.101067e-11,1.082832e-09,1.082832e-11
6.974336e+00,3.094788e-11,1.072265e-09,1.072265e-11
6.976849e+00,3.090854e-11,1.061291e-09,1.061291e-11
6.979362e+00,3.088380e-11,1.050052e-09,1.050052e-11
6.981876e+00,3.086418e-11,1.038683e-09,1.038683e-11
6.984389e+00,3.083795e-11,1.027201e-09,1.027201e-11
6.986902e+00,3.079216e-11,1.015506e-09,1.015506e-11
6.989415e+00,3.071521e-11,1.003447e-09,1.003447e-11
6.991929e+00,3.059662e-11,9.908255e-10,9.908255e-12
6.994442e+00,3.042749e-11,9.774100e-10,9.774100e-12
6.996955e+00,3.020128e-11,9.629706e-10,9.629706e-12
6.999468e+00,2.991362e-11,9.473495e-10,9.473495e-12
7.001982e+00,2.956344e-11,9.305006e-10,9.305006e-12
7.004495e+00,2.915317e-11,9.124857e-10,9.124857e-12
7.007008e+00,2.868751e-11,8.934759e-10,8.934759e-12
7.009522e+00,2.817400e-11,8.737196e-10,8.737196e-12
7.012035e+00,2.762115e-11,8.534825e-10,8.534825e-12
7.014548e+00,2.703883e-11,8.330493e-10,8.330493e-12
7.017061e+00,2.643895e-11,8.126947e-10,8.126947e-12
7.019575e+00,2.583292e-11,7.926085e-10,7.926085e-12
7.022088e+00,2.523039e-11,7.729023e-10,7.729023e-12
7.024601e+00,2.464008e-11,7.536463e-10,7.536463e-12
7.027114e+00,2.407156e-11,7.348900e-10,7.348900e-12
7.029628e+00,2.353250e-11,7.166774e-10,7.166774e-12
7.032141e+00,2.302783e-11,6.990446e-10,6.990446e-12
7.034654e+00,2.256263e-11,6.820535e-10,6.820535e-12
7.037168e+00,2.214187e-11,6.658165e-10,6.658165e-12
7.039681e+00,2.176961e-11,6.504861e-10,6.504861e-12
7.042194e+00,2.144952e-11,6.362691e-10,6.362691e-12
7.044707e+00,2.118593e-11,6.234457e-10,6.234457e-12
7.047221e+00,2.098501e-11,6.123944e-10,6.123944e-12
7.049734e+00,2.085182e-11,6.035720e-10,6.035720e-12
7.052247e+00,2.079032e-11,5.974969e-10,5.974969e-12
7.054760e+00,2.080571e-11,5.947857e-10,5.947857e-12
7.057274e+00,2.090162e-11,5.960976e-10,5.960976e-12
7.059787e+00,2.108011e-11,6.020721e-10,6.020721e-12
7.062300e+00,2.134141e-11,6.132784e-10,6.132784e-12
7.064814e+00,2.168277e-11,6.301029e-10,6.301029e-12
7.067327e+00,2.209941e-11,6.526808e-10,6.526808e-12
7.069840e+00,2.258325e-11,6.808419e-10,6.808419e-12
7.072353e+00,2.312343e-11,7.141004e-10,7.141004e-12
7.074867e+00,2.370724e-11,7.517144e-10,7.517144e-12
7.077380e+00,2.432079e-11,7.927180e-10,7.927180e-12
7.079893e+00,2.495001e-11,8.359829e-10,8.359829e-12
7.082406e+00,2.558038e-11,8.802918e-10,8.802918e-12
7.084920e+00,2.619850e-11,9.243916e-10,9.243916e-12
7.087433e+00,2.679428e-11,9.670734e-10,9.670734e-12
7.089946e+00,2.736012e-11,1.007210e-09,1.007210e-11
7.092460e+00,2.789061e-11,1.043740e-09,1.043740e-11
7.094973e+00,2.838299e-11,1.075685e-09,1.075685e-11
7.097486e+00,2.883745e-11,1.102186e-09,1.102186e-11
7.099999e+00,2.925705e-11,1.122533e-09,1.122533e-11
7.102513e+00,2.964489e-11,1.136193e-09,1.136193e-11
7.105026e+00,3.000390e-11,1.142842e-09,1.142842e-11
7.107539e+00,3.033657e-11,1.142415e-09,1.142415e-11
7.110052e+00,3.064436e-11,1.135153e-09,1.135153e-11
7.112566e+00,3.092550e-11,1.121598e-09,1.121598e-11
7.115079e+00,3.117472e-11,1.102613e-09,1.102613e-11
7.117592e+00,3.138603e-11,1.079328e-09,1.079328e-11
7.120106e+00,3.155138e-11,1.053031e-09,1.053031e-11
7.122619e+00,3.166120e-11,1.025071e-09,1.025071e-11
7.125132e+00,3.170510e-11,9.967418e-10,9.967418e-12
7.127645e+00,3.167482e-11,9.692104e-10,9.692104e-12
7.130159e+00,3.156579e-11,9.434733e-10,9.434733e-12
7.132672e+00,3.137697e-11,9.203294e-10,9.203294e-12
7.135185e+00,3.111281e-11,9.004420e-10,9.004420e-12
7.137699e+00,3.078415e-11,8.844131e-10,8.844131e-12
7.140212e+00,3.040738e-11,8.727769e-10,8.727769e-12
7.142725e+00,3.000406e-11,8.659645e-10,8.659645e-12
7.145238e+00,2.960233e-11,8.642703e-10,8.642703e-12
7.147752e+00,2.923300e-11,8.677136e-10,8.677136e-12
7.150265e+00,2.892823e-11,8.758988e-10,8.758988e-12
7.152778e+00,2.872161e-11,8.880639e-10,8.880639e-12
7.155291e+00,2.864375e-11,9.031839e-10,9.031839e-12
7.157805e+00,2.872089e-11,9.201020e-10,9.201020e-12
7.160318e+00,2.897314e-11,9.377734e-10,9.377734e-12
7.162831e+00,2.941275e-11,9.554818e-10,9.554818e-12
7.165345e+00,3.004498e-11,9.729690e-10,9.729690e-12
7.167858e+00,3.086571e-11,9.904829e-10,9.904829e-12
7.170371e+00,3.186131e-11,1.008678e-09,1.008678e-11
7.172884e+00,3.301125e-11,1.028446e-09,1.028446e-11
7.175398e+00,3.428844e-11,1.050725e-09,1.050725e-11
7.177911e+00,3.566105e-11,1.076222e-09,1.076222e-11
7.180424e+00,3.709238e-11,1.105192e-09,1.105192e-11
7.182937e+00,3.854520e-11,1.137421e-09,1.137421e-11
7.185451e+00,3.998509e-11,1.172274e-09,1.172274e-11
7.187964e+00,4.137864e-11,1.208788e-09,1.208788e-11
7.190477e+00,4.269636e-11,1.245879e-09,1.245879e-11
7.192991e+00,4.391483e-11,1.282564e-09,1.282564e-11
7.195504e+00,4.501799e-11,1.318112e-09,1.318112e-11
7.198017e+00,4.599549e-11,1.352101e-09,1.352101e-11
7.200530e+00,4.684260e-11,1.384466e-09,1.384466e-11
7.203044e+00,4.756379e-11,1.415477e-09,1.415477e-11
7.205557e+00,4.816794e-11,1.445611e-09,1.445611e-11
7.208070e+00,4.866745e-11,1.475439e-09,1.475439e-11
7.210583e+00,4.908018e-11,1.505531e-09,1.505531e-11
7.213097e+00,4.942447e-11,1.536336e-09,1.536336e-11
7.215610e+00,4.971998e-11,1.568103e-09,1.568103e-11
7.218123e+00,4.998632e-11,1.600878e-09,1.600878e-11
7.220637e+00,5.024048e-11,1.634496e-09,1.634496e-11
7.223150e+00,5.049766e-11,1.668607e-09,1.668607e-11
7.225663e+00,5.076798e-11,1.702739e-09,1.702739e-11
7.228176e+00,5.105718e-11,1.736355e-09,1.736355e-11
7.230690e+00,5.136735e-11,1.768903e-09,1.768903e-11
7.233203e+00,5.169520e-11,1.799831e-09,1.799831e-11
7.235716e+00,5.203352e-11,1.828619e-09,1.828619e-11
7.238229e+00,5.237012e-11,1.854758e-09,1.854758e-11
7.240743e+00,5.268938e-11,1.877726e-09,1.877726e-11
7.243256e+00,5.297543e-11,1.897006e-09,1.897006e-11
7.245769e+00,5.320975e-11,1.912075e-09,1.912075e-11
7.248283e+00,5.337326e-11,1.922416e-09,1.922416e-11
7.250796e+00,5.345007e-11,1.927556e-09,1.927556e-11
7.253309e+00,5.342542e-11,1.927065e-09,1.927065e-11
7.255822e+00,5.328676e-11,1.920609e-09,1.920609e-11
7.258336e+00,5.302745e-11,1.908031e-09,1.908031e-11
7.260849e+00,5.264393e-11,1.889358e-09,1.889358e-11
7.263362e+00,5.213618e-11,1.864814e-09,1.864814e-11
7.265875e+00,5.151004e-11,1.834853e-09,1.834853e-11
7.268389e+00,5.077450e-11,1.800157e-09,1.800157e-11
7.270902e+00,4.994233e-11,1.761635e-09,1.761635e-11
7.273415e+00,4.902993e-11,1.720376e-09,1.720376e-11
7.275929e+00,4.805365e-11,1.677567e-09,1.677567e-11
7.278442e+00,4.703014e-11,1.634436e-09,1.634436e-11
7.280955e+00,4.597783e-11,1.592196e-09,1.592196e-11
7.283468e+00,4.491421e-11,1.551946e-09,1.551946e-11
7.285982e+00,4.385592e-11,1.514582e-09,1.514582e-11
7.288495e+00,4.281863e-11,1.480745e-09,1.480745e-11
7.291008e+00,4.181518e-11,1.450711e-09,1.450711e-11
7.293522e+00,4.085618e-11,1.424392e-09,1.424392e-11
7.296035e+00,3.995250e-11,1.401420e-09,1.401420e-11
7.298548e+00,3.911319e-11,1.381163e-09,1.381163e-11
7.301061e+00,3.834296e-11,1.362821e-09,1.362821e-11
7.303575e+00,3.764792e-11,1.345603e-09,1.345603e-11
7.306088e+00,3.703343e-11,1.328780e-09,1.328780e-11
7.308601e+00,3.650049e-11,1.311778e-09,1.311778e-11
7.311114e+00,3.605054e-11,1.294273e-09,1.294273e-11
7.313628e+00,3.568449e-11,1.276188e-09,1.276188e-11
7.316141e+00,3.539880e-11,1.257678e-09,1.257678e-11
7.318654e+00,3.518777e-11,1.239115e-09,1.239115e-11
7.321168e+00,3.504560e-11,1.221035e-09,1.221035e-11
7.323681e+00,3.496457e-11,1.204095e-09,1.204095e-11
7.326194e+00,3.493432e-11,1.188949e-09,1.188949e-11
7.328707e+00,3.494216e-11,1.176111e-09,1.176111e-11
7.331221e+00,3.497546e-11,1.165902e-09,1.165902e-11
7.333734e+00,3.502107e-11,1.158425e-09,1.158425e-11
7.336247e+00,3.506551e-11,1.153539e-09,1.153539e-11
7.338760e+00,3.509755e-11,1.150892e-09,1.150892e-11
7.341274e+00,3.510754e-11,1.149947e-09,1.149947e-11
7.343787e+00,3.508766e-11,1.150031e-09,1.150031e-11
7.346300e+00,3.503351e-11,1.150425e-09,1.150425e-11
7.348814e+00,3.494379e-11,1.150465e-09,1.150465e-11
7.351327e+00,3.482000e-11,1.149607e-09,1.149607e-11
7.353840e+00,3.466741e-11,1.147460e-09,1.147460e-11
7.356353e+00,3.449286e-11,1.143778e-09,1.143778e-11
7.358867e+00,3.430442e-11,1.138480e-09,1.138480e-11
7.361380e+00,3.411279e-11,1.131671e-09,1.131671e-11
7.363893e+00,3.392776e-11,1.123598e-09,1.123598e-11
7.366406e+00,3.375779e-11,1.114620e-09,1.114620e-11
7.368920e+00,3.361056e-11,1.105164e-09,1.105164e-11
7.371433e+00,3.349070e-11,1.095664e-09,1.095664e-11
7.373946e+00,3.340171e-11,1.086593e-09,1.086593e-11
7.376460e+00,3.334485e-11,1.078389e-09,1.078389e-11
7.378973e+00,3.331826e-11,1.071369e-09,1.071369e-11
7.381486e+00,3.331858e-11,1.065752e-09,1.065752e-11
7.383999e+00,3.334019e-11,1.061646e-09,1.061646e-11
7.386513e+00,3.337764e-11,1.059042e-09,1.059042e-11
7.389026e+00,3.342530e-11,1.057882e-09,1.057882e-11
7.391539e+00,3.347695e-11,1.058042e-09,1.058042e-11
7.394052e+00,3.352806e-11,1.059305e-09,1.059305e-11
7.396566e+00,3.357454e-11,1.061402e-09,1.061402e-11
7.399079e+00,3.361334e-11,1.064051e-09,1.064051e-11
7.401592e+00,3.364424e-11,1.066938e-09,1.066938e-11
7.404106e+00,3.366629e-11,1.069714e-09,1.069714e-11
7.406619e+00,3.367978e-11,1.072041e-09,1.072041e-11
7.409132e+00,3.368665e-11,1.073595e-09,1.073595e-11
7.411645e+00,3.368718e-11,1.074064e-09,1.074064e-11
7.414159e+00,3.368305e-11,1.073237e-09,1.073237e-11
7.416672e+00,3.367442e-11,1.071008e-09,1.071008e-11
7.419185e+00,3.365969e-11,1.067360e-09,1.067360e-11
7.421698e+00,3.363772e-11,1.062416e-09,1.062416e-11
7.424212e+00,3.360611e-11,1.056394e-09,1.056394e-11
7.426725e+00,3.356117e-11,1.049527e-09,1.049527e-11
7.429238e+00,3.349931e-11,1.042100e-09,1.042100e-11
7.431752e+00,3.341728e-11,1.034365e-09,1.034365e-11
7.434265e+00,3.331029e-11,1.026437e-09,1.026437e-11
7.436778e+00,3.317431e-11,1.018358e-09,1.018358e-11
7.439291e+00,3.300731e-11,1.010109e-09,1.010109e-11
7.441805e+00,3.280722e-11,1.001566e-09,1.001566e-11
7.444318e+00,3.257337e-11,9.925622e-10,9.925622e-12
7.446831e+00,3.230657e-11,9.829298e-10,9.829298e-12
7.449345e+00,3.200789e-11,9.725602e-10,9.725602e-12
7.451858e+00,3.168107e-11,9.614879e-10,9.614879e-12
7.454371e+00,3.133115e-11,9.498361e-10,9.498361e-12
7.456884e+00,3.096230e-11,9.378006e-10,9.378006e-12
7.459398e+00,3.058057e-11,9.256816e-10,9.256816e-12
7.461911e+00,3.019367e-11,9.138122e-10,9.138122e-12
7.464424e+00,2.980842e-11,9.024886e-10,9.024886e-12
7.466937e+00,2.943168e-11,8.919541e-10,8.919541e-12
7.469451e+00,2.907164e-11,8.823292e-10,8.823292e-12
7.471964e+00,2.873463e-11,8.735368e-10,8.735368e-12
7.474477e+00,2.842462e-11,8.653358e-10,8.653358e-12
7.476991e+00,2.814585e-11,8.573871e-10,8.573871e-12
7.479504e+00,2.790160e-11,8.492893e-10,8.492893e-12
7.482017e+00,2.769214e-11,8.406267e-10,8.406267e-12
7.484530e+00,2.751508e-11,8.310498e-10,8.310498e-12
7.487044e+00,2.736679e-11,8.203611e-10,8.203611e-12
7.489557e+00,2.724061e-11,8.085194e-10,8.085194e-12
7.492070e+00,2.712773e-11,7.956095e-10,7.956095e-12
7.494583e+00,2.701861e-11,7.818661e-10,7.818661e-12
7.497097e+00,2.690280e-11,7.676291e-10,7.676291e-12
7.499610e+00,2.676938e-11,7.532256e-10,7.532256e-12
7.502123e+00,2.660619e-11,7.389228e-10,7.389228e-12
7.504637e+00,2.640466e-11,7.249206e-10,7.249206e-12
7.507150e+00,2.615825e-11,7.113256e-10,7.113256e-12
7.509663e+00,2.586217e-11,6.981642e-10,6.981642e-12
7.512176e+00,2.551644e-11,6.854441e-10,6.854441e-12
7.514690e+00,2.512331e-11,6.732103e-10,6.732103e-12
7.517203e+00,2.469015e-11,6.615611e-10,6.615611e-12
7.519716e+00,2.422764e-11,6.506471e-10,6.506471e-12
7.522229e+00,2.374872e-11,6.406796e-10,6.406796e-12
7.524743e+00,2.326953e-11,6.318872e-10,6.318872e-12
7.527256e+00,2.280665e-11,6.244327e-10,6.244327e-12
7.529769e+00,2.237702e-11,6.183620e-10,6.183620e-12
7.532283e+00,2.199509e-11,6.135871e-10,6.135871e-12
7.534796e+00,2.167310e-11,6.099497e-10,6.099497e-12
7.537309e+00,2.142141e-11,6.072977e-10,6.072977e-12
7.539822e+00,2.124522e-11,6.054964e-10,6.054964e-12
7.542336e+00,2.114417e-11,6.044743e-10,6.044743e-12
7.544849e+00,2.111394e-11,6.042876e-10,6.042876e-12
7.547362e+00,2.114692e-11,6.050969e-10,6.050969e-12
7.549875e+00,2.123083e-11,6.070838e-10,6.070838e-12
7.552389e+00,2.135143e-11,6.103834e-10,6.103834e-12
7.554902e+00,2.149285e-11,6.150185e-10,6.150185e-12
7.557415e+00,2.163796e-11,6.208473e-10,6.208473e-12
7.559929e+00,2.177212e-11,6.275665e-10,6.275665e-12
7.562442e+00,2.188172e-11,6.347632e-10,6.347632e-12
7.564955e+00,2.195677e-11,6.419859e-10,6.419859e-12
7.567468e+00,2.199141e-11,6.487757e-10,6.487757e-12
7.569982e+00,2.198212e-11,6.547067e-10,6.547067e-12
7.572495e+00,2.192981e-11,6.594540e-10,6.594540e-12
7.575008e+00,2.183871e-11,6.628074e-10,6.628074e-12
7.577521e+00,2.171675e-11,6.646553e-10,6.646553e-12
7.580035e+00,2.157332e-11,6.649659e-10,6.649659e-12
7.582548e+00,2.141817e-11,6.637781e-10,6.637781e-12
7.585061e+00,2.126264e-11,6.612073e-10,6.612073e-12
7.587575e+00,2.111713e-11,6.574380e-10,6.574380e-12
7.590088e+00,2.099062e-11,6.527103e-10,6.527103e-12
7.592601e+00,2.088989e-11,6.473133e-10,6.473133e-12
7.595114e+00,2.082017e-11,6.415866e-10,6.415866e-12
7.597628e+00,2.078478e-11,6.359090e-10,6.359090e-12
7.600141e+00,2.078461e-11,6.306688e-10,6.306688e-12
7.602654e+00,2.081937e-11,6.262353e-10,6.262353e-12
7.605167e+00,2.088723e-11,6.229244e-10,6.229244e-12
7.607681e+00,2.098437e-11,6.209681e-10,6.209681e-12
7.610194e+00,2.110741e-11,6.205316e-10,6.205316e-12
7.612707e+00,2.125387e-11,6.217088e-10,6.217088e-12
7.615221e+00,2.141993e-11,6.244879e-10,6.244879e-12
7.617734e+00,2.160226e-11,6.287967e-10,6.287967e-12
7.620247e+00,2.179841e-11,6.345439e-10,6.345439e-12
7.622760e+00,2.200610e-11,6.415829e-10,6.415829e-12
7.625274e+00,2.222323e-11,6.497160e-10,6.497160e-12
7.627787e+00,2.244817e-11,6.587482e-10,6.587482e-12
7.630300e+00,2.267970e-11,6.684935e-10,6.684935e-12
7.632814e+00,2.291585e-11,6.787423e-10,6.787423e-12
7.635327e+00,2.315449e-11,6.892669e-10,6.892669e-12
7.637840e+00,2.339365e-11,6.998643e-10,6.998643e-12
7.640353e+00,2.363158e-11,7.103577e-10,7.103577e-12
7.642867e+00,2.386642e-11,7.205706e-10,7.205706e-12
7.645380e+00,2.409634e-11,7.303428e-10,7.303428e-12
7.647893e+00,2.431970e-11,7.395381e-10,7.395381e-12
7.650406e+00,2.453521e-11,7.480439e-10,7.480439e-12
7.652920e+00,2.474313e-11,7.557961e-10,7.557961e-12
7.655433e+00,2.494430e-11,7.627640e-10,7.627640e-12
7.657946e+00,2.513902e-11,7.689289e-10,7.689289e-12
7.660460e+00,2.532940e-11,7.743210e-10,7.743210e-12
7.662973e+00,2.551884e-11,7.790152e-10,7.790152e-12
7.665486e+00,2.570910e-11,7.831015e-10,7.831015e-12
7.667999e+00,2.590378e-11,7.867118e-10,7.867118e-12
7.670513e+00,2.610737e-11,7.900160e-10,7.900160e-12
7.673026e+00,2.632180e-11,7.931925e-10,7.931925e-12
7.675539e+00,2.654981e-11,7.964391e-10,7.964391e-12
7.678052e+00,2.679432e-11,7.999737e-10,7.999737e-12
7.680566e+00,2.705636e-11,8.040197e-10,8.040197e-12
7.683079e+00,2.733663e-11,8.088045e-10,8.088045e-12
7.685592e+00,2.763637e-11,8.145532e-10,8.145532e-12
7.688106e+00,2.795555e-11,8.214578e-10,8.214578e-12
7.690619e+00,2.829305e-11,8.296667e-10,8.296667e-12
7.693132e+00,2.864793e-11,8.393129e-10,8.393129e-12
7.695645e+00,2.901931e-11,8.505071e-10,8.505071e-12
7.698159e+00,2.940636e-11,8.633033e-10,8.633033e-12
7.700672e+00,2.980761e-11,8.777055e-10,8.777055e-12
7.703185e+00,3.022195e-11,8.936877e-10,8.936877e-12
7.705698e+00,3.064894e-11,9.111872e-10,9.111872e-12
7.708212e+00,3.108752e-11,9.300977e-10,9.300977e-12
7.710725e+00,3.153705e-11,9.502770e-10,9.502770e-12
7.713238e+00,3.199690e-11,9.715414e-10,9.715414e-12
7.715752e+00,3.246647e-11,9.936658e-10,9.936658e-12
7.718265e+00,3.294617e-11,1.016403e-09,1.016403e-11
7.720778e+00,3.343524e-11,1.039473e-09,1.039473e-11
7.723291e+00,3.393152e-11,1.062551e-09,1.062551e-11
7.725805e+00,3.443232e-11,1.085290e-09,1.085290e-11
7.728318e+00,3.493390e-11,1.107359e-09,1.107359e-11
7.730831e+00,3.543154e-11,1.128436e-09,1.128436e-11
7.733344e+00,3.591894e-11,1.148206e-09,1.148206e-11
7.735858e+00,3.638728e-11,1.166377e-09,1.166377e-11
7.738371e+00,3.682708e-11,1.182687e-09,1.182687e-11
7.740884e+00,3.722843e-11,1.196882e-09,1.196882e-11
7.743398e+00,3.757736e-11,1.208697e-09,1.208697e-11
7.745911e+00,3.786082e-11,1.217884e-09,1.217884e-11
7.748424e+00,3.806794e-11,1.224216e-09,1.224216e-11
7.750937e+00,3.818610e-11,1.227472e-09,1.227472e-11
7.753451e+00,3.820592e-11,1.227493e-09,1.227493e-11
7.755964e+00,3.812232e-11,1.224223e-09,1.224223e-11
7.758477e+00,3.793217e-11,1.217704e-09,1.217704e-11
7.760990e+00,3.763637e-11,1.208120e-09,1.208120e-11
7.763504e+00,3.724278e-11,1.195834e-09,1.195834e-11
7.766017e+00,3.676459e-11,1.181333e-09,1.181333e-11
7.768530e+00,3.621781e-11,1.165192e-09,1.165192e-11
7.771044e+00,3.562399e-11,1.148034e-09,1.148034e-11
7.773557e+00,3.500784e-11,1.130441e-09,1.130441e-11
7.776070e+00,3.439562e-11,1.112900e-09,1.112900e-11
7.778583e+00,3.381544e-11,1.095792e-09,1.095792e-11
7.781097e+00,3.329286e-11,1.079383e-09,1.079383e-11
7.783610e+00,3.285029e-11,1.063868e-09,1.063868e-11
7.786123e+00,3.250597e-11,1.049460e-09,1.049460e-11
7.788637e+00,3.227102e-11,1.036443e-09,1.036443e-11
7.791150e+00,3.215047e-11,1.025207e-09,1.025207e-11
7.793663e+00,3.214431e-11,1.016247e-09,1.016247e-11
7.796176e+00,3.224287e-11,1.010021e-09,1.010021e-11
7.798690e+00,3.242925e-11,1.006819e-09,1.006819e-11
7.801203e+00,3.268423e-11,1.006669e-09,1.006669e-11
7.803716e+00,3.298233e-11,1.009243e-09,1.009243e-11
7.806229e+00,3.329640e-11,1.013860e-09,1.013860e-11
7.808743e+00,3.360077e-11,1.019586e-09,1.019586e-11
7.811256e+00,3.387063e-11,1.025399e-09,1.025399e-11
7.813769e+00,3.408525e-11,1.030395e-09,1.030395e-11
7.816283e+00,3.422824e-11,1.033911e-09,1.033911e-11
7.818796e+00,3.428910e-11,1.035616e-09,1.035616e-11
7.821309e+00,3.426385e-11,1.035544e-09,1.035544e-11
7.823822e+00,3.415327e-11,1.033983e-09,1.033983e-11
7.826336e+00,3.396408e-11,1.031345e-09,1.031345e-11
7.828849e+00,3.370699e-11,1.028021e-09,1.028021e-11
7.831362e+00,3.339391e-11,1.024225e-09,1.024225e-11
7.833875e+00,3.303920e-11,1.019923e-09,1.019923e-11
7.836389e+00,3.265715e-11,1.014824e-09,1.014824e-11
7.838902e+00,3.225960e-11,1.008438e-09,1.008438e-11
7.841415e+00,3.185578e-11,1.000212e-09,1.000212e-11
7.843929e+00,3.145214e-11,9.896486e-10,9.896486e-12
7.846442e+00,3.105213e-11,9.764143e-10,9.764143e-12
7.848955e+00,3.065627e-11,9.604177e-10,9.604177e-12
7.851468e+00,3.026206e-11,9.417988e-10,9.417988e-12
7.853982e+00,2.986519e-11,9.209153e-10,9.209153e-12
7.856495e+00,2.946203e-11,8.983343e-10,8.983343e-12
7.859008e+00,2.904922e-11,8.747420e-10,8.747420e-12
7.861521e+00,2.862450e-11,8.508630e-10,8.508630e-12
7.864035e+00,2.818857e-11,8.274384e-10,8.274384e-12
7.866548e+00,2.774475e-11,8.051846e-10,8.051846e-12
7.869061e+00,2.729927e-11,7.847438e-10,7.847438e-12
7.871575e+00,2.686105e-11,7.666484e-10,7.666484e-12
7.874088e+00,2.644123e-11,7.513307e-10,7.513307e-12
7.876601e+00,2.605306e-11,7.390702e-10,7.390702e-12
7.879114e+00,2.570861e-11,7.299272e-10,7.299272e-12
7.881628e+00,2.541955e-11,7.238117e-10,7.238117e-12
7.884141e+00,2.519672e-11,7.204910e-10,7.204910e-12
7.886654e+00,2.504682e-11,7.195865e-10,7.195865e-12
7.889167e+00,2.497458e-11,7.206746e-10,7.206746e-12
7.891681e+00,2.498044e-11,7.233149e-10,7.233149e-12
7.894194e+00,2.506080e-11,7.270686e-10,7.270686e-12
7.896707e+00,2.520908e-11,7.315566e-10,7.315566e-12
7.899221e+00,2.541422e-11,7.364736e-10,7.364736e-12
7.901734e+00,2.566446e-11,7.415954e-10,7.415954e-12
7.904247e+00,2.594725e-11,7.467778e-10,7.467778e-12
7.906760e+00,2.624781e-11,7.519385e-10,7.519385e-12
7.909274e+00,2.655209e-11,7.570615e-10,7.570615e-12
7.911787e+00,2.684851e-11,7.621999e-10,7.621999e-12
7.914300e+00,2.712680e-11,7.674405e-10,7.674405e-12
7.916813e+00,2.737850e-11,7.728616e-10,7.728616e-12
7.919327e+00,2.759775e-11,7.785374e-10,7.785374e-12
7.921840e+00,2.778207e-11,7.845216e-10,7.845216e-12
7.924353e+00,2.793174e-11,7.907583e-10,7.907583e-12
7.926867e+00,2.804728e-11,7.970800e-10,7.970800e-12
7.929380e+00,2.813142e-11,8.032618e-10,8.032618e-12
7.931893e+00,2.818909e-11,8.090037e-10,8.090037e-12
7.934406e+00,2.822534e-11,8.139604e-10,8.139604e-12
7.936920e+00,2.824532e-11,8.178104e-10,8.178104e-12
7.939433e+00,2.825327e-11,8.202806e-10,8.202806e-12
7.941946e+00,2.825291e-11,8.211894e-10,8.211894e-12
7.944460e+00,2.824687e-11,8.204856e-10,8.204856e-12
7.946973e+00,2.823696e-11,8.182560e-10,8.182560e-12
7.949486e+00,2.822471e-11,8.147209e-10,8.147209e-12
7.951999e+00,2.821026e-11,8.102023e-10,8.102023e-12
7.954513e+00,2.819294e-11,8.050838e-10,8.050838e-12
7.957026e+00,2.817110e-11,7.997895e-10,7.997895e-12
7.959539e+00,2.814393e-11,7.947404e-10,7.947404e-12
7.962052e+00,2.811106e-11,7.902940e-10,7.902940e-12
7.964566e+00,2.807136e-11,7.867306e-10,7.867306e-12
7.967079e+00,2.802478e-11,7.842209e-10,7.842209e-12
7.969592e+00,2.797194e-11,7.828216e-10,7.828216e-12
7.972106e+00,2.791464e-11,7.825293e-10,7.825293e-12
7.974619e+00,2.785591e-11,7.832388e-10,7.832388e-12
7.977132e+00,2.779853e-11,7.847325e-10,7.847325e-12
7.979645e+00,2.774595e-11,7.867804e-10,7.867804e-12
7.982159e+00,2.770283e-11,7.891566e-10,7.891566e-12
7.984672e+00,2.767311e-11,7.916148e-10,7.916148e-12
7.987185e+00,2.765995e-11,7.939118e-10,7.939118e-12
7.989698e+00,2.766562e-11,7.958440e-10,7.958440e-12
7.992212e+00,2.769169e-11,7.972730e-10,7.972730e-12
7.994725e+00,2.773922e-11,7.981201e-10,7.981201e-12
7.997238e+00,2.780589e-11,7.983399e-10,7.983399e-12
7.999752e+00,2.788688e-11,7.979196e-10,7.979196e-12
8.002265e+00,2.797715e-11,7.969019e-10,7.969019e-12
8.004778e+00,2.807052e-11,7.953476e-10,7.953476e-12
8.007291e+00,2.815822e-11,7.932836e-10,7.932836e-12
8.009805e+00,2.823146e-11,7.907251e-10,7.907251e-12
8.012318e+00,2.828273e-11,7.876789e-10,7.876789e-12
8.014831e+00,2.830389e-11,7.841154e-10,7.841154e-12
8.017344e+00,2.828829e-11,7.799919e-10,7.799919e-12
8.019858e+00,2.823111e-11,7.752879e-10,7.752879e-12
8.022371e+00,2.812962e-11,7.700392e-10,7.700392e-12
8.024884e+00,2.798519e-11,7.643608e-10,7.643608e-12
8.027398e+00,2.780117e-11,7.584409e-10,7.584409e-12
8.029911e+00,2.758256e-11,7.525397e-10,7.525397e-12
8.032424e+00,2.733888e-11,7.469706e-10,7.469706e-12
8.034937e+00,2.708044e-11,7.420294e-10,7.420294e-12
8.037451e+00,2.681738e-11,7.379613e-10,7.379613e-12
8.039964e+00,2.656249e-11,7.349600e-10,7.349600e-12
8.042477e+00,2.632657e-11,7.330999e-10,7.330999e-12
8.044990e+00,2.611892e-11,7.323289e-10,7.323289e-12
8.047504e+00,2.594879e-11,7.325633e-10,7.325633e-12
8.050017e+00,2.582240e-11,7.336793e-10,7.336793e-12
8.052530e+00,2.574289e-11,7.354965e-10,7.354965e-12
8.055044e+00,2.571116e-11,7.378957e-10,7.378957e-12
8.057557e+00,2.572679e-11,7.408214e-10,7.408214e-12
8.060070e+00,2.578583e-11,7.441987e-10,7.441987e-12
8.062583e+00,2.588266e-11,7.479896e-10,7.479896e-12
8.065097e+00,2.601238e-11,7.522186e-10,7.522186e-12
8.067610e+00,2.616878e-11,7.569195e-10,7.569195e-12
8.070123e+00,2.634616e-11,7.621236e-10,7.621236e-12
8.072636e+00,2.653960e-11,7.678509e-10,7.678509e-12
8.075150e+00,2.674454e-11,7.741267e-10,7.741267e-12
8.077663e+00,2.695892e-11,7.810109e-10,7.810109e-12
8.080176e+00,2.718167e-11,7.885640e-10,7.885640e-12
8.082690e+00,2.741302e-11,7.968295e-10,7.968295e-12
8.085203e+00,2.765376e-11,8.058455e-10,8.058455e-12
8.087716e+00,2.790482e-11,8.156294e-10,8.156294e-12
8.090229e+00,2.816866e-11,8.261755e-10,8.261755e-12
8.092743e+00,2.844590e-11,8.374603e-10,8.374603e-12
8.095256e+00,2.873738e-11,8.494357e-10,8.494357e-12
8.097769e+00,2.904413e-11,8.620432e-10,8.620432e-12
8.100282e+00,2.936556e-11,8.752328e-10,8.752328e-12
8.102796e+00,2.970097e-11,8.889506e-10,8.889506e-12
8.105309e+00,3.004885e-11,9.031439e-10,9.031439e-12
8.107822e+00,3.040769e-11,9.177977e-10,9.177977e-12
8.110336e+00,3.077646e-11,9.329289e-10,9.329289e-12
8.112849e+00,3.115399e-11,9.485745e-10,9.485745e-12
8.115362e+00,3.153983e-11,9.648346e-10,9.648346e-12
8.117875e+00,3.193560e-11,9.818825e-10,9.818825e-12
8.120389e+00,3.234263e-11,9.999101e-10,9.999101e-12
8.122902e+00,3.276190e-11,1.019134e-09,1.019134e-11
8.125415e+00,3.319679e-11,1.039812e-09,1.039812e-11
8.127929e+00,3.364981e-11,1.062190e-09,1.062190e-11
8.130442e+00,3.412252e-11,1.086472e-09,1.086472e-11
8.132955e+00,3.461658e-11,1.112788e-09,1.112788e-11
8.135468e+00,3.513171e-11,1.141160e-09,1.141160e-11
8.137982e+00,3.566673e-11,1.171505e-09,1.171505e-11
8.140495e+00,3.621800e-11,1.203594e-09,1.203594e-11
8.143008e+00,3.677991e-11,1.237026e-09,1.237026e-11
8.145521e+00,3.734641e-11,1.271279e-09,1.271279e-11
8.148035e+00,3.790918e-11,1.305713e-09,1.305713e-11
8.150548e+00,3.845889e-11,1.339572e-09,1.339572e-11
8.153061e+00,3.898595e-11,1.372043e-09,1.372043e-11
8.155575e+00,3.948073e-11,1.402275e-09,1.402275e-11
8.158088e+00,3.993387e-11,1.429435e-09,1.429435e-11
8.160601e+00,4.033816e-11,1.452759e-09,1.452759e-11
8.163114e+00,4.068781e-11,1.471562e-09,1.471562e-11
8.165628e+00,4.097811e-11,1.485270e-09,1.485270e-11
8.168141e+00,4.120684e-11,1.493463e-09,1.493463e-11
8.170654e+00,4.137338e-11,1.495894e-09,1.495894e-11
8.173167e+00,4.147955e-11,1.492531e-09,1.492531e-11
8.175681e+00,4.152872e-11,1.483570e-09,1.483570e-11
8.178194e+00,4.152578e-11,1.469412e-09,1.469412e-11
8.180707e+00,4.147560e-11,1.450665e-09,1.450665e-11
8.183221e+00,4.138385e-11,1.428157e-09,1.428157e-11
8.185734e+00,4.125771e-11,1.402886e-09,1.402886e-11
8.188247e+00,4.110324e-11,1.375956e-09,1.375956e-11
8.190760e+00,4.092631e-11,1.348519e-09,1.348519e-11
8.193274e+00,4.073278e-11,1.321694e-09,1.321694e-11
8.195787e+00,4.052777e-11,1.296478e-09,1.296478e-11
8.198300e+00,4.031527e-11,1.273651e-09,1.273651e-11
8.200813e+00,4.009883e-11,1.253710e-09,1.253710e-11
8.203327e+00,3.988103e-11,1.236839e-09,1.236839e-11
8.205840e+00,3.966303e-11,1.222879e-09,1.222879e-11
8.208353e+00,3.944514e-11,1.211382e-09,1.211382e-11
8.210867e+00,3.922695e-11,1.201690e-09,1.201690e-11
8.213380e+00,3.900678e-11,1.193009e-09,1.193009e-11
8.215893e+00,3.878167e-11,1.184498e-09,1.184498e-11
8.218406e+00,3.854751e-11,1.175371e-09,1.175371e-11
8.220920e+00,3.829984e-11,1.164991e-09,1.164991e-11
8.223433e+00,3.803461e-11,1.152904e-09,1.152904e-11
8.225946e+00,3.774576e-11,1.138855e-09,1.138855e-11
8.228459e+00,3.742917e-11,1.122864e-09,1.122864e-11
8.230973e+00,3.708339e-11,1.105225e-09,1.105225e-11
8.233486e+00,3.670670e-11,1.086436e-09,1.086436e-11
8.235999e+00,3.629976e-11,1.067165e-09,1.067165e-11
8.238513e+00,3.586629e-11,1.048208e-09,1.048208e-11
8.241026e+00,3.541315e-11,1.030386e-09,1.030386e-11
8.243539e+00,3.494927e-11,1.014432e-09,1.014432e-11
8.246052e+00,3.448587e-11,1.000922e-09,1.000922e-11
8.248566e+00,3.403719e-11,9.902291e-10,9.902291e-12
8.251079e+00,3.361873e-11,9.824801e-10,9.824801e-12
8.253592e+00,3.324617e-11,9.776043e-10,9.776043e-12
8.256105e+00,3.293429e-11,9.754316e-10,9.754316e-12
8.258619e+00,3.269688e-11,9.757869e-10,9.757869e-12
8.261132e+00,3.254537e-11,9.785902e-10,9.785902e-12
8.263645e+00,3.248627e-11,9.839281e-10,9.839281e-12
8.266159e+00,3.252284e-11,9.920758e-10,9.920758e-12
8.268672e+00,3.265555e-11,1.003444e-09,1.003444e-11
8.271185e+00,3.287861e-11,1.018464e-09,1.018464e-11
8.273698e+00,3.318230e-11,1.037435e-09,1.037435e-11
8.276212e+00,3.355488e-11,1.060374e-09,1.060374e-11
8.278725e+00,3.397981e-11,1.086973e-09,1.086973e-11
8.281238e+00,3.443974e-11,1.116629e-09,1.116629e-11
8.283752e+00,3.491756e-11,1.148509e-09,1.148509e-11
8.286265e+00,3.539595e-11,1.181657e-09,1.181657e-11
8.288778e+00,3.585933e-11,1.215096e-09,1.215096e-11
8.291291e+00,3.629356e-11,1.247943e-09,1.247943e-11
8.293805e+00,3.668865e-11,1.279503e-09,1.279503e-11
8.296318e+00,3.703685e-11,1.309264e-09,1.309264e-11
8.298831e+00,3.733327e-11,1.336849e-09,1.336849e-11
8.301344e+00,3.757685e-11,1.361991e-09,1.361991e-11
8.303858e+00,3.776878e-11,1.384459e-09,1.384459e-11
8.306371e+00,3.791208e-11,1.403991e-09,1.403991e-11
8.308884e+00,3.800975e-11,1.420260e-09,1.420260e-11
8.311398e+00,3.806610e-11,1.432905e-09,1.432905e-11
8.313911e+00,3.808635e-11,1.441570e-09,1.441570e-11
8.316424e+00,3.807431e-11,1.445938e-09,1.445938e-11
8.318937e+00,3.803145e-11,1.445797e-09,1.445797e-11
8.321451e+00,3.796058e-11,1.441169e-09,1.441169e-11
8.323964e+00,3.786475e-11,1.432349e-09,1.432349e-11
8.326477e+00,3.774271e-11,1.419888e-09,1.419888e-11
8.328990e+00,3.759450e-11,1.404627e-09,1.404627e-11
8.331504e+00,3.742187e-11,1.387683e-09,1.387683e-11
8.334017e+00,3.722484e-11,1.370346e-09,1.370346e-11
8.336530e+00,3.700443e-11,1.353983e-09,1.353983e-11
8.339044e+00,3.676284e-11,1.339928e-09,1.339928e-11
8.341557e+00,3.650406e-11,1.329351e-09,1.329351e-11
8.344070e+00,3.623301e-11,1.323117e-09,1.323117e-11
8.346583e+00,3.595404e-11,1.321690e-09,1.321690e-11
8.349097e+00,3.567331e-11,1.325116e-09,1.325116e-11
8.351610e+00,3.539780e-11,1.333043e-09,1.333043e-11
8.354123e+00,3.513392e-11,1.344773e-09,1.344773e-11
8.356636e+00,3.488770e-11,1.359405e-09,1.359405e-11
8.359150e+00,3.466466e-11,1.375933e-09,1.375933e-11
8.361663e+00,3.446892e-11,1.393346e-09,1.393346e-11
8.364176e+00,3.430280e-11,1.410744e-09,1.410744e-11
8.366690e+00,3.416763e-11,1.427389e-09,1.427389e-11
8.369203e+00,3.406268e-11,1.442716e-09,1.442716e-11
8.371716e+00,3.398522e-11,1.456345e-09,1.456345e-11
8.374229e+00,3.393210e-11,1.468056e-09,1.468056e-11
8.376743e+00,3.389826e-11,1.477744e-09,1.477744e-11
8.379256e+00,3.387668e-11,1.485347e-09,1.485347e-11
8.381769e+00,3.385964e-11,1.490820e-09,1.490820e-11
8.384282e+00,3.383965e-11,1.494104e-09,1.494104e-11
8.386796e+00,3.380884e-11,1.495085e-09,1.495085e-11
8.389309e+00,3.375794e-11,1.493575e-09,1.493575e-11
8.391822e+00,3.367880e-11,1.489328e-09,1.489328e-11
8.394336e+00,3.356446e-11,1.482057e-09,1.482057e-11
8.396849e+00,3.340806e-11,1.471464e-09,1.471464e-11
8.399362e+00,3.320449e-11,1.457283e-09,1.457283e-11
8.401875e+00,3.294963e-11,1.439323e-09,1.439323e-11
8.404389e+00,3.264141e-11,1.417502e-09,1.417502e-11
8.406902e+00,3.228040e-11,1.391878e-09,1.391878e-11
8.409415e+00,3.186780e-11,1.362662e-09,1.362662e-11
8.411928e+00,3.140720e-11,1.330228e-09,1.330228e-11
8.414442e+00,3.090410e-11,1.295094e-09,1.295094e-11
8.416955e+00,3.036524e-11,1.257893e-09,1.257893e-11
8.419468e+00,2.979961e-11,1.219359e-09,1.219359e-11
8.421982e+00,2.921705e-11,1.180273e-09,1.180273e-11
8.424495e+00,2.862818e-11,1.141409e-09,1.141409e-11
8.427008e+00,2.804512e-11,1.103492e-09,1.103492e-11
8.429521e+00,2.747904e-11,1.067152e-09,1.067152e-11
8.432035e+00,2.694154e-11,1.032904e-09,1.032904e-11
8.434548e+00,2.644544e-11,1.001137e-09,1.001137e-11
8.437061e+00,2.599998e-11,9.720897e-10,9.720897e-12
8.439575e+00,2.561473e-11,9.458820e-10,9.458820e-12
8.442088e+00,2.529941e-11,9.225796e-10,9.225796e-12
8.444601e+00,2.506084e-11,9.022073e-10,9.022073e-12
8.447114e+00,2.490539e-11,8.847811e-10,8.847811e-12
8.449628e+00,2.483658e-11,8.703404e-10,8.703404e-12
8.452141e+00,2.485622e-11,8.589634e-10,8.589634e-12
8.454654e+00,2.496541e-11,8.507691e-10,8.507691e-12
8.457167e+00,2.516202e-11,8.458800e-10,8.458800e-12
8.459681e+00,2.544084e-11,8.443837e-10,8.443837e-12
8.462194e+00,2.579620e-11,8.463190e-10,8.463190e-12
8.464707e+00,2.622136e-11,8.516490e-10,8.516490e-12
8.467221e+00,2.670658e-11,8.602132e-10,8.602132e-12
8.469734e+00,2.724013e-11,8.717133e-10,8.717133e-12
8.472247e+00,2.781056e-11,8.857678e-10,8.857678e-12
8.474760e+00,2.840716e-11,9.019375e-10,9.019375e-12
8.477274e+00,2.901819e-11,9.197221e-10,9.197221e-12
8.479787e+00,2.963256e-11,9.386210e-10,9.386210e-12
8.482300e+00,3.024153e-11,9.581852e-10,9.581852e-12
8.484813e+00,3.083786e-11,9.780428e-10,9.780428e-12
8.487327e+00,3.141683e-11,9.979313e-10,9.979313e-12
8.489840e+00,3.197647e-11,1.017671e-09,1.017671e-11
8.492353e+00,3.251675e-11,1.037161e-09,1.037161e-11
8.494867e+00,3.304006e-11,1.056401e-09,1.056401e-11
8.497380e+00,3.355023e-11,1.075440e-09,1.075440e-11
8.499893e+00,3.405191e-11,1.094342e-09,1.094342e-11
8.502406e+00,3.455006e-11,1.113221e-09,1.113221e-11
8.504920e+00,3.504839e-11,1.132193e-09,1.132193e-11
8.507433e+00,3.555002e-11,1.151369e-09,1.151369e-11
8.509946e+00,3.605634e-11,1.170878e-09,1.170878e-11
8.512459e+00,3.656411e-11,1.190807e-09,1.190807e-11
8.514973e+00,3.706745e-11,1.211178e-09,1.211178e-11
8.517486e+00,3.755880e-11,1.231970e-09,1.231970e-11
8.519999e+00,3.802754e-11,1.253070e-09,1.253070e-11
8.522513e+00,3.846114e-11,1.274274e-09,1.274274e-11
8.525026e+00,3.884654e-11,1.295313e-09,1.295313e-11
8.527539e+00,3.917142e-11,1.315849e-09,1.315849e-11
8.530052e+00,3.942417e-11,1.335510e-09,1.335510e-11
8.532566e+00,3.959575e-11,1.353958e-09,1.353958e-11
8.535079e+00,3.968190e-11,1.370936e-09,1.370936e-11
8.537592e+00,3.968281e-11,1.386283e-09,1.386283e-11
8.540105e+00,3.960181e-11,1.399909e-09,1.399909e-11
8.542619e+00,3.944677e-11,1.411773e-09,1.411773e-11
8.545132e+00,3.923139e-11,1.421902e-09,1.421902e-11
8.547645e+00,3.897194e-11,1.430340e-09,1.430340e-11
8.550159e+00,3.868597e-11,1.437111e-09,1.437111e-11
8.552672e+00,3.839193e-11,1.442242e-09,1.442242e-11
8.555185e+00,3.810857e-11,1.445789e-09,1.445789e-11
8.557698e+00,3.785183e-11,1.447848e-09,1.447848e-11
8.560212e+00,3.763288e-11,1.448570e-09,1.448570e-11
8.562725e+00,3.745944e-11,1.448170e-09,1.448170e-11
8.565238e+00,3.733446e-11,1.446907e-09,1.446907e-11
8.567751e+00,3.725566e-11,1.445009e-09,1.445009e-11
8.570265e+00,3.721649e-11,1.442580e-09,1.442580e-11
8.572778e+00,3.720629e-11,1.439524e-09,1.439524e-11
8.575291e+00,3.721215e-11,1.435496e-09,1.435496e-11
8.577805e+00,3.722019e-11,1.429919e-09,1.429919e-11
8.580318e+00,3.721604e-11,1.422068e-09,1.422068e-11
8.582831e+00,3.718788e-11,1.411197e-09,1.411197e-11
8.585344e+00,3.712737e-11,1.396703e-09,1.396703e-11
8.587858e+00,3.703041e-11,1.378300e-09,1.378300e-11
8.590371e+00,3.689763e-11,1.356156e-09,1.356156e-11
8.592884e+00,3.673338e-11,1.330956e-09,1.330956e-11
8.595398e+00,3.654810e-11,1.303917e-09,1.303917e-11
8.597911e+00,3.635679e-11,1.276732e-09,1.276732e-11
8.600424e+00,3.617603e-11,1.251371e-09,1.251371e-11
8.602937e+00,3.602359e-11,1.229858e-09,1.229858e-11
8.605451e+00,3.591772e-11,1.214050e-09,1.214050e-11
8.607964e+00,3.587444e-11,1.205395e-09,1.205395e-11
8.610477e+00,3.590603e-11,1.204746e-09,1.204746e-11
8.612990e+00,3.602264e-11,1.212317e-09,1.212317e-11
8.615504e+00,3.622767e-11,1.227716e-09,1.227716e-11
8.618017e+00,3.651725e-11,1.250043e-09,1.250043e-11
8.620530e+00,3.688380e-11,1.278099e-09,1.278099e-11
8.623044e+00,3.731426e-11,1.310512e-09,1.310512e-11
8.625557e+00,3.779050e-11,1.345797e-09,1.345797e-11
8.628070e+00,3.829077e-11,1.382443e-09,1.382443e-11
8.630583e+00,3.879055e-11,1.418959e-09,1.418959e-11
8.633097e+00,3.926430e-11,1.453899e-09,1.453899e-11
8.635610e+00,3.968766e-11,1.485891e-09,1.485891e-11
8.638123e+00,4.003677e-11,1.513666e-09,1.513666e-11
8.640636e+00,4.029006e-11,1.536107e-09,1.536107e-11
8.643150e+00,4.043100e-11,1.552290e-09,1.552290e-11
8.645663e+00,4.044663e-11,1.561530e-09,1.561530e-11
8.648176e+00,4.032796e-11,1.563418e-09,1.563418e-11
8.650690e+00,4.007120e-11,1.557810e-09,1.557810e-11
8.653203e+00,3.967757e-11,1.544794e-09,1.544794e-11
8.655716e+00,3.915045e-11,1.524676e-09,1.524676e-11
8.658229e+00,3.849769e-11,1.497985e-09,1.497985e-11
8.660743e+00,3.773212e-11,1.465411e-09,1.465411e-11
8.663256e+00,3.686672e-11,1.427740e-09,1.427740e-11
8.665769e+00,3.591597e-11,1.385814e-09,1.385814e-11
8.668282e+00,3.489642e-11,1.340486e-09,1.340486e-11
8.670796e+00,3.382508e-11,1.292582e-09,1.292582e-11
8.673309e+00,3.271769e-11,1.242863e-09,1.242863e-11
8.675822e+00,3.158942e-11,1.192023e-09,1.192023e-11
8.678336e+00,3.045587e-11,1.140666e-09,1.140666e-11
8.680849e+00,2.932990e-11,1.089272e-09,1.089272e-11
8.683362e+00,2.822179e-11,1.038227e-09,1.038227e-11
8.685875e+00,2.714178e-11,9.878439e-10,9.878439e-12
8.688389e+00,2.609770e-11,9.383490e-10,9.383490e-12
8.690902e+00,2.509410e-11,8.898913e-10,8.898913e-12
8.693415e+00,2.413480e-11,8.425690e-10,8.425690e-12
8.695928e+00,2.322180e-11,7.964600e-10,7.964600e-12
8.698442e+00,2.235572e-11,7.516376e-10,7.516376e-12
8.700955e+00,2.153582e-11,7.081722e-10,7.081722e-12
8.703468e+00,2.075975e-11,6.661444e-10,6.661444e-12
8.705982e+00,2.002504e-11,6.256587e-10,6.256587e-12
8.708495e+00,1.932916e-11,5.868565e-10,5.868565e-12
8.711008e+00,1.866974e-11,5.499351e-10,5.499351e-12
8.713521e+00,1.804427e-11,5.151464e-10,5.151464e-12
8.716035e+00,1.745138e-11,4.827996e-10,4.827996e-12
8.718548e+00,1.689087e-11,4.532669e-10,4.532669e-12
8.721061e+00,1.636340e-11,4.269541e-10,4.269541e-12
8.723574e+00,1.587071e-11,4.042581e-10,4.042581e-12
8.726088e+00,1.541609e-11,3.855220e-10,3.855220e-12
8.728601e+00,1.500437e-11,3.709620e-10,3.709620e-12
8.731114e+00,1.463991e-11,3.605666e-10,3.605666e-12
8.733628e+00,1.432802e-11,3.540679e-10,3.540679e-12
8.736141e+00,1.407513e-11,3.509870e-10,3.509870e-12
8.738654e+00,1.388797e-11,3.506736e-10,3.506736e-12
8.741167e+00,1.377269e-11,3.523916e-10,3.523916e-12
8.743681e+00,1.373395e-11,3.554633e-10,3.554633e-12
8.746194e+00,1.377654e-11,3.593884e-10,3.593884e-12
8.748707e+00,1.390325e-11,3.639074e-10,3.639074e-12
8.751220e+00,1.411505e-11,3.690777e-10,3.690777e-12
8.753734e+00,1.441313e-11,3.753141e-10,3.753141e-12
8.756247e+00,1.479507e-11,3.833293e-10,3.833293e-12
8.758760e+00,1.525652e-11,3.940525e-10,3.940525e-12
8.761274e+00,1.579205e-11,4.084922e-10,4.084922e-12
8.763787e+00,1.639309e-11,4.275415e-10,4.275415e-12
8.766300e+00,1.705070e-11,4.518019e-10,4.518019e-12
8.768813e+00,1.775382e-11,4.814222e-10,4.814222e-12
8.771327e+00,1.848995e-11,5.160530e-10,5.160530e-12
8.773840e+00,1.924650e-11,5.549383e-10,5.549383e-12
8.776353e+00,2.001060e-11,5.970161e-10,5.970161e-12
8.778867e+00,2.076994e-11,6.410161e-10,6.410161e-12
8.781380e+00,2.151254e-11,6.855706e-10,6.855706e-12
8.783893e+00,2.222822e-11,7.293165e-10,7.293165e-12
8.786406e+00,2.290936e-11,7.709690e-10,7.709690e-12
8.788920e+00,2.354998e-11,8.093606e-10,8.093606e-12
8.791433e+00,2.414613e-11,8.434735e-10,8.434735e-12
8.793946e+00,2.469676e-11,8.724813e-10,8.724813e-12
8.796459e+00,2.520274e-11,8.957910e-10,8.957910e-12
8.798973e+00,2.566673e-11,9.130763e-10,9.130763e-12
8.801486e+00,2.609302e-11,9.243150e-10,9.243150e-12
8.803999e+00,2.648630e-11,9.298208e-10,9.298208e-12
8.806513e+00,2.685120e-11,9.302606e-10,9.302606e-12
8.809026e+00,2.719195e-11,9.266554e-10,9.266554e-12
8.811539e+00,2.751171e-11,9.203382e-10,9.203382e-12
8.814052e+00,2.781128e-11,9.128558e-10,9.128558e-12
8.816566e+00,2.808939e-11,9.058159e-10,9.058159e-12
8.819079e+00,2.834353e-11,9.006932e-10,9.006932e-12
8.821592e+00,2.856926e-11,8.986255e-10,8.986255e-12
8.824105e+00,2.875990e-11,9.002063e-10,9.002063e-12
8.826619e+00,2.890815e-11,9.053729e-10,9.053729e-12
8.829132e+00,2.900793e-11,9.134509e-10,9.134509e-12
8.831645e+00,2.905250e-11,9.232967e-10,9.232967e-12
8.834159e+00,2.903710e-11,9.335220e-10,9.335220e-12
8.836672e+00,2.896082e-11,9.427338e-10,9.427338e-12
8.839185e+00,2.882406e-11,9.497314e-10,9.497314e-12
8.841698e+00,2.863036e-11,9.536677e-10,9.536677e-12
8.844212e+00,2.838717e-11,9.541198e-10,9.541198e-12
8.846725e+00,2.810534e-11,9.510645e-10,9.510645e-12
8.849238e+00,2.779833e-11,9.448147e-10,9.448147e-12
8.851751e+00,2.748027e-11,9.359034e-10,9.359034e-12
8.854265e+00,2.716660e-11,9.249593e-10,9.249593e-12
8.856778e+00,2.687332e-11,9.126295e-10,9.126295e-12
8.859291e+00,2.661456e-11,8.994897e-10,8.994897e-12
8.861805e+00,2.640197e-11,8.859674e-10,8.859674e-12
8.864318e+00,2.624374e-11,8.723896e-10,8.723896e-12
8.866831e+00,2.614470e-11,8.590748e-10,8.590748e-12
8.869344e+00,2.610659e-11,8.463616e-10,8.463616e-12
8.871858e+00,2.612710e-11,8.346310e-10,8.346310e-12
8.874371e+00,2.619995e-11,8.243300e-10,8.243300e-12
8.876884e+00,2.631539e-11,8.159552e-10,8.159552e-12
8.879397e+00,2.646256e-11,8.099880e-10,8.099880e-12
8.881911e+00,2.662839e-11,8.067733e-10,8.067733e-12
8.884424e+00,2.679849e-11,8.064195e-10,8.064195e-12
8.886937e+00,2.695986e-11,8.087812e-10,8.087812e-12
8.889451e+00,2.709981e-11,8.134497e-10,8.134497e-12
8.891964e+00,2.720783e-11,8.197781e-10,8.197781e-12
8.894477e+00,2.727633e-11,8.269831e-10,8.269831e-12
8.896990e+00,2.729828e-11,8.342546e-10,8.342546e-12
8.899504e+00,2.727019e-11,8.408720e-10,8.408720e-12
8.902017e+00,2.719283e-11,8.462827e-10,8.462827e-12
8.904530e+00,2.706647e-11,8.501368e-10,8.501368e-12
8.907043e+00,2.689479e-11,8.523506e-10,8.523506e-12
8.909557e+00,2.668498e-11,8.531056e-10,8.531056e-12
8.912070e+00,2.644329e-11,8.527824e-10,8.527824e-12
8.914583e+00,2.617806e-11,8.519151e-10,8.519151e-12
8.917097e+00,2.589855e-11,8.511350e-10,8.511350e-12
8.919610e+00,2.561417e-11,8.511091e-10,8.511091e-12
8.922123e+00,2.533548e-11,8.524451e-10,8.524451e-12
8.924636e+00,2.507190e-11,8.555729e-10,8.555729e-12
8.927150e+00,2.483219e-11,8.606900e-10,8.606900e-12
8.929663e+00,2.462430e-11,8.677634e-10,8.677634e-12
8.932176e+00,2.445576e-11,8.765567e-10,8.765567e-12
8.934690e+00,2.433280e-11,8.866575e-10,8.866575e-12
8.937203e+00,2.425840e-11,8.975317e-10,8.975317e-12
8.939716e+00,2.423432e-11,9.086241e-10,9.086241e-12
8.942229e+00,2.426027e-11,9.194415e-10,9.194415e-12
8.944743e+00,2.433348e-11,9.296027e-10,9.296027e-12
8.947256e+00,2.445011e-11,9.388607e-10,9.388607e-12
8.949769e+00,2.460414e-11,9.470956e-10,9.470956e-12
8.952282e+00,2.478783e-11,9.542983e-10,9.542983e-12
8.954796e+00,2.499322e-11,9.605482e-10,9.605482e-12
8.957309e+00,2.521313e-11,9.659630e-10,9.659630e-12
8.959822e+00,2.543940e-11,9.706294e-10,9.706294e-12
8.962336e+00,2.566534e-11,9.745787e-10,9.745787e-12
8.964849e+00,2.588739e-11,9.778070e-10,9.778070e-12
8.967362e+00,2.610224e-11,9.802948e-10,9.802948e-12
8.969875e+00,2.631017e-11,9.820107e-10,9.820107e-12
8.972389e+00,2.651354e-11,9.829036e-10,9.829036e-12
8.974902e+00,2.671582e-11,9.829808e-10,9.829808e-12
8.977415e+00,2.692398e-11,9.823653e-10,9.823653e-12
8.979928e+00,2.714517e-11,9.812169e-10,9.812169e-12
8.982442e+00,2.738572e-11,9.797392e-10,9.797392e-12
8.984955e+00,2.765264e-11,9.782426e-10,9.782426e-12
8.987468e+00,2.795174e-11,9.770911e-10,9.770911e-12
8.989982e+00,2.828583e-11,9.766591e-10,9.766591e-12
8.992495e+00,2.865600e-11,9.773161e-10,9.773161e-12
8.995008e+00,2.906048e-11,9.793787e-10,9.793787e-12
8.997521e+00,2.949460e-11,9.830900e-10,9.830900e-12
9.000035e+00,2.995085e-11,9.886016e-10,9.886016e-12
9.002548e+00,3.041892e-11,9.959315e-10,9.959315e-12
9.005061e+00,3.088701e-11,1.004939e-09,1.004939e-11
9.007574e+00,3.134229e-11,1.015339e-09,1.015339e-11
9.010088e+00,3.177243e-11,1.026744e-09,1.026744e-11
9.012601e+00,3.216519e-11,1.038667e-09,1.038667e-11
9.015114e+00,3.250947e-11,1.050522e-09,1.050522e-11
9.017628e+00,3.279681e-11,1.061683e-09,1.061683e-11
9.020141e+00,3.302078e-11,1.071550e-09,1.071550e-11
9.022654e+00,3.317841e-11,1.079575e-09,1.079575e-11
9.025167e+00,3.326978e-11,1.085274e-09,1.085274e-11
9.027681e+00,3.329648e-11,1.088232e-09,1.088232e-11
9.030194e+00,3.326346e-11,1.088164e-09,1.088164e-11
9.032707e+00,3.317782e-11,1.084943e-09,1.084943e-11
9.035220e+00,3.304675e-11,1.078567e-09,1.078567e-11
9.037734e+00,3.287933e-11,1.069170e-09,1.069170e-11
9.040247e+00,3.268536e-11,1.057052e-09,1.057052e-11
9.042760e+00,3.247342e-11,1.042659e-09,1.042659e-11
9.045274e+00,3.225212e-11,1.026548e-09,1.026548e-11
9.047787e+00,3.202944e-11,1.009364e-09,1.009364e-11
9.050300e+00,3.181099e-11,9.917965e-10,9.917965e-12
9.052813e+00,3.160213e-11,9.745251e-10,9.745251e-12
9.055327e+00,3.140773e-11,9.581661e-10,9.581661e-12
9.057840e+00,3.123061e-11,9.432270e-10,9.432270e-12
9.060353e+00,3.107288e-11,9.300716e-10,9.300716e-12
9.062866e+00,3.093527e-11,9.188898e-10,9.188898e-12
9.065380e+00,3.081833e-11,9.097097e-10,9.097097e-12
9.067893e+00,3.072255e-11,9.024333e-10,9.024333e-12
9.070406e+00,3.064665e-11,8.968650e-10,8.968650e-12
9.072920e+00,3.058952e-11,8.927387e-10,8.927387e-12
9.075433e+00,3.054915e-11,8.897528e-10,8.897528e-12
9.077946e+00,3.052210e-11,8.876205e-10,8.876205e-12
9.080459e+00,3.050500e-11,8.860879e-10,8.860879e-12
9.082973e+00,3.049436e-11,8.849496e-10,8.849496e-12
9.085486e+00,3.048631e-11,8.840584e-10,8.840584e-12
9.087999e+00,3.047578e-11,8.832718e-10,8.832718e-12
9.090513e+00,3.045720e-11,8.824658e-10,8.824658e-12
9.093026e+00,3.042543e-11,8.815690e-10,8.815690e-12
9.095539e+00,3.037587e-11,8.805174e-10,8.805174e-12
9.098052e+00,3.030387e-11,8.792496e-10,8.792496e-12
9.100566e+00,3.020567e-11,8.777216e-10,8.777216e-12
9.103079e+00,3.007883e-11,8.758823e-10,8.758823e-12
9.105592e+00,2.992078e-11,8.736772e-10,8.736772e-12
9.108105e+00,2.973031e-11,8.710681e-10,8.710681e-12
9.110619e+00,2.950815e-11,8.680334e-10,8.680334e-12
9.113132e+00,2.925577e-11,8.645695e-10,8.645695e-12
9.115645e+00,2.897597e-11,8.606745e-10,8.606745e-12
9.118159e+00,2.867242e-11,8.563467e-10,8.563467e-12
9.120672e+00,2.834920e-11,8.516074e-10,8.516074e-12
9.123185e+00,2.801141e-11,8.464888e-10,8.464888e-12
9.125698e+00,2.766391e-11,8.410070e-10,8.410070e-12
9.128212e+00,2.731149e-11,8.351719e-10,8.351719e-12
9.130725e+00,2.695939e-11,8.290085e-10,8.290085e-12
9.133238e+00,2.661154e-11,8.225447e-10,8.225447e-12
9.135751e+00,2.627166e-11,8.158005e-10,8.158005e-12
9.138265e+00,2.594306e-11,8.088006e-10,8.088006e-12
9.140778e+00,2.562748e-11,8.015721e-10,8.015721e-12
9.143291e+00,2.532696e-11,7.941467e-10,7.941467e-12
9.145805e+00,2.504318e-11,7.865673e-10,7.865673e-12
9.148318e+00,2.477630e-11,7.788655e-10,7.788655e-12
9.150831e+00,2.452632e-11,7.710538e-10,7.710538e-12
9.153344e+00,2.429340e-11,7.631681e-10,7.631681e-12
9.155858e+00,2.407818e-11,7.552657e-10,7.552657e-12
9.158371e+00,2.388090e-11,7.473766e-10,7.473766e-12
9.160884e+00,2.370265e-11,7.395267e-10,7.395267e-12
9.163397e+00,2.354475e-11,7.317595e-10,7.317595e-12
9.165911e+00,2.340756e-11,7.241025e-10,7.241025e-12
9.168424e+00,2.329321e-11,7.165896e-10,7.165896e-12
9.170937e+00,2.320325e-11,7.092847e-10,7.092847e-12
9.173451e+00,2.313859e-11,7.022477e-10,7.022477e-12
9.175964e+00,2.310049e-11,6.955288e-10,6.955288e-12
9.178477e+00,2.308890e-11,6.891917e-10,6.891917e-12
9.180990e+00,2.310256e-11,6.833014e-10,6.833014e-12
9.183504e+00,2.313932e-11,6.779029e-10,6.779029e-12
9.186017e+00,2.319686e-11,6.730432e-10,6.730432e-12
9.188530e+00,2.327087e-11,6.687511e-10,6.687511e-12
9.191043e+00,2.335525e-11,6.650029e-10,6.650029e-12
9.193557e+00,2.344434e-11,6.617536e-10,6.617536e-12
9.196070e+00,2.353169e-11,6.589425e-10,6.589425e-12
9.198583e+00,2.361060e-11,6.564958e-10,6.564958e-12
9.201097e+00,2.367558e-11,6.543541e-10,6.543541e-12
9.203610e+00,2.372161e-11,6.524625e-10,6.524625e-12
9.206123e+00,2.374474e-11,6.507943e-10,6.507943e-12
9.208636e+00,2.374300e-11,6.493804e-10,6.493804e-12
9.211150e+00,2.371723e-11,6.482755e-10,6.482755e-12
9.213663e+00,2.366994e-11,6.475301e-10,6.475301e-12
9.216176e+00,2.360485e-11,6.471723e-10,6.471723e-12
9.218689e+00,2.352817e-11,6.471826e-10,6.471826e-12
9.221203e+00,2.344732e-11,6.474885e-10,6.474885e-12
9.223716e+00,2.337000e-11,6.479596e-10,6.479596e-12
9.226229e+00,2.330326e-11,6.484319e-10,6.484319e-12
9.228743e+00,2.325370e-11,6.487709e-10,6.487709e-12
9.231256e+00,2.322717e-11,6.489091e-10,6.489091e-12
9.233769e+00,2.322597e-11,6.488692e-10,6.488692e-12
9.236282e+00,2.324989e-11,6.488021e-10,6.488021e-12
9.238796e+00,2.329778e-11,6.489800e-10,6.489800e-12
9.241309e+00,2.336538e-11,6.497207e-10,6.497207e-12
9.243822e+00,2.344533e-11,6.512906e-10,6.512906e-12
9.246335e+00,2.352880e-11,6.538593e-10,6.538593e-12
9.248849e+00,2.360799e-11,6.574835e-10,6.574835e-12
9.251362e+00,2.367547e-11,6.620598e-10,6.620598e-12
9.253875e+00,2.372349e-11,6.673423e-10,6.673423e-12
9.256389e+00,2.374803e-11,6.730423e-10,6.730423e-12
9.258902e+00,2.374790e-11,6.789069e-10,6.789069e-12
9.261415e+00,2.372515e-11,6.847929e-10,6.847929e-12
9.263928e+00,2.368675e-11,6.906977e-10,6.906977e-12
9.266442e+00,2.364205e-11,6.967081e-10,6.967081e-12
9.268955e+00,2.360315e-11,7.029529e-10,7.029529e-12
9.271468e+00,2.358497e-11,7.095752e-10,7.095752e-12
9.273982e+00,2.360304e-11,7.166499e-10,7.166499e-12
9.276495e+00,2.367119e-11,7.241060e-10,7.241060e-12
9.279008e+00,2.380145e-11,7.317868e-10,7.317868e-12
9.281521e+00,2.400344e-11,7.395449e-10,7.395449e-12
9.284035e+00,2.428117e-11,7.472528e-10,7.472528e-12
9.286548e+00,2.463241e-11,7.548416e-10,7.548416e-12
9.289061e+00,2.504995e-11,7.623641e-10,7.623641e-12
9.291574e+00,2.552151e-11,7.699416e-10,7.699416e-12
9.294088e+00,2.602908e-11,7.776660e-10,7.776660e-12
9.296601e+00,2.655107e-11,7.855251e-10,7.855251e-12
9.299114e+00,2.706412e-11,7.933113e-10,7.933113e-12
9.301628e+00,2.754334e-11,8.006101e-10,8.006101e-12
9.304141e+00,2.796675e-11,8.068877e-10,8.068877e-12
9.306654e+00,2.831523e-11,8.115555e-10,8.115555e-12
9.309167e+00,2.857392e-11,8.141060e-10,8.141060e-12
9.311681e+00,2.873678e-11,8.142943e-10,8.142943e-12
9.314194e+00,2.880341e-11,8.121567e-10,8.121567e-12
9.316707e+00,2.878005e-11,8.080006e-10,8.080006e-12
9.319220e+00,2.868166e-11,8.024254e-10,8.024254e-12
9.321734e+00,2.852848e-11,7.961935e-10,7.961935e-12
9.324247e+00,2.834432e-11,7.900569e-10,7.900569e-12
9.326760e+00,2.815593e-11,7.846952e-10,7.846952e-12
9.329274e+00,2.799152e-11,7.807084e-10,7.807084e-12
9.331787e+00,2.787670e-11,7.786086e-10,7.786086e-12
9.334300e+00,2.783165e-11,7.788869e-10,7.788869e-12
9.336813e+00,2.787203e-11,7.821603e-10,7.821603e-12
9.339327e+00,2.800676e-11,7.892074e-10,7.892074e-12
9.341840e+00,2.823614e-11,8.008694e-10,8.008694e-12
9.344353e+00,2.855329e-11,8.178629e-10,8.178629e-12
9.346866e+00,2.894272e-11,8.404930e-10,8.404930e-12
9.349380e+00,2.938250e-11,8.684292e-10,8.684292e-12
9.351893e+00,2.984742e-11,9.006033e-10,9.006033e-12
9.354406e+00,3.030817e-11,9.352279e-10,9.352279e-12
9.356920e+00,3.073385e-11,9.700053e-10,9.700053e-12
9.359433e+00,3.109581e-11,1.002435e-09,1.002435e-11
9.361946e+00,3.136902e-11,1.030133e-09,1.030133e-11
9.364459e+00,3.153322e-11,1.051115e-09,1.051115e-11
9.366973e+00,3.157424e-11,1.063947e-09,1.063947e-11
9.369486e+00,3.148535e-11,1.067908e-09,1.067908e-11
9.371999e+00,3.126832e-11,1.063087e-09,1.063087e-11
9.374512e+00,3.093228e-11,1.050332e-09,1.050332e-11
9.377026e+00,3.049295e-11,1.031174e-09,1.031174e-11
9.379539e+00,2.997292e-11,1.007720e-09,1.007720e-11
9.382052e+00,2.939997e-11,9.824116e-10,9.824116e-12
9.384566e+00,2.880438e-11,9.577371e-10,9.577371e-12
9.387079e+00,2.821785e-11,9.359872e-10,9.359872e-12
9.389592e+00,2.767341e-11,9.189779e-10,9.189779e-12
9.392105e+00,2.720287e-11,9.078116e-10,9.078116e-12
9.394619e+00,2.683426e-11,9.027781e-10,9.027781e-12
9.397132e+00,2.659126e-11,9.034490e-10,9.034490e-12
9.399645e+00,2.649301e-11,9.089566e-10,9.089566e-12
9.402158e+00,2.655452e-11,9.182861e-10,9.182861e-12
9.404672e+00,2.678446e-11,9.304875e-10,9.304875e-12
9.407185e+00,2.718478e-11,9.448742e-10,9.448742e-12
9.409698e+00,2.775218e-11,9.611236e-10,9.611236e-12
9.412212e+00,2.847686e-11,9.792390e-10,9.792390e-12
9.414725e+00,2.934451e-11,9.994942e-10,9.994942e-12
9.417238e+00,3.033701e-11,1.022298e-09,1.022298e-11
9.419751e+00,3.143152e-11,1.047999e-09,1.047999e-11
9.422265e+00,3.260200e-11,1.076782e-09,1.076782e-11
9.424778e+00,3.382030e-11,1.108580e-09,1.108580e-11
9.427291e+00,3.505644e-11,1.142984e-09,1.142984e-11
9.429805e+00,3.628021e-11,1.179271e-09,1.179271e-11
9.432318e+00,3.746151e-11,1.216478e-09,1.216478e-11
9.434831e+00,3.857035e-11,1.253484e-09,1.253484e-11
9.437344e+00,3.957991e-11,1.289113e-09,1.289113e-11
9.439858e+00,4.046539e-11,1.322196e-09,1.322196e-11
9.442371e+00,4.120501e-11,1.351671e-09,1.351671e-11
9.444884e+00,4.178170e-11,1.376697e-09,1.376697e-11
9.447397e+00,4.218200e-11,1.396687e-09,1.396687e-11
9.449911e+00,4.239714e-11,1.411306e-09,1.411306e-11
9.452424e+00,4.242332e-11,1.420493e-09,1.420493e-11
9.454937e+00,4.226238e-11,1.424470e-09,1.424470e-11
9.457451e+00,4.192118e-11,1.423709e-09,1.423709e-11
9.459964e+00,4.141112e-11,1.418872e-09,1.418872e-11
9.462477e+00,4.074816e-11,1.410735e-09,1.410735e-11
9.464990e+00,3.995126e-11,1.400094e-09,1.400094e-11
9.467504e+00,3.904189e-11,1.387713e-09,1.387713e-11
9.470017e+00,3.804474e-11,1.374296e-09,1.374296e-11
9.472530e+00,3.698633e-11,1.360386e-09,1.360386e-11
9.475043e+00,3.589205e-11,1.346295e-09,1.346295e-11
9.477557e+00,3.478596e-11,1.332160e-09,1.332160e-11
9.480070e+00,3.369169e-11,1.318002e-09,1.318002e-11
9.482583e+00,3.263031e-11,1.303734e-09,1.303734e-11
9.485097e+00,3.161931e-11,1.289206e-09,1.289206e-11
9.487610e+00,3.067267e-11,1.274278e-09,1.274278e-11
9.490123e+00,2.979931e-11,1.258859e-09,1.258859e-11
9.492636e+00,2.900467e-11,1.242941e-09,1.242941e-11
9.495150e+00,2.829019e-11,1.226588e-09,1.226588e-11
9.497663e+00,2.765308e-11,1.209914e-09,1.209914e-11
9.500176e+00,2.708741e-11,1.193059e-09,1.193059e-11
9.502689e+00,2.658501e-11,1.176186e-09,1.176186e-11
9.505203e+00,2.613711e-11,1.159431e-09,1.159431e-11
9.507716e+00,2.573277e-11,1.142887e-09,1.142887e-11
9.510229e+00,2.536174e-11,1.126646e-09,1.126646e-11
9.512743e+00,2.501595e-11,1.110814e-09,1.110814e-11
9.515256e+00,2.468823e-11,1.095514e-09,1.095514e-11
9.517769e+00,2.437368e-11,1.080921e-09,1.080921e-11
9.520282e+00,2.407028e-11,1.067277e-09,1.067277e-11
9.522796e+00,2.377909e-11,1.054844e-09,1.054844e-11
9.525309e+00,2.350238e-11,1.043869e-09,1.043869e-11
9.527822e+00,2.324412e-11,1.034578e-09,1.034578e-11
9.530335e+00,2.301047e-11,1.027127e-09,1.027127e-11
9.532849e+00,2.280783e-11,1.021564e-09,1.021564e-11
9.535362e+00,2.264191e-11,1.017818e-09,1.017818e-11
9.537875e+00,2.251772e-11,1.015708e-09,1.015708e-11
9.540389e+00,2.243914e-11,1.015000e-09,1.015000e-11
9.542902e+00,2.240758e-11,1.015436e-09,1.015436e-11
9.545415e+00,2.242260e-11,1.016749e-09,1.016749e-11
9.547928e+00,2.248165e-11,1.018700e-09,1.018700e-11
9.550442e+00,2.258121e-11,1.021137e-09,1.021137e-11
9.552955e+00,2.271717e-11,1.023962e-09,1.023962e-11
9.555468e+00,2.288311e-11,1.027101e-09,1.027101e-11
9.557981e+00,2.307414e-11,1.030541e-09,1.030541e-11
9.560495e+00,2.328640e-11,1.034350e-09,1.034350e-11
9.563008e+00,2.351701e-11,1.038635e-09,1.038635e-11
9.565521e+00,2.376549e-11,1.043520e-09,1.043520e-11
9.568035e+00,2.403290e-11,1.049149e-09,1.049149e-11
9.570548e+00,2.432256e-11,1.055688e-09,1.055688e-11
9.573061e+00,2.463959e-11,1.063307e-09,1.063307e-11
9.575574e+00,2.499130e-11,1.072134e-09,1.072134e-11
9.578088e+00,2.538404e-11,1.082239e-09,1.082239e-11
9.580601e+00,2.582406e-11,1.093656e-09,1.093656e-11
9.583114e+00,2.631785e-11,1.106381e-09,1.106381e-11
9.585628e+00,2.686811e-11,1.120365e-09,1.120365e-11
9.588141e+00,2.747573e-11,1.135573e-09,1.135573e-11
9.590654e+00,2.813942e-11,1.151986e-09,1.151986e-11
9.593167e+00,2.885359e-11,1.169567e-09,1.169567e-11
9.595681e+00,2.960976e-11,1.188270e-09,1.188270e-11
9.598194e+00,3.039600e-11,1.208038e-09,1.208038e-11
9.600707e+00,3.119778e-11,1.228754e-09,1.228754e-11
9.603220e+00,3.200039e-11,1.250215e-09,1.250215e-11
9.605734e+00,3.278698e-11,1.272142e-09,1.272142e-11
9.608247e+00,3.354143e-11,1.294199e-09,1.294199e-11
9.610760e+00,3.424917e-11,1.316000e-09,1.316000e-11
9.613274e+00,3.489594e-11,1.337143e-09,1.337143e-11
9.615787e+00,3.547158e-11,1.357253e-09,1.357253e-11
9.618300e+00,3.596890e-11,1.376025e-09,1.376025e-11
9.620813e+00,3.638360e-11,1.393261e-09,1.393261e-11
9.623327e+00,3.671551e-11,1.408854e-09,1.408854e-11
9.625840e+00,3.696686e-11,1.422762e-09,1.422762e-11
9.628353e+00,3.714270e-11,1.435028e-09,1.435028e-11
9.630866e+00,3.725204e-11,1.445750e-09,1.445750e-11
9.633380e+00,3.730457e-11,1.455012e-09,1.455012e-11
9.635893e+00,3.730998e-11,1.462860e-09,1.462860e-11
9.638406e+00,3.727947e-11,1.469319e-09,1.469319e-11
9.640920e+00,3.722438e-11,1.474405e-09,1.474405e-11
9.643433e+00,3.715516e-11,1.478110e-09,1.478110e-11
9.645946e+00,3.708040e-11,1.480370e-09,1.480370e-11
9.648459e+00,3.700686e-11,1.481121e-09,1.481121e-11
9.650973e+00,3.693986e-11,1.480356e-09,1.480356e-11
9.653486e+00,3.688303e-11,1.478065e-09,1.478065e-11
9.655999e+00,3.683696e-11,1.474224e-09,1.474224e-11
9.658512e+00,3.680025e-11,1.468867e-09,1.468867e-11
9.661026e+00,3.677099e-11,1.462093e-09,1.462093e-11
9.663539e+00,3.674526e-11,1.454006e-09,1.454006e-11
9.666052e+00,3.671704e-11,1.444688e-09,1.444688e-11
9.668566e+00,3.668003e-11,1.434249e-09,1.434249e-11
9.671079e+00,3.662857e-11,1.422845e-09,1.422845e-11
9.673592e+00,3.655618e-11,1.410639e-09,1.410639e-11
9.676105e+00,3.645740e-11,1.397807e-09,1.397807e-11
9.678619e+00,3.632830e-11,1.384539e-09,1.384539e-11
9.681132e+00,3.616523e-11,1.371008e-09,1.371008e-11
9.683645e+00,3.596740e-11,1.357406e-09,1.357406e-11
9.686158e+00,3.573595e-11,1.343924e-09,1.343924e-11
9.688672e+00,3.547360e-11,1.330691e-09,1.330691e-11
9.691185e+00,3.518648e-11,1.317788e-09,1.317788e-11
9.693698e+00,3.488164e-11,1.305216e-09,1.305216e-11
9.696212e+00,3.456783e-11,1.292859e-09,1.292859e-11
9.698725e+00,3.425604e-11,1.280553e-09,1.280553e-11
9.701238e+00,3.395679e-11,1.268080e-09,1.268080e-11
9.703751e+00,3.368028e-11,1.255184e-09,1.255184e-11
9.706265e+00,3.343578e-11,1.241680e-09,1.241680e-11
9.708778e+00,3.323212e-11,1.227525e-09,1.227525e-11
9.711291e+00,3.307581e-11,1.212801e-09,1.212801e-11
9.713804e+00,3.296912e-11,1.197745e-09,1.197745e-11
9.716318e+00,3.291281e-11,1.182793e-09,1.182793e-11
9.718831e+00,3.290476e-11,1.168516e-09,1.168516e-11
9.721344e+00,3.293920e-11,1.155506e-09,1.155506e-11
9.723858e+00,3.300916e-11,1.144298e-09,1.144298e-11
9.726371e+00,3.310649e-11,1.135290e-09,1.135290e-11
9.728884e+00,3.322098e-11,1.128642e-09,1.128642e-11
9.731397e+00,3.334264e-11,1.124282e-09,1.124282e-11
9.733911e+00,3.346333e-11,1.121974e-09,1.121974e-11
9.736424e+00,3.357619e-11,1.121398e-09,1.121398e-11
9.738937e+00,3.367671e-11,1.122242e-09,1.122242e-11
9.741451e+00,3.376453e-11,1.124322e-09,1.124322e-11
9.743964e+00,3.384200e-11,1.127664e-09,1.127664e-11
9.746477e+00,3.391374e-11,1.132508e-09,1.132508e-11
9.748990e+00,3.398873e-11,1.139275e-09,1.139275e-11
9.751504e+00,3.407848e-11,1.148489e-09,1.148489e-11
9.754017e+00,3.419500e-11,1.160657e-09,1.160657e-11
9.756530e+00,3.435082e-11,1.176172e-09,1.176172e-11
9.759043e+00,3.455938e-11,1.195228e-09,1.195228e-11
9.761557e+00,3.483196e-11,1.217790e-09,1.217790e-11
9.764070e+00,3.517693e-11,1.243607e-09,1.243607e-11
9.766583e+00,3.560006e-11,1.272267e-09,1.272267e-11
9.769097e+00,3.610271e-11,1.303281e-09,1.303281e-11
9.771610e+00,3.668429e-11,1.336171e-09,1.336171e-11
9.774123e+00,3.733965e-11,1.370498e-09,1.370498e-11
9.776636e+00,3.805933e-11,1.405878e-09,1.405878e-11
9.779150e+00,3.883306e-11,1.442012e-09,1.442012e-11
9.781663e+00,3.964809e-11,1.478660e-09,1.478660e-11
9.784176e+00,4.049048e-11,1.515622e-09,1.515622e-11
9.786689e+00,4.134699e-11,1.552720e-09,1.552720e-11
9.789203e+00,4.220566e-11,1.589762e-09,1.589762e-11
9.791716e+00,4.305641e-11,1.626527e-09,1.626527e-11
9.794229e+00,4.389081e-11,1.662787e-09,1.662787e-11
9.796743e+00,4.470365e-11,1.698317e-09,1.698317e-11
9.799256e+00,4.549349e-11,1.732892e-09,1.732892e-11
9.801769e+00,4.626023e-11,1.766285e-09,1.766285e-11
9.804282e+00,4.700580e-11,1.798278e-09,1.798278e-11
9.806796e+00,4.773427e-11,1.828672e-09,1.828672e-11
9.809309e+00,4.844999e-11,1.857296e-09,1.857296e-11
9.811822e+00,4.915664e-11,1.884015e-09,1.884015e-11
9.814335e+00,4.985727e-11,1.908748e-09,1.908748e-11
9.816849e+00,5.055397e-11,1.931448e-09,1.931448e-11
9.819362e+00,5.124543e-11,1.952065e-09,1.952065e-11
9.821875e+00,5.192715e-11,1.970550e-09,1.970550e-11
9.824389e+00,5.259227e-11,1.986889e-09,1.986889e-11
9.826902e+00,5.323214e-11,2.001056e-09,2.001056e-11
9.829415e+00,5.383449e-11,2.012961e-09,2.012961e-11
9.831928e+00,5.438433e-11,2.022474e-09,2.022474e-11
9.834442e+00,5.486646e-11,2.029429e-09,2.029429e-11
9.836955e+00,5.526487e-11,2.033630e-09,2.033630e-11
9.839468e+00,5.556476e-11,2.034852e-09,2.034852e-11
9.841981e+00,5.575147e-11,2.032834e-09,2.032834e-11
9.844495e+00,5.581133e-11,2.027327e-09,2.027327e-11
9.847008e+00,5.573555e-11,2.018161e-09,2.018161e-11
9.849521e+00,5.551825e-11,2.005262e-09,2.005262e-11
9.852035e+00,5.515665e-11,1.988636e-09,1.988636e-11
9.854548e+00,5.465295e-11,1.968388e-09,1.968388e-11
9.857061e+00,5.401274e-11,1.944735e-09,1.944735e-11
9.859574e+00,5.324566e-11,1.918020e-09,1.918020e-11
9.862088e+00,5.236606e-11,1.888695e-09,1.888695e-11
9.864601e+00,5.139180e-11,1.857276e-09,1.857276e-11
9.867114e+00,5.034338e-11,1.824298e-09,1.824298e-11
9.869627e+00,4.924326e-11,1.790289e-09,1.790289e-11
9.872141e+00,4.811570e-11,1.755735e-09,1.755735e-11
9.874654e+00,4.698516e-11,1.721068e-09,1.721068e-11
9.877167e+00,4.587640e-11,1.686646e-09,1.686646e-11
9.879681e+00,4.481406e-11,1.652744e-09,1.652744e-11
9.882194e+00,4.381965e-11,1.619563e-09,1.619563e-11
9.884707e+00,4.291237e-11,1.587255e-09,1.587255e-11
9.887220e+00,4.210809e-11,1.555952e-09,1.555952e-11
9.889734e+00,4.141819e-11,1.525811e-09,1.525811e-11
9.892247e+00,4.085147e-11,1.497070e-09,1.497070e-11
9.894760e+00,4.041097e-11,1.470065e-09,1.470065e-11
9.897273e+00,4.009422e-11,1.445211e-09,1.445211e-11
9.899787e+00,3.989531e-11,1.423001e-09,1.423001e-11
9.902300e+00,3.980314e-11,1.403983e-09,1.403983e-11
9.904813e+00,3.980269e-11,1.388679e-09,1.388679e-11
9.907327e+00,3.987507e-11,1.377498e-09,1.377498e-11
9.909840e+00,3.999919e-11,1.370678e-09,1.370678e-11
9.912353e+00,4.015249e-11,1.368228e-09,1.368228e-11
9.914866e+00,4.031063e-11,1.369889e-09,1.369889e-11
9.917380e+00,4.045099e-11,1.375156e-09,1.375156e-11
9.919893e+00,4.055181e-11,1.383301e-09,1.383301e-11
9.922406e+00,4.059342e-11,1.393452e-09,1.393452e-11
9.924920e+00,4.056049e-11,1.404703e-09,1.404703e-11
9.927433e+00,4.044167e-11,1.416187e-09,1.416187e-11
9.929946e+00,4.023108e-11,1.427124e-09,1.427124e-11
9.932459e+00,3.992803e-11,1.436858e-09,1.436858e-11
9.934973e+00,3.953724e-11,1.444895e-09,1.444895e-11
9.937486e+00,3.906955e-11,1.450911e-09,1.450911e-11
9.939999e+00,3.854039e-11,1.454707e-09,1.454707e-11
9.942512e+00,3.796852e-11,1.456179e-09,1.456179e-11
9.945026e+00,3.737569e-11,1.455330e-09,1.455330e-11
9.947539e+00,3.678525e-11,1.452284e-09,1.452284e-11
9.950052e+00,3.622096e-11,1.447298e-09,1.447298e-11
9.952566e+00,3.570388e-11,1.440788e-09,1.440788e-11
9.955079e+00,3.525188e-11,1.433342e-09,1.433342e-11
9.957592e+00,3.487936e-11,1.425715e-09,1.425715e-11
9.960105e+00,3.459443e-11,1.418789e-09,1.418789e-11
9.962619e+00,3.439923e-11,1.413464e-09,1.413464e-11
9.965132e+00,3.428943e-11,1.410494e-09,1.410494e-11
9.967645e+00,3.425431e-11,1.410335e-09,1.410335e-11
9.970158e+00,3.427781e-11,1.413018e-09,1.413018e-11
9.972672e+00,3.433977e-11,1.418058e-09,1.418058e-11
9.975185e+00,3.441735e-11,1.424491e-09,1.424491e-11
9.977698e+00,3.448660e-11,1.431012e-09,1.431012e-11
9.980212e+00,3.452507e-11,1.436169e-09,1.436169e-11
9.982725e+00,3.451355e-11,1.438611e-09,1.438611e-11
9.985238e+00,3.443725e-11,1.437327e-09,1.437327e-11
9.987751e+00,3.428726e-11,1.431798e-09,1.431798e-11
9.990265e+00,3.406300e-11,1.422056e-09,1.422056e-11
9.992778e+00,3.377091e-11,1.408661e-09,1.408661e-11
9.995291e+00,3.342447e-11,1.392573e-09,1.392573e-11
9.997804e+00,3.304374e-11,1.374912e-09,1.374912e-11
1.000032e+01,3.265369e-11,1.356744e-09,1.356744e-11
1.000283e+01,3.228334e-11,1.338909e-09,1.338909e-11
1.000534e+01,3.196258e-11,1.321888e-09,1.321888e-11
1.000786e+01,3.172048e-11,1.305776e-09,1.305776e-11
1.001037e+01,3.158210e-11,1.290440e-09,1.290440e-11
1.001288e+01,3.156715e-11,1.275764e-09,1.275764e-11
1.001540e+01,3.168938e-11,1.261872e-09,1.261872e-11
1.001791e+01,3.195406e-11,1.249246e-09,1.249246e-11
1.002042e+01,3.235822e-11,1.238773e-09,1.238773e-11
1.002294e+01,3.289142e-11,1.231641e-09,1.231641e-11
1.002545e+01,3.353587e-11,1.229055e-09,1.229055e-11
1.002796e+01,3.426767e-11,1.231922e-09,1.231922e-11
1.003048e+01,3.505996e-11,1.240598e-09,1.240598e-11
1.003299e+01,3.588446e-11,1.254717e-09,1.254717e-11
1.003550e+01,3.671151e-11,1.273250e-09,1.273250e-11
1.003802e+01,3.751510e-11,1.294813e-09,1.294813e-11
1.004053e+01,3.827499e-11,1.318002e-09,1.318002e-11
1.004304e+01,3.897374e-11,1.341685e-09,1.341685e-11
1.004556e+01,3.960087e-11,1.365222e-09,1.365222e-11
1.004807e+01,4.015328e-11,1.388556e-09,1.388556e-11
1.005058e+01,4.063256e-11,1.412166e-09,1.412166e-11
1.005310e+01,4.104607e-11,1.436879e-09,1.436879e-11
1.005561e+01,4.140467e-11,1.463560e-09,1.463560e-11
1.005812e+01,4.172063e-11,1.492835e-09,1.492835e-11
1.006064e+01,4.200710e-11,1.524892e-09,1.524892e-11
1.006315e+01,4.227581e-11,1.559359e-09,1.559359e-11
1.006566e+01,4.253500e-11,1.595296e-09,1.595296e-11
1.006818e+01,4.278897e-11,1.631300e-09,1.631300e-11
1.007069e+01,4.303731e-11,1.665703e-09,1.665703e-11
1.007320e+01,4.327549e-11,1.696772e-09,1.696772e-11
1.007572e+01,4.349451e-11,1.722850e-09,1.722850e-11
1.007823e+01,4.367970e-11,1.742465e-09,1.742465e-11
1.008074e+01,4.381531e-11,1.754428e-09,1.754428e-11
1.008326e+01,4.388525e-11,1.757872e-09,1.757872e-11
1.008577e+01,4.387250e-11,1.752264e-09,1.752264e-11
1.008828e+01,4.376185e-11,1.737390e-09,1.737390e-11
1.009080e+01,4.354183e-11,1.713372e-09,1.713372e-11
1.009331e+01,4.320555e-11,1.680662e-09,1.680662e-11
1.009582e+01,4.275133e-11,1.640038e-09,1.640038e-11
1.009834e+01,4.218383e-11,1.592596e-09,1.592596e-11
1.010085e+01,4.151288e-11,1.539710e-09,1.539710e-11
1.010336e+01,4.075341e-11,1.482982e-09,1.482982e-11
1.010588e+01,3.992498e-11,1.424202e-09,1.424202e-11
1.010839e+01,3.905049e-11,1.365279e-09,1.365279e-11
1.011090e+01,3.815554e-11,1.308135e-09,1.308135e-11
1.011342e+01,3.726674e-11,1.254583e-09,1.254583e-11
1.011593e+01,3.640941e-11,1.206189e-09,1.206189e-11
1.011844e+01,3.560715e-11,1.164171e-09,1.164171e-11
1.012095e+01,3.488103e-11,1.129324e-09,1.129324e-11
1.012347e+01,3.424773e-11,1.101963e-09,1.101963e-11
1.012598e+01,3.371983e-11,1.081939e-09,1.081939e-11
1.012849e+01,3.330535e-11,1.068727e-09,1.068727e-11
1.013101e+01,3.300751e-11,1.061517e-09,1.061517e-11
1.013352e+01,3.282416e-11,1.059307e-09,1.059307e-11
1.013603e+01,3.274873e-11,1.061049e-09,1.061049e-11
1.013855e+01,3.277233e-11,1.065756e-09,1.065756e-11
1.014106e+01,3.288311e-11,1.072524e-09,1.072524e-11
1.014357e+01,3.306612e-11,1.080552e-09,1.080552e-11
1.014609e+01,3.330496e-11,1.089178e-09,1.089178e-11
1.014860e+01,3.358346e-11,1.097881e-09,1.097881e-11
1.015111e+01,3.388544e-11,1.106246e-09,1.106246e-11
1.015363e+01,3.419484e-11,1.113970e-09,1.113970e-11
1.015614e+01,3.449713e-11,1.120868e-09,1.120868e-11
1.015865e+01,3.478065e-11,1.126850e-09,1.126850e-11
1.016117e+01,3.503491e-11,1.131882e-09,1.131882e-11
1.016368e+01,3.525098e-11,1.136004e-09,1.136004e-11
1.016619e+01,3.542285e-11,1.139320e-09,1.139320e-11
1.016871e+01,3.554635e-11,1.141976e-09,1.141976e-11
1.017122e+01,3.562071e-11,1.144179e-09,1.144179e-11
1.017373e+01,3.564744e-11,1.146164e-09,1.146164e-11
1.017625e+01,3.562947e-11,1.148138e-09,1.148138e-11
1.017876e+01,3.557183e-11,1.150301e-09,1.150301e-11
1.018127e+01,3.548134e-11,1.152855e-09,1.152855e-11
1.018379e+01,3.536714e-11,1.155931e-09,1.155931e-11
1.018630e+01,3.523883e-11,1.159583e-09,1.159583e-11
1.018881e+01,3.510676e-11,1.163815e-09,1.163815e-11
1.019133e+01,3.498270e-11,1.168573e-09,1.168573e-11
1.019384e+01,3.487708e-11,1.173733e-09,1.173733e-11
1.019635e+01,3.480126e-11,1.179137e-09,1.179137e-11
1.019887e+01,3.476481e-11,1.184627e-09,1.184627e-11
1.020138e+01,3.477453e-11,1.190061e-09,1.190061e-11
1.020389e+01,3.483813e-11,1.195364e-09,1.195364e-11
1.020641e+01,3.495955e-11,1.200527e-09,1.200527e-11
1.020892e+01,3.513892e-11,1.205612e-09,1.205612e-11
1.021143e+01,3.537499e-11,1.210734e-09,1.210734e-11
1.021395e+01,3.566255e-11,1.216042e-09,1.216042e-11
1.021646e+01,3.599337e-11,1.221708e-09,1.221708e-11
1.021897e+01,3.635757e-11,1.227884e-09,1.227884e-11
1.022149e+01,3.674210e-11,1.234637e-09,1.234637e-11
1.022400e+01,3.713230e-11,1.241929e-09,1.241929e-11
1.022651e+01,3.751335e-11,1.249638e-09,1.249638e-11
1.022903e+01,3.786976e-11,1.257555e-09,1.257555e-11
1.023154e+01,3.818632e-11,1.265380e-09,1.265380e-11
1.023405e+01,3.844966e-11,1.272786e-09,1.272786e-11
1.023657e+01,3.864935e-11,1.279501e-09,1.279501e-11
1.023908e+01,3.877762e-11,1.285339e-09,1.285339e-11
1.024159e+01,3.882988e-11,1.290197e-09,1.290197e-11
1.024411e+01,3.880530e-11,1.294084e-09,1.294084e-11
1.024662e+01,3.870766e-11,1.297151e-09,1.297151e-11
1.024913e+01,3.854403e-11,1.299643e-09,1.299643e-11
1.025165e+01,3.832411e-11,1.301828e-09,1.301828e-11
1.025416e+01,3.806106e-11,1.303973e-09,1.303973e-11
1.025667e+01,3.776920e-11,1.306332e-09,1.306332e-11
1.025918e+01,3.746443e-11,1.309101e-09,1.309101e-11
1.026170e+01,3.716269e-11,1.312390e-09,1.312390e-11
1.026421e+01,3.687785e-11,1.316235e-09,1.316235e-11
1.026672e+01,3.662308e-11,1.320635e-09,1.320635e-11
1.026924e+01,3.640873e-11,1.325586e-09,1.325586e-11
1.027175e+01,3.624225e-11,1.331112e-09,1.331112e-11
1.027426e+01,3.612863e-11,1.337262e-09,1.337262e-11
1.027678e+01,3.606853e-11,1.344081e-09,1.344081e-11
1.027929e+01,3.605964e-11,1.351619e-09,1.351619e-11
1.028180e+01,3.609707e-11,1.359925e-09,1.359925e-11
1.028432e+01,3.617389e-11,1.369015e-09,1.369015e-11
1.028683e+01,3.628228e-11,1.378864e-09,1.378864e-11
1.028934e+01,3.641284e-11,1.389396e-09,1.389396e-11
1.029186e+01,3.655597e-11,1.400487e-09,1.400487e-11
1.029437e+01,3.670297e-11,1.411991e-09,1.411991e-11
1.029688e+01,3.684633e-11,1.423781e-09,1.423781e-11
1.029940e+01,3.698008e-11,1.435758e-09,1.435758e-11
1.030191e+01,3.709999e-11,1.447863e-09,1.447863e-11
1.030442e+01,3.720398e-11,1.460089e-09,1.460089e-11
1.030694e+01,3.729096e-11,1.472460e-09,1.472460e-11
1.030945e+01,3.736131e-11,1.485003e-09,1.485003e-11
1.031196e+01,3.741731e-11,1.497758e-09,1.497758e-11
1.031448e+01,3.746094e-11,1.510747e-09,1.510747e-11
1.031699e+01,3.749480e-11,1.523934e-09,1.523934e-11
1.031950e+01,3.752131e-11,1.537242e-09,1.537242e-11
1.032202e+01,3.754249e-11,1.550571e-09,1.550571e-11
1.032453e+01,3.756036e-11,1.563782e-09,1.563782e-11
1.032704e+01,3.757465e-11,1.576697e-09,1.576697e-11
1.032956e+01,3.758475e-11,1.589144e-09,1.589144e-11
1.033207e+01,3.758934e-11,1.600972e-09,1.600972e-11
1.033458e+01,3.758593e-11,1.612060e-09,1.612060e-11
1.033710e+01,3.757291e-11,1.622327e-09,1.622327e-11
1.033961e+01,3.754749e-11,1.631738e-09,1.631738e-11
1.034212e+01,3.750639e-11,1.640282e-09,1.640282e-11
1.034464e+01,3.744790e-11,1.647991e-09,1.647991e-11
1.034715e+01,3.737082e-11,1.654944e-09,1.654944e-11
1.034966e+01,3.727434e-11,1.661239e-09,1.661239e-11
1.035218e+01,3.715853e-11,1.666967e-09,1.666967e-11
1.035469e+01,3.702433e-11,1.672217e-09,1.672217e-11
1.035720e+01,3.687440e-11,1.677079e-09,1.677079e-11
1.035972e+01,3.671211e-11,1.681603e-09,1.681603e-11
1.036223e+01,3.654097e-11,1.685809e-09,1.685809e-11
1.036474e+01,3.636620e-11,1.689695e-09,1.689695e-11
1.036726e+01,3.619317e-11,1.693214e-09,1.693214e-11
1.036977e+01,3.602669e-11,1.696277e-09,1.696277e-11
1.037228e+01,3.587260e-11,1.698785e-09,1.698785e-11
1.037480e+01,3.573740e-11,1.700645e-09,1.700645e-11
1.037731e+01,3.562633e-11,1.701745e-09,1.701745e-11
1.037982e+01,3.554468e-11,1.701972e-09,1.701972e-11
1.038234e+01,3.549719e-11,1.701251e-09,1.701251e-11
1.038485e+01,3.548732e-11,1.699547e-09,1.699547e-11
1.038736e+01,3.551896e-11,1.696839e-09,1.696839e-11
1.038988e+01,3.559386e-11,1.693126e-09,1.693126e-11
1.039239e+01,3.571270e-11,1.688457e-09,1.688457e-11
1.039490e+01,3.587601e-11,1.682927e-09,1.682927e-11
1.039742e+01,3.608263e-11,1.676655e-09,1.676655e-11
1.039993e+01,3.633026e-11,1.669757e-09,1.669757e-11
1.040244e+01,3.661600e-11,1.662368e-09,1.662368e-11
1.040495e+01,3.693670e-11,1.654634e-09,1.654634e-11
1.040747e+01,3.728843e-11,1.646686e-09,1.646686e-11
1.040998e+01,3.766671e-11,1.638626e-09,1.638626e-11
1.041249e+01,3.806747e-11,1.630563e-09,1.630563e-11
1.041501e+01,3.848741e-11,1.622595e-09,1.622595e-11
1.041752e+01,3.892308e-11,1.614782e-09,1.614782e-11
1.042003e+01,3.937090e-11,1.607162e-09,1.607162e-11
1.042255e+01,3.982767e-11,1.599777e-09,1.599777e-11
1.042506e+01,4.029122e-11,1.592652e-09,1.592652e-11
1.042757e+01,4.075792e-11,1.585771e-09,1.585771e-11
1.043009e+01,4.122285e-11,1.579096e-09,1.579096e-11
1.043260e+01,4.168195e-11,1.572576e-09,1.572576e-11
1.043511e+01,4.212906e-11,1.566100e-09,1.566100e-11
1.043763e+01,4.255579e-11,1.559485e-09,1.559485e-11
1.044014e+01,4.295263e-11,1.552489e-09,1.552489e-11
1.044265e+01,4.330839e-11,1.544811e-09,1.544811e-11
1.044517e+01,4.361059e-11,1.536099e-09,1.536099e-11
1.044768e+01,4.384683e-11,1.525995e-09,1.525995e-11
1.045019e+01,4.400465e-11,1.514185e-09,1.514185e-11
1.045271e+01,4.407263e-11,1.500441e-09,1.500441e-11
1.045522e+01,4.404100e-11,1.484662e-09,1.484662e-11
1.045773e+01,4.390280e-11,1.466952e-09,1.466952e-11
1.046025e+01,4.365692e-11,1.447664e-09,1.447664e-11
1.046276e+01,4.330689e-11,1.427382e-09,1.427382e-11
1.046527e+01,4.286089e-11,1.406841e-09,1.406841e-11
1.046779e+01,4.233276e-11,1.386839e-09,1.386839e-11
1.047030e+01,4.174150e-11,1.368115e-09,1.368115e-11
1.047281e+01,4.111175e-11,1.351219e-09,1.351219e-11
1.047533e+01,4.047125e-11,1.336402e-09,1.336402e-11
1.047784e+01,3.984839e-11,1.323578e-09,1.323578e-11
1.048035e+01,3.927242e-11,1.312385e-09,1.312385e-11
1.048287e+01,3.877184e-11,1.302352e-09,1.302352e-11
1.048538e+01,3.837082e-11,1.293097e-09,1.293097e-11
1.048789e+01,3.808846e-11,1.284532e-09,1.284532e-11
1.049041e+01,3.793783e-11,1.277014e-09,1.277014e-11
1.049292e+01,3.792361e-11,1.271389e-09,1.271389e-11
1.049543e+01,3.804289e-11,1.268881e-09,1.268881e-11
1.049795e+01,3.828546e-11,1.270819e-09,1.270819e-11
1.050046e+01,3.863372e-11,1.278275e-09,1.278275e-11
1.050297e+01,3.906429e-11,1.291685e-09,1.291685e-11
1.050549e+01,3.954876e-11,1.310562e-09,1.310562e-11
1.050800e+01,4.005620e-11,1.333450e-09,1.333450e-11
1.051051e+01,4.055648e-11,1.358122e-09,1.358122e-11
1.051303e+01,4.102113e-11,1.381930e-09,1.381930e-11
1.051554e+01,4.142501e-11,1.402202e-09,1.402202e-11
1.051805e+01,4.174812e-11,1.416642e-09,1.416642e-11
1.052057e+01,4.197681e-11,1.423684e-09,1.423684e-11
1.052308e+01,4.210526e-11,1.422705e-09,1.422705e-11
1.052559e+01,4.213460e-11,1.414076e-09,1.414076e-11
1.052811e+01,4.207287e-11,1.399132e-09,1.399132e-11
1.053062e+01,4.193460e-11,1.380035e-09,1.380035e-11
1.053313e+01,4.173935e-11,1.359471e-09,1.359471e-11
1.053565e+01,4.150932e-11,1.340267e-09,1.340267e-11
1.053816e+01,4.126806e-11,1.324997e-09,1.324997e-11
1.054067e+01,4.104024e-11,1.315573e-09,1.315573e-11
1.054318e+01,4.084782e-11,1.312928e-09,1.312928e-11
1.054570e+01,4.070958e-11,1.316943e-09,1.316943e-11
1.054821e+01,4.063997e-11,1.326605e-09,1.326605e-11
1.055072e+01,4.064785e-11,1.340298e-09,1.340298e-11
1.055324e+01,4.073693e-11,1.356152e-09,1.356152e-11
1.055575e+01,4.090514e-11,1.372380e-09,1.372380e-11
1.055826e+01,4.114578e-11,1.387500e-09,1.387500e-11
1.056078e+01,4.144734e-11,1.400440e-09,1.400440e-11
1.056329e+01,4.179438e-11,1.410554e-09,1.410554e-11
1.056580e+01,4.216936e-11,1.417569e-09,1.417569e-11
1.056832e+01,4.255356e-11,1.421501e-09,1.421501e-11
1.057083e+01,4.292807e-11,1.422545e-09,1.422545e-11
1.057334e+01,4.327496e-11,1.420979e-09,1.420979e-11
1.057586e+01,4.357857e-11,1.417111e-09,1.417111e-11
1.057837e+01,4.382573e-11,1.411211e-09,1.411211e-11
1.058088e+01,4.400646e-11,1.403495e-09,1.403495e-11
1.058340e+01,4.411388e-11,1.394138e-09,1.394138e-11
1.058591e+01,4.414479e-11,1.383292e-09,1.383292e-11
1.058842e+01,4.409942e-11,1.371105e-09,1.371105e-11
1.059094e+01,4.398032e-11,1.357741e-09,1.357741e-11
1.059345e+01,4.379393e-11,1.343409e-09,1.343409e-11
1.059596e+01,4.354818e-11,1.328349e-09,1.328349e-11
1.059848e+01,4.325082e-11,1.312817e-09,1.312817e-11
1.060099e+01,4.291190e-11,1.297099e-09,1.297099e-11
1.060350e+01,4.254163e-11,1.281510e-09,1.281510e-11
1.060602e+01,4.214941e-11,1.266356e-09,1.266356e-11
1.060853e+01,4.174492e-11,1.251918e-09,1.251918e-11
1.061104e+01,4.133615e-11,1.238438e-09,1.238438e-11
1.061356e+01,4.092953e-11,1.226120e-09,1.226120e-11
1.061607e+01,4.053113e-11,1.215146e-09,1.215146e-11
1.061858e+01,4.014639e-11,1.205637e-09,1.205637e-11
1.062110e+01,3.977885e-11,1.197636e-09,1.197636e-11
1.062361e+01,3.942997e-11,1.191150e-09,1.191150e-11
1.062612e+01,3.910146e-11,1.186160e-09,1.186160e-11
1.062864e+01,3.879421e-11,1.182582e-09,1.182582e-11
1.063115e+01,3.850724e-11,1.180299e-09,1.180299e-11
1.063366e+01,3.824035e-11,1.179194e-09,1.179194e-11
1.063618e+01,3.799300e-11,1.179116e-09,1.179116e-11
1.063869e+01,3.776213e-11,1.179880e-09,1.179880e-11
1.064120e+01,3.754595e-11,1.181326e-09,1.181326e-11
1.064372e+01,3.734380e-11,1.183312e-09,1.183312e-11
1.064623e+01,3.715323e-11,1.185690e-09,1.185690e-11
1.064874e+01,3.697244e-11,1.188321e-09,1.188321e-11
1.065126e+01,3.680071e-11,1.191115e-09,1.191115e-11
1.065377e+01,3.663842e-11,1.194004e-09,1.194004e-11
1.065628e+01,3.648634e-11,1.196925e-09,1.196925e-11
1.065880e+01,3.634593e-11,1.199834e-09,1.199834e-11
1.066131e+01,3.622036e-11,1.202703e-09,1.202703e-11
1.066382e+01,3.611329e-11,1.205502e-09,1.205502e-11
1.066634e+01,3.603003e-11,1.208212e-09,1.208212e-11
1.066885e+01,3.597683e-11,1.210841e-09,1.210841e-11
1.067136e+01,3.595985e-11,1.213412e-09,1.213412e-11
1.067388e+01,3.598486e-11,1.215937e-09,1.215937e-11
1.067639e+01,3.605583e-11,1.218432e-09,1.218432e-11
1.067890e+01,3.617579e-11,1.220986e-09,1.220986e-11
1.068142e+01,3.634670e-11,1.223764e-09,1.223764e-11
1.068393e+01,3.656659e-11,1.226957e-09,1.226957e-11
1.068644e+01,3.682951e-11,1.230751e-09,1.230751e-11
1.068895e+01,3.712622e-11,1.235304e-09,1.235304e-11
1.069147e+01,3.744450e-11,1.240698e-09,1.240698e-11
1.069398e+01,3.776895e-11,1.246860e-09,1.246860e-11
1.069649e+01,3.808076e-11,1.253515e-09,1.253515e-11
1.069901e+01,3.836104e-11,1.260187e-09,1.260187e-11
1.070152e+01,3.859011e-11,1.266209e-09,1.266209e-11
1.070403e+01,3.874806e-11,1.270795e-09,1.270795e-11
1.070655e+01,3.881903e-11,1.273205e-09,1.273205e-11
1.070906e+01,3.879182e-11,1.272862e-09,1.272862e-11
1.071157e+01,3.865923e-11,1.269444e-09,1.269444e-11
1.071409e+01,3.841988e-11,1.263010e-09,1.263010e-11
1.071660e+01,3.808044e-11,1.254038e-09,1.254038e-11
1.071911e+01,3.765416e-11,1.243371e-09,1.243371e-11
1.072163e+01,3.716050e-11,1.232094e-09,1.232094e-11
1.072414e+01,3.662404e-11,1.221336e-09,1.221336e-11
1.072665e+01,3.607280e-11,1.212046e-09,1.212046e-11
1.072917e+01,3.553777e-11,1.204831e-09,1.204831e-11
1.073168e+01,3.504941e-11,1.199854e-09,1.199854e-11
1.073419e+01,3.463552e-11,1.196826e-09,1.196826e-11
1.073671e+01,3.431954e-11,1.195148e-09,1.195148e-11
1.073922e+01,3.411910e-11,1.194117e-09,1.194117e-11
1.074173e+01,3.404442e-11,1.193130e-09,1.193130e-11
1.074425e+01,3.409636e-11,1.191837e-09,1.191837e-11
1.074676e+01,3.426739e-11,1.190186e-09,1.190186e-11
1.074927e+01,3.454090e-11,1.188375e-09,1.188375e-11
1.075179e+01,3.489397e-11,1.186759e-09,1.186759e-11
1.075430e+01,3.529849e-11,1.185644e-09,1.185644e-11
1.075681e+01,3.572088e-11,1.185066e-09,1.185066e-11
1.075933e+01,3.612747e-11,1.184732e-09,1.184732e-11
1.076184e+01,3.648659e-11,1.184083e-09,1.184083e-11
1.076435e+01,3.676926e-11,1.182354e-09,1.182354e-11
1.076687e+01,3.695198e-11,1.178742e-09,1.178742e-11
1.076938e+01,3.701908e-11,1.172668e-09,1.172668e-11
1.077189e+01,3.696355e-11,1.163911e-09,1.163911e-11
1.077441e+01,3.678650e-11,1.152634e-09,1.152634e-11
1.077692e+01,3.649699e-11,1.139372e-09,1.139372e-11
1.077943e+01,3.611227e-11,1.124933e-09,1.124933e-11
1.078195e+01,3.565561e-11,1.110191e-09,1.110191e-11
1.078446e+01,3.515380e-11,1.095882e-09,1.095882e-11
1.078697e+01,3.463591e-11,1.082451e-09,1.082451e-11
1.078949e+01,3.413032e-11,1.070015e-09,1.070015e-11
1.079200e+01,3.366303e-11,1.058435e-09,1.058435e-11
1.079451e+01,3.325640e-11,1.047399e-09,1.047399e-11
1.079703e+01,3.292620e-11,1.036589e-09,1.036589e-11
1.079954e+01,3.268197e-11,1.025885e-09,1.025885e-11
1.080205e+01,3.252708e-11,1.015433e-09,1.015433e-11
1.080457e+01,3.245649e-11,1.005580e-09,1.005580e-11
1.080708e+01,3.245940e-11,9.968038e-10,9.968038e-12
1.080959e+01,3.252081e-11,9.895678e-10,9.895678e-12
1.081211e+01,3.262123e-11,9.841303e-10,9.841303e-12
1.081462e+01,3.273911e-11,9.804306e-10,9.804306e-12
1.081713e+01,3.285325e-11,9.780419e-10,9.780419e-12
1.081965e+01,3.294280e-11,9.762074e-10,9.762074e-12
1.082216e+01,3.298806e-11,9.740016e-10,9.740016e-12
1.082467e+01,3.297532e-11,9.705162e-10,9.705162e-12
1.082718e+01,3.289458e-11,9.649767e-10,9.649767e-12
1.082970e+01,3.273763e-11,9.568548e-10,9.568548e-12
1.083221e+01,3.250313e-11,9.459630e-10,9.459630e-12
1.083472e+01,3.219345e-11,9.324356e-10,9.324356e-12
1.083724e+01,3.181361e-11,9.166659e-10,9.166659e-12
1.083975e+01,3.137296e-11,8.992399e-10,8.992399e-12
1.084226e+01,3.088198e-11,8.808214e-10,8.808214e-12
1.084478e+01,3.035239e-11,8.620479e-10,8.620479e-12
1.084729e+01,2.979641e-11,8.434690e-10,8.434690e-12
1.084980e+01,2.922592e-11,8.254981e-10,8.254981e-12
1.085232e+01,2.865236e-11,8.083956e-10,8.083956e-12
1.085483e+01,2.808560e-11,7.922919e-10,7.922919e-12
1.085734e+01,2.753425e-11,7.772168e-10,7.772168e-12
1.085986e+01,2.700579e-11,7.631429e-10,7.631429e-12
1.086237e+01,2.650584e-11,7.500377e-10,7.500377e-12
1.086488e+01,2.603823e-11,7.378860e-10,7.378860e-12
1.086740e+01,2.560592e-11,7.267100e-10,7.267100e-12
1.086991e+01,2.521094e-11,7.165711e-10,7.165711e-12
1.087242e+01,2.485341e-11,7.075395e-10,7.075395e-12
1.087494e+01,2.453334e-11,6.996974e-10,6.996974e-12
1.087745e+01,2.425066e-11,6.931342e-10,6.931342e-12
1.087996e+01,2.400343e-11,6.878918e-10,6.878918e-12
1.088248e+01,2.378925e-11,6.839528e-10,6.839528e-12
1.088499e+01,2.360597e-11,6.812714e-10,6.812714e-12
1.088750e+01,2.345112e-11,6.797807e-10,6.797807e-12
1.089002e+01,2.332153e-11,6.793795e-10,6.793795e-12
1.089253e+01,2.321412e-11,6.799431e-10,6.799431e-12
1.089504e+01,2.312631e-11,6.813482e-10,6.813482e-12
1.089756e+01,2.305517e-11,6.834854e-10,6.834854e-12
1.090007e+01,2.299834e-11,6.862701e-10,6.862701e-12
1.090258e+01,2.295464e-11,6.896573e-10,6.896573e-12
1.090510e+01,2.292371e-11,6.936263e-10,6.936263e-12
1.090761e+01,2.290544e-11,6.981483e-10,6.981483e-12
1.091012e+01,2.290026e-11,7.032177e-10,7.032177e-12
1.091264e+01,2.291105e-11,7.088681e-10,7.088681e-12
1.091515e+01,2.294102e-11,7.150908e-10,7.150908e-12
1.091766e+01,2.299292e-11,7.218262e-10,7.218262e-12
1.092018e+01,2.307116e-11,7.290316e-10,7.290316e-12
1.092269e+01,2.318148e-11,7.366730e-10,7.366730e-12
1.092520e+01,2.332969e-11,7.446897e-10,7.446897e-12
1.092772e+01,2.352054e-11,7.530196e-10,7.530196e-12
1.093023e+01,2.375925e-11,7.616506e-10,7.616506e-12
1.093274e+01,2.405098e-11,7.706593e-10,7.706593e-12
1.093526e+01,2.440090e-11,7.802403e-10,7.802403e-12
1.093777e+01,2.481385e-11,7.907242e-10,7.907242e-12
1.094028e+01,2.529263e-11,8.025887e-10,8.025887e-12
1.094280e+01,2.584007e-11,8.164671e-10,8.164671e-12
1.094531e+01,2.645876e-11,8.331183e-10,8.331183e-12
1.094782e+01,2.714906e-11,8.533480e-10,8.533480e-12
1.095034e+01,2.791070e-11,8.779299e-10,8.779299e-12
1.095285e+01,2.874194e-11,9.075210e-10,9.075210e-12
1.095536e+01,2.963908e-11,9.425512e-10,9.425512e-12
1.095788e+01,3.059808e-11,9.831389e-10,9.831389e-12
1.096039e+01,3.161296e-11,1.029059e-09,1.029059e-11
1.096290e+01,3.267538e-11,1.079731e-09,1.079731e-11
1.096541e+01,3.377600e-11,1.134253e-09,1.134253e-11
1.096793e+01,3.490397e-11,1.191484e-09,1.191484e-11
1.097044e+01,3.604684e-11,1.250109e-09,1.250109e-11
1.097295e+01,3.719089e-11,1.308723e-09,1.308723e-11
1.097547e+01,3.832168e-11,1.365908e-09,1.365908e-11
1.097798e+01,3.942445e-11,1.420295e-09,1.420295e-11
1.098049e+01,4.048414e-11,1.470615e-09,1.470615e-11
1.098301e+01,4.148546e-11,1.515742e-09,1.515742e-11
1.098552e+01,4.241355e-11,1.554725e-09,1.554725e-11
1.098803e+01,4.325516e-11,1.586825e-09,1.586825e-11
1.099055e+01,4.399834e-11,1.611533e-09,1.611533e-11
1.099306e+01,4.463293e-11,1.628574e-09,1.628574e-11
1.099557e+01,4.515131e-11,1.637896e-09,1.637896e-11
1.099809e+01,4.554786e-11,1.639673e-09,1.639673e-11
1.100060e+01,4.582019e-11,1.634290e-09,1.634290e-11
1.100311e+01,4.596859e-11,1.622322e-09,1.622322e-11
1.100563e+01,4.599585e-11,1.604504e-09,1.604504e-11
1.100814e+01,4.590838e-11,1.581688e-09,1.581688e-11
1.101065e+01,4.571512e-11,1.554812e-09,1.554812e-11
1.101317e+01,4.542734e-11,1.524859e-09,1.524859e-11
1.101568e+01,4.505830e-11,1.492795e-09,1.492795e-11
1.101819e+01,4.462209e-11,1.459527e-09,1.459527e-11
1.102071e+01,4.413452e-11,1.425881e-09,1.425881e-11
1.102322e+01,4.361177e-11,1.392564e-09,1.392564e-11
1.102573e+01,4.306796e-11,1.360132e-09,1.360132e-11
1.102825e+01,4.251764e-11,1.329000e-09,1.329000e-11
1.103076e+01,4.197280e-11,1.299458e-09,1.299458e-11
1.103327e+01,4.144230e-11,1.271681e-09,1.271681e-11
1.103579e+01,4.093362e-11,1.245761e-09,1.245761e-11
1.103830e+01,4.045023e-11,1.221730e-09,1.221730e-11
1.104081e+01,3.999247e-11,1.199579e-09,1.199579e-11
1.104333e+01,3.955764e-11,1.179262e-09,1.179262e-11
1.104584e+01,3.914101e-11,1.160728e-09,1.160728e-11
1.104835e+01,3.873573e-11,1.143912e-09,1.143912e-11
1.105087e+01,3.833310e-11,1.128711e-09,1.128711e-11
1.105338e+01,3.792489e-11,1.115003e-09,1.115003e-11
1.105589e+01,3.750246e-11,1.102658e-09,1.102658e-11
1.105841e+01,3.705819e-11,1.091557e-09,1.091557e-11
1.106092e+01,3.658736e-11,1.081618e-09,1.081618e-11
1.106343e+01,3.608810e-11,1.072828e-09,1.072828e-11
1.106595e+01,3.556207e-11,1.065251e-09,1.065251e-11
1.106846e+01,3.501341e-11,1.058993e-09,1.058993e-11
1.107097e+01,3.444943e-11,1.054183e-09,1.054183e-11
1.107349e+01,3.388114e-11,1.050971e-09,1.050971e-11
1.107600e+01,3.332266e-11,1.049490e-09,1.049490e-11
1.107851e+01,3.278994e-11,1.049790e-09,1.049790e-11
1.108103e+01,3.229972e-11,1.051823e-09,1.051823e-11
1.108354e+01,3.186967e-11,1.055459e-09,1.055459e-11
1.108605e+01,3.151623e-11,1.060484e-09,1.060484e-11
1.108857e+01,3.125481e-11,1.066651e-09,1.066651e-11
1.109108e+01,3.109790e-11,1.073768e-09,1.073768e-11
1.109359e+01,3.105479e-11,1.081742e-09,1.081742e-11
1.109611e+01,3.113268e-11,1.090609e-09,1.090609e-11
1.109862e+01,3.133358e-11,1.100547e-09,1.100547e-11
1.110113e+01,3.165492e-11,1.111876e-09,1.111876e-11
1.110365e+01,3.209011e-11,1.125014e-09,1.125014e-11
1.110616e+01,3.262821e-11,1.140385e-09,1.140385e-11
1.110867e+01,3.325468e-11,1.158327e-09,1.158327e-11
1.111118e+01,3.395118e-11,1.178972e-09,1.178972e-11
1.111370e+01,3.469521e-11,1.202161e-09,1.202161e-11
1.111621e+01,3.546193e-11,1.227405e-09,1.227405e-11
1.111872e+01,3.622526e-11,1.253887e-09,1.253887e-11
1.112124e+01,3.695707e-11,1.280479e-09,1.280479e-11
1.112375e+01,3.762943e-11,1.305826e-09,1.305826e-11
1.112626e+01,3.821623e-11,1.328471e-09,1.328471e-11
1.112878e+01,3.869264e-11,1.346993e-09,1.346993e-11
1.113129e+01,3.903629e-11,1.360118e-09,1.360118e-11
1.113380e+01,3.922973e-11,1.366821e-09,1.366821e-11
1.113632e+01,3.926089e-11,1.366444e-09,1.366444e-11
1.113883e+01,3.912298e-11,1.358776e-09,1.358776e-11
1.114134e+01,3.881649e-11,1.344077e-09,1.344077e-11
1.114386e+01,3.834874e-11,1.323071e-09,1.323071e-11
1.114637e+01,3.773310e-11,1.296898e-09,1.296898e-11
1.114888e+01,3.698972e-11,1.267000e-09,1.267000e-11
1.115140e+01,3.614373e-11,1.234992e-09,1.234992e-11
1.115391e+01,3.522482e-11,1.202529e-09,1.202529e-11
1.115642e+01,3.426639e-11,1.171141e-09,1.171141e-11
1.115894e+01,3.330172e-11,1.142057e-09,1.142057e-11
1.116145e+01,3.236257e-11,1.116133e-09,1.116133e-11
1.116396e+01,3.147954e-11,1.093883e-09,1.093883e-11
1.116648e+01,3.067896e-11,1.075542e-09,1.075542e-11
1.116899e+01,2.998100e-11,1.061164e-09,1.061164e-11
1.117150e+01,2.939966e-11,1.050735e-09,1.050735e-11
1.117402e+01,2.894138e-11,1.044238e-09,1.044238e-11
1.117653e+01,2.860609e-11,1.041639e-09,1.041639e-11
1.117904e+01,2.838764e-11,1.042822e-09,1.042822e-11
1.118156e+01,2.827387e-11,1.047494e-09,1.047494e-11
1.118407e+01,2.824827e-11,1.055089e-09,1.055089e-11
1.118658e+01,2.829165e-11,1.064744e-09,1.064744e-11
1.118910e+01,2.838443e-11,1.075390e-09,1.075390e-11
1.119161e+01,2.850744e-11,1.085856e-09,1.085856e-11
1.119412e+01,2.864313e-11,1.095027e-09,1.095027e-11
1.119664e+01,2.877784e-11,1.102016e-09,1.102016e-11
1.119915e+01,2.890213e-11,1.106280e-09,1.106280e-11
1.120166e+01,2.901068e-11,1.107665e-09,1.107665e-11
1.120418e+01,2.910198e-11,1.106407e-09,1.106407e-11
1.120669e+01,2.917806e-11,1.103058e-09,1.103058e-11
1.120920e+01,2.924380e-11,1.098345e-09,1.098345e-11
1.121172e+01,2.930555e-11,1.093066e-09,1.093066e-11
1.121423e+01,2.936981e-11,1.087958e-09,1.087958e-11
1.121674e+01,2.944136e-11,1.083573e-09,1.083573e-11
1.121926e+01,2.952221e-11,1.080218e-09,1.080218e-11
1.122177e+01,2.961247e-11,1.077980e-09,1.077980e-11
1.122428e+01,2.970818e-11,1.076744e-09,1.076744e-11
1.122680e+01,2.980103e-11,1.076217e-09,1.076217e-11
1.122931e+01,2.987988e-11,1.076007e-09,1.076007e-11
1.123182e+01,2.993139e-11,1.075693e-09,1.075693e-11
1.123434e+01,2.994192e-11,1.074849e-09,1.074849e-11
1.123685e+01,2.989680e-11,1.073076e-09,1.073076e-11
1.123936e+01,2.978268e-11,1.070066e-09,1.070066e-11
1.124188e+01,2.959049e-11,1.065676e-09,1.065676e-11
1.124439e+01,2.931498e-11,1.059925e-09,1.059925e-11
1.124690e+01,2.895593e-11,1.053007e-09,1.053007e-11
1.124941e+01,2.851879e-11,1.045307e-09,1.045307e-11
1.125193e+01,2.801556e-11,1.037367e-09,1.037367e-11
1.125444e+01,2.746363e-11,1.029760e-09,1.029760e-11
1.125695e+01,2.688451e-11,1.022993e-09,1.022993e-11
1.125947e+01,2.630339e-11,1.017421e-09,1.017421e-11
1.126198e+01,2.574747e-11,1.013174e-09,1.013174e-11
1.126449e+01,2.524487e-11,1.010150e-09,1.010150e-11
1.126701e+01,2.482165e-11,1.008078e-09,1.008078e-11
1.126952e+01,2.450042e-11,1.006615e-09,1.006615e-11
1.127203e+01,2.429961e-11,1.005491e-09,1.005491e-11
1.127455e+01,2.423189e-11,1.004660e-09,1.004660e-11
1.127706e+01,2.430331e-11,1.004352e-09,1.004352e-11
1.127957e+01,2.451252e-11,1.005036e-09,1.005036e-11
1.128209e+01,2.485139e-11,1.007365e-09,1.007365e-11
1.128460e+01,2.530516e-11,1.012018e-09,1.012018e-11
1.128711e+01,2.585351e-11,1.019474e-09,1.019474e-11
1.128963e+01,2.647117e-11,1.029820e-09,1.029820e-11
1.129214e+01,2.712971e-11,1.042672e-09,1.042672e-11
1.129465e+01,2.780011e-11,1.057149e-09,1.057149e-11
1.129717e+01,2.845220e-11,1.071920e-09,1.071920e-11
1.129968e+01,2.905721e-11,1.085390e-09,1.085390e-11
1.130219e+01,2.958990e-11,1.095929e-09,1.095929e-11
1.130471e+01,3.002832e-11,1.102059e-09,1.102059e-11
1.130722e+01,3.035617e-11,1.102610e-09,1.102610e-11
1.130973e+01,3.056224e-11,1.096856e-09,1.096856e-11
1.131225e+01,3.064123e-11,1.084569e-09,1.084569e-11
1.131476e+01,3.059424e-11,1.066039e-09,1.066039e-11
1.131727e+01,3.042786e-11,1.042080e-09,1.042080e-11
1.131979e+01,3.015421e-11,1.013971e-09,1.013971e-11
1.132230e+01,2.978967e-11,9.833323e-10,9.833323e-12
1.132481e+01,2.935448e-11,9.520002e-10,9.520002e-12
1.132733e+01,2.887201e-11,9.218769e-10,9.218769e-12
1.132984e+01,2.836736e-11,8.947339e-10,8.947339e-12
1.133235e+01,2.786618e-11,8.720109e-10,8.720109e-12
1.133487e+01,2.739390e-11,8.546634e-10,8.546634e-12
1.133738e+01,2.697488e-11,8.430779e-10,8.430779e-12
1.133989e+01,2.663118e-11,8.370988e-10,8.370988e-12
1.134241e+01,2.638200e-11,8.361602e-10,8.361602e-12
1.134492e+01,2.624326e-11,8.394686e-10,8.394686e-12
1.134743e+01,2.622618e-11,8.462010e-10,8.462010e-12
1.134995e+01,2.633707e-11,8.556683e-10,8.556683e-12
1.135246e+01,2.657812e-11,8.674262e-10,8.674262e-12
1.135497e+01,2.694607e-11,8.812906e-10,8.812906e-12
1.135749e+01,2.743292e-11,8.972713e-10,8.972713e-12
1.136000e+01,2.802626e-11,9.154661e-10,9.154661e-12
1.136251e+01,2.870867e-11,9.359182e-10,9.359182e-12
1.136503e+01,2.945856e-11,9.585003e-10,9.585003e-12
1.136754e+01,3.025166e-11,9.828442e-10,9.828442e-12
1.137005e+01,3.106226e-11,1.008288e-09,1.008288e-11
1.137257e+01,3.186217e-11,1.033872e-09,1.033872e-11
1.137508e+01,3.262336e-11,1.058408e-09,1.058408e-11
1.137759e+01,3.331872e-11,1.080596e-09,1.080596e-11
1.138011e+01,3.392268e-11,1.099154e-09,1.099154e-11
1.138262e+01,3.441403e-11,1.112932e-09,1.112932e-11
1.138513e+01,3.477528e-11,1.121032e-09,1.121032e-11
1.138765e+01,3.499400e-11,1.122887e-09,1.122887e-11
1.139016e+01,3.506332e-11,1.118342e-09,1.118342e-11
1.139267e+01,3.498330e-11,1.107705e-09,1.107705e-11
1.139518e+01,3.476008e-11,1.091715e-09,1.091715e-11
1.139770e+01,3.440513e-11,1.071506e-09,1.071506e-11
1.140021e+01,3.393704e-11,1.048559e-09,1.048559e-11
1.140272e+01,3.337831e-11,1.024554e-09,1.024554e-11
1.140524e+01,3.275459e-11,1.001188e-09,1.001188e-11
1.140775e+01,3.209482e-11,9.800319e-10,9.800319e-12
1.141026e+01,3.142844e-11,9.623476e-10,9.623476e-12
1.141278e+01,3.078423e-11,9.489201e-10,9.489201e-12
1.141529e+01,3.018902e-11,9.400315e-10,9.400315e-12
1.141780e+01,2.966600e-11,9.354891e-10,9.354891e-12
1.142032e+01,2.923395e-11,9.347181e-10,9.347181e-12
1.142283e+01,2.890708e-11,9.369507e-10,9.369507e-12
1.142534e+01,2.869398e-11,9.413745e-10,9.413745e-12
1.142786e+01,2.859629e-11,9.472472e-10,9.472472e-12
1.143037e+01,2.861119e-11,9.540286e-10,9.540286e-12
1.143288e+01,2.873282e-11,9.614307e-10,9.614307e-12
1.143540e+01,2.895028e-11,9.694013e-10,9.694013e-12
1.143791e+01,2.924998e-11,9.781276e-10,9.781276e-12
1.144042e+01,2.961784e-11,9.880233e-10,9.880233e-12
1.144294e+01,3.003965e-11,9.996561e-10,9.996561e-12
1.144545e+01,3.050133e-11,1.013660e-09,1.013660e-11
1.144796e+01,3.099046e-11,1.030677e-09,1.030677e-11
1.145048e+01,3.149706e-11,1.051259e-09,1.051259e-11
1.145299e+01,3.201285e-11,1.075748e-09,1.075748e-11
1.145550e+01,3.253174e-11,1.104208e-09,1.104208e-11
1.145802e+01,3.304925e-11,1.136413e-09,1.136413e-11
1.146053e+01,3.356205e-11,1.171843e-09,1.171843e-11
1.146304e+01,3.406802e-11,1.209747e-09,1.209747e-11
1.146556e+01,3.456462e-11,1.249224e-09,1.249224e-11
1.146807e+01,3.504740e-11,1.289299e-09,1.289299e-11
1.147058e+01,3.551130e-11,1.329020e-09,1.329020e-11
1.147310e+01,3.595151e-11,1.367529e-09,1.367529e-11
1.147561e+01,3.636117e-11,1.404073e-09,1.404073e-11
1.147812e+01,3.673186e-11,1.438035e-09,1.438035e-11
1.148064e+01,3.705675e-11,1.468945e-09,1.468945e-11
1.148315e+01,3.732972e-11,1.496446e-09,1.496446e-11
1.148566e+01,3.754463e-11,1.520291e-09,1.520291e-11
1.148818e+01,3.769879e-11,1.540356e-09,1.540356e-11
1.149069e+01,3.779291e-11,1.556632e-09,1.556632e-11
1.149320e+01,3.783112e-11,1.569179e-09,1.569179e-11
1.149572e+01,3.782059e-11,1.578102e-09,1.578102e-11
1.149823e+01,3.777144e-11,1.583548e-09,1.583548e-11
1.150074e+01,3.769758e-11,1.585674e-09,1.585674e-11
1.150326e+01,3.761386e-11,1.584604e-09,1.584604e-11
1.150577e+01,3.753494e-11,1.580412e-09,1.580412e-11
1.150828e+01,3.747391e-11,1.573125e-09,1.573125e-11
1.151080e+01,3.744149e-11,1.562757e-09,1.562757e-11
1.151331e+01,3.744583e-11,1.549347e-09,1.549347e-11
1.151582e+01,3.748916e-11,1.532962e-09,1.532962e-11
1.151834e+01,3.756753e-11,1.513688e-09,1.513688e-11
1.152085e+01,3.767212e-11,1.491668e-09,1.491668e-11
1.152336e+01,3.778898e-11,1.467096e-09,1.467096e-11
1.152588e+01,3.789990e-11,1.440149e-09,1.440149e-11
1.152839e+01,3.798357e-11,1.410950e-09,1.410950e-11
1.153090e+01,3.801749e-11,1.379571e-09,1.379571e-11
1.153341e+01,3.798025e-11,1.346048e-09,1.346048e-11
1.153593e+01,3.785315e-11,1.310422e-09,1.310422e-11
1.153844e+01,3.762171e-11,1.272836e-09,1.272836e-11
1.154095e+01,3.727773e-11,1.233625e-09,1.233625e-11
1.154347e+01,3.682004e-11,1.193382e-09,1.193382e-11
1.154598e+01,3.625521e-11,1.153004e-09,1.153004e-11
1.154849e+01,3.559851e-11,1.113665e-09,1.113665e-11
1.155101e+01,3.487074e-11,1.076696e-09,1.076696e-11
1.155352e+01,3.409924e-11,1.043402e-09,1.043402e-11
1.155603e+01,3.331763e-11,1.014822e-09,1.014822e-11
1.155855e+01,3.255985e-11,9.915091e-10,9.915091e-12
1.156106e+01,3.185988e-11,9.734253e-10,9.734253e-12
1.156357e+01,3.125204e-11,9.600006e-10,9.600006e-12
1.156609e+01,3.076659e-11,9.502898e-10,9.502898e-12
1.156860e+01,3.042695e-11,9.432013e-10,9.432013e-12
1.157111e+01,3.025011e-11,9.378222e-10,9.378222e-12
1.157363e+01,3.024660e-11,9.337105e-10,9.337105e-12
1.157614e+01,3.041915e-11,9.310069e-10,9.310069e-12
1.157865e+01,3.076177e-11,9.304188e-10,9.304188e-12
1.158117e+01,3.126150e-11,9.331193e-10,9.331193e-12
1.158368e+01,3.189921e-11,9.405263e-10,9.405263e-12
1.158619e+01,3.265013e-11,9.539998e-10,9.539998e-12
1.158871e+01,3.348623e-11,9.745509e-10,9.745509e-12
1.159122e+01,3.437780e-11,1.002607e-09,1.002607e-11
1.159373e+01,3.529412e-11,1.037883e-09,1.037883e-11
1.159625e+01,3.620472e-11,1.079445e-09,1.079445e-11
1.159876e+01,3.708156e-11,1.125882e-09,1.125882e-11
1.160127e+01,3.789972e-11,1.175485e-09,1.175485e-11
1.160379e+01,3.863808e-11,1.226412e-09,1.226412e-11
1.160630e+01,3.927982e-11,1.276840e-09,1.276840e-11
1.160881e+01,3.981268e-11,1.325075e-09,1.325075e-11
1.161133e+01,4.022960e-11,1.369622e-09,1.369622e-11
1.161384e+01,4.052853e-11,1.409201e-09,1.409201e-11
1.161635e+01,4.071176e-11,1.442744e-09,1.442744e-11
1.161887e+01,4.078484e-11,1.469413e-09,1.469413e-11
1.162138e+01,4.075734e-11,1.488651e-09,1.488651e-11
1.162389e+01,4.064238e-11,1.500180e-09,1.500180e-11
1.162641e+01,4.045475e-11,1.503976e-09,1.503976e-11
1.162892e+01,4.020946e-11,1.500272e-09,1.500272e-11
1.163143e+01,3.992261e-11,1.489599e-09,1.489599e-11
1.163395e+01,3.961113e-11,1.472770e-09,1.472770e-11
1.163646e+01,3.928971e-11,1.450854e-09,1.450854e-11
1.163897e+01,3.897158e-11,1.425146e-09,1.425146e-11
1.164149e+01,3.866808e-11,1.397081e-09,1.397081e-11
1.164400e+01,3.838728e-11,1.368155e-09,1.368155e-11
1.164651e+01,3.813508e-11,1.339837e-09,1.339837e-11
1.164903e+01,3.791465e-11,1.313442e-09,1.313442e-11
1.165154e+01,3.772498e-11,1.289999e-09,1.289999e-11
1.165405e+01,3.756312e-11,1.270153e-09,1.270153e-11
1.165657e+01,3.742453e-11,1.254111e-09,1.254111e-11
1.165908e+01,3.730142e-11,1.241639e-09,1.241639e-11
1.166159e+01,3.718587e-11,1.232144e-09,1.232144e-11
1.166411e+01,3.706973e-11,1.224780e-09,1.224780e-11
1.166662e+01,3.694350e-11,1.218584e-09,1.218584e-11
1.166913e+01,3.679928e-11,1.212629e-09,1.212629e-11
1.167165e+01,3.663082e-11,1.206156e-09,1.206156e-11
1.167416e+01,3.643293e-11,1.198637e-09,1.198637e-11
1.167667e+01,3.620167e-11,1.189788e-09,1.189788e-11
1.167918e+01,3.593572e-11,1.179579e-09,1.179579e-11
1.168170e+01,3.563598e-11,1.168180e-09,1.168180e-11
1.168421e+01,3.530354e-11,1.155878e-09,1.155878e-11
1.168672e+01,3.494252e-11,1.143035e-09,1.143035e-11
1.168924e+01,3.455871e-11,1.129997e-09,1.129997e-11
1.169175e+01,3.415664e-11,1.116978e-09,1.116978e-11
1.169426e+01,3.374222e-11,1.104051e-09,1.104051e-11
1.169678e+01,3.332195e-11,1.091197e-09,1.091197e-11
1.169929e+01,3.290089e-11,1.078305e-09,1.078305e-11
1.170180e+01,3.248377e-11,1.065196e-09,1.065196e-11
1.170432e+01,3.207397e-11,1.051680e-09,1.051680e-11
1.170683e+01,3.167259e-11,1.037605e-09,1.037605e-11
1.170934e+01,3.128044e-11,1.022912e-09,1.022912e-11
1.171186e+01,3.089650e-11,1.007650e-09,1.007650e-11
1.171437e+01,3.051764e-11,9.919501e-10,9.919501e-12
1.171688e+01,3.014049e-11,9.759948e-10,9.759948e-12
1.171940e+01,2.976066e-11,9.599998e-10,9.599998e-12
1.172191e+01,2.937310e-11,9.441657e-10,9.441657e-12
1.172442e+01,2.897271e-11,9.286229e-10,9.286229e-12
1.172694e+01,2.855425e-11,9.134362e-10,9.134362e-12
1.172945e+01,2.811413e-11,8.986154e-10,8.986154e-12
1.173196e+01,2.765043e-11,8.841075e-10,8.841075e-12
1.173448e+01,2.716164e-11,8.698188e-10,8.698188e-12
1.173699e+01,2.664833e-11,8.556627e-10,8.556627e-12
1.173950e+01,2.611337e-11,8.415951e-10,8.415951e-12
1.174202e+01,2.556148e-11,8.276204e-10,8.276204e-12
1.174453e+01,2.499853e-11,8.137864e-10,8.137864e-12
1.174704e+01,2.443197e-11,8.001998e-10,8.001998e-12
1.174956e+01,2.387068e-11,7.870057e-10,7.870057e-12
1.175207e+01,2.332230e-11,7.743304e-10,7.743304e-12
1.175458e+01,2.279453e-11,7.622921e-10,7.622921e-12
1.175710e+01,2.229449e-11,7.510301e-10,7.510301e-12
1.175961e+01,2.182776e-11,7.406619e-10,7.406619e-12
1.176212e+01,2.139796e-11,7.312622e-10,7.312622e-12
1.176464e+01,2.100634e-11,7.228871e-10,7.228871e-12
1.176715e+01,2.065217e-11,7.155717e-10,7.155717e-12
1.176966e+01,2.033275e-11,7.093089e-10,7.093089e-12
1.177218e+01,2.004409e-11,7.040350e-10,7.040350e-12
1.177469e+01,1.978132e-11,6.996301e-10,6.996301e-12
1.177720e+01,1.953990e-11,6.959326e-10,6.959326e-12
1.177972e+01,1.931519e-11,6.927537e-10,6.927537e-12
1.178223e+01,1.910347e-11,6.899173e-10,6.899173e-12
1.178474e+01,1.890446e-11,6.873336e-10,6.873336e-12
1.178726e+01,1.872054e-11,6.850369e-10,6.850369e-12
1.178977e+01,1.855613e-11,6.831753e-10,6.831753e-12
1.179228e+01,1.841876e-11,6.820175e-10,6.820175e-12
1.179480e+01,1.831977e-11,6.819420e-10,6.819420e-12
1.179731e+01,1.827183e-11,6.833507e-10,6.833507e-12
1.179982e+01,1.828913e-11,6.865835e-10,6.865835e-12
1.180234e+01,1.838731e-11,6.918848e-10,6.918848e-12
1.180485e+01,1.858052e-11,6.993815e-10,6.993815e-12
1.180736e+01,1.888226e-11,7.090864e-10,7.090864e-12
1.180988e+01,1.930307e-11,7.209405e-10,7.209405e-12
1.181239e+01,1.984952e-11,7.348861e-10,7.348861e-12
1.181490e+01,2.052532e-11,7.509286e-10,7.509286e-12
1.181741e+01,2.132889e-11,7.691577e-10,7.691577e-12
1.181993e+01,2.225397e-11,7.897411e-10,7.897411e-12
1.182244e+01,2.329007e-11,8.128730e-10,8.128730e-12
1.182495e+01,2.442268e-11,8.386902e-10,8.386902e-12
1.182747e+01,2.563360e-11,8.671908e-10,8.671908e-12
1.182998e+01,2.690153e-11,8.981751e-10,8.981751e-12
1.183249e+01,2.820407e-11,9.312408e-10,9.312408e-12
1.183501e+01,2.951778e-11,9.658072e-10,9.658072e-12
1.183752e+01,3.081981e-11,1.001160e-09,1.001160e-11
1.184003e+01,3.208803e-11,1.036520e-09,1.036520e-11
1.184255e+01,3.330135e-11,1.071121e-09,1.071121e-11
1.184506e+01,3.444184e-11,1.104288e-09,1.104288e-11
1.184757e+01,3.549479e-11,1.135503e-09,1.135503e-11
1.185009e+01,3.644876e-11,1.164417e-09,1.164417e-11
1.185260e+01,3.729538e-11,1.190849e-09,1.190849e-11
1.185511e+01,3.802978e-11,1.214784e-09,1.214784e-11
1.185763e+01,3.865105e-11,1.236353e-09,1.236353e-11
1.186014e+01,3.916189e-11,1.255790e-09,1.255790e-11
1.186265e+01,3.956772e-11,1.273370e-09,1.273370e-11
1.186517e+01,3.987764e-11,1.289380e-09,1.289380e-11
1.186768e+01,4.010389e-11,1.304077e-09,1.304077e-11
1.187019e+01,4.026012e-11,1.317632e-09,1.317632e-11
1.187271e+01,4.036162e-11,1.330128e-09,1.330128e-11
1.187522e+01,4.042487e-11,1.341592e-09,1.341592e-11
1.187773e+01,4.046648e-11,1.351987e-09,1.351987e-11
1.188025e+01,4.050219e-11,1.361249e-09,1.361249e-11
1.188276e+01,4.054615e-11,1.369372e-09,1.369372e-11
1.188527e+01,4.060963e-11,1.376420e-09,1.376420e-11
1.188779e+01,4.070101e-11,1.382564e-09,1.382564e-11
1.189030e+01,4.082481e-11,1.388114e-09,1.388114e-11
1.189281e+01,4.098029e-11,1.393464e-09,1.393464e-11
1.189533e+01,4.116248e-11,1.398984e-09,1.398984e-11
1.189784e+01,4.136154e-11,1.404957e-09,1.404957e-11
1.190035e+01,4.156362e-11,1.411500e-09,1.411500e-11
1.190287e+01,4.175253e-11,1.418458e-09,1.418458e-11
1.190538e+01,4.190889e-11,1.425359e-09,1.425359e-11
1.190789e+01,4.201297e-11,1.431453e-09,1.431453e-11
1.191041e+01,4.204644e-11,1.435806e-09,1.435806e-11
1.191292e+01,4.199255e-11,1.437474e-09,1.437474e-11
1.191543e+01,4.183994e-11,1.435676e-09,1.435676e-11
1.191795e+01,4.158196e-11,1.429929e-09,1.429929e-11
1.192046e+01,4.121696e-11,1.420158e-09,1.420158e-11
1.192297e+01,4.075106e-11,1.406765e-09,1.406765e-11
1.192549e+01,4.019736e-11,1.390598e-09,1.390598e-11
1.192800e+01,3.957539e-11,1.372830e-09,1.372830e-11
1.193051e+01,3.890968e-11,1.354748e-09,1.354748e-11
1.193303e+01,3.822793e-11,1.337494e-09,1.337494e-11
1.193554e+01,3.756038e-11,1.321882e-09,1.321882e-11
1.193805e+01,3.693750e-11,1.308331e-09,1.308331e-11
1.194057e+01,3.638766e-11,1.296827e-09,1.296827e-11
1.194308e+01,3.593556e-11,1.286992e-09,1.286992e-11
1.194559e+01,3.560072e-11,1.278296e-09,1.278296e-11
1.194811e+01,3.539602e-11,1.270290e-09,1.270290e-11
1.195062e+01,3.532620e-11,1.262771e-09,1.262771e-11
1.195313e+01,3.538905e-11,1.255871e-09,1.255871e-11
1.195565e+01,3.557511e-11,1.250066e-09,1.250066e-11
1.195816e+01,3.586814e-11,1.246056e-09,1.246056e-11
1.196067e+01,3.624731e-11,1.244588e-09,1.244588e-11
1.196318e+01,3.668784e-11,1.246244e-09,1.246244e-11
1.196570e+01,3.716298e-11,1.251260e-09,1.251260e-11
1.196821e+01,3.764610e-11,1.259482e-09,1.259482e-11
1.197072e+01,3.811267e-11,1.270414e-09,1.270414e-11
1.197324e+01,3.854096e-11,1.283323e-09,1.283323e-11
1.197575e+01,3.891363e-11,1.297405e-09,1.297405e-11
1.197826e+01,3.921915e-11,1.311978e-09,1.311978e-11
1.198078e+01,3.945109e-11,1.326601e-09,1.326601e-11
1.198329e+01,3.960793e-11,1.341111e-09,1.341111e-11
1.198580e+01,3.969283e-11,1.355629e-09,1.355629e-11
1.198832e+01,3.971385e-11,1.370479e-09,1.370479e-11
1.199083e+01,3.968219e-11,1.386062e-09,1.386062e-11
1.199334e+01,3.960976e-11,1.402727e-09,1.402727e-11
1.199586e+01,3.950971e-11,1.420680e-09,1.420680e-11
1.199837e+01,3.939504e-11,1.439907e-09,1.439907e-11
1.200088e+01,3.927604e-11,1.460128e-09,1.460128e-11
1.200340e+01,3.916120e-11,1.480819e-09,1.480819e-11
1.200591e+01,3.905651e-11,1.501273e-09,1.501273e-11
1.200842e+01,3.896504e-11,1.520681e-09,1.520681e-11
1.201094e+01,3.888695e-11,1.538198e-09,1.538198e-11
1.201345e+01,3.881881e-11,1.552983e-09,1.552983e-11
1.201596e+01,3.875470e-11,1.564270e-09,1.564270e-11
1.201848e+01,3.868724e-11,1.571424e-09,1.571424e-11
1.202099e+01,3.860785e-11,1.573949e-09,1.573949e-11
1.202350e+01,3.850708e-11,1.571496e-09,1.571496e-11
1.202602e+01,3.837574e-11,1.563888e-09,1.563888e-11
1.202853e+01,3.820576e-11,1.551106e-09,1.551106e-11
1.203104e+01,3.798964e-11,1.533261e-09,1.533261e-11
1.203356e+01,3.772138e-11,1.510599e-09,1.510599e-11
1.203607e+01,3.739759e-11,1.483493e-09,1.483493e-11
1.203858e+01,3.701652e-11,1.452428e-09,1.452428e-11
1.204110e+01,3.657909e-11,1.417981e-09,1.417981e-11
1.204361e+01,3.608871e-11,1.380793e-09,1.380793e-11
1.204612e+01,3.555037e-11,1.341537e-09,1.341537e-11
1.204864e+01,3.497070e-11,1.300906e-09,1.300906e-11
1.205115e+01,3.435865e-11,1.259593e-09,1.259593e-11
1.205366e+01,3.372450e-11,1.218275e-09,1.218275e-11
1.205618e+01,3.307812e-11,1.177577e-09,1.177577e-11
1.205869e+01,3.243079e-11,1.138068e-09,1.138068e-11
1.206120e+01,3.179337e-11,1.100255e-09,1.100255e-11
1.206372e+01,3.117548e-11,1.064580e-09,1.064580e-11
1.206623e+01,3.058616e-11,1.031391e-09,1.031391e-11
1.206874e+01,3.003239e-11,1.000939e-09,1.000939e-11
1.207126e+01,2.952008e-11,9.734083e-10,9.734083e-12
1.207377e+01,2.905276e-11,9.488805e-10,9.488805e-12
1.207628e+01,2.863197e-11,9.273108e-10,9.273108e-12
1.207880e+01,2.825744e-11,9.085588e-10,9.085588e-12
1.208131e+01,2.792623e-11,8.923901e-10,8.923901e-12
1.208382e+01,2.763499e-11,8.784768e-10,8.784768e-12
1.208634e+01,2.737887e-11,8.664306e-10,8.664306e-12
1.208885e+01,2.715185e-11,8.558459e-10,8.558459e-12
1.209136e+01,2.694831e-11,8.463154e-10,8.463154e-12
1.209388e+01,2.676195e-11,8.374676e-10,8.374676e-12
1.209639e+01,2.658765e-11,8.290380e-10,8.290380e-12
1.209890e+01,2.642211e-11,8.208780e-10,8.208780e-12
1.210141e+01,2.626240e-11,8.129502e-10,8.129502e-12
1.210393e+01,2.610754e-11,8.053552e-10,8.053552e-12
1.210644e+01,2.595864e-11,7.983078e-10,7.983078e-12
1.210895e+01,2.581809e-11,7.920872e-10,7.920872e-12
1.211147e+01,2.568992e-11,7.869965e-10,7.869965e-12
1.211398e+01,2.557978e-11,7.833238e-10,7.833238e-12
1.211649e+01,2.549475e-11,7.812895e-10,7.812895e-12
1.211901e+01,2.544170e-11,7.809820e-10,7.809820e-12
1.212152e+01,2.542744e-11,7.823594e-10,7.823594e-12
1.212403e+01,2.545876e-11,7.852827e-10,7.852827e-12
1.212655e+01,2.554119e-11,7.895246e-10,7.895246e-12
1.212906e+01,2.567829e-11,7.948108e-10,7.948108e-12
1.213157e+01,2.587101e-11,8.008851e-10,8.008851e-12
1.213409e+01,2.611810e-11,8.075571e-10,8.075571e-12
1.213660e+01,2.641537e-11,8.147069e-10,8.147069e-12
1.213911e+01,2.675486e-11,8.222671e-10,8.222671e-12
1.214163e+01,2.712635e-11,8.302218e-10,8.302218e-12
1.214414e+01,2.751725e-11,8.385821e-10,8.385821e-12
1.214665e+01,2.791295e-11,8.473081e-10,8.473081e-12
1.214917e+01,2.829749e-11,8.562643e-10,8.562643e-12
1.215168e+01,2.865480e-11,8.652515e-10,8.652515e-12
1.215419e+01,2.897028e-11,8.740273e-10,8.740273e-12
1.215671e+01,2.923051e-11,8.823043e-10,8.823043e-12
1.215922e+01,2.942502e-11,8.898305e-10,8.898305e-12
1.216173e+01,2.954825e-11,8.964834e-10,8.964834e-12
1.216425e+01,2.959942e-11,9.022664e-10,9.022664e-12
1.216676e+01,2.958206e-11,9.072767e-10,9.072767e-12
1.216927e+01,2.950466e-11,9.116960e-10,9.116960e-12
1.217179e+01,2.938127e-11,9.157599e-10,9.157599e-12
1.217430e+01,2.922954e-11,9.196774e-10,9.196774e-12
1.217681e+01,2.906925e-11,9.235504e-10,9.235504e-12
1.217933e+01,2.892153e-11,9.273831e-10,9.273831e-12
1.218184e+01,2.880737e-11,9.311410e-10,9.311410e-12
1.218435e+01,2.874498e-11,9.348147e-10,9.348147e-12
1.218687e+01,2.874890e-11,9.385242e-10,9.385242e-12
1.218938e+01,2.882917e-11,9.425967e-10,9.425967e-12
1.219189e+01,2.898922e-11,9.475533e-10,9.475533e-12
1.219441e+01,2.922515e-11,9.540178e-10,9.540178e-12
1.219692e+01,2.952672e-11,9.625498e-10,9.625498e-12
1.219943e+01,2.987773e-11,9.734663e-10,9.734663e-12
1.220195e+01,3.025691e-11,9.866796e-10,9.866796e-12
1.220446e+01,3.063928e-11,1.001556e-09,1.001556e-11
1.220697e+01,3.099830e-11,1.016939e-09,1.016939e-11
1.220949e+01,3.130812e-11,1.031346e-09,1.031346e-11
1.221200e+01,3.154469e-11,1.043212e-09,1.043212e-11
1.221451e+01,3.168985e-11,1.051170e-09,1.051170e-11
1.221703e+01,3.173093e-11,1.054244e-09,1.054244e-11
1.221954e+01,3.166065e-11,1.052001e-09,1.052001e-11
1.222205e+01,3.148064e-11,1.044668e-09,1.044668e-11
1.222457e+01,3.119918e-11,1.033077e-09,1.033077e-11
1.222708e+01,3.083041e-11,1.018485e-09,1.018485e-11
1.222959e+01,3.039390e-11,1.002404e-09,1.002404e-11
1.223211e+01,2.991271e-11,9.863371e-10,9.863371e-12
1.223462e+01,2.941030e-11,9.715071e-10,9.715071e-12
1.223713e+01,2.890909e-11,9.587410e-10,9.587410e-12
1.223964e+01,2.843030e-11,9.484219e-10,9.484219e-12
1.224216e+01,2.799002e-11,9.404992e-10,9.404992e-12
1.224467e+01,2.759908e-11,9.346578e-10,9.346578e-12
1.224718e+01,2.726376e-11,9.304796e-10,9.304796e-12
1.224970e+01,2.698325e-11,9.275185e-10,9.275185e-12
1.225221e+01,2.675208e-11,9.253999e-10,9.253999e-12
1.225472e+01,2.656153e-11,9.238471e-10,9.238471e-12
1.225724e+01,2.639917e-11,9.226114e-10,9.226114e-12
1.225975e+01,2.625200e-11,9.214401e-10,9.214401e-12
1.226226e+01,2.610744e-11,9.200775e-10,9.200775e-12
1.226478e+01,2.595445e-11,9.182586e-10,9.182586e-12
1.226729e+01,2.578565e-11,9.157498e-10,9.157498e-12
1.226980e+01,2.559807e-11,9.124222e-10,9.124222e-12
1.227232e+01,2.539211e-11,9.082575e-10,9.082575e-12
1.227483e+01,2.517150e-11,9.033330e-10,9.033330e-12
1.227734e+01,2.494440e-11,8.978474e-10,8.978474e-12
1.227986e+01,2.472160e-11,8.920937e-10,8.920937e-12
1.228237e+01,2.451522e-11,8.863983e-10,8.863983e-12
1.228488e+01,2.433671e-11,8.810632e-10,8.810632e-12
1.228740e+01,2.419579e-11,8.763252e-10,8.763252e-12
1.228991e+01,2.410051e-11,8.724015e-10,8.724015e-12
1.229242e+01,2.405598e-11,8.695237e-10,8.695237e-12
1.229494e+01,2.406311e-11,8.678954e-10,8.678954e-12
1.229745e+01,2.411883e-11,8.676783e-10,8.676783e-12
1.229996e+01,2.421691e-11,8.689882e-10,8.689882e-12
1.230248e+01,2.434717e-11,8.718420e-10,8.718420e-12
1.230499e+01,2.449857e-11,8.761113e-10,8.761113e-12
1.230750e+01,2.465944e-11,8.815182e-10,8.815182e-12
1.231002e+01,2.481713e-11,8.876378e-10,8.876378e-12
1.231253e+01,2.496121e-11,8.939297e-10,8.939297e-12
1.231504e+01,2.508391e-11,8.998542e-10,8.998542e-12
1.231756e+01,2.518055e-11,9.049653e-10,9.049653e-12
1.232007e+01,2.524975e-11,9.089574e-10,9.089574e-12
1.232258e+01,2.529426e-11,9.117253e-10,9.117253e-12
1.232510e+01,2.532070e-11,9.133752e-10,9.133752e-12
1.232761e+01,2.533872e-11,9.142079e-10,9.142079e-12
1.233012e+01,2.536102e-11,9.146725e-10,9.146725e-12
1.233264e+01,2.540207e-11,9.152584e-10,9.152584e-12
1.233515e+01,2.547703e-11,9.164333e-10,9.164333e-12
1.233766e+01,2.560065e-11,9.186035e-10,9.186035e-12
1.234018e+01,2.578700e-11,9.220450e-10,9.220450e-12
1.234269e+01,2.604863e-11,9.268922e-10,9.268922e-12
1.234520e+01,2.639507e-11,9.331694e-10,9.331694e-12
1.234772e+01,2.683320e-11,9.408180e-10,9.408180e-12
1.235023e+01,2.736603e-11,9.497514e-10,9.497514e-12
1.235274e+01,2.799367e-11,9.599075e-10,9.599075e-12
1.235526e+01,2.871287e-11,9.712525e-10,9.712525e-12
1.235777e+01,2.951621e-11,9.837829e-10,9.837829e-12
1.236028e+01,3.039451e-11,9.975338e-10,9.975338e-12
1.236280e+01,3.133572e-11,1.012552e-09,1.012552e-11
1.236531e+01,3.232558e-11,1.028866e-09,1.028866e-11
1.236782e+01,3.334924e-11,1.046469e-09,1.046469e-11
1.237034e+01,3.439062e-11,1.065278e-09,1.065278e-11
1.237285e+01,3.543266e-11,1.085102e-09,1.085102e-11
1.237536e+01,3.645895e-11,1.105663e-09,1.105663e-11
1.237788e+01,3.745419e-11,1.126646e-09,1.126646e-11
1.238039e+01,3.840454e-11,1.147721e-09,1.147721e-11
1.238290e+01,3.929790e-11,1.168544e-09,1.168544e-11
1.238541e+01,4.012364e-11,1.188831e-09,1.188831e-11
1.238793e+01,4.087449e-11,1.208412e-09,1.208412e-11
1.239044e+01,4.154562e-11,1.227241e-09,1.227241e-11
1.239295e+01,4.213451e-11,1.245413e-09,1.245413e-11
1.239547e+01,4.264190e-11,1.263192e-09,1.263192e-11
1.239798e+01,4.307135e-11,1.280985e-09,1.280985e-11
1.240049e+01,4.342893e-11,1.299276e-09,1.299276e-11
1.240301e+01,4.372315e-11,1.318582e-09,1.318582e-11
1.240552e+01,4.396462e-11,1.339381e-09,1.339381e-11
1.240803e+01,4.416490e-11,1.362022e-09,1.362022e-11
1.241055e+01,4.433626e-11,1.386632e-09,1.386632e-11
1.241306e+01,4.449125e-11,1.413093e-09,1.413093e-11
1.241557e+01,4.464198e-11,1.441022e-09,1.441022e-11
1.241809e+01,4.479877e-11,1.469764e-09,1.469764e-11
1.242060e+01,4.497062e-11,1.498443e-09,1.498443e-11
1.242311e+01,4.516422e-11,1.526033e-09,1.526033e-11
1.242563e+01,4.538225e-11,1.551435e-09,1.551435e-11
1.242814e+01,4.562432e-11,1.573572e-09,1.573572e-11
1.243065e+01,4.588717e-11,1.591452e-09,1.591452e-11
1.243317e+01,4.616315e-11,1.604228e-09,1.604228e-11
1.243568e+01,4.644016e-11,1.611240e-09,1.611240e-11
1.243819e+01,4.670378e-11,1.612031e-09,1.612031e-11
1.244071e+01,4.693733e-11,1.606356e-09,1.606356e-11
1.244322e+01,4.712128e-11,1.594170e-09,1.594170e-11
1.244573e+01,4.723431e-11,1.575578e-09,1.575578e-11
1.244825e+01,4.725564e-11,1.550839e-09,1.550839e-11
1.245076e+01,4.716653e-11,1.520363e-09,1.520363e-11
1.245327e+01,4.695000e-11,1.484673e-09,1.484673e-11
1.245579e+01,4.659160e-11,1.444377e-09,1.444377e-11
1.245830e+01,4.608201e-11,1.400200e-09,1.400200e-11
1.246081e+01,4.541786e-11,1.353036e-09,1.353036e-11
1.246333e+01,4.460165e-11,1.303939e-09,1.303939e-11
1.246584e+01,4.364232e-11,1.254113e-09,1.254113e-11
1.246835e+01,4.255558e-11,1.204899e-09,1.204899e-11
1.247087e+01,4.136315e-11,1.157698e-09,1.157698e-11
1.247338e+01,4.009214e-11,1.113840e-09,1.113840e-11
1.247589e+01,3.877408e-11,1.074425e-09,1.074425e-11
1.247841e+01,3.744336e-11,1.040161e-09,1.040161e-11
1.248092e+01,3.613599e-11,1.011244e-09,1.011244e-11
1.248343e+01,3.488792e-11,9.873123e-10,9.873123e-12
1.248595e+01,3.373287e-11,9.674942e-10,9.674942e-12
1.248846e+01,3.270054e-11,9.506024e-10,9.506024e-12
1.249097e+01,3.181531e-11,9.354065e-10,9.354065e-12
1.249349e+01,3.109579e-11,9.208931e-10,9.208931e-12
1.249600e+01,3.055362e-11,9.064653e-10,9.064653e-12
1.249851e+01,3.019208e-11,8.920551e-10,8.920551e-12
1.250103e+01,3.000745e-11,8.781698e-10,8.781698e-12
1.250354e+01,2.999012e-11,8.658136e-10,8.658136e-12
1.250605e+01,3.012383e-11,8.562726e-10,8.562726e-12
1.250857e+01,3.038715e-11,8.508676e-10,8.508676e-12
1.251108e+01,3.075590e-11,8.506825e-10,8.506825e-12
1.251359e+01,3.120371e-11,8.563075e-10,8.563075e-12
1.251611e+01,3.170343e-11,8.677236e-10,8.677236e-12
1.251862e+01,3.222938e-11,8.843291e-10,8.843291e-12
1.252113e+01,3.275774e-11,9.050534e-10,9.050534e-12
1.252364e+01,3.326749e-11,9.285514e-10,9.285514e-12
1.252616e+01,3.374130e-11,9.534166e-10,9.534166e-12
1.252867e+01,3.416524e-11,9.783336e-10,9.783336e-12
1.253118e+01,3.452975e-11,1.002178e-09,1.002178e-11
1.253370e+01,3.482929e-11,1.024062e-09,1.024062e-11
1.253621e+01,3.506045e-11,1.043322e-09,1.043322e-11
1.253872e+01,3.522264e-11,1.059501e-09,1.059501e-11
1.254124e+01,3.531779e-11,1.072335e-09,1.072335e-11
1.254375e+01,3.534883e-11,1.081709e-09,1.081709e-11
1.254626e+01,3.531944e-11,1.087629e-09,1.087629e-11
1.254878e+01,3.523358e-11,1.090196e-09,1.090196e-11
1.255129e+01,3.509546e-11,1.089582e-09,1.089582e-11
1.255380e+01,3.490878e-11,1.086002e-09,1.086002e-11
1.255632e+01,3.467608e-11,1.079695e-09,1.079695e-11
1.255883e+01,3.439982e-11,1.070910e-09,1.070910e-11
1.256134e+01,3.408234e-11,1.059901e-09,1.059901e-11
1.256386e+01,3.372468e-11,1.046892e-09,1.046892e-11
1.256637e+01,3.332707e-11,1.032068e-09,1.032068e-11
1.256888e+01,3.288988e-11,1.015582e-09,1.015582e-11
1.257140e+01,3.241285e-11,9.975575e-10,9.975575e-12
1.257391e+01,3.189494e-11,9.780913e-10,9.780913e-12
1.257642e+01,3.133564e-11,9.572477e-10,9.572477e-12
1.257894e+01,3.073369e-11,9.350605e-10,9.350605e-12
1.258145e+01,3.008724e-11,9.115416e-10,9.115416e-12
1.258396e+01,2.939519e-11,8.867039e-10,8.867039e-12
1.258648e+01,2.865771e-11,8.605906e-10,8.605906e-12
1.258899e+01,2.787576e-11,8.332637e-10,8.332637e-12
1.259150e+01,2.705099e-11,8.047978e-10,8.047978e-12
1.259402e+01,2.618694e-11,7.753341e-10,7.753341e-12
1.259653e+01,2.529008e-11,7.451091e-10,7.451091e-12
1.259904e+01,2.436880e-11,7.144269e-10,7.144269e-12
1.260156e+01,2.343291e-11,6.836723e-10,6.836723e-12
1.260407e+01,2.249564e-11,6.533350e-10,6.533350e-12
1.260658e+01,2.157176e-11,6.239839e-10,6.239839e-12
1.260910e+01,2.067762e-11,5.962338e-10,5.962338e-12
1.261161e+01,1.983059e-11,5.706898e-10,5.706898e-12
1.261412e+01,1.904683e-11,5.478706e-10,5.478706e-12
1.261664e+01,1.834200e-11,5.281798e-10,5.281798e-12
1.261915e+01,1.773028e-11,5.118670e-10,5.118670e-12
1.262166e+01,1.722394e-11,4.989713e-10,4.989713e-12
1.262418e+01,1.683152e-11,4.893069e-10,4.893069e-12
1.262669e+01,1.655733e-11,4.825087e-10,4.825087e-12
1.262920e+01,1.640313e-11,4.781305e-10,4.781305e-12
1.263172e+01,1.636667e-11,4.757115e-10,4.757115e-12
1.263423e+01,1.644268e-11,4.748564e-10,4.748564e-12
1.263674e+01,1.662415e-11,4.753604e-10,4.753604e-12
1.263926e+01,1.690145e-11,4.772438e-10,4.772438e-12
1.264177e+01,1.726430e-11,4.807526e-10,4.807526e-12
1.264428e+01,1.770259e-11,4.863412e-10,4.863412e-12
1.264680e+01,1.820604e-11,4.945740e-10,4.945740e-12
1.264931e+01,1.876646e-11,5.060056e-10,5.060056e-12
1.265182e+01,1.937605e-11,5.210053e-10,5.210053e-12
1.265434e+01,2.002765e-11,5.396087e-10,5.396087e-12
1.265685e+01,2.071636e-11,5.615034e-10,5.615034e-12
1.265936e+01,2.143628e-11,5.860517e-10,5.860517e-12
1.266188e+01,2.218175e-11,6.123860e-10,6.123860e-12
1.266439e+01,2.294705e-11,6.395791e-10,6.395791e-12
1.266690e+01,2.372438e-11,6.667653e-10,6.667653e-12
1.266941e+01,2.450468e-11,6.932291e-10,6.932291e-12
1.267193e+01,2.527662e-11,7.184744e-10,7.184744e-12
1.267444e+01,2.602741e-11,7.422315e-10,7.422315e-12
1.267695e+01,2.674306e-11,7.644210e-10,7.644210e-12
1.267947e+01,2.740836e-11,7.850967e-10,7.850967e-12
1.268198e+01,2.800898e-11,8.044072e-10,8.044072e-12
1.268449e+01,2.853238e-11,8.225518e-10,8.225518e-12
1.268701e+01,2.896804e-11,8.397219e-10,8.397219e-12
1.268952e+01,2.930894e-11,8.561283e-10,8.561283e-12
1.269203e+01,2.955330e-11,8.720446e-10,8.720446e-12
1.269455e+01,2.970442e-11,8.877840e-10,8.877840e-12
1.269706e+01,2.977102e-11,9.036907e-10,9.036907e-12
1.269957e+01,2.976717e-11,9.201296e-10,9.201296e-12
1.270209e+01,2.971156e-11,9.374243e-10,9.374243e-12
1.270460e+01,2.962655e-11,9.557798e-10,9.557798e-12
1.270711e+01,2.953729e-11,9.752171e-10,9.752171e-12
1.270963e+01,2.946995e-11,9.955542e-10,9.955542e-12
1.271214e+01,2.944944e-11,1.016437e-09,1.016437e-11
1.271465e+01,2.949870e-11,1.037384e-09,1.037384e-11
1.271717e+01,2.963678e-11,1.057879e-09,1.057879e-11
1.271968e+01,2.987753e-11,1.077497e-09,1.077497e-11
1.272219e+01,3.022908e-11,1.095958e-09,1.095958e-11
1.272471e+01,3.069236e-11,1.113178e-09,1.113178e-11
1.272722e+01,3.126121e-11,1.129304e-09,1.129304e-11
1.272973e+01,3.192427e-11,1.144669e-09,1.144669e-11
1.273225e+01,3.266433e-11,1.159665e-09,1.159665e-11
1.273476e+01,3.345855e-11,1.174632e-09,1.174632e-11
1.273727e+01,3.428103e-11,1.189770e-09,1.189770e-11
1.273979e+01,3.510345e-11,1.205067e-09,1.205067e-11
1.274230e+01,3.589675e-11,1.220253e-09,1.220253e-11
1.274481e+01,3.663277e-11,1.234793e-09,1.234793e-11
1.274733e+01,3.728526e-11,1.247966e-09,1.247966e-11
1.274984e+01,3.783073e-11,1.258948e-09,1.258948e-11
1.275235e+01,3.824954e-11,1.266892e-09,1.266892e-11
1.275487e+01,3.852681e-11,1.271030e-09,1.271030e-11
1.275738e+01,3.865182e-11,1.270743e-09,1.270743e-11
1.275989e+01,3.861934e-11,1.265621e-09,1.265621e-11
1.276241e+01,3.842956e-11,1.255495e-09,1.255495e-11
1.276492e+01,3.808652e-11,1.240424e-09,1.240424e-11
1.276743e+01,3.759861e-11,1.220683e-09,1.220683e-11
1.276995e+01,3.697917e-11,1.196764e-09,1.196764e-11
1.277246e+01,3.624440e-11,1.169301e-09,1.169301e-11
1.277497e+01,3.541216e-11,1.139004e-09,1.139004e-11
1.277749e+01,3.450223e-11,1.106643e-09,1.106643e-11
1.278000e+01,3.353668e-11,1.073018e-09,1.073018e-11
1.278251e+01,3.253775e-11,1.038869e-09,1.038869e-11
1.278503e+01,3.152614e-11,1.004821e-09,1.004821e-11
1.278754e+01,3.052251e-11,9.713912e-10,9.713912e-12
1.279005e+01,2.954590e-11,9.389903e-10,9.389903e-12
1.279257e+01,2.861311e-11,9.078930e-10,9.078930e-12
1.279508e+01,2.773912e-11,8.782440e-10,8.782440e-12
1.279759e+01,2.693570e-11,8.501044e-10,8.501044e-12
1.280011e+01,2.621154e-11,8.234928e-10,8.234928e-12
1.280262e+01,2.557250e-11,7.983927e-10,7.983927e-12
1.280513e+01,2.502166e-11,7.747908e-10,7.747908e-12
1.280764e+01,2.455878e-11,7.527250e-10,7.527250e-12
1.281016e+01,2.418091e-11,7.322615e-10,7.322615e-12
1.281267e+01,2.388266e-11,7.134943e-10,7.134943e-12
1.281518e+01,2.365676e-11,6.965725e-10,6.965725e-12
1.281770e+01,2.349465e-11,6.816553e-10,6.816553e-12
1.282021e+01,2.338610e-11,6.688742e-10,6.688742e-12
1.282272e+01,2.332051e-11,6.583355e-10,6.583355e-12
1.282524e+01,2.328699e-11,6.500985e-10,6.500985e-12
1.282775e+01,2.327547e-11,6.441719e-10,6.441719e-12
1.283026e+01,2.327714e-11,6.405253e-10,6.405253e-12
1.283278e+01,2.328426e-11,6.390901e-10,6.390901e-12
1.283529e+01,2.329103e-11,6.397733e-10,6.397733e-12
1.283780e+01,2.329377e-11,6.424741e-10,6.424741e-12
1.284032e+01,2.329193e-11,6.470860e-10,6.470860e-12
1.284283e+01,2.328703e-11,6.534992e-10,6.534992e-12
1.284534e+01,2.328306e-11,6.615887e-10,6.615887e-12
1.284786e+01,2.328643e-11,6.711839e-10,6.711839e-12
1.285037e+01,2.330535e-11,6.820652e-10,6.820652e-12
1.285288e+01,2.335020e-11,6.939854e-10,6.939854e-12
1.285540e+01,2.343226e-11,7.066697e-10,7.066697e-12
1.285791e+01,2.356310e-11,7.198214e-10,7.198214e-12
1.286042e+01,2.375336e-11,7.331707e-10,7.331707e-12
1.286294e+01,2.401369e-11,7.465427e-10,7.465427e-12
1.286545e+01,2.435370e-11,7.599013e-10,7.599013e-12
1.286796e+01,2.477952e-11,7.733806e-10,7.733806e-12
1.287048e+01,2.529611e-11,7.873311e-10,7.873311e-12
1.287299e+01,2.590641e-11,8.023374e-10,8.023374e-12
1.287550e+01,2.660972e-11,8.191918e-10,8.191918e-12
1.287802e+01,2.740331e-11,8.388594e-10,8.388594e-12
1.288053e+01,2.828342e-11,8.624006e-10,8.624006e-12
1.288304e+01,2.924459e-11,8.908370e-10,8.908370e-12
1.288556e+01,3.027998e-11,9.250143e-10,9.250143e-12
1.288807e+01,3.138196e-11,9.654808e-10,9.654808e-12
1.289058e+01,3.254294e-11,1.012394e-09,1.012394e-11
1.289310e+01,3.375551e-11,1.065480e-09,1.065480e-11
1.289561e+01,3.501078e-11,1.124044e-09,1.124044e-11
1.289812e+01,3.629982e-11,1.187042e-09,1.187042e-11
1.290064e+01,3.761351e-11,1.253161e-09,1.253161e-11
1.290315e+01,3.894099e-11,1.320926e-09,1.320926e-11
1.290566e+01,4.026877e-11,1.388769e-09,1.388769e-11
1.290818e+01,4.158039e-11,1.455110e-09,1.455110e-11
1.291069e+01,4.285770e-11,1.518413e-09,1.518413e-11
1.291320e+01,4.407892e-11,1.577205e-09,1.577205e-11
1.291572e+01,4.521841e-11,1.630075e-09,1.630075e-11
1.291823e+01,4.624869e-11,1.675670e-09,1.675670e-11
1.292074e+01,4.714091e-11,1.712705e-09,1.712705e-11
1.292326e+01,4.786643e-11,1.739979e-09,1.739979e-11
1.292577e+01,4.839822e-11,1.756416e-09,1.756416e-11
1.292828e+01,4.871210e-11,1.761148e-09,1.761148e-11
1.293080e+01,4.878980e-11,1.753608e-09,1.753608e-11
1.293331e+01,4.862084e-11,1.733628e-09,1.733628e-11
1.293582e+01,4.820323e-11,1.701549e-09,1.701549e-11
1.293834e+01,4.754514e-11,1.658298e-09,1.658298e-11
1.294085e+01,4.666502e-11,1.605413e-09,1.605413e-11
1.294336e+01,4.559217e-11,1.545017e-09,1.545017e-11
1.294588e+01,4.436541e-11,1.479697e-09,1.479697e-11
1.294839e+01,4.303058e-11,1.412273e-09,1.412273e-11
1.295090e+01,4.163931e-11,1.345537e-09,1.345537e-11
1.295341e+01,4.024648e-11,1.281984e-09,1.281984e-11
1.295593e+01,3.890608e-11,1.223548e-09,1.223548e-11
1.295844e+01,3.766792e-11,1.171471e-09,1.171471e-11
1.296095e+01,3.657527e-11,1.126393e-09,1.126393e-11
1.296347e+01,3.566209e-11,1.088571e-09,1.088571e-11
1.296598e+01,3.495113e-11,1.058162e-09,1.058162e-11
1.296849e+01,3.445258e-11,1.035496e-09,1.035496e-11
1.297101e+01,3.416394e-11,1.021148e-09,1.021148e-11
1.297352e+01,3.407095e-11,1.015718e-09,1.015718e-11
1.297603e+01,3.414827e-11,1.019447e-09,1.019447e-11
1.297855e+01,3.436192e-11,1.031819e-09,1.031819e-11
1.298106e+01,3.467228e-11,1.051338e-09,1.051338e-11
1.298357e+01,3.503786e-11,1.075584e-09,1.075584e-11
1.298609e+01,3.541747e-11,1.101533e-09,1.101533e-11
1.298860e+01,3.577393e-11,1.126062e-09,1.126062e-11
1.299111e+01,3.607749e-11,1.146436e-09,1.146436e-11
1.299363e+01,3.630537e-11,1.160656e-09,1.160656e-11
1.299614e+01,3.644494e-11,1.167677e-09,1.167677e-11
1.299865e+01,3.649401e-11,1.167509e-09,1.167509e-11
1.300117e+01,3.646034e-11,1.161120e-09,1.161120e-11
1.300368e+01,3.636091e-11,1.150207e-09,1.150207e-11
1.300619e+01,3.621911e-11,1.136913e-09,1.136913e-11
1.300871e+01,3.606412e-11,1.123463e-09,1.123463e-11
1.301122e+01,3.592719e-11,1.111787e-09,1.111787e-11
1.301373e+01,3.583938e-11,1.103265e-09,1.103265e-11
1.301625e+01,3.582970e-11,1.098597e-09,1.098597e-11
1.301876e+01,3.592284e-11,1.097868e-09,1.097868e-11
1.302127e+01,3.613746e-11,1.100726e-09,1.100726e-11
1.302379e+01,3.648477e-11,1.106634e-09,1.106634e-11
1.302630e+01,3.696900e-11,1.115143e-09,1.115143e-11
1.302881e+01,3.758726e-11,1.126046e-09,1.126046e-11
1.303133e+01,3.832936e-11,1.139380e-09,1.139380e-11
1.303384e+01,3.917783e-11,1.155369e-09,1.155369e-11
1.303635e+01,4.011148e-11,1.174361e-09,1.174361e-11
1.303887e+01,4.110596e-11,1.196664e-09,1.196664e-11
1.304138e+01,4.213334e-11,1.222376e-09,1.222376e-11
1.304389e+01,4.316598e-11,1.251330e-09,1.251330e-11
1.304641e+01,4.417652e-11,1.283076e-09,1.283076e-11
1.304892e+01,4.513896e-11,1.316890e-09,1.316890e-11
1.305143e+01,4.602995e-11,1.351830e-09,1.351830e-11
1.305395e+01,4.682726e-11,1.386824e-09,1.386824e-11
1.305646e+01,4.751247e-11,1.420747e-09,1.420747e-11
1.305897e+01,4.807217e-11,1.452493e-09,1.452493e-11
1.306149e+01,4.849473e-11,1.481012e-09,1.481012e-11
1.306400e+01,4.877137e-11,1.505360e-09,1.505360e-11
1.306651e+01,4.889753e-11,1.524745e-09,1.524745e-11
1.306903e+01,4.887130e-11,1.538551e-09,1.538551e-11
1.307154e+01,4.869336e-11,1.546360e-09,1.546360e-11
1.307405e+01,4.836805e-11,1.547966e-09,1.547966e-11
1.307657e+01,4.790239e-11,1.543390e-09,1.543390e-11
1.307908e+01,4.730544e-11,1.532882e-09,1.532882e-11
1.308159e+01,4.658877e-11,1.516915e-09,1.516915e-11
1.308411e+01,4.576628e-11,1.496169e-09,1.496169e-11
1.308662e+01,4.485370e-11,1.471506e-09,1.471506e-11
1.308913e+01,4.386875e-11,1.443932e-09,1.443932e-11
1.309164e+01,4.283049e-11,1.414521e-09,1.414521e-11
1.309416e+01,4.175804e-11,1.384341e-09,1.384341e-11
1.309667e+01,4.067075e-11,1.354396e-09,1.354396e-11
1.309918e+01,3.958838e-11,1.325554e-09,1.325554e-11
1.310170e+01,3.852952e-11,1.298482e-09,1.298482e-11
1.310421e+01,3.751116e-11,1.273603e-09,1.273603e-11
1.310672e+01,3.654847e-11,1.251080e-09,1.251080e-11
1.310924e+01,3.565417e-11,1.230836e-09,1.230836e-11
1.311175e+01,3.483887e-11,1.212625e-09,1.212625e-11
1.311426e+01,3.411053e-11,1.196089e-09,1.196089e-11
1.311678e+01,3.347340e-11,1.180820e-09,1.180820e-11
1.311929e+01,3.292982e-11,1.166466e-09,1.166466e-11
1.312180e+01,3.247984e-11,1.152794e-09,1.152794e-11
1.312432e+01,3.211979e-11,1.139701e-09,1.139701e-11
1.312683e+01,3.184481e-11,1.127244e-09,1.127244e-11
1.312934e+01,3.164846e-11,1.115615e-09,1.115615e-11
1.313186e+01,3.152182e-11,1.105085e-09,1.105085e-11
1.313437e+01,3.145610e-11,1.095951e-09,1.095951e-11
1.313688e+01,3.144177e-11,1.088451e-09,1.088451e-11
1.313940e+01,3.146783e-11,1.082698e-09,1.082698e-11
1.314191e+01,3.152470e-11,1.078637e-09,1.078637e-11
1.314442e+01,3.160342e-11,1.076003e-09,1.076003e-11
1.314694e+01,3.169361e-11,1.074326e-09,1.074326e-11
1.314945e+01,3.178697e-11,1.072995e-09,1.072995e-11
1.315196e+01,3.187696e-11,1.071308e-09,1.071308e-11
1.315448e+01,3.195620e-11,1.068518e-09,1.068518e-11
1.315699e+01,3.201955e-11,1.063930e-09,1.063930e-11
1.315950e+01,3.206273e-11,1.056972e-09,1.056972e-11
1.316202e+01,3.208098e-11,1.047210e-09,1.047210e-11
1.316453e+01,3.207179e-11,1.034411e-09,1.034411e-11
1.316704e+01,3.203263e-11,1.018545e-09,1.018545e-11
1.316956e+01,3.196092e-11,9.997514e-10,9.997514e-12
1.317207e+01,3.185611e-11,9.783541e-10,9.783541e-12
1.317458e+01,3.171824e-11,9.548267e-10,9.548267e-12
1.317710e+01,3.154783e-11,9.297417e-10,9.297417e-12
1.317961e+01,3.134628e-11,9.037424e-10,9.037424e-12
1.318212e+01,3.111692e-11,8.775189e-10,8.775189e-12
1.318464e+01,3.086518e-11,8.517897e-10,8.517897e-12
1.318715e+01,3.059753e-11,8.272663e-10,8.272663e-12
1.318966e+01,3.032196e-11,8.046217e-10,8.046217e-12
1.319218e+01,3.004889e-11,7.844809e-10,7.844809e-12
1.319469e+01,2.979065e-11,7.673692e-10,7.673692e-12
1.319720e+01,2.955989e-11,7.536487e-10,7.536487e-12
1.319972e+01,2.936986e-11,7.435016e-10,7.435016e-12
1.320223e+01,2.923424e-11,7.369204e-10,7.369204e-12
1.320474e+01,2.916513e-11,7.337043e-10,7.337043e-12
1.320726e+01,2.917183e-11,7.335193e-10,7.335193e-12
1.320977e+01,2.926142e-11,7.360006e-10,7.360006e-12
1.321228e+01,2.943695e-11,7.408326e-10,7.408326e-12
1.321480e+01,2.969629e-11,7.477912e-10,7.477912e-12
1.321731e+01,3.003273e-11,7.567737e-10,7.567737e-12
1.321982e+01,3.043416e-11,7.677700e-10,7.677700e-12
1.322234e+01,3.088385e-11,7.807638e-10,7.807638e-12
1.322485e+01,3.136150e-11,7.956196e-10,7.956196e-12
1.322736e+01,3.184327e-11,8.119876e-10,8.119876e-12
1.322987e+01,3.230376e-11,8.292724e-10,8.292724e-12
1.323239e+01,3.271789e-11,8.466588e-10,8.466588e-12
1.323490e+01,3.306170e-11,8.631951e-10,8.631951e-12
1.323741e+01,3.331518e-11,8.779350e-10,8.779350e-12
1.323993e+01,3.346278e-11,8.900808e-10,8.900808e-12
1.324244e+01,3.349455e-11,8.991260e-10,8.991260e-12
1.324495e+01,3.340784e-11,9.049391e-10,9.049391e-12
1.324747e+01,3.320612e-11,9.077539e-10,9.077539e-12
1.324998e+01,3.289989e-11,9.081371e-10,9.081371e-12
1.325249e+01,3.250590e-11,9.068801e-10,9.068801e-12
1.325501e+01,3.204534e-11,9.048179e-10,9.048179e-12
1.325752e+01,3.154337e-11,9.026767e-10,9.026767e-12
1.326003e+01,3.102612e-11,9.009394e-10,9.009394e-12
1.326255e+01,3.052005e-11,8.997744e-10,8.997744e-12
1.326506e+01,3.005054e-11,8.990605e-10,8.990605e-12
1.326757e+01,2.963834e-11,8.984612e-10,8.984612e-12
1.327009e+01,2.929966e-11,8.975699e-10,8.975699e-12
1.327260e+01,2.904569e-11,8.960714e-10,8.960714e-12
1.327511e+01,2.888075e-11,8.938414e-10,8.938414e-12
1.327763e+01,2.880360e-11,8.909985e-10,8.909985e-12
1.328014e+01,2.880740e-11,8.878764e-10,8.878764e-12
1.328265e+01,2.887911e-11,8.849238e-10,8.849238e-12
1.328517e+01,2.900202e-11,8.826022e-10,8.826022e-12
1.328768e+01,2.915664e-11,8.812449e-10,8.812449e-12
1.329019e+01,2.932134e-11,8.809260e-10,8.809260e-12
1.329271e+01,2.947472e-11,8.814249e-10,8.814249e-12
1.329522e+01,2.959616e-11,8.822220e-10,8.822220e-12
1.329773e+01,2.966626e-11,8.825525e-10,8.825525e-12
1.330025e+01,2.966871e-11,8.815460e-10,8.815460e-12
1.330276e+01,2.959157e-11,8.783580e-10,8.783580e-12
1.330527e+01,2.942660e-11,8.722797e-10,8.722797e-12
1.330779e+01,2.916991e-11,8.628413e-10,8.628413e-12
1.331030e+01,2.882292e-11,8.498679e-10,8.498679e-12
1.331281e+01,2.839051e-11,8.335058e-10,8.335058e-12
1.331533e+01,2.788193e-11,8.142482e-10,8.142482e-12
1.331784e+01,2.731176e-11,7.928962e-10,7.928962e-12
1.332035e+01,2.669698e-11,7.704480e-10,7.704480e-12
1.332287e+01,2.605642e-11,7.480173e-10,7.480173e-12
1.332538e+01,2.541161e-11,7.267503e-10,7.267503e-12
1.332789e+01,2.478456e-11,7.076889e-10,7.076889e-12
1.333041e+01,2.419638e-11,6.916731e-10,6.916731e-12
1.333292e+01,2.366773e-11,6.792891e-10,6.792891e-12
1.333543e+01,2.321597e-11,6.708410e-10,6.708410e-12
1.333795e+01,2.285465e-11,6.664244e-10,6.664244e-12
1.334046e+01,2.259457e-11,6.660183e-10,6.660183e-12
1.334297e+01,2.243981e-11,6.695186e-10,6.695186e-12
1.334549e+01,2.238857e-11,6.767899e-10,6.767899e-12
1.334800e+01,2.243501e-11,6.876923e-10,6.876923e-12
1.335051e+01,2.256798e-11,7.020031e-10,7.020031e-12
1.335303e+01,2.277104e-11,7.193271e-10,7.193271e-12
1.335554e+01,2.302381e-11,7.390588e-10,7.390588e-12
1.335805e+01,2.330411e-11,7.603712e-10,7.603712e-12
1.336057e+01,2.358863e-11,7.822653e-10,7.822653e-12
1.336308e+01,2.385503e-11,8.036802e-10,8.036802e-12
1.336559e+01,2.408310e-11,8.236031e-10,8.236031e-12
1.336811e+01,2.425551e-11,8.411861e-10,8.411861e-12
1.337062e+01,2.436009e-11,8.558447e-10,8.558447e-12
1.337313e+01,2.438985e-11,8.672840e-10,8.672840e-12
1.337564e+01,2.434326e-11,8.754830e-10,8.754830e-12
1.337816e+01,2.422435e-11,8.806415e-10,8.806415e-12
1.338067e+01,2.404192e-11,8.830825e-10,8.830825e-12
1.338318e+01,2.380900e-11,8.831454e-10,8.831454e-12
1.338570e+01,2.354117e-11,8.810821e-10,8.810821e-12
1.338821e+01,2.325451e-11,8.770025e-10,8.770025e-12
1.339072e+01,2.296534e-11,8.709094e-10,8.709094e-12
1.339324e+01,2.268879e-11,8.627554e-10,8.627554e-12
1.339575e+01,2.243655e-11,8.524943e-10,8.524943e-12
1.339826e+01,2.221688e-11,8.401665e-10,8.401665e-12
1.340078e+01,2.203356e-11,8.259732e-10,8.259732e-12
1.340329e+01,2.188595e-11,8.102955e-10,8.102955e-12
1.340580e+01,2.177039e-11,7.936576e-10,7.936576e-12
1.340832e+01,2.167914e-11,7.766367e-10,7.766367e-12
1.341083e+01,2.160243e-11,7.597679e-10,7.597679e-12
1.341334e+01,2.152979e-11,7.434495e-10,7.434495e-12
1.341586e+01,2.145036e-11,7.278860e-10,7.278860e-12
1.341837e+01,2.135583e-11,7.131175e-10,7.131175e-12
1.342088e+01,2.123979e-11,6.990452e-10,6.990452e-12
1.342340e+01,2.109840e-11,6.854984e-10,6.854984e-12
1.342591e+01,2.093211e-11,6.723798e-10,6.723798e-12
1.342842e+01,2.074479e-11,6.597153e-10,6.597153e-12
1.343094e+01,2.054377e-11,6.476589e-10,6.476589e-12
1.343345e+01,2.033971e-11,6.365148e-10,6.365148e-12
1.343596e+01,2.014489e-11,6.266407e-10,6.266407e-12
1.343848e+01,1.997187e-11,6.183453e-10,6.183453e-12
1.344099e+01,1.983367e-11,6.118653e-10,6.118653e-12
1.344350e+01,1.974190e-11,6.073114e-10,6.073114e-12
1.344602e+01,1.970542e-11,6.046586e-10,6.046586e-12
1.344853e+01,1.973035e-11,6.038045e-10,6.038045e-12
1.345104e+01,1.981865e-11,6.046195e-10,6.046195e-12
1.345356e+01,1.996902e-11,6.069927e-10,6.069927e-12
1.345607e+01,2.017604e-11,6.108355e-10,6.108355e-12
1.345858e+01,2.042922e-11,6.160620e-10,6.160620e-12
1.346110e+01,2.071627e-11,6.225627e-10,6.225627e-12
1.346361e+01,2.102275e-11,6.301333e-10,6.301333e-12
1.346612e+01,2.133128e-11,6.384274e-10,6.384274e-12
1.346864e+01,2.162491e-11,6.469712e-10,6.469712e-12
1.347115e+01,2.188726e-11,6.551800e-10,6.551800e-12
1.347366e+01,2.210265e-11,6.624074e-10,6.624074e-12
1.347618e+01,2.225849e-11,6.680442e-10,6.680442e-12
1.347869e+01,2.234530e-11,6.715800e-10,6.715800e-12
1.348120e+01,2.235692e-11,6.726553e-10,6.726553e-12
1.348372e+01,2.229177e-11,6.711250e-10,6.711250e-12
1.348623e+01,2.215230e-11,6.670580e-10,6.670580e-12
1.348874e+01,2.194485e-11,6.607229e-10,6.607229e-12
1.349126e+01,2.168083e-11,6.525664e-10,6.525664e-12
1.349377e+01,2.137428e-11,6.431332e-10,6.431332e-12
1.349628e+01,2.104200e-11,6.329915e-10,6.329915e-12
1.349880e+01,2.070358e-11,6.226876e-10,6.226876e-12
1.350131e+01,2.037927e-11,6.126975e-10,6.126975e-12
1.350382e+01,2.008998e-11,6.034051e-10,6.034051e-12
1.350634e+01,1.985550e-11,5.951150e-10,5.951150e-12
1.350885e+01,1.969433e-11,5.880961e-10,5.880961e-12
1.351136e+01,1.962258e-11,5.826553e-10,5.826553e-12
1.351387e+01,1.965228e-11,5.791970e-10,5.791970e-12
1.351639e+01,1.979224e-11,5.782482e-10,5.782482e-12
1.351890e+01,2.004638e-11,5.804348e-10,5.804348e-12
1.352141e+01,2.041412e-11,5.863947e-10,5.863947e-12
1.352393e+01,2.089077e-11,5.966418e-10,5.966418e-12
1.352644e+01,2.146677e-11,6.114110e-10,6.114110e-12
1.352895e+01,2.212912e-11,6.305301e-10,6.305301e-12
1.353147e+01,2.286120e-11,6.533834e-10,6.533834e-12
1.353398e+01,2.364382e-11,6.789785e-10,6.789785e-12
1.353649e+01,2.445706e-11,7.060656e-10,7.060656e-12
1.353901e+01,2.527933e-11,7.332775e-10,7.332775e-12
1.354152e+01,2.608999e-11,7.593037e-10,7.593037e-12
1.354403e+01,2.687030e-11,7.830402e-10,7.830402e-12
1.354655e+01,2.760277e-11,8.036678e-10,8.036678e-12
1.354906e+01,2.827333e-11,8.207169e-10,8.207169e-12
1.355157e+01,2.887145e-11,8.341129e-10,8.341129e-12
1.355409e+01,2.939017e-11,8.441360e-10,8.441360e-12
1.355660e+01,2.982714e-11,8.513431e-10,8.513431e-12
1.355911e+01,3.018377e-11,8.564847e-10,8.564847e-12
1.356163e+01,3.046484e-11,8.603815e-10,8.603815e-12
1.356414e+01,3.067928e-11,8.637863e-10,8.637863e-12
1.356665e+01,3.083862e-11,8.672536e-10,8.672536e-12
1.356917e+01,3.095622e-11,8.710558e-10,8.710558e-12
1.357168e+01,3.104666e-11,8.751763e-10,8.751763e-12
1.357419e+01,3.112425e-11,8.793561e-10,8.793561e-12
1.357671e+01,3.120302e-11,8.832020e-10,8.832020e-12
1.357922e+01,3.129527e-11,8.863271e-10,8.863271e-12
1.358173e+01,3.141060e-11,8.884760e-10,8.884760e-12
1.358425e+01,3.155586e-11,8.896377e-10,8.896377e-12
1.358676e+01,3.173386e-11,8.900989e-10,8.900989e-12
1.358927e+01,3.194290e-11,8.904215e-10,8.904215e-12
1.359179e+01,3.217833e-11,8.913660e-10,8.913660e-12
1.359430e+01,3.243169e-11,8.937360e-10,8.937360e-12
1.359681e+01,3.269045e-11,8.981881e-10,8.981881e-12
1.359933e+01,3.294160e-11,9.050856e-10,9.050856e-12
1.360184e+01,3.317075e-11,9.144001e-10,9.144001e-12
1.360435e+01,3.336261e-11,9.256885e-10,9.256885e-12
1.360687e+01,3.350350e-11,9.381947e-10,9.381947e-12
1.360938e+01,3.358212e-11,9.510359e-10,9.510359e-12
1.361189e+01,3.359119e-11,9.633803e-10,9.633803e-12
1.361441e+01,3.352698e-11,9.746092e-10,9.746092e-12
1.361692e+01,3.339064e-11,9.844520e-10,9.844520e-12
1.361943e+01,3.318870e-11,9.930066e-10,9.930066e-12
1.362195e+01,3.293130e-11,1.000660e-09,1.000660e-11
1.362446e+01,3.263278e-11,1.007982e-09,1.007982e-11
1.362697e+01,3.231026e-11,1.015575e-09,1.015575e-11
1.362949e+01,3.198269e-11,1.023904e-09,1.023904e-11
1.363200e+01,3.166896e-11,1.033170e-09,1.033170e-11
1.363451e+01,3.138565e-11,1.043261e-09,1.043261e-11
1.363703e+01,3.114731e-11,1.053807e-09,1.053807e-11
1.363954e+01,3.096410e-11,1.064277e-09,1.064277e-11
1.364205e+01,3.084102e-11,1.074095e-09,1.074095e-11
1.364457e+01,3.077786e-11,1.082749e-09,1.082749e-11
1.364708e+01,3.076797e-11,1.089862e-09,1.089862e-11
1.364959e+01,3.079972e-11,1.095221e-09,1.095221e-11
1.365211e+01,3.085817e-11,1.098748e-09,1.098748e-11
1.365462e+01,3.092474e-11,1.100415e-09,1.100415e-11
1.365713e+01,3.097893e-11,1.100184e-09,1.100184e-11
1.365964e+01,3.100117e-11,1.097955e-09,1.097955e-11
1.366216e+01,3.097286e-11,1.093551e-09,1.093551e-11
1.366467e+01,3.087897e-11,1.086728e-09,1.086728e-11
1.366718e+01,3.070908e-11,1.077233e-09,1.077233e-11
1.366970e+01,3.045669e-11,1.064854e-09,1.064854e-11
1.367221e+01,3.012146e-11,1.049471e-09,1.049471e-11
1.367472e+01,2.970786e-11,1.031088e-09,1.031088e-11
1.367724e+01,2.922424e-11,1.009849e-09,1.009849e-11
1.367975e+01,2.868280e-11,9.860126e-10,9.860126e-12
1.368226e+01,2.809752e-11,9.599228e-10,9.599228e-12
1.368478e+01,2.748263e-11,9.319708e-10,9.319708e-12
1.368729e+01,2.685188e-11,9.025723e-10,9.025723e-12
1.368980e+01,2.621781e-11,8.721419e-10,8.721419e-12
1.369232e+01,2.558949e-11,8.410655e-10,8.410655e-12
1.369483e+01,2.497289e-11,8.096992e-10,8.096992e-12
1.369734e+01,2.437141e-11,7.783561e-10,7.783561e-12
1.369986e+01,2.378530e-11,7.472976e-10,7.472976e-12
1.370237e+01,2.321331e-11,7.167561e-10,7.167561e-12
1.370488e+01,2.265307e-11,6.869540e-10,6.869540e-12
1.370740e+01,2.210220e-11,6.581340e-10,6.581340e-12
1.370991e+01,2.156067e-11,6.306119e-10,6.306119e-12
1.371242e+01,2.103070e-11,6.048022e-10,6.048022e-12
1.371494e+01,2.051674e-11,5.811999e-10,5.811999e-12
1.371745e+01,2.002710e-11,5.603430e-10,5.603430e-12
1.371996e+01,1.957382e-11,5.427017e-10,5.427017e-12
1.372248e+01,1.917087e-11,5.285329e-10,5.285329e-12
1.372499e+01,1.883452e-11,5.178007e-10,5.178007e-12
1.372750e+01,1.858161e-11,5.101615e-10,5.101615e-12
1.373002e+01,1.842670e-11,5.050884e-10,5.050884e-12
1.373253e+01,1.838275e-11,5.021108e-10,5.021108e-12
1.373504e+01,1.845819e-11,5.010408e-10,5.010408e-12
1.373756e+01,1.865620e-11,5.021639e-10,5.021639e-12
1.374007e+01,1.897457e-11,5.062695e-10,5.062695e-12
1.374258e+01,1.940402e-11,5.144382e-10,5.144382e-12
1.374510e+01,1.992997e-11,5.276745e-10,5.276745e-12
1.374761e+01,2.053238e-11,5.464599e-10,5.464599e-12
1.375012e+01,2.118713e-11,5.704040e-10,5.704040e-12
1.375264e+01,2.186793e-11,5.981604e-10,5.981604e-12
1.375515e+01,2.254758e-11,6.276314e-10,6.276314e-12
1.375766e+01,2.320062e-11,6.563692e-10,6.563692e-12
1.376018e+01,2.380466e-11,6.819678e-10,6.819678e-12
1.376269e+01,2.434120e-11,7.023854e-10,7.023854e-12
1.376520e+01,2.479732e-11,7.162117e-10,7.162117e-12
1.376772e+01,2.516708e-11,7.228299e-10,7.228299e-12
1.377023e+01,2.545109e-11,7.224933e-10,7.224933e-12
1.377274e+01,2.565619e-11,7.163154e-10,7.163154e-12
1.377526e+01,2.579505e-11,7.061623e-10,7.061623e-12
1.377777e+01,2.588519e-11,6.944770e-10,6.944770e-12
1.378028e+01,2.594770e-11,6.840111e-10,6.840111e-12
1.378280e+01,2.600567e-11,6.774158e-10,6.774158e-12
1.378531e+01,2.608242e-11,6.767866e-10,6.767866e-12
1.378782e+01,2.620033e-11,6.833230e-10,6.833230e-12
1.379034e+01,2.637927e-11,6.971797e-10,6.971797e-12
1.379285e+01,2.663586e-11,7.175854e-10,7.175854e-12
1.379536e+01,2.698351e-11,7.431880e-10,7.431880e-12
1.379787e+01,2.743049e-11,7.724382e-10,7.724382e-12
1.380039e+01,2.798038e-11,8.038999e-10,8.038999e-12
1.380290e+01,2.863274e-11,8.364289e-10,8.364289e-12
1.380541e+01,2.938207e-11,8.692242e-10,8.692242e-12
1.380793e+01,3.021906e-11,9.018272e-10,9.018272e-12
1.381044e+01,3.113227e-11,9.340430e-10,9.340430e-12
1.381295e+01,3.210660e-11,9.658088e-10,9.658088e-12
1.381547e+01,3.312455e-11,9.971268e-10,9.971268e-12
1.381798e+01,3.416845e-11,1.028014e-09,1.028014e-11
1.382049e+01,3.521977e-11,1.058410e-09,1.058410e-11
1.382301e+01,3.625969e-11,1.088141e-09,1.088141e-11
1.382552e+01,3.726932e-11,1.116949e-09,1.116949e-11
1.382803e+01,3.823083e-11,1.144506e-09,1.144506e-11
1.383055e+01,3.912838e-11,1.170430e-09,1.170430e-11
1.383306e+01,3.994725e-11,1.194322e-09,1.194322e-11
1.383557e+01,4.067504e-11,1.215805e-09,1.215805e-11
1.383809e+01,4.130161e-11,1.234557e-09,1.234557e-11
1.384060e+01,4.181887e-11,1.250326e-09,1.250326e-11
1.384311e+01,4.222104e-11,1.262940e-09,1.262940e-11
1.384563e+01,4.250552e-11,1.272345e-09,1.272345e-11
1.384814e+01,4.267292e-11,1.278595e-09,1.278595e-11
1.385065e+01,4.272590e-11,1.281819e-09,1.281819e-11
1.385317e+01,4.266928e-11,1.282213e-09,1.282213e-11
1.385568e+01,4.250982e-11,1.280026e-09,1.280026e-11
1.385819e+01,4.225703e-11,1.275546e-09,1.275546e-11
1.386071e+01,4.192239e-11,1.269084e-09,1.269084e-11
1.386322e+01,4.151815e-11,1.260919e-09,1.260919e-11
1.386573e+01,4.105779e-11,1.251286e-09,1.251286e-11
1.386825e+01,4.055511e-11,1.240371e-09,1.240371e-11
1.387076e+01,4.002445e-11,1.228306e-09,1.228306e-11
1.387327e+01,3.948020e-11,1.215185e-09,1.215185e-11
1.387579e+01,3.893550e-11,1.201075e-09,1.201075e-11
1.387830e+01,3.840253e-11,1.186025e-09,1.186025e-11
1.388081e+01,3.789203e-11,1.170094e-09,1.170094e-11
1.388333e+01,3.741275e-11,1.153409e-09,1.153409e-11
1.388584e+01,3.697155e-11,1.136184e-09,1.136184e-11
1.388835e+01,3.657258e-11,1.118713e-09,1.118713e-11
1.389087e+01,3.621747e-11,1.101366e-09,1.101366e-11
1.389338e+01,3.590532e-11,1.084578e-09,1.084578e-11
1.389589e+01,3.563277e-11,1.068794e-09,1.068794e-11
1.389841e+01,3.539448e-11,1.054415e-09,1.054415e-11
1.390092e+01,3.518381e-11,1.041732e-09,1.041732e-11
1.390343e+01,3.499306e-11,1.030869e-09,1.030869e-11
1.390595e+01,3.481384e-11,1.021764e-09,1.021764e-11
1.390846e+01,3.463900e-11,1.014191e-09,1.014191e-11
1.391097e+01,3.446336e-11,1.007796e-09,1.007796e-11
1.391349e+01,3.428333e-11,1.002165e-09,1.002165e-11
1.391600e+01,3.409787e-11,9.968975e-10,9.968975e-12
1.391851e+01,3.390970e-11,9.916942e-10,9.916942e-12
1.392103e+01,3.372455e-11,9.864104e-10,9.864104e-12
1.392354e+01,3.355125e-11,9.810850e-10,9.810850e-12
1.392605e+01,3.340103e-11,9.759491e-10,9.759491e-12
1.392857e+01,3.328684e-11,9.713913e-10,9.713913e-12
1.393108e+01,3.322312e-11,9.679307e-10,9.679307e-12
1.393359e+01,3.322385e-11,9.661949e-10,9.661949e-12
1.393611e+01,3.330059e-11,9.668689e-10,9.668689e-12
1.393862e+01,3.346256e-11,9.706672e-10,9.706672e-12
1.394113e+01,3.371608e-11,9.783252e-10,9.783252e-12
1.394364e+01,3.406183e-11,9.905347e-10,9.905347e-12
1.394616e+01,3.449539e-11,1.007866e-09,1.007866e-11
1.394867e+01,3.500785e-11,1.030722e-09,1.030722e-11
1.395118e+01,3.558586e-11,1.059251e-09,1.059251e-11
1.395370e+01,3.621188e-11,1.093238e-09,1.093238e-11
1.395621e+01,3.686463e-11,1.132056e-09,1.132056e-11
1.395872e+01,3.752156e-11,1.174716e-09,1.174716e-11
1.396124e+01,3.815981e-11,1.219912e-09,1.219912e-11
1.396375e+01,3.875702e-11,1.266092e-09,1.266092e-11
1.396626e+01,3.929374e-11,1.311594e-09,1.311594e-11
1.396878e+01,3.975381e-11,1.354739e-09,1.354739e-11
1.397129e+01,4.012400e-11,1.393893e-09,1.393893e-11
1.397380e+01,4.039585e-11,1.427581e-09,1.427581e-11
1.397632e+01,4.056611e-11,1.454552e-09,1.454552e-11
1.397883e+01,4.063516e-11,1.473787e-09,1.473787e-11
1.398134e+01,4.060652e-11,1.484543e-09,1.484543e-11
1.398386e+01,4.048665e-11,1.486415e-09,1.486415e-11
1.398637e+01,4.028369e-11,1.479337e-09,1.479337e-11
1.398888e+01,4.000664e-11,1.463579e-09,1.463579e-11
1.399140e+01,3.966389e-11,1.439772e-09,1.439772e-11
1.399391e+01,3.926295e-11,1.408890e-09,1.408890e-11
1.399642e+01,3.881111e-11,1.372174e-09,1.372174e-11
1.399894e+01,3.831268e-11,1.331059e-09,1.331059e-11
1.400145e+01,3.777035e-11,1.287078e-09,1.287078e-11
1.400396e+01,3.718713e-11,1.241728e-09,1.241728e-11
1.400648e+01,3.656415e-11,1.196331e-09,1.196331e-11
1.400899e+01,3.590231e-11,1.151911e-09,1.151911e-11
1.401150e+01,3.520264e-11,1.109125e-09,1.109125e-11
1.401402e+01,3.446654e-11,1.068260e-09,1.068260e-11
1.401653e+01,3.369834e-11,1.029303e-09,1.029303e-11
1.401904e+01,3.290365e-11,9.920143e-10,9.920143e-12
1.402156e+01,3.208855e-11,9.560656e-10,9.560656e-12
1.402407e+01,3.126209e-11,9.212074e-10,9.212074e-12
1.402658e+01,3.043500e-11,8.873574e-10,8.873574e-12
1.402910e+01,2.961828e-11,8.546351e-10,8.546351e-12
1.403161e+01,2.882396e-11,8.233905e-10,8.233905e-12
1.403412e+01,2.806455e-11,7.941517e-10,7.941517e-12
1.403664e+01,2.735213e-11,7.675084e-10,7.675084e-12
1.403915e+01,2.669691e-11,7.439872e-10,7.439872e-12
1.404166e+01,2.610798e-11,7.239500e-10,7.239500e-12
1.404418e+01,2.559297e-11,7.075405e-10,7.075405e-12
1.404669e+01,2.515732e-11,6.946513e-10,6.946513e-12
1.404920e+01,2.480424e-11,6.849423e-10,6.849423e-12
1.405172e+01,2.453444e-11,6.779282e-10,6.779282e-12
1.405423e+01,2.434681e-11,6.730892e-10,6.730892e-12
1.405674e+01,2.423772e-11,6.699708e-10,6.699708e-12
1.405926e+01,2.420156e-11,6.682450e-10,6.682450e-12
1.406177e+01,2.423191e-11,6.677423e-10,6.677423e-12
1.406428e+01,2.432061e-11,6.684317e-10,6.684317e-12
1.406680e+01,2.445780e-11,6.703411e-10,6.703411e-12
1.406931e+01,2.463326e-11,6.734867e-10,6.734867e-12
1.407182e+01,2.483632e-11,6.778047e-10,6.778047e-12
1.407434e+01,2.505637e-11,6.830996e-10,6.830996e-12
1.407685e+01,2.528385e-11,6.890378e-10,6.890378e-12
1.407936e+01,2.550985e-11,6.951628e-10,6.951628e-12
1.408187e+01,2.572718e-11,7.009818e-10,7.009818e-12
1.408439e+01,2.593068e-11,7.060955e-10,7.060955e-12
1.408690e+01,2.611800e-11,7.102920e-10,7.102920e-12
1.408941e+01,2.628944e-11,7.136309e-10,7.136309e-12
1.409193e+01,2.644818e-11,7.164897e-10,7.164897e-12
1.409444e+01,2.660038e-11,7.195195e-10,7.195195e-12
1.409695e+01,2.675421e-11,7.235671e-10,7.235671e-12
1.409947e+01,2.692097e-11,7.295398e-10,7.295398e-12
1.410198e+01,2.711290e-11,7.381886e-10,7.381886e-12
1.410449e+01,2.734226e-11,7.499256e-10,7.499256e-12
1.410701e+01,2.762109e-11,7.647356e-10,7.647356e-12
1.410952e+01,2.795910e-11,7.821755e-10,7.821755e-12
1.411203e+01,2.836331e-11,8.014847e-10,8.014847e-12
1.411455e+01,2.883719e-11,8.217660e-10,8.217660e-12
1.411706e+01,2.937980e-11,8.421573e-10,8.421573e-12
1.411957e+01,2.998462e-11,8.619689e-10,8.619689e-12
1.412209e+01,3.064011e-11,8.807836e-10,8.807836e-12
1.412460e+01,3.133078e-11,8.984675e-10,8.984675e-12
1.412711e+01,3.203680e-11,9.150862e-10,9.150862e-12
1.412963e+01,3.273506e-11,9.307893e-10,9.307893e-12
1.413214e+01,3.340078e-11,9.457028e-10,9.457028e-12
1.413465e+01,3.400923e-11,9.598340e-10,9.598340e-12
1.413717e+01,3.453777e-11,9.730107e-10,9.730107e-12
1.413968e+01,3.496642e-11,9.848881e-10,9.848881e-12
1.414219e+01,3.527891e-11,9.950201e-10,9.950201e-12
1.414471e+01,3.546549e-11,1.002973e-09,1.002973e-11
1.414722e+01,3.552267e-11,1.008438e-09,1.008438e-11
1.414973e+01,3.545280e-11,1.011316e-09,1.011316e-11
1.415225e+01,3.526546e-11,1.011781e-09,1.011781e-11
1.415476e+01,3.497659e-11,1.010280e-09,1.010280e-11
1.415727e+01,3.460678e-11,1.007476e-09,1.007476e-11
1.415979e+01,3.418091e-11,1.004156e-09,1.004156e-11
1.416230e+01,3.372656e-11,1.001126e-09,1.001126e-11
1.416481e+01,3.327193e-11,9.990876e-10,9.990876e-12
1.416733e+01,3.284445e-11,9.985595e-10,9.985595e-12
1.416984e+01,3.246890e-11,9.998386e-10,9.998386e-12
1.417235e+01,3.216653e-11,1.003033e-09,1.003033e-11
1.417487e+01,3.195477e-11,1.008125e-09,1.008125e-11
1.417738e+01,3.184540e-11,1.015010e-09,1.015010e-11
1.417989e+01,3.184332e-11,1.023545e-09,1.023545e-11
1.418241e+01,3.194740e-11,1.033625e-09,1.033625e-11
1.418492e+01,3.215121e-11,1.045177e-09,1.045177e-11
1.418743e+01,3.244285e-11,1.058107e-09,1.058107e-11
1.418995e+01,3.280556e-11,1.072245e-09,1.072245e-11
1.419246e+01,3.321915e-11,1.087309e-09,1.087309e-11
1.419497e+01,3.366109e-11,1.102875e-09,1.102875e-11
1.419749e+01,3.410742e-11,1.118340e-09,1.118340e-11
1.420000e+01,3.453414e-11,1.132939e-09,1.132939e-11
1.420251e+01,3.491813e-11,1.145816e-09,1.145816e-11
1.420503e+01,3.523806e-11,1.156100e-09,1.156100e-11
1.420754e+01,3.547540e-11,1.162965e-09,1.162965e-11
1.421005e+01,3.561550e-11,1.165712e-09,1.165712e-11
1.421257e+01,3.564793e-11,1.163859e-09,1.163859e-11
1.421508e+01,3.556636e-11,1.157186e-09,1.157186e-11
1.421759e+01,3.536933e-11,1.145738e-09,1.145738e-11
1.422010e+01,3.505954e-11,1.129834e-09,1.129834e-11
1.422262e+01,3.464383e-11,1.110071e-09,1.110071e-11
1.422513e+01,3.413377e-11,1.087286e-09,1.087286e-11
1.422764e+01,3.354408e-11,1.062471e-09,1.062471e-11
1.423016e+01,3.289128e-11,1.036675e-09,1.036675e-11
1.423267e+01,3.219411e-11,1.010949e-09,1.010949e-11
1.423518e+01,3.147333e-11,9.862540e-10,9.862540e-12
1.423770e+01,3.074867e-11,9.633400e-10,9.633400e-12
1.424021e+01,3.003943e-11,9.426834e-10,9.426834e-12
1.424272e+01,2.936423e-11,9.244780e-10,9.244780e-12
1.424524e+01,2.873898e-11,9.086502e-10,9.086502e-12
1.424775e+01,2.817774e-11,8.949017e-10,8.949017e-12
1.425026e+01,2.769125e-11,8.827702e-10,8.827702e-12
1.425278e+01,2.728750e-11,8.717378e-10,8.717378e-12
1.425529e+01,2.697167e-11,8.613381e-10,8.613381e-12
1.425780e+01,2.674598e-11,8.512108e-10,8.512108e-12
1.426032e+01,2.660985e-11,8.411497e-10,8.411497e-12
1.426283e+01,2.656019e-11,8.311536e-10,8.311536e-12
1.426534e+01,2.659291e-11,8.214312e-10,8.214312e-12
1.426786e+01,2.670210e-11,8.123685e-10,8.123685e-12
1.427037e+01,2.688078e-11,8.044957e-10,8.044957e-12
1.427288e+01,2.712156e-11,7.984397e-10,7.984397e-12
1.427540e+01,2.741707e-11,7.948539e-10,7.948539e-12
1.427791e+01,2.776064e-11,7.943203e-10,7.943203e-12
1.428042e+01,2.814535e-11,7.972763e-10,7.972763e-12
1.428294e+01,2.856500e-11,8.039728e-10,8.039728e-12
1.428545e+01,2.901364e-11,8.144328e-10,8.144328e-12
1.428796e+01,2.948617e-11,8.284619e-10,8.284619e-12
1.429048e+01,2.997758e-11,8.456917e-10,8.456917e-12
1.429299e+01,3.048242e-11,8.656326e-10,8.656326e-12
1.429550e+01,3.099668e-11,8.877431e-10,8.877431e-12
1.429802e+01,3.151592e-11,9.114718e-10,9.114718e-12
1.430053e+01,3.203452e-11,9.363015e-10,9.363015e-12
1.430304e+01,3.254708e-11,9.617948e-10,9.617948e-12
1.430556e+01,3.304809e-11,9.875954e-10,9.875954e-12
1.430807e+01,3.353129e-11,1.013424e-09,1.013424e-11
1.431058e+01,3.399076e-11,1.039076e-09,1.039076e-11
1.431310e+01,3.442014e-11,1.064399e-09,1.064399e-11
1.431561e+01,3.481273e-11,1.089277e-09,1.089277e-11
1.431812e+01,3.516354e-11,1.113621e-09,1.113621e-11
1.432064e+01,3.546773e-11,1.137354e-09,1.137354e-11
1.432315e+01,3.572028e-11,1.160397e-09,1.160397e-11
1.432566e+01,3.591862e-11,1.182667e-09,1.182667e-11
1.432818e+01,3.606214e-11,1.204053e-09,1.204053e-11
1.433069e+01,3.615081e-11,1.224412e-09,1.224412e-11
1.433320e+01,3.618716e-11,1.243573e-09,1.243573e-11
1.433572e+01,3.617537e-11,1.261322e-09,1.261322e-11
1.433823e+01,3.612060e-11,1.277396e-09,1.277396e-11
1.434074e+01,3.603018e-11,1.291481e-09,1.291481e-11
1.434326e+01,3.591219e-11,1.303231e-09,1.303231e-11
1.434577e+01,3.577512e-11,1.312283e-09,1.312283e-11
1.434828e+01,3.562657e-11,1.318283e-09,1.318283e-11
1.435080e+01,3.547285e-11,1.320934e-09,1.320934e-11
1.435331e+01,3.531953e-11,1.320035e-09,1.320035e-11
1.435582e+01,3.516886e-11,1.315493e-09,1.315493e-11
1.435834e+01,3.501952e-11,1.307332e-09,1.307332e-11
1.436085e+01,3.486721e-11,1.295687e-09,1.295687e-11
1.436336e+01,3.470327e-11,1.280778e-09,1.280778e-11
1.436587e+01,3.451684e-11,1.262851e-09,1.262851e-11
1.436839e+01,3.429442e-11,1.242115e-09,1.242115e-11
1.437090e+01,3.402037e-11,1.218659e-09,1.218659e-11
1.437341e+01,3.367871e-11,1.192442e-09,1.192442e-11
1.437593e+01,3.325410e-11,1.163321e-09,1.163321e-11
1.437844e+01,3.273517e-11,1.131110e-09,1.131110e-11
1.438095e+01,3.211330e-11,1.095678e-09,1.095678e-11
1.438347e+01,3.138531e-11,1.057092e-09,1.057092e-11
1.438598e+01,3.055606e-11,1.015763e-09,1.015763e-11
1.438849e+01,2.963591e-11,9.724963e-10,9.724963e-12
1.439101e+01,2.864255e-11,9.284849e-10,9.284849e-12
1.439352e+01,2.760128e-11,8.852437e-10,8.852437e-12
1.439603e+01,2.654233e-11,8.443740e-10,8.443740e-12
1.439855e+01,2.549970e-11,8.072698e-10,8.072698e-12
1.440106e+01,2.450978e-11,7.748390e-10,7.748390e-12
1.440357e+01,2.360872e-11,7.472829e-10,7.472829e-12
1.440609e+01,2.282956e-11,7.240999e-10,7.240999e-12
1.440860e+01,2.220002e-11,7.043512e-10,7.043512e-12
1.441111e+01,2.174053e-11,6.870720e-10,6.870720e-12
1.441363e+01,2.146291e-11,6.717388e-10,6.717388e-12
1.441614e+01,2.136940e-11,6.585957e-10,6.585957e-12
1.441865e+01,2.145111e-11,6.487123e-10,6.487123e-12
1.442117e+01,2.168995e-11,6.437644e-10,6.437644e-12
1.442368e+01,2.206027e-11,6.454564e-10,6.454564e-12
1.442619e+01,2.252843e-11,6.547720e-10,6.547720e-12
1.442871e+01,2.305711e-11,6.714583e-10,6.714583e-12
1.443122e+01,2.360722e-11,6.938907e-10,6.938907e-12
1.443373e+01,2.413981e-11,7.193489e-10,7.193489e-12
1.443625e+01,2.462040e-11,7.446411e-10,7.446411e-12
1.443876e+01,2.501976e-11,7.667277e-10,7.667277e-12
1.444127e+01,2.531547e-11,7.831499e-10,7.831499e-12
1.444379e+01,2.549425e-11,7.923035e-10,7.923035e-12
1.444630e+01,2.555186e-11,7.935492e-10,7.935492e-12
1.444881e+01,2.549214e-11,7.871765e-10,7.871765e-12
1.445133e+01,2.532643e-11,7.742797e-10,7.742797e-12
1.445384e+01,2.507288e-11,7.565560e-10,7.565560e-12
1.445635e+01,2.475391e-11,7.360566e-10,7.360566e-12
1.445887e+01,2.439418e-11,7.149168e-10,7.149168e-12
1.446138e+01,2.401933e-11,6.950788e-10,6.950788e-12
1.446389e+01,2.365351e-11,6.780560e-10,6.780560e-12
1.446641e+01,2.331808e-11,6.647934e-10,6.647934e-12
1.446892e+01,2.302948e-11,6.556622e-10,6.556622e-12
1.447143e+01,2.280025e-11,6.505954e-10,6.505954e-12
1.447395e+01,2.263896e-11,6.492529e-10,6.492529e-12
1.447646e+01,2.254811e-11,6.511586e-10,6.511586e-12
1.447897e+01,2.252711e-11,6.558583e-10,6.558583e-12
1.448149e+01,2.257209e-11,6.630029e-10,6.630029e-12
1.448400e+01,2.267647e-11,6.723225e-10,6.723225e-12
1.448651e+01,2.283344e-11,6.836264e-10,6.836264e-12
1.448903e+01,2.303578e-11,6.967877e-10,6.967877e-12
1.449154e+01,2.327665e-11,7.116837e-10,7.116837e-12
1.449405e+01,2.355017e-11,7.281887e-10,7.281887e-12
1.449657e+01,2.385177e-11,7.461823e-10,7.461823e-12
1.449908e+01,2.417855e-11,7.655397e-10,7.655397e-12
1.450159e+01,2.452844e-11,7.861378e-10,7.861378e-12
1.450410e+01,2.490007e-11,8.078540e-10,8.078540e-12
1.450662e+01,2.529245e-11,8.305693e-10,8.305693e-12
1.450913e+01,2.570397e-11,8.541718e-10,8.541718e-12
1.451164e+01,2.613231e-11,8.785557e-10,8.785557e-12
1.451416e+01,2.657441e-11,9.036277e-10,9.036277e-12
1.451667e+01,2.702559e-11,9.292957e-10,9.292957e-12
1.451918e+01,2.748010e-11,9.554549e-10,9.554549e-12
1.452170e+01,2.793128e-11,9.819878e-10,9.819878e-12
1.452421e+01,2.837131e-11,1.008757e-09,1.008757e-11
1.452672e+01,2.879283e-11,1.035582e-09,1.035582e-11
1.452924e+01,2.918875e-11,1.062234e-09,1.062234e-11
1.453175e+01,2.955232e-11,1.088453e-09,1.088453e-11
1.453426e+01,2.987811e-11,1.113947e-09,1.113947e-11
1.453678e+01,3.016295e-11,1.138417e-09,1.138417e-11
1.453929e+01,3.040637e-11,1.161575e-09,1.161575e-11
1.454180e+01,3.060899e-11,1.183146e-09,1.183146e-11
1.454432e+01,3.077384e-11,1.202886e-09,1.202886e-11
1.454683e+01,3.090717e-11,1.220619e-09,1.220619e-11
1.454934e+01,3.101628e-11,1.236229e-09,1.236229e-11
1.455186e+01,3.110967e-11,1.249641e-09,1.249641e-11
1.455437e+01,3.119672e-11,1.260847e-09,1.260847e-11
1.455688e+01,3.128741e-11,1.269920e-09,1.269920e-11
1.455940e+01,3.139199e-11,1.276990e-09,1.276990e-11
1.456191e+01,3.151915e-11,1.282245e-09,1.282245e-11
1.456442e+01,3.167603e-11,1.285947e-09,1.285947e-11
1.456694e+01,3.186886e-11,1.288421e-09,1.288421e-11
1.456945e+01,3.210197e-11,1.290042e-09,1.290042e-11
1.457196e+01,3.237753e-11,1.291229e-09,1.291229e-11
1.457448e+01,3.269582e-11,1.292430e-09,1.292430e-11
1.457699e+01,3.305483e-11,1.294069e-09,1.294069e-11
1.457950e+01,3.345082e-11,1.296519e-09,1.296519e-11
1.458202e+01,3.387925e-11,1.300087e-09,1.300087e-11
1.458453e+01,3.433460e-11,1.304968e-09,1.304968e-11
1.458704e+01,3.481011e-11,1.311215e-09,1.311215e-11
1.458956e+01,3.529855e-11,1.318732e-09,1.318732e-11
1.459207e+01,3.579316e-11,1.327310e-09,1.327310e-11
1.459458e+01,3.628747e-11,1.336642e-09,1.336642e-11
1.459710e+01,3.677488e-11,1.346341e-09,1.346341e-11
1.459961e+01,3.724956e-11,1.356022e-09,1.356022e-11
1.460212e+01,3.770620e-11,1.365371e-09,1.365371e-11
1.460464e+01,3.813868e-11,1.374167e-09,1.374167e-11
1.460715e+01,3.854157e-11,1.382321e-09,1.382321e-11
1.460966e+01,3.890964e-11,1.389889e-09,1.389889e-11
1.461218e+01,3.923605e-11,1.397043e-09,1.397043e-11
1.461469e+01,3.951375e-11,1.404028e-09,1.404028e-11
1.461720e+01,3.973640e-11,1.411124e-09,1.411124e-11
1.461972e+01,3.989704e-11,1.418549e-09,1.418549e-11
1.462223e+01,3.998786e-11,1.426373e-09,1.426373e-11
1.462474e+01,4.000210e-11,1.434511e-09,1.434511e-11
1.462726e+01,3.993501e-11,1.442719e-09,1.442719e-11
1.462977e+01,3.978354e-11,1.450626e-09,1.450626e-11
1.463228e+01,3.954757e-11,1.457836e-09,1.457836e-11
1.463480e+01,3.923148e-11,1.464031e-09,1.464031e-11
1.463731e+01,3.884346e-11,1.469077e-09,1.469077e-11
1.463982e+01,3.839663e-11,1.473093e-09,1.473093e-11
1.464234e+01,3.790961e-11,1.476482e-09,1.476482e-11
1.464485e+01,3.740487e-11,1.479903e-09,1.479903e-11
1.464736e+01,3.690949e-11,1.484214e-09,1.484214e-11
1.464987e+01,3.645421e-11,1.490309e-09,1.490309e-11
1.465239e+01,3.607063e-11,1.498937e-09,1.498937e-11
1.465490e+01,3.578961e-11,1.510601e-09,1.510601e-11
1.465741e+01,3.564036e-11,1.525520e-09,1.525520e-11
1.465993e+01,3.564807e-11,1.543610e-09,1.543610e-11
1.466244e+01,3.583219e-11,1.564551e-09,1.564551e-11
1.466495e+01,3.620477e-11,1.587949e-09,1.587949e-11
1.466747e+01,3.676826e-11,1.613468e-09,1.613468e-11
1.466998e+01,3.751603e-11,1.640881e-09,1.640881e-11
1.467249e+01,3.843158e-11,1.670088e-09,1.670088e-11
1.467501e+01,3.948960e-11,1.701088e-09,1.701088e-11
1.467752e+01,4.065695e-11,1.733853e-09,1.733853e-11
1.468003e+01,4.189378e-11,1.768143e-09,1.768143e-11
1.468255e+01,4.315630e-11,1.803419e-09,1.803419e-11
1.468506e+01,4.439826e-11,1.838818e-09,1.838818e-11
1.468757e+01,4.557380e-11,1.873165e-09,1.873165e-11
1.469009e+01,4.664010e-11,1.905080e-09,1.905080e-11
1.469260e+01,4.756080e-11,1.933176e-09,1.933176e-11
1.469511e+01,4.830649e-11,1.956212e-09,1.956212e-11
1.469763e+01,4.885498e-11,1.973220e-09,1.973220e-11
1.470014e+01,4.919394e-11,1.983626e-09,1.983626e-11
1.470265e+01,4.932042e-11,1.987320e-09,1.987320e-11
1.470517e+01,4.924086e-11,1.984620e-09,1.984620e-11
1.470768e+01,4.896959e-11,1.976179e-09,1.976179e-11
1.471019e+01,4.852697e-11,1.962867e-09,1.962867e-11
1.471271e+01,4.793850e-11,1.945638e-09,1.945638e-11
1.471522e+01,4.723258e-11,1.925399e-09,1.925399e-11
1.471773e+01,4.643882e-11,1.902931e-09,1.902931e-11
1.472025e+01,4.558575e-11,1.878817e-09,1.878817e-11
1.472276e+01,4.469947e-11,1.853433e-09,1.853433e-11
1.472527e+01,4.380290e-11,1.826977e-09,1.826977e-11
1.472779e+01,4.291395e-11,1.799516e-09,1.799516e-11
1.473030e+01,4.204559e-11,1.771041e-09,1.771041e-11
1.473281e+01,4.120684e-11,1.741558e-09,1.741558e-11
1.473533e+01,4.040181e-11,1.711125e-09,1.711125e-11
1.473784e+01,3.962989e-11,1.679817e-09,1.679817e-11
1.474035e+01,3.888772e-11,1.647709e-09,1.647709e-11
1.474287e+01,3.816998e-11,1.614911e-09,1.614911e-11
1.474538e+01,3.746927e-11,1.581559e-09,1.581559e-11
1.474789e+01,3.677832e-11,1.547756e-09,1.547756e-11
1.475041e+01,3.609016e-11,1.513550e-09,1.513550e-11
1.475292e+01,3.539841e-11,1.478964e-09,1.478964e-11
1.475543e+01,3.469903e-11,1.444006e-09,1.444006e-11
1.475795e+01,3.398937e-11,1.408672e-09,1.408672e-11
1.476046e+01,3.326903e-11,1.372959e-09,1.372959e-11
1.476297e+01,3.253967e-11,1.336886e-09,1.336886e-11
1.476549e+01,3.180503e-11,1.300509e-09,1.300509e-11
1.476800e+01,3.107074e-11,1.263936e-09,1.263936e-11
1.477051e+01,3.034410e-11,1.227339e-09,1.227339e-11
1.477303e+01,2.963369e-11,1.190944e-09,1.190944e-11
1.477554e+01,2.894827e-11,1.155030e-09,1.155030e-11
1.477805e+01,2.829779e-11,1.119938e-09,1.119938e-11
1.478057e+01,2.769241e-11,1.086066e-09,1.086066e-11
1.478308e+01,2.714116e-11,1.053869e-09,1.053869e-11
1.478559e+01,2.665203e-11,1.023862e-09,1.023862e-11
1.478810e+01,2.623191e-11,9.966053e-10,9.966053e-12
1.479062e+01,2.588650e-11,9.727014e-10,9.727014e-12
1.479313e+01,2.561928e-11,9.527840e-10,9.527840e-12
1.479564e+01,2.543121e-11,9.374808e-10,9.374808e-12
1.479816e+01,2.532122e-11,9.273401e-10,9.273401e-12
1.480067e+01,2.528576e-11,9.227666e-10,9.227666e-12
1.480318e+01,2.531938e-11,9.239703e-10,9.239703e-12
1.480570e+01,2.541466e-11,9.309035e-10,9.309035e-12
1.480821e+01,2.556262e-11,9.432139e-10,9.432139e-12
1.481072e+01,2.575339e-11,9.602442e-10,9.602442e-12
1.481324e+01,2.597590e-11,9.810831e-10,9.810831e-12
1.481575e+01,2.621972e-11,1.004629e-09,1.004629e-11
1.481826e+01,2.647499e-11,1.029650e-09,1.029650e-11
1.482078e+01,2.673247e-11,1.054877e-09,1.054877e-11
1.482329e+01,2.698420e-11,1.079077e-09,1.079077e-11
1.482580e+01,2.722362e-11,1.101094e-09,1.101094e-11
1.482832e+01,2.744559e-11,1.119889e-09,1.119889e-11
1.483083e+01,2.764598e-11,1.134603e-09,1.134603e-11
1.483334e+01,2.782230e-11,1.144589e-09,1.144589e-11
1.483586e+01,2.797300e-11,1.149413e-09,1.149413e-11
1.483837e+01,2.809676e-11,1.148859e-09,1.148859e-11
1.484088e+01,2.819274e-11,1.142945e-09,1.142945e-11
1.484340e+01,2.825956e-11,1.131903e-09,1.131903e-11
1.484591e+01,2.829567e-11,1.116149e-09,1.116149e-11
1.484842e+01,2.830022e-11,1.096276e-09,1.096276e-11
1.485094e+01,2.827172e-11,1.073024e-09,1.073024e-11
1.485345e+01,2.820864e-11,1.047232e-09,1.047232e-11
1.485596e+01,2.811084e-11,1.019772e-09,1.019772e-11
1.485848e+01,2.797863e-11,9.915269e-10,9.915269e-12
1.486099e+01,2.781362e-11,9.633698e-10,9.633698e-12
1.486350e+01,2.761973e-11,9.361423e-10,9.361423e-12
1.486602e+01,2.740260e-11,9.106150e-10,9.106150e-12
1.486853e+01,2.717081e-11,8.874639e-10,8.874639e-12
1.487104e+01,2.693466e-11,8.672454e-10,8.672454e-12
1.487356e+01,2.670613e-11,8.503667e-10,8.503667e-12
1.487607e+01,2.649914e-11,8.370529e-10,8.370529e-12
1.487858e+01,2.632771e-11,8.273260e-10,8.273260e-12
1.488110e+01,2.620591e-11,8.210183e-10,8.210183e-12
1.488361e+01,2.614687e-11,8.178084e-10,8.178084e-12
1.488612e+01,2.616169e-11,8.172808e-10,8.172808e-12
1.488864e+01,2.625852e-11,8.190101e-10,8.190101e-12
1.489115e+01,2.644297e-11,8.226241e-10,8.226241e-12
1.489366e+01,2.671614e-11,8.278355e-10,8.278355e-12
1.489618e+01,2.707468e-11,8.344754e-10,8.344754e-12
1.489869e+01,2.751259e-11,8.424842e-10,8.424842e-12
1.490120e+01,2.801892e-11,8.518493e-10,8.518493e-12
1.490372e+01,2.858028e-11,8.625564e-10,8.625564e-12
1.490623e+01,2.918179e-11,8.745410e-10,8.745410e-12
1.490874e+01,2.980619e-11,8.876276e-10,8.876276e-12
1.491126e+01,3.043599e-11,9.015212e-10,9.015212e-12
1.491377e+01,3.105426e-11,9.158424e-10,9.158424e-12
1.491628e+01,3.164629e-11,9.301788e-10,9.301788e-12
1.491880e+01,3.219953e-11,9.441320e-10,9.441320e-12
1.492131e+01,3.270328e-11,9.573596e-10,9.573596e-12
1.492382e+01,3.315020e-11,9.696242e-10,9.696242e-12
1.492634e+01,3.353615e-11,9.808276e-10,9.808276e-12
1.492885e+01,3.386077e-11,9.910055e-10,9.910055e-12
1.493136e+01,3.412622e-11,1.000286e-09,1.000286e-11
1.493387e+01,3.433652e-11,1.008849e-09,1.008849e-11
1.493639e+01,3.449858e-11,1.016906e-09,1.016906e-11
1.493890e+01,3.462037e-11,1.024647e-09,1.024647e-11
1.494141e+01,3.471083e-11,1.032196e-09,1.032196e-11
1.494393e+01,3.477860e-11,1.039582e-09,1.039582e-11
1.494644e+01,3.483157e-11,1.046753e-09,1.046753e-11
1.494895e+01,3.487815e-11,1.053604e-09,1.053604e-11
1.495147e+01,3.492505e-11,1.059977e-09,1.059977e-11
1.495398e+01,3.497673e-11,1.065686e-09,1.065686e-11
1.495649e+01,3.503645e-11,1.070562e-09,1.070562e-11
1.495901e+01,3.510611e-11,1.074474e-09,1.074474e-11
1.496152e+01,3.518558e-11,1.077339e-09,1.077339e-11
1.496403e+01,3.527299e-11,1.079127e-09,1.079127e-11
1.496655e+01,3.536484e-11,1.079855e-09,1.079855e-11
1.496906e+01,3.545679e-11,1.079595e-09,1.079595e-11
1.497157e+01,3.554448e-11,1.078459e-09,1.078459e-11
1.497409e+01,3.562286e-11,1.076568e-09,1.076568e-11
1.497660e+01,3.568587e-11,1.074032e-09,1.074032e-11
1.497911e+01,3.572888e-11,1.070969e-09,1.070969e-11
1.498163e+01,3.574856e-11,1.067500e-09,1.067500e-11
1.498414e+01,3.574170e-11,1.063742e-09,1.063742e-11
1.498665e+01,3.570781e-11,1.059814e-09,1.059814e-11
1.498917e+01,3.564771e-11,1.055859e-09,1.055859e-11
1.499168e+01,3.556326e-11,1.052036e-09,1.052036e-11
1.499419e+01,3.545859e-11,1.048514e-09,1.048514e-11
1.499671e+01,3.533899e-11,1.045480e-09,1.045480e-11
1.499922e+01,3.521191e-11,1.043133e-09,1.043133e-11
1.500173e+01,3.508521e-11,1.041668e-09,1.041668e-11
1.500425e+01,3.496643e-11,1.041240e-09,1.041240e-11
1.500676e+01,3.486413e-11,1.041955e-09,1.041955e-11
1.500927e+01,3.478625e-11,1.043884e-09,1.043884e-11
1.501179e+01,3.473950e-11,1.047041e-09,1.047041e-11
1.501430e+01,3.472927e-11,1.051376e-09,1.051376e-11
1.501681e+01,3.475900e-11,1.056804e-09,1.056804e-11
1.501933e+01,3.483087e-11,1.063234e-09,1.063234e-11
1.502184e+01,3.494512e-11,1.070564e-09,1.070564e-11
1.502435e+01,3.509950e-11,1.078692e-09,1.078692e-11
1.502687e+01,3.528939e-11,1.087520e-09,1.087520e-11
1.502938e+01,3.550845e-11,1.096961e-09,1.096961e-11
1.503189e+01,3.574949e-11,1.106959e-09,1.106959e-11
1.503441e+01,3.600421e-11,1.117467e-09,1.117467e-11
1.503692e+01,3.626310e-11,1.128400e-09,1.128400e-11
1.503943e+01,3.651585e-11,1.139640e-09,1.139640e-11
1.504195e+01,3.675255e-11,1.151042e-09,1.151042e-11
1.504446e+01,3.696374e-11,1.162421e-09,1.162421e-11
1.504697e+01,3.714097e-11,1.173571e-09,1.173571e-11
1.504949e+01,3.727771e-11,1.184279e-09,1.184279e-11
1.505200e+01,3.736899e-11,1.194325e-09,1.194325e-11
1.505451e+01,3.741153e-11,1.203511e-09,1.203511e-11
1.505703e+01,3.740477e-11,1.211713e-09,1.211713e-11
1.505954e+01,3.735134e-11,1.218867e-09,1.218867e-11
1.506205e+01,3.725572e-11,1.224945e-09,1.224945e-11
1.506457e+01,3.712520e-11,1.229998e-09,1.229998e-11
1.506708e+01,3.696993e-11,1.234129e-09,1.234129e-11
1.506959e+01,3.680109e-11,1.237450e-09,1.237450e-11
1.507210e+01,3.663159e-11,1.240063e-09,1.240063e-11
1.507462e+01,3.647481e-11,1.242056e-09,1.242056e-11
1.507713e+01,3.634312e-11,1.243496e-09,1.243496e-11
1.507964e+01,3.624873e-11,1.244444e-09,1.244444e-11
1.508216e+01,3.620163e-11,1.244952e-09,1.244952e-11
1.508467e+01,3.620774e-11,1.245071e-09,1.245071e-11
1.508718e+01,3.627034e-11,1.244910e-09,1.244910e-11
1.508970e+01,3.638926e-11,1.244637e-09,1.244637e-11
1.509221e+01,3.655984e-11,1.244429e-09,1.244429e-11
1.509472e+01,3.677362e-11,1.244462e-09,1.244462e-11
1.509724e+01,3.701956e-11,1.244897e-09,1.244897e-11
1.509975e+01,3.728386e-11,1.245808e-09,1.245808e-11
1.510226e+01,3.755087e-11,1.247149e-09,1.247149e-11
1.510478e+01,3.780547e-11,1.248776e-09,1.248776e-11
1.510729e+01,3.803355e-11,1.250467e-09,1.250467e-11
1.510980e+01,3.822308e-11,1.251940e-09,1.251940e-11
1.511232e+01,3.836512e-11,1.252910e-09,1.252910e-11
1.511483e+01,3.845526e-11,1.253134e-09,1.253134e-11
1.511734e+01,3.849253e-11,1.252446e-09,1.252446e-11
1.511986e+01,3.848003e-11,1.250794e-09,1.250794e-11
1.512237e+01,3.842605e-11,1.248235e-09,1.248235e-11
1.512488e+01,3.834066e-11,1.244910e-09,1.244910e-11
1.512740e+01,3.823586e-11,1.241027e-09,1.241027e-11
1.512991e+01,3.812498e-11,1.236835e-09,1.236835e-11
1.513242e+01,3.801978e-11,1.232614e-09,1.232614e-11
1.513494e+01,3.792990e-11,1.228663e-09,1.228663e-11
1.513745e+01,3.786182e-11,1.225291e-09,1.225291e-11
1.513996e+01,3.781797e-11,1.222790e-09,1.222790e-11
1.514248e+01,3.779616e-11,1.221360e-09,1.221360e-11
1.514499e+01,3.778909e-11,1.221049e-09,1.221049e-11
1.514750e+01,3.778610e-11,1.221722e-09,1.221722e-11
1.515002e+01,3.777358e-11,1.223030e-09,1.223030e-11
1.515253e+01,3.773526e-11,1.224404e-09,1.224404e-11
1.515504e+01,3.765490e-11,1.225140e-09,1.225140e-11
1.515756e+01,3.751828e-11,1.224532e-09,1.224532e-11
1.516007e+01,3.731357e-11,1.221998e-09,1.221998e-11
1.516258e+01,3.703288e-11,1.217227e-09,1.217227e-11
1.516510e+01,3.667438e-11,1.210306e-09,1.210306e-11
1.516761e+01,3.624279e-11,1.201743e-09,1.201743e-11
1.517012e+01,3.574850e-11,1.192395e-09,1.192395e-11
1.517264e+01,3.520721e-11,1.183339e-09,1.183339e-11
1.517515e+01,3.464036e-11,1.175675e-09,1.175675e-11
1.517766e+01,3.407327e-11,1.170294e-09,1.170294e-11
1.518018e+01,3.353306e-11,1.167706e-09,1.167706e-11
1.518269e+01,3.304785e-11,1.167935e-09,1.167935e-11
1.518520e+01,3.264352e-11,1.170534e-09,1.170534e-11
1.518772e+01,3.234233e-11,1.174760e-09,1.174760e-11
1.519023e+01,3.216303e-11,1.179796e-09,1.179796e-11
1.519274e+01,3.211819e-11,1.184963e-09,1.184963e-11
1.519526e+01,3.221298e-11,1.189883e-09,1.189883e-11
1.519777e+01,3.244628e-11,1.194551e-09,1.194551e-11
1.520028e+01,3.281012e-11,1.199312e-09,1.199312e-11
1.520280e+01,3.329017e-11,1.204754e-09,1.204754e-11
1.520531e+01,3.386696e-11,1.211498e-09,1.211498e-11
1.520782e+01,3.451623e-11,1.219992e-09,1.219992e-11
1.521033e+01,3.521161e-11,1.230391e-09,1.230391e-11
1.521285e+01,3.592621e-11,1.242490e-09,1.242490e-11
1.521536e+01,3.663289e-11,1.255714e-09,1.255714e-11
1.521787e+01,3.730591e-11,1.269239e-09,1.269239e-11
1.522039e+01,3.792184e-11,1.282148e-09,1.282148e-11
1.522290e+01,3.846099e-11,1.293569e-09,1.293569e-11
1.522541e+01,3.890762e-11,1.302838e-09,1.302838e-11
1.522793e+01,3.925027e-11,1.309592e-09,1.309592e-11
1.523044e+01,3.948180e-11,1.313771e-09,1.313771e-11
1.523295e+01,3.959850e-11,1.315575e-09,1.315575e-11
1.523547e+01,3.959997e-11,1.315401e-09,1.315401e-11
1.523798e+01,3.948905e-11,1.313785e-09,1.313785e-11
1.524049e+01,3.927213e-11,1.311266e-09,1.311266e-11
1.524301e+01,3.895650e-11,1.308262e-09,1.308262e-11
1.524552e+01,3.855007e-11,1.305001e-09,1.305001e-11
1.524803e+01,3.806249e-11,1.301477e-09,1.301477e-11
1.525055e+01,3.750319e-11,1.297449e-09,1.297449e-11
1.525306e+01,3.688261e-11,1.292483e-09,1.292483e-11
1.525557e+01,3.621084e-11,1.286024e-09,1.286024e-11
1.525809e+01,3.549747e-11,1.277435e-09,1.277435e-11
1.526060e+01,3.475273e-11,1.266074e-09,1.266074e-11
1.526311e+01,3.398629e-11,1.251388e-09,1.251388e-11
1.526563e+01,3.320858e-11,1.232967e-09,1.232967e-11
1.526814e+01,3.242949e-11,1.210575e-09,1.210575e-11
1.527065e+01,3.165900e-11,1.184174e-09,1.184174e-11
1.527317e+01,3.090773e-11,1.153959e-09,1.153959e-11
1.527568e+01,3.018557e-11,1.120340e-09,1.120340e-11
1.527819e+01,2.950238e-11,1.083938e-09,1.083938e-11
1.528071e+01,2.886717e-11,1.045573e-09,1.045573e-11
1.528322e+01,2.828876e-11,1.006251e-09,1.006251e-11
1.528573e+01,2.777413e-11,9.671140e-10,9.671140e-12
1.528825e+01,2.732860e-11,9.293804e-10,9.293804e-12
1.529076e+01,2.695657e-11,8.942649e-10,8.942649e-12
1.529327e+01,2.665959e-11,8.628929e-10,8.628929e-12
1.529579e+01,2.643712e-11,8.361913e-10,8.361913e-12
1.529830e+01,2.628701e-11,8.147753e-10,8.147753e-12
1.530081e+01,2.620486e-11,7.988551e-10,7.988551e-12
1.530333e+01,2.618413e-11,7.881979e-10,7.881979e-12
1.530584e+01,2.621675e-11,7.821763e-10,7.821763e-12
1.530835e+01,2.629428e-11,7.798797e-10,7.798797e-12
1.531087e+01,2.640753e-11,7.802458e-10,7.802458e-12
1.531338e+01,2.654673e-11,7.822077e-10,7.822077e-12
1.531589e+01,2.670341e-11,7.848368e-10,7.848368e-12
1.531841e+01,2.687011e-11,7.874437e-10,7.874437e-12
1.532092e+01,2.704013e-11,7.896235e-10,7.896235e-12
1.532343e+01,2.720912e-11,7.912644e-10,7.912644e-12
1.532595e+01,2.737455e-11,7.925162e-10,7.925162e-12
1.532846e+01,2.753505e-11,7.937219e-10,7.937219e-12
1.533097e+01,2.769135e-11,7.953439e-10,7.953439e-12
1.533349e+01,2.784550e-11,7.978729e-10,7.978729e-12
1.533600e+01,2.799995e-11,8.017224e-10,8.017224e-12
1.533851e+01,2.815749e-11,8.071631e-10,8.071631e-12
1.534103e+01,2.832052e-11,8.143118e-10,8.143118e-12
1.534354e+01,2.849106e-11,8.231310e-10,8.231310e-12
1.534605e+01,2.867039e-11,8.334372e-10,8.334372e-12
1.534857e+01,2.885787e-11,8.449484e-10,8.449484e-12
1.535108e+01,2.905211e-11,8.573425e-10,8.573425e-12
1.535359e+01,2.925068e-11,8.702957e-10,8.702957e-12
1.535610e+01,2.944986e-11,8.835212e-10,8.835212e-12
1.535862e+01,2.964679e-11,8.967996e-10,8.967996e-12
1.536113e+01,2.983901e-11,9.099731e-10,9.099731e-12
1.536364e+01,3.002373e-11,9.229445e-10,9.229445e-12
1.536616e+01,3.020008e-11,9.356861e-10,9.356861e-12
1.536867e+01,3.037009e-11,9.482226e-10,9.482226e-12
1.537118e+01,3.053682e-11,9.606108e-10,9.606108e-12
1.537370e+01,3.070591e-11,9.729313e-10,9.729313e-12
1.537621e+01,3.088563e-11,9.852639e-10,9.852639e-12
1.537872e+01,3.108440e-11,9.976654e-10,9.976654e-12
1.538124e+01,3.131198e-11,1.010174e-09,1.010174e-11
1.538375e+01,3.157788e-11,1.022814e-09,1.022814e-11
1.538626e+01,3.189009e-11,1.035600e-09,1.035600e-11
1.538878e+01,3.225479e-11,1.048551e-09,1.048551e-11
1.539129e+01,3.267474e-11,1.061708e-09,1.061708e-11
1.539380e+01,3.314897e-11,1.075131e-09,1.075131e-11
1.539632e+01,3.367233e-11,1.088869e-09,1.088869e-11
1.539883e+01,3.423526e-11,1.102927e-09,1.102927e-11
1.540134e+01,3.482411e-11,1.117222e-09,1.117222e-11
1.540386e+01,3.542200e-11,1.131539e-09,1.131539e-11
1.540637e+01,3.600946e-11,1.145512e-09,1.145512e-11
1.540888e+01,3.656545e-11,1.158629e-09,1.158629e-11
1.541140e+01,3.706953e-11,1.170289e-09,1.170289e-11
1.541391e+01,3.750251e-11,1.179869e-09,1.179869e-11
1.541642e+01,3.784756e-11,1.186813e-09,1.186813e-11
1.541894e+01,3.809234e-11,1.190722e-09,1.190722e-11
1.542145e+01,3.822925e-11,1.191428e-09,1.191428e-11
1.542396e+01,3.825613e-11,1.189023e-09,1.189023e-11
1.542648e+01,3.817664e-11,1.183854e-09,1.183854e-11
1.542899e+01,3.799926e-11,1.176474e-09,1.176474e-11
1.543150e+01,3.773689e-11,1.167572e-09,1.167572e-11
1.543402e+01,3.740656e-11,1.157899e-09,1.157899e-11
1.543653e+01,3.702788e-11,1.148203e-09,1.148203e-11
1.543904e+01,3.662124e-11,1.139169e-09,1.139169e-11
1.544156e+01,3.620754e-11,1.131379e-09,1.131379e-11
1.544407e+01,3.580613e-11,1.125302e-09,1.125302e-11
1.544658e+01,3.543387e-11,1.121316e-09,1.121316e-11
1.544910e+01,3.510515e-11,1.119721e-09,1.119721e-11
1.545161e+01,3.483101e-11,1.120735e-09,1.120735e-11
1.545412e+01,3.461832e-11,1.124471e-09,1.124471e-11
1.545664e+01,3.447044e-11,1.130929e-09,1.130929e-11
1.545915e+01,3.438857e-11,1.139983e-09,1.139983e-11
1.546166e+01,3.437073e-11,1.151350e-09,1.151350e-11
1.546418e+01,3.441339e-11,1.164602e-09,1.164602e-11
1.546669e+01,3.451247e-11,1.179218e-09,1.179218e-11
1.546920e+01,3.466310e-11,1.194615e-09,1.194615e-11
1.547172e+01,3.486058e-11,1.210218e-09,1.210218e-11
1.547423e+01,3.510044e-11,1.225537e-09,1.225537e-11
1.547674e+01,3.537940e-11,1.240206e-09,1.240206e-11
1.547926e+01,3.569547e-11,1.254016e-09,1.254016e-11
1.548177e+01,3.604715e-11,1.266898e-09,1.266898e-11
1.548428e+01,3.643274e-11,1.278892e-09,1.278892e-11
1.548680e+01,3.685015e-11,1.290115e-09,1.290115e-11
1.548931e+01,3.729771e-11,1.300746e-09,1.300746e-11
1.549182e+01,3.777308e-11,1.310981e-09,1.310981e-11
1.549433e+01,3.827239e-11,1.320964e-09,1.320964e-11
1.549685e+01,3.878991e-11,1.330755e-09,1.330755e-11
1.549936e+01,3.931771e-11,1.340329e-09,1.340329e-11
1.550187e+01,3.984678e-11,1.349601e-09,1.349601e-11
1.550439e+01,4.036630e-11,1.358418e-09,1.358418e-11
1.550690e+01,4.086369e-11,1.366559e-09,1.366559e-11
1.550941e+01,4.132500e-11,1.373756e-09,1.373756e-11
1.551193e+01,4.173547e-11,1.379716e-09,1.379716e-11
1.551444e+01,4.208017e-11,1.384133e-09,1.384133e-11
1.551695e+01,4.234507e-11,1.386727e-09,1.386727e-11
1.551947e+01,4.251734e-11,1.387237e-09,1.387237e-11
1.552198e+01,4.258509e-11,1.385416e-09,1.385416e-11
1.552449e+01,4.253972e-11,1.381069e-09,1.381069e-11
1.552701e+01,4.237562e-11,1.374062e-09,1.374062e-11
1.552952e+01,4.208999e-11,1.364347e-09,1.364347e-11
1.553203e+01,4.168472e-11,1.351990e-09,1.351990e-11
1.553455e+01,4.116620e-11,1.337155e-09,1.337155e-11
1.553706e+01,4.054480e-11,1.320099e-09,1.320099e-11
1.553957e+01,3.983490e-11,1.301159e-09,1.301159e-11
1.554209e+01,3.905438e-11,1.280708e-09,1.280708e-11
1.554460e+01,3.822453e-11,1.259133e-09,1.259133e-11
1.554711e+01,3.736934e-11,1.236801e-09,1.236801e-11
1.554963e+01,3.651321e-11,1.213988e-09,1.213988e-11
1.555214e+01,3.568030e-11,1.190866e-09,1.190866e-11
1.555465e+01,3.489376e-11,1.167531e-09,1.167531e-11
1.555717e+01,3.417401e-11,1.144045e-09,1.144045e-11
1.555968e+01,3.353780e-11,1.120489e-09,1.120489e-11
1.556219e+01,3.299644e-11,1.097001e-09,1.097001e-11
1.556471e+01,3.255503e-11,1.073827e-09,1.073827e-11
1.556722e+01,3.221373e-11,1.051382e-09,1.051382e-11
1.556973e+01,3.196679e-11,1.030185e-09,1.030185e-11
1.557225e+01,3.180179e-11,1.010771e-09,1.010771e-11
1.557476e+01,3.170211e-11,9.936059e-10,9.936059e-12
1.557727e+01,3.164814e-11,9.789456e-10,9.789456e-12
1.557979e+01,3.161757e-11,9.667287e-10,9.667287e-12
1.558230e+01,3.158747e-11,9.565715e-10,9.565715e-12
1.558481e+01,3.153632e-11,9.477952e-10,9.477952e-12
1.558733e+01,3.144557e-11,9.395459e-10,9.395459e-12
1.558984e+01,3.130123e-11,9.309669e-10,9.309669e-12
1.559235e+01,3.109407e-11,9.213450e-10,9.213450e-12
1.559487e+01,3.082041e-11,9.102538e-10,9.102538e-12
1.559738e+01,3.048310e-11,8.976383e-10,8.976383e-12
1.559989e+01,3.009115e-11,8.837972e-10,8.837972e-12
1.560241e+01,2.965788e-11,8.693137e-10,8.693137e-12
1.560492e+01,2.920080e-11,8.549562e-10,8.549562e-12
1.560743e+01,2.874098e-11,8.415279e-10,8.415279e-12
1.560995e+01,2.829862e-11,8.297182e-10,8.297182e-12
1.561246e+01,2.789361e-11,8.200181e-10,8.200181e-12
1.561497e+01,2.754443e-11,8.126884e-10,8.126884e-12
1.561749e+01,2.726448e-11,8.077775e-10,8.077775e-12
1.562000e+01,2.706322e-11,8.051757e-10,8.051757e-12
1.562251e+01,2.694458e-11,8.046903e-10,8.046903e-12
1.562503e+01,2.690627e-11,8.060986e-10,8.060986e-12
1.562754e+01,2.694130e-11,8.091378e-10,8.091378e-12
1.563005e+01,2.703764e-11,8.134898e-10,8.134898e-12
1.563257e+01,2.717909e-11,8.187692e-10,8.187692e-12
1.563508e+01,2.734719e-11,8.244820e-10,8.244820e-12
1.563759e+01,2.752253e-11,8.300388e-10,8.300388e-12
1.564010e+01,2.768609e-11,8.348120e-10,8.348120e-12
1.564262e+01,2.782059e-11,8.382050e-10,8.382050e-12
1.564513e+01,2.791192e-11,8.397626e-10,8.397626e-12
1.564764e+01,2.794994e-11,8.392603e-10,8.392603e-12
1.565016e+01,2.792990e-11,8.367488e-10,8.367488e-12
1.565267e+01,2.785200e-11,8.325675e-10,8.325675e-12
1.565518e+01,2.772093e-11,8.273089e-10,8.273089e-12
1.565770e+01,2.754714e-11,8.217598e-10,8.217598e-12
1.566021e+01,2.734566e-11,8.168018e-10,8.168018e-12
1.566272e+01,2.713444e-11,8.132684e-10,8.132684e-12
1.566524e+01,2.693318e-11,8.118325e-10,8.118325e-12
1.566775e+01,2.676297e-11,8.129756e-10,8.129756e-12
1.567026e+01,2.664543e-11,8.169892e-10,8.169892e-12
1.567278e+01,2.660002e-11,8.239905e-10,8.239905e-12
1.567529e+01,2.664393e-11,8.339969e-10,8.339969e-12
1.567780e+01,2.679162e-11,8.469965e-10,8.469965e-12
1.568032e+01,2.705360e-11,8.629727e-10,8.629727e-12
1.568283e+01,2.743617e-11,8.819050e-10,8.819050e-12
1.568534e+01,2.794040e-11,9.037377e-10,9.037377e-12
1.568786e+01,2.856391e-11,9.283573e-10,9.283573e-12
1.569037e+01,2.930139e-11,9.555886e-10,9.555886e-12
1.569288e+01,3.014279e-11,9.851866e-10,9.851866e-12
1.569540e+01,3.107591e-11,1.016893e-09,1.016893e-11
1.569791e+01,3.208748e-11,1.050535e-09,1.050535e-11
1.570042e+01,3.316224e-11,1.086113e-09,1.086113e-11
1.570294e+01,3.428542e-11,1.123889e-09,1.123889e-11
1.570545e+01,3.544320e-11,1.164445e-09,1.164445e-11
1.570796e+01,3.662272e-11,1.208643e-09,1.208643e-11
1.571048e+01,3.781309e-11,1.257499e-09,1.257499e-11
1.571299e+01,3.900427e-11,1.312012e-09,1.312012e-11
1.571550e+01,4.018914e-11,1.372972e-09,1.372972e-11
1.571802e+01,4.136363e-11,1.440752e-09,1.440752e-11
1.572053e+01,4.252365e-11,1.515128e-09,1.515128e-11
1.572304e+01,4.366657e-11,1.595237e-09,1.595237e-11
1.572556e+01,4.479129e-11,1.679613e-09,1.679613e-11
1.572807e+01,4.589631e-11,1.766293e-09,1.766293e-11
1.573058e+01,4.697990e-11,1.852991e-09,1.852991e-11
1.573310e+01,4.804021e-11,1.937292e-09,1.937292e-11
1.573561e+01,4.907362e-11,2.016795e-09,2.016795e-11
1.573812e+01,5.007423e-11,2.089264e-09,2.089264e-11
1.574064e+01,5.103507e-11,2.152775e-09,2.152775e-11
1.574315e+01,5.194780e-11,2.205789e-09,2.205789e-11
1.574566e+01,5.280243e-11,2.247184e-09,2.247184e-11
1.574818e+01,5.358744e-11,2.276259e-09,2.276259e-11
1.575069e+01,5.429017e-11,2.292738e-09,2.292738e-11
1.575320e+01,5.489742e-11,2.296746e-09,2.296746e-11
1.575572e+01,5.539709e-11,2.288743e-09,2.288743e-11
1.575823e+01,5.577703e-11,2.269442e-09,2.269442e-11
1.576074e+01,5.602519e-11,2.239756e-09,2.239756e-11
1.576326e+01,5.613226e-11,2.200750e-09,2.200750e-11
1.576577e+01,5.609084e-11,2.153557e-09,2.153557e-11
1.576828e+01,5.589574e-11,2.099328e-09,2.099328e-11
1.577080e+01,5.554521e-11,2.039225e-09,2.039225e-11
1.577331e+01,5.504043e-11,1.974391e-09,1.974391e-11
1.577582e+01,5.438516e-11,1.905917e-09,1.905917e-11
1.577833e+01,5.358709e-11,1.834851e-09,1.834851e-11
1.578085e+01,5.265783e-11,1.762226e-09,1.762226e-11
1.578336e+01,5.161161e-11,1.689064e-09,1.689064e-11
1.578587e+01,5.046599e-11,1.616355e-09,1.616355e-11
1.578839e+01,4.924080e-11,1.545048e-09,1.545048e-11
1.579090e+01,4.795818e-11,1.476055e-09,1.476055e-11
1.579341e+01,4.664314e-11,1.410210e-09,1.410210e-11
1.579593e+01,4.532039e-11,1.348203e-09,1.348203e-11
1.579844e+01,4.401449e-11,1.290559e-09,1.290559e-11
1.580095e+01,4.275038e-11,1.237649e-09,1.237649e-11
1.580347e+01,4.155094e-11,1.189695e-09,1.189695e-11
1.580598e+01,4.043617e-11,1.146805e-09,1.146805e-11
1.580849e+01,3.942257e-11,1.109072e-09,1.109072e-11
1.581101e+01,3.852278e-11,1.076639e-09,1.076639e-11
1.581352e+01,3.774469e-11,1.049758e-09,1.049758e-11
1.581603e+01,3.709103e-11,1.028793e-09,1.028793e-11
1.581855e+01,3.655996e-11,1.014137e-09,1.014137e-11
1.582106e+01,3.614453e-11,1.006060e-09,1.006060e-11
1.582357e+01,3.583359e-11,1.004516e-09,1.004516e-11
1.582609e+01,3.561256e-11,1.008998e-09,1.008998e-11
1.582860e+01,3.546410e-11,1.018451e-09,1.018451e-11
1.583111e+01,3.536964e-11,1.031297e-09,1.031297e-11
1.583363e+01,3.531061e-11,1.045599e-09,1.045599e-11
1.583614e+01,3.527011e-11,1.059318e-09,1.059318e-11
1.583865e+01,3.523339e-11,1.070533e-09,1.070533e-11
1.584117e+01,3.518819e-11,1.077674e-09,1.077674e-11
1.584368e+01,3.512663e-11,1.079728e-09,1.079728e-11
1.584619e+01,3.504540e-11,1.076361e-09,1.076361e-11
1.584871e+01,3.494503e-11,1.067987e-09,1.067987e-11
1.585122e+01,3.483069e-11,1.055746e-09,1.055746e-11
1.585373e+01,3.471062e-11,1.041387e-09,1.041387e-11
1.585625e+01,3.459435e-11,1.027104e-09,1.027104e-11
1.585876e+01,3.449350e-11,1.015290e-09,1.015290e-11
1.586127e+01,3.441994e-11,1.008228e-09,1.008228e-11
1.586379e+01,3.438386e-11,1.007739e-09,1.007739e-11
1.586630e+01,3.439340e-11,1.014886e-09,1.014886e-11
1.586881e+01,3.445298e-11,1.029840e-09,1.029840e-11
1.587133e+01,3.456323e-11,1.051919e-09,1.051919e-11
1.587384e+01,3.472044e-11,1.079758e-09,1.079758e-11
1.587635e+01,3.491663e-11,1.111560e-09,1.111560e-11
1.587887e+01,3.514025e-11,1.145329e-09,1.145329e-11
1.588138e+01,3.537617e-11,1.179073e-09,1.179073e-11
1.588389e+01,3.560727e-11,1.210958e-09,1.210958e-11
1.588641e+01,3.581547e-11,1.239343e-09,1.239343e-11
1.588892e+01,3.598307e-11,1.262816e-09,1.262816e-11
1.589143e+01,3.609322e-11,1.280216e-09,1.280216e-11
1.589395e+01,3.613111e-11,1.290657e-09,1.290657e-11
1.589646e+01,3.608647e-11,1.293538e-09,1.293538e-11
1.589897e+01,3.595291e-11,1.288554e-09,1.288554e-11
1.590149e+01,3.572800e-11,1.275701e-09,1.275701e-11
1.590400e+01,3.541458e-11,1.255290e-09,1.255290e-11
1.590651e+01,3.502007e-11,1.227938e-09,1.227938e-11
1.590903e+01,3.455520e-11,1.194524e-09,1.194524e-11
1.591154e+01,3.403379e-11,1.156174e-09,1.156174e-11
1.591405e+01,3.347255e-11,1.114248e-09,1.114248e-11
1.591657e+01,3.289010e-11,1.070289e-09,1.070289e-11
1.591908e+01,3.230489e-11,1.025938e-09,1.025938e-11
1.592159e+01,3.173474e-11,9.828572e-10,9.828572e-12
1.592410e+01,3.119657e-11,9.426632e-10,9.426632e-12
1.592662e+01,3.070555e-11,9.068185e-10,9.068185e-12
1.592913e+01,3.027431e-11,8.765097e-10,8.765097e-12
1.593164e+01,2.991191e-11,8.525460e-10,8.525460e-12
1.593416e+01,2.962532e-11,8.352951e-10,8.352951e-12
1.593667e+01,2.941890e-11,8.246578e-10,8.246578e-12
1.593918e+01,2.929353e-11,8.201161e-10,8.201161e-12
1.594170e+01,2.924837e-11,8.208499e-10,8.208499e-12
1.594421e+01,2.928018e-11,8.258721e-10,8.258721e-12
1.594672e+01,2.938400e-11,8.341732e-10,8.341732e-12
1.594924e+01,2.955387e-11,8.448396e-10,8.448396e-12
1.595175e+01,2.978295e-11,8.571234e-10,8.571234e-12
1.595426e+01,3.006429e-11,8.704749e-10,8.704749e-12
1.595678e+01,3.039069e-11,8.845373e-10,8.845373e-12
1.595929e+01,3.075485e-11,8.991197e-10,8.991197e-12
1.596180e+01,3.115028e-11,9.141599e-10,9.141599e-12
1.596432e+01,3.157147e-11,9.296697e-10,9.296697e-12
1.596683e+01,3.201301e-11,9.456797e-10,9.456797e-12
1.596934e+01,3.247008e-11,9.622029e-10,9.622029e-12
1.597186e+01,3.293916e-11,9.792225e-10,9.792225e-12
1.597437e+01,3.341772e-11,9.966861e-10,9.966861e-12
1.597688e+01,3.390360e-11,1.014484e-09,1.014484e-11
1.597940e+01,3.439482e-11,1.032451e-09,1.032451e-11
1.598191e+01,3.489035e-11,1.050425e-09,1.050425e-11
1.598442e+01,3.538974e-11,1.068265e-09,1.068265e-11
1.598694e+01,3.589235e-11,1.085836e-09,1.085836e-11
1.598945e+01,3.639783e-11,1.103027e-09,1.103027e-11
1.599196e+01,3.690577e-11,1.119775e-09,1.119775e-11
1.599448e+01,3.741495e-11,1.136046e-09,1.136046e-11
1.599699e+01,3.792393e-11,1.151826e-09,1.151826e-11
1.599950e+01,3.843059e-11,1.167104e-09,1.167104e-11
1.600202e+01,3.893196e-11,1.181853e-09,1.181853e-11
1.600453e+01,3.942519e-11,1.196021e-09,1.196021e-11
1.600704e+01,3.990595e-11,1.209520e-09,1.209520e-11
1.600956e+01,4.036890e-11,1.222212e-09,1.222212e-11
1.601207e+01,4.080882e-11,1.233903e-09,1.233903e-11
1.601458e+01,4.121894e-11,1.244356e-09,1.244356e-11
1.601710e+01,4.159294e-11,1.253321e-09,1.253321e-11
1.601961e+01,4.192481e-11,1.260548e-09,1.260548e-11
1.602212e+01,4.220736e-11,1.265791e-09,1.265791e-11
1.602464e+01,4.243404e-11,1.268838e-09,1.268838e-11
1.602715e+01,4.259951e-11,1.269559e-09,1.269559e-11
1.602966e+01,4.269938e-11,1.267903e-09,1.267903e-11
1.603218e+01,4.272972e-11,1.263896e-09,1.263896e-11
1.603469e+01,4.268763e-11,1.257648e-09,1.257648e-11
1.603720e+01,4.257255e-11,1.249370e-09,1.249370e-11
1.603972e+01,4.238586e-11,1.239354e-09,1.239354e-11
1.604223e+01,4.212998e-11,1.227935e-09,1.227935e-11
1.604474e+01,4.180922e-11,1.215452e-09,1.215452e-11
1.604726e+01,4.142979e-11,1.202228e-09,1.202228e-11
1.604977e+01,4.099955e-11,1.188546e-09,1.188546e-11
1.605228e+01,4.052769e-11,1.174602e-09,1.174602e-11
1.605480e+01,4.002408e-11,1.160492e-09,1.160492e-11
1.605731e+01,3.949870e-11,1.146218e-09,1.146218e-11
1.605982e+01,3.896134e-11,1.131709e-09,1.131709e-11
1.606233e+01,3.842188e-11,1.116854e-09,1.116854e-11
1.606485e+01,3.788907e-11,1.101544e-09,1.101544e-11
1.606736e+01,3.737007e-11,1.085725e-09,1.085725e-11
1.606987e+01,3.687049e-11,1.069422e-09,1.069422e-11
1.607239e+01,3.639351e-11,1.052748e-09,1.052748e-11
1.607490e+01,3.594063e-11,1.035908e-09,1.035908e-11
1.607741e+01,3.551180e-11,1.019190e-09,1.019190e-11
1.607993e+01,3.510510e-11,1.002909e-09,1.002909e-11
1.608244e+01,3.471732e-11,9.873525e-10,9.873525e-12
1.608495e+01,3.434488e-11,9.727501e-10,9.727501e-12
1.608747e+01,3.398395e-11,9.592578e-10,9.592578e-12
1.608998e+01,3.363129e-11,9.469487e-10,9.469487e-12
1.609249e+01,3.328507e-11,9.358440e-10,9.358440e-12
1.609501e+01,3.294448e-11,9.259583e-10,9.259583e-12
1.609752e+01,3.261072e-11,9.173542e-10,9.173542e-12
1.610003e+01,3.228688e-11,9.101721e-10,9.101721e-12
1.610255e+01,3.197697e-11,9.046445e-10,9.046445e-12
1.610506e+01,3.168696e-11,9.011110e-10,9.011110e-12
1.610757e+01,3.142392e-11,8.999725e-10,8.999725e-12
1.611009e+01,3.119424e-11,9.016078e-10,9.016078e-12
1.611260e+01,3.100403e-11,9.063145e-10,9.063145e-12
1.611511e+01,3.085871e-11,9.142543e-10,9.142543e-12
1.611763e+01,3.076152e-11,9.253993e-10,9.253993e-12
1.612014e+01,3.071277e-11,9.395078e-10,9.395078e-12
1.612265e+01,3.071058e-11,9.561484e-10,9.561484e-12
1.612517e+01,3.075056e-11,9.747335e-10,9.747335e-12
1.612768e+01,3.082503e-11,9.945431e-10,9.945431e-12
1.613019e+01,3.092364e-11,1.014781e-09,1.014781e-11
1.613271e+01,3.103534e-11,1.034639e-09,1.034639e-11
1.613522e+01,3.114802e-11,1.053321e-09,1.053321e-11
1.613773e+01,3.124829e-11,1.070069e-09,1.070069e-11
1.614025e+01,3.132451e-11,1.084213e-09,1.084213e-11
1.614276e+01,3.136630e-11,1.095198e-09,1.095198e-11
1.614527e+01,3.136475e-11,1.102607e-09,1.102607e-11
1.614779e+01,3.131417e-11,1.106173e-09,1.106173e-11
1.615030e+01,3.121103e-11,1.105806e-09,1.105806e-11
1.615281e+01,3.105482e-11,1.101605e-09,1.101605e-11
1.615533e+01,3.084809e-11,1.093861e-09,1.093861e-11
1.615784e+01,3.059558e-11,1.083040e-09,1.083040e-11
1.616035e+01,3.030411e-11,1.069775e-09,1.069775e-11
1.616287e+01,2.998154e-11,1.054847e-09,1.054847e-11
1.616538e+01,2.963723e-11,1.039149e-09,1.039149e-11
1.616789e+01,2.928122e-11,1.023632e-09,1.023632e-11
1.617041e+01,2.892328e-11,1.009249e-09,1.009249e-11
1.617292e+01,2.857339e-11,9.969037e-10,9.969037e-12
1.617543e+01,2.824106e-11,9.873875e-10,9.873875e-12
1.617795e+01,2.793523e-11,9.813180e-10,9.813180e-12
1.618046e+01,2.766467e-11,9.790965e-10,9.790965e-12
1.618297e+01,2.743826e-11,9.808990e-10,9.808990e-12
1.618549e+01,2.726463e-11,9.866916e-10,9.866916e-12
1.618800e+01,2.715181e-11,9.962547e-10,9.962547e-12
1.619051e+01,2.710762e-11,1.009226e-09,1.009226e-11
1.619303e+01,2.713953e-11,1.025171e-09,1.025171e-11
1.619554e+01,2.725490e-11,1.043651e-09,1.043651e-11
1.619805e+01,2.746078e-11,1.064258e-09,1.064258e-11
1.620056e+01,2.776230e-11,1.086599e-09,1.086599e-11
1.620308e+01,2.816283e-11,1.110332e-09,1.110332e-11
1.620559e+01,2.866458e-11,1.135209e-09,1.135209e-11
1.620810e+01,2.926743e-11,1.161051e-09,1.161051e-11
1.621062e+01,2.996841e-11,1.187715e-09,1.187715e-11
1.621313e+01,3.076258e-11,1.215099e-09,1.215099e-11
1.621564e+01,3.164242e-11,1.243127e-09,1.243127e-11
1.621816e+01,3.259725e-11,1.271718e-09,1.271718e-11
1.622067e+01,3.361531e-11,1.300783e-09,1.300783e-11
1.622318e+01,3.468349e-11,1.330209e-09,1.330209e-11
1.622570e+01,3.578725e-11,1.359837e-09,1.359837e-11
1.622821e+01,3.691157e-11,1.389455e-09,1.389455e-11
1.623072e+01,3.804172e-11,1.418832e-09,1.418832e-11
1.623324e+01,3.916434e-11,1.447738e-09,1.447738e-11
1.623575e+01,4.026695e-11,1.475945e-09,1.475945e-11
1.623826e+01,4.133914e-11,1.503237e-09,1.503237e-11
1.624078e+01,4.237213e-11,1.529442e-09,1.529442e-11
1.624329e+01,4.335950e-11,1.554451e-09,1.554451e-11
1.624580e+01,4.429714e-11,1.578226e-09,1.578226e-11
1.624832e+01,4.518261e-11,1.600785e-09,1.600785e-11
1.625083e+01,4.601645e-11,1.622182e-09,1.622182e-11
1.625334e+01,4.680110e-11,1.642491e-09,1.642491e-11
1.625586e+01,4.754018e-11,1.661793e-09,1.661793e-11
1.625837e+01,4.823841e-11,1.680148e-09,1.680148e-11
1.626088e+01,4.890159e-11,1.697554e-09,1.697554e-11
1.626340e+01,4.953652e-11,1.713956e-09,1.713956e-11
1.626591e+01,5.015062e-11,1.729247e-09,1.729247e-11
1.626842e+01,5.075057e-11,1.743270e-09,1.743270e-11
1.627094e+01,5.134235e-11,1.755854e-09,1.755854e-11
1.627345e+01,5.193192e-11,1.766841e-09,1.766841e-11
1.627596e+01,5.252294e-11,1.776116e-09,1.776116e-11
1.627848e+01,5.311736e-11,1.783660e-09,1.783660e-11
1.628099e+01,5.371529e-11,1.789573e-09,1.789573e-11
1.628350e+01,5.431307e-11,1.794063e-09,1.794063e-11
1.628602e+01,5.490524e-11,1.797453e-09,1.797453e-11
1.628853e+01,5.548350e-11,1.800125e-09,1.800125e-11
1.629104e+01,5.603543e-11,1.802437e-09,1.802437e-11
1.629356e+01,5.654704e-11,1.804678e-09,1.804678e-11
1.629607e+01,5.700248e-11,1.806963e-09,1.806963e-11
1.629858e+01,5.738429e-11,1.809156e-09,1.809156e-11
1.630110e+01,5.767536e-11,1.810871e-09,1.810871e-11
1.630361e+01,5.785900e-11,1.811520e-09,1.811520e-11
1.630612e+01,5.792113e-11,1.810390e-09,1.810390e-11
1.630864e+01,5.785147e-11,1.806767e-09,1.806767e-11
1.631115e+01,5.764359e-11,1.800095e-09,1.800095e-11
1.631366e+01,5.729714e-11,1.790129e-09,1.790129e-11
1.631618e+01,5.681843e-11,1.777031e-09,1.777031e-11
1.631869e+01,5.622003e-11,1.761404e-09,1.761404e-11
1.632120e+01,5.552066e-11,1.744285e-09,1.744285e-11
1.632372e+01,5.474594e-11,1.727014e-09,1.727014e-11
1.632623e+01,5.392655e-11,1.711020e-09,1.711020e-11
1.632874e+01,5.309635e-11,1.697598e-09,1.697598e-11
1.633126e+01,5.229169e-11,1.687687e-09,1.687687e-11
1.633377e+01,5.154880e-11,1.681688e-09,1.681688e-11
1.633628e+01,5.090197e-11,1.679418e-09,1.679418e-11
1.633880e+01,5.038168e-11,1.680202e-09,1.680202e-11
1.634131e+01,5.001245e-11,1.683077e-09,1.683077e-11
1.634382e+01,4.981132e-11,1.687053e-09,1.687053e-11
1.634633e+01,4.978688e-11,1.691345e-09,1.691345e-11
1.634885e+01,4.993899e-11,1.695545e-09,1.695545e-11
1.635136e+01,5.025760e-11,1.699691e-09,1.699691e-11
1.635387e+01,5.072317e-11,1.704213e-09,1.704213e-11
1.635639e+01,5.130925e-11,1.709771e-09,1.709771e-11
1.635890e+01,5.198286e-11,1.717015e-09,1.717015e-11
1.636141e+01,5.270532e-11,1.726337e-09,1.726337e-11
1.636393e+01,5.343570e-11,1.737689e-09,1.737689e-11
1.636644e+01,5.413330e-11,1.750492e-09,1.750492e-11
1.636895e+01,5.475886e-11,1.763650e-09,1.763650e-11
1.637147e+01,5.527632e-11,1.775692e-09,1.775692e-11
1.637398e+01,5.565583e-11,1.785016e-09,1.785016e-11
1.637649e+01,5.587536e-11,1.790122e-09,1.790122e-11
1.637901e+01,5.591977e-11,1.789806e-09,1.789806e-11
1.638152e+01,5.578249e-11,1.783309e-09,1.783309e-11
1.638403e+01,5.546509e-11,1.770403e-09,1.770403e-11
1.638655e+01,5.497668e-11,1.751412e-09,1.751412e-11
1.638906e+01,5.433451e-11,1.727132e-09,1.727132e-11
1.639157e+01,5.356006e-11,1.698697e-09,1.698697e-11
1.639409e+01,5.267850e-11,1.667430e-09,1.667430e-11
1.639660e+01,5.171747e-11,1.634685e-09,1.634685e-11
1.639911e+01,5.070485e-11,1.601692e-09,1.601692e-11
1.640163e+01,4.966793e-11,1.569439e-09,1.569439e-11
1.640414e+01,4.863035e-11,1.538604e-09,1.538604e-11
1.640665e+01,4.761174e-11,1.509535e-09,1.509535e-11
1.640917e+01,4.662813e-11,1.482289e-09,1.482289e-11
1.641168e+01,4.568960e-11,1.456706e-09,1.456706e-11
1.641419e+01,4.480071e-11,1.432500e-09,1.432500e-11
1.641671e+01,4.396221e-11,1.409327e-09,1.409327e-11
1.641922e+01,4.316906e-11,1.386831e-09,1.386831e-11
1.642173e+01,4.241287e-11,1.364685e-09,1.364685e-11
1.642425e+01,4.168327e-11,1.342611e-09,1.342611e-11
1.642676e+01,4.096834e-11,1.320368e-09,1.320368e-11
1.642927e+01,4.025574e-11,1.297753e-09,1.297753e-11
1.643179e+01,3.953354e-11,1.274600e-09,1.274600e-11
1.643430e+01,3.879261e-11,1.250775e-09,1.250775e-11
1.643681e+01,3.802545e-11,1.226174e-09,1.226174e-11
1.643933e+01,3.722767e-11,1.200747e-09,1.200747e-11
1.644184e+01,3.639899e-11,1.174511e-09,1.174511e-11
1.644435e+01,3.554198e-11,1.147550e-09,1.147550e-11
1.644687e+01,3.466273e-11,1.119998e-09,1.119998e-11
1.644938e+01,3.377003e-11,1.092011e-09,1.092011e-11
1.645189e+01,3.287478e-11,1.063755e-09,1.063755e-11
1.645441e+01,3.198967e-11,1.035403e-09,1.035403e-11
1.645692e+01,3.112801e-11,1.007108e-09,1.007108e-11
1.645943e+01,3.030266e-11,9.789908e-10,9.789908e-12
1.646195e+01,2.952511e-11,9.511648e-10,9.511648e-12
1.646446e+01,2.880540e-11,9.237649e-10,9.237649e-12
1.646697e+01,2.815158e-11,8.969683e-10,8.969683e-12
1.646949e+01,2.756835e-11,8.710083e-10,8.710083e-12
1.647200e+01,2.705754e-11,8.461893e-10,8.461893e-12
1.647451e+01,2.661853e-11,8.228751e-10,8.228751e-12
1.647703e+01,2.624716e-11,8.014351e-10,8.014351e-12
1.647954e+01,2.593676e-11,7.821903e-10,7.821903e-12
1.648205e+01,2.567944e-11,7.653725e-10,7.653725e-12
1.648456e+01,2.546535e-11,7.510563e-10,7.510563e-12
1.648708e+01,2.528355e-11,7.391160e-10,7.391160e-12
1.648959e+01,2.512332e-11,7.292393e-10,7.292393e-12
1.649210e+01,2.497430e-11,7.209592e-10,7.209592e-12
1.649462e+01,2.482678e-11,7.137171e-10,7.137171e-12
1.649713e+01,2.467302e-11,7.069464e-10,7.069464e-12
1.649964e+01,2.450746e-11,7.001555e-10,7.001555e-12
1.650216e+01,2.432602e-11,6.929862e-10,6.929862e-12
1.650467e+01,2.412738e-11,6.852576e-10,6.852576e-12
1.650718e+01,2.391293e-11,6.770008e-10,6.770008e-12
1.650970e+01,2.368589e-11,6.684429e-10,6.684429e-12
1.651221e+01,2.345188e-11,6.599739e-10,6.599739e-12
1.651472e+01,2.321863e-11,6.521068e-10,6.521068e-12
1.651724e+01,2.299490e-11,6.454118e-10,6.454118e-12
1.651975e+01,2.279053e-11,6.404465e-10,6.404465e-12
1.652226e+01,2.261610e-11,6.376918e-10,6.376918e-12
1.652478e+01,2.248279e-11,6.375052e-10,6.375052e-12
1.652729e+01,2.240105e-11,6.400883e-10,6.400883e-12
1.652980e+01,2.237971e-11,6.454815e-10,6.454815e-12
1.653232e+01,2.242666e-11,6.536070e-10,6.536070e-12
1.653483e+01,2.254794e-11,6.643283e-10,6.643283e-12
1.653734e+01,2.274737e-11,6.774934e-10,6.774934e-12
1.653986e+01,2.302562e-11,6.929441e-10,6.929441e-12
1.654237e+01,2.338028e-11,7.105311e-10,7.105311e-12
1.654488e+01,2.380634e-11,7.301351e-10,7.301351e-12
1.654740e+01,2.429549e-11,7.516158e-10,7.516158e-12
1.654991e+01,2.483627e-11,7.747582e-10,7.747582e-12
1.655242e+01,2.541514e-11,7.992833e-10,7.992833e-12
1.655494e+01,2.601720e-11,8.248184e-10,8.248184e-12
1.655745e+01,2.662568e-11,8.508482e-10,8.508482e-12
1.655996e+01,2.722298e-11,8.767808e-10,8.767808e-12
1.656248e+01,2.779272e-11,9.020316e-10,9.020316e-12
1.656499e+01,2.831994e-11,9.260491e-10,9.260491e-12
1.656750e+01,2.879117e-11,9.483780e-10,9.483780e-12
1.657002e+01,2.919664e-11,9.687287e-10,9.687287e-12
1.657253e+01,2.953028e-11,9.869817e-10,9.869817e-12
1.657504e+01,2.978866e-11,1.003196e-09,1.003196e-11
1.657756e+01,2.997311e-11,1.017619e-09,1.017619e-11
1.658007e+01,3.008971e-11,1.030633e-09,1.030633e-11
1.658258e+01,3.014727e-11,1.042665e-09,1.042665e-11
1.658510e+01,3.015782e-11,1.054105e-09,1.054105e-11
1.658761e+01,3.013571e-11,1.065254e-09,1.065254e-11
1.659012e+01,3.009633e-11,1.076285e-09,1.076285e-11
1.659264e+01,3.005588e-11,1.087217e-09,1.087217e-11
1.659515e+01,3.002983e-11,1.097919e-09,1.097919e-11
1.659766e+01,3.003202e-11,1.108156e-09,1.108156e-11
1.660018e+01,3.007401e-11,1.117645e-09,1.117645e-11
1.660269e+01,3.016452e-11,1.126135e-09,1.126135e-11
1.660520e+01,3.030861e-11,1.133471e-09,1.133471e-11
1.660772e+01,3.050780e-11,1.139603e-09,1.139603e-11
1.661023e+01,3.076021e-11,1.144612e-09,1.144612e-11
1.661274e+01,3.106082e-11,1.148745e-09,1.148745e-11
1.661526e+01,3.140251e-11,1.152388e-09,1.152388e-11
1.661777e+01,3.177504e-11,1.155990e-09,1.155990e-11
1.662028e+01,3.216724e-11,1.160027e-09,1.160027e-11
1.662280e+01,3.256748e-11,1.164977e-09,1.164977e-11
1.662531e+01,3.296344e-11,1.171284e-09,1.171284e-11
1.662782e+01,3.334468e-11,1.179311e-09,1.179311e-11
1.663033e+01,3.370113e-11,1.189307e-09,1.189307e-11
1.663285e+01,3.402405e-11,1.201385e-09,1.201385e-11
1.663536e+01,3.430722e-11,1.215520e-09,1.215520e-11
1.663787e+01,3.454553e-11,1.231564e-09,1.231564e-11
1.664039e+01,3.473645e-11,1.249268e-09,1.249268e-11
1.664290e+01,3.487973e-11,1.268305e-09,1.268305e-11
1.664541e+01,3.497661e-11,1.288274e-09,1.288274e-11
1.664793e+01,3.502941e-11,1.308719e-09,1.308719e-11
1.665044e+01,3.504156e-11,1.329186e-09,1.329186e-11
1.665295e+01,3.501811e-11,1.349251e-09,1.349251e-11
1.665547e+01,3.496413e-11,1.368521e-09,1.368521e-11
1.665798e+01,3.488541e-11,1.386671e-09,1.386671e-11
1.666049e+01,3.478824e-11,1.403454e-09,1.403454e-11
1.666301e+01,3.467817e-11,1.418693e-09,1.418693e-11
1.666552e+01,3.456061e-11,1.432296e-09,1.432296e-11
1.666803e+01,3.444123e-11,1.444263e-09,1.444263e-11
1.667055e+01,3.432475e-11,1.454647e-09,1.454647e-11
1.667306e+01,3.421495e-11,1.463536e-09,1.463536e-11
1.667557e+01,3.411543e-11,1.471060e-09,1.471060e-11
1.667809e+01,3.402852e-11,1.477377e-09,1.477377e-11
1.668060e+01,3.395594e-11,1.482649e-09,1.482649e-11
1.668311e+01,3.389878e-11,1.487033e-09,1.487033e-11
1.668563e+01,3.385671e-11,1.490662e-09,1.490662e-11
1.668814e+01,3.382872e-11,1.493650e-09,1.493650e-11
1.669065e+01,3.381381e-11,1.496108e-09,1.496108e-11
1.669317e+01,3.380996e-11,1.498138e-09,1.498138e-11
1.669568e+01,3.381456e-11,1.499826e-09,1.499826e-11
1.669819e+01,3.382521e-11,1.501264e-09,1.501264e-11
1.670071e+01,3.383895e-11,1.502561e-09,1.502561e-11
1.670322e+01,3.385343e-11,1.503851e-09,1.503851e-11
1.670573e+01,3.386668e-11,1.505311e-09,1.505311e-11
1.670825e+01,3.387768e-11,1.507166e-09,1.507166e-11
1.671076e+01,3.388627e-11,1.509677e-09,1.509677e-11
1.671327e+01,3.389288e-11,1.513131e-09,1.513131e-11
1.671579e+01,3.389927e-11,1.517837e-09,1.517837e-11
1.671830e+01,3.390820e-11,1.524126e-09,1.524126e-11
1.672081e+01,3.392395e-11,1.532316e-09,1.532316e-11
1.672333e+01,3.395224e-11,1.542671e-09,1.542671e-11
1.672584e+01,3.399939e-11,1.555389e-09,1.555389e-11
1.672835e+01,3.407264e-11,1.570577e-09,1.570577e-11
1.673087e+01,3.418006e-11,1.588214e-09,1.588214e-11
1.673338e+01,3.432973e-11,1.608159e-09,1.608159e-11
1.673589e+01,3.453033e-11,1.630162e-09,1.630162e-11
1.673841e+01,3.478989e-11,1.653857e-09,1.653857e-11
1.674092e+01,3.511530e-11,1.678786e-09,1.678786e-11
1.674343e+01,3.551280e-11,1.704457e-09,1.704457e-11
1.674595e+01,3.598689e-11,1.730374e-09,1.730374e-11
1.674846e+01,3.654039e-11,1.756070e-09,1.756070e-11
1.675097e+01,3.717379e-11,1.781139e-09,1.781139e-11
1.675349e+01,3.788491e-11,1.805253e-09,1.805253e-11
1.675600e+01,3.866919e-11,1.828213e-09,1.828213e-11
1.675851e+01,3.951967e-11,1.849953e-09,1.849953e-11
1.676103e+01,4.042695e-11,1.870507e-09,1.870507e-11
1.676354e+01,4.137865e-11,1.889996e-09,1.889996e-11
1.676605e+01,4.236098e-11,1.908621e-09,1.908621e-11
1.676856e+01,4.335883e-11,1.926629e-09,1.926629e-11
1.677108e+01,4.435523e-11,1.944236e-09,1.944236e-11
1.677359e+01,4.533219e-11,1.961591e-09,1.961591e-11
1.677610e+01,4.627162e-11,1.978746e-09,1.978746e-11
1.677862e+01,4.715611e-11,1.995625e-09,1.995625e-11
1.678113e+01,4.796874e-11,2.011991e-09,2.011991e-11
1.678364e+01,4.869333e-11,2.027458e-09,2.027458e-11
1.678616e+01,4.931557e-11,2.041515e-09,2.041515e-11
1.678867e+01,4.982353e-11,2.053529e-09,2.053529e-11
1.679118e+01,5.020698e-11,2.062781e-09,2.062781e-11
1.679370e+01,5.045820e-11,2.068548e-09,2.068548e-11
1.679621e+01,5.057289e-11,2.070140e-09,2.070140e-11
1.679872e+01,5.054963e-11,2.066927e-09,2.066927e-11
1.680124e+01,5.038952e-11,2.058388e-09,2.058388e-11
1.680375e+01,5.009665e-11,2.044152e-09,2.044152e-11
1.680626e+01,4.967843e-11,2.024027e-09,2.024027e-11
1.680878e+01,4.914529e-11,1.998007e-09,1.998007e-11
1.681129e+01,4.851010e-11,1.966267e-09,1.966267e-11
1.681380e+01,4.778761e-11,1.929157e-09,1.929157e-11
1.681632e+01,4.699452e-11,1.887203e-09,1.887203e-11
1.681883e+01,4.614911e-11,1.841092e-09,1.841092e-11
1.682134e+01,4.527010e-11,1.791635e-09,1.791635e-11
1.682386e+01,4.437537e-11,1.739729e-09,1.739729e-11
1.682637e+01,4.348173e-11,1.686349e-09,1.686349e-11
1.682888e+01,4.260505e-11,1.632509e-09,1.632509e-11
1.683140e+01,4.175890e-11,1.579224e-09,1.579224e-11
1.683391e+01,4.095275e-11,1.527449e-09,1.527449e-11
1.683642e+01,4.019233e-11,1.478037e-09,1.478037e-11
1.683894e+01,3.948034e-11,1.431699e-09,1.431699e-11
1.684145e+01,3.881571e-11,1.388944e-09,1.388944e-11
1.684396e+01,3.819316e-11,1.350023e-09,1.350023e-11
1.684648e+01,3.760423e-11,1.314918e-09,1.314918e-11
1.684899e+01,3.703880e-11,1.283350e-09,1.283350e-11
1.685150e+01,3.648494e-11,1.254816e-09,1.254816e-11
1.685402e+01,3.592976e-11,1.228677e-09,1.228677e-11
1.685653e+01,3.536146e-11,1.204254e-09,1.204254e-11
1.685904e+01,3.477020e-11,1.180937e-09,1.180937e-11
1.686156e+01,3.414899e-11,1.158317e-09,1.158317e-11
1.686407e+01,3.349503e-11,1.136249e-09,1.136249e-11
1.686658e+01,3.280970e-11,1.114839e-09,1.114839e-11
1.686910e+01,3.209829e-11,1.094418e-09,1.094418e-11
1.687161e+01,3.137071e-11,1.075500e-09,1.075500e-11
1.687412e+01,3.064146e-11,1.058661e-09,1.058661e-11
1.687664e+01,2.992835e-11,1.044397e-09,1.044397e-11
1.687915e+01,2.925088e-11,1.033026e-09,1.033026e-11
1.688166e+01,2.863021e-11,1.024653e-09,1.024653e-11
1.688418e+01,2.808818e-11,1.019149e-09,1.019149e-11
1.688669e+01,2.764379e-11,1.016213e-09,1.016213e-11
1.688920e+01,2.731361e-11,1.015491e-09,1.015491e-11
1.689172e+01,2.711111e-11,1.016698e-09,1.016698e-11
1.689423e+01,2.704460e-11,1.019703e-09,1.019703e-11
1.689674e+01,2.711794e-11,1.024559e-09,1.024559e-11
1.689926e+01,2.732980e-11,1.031469e-09,1.031469e-11
1.690177e+01,2.767307e-11,1.040701e-09,1.040701e-11
1.690428e+01,2.813625e-11,1.052507e-09,1.052507e-11
1.690680e+01,2.870463e-11,1.067020e-09,1.067020e-11
1.690931e+01,2.935996e-11,1.084179e-09,1.084179e-11
1.691182e+01,3.008186e-11,1.103717e-09,1.103717e-11
1.691433e+01,3.084961e-11,1.125205e-09,1.125205e-11
1.691685e+01,3.164201e-11,1.148136e-09,1.148136e-11
1.691936e+01,3.243900e-11,1.172009e-09,1.172009e-11
1.692187e+01,3.322247e-11,1.196412e-09,1.196412e-11
1.692439e+01,3.397652e-11,1.221064e-09,1.221064e-11
1.692690e+01,3.468783e-11,1.245812e-09,1.245812e-11
1.692941e+01,3.534567e-11,1.270595e-09,1.270595e-11
1.693193e+01,3.594205e-11,1.295384e-09,1.295384e-11
1.693444e+01,3.647109e-11,1.320114e-09,1.320114e-11
1.693695e+01,3.692946e-11,1.344615e-09,1.344615e-11
1.693947e+01,3.731552e-11,1.368571e-09,1.368571e-11
1.694198e+01,3.762819e-11,1.391486e-09,1.391486e-11
1.694449e+01,3.786779e-11,1.412716e-09,1.412716e-11
1.694701e+01,3.803490e-11,1.431520e-09,1.431520e-11
1.694952e+01,3.813060e-11,1.447120e-09,1.447120e-11
1.695203e+01,3.815639e-11,1.458764e-09,1.458764e-11
1.695455e+01,3.811279e-11,1.465782e-09,1.465782e-11
1.695706e+01,3.800096e-11,1.467652e-09,1.467652e-11
1.695957e+01,3.782233e-11,1.464038e-09,1.464038e-11
1.696209e+01,3.757806e-11,1.454806e-09,1.454806e-11
1.696460e+01,3.726991e-11,1.440028e-09,1.440028e-11
1.696711e+01,3.689975e-11,1.419989e-09,1.419989e-11
1.696963e+01,3.647091e-11,1.395166e-09,1.395166e-11
1.697214e+01,3.598757e-11,1.366185e-09,1.366185e-11
1.697465e+01,3.545409e-11,1.333779e-09,1.333779e-11
1.697717e+01,3.487643e-11,1.298769e-09,1.298769e-11
1.697968e+01,3.426106e-11,1.262001e-09,1.262001e-11
1.698219e+01,3.361591e-11,1.224310e-09,1.224310e-11
1.698471e+01,3.295029e-11,1.186485e-09,1.186485e-11
1.698722e+01,3.227374e-11,1.149211e-09,1.149211e-11
1.698973e+01,3.159684e-11,1.113057e-09,1.113057e-11
1.699225e+01,3.093124e-11,1.078488e-09,1.078488e-11
1.699476e+01,3.028844e-11,1.045837e-09,1.045837e-11
1.699727e+01,2.968023e-11,1.015324e-09,1.015324e-11
1.699979e+01,2.911895e-11,9.871124e-10,9.871124e-12
1.700230e+01,2.861572e-11,9.613138e-10,9.613138e-12
1.700481e+01,2.818077e-11,9.380116e-10,9.380116e-12
1.700733e+01,2.782304e-11,9.173187e-10,9.173187e-12
1.700984e+01,2.754990e-11,8.994018e-10,8.994018e-12
1.701235e+01,2.736642e-11,8.844589e-10,8.844589e-12
1.701487e+01,2.727424e-11,8.727084e-10,8.727084e-12
1.701738e+01,2.727276e-11,8.643904e-10,8.643904e-12
1.701989e+01,2.735825e-11,8.597178e-10,8.597178e-12
1.702241e+01,2.752356e-11,8.588025e-10,8.588025e-12
1.702492e+01,2.775847e-11,8.616133e-10,8.616133e-12
1.702743e+01,2.805026e-11,8.679431e-10,8.679431e-12
1.702995e+01,2.838462e-11,8.773781e-10,8.773781e-12
1.703246e+01,2.874543e-11,8.893103e-10,8.893103e-12
1.703497e+01,2.911623e-11,9.029792e-10,9.029792e-12
1.703749e+01,2.948126e-11,9.175214e-10,9.175214e-12
1.704000e+01,2.982539e-11,9.320453e-10,9.320453e-12
1.704251e+01,3.013593e-11,9.457167e-10,9.457167e-12
1.704503e+01,3.040353e-11,9.578206e-10,9.578206e-12
1.704754e+01,3.062173e-11,9.677967e-10,9.677967e-12
1.705005e+01,3.078778e-11,9.752646e-10,9.752646e-12
1.705256e+01,3.090292e-11,9.800437e-10,9.800437e-12
1.705508e+01,3.097166e-11,9.821526e-10,9.821526e-12
1.705759e+01,3.100165e-11,9.817902e-10,9.817902e-12
1.706010e+01,3.100283e-11,9.793179e-10,9.793179e-12
1.706262e+01,3.098673e-11,9.752361e-10,9.752361e-12
1.706513e+01,3.096552e-11,9.701565e-10,9.701565e-12
1.706764e+01,3.095083e-11,9.647803e-10,9.647803e-12
1.707016e+01,3.095313e-11,9.598644e-10,9.598644e-12
1.707267e+01,3.098077e-11,9.561639e-10,9.561639e-12
1.707518e+01,3.103908e-11,9.543672e-10,9.543672e-12
1.707770e+01,3.113056e-11,9.550325e-10,9.550325e-12
1.708021e+01,3.125499e-11,9.585127e-10,9.585127e-12
1.708272e+01,3.140884e-11,9.648756e-10,9.648756e-12
1.708524e+01,3.158566e-11,9.738797e-10,9.738797e-12
1.708775e+01,3.177679e-11,9.850018e-10,9.850018e-12
1.709026e+01,3.197227e-11,9.974837e-10,9.974837e-12
1.709278e+01,3.216140e-11,1.010417e-09,1.010417e-11
1.709529e+01,3.233327e-11,1.022864e-09,1.022864e-11
1.709780e+01,3.247824e-11,1.033963e-09,1.033963e-11
1.710032e+01,3.258777e-11,1.043012e-09,1.043012e-11
1.710283e+01,3.265509e-11,1.049524e-09,1.049524e-11
1.710534e+01,3.267591e-11,1.053264e-09,1.053264e-11
1.710786e+01,3.264864e-11,1.054250e-09,1.054250e-11
1.711037e+01,3.257439e-11,1.052706e-09,1.052706e-11
1.711288e+01,3.245678e-11,1.049021e-09,1.049021e-11
1.711540e+01,3.230184e-11,1.043709e-09,1.043709e-11
1.711791e+01,3.211726e-11,1.037311e-09,1.037311e-11
1.712042e+01,3.191263e-11,1.030334e-09,1.030334e-11
1.712294e+01,3.169911e-11,1.023226e-09,1.023226e-11
1.712545e+01,3.148896e-11,1.016355e-09,1.016355e-11
1.712796e+01,3.129397e-11,1.009994e-09,1.009994e-11
1.713048e+01,3.112582e-11,1.004352e-09,1.004352e-11
1.713299e+01,3.099644e-11,9.996239e-10,9.996239e-12
1.713550e+01,3.091636e-11,9.960344e-10,9.960344e-12
1.713802e+01,3.089472e-11,9.938963e-10,9.938963e-12
1.714053e+01,3.093867e-11,9.936459e-10,9.936459e-12
1.714304e+01,3.105360e-11,9.958537e-10,9.958537e-12
1.714556e+01,3.124248e-11,1.001226e-09,1.001226e-11
1.714807e+01,3.150552e-11,1.010564e-09,1.010564e-11
1.715058e+01,3.184061e-11,1.024688e-09,1.024688e-11
1.715310e+01,3.224272e-11,1.044358e-09,1.044358e-11
1.715561e+01,3.270463e-11,1.070179e-09,1.070179e-11
1.715812e+01,3.321670e-11,1.102482e-09,1.102482e-11
1.716064e+01,3.376701e-11,1.141274e-09,1.141274e-11
1.716315e+01,3.434237e-11,1.186216e-09,1.186216e-11
1.716566e+01,3.492778e-11,1.236628e-09,1.236628e-11
1.716818e+01,3.550811e-11,1.291519e-09,1.291519e-11
1.717069e+01,3.606790e-11,1.349649e-09,1.349649e-11
1.717320e+01,3.659190e-11,1.409578e-09,1.409578e-11
1.717572e+01,3.706652e-11,1.469736e-09,1.469736e-11
1.717823e+01,3.747853e-11,1.528476e-09,1.528476e-11
1.718074e+01,3.781684e-11,1.584125e-09,1.584125e-11
1.718326e+01,3.807275e-11,1.635025e-09,1.635025e-11
1.718577e+01,3.823947e-11,1.679569e-09,1.679569e-11
1.718828e+01,3.831218e-11,1.716254e-09,1.716254e-11
1.719080e+01,3.828853e-11,1.743734e-09,1.743734e-11
1.719331e+01,3.816914e-11,1.760863e-09,1.760863e-11
1.719582e+01,3.795597e-11,1.766719e-09,1.766719e-11
1.719833e+01,3.765305e-11,1.760648e-09,1.760648e-11
1.720085e+01,3.726682e-11,1.742325e-09,1.742325e-11
1.720336e+01,3.680478e-11,1.711785e-09,1.711785e-11
1.720587e+01,3.627614e-11,1.669428e-09,1.669428e-11
1.720839e+01,3.569159e-11,1.616052e-09,1.616052e-11
1.721090e+01,3.506295e-11,1.552860e-09,1.552860e-11
1.721341e+01,3.440315e-11,1.481444e-09,1.481444e-11
1.721593e+01,3.372569e-11,1.403760e-09,1.403760e-11
1.721844e+01,3.304480e-11,1.322133e-09,1.322133e-11
1.722095e+01,3.237499e-11,1.239197e-09,1.239197e-11
1.722347e+01,3.173126e-11,1.157814e-09,1.157814e-11
1.722598e+01,3.112824e-11,1.080951e-09,1.080951e-11
1.722849e+01,3.057960e-11,1.011519e-09,1.011519e-11
1.723101e+01,3.009886e-11,9.521210e-10,9.521210e-12
1.723352e+01,2.969810e-11,9.047043e-10,9.047043e-12
1.723603e+01,2.938751e-11,8.702359e-10,8.702359e-12
1.723855e+01,2.917584e-11,8.485349e-10,8.485349e-12
1.724106e+01,2.907025e-11,8.383261e-10,8.383261e-12
1.724357e+01,2.907520e-11,8.375205e-10,8.375205e-12
1.724609e+01,2.919237e-11,8.436852e-10,8.436852e-12
1.724860e+01,2.942186e-11,8.545204e-10,8.545204e-12
1.725111e+01,2.976155e-11,8.681581e-10,8.681581e-12
1.725363e+01,3.020666e-11,8.832941e-10,8.832941e-12
1.725614e+01,3.075068e-11,8.992194e-10,8.992194e-12
1.725865e+01,3.138546e-11,9.157478e-10,9.157478e-12
1.726117e+01,3.210072e-11,9.330747e-10,9.330747e-12
1.726368e+01,3.288493e-11,9.516364e-10,9.516364e-12
1.726619e+01,3.372584e-11,9.719708e-10,9.719708e-12
1.726871e+01,3.461009e-11,9.945778e-10,9.945778e-12
1.727122e+01,3.552349e-11,1.019816e-09,1.019816e-11
1.727373e+01,3.645192e-11,1.047844e-09,1.047844e-11
1.727625e+01,3.738134e-11,1.078593e-09,1.078593e-11
1.727876e+01,3.829751e-11,1.111771e-09,1.111771e-11
1.728127e+01,3.918712e-11,1.146915e-09,1.146915e-11
1.728379e+01,4.003773e-11,1.183452e-09,1.183452e-11
1.728630e+01,4.083772e-11,1.220743e-09,1.220743e-11
1.728881e+01,4.157725e-11,1.258143e-09,1.258143e-11
1.729133e+01,4.224903e-11,1.295057e-09,1.295057e-11
1.729384e+01,4.284698e-11,1.330947e-09,1.330947e-11
1.729635e+01,4.336588e-11,1.365338e-09,1.365338e-11
1.729887e+01,4.380430e-11,1.397862e-09,1.397862e-11
1.730138e+01,4.416285e-11,1.428250e-09,1.428250e-11
1.730389e+01,4.444286e-11,1.456302e-09,1.456302e-11
1.730641e+01,4.464806e-11,1.481880e-09,1.481880e-11
1.730892e+01,4.478345e-11,1.504889e-09,1.504889e-11
1.731143e+01,4.485447e-11,1.525238e-09,1.525238e-11
1.731395e+01,4.486657e-11,1.542840e-09,1.542840e-11
1.731646e+01,4.482533e-11,1.557592e-09,1.557592e-11
1.731897e+01,4.473596e-11,1.569344e-09,1.569344e-11
1.732149e+01,4.460214e-11,1.577896e-09,1.577896e-11
1.732400e+01,4.442645e-11,1.583007e-09,1.583007e-11
1.732651e+01,4.420982e-11,1.584394e-09,1.584394e-11
1.732903e+01,4.395180e-11,1.581748e-09,1.581748e-11
1.733154e+01,4.365098e-11,1.574753e-09,1.574753e-11
1.733405e+01,4.330432e-11,1.563102e-09,1.563102e-11
1.733656e+01,4.290819e-11,1.546529e-09,1.546529e-11
1.733908e+01,4.245902e-11,1.524838e-09,1.524838e-11
1.734159e+01,4.195352e-11,1.497927e-09,1.497927e-11
1.734410e+01,4.138905e-11,1.465816e-09,1.465816e-11
1.734662e+01,4.076433e-11,1.428670e-09,1.428670e-11
1.734913e+01,4.008007e-11,1.386812e-09,1.386812e-11
1.735164e+01,3.933847e-11,1.340746e-09,1.340746e-11
1.735416e+01,3.854392e-11,1.291168e-09,1.291168e-11
1.735667e+01,3.770314e-11,1.238961e-09,1.238961e-11
1.735918e+01,3.682475e-11,1.185169e-09,1.185169e-11
1.736170e+01,3.591926e-11,1.130979e-09,1.130979e-11
1.736421e+01,3.499784e-11,1.077678e-09,1.077678e-11
1.736672e+01,3.407283e-11,1.026576e-09,1.026576e-11
1.736924e+01,3.315745e-11,9.789199e-10,9.789199e-12
1.737175e+01,3.226404e-11,9.357949e-10,9.357949e-12
1.737426e+01,3.140485e-11,8.980187e-10,8.980187e-12
1.737678e+01,3.059185e-11,8.660423e-10,8.660423e-12
1.737929e+01,2.983499e-11,8.398836e-10,8.398836e-12
1.738180e+01,2.914284e-11,8.191434e-10,8.191434e-12
1.738432e+01,2.852324e-11,8.030894e-10,8.030894e-12
1.738683e+01,2.798170e-11,7.907753e-10,7.907753e-12
1.738934e+01,2.752221e-11,7.812041e-10,7.812041e-12
1.739186e+01,2.714838e-11,7.734850e-10,7.734850e-12
1.739437e+01,2.686167e-11,7.669375e-10,7.669375e-12
1.739688e+01,2.666212e-11,7.611586e-10,7.611586e-12
1.739940e+01,2.654889e-11,7.560439e-10,7.560439e-12
1.740191e+01,2.652015e-11,7.517394e-10,7.517394e-12
1.740442e+01,2.657296e-11,7.485663e-10,7.485663e-12
1.740694e+01,2.670296e-11,7.469321e-10,7.469321e-12
1.740945e+01,2.690501e-11,7.472207e-10,7.472207e-12
1.741196e+01,2.717322e-11,7.496951e-10,7.496951e-12
1.741448e+01,2.750050e-11,7.544310e-10,7.544310e-12
1.741699e+01,2.787835e-11,7.612915e-10,7.612915e-12
1.741950e+01,2.829782e-11,7.699676e-10,7.699676e-12
1.742202e+01,2.874978e-11,7.800278e-10,7.800278e-12
1.742453e+01,2.922349e-11,7.909613e-10,7.909613e-12
1.742704e+01,2.970759e-11,8.022596e-10,8.022596e-12
1.742956e+01,3.019183e-11,8.134915e-10,8.134915e-12
1.743207e+01,3.066603e-11,8.243315e-10,8.243315e-12
1.743458e+01,3.112016e-11,8.345566e-10,8.345566e-12
1.743710e+01,3.154543e-11,8.440427e-10,8.440427e-12
1.743961e+01,3.193449e-11,8.527683e-10,8.527683e-12
1.744212e+01,3.228169e-11,8.607754e-10,8.607754e-12
1.744464e+01,3.258264e-11,8.681310e-10,8.681310e-12
1.744715e+01,3.283476e-11,8.749194e-10,8.749194e-12
1.744966e+01,3.303735e-11,8.812195e-10,8.812195e-12
1.745218e+01,3.319140e-11,8.870919e-10,8.870919e-12
1.745469e+01,3.329962e-11,8.925754e-10,8.925754e-12
1.745720e+01,3.336504e-11,8.976732e-10,8.976732e-12
1.745972e+01,3.339156e-11,9.023748e-10,9.023748e-12
1.746223e+01,3.338476e-11,9.066867e-10,9.066867e-12
1.746474e+01,3.335024e-11,9.106116e-10,9.106116e-12
1.746726e+01,3.329258e-11,9.141389e-10,9.141389e-12
1.746977e+01,3.321625e-11,9.172773e-10,9.172773e-12
1.747228e+01,3.312602e-11,9.200656e-10,9.200656e-12
1.747479e+01,3.302578e-11,9.225539e-10,9.225539e-12
1.747731e+01,3.291870e-11,9.247983e-10,9.247983e-12
1.747982e+01,3.280786e-11,9.268519e-10,9.268519e-12
1.748233e+01,3.269513e-11,9.287464e-10,9.287464e-12
1.748485e+01,3.258225e-11,9.304827e-10,9.304827e-12
1.748736e+01,3.247078e-11,9.320215e-10,9.320215e-12
1.748987e+01,3.236172e-11,9.332936e-10,9.332936e-12
1.749239e+01,3.225651e-11,9.341916e-10,9.341916e-12
1.749490e+01,3.215538e-11,9.345470e-10,9.345470e-12
1.749741e+01,3.205869e-11,9.341916e-10,9.341916e-12
1.749993e+01,3.196718e-11,9.329929e-10,9.329929e-12
1.750244e+01,3.188009e-11,9.308184e-10,9.308184e-12
1.750495e+01,3.179621e-11,9.275745e-10,9.275745e-12
1.750747e+01,3.171448e-11,9.232567e-10,9.232567e-12
1.750998e+01,3.163260e-11,9.179236e-10,9.179236e-12
1.751249e+01,3.154727e-11,9.116822e-10,9.116822e-12
1.751501e+01,3.145456e-11,9.046974e-10,9.046974e-12
1.751752e+01,3.134985e-11,8.971765e-10,8.971765e-12
1.752003e+01,3.122834e-11,8.893329e-10,8.893329e-12
1.752255e+01,3.108488e-11,8.813432e-10,8.813432e-12
1.752506e+01,3.091418e-11,8.733310e-10,8.733310e-12
1.752757e+01,3.071150e-11,8.653733e-10,8.653733e-12
1.753009e+01,3.047321e-11,8.574866e-10,8.574866e-12
1.753260e+01,3.019637e-11,8.496302e-10,8.496302e-12
1.753511e+01,2.987996e-11,8.417482e-10,8.417482e-12
1.753763e+01,2.952464e-11,8.337904e-10,8.337904e-12
1.754014e+01,2.913276e-11,8.257283e-10,8.257283e-12
1.754265e+01,2.870924e-11,8.175821e-10,8.175821e-12
1.754517e+01,2.826019e-11,8.094180e-10,8.094180e-12
1.754768e+01,2.779326e-11,8.013322e-10,8.013322e-12
1.755019e+01,2.731766e-11,7.934505e-10,7.934505e-12
1.755271e+01,2.684359e-11,7.859027e-10,7.859027e-12
1.755522e+01,2.638106e-11,7.787817e-10,7.787817e-12
1.755773e+01,2.594003e-11,7.721317e-10,7.721317e-12
1.756025e+01,2.552945e-11,7.659466e-10,7.659466e-12
1.756276e+01,2.515662e-11,7.601707e-10,7.601707e-12
1.756527e+01,2.482763e-11,7.547249e-10,7.547249e-12
1.756779e+01,2.454571e-11,7.495294e-10,7.495294e-12
1.757030e+01,2.431255e-11,7.445200e-10,7.445200e-12
1.757281e+01,2.412776e-11,7.396628e-10,7.396628e-12
1.757533e+01,2.398798e-11,7.349534e-10,7.349534e-12
1.757784e+01,2.388850e-11,7.304185e-10,7.304185e-12
1.758035e+01,2.382337e-11,7.261114e-10,7.261114e-12
1.758287e+01,2.378657e-11,7.220911e-10,7.220911e-12
1.758538e+01,2.377170e-11,7.183985e-10,7.183985e-12
1.758789e+01,2.377235e-11,7.150451e-10,7.150451e-12
1.759041e+01,2.378346e-11,7.120235e-10,7.120235e-12
1.759292e+01,2.380206e-11,7.093131e-10,7.093131e-12
1.759543e+01,2.382705e-11,7.068669e-10,7.068669e-12
1.759795e+01,2.385889e-11,7.046173e-10,7.046173e-12
1.760046e+01,2.390031e-11,7.024984e-10,7.024984e-12
1.760297e+01,2.395600e-11,7.004475e-10,7.004475e-12
1.760549e+01,2.403145e-11,6.984018e-10,6.984018e-12
1.760800e+01,2.413268e-11,6.963307e-10,6.963307e-12
1.761051e+01,2.426652e-11,6.942660e-10,6.942660e-12
1.761303e+01,2.443889e-11,6.923133e-10,6.923133e-12
1.761554e+01,2.465428e-11,6.906679e-10,6.906679e-12
1.761805e+01,2.491517e-11,6.896099e-10,6.896099e-12
1.762056e+01,2.522136e-11,6.894926e-10,6.894926e-12
1.762308e+01,2.557142e-11,6.907082e-10,6.907082e-12
1.762559e+01,2.596076e-11,6.936021e-10,6.936021e-12
1.762810e+01,2.638184e-11,6.984029e-10,6.984029e-12
1.763062e+01,2.682592e-11,7.051825e-10,7.051825e-12
1.763313e+01,2.728236e-11,7.138262e-10,7.138262e-12
1.763564e+01,2.774032e-11,7.240537e-10,7.240537e-12
1.763816e+01,2.818910e-11,7.354945e-10,7.354945e-12
1.764067e+01,2.861863e-11,7.477763e-10,7.477763e-12
1.764318e+01,2.902130e-11,7.606223e-10,7.606223e-12
1.764570e+01,2.939097e-11,7.739199e-10,7.739199e-12
1.764821e+01,2.972349e-11,7.877543e-10,7.877543e-12
1.765072e+01,3.001820e-11,8.024216e-10,8.024216e-12
1.765324e+01,3.027749e-11,8.183771e-10,8.183771e-12
1.765575e+01,3.050535e-11,8.361285e-10,8.361285e-12
1.765826e+01,3.070732e-11,8.561271e-10,8.561271e-12
1.766078e+01,3.089107e-11,8.786732e-10,8.786732e-12
1.766329e+01,3.106441e-11,9.038505e-10,9.038505e-12
1.766580e+01,3.123498e-11,9.314959e-10,9.314959e-12
1.766832e+01,3.140999e-11,9.611997e-10,9.611997e-12
1.767083e+01,3.159388e-11,9.923649e-10,9.923649e-12
1.767334e+01,3.179015e-11,1.024305e-09,1.024305e-11
1.767586e+01,3.200032e-11,1.056299e-09,1.056299e-11
1.767837e+01,3.222259e-11,1.087642e-09,1.087642e-11
1.768088e+01,3.245370e-11,1.117707e-09,1.117707e-11
1.768340e+01,3.268789e-11,1.145961e-09,1.145961e-11
1.768591e+01,3.291825e-11,1.171960e-09,1.171960e-11
1.768842e+01,3.313707e-11,1.195353e-09,1.195353e-11
1.769094e+01,3.333542e-11,1.215894e-09,1.215894e-11
1.769345e+01,3.350526e-11,1.233411e-09,1.233411e-11
1.769596e+01,3.363950e-11,1.247809e-09,1.247809e-11
1.769848e+01,3.373213e-11,1.259071e-09,1.259071e-11
1.770099e+01,3.377827e-11,1.267251e-09,1.267251e-11
1.770350e+01,3.377583e-11,1.272492e-09,1.272492e-11
1.770602e+01,3.372536e-11,1.275027e-09,1.275027e-11
1.770853e+01,3.362847e-11,1.275140e-09,1.275140e-11
1.771104e+01,3.348950e-11,1.273166e-09,1.273166e-11
1.771356e+01,3.331504e-11,1.269501e-09,1.269501e-11
1.771607e+01,3.311251e-11,1.264565e-09,1.264565e-11
1.771858e+01,3.289169e-11,1.258784e-09,1.258784e-11
1.772110e+01,3.266303e-11,1.252559e-09,1.252559e-11
1.772361e+01,3.243574e-11,1.246247e-09,1.246247e-11
1.772612e+01,3.221970e-11,1.240164e-09,1.240164e-11
1.772864e+01,3.202429e-11,1.234574e-09,1.234574e-11
1.773115e+01,3.185728e-11,1.229685e-09,1.229685e-11
1.773366e+01,3.172508e-11,1.225672e-09,1.225672e-11
1.773618e+01,3.163110e-11,1.222656e-09,1.222656e-11
1.773869e+01,3.157690e-11,1.220715e-09,1.220715e-11
1.774120e+01,3.156215e-11,1.219900e-09,1.219900e-11
1.774372e+01,3.158269e-11,1.220225e-09,1.220225e-11
1.774623e+01,3.163252e-11,1.221649e-09,1.221649e-11
1.774874e+01,3.170403e-11,1.224093e-09,1.224093e-11
1.775126e+01,3.178760e-11,1.227432e-09,1.227432e-11
1.775377e+01,3.187294e-11,1.231490e-09,1.231490e-11
1.775628e+01,3.194901e-11,1.236061e-09,1.236061e-11
1.775879e+01,3.200539e-11,1.240929e-09,1.240929e-11
1.776131e+01,3.203279e-11,1.245884e-09,1.245884e-11
1.776382e+01,3.202304e-11,1.250744e-09,1.250744e-11
1.776633e+01,3.197088e-11,1.255385e-09,1.255385e-11
1.776885e+01,3.187387e-11,1.259741e-09,1.259741e-11
1.777136e+01,3.173182e-11,1.263781e-09,1.263781e-11
1.777387e+01,3.154721e-11,1.267518e-09,1.267518e-11
1.777639e+01,3.132583e-11,1.270992e-09,1.270992e-11
1.777890e+01,3.107485e-11,1.274233e-09,1.274233e-11
1.778141e+01,3.080293e-11,1.277249e-09,1.277249e-11
1.778393e+01,3.052080e-11,1.280018e-09,1.280018e-11
1.778644e+01,3.023822e-11,1.282481e-09,1.282481e-11
1.778895e+01,2.996449e-11,1.284549e-09,1.284549e-11
1.779147e+01,2.970848e-11,1.286124e-09,1.286124e-11
1.779398e+01,2.947635e-11,1.287106e-09,1.287106e-11
1.779649e+01,2.927232e-11,1.287420e-09,1.287420e-11
1.779901e+01,2.909950e-11,1.287030e-09,1.287030e-11
1.780152e+01,2.895824e-11,1.285930e-09,1.285930e-11
1.780403e+01,2.884641e-11,1.284136e-09,1.284136e-11
1.780655e+01,2.876128e-11,1.281689e-09,1.281689e-11
1.780906e+01,2.869852e-11,1.278649e-09,1.278649e-11
1.781157e+01,2.865304e-11,1.275063e-09,1.275063e-11
1.781409e+01,2.862004e-11,1.270965e-09,1.270965e-11
1.781660e+01,2.859479e-11,1.266382e-09,1.266382e-11
1.781911e+01,2.857295e-11,1.261321e-09,1.261321e-11
1.782163e+01,2.855154e-11,1.255775e-09,1.255775e-11
1.782414e+01,2.852827e-11,1.249719e-09,1.249719e-11
1.782665e+01,2.850077e-11,1.243107e-09,1.243107e-11
1.782917e+01,2.846806e-11,1.235880e-09,1.235880e-11
1.783168e+01,2.842938e-11,1.227963e-09,1.227963e-11
1.783419e+01,2.838363e-11,1.219267e-09,1.219267e-11
1.783671e+01,2.832952e-11,1.209691e-09,1.209691e-11
1.783922e+01,2.826523e-11,1.199136e-09,1.199136e-11
1.784173e+01,2.818873e-11,1.187512e-09,1.187512e-11
1.784425e+01,2.809680e-11,1.174746e-09,1.174746e-11
1.784676e+01,2.798617e-11,1.160784e-09,1.160784e-11
1.784927e+01,2.785382e-11,1.145601e-09,1.145601e-11
1.785179e+01,2.769604e-11,1.129194e-09,1.129194e-11
1.785430e+01,2.750995e-11,1.111594e-09,1.111594e-11
1.785681e+01,2.729407e-11,1.092865e-09,1.092865e-11
1.785933e+01,2.704754e-11,1.073091e-09,1.073091e-11
1.786184e+01,2.677104e-11,1.052385e-09,1.052385e-11
1.786435e+01,2.646745e-11,1.030888e-09,1.030888e-11
1.786687e+01,2.614056e-11,1.008757e-09,1.008757e-11
1.786938e+01,2.579565e-11,9.861608e-10,9.861608e-12
1.787189e+01,2.543966e-11,9.632833e-10,9.632833e-12
1.787441e+01,2.507998e-11,9.403227e-10,9.403227e-12
1.787692e+01,2.472458e-11,9.174816e-10,9.174816e-12
1.787943e+01,2.438119e-11,8.949545e-10,8.949545e-12
1.788195e+01,2.405670e-11,8.729337e-10,8.729337e-12
1.788446e+01,2.375757e-11,8.516055e-10,8.516055e-12
1.788697e+01,2.348912e-11,8.311457e-10,8.311457e-12
1.788949e+01,2.325532e-11,8.117148e-10,8.117148e-12
1.789200e+01,2.305855e-11,7.934458e-10,7.934458e-12
1.789451e+01,2.290007e-11,7.764542e-10,7.764542e-12
1.789703e+01,2.278066e-11,7.608458e-10,7.608458e-12
1.789954e+01,2.269990e-11,7.467113e-10,7.467113e-12
1.790205e+01,2.265723e-11,7.341420e-10,7.341420e-12
1.790456e+01,2.265207e-11,7.232422e-10,7.232422e-12
1.790708e+01,2.268367e-11,7.141280e-10,7.141280e-12
1.790959e+01,2.275219e-11,7.069354e-10,7.069354e-12
1.791210e+01,2.285815e-11,7.018214e-10,7.018214e-12
1.791462e+01,2.300254e-11,6.989463e-10,6.989463e-12
1.791713e+01,2.318713e-11,6.984495e-10,6.984495e-12
1.791964e+01,2.341337e-11,7.004344e-10,7.004344e-12
1.792216e+01,2.368274e-11,7.049568e-10,7.049568e-12
1.792467e+01,2.399611e-11,7.120083e-10,7.120083e-12
1.792718e+01,2.435349e-11,7.215150e-10,7.215150e-12
1.792970e+01,2.475446e-11,7.333514e-10,7.333514e-12
1.793221e+01,2.519624e-11,7.473425e-10,7.473425e-12
1.793472e+01,2.567443e-11,7.632594e-10,7.632594e-12
1.793724e+01,2.618302e-11,7.808234e-10,7.808234e-12
1.793975e+01,2.671434e-11,7.997268e-10,7.997268e-12
1.794226e+01,2.725990e-11,8.196235e-10,8.196235e-12
1.794478e+01,2.780897e-11,8.401153e-10,8.401153e-12
1.794729e+01,2.835023e-11,8.607853e-10,8.607853e-12
1.794980e+01,2.887240e-11,8.812058e-10,8.812058e-12
1.795232e+01,2.936349e-11,9.009467e-10,9.009467e-12
1.795483e+01,2.981293e-11,9.196382e-10,9.196382e-12
1.795734e+01,3.021132e-11,9.369835e-10,9.369835e-12
1.795986e+01,3.055020e-11,9.527523e-10,9.527523e-12
1.796237e+01,3.082388e-11,9.668066e-10,9.668066e-12
1.796488e+01,3.102854e-11,9.791043e-10,9.791043e-12
1.796740e+01,3.116246e-11,9.896870e-10,9.896870e-12
1.796991e+01,3.122660e-11,9.986537e-10,9.986537e-12
1.797242e+01,3.122496e-11,1.006145e-09,1.006145e-11
1.797494e+01,3.116394e-11,1.012312e-09,1.012312e-11
1.797745e+01,3.105043e-11,1.017251e-09,1.017251e-11
1.797996e+01,3.089337e-11,1.021017e-09,1.021017e-11
1.798248e+01,3.070323e-11,1.023641e-09,1.023641e-11
1.798499e+01,3.049008e-11,1.025093e-09,1.025093e-11
1.798750e+01,3.026344e-11,1.025301e-09,1.025301e-11
1.799002e+01,3.003243e-11,1.024204e-09,1.024204e-11
1.799253e+01,2.980534e-11,1.021766e-09,1.021766e-11
1.799504e+01,2.958761e-11,1.017985e-09,1.017985e-11
1.799756e+01,2.938235e-11,1.012915e-09,1.012915e-11
1.800007e+01,2.919112e-11,1.006667e-09,1.006667e-11
1.800258e+01,2.901290e-11,9.993958e-10,9.993958e-12
1.800510e+01,2.884407e-11,9.912558e-10,9.912558e-12
1.800761e+01,2.867934e-11,9.823859e-10,9.823859e-12
1.801012e+01,2.851231e-11,9.728792e-10,9.728792e-12
1.801264e+01,2.833539e-11,9.627363e-10,9.627363e-12
1.801515e+01,2.814071e-11,9.518720e-10,9.518720e-12
1.801766e+01,2.792153e-11,9.401546e-10,9.401546e-12
1.802018e+01,2.767238e-11,9.274318e-10,9.274318e-12
1.802269e+01,2.738974e-11,9.135583e-10,9.135583e-12
1.802520e+01,2.707274e-11,8.984386e-10,8.984386e-12
1.802772e+01,2.672294e-11,8.820793e-10,8.820793e-12
1.803023e+01,2.634482e-11,8.646174e-10,8.646174e-12
1.803274e+01,2.594565e-11,8.463107e-10,8.463107e-12
1.803526e+01,2.553561e-11,8.275221e-10,8.275221e-12
1.803777e+01,2.512679e-11,8.086953e-10,8.086953e-12
1.804028e+01,2.473211e-11,7.903117e-10,7.903117e-12
1.804279e+01,2.436539e-11,7.728489e-10,7.728489e-12
1.804531e+01,2.403968e-11,7.567724e-10,7.567724e-12
1.804782e+01,2.376734e-11,7.425443e-10,7.425443e-12
1.805033e+01,2.355917e-11,7.306168e-10,7.306168e-12
1.805285e+01,2.342282e-11,7.214445e-10,7.214445e-12
1.805536e+01,2.336349e-11,7.155256e-10,7.155256e-12
1.805787e+01,2.338424e-11,7.134191e-10,7.134191e-12
1.806039e+01,2.348543e-11,7.157006e-10,7.157006e-12
1.806290e+01,2.366372e-11,7.228896e-10,7.228896e-12
1.806541e+01,2.391393e-11,7.354080e-10,7.354080e-12
1.806793e+01,2.423034e-11,7.535252e-10,7.535252e-12
1.807044e+01,2.460563e-11,7.772820e-10,7.772820e-12
1.807295e+01,2.503186e-11,8.064592e-10,8.064592e-12
1.807547e+01,2.550139e-11,8.405844e-10,8.405844e-12
1.807798e+01,2.600695e-11,8.789528e-10,8.789528e-12
1.808049e+01,2.654160e-11,9.206748e-10,9.206748e-12
1.808301e+01,2.709924e-11,9.647277e-10,9.647277e-12
1.808552e+01,2.767510e-11,1.009992e-09,1.009992e-11
1.808803e+01,2.826397e-11,1.055292e-09,1.055292e-11
1.809055e+01,2.886060e-11,1.099445e-09,1.099445e-11
1.809306e+01,2.946022e-11,1.141311e-09,1.141311e-11
1.809557e+01,3.005722e-11,1.179812e-09,1.179812e-11
1.809809e+01,3.064455e-11,1.213959e-09,1.213959e-11
1.810060e+01,3.121442e-11,1.242891e-09,1.242891e-11
1.810311e+01,3.175910e-11,1.265911e-09,1.265911e-11
1.810563e+01,3.227002e-11,1.282492e-09,1.282492e-11
1.810814e+01,3.273774e-11,1.292284e-09,1.292284e-11
1.811065e+01,3.315312e-11,1.295127e-09,1.295127e-11
1.811317e+01,3.350894e-11,1.291083e-09,1.291083e-11
1.811568e+01,3.379926e-11,1.280426e-09,1.280426e-11
1.811819e+01,3.401921e-11,1.263639e-09,1.263639e-11
1.812071e+01,3.416770e-11,1.241451e-09,1.241451e-11
1.812322e+01,3.424707e-11,1.214827e-09,1.214827e-11
1.812573e+01,3.426193e-11,1.184935e-09,1.184935e-11
1.812825e+01,3.421954e-11,1.153126e-09,1.153126e-11
1.813076e+01,3.413049e-11,1.120907e-09,1.120907e-11
1.813327e+01,3.400730e-11,1.089862e-09,1.089862e-11
1.813579e+01,3.386316e-11,1.061550e-09,1.061550e-11
1.813830e+01,3.371236e-11,1.037412e-09,1.037412e-11
1.814081e+01,3.356901e-11,1.018666e-09,1.018666e-11
1.814333e+01,3.344565e-11,1.006185e-09,1.006185e-11
1.814584e+01,3.335249e-11,1.000419e-09,1.000419e-11
1.814835e+01,3.329727e-11,1.001400e-09,1.001400e-11
1.815087e+01,3.328525e-11,1.008788e-09,1.008788e-11
1.815338e+01,3.331893e-11,1.021927e-09,1.021927e-11
1.815589e+01,3.339725e-11,1.039937e-09,1.039937e-11
1.815841e+01,3.351609e-11,1.061836e-09,1.061836e-11
1.816092e+01,3.367021e-11,1.086626e-09,1.086626e-11
1.816343e+01,3.385246e-11,1.113343e-09,1.113343e-11
1.816595e+01,3.405417e-11,1.141091e-09,1.141091e-11
1.816846e+01,3.426720e-11,1.169079e-09,1.169079e-11
1.817097e+01,3.448382e-11,1.196622e-09,1.196622e-11
1.817349e+01,3.469688e-11,1.223147e-09,1.223147e-11
1.817600e+01,3.490095e-11,1.248180e-09,1.248180e-11
1.817851e+01,3.509270e-11,1.271350e-09,1.271350e-11
1.818103e+01,3.527057e-11,1.292389e-09,1.292389e-11
1.818354e+01,3.543527e-11,1.311117e-09,1.311117e-11
1.818605e+01,3.558929e-11,1.327432e-09,1.327432e-11
1.818856e+01,3.573626e-11,1.341313e-09,1.341313e-11
1.819108e+01,3.588204e-11,1.352824e-09,1.352824e-11
1.819359e+01,3.603343e-11,1.362106e-09,1.362106e-11
1.819610e+01,3.619702e-11,1.369372e-09,1.369372e-11
1.819862e+01,3.638061e-11,1.374927e-09,1.374927e-11
1.820113e+01,3.659152e-11,1.379169e-09,1.379169e-11
1.820364e+01,3.683630e-11,1.382590e-09,1.382590e-11
1.820616e+01,3.712138e-11,1.385766e-09,1.385766e-11
1.820867e+01,3.745097e-11,1.389336e-09,1.389336e-11
1.821118e+01,3.782831e-11,1.393996e-09,1.393996e-11
1.821370e+01,3.825545e-11,1.400456e-09,1.400456e-11
1.821621e+01,3.873177e-11,1.409377e-09,1.409377e-11
1.821872e+01,3.925500e-11,1.421322e-09,1.421322e-11
1.822124e+01,3.982103e-11,1.436692e-09,1.436692e-11
1.822375e+01,4.042308e-11,1.455646e-09,1.455646e-11
1.822626e+01,4.105244e-11,1.478067e-09,1.478067e-11
1.822878e+01,4.169921e-11,1.503543e-09,1.503543e-11
1.823129e+01,4.235113e-11,1.531350e-09,1.531350e-11
1.823380e+01,4.299401e-11,1.560484e-09,1.560484e-11
1.823632e+01,4.361327e-11,1.589720e-09,1.589720e-11
1.823883e+01,4.419353e-11,1.617672e-09,1.617672e-11
1.824134e+01,4.471870e-11,1.642868e-09,1.642868e-11
1.824386e+01,4.517408e-11,1.663852e-09,1.663852e-11
1.824637e+01,4.554566e-11,1.679245e-09,1.679245e-11
1.824888e+01,4.581992e-11,1.687799e-09,1.687799e-11
1.825140e+01,4.598583e-11,1.688472e-09,1.688472e-11
1.825391e+01,4.603476e-11,1.680498e-09,1.680498e-11
1.825642e+01,4.596132e-11,1.663425e-09,1.663425e-11
1.825894e+01,4.576326e-11,1.637153e-09,1.637153e-11
1.826145e+01,4.544149e-11,1.601944e-09,1.601944e-11
1.826396e+01,4.500142e-11,1.558435e-09,1.558435e-11
1.826648e+01,4.445130e-11,1.507636e-09,1.507636e-11
1.826899e+01,4.380242e-11,1.450915e-09,1.450915e-11
1.827150e+01,4.307027e-11,1.389985e-09,1.389985e-11
1.827402e+01,4.227317e-11,1.326856e-09,1.326856e-11
1.827653e+01,4.143201e-11,1.263744e-09,1.263744e-11
1.827904e+01,4.056873e-11,1.202959e-09,1.202959e-11
1.828156e+01,3.970571e-11,1.146782e-09,1.146782e-11
1.828407e+01,3.886603e-11,1.097275e-09,1.097275e-11
1.828658e+01,3.807187e-11,1.056078e-09,1.056078e-11
1.828910e+01,3.734369e-11,1.024232e-09,1.024232e-11
1.829161e+01,3.669898e-11,1.002050e-09,1.002050e-11
1.829412e+01,3.615180e-11,9.891074e-10,9.891074e-12
1.829664e+01,3.571274e-11,9.843677e-10,9.843677e-12
1.829915e+01,3.538758e-11,9.863720e-10,9.863720e-12
1.830166e+01,3.517651e-11,9.934963e-10,9.934963e-12
1.830418e+01,3.507613e-11,1.004181e-09,1.004181e-11
1.830669e+01,3.507883e-11,1.017065e-09,1.017065e-11
1.830920e+01,3.517214e-11,1.031050e-09,1.031050e-11
1.831172e+01,3.534113e-11,1.045315e-09,1.045315e-11
1.831423e+01,3.556836e-11,1.059287e-09,1.059287e-11
1.831674e+01,3.583540e-11,1.072611e-09,1.072611e-11
1.831926e+01,3.612352e-11,1.085107e-09,1.085107e-11
1.832177e+01,3.641413e-11,1.096715e-09,1.096715e-11
1.832428e+01,3.669147e-11,1.107492e-09,1.107492e-11
1.832679e+01,3.694269e-11,1.117587e-09,1.117587e-11
1.832931e+01,3.715733e-11,1.127196e-09,1.127196e-11
1.833182e+01,3.732827e-11,1.136534e-09,1.136534e-11
1.833433e+01,3.745266e-11,1.145824e-09,1.145824e-11
1.833685e+01,3.753083e-11,1.155272e-09,1.155272e-11
1.833936e+01,3.756602e-11,1.165029e-09,1.165029e-11
1.834187e+01,3.756436e-11,1.175162e-09,1.175162e-11
1.834439e+01,3.753343e-11,1.185644e-09,1.185644e-11
1.834690e+01,3.748091e-11,1.196349e-09,1.196349e-11
1.834941e+01,3.741489e-11,1.207085e-09,1.207085e-11
1.835193e+01,3.734364e-11,1.217618e-09,1.217618e-11
1.835444e+01,3.727348e-11,1.227689e-09,1.227689e-11
1.835695e+01,3.720888e-11,1.237041e-09,1.237041e-11
1.835947e+01,3.715247e-11,1.245451e-09,1.245451e-11
1.836198e+01,3.710454e-11,1.252730e-09,1.252730e-11
1.836449e+01,3.706372e-11,1.258734e-09,1.258734e-11
1.836701e+01,3.702659e-11,1.263363e-09,1.263363e-11
1.836952e+01,3.698760e-11,1.266535e-09,1.266535e-11
1.837203e+01,3.694070e-11,1.268189e-09,1.268189e-11
1.837455e+01,3.687921e-11,1.268278e-09,1.268278e-11
1.837706e+01,3.679532e-11,1.266752e-09,1.266752e-11
1.837957e+01,3.668159e-11,1.263556e-09,1.263556e-11
1.838209e+01,3.653167e-11,1.258639e-09,1.258639e-11
1.838460e+01,3.633891e-11,1.251931e-09,1.251931e-11
1.838711e+01,3.609746e-11,1.243341e-09,1.243341e-11
1.838963e+01,3.580300e-11,1.232783e-09,1.232783e-11
1.839214e+01,3.545198e-11,1.220161e-09,1.220161e-11
1.839465e+01,3.504221e-11,1.205354e-09,1.205354e-11
1.839717e+01,3.457195e-11,1.188241e-09,1.188241e-11
1.839968e+01,3.404114e-11,1.168699e-09,1.168699e-11
1.840219e+01,3.345091e-11,1.146616e-09,1.146616e-11
1.840471e+01,3.280311e-11,1.121919e-09,1.121919e-11
1.840722e+01,3.210181e-11,1.094587e-09,1.094587e-11
1.840973e+01,3.135234e-11,1.064657e-09,1.064657e-11
1.841225e+01,3.056093e-11,1.032240e-09,1.032240e-11
1.841476e+01,2.973490e-11,9.975461e-10,9.975461e-12
1.841727e+01,2.888366e-11,9.608980e-10,9.608980e-12
1.841979e+01,2.801776e-11,9.227397e-10,9.227397e-12
1.842230e+01,2.714796e-11,8.836259e-10,8.836259e-12
1.842481e+01,2.628659e-11,8.442157e-10,8.442157e-12
1.842733e+01,2.544641e-11,8.052549e-10,8.052549e-12
1.842984e+01,2.463987e-11,7.675496e-10,7.675496e-12
1.843235e+01,2.387953e-11,7.319376e-10,7.319376e-12
1.843487e+01,2.317681e-11,6.992317e-10,6.992317e-12
1.843738e+01,2.254205e-11,6.701605e-10,6.701605e-12
1.843989e+01,2.198442e-11,6.453140e-10,6.453140e-12
1.844241e+01,2.151071e-11,6.250884e-10,6.250884e-12
1.844492e+01,2.112591e-11,6.096580e-10,6.096580e-12
1.844743e+01,2.083257e-11,5.989554e-10,5.989554e-12
1.844995e+01,2.063051e-11,5.926831e-10,5.926831e-12
1.845246e+01,2.051738e-11,5.903705e-10,5.903705e-12
1.845497e+01,2.048855e-11,5.914379e-10,5.914379e-12
1.845749e+01,2.053720e-11,5.952610e-10,5.952610e-12
1.846000e+01,2.065411e-11,6.012247e-10,6.012247e-12
1.846251e+01,2.082895e-11,6.087596e-10,6.087596e-12
1.846502e+01,2.105061e-11,6.173689e-10,6.173689e-12
1.846754e+01,2.130710e-11,6.266300e-10,6.266300e-12
1.847005e+01,2.158603e-11,6.361888e-10,6.361888e-12
1.847256e+01,2.187563e-11,6.457746e-10,6.457746e-12
1.847508e+01,2.216580e-11,6.551927e-10,6.551927e-12
1.847759e+01,2.244724e-11,6.642959e-10,6.642959e-12
1.848010e+01,2.271207e-11,6.729826e-10,6.729826e-12
1.848262e+01,2.295521e-11,6.812068e-10,6.812068e-12
1.848513e+01,2.317456e-11,6.889702e-10,6.889702e-12
1.848764e+01,2.336951e-11,6.962985e-10,6.962985e-12
1.849016e+01,2.354162e-11,7.032313e-10,7.032313e-12
1.849267e+01,2.369525e-11,7.098298e-10,7.098298e-12
1.849518e+01,2.383580e-11,7.161697e-10,7.161697e-12
1.849770e+01,2.396979e-11,7.223405e-10,7.223405e-12
1.850021e+01,2.410494e-11,7.284615e-10,7.284615e-12
1.850272e+01,2.424856e-11,7.346776e-10,7.346776e-12
1.850524e+01,2.440686e-11,7.411527e-10,7.411527e-12
1.850775e+01,2.458539e-11,7.480793e-10,7.480793e-12
1.851026e+01,2.478792e-11,7.556552e-10,7.556552e-12
1.851278e+01,2.501614e-11,7.640433e-10,7.640433e-12
1.851529e+01,2.526987e-11,7.733444e-10,7.733444e-12
1.851780e+01,2.554662e-11,7.835533e-10,7.835533e-12
1.852032e+01,2.584200e-11,7.945436e-10,7.945436e-12
1.852283e+01,2.615092e-11,8.060822e-10,8.060822e-12
1.852534e+01,2.646696e-11,8.178379e-10,8.178379e-12
1.852786e+01,2.678334e-11,8.294375e-10,8.294375e-12
1.853037e+01,2.709449e-11,8.405489e-10,8.405489e-12
1.853288e+01,2.739528e-11,8.509382e-10,8.509382e-12
1.853540e+01,2.768180e-11,8.605252e-10,8.605252e-12
1.853791e+01,2.795256e-11,8.694355e-10,8.694355e-12
1.854042e+01,2.820816e-11,8.779988e-10,8.779988e-12
1.854294e+01,2.845048e-11,8.866830e-10,8.866830e-12
1.854545e+01,2.868345e-11,8.960230e-10,8.960230e-12
1.854796e+01,2.891202e-11,9.065543e-10,9.065543e-12
1.855048e+01,2.914132e-11,9.187159e-10,9.187159e-12
1.855299e+01,2.937702e-11,9.327496e-10,9.327496e-12
1.855550e+01,2.962318e-11,9.486620e-10,9.486620e-12
1.855802e+01,2.988239e-11,9.662475e-10,9.662475e-12
1.856053e+01,3.015568e-11,9.851245e-10,9.851245e-12
1.856304e+01,3.044134e-11,1.004778e-09,1.004778e-11
1.856556e+01,3.073523e-11,1.024626e-09,1.024626e-11
1.856807e+01,3.103075e-11,1.044086e-09,1.044086e-11
1.857058e+01,3.131944e-11,1.062631e-09,1.062631e-11
1.857310e+01,3.159203e-11,1.079802e-09,1.079802e-11
1.857561e+01,3.183841e-11,1.095202e-09,1.095202e-11
1.857812e+01,3.204835e-11,1.108501e-09,1.108501e-11
1.858064e+01,3.221290e-11,1.119447e-09,1.119447e-11
1.858315e+01,3.232479e-11,1.127873e-09,1.127873e-11
1.858566e+01,3.237936e-11,1.133696e-09,1.133696e-11
1.858818e+01,3.237442e-11,1.136916e-09,1.136916e-11
1.859069e+01,3.231071e-11,1.137610e-09,1.137610e-11
1.859320e+01,3.219194e-11,1.135950e-09,1.135950e-11
1.859572e+01,3.202436e-11,1.132165e-09,1.132165e-11
1.859823e+01,3.181594e-11,1.126504e-09,1.126504e-11
1.860074e+01,3.157522e-11,1.119232e-09,1.119232e-11
1.860326e+01,3.131191e-11,1.110628e-09,1.110628e-11
1.860577e+01,3.103525e-11,1.100941e-09,1.100941e-11
1.860828e+01,3.075344e-11,1.090386e-09,1.090386e-11
1.861079e+01,3.047339e-11,1.079140e-09,1.079140e-11
1.861331e+01,3.019876e-11,1.067320e-09,1.067320e-11
1.861582e+01,2.993181e-11,1.055010e-09,1.055010e-11
1.861833e+01,2.967342e-11,1.042270e-09,1.042270e-11
1.862085e+01,2.942097e-11,1.029109e-09,1.029109e-11
1.862336e+01,2.917082e-11,1.015511e-09,1.015511e-11
1.862587e+01,2.891878e-11,1.001449e-09,1.001449e-11
1.862839e+01,2.865957e-11,9.868865e-10,9.868865e-12
1.863090e+01,2.838822e-11,9.717801e-10,9.717801e-12
1.863341e+01,2.810016e-11,9.560817e-10,9.560817e-12
1.863593e+01,2.779178e-11,9.397625e-10,9.397625e-12
1.863844e+01,2.746095e-11,9.228293e-10,9.228293e-12
1.864095e+01,2.710615e-11,9.053122e-10,9.053122e-12
1.864347e+01,2.672759e-11,8.872740e-10,8.872740e-12
1.864598e+01,2.632739e-11,8.688233e-10,8.688233e-12
1.864849e+01,2.590795e-11,8.500993e-10,8.500993e-12
1.865101e+01,2.547236e-11,8.312651e-10,8.312651e-12
1.865352e+01,2.502449e-11,8.125022e-10,8.125022e-12
1.865603e+01,2.456878e-11,7.940029e-10,7.940029e-12
1.865855e+01,2.410992e-11,7.759591e-10,7.759591e-12
1.866106e+01,2.365282e-11,7.585370e-10,7.585370e-12
1.866357e+01,2.320264e-11,7.418603e-10,7.418603e-12
1.866609e+01,2.276447e-11,7.260114e-10,7.260114e-12
1.866860e+01,2.234417e-11,7.110407e-10,7.110407e-12
1.867111e+01,2.194826e-11,6.969827e-10,6.969827e-12
1.867363e+01,2.158390e-11,6.838852e-10,6.838852e-12
1.867614e+01,2.125903e-11,6.718586e-10,6.718586e-12
1.867865e+01,2.098172e-11,6.611268e-10,6.611268e-12
1.868117e+01,2.076097e-11,6.520949e-10,6.520949e-12
1.868368e+01,2.060623e-11,6.453944e-10,6.453944e-12
1.868619e+01,2.052618e-11,6.418880e-10,6.418880e-12
1.868871e+01,2.052986e-11,6.426610e-10,6.426610e-12
1.869122e+01,2.062495e-11,6.489283e-10,6.489283e-12
1.869373e+01,2.081660e-11,6.618861e-10,6.618861e-12
1.869625e+01,2.110908e-11,6.825477e-10,6.825477e-12
1.869876e+01,2.150409e-11,7.115454e-10,7.115454e-12
1.870127e+01,2.199981e-11,7.490071e-10,7.490071e-12
1.870379e+01,2.259231e-11,7.945346e-10,7.945346e-12
1.870630e+01,2.327430e-11,8.472320e-10,8.472320e-12
1.870881e+01,2.403494e-11,9.058057e-10,9.058057e-12
1.871133e+01,2.486132e-11,9.686911e-10,9.686911e-12
1.871384e+01,2.573777e-11,1.034154e-09,1.034154e-11
1.871635e+01,2.664635e-11,1.100382e-09,1.100382e-11
1.871887e+01,2.756792e-11,1.165559e-09,1.165559e-11
1.872138e+01,2.848240e-11,1.227906e-09,1.227906e-11
1.872389e+01,2.936939e-11,1.285739e-09,1.285739e-11
1.872641e+01,3.020865e-11,1.337519e-09,1.337519e-11
1.872892e+01,3.098166e-11,1.381885e-09,1.381885e-11
1.873143e+01,3.167114e-11,1.417687e-09,1.417687e-11
1.873395e+01,3.226174e-11,1.444027e-09,1.444027e-11
1.873646e+01,3.274230e-11,1.460289e-09,1.460289e-11
1.873897e+01,3.310427e-11,1.466159e-09,1.466159e-11
1.874149e+01,3.334279e-11,1.461639e-09,1.461639e-11
1.874400e+01,3.345775e-11,1.447070e-09,1.447070e-11
1.874651e+01,3.345284e-11,1.423122e-09,1.423122e-11
1.874902e+01,3.333611e-11,1.390766e-09,1.390766e-11
1.875154e+01,3.311960e-11,1.351236e-09,1.351236e-11
1.875405e+01,3.281873e-11,1.305988e-09,1.305988e-11
1.875656e+01,3.245134e-11,1.256636e-09,1.256636e-11
1.875908e+01,3.203771e-11,1.204884e-09,1.204884e-11
1.876159e+01,3.159899e-11,1.152432e-09,1.152432e-11
1.876410e+01,3.115611e-11,1.100909e-09,1.100909e-11
1.876662e+01,3.072925e-11,1.051792e-09,1.051792e-11
1.876913e+01,3.033613e-11,1.006347e-09,1.006347e-11
1.877164e+01,2.999116e-11,9.655880e-10,9.655880e-12
1.877416e+01,2.970515e-11,9.302717e-10,9.302717e-12
1.877667e+01,2.948507e-11,9.008945e-10,9.008945e-12
1.877918e+01,2.933289e-11,8.776901e-10,8.776901e-12
1.878170e+01,2.924620e-11,8.606551e-10,8.606551e-12
1.878421e+01,2.921931e-11,8.495834e-10,8.495834e-12
1.878672e+01,2.924360e-11,8.440820e-10,8.440820e-12
1.878924e+01,2.930793e-11,8.435931e-10,8.435931e-12
1.879175e+01,2.940014e-11,8.474514e-10,8.474514e-12
1.879426e+01,2.950868e-11,8.549352e-10,8.549352e-12
1.879678e+01,2.962280e-11,8.653172e-10,8.653172e-12
1.879929e+01,2.973397e-11,8.779329e-10,8.779329e-12
1.880180e+01,2.983685e-11,8.922198e-10,8.922198e-12
1.880432e+01,2.992877e-11,9.077195e-10,9.077195e-12
1.880683e+01,3.001033e-11,9.240853e-10,9.240853e-12
1.880934e+01,3.008613e-11,9.410678e-10,9.410678e-12
1.881186e+01,3.016302e-11,9.584628e-10,9.584628e-12
1.881437e+01,3.024952e-11,9.760899e-10,9.760899e-12
1.881688e+01,3.035591e-11,9.937889e-10,9.937889e-12
1.881940e+01,3.049250e-11,1.011386e-09,1.011386e-11
1.882191e+01,3.066872e-11,1.028687e-09,1.028687e-11
1.882442e+01,3.089273e-11,1.045515e-09,1.045515e-11
1.882694e+01,3.117088e-11,1.061728e-09,1.061728e-11
1.882945e+01,3.150658e-11,1.077216e-09,1.077216e-11
1.883196e+01,3.190100e-11,1.091921e-09,1.091921e-11
1.883448e+01,3.235281e-11,1.105849e-09,1.105849e-11
1.883699e+01,3.285737e-11,1.119083e-09,1.119083e-11
1.883950e+01,3.340891e-11,1.131787e-09,1.131787e-11
1.884202e+01,3.400010e-11,1.144202e-09,1.144202e-11
1.884453e+01,3.462223e-11,1.156643e-09,1.156643e-11
1.884704e+01,3.526613e-11,1.169481e-09,1.169481e-11
1.884956e+01,3.592240e-11,1.183123e-09,1.183123e-11
1.885207e+01,3.658196e-11,1.197974e-09,1.197974e-11
1.885458e+01,3.723593e-11,1.214407e-09,1.214407e-11
1.885710e+01,3.787622e-11,1.232711e-09,1.232711e-11
1.885961e+01,3.849533e-11,1.253024e-09,1.253024e-11
1.886212e+01,3.908563e-11,1.275305e-09,1.275305e-11
1.886464e+01,3.963981e-11,1.299323e-09,1.299323e-11
1.886715e+01,4.015054e-11,1.324662e-09,1.324662e-11
1.886966e+01,4.061076e-11,1.350750e-09,1.350750e-11
1.887218e+01,4.101328e-11,1.376913e-09,1.376913e-11
1.887469e+01,4.135109e-11,1.402420e-09,1.402420e-11
1.887720e+01,4.161798e-11,1.426553e-09,1.426553e-11
1.887972e+01,4.180837e-11,1.448674e-09,1.448674e-11
1.888223e+01,4.191804e-11,1.468258e-09,1.468258e-11
1.888474e+01,4.194396e-11,1.484930e-09,1.484930e-11
1.888726e+01,4.188498e-11,1.498507e-09,1.498507e-11
1.888977e+01,4.174240e-11,1.509008e-09,1.509008e-11
1.889228e+01,4.151985e-11,1.516655e-09,1.516655e-11
1.889479e+01,4.122371e-11,1.521856e-09,1.521856e-11
1.889731e+01,4.086294e-11,1.525191e-09,1.525191e-11
1.889982e+01,4.044865e-11,1.527347e-09,1.527347e-11
1.890233e+01,3.999381e-11,1.529076e-09,1.529076e-11
1.890485e+01,3.951279e-11,1.531140e-09,1.531140e-11
1.890736e+01,3.902090e-11,1.534242e-09,1.534242e-11
1.890987e+01,3.853411e-11,1.538967e-09,1.538967e-11
1.891239e+01,3.806801e-11,1.545737e-09,1.545737e-11
1.891490e+01,3.763737e-11,1.554791e-09,1.554791e-11
1.891741e+01,3.725562e-11,1.566170e-09,1.566170e-11
1.891993e+01,3.693389e-11,1.579734e-09,1.579734e-11
1.892244e+01,3.668129e-11,1.595204e-09,1.595204e-11
1.892495e+01,3.650474e-11,1.612200e-09,1.612200e-11
1.892747e+01,3.640805e-11,1.630283e-09,1.630283e-11
1.892998e+01,3.639198e-11,1.649004e-09,1.649004e-11
1.893249e+01,3.645505e-11,1.667941e-09,1.667941e-11
1.893501e+01,3.659304e-11,1.686711e-09,1.686711e-11
1.893752e+01,3.679900e-11,1.704972e-09,1.704972e-11
1.894003e+01,3.706360e-11,1.722434e-09,1.722434e-11
1.894255e+01,3.737546e-11,1.738844e-09,1.738844e-11
1.894506e+01,3.772198e-11,1.753974e-09,1.753974e-11
1.894757e+01,3.808933e-11,1.767608e-09,1.767608e-11
1.895009e+01,3.846290e-11,1.779530e-09,1.779530e-11
1.895260e+01,3.882774e-11,1.789515e-09,1.789515e-11
1.895511e+01,3.916962e-11,1.797336e-09,1.797336e-11
1.895763e+01,3.947539e-11,1.802764e-09,1.802764e-11
1.896014e+01,3.973304e-11,1.805579e-09,1.805579e-11
1.896265e+01,3.993251e-11,1.805588e-09,1.805588e-11
1.896517e+01,4.006560e-11,1.802640e-09,1.802640e-11
1.896768e+01,4.012725e-11,1.796650e-09,1.796650e-11
1.897019e+01,4.011534e-11,1.787598e-09,1.787598e-11
1.897271e+01,4.002958e-11,1.775540e-09,1.775540e-11
1.897522e+01,3.987280e-11,1.760610e-09,1.760610e-11
1.897773e+01,3.965092e-11,1.743019e-09,1.743019e-11
1.898025e+01,3.937078e-11,1.723033e-09,1.723033e-11
1.898276e+01,3.904182e-11,1.700964e-09,1.700964e-11
1.898527e+01,3.867526e-11,1.677148e-09,1.677148e-11
1.898779e+01,3.828184e-11,1.651922e-09,1.651922e-11
1.899030e+01,3.787344e-11,1.625608e-09,1.625608e-11
1.899281e+01,3.746192e-11,1.598501e-09,1.598501e-11
1.899533e+01,3.705805e-11,1.570852e-09,1.570852e-11
1.899784e+01,3.667176e-11,1.542875e-09,1.542875e-11
1.900035e+01,3.631225e-11,1.514743e-09,1.514743e-11
1.900287e+01,3.598724e-11,1.486592e-09,1.486592e-11
1.900538e+01,3.570226e-11,1.458539e-09,1.458539e-11
1.900789e+01,3.546171e-11,1.430687e-09,1.430687e-11
1.901041e+01,3.526816e-11,1.403147e-09,1.403147e-11
1.901292e+01,3.512227e-11,1.376049e-09,1.376049e-11
1.901543e+01,3.502409e-11,1.349546e-09,1.349546e-11
1.901795e+01,3.497132e-11,1.323814e-09,1.323814e-11
1.902046e+01,3.496022e-11,1.299055e-09,1.299055e-11
1.902297e+01,3.498630e-11,1.275484e-09,1.275484e-11
1.902549e+01,3.504341e-11,1.253319e-09,1.253319e-11
1.902800e+01,3.512503e-11,1.232761e-09,1.232761e-11
1.903051e+01,3.522367e-11,1.213996e-09,1.213996e-11
1.903302e+01,3.533192e-11,1.197180e-09,1.197180e-11
1.903554e+01,3.544258e-11,1.182417e-09,1.182417e-11
1.903805e+01,3.554827e-11,1.169763e-09,1.169763e-11
1.904056e+01,3.564329e-11,1.159235e-09,1.159235e-11
1.904308e+01,3.572296e-11,1.150814e-09,1.150814e-11
1.904559e+01,3.578411e-11,1.144448e-09,1.144448e-11
1.904810e+01,3.582578e-11,1.140084e-09,1.140084e-11
1.905062e+01,3.584864e-11,1.137657e-09,1.137657e-11
1.905313e+01,3.585549e-11,1.137101e-09,1.137101e-11
1.905564e+01,3.585163e-11,1.138362e-09,1.138362e-11
1.905816e+01,3.584365e-11,1.141358e-09,1.141358e-11
1.906067e+01,3.583897e-11,1.145974e-09,1.145974e-11
1.906318e+01,3.584608e-11,1.152103e-09,1.152103e-11
1.906570e+01,3.587373e-11,1.159622e-09,1.159622e-11
1.906821e+01,3.592965e-11,1.168370e-09,1.168370e-11
1.907072e+01,3.602032e-11,1.178188e-09,1.178188e-11
1.907324e+01,3.614988e-11,1.188929e-09,1.188929e-11
1.907575e+01,3.631995e-11,1.200456e-09,1.200456e-11
1.907826e+01,3.653036e-11,1.212649e-09,1.212649e-11
1.908078e+01,3.677716e-11,1.225390e-09,1.225390e-11
1.908329e+01,3.705321e-11,1.238551e-09,1.238551e-11
1.908580e+01,3.734940e-11,1.251968e-09,1.251968e-11
1.908832e+01,3.765414e-11,1.265428e-09,1.265428e-11
1.909083e+01,3.795440e-11,1.278668e-09,1.278668e-11
1.909334e+01,3.823673e-11,1.291382e-09,1.291382e-11
1.909586e+01,3.848836e-11,1.303221e-09,1.303221e-11
1.909837e+01,3.869684e-11,1.313816e-09,1.313816e-11
1.910088e+01,3.885146e-11,1.322834e-09,1.322834e-11
1.910340e+01,3.894424e-11,1.330009e-09,1.330009e-11
1.910591e+01,3.896998e-11,1.335142e-09,1.335142e-11
1.910842e+01,3.892629e-11,1.338137e-09,1.338137e-11
1.911094e+01,3.881387e-11,1.339023e-09,1.339023e-11
1.911345e+01,3.863710e-11,1.337925e-09,1.337925e-11
1.911596e+01,3.840219e-11,1.335020e-09,1.335020e-11
1.911848e+01,3.811738e-11,1.330537e-09,1.330537e-11
1.912099e+01,3.779244e-11,1.324728e-09,1.324728e-11
1.912350e+01,3.743763e-11,1.317819e-09,1.317819e-11
1.912602e+01,3.706305e-11,1.310013e-09,1.310013e-11
1.912853e+01,3.667798e-11,1.301495e-09,1.301495e-11
1.913104e+01,3.629085e-11,1.292398e-09,1.292398e-11
1.913356e+01,3.590768e-11,1.282800e-09,1.282800e-11
1.913607e+01,3.553248e-11,1.272746e-09,1.272746e-11
1.913858e+01,3.516752e-11,1.262259e-09,1.262259e-11
1.914110e+01,3.481230e-11,1.251329e-09,1.251329e-11
1.914361e+01,3.446437e-11,1.239904e-09,1.239904e-11
1.914612e+01,3.411967e-11,1.227900e-09,1.227900e-11
1.914864e+01,3.377299e-11,1.215233e-09,1.215233e-11
1.915115e+01,3.341816e-11,1.201795e-09,1.201795e-11
1.915366e+01,3.304836e-11,1.187447e-09,1.187447e-11
1.915618e+01,3.265727e-11,1.172065e-09,1.172065e-11
1.915869e+01,3.223918e-11,1.155544e-09,1.155544e-11
1.916120e+01,3.178944e-11,1.137787e-09,1.137787e-11
1.916372e+01,3.130429e-11,1.118723e-09,1.118723e-11
1.916623e+01,3.078173e-11,1.098324e-09,1.098324e-11
1.916874e+01,3.022140e-11,1.076596e-09,1.076596e-11
1.917126e+01,2.962437e-11,1.053585e-09,1.053585e-11
1.917377e+01,2.899392e-11,1.029398e-09,1.029398e-11
1.917628e+01,2.833457e-11,1.004181e-09,1.004181e-11
1.917879e+01,2.765203e-11,9.780806e-10,9.780806e-12
1.918131e+01,2.695293e-11,9.512854e-10,9.512854e-12
1.918382e+01,2.624524e-11,9.240306e-10,9.240306e-12
1.918633e+01,2.553736e-11,8.965587e-10,8.965587e-12
1.918885e+01,2.483758e-11,8.690998e-10,8.690998e-12
1.919136e+01,2.415415e-11,8.418806e-10,8.418806e-12
1.919387e+01,2.349476e-11,8.151557e-10,8.151557e-12
1.919639e+01,2.286724e-11,7.891975e-10,7.891975e-12
1.919890e+01,2.227871e-11,7.642493e-10,7.642493e-12
1.920141e+01,2.173490e-11,7.405350e-10,7.405350e-12
1.920393e+01,2.124067e-11,7.182731e-10,7.182731e-12
1.920644e+01,2.080005e-11,6.976619e-10,6.976619e-12
1.920895e+01,2.041607e-11,6.788892e-10,6.788892e-12
1.921147e+01,2.009121e-11,6.621214e-10,6.621214e-12
1.921398e+01,1.982650e-11,6.474729e-10,6.474729e-12
1.921649e+01,1.962251e-11,6.350134e-10,6.350134e-12
1.921901e+01,1.947893e-11,6.247613e-10,6.247613e-12
1.922152e+01,1.939420e-11,6.166617e-10,6.166617e-12
1.922403e+01,1.936703e-11,6.106056e-10,6.106056e-12
1.922655e+01,1.939488e-11,6.064439e-10,6.064439e-12
1.922906e+01,1.947459e-11,6.039766e-10,6.039766e-12
1.923157e+01,1.960283e-11,6.029720e-10,6.029720e-12
1.923409e+01,1.977601e-11,6.032080e-10,6.032080e-12
1.923660e+01,1.999034e-11,6.044871e-10,6.044871e-12
1.923911e+01,2.024149e-11,6.066486e-10,6.066486e-12
1.924163e+01,2.052537e-11,6.095899e-10,6.095899e-12
1.924414e+01,2.083846e-11,6.132869e-10,6.132869e-12
1.924665e+01,2.117816e-11,6.178030e-10,6.178030e-12
1.924917e+01,2.154226e-11,6.232690e-10,6.232690e-12
1.925168e+01,2.192918e-11,6.298652e-10,6.298652e-12
1.925419e+01,2.233901e-11,6.378198e-10,6.378198e-12
1.925671e+01,2.277226e-11,6.473830e-10,6.473830e-12
1.925922e+01,2.323026e-11,6.587938e-10,6.587938e-12
1.926173e+01,2.371590e-11,6.722491e-10,6.722491e-12
1.926425e+01,2.423148e-11,6.878778e-10,6.878778e-12
1.926676e+01,2.477868e-11,7.057326e-10,7.057326e-12
1.926927e+01,2.535956e-11,7.257827e-10,7.257827e-12
1.927179e+01,2.597436e-11,7.478986e-10,7.478986e-12
1.927430e+01,2.662121e-11,7.718673e-10,7.718673e-12
1.927681e+01,2.729691e-11,7.974095e-10,7.974095e-12
1.927933e+01,2.799515e-11,8.241605e-10,8.241605e-12
1.928184e+01,2.870704e-11,8.516895e-10,8.516895e-12
1.928435e+01,2.942208e-11,8.795173e-10,8.795173e-12
1.928687e+01,3.012671e-11,9.070968e-10,9.070968e-12
1.928938e+01,3.080620e-11,9.338587e-10,9.338587e-12
1.929189e+01,3.144638e-11,9.592583e-10,9.592583e-12
1.929441e+01,3.203298e-11,9.827734e-10,9.827734e-12
1.929692e+01,3.255334e-11,1.003956e-09,1.003956e-11
1.929943e+01,3.299781e-11,1.022486e-09,1.022486e-11
1.930195e+01,3.335991e-11,1.038174e-09,1.038174e-11
1.930446e+01,3.363756e-11,1.050971e-09,1.050971e-11
1.930697e+01,3.383377e-11,1.060970e-09,1.060970e-11
1.930949e+01,3.395595e-11,1.068347e-09,1.068347e-11
1.931200e+01,3.401524e-11,1.073327e-09,1.073327e-11
1.931451e+01,3.402699e-11,1.076155e-09,1.076155e-11
1.931702e+01,3.400898e-11,1.077079e-09,1.077079e-11
1.931954e+01,3.397973e-11,1.076339e-09,1.076339e-11
1.932205e+01,3.395796e-11,1.074196e-09,1.074196e-11
1.932456e+01,3.396005e-11,1.070978e-09,1.070978e-11
1.932708e+01,3.399944e-11,1.067123e-09,1.067123e-11
1.932959e+01,3.408547e-11,1.063186e-09,1.063186e-11
1.933210e+01,3.422215e-11,1.059825e-09,1.059825e-11
1.933462e+01,3.440887e-11,1.057729e-09,1.057729e-11
1.933713e+01,3.463943e-11,1.057477e-09,1.057477e-11
1.933964e+01,3.490321e-11,1.059434e-09,1.059434e-11
1.934216e+01,3.518690e-11,1.063657e-09,1.063657e-11
1.934467e+01,3.547468e-11,1.069855e-09,1.069855e-11
1.934718e+01,3.575101e-11,1.077440e-09,1.077440e-11
1.934970e+01,3.600049e-11,1.085646e-09,1.085646e-11
1.935221e+01,3.620985e-11,1.093707e-09,1.093707e-11
1.935472e+01,3.637142e-11,1.101047e-09,1.101047e-11
1.935724e+01,3.648131e-11,1.107382e-09,1.107382e-11
1.935975e+01,3.654118e-11,1.112763e-09,1.112763e-11
1.936226e+01,3.655798e-11,1.117553e-09,1.117553e-11
1.936478e+01,3.654265e-11,1.122325e-09,1.122325e-11
1.936729e+01,3.651112e-11,1.127732e-09,1.127732e-11
1.936980e+01,3.648108e-11,1.134337e-09,1.134337e-11
1.937232e+01,3.647138e-11,1.142495e-09,1.142495e-11
1.937483e+01,3.650118e-11,1.152319e-09,1.152319e-11
1.937734e+01,3.658719e-11,1.163698e-09,1.163698e-11
1.937986e+01,3.674337e-11,1.176383e-09,1.176383e-11
1.938237e+01,3.697959e-11,1.190110e-09,1.190110e-11
1.938488e+01,3.730071e-11,1.204699e-09,1.204699e-11
1.938740e+01,3.770656e-11,1.220130e-09,1.220130e-11
1.938991e+01,3.819201e-11,1.236557e-09,1.236557e-11
1.939242e+01,3.874721e-11,1.254255e-09,1.254255e-11
1.939494e+01,3.935812e-11,1.273528e-09,1.273528e-11
1.939745e+01,4.000864e-11,1.294617e-09,1.294617e-11
1.939996e+01,4.068074e-11,1.317615e-09,1.317615e-11
1.940248e+01,4.135571e-11,1.342407e-09,1.342407e-11
1.940499e+01,4.201544e-11,1.368667e-09,1.368667e-11
1.940750e+01,4.264309e-11,1.395900e-09,1.395900e-11
1.941002e+01,4.322451e-11,1.423514e-09,1.423514e-11
1.941253e+01,4.374801e-11,1.450911e-09,1.450911e-11
1.941504e+01,4.420544e-11,1.477564e-09,1.477564e-11
1.941756e+01,4.459149e-11,1.503074e-09,1.503074e-11
1.942007e+01,4.490441e-11,1.527196e-09,1.527196e-11
1.942258e+01,4.514602e-11,1.549833e-09,1.549833e-11
1.942510e+01,4.531929e-11,1.571006e-09,1.571006e-11
1.942761e+01,4.542961e-11,1.590812e-09,1.590812e-11
1.943012e+01,4.548470e-11,1.609394e-09,1.609394e-11
1.943264e+01,4.549295e-11,1.626875e-09,1.626875e-11
1.943515e+01,4.546276e-11,1.643311e-09,1.643311e-11
1.943766e+01,4.540308e-11,1.658678e-09,1.658678e-11
1.944018e+01,4.532228e-11,1.672859e-09,1.672859e-11
1.944269e+01,4.522713e-11,1.685635e-09,1.685635e-11
1.944520e+01,4.512387e-11,1.696717e-09,1.696717e-11
1.944772e+01,4.501705e-11,1.705790e-09,1.705790e-11
1.945023e+01,4.490947e-11,1.712534e-09,1.712534e-11
1.945274e+01,4.480274e-11,1.716649e-09,1.716649e-11
1.945525e+01,4.469588e-11,1.717884e-09,1.717884e-11
1.945777e+01,4.458660e-11,1.716066e-09,1.716066e-11
1.946028e+01,4.447160e-11,1.711091e-09,1.711091e-11
1.946279e+01,4.434574e-11,1.702928e-09,1.702928e-11
1.946531e+01,4.420352e-11,1.691630e-09,1.691630e-11
1.946782e+01,4.403950e-11,1.677306e-09,1.677306e-11
1.947033e+01,4.384799e-11,1.660093e-09,1.660093e-11
1.947285e+01,4.362361e-11,1.640163e-09,1.640163e-11
1.947536e+01,4.336256e-11,1.617717e-09,1.617717e-11
1.947787e+01,4.306228e-11,1.592963e-09,1.592963e-11
1.948039e+01,4.272093e-11,1.566116e-09,1.566116e-11
1.948290e+01,4.233871e-11,1.537395e-09,1.537395e-11
1.948541e+01,4.191749e-11,1.507030e-09,1.507030e-11
1.948793e+01,4.146051e-11,1.475261e-09,1.475261e-11
1.949044e+01,4.097244e-11,1.442349e-09,1.442349e-11
1.949295e+01,4.045873e-11,1.408568e-09,1.408568e-11
1.949547e+01,3.992488e-11,1.374182e-09,1.374182e-11
1.949798e+01,3.937690e-11,1.339452e-09,1.339452e-11
1.950049e+01,3.882127e-11,1.304648e-09,1.304648e-11
1.950301e+01,3.826381e-11,1.270039e-09,1.270039e-11
1.950552e+01,3.770992e-11,1.235879e-09,1.235879e-11
1.950803e+01,3.716444e-11,1.202405e-09,1.202405e-11
1.951055e+01,3.663159e-11,1.169849e-09,1.169849e-11
1.951306e+01,3.611530e-11,1.138449e-09,1.138449e-11
1.951557e+01,3.561948e-11,1.108436e-09,1.108436e-11
1.951809e+01,3.514737e-11,1.080039e-09,1.080039e-11
1.952060e+01,3.470162e-11,1.053469e-09,1.053469e-11
1.952311e+01,3.428467e-11,1.028937e-09,1.028937e-11
1.952563e+01,3.389886e-11,1.006648e-09,1.006648e-11
1.952814e+01,3.354640e-11,9.867870e-10,9.867870e-12
1.953065e+01,3.322755e-11,9.695030e-10,9.695030e-12
1.953317e+01,3.294186e-11,9.549023e-10,9.549023e-12
1.953568e+01,3.268840e-11,9.430286e-10,9.430286e-12
1.953819e+01,3.246379e-11,9.338311e-10,9.338311e-12
1.954071e+01,3.226307e-11,9.271546e-10,9.271546e-12
1.954322e+01,3.207998e-11,9.227334e-10,9.227334e-12
1.954573e+01,3.190635e-11,9.201878e-10,9.201878e-12
1.954825e+01,3.173384e-11,9.190462e-10,9.190462e-12
1.955076e+01,3.155396e-11,9.187704e-10,9.187704e-12
1.955327e+01,3.135676e-11,9.188015e-10,9.188015e-12
1.955579e+01,3.113446e-11,9.186379e-10,9.186379e-12
1.955830e+01,3.088229e-11,9.178958e-10,9.178958e-12
1.956081e+01,3.059621e-11,9.163543e-10,9.163543e-12
1.956333e+01,3.027589e-11,9.139946e-10,9.139946e-12
1.956584e+01,2.992537e-11,9.110022e-10,9.110022e-12
1.956835e+01,2.955146e-11,9.077334e-10,9.077334e-12
1.957087e+01,2.916487e-11,9.046545e-10,9.046545e-12
1.957338e+01,2.877982e-11,9.022582e-10,9.022582e-12
1.957589e+01,2.841250e-11,9.009680e-10,9.009680e-12
1.957841e+01,2.808036e-11,9.010622e-10,9.010622e-12
1.958092e+01,2.780106e-11,9.026390e-10,9.026390e-12
1.958343e+01,2.759073e-11,9.056410e-10,9.056410e-12
1.958595e+01,2.746428e-11,9.099265e-10,9.099265e-12
1.958846e+01,2.743309e-11,9.153508e-10,9.153508e-12
1.959097e+01,2.750394e-11,9.218464e-10,9.218464e-12
1.959349e+01,2.767978e-11,9.294748e-10,9.294748e-12
1.959600e+01,2.795794e-11,9.384432e-10,9.384432e-12
1.959851e+01,2.833183e-11,9.490720e-10,9.490720e-12
1.960102e+01,2.879078e-11,9.617011e-10,9.617011e-12
1.960354e+01,2.932040e-11,9.766063e-10,9.766063e-12
1.960605e+01,2.990443e-11,9.939279e-10,9.939279e-12
1.960856e+01,3.052492e-11,1.013598e-09,1.013598e-11
1.961108e+01,3.116427e-11,1.035345e-09,1.035345e-11
1.961359e+01,3.180586e-11,1.058762e-09,1.058762e-11
1.961610e+01,3.243515e-11,1.083369e-09,1.083369e-11
1.961862e+01,3.304028e-11,1.108680e-09,1.108680e-11
1.962113e+01,3.361257e-11,1.134275e-09,1.134275e-11
1.962364e+01,3.414712e-11,1.159823e-09,1.159823e-11
1.962616e+01,3.464181e-11,1.185091e-09,1.185091e-11
1.962867e+01,3.509753e-11,1.209919e-09,1.209919e-11
1.963118e+01,3.551811e-11,1.234181e-09,1.234181e-11
1.963370e+01,3.590882e-11,1.257748e-09,1.257748e-11
1.963621e+01,3.627515e-11,1.280445e-09,1.280445e-11
1.963872e+01,3.662342e-11,1.302041e-09,1.302041e-11
1.964124e+01,3.695960e-11,1.322261e-09,1.322261e-11
1.964375e+01,3.728801e-11,1.340800e-09,1.340800e-11
1.964626e+01,3.761149e-11,1.357347e-09,1.357347e-11
1.964878e+01,3.793147e-11,1.371615e-09,1.371615e-11
1.965129e+01,3.824696e-11,1.383361e-09,1.383361e-11
1.965380e+01,3.855485e-11,1.392411e-09,1.392411e-11
1.965632e+01,3.885087e-11,1.398672e-09,1.398672e-11
1.965883e+01,3.912933e-11,1.402128e-09,1.402128e-11
1.966134e+01,3.938337e-11,1.402815e-09,1.402815e-11
1.966386e+01,3.960553e-11,1.400824e-09,1.400824e-11
1.966637e+01,3.978852e-11,1.396284e-09,1.396284e-11
1.966888e+01,3.992487e-11,1.389335e-09,1.389335e-11
1.967140e+01,4.000754e-11,1.380108e-09,1.380108e-11
1.967391e+01,4.003085e-11,1.368739e-09,1.368739e-11
1.967642e+01,3.998972e-11,1.355349e-09,1.355349e-11
1.967894e+01,3.988013e-11,1.340033e-09,1.340033e-11
1.968145e+01,3.969977e-11,1.322878e-09,1.322878e-11
1.968396e+01,3.944723e-11,1.303965e-09,1.303965e-11
1.968648e+01,3.912210e-11,1.283363e-09,1.283363e-11
1.968899e+01,3.872579e-11,1.261146e-09,1.261146e-11
1.969150e+01,3.826049e-11,1.237420e-09,1.237420e-11
1.969402e+01,3.772971e-11,1.212312e-09,1.212312e-11
1.969653e+01,3.713797e-11,1.185985e-09,1.185985e-11
1.969904e+01,3.649031e-11,1.158650e-09,1.158650e-11
1.970156e+01,3.579323e-11,1.130571e-09,1.130571e-11
1.970407e+01,3.505418e-11,1.102074e-09,1.102074e-11
1.970658e+01,3.428119e-11,1.073547e-09,1.073547e-11
1.970910e+01,3.348321e-11,1.045418e-09,1.045418e-11
1.971161e+01,3.266965e-11,1.018156e-09,1.018156e-11
1.971412e+01,3.185103e-11,9.922479e-10,9.922479e-12
1.971664e+01,3.103886e-11,9.681742e-10,9.681742e-12
1.971915e+01,3.024477e-11,9.463675e-10,9.463675e-12
1.972166e+01,2.948106e-11,9.271747e-10,9.271747e-12
1.972418e+01,2.876047e-11,9.108358e-10,9.108358e-12
1.972669e+01,2.809672e-11,8.974693e-10,8.974693e-12
1.972920e+01,2.750314e-11,8.870475e-10,8.870475e-12
1.973172e+01,2.699260e-11,8.794100e-10,8.794100e-12
1.973423e+01,2.657788e-11,8.743196e-10,8.743196e-12
1.973674e+01,2.627024e-11,8.715119e-10,8.715119e-12
1.973925e+01,2.607960e-11,8.707528e-10,8.707528e-12
1.974177e+01,2.601380e-11,8.719113e-10,8.719113e-12
1.974428e+01,2.607806e-11,8.750239e-10,8.750239e-12
1.974679e+01,2.627445e-11,8.803197e-10,8.803197e-12
1.974931e+01,2.660133e-11,8.882067e-10,8.882067e-12
1.975182e+01,2.705289e-11,8.992357e-10,8.992357e-12
1.975433e+01,2.761937e-11,9.140385e-10,9.140385e-12
1.975685e+01,2.828768e-11,9.332158e-10,9.332158e-12
1.975936e+01,2.904051e-11,9.571882e-10,9.571882e-12
1.976187e+01,2.985748e-11,9.860861e-10,9.860861e-12
1.976439e+01,3.071642e-11,1.019706e-09,1.019706e-11
1.976690e+01,3.159348e-11,1.057486e-09,1.057486e-11
1.976941e+01,3.246423e-11,1.098519e-09,1.098519e-11
1.977193e+01,3.330527e-11,1.141638e-09,1.141638e-11
1.977444e+01,3.409505e-11,1.185535e-09,1.185535e-11
1.977695e+01,3.481449e-11,1.228849e-09,1.228849e-11
1.977947e+01,3.544875e-11,1.270251e-09,1.270251e-11
1.978198e+01,3.598717e-11,1.308515e-09,1.308515e-11
1.978449e+01,3.642323e-11,1.342572e-09,1.342572e-11
1.978701e+01,3.675606e-11,1.371530e-09,1.371530e-11
1.978952e+01,3.698846e-11,1.394693e-09,1.394693e-11
1.979203e+01,3.712639e-11,1.411588e-09,1.411588e-11
1.979455e+01,3.718016e-11,1.421974e-09,1.421974e-11
1.979706e+01,3.716202e-11,1.425849e-09,1.425849e-11
1.979957e+01,3.708513e-11,1.423452e-09,1.423452e-11
1.980209e+01,3.696356e-11,1.415263e-09,1.415263e-11
1.980460e+01,3.681075e-11,1.401981e-09,1.401981e-11
1.980711e+01,3.663889e-11,1.384508e-09,1.384508e-11
1.980963e+01,3.645882e-11,1.363896e-09,1.363896e-11
1.981214e+01,3.627934e-11,1.341284e-09,1.341284e-11
1.981465e+01,3.610766e-11,1.317825e-09,1.317825e-11
1.981717e+01,3.594922e-11,1.294598e-09,1.294598e-11
1.981968e+01,3.580788e-11,1.272534e-09,1.272534e-11
1.982219e+01,3.568680e-11,1.252381e-09,1.252381e-11
1.982471e+01,3.558857e-11,1.234688e-09,1.234688e-11
1.982722e+01,3.551616e-11,1.219777e-09,1.219777e-11
1.982973e+01,3.547244e-11,1.207789e-09,1.207789e-11
1.983225e+01,3.546049e-11,1.198738e-09,1.198738e-11
1.983476e+01,3.548413e-11,1.192553e-09,1.192553e-11
1.983727e+01,3.554766e-11,1.189099e-09,1.189099e-11
1.983979e+01,3.565529e-11,1.188188e-09,1.188188e-11
1.984230e+01,3.581032e-11,1.189586e-09,1.189586e-11
1.984481e+01,3.601554e-11,1.193013e-09,1.193013e-11
1.984733e+01,3.627267e-11,1.198137e-09,1.198137e-11
1.984984e+01,3.658124e-11,1.204559e-09,1.204559e-11
1.985235e+01,3.693830e-11,1.211838e-09,1.211838e-11
1.985487e+01,3.733860e-11,1.219531e-09,1.219531e-11
1.985738e+01,3.777456e-11,1.227211e-09,1.227211e-11
1.985989e+01,3.823677e-11,1.234504e-09,1.234504e-11
1.986241e+01,3.871293e-11,1.241111e-09,1.241111e-11
1.986492e+01,3.918975e-11,1.246819e-09,1.246819e-11
1.986743e+01,3.965366e-11,1.251503e-09,1.251503e-11
1.986995e+01,4.009031e-11,1.255128e-09,1.255128e-11
1.987246e+01,4.048681e-11,1.257720e-09,1.257720e-11
1.987497e+01,4.083069e-11,1.259342e-09,1.259342e-11
1.987749e+01,4.111156e-11,1.260079e-09,1.260079e-11
1.988000e+01,4.132204e-11,1.260034e-09,1.260034e-11
1.988251e+01,4.145695e-11,1.259305e-09,1.259305e-11
1.988502e+01,4.151392e-11,1.257969e-09,1.257969e-11
1.988754e+01,4.149363e-11,1.256100e-09,1.256100e-11
1.989005e+01,4.139971e-11,1.253764e-09,1.253764e-11
1.989256e+01,4.123767e-11,1.251015e-09,1.251015e-11
1.989508e+01,4.101523e-11,1.247903e-09,1.247903e-11
1.989759e+01,4.074142e-11,1.244482e-09,1.244482e-11
1.990010e+01,4.042657e-11,1.240820e-09,1.240820e-11
1.990262e+01,4.008201e-11,1.237004e-09,1.237004e-11
1.990513e+01,3.971859e-11,1.233131e-09,1.233131e-11
1.990764e+01,3.934696e-11,1.229303e-09,1.229303e-11
1.991016e+01,3.897737e-11,1.225626e-09,1.225626e-11
1.991267e+01,3.861908e-11,1.222192e-09,1.222192e-11
1.991518e+01,3.828012e-11,1.219070e-09,1.219070e-11
1.991770e+01,3.796750e-11,1.216293e-09,1.216293e-11
1.992021e+01,3.768698e-11,1.213831e-09,1.213831e-11
1.992272e+01,3.744279e-11,1.211595e-09,1.211595e-11
1.992524e+01,3.723825e-11,1.209453e-09,1.209453e-11
1.992775e+01,3.707528e-11,1.207233e-09,1.207233e-11
1.993026e+01,3.695393e-11,1.204739e-09,1.204739e-11
1.993278e+01,3.687351e-11,1.201806e-09,1.201806e-11
1.993529e+01,3.683242e-11,1.198338e-09,1.198338e-11
1.993780e+01,3.682740e-11,1.194321e-09,1.194321e-11
1.994032e+01,3.685395e-11,1.189857e-09,1.189857e-11
1.994283e+01,3.690655e-11,1.185164e-09,1.185164e-11
1.994534e+01,3.697879e-11,1.180554e-09,1.180554e-11
1.994786e+01,3.706300e-11,1.176388e-09,1.176388e-11
1.995037e+01,3.715065e-11,1.172988e-09,1.172988e-11
1.995288e+01,3.723232e-11,1.170540e-09,1.170540e-11
1.995540e+01,3.729791e-11,1.169040e-09,1.169040e-11
1.995791e+01,3.733791e-11,1.168247e-09,1.168247e-11
1.996042e+01,3.734265e-11,1.167664e-09,1.167664e-11
1.996294e+01,3.730320e-11,1.166592e-09,1.166592e-11
1.996545e+01,3.721277e-11,1.164242e-09,1.164242e-11
1.996796e+01,3.706680e-11,1.159899e-09,1.159899e-11
1.997048e+01,3.686306e-11,1.153076e-09,1.153076e-11
1.997299e+01,3.660158e-11,1.143659e-09,1.143659e-11
1.997550e+01,3.628669e-11,1.132071e-09,1.132071e-11
1.997802e+01,3.592692e-11,1.119367e-09,1.119367e-11
1.998053e+01,3.553370e-11,1.107190e-09,1.107190e-11
1.998304e+01,3.512127e-11,1.097615e-09,1.097615e-11
1.998556e+01,3.470604e-11,1.092912e-09,1.092912e-11
1.998807e+01,3.430656e-11,1.095198e-09,1.095198e-11
1.999058e+01,3.394144e-11,1.105999e-09,1.105999e-11
1.999310e+01,3.362769e-11,1.125921e-09,1.125921e-11
1.999561e+01,3.338053e-11,1.154533e-09,1.154533e-11
1.999812e+01,3.321108e-11,1.190462e-09,1.190462e-11
2.000064e+01,3.312516e-11,1.231668e-09,1.231668e-11
2.000315e+01,3.312315e-11,1.275790e-09,1.275790e-11
2.000566e+01,3.319925e-11,1.320440e-09,1.320440e-11
2.000818e+01,3.334107e-11,1.363417e-09,1.363417e-11
2.001069e+01,3.352991e-11,1.402816e-09,1.402816e-11
2.001320e+01,3.374271e-11,1.437034e-09,1.437034e-11
2.001572e+01,3.395246e-11,1.464732e-09,1.464732e-11
2.001823e+01,3.413012e-11,1.484791e-09,1.484791e-11
2.002074e+01,3.424696e-11,1.496275e-09,1.496275e-11
2.002325e+01,3.427594e-11,1.498416e-09,1.498416e-11
2.002577e+01,3.419440e-11,1.490633e-09,1.490633e-11
2.002828e+01,3.398572e-11,1.472582e-09,1.472582e-11
2.003079e+01,3.363964e-11,1.444225e-09,1.444225e-11
2.003331e+01,3.315424e-11,1.405886e-09,1.405886e-11
2.003582e+01,3.253599e-11,1.358290e-09,1.358290e-11
2.003833e+01,3.179844e-11,1.302584e-09,1.302584e-11
2.004085e+01,3.096245e-11,1.240315e-09,1.240315e-11
2.004336e+01,3.005380e-11,1.173373e-09,1.173373e-11
2.004587e+01,2.910181e-11,1.103912e-09,1.103912e-11
2.004839e+01,2.813783e-11,1.034234e-09,1.034234e-11
2.005090e+01,2.719179e-11,9.666361e-10,9.666361e-12
2.005341e+01,2.629119e-11,9.032913e-10,9.032913e-12
2.005593e+01,2.546008e-11,8.461129e-10,8.461129e-12
2.005844e+01,2.471671e-11,7.965901e-10,7.965901e-12
2.006095e+01,2.407252e-11,7.556425e-10,7.556425e-12
2.006347e+01,2.353337e-11,7.235367e-10,7.235367e-12
2.006598e+01,2.309975e-11,6.998650e-10,6.998650e-12
2.006849e+01,2.276654e-11,6.836232e-10,6.836232e-12
2.007101e+01,2.252444e-11,6.733990e-10,6.733990e-12
2.007352e+01,2.236207e-11,6.676159e-10,6.676159e-12
2.007603e+01,2.226748e-11,6.647721e-10,6.647721e-12
2.007855e+01,2.222864e-11,6.636391e-10,6.636391e-12
2.008106e+01,2.223521e-11,6.633779e-10,6.633779e-12
2.008357e+01,2.227966e-11,6.635581e-10,6.635581e-12
2.008609e+01,2.235728e-11,6.641059e-10,6.641059e-12
2.008860e+01,2.246652e-11,6.652103e-10,6.652103e-12
2.009111e+01,2.260803e-11,6.671974e-10,6.671974e-12
2.009363e+01,2.278454e-11,6.704104e-10,6.704104e-12
2.009614e+01,2.300066e-11,6.751244e-10,6.751244e-12
2.009865e+01,2.326139e-11,6.814935e-10,6.814935e-12
2.010117e+01,2.357048e-11,6.895526e-10,6.895526e-12
2.010368e+01,2.392983e-11,6.992802e-10,6.992802e-12
2.010619e+01,2.433966e-11,7.106663e-10,7.106663e-12
2.010871e+01,2.479731e-11,7.237515e-10,7.237515e-12
2.011122e+01,2.529741e-11,7.386299e-10,7.386299e-12
2.011373e+01,2.583179e-11,7.554100e-10,7.554100e-12
2.011625e+01,2.639005e-11,7.741757e-10,7.741757e-12
2.011876e+01,2.696142e-11,7.949388e-10,7.949388e-12
2.012127e+01,2.753418e-11,8.175890e-10,8.175890e-12
2.012379e+01,2.809630e-11,8.418892e-10,8.418892e-12
2.012630e+01,2.863695e-11,8.675123e-10,8.675123e-12
2.012881e+01,2.914761e-11,8.941095e-10,8.941095e-12
2.013133e+01,2.962272e-11,9.213662e-10,9.213662e-12
2.013384e+01,3.005864e-11,9.490219e-10,9.490219e-12
2.013635e+01,3.045374e-11,9.768940e-10,9.768940e-12
2.013887e+01,3.080990e-11,1.004872e-09,1.004872e-11
2.014138e+01,3.113104e-11,1.032867e-09,1.032867e-11
2.014389e+01,3.142233e-11,1.060773e-09,1.060773e-11
2.014641e+01,3.169007e-11,1.088433e-09,1.088433e-11
2.014892e+01,3.194026e-11,1.115593e-09,1.115593e-11
2.015143e+01,3.217918e-11,1.141898e-09,1.141898e-11
2.015395e+01,3.241215e-11,1.166918e-09,1.166918e-11
2.015646e+01,3.264259e-11,1.190178e-09,1.190178e-11
2.015897e+01,3.287283e-11,1.211175e-09,1.211175e-11
2.016149e+01,3.310336e-11,1.229434e-09,1.229434e-11
2.016400e+01,3.333304e-11,1.244543e-09,1.244543e-11
2.016651e+01,3.355945e-11,1.256179e-09,1.256179e-11
2.016902e+01,3.377923e-11,1.264122e-09,1.264122e-11
2.017154e+01,3.398811e-11,1.268267e-09,1.268267e-11
2.017405e+01,3.418179e-11,1.268623e-09,1.268623e-11
2.017656e+01,3.435635e-11,1.265316e-09,1.265316e-11
2.017908e+01,3.450852e-11,1.258593e-09,1.258593e-11
2.018159e+01,3.463638e-11,1.248804e-09,1.248804e-11
2.018410e+01,3.473892e-11,1.236390e-09,1.236390e-11
2.018662e+01,3.481695e-11,1.221893e-09,1.221893e-11
2.018913e+01,3.487324e-11,1.205943e-09,1.205943e-11
2.019164e+01,3.491137e-11,1.189218e-09,1.189218e-11
2.019416e+01,3.493650e-11,1.172444e-09,1.172444e-11
2.019667e+01,3.495514e-11,1.156346e-09,1.156346e-11
2.019918e+01,3.497399e-11,1.141599e-09,1.141599e-11
2.020170e+01,3.499966e-11,1.128803e-09,1.128803e-11
2.020421e+01,3.503879e-11,1.118451e-09,1.118451e-11
2.020672e+01,3.509691e-11,1.110861e-09,1.110861e-11
2.020924e+01,3.517784e-11,1.106166e-09,1.106166e-11
2.021175e+01,3.528382e-11,1.104316e-09,1.104316e-11
2.021426e+01,3.541403e-11,1.105062e-09,1.105062e-11
2.021678e+01,3.556514e-11,1.107988e-09,1.107988e-11
2.021929e+01,3.573204e-11,1.112543e-09,1.112543e-11
2.022180e+01,3.590671e-11,1.118065e-09,1.118065e-11
2.022432e+01,3.607839e-11,1.123812e-09,1.123812e-11
2.022683e+01,3.623493e-11,1.129039e-09,1.129039e-11
2.022934e+01,3.636392e-11,1.133036e-09,1.133036e-11
2.023186e+01,3.645238e-11,1.135157e-09,1.135157e-11
2.023437e+01,3.648741e-11,1.134864e-09,1.134864e-11
2.023688e+01,3.645756e-11,1.131789e-09,1.131789e-11
2.023940e+01,3.635433e-11,1.125793e-09,1.125793e-11
2.024191e+01,3.617264e-11,1.116976e-09,1.116976e-11
2.024442e+01,3.591025e-11,1.105667e-09,1.105667e-11
2.024694e+01,3.556893e-11,1.092406e-09,1.092406e-11
2.024945e+01,3.515417e-11,1.077903e-09,1.077903e-11
2.025196e+01,3.467489e-11,1.062951e-09,1.062951e-11
2.025448e+01,3.414352e-11,1.048332e-09,1.048332e-11
2.025699e+01,3.357488e-11,1.034722e-09,1.034722e-11
2.025950e+01,3.298478e-11,1.022615e-09,1.022615e-11
2.026202e+01,3.239015e-11,1.012277e-09,1.012277e-11
2.026453e+01,3.180757e-11,1.003741e-09,1.003741e-11
2.026704e+01,3.125147e-11,9.968456e-10,9.968456e-12
2.026956e+01,3.073516e-11,9.913105e-10,9.913105e-12
2.027207e+01,3.026918e-11,9.868207e-10,9.868207e-12
2.027458e+01,2.986108e-11,9.830949e-10,9.830949e-12
2.027710e+01,2.951592e-11,9.799240e-10,9.799240e-12
2.027961e+01,2.923523e-11,9.771905e-10,9.771905e-12
2.028212e+01,2.901856e-11,9.748743e-10,9.748743e-12
2.028464e+01,2.886416e-11,9.730252e-10,9.730252e-12
2.028715e+01,2.876835e-11,9.717314e-10,9.717314e-12
2.028966e+01,2.872661e-11,9.711137e-10,9.711137e-12
2.029218e+01,2.873503e-11,9.713159e-10,9.713159e-12
2.029469e+01,2.878985e-11,9.724808e-10,9.724808e-12
2.029720e+01,2.888742e-11,9.747412e-10,9.747412e-12
2.029972e+01,2.902483e-11,9.782174e-10,9.782174e-12
2.030223e+01,2.919914e-11,9.830066e-10,9.830066e-12
2.030474e+01,2.940800e-11,9.891666e-10,9.891666e-12
2.030725e+01,2.964917e-11,9.966849e-10,9.966849e-12
2.030977e+01,2.991876e-11,1.005452e-09,1.005452e-11
2.031228e+01,3.021173e-11,1.015265e-09,1.015265e-11
2.031479e+01,3.052231e-11,1.025826e-09,1.025826e-11
2.031731e+01,3.084267e-11,1.036743e-09,1.036743e-11
2.031982e+01,3.116302e-11,1.047545e-09,1.047545e-11
2.032233e+01,3.147249e-11,1.057712e-09,1.057712e-11
2.032485e+01,3.175893e-11,1.066691e-09,1.066691e-11
2.032736e+01,3.200933e-11,1.073927e-09,1.073927e-11
2.032987e+01,3.221124e-11,1.078894e-09,1.078894e-11
2.033239e+01,3.235343e-11,1.081120e-09,1.081120e-11
2.033490e+01,3.242581e-11,1.080219e-09,1.080219e-11
2.033741e+01,3.242123e-11,1.075903e-09,1.075903e-11
2.033993e+01,3.233528e-11,1.068014e-09,1.068014e-11
2.034244e+01,3.216694e-11,1.056549e-09,1.056549e-11
2.034495e+01,3.191951e-11,1.041663e-09,1.041663e-11
2.034747e+01,3.159876e-11,1.023652e-09,1.023652e-11
2.034998e+01,3.121388e-11,1.002946e-09,1.002946e-11
2.035249e+01,3.077710e-11,9.800905e-10,9.800905e-12
2.035501e+01,3.030191e-11,9.557112e-10,9.557112e-12
2.035752e+01,2.980363e-11,9.304913e-10,9.304913e-12
2.036003e+01,2.929816e-11,9.051306e-10,9.051306e-12
2.036255e+01,2.880028e-11,8.802988e-10,8.802988e-12
2.036506e+01,2.832358e-11,8.566061e-10,8.566061e-12
2.036757e+01,2.788053e-11,8.345851e-10,8.345851e-12
2.037009e+01,2.748159e-11,8.146607e-10,8.146607e-12
2.037260e+01,2.713419e-11,7.971252e-10,7.971252e-12
2.037511e+01,2.684367e-11,7.821378e-10,7.821378e-12
2.037763e+01,2.661309e-11,7.697464e-10,7.697464e-12
2.038014e+01,2.644263e-11,7.598974e-10,7.598974e-12
2.038265e+01,2.633065e-11,7.524450e-10,7.524450e-12
2.038517e+01,2.627343e-11,7.471941e-10,7.471941e-12
2.038768e+01,2.626582e-11,7.439438e-10,7.439438e-12
2.039019e+01,2.630258e-11,7.424987e-10,7.424987e-12
2.039271e+01,2.637657e-11,7.426665e-10,7.426665e-12
2.039522e+01,2.647979e-11,7.442554e-10,7.442554e-12
2.039773e+01,2.660454e-11,7.470799e-10,7.470799e-12
2.040025e+01,2.674295e-11,7.509597e-10,7.509597e-12
2.040276e+01,2.688731e-11,7.556959e-10,7.556959e-12
2.040527e+01,2.703002e-11,7.610668e-10,7.610668e-12
2.040779e+01,2.716451e-11,7.668515e-10,7.668515e-12
2.041030e+01,2.728461e-11,7.728343e-10,7.728343e-12
2.041281e+01,2.738473e-11,7.788183e-10,7.788183e-12
2.041533e+01,2.746027e-11,7.846600e-10,7.846600e-12
2.041784e+01,2.750809e-11,7.902937e-10,7.902937e-12
2.042035e+01,2.752700e-11,7.957448e-10,7.957448e-12
2.042287e+01,2.751644e-11,8.011321e-10,8.011321e-12
2.042538e+01,2.747713e-11,8.066561e-10,8.066561e-12
2.042789e+01,2.741139e-11,8.125764e-10,8.125764e-12
2.043041e+01,2.732309e-11,8.191936e-10,8.191936e-12
2.043292e+01,2.721792e-11,8.268205e-10,8.268205e-12
2.043543e+01,2.710285e-11,8.357232e-10,8.357232e-12
2.043795e+01,2.698581e-11,8.460915e-10,8.460915e-12
2.044046e+01,2.687649e-11,8.580418e-10,8.580418e-12
2.044297e+01,2.678595e-11,8.716005e-10,8.716005e-12
2.044548e+01,2.672601e-11,8.867085e-10,8.867085e-12
2.044800e+01,2.670978e-11,9.032567e-10,9.032567e-12
2.045051e+01,2.675109e-11,9.211054e-10,9.211054e-12
2.045302e+01,2.686394e-11,9.401070e-10,9.401070e-12
2.045554e+01,2.706269e-11,9.601311e-10,9.601311e-12
2.045805e+01,2.736056e-11,9.810729e-10,9.810729e-12
2.046056e+01,2.776956e-11,1.002871e-09,1.002871e-11
2.046308e+01,2.830009e-11,1.025525e-09,1.025525e-11
2.046559e+01,2.895889e-11,1.049107e-09,1.049107e-11
2.046810e+01,2.974928e-11,1.073765e-09,1.073765e-11
2.047062e+01,3.067019e-11,1.099717e-09,1.099717e-11
2.047313e+01,3.171439e-11,1.127229e-09,1.127229e-11
2.047564e+01,3.286917e-11,1.156577e-09,1.156577e-11
2.047816e+01,3.411615e-11,1.187985e-09,1.187985e-11
2.048067e+01,3.543085e-11,1.221526e-09,1.221526e-11
2.048318e+01,3.678353e-11,1.257021e-09,1.257021e-11
2.048570e+01,3.813963e-11,1.293984e-09,1.293984e-11
2.048821e+01,3.946149e-11,1.331584e-09,1.331584e-11
2.049072e+01,4.071011e-11,1.368665e-09,1.368665e-11
2.049324e+01,4.184684e-11,1.403841e-09,1.403841e-11
2.049575e+01,4.283581e-11,1.435612e-09,1.435612e-11
2.049826e+01,4.364499e-11,1.462509e-09,1.462509e-11
2.050078e+01,4.424861e-11,1.483259e-09,1.483259e-11
2.050329e+01,4.462917e-11,1.496922e-09,1.496922e-11
2.050580e+01,4.477775e-11,1.502963e-09,1.502963e-11
2.050832e+01,4.469473e-11,1.501305e-09,1.501305e-11
2.051083e+01,4.439022e-11,1.492300e-09,1.492300e-11
2.051334e+01,4.388319e-11,1.476662e-09,1.476662e-11
2.051586e+01,4.320040e-11,1.455333e-09,1.455333e-11
2.051837e+01,4.237480e-11,1.429349e-09,1.429349e-11
2.052088e+01,4.144310e-11,1.399714e-09,1.399714e-11
2.052340e+01,4.044426e-11,1.367292e-09,1.367292e-11
2.052591e+01,3.941661e-11,1.332758e-09,1.332758e-11
2.052842e+01,3.839518e-11,1.296632e-09,1.296632e-11
2.053094e+01,3.741095e-11,1.259360e-09,1.259360e-11
2.053345e+01,3.648874e-11,1.221415e-09,1.221415e-11
2.053596e+01,3.564575e-11,1.183401e-09,1.183401e-11
2.053848e+01,3.489179e-11,1.146115e-09,1.146115e-11
2.054099e+01,3.422842e-11,1.110527e-09,1.110527e-11
2.054350e+01,3.365045e-11,1.077680e-09,1.077680e-11
2.054602e+01,3.314684e-11,1.048512e-09,1.048512e-11
2.054853e+01,3.270157e-11,1.023654e-09,1.023654e-11
2.055104e+01,3.229609e-11,1.003247e-09,1.003247e-11
2.055356e+01,3.190997e-11,9.868457e-10,9.868457e-12
2.055607e+01,3.152364e-11,9.734734e-10,9.734734e-12
2.055858e+01,3.112028e-11,9.617953e-10,9.617953e-12
2.056110e+01,3.068595e-11,9.503368e-10,9.503368e-12
2.056361e+01,3.021090e-11,9.377285e-10,9.377285e-12
2.056612e+01,2.969021e-11,9.229155e-10,9.229155e-12
2.056864e+01,2.912375e-11,9.052769e-10,9.052769e-12
2.057115e+01,2.851635e-11,8.846822e-10,8.846822e-12
2.057366e+01,2.787764e-11,8.614669e-10,8.614669e-12
2.057618e+01,2.722027e-11,8.363242e-10,8.363242e-12
2.057869e+01,2.655901e-11,8.101835e-10,8.101835e-12
2.058120e+01,2.591041e-11,7.840824e-10,7.840824e-12
2.058372e+01,2.529129e-11,7.590220e-10,7.590220e-12
2.058623e+01,2.471778e-11,7.358501e-10,7.358501e-12
2.058874e+01,2.420456e-11,7.151907e-10,7.151907e-12
2.059125e+01,2.376418e-11,6.974164e-10,6.974164e-12
2.059377e+01,2.340620e-11,6.826694e-10,6.826694e-12
2.059628e+01,2.313693e-11,6.709323e-10,6.709323e-12
2.059879e+01,2.295980e-11,6.621324e-10,6.621324e-12
2.060131e+01,2.287531e-11,6.562260e-10,6.562260e-12
2.060382e+01,2.288121e-11,6.532406e-10,6.532406e-12
2.060633e+01,2.297317e-11,6.532908e-10,6.532908e-12
2.060885e+01,2.314424e-11,6.565678e-10,6.565678e-12
2.061136e+01,2.338613e-11,6.632969e-10,6.632969e-12
2.061387e+01,2.369046e-11,6.736734e-10,6.736734e-12
2.061639e+01,2.404797e-11,6.877953e-10,6.877953e-12
2.061890e+01,2.444965e-11,7.056215e-10,7.056215e-12
2.062141e+01,2.488659e-11,7.269419e-10,7.269419e-12
2.062393e+01,2.535051e-11,7.513819e-10,7.513819e-12
2.062644e+01,2.583471e-11,7.784359e-10,7.784359e-12
2.062895e+01,2.633276e-11,8.074934e-10,8.074934e-12
2.063147e+01,2.683988e-11,8.378822e-10,8.378822e-12
2.063398e+01,2.735209e-11,8.689173e-10,8.689173e-12
2.063649e+01,2.786589e-11,8.999341e-10,8.999341e-12
2.063901e+01,2.837953e-11,9.303186e-10,9.303186e-12
2.064152e+01,2.889083e-11,9.595305e-10,9.595305e-12
2.064403e+01,2.939848e-11,9.871270e-10,9.871270e-12
2.064655e+01,2.990184e-11,1.012772e-09,1.012772e-11
2.064906e+01,3.039999e-11,1.036237e-09,1.036237e-11
2.065157e+01,3.089256e-11,1.057412e-09,1.057412e-11
2.065409e+01,3.137848e-11,1.076291e-09,1.076291e-11
2.065660e+01,3.185664e-11,1.092960e-09,1.092960e-11
2.065911e+01,3.232565e-11,1.107582e-09,1.107582e-11
2.066163e+01,3.278360e-11,1.120369e-09,1.120369e-11
2.066414e+01,3.322819e-11,1.131565e-09,1.131565e-11
2.066665e+01,3.365609e-11,1.141413e-09,1.141413e-11
2.066917e+01,3.406307e-11,1.150115e-09,1.150115e-11
2.067168e+01,3.444432e-11,1.157810e-09,1.157810e-11
2.067419e+01,3.479461e-11,1.164560e-09,1.164560e-11
2.067671e+01,3.510747e-11,1.170337e-09,1.170337e-11
2.067922e+01,3.537577e-11,1.175023e-09,1.175023e-11
2.068173e+01,3.559241e-11,1.178434e-09,1.178434e-11
2.068425e+01,3.575081e-11,1.180360e-09,1.180360e-11
2.068676e+01,3.584464e-11,1.180616e-09,1.180616e-11
2.068927e+01,3.586891e-11,1.179082e-09,1.179082e-11
2.069179e+01,3.582086e-11,1.175765e-09,1.175765e-11
2.069430e+01,3.570015e-11,1.170842e-09,1.170842e-11
2.069681e+01,3.551007e-11,1.164666e-09,1.164666e-11
2.069933e+01,3.525721e-11,1.157758e-09,1.157758e-11
2.070184e+01,3.495261e-11,1.150751e-09,1.150751e-11
2.070435e+01,3.461110e-11,1.144294e-09,1.144294e-11
2.070687e+01,3.425100e-11,1.138957e-09,1.138957e-11
2.070938e+01,3.389404e-11,1.135122e-09,1.135122e-11
2.071189e+01,3.356349e-11,1.132895e-09,1.132895e-11
2.071441e+01,3.328362e-11,1.132125e-09,1.132125e-11
2.071692e+01,3.307838e-11,1.132475e-09,1.132475e-11
2.071943e+01,3.296987e-11,1.133534e-09,1.133534e-11
2.072195e+01,3.297585e-11,1.134975e-09,1.134975e-11
2.072446e+01,3.310870e-11,1.136708e-09,1.136708e-11
2.072697e+01,3.337473e-11,1.139005e-09,1.139005e-11
2.072948e+01,3.377298e-11,1.142503e-09,1.142503e-11
2.073200e+01,3.429490e-11,1.148085e-09,1.148085e-11
2.073451e+01,3.492387e-11,1.156662e-09,1.156662e-11
2.073702e+01,3.563652e-11,1.168890e-09,1.168890e-11
2.073954e+01,3.640400e-11,1.184893e-09,1.184893e-11
2.074205e+01,3.719325e-11,1.204093e-09,1.204093e-11
2.074456e+01,3.796929e-11,1.225192e-09,1.225192e-11
2.074708e+01,3.869749e-11,1.246330e-09,1.246330e-11
2.074959e+01,3.934554e-11,1.265361e-09,1.265361e-11
2.075210e+01,3.988493e-11,1.280182e-09,1.280182e-11
2.075462e+01,4.029352e-11,1.289059e-09,1.289059e-11
2.075713e+01,4.055763e-11,1.290910e-09,1.290910e-11
2.075964e+01,4.067190e-11,1.285436e-09,1.285436e-11
2.076216e+01,4.063865e-11,1.273138e-09,1.273138e-11
2.076467e+01,4.046890e-11,1.255282e-09,1.255282e-11
2.076718e+01,4.018112e-11,1.233738e-09,1.233738e-11
2.076970e+01,3.979901e-11,1.210715e-09,1.210715e-11
2.077221e+01,3.935049e-11,1.188477e-09,1.188477e-11
2.077472e+01,3.886551e-11,1.169039e-09,1.169039e-11
2.077724e+01,3.837360e-11,1.153919e-09,1.153919e-11
2.077975e+01,3.790201e-11,1.143990e-09,1.143990e-11
2.078226e+01,3.747410e-11,1.139497e-09,1.139497e-11
2.078478e+01,3.710847e-11,1.140200e-09,1.140200e-11
2.078729e+01,3.681803e-11,1.145587e-09,1.145587e-11
2.078980e+01,3.660936e-11,1.155056e-09,1.155056e-11
2.079232e+01,3.648343e-11,1.168074e-09,1.168074e-11
2.079483e+01,3.643606e-11,1.184252e-09,1.184252e-11
2.079734e+01,3.645864e-11,1.203329e-09,1.203329e-11
2.079986e+01,3.654019e-11,1.225144e-09,1.225144e-11
2.080237e+01,3.666836e-11,1.249558e-09,1.249558e-11
2.080488e+01,3.683006e-11,1.276388e-09,1.276388e-11
2.080740e+01,3.701304e-11,1.305393e-09,1.305393e-11
2.080991e+01,3.720715e-11,1.336294e-09,1.336294e-11
2.081242e+01,3.740477e-11,1.368776e-09,1.368776e-11
2.081494e+01,3.760036e-11,1.402499e-09,1.402499e-11
2.081745e+01,3.779071e-11,1.437121e-09,1.437121e-11
2.081996e+01,3.797525e-11,1.472329e-09,1.472329e-11
2.082248e+01,3.815509e-11,1.507837e-09,1.507837e-11
2.082499e+01,3.833236e-11,1.543372e-09,1.543372e-11
2.082750e+01,3.850915e-11,1.578652e-09,1.578652e-11
2.083002e+01,3.868689e-11,1.613408e-09,1.613408e-11
2.083253e+01,3.886700e-11,1.647378e-09,1.647378e-11
2.083504e+01,3.904955e-11,1.680288e-09,1.680288e-11
2.083756e+01,3.923247e-11,1.711871e-09,1.711871e-11
2.084007e+01,3.941328e-11,1.741873e-09,1.741873e-11
2.084258e+01,3.958846e-11,1.770046e-09,1.770046e-11
2.084510e+01,3.975314e-11,1.796150e-09,1.796150e-11
2.084761e+01,3.990299e-11,1.819973e-09,1.819973e-11
2.085012e+01,4.003387e-11,1.841321e-09,1.841321e-11
2.085264e+01,4.014226e-11,1.860017e-09,1.860017e-11
2.085515e+01,4.022575e-11,1.875913e-09,1.875913e-11
2.085766e+01,4.028333e-11,1.888889e-09,1.888889e-11
2.086018e+01,4.031578e-11,1.898845e-09,1.898845e-11
2.086269e+01,4.032470e-11,1.905713e-09,1.905713e-11
2.086520e+01,4.031355e-11,1.909455e-09,1.909455e-11
2.086772e+01,4.028667e-11,1.910059e-09,1.910059e-11
2.087023e+01,4.024805e-11,1.907539e-09,1.907539e-11
2.087274e+01,4.020260e-11,1.901941e-09,1.901941e-11
2.087525e+01,4.015511e-11,1.893354e-09,1.893354e-11
2.087777e+01,4.010947e-11,1.881903e-09,1.881903e-11
2.088028e+01,4.006907e-11,1.867750e-09,1.867750e-11
2.088279e+01,4.003616e-11,1.851099e-09,1.851099e-11
2.088531e+01,4.001124e-11,1.832194e-09,1.832194e-11
2.088782e+01,3.999431e-11,1.811321e-09,1.811321e-11
2.089033e+01,3.998469e-11,1.788794e-09,1.788794e-11
2.089285e+01,3.998014e-11,1.764943e-09,1.764943e-11
2.089536e+01,3.997769e-11,1.740101e-09,1.740101e-11
2.089787e+01,3.997418e-11,1.714588e-09,1.714588e-11
2.090039e+01,3.996621e-11,1.688694e-09,1.688694e-11
2.090290e+01,3.995001e-11,1.662663e-09,1.662663e-11
2.090541e+01,3.992193e-11,1.636682e-09,1.636682e-11
2.090793e+01,3.987843e-11,1.610870e-09,1.610870e-11
2.091044e+01,3.981622e-11,1.585278e-09,1.585278e-11
2.091295e+01,3.973270e-11,1.559906e-09,1.559906e-11
2.091547e+01,3.962583e-11,1.534712e-09,1.534712e-11
2.091798e+01,3.949364e-11,1.509624e-09,1.509624e-11
2.092049e+01,3.933502e-11,1.484573e-09,1.484573e-11
2.092301e+01,3.915018e-11,1.459517e-09,1.459517e-11
2.092552e+01,3.893947e-11,1.434462e-09,1.434462e-11
2.092803e+01,3.870397e-11,1.409474e-09,1.409474e-11
2.093055e+01,3.844597e-11,1.384693e-09,1.384693e-11
2.093306e+01,3.816842e-11,1.360332e-09,1.360332e-11
2.093557e+01,3.787438e-11,1.336670e-09,1.336670e-11
2.093809e+01,3.756826e-11,1.314039e-09,1.314039e-11
2.094060e+01,3.725445e-11,1.292802e-09,1.292802e-11
2.094311e+01,3.693728e-11,1.273324e-09,1.273324e-11
2.094563e+01,3.662206e-11,1.255946e-09,1.255946e-11
2.094814e+01,3.631305e-11,1.240941e-09,1.240941e-11
2.095065e+01,3.601461e-11,1.228510e-09,1.228510e-11
2.095317e+01,3.573178e-11,1.218787e-09,1.218787e-11
2.095568e+01,3.546860e-11,1.211806e-09,1.211806e-11
2.095819e+01,3.522831e-11,1.207506e-09,1.207506e-11
2.096071e+01,3.501483e-11,1.205771e-09,1.205771e-11
2.096322e+01,3.483141e-11,1.206429e-09,1.206429e-11
2.096573e+01,3.468053e-11,1.209256e-09,1.209256e-11
2.096825e+01,3.456595e-11,1.214014e-09,1.214014e-11
2.097076e+01,3.449063e-11,1.220462e-09,1.220462e-11
2.097327e+01,3.445692e-11,1.228346e-09,1.228346e-11
2.097579e+01,3.446778e-11,1.237394e-09,1.237394e-11
2.097830e+01,3.452526e-11,1.247335e-09,1.247335e-11
2.098081e+01,3.463104e-11,1.257910e-09,1.257910e-11
2.098333e+01,3.478651e-11,1.268886e-09,1.268886e-11
2.098584e+01,3.499199e-11,1.280046e-09,1.280046e-11
2.098835e+01,3.524689e-11,1.291216e-09,1.291216e-11
2.099087e+01,3.554958e-11,1.302285e-09,1.302285e-11
2.099338e+01,3.589797e-11,1.313192e-09,1.313192e-11
2.099589e+01,3.628901e-11,1.323925e-09,1.323925e-11
2.099841e+01,3.671890e-11,1.334523e-09,1.334523e-11
2.100092e+01,3.718419e-11,1.345060e-09,1.345060e-11
2.100343e+01,3.768109e-11,1.355624e-09,1.355624e-11
2.100595e+01,3.820697e-11,1.366330e-09,1.366330e-11
2.100846e+01,3.876074e-11,1.377325e-09,1.377325e-11
2.101097e+01,3.934146e-11,1.388777e-09,1.388777e-11
2.101348e+01,3.995027e-11,1.400885e-09,1.400885e-11
2.101600e+01,4.058993e-11,1.413912e-09,1.413912e-11
2.101851e+01,4.126414e-11,1.428194e-09,1.428194e-11
2.102102e+01,4.197856e-11,1.444146e-09,1.444146e-11
2.102354e+01,4.273921e-11,1.462250e-09,1.462250e-11
2.102605e+01,4.355138e-11,1.483025e-09,1.483025e-11
2.102856e+01,4.441977e-11,1.506999e-09,1.506999e-11
2.103108e+01,4.534776e-11,1.534669e-09,1.534669e-11
2.103359e+01,4.633625e-11,1.566457e-09,1.566457e-11
2.103610e+01,4.738292e-11,1.602652e-09,1.602652e-11
2.103862e+01,4.848271e-11,1.643361e-09,1.643361e-11
2.104113e+01,4.962699e-11,1.688485e-09,1.688485e-11
2.104364e+01,5.080370e-11,1.737711e-09,1.737711e-11
2.104616e+01,5.199808e-11,1.790499e-09,1.790499e-11
2.104867e+01,5.319258e-11,1.846103e-09,1.846103e-11
2.105118e+01,5.436812e-11,1.903604e-09,1.903604e-11
2.105370e+01,5.550527e-11,1.961957e-09,1.961957e-11
2.105621e+01,5.658460e-11,2.020033e-09,2.020033e-11
2.105872e+01,5.758767e-11,2.076677e-09,2.076677e-11
2.106124e+01,5.849798e-11,2.130748e-09,2.130748e-11
2.106375e+01,5.930166e-11,2.181169e-09,2.181169e-11
2.106626e+01,5.998846e-11,2.226966e-09,2.226966e-11
2.106878e+01,6.055131e-11,2.267291e-09,2.267291e-11
2.107129e+01,6.098622e-11,2.301438e-09,2.301438e-11
2.107380e+01,6.129299e-11,2.328873e-09,2.328873e-11
2.107632e+01,6.147425e-11,2.349245e-09,2.349245e-11
2.107883e+01,6.153501e-11,2.362390e-09,2.362390e-11
2.108134e+01,6.148258e-11,2.368340e-09,2.368340e-11
2.108386e+01,6.132524e-11,2.367318e-09,2.367318e-11
2.108637e+01,6.107227e-11,2.359735e-09,2.359735e-11
2.108888e+01,6.073391e-11,2.346187e-09,2.346187e-11
2.109140e+01,6.032003e-11,2.327430e-09,2.327430e-11
2.109391e+01,5.984056e-11,2.304344e-09,2.304344e-11
2.109642e+01,5.930530e-11,2.277901e-09,2.277901e-11
2.109894e+01,5.872298e-11,2.249123e-09,2.249123e-11
2.110145e+01,5.810174e-11,2.219019e-09,2.219019e-11
2.110396e+01,5.744931e-11,2.188530e-09,2.188530e-11
2.110648e+01,5.677249e-11,2.158488e-09,2.158488e-11
2.110899e+01,5.607749e-11,2.129569e-09,2.129569e-11
2.111150e+01,5.536992e-11,2.102248e-09,2.102248e-11
2.111402e+01,5.465418e-11,2.076784e-09,2.076784e-11
2.111653e+01,5.393395e-11,2.053231e-09,2.053231e-11
2.111904e+01,5.321221e-11,2.031448e-09,2.031448e-11
2.112156e+01,5.249055e-11,2.011117e-09,2.011117e-11
2.112407e+01,5.176959e-11,1.991805e-09,1.991805e-11
2.112658e+01,5.104942e-11,1.973019e-09,1.973019e-11
2.112910e+01,5.032995e-11,1.954246e-09,1.954246e-11
2.113161e+01,4.961035e-11,1.934996e-09,1.934996e-11
2.113412e+01,4.888908e-11,1.914831e-09,1.914831e-11
2.113664e+01,4.816480e-11,1.893400e-09,1.893400e-11
2.113915e+01,4.743685e-11,1.870468e-09,1.870468e-11
2.114166e+01,4.670516e-11,1.845909e-09,1.845909e-11
2.114418e+01,4.596968e-11,1.819679e-09,1.819679e-11
2.114669e+01,4.523052e-11,1.791802e-09,1.791802e-11
2.114920e+01,4.448897e-11,1.762368e-09,1.762368e-11
2.115172e+01,4.374658e-11,1.731497e-09,1.731497e-11
2.115423e+01,4.300490e-11,1.699327e-09,1.699327e-11
2.115674e+01,4.226582e-11,1.666005e-09,1.666005e-11
2.115925e+01,4.153073e-11,1.631673e-09,1.631673e-11
2.116177e+01,4.080153e-11,1.596463e-09,1.596463e-11
2.116428e+01,4.007996e-11,1.560516e-09,1.560516e-11
2.116679e+01,3.936703e-11,1.523994e-09,1.523994e-11
2.116931e+01,3.866457e-11,1.487075e-09,1.487075e-11
2.117182e+01,3.797471e-11,1.449954e-09,1.449954e-11
2.117433e+01,3.730008e-11,1.412873e-09,1.412873e-11
2.117685e+01,3.664455e-11,1.376118e-09,1.376118e-11
2.117936e+01,3.601342e-11,1.340018e-09,1.340018e-11
2.118187e+01,3.541348e-11,1.304959e-09,1.304959e-11
2.118439e+01,3.485274e-11,1.271395e-09,1.271395e-11
2.118690e+01,3.434107e-11,1.239835e-09,1.239835e-11
2.118941e+01,3.388918e-11,1.210840e-09,1.210840e-11
2.119193e+01,3.350769e-11,1.185033e-09,1.185033e-11
2.119444e+01,3.320702e-11,1.163096e-09,1.163096e-11
2.119695e+01,3.299640e-11,1.145743e-09,1.145743e-11
2.119947e+01,3.288239e-11,1.133668e-09,1.133668e-11
2.120198e+01,3.286808e-11,1.127492e-09,1.127492e-11
2.120449e+01,3.295286e-11,1.127699e-09,1.127699e-11
2.120701e+01,3.313152e-11,1.134523e-09,1.134523e-11
2.120952e+01,3.339350e-11,1.147836e-09,1.147836e-11
2.121203e+01,3.372408e-11,1.167107e-09,1.167107e-11
2.121455e+01,3.410468e-11,1.191381e-09,1.191381e-11
2.121706e+01,3.451235e-11,1.219302e-09,1.219302e-11
2.121957e+01,3.492229e-11,1.249214e-09,1.249214e-11
2.122209e+01,3.530958e-11,1.279315e-09,1.279315e-11
2.122460e+01,3.564946e-11,1.307802e-09,1.307802e-11
2.122711e+01,3.591967e-11,1.333008e-09,1.333008e-11
2.122963e+01,3.610229e-11,1.353543e-09,1.353543e-11
2.123214e+01,3.618461e-11,1.368402e-09,1.368402e-11
2.123465e+01,3.615951e-11,1.376976e-09,1.376976e-11
2.123717e+01,3.602661e-11,1.379054e-09,1.379054e-11
2.123968e+01,3.579293e-11,1.374778e-09,1.374778e-11
2.124219e+01,3.547151e-11,1.364559e-09,1.364559e-11
2.124471e+01,3.508062e-11,1.348975e-09,1.348975e-11
2.124722e+01,3.464283e-11,1.328702e-09,1.328702e-11
2.124973e+01,3.418377e-11,1.304445e-09,1.304445e-11
2.125225e+01,3.373022e-11,1.276913e-09,1.276913e-11
2.125476e+01,3.330796e-11,1.246864e-09,1.246864e-11
2.125727e+01,3.294085e-11,1.215178e-09,1.215178e-11
2.125979e+01,3.264928e-11,1.182941e-09,1.182941e-11
2.126230e+01,3.244873e-11,1.151507e-09,1.151507e-11
2.126481e+01,3.234956e-11,1.122513e-09,1.122513e-11
2.126733e+01,3.235663e-11,1.097785e-09,1.097785e-11
2.126984e+01,3.246875e-11,1.079123e-09,1.079123e-11
2.127235e+01,3.267947e-11,1.068009e-09,1.068009e-11
2.127487e+01,3.297811e-11,1.065315e-09,1.065315e-11
2.127738e+01,3.335070e-11,1.071069e-09,1.071069e-11
2.127989e+01,3.378069e-11,1.084405e-09,1.084405e-11
2.128241e+01,3.425009e-11,1.103733e-09,1.103733e-11
2.128492e+01,3.474172e-11,1.127053e-09,1.127053e-11
2.128743e+01,3.523935e-11,1.152299e-09,1.152299e-11
2.128995e+01,3.572813e-11,1.177630e-09,1.177630e-11
2.129246e+01,3.619623e-11,1.201646e-09,1.201646e-11
2.129497e+01,3.663486e-11,1.223488e-09,1.223488e-11
2.129748e+01,3.703824e-11,1.242827e-09,1.242827e-11
2.130000e+01,3.740332e-11,1.259773e-09,1.259773e-11
2.130251e+01,3.772938e-11,1.274743e-09,1.274743e-11
2.130502e+01,3.801826e-11,1.288297e-09,1.288297e-11
2.130754e+01,3.827305e-11,1.300988e-09,1.300988e-11
2.131005e+01,3.849757e-11,1.313228e-09,1.313228e-11
2.131256e+01,3.869614e-11,1.325197e-09,1.325197e-11
2.131508e+01,3.887161e-11,1.336816e-09,1.336816e-11
2.131759e+01,3.902630e-11,1.347808e-09,1.347808e-11
2.132010e+01,3.916147e-11,1.357769e-09,1.357769e-11
2.132262e+01,3.927667e-11,1.366258e-09,1.366258e-11
2.132513e+01,3.937023e-11,1.372884e-09,1.372884e-11
2.132764e+01,3.943863e-11,1.377383e-09,1.377383e-11
2.133016e+01,3.947754e-11,1.379671e-09,1.379671e-11
2.133267e+01,3.948213e-11,1.379863e-09,1.379863e-11
2.133518e+01,3.944729e-11,1.378243e-09,1.378243e-11
2.133770e+01,3.936863e-11,1.375202e-09,1.375202e-11
2.134021e+01,3.924243e-11,1.371188e-09,1.371188e-11
2.134272e+01,3.906638e-11,1.366647e-09,1.366647e-11
2.134524e+01,3.884020e-11,1.361949e-09,1.361949e-11
2.134775e+01,3.856555e-11,1.357365e-09,1.357365e-11
2.135026e+01,3.824626e-11,1.353057e-09,1.353057e-11
2.135278e+01,3.788856e-11,1.349076e-09,1.349076e-11
2.135529e+01,3.750125e-11,1.345404e-09,1.345404e-11
2.135780e+01,3.709497e-11,1.342011e-09,1.342011e-11
2.136032e+01,3.668219e-11,1.338896e-09,1.338896e-11
2.136283e+01,3.627630e-11,1.336142e-09,1.336142e-11
2.136534e+01,3.589151e-11,1.333962e-09,1.333962e-11
2.136786e+01,3.554287e-11,1.332696e-09,1.332696e-11
2.137037e+01,3.524462e-11,1.332803e-09,1.332803e-11
2.137288e+01,3.501047e-11,1.334842e-09,1.334842e-11
2.137540e+01,3.485298e-11,1.339411e-09,1.339411e-11
2.137791e+01,3.478254e-11,1.347085e-09,1.347085e-11
2.138042e+01,3.480764e-11,1.358358e-09,1.358358e-11
2.138294e+01,3.493471e-11,1.373582e-09,1.373582e-11
2.138545e+01,3.516776e-11,1.392926e-09,1.392926e-11
2.138796e+01,3.550775e-11,1.416380e-09,1.416380e-11
2.139048e+01,3.595330e-11,1.443751e-09,1.443751e-11
2.139299e+01,3.650018e-11,1.474696e-09,1.474696e-11
2.139550e+01,3.714170e-11,1.508782e-09,1.508782e-11
2.139802e+01,3.786935e-11,1.545539e-09,1.545539e-11
2.140053e+01,3.867211e-11,1.584483e-09,1.584483e-11
2.140304e+01,3.953754e-11,1.625158e-09,1.625158e-11
2.140556e+01,4.045214e-11,1.667163e-09,1.667163e-11
2.140807e+01,4.140165e-11,1.710149e-09,1.710149e-11
2.141058e+01,4.237144e-11,1.753802e-09,1.753802e-11
2.141310e+01,4.334684e-11,1.797845e-09,1.797845e-11
2.141561e+01,4.431464e-11,1.842028e-09,1.842028e-11
2.141812e+01,4.526282e-11,1.886119e-09,1.886119e-11
2.142064e+01,4.618103e-11,1.929894e-09,1.929894e-11
2.142315e+01,4.706152e-11,1.973149e-09,1.973149e-11
2.142566e+01,4.789891e-11,2.015697e-09,2.015697e-11
2.142818e+01,4.868999e-11,2.057374e-09,2.057374e-11
2.143069e+01,4.943420e-11,2.098058e-09,2.098058e-11
2.143320e+01,5.013390e-11,2.137673e-09,2.137673e-11
2.143571e+01,5.079353e-11,2.176168e-09,2.176168e-11
2.143823e+01,5.141895e-11,2.213489e-09,2.213489e-11
2.144074e+01,5.201659e-11,2.249568e-09,2.249568e-11
2.144325e+01,5.259299e-11,2.284311e-09,2.284311e-11
2.144577e+01,5.315459e-11,2.317577e-09,2.317577e-11
2.144828e+01,5.370627e-11,2.349165e-09,2.349165e-11
2.145079e+01,5.425119e-11,2.378821e-09,2.378821e-11
2.145331e+01,5.479018e-11,2.406253e-09,2.406253e-11
2.145582e+01,5.532084e-11,2.431141e-09,2.431141e-11
2.145833e+01,5.583843e-11,2.453170e-09,2.453170e-11
2.146085e+01,5.633582e-11,2.472072e-09,2.472072e-11
2.146336e+01,5.680353e-11,2.487639e-09,2.487639e-11
2.146587e+01,5.723044e-11,2.499738e-09,2.499738e-11
2.146839e+01,5.760502e-11,2.508345e-09,2.508345e-11
2.147090e+01,5.791644e-11,2.513558e-09,2.513558e-11
2.147341e+01,5.815463e-11,2.515581e-09,2.515581e-11
2.147593e+01,5.831172e-11,2.514717e-09,2.514717e-11
2.147844e+01,5.838242e-11,2.511364e-09,2.511364e-11
2.148095e+01,5.836490e-11,2.505982e-09,2.505982e-11
2.148347e+01,5.826145e-11,2.499047e-09,2.499047e-11
2.148598e+01,5.807773e-11,2.491015e-09,2.491015e-11
2.148849e+01,5.782284e-11,2.482280e-09,2.482280e-11
2.149101e+01,5.750875e-11,2.473128e-09,2.473128e-11
2.149352e+01,5.715016e-11,2.463711e-09,2.463711e-11
2.149603e+01,5.676274e-11,2.454028e-09,2.454028e-11
2.149855e+01,5.636237e-11,2.443914e-09,2.443914e-11
2.150106e+01,5.596546e-11,2.433071e-09,2.433071e-11
2.150357e+01,5.558631e-11,2.421109e-09,2.421109e-11
2.150609e+01,5.523772e-11,2.407605e-09,2.407605e-11
2.150860e+01,5.493077e-11,2.392167e-09,2.392167e-11
2.151111e+01,5.467308e-11,2.374490e-09,2.374490e-11
2.151363e+01,5.447020e-11,2.354416e-09,2.354416e-11
2.151614e+01,5.432565e-11,2.331988e-09,2.331988e-11
2.151865e+01,5.424112e-11,2.307480e-09,2.307480e-11
2.152117e+01,5.421640e-11,2.281410e-09,2.281410e-11
2.152368e+01,5.425032e-11,2.254522e-09,2.254522e-11
2.152619e+01,5.434141e-11,2.227727e-09,2.227727e-11
2.152871e+01,5.448665e-11,2.202039e-09,2.202039e-11
2.153122e+01,5.468325e-11,2.178499e-09,2.178499e-11
2.153373e+01,5.492885e-11,2.158077e-09,2.158077e-11
2.153625e+01,5.521936e-11,2.141544e-09,2.141544e-11
2.153876e+01,5.554996e-11,2.129394e-09,2.129394e-11
2.154127e+01,5.591491e-11,2.121798e-09,2.121798e-11
2.154379e+01,5.630599e-11,2.118580e-09,2.118580e-11
2.154630e+01,5.671331e-11,2.119231e-09,2.119231e-11
2.154881e+01,5.712455e-11,2.122963e-09,2.122963e-11
2.155133e+01,5.752484e-11,2.128767e-09,2.128767e-11
2.155384e+01,5.789766e-11,2.135492e-09,2.135492e-11
2.155635e+01,5.822431e-11,2.141916e-09,2.141916e-11
2.155887e+01,5.848522e-11,2.146825e-09,2.146825e-11
2.156138e+01,5.866131e-11,2.149062e-09,2.149062e-11
2.156389e+01,5.873447e-11,2.147585e-09,2.147585e-11
2.156641e+01,5.868873e-11,2.141513e-09,2.141513e-11
2.156892e+01,5.851179e-11,2.130180e-09,2.130180e-11
2.157143e+01,5.819520e-11,2.113177e-09,2.113177e-11
2.157395e+01,5.773539e-11,2.090391e-09,2.090391e-11
2.157646e+01,5.713466e-11,2.062016e-09,2.062016e-11
2.157897e+01,5.640075e-11,2.028541e-09,2.028541e-11
2.158148e+01,5.554641e-11,1.990727e-09,1.990727e-11
2.158400e+01,5.458934e-11,1.949566e-09,1.949566e-11
2.158651e+01,5.355149e-11,1.906187e-09,1.906187e-11
2.158902e+01,5.245708e-11,1.861747e-09,1.861747e-11
2.159154e+01,5.133181e-11,1.817338e-09,1.817338e-11
2.159405e+01,5.020169e-11,1.773922e-09,1.773922e-11
2.159656e+01,4.909168e-11,1.732259e-09,1.732259e-11
2.159908e+01,4.802481e-11,1.692884e-09,1.692884e-11
2.160159e+01,4.702058e-11,1.656129e-09,1.656129e-11
2.160410e+01,4.609486e-11,1.622163e-09,1.622163e-11
2.160662e+01,4.525942e-11,1.591044e-09,1.591044e-11
2.160913e+01,4.452149e-11,1.562797e-09,1.562797e-11
2.161164e+01,4.388421e-11,1.537457e-09,1.537457e-11
2.161416e+01,4.334664e-11,1.515106e-09,1.515106e-11
2.161667e+01,4.290472e-11,1.495877e-09,1.495877e-11
2.161918e+01,4.255150e-11,1.479907e-09,1.479907e-11
2.162170e+01,4.227745e-11,1.467304e-09,1.467304e-11
2.162421e+01,4.207246e-11,1.458129e-09,1.458129e-11
2.162672e+01,4.192526e-11,1.452334e-09,1.452334e-11
2.162924e+01,4.182430e-11,1.449739e-09,1.449739e-11
2.163175e+01,4.175939e-11,1.450031e-09,1.450031e-11
2.163426e+01,4.172056e-11,1.452774e-09,1.452774e-11
2.163678e+01,4.169913e-11,1.457445e-09,1.457445e-11
2.163929e+01,4.168851e-11,1.463497e-09,1.463497e-11
2.164180e+01,4.168321e-11,1.470390e-09,1.470390e-11
2.164432e+01,4.167937e-11,1.477633e-09,1.477633e-11
2.164683e+01,4.167490e-11,1.484834e-09,1.484834e-11
2.164934e+01,4.166935e-11,1.491730e-09,1.491730e-11
2.165186e+01,4.166391e-11,1.498197e-09,1.498197e-11
2.165437e+01,4.166052e-11,1.504261e-09,1.504261e-11
2.165688e+01,4.166188e-11,1.510072e-09,1.510072e-11
2.165940e+01,4.167179e-11,1.515874e-09,1.515874e-11
2.166191e+01,4.169369e-11,1.521999e-09,1.521999e-11
2.166442e+01,4.173065e-11,1.528832e-09,1.528832e-11
2.166694e+01,4.178599e-11,1.536744e-09,1.536744e-11
2.166945e+01,4.186171e-11,1.546062e-09,1.546062e-11
2.167196e+01,4.195844e-11,1.557030e-09,1.557030e-11
2.167448e+01,4.207561e-11,1.569759e-09,1.569759e-11
2.167699e+01,4.221055e-11,1.584207e-09,1.584207e-11
2.167950e+01,4.235948e-11,1.600171e-09,1.600171e-11
2.168202e+01,4.251677e-11,1.617284e-09,1.617284e-11
2.168453e+01,4.267521e-11,1.635021e-09,1.635021e-11
2.168704e+01,4.282649e-11,1.652728e-09,1.652728e-11
2.168956e+01,4.296086e-11,1.669648e-09,1.669648e-11
2.169207e+01,4.306841e-11,1.684966e-09,1.684966e-11
2.169458e+01,4.313913e-11,1.697848e-09,1.697848e-11
2.169710e+01,4.316332e-11,1.707477e-09,1.707477e-11
2.169961e+01,4.313179e-11,1.713085e-09,1.713085e-11
2.170212e+01,4.303653e-11,1.713995e-09,1.713995e-11
2.170464e+01,4.287150e-11,1.709658e-09,1.709658e-11
2.170715e+01,4.263249e-11,1.699680e-09,1.699680e-11
2.170966e+01,4.231733e-11,1.683823e-09,1.683823e-11
2.171218e+01,4.192648e-11,1.662027e-09,1.662027e-11
2.171469e+01,4.146295e-11,1.634420e-09,1.634420e-11
2.171720e+01,4.093204e-11,1.601312e-09,1.601312e-11
2.171971e+01,4.034161e-11,1.563193e-09,1.563193e-11
2.172223e+01,3.970217e-11,1.520722e-09,1.520722e-11
2.172474e+01,3.902622e-11,1.474709e-09,1.474709e-11
2.172725e+01,3.832790e-11,1.426095e-09,1.426095e-11
2.172977e+01,3.762293e-11,1.375920e-09,1.375920e-11
2.173228e+01,3.692754e-11,1.325293e-09,1.325293e-11
2.173479e+01,3.625814e-11,1.275350e-09,1.275350e-11
2.173731e+01,3.563072e-11,1.227214e-09,1.227214e-11
2.173982e+01,3.505947e-11,1.181946e-09,1.181946e-11
2.174233e+01,3.455667e-11,1.140497e-09,1.140497e-11
2.174485e+01,3.413180e-11,1.103660e-09,1.103660e-11
2.174736e+01,3.379093e-11,1.072025e-09,1.072025e-11
2.174987e+01,3.353614e-11,1.045916e-09,1.045916e-11
2.175239e+01,3.336533e-11,1.025366e-09,1.025366e-11
2.175490e+01,3.327274e-11,1.010124e-09,1.010124e-11
2.175741e+01,3.324886e-11,9.996750e-10,9.996750e-12
2.175993e+01,3.328122e-11,9.932751e-10,9.932751e-12
2.176244e+01,3.335462e-11,9.900406e-10,9.900406e-12
2.176495e+01,3.345257e-11,9.890590e-10,9.890590e-12
2.176747e+01,3.355909e-11,9.894990e-10,9.894990e-12
2.176998e+01,3.365934e-11,9.907058e-10,9.907058e-12
2.177249e+01,3.374083e-11,9.922724e-10,9.922724e-12
2.177501e+01,3.379467e-11,9.940716e-10,9.940716e-12
2.177752e+01,3.381615e-11,9.962343e-10,9.962343e-12
2.178003e+01,3.380491e-11,9.990787e-10,9.990787e-12
2.178255e+01,3.376561e-11,1.003012e-09,1.003012e-11
2.178506e+01,3.370771e-11,1.008404e-09,1.008404e-11
2.178757e+01,3.364429e-11,1.015472e-09,1.015472e-11
2.179009e+01,3.359089e-11,1.024222e-09,1.024222e-11
2.179260e+01,3.356487e-11,1.034478e-09,1.034478e-11
2.179511e+01,3.358341e-11,1.045964e-09,1.045964e-11
2.179763e+01,3.366197e-11,1.058438e-09,1.058438e-11
2.180014e+01,3.381313e-11,1.071866e-09,1.071866e-11
2.180265e+01,3.404508e-11,1.086538e-09,1.086538e-11
2.180517e+01,3.436117e-11,1.103082e-09,1.103082e-11
2.180768e+01,3.475841e-11,1.122398e-09,1.122398e-11
2.181019e+01,3.522854e-11,1.145493e-09,1.145493e-11
2.181271e+01,3.575794e-11,1.173207e-09,1.173207e-11
2.181522e+01,3.632728e-11,1.205935e-09,1.205935e-11
2.181773e+01,3.691384e-11,1.243435e-09,1.243435e-11
2.182025e+01,3.749293e-11,1.284760e-09,1.284760e-11
2.182276e+01,3.803883e-11,1.328333e-09,1.328333e-11
2.182527e+01,3.852615e-11,1.372151e-09,1.372151e-11
2.182779e+01,3.893164e-11,1.414067e-09,1.414067e-11
2.183030e+01,3.923604e-11,1.452058e-09,1.452058e-11
2.183281e+01,3.942437e-11,1.484434e-09,1.484434e-11
2.183533e+01,3.948678e-11,1.510019e-09,1.510019e-11
2.183784e+01,3.941944e-11,1.528265e-09,1.528265e-11
2.184035e+01,3.922442e-11,1.539268e-09,1.539268e-11
2.184287e+01,3.890929e-11,1.543695e-09,1.543695e-11
2.184538e+01,3.848637e-11,1.542681e-09,1.542681e-11
2.184789e+01,3.797272e-11,1.537685e-09,1.537685e-11
2.185041e+01,3.738859e-11,1.530310e-09,1.530310e-11
2.185292e+01,3.675675e-11,1.522088e-09,1.522088e-11
2.185543e+01,3.610135e-11,1.514277e-09,1.514277e-11
2.185795e+01,3.544610e-11,1.507729e-09,1.507729e-11
2.186046e+01,3.481444e-11,1.502842e-09,1.502842e-11
2.186297e+01,3.422800e-11,1.499544e-09,1.499544e-11
2.186548e+01,3.370549e-11,1.497359e-09,1.497359e-11
2.186800e+01,3.326246e-11,1.495560e-09,1.495560e-11
2.187051e+01,3.291065e-11,1.493358e-09,1.493358e-11
2.187302e+01,3.265715e-11,1.490011e-09,1.490011e-11
2.187554e+01,3.250476e-11,1.484934e-09,1.484934e-11
2.187805e+01,3.245154e-11,1.477812e-09,1.477812e-11
2.188056e+01,3.249105e-11,1.468631e-09,1.468631e-11
2.188308e+01,3.261335e-11,1.457621e-09,1.457621e-11
2.188559e+01,3.280382e-11,1.445171e-09,1.445171e-11
2.188810e+01,3.304475e-11,1.431743e-09,1.431743e-11
2.189062e+01,3.331682e-11,1.417764e-09,1.417764e-11
2.189313e+01,3.359952e-11,1.403528e-09,1.403528e-11
2.189564e+01,3.387208e-11,1.389111e-09,1.389111e-11
2.189816e+01,3.411481e-11,1.374344e-09,1.374344e-11
2.190067e+01,3.431033e-11,1.358852e-09,1.358852e-11
2.190318e+01,3.444451e-11,1.342147e-09,1.342147e-11
2.190570e+01,3.450760e-11,1.323748e-09,1.323748e-11
2.190821e+01,3.449438e-11,1.303292e-09,1.303292e-11
2.191072e+01,3.440490e-11,1.280652e-09,1.280652e-11
2.191324e+01,3.424488e-11,1.256013e-09,1.256013e-11
2.191575e+01,3.402465e-11,1.229887e-09,1.229887e-11
2.191826e+01,3.375861e-11,1.203074e-09,1.203074e-11
2.192078e+01,3.346490e-11,1.176587e-09,1.176587e-11
2.192329e+01,3.316336e-11,1.151513e-09,1.151513e-11
2.192580e+01,3.287422e-11,1.128881e-09,1.128881e-11
2.192832e+01,3.261711e-11,1.109546e-09,1.109546e-11
2.193083e+01,3.240944e-11,1.094097e-09,1.094097e-11
2.193334e+01,3.226514e-11,1.082823e-09,1.082823e-11
2.193586e+01,3.219347e-11,1.075733e-09,1.075733e-11
2.193837e+01,3.219856e-11,1.072612e-09,1.072612e-11
2.194088e+01,3.227916e-11,1.073106e-09,1.073106e-11
2.194340e+01,3.242861e-11,1.076773e-09,1.076773e-11
2.194591e+01,3.263542e-11,1.083122e-09,1.083122e-11
2.194842e+01,3.288424e-11,1.091625e-09,1.091625e-11
2.195094e+01,3.315723e-11,1.101715e-09,1.101715e-11
2.195345e+01,3.343488e-11,1.112775e-09,1.112775e-11
2.195596e+01,3.369751e-11,1.124150e-09,1.124150e-11
2.195848e+01,3.392705e-11,1.135181e-09,1.135181e-11
2.196099e+01,3.410785e-11,1.145255e-09,1.145255e-11
2.196350e+01,3.422792e-11,1.153847e-09,1.153847e-11
2.196602e+01,3.427942e-11,1.160563e-09,1.160563e-11
2.196853e+01,3.425897e-11,1.165179e-09,1.165179e-11
2.197104e+01,3.416784e-11,1.167657e-09,1.167657e-11
2.197356e+01,3.401168e-11,1.168118e-09,1.168118e-11
2.197607e+01,3.379944e-11,1.166806e-09,1.166806e-11
2.197858e+01,3.354241e-11,1.164053e-09,1.164053e-11
2.198110e+01,3.325378e-11,1.160254e-09,1.160254e-11
2.198361e+01,3.294800e-11,1.155825e-09,1.155825e-11
2.198612e+01,3.263877e-11,1.151164e-09,1.151164e-11
2.198864e+01,3.233813e-11,1.146633e-09,1.146633e-11
2.199115e+01,3.205688e-11,1.142550e-09,1.142550e-11
2.199366e+01,3.180343e-11,1.139165e-09,1.139165e-11
2.199618e+01,3.158320e-11,1.136646e-09,1.136646e-11
2.199869e+01,3.139918e-11,1.135081e-09,1.135081e-11
2.200120e+01,3.125255e-11,1.134470e-09,1.134470e-11
2.200371e+01,3.114228e-11,1.134717e-09,1.134717e-11
2.200623e+01,3.106575e-11,1.135641e-09,1.135641e-11
2.200874e+01,3.102009e-11,1.136993e-09,1.136993e-11
2.201125e+01,3.100152e-11,1.138482e-09,1.138482e-11
2.201377e+01,3.100655e-11,1.139811e-09,1.139811e-11
2.201628e+01,3.103265e-11,1.140705e-09,1.140705e-11
2.201879e+01,3.107756e-11,1.140942e-09,1.140942e-11
2.202131e+01,3.114032e-11,1.140384e-09,1.140384e-11
2.202382e+01,3.122125e-11,1.138968e-09,1.138968e-11
2.202633e+01,3.132087e-11,1.136693e-09,1.136693e-11
2.202885e+01,3.144035e-11,1.133627e-09,1.133627e-11
2.203136e+01,3.158142e-11,1.129893e-09,1.129893e-11
2.203387e+01,3.174541e-11,1.125629e-09,1.125629e-11
2.203639e+01,3.193296e-11,1.120977e-09,1.120977e-11
2.203890e+01,3.214471e-11,1.116092e-09,1.116092e-11
2.204141e+01,3.237979e-11,1.111126e-09,1.111126e-11
2.204393e+01,3.263606e-11,1.106227e-09,1.106227e-11
2.204644e+01,3.291083e-11,1.101534e-09,1.101534e-11
2.204895e+01,3.319963e-11,1.097200e-09,1.097200e-11
2.205147e+01,3.349709e-11,1.093384e-09,1.093384e-11
2.205398e+01,3.379722e-11,1.090245e-09,1.090245e-11
2.205649e+01,3.409296e-11,1.087935e-09,1.087935e-11
2.205901e+01,3.437698e-11,1.086603e-09,1.086603e-11
2.206152e+01,3.464219e-11,1.086376e-09,1.086376e-11
2.206403e+01,3.488125e-11,1.087343e-09,1.087343e-11
2.206655e+01,3.508738e-11,1.089554e-09,1.089554e-11
2.206906e+01,3.525497e-11,1.093019e-09,1.093019e-11
2.207157e+01,3.537908e-11,1.097693e-09,1.097693e-11
2.207409e+01,3.545591e-11,1.103467e-09,1.103467e-11
2.207660e+01,3.548292e-11,1.110184e-09,1.110184e-11
2.207911e+01,3.545870e-11,1.117647e-09,1.117647e-11
2.208163e+01,3.538325e-11,1.125615e-09,1.125615e-11
2.208414e+01,3.525783e-11,1.133801e-09,1.133801e-11
2.208665e+01,3.508506e-11,1.141891e-09,1.141891e-11
2.208917e+01,3.486841e-11,1.149547e-09,1.149547e-11
2.209168e+01,3.461188e-11,1.156419e-09,1.156419e-11
2.209419e+01,3.432049e-11,1.162165e-09,1.162165e-11
2.209671e+01,3.399963e-11,1.166456e-09,1.166456e-11
2.209922e+01,3.365455e-11,1.168999e-09,1.168999e-11
2.210173e+01,3.329064e-11,1.169555e-09,1.169555e-11
2.210425e+01,3.291346e-11,1.167950e-09,1.167950e-11
2.210676e+01,3.252781e-11,1.164077e-09,1.164077e-11
2.210927e+01,3.213769e-11,1.157910e-09,1.157910e-11
2.211179e+01,3.174689e-11,1.149511e-09,1.149511e-11
2.211430e+01,3.135845e-11,1.139006e-09,1.139006e-11
2.211681e+01,3.097477e-11,1.126576e-09,1.126576e-11
2.211933e+01,3.059746e-11,1.112446e-09,1.112446e-11
2.212184e+01,3.022739e-11,1.096862e-09,1.096862e-11
2.212435e+01,2.986553e-11,1.080068e-09,1.080068e-11
2.212687e+01,2.951226e-11,1.062292e-09,1.062292e-11
2.212938e+01,2.916728e-11,1.043735e-09,1.043735e-11
2.213189e+01,2.883071e-11,1.024579e-09,1.024579e-11
2.213441e+01,2.850342e-11,1.004991e-09,1.004991e-11
2.213692e+01,2.818616e-11,9.851252e-10,9.851252e-12
2.213943e+01,2.788017e-11,9.651311e-10,9.651311e-12
2.214195e+01,2.758742e-11,9.451713e-10,9.451713e-12
2.214446e+01,2.731000e-11,9.254367e-10,9.254367e-12
2.214697e+01,2.705085e-11,9.061526e-10,9.061526e-12
2.214948e+01,2.681405e-11,8.875635e-10,8.875635e-12
2.215200e+01,2.660371e-11,8.699114e-10,8.699114e-12
2.215451e+01,2.642387e-11,8.534145e-10,8.534145e-12
2.215702e+01,2.627851e-11,8.382441e-10,8.382441e-12
2.215954e+01,2.617163e-11,8.245189e-10,8.245189e-12
2.216205e+01,2.610681e-11,8.122946e-10,8.122946e-12
2.216456e+01,2.608578e-11,8.015428e-10,8.015428e-12
2.216708e+01,2.610903e-11,7.921832e-10,7.921832e-12
2.216959e+01,2.617603e-11,7.841265e-10,7.841265e-12
2.217210e+01,2.628391e-11,7.772804e-10,7.772804e-12
2.217462e+01,2.642737e-11,7.715639e-10,7.715639e-12
2.217713e+01,2.659941e-11,7.669223e-10,7.669223e-12
2.217964e+01,2.679178e-11,7.633144e-10,7.633144e-12
2.218216e+01,2.699463e-11,7.606874e-10,7.606874e-12
2.218467e+01,2.719723e-11,7.589546e-10,7.589546e-12
2.218718e+01,2.738868e-11,7.579638e-10,7.579638e-12
2.218970e+01,2.755800e-11,7.574799e-10,7.574799e-12
2.219221e+01,2.769535e-11,7.572208e-10,7.572208e-12
2.219472e+01,2.779348e-11,7.569005e-10,7.569005e-12
2.219724e+01,2.784749e-11,7.562546e-10,7.562546e-12
2.219975e+01,2.785485e-11,7.550817e-10,7.550817e-12
2.220226e+01,2.781615e-11,7.532791e-10,7.532791e-12
2.220478e+01,2.773517e-11,7.508545e-10,7.508545e-12
2.220729e+01,2.761843e-11,7.479151e-10,7.479151e-12
2.220980e+01,2.747497e-11,7.446308e-10,7.446308e-12
2.221232e+01,2.731522e-11,7.411865e-10,7.411865e-12
2.221483e+01,2.715029e-11,7.377491e-10,7.377491e-12
2.221734e+01,2.699173e-11,7.344442e-10,7.344442e-12
2.221986e+01,2.684945e-11,7.313347e-10,7.313347e-12
2.222237e+01,2.673081e-11,7.284314e-10,7.284314e-12
2.222488e+01,2.664092e-11,7.257358e-10,7.257358e-12
2.222740e+01,2.658195e-11,7.232680e-10,7.232680e-12
2.222991e+01,2.655262e-11,7.210727e-10,7.210727e-12
2.223242e+01,2.654802e-11,7.192197e-10,7.192197e-12
2.223494e+01,2.656068e-11,7.177841e-10,7.177841e-12
2.223745e+01,2.658123e-11,7.168086e-10,7.168086e-12
2.223996e+01,2.659907e-11,7.162822e-10,7.162822e-12
2.224248e+01,2.660387e-11,7.161219e-10,7.161219e-12
2.224499e+01,2.658614e-11,7.161634e-10,7.161634e-12
2.224750e+01,2.653834e-11,7.161907e-10,7.161907e-12
2.225002e+01,2.645584e-11,7.159829e-10,7.159829e-12
2.225253e+01,2.633771e-11,7.153658e-10,7.153658e-12
2.225504e+01,2.618668e-11,7.142421e-10,7.142421e-12
2.225756e+01,2.600889e-11,7.125980e-10,7.125980e-12
2.226007e+01,2.581422e-11,7.105197e-10,7.105197e-12
2.226258e+01,2.561455e-11,7.081823e-10,7.081823e-12
2.226510e+01,2.542357e-11,7.058112e-10,7.058112e-12
2.226761e+01,2.525580e-11,7.036670e-10,7.036670e-12
2.227012e+01,2.512403e-11,7.020402e-10,7.020402e-12
2.227264e+01,2.504002e-11,7.012426e-10,7.012426e-12
2.227515e+01,2.501339e-11,7.015917e-10,7.015917e-12
2.227766e+01,2.504969e-11,7.034009e-10,7.034009e-12
2.228018e+01,2.515128e-11,7.069688e-10,7.069688e-12
2.228269e+01,2.531669e-11,7.125310e-10,7.125310e-12
2.228520e+01,2.554087e-11,7.202193e-10,7.202193e-12
2.228771e+01,2.581699e-11,7.300585e-10,7.300585e-12
2.229023e+01,2.613605e-11,7.419532e-10,7.419532e-12
2.229274e+01,2.648794e-11,7.556987e-10,7.556987e-12
2.229525e+01,2.686341e-11,7.710345e-10,7.710345e-12
2.229777e+01,2.725390e-11,7.877040e-10,7.877040e-12
2.230028e+01,2.765315e-11,8.055188e-10,8.055188e-12
2.230279e+01,2.805833e-11,8.244056e-10,8.244056e-12
2.230531e+01,2.846906e-11,8.444061e-10,8.444061e-12
2.230782e+01,2.888836e-11,8.656601e-10,8.656601e-12
2.231033e+01,2.932264e-11,8.883838e-10,8.883838e-12
2.231285e+01,2.978108e-11,9.128159e-10,9.128159e-12
2.231536e+01,3.027455e-11,9.391424e-10,9.391424e-12
2.231787e+01,3.081485e-11,9.674713e-10,9.674713e-12
2.232039e+01,3.141485e-11,9.978485e-10,9.978485e-12
2.232290e+01,3.208669e-11,1.030240e-09,1.030240e-11
2.232541e+01,3.284032e-11,1.064543e-09,1.064543e-11
2.232793e+01,3.368315e-11,1.100649e-09,1.100649e-11
2.233044e+01,3.462003e-11,1.138453e-09,1.138453e-11
2.233295e+01,3.565264e-11,1.177867e-09,1.177867e-11
2.233547e+01,3.677888e-11,1.218822e-09,1.218822e-11
2.233798e+01,3.799282e-11,1.261233e-09,1.261233e-11
2.234049e+01,3.928501e-11,1.304990e-09,1.304990e-11
2.234301e+01,4.064318e-11,1.349937e-09,1.349937e-11
2.234552e+01,4.205192e-11,1.395833e-09,1.395833e-11
2.234803e+01,4.349376e-11,1.442362e-09,1.442362e-11
2.235055e+01,4.495003e-11,1.489143e-09,1.489143e-11
2.235306e+01,4.640062e-11,1.535728e-09,1.535728e-11
2.235557e+01,4.782525e-11,1.581633e-09,1.581633e-11
2.235809e+01,4.920411e-11,1.626358e-09,1.626358e-11
2.236060e+01,5.051751e-11,1.669400e-09,1.669400e-11
2.236311e+01,5.174725e-11,1.710296e-09,1.710296e-11
2.236563e+01,5.287715e-11,1.748626e-09,1.748626e-11
2.236814e+01,5.389242e-11,1.784011e-09,1.784011e-11
2.237065e+01,5.478062e-11,1.816129e-09,1.816129e-11
2.237317e+01,5.553215e-11,1.844739e-09,1.844739e-11
2.237568e+01,5.614051e-11,1.869665e-09,1.869665e-11
2.237819e+01,5.660147e-11,1.890785e-09,1.890785e-11
2.238071e+01,5.691371e-11,1.908056e-09,1.908056e-11
2.238322e+01,5.707987e-11,1.921511e-09,1.921511e-11
2.238573e+01,5.710490e-11,1.931230e-09,1.931230e-11
2.238825e+01,5.699708e-11,1.937365e-09,1.937365e-11
2.239076e+01,5.676810e-11,1.940124e-09,1.940124e-11
2.239327e+01,5.643164e-11,1.939734e-09,1.939734e-11
2.239579e+01,5.600417e-11,1.936446e-09,1.936446e-11
2.239830e+01,5.550437e-11,1.930519e-09,1.930519e-11
2.240081e+01,5.495226e-11,1.922194e-09,1.922194e-11
2.240333e+01,5.436845e-11,1.911685e-09,1.911685e-11
2.240584e+01,5.377364e-11,1.899182e-09,1.899182e-11
2.240835e+01,5.318833e-11,1.884867e-09,1.884867e-11
2.241087e+01,5.263147e-11,1.868907e-09,1.868907e-11
2.241338e+01,5.211933e-11,1.851477e-09,1.851477e-11
2.241589e+01,5.166544e-11,1.832777e-09,1.832777e-11
2.241841e+01,5.127945e-11,1.813026e-09,1.813026e-11
2.242092e+01,5.096669e-11,1.792475e-09,1.792475e-11
2.242343e+01,5.072862e-11,1.771414e-09,1.771414e-11
2.242594e+01,5.056115e-11,1.750122e-09,1.750122e-11
2.242846e+01,5.045590e-11,1.728838e-09,1.728838e-11
2.243097e+01,5.040106e-11,1.707736e-09,1.707736e-11
2.243348e+01,5.038056e-11,1.686902e-09,1.686902e-11
2.243600e+01,5.037609e-11,1.666335e-09,1.666335e-11
2.243851e+01,5.036842e-11,1.645946e-09,1.645946e-11
2.244102e+01,5.033858e-11,1.625614e-09,1.625614e-11
2.244354e+01,5.026906e-11,1.605251e-09,1.605251e-11
2.244605e+01,5.014456e-11,1.584850e-09,1.584850e-11
2.244856e+01,4.995412e-11,1.564527e-09,1.564527e-11
2.245108e+01,4.969144e-11,1.544553e-09,1.544553e-11
2.245359e+01,4.935493e-11,1.525332e-09,1.525332e-11
2.245610e+01,4.894916e-11,1.507356e-09,1.507356e-11
2.245862e+01,4.848407e-11,1.491105e-09,1.491105e-11
2.246113e+01,4.797419e-11,1.476925e-09,1.476925e-11
2.246364e+01,4.743717e-11,1.464930e-09,1.464930e-11
2.246616e+01,4.689298e-11,1.454956e-09,1.454956e-11
2.246867e+01,4.636284e-11,1.446575e-09,1.446575e-11
2.247118e+01,4.586675e-11,1.439188e-09,1.439188e-11
2.247370e+01,4.542239e-11,1.432135e-09,1.432135e-11
2.247621e+01,4.504302e-11,1.424854e-09,1.424854e-11
2.247872e+01,4.473693e-11,1.417021e-09,1.417021e-11
2.248124e+01,4.450685e-11,1.408642e-09,1.408642e-11
2.248375e+01,4.434910e-11,1.400045e-09,1.400045e-11
2.248626e+01,4.425353e-11,1.391787e-09,1.391787e-11
2.248878e+01,4.420397e-11,1.384518e-09,1.384518e-11
2.249129e+01,4.418027e-11,1.378790e-09,1.378790e-11
2.249380e+01,4.415942e-11,1.374881e-09,1.374881e-11
2.249632e+01,4.411628e-11,1.372645e-09,1.372645e-11
2.249883e+01,4.402537e-11,1.371458e-09,1.371458e-11
2.250134e+01,4.386356e-11,1.370315e-09,1.370315e-11
2.250386e+01,4.361087e-11,1.367959e-09,1.367959e-11
2.250637e+01,4.325123e-11,1.363057e-09,1.363057e-11
2.250888e+01,4.277441e-11,1.354392e-09,1.354392e-11
2.251140e+01,4.217522e-11,1.341021e-09,1.341021e-11
2.251391e+01,4.145412e-11,1.322352e-09,1.322352e-11
2.251642e+01,4.061760e-11,1.298188e-09,1.298188e-11
2.251894e+01,3.967608e-11,1.268700e-09,1.268700e-11
2.252145e+01,3.864362e-11,1.234378e-09,1.234378e-11
2.252396e+01,3.753693e-11,1.195946e-09,1.195946e-11
2.252648e+01,3.637421e-11,1.154278e-09,1.154278e-11
2.252899e+01,3.517357e-11,1.110319e-09,1.110319e-11
2.253150e+01,3.395228e-11,1.065030e-09,1.065030e-11
2.253402e+01,3.272695e-11,1.019341e-09,1.019341e-11
2.253653e+01,3.151166e-11,9.741201e-10,9.741201e-12
2.253904e+01,3.031852e-11,9.301376e-10,9.301376e-12
2.254156e+01,2.915857e-11,8.880625e-10,8.880625e-12
2.254407e+01,2.804124e-11,8.484302e-10,8.484302e-12
2.254658e+01,2.697474e-11,8.116151e-10,8.116151e-12
2.254910e+01,2.596715e-11,7.778107e-10,7.778107e-12
2.255161e+01,2.502681e-11,7.470096e-10,7.470096e-12
2.255412e+01,2.416230e-11,7.190272e-10,7.190272e-12
2.255664e+01,2.338324e-11,6.935552e-10,6.935552e-12
2.255915e+01,2.269973e-11,6.702198e-10,6.702198e-12
2.256166e+01,2.212236e-11,6.486861e-10,6.486861e-12
2.256418e+01,2.166223e-11,6.287891e-10,6.287891e-12
2.256669e+01,2.132962e-11,6.106572e-10,6.106572e-12
2.256920e+01,2.113351e-11,5.948353e-10,5.948353e-12
2.257171e+01,2.108080e-11,5.823804e-10,5.823804e-12
2.257423e+01,2.117546e-11,5.748822e-10,5.748822e-12
2.257674e+01,2.141776e-11,5.743485e-10,5.743485e-12
2.257925e+01,2.180425e-11,5.829202e-10,5.829202e-12
2.258177e+01,2.232735e-11,6.024204e-10,6.024204e-12
2.258428e+01,2.297458e-11,6.338807e-10,6.338807e-12
2.258679e+01,2.372999e-11,6.772712e-10,6.772712e-12
2.258931e+01,2.457403e-11,7.315323e-10,7.315323e-12
2.259182e+01,2.548389e-11,7.948285e-10,7.948285e-12
2.259433e+01,2.643504e-11,8.648760e-10,8.648760e-12
2.259685e+01,2.740218e-11,9.392338e-10,9.392338e-12
2.259936e+01,2.836050e-11,1.015497e-09,1.015497e-11
2.260187e+01,2.928549e-11,1.091409e-09,1.091409e-11
2.260439e+01,3.015468e-11,1.164942e-09,1.164942e-11
2.260690e+01,3.094907e-11,1.234332e-09,1.234332e-11
2.260941e+01,3.165246e-11,1.298098e-09,1.298098e-11
2.261193e+01,3.225228e-11,1.355063e-09,1.355063e-11
2.261444e+01,3.274021e-11,1.404354e-09,1.404354e-11
2.261695e+01,3.311241e-11,1.445385e-09,1.445385e-11
2.261947e+01,3.336850e-11,1.477849e-09,1.477849e-11
2.262198e+01,3.351187e-11,1.501711e-09,1.501711e-11
2.262449e+01,3.355036e-11,1.517172e-09,1.517172e-11
2.262701e+01,3.349436e-11,1.524627e-09,1.524627e-11
2.262952e+01,3.335654e-11,1.524639e-09,1.524639e-11
2.263203e+01,3.315242e-11,1.517903e-09,1.517903e-11
2.263455e+01,3.289874e-11,1.505211e-09,1.505211e-11
2.263706e+01,3.261269e-11,1.487401e-09,1.487401e-11
2.263957e+01,3.231195e-11,1.465353e-09,1.465353e-11
2.264209e+01,3.201355e-11,1.439972e-09,1.439972e-11
2.264460e+01,3.173309e-11,1.412166e-09,1.412166e-11
2.264711e+01,3.148404e-11,1.382834e-09,1.382834e-11
2.264963e+01,3.127721e-11,1.352873e-09,1.352873e-11
2.265214e+01,3.112008e-11,1.323187e-09,1.323187e-11
2.265465e+01,3.101640e-11,1.294673e-09,1.294673e-11
2.265717e+01,3.096614e-11,1.268184e-09,1.268184e-11
2.265968e+01,3.096549e-11,1.244468e-09,1.244468e-11
2.266219e+01,3.100688e-11,1.224118e-09,1.224118e-11
2.266471e+01,3.107905e-11,1.207502e-09,1.207502e-11
2.266722e+01,3.116853e-11,1.194719e-09,1.194719e-11
2.266973e+01,3.126047e-11,1.185569e-09,1.185569e-11
2.267225e+01,3.133896e-11,1.179588e-09,1.179588e-11
2.267476e+01,3.138838e-11,1.176115e-09,1.176115e-11
2.267727e+01,3.139488e-11,1.174416e-09,1.174416e-11
2.267979e+01,3.134740e-11,1.173827e-09,1.173827e-11
2.268230e+01,3.123841e-11,1.173842e-09,1.173842e-11
2.268481e+01,3.106438e-11,1.174184e-09,1.174184e-11
2.268733e+01,3.082604e-11,1.174859e-09,1.174859e-11
2.268984e+01,3.052885e-11,1.176132e-09,1.176132e-11
2.269235e+01,3.018238e-11,1.178442e-09,1.178442e-11
2.269487e+01,2.979968e-11,1.182302e-09,1.182302e-11
2.269738e+01,2.939690e-11,1.188193e-09,1.188193e-11
2.269989e+01,2.899126e-11,1.196458e-09,1.196458e-11
2.270241e+01,2.860070e-11,1.207228e-09,1.207228e-11
2.270492e+01,2.824264e-11,1.220401e-09,1.220401e-11
2.270743e+01,2.793208e-11,1.235663e-09,1.235663e-11
2.270994e+01,2.768195e-11,1.252560e-09,1.252560e-11
2.271246e+01,2.750131e-11,1.270560e-09,1.270560e-11
2.271497e+01,2.739524e-11,1.289115e-09,1.289115e-11
2.271748e+01,2.736481e-11,1.307704e-09,1.307704e-11
2.272000e+01,2.740714e-11,1.325875e-09,1.325875e-11
2.272251e+01,2.751642e-11,1.343240e-09,1.343240e-11
2.272502e+01,2.768321e-11,1.359453e-09,1.359453e-11
2.272754e+01,2.789643e-11,1.374205e-09,1.374205e-11
2.273005e+01,2.814405e-11,1.387226e-09,1.387226e-11
2.273256e+01,2.841345e-11,1.398282e-09,1.398282e-11
2.273508e+01,2.869253e-11,1.407185e-09,1.407185e-11
2.273759e+01,2.897087e-11,1.413807e-09,1.413807e-11
2.274010e+01,2.923947e-11,1.418086e-09,1.418086e-11
2.274262e+01,2.949102e-11,1.420036e-09,1.420036e-11
2.274513e+01,2.972053e-11,1.419734e-09,1.419734e-11
2.274764e+01,2.992465e-11,1.417310e-09,1.417310e-11
2.275016e+01,3.010205e-11,1.412926e-09,1.412926e-11
2.275267e+01,3.025253e-11,1.406746e-09,1.406746e-11
2.275518e+01,3.037637e-11,1.398909e-09,1.398909e-11
2.275770e+01,3.047433e-11,1.389520e-09,1.389520e-11
2.276021e+01,3.054699e-11,1.378644e-09,1.378644e-11
2.276272e+01,3.059422e-11,1.366313e-09,1.366313e-11
2.276524e+01,3.061545e-11,1.352541e-09,1.352541e-11
2.276775e+01,3.060965e-11,1.337341e-09,1.337341e-11
2.277026e+01,3.057439e-11,1.320745e-09,1.320745e-11
2.277278e+01,3.050664e-11,1.302813e-09,1.302813e-11
2.277529e+01,3.040363e-11,1.283648e-09,1.283648e-11
2.277780e+01,3.026270e-11,1.263393e-09,1.263393e-11
2.278032e+01,3.008195e-11,1.242231e-09,1.242231e-11
2.278283e+01,2.986072e-11,1.220373e-09,1.220373e-11
2.278534e+01,2.959944e-11,1.198043e-09,1.198043e-11
2.278786e+01,2.930049e-11,1.175470e-09,1.175470e-11
2.279037e+01,2.896904e-11,1.152888e-09,1.152888e-11
2.279288e+01,2.861236e-11,1.130514e-09,1.130514e-11
2.279540e+01,2.823930e-11,1.108545e-09,1.108545e-11
2.279791e+01,2.786115e-11,1.087152e-09,1.087152e-11
2.280042e+01,2.749099e-11,1.066493e-09,1.066493e-11
2.280294e+01,2.714255e-11,1.046699e-09,1.046699e-11
2.280545e+01,2.683014e-11,1.027888e-09,1.027888e-11
2.280796e+01,2.656752e-11,1.010175e-09,1.010175e-11
2.281048e+01,2.636796e-11,9.936993e-10,9.936993e-12
2.281299e+01,2.624350e-11,9.786483e-10,9.786483e-12
2.281550e+01,2.620312e-11,9.652614e-10,9.652614e-12
2.281802e+01,2.625285e-11,9.538436e-10,9.538436e-12
2.282053e+01,2.639586e-11,9.447755e-10,9.447755e-12
2.282304e+01,2.663182e-11,9.384914e-10,9.384914e-12
2.282556e+01,2.695690e-11,9.354284e-10,9.354284e-12
2.282807e+01,2.736407e-11,9.359648e-10,9.359648e-12
2.283058e+01,2.784263e-11,9.403494e-10,9.403494e-12
2.283310e+01,2.837901e-11,9.486371e-10,9.486371e-12
2.283561e+01,2.895835e-11,9.606470e-10,9.606470e-12
2.283812e+01,2.956432e-11,9.759450e-10,9.759450e-12
2.284064e+01,3.017932e-11,9.938549e-10,9.938549e-12
2.284315e+01,3.078589e-11,1.013504e-09,1.013504e-11
2.284566e+01,3.136775e-11,1.033900e-09,1.033900e-11
2.284818e+01,3.191004e-11,1.054020e-09,1.054020e-11
2.285069e+01,3.239999e-11,1.072876e-09,1.072876e-11
2.285320e+01,3.282760e-11,1.089572e-09,1.089572e-11
2.285571e+01,3.318547e-11,1.103365e-09,1.103365e-11
2.285823e+01,3.346931e-11,1.113698e-09,1.113698e-11
2.286074e+01,3.367826e-11,1.120226e-09,1.120226e-11
2.286325e+01,3.381456e-11,1.122815e-09,1.122815e-11
2.286577e+01,3.388336e-11,1.121533e-09,1.121533e-11
2.286828e+01,3.389257e-11,1.116640e-09,1.116640e-11
2.287079e+01,3.385193e-11,1.108561e-09,1.108561e-11
2.287331e+01,3.377319e-11,1.097847e-09,1.097847e-11
2.287582e+01,3.366927e-11,1.085146e-09,1.085146e-11
2.287833e+01,3.355327e-11,1.071159e-09,1.071159e-11
2.288085e+01,3.343848e-11,1.056602e-09,1.056602e-11
2.288336e+01,3.333680e-11,1.042173e-09,1.042173e-11
2.288587e+01,3.325922e-11,1.028532e-09,1.028532e-11
2.288839e+01,3.321529e-11,1.016274e-09,1.016274e-11
2.289090e+01,3.321117e-11,1.005880e-09,1.005880e-11
2.289341e+01,3.325019e-11,9.977033e-10,9.977033e-12
2.289593e+01,3.333271e-11,9.919702e-10,9.919702e-12
2.289844e+01,3.345615e-11,9.887654e-10,9.887654e-12
2.290095e+01,3.361523e-11,9.879954e-10,9.879954e-12
2.290347e+01,3.380105e-11,9.893881e-10,9.893881e-12
2.290598e+01,3.400270e-11,9.925298e-10,9.925298e-12
2.290849e+01,3.420832e-11,9.968881e-10,9.968881e-12
2.291101e+01,3.440494e-11,1.001846e-09,1.001846e-11
2.291352e+01,3.457983e-11,1.006779e-09,1.006779e-11
2.291603e+01,3.472102e-11,1.011114e-09,1.011114e-11
2.291855e+01,3.481837e-11,1.014397e-09,1.014397e-11
2.292106e+01,3.486518e-11,1.016364e-09,1.016364e-11
2.292357e+01,3.485855e-11,1.016976e-09,1.016976e-11
2.292609e+01,3.479942e-11,1.016391e-09,1.016391e-11
2.292860e+01,3.469191e-11,1.014925e-09,1.014925e-11
2.293111e+01,3.454463e-11,1.013013e-09,1.013013e-11
2.293363e+01,3.437076e-11,1.011130e-09,1.011130e-11
2.293614e+01,3.418512e-11,1.009693e-09,1.009693e-11
2.293865e+01,3.400540e-11,1.009009e-09,1.009009e-11
2.294117e+01,3.385039e-11,1.009227e-09,1.009227e-11
2.294368e+01,3.373724e-11,1.010346e-09,1.010346e-11
2.294619e+01,3.368256e-11,1.012311e-09,1.012311e-11
2.294871e+01,3.370019e-11,1.015085e-09,1.015085e-11
2.295122e+01,3.380060e-11,1.018724e-09,1.018724e-11
2.295373e+01,3.398992e-11,1.023468e-09,1.023468e-11
2.295625e+01,3.426884e-11,1.029772e-09,1.029772e-11
2.295876e+01,3.463394e-11,1.038291e-09,1.038291e-11
2.296127e+01,3.507719e-11,1.049839e-09,1.049839e-11
2.296379e+01,3.558642e-11,1.065285e-09,1.065285e-11
2.296630e+01,3.614618e-11,1.085442e-09,1.085442e-11
2.296881e+01,3.673904e-11,1.110971e-09,1.110971e-11
2.297133e+01,3.734641e-11,1.142304e-09,1.142304e-11
2.297384e+01,3.794973e-11,1.179622e-09,1.179622e-11
2.297635e+01,3.853226e-11,1.222845e-09,1.222845e-11
2.297887e+01,3.907818e-11,1.271619e-09,1.271619e-11
2.298138e+01,3.957435e-11,1.325346e-09,1.325346e-11
2.298389e+01,4.001157e-11,1.383197e-09,1.383197e-11
2.298641e+01,4.038311e-11,1.444106e-09,1.444106e-11
2.298892e+01,4.068566e-11,1.506773e-09,1.506773e-11
2.299143e+01,4.091843e-11,1.569677e-09,1.569677e-11
2.299394e+01,4.108245e-11,1.631106e-09,1.631106e-11
2.299646e+01,4.118043e-11,1.689236e-09,1.689236e-11
2.299897e+01,4.121548e-11,1.742182e-09,1.742182e-11
2.300148e+01,4.119052e-11,1.788089e-09,1.788089e-11
2.300400e+01,4.110762e-11,1.825250e-09,1.825250e-11
2.300651e+01,4.096779e-11,1.852191e-09,1.852191e-11
2.300902e+01,4.077037e-11,1.867723e-09,1.867723e-11
2.301154e+01,4.051292e-11,1.871004e-09,1.871004e-11
2.301405e+01,4.019145e-11,1.861578e-09,1.861578e-11
2.301656e+01,3.980086e-11,1.839379e-09,1.839379e-11
2.301908e+01,3.933593e-11,1.804719e-09,1.804719e-11
2.302159e+01,3.879120e-11,1.758263e-09,1.758263e-11
2.302410e+01,3.816169e-11,1.700978e-09,1.700978e-11
2.302662e+01,3.744435e-11,1.634104e-09,1.634104e-11
2.302913e+01,3.663873e-11,1.559105e-09,1.559105e-11
2.303164e+01,3.574683e-11,1.477623e-09,1.477623e-11
2.303416e+01,3.477333e-11,1.391417e-09,1.391417e-11
2.303667e+01,3.372639e-11,1.302333e-09,1.302333e-11
2.303918e+01,3.261749e-11,1.212266e-09,1.212266e-11
2.304170e+01,3.146086e-11,1.123118e-09,1.123118e-11
2.304421e+01,3.027316e-11,1.036746e-09,1.036746e-11
2.304672e+01,2.907267e-11,9.548972e-10,9.548972e-12
2.304924e+01,2.787892e-11,8.791318e-10,8.791318e-12
2.305175e+01,2.671149e-11,8.107368e-10,8.107368e-12
2.305426e+01,2.558897e-11,7.506351e-10,7.506351e-12
2.305678e+01,2.452904e-11,6.993000e-10,6.993000e-12
2.305929e+01,2.354694e-11,6.567078e-10,6.567078e-12
2.306180e+01,2.265513e-11,6.223520e-10,6.223520e-12
2.306432e+01,2.186328e-11,5.953534e-10,5.953534e-12
2.306683e+01,2.117786e-11,5.746458e-10,5.746458e-12
2.306934e+01,2.060230e-11,5.591607e-10,5.591607e-12
2.307186e+01,2.013643e-11,5.479862e-10,5.479862e-12
2.307437e+01,1.977758e-11,5.404760e-10,5.404760e-12
2.307688e+01,1.952115e-11,5.362768e-10,5.362768e-12
2.307940e+01,1.936015e-11,5.352890e-10,5.352890e-12
2.308191e+01,1.928661e-11,5.375911e-10,5.375911e-12
2.308442e+01,1.929202e-11,5.433353e-10,5.433353e-12
2.308694e+01,1.936707e-11,5.526416e-10,5.526416e-12
2.308945e+01,1.950266e-11,5.655371e-10,5.655371e-12
2.309196e+01,1.969060e-11,5.819266e-10,5.819266e-12
2.309448e+01,1.992333e-11,6.015765e-10,6.015765e-12
2.309699e+01,2.019344e-11,6.241438e-10,6.241438e-12
2.309950e+01,2.049460e-11,6.492232e-10,6.492232e-12
2.310202e+01,2.082181e-11,6.763915e-10,6.763915e-12
2.310453e+01,2.117056e-11,7.052484e-10,7.052484e-12
2.310704e+01,2.153694e-11,7.354219e-10,7.354219e-12
2.310956e+01,2.191753e-11,7.665689e-10,7.665689e-12
2.311207e+01,2.230881e-11,7.983904e-10,7.983904e-12
2.311458e+01,2.270778e-11,8.306221e-10,8.306221e-12
2.311710e+01,2.311201e-11,8.630078e-10,8.630078e-12
2.311961e+01,2.351842e-11,8.952856e-10,8.952856e-12
2.312212e+01,2.392365e-11,9.271798e-10,9.271798e-12
2.312464e+01,2.432470e-11,9.583849e-10,9.583849e-12
2.312715e+01,2.471832e-11,9.885569e-10,9.885569e-12
2.312966e+01,2.510062e-11,1.017313e-09,1.017313e-11
2.313218e+01,2.546741e-11,1.044225e-09,1.044225e-11
2.313469e+01,2.581422e-11,1.068825e-09,1.068825e-11
2.313720e+01,2.613600e-11,1.090622e-09,1.090622e-11
2.313971e+01,2.642718e-11,1.109114e-09,1.109114e-11
2.314223e+01,2.668172e-11,1.123809e-09,1.123809e-11
2.314474e+01,2.689321e-11,1.134234e-09,1.134234e-11
2.314725e+01,2.705466e-11,1.139968e-09,1.139968e-11
2.314977e+01,2.715913e-11,1.140665e-09,1.140665e-11
2.315228e+01,2.720025e-11,1.136079e-09,1.136079e-11
2.315479e+01,2.717192e-11,1.126077e-09,1.126077e-11
2.315731e+01,2.706948e-11,1.110680e-09,1.110680e-11
2.315982e+01,2.688992e-11,1.090077e-09,1.090077e-11
2.316233e+01,2.663235e-11,1.064630e-09,1.064630e-11
2.316485e+01,2.629904e-11,1.034894e-09,1.034894e-11
2.316736e+01,2.589531e-11,1.001629e-09,1.001629e-11
2.316987e+01,2.543019e-11,9.657897e-10,9.657897e-12
2.317239e+01,2.491668e-11,9.284857e-10,9.284857e-12
2.317490e+01,2.437104e-11,8.909350e-10,8.909350e-12
2.317741e+01,2.381305e-11,8.543933e-10,8.543933e-12
2.317993e+01,2.326511e-11,8.200611e-10,8.200611e-12
2.318244e+01,2.275117e-11,7.889959e-10,7.889959e-12
2.318495e+01,2.229620e-11,7.620427e-10,7.620427e-12
2.318747e+01,2.192394e-11,7.397938e-10,7.397938e-12
2.318998e+01,2.165596e-11,7.226150e-10,7.226150e-12
2.319249e+01,2.151066e-11,7.107375e-10,7.107375e-12
2.319501e+01,2.150116e-11,7.043526e-10,7.043526e-12
2.319752e+01,2.163458e-11,7.036868e-10,7.036868e-12
2.320003e+01,2.191187e-11,7.089983e-10,7.089983e-12
2.320255e+01,2.232630e-11,7.204400e-10,7.204400e-12
2.320506e+01,2.286414e-11,7.378824e-10,7.378824e-12
2.320757e+01,2.350552e-11,7.607473e-10,7.607473e-12
2.321009e+01,2.422459e-11,7.878865e-10,7.878865e-12
2.321260e+01,2.499192e-11,8.176167e-10,8.176167e-12
2.321511e+01,2.577525e-11,8.478895e-10,8.478895e-12
2.321763e+01,2.654233e-11,8.765226e-10,8.765226e-12
2.322014e+01,2.726276e-11,9.014729e-10,9.014729e-12
2.322265e+01,2.790892e-11,9.211023e-10,9.211023e-12
2.322517e+01,2.845939e-11,9.343925e-10,9.343925e-12
2.322768e+01,2.889960e-11,9.410906e-10,9.410906e-12
2.323019e+01,2.922269e-11,9.417619e-10,9.417619e-12
2.323271e+01,2.942981e-11,9.377343e-10,9.377343e-12
2.323522e+01,2.952992e-11,9.309348e-10,9.309348e-12
2.323773e+01,2.953990e-11,9.236207e-10,9.236207e-12
2.324025e+01,2.948284e-11,9.180181e-10,9.180181e-12
2.324276e+01,2.938607e-11,9.159125e-10,9.159125e-12
2.324527e+01,2.927934e-11,9.183154e-10,9.183154e-12
2.324779e+01,2.919287e-11,9.253599e-10,9.253599e-12
2.325030e+01,2.915494e-11,9.364275e-10,9.364275e-12
2.325281e+01,2.919020e-11,9.504460e-10,9.504460e-12
2.325533e+01,2.931820e-11,9.662769e-10,9.662769e-12
2.325784e+01,2.955209e-11,9.830291e-10,9.830291e-12
2.326035e+01,2.989762e-11,1.000244e-09,1.000244e-11
2.326287e+01,3.035267e-11,1.017953e-09,1.017953e-11
2.326538e+01,3.090846e-11,1.036550e-09,1.036550e-11
2.326789e+01,3.154980e-11,1.056557e-09,1.056557e-11
2.327041e+01,3.225610e-11,1.078393e-09,1.078393e-11
2.327292e+01,3.300343e-11,1.102168e-09,1.102168e-11
2.327543e+01,3.376589e-11,1.127552e-09,1.127552e-11
2.327794e+01,3.451716e-11,1.153789e-09,1.153789e-11
2.328046e+01,3.523203e-11,1.179813e-09,1.179813e-11
2.328297e+01,3.588803e-11,1.204431e-09,1.204431e-11
2.328548e+01,3.646666e-11,1.226526e-09,1.226526e-11
2.328800e+01,3.695422e-11,1.245222e-09,1.245222e-11
2.329051e+01,3.734173e-11,1.259977e-09,1.259977e-11
2.329302e+01,3.762479e-11,1.270623e-09,1.270623e-11
2.329554e+01,3.780406e-11,1.277367e-09,1.277367e-11
2.329805e+01,3.788470e-11,1.280715e-09,1.280715e-11
2.330056e+01,3.787478e-11,1.281346e-09,1.281346e-11
2.330308e+01,3.778563e-11,1.279997e-09,1.279997e-11
2.330559e+01,3.763036e-11,1.277345e-09,1.277345e-11
2.330810e+01,3.742194e-11,1.273893e-09,1.273893e-11
2.331062e+01,3.717408e-11,1.269925e-09,1.269925e-11
2.331313e+01,3.690013e-11,1.265506e-09,1.265506e-11
2.331564e+01,3.661177e-11,1.260467e-09,1.260467e-11
2.331816e+01,3.631852e-11,1.254468e-09,1.254468e-11
2.332067e+01,3.602824e-11,1.247107e-09,1.247107e-11
2.332318e+01,3.574715e-11,1.237992e-09,1.237992e-11
2.332570e+01,3.547832e-11,1.226782e-09,1.226782e-11
2.332821e+01,3.522263e-11,1.213254e-09,1.213254e-11
2.333072e+01,3.497918e-11,1.197339e-09,1.197339e-11
2.333324e+01,3.474489e-11,1.179118e-09,1.179118e-11
2.333575e+01,3.451459e-11,1.158804e-09,1.158804e-11
2.333826e+01,3.428165e-11,1.136705e-09,1.136705e-11
2.334078e+01,3.403846e-11,1.113183e-09,1.113183e-11
2.334329e+01,3.377690e-11,1.088599e-09,1.088599e-11
2.334580e+01,3.348833e-11,1.063259e-09,1.063259e-11
2.334832e+01,3.316408e-11,1.037380e-09,1.037380e-11
2.335083e+01,3.279710e-11,1.011074e-09,1.011074e-11
2.335334e+01,3.238188e-11,9.843594e-10,9.843594e-12
2.335586e+01,3.191406e-11,9.571629e-10,9.571629e-12
2.335837e+01,3.139147e-11,9.293612e-10,9.293612e-12
2.336088e+01,3.081509e-11,9.008567e-10,9.008567e-12
2.336340e+01,3.018875e-11,8.716296e-10,8.716296e-12
2.336591e+01,2.951867e-11,8.417566e-10,8.417566e-12
2.336842e+01,2.881334e-11,8.114364e-10,8.114364e-12
2.337094e+01,2.808329e-11,7.810020e-10,7.810020e-12
2.337345e+01,2.734087e-11,7.509047e-10,7.509047e-12
2.337596e+01,2.659949e-11,7.216758e-10,7.216758e-12
2.337848e+01,2.587264e-11,6.938688e-10,6.938688e-12
2.338099e+01,2.517324e-11,6.680047e-10,6.680047e-12
2.338350e+01,2.451295e-11,6.445333e-10,6.445333e-12
2.338602e+01,2.390182e-11,6.238045e-10,6.238045e-12
2.338853e+01,2.334821e-11,6.060508e-10,6.060508e-12
2.339104e+01,2.285838e-11,5.913824e-10,5.913824e-12
2.339356e+01,2.243613e-11,5.798079e-10,5.798079e-12
2.339607e+01,2.208348e-11,5.712668e-10,5.712668e-12
2.339858e+01,2.180125e-11,5.656578e-10,5.656578e-12
2.340110e+01,2.158901e-11,5.628677e-10,5.628677e-12
2.340361e+01,2.144579e-11,5.627837e-10,5.627837e-12
2.340612e+01,2.137069e-11,5.653050e-10,5.653050e-12
2.340864e+01,2.136351e-11,5.703576e-10,5.703576e-12
2.341115e+01,2.142496e-11,5.778779e-10,5.778779e-12
2.341366e+01,2.155623e-11,5.878025e-10,5.878025e-12
2.341618e+01,2.175966e-11,6.000755e-10,6.000755e-12
2.341869e+01,2.203852e-11,6.146488e-10,6.146488e-12
2.342120e+01,2.239584e-11,6.314856e-10,6.314856e-12
2.342371e+01,2.283438e-11,6.505729e-10,6.505729e-12
2.342623e+01,2.335588e-11,6.719375e-10,6.719375e-12
2.342874e+01,2.396046e-11,6.956501e-10,6.956501e-12
2.343125e+01,2.464600e-11,7.218067e-10,7.218067e-12
2.343377e+01,2.540735e-11,7.504969e-10,7.504969e-12
2.343628e+01,2.623639e-11,7.817579e-10,7.817579e-12
2.343879e+01,2.712171e-11,8.155143e-10,8.155143e-12
2.344131e+01,2.804942e-11,8.515304e-10,8.515304e-12
2.344382e+01,2.900342e-11,8.893875e-10,8.893875e-12
2.344633e+01,2.996591e-11,9.284962e-10,9.284962e-12
2.344885e+01,3.091864e-11,9.681367e-10,9.681367e-12
2.345136e+01,3.184305e-11,1.007528e-09,1.007528e-11
2.345387e+01,3.272223e-11,1.045933e-09,1.045933e-11
2.345639e+01,3.354228e-11,1.082750e-09,1.082750e-11
2.345890e+01,3.429240e-11,1.117574e-09,1.117574e-11
2.346141e+01,3.496532e-11,1.150229e-09,1.150229e-11
2.346393e+01,3.555816e-11,1.180772e-09,1.180772e-11
2.346644e+01,3.607283e-11,1.209446e-09,1.209446e-11
2.346895e+01,3.651518e-11,1.236600e-09,1.236600e-11
2.347147e+01,3.689470e-11,1.262592e-09,1.262592e-11
2.347398e+01,3.722358e-11,1.287687e-09,1.287687e-11
2.347649e+01,3.751552e-11,1.311991e-09,1.311991e-11
2.347901e+01,3.778479e-11,1.335414e-09,1.335414e-11
2.348152e+01,3.804520e-11,1.357698e-09,1.357698e-11
2.348403e+01,3.830890e-11,1.378468e-09,1.378468e-11
2.348655e+01,3.858507e-11,1.397314e-09,1.397314e-11
2.348906e+01,3.887910e-11,1.413867e-09,1.413867e-11
2.349157e+01,3.919216e-11,1.427871e-09,1.427871e-11
2.349409e+01,3.952127e-11,1.439215e-09,1.439215e-11
2.349660e+01,3.985891e-11,1.447928e-09,1.447928e-11
2.349911e+01,4.019353e-11,1.454136e-09,1.454136e-11
2.350163e+01,4.051071e-11,1.457998e-09,1.457998e-11
2.350414e+01,4.079378e-11,1.459636e-09,1.459636e-11
2.350665e+01,4.102477e-11,1.459071e-09,1.459071e-11
2.350917e+01,4.118598e-11,1.456182e-09,1.456182e-11
2.351168e+01,4.126089e-11,1.450711e-09,1.450711e-11
2.351419e+01,4.123520e-11,1.442309e-09,1.442309e-11
2.351671e+01,4.109803e-11,1.430595e-09,1.430595e-11
2.351922e+01,4.084245e-11,1.415230e-09,1.415230e-11
2.352173e+01,4.046604e-11,1.396002e-09,1.396002e-11
2.352425e+01,3.997089e-11,1.372883e-09,1.372883e-11
2.352676e+01,3.936388e-11,1.346063e-09,1.346063e-11
2.352927e+01,3.865601e-11,1.315943e-09,1.315943e-11
2.353179e+01,3.786166e-11,1.283112e-09,1.283112e-11
2.353430e+01,3.699817e-11,1.248286e-09,1.248286e-11
2.353681e+01,3.608501e-11,1.212228e-09,1.212228e-11
2.353933e+01,3.514231e-11,1.175670e-09,1.175670e-11
2.354184e+01,3.419017e-11,1.139246e-09,1.139246e-11
2.354435e+01,3.324835e-11,1.103436e-09,1.103436e-11
2.354687e+01,3.233432e-11,1.068538e-09,1.068538e-11
2.354938e+01,3.146363e-11,1.034686e-09,1.034686e-11
2.355189e+01,3.064954e-11,1.001884e-09,1.001884e-11
2.355441e+01,2.990164e-11,9.700585e-10,9.700585e-12
2.355692e+01,2.922690e-11,9.391213e-10,9.391213e-12
2.355943e+01,2.862921e-11,9.090234e-10,9.090234e-12
2.356194e+01,2.810949e-11,8.797905e-10,8.797905e-12
2.356446e+01,2.766649e-11,8.515432e-10,8.515432e-12
2.356697e+01,2.729680e-11,8.244949e-10,8.244949e-12
2.356948e+01,2.699531e-11,7.989211e-10,7.989211e-12
2.357200e+01,2.675561e-11,7.751197e-10,7.751197e-12
2.357451e+01,2.657075e-11,7.533683e-10,7.533683e-12
2.357702e+01,2.643362e-11,7.338839e-10,7.338839e-12
2.357954e+01,2.633709e-11,7.167967e-10,7.167967e-12
2.358205e+01,2.627438e-11,7.021371e-10,7.021371e-12
2.358456e+01,2.623962e-11,6.898545e-10,6.898545e-12
2.358708e+01,2.622809e-11,6.798539e-10,6.798539e-12
2.358959e+01,2.623607e-11,6.720241e-10,6.720241e-12
2.359210e+01,2.626114e-11,6.662823e-10,6.662823e-12
2.359462e+01,2.630233e-11,6.626184e-10,6.626184e-12
2.359713e+01,2.636002e-11,6.611097e-10,6.611097e-12
2.359964e+01,2.643567e-11,6.619133e-10,6.619133e-12
2.360216e+01,2.653148e-11,6.652393e-10,6.652393e-12
2.360467e+01,2.665085e-11,6.713205e-10,6.713205e-12
2.360718e+01,2.679803e-11,6.803746e-10,6.803746e-12
2.360970e+01,2.697663e-11,6.925350e-10,6.925350e-12
2.361221e+01,2.719006e-11,7.078152e-10,7.078152e-12
2.361472e+01,2.744191e-11,7.261165e-10,7.261165e-12
2.361724e+01,2.773432e-11,7.472259e-10,7.472259e-12
2.361975e+01,2.806776e-11,7.708271e-10,7.708271e-12
2.362226e+01,2.844146e-11,7.965398e-10,7.965398e-12
2.362478e+01,2.885278e-11,8.239523e-10,8.239523e-12
2.362729e+01,2.929666e-11,8.526519e-10,8.526519e-12
2.362980e+01,2.976652e-11,8.822559e-10,8.822559e-12
2.363232e+01,3.025476e-11,9.124101e-10,9.124101e-12
2.363483e+01,3.075146e-11,9.427772e-10,9.427772e-12
2.363734e+01,3.124591e-11,9.730477e-10,9.730477e-12
2.363986e+01,3.172766e-11,1.002934e-09,1.002934e-11
2.364237e+01,3.218560e-11,1.032162e-09,1.032162e-11
2.364488e+01,3.260973e-11,1.060486e-09,1.060486e-11
2.364740e+01,3.299169e-11,1.087695e-09,1.087695e-11
2.364991e+01,3.332499e-11,1.113605e-09,1.113605e-11
2.365242e+01,3.360524e-11,1.138079e-09,1.138079e-11
2.365494e+01,3.383079e-11,1.161053e-09,1.161053e-11
2.365745e+01,3.400312e-11,1.182522e-09,1.182522e-11
2.365996e+01,3.412577e-11,1.202526e-09,1.202526e-11
2.366248e+01,3.420482e-11,1.221137e-09,1.221137e-11
2.366499e+01,3.424853e-11,1.238451e-09,1.238451e-11
2.366750e+01,3.426622e-11,1.254566e-09,1.254566e-11
2.367002e+01,3.426817e-11,1.269567e-09,1.269567e-11
2.367253e+01,3.426437e-11,1.283507e-09,1.283507e-11
2.367504e+01,3.426366e-11,1.296420e-09,1.296420e-11
2.367756e+01,3.427438e-11,1.308329e-09,1.308329e-11
2.368007e+01,3.430232e-11,1.319240e-09,1.319240e-11
2.368258e+01,3.435033e-11,1.329160e-09,1.329160e-11
2.368510e+01,3.441966e-11,1.338113e-09,1.338113e-11
2.368761e+01,3.450864e-11,1.346139e-09,1.346139e-11
2.369012e+01,3.461326e-11,1.353287e-09,1.353287e-11
2.369264e+01,3.472759e-11,1.359620e-09,1.359620e-11
2.369515e+01,3.484494e-11,1.365198e-09,1.365198e-11
2.369766e+01,3.495822e-11,1.370068e-09,1.370068e-11
2.370017e+01,3.505966e-11,1.374280e-09,1.374280e-11
2.370269e+01,3.514327e-11,1.377897e-09,1.377897e-11
2.370520e+01,3.520512e-11,1.380974e-09,1.380974e-11
2.370771e+01,3.524272e-11,1.383564e-09,1.383564e-11
2.371023e+01,3.525623e-11,1.385738e-09,1.385738e-11
2.371274e+01,3.524877e-11,1.387580e-09,1.387580e-11
2.371525e+01,3.522546e-11,1.389177e-09,1.389177e-11
2.371777e+01,3.519303e-11,1.390604e-09,1.390604e-11
2.372028e+01,3.516039e-11,1.391921e-09,1.391921e-11
2.372279e+01,3.513696e-11,1.393167e-09,1.393167e-11
2.372531e+01,3.513130e-11,1.394367e-09,1.394367e-11
2.372782e+01,3.515130e-11,1.395544e-09,1.395544e-11
2.373033e+01,3.520305e-11,1.396721e-09,1.396721e-11
2.373285e+01,3.528982e-11,1.397943e-09,1.397943e-11
2.373536e+01,3.541246e-11,1.399285e-09,1.399285e-11
2.373787e+01,3.556860e-11,1.400824e-09,1.400824e-11
2.374039e+01,3.575214e-11,1.402607e-09,1.402607e-11
2.374290e+01,3.595461e-11,1.404647e-09,1.404647e-11
2.374541e+01,3.616566e-11,1.406894e-09,1.406894e-11
2.374793e+01,3.637286e-11,1.409203e-09,1.409203e-11
2.375044e+01,3.656312e-11,1.411340e-09,1.411340e-11
2.375295e+01,3.672420e-11,1.413009e-09,1.413009e-11
2.375547e+01,3.684511e-11,1.413883e-09,1.413883e-11
2.375798e+01,3.691670e-11,1.413659e-09,1.413659e-11
2.376049e+01,3.693250e-11,1.412095e-09,1.412095e-11
2.376301e+01,3.688946e-11,1.409040e-09,1.409040e-11
2.376552e+01,3.678778e-11,1.404466e-09,1.404466e-11
2.376803e+01,3.663103e-11,1.398466e-09,1.398466e-11
2.377055e+01,3.642621e-11,1.391211e-09,1.391211e-11
2.377306e+01,3.618245e-11,1.382906e-09,1.382906e-11
2.377557e+01,3.591018e-11,1.373757e-09,1.373757e-11
2.377809e+01,3.562130e-11,1.363929e-09,1.363929e-11
2.378060e+01,3.532827e-11,1.353512e-09,1.353512e-11
2.378311e+01,3.504205e-11,1.342508e-09,1.342508e-11
2.378563e+01,3.477187e-11,1.330851e-09,1.330851e-11
2.378814e+01,3.452571e-11,1.318440e-09,1.318440e-11
2.379065e+01,3.430903e-11,1.305177e-09,1.305177e-11
2.379317e+01,3.412379e-11,1.290994e-09,1.290994e-11
2.379568e+01,3.396914e-11,1.275868e-09,1.275868e-11
2.379819e+01,3.384183e-11,1.259860e-09,1.259860e-11
2.380071e+01,3.373609e-11,1.243101e-09,1.243101e-11
2.380322e+01,3.364412e-11,1.225763e-09,1.225763e-11
2.380573e+01,3.355674e-11,1.208030e-09,1.208030e-11
2.380825e+01,3.346345e-11,1.190079e-09,1.190079e-11
2.381076e+01,3.335375e-11,1.172039e-09,1.172039e-11
2.381327e+01,3.321768e-11,1.153984e-09,1.153984e-11
2.381579e+01,3.304537e-11,1.135923e-09,1.135923e-11
2.381830e+01,3.282829e-11,1.117797e-09,1.117797e-11
2.382081e+01,3.255963e-11,1.099497e-09,1.099497e-11
2.382333e+01,3.223387e-11,1.080915e-09,1.080915e-11
2.382584e+01,3.184811e-11,1.061966e-09,1.061966e-11
2.382835e+01,3.140191e-11,1.042606e-09,1.042606e-11
2.383087e+01,3.089684e-11,1.022860e-09,1.022860e-11
2.383338e+01,3.033703e-11,1.002811e-09,1.002811e-11
2.383589e+01,2.972848e-11,9.826092e-10,9.826092e-12
2.383841e+01,2.908010e-11,9.624882e-10,9.624882e-12
2.384092e+01,2.840373e-11,9.427239e-10,9.427239e-12
2.384343e+01,2.771233e-11,9.235804e-10,9.235804e-12
2.384594e+01,2.702077e-11,9.052903e-10,9.052903e-12
2.384846e+01,2.634576e-11,8.880190e-10,8.880190e-12
2.385097e+01,2.570471e-11,8.718313e-10,8.718313e-12
2.385348e+01,2.511535e-11,8.567066e-10,8.567066e-12
2.385600e+01,2.459523e-11,8.425470e-10,8.425470e-12
2.385851e+01,2.416072e-11,8.291965e-10,8.291965e-12
2.386102e+01,2.382619e-11,8.165207e-10,8.165207e-12
2.386354e+01,2.360394e-11,8.044853e-10,8.044853e-12
2.386605e+01,2.350276e-11,7.932057e-10,7.932057e-12
2.386856e+01,2.352715e-11,7.830051e-10,7.830051e-12
2.387108e+01,2.367791e-11,7.744486e-10,7.744486e-12
2.387359e+01,2.395157e-11,7.683103e-10,7.683103e-12
2.387610e+01,2.433958e-11,7.654844e-10,7.654844e-12
2.387862e+01,2.482907e-11,7.668640e-10,7.668640e-12
2.388113e+01,2.540409e-11,7.731892e-10,7.731892e-12
2.388364e+01,2.604527e-11,7.848951e-10,7.848951e-12
2.388616e+01,2.673100e-11,8.020256e-10,8.020256e-12
2.388867e+01,2.743942e-11,8.242151e-10,8.242151e-12
2.389118e+01,2.814816e-11,8.507349e-10,8.507349e-12
2.389370e+01,2.883598e-11,8.806096e-10,8.806096e-12
2.389621e+01,2.948459e-11,9.127541e-10,9.127541e-12
2.389872e+01,3.007853e-11,9.460780e-10,9.460780e-12
2.390124e+01,3.060584e-11,9.795482e-10,9.795482e-12
2.390375e+01,3.105899e-11,1.012219e-09,1.012219e-11
2.390626e+01,3.143460e-11,1.043233e-09,1.043233e-11
2.390878e+01,3.173299e-11,1.071817e-09,1.071817e-11
2.391129e+01,3.195792e-11,1.097273e-09,1.097273e-11
2.391380e+01,3.211611e-11,1.118985e-09,1.118985e-11
2.391632e+01,3.221549e-11,1.136430e-09,1.136430e-11
2.391883e+01,3.226480e-11,1.149211e-09,1.149211e-11
2.392134e+01,3.227241e-11,1.157097e-09,1.157097e-11
2.392386e+01,3.224539e-11,1.160062e-09,1.160062e-11
2.392637e+01,3.218954e-11,1.158303e-09,1.158303e-11
2.392888e+01,3.210753e-11,1.152228e-09,1.152228e-11
2.393140e+01,3.200009e-11,1.142415e-09,1.142415e-11
2.393391e+01,3.186595e-11,1.129565e-09,1.129565e-11
2.393642e+01,3.170162e-11,1.114427e-09,1.114427e-11
2.393894e+01,3.150331e-11,1.097714e-09,1.097714e-11
2.394145e+01,3.126697e-11,1.080041e-09,1.080041e-11
2.394396e+01,3.098951e-11,1.061903e-09,1.061903e-11
2.394648e+01,3.066971e-11,1.043686e-09,1.043686e-11
2.394899e+01,3.030933e-11,1.025712e-09,1.025712e-11
2.395150e+01,2.991373e-11,1.008305e-09,1.008305e-11
2.395402e+01,2.949184e-11,9.918502e-10,9.918502e-12
2.395653e+01,2.905640e-11,9.768167e-10,9.768167e-12
2.395904e+01,2.862339e-11,9.637354e-10,9.637354e-12
2.396156e+01,2.821135e-11,9.531462e-10,9.531462e-12
2.396407e+01,2.784035e-11,9.455234e-10,9.455234e-12
2.396658e+01,2.753073e-11,9.411925e-10,9.411925e-12
2.396910e+01,2.730132e-11,9.402718e-10,9.402718e-12
2.397161e+01,2.716846e-11,9.426777e-10,9.426777e-12
2.397412e+01,2.714557e-11,9.481770e-10,9.481770e-12
2.397664e+01,2.724128e-11,9.564455e-10,9.564455e-12
2.397915e+01,2.745886e-11,9.671300e-10,9.671300e-12
2.398166e+01,2.779635e-11,9.799008e-10,9.799008e-12
2.398417e+01,2.824637e-11,9.944737e-10,9.944737e-12
2.398669e+01,2.879759e-11,1.010594e-09,1.010594e-11
2.398920e+01,2.943582e-11,1.028003e-09,1.028003e-11
2.399171e+01,3.014446e-11,1.046420e-09,1.046420e-11
2.399423e+01,3.090599e-11,1.065552e-09,1.065552e-11
2.399674e+01,3.170430e-11,1.085151e-09,1.085151e-11
2.399925e+01,3.252611e-11,1.105096e-09,1.105096e-11
2.400177e+01,3.336098e-11,1.125467e-09,1.125467e-11
2.400428e+01,3.420305e-11,1.146642e-09,1.146642e-11
2.400679e+01,3.505220e-11,1.169343e-09,1.169343e-11
2.400931e+01,3.591207e-11,1.194578e-09,1.194578e-11
2.401182e+01,3.679044e-11,1.223568e-09,1.223568e-11
2.401433e+01,3.769947e-11,1.257639e-09,1.257639e-11
2.401685e+01,3.865339e-11,1.298025e-09,1.298025e-11
2.401936e+01,3.966675e-11,1.345687e-09,1.345687e-11
2.402187e+01,4.075333e-11,1.401206e-09,1.401206e-11
2.402439e+01,4.192462e-11,1.464732e-09,1.464732e-11
2.402690e+01,4.318810e-11,1.535987e-09,1.535987e-11
2.402941e+01,4.454645e-11,1.614317e-09,1.614317e-11
2.403193e+01,4.599596e-11,1.698756e-09,1.698756e-11
2.403444e+01,4.752638e-11,1.788108e-09,1.788108e-11
2.403695e+01,4.912110e-11,1.880983e-09,1.880983e-11
2.403947e+01,5.075688e-11,1.975813e-09,1.975813e-11
2.404198e+01,5.240496e-11,2.070878e-09,2.070878e-11
2.404449e+01,5.403210e-11,2.164325e-09,2.164325e-11
2.404701e+01,5.560235e-11,2.254181e-09,2.254181e-11
2.404952e+01,5.707775e-11,2.338396e-09,2.338396e-11
2.405203e+01,5.841997e-11,2.414916e-09,2.414916e-11
2.405455e+01,5.959332e-11,2.481763e-09,2.481763e-11
2.405706e+01,6.056520e-11,2.537124e-09,2.537124e-11
2.405957e+01,6.130712e-11,2.579439e-09,2.579439e-11
2.406209e+01,6.179684e-11,2.607503e-09,2.607503e-11
2.406460e+01,6.201889e-11,2.620529e-09,2.620529e-11
2.406711e+01,6.196538e-11,2.618216e-09,2.618216e-11
2.406963e+01,6.163650e-11,2.600792e-09,2.600792e-11
2.407214e+01,6.103993e-11,2.569030e-09,2.569030e-11
2.407465e+01,6.019136e-11,2.524226e-09,2.524226e-11
2.407717e+01,5.911350e-11,2.468157e-09,2.468157e-11
2.407968e+01,5.783588e-11,2.403024e-09,2.403024e-11
2.408219e+01,5.639409e-11,2.331347e-09,2.331347e-11
2.408471e+01,5.482696e-11,2.255836e-09,2.255836e-11
2.408722e+01,5.317697e-11,2.179244e-09,2.179244e-11
2.408973e+01,5.148839e-11,2.104194e-09,2.104194e-11
2.409225e+01,4.980471e-11,2.033005e-09,2.033005e-11
2.409476e+01,4.816831e-11,1.967550e-09,1.967550e-11
2.409727e+01,4.661870e-11,1.909139e-09,1.909139e-11
2.409979e+01,4.519066e-11,1.858461e-09,1.858461e-11
2.410230e+01,4.391320e-11,1.815612e-09,1.815612e-11
2.410481e+01,4.280873e-11,1.780188e-09,1.780188e-11
2.410733e+01,4.189168e-11,1.751416e-09,1.751416e-11
2.410984e+01,4.116901e-11,1.728324e-09,1.728324e-11
2.411235e+01,4.063953e-11,1.709869e-09,1.709869e-11
2.411487e+01,4.029388e-11,1.695024e-09,1.695024e-11
2.411738e+01,4.011626e-11,1.682829e-09,1.682829e-11
2.411989e+01,4.008441e-11,1.672392e-09,1.672392e-11
2.412241e+01,4.017178e-11,1.662879e-09,1.662879e-11
2.412492e+01,4.034875e-11,1.653492e-09,1.653492e-11
2.412743e+01,4.058349e-11,1.643457e-09,1.643457e-11
2.412994e+01,4.084502e-11,1.632064e-09,1.632064e-11
2.413246e+01,4.110461e-11,1.618704e-09,1.618704e-11
2.413497e+01,4.133655e-11,1.602911e-09,1.602911e-11
2.413748e+01,4.151964e-11,1.584432e-09,1.584432e-11
2.414000e+01,4.163818e-11,1.563260e-09,1.563260e-11
2.414251e+01,4.168285e-11,1.539640e-09,1.539640e-11
2.414502e+01,4.165021e-11,1.514042e-09,1.514042e-11
2.414754e+01,4.154208e-11,1.487101e-09,1.487101e-11
2.415005e+01,4.136609e-11,1.459540e-09,1.459540e-11
2.415256e+01,4.113356e-11,1.432075e-09,1.432075e-11
2.415508e+01,4.085834e-11,1.405316e-09,1.405316e-11
2.415759e+01,4.055610e-11,1.379727e-09,1.379727e-11
2.416010e+01,4.024269e-11,1.355596e-09,1.355596e-11
2.416262e+01,3.993295e-11,1.333045e-09,1.333045e-11
2.416513e+01,3.963934e-11,1.312076e-09,1.312076e-11
2.416764e+01,3.937161e-11,1.292631e-09,1.292631e-11
2.417016e+01,3.913597e-11,1.274630e-09,1.274630e-11
2.417267e+01,3.893441e-11,1.258017e-09,1.258017e-11
2.417518e+01,3.876550e-11,1.242769e-09,1.242769e-11
2.417770e+01,3.862501e-11,1.228885e-09,1.228885e-11
2.418021e+01,3.850599e-11,1.216354e-09,1.216354e-11
2.418272e+01,3.839981e-11,1.205124e-09,1.205124e-11
2.418524e+01,3.829706e-11,1.195096e-09,1.195096e-11
2.418775e+01,3.818821e-11,1.186109e-09,1.186109e-11
2.419026e+01,3.806436e-11,1.177938e-09,1.177938e-11
2.419278e+01,3.791801e-11,1.170336e-09,1.170336e-11
2.419529e+01,3.774365e-11,1.163054e-09,1.163054e-11
2.419780e+01,3.753750e-11,1.155849e-09,1.155849e-11
2.420032e+01,3.729764e-11,1.148510e-09,1.148510e-11
2.420283e+01,3.702423e-11,1.140859e-09,1.140859e-11
2.420534e+01,3.671873e-11,1.132739e-09,1.132739e-11
2.420786e+01,3.638320e-11,1.124004e-09,1.124004e-11
2.421037e+01,3.602017e-11,1.114530e-09,1.114530e-11
2.421288e+01,3.563254e-11,1.104211e-09,1.104211e-11
2.421540e+01,3.522276e-11,1.092953e-09,1.092953e-11
2.421791e+01,3.479233e-11,1.080689e-09,1.080689e-11
2.422042e+01,3.434230e-11,1.067397e-09,1.067397e-11
2.422294e+01,3.387304e-11,1.053110e-09,1.053110e-11
2.422545e+01,3.338469e-11,1.037908e-09,1.037908e-11
2.422796e+01,3.287742e-11,1.021924e-09,1.021924e-11
2.423048e+01,3.235139e-11,1.005338e-09,1.005338e-11
2.423299e+01,3.180782e-11,9.883712e-10,9.883712e-12
2.423550e+01,3.124947e-11,9.712721e-10,9.712721e-12
2.423802e+01,3.068087e-11,9.542947e-10,9.542947e-12
2.424053e+01,3.010815e-11,9.376796e-10,9.376796e-12
2.424304e+01,2.953898e-11,9.216468e-10,9.216468e-12
2.424556e+01,2.898361e-11,9.063809e-10,9.063809e-12
2.424807e+01,2.845331e-11,8.919902e-10,8.919902e-12
2.425058e+01,2.795982e-11,8.785165e-10,8.785165e-12
2.425310e+01,2.751630e-11,8.659561e-10,8.659561e-12
2.425561e+01,2.713500e-11,8.542428e-10,8.542428e-12
2.425812e+01,2.682703e-11,8.432771e-10,8.432771e-12
2.426064e+01,2.660242e-11,8.329798e-10,8.329798e-12
2.426315e+01,2.646800e-11,8.233190e-10,8.233190e-12
2.426566e+01,2.642774e-11,8.143492e-10,8.143492e-12
2.426817e+01,2.648284e-11,8.062383e-10,8.062383e-12
2.427069e+01,2.663021e-11,7.992719e-10,7.992719e-12
2.427320e+01,2.686344e-11,7.938380e-10,7.938380e-12
2.427571e+01,2.717323e-11,7.903665e-10,7.903665e-12
2.427823e+01,2.754627e-11,7.892478e-10,7.892478e-12
2.428074e+01,2.796753e-11,7.907696e-10,7.907696e-12
2.428325e+01,2.842083e-11,7.950365e-10,7.950365e-12
2.428577e+01,2.888755e-11,8.018899e-10,8.018899e-12
2.428828e+01,2.934872e-11,8.109060e-10,8.109060e-12
2.429079e+01,2.978655e-11,8.214525e-10,8.214525e-12
2.429331e+01,3.018470e-11,8.327531e-10,8.327531e-12
2.429582e+01,3.052842e-11,8.439574e-10,8.439574e-12
2.429833e+01,3.080476e-11,8.542424e-10,8.542424e-12
2.430085e+01,3.100463e-11,8.629161e-10,8.629161e-12
2.430336e+01,3.112220e-11,8.694715e-10,8.694715e-12
2.430587e+01,3.115438e-11,8.736185e-10,8.736185e-12
2.430839e+01,3.110183e-11,8.753129e-10,8.753129e-12
2.431090e+01,3.096879e-11,8.747564e-10,8.747564e-12
2.431341e+01,3.076283e-11,8.723587e-10,8.723587e-12
2.431593e+01,3.049398e-11,8.686809e-10,8.686809e-12
2.431844e+01,3.017454e-11,8.643753e-10,8.643753e-12
2.432095e+01,2.981900e-11,8.601154e-10,8.601154e-12
2.432347e+01,2.944351e-11,8.565082e-10,8.565082e-12
2.432598e+01,2.906442e-11,8.540116e-10,8.540116e-12
2.432849e+01,2.869802e-11,8.528955e-10,8.528955e-12
2.433101e+01,2.836095e-11,8.532366e-10,8.532366e-12
2.433352e+01,2.806869e-11,8.549217e-10,8.549217e-12
2.433603e+01,2.783490e-11,8.576973e-10,8.576973e-12
2.433855e+01,2.767203e-11,8.612473e-10,8.612473e-12
2.434106e+01,2.758978e-11,8.652649e-10,8.652649e-12
2.434357e+01,2.759458e-11,8.695419e-10,8.695419e-12
2.434609e+01,2.769089e-11,8.740380e-10,8.740380e-12
2.434860e+01,2.787996e-11,8.788960e-10,8.788960e-12
2.435111e+01,2.815961e-11,8.844568e-10,8.844568e-12
2.435363e+01,2.852488e-11,8.912411e-10,8.912411e-12
2.435614e+01,2.896749e-11,8.998688e-10,8.998688e-12
2.435865e+01,2.947702e-11,9.109725e-10,9.109725e-12
2.436117e+01,3.004101e-11,9.251103e-10,9.251103e-12
2.436368e+01,3.064474e-11,9.426655e-10,9.426655e-12
2.436619e+01,3.127286e-11,9.637790e-10,9.637790e-12
2.436871e+01,3.190951e-11,9.883290e-10,9.883290e-12
2.437122e+01,3.253913e-11,1.015950e-09,1.015950e-11
2.437373e+01,3.314725e-11,1.046085e-09,1.046085e-11
2.437625e+01,3.372104e-11,1.078057e-09,1.078057e-11
2.437876e+01,3.425011e-11,1.111142e-09,1.111142e-11
2.438127e+01,3.472671e-11,1.144639e-09,1.144639e-11
2.438379e+01,3.514615e-11,1.177915e-09,1.177915e-11
2.438630e+01,3.550717e-11,1.210422e-09,1.210422e-11
2.438881e+01,3.581184e-11,1.241694e-09,1.241694e-11
2.439133e+01,3.606444e-11,1.271335e-09,1.271335e-11
2.439384e+01,3.627172e-11,1.299026e-09,1.299026e-11
2.439635e+01,3.644279e-11,1.324505e-09,1.324505e-11
2.439887e+01,3.658684e-11,1.347558e-09,1.347558e-11
2.440138e+01,3.671308e-11,1.368029e-09,1.368029e-11
2.440389e+01,3.683041e-11,1.385832e-09,1.385832e-11
2.440641e+01,3.694551e-11,1.400944e-09,1.400944e-11
2.440892e+01,3.706296e-11,1.413419e-09,1.413419e-11
2.441143e+01,3.718471e-11,1.423394e-09,1.423394e-11
2.441394e+01,3.730946e-11,1.431061e-09,1.431061e-11
2.441646e+01,3.743337e-11,1.436636e-09,1.436636e-11
2.441897e+01,3.755031e-11,1.440325e-09,1.440325e-11
2.442148e+01,3.765192e-11,1.442300e-09,1.442300e-11
2.442400e+01,3.772835e-11,1.442675e-09,1.442675e-11
2.442651e+01,3.777009e-11,1.441486e-09,1.441486e-11
2.442902e+01,3.776778e-11,1.438686e-09,1.438686e-11
2.443154e+01,3.771307e-11,1.434174e-09,1.434174e-11
2.443405e+01,3.760019e-11,1.427820e-09,1.427820e-11
2.443656e+01,3.742597e-11,1.419475e-09,1.419475e-11
2.443908e+01,3.719006e-11,1.408991e-09,1.408991e-11
2.444159e+01,3.689483e-11,1.396230e-09,1.396230e-11
2.444410e+01,3.654511e-11,1.381069e-09,1.381069e-11
2.444662e+01,3.614796e-11,1.363408e-09,1.363408e-11
2.444913e+01,3.571190e-11,1.343170e-09,1.343170e-11
2.445164e+01,3.524586e-11,1.320309e-09,1.320309e-11
2.445416e+01,3.475822e-11,1.294837e-09,1.294837e-11
2.445667e+01,3.425687e-11,1.266868e-09,1.266868e-11
2.445918e+01,3.374786e-11,1.236641e-09,1.236641e-11
2.446170e+01,3.323485e-11,1.204544e-09,1.204544e-11
2.446421e+01,3.271980e-11,1.171120e-09,1.171120e-11
2.446672e+01,3.220237e-11,1.137058e-09,1.137058e-11
2.446924e+01,3.168090e-11,1.103145e-09,1.103145e-11
2.447175e+01,3.115296e-11,1.070205e-09,1.070205e-11
2.447426e+01,3.061594e-11,1.039012e-09,1.039012e-11
2.447678e+01,3.006773e-11,1.010211e-09,1.010211e-11
2.447929e+01,2.950821e-11,9.842824e-10,9.842824e-12
2.448180e+01,2.894007e-11,9.615171e-10,9.615171e-12
2.448432e+01,2.836905e-11,9.420234e-10,9.420234e-12
2.448683e+01,2.780446e-11,9.257702e-10,9.257702e-12
2.448934e+01,2.725859e-11,9.126469e-10,9.126469e-12
2.449186e+01,2.674687e-11,9.025166e-10,9.025166e-12
2.449437e+01,2.628749e-11,8.952554e-10,8.952554e-12
2.449688e+01,2.589973e-11,8.907755e-10,8.907755e-12
2.449940e+01,2.560237e-11,8.890467e-10,8.890467e-12
2.450191e+01,2.541348e-11,8.901207e-10,8.901207e-12
2.450442e+01,2.534913e-11,8.941456e-10,8.941456e-12
2.450694e+01,2.542117e-11,9.013742e-10,9.013742e-12
2.450945e+01,2.563637e-11,9.121689e-10,9.121689e-12
2.451196e+01,2.599638e-11,9.269738e-10,9.269738e-12
2.451448e+01,2.649693e-11,9.462505e-10,9.462505e-12
2.451699e+01,2.712748e-11,9.704030e-10,9.704030e-12
2.451950e+01,2.787274e-11,9.996684e-10,9.996684e-12
2.452202e+01,2.871203e-11,1.034000e-09,1.034000e-11
2.452453e+01,2.962084e-11,1.073011e-09,1.073011e-11
2.452704e+01,3.057316e-11,1.115961e-09,1.115961e-11
2.452956e+01,3.154115e-11,1.161797e-09,1.161797e-11
2.453207e+01,3.249770e-11,1.209255e-09,1.209255e-11
2.453458e+01,3.341805e-11,1.256966e-09,1.256966e-11
2.453710e+01,3.428010e-11,1.303565e-09,1.303565e-11
2.453961e+01,3.506605e-11,1.347799e-09,1.347799e-11
2.454212e+01,3.576313e-11,1.388594e-09,1.388594e-11
2.454464e+01,3.636352e-11,1.425101e-09,1.425101e-11
2.454715e+01,3.686525e-11,1.456718e-09,1.456718e-11
2.454966e+01,3.727169e-11,1.483079e-09,1.483079e-11
2.455217e+01,3.758999e-11,1.504046e-09,1.504046e-11
2.455469e+01,3.783204e-11,1.519703e-09,1.519703e-11
2.455720e+01,3.801328e-11,1.530316e-09,1.530316e-11
2.455971e+01,3.815088e-11,1.536300e-09,1.536300e-11
2.456223e+01,3.826322e-11,1.538197e-09,1.538197e-11
2.456474e+01,3.836882e-11,1.536652e-09,1.536652e-11
2.456725e+01,3.848606e-11,1.532392e-09,1.532392e-11
2.456977e+01,3.863144e-11,1.526206e-09,1.526206e-11
2.457228e+01,3.881921e-11,1.518910e-09,1.518910e-11
2.457479e+01,3.906096e-11,1.511322e-09,1.511322e-11
2.457731e+01,3.936491e-11,1.504231e-09,1.504231e-11
2.457982e+01,3.973598e-11,1.498366e-09,1.498366e-11
2.458233e+01,4.017490e-11,1.494333e-09,1.494333e-11
2.458485e+01,4.067834e-11,1.492573e-09,1.492573e-11
2.458736e+01,4.123951e-11,1.493355e-09,1.493355e-11
2.458987e+01,4.184782e-11,1.496739e-09,1.496739e-11
2.459239e+01,4.248876e-11,1.502544e-09,1.502544e-11
2.459490e+01,4.314551e-11,1.510355e-09,1.510355e-11
2.459741e+01,4.379869e-11,1.519555e-09,1.519555e-11
2.459993e+01,4.442651e-11,1.529359e-09,1.529359e-11
2.460244e+01,4.500714e-11,1.538863e-09,1.538863e-11
2.460495e+01,4.551818e-11,1.547112e-09,1.547112e-11
2.460747e+01,4.593840e-11,1.553192e-09,1.553192e-11
2.460998e+01,4.624975e-11,1.556315e-09,1.556315e-11
2.461249e+01,4.643651e-11,1.555853e-09,1.555853e-11
2.461501e+01,4.648732e-11,1.551408e-09,1.551408e-11
2.461752e+01,4.639640e-11,1.542866e-09,1.542866e-11
2.462003e+01,4.616378e-11,1.530386e-09,1.530386e-11
2.462255e+01,4.579575e-11,1.514371e-09,1.514371e-11
2.462506e+01,4.530419e-11,1.495402e-09,1.495402e-11
2.462757e+01,4.470762e-11,1.474165e-09,1.474165e-11
2.463009e+01,4.402984e-11,1.451343e-09,1.451343e-11
2.463260e+01,4.329753e-11,1.427532e-09,1.427532e-11
2.463511e+01,4.254118e-11,1.403195e-09,1.403195e-11
2.463763e+01,4.179249e-11,1.378652e-09,1.378652e-11
2.464014e+01,4.108172e-11,1.354091e-09,1.354091e-11
2.464265e+01,4.043732e-11,1.329666e-09,1.329666e-11
2.464517e+01,3.988391e-11,1.305622e-09,1.305622e-11
2.464768e+01,3.944012e-11,1.282389e-09,1.282389e-11
2.465019e+01,3.911781e-11,1.260627e-09,1.260627e-11
2.465271e+01,3.892177e-11,1.241232e-09,1.241232e-11
2.465522e+01,3.884896e-11,1.225234e-09,1.225234e-11
2.465773e+01,3.888909e-11,1.213601e-09,1.213601e-11
2.466025e+01,3.902525e-11,1.207020e-09,1.207020e-11
2.466276e+01,3.923508e-11,1.205676e-09,1.205676e-11
2.466527e+01,3.949267e-11,1.209128e-09,1.209128e-11
2.466779e+01,3.976906e-11,1.216322e-09,1.216322e-11
2.467030e+01,4.003514e-11,1.225750e-09,1.225750e-11
2.467281e+01,4.026410e-11,1.235694e-09,1.235694e-11
2.467533e+01,4.043197e-11,1.244486e-09,1.244486e-11
2.467784e+01,4.051944e-11,1.250757e-09,1.250757e-11
2.468035e+01,4.051347e-11,1.253587e-09,1.253587e-11
2.468287e+01,4.040712e-11,1.252564e-09,1.252564e-11
2.468538e+01,4.019939e-11,1.247756e-09,1.247756e-11
2.468789e+01,3.989624e-11,1.239601e-09,1.239601e-11
2.469040e+01,3.950906e-11,1.228753e-09,1.228753e-11
2.469292e+01,3.905328e-11,1.215913e-09,1.215913e-11
2.469543e+01,3.854788e-11,1.201682e-09,1.201682e-11
2.469794e+01,3.801324e-11,1.186441e-09,1.186441e-11
2.470046e+01,3.746970e-11,1.170350e-09,1.170350e-11
2.470297e+01,3.693645e-11,1.153411e-09,1.153411e-11
2.470548e+01,3.642989e-11,1.135549e-09,1.135549e-11
2.470800e+01,3.596307e-11,1.116741e-09,1.116741e-11
2.471051e+01,3.554502e-11,1.097153e-09,1.097153e-11
2.471302e+01,3.518082e-11,1.077185e-09,1.077185e-11
2.471554e+01,3.487205e-11,1.057429e-09,1.057429e-11
2.471805e+01,3.461571e-11,1.038587e-09,1.038587e-11
2.472056e+01,3.440593e-11,1.021369e-09,1.021369e-11
2.472308e+01,3.423615e-11,1.006352e-09,1.006352e-11
2.472559e+01,3.409843e-11,9.938406e-10,9.938406e-12
2.472810e+01,3.398445e-11,9.837995e-10,9.837995e-12
2.473062e+01,3.388687e-11,9.758881e-10,9.758881e-12
2.473313e+01,3.380038e-11,9.695566e-10,9.695566e-12
2.473564e+01,3.372175e-11,9.641813e-10,9.641813e-12
2.473816e+01,3.364946e-11,9.592062e-10,9.592062e-12
2.474067e+01,3.358510e-11,9.542684e-10,9.542684e-12
2.474318e+01,3.353175e-11,9.492629e-10,9.492629e-12
2.474570e+01,3.349338e-11,9.443491e-10,9.443491e-12
2.474821e+01,3.347529e-11,9.399147e-10,9.399147e-12
2.475072e+01,3.348266e-11,9.364833e-10,9.364833e-12
2.475324e+01,3.351991e-11,9.346000e-10,9.346000e-12
2.475575e+01,3.358968e-11,9.347289e-10,9.347289e-12
2.475826e+01,3.369304e-11,9.371636e-10,9.371636e-12
2.476078e+01,3.382853e-11,9.419581e-10,9.419581e-12
2.476329e+01,3.399204e-11,9.489115e-10,9.489115e-12
2.476580e+01,3.417761e-11,9.576103e-10,9.576103e-12
2.476832e+01,3.437638e-11,9.674761e-10,9.674761e-12
2.477083e+01,3.457811e-11,9.778327e-10,9.778327e-12
2.477334e+01,3.477195e-11,9.879972e-10,9.879972e-12
2.477586e+01,3.494605e-11,9.973240e-10,9.973240e-12
2.477837e+01,3.508859e-11,1.005246e-09,1.005246e-11
2.478088e+01,3.518936e-11,1.011340e-09,1.011340e-11
2.478340e+01,3.523991e-11,1.015332e-09,1.015332e-11
2.478591e+01,3.523320e-11,1.017078e-09,1.017078e-11
2.478842e+01,3.516490e-11,1.016579e-09,1.016579e-11
2.479094e+01,3.503363e-11,1.013969e-09,1.013969e-11
2.479345e+01,3.484040e-11,1.009475e-09,1.009475e-11
2.479596e+01,3.458853e-11,1.003402e-09,1.003402e-11
2.479848e+01,3.428380e-11,9.961090e-10,9.961090e-12
2.480099e+01,3.393436e-11,9.879818e-10,9.879818e-12
2.480350e+01,3.354930e-11,9.793951e-10,9.793951e-12
2.480602e+01,3.313874e-11,9.707005e-10,9.707005e-12
2.480853e+01,3.271402e-11,9.622264e-10,9.622264e-12
2.481104e+01,3.228628e-11,9.542551e-10,9.542551e-12
2.481356e+01,3.186538e-11,9.470048e-10,9.470048e-12
2.481607e+01,3.146111e-11,9.406515e-10,9.406515e-12
2.481858e+01,3.108268e-11,9.353404e-10,9.353404e-12
2.482110e+01,3.073684e-11,9.311674e-10,9.311674e-12
2.482361e+01,3.042921e-11,9.281893e-10,9.281893e-12
2.482612e+01,3.016367e-11,9.264548e-10,9.264548e-12
2.482864e+01,2.994233e-11,9.259876e-10,9.259876e-12
2.483115e+01,2.976572e-11,9.267639e-10,9.267639e-12
2.483366e+01,2.963221e-11,9.287297e-10,9.287297e-12
2.483617e+01,2.953896e-11,9.318004e-10,9.318004e-12
2.483869e+01,2.948197e-11,9.358618e-10,9.358618e-12
2.484120e+01,2.945656e-11,9.407784e-10,9.407784e-12
2.484371e+01,2.945716e-11,9.463780e-10,9.463780e-12
2.484623e+01,2.947823e-11,9.524825e-10,9.524825e-12
2.484874e+01,2.951510e-11,9.589442e-10,9.589442e-12
2.485125e+01,2.956370e-11,9.656330e-10,9.656330e-12
2.485377e+01,2.962098e-11,9.724516e-10,9.724516e-12
2.485628e+01,2.968583e-11,9.793628e-10,9.793628e-12
2.485879e+01,2.975916e-11,9.863777e-10,9.863777e-12
2.486131e+01,2.984312e-11,9.935256e-10,9.935256e-12
2.486382e+01,2.994155e-11,1.000833e-09,1.000833e-11
2.486633e+01,3.005988e-11,1.008333e-09,1.008333e-11
2.486885e+01,3.020488e-11,1.016049e-09,1.016049e-11
2.487136e+01,3.038333e-11,1.023953e-09,1.023953e-11
2.487387e+01,3.060094e-11,1.031977e-09,1.031977e-11
2.487639e+01,3.086332e-11,1.040063e-09,1.040063e-11
2.487890e+01,3.117448e-11,1.048169e-09,1.048169e-11
2.488141e+01,3.153552e-11,1.056281e-09,1.056281e-11
2.488393e+01,3.194529e-11,1.064429e-09,1.064429e-11
2.488644e+01,3.240009e-11,1.072695e-09,1.072695e-11
2.488895e+01,3.289320e-11,1.081186e-09,1.081186e-11
2.489147e+01,3.341513e-11,1.090006e-09,1.090006e-11
2.489398e+01,3.395531e-11,1.099240e-09,1.099240e-11
2.489649e+01,3.450223e-11,1.108928e-09,1.108928e-11
2.489901e+01,3.504331e-11,1.119041e-09,1.119041e-11
2.490152e+01,3.556733e-11,1.129507e-09,1.129507e-11
2.490403e+01,3.606519e-11,1.140258e-09,1.140258e-11
2.490655e+01,3.652988e-11,1.151247e-09,1.151247e-11
2.490906e+01,3.695769e-11,1.162493e-09,1.162493e-11
2.491157e+01,3.734893e-11,1.174105e-09,1.174105e-11
2.491409e+01,3.770767e-11,1.186274e-09,1.186274e-11
2.491660e+01,3.804133e-11,1.199253e-09,1.199253e-11
2.491911e+01,3.835992e-11,1.213305e-09,1.213305e-11
2.492163e+01,3.867624e-11,1.228657e-09,1.228657e-11
2.492414e+01,3.900399e-11,1.245453e-09,1.245453e-11
2.492665e+01,3.935596e-11,1.263727e-09,1.263727e-11
2.492917e+01,3.974435e-11,1.283426e-09,1.283426e-11
2.493168e+01,4.017901e-11,1.304439e-09,1.304439e-11
2.493419e+01,4.066569e-11,1.326608e-09,1.326608e-11
2.493671e+01,4.120597e-11,1.349773e-09,1.349773e-11
2.493922e+01,4.179733e-11,1.373798e-09,1.373798e-11
2.494173e+01,4.243192e-11,1.398550e-09,1.398550e-11
2.494425e+01,4.309715e-11,1.423861e-09,1.423861e-11
2.494676e+01,4.377700e-11,1.449502e-09,1.449502e-11
2.494927e+01,4.445234e-11,1.475141e-09,1.475141e-11
2.495179e+01,4.510219e-11,1.500305e-09,1.500305e-11
2.495430e+01,4.570451e-11,1.524367e-09,1.524367e-11
2.495681e+01,4.623744e-11,1.546579e-09,1.546579e-11
2.495933e+01,4.668090e-11,1.566133e-09,1.566133e-11
2.496184e+01,4.701778e-11,1.582232e-09,1.582232e-11
2.496435e+01,4.723446e-11,1.594171e-09,1.594171e-11
2.496687e+01,4.732122e-11,1.601382e-09,1.601382e-11
2.496938e+01,4.727269e-11,1.603486e-09,1.603486e-11
2.497189e+01,4.708807e-11,1.600337e-09,1.600337e-11
2.497440e+01,4.677105e-11,1.592014e-09,1.592014e-11
2.497692e+01,4.632907e-11,1.578798e-09,1.578798e-11
2.497943e+01,4.577278e-11,1.561135e-09,1.561135e-11
2.498194e+01,4.511558e-11,1.539606e-09,1.539606e-11
2.498446e+01,4.437239e-11,1.514870e-09,1.514870e-11
2.498697e+01,4.355911e-11,1.487615e-09,1.487615e-11
2.498948e+01,4.269191e-11,1.458534e-09,1.458534e-11
2.499200e+01,4.178653e-11,1.428290e-09,1.428290e-11
2.499451e+01,4.085784e-11,1.397502e-09,1.397502e-11
2.499702e+01,3.991926e-11,1.366727e-09,1.366727e-11
2.499954e+01,3.898196e-11,1.336458e-09,1.336458e-11
2.500205e+01,3.805566e-11,1.307125e-09,1.307125e-11
2.500456e+01,3.714894e-11,1.279091e-09,1.279091e-11
2.500708e+01,3.626764e-11,1.252637e-09,1.252637e-11
2.500959e+01,3.541629e-11,1.227970e-09,1.227970e-11
2.501210e+01,3.459911e-11,1.205234e-09,1.205234e-11
2.501462e+01,3.381869e-11,1.184501e-09,1.184501e-11
2.501713e+01,3.307637e-11,1.165766e-09,1.165766e-11
2.501964e+01,3.237331e-11,1.148968e-09,1.148968e-11
2.502216e+01,3.171075e-11,1.134009e-09,1.134009e-11
2.502467e+01,3.108984e-11,1.120760e-09,1.120760e-11
2.502718e+01,3.051146e-11,1.109076e-09,1.109076e-11
2.502970e+01,2.997671e-11,1.098801e-09,1.098801e-11
2.503221e+01,2.948694e-11,1.089780e-09,1.089780e-11
2.503472e+01,2.904354e-11,1.081869e-09,1.081869e-11
2.503724e+01,2.864770e-11,1.074927e-09,1.074927e-11
2.503975e+01,2.830027e-11,1.068820e-09,1.068820e-11
2.504226e+01,2.800207e-11,1.063452e-09,1.063452e-11
2.504478e+01,2.775402e-11,1.058757e-09,1.058757e-11
2.504729e+01,2.755670e-11,1.054689e-09,1.054689e-11
2.504980e+01,2.740944e-11,1.051218e-09,1.051218e-11
2.505232e+01,2.731120e-11,1.048348e-09,1.048348e-11
2.505483e+01,2.726083e-11,1.046116e-09,1.046116e-11
2.505734e+01,2.725627e-11,1.044584e-09,1.044584e-11
2.505986e+01,2.729500e-11,1.043817e-09,1.043817e-11
2.506237e+01,2.737374e-11,1.043876e-09,1.043876e-11
2.506488e+01,2.748813e-11,1.044805e-09,1.044805e-11
2.506740e+01,2.763345e-11,1.046610e-09,1.046610e-11
2.506991e+01,2.780438e-11,1.049255e-09,1.049255e-11
2.507242e+01,2.799478e-11,1.052648e-09,1.052648e-11
2.507494e+01,2.819792e-11,1.056631e-09,1.056631e-11
2.507745e+01,2.840582e-11,1.060980e-09,1.060980e-11
2.507996e+01,2.861039e-11,1.065424e-09,1.065424e-11
2.508248e+01,2.880336e-11,1.069654e-09,1.069654e-11
2.508499e+01,2.897599e-11,1.073357e-09,1.073357e-11
2.508750e+01,2.912000e-11,1.076242e-09,1.076242e-11
2.509002e+01,2.922764e-11,1.078063e-09,1.078063e-11
2.509253e+01,2.929217e-11,1.078637e-09,1.078637e-11
2.509504e+01,2.930848e-11,1.077868e-09,1.077868e-11
2.509756e+01,2.927374e-11,1.075762e-09,1.075762e-11
2.510007e+01,2.918728e-11,1.072401e-09,1.072401e-11
2.510258e+01,2.905117e-11,1.067905e-09,1.067905e-11
2.510510e+01,2.887080e-11,1.062400e-09,1.062400e-11
2.510761e+01,2.865477e-11,1.055980e-09,1.055980e-11
2.511012e+01,2.841408e-11,1.048655e-09,1.048655e-11
2.511264e+01,2.816211e-11,1.040317e-09,1.040317e-11
2.511515e+01,2.791400e-11,1.030765e-09,1.030765e-11
2.511766e+01,2.768531e-11,1.019769e-09,1.019769e-11
2.512017e+01,2.749203e-11,1.007170e-09,1.007170e-11
2.512269e+01,2.734821e-11,9.929702e-10,9.929702e-12
2.512520e+01,2.726462e-11,9.774469e-10,9.774469e-12
2.512771e+01,2.724883e-11,9.612770e-10,9.612770e-12
2.513023e+01,2.730414e-11,9.455645e-10,9.455645e-12
2.513274e+01,2.742853e-11,9.317368e-10,9.317368e-12
2.513525e+01,2.761422e-11,9.213432e-10,9.213432e-12
2.513777e+01,2.784842e-11,9.157503e-10,9.157503e-12
2.514028e+01,2.811422e-11,9.157664e-10,9.157664e-12
2.514279e+01,2.839094e-11,9.213286e-10,9.213286e-12
2.514531e+01,2.865551e-11,9.313941e-10,9.313941e-12
2.514782e+01,2.888487e-11,9.440808e-10,9.440808e-12
2.515033e+01,2.905685e-11,9.569928e-10,9.569928e-12
2.515285e+01,2.915216e-11,9.676374e-10,9.676374e-12
2.515536e+01,2.915669e-11,9.738573e-10,9.738573e-12
2.515787e+01,2.906231e-11,9.741692e-10,9.741692e-12
2.516039e+01,2.886752e-11,9.679449e-10,9.679449e-12
2.516290e+01,2.857794e-11,9.554722e-10,9.554722e-12
2.516541e+01,2.820633e-11,9.379180e-10,9.379180e-12
2.516793e+01,2.777213e-11,9.171437e-10,9.171437e-12
2.517044e+01,2.729974e-11,8.953681e-10,8.953681e-12
2.517295e+01,2.681681e-11,8.747518e-10,8.747518e-12
2.517547e+01,2.635234e-11,8.570007e-10,8.570007e-12
2.517798e+01,2.593434e-11,8.430763e-10,8.430763e-12
2.518049e+01,2.558778e-11,8.330874e-10,8.330874e-12
2.518301e+01,2.533246e-11,8.264283e-10,8.264283e-12
2.518552e+01,2.518155e-11,8.221391e-10,8.221391e-12
2.518803e+01,2.514018e-11,8.193197e-10,8.193197e-12
2.519055e+01,2.520511e-11,8.174341e-10,8.174341e-12
2.519306e+01,2.536512e-11,8.164336e-10,8.164336e-12
2.519557e+01,2.560122e-11,8.166604e-10,8.166604e-12
2.519809e+01,2.588827e-11,8.185876e-10,8.185876e-12
2.520060e+01,2.619691e-11,8.225092e-10,8.225092e-12
2.520311e+01,2.649559e-11,8.282644e-10,8.282644e-12
2.520563e+01,2.675287e-11,8.350904e-10,8.350904e-12
2.520814e+01,2.693999e-11,8.416823e-10,8.416823e-12
2.521065e+01,2.703295e-11,8.464189e-10,8.464189e-12
2.521317e+01,2.701362e-11,8.476631e-10,8.476631e-12
2.521568e+01,2.687154e-11,8.440840e-10,8.440840e-12
2.521819e+01,2.660473e-11,8.349087e-10,8.349087e-12
2.522071e+01,2.621950e-11,8.200270e-10,8.200270e-12
2.522322e+01,2.573000e-11,7.999917e-10,7.999917e-12
2.522573e+01,2.515661e-11,7.759509e-10,7.759509e-12
2.522825e+01,2.452489e-11,7.494878e-10,7.494878e-12
2.523076e+01,2.386420e-11,7.223859e-10,7.223859e-12
2.523327e+01,2.320520e-11,6.963551e-10,6.963551e-12
2.523579e+01,2.257785e-11,6.727692e-10,6.727692e-12
2.523830e+01,2.200968e-11,6.524943e-10,6.524943e-12
2.524081e+01,2.152461e-11,6.358462e-10,6.358462e-12
2.524333e+01,2.114167e-11,6.226619e-10,6.226619e-12
2.524584e+01,2.087411e-11,6.124764e-10,6.124764e-12
2.524835e+01,2.072959e-11,6.047401e-10,6.047401e-12
2.525087e+01,2.070983e-11,5.990054e-10,5.990054e-12
2.525338e+01,2.081122e-11,5.950490e-10,5.950490e-12
2.525589e+01,2.102617e-11,5.928891e-10,5.928891e-12
2.525840e+01,2.134380e-11,5.927255e-10,5.927255e-12
2.526092e+01,2.175065e-11,5.948544e-10,5.948544e-12
2.526343e+01,2.223223e-11,5.995631e-10,5.995631e-12
2.526594e+01,2.277411e-11,6.070490e-10,6.070490e-12
2.526846e+01,2.336201e-11,6.173803e-10,6.173803e-12
2.527097e+01,2.398254e-11,6.304844e-10,6.304844e-12
2.527348e+01,2.462466e-11,6.461900e-10,6.461900e-12
2.527600e+01,2.527931e-11,6.642781e-10,6.642781e-12
2.527851e+01,2.593883e-11,6.845032e-10,6.845032e-12
2.528102e+01,2.659733e-11,7.066259e-10,7.066259e-12
2.528354e+01,2.725059e-11,7.304488e-10,7.304488e-12
2.528605e+01,2.789583e-11,7.558195e-10,7.558195e-12
2.528856e+01,2.853133e-11,7.826264e-10,7.826264e-12
2.529108e+01,2.915613e-11,8.107913e-10,8.107913e-12
2.529359e+01,2.976991e-11,8.402565e-10,8.402565e-12
2.529610e+01,3.037287e-11,8.709773e-10,8.709773e-12
2.529862e+01,3.096582e-11,9.029211e-10,9.029211e-12
2.530113e+01,3.154999e-11,9.360593e-10,9.360593e-12
2.530364e+01,3.212699e-11,9.703526e-10,9.703526e-12
2.530616e+01,3.269854e-11,1.005746e-09,1.005746e-11
2.530867e+01,3.326631e-11,1.042171e-09,1.042171e-11
2.531118e+01,3.383258e-11,1.079541e-09,1.079541e-11
2.531370e+01,3.439949e-11,1.117752e-09,1.117752e-11
2.531621e+01,3.496835e-11,1.156668e-09,1.156668e-11
2.531872e+01,3.554022e-11,1.196131e-09,1.196131e-11
2.532124e+01,3.611569e-11,1.235960e-09,1.235960e-11
2.532375e+01,3.669386e-11,1.275945e-09,1.275945e-11
2.532626e+01,3.727283e-11,1.315852e-09,1.315852e-11
2.532878e+01,3.785005e-11,1.355427e-09,1.355427e-11
2.533129e+01,3.842144e-11,1.394397e-09,1.394397e-11
2.533380e+01,3.898182e-11,1.432471e-09,1.432471e-11
2.533632e+01,3.952559e-11,1.469336e-09,1.469336e-11
2.533883e+01,4.004690e-11,1.504672e-09,1.504672e-11
2.534134e+01,4.053935e-11,1.538143e-09,1.538143e-11
2.534386e+01,4.099667e-11,1.569406e-09,1.569406e-11
2.534637e+01,4.141382e-11,1.598117e-09,1.598117e-11
2.534888e+01,4.178638e-11,1.623938e-09,1.623938e-11
2.535140e+01,4.211103e-11,1.646539e-09,1.646539e-11
2.535391e+01,4.238590e-11,1.665612e-09,1.665612e-11
2.535642e+01,4.260991e-11,1.680879e-09,1.680879e-11
2.535894e+01,4.278322e-11,1.692109e-09,1.692109e-11
2.536145e+01,4.290678e-11,1.699132e-09,1.699132e-11
2.536396e+01,4.298194e-11,1.701852e-09,1.701852e-11
2.536648e+01,4.301038e-11,1.700253e-09,1.700253e-11
2.536899e+01,4.299353e-11,1.694416e-09,1.694416e-11
2.537150e+01,4.293262e-11,1.684516e-09,1.684516e-11
2.537402e+01,4.282811e-11,1.670817e-09,1.670817e-11
2.537653e+01,4.267943e-11,1.653651e-09,1.653651e-11
2.537904e+01,4.248567e-11,1.633401e-09,1.633401e-11
2.538156e+01,4.224521e-11,1.610473e-09,1.610473e-11
2.538407e+01,4.195624e-11,1.585268e-09,1.585268e-11
2.538658e+01,4.161745e-11,1.558156e-09,1.558156e-11
2.538910e+01,4.122783e-11,1.529459e-09,1.529459e-11
2.539161e+01,4.078774e-11,1.499445e-09,1.499445e-11
2.539412e+01,4.029939e-11,1.468348e-09,1.468348e-11
2.539664e+01,3.976666e-11,1.436386e-09,1.436386e-11
2.539915e+01,3.919592e-11,1.403796e-09,1.403796e-11
2.540166e+01,3.859630e-11,1.370869e-09,1.370869e-11
2.540417e+01,3.797936e-11,1.337976e-09,1.337976e-11
2.540669e+01,3.735904e-11,1.305572e-09,1.305572e-11
2.540920e+01,3.675072e-11,1.274185e-09,1.274185e-11
2.541171e+01,3.617083e-11,1.244378e-09,1.244378e-11
2.541423e+01,3.563663e-11,1.216722e-09,1.216722e-11
2.541674e+01,3.516456e-11,1.191737e-09,1.191737e-11
2.541925e+01,3.476904e-11,1.169855e-09,1.169855e-11
2.542177e+01,3.446236e-11,1.151409e-09,1.151409e-11
2.542428e+01,3.425382e-11,1.136635e-09,1.136635e-11
2.542679e+01,3.414833e-11,1.125683e-09,1.125683e-11
2.542931e+01,3.414610e-11,1.118660e-09,1.118660e-11
2.543182e+01,3.424284e-11,1.115648e-09,1.115648e-11
2.543433e+01,3.442969e-11,1.116714e-09,1.116714e-11
2.543685e+01,3.469313e-11,1.121875e-09,1.121875e-11
2.543936e+01,3.501630e-11,1.131051e-09,1.131051e-11
2.544187e+01,3.537930e-11,1.144020e-09,1.144020e-11
2.544439e+01,3.576017e-11,1.160383e-09,1.160383e-11
2.544690e+01,3.613679e-11,1.179542e-09,1.179542e-11
2.544941e+01,3.648764e-11,1.200733e-09,1.200733e-11
2.545193e+01,3.679282e-11,1.223075e-09,1.223075e-11
2.545444e+01,3.703527e-11,1.245655e-09,1.245655e-11
2.545695e+01,3.720221e-11,1.267620e-09,1.267620e-11
2.545947e+01,3.728469e-11,1.288242e-09,1.288242e-11
2.546198e+01,3.727837e-11,1.306963e-09,1.306963e-11
2.546449e+01,3.718433e-11,1.323430e-09,1.323430e-11
2.546701e+01,3.700735e-11,1.337477e-09,1.337477e-11
2.546952e+01,3.675623e-11,1.349091e-09,1.349091e-11
2.547203e+01,3.644331e-11,1.358367e-09,1.358367e-11
2.547455e+01,3.608241e-11,1.365441e-09,1.365441e-11
2.547706e+01,3.568816e-11,1.370441e-09,1.370441e-11
2.547957e+01,3.527558e-11,1.373462e-09,1.373462e-11
2.548209e+01,3.485830e-11,1.374524e-09,1.374524e-11
2.548460e+01,3.444750e-11,1.373560e-09,1.373560e-11
2.548711e+01,3.405217e-11,1.370447e-09,1.370447e-11
2.548963e+01,3.367809e-11,1.365032e-09,1.365032e-11
2.549214e+01,3.332734e-11,1.357126e-09,1.357126e-11
2.549465e+01,3.299838e-11,1.346510e-09,1.346510e-11
2.549717e+01,3.268656e-11,1.332981e-09,1.332981e-11
2.549968e+01,3.238495e-11,1.316356e-09,1.316356e-11
2.550219e+01,3.208423e-11,1.296465e-09,1.296465e-11
2.550471e+01,3.177343e-11,1.273144e-09,1.273144e-11
2.550722e+01,3.144149e-11,1.246266e-09,1.246266e-11
2.550973e+01,3.107764e-11,1.215760e-09,1.215760e-11
2.551225e+01,3.067200e-11,1.181615e-09,1.181615e-11
2.551476e+01,3.021655e-11,1.143902e-09,1.143902e-11
2.551727e+01,2.970543e-11,1.102815e-09,1.102815e-11
2.551979e+01,2.913577e-11,1.058691e-09,1.058691e-11
2.552230e+01,2.850778e-11,1.012029e-09,1.012029e-11
2.552481e+01,2.782518e-11,9.635187e-10,9.635187e-12
2.552733e+01,2.709533e-11,9.140343e-10,9.140343e-12
2.552984e+01,2.632846e-11,8.646138e-10,8.646138e-12
2.553235e+01,2.553797e-11,8.164119e-10,8.164119e-12
2.553487e+01,2.473998e-11,7.706325e-10,7.706325e-12
2.553738e+01,2.395296e-11,7.284353e-10,7.284353e-12
2.553989e+01,2.319677e-11,6.908073e-10,6.908073e-12
2.554240e+01,2.249173e-11,6.584316e-10,6.584316e-12
2.554492e+01,2.185823e-11,6.315984e-10,6.315984e-12
2.554743e+01,2.131577e-11,6.101808e-10,6.101808e-12
2.554994e+01,2.088201e-11,5.937092e-10,5.937092e-12
2.555246e+01,2.057195e-11,5.815237e-10,5.815237e-12
2.555497e+01,2.039703e-11,5.729731e-10,5.729731e-12
2.555748e+01,2.036459e-11,5.676380e-10,5.676380e-12
2.556000e+01,2.047759e-11,5.654947e-10,5.654947e-12
2.556251e+01,2.073445e-11,5.669755e-10,5.669755e-12
2.556502e+01,2.112891e-11,5.729241e-10,5.729241e-12
2.556754e+01,2.165027e-11,5.844389e-10,5.844389e-12
2.557005e+01,2.228405e-11,6.026214e-10,6.026214e-12
2.557256e+01,2.301250e-11,6.282936e-10,6.282936e-12
2.557508e+01,2.381573e-11,6.617801e-10,6.617801e-12
2.557759e+01,2.467300e-11,7.028067e-10,7.028067e-12
2.558010e+01,2.556315e-11,7.505211e-10,7.505211e-12
2.558262e+01,2.646595e-11,8.036047e-10,8.036047e-12
2.558513e+01,2.736279e-11,8.604335e-10,8.604335e-12
2.558764e+01,2.823707e-11,9.192336e-10,9.192336e-12
2.559016e+01,2.907545e-11,9.781858e-10,9.781858e-12
2.559267e+01,2.986740e-11,1.035504e-09,1.035504e-11
2.559518e+01,3.060523e-11,1.089521e-09,1.089521e-11
2.559770e+01,3.128427e-11,1.138748e-09,1.138748e-11
2.560021e+01,3.190171e-11,1.181911e-09,1.181911e-11
2.560272e+01,3.245641e-11,1.218008e-09,1.218008e-11
2.560524e+01,3.294852e-11,1.246353e-09,1.246353e-11
2.560775e+01,3.337859e-11,1.266605e-09,1.266605e-11
2.561026e+01,3.374729e-11,1.278784e-09,1.278784e-11
2.561278e+01,3.405497e-11,1.283254e-09,1.283254e-11
2.561529e+01,3.430182e-11,1.280703e-09,1.280703e-11
2.561780e+01,3.448856e-11,1.272098e-09,1.272098e-11
2.562032e+01,3.461551e-11,1.258605e-09,1.258605e-11
2.562283e+01,3.468357e-11,1.241507e-09,1.241507e-11
2.562534e+01,3.469556e-11,1.222119e-09,1.222119e-11
2.562786e+01,3.465551e-11,1.201713e-09,1.201713e-11
2.563037e+01,3.457004e-11,1.181469e-09,1.181469e-11
2.563288e+01,3.444903e-11,1.162426e-09,1.162426e-11
2.563540e+01,3.430449e-11,1.145435e-09,1.145435e-11
2.563791e+01,3.415102e-11,1.131150e-09,1.131150e-11
2.564042e+01,3.400545e-11,1.120035e-09,1.120035e-11
2.564294e+01,3.388573e-11,1.112376e-09,1.112376e-11
2.564545e+01,3.381022e-11,1.108298e-09,1.108298e-11
2.564796e+01,3.379631e-11,1.107796e-09,1.107796e-11
2.565048e+01,3.385943e-11,1.110767e-09,1.110767e-11
2.565299e+01,3.401128e-11,1.117054e-09,1.117054e-11
2.565550e+01,3.425819e-11,1.126480e-09,1.126480e-11
2.565802e+01,3.460177e-11,1.138863e-09,1.138863e-11
2.566053e+01,3.503740e-11,1.153989e-09,1.153989e-11
2.566304e+01,3.555358e-11,1.171567e-09,1.171567e-11
2.566556e+01,3.613336e-11,1.191169e-09,1.191169e-11
2.566807e+01,3.675431e-11,1.212150e-09,1.212150e-11
2.567058e+01,3.738983e-11,1.233622e-09,1.233622e-11
2.567310e+01,3.801099e-11,1.254462e-09,1.254462e-11
2.567561e+01,3.858735e-11,1.273367e-09,1.273367e-11
2.567812e+01,3.908955e-11,1.288966e-09,1.288966e-11
2.568063e+01,3.949135e-11,1.299988e-09,1.299988e-11
2.568315e+01,3.977031e-11,1.305412e-09,1.305412e-11
2.568566e+01,3.991014e-11,1.304608e-09,1.304608e-11
2.568817e+01,3.990187e-11,1.297455e-09,1.297455e-11
2.569069e+01,3.974388e-11,1.284389e-09,1.284389e-11
2.569320e+01,3.944247e-11,1.266376e-09,1.266376e-11
2.569571e+01,3.901179e-11,1.244816e-09,1.244816e-11
2.569823e+01,3.847283e-11,1.221368e-09,1.221368e-11
2.570074e+01,3.785195e-11,1.197700e-09,1.197700e-11
2.570325e+01,3.717939e-11,1.175249e-09,1.175249e-11
2.570577e+01,3.648823e-11,1.154999e-09,1.154999e-11
2.570828e+01,3.581223e-11,1.137343e-09,1.137343e-11
2.571079e+01,3.518316e-11,1.122102e-09,1.122102e-11
2.571331e+01,3.462980e-11,1.108692e-09,1.108692e-11
2.571582e+01,3.417618e-11,1.096381e-09,1.096381e-11
2.571833e+01,3.384034e-11,1.084596e-09,1.084596e-11
2.572085e+01,3.363343e-11,1.073195e-09,1.073195e-11
2.572336e+01,3.355925e-11,1.062646e-09,1.062646e-11
2.572587e+01,3.361407e-11,1.054054e-09,1.054054e-11
2.572839e+01,3.378728e-11,1.049032e-09,1.049032e-11
2.573090e+01,3.406262e-11,1.049392e-09,1.049392e-11
2.573341e+01,3.441793e-11,1.056709e-09,1.056709e-11
2.573593e+01,3.482709e-11,1.071894e-09,1.071894e-11
2.573844e+01,3.526201e-11,1.094875e-09,1.094875e-11
2.574095e+01,3.569340e-11,1.124478e-09,1.124478e-11
2.574347e+01,3.609275e-11,1.158600e-09,1.158600e-11
2.574598e+01,3.643388e-11,1.194541e-09,1.194541e-11
2.574849e+01,3.669401e-11,1.229362e-09,1.229362e-11
2.575101e+01,3.685412e-11,1.260234e-09,1.260234e-11
2.575352e+01,3.690084e-11,1.284722e-09,1.284722e-11
2.575603e+01,3.682683e-11,1.300960e-09,1.300960e-11
2.575855e+01,3.663018e-11,1.307747e-09,1.307747e-11
2.576106e+01,3.631520e-11,1.304594e-09,1.304594e-11
2.576357e+01,3.589178e-11,1.291718e-09,1.291718e-11
2.576609e+01,3.537512e-11,1.269998e-09,1.269998e-11
2.576860e+01,3.478457e-11,1.240920e-09,1.240920e-11
2.577111e+01,3.414321e-11,1.206502e-09,1.206502e-11
2.577363e+01,3.347754e-11,1.169166e-09,1.169166e-11
2.577614e+01,3.281498e-11,1.131569e-09,1.131569e-11
2.577865e+01,3.218367e-11,1.096449e-09,1.096449e-11
2.578117e+01,3.161195e-11,1.066423e-09,1.066423e-11
2.578368e+01,3.112658e-11,1.043738e-09,1.043738e-11
2.578619e+01,3.075223e-11,1.030066e-09,1.030066e-11
2.578871e+01,3.051012e-11,1.026375e-09,1.026375e-11
2.579122e+01,3.041759e-11,1.032912e-09,1.032912e-11
2.579373e+01,3.048795e-11,1.049334e-09,1.049334e-11
2.579625e+01,3.072901e-11,1.074902e-09,1.074902e-11
2.579876e+01,3.114285e-11,1.108687e-09,1.108687e-11
2.580127e+01,3.172561e-11,1.149740e-09,1.149740e-11
2.580379e+01,3.246762e-11,1.197188e-09,1.197188e-11
2.580630e+01,3.335354e-11,1.250225e-09,1.250225e-11
2.580881e+01,3.436284e-11,1.308039e-09,1.308039e-11
2.581133e+01,3.547005e-11,1.369731e-09,1.369731e-11
2.581384e+01,3.664527e-11,1.434243e-09,1.434243e-11
2.581635e+01,3.785631e-11,1.500309e-09,1.500309e-11
2.581887e+01,3.906914e-11,1.566450e-09,1.566450e-11
2.582138e+01,4.024930e-11,1.631006e-09,1.631006e-11
2.582389e+01,4.136355e-11,1.692223e-09,1.692223e-11
2.582640e+01,4.238099e-11,1.748353e-09,1.748353e-11
2.582892e+01,4.327489e-11,1.797756e-09,1.797756e-11
2.583143e+01,4.402320e-11,1.839010e-09,1.839010e-11
2.583394e+01,4.461010e-11,1.871000e-09,1.871000e-11
2.583646e+01,4.502612e-11,1.892974e-09,1.892974e-11
2.583897e+01,4.526851e-11,1.904589e-09,1.904589e-11
2.584148e+01,4.534165e-11,1.905931e-09,1.905931e-11
2.584400e+01,4.525566e-11,1.897480e-09,1.897480e-11
2.584651e+01,4.502493e-11,1.880053e-09,1.880053e-11
2.584902e+01,4.466808e-11,1.854750e-09,1.854750e-11
2.585154e+01,4.420684e-11,1.822890e-09,1.822890e-11
2.585405e+01,4.366318e-11,1.785914e-09,1.785914e-11
2.585656e+01,4.305862e-11,1.745303e-09,1.745303e-11
2.585908e+01,4.241273e-11,1.702505e-09,1.702505e-11
2.586159e+01,4.174160e-11,1.658864e-09,1.658864e-11
2.586410e+01,4.105805e-11,1.615555e-09,1.615555e-11
2.586662e+01,4.037079e-11,1.573525e-09,1.573525e-11
2.586913e+01,3.968437e-11,1.533457e-09,1.533457e-11
2.587164e+01,3.899992e-11,1.495749e-09,1.495749e-11
2.587416e+01,3.831599e-11,1.460522e-09,1.460522e-11
2.587667e+01,3.762981e-11,1.427673e-09,1.427673e-11
2.587918e+01,3.693856e-11,1.396960e-09,1.396960e-11
2.588170e+01,3.624090e-11,1.368082e-09,1.368082e-11
2.588421e+01,3.553761e-11,1.340758e-09,1.340758e-11
2.588672e+01,3.483259e-11,1.314799e-09,1.314799e-11
2.588924e+01,3.413396e-11,1.290155e-09,1.290155e-11
2.589175e+01,3.345376e-11,1.266892e-09,1.266892e-11
2.589426e+01,3.280722e-11,1.245137e-09,1.245137e-11
2.589678e+01,3.221254e-11,1.225010e-09,1.225010e-11
2.589929e+01,3.168916e-11,1.206564e-09,1.206564e-11
2.590180e+01,3.125579e-11,1.189769e-09,1.189769e-11
2.590432e+01,3.092996e-11,1.174547e-09,1.174547e-11
2.590683e+01,3.072568e-11,1.160843e-09,1.160843e-11
2.590934e+01,3.065135e-11,1.148715e-09,1.148715e-11
2.591186e+01,3.070946e-11,1.138398e-09,1.138398e-11
2.591437e+01,3.089594e-11,1.130311e-09,1.130311e-11
2.591688e+01,3.119954e-11,1.124982e-09,1.124982e-11
2.591940e+01,3.160221e-11,1.122894e-09,1.122894e-11
2.592191e+01,3.208052e-11,1.124282e-09,1.124282e-11
2.592442e+01,3.260717e-11,1.128967e-09,1.128967e-11
2.592694e+01,3.315286e-11,1.136272e-09,1.136272e-11
2.592945e+01,3.368785e-11,1.145065e-09,1.145065e-11
2.593196e+01,3.418437e-11,1.153942e-09,1.153942e-11
2.593448e+01,3.461895e-11,1.161475e-09,1.161475e-11
2.593699e+01,3.497360e-11,1.166475e-09,1.166475e-11
2.593950e+01,3.523730e-11,1.168244e-09,1.168244e-11
2.594202e+01,3.540651e-11,1.166714e-09,1.166714e-11
2.594453e+01,3.548531e-11,1.162470e-09,1.162470e-11
2.594704e+01,3.548462e-11,1.156676e-09,1.156676e-11
2.594956e+01,3.542141e-11,1.150893e-09,1.150893e-11
2.595207e+01,3.531752e-11,1.146804e-09,1.146804e-11
2.595458e+01,3.519686e-11,1.145901e-09,1.145901e-11
2.595710e+01,3.508389e-11,1.149224e-09,1.149224e-11
2.595961e+01,3.500179e-11,1.157200e-09,1.157200e-11
2.596212e+01,3.497051e-11,1.169621e-09,1.169621e-11
2.596463e+01,3.500560e-11,1.185758e-09,1.185758e-11
2.596715e+01,3.511641e-11,1.204560e-09,1.204560e-11
2.596966e+01,3.530608e-11,1.224862e-09,1.224862e-11
2.597217e+01,3.557204e-11,1.245566e-09,1.245566e-11
2.597469e+01,3.590540e-11,1.265727e-09,1.265727e-11
2.597720e+01,3.629157e-11,1.284584e-09,1.284584e-11
2.597971e+01,3.671259e-11,1.301542e-09,1.301542e-11
2.598223e+01,3.714784e-11,1.316115e-09,1.316115e-11
2.598474e+01,3.757516e-11,1.327881e-09,1.327881e-11
2.598725e+01,3.797327e-11,1.336451e-09,1.336451e-11
2.598977e+01,3.832220e-11,1.341451e-09,1.341451e-11
2.599228e+01,3.860496e-11,1.342541e-09,1.342541e-11
2.599479e+01,3.880795e-11,1.339436e-09,1.339436e-11
2.599731e+01,3.892083e-11,1.331939e-09,1.331939e-11
2.599982e+01,3.893837e-11,1.320010e-09,1.320010e-11
2.600233e+01,3.886015e-11,1.303782e-09,1.303782e-11
2.600485e+01,3.868880e-11,1.283561e-09,1.283561e-11
2.600736e+01,3.843061e-11,1.259832e-09,1.259832e-11
2.600987e+01,3.809520e-11,1.233244e-09,1.233244e-11
2.601239e+01,3.769361e-11,1.204564e-09,1.204564e-11
2.601490e+01,3.723846e-11,1.174650e-09,1.174650e-11
2.601741e+01,3.674347e-11,1.144404e-09,1.144404e-11
2.601993e+01,3.622244e-11,1.114719e-09,1.114719e-11
2.602244e+01,3.568870e-11,1.086435e-09,1.086435e-11
2.602495e+01,3.515467e-11,1.060272e-09,1.060272e-11
2.602747e+01,3.463157e-11,1.036786e-09,1.036786e-11
2.602998e+01,3.412883e-11,1.016357e-09,1.016357e-11
2.603249e+01,3.365467e-11,9.991660e-10,9.991660e-12
2.603501e+01,3.321542e-11,9.851969e-10,9.851969e-12
2.603752e+01,3.281512e-11,9.742540e-10,9.742540e-12
2.604003e+01,3.245654e-11,9.660102e-10,9.660102e-12
2.604255e+01,3.214109e-11,9.600539e-10,9.600539e-12
2.604506e+01,3.186810e-11,9.559152e-10,9.559152e-12
2.604757e+01,3.163557e-11,9.531157e-10,9.531157e-12
2.605009e+01,3.144107e-11,9.512356e-10,9.512356e-12
2.605260e+01,3.128068e-11,9.499249e-10,9.499249e-12
2.605511e+01,3.115019e-11,9.489015e-10,9.489015e-12
2.605763e+01,3.104523e-11,9.479703e-10,9.479703e-12
2.606014e+01,3.096085e-11,9.470231e-10,9.470231e-12
2.606265e+01,3.089307e-11,9.460200e-10,9.460200e-12
2.606517e+01,3.083801e-11,9.449742e-10,9.449742e-12
2.606768e+01,3.079206e-11,9.439255e-10,9.439255e-12
2.607019e+01,3.075266e-11,9.429206e-10,9.429206e-12
2.607271e+01,3.071781e-11,9.420013e-10,9.420013e-12
2.607522e+01,3.068654e-11,9.411875e-10,9.411875e-12
2.607773e+01,3.065875e-11,9.404614e-10,9.404614e-12
2.608025e+01,3.063440e-11,9.397628e-10,9.397628e-12
2.608276e+01,3.061395e-11,9.390089e-10,9.390089e-12
2.608527e+01,3.059860e-11,9.381191e-10,9.381191e-12
2.608779e+01,3.058986e-11,9.370100e-10,9.370100e-12
2.609030e+01,3.058866e-11,9.356071e-10,9.356071e-12
2.609281e+01,3.059587e-11,9.338833e-10,9.338833e-12
2.609533e+01,3.061233e-11,9.318546e-10,9.318546e-12
2.609784e+01,3.063796e-11,9.295656e-10,9.295656e-12
2.610035e+01,3.067259e-11,9.271083e-10,9.271083e-12
2.610287e+01,3.071608e-11,9.246191e-10,9.246191e-12
2.610538e+01,3.076757e-11,9.222398e-10,9.222398e-12
2.610789e+01,3.082542e-11,9.200970e-10,9.200970e-12
2.611040e+01,3.088790e-11,9.183099e-10,9.183099e-12
2.611292e+01,3.095391e-11,9.169869e-10,9.169869e-12
2.611543e+01,3.102156e-11,9.162050e-10,9.162050e-12
2.611794e+01,3.108846e-11,9.160137e-10,9.160137e-12
2.612046e+01,3.115373e-11,9.164603e-10,9.164603e-12
2.612297e+01,3.121649e-11,9.175864e-10,9.175864e-12
2.612548e+01,3.127514e-11,9.194179e-10,9.194179e-12
2.612800e+01,3.132921e-11,9.219804e-10,9.219804e-12
2.613051e+01,3.137909e-11,9.252998e-10,9.252998e-12
2.613302e+01,3.142472e-11,9.293834e-10,9.293834e-12
2.613554e+01,3.146612e-11,9.342163e-10,9.342163e-12
2.613805e+01,3.150398e-11,9.397641e-10,9.397641e-12
2.614056e+01,3.153866e-11,9.459701e-10,9.459701e-12
2.614308e+01,3.157034e-11,9.527608e-10,9.527608e-12
2.614559e+01,3.159898e-11,9.600605e-10,9.600605e-12
2.614810e+01,3.162413e-11,9.678004e-10,9.678004e-12
2.615062e+01,3.164498e-11,9.759301e-10,9.759301e-12
2.615313e+01,3.166010e-11,9.844379e-10,9.844379e-12
2.615564e+01,3.166848e-11,9.933621e-10,9.933621e-12
2.615816e+01,3.166875e-11,1.002773e-09,1.002773e-11
2.616067e+01,3.165908e-11,1.012765e-09,1.012765e-11
2.616318e+01,3.163891e-11,1.023465e-09,1.023465e-11
2.616570e+01,3.160841e-11,1.035019e-09,1.035019e-11
2.616821e+01,3.156821e-11,1.047563e-09,1.047563e-11
2.617072e+01,3.152113e-11,1.061216e-09,1.061216e-11
2.617324e+01,3.147210e-11,1.076095e-09,1.076095e-11
2.617575e+01,3.142734e-11,1.092300e-09,1.092300e-11
2.617826e+01,3.139493e-11,1.109899e-09,1.109899e-11
2.618078e+01,3.138469e-11,1.128917e-09,1.128917e-11
2.618329e+01,3.140776e-11,1.149359e-09,1.149359e-11
2.618580e+01,3.147629e-11,1.171212e-09,1.171212e-11
2.618832e+01,3.160223e-11,1.194430e-09,1.194430e-11
2.619083e+01,3.179663e-11,1.218935e-09,1.218935e-11
2.619334e+01,3.206924e-11,1.244645e-09,1.244645e-11
2.619586e+01,3.242736e-11,1.271490e-09,1.271490e-11
2.619837e+01,3.287516e-11,1.299407e-09,1.299407e-11
2.620088e+01,3.341267e-11,1.328339e-09,1.328339e-11
2.620340e+01,3.403561e-11,1.358228e-09,1.358228e-11
2.620591e+01,3.473550e-11,1.388993e-09,1.388993e-11
2.620842e+01,3.549939e-11,1.420520e-09,1.420520e-11
2.621094e+01,3.631050e-11,1.452628e-09,1.452628e-11
2.621345e+01,3.714870e-11,1.485031e-09,1.485031e-11
2.621596e+01,3.799154e-11,1.517329e-09,1.517329e-11
2.621848e+01,3.881483e-11,1.549027e-09,1.549027e-11
2.622099e+01,3.959439e-11,1.579575e-09,1.579575e-11
2.622350e+01,4.030792e-11,1.608386e-09,1.608386e-11
2.622602e+01,4.093453e-11,1.634892e-09,1.634892e-11
2.622853e+01,4.145704e-11,1.658629e-09,1.658629e-11
2.623104e+01,4.186309e-11,1.679278e-09,1.679278e-11
2.623356e+01,4.214498e-11,1.696668e-09,1.696668e-11
2.623607e+01,4.230007e-11,1.710791e-09,1.710791e-11
2.623858e+01,4.233091e-11,1.721808e-09,1.721808e-11
2.624110e+01,4.224596e-11,1.730017e-09,1.730017e-11
2.624361e+01,4.205843e-11,1.735780e-09,1.735780e-11
2.624612e+01,4.178518e-11,1.739475e-09,1.739475e-11
2.624863e+01,4.144581e-11,1.741438e-09,1.741438e-11
2.625115e+01,4.106244e-11,1.741912e-09,1.741912e-11
2.625366e+01,4.065845e-11,1.741048e-09,1.741048e-11
2.625617e+01,4.025680e-11,1.738912e-09,1.738912e-11
2.625869e+01,3.987959e-11,1.735489e-09,1.735489e-11
2.626120e+01,3.954617e-11,1.730700e-09,1.730700e-11
2.626371e+01,3.927322e-11,1.724474e-09,1.724474e-11
2.626623e+01,3.907388e-11,1.716797e-09,1.716797e-11
2.626874e+01,3.895644e-11,1.707748e-09,1.707748e-11
2.627125e+01,3.892528e-11,1.697498e-09,1.697498e-11
2.627377e+01,3.897984e-11,1.686314e-09,1.686314e-11
2.627628e+01,3.911422e-11,1.674529e-09,1.674529e-11
2.627879e+01,3.931817e-11,1.662504e-09,1.662504e-11
2.628131e+01,3.957766e-11,1.650578e-09,1.650578e-11
2.628382e+01,3.987516e-11,1.639005e-09,1.639005e-11
2.628633e+01,4.019026e-11,1.627904e-09,1.627904e-11
2.628885e+01,4.050126e-11,1.617249e-09,1.617249e-11
2.629136e+01,4.078615e-11,1.606881e-09,1.606881e-11
2.629387e+01,4.102313e-11,1.596525e-09,1.596525e-11
2.629639e+01,4.119255e-11,1.585856e-09,1.585856e-11
2.629890e+01,4.127796e-11,1.574560e-09,1.574560e-11
2.630141e+01,4.126651e-11,1.562408e-09,1.562408e-11
2.630393e+01,4.115068e-11,1.549321e-09,1.549321e-11
2.630644e+01,4.092840e-11,1.535370e-09,1.535370e-11
2.630895e+01,4.060294e-11,1.520769e-09,1.520769e-11
2.631147e+01,4.018393e-11,1.505832e-09,1.505832e-11
2.631398e+01,3.968591e-11,1.490883e-09,1.490883e-11
2.631649e+01,3.912779e-11,1.476160e-09,1.476160e-11
2.631901e+01,3.853225e-11,1.461767e-09,1.461767e-11
2.632152e+01,3.792375e-11,1.447645e-09,1.447645e-11
2.632403e+01,3.732703e-11,1.433586e-09,1.433586e-11
2.632655e+01,3.676539e-11,1.419303e-09,1.419303e-11
2.632906e+01,3.625948e-11,1.404559e-09,1.404559e-11
2.633157e+01,3.582613e-11,1.389297e-09,1.389297e-11
2.633409e+01,3.547640e-11,1.373729e-09,1.373729e-11
2.633660e+01,3.521492e-11,1.358367e-09,1.358367e-11
2.633911e+01,3.503998e-11,1.343991e-09,1.343991e-11
2.634163e+01,3.494359e-11,1.331530e-09,1.331530e-11
2.634414e+01,3.491183e-11,1.321859e-09,1.321859e-11
2.634665e+01,3.492589e-11,1.315580e-09,1.315580e-11
2.634917e+01,3.496407e-11,1.312855e-09,1.312855e-11
2.635168e+01,3.500336e-11,1.313321e-09,1.313321e-11
2.635419e+01,3.502096e-11,1.316132e-09,1.316132e-11
2.635671e+01,3.499602e-11,1.320129e-09,1.320129e-11
2.635922e+01,3.491177e-11,1.324083e-09,1.324083e-11
2.636173e+01,3.475683e-11,1.326961e-09,1.326961e-11
2.636425e+01,3.452619e-11,1.328136e-09,1.328136e-11
2.636676e+01,3.422222e-11,1.327520e-09,1.327520e-11
2.636927e+01,3.385411e-11,1.325561e-09,1.325561e-11
2.637179e+01,3.343718e-11,1.323143e-09,1.323143e-11
2.637430e+01,3.299265e-11,1.321408e-09,1.321408e-11
2.637681e+01,3.254614e-11,1.321529e-09,1.321529e-11
2.637933e+01,3.212548e-11,1.324478e-09,1.324478e-11
2.638184e+01,3.175900e-11,1.330835e-09,1.330835e-11
2.638435e+01,3.147373e-11,1.340717e-09,1.340717e-11
2.638687e+01,3.129335e-11,1.353818e-09,1.353818e-11
2.638938e+01,3.123663e-11,1.369558e-09,1.369558e-11
2.639189e+01,3.131648e-11,1.387246e-09,1.387246e-11
2.639440e+01,3.153871e-11,1.406229e-09,1.406229e-11
2.639692e+01,3.190172e-11,1.426015e-09,1.426015e-11
2.639943e+01,3.239684e-11,1.446304e-09,1.446304e-11
2.640194e+01,3.300840e-11,1.466955e-09,1.466955e-11
2.640446e+01,3.371488e-11,1.487894e-09,1.487894e-11
2.640697e+01,3.449089e-11,1.509027e-09,1.509027e-11
2.640948e+01,3.530804e-11,1.530152e-09,1.530152e-11
2.641200e+01,3.613670e-11,1.550909e-09,1.550909e-11
2.641451e+01,3.694803e-11,1.570789e-09,1.570789e-11
2.641702e+01,3.771466e-11,1.589171e-09,1.589171e-11
2.641954e+01,3.841327e-11,1.605389e-09,1.605389e-11
2.642205e+01,3.902514e-11,1.618822e-09,1.618822e-11
2.642456e+01,3.953605e-11,1.628970e-09,1.628970e-11
2.642708e+01,3.993779e-11,1.635502e-09,1.635502e-11
2.642959e+01,4.022750e-11,1.638279e-09,1.638279e-11
2.643210e+01,4.040722e-11,1.637347e-09,1.637347e-11
2.643462e+01,4.048397e-11,1.632937e-09,1.632937e-11
2.643713e+01,4.046824e-11,1.625423e-09,1.625423e-11
2.643964e+01,4.037247e-11,1.615269e-09,1.615269e-11
2.644216e+01,4.021046e-11,1.602997e-09,1.602997e-11
2.644467e+01,3.999630e-11,1.589178e-09,1.589178e-11
2.644718e+01,3.974306e-11,1.574390e-09,1.574390e-11
2.644970e+01,3.946210e-11,1.559195e-09,1.559195e-11
2.645221e+01,3.916220e-11,1.544113e-09,1.544113e-11
2.645472e+01,3.884920e-11,1.529581e-09,1.529581e-11
2.645724e+01,3.852606e-11,1.515900e-09,1.515900e-11
2.645975e+01,3.819275e-11,1.503187e-09,1.503187e-11
2.646226e+01,3.784697e-11,1.491351e-09,1.491351e-11
2.646478e+01,3.748455e-11,1.480092e-09,1.480092e-11
2.646729e+01,3.710043e-11,1.468934e-09,1.468934e-11
2.646980e+01,3.668972e-11,1.457291e-09,1.457291e-11
2.647232e+01,3.624850e-11,1.444572e-09,1.444572e-11
2.647483e+01,3.577488e-11,1.430300e-09,1.430300e-11
2.647734e+01,3.526951e-11,1.414200e-09,1.414200e-11
2.647986e+01,3.473655e-11,1.396286e-09,1.396286e-11
2.648237e+01,3.418363e-11,1.376908e-09,1.376908e-11
2.648488e+01,3.362216e-11,1.356725e-09,1.356725e-11
2.648740e+01,3.306733e-11,1.336610e-09,1.336610e-11
2.648991e+01,3.253736e-11,1.317544e-09,1.317544e-11
2.649242e+01,3.205245e-11,1.300450e-09,1.300450e-11
2.649494e+01,3.163417e-11,1.286033e-09,1.286033e-11
2.649745e+01,3.130451e-11,1.274679e-09,1.274679e-11
2.649996e+01,3.108405e-11,1.266437e-09,1.266437e-11
2.650248e+01,3.099123e-11,1.261072e-09,1.261072e-11
2.650499e+01,3.104125e-11,1.258185e-09,1.258185e-11
2.650750e+01,3.124511e-11,1.257415e-09,1.257415e-11
2.651002e+01,3.160897e-11,1.258615e-09,1.258615e-11
2.651253e+01,3.213295e-11,1.261969e-09,1.261969e-11
2.651504e+01,3.281136e-11,1.268038e-09,1.268038e-11
2.651756e+01,3.363326e-11,1.277705e-09,1.277705e-11
2.652007e+01,3.458199e-11,1.292008e-09,1.292008e-11
2.652258e+01,3.563640e-11,1.311907e-09,1.311907e-11
2.652510e+01,3.677187e-11,1.338024e-09,1.338024e-11
2.652761e+01,3.796024e-11,1.370412e-09,1.370412e-11
2.653012e+01,3.917154e-11,1.408445e-09,1.408445e-11
2.653263e+01,4.037577e-11,1.450842e-09,1.450842e-11
2.653515e+01,4.154330e-11,1.495807e-09,1.495807e-11
2.653766e+01,4.264612e-11,1.541257e-09,1.541257e-11
2.654017e+01,4.365943e-11,1.585079e-09,1.585079e-11
2.654269e+01,4.456155e-11,1.625363e-09,1.625363e-11
2.654520e+01,4.533607e-11,1.660624e-09,1.660624e-11
2.654771e+01,4.597238e-11,1.689949e-09,1.689949e-11
2.655023e+01,4.646451e-11,1.713060e-09,1.713060e-11
2.655274e+01,4.681265e-11,1.730365e-09,1.730365e-11
2.655525e+01,4.702349e-11,1.742901e-09,1.742901e-11
2.655777e+01,4.710906e-11,1.752180e-09,1.752180e-11
2.656028e+01,4.708651e-11,1.760008e-09,1.760008e-11
2.656279e+01,4.697732e-11,1.768258e-09,1.768258e-11
2.656531e+01,4.680648e-11,1.778581e-09,1.778581e-11
2.656782e+01,4.660115e-11,1.792143e-09,1.792143e-11
2.657033e+01,4.638858e-11,1.809492e-09,1.809492e-11
2.657285e+01,4.619553e-11,1.830519e-09,1.830519e-11
2.657536e+01,4.604668e-11,1.854528e-09,1.854528e-11
2.657787e+01,4.596270e-11,1.880429e-09,1.880429e-11
2.658039e+01,4.595922e-11,1.906991e-09,1.906991e-11
2.658290e+01,4.604553e-11,1.933058e-09,1.933058e-11
2.658541e+01,4.622450e-11,1.957744e-09,1.957744e-11
2.658793e+01,4.649218e-11,1.980520e-09,1.980520e-11
2.659044e+01,4.683722e-11,2.001195e-09,2.001195e-11
2.659295e+01,4.724203e-11,2.019847e-09,2.019847e-11
2.659547e+01,4.768388e-11,2.036697e-09,2.036697e-11
2.659798e+01,4.813661e-11,2.051948e-09,2.051948e-11
2.660049e+01,4.857201e-11,2.065652e-09,2.065652e-11
2.660301e+01,4.896136e-11,2.077629e-09,2.077629e-11
2.660552e+01,4.927775e-11,2.087451e-09,2.087451e-11
2.660803e+01,4.949721e-11,2.094514e-09,2.094514e-11
2.661055e+01,4.960152e-11,2.098179e-09,2.098179e-11
2.661306e+01,4.957873e-11,2.097878e-09,2.097878e-11
2.661557e+01,4.942283e-11,2.093231e-09,2.093231e-11
2.661809e+01,4.913531e-11,2.084145e-09,2.084145e-11
2.662060e+01,4.872387e-11,2.070839e-09,2.070839e-11
2.662311e+01,4.820155e-11,2.053806e-09,2.053806e-11
2.662563e+01,4.758685e-11,2.033763e-09,2.033763e-11
2.662814e+01,4.690126e-11,2.011534e-09,2.011534e-11
2.663065e+01,4.616662e-11,1.987911e-09,1.987911e-11
2.663317e+01,4.540464e-11,1.963581e-09,1.963581e-11
2.663568e+01,4.463557e-11,1.939093e-09,1.939093e-11
2.663819e+01,4.387664e-11,1.914817e-09,1.914817e-11
2.664071e+01,4.314086e-11,1.890956e-09,1.890956e-11
2.664322e+01,4.243671e-11,1.867592e-09,1.867592e-11
2.664573e+01,4.176839e-11,1.844742e-09,1.844742e-11
2.664825e+01,4.113575e-11,1.822400e-09,1.822400e-11
2.665076e+01,4.053544e-11,1.800570e-09,1.800570e-11
2.665327e+01,3.996215e-11,1.779282e-09,1.779282e-11
2.665579e+01,3.940907e-11,1.758584e-09,1.758584e-11
2.665830e+01,3.886923e-11,1.738537e-09,1.738537e-11
2.666081e+01,3.833701e-11,1.719214e-09,1.719214e-11
2.666333e+01,3.780856e-11,1.700693e-09,1.700693e-11
2.666584e+01,3.728271e-11,1.683038e-09,1.683038e-11
2.666835e+01,3.676109e-11,1.666304e-09,1.666304e-11
2.667086e+01,3.624827e-11,1.650552e-09,1.650552e-11
2.667338e+01,3.575137e-11,1.635827e-09,1.635827e-11
2.667589e+01,3.527906e-11,1.622151e-09,1.622151e-11
2.667840e+01,3.484186e-11,1.609523e-09,1.609523e-11
2.668092e+01,3.445040e-11,1.597922e-09,1.597922e-11
2.668343e+01,3.411472e-11,1.587304e-09,1.587304e-11
2.668594e+01,3.384403e-11,1.577613e-09,1.577613e-11
2.668846e+01,3.364532e-11,1.568786e-09,1.568786e-11
2.669097e+01,3.352349e-11,1.560780e-09,1.560780e-11
2.669348e+01,3.348106e-11,1.553602e-09,1.553602e-11
2.669600e+01,3.351794e-11,1.547303e-09,1.547303e-11
2.669851e+01,3.363174e-11,1.541974e-09,1.541974e-11
2.670102e+01,3.381803e-11,1.537762e-09,1.537762e-11
2.670354e+01,3.407081e-11,1.534876e-09,1.534876e-11
2.670605e+01,3.438303e-11,1.533542e-09,1.533542e-11
2.670856e+01,3.474690e-11,1.533963e-09,1.533963e-11
2.671108e+01,3.515410e-11,1.536294e-09,1.536294e-11
2.671359e+01,3.559623e-11,1.540611e-09,1.540611e-11
2.671610e+01,3.606502e-11,1.546879e-09,1.546879e-11
2.671862e+01,3.655233e-11,1.554923e-09,1.554923e-11
2.672113e+01,3.705021e-11,1.564435e-09,1.564435e-11
2.672364e+01,3.755100e-11,1.574976e-09,1.574976e-11
2.672616e+01,3.804717e-11,1.585989e-09,1.585989e-11
2.672867e+01,3.853102e-11,1.596831e-09,1.596831e-11
2.673118e+01,3.899457e-11,1.606822e-09,1.606822e-11
2.673370e+01,3.943005e-11,1.615279e-09,1.615279e-11
2.673621e+01,3.982977e-11,1.621539e-09,1.621539e-11
2.673872e+01,4.018597e-11,1.625017e-09,1.625017e-11
2.674124e+01,4.049132e-11,1.625226e-09,1.625226e-11
2.674375e+01,4.073901e-11,1.621764e-09,1.621764e-11
2.674626e+01,4.092250e-11,1.614335e-09,1.614335e-11
2.674878e+01,4.103628e-11,1.602781e-09,1.602781e-11
2.675129e+01,4.107650e-11,1.587069e-09,1.587069e-11
2.675380e+01,4.104008e-11,1.567277e-09,1.567277e-11
2.675632e+01,4.092499e-11,1.543589e-09,1.543589e-11
2.675883e+01,4.073098e-11,1.516304e-09,1.516304e-11
2.676134e+01,4.045907e-11,1.485811e-09,1.485811e-11
2.676386e+01,4.011125e-11,1.452561e-09,1.452561e-11
2.676637e+01,3.969032e-11,1.417052e-09,1.417052e-11
2.676888e+01,3.920025e-11,1.379815e-09,1.379815e-11
2.677140e+01,3.864589e-11,1.341382e-09,1.341382e-11
2.677391e+01,3.803241e-11,1.302255e-09,1.302255e-11
2.677642e+01,3.736526e-11,1.262885e-09,1.262885e-11
2.677894e+01,3.665039e-11,1.223663e-09,1.223663e-11
2.678145e+01,3.589420e-11,1.184886e-09,1.184886e-11
2.678396e+01,3.510316e-11,1.146740e-09,1.146740e-11
2.678648e+01,3.428376e-11,1.109303e-09,1.109303e-11
2.678899e+01,3.344264e-11,1.072572e-09,1.072572e-11
2.679150e+01,3.258672e-11,1.036466e-09,1.036466e-11
2.679402e+01,3.172313e-11,1.000844e-09,1.000844e-11
2.679653e+01,3.085871e-11,9.655379e-10,9.655379e-12
2.679904e+01,3.000041e-11,9.303996e-10,9.303996e-12
2.680156e+01,2.915493e-11,8.953358e-10,8.953358e-12
2.680407e+01,2.832864e-11,8.603377e-10,8.603377e-12
2.680658e+01,2.752770e-11,8.255154e-10,8.255154e-12
2.680910e+01,2.675703e-11,7.911126e-10,7.911126e-12
2.681161e+01,2.602107e-11,7.575025e-10,7.575025e-12
2.681412e+01,2.532343e-11,7.251672e-10,7.251672e-12
2.681663e+01,2.466640e-11,6.946590e-10,6.946590e-12
2.681915e+01,2.405169e-11,6.665357e-10,6.665357e-12
2.682166e+01,2.347988e-11,6.412709e-10,6.412709e-12
2.682417e+01,2.295028e-11,6.191621e-10,6.191621e-12
2.682669e+01,2.246199e-11,6.002824e-10,6.002824e-12
2.682920e+01,2.201409e-11,5.844742e-10,5.844742e-12
2.683171e+01,2.160501e-11,5.713844e-10,5.713844e-12
2.683423e+01,2.123339e-11,5.605687e-10,5.605687e-12
2.683674e+01,2.089866e-11,5.516539e-10,5.516539e-12
2.683925e+01,2.060152e-11,5.445015e-10,5.445015e-12
2.684177e+01,2.034396e-11,5.393262e-10,5.393262e-12
2.684428e+01,2.012886e-11,5.367511e-10,5.367511e-12
2.684679e+01,1.996077e-11,5.377779e-10,5.377779e-12
2.684931e+01,1.984587e-11,5.436354e-10,5.436354e-12
2.685182e+01,1.979154e-11,5.555107e-10,5.555107e-12
2.685433e+01,1.980607e-11,5.742325e-10,5.742325e-12
2.685685e+01,1.989819e-11,6.000275e-10,6.000275e-12
2.685936e+01,2.007672e-11,6.324326e-10,6.324326e-12
2.686187e+01,2.034922e-11,6.703705e-10,6.703705e-12
2.686439e+01,2.072158e-11,7.123628e-10,7.123628e-12
2.686690e+01,2.119758e-11,7.567798e-10,7.567798e-12
2.686941e+01,2.177750e-11,8.020546e-10,8.020546e-12
2.687193e+01,2.245801e-11,8.468325e-10,8.468325e-12
2.687444e+01,2.323165e-11,8.900411e-10,8.900411e-12
2.687695e+01,2.408627e-11,9.309096e-10,9.309096e-12
2.687947e+01,2.500593e-11,9.689407e-10,9.689407e-12
2.688198e+01,2.597038e-11,1.003830e-09,1.003830e-11
2.688449e+01,2.695563e-11,1.035364e-09,1.035364e-11
2.688701e+01,2.793528e-11,1.063333e-09,1.063333e-11
2.688952e+01,2.888164e-11,1.087444e-09,1.087444e-11
2.689203e+01,2.976718e-11,1.107273e-09,1.107273e-11
2.689455e+01,3.056520e-11,1.122260e-09,1.122260e-11
2.689706e+01,3.125163e-11,1.131751e-09,1.131751e-11
2.689957e+01,3.180659e-11,1.135076e-09,1.135076e-11
2.690209e+01,3.221444e-11,1.131659e-09,1.131659e-11
2.690460e+01,3.246630e-11,1.121145e-09,1.121145e-11
2.690711e+01,3.256014e-11,1.103474e-09,1.103474e-11
2.690963e+01,3.249953e-11,1.078944e-09,1.078944e-11
2.691214e+01,3.229486e-11,1.048246e-09,1.048246e-11
2.691465e+01,3.196224e-11,1.012448e-09,1.012448e-11
2.691717e+01,3.152251e-11,9.729495e-10,9.729495e-12
2.691968e+01,3.100076e-11,9.313769e-10,9.313769e-12
2.692219e+01,3.042401e-11,8.894588e-10,8.894588e-12
2.692471e+01,2.981948e-11,8.488865e-10,8.488865e-12
2.692722e+01,2.921391e-11,8.111863e-10,8.111863e-12
2.692973e+01,2.863242e-11,7.776065e-10,7.776065e-12
2.693225e+01,2.809657e-11,7.490338e-10,7.490338e-12
2.693476e+01,2.762310e-11,7.259598e-10,7.259598e-12
2.693727e+01,2.722388e-11,7.085166e-10,7.085166e-12
2.693979e+01,2.690642e-11,6.965542e-10,6.965542e-12
2.694230e+01,2.667309e-11,6.897153e-10,6.897153e-12
2.694481e+01,2.652132e-11,6.874977e-10,6.874977e-12
2.694733e+01,2.644464e-11,6.893121e-10,6.893121e-12
2.694984e+01,2.643383e-11,6.945320e-10,6.945320e-12
2.695235e+01,2.647805e-11,7.025171e-10,7.025171e-12
2.695486e+01,2.656502e-11,7.126222e-10,7.126222e-12
2.695738e+01,2.668248e-11,7.242310e-10,7.242310e-12
2.695989e+01,2.681931e-11,7.367946e-10,7.367946e-12
2.696240e+01,2.696578e-11,7.498480e-10,7.498480e-12
2.696492e+01,2.711463e-11,7.630204e-10,7.630204e-12
2.696743e+01,2.726052e-11,7.760347e-10,7.760347e-12
2.696994e+01,2.740030e-11,7.886985e-10,7.886985e-12
2.697246e+01,2.753348e-11,8.008913e-10,8.008913e-12
2.697497e+01,2.766156e-11,8.125361e-10,8.125361e-12
2.697748e+01,2.778727e-11,8.235725e-10,8.235725e-12
2.698000e+01,2.791457e-11,8.339564e-10,8.339564e-12
2.698251e+01,2.804857e-11,8.436592e-10,8.436592e-12
2.698502e+01,2.819410e-11,8.526497e-10,8.526497e-12
2.698754e+01,2.835576e-11,8.609021e-10,8.609021e-12
2.699005e+01,2.853818e-11,8.684214e-10,8.684214e-12
2.699256e+01,2.874492e-11,8.752434e-10,8.752434e-12
2.699508e+01,2.897896e-11,8.814335e-10,8.814335e-12
2.699759e+01,2.924219e-11,8.870941e-10,8.870941e-12
2.700010e+01,2.953546e-11,8.923695e-10,8.923695e-12
2.700262e+01,2.985909e-11,8.974446e-10,8.974446e-12
2.700513e+01,3.021185e-11,9.025373e-10,9.025373e-12
2.700764e+01,3.059189e-11,9.079026e-10,9.079026e-12
2.701016e+01,3.099651e-11,9.138378e-10,9.138378e-12
2.701267e+01,3.142236e-11,9.206742e-10,9.206742e-12
2.701518e+01,3.186588e-11,9.287653e-10,9.287653e-12
2.701770e+01,3.232233e-11,9.384748e-10,9.384748e-12
2.702021e+01,3.278723e-11,9.501580e-10,9.501580e-12
2.702272e+01,3.325611e-11,9.641334e-10,9.641334e-12
2.702524e+01,3.372461e-11,9.806541e-10,9.806541e-12
2.702775e+01,3.418927e-11,9.998706e-10,9.998706e-12
2.703026e+01,3.464672e-11,1.021791e-09,1.021791e-11
2.703278e+01,3.509481e-11,1.046256e-09,1.046256e-11
2.703529e+01,3.553299e-11,1.072935e-09,1.072935e-11
2.703780e+01,3.596156e-11,1.101320e-09,1.101320e-11
2.704032e+01,3.638194e-11,1.130734e-09,1.130734e-11
2.704283e+01,3.679659e-11,1.160381e-09,1.160381e-11
2.704534e+01,3.720908e-11,1.189415e-09,1.189415e-11
2.704786e+01,3.762330e-11,1.216988e-09,1.216988e-11
2.705037e+01,3.804300e-11,1.242322e-09,1.242322e-11
2.705288e+01,3.847158e-11,1.264804e-09,1.264804e-11
2.705540e+01,3.891107e-11,1.284047e-09,1.284047e-11
2.705791e+01,3.936198e-11,1.299933e-09,1.299933e-11
2.706042e+01,3.982333e-11,1.312646e-09,1.312646e-11
2.706294e+01,4.029201e-11,1.322671e-09,1.322671e-11
2.706545e+01,4.076263e-11,1.330747e-09,1.330747e-11
2.706796e+01,4.122782e-11,1.337777e-09,1.337777e-11
2.707048e+01,4.167842e-11,1.344725e-09,1.344725e-11
2.707299e+01,4.210460e-11,1.352501e-09,1.352501e-11
2.707550e+01,4.249639e-11,1.361837e-09,1.361837e-11
2.707802e+01,4.284409e-11,1.373202e-09,1.373202e-11
2.708053e+01,4.313937e-11,1.386749e-09,1.386749e-11
2.708304e+01,4.337622e-11,1.402332e-09,1.402332e-11
2.708556e+01,4.355143e-11,1.419572e-09,1.419572e-11
2.708807e+01,4.366497e-11,1.437935e-09,1.437935e-11
2.709058e+01,4.372030e-11,1.456835e-09,1.456835e-11
2.709310e+01,4.372476e-11,1.475720e-09,1.475720e-11
2.709561e+01,4.368885e-11,1.494131e-09,1.494131e-11
2.709812e+01,4.362564e-11,1.511722e-09,1.511722e-11
2.710063e+01,4.355041e-11,1.528267e-09,1.528267e-11
2.710315e+01,4.347910e-11,1.543627e-09,1.543627e-11
2.710566e+01,4.342767e-11,1.557720e-09,1.557720e-11
2.710817e+01,4.341087e-11,1.570490e-09,1.570490e-11
2.711069e+01,4.344089e-11,1.581887e-09,1.581887e-11
2.711320e+01,4.352638e-11,1.591859e-09,1.591859e-11
2.711571e+01,4.367228e-11,1.600359e-09,1.600359e-11
2.711823e+01,4.387924e-11,1.607351e-09,1.607351e-11
2.712074e+01,4.414218e-11,1.612809e-09,1.612809e-11
2.712325e+01,4.445183e-11,1.616729e-09,1.616729e-11
2.712577e+01,4.479443e-11,1.619105e-09,1.619105e-11
2.712828e+01,4.515193e-11,1.619915e-09,1.619915e-11
2.713079e+01,4.550388e-11,1.619099e-09,1.619099e-11
2.713331e+01,4.582782e-11,1.616540e-09,1.616540e-11
2.713582e+01,4.610052e-11,1.612047e-09,1.612047e-11
2.713833e+01,4.629920e-11,1.605356e-09,1.605356e-11
2.714085e+01,4.640307e-11,1.596158e-09,1.596158e-11
2.714336e+01,4.639434e-11,1.584141e-09,1.584141e-11
2.714587e+01,4.625915e-11,1.569056e-09,1.569056e-11
2.714839e+01,4.598857e-11,1.550766e-09,1.550766e-11
2.715090e+01,4.557889e-11,1.529300e-09,1.529300e-11
2.715341e+01,4.503247e-11,1.504882e-09,1.504882e-11
2.715593e+01,4.435758e-11,1.477949e-09,1.477949e-11
2.715844e+01,4.356801e-11,1.449106e-09,1.449106e-11
2.716095e+01,4.268214e-11,1.419069e-09,1.419069e-11
2.716347e+01,4.172284e-11,1.388570e-09,1.388570e-11
2.716598e+01,4.071639e-11,1.358260e-09,1.358260e-11
2.716849e+01,3.969037e-11,1.328616e-09,1.328616e-11
2.717101e+01,3.867293e-11,1.299878e-09,1.299878e-11
2.717352e+01,3.769157e-11,1.272025e-09,1.272025e-11
2.717603e+01,3.677148e-11,1.244808e-09,1.244808e-11
2.717855e+01,3.593457e-11,1.217838e-09,1.217838e-11
2.718106e+01,3.519805e-11,1.190703e-09,1.190703e-11
2.718357e+01,3.457399e-11,1.163090e-09,1.163090e-11
2.718609e+01,3.406930e-11,1.134892e-09,1.134892e-11
2.718860e+01,3.368459e-11,1.106280e-09,1.106280e-11
2.719111e+01,3.341498e-11,1.077715e-09,1.077715e-11
2.719363e+01,3.325089e-11,1.049918e-09,1.049918e-11
2.719614e+01,3.317853e-11,1.023780e-09,1.023780e-11
2.719865e+01,3.318084e-11,1.000226e-09,1.000226e-11
2.720117e+01,3.323892e-11,9.800766e-10,9.800766e-12
2.720368e+01,3.333329e-11,9.639107e-10,9.639107e-12
2.720619e+01,3.344442e-11,9.519874e-10,9.519874e-12
2.720871e+01,3.355508e-11,9.442271e-10,9.442271e-12
2.721122e+01,3.365026e-11,9.402471e-10,9.402471e-12
2.721373e+01,3.371764e-11,9.394626e-10,9.394626e-12
2.721625e+01,3.374909e-11,9.412234e-10,9.412234e-12
2.721876e+01,3.374008e-11,9.449188e-10,9.449188e-12
2.722127e+01,3.368961e-11,9.500506e-10,9.500506e-12
2.722379e+01,3.360015e-11,9.562822e-10,9.562822e-12
2.722630e+01,3.347708e-11,9.634450e-10,9.634450e-12
2.722881e+01,3.332761e-11,9.715076e-10,9.715076e-12
2.723133e+01,3.316067e-11,9.805378e-10,9.805378e-12
2.723384e+01,3.298605e-11,9.906557e-10,9.906557e-12
2.723635e+01,3.281343e-11,1.001988e-09,1.001988e-11
2.723886e+01,3.265198e-11,1.014632e-09,1.014632e-11
2.724138e+01,3.250968e-11,1.028633e-09,1.028633e-11
2.724389e+01,3.239368e-11,1.043968e-09,1.043968e-11
2.724640e+01,3.230922e-11,1.060541e-09,1.060541e-11
2.724892e+01,3.225924e-11,1.078171e-09,1.078171e-11
2.725143e+01,3.224523e-11,1.096603e-09,1.096603e-11
2.725394e+01,3.226730e-11,1.115512e-09,1.115512e-11
2.725646e+01,3.232345e-11,1.134507e-09,1.134507e-11
2.725897e+01,3.241000e-11,1.153142e-09,1.153142e-11
2.726148e+01,3.252273e-11,1.170929e-09,1.170929e-11
2.726400e+01,3.265618e-11,1.187356e-09,1.187356e-11
2.726651e+01,3.280402e-11,1.201907e-09,1.201907e-11
2.726902e+01,3.296012e-11,1.214094e-09,1.214094e-11
2.727154e+01,3.311791e-11,1.223474e-09,1.223474e-11
2.727405e+01,3.327102e-11,1.229690e-09,1.229690e-11
2.727656e+01,3.341430e-11,1.232504e-09,1.232504e-11
2.727908e+01,3.354328e-11,1.231820e-09,1.231820e-11
2.728159e+01,3.365443e-11,1.227700e-09,1.227700e-11
2.728410e+01,3.374605e-11,1.220402e-09,1.220402e-11
2.728662e+01,3.381813e-11,1.210386e-09,1.210386e-11
2.728913e+01,3.387208e-11,1.198299e-09,1.198299e-11
2.729164e+01,3.391072e-11,1.184944e-09,1.184944e-11
2.729416e+01,3.393827e-11,1.171254e-09,1.171254e-11
2.729667e+01,3.396033e-11,1.158234e-09,1.158234e-11
2.729918e+01,3.398314e-11,1.146868e-09,1.146868e-11
2.730170e+01,3.401279e-11,1.138009e-09,1.138009e-11
2.730421e+01,3.405579e-11,1.132311e-09,1.132311e-11
2.730672e+01,3.411811e-11,1.130153e-09,1.130153e-11
2.730924e+01,3.420472e-11,1.131579e-09,1.131579e-11
2.731175e+01,3.431993e-11,1.136317e-09,1.136317e-11
2.731426e+01,3.446686e-11,1.143841e-09,1.143841e-11
2.731678e+01,3.464806e-11,1.153461e-09,1.153461e-11
2.731929e+01,3.486548e-11,1.164445e-09,1.164445e-11
2.732180e+01,3.512009e-11,1.176136e-09,1.176136e-11
2.732432e+01,3.541261e-11,1.188047e-09,1.188047e-11
2.732683e+01,3.574460e-11,1.199935e-09,1.199935e-11
2.732934e+01,3.611823e-11,1.211830e-09,1.211830e-11
2.733186e+01,3.653576e-11,1.224001e-09,1.224001e-11
2.733437e+01,3.700044e-11,1.236891e-09,1.236891e-11
2.733688e+01,3.751597e-11,1.251015e-09,1.251015e-11
2.733940e+01,3.808596e-11,1.266857e-09,1.266857e-11
2.734191e+01,3.871295e-11,1.284765e-09,1.284765e-11
2.734442e+01,3.939822e-11,1.304898e-09,1.304898e-11
2.734694e+01,4.014172e-11,1.327211e-09,1.327211e-11
2.734945e+01,4.093992e-11,1.351454e-09,1.351454e-11
2.735196e+01,4.178506e-11,1.377227e-09,1.377227e-11
2.735448e+01,4.266588e-11,1.404057e-09,1.404057e-11
2.735699e+01,4.356707e-11,1.431427e-09,1.431427e-11
2.735950e+01,4.446829e-11,1.458794e-09,1.458794e-11
2.736202e+01,4.534623e-11,1.485594e-09,1.485594e-11
2.736453e+01,4.617483e-11,1.511200e-09,1.511200e-11
2.736704e+01,4.692582e-11,1.534906e-09,1.534906e-11
2.736956e+01,4.757147e-11,1.555923e-09,1.555923e-11
2.737207e+01,4.808534e-11,1.573379e-09,1.573379e-11
2.737458e+01,4.844429e-11,1.586379e-09,1.586379e-11
2.737710e+01,4.862944e-11,1.594097e-09,1.594097e-11
2.737961e+01,4.862808e-11,1.595865e-09,1.595865e-11
2.738212e+01,4.843468e-11,1.591286e-09,1.591286e-11
2.738463e+01,4.805085e-11,1.580295e-09,1.580295e-11
2.738715e+01,4.748584e-11,1.563181e-09,1.563181e-11
2.738966e+01,4.675569e-11,1.540568e-09,1.540568e-11
2.739217e+01,4.588251e-11,1.513363e-09,1.513363e-11
2.739469e+01,4.489319e-11,1.482652e-09,1.482652e-11
2.739720e+01,4.381796e-11,1.449568e-09,1.449568e-11
2.739971e+01,4.268796e-11,1.415155e-09,1.415155e-11
2.740223e+01,4.153362e-11,1.380281e-09,1.380281e-11
2.740474e+01,4.038403e-11,1.345593e-09,1.345593e-11
2.740725e+01,3.926379e-11,1.311485e-09,1.311485e-11
2.740977e+01,3.819270e-11,1.278131e-09,1.278131e-11
2.741228e+01,3.718505e-11,1.245587e-09,1.245587e-11
2.741479e+01,3.624857e-11,1.213859e-09,1.213859e-11
2.741731e+01,3.538608e-11,1.182952e-09,1.182952e-11
2.741982e+01,3.459477e-11,1.152910e-09,1.152910e-11
2.742233e+01,3.386759e-11,1.123821e-09,1.123821e-11
2.742485e+01,3.319422e-11,1.095786e-09,1.095786e-11
2.742736e+01,3.256203e-11,1.068876e-09,1.068876e-11
2.742987e+01,3.195810e-11,1.043095e-09,1.043095e-11
2.743239e+01,3.136955e-11,1.018367e-09,1.018367e-11
2.743490e+01,3.078540e-11,9.945584e-10,9.945584e-12
2.743741e+01,3.019746e-11,9.715038e-10,9.715038e-12
2.743993e+01,2.960029e-11,9.490403e-10,9.490403e-12
2.744244e+01,2.899137e-11,9.270347e-10,9.270347e-12
2.744495e+01,2.837142e-11,9.054320e-10,9.054320e-12
2.744747e+01,2.774436e-11,8.842836e-10,8.842836e-12
2.744998e+01,2.711673e-11,8.637331e-10,8.637331e-12
2.745249e+01,2.649705e-11,8.439758e-10,8.439758e-12
2.745501e+01,2.589467e-11,8.252207e-10,8.252207e-12
2.745752e+01,2.531973e-11,8.076737e-10,8.076737e-12
2.746003e+01,2.478287e-11,7.915148e-10,7.915148e-12
2.746255e+01,2.429363e-11,7.768614e-10,7.768614e-12
2.746506e+01,2.386048e-11,7.637653e-10,7.637653e-12
2.746757e+01,2.349083e-11,7.522250e-10,7.522250e-12
2.747009e+01,2.319004e-11,7.422032e-10,7.422032e-12
2.747260e+01,2.296192e-11,7.336695e-10,7.336695e-12
2.747511e+01,2.280855e-11,7.266243e-10,7.266243e-12
2.747763e+01,2.273003e-11,7.211029e-10,7.211029e-12
2.748014e+01,2.272466e-11,7.171880e-10,7.171880e-12
2.748265e+01,2.278880e-11,7.150057e-10,7.150057e-12
2.748517e+01,2.291749e-11,7.147088e-10,7.147088e-12
2.748768e+01,2.310462e-11,7.164456e-10,7.164456e-12
2.749019e+01,2.334194e-11,7.203060e-10,7.203060e-12
2.749271e+01,2.361985e-11,7.262938e-10,7.262938e-12
2.749522e+01,2.392824e-11,7.343117e-10,7.343117e-12
2.749773e+01,2.425571e-11,7.441309e-10,7.441309e-12
2.750025e+01,2.458975e-11,7.553853e-10,7.553853e-12
2.750276e+01,2.491796e-11,7.675896e-10,7.675896e-12
2.750527e+01,2.522744e-11,7.801617e-10,7.801617e-12
2.750779e+01,2.550504e-11,7.924611e-10,7.924611e-12
2.751030e+01,2.573902e-11,8.038351e-10,8.038351e-12
2.751281e+01,2.591865e-11,8.136573e-10,8.136573e-12
2.751533e+01,2.603429e-11,8.213561e-10,8.213561e-12
2.751784e+01,2.607849e-11,8.264524e-10,8.264524e-12
2.752035e+01,2.604614e-11,8.285899e-10,8.285899e-12
2.752286e+01,2.593424e-11,8.275358e-10,8.275358e-12
2.752538e+01,2.574199e-11,8.231860e-10,8.231860e-12
2.752789e+01,2.547204e-11,8.155862e-10,8.155862e-12
2.753040e+01,2.512940e-11,8.049175e-10,8.049175e-12
2.753292e+01,2.472051e-11,7.914623e-10,7.914623e-12
2.753543e+01,2.425406e-11,7.756012e-10,7.756012e-12
2.753794e+01,2.374032e-11,7.577973e-10,7.577973e-12
2.754046e+01,2.319034e-11,7.385570e-10,7.385570e-12
2.754297e+01,2.261499e-11,7.184069e-10,7.184069e-12
2.754548e+01,2.202517e-11,6.978737e-10,6.978737e-12
2.754800e+01,2.143153e-11,6.774554e-10,6.774554e-12
2.755051e+01,2.084313e-11,6.575968e-10,6.575968e-12
2.755302e+01,2.026793e-11,6.386649e-10,6.386649e-12
2.755554e+01,1.971239e-11,6.209318e-10,6.209318e-12
2.755805e+01,1.918156e-11,6.045650e-10,6.045650e-12
2.756056e+01,1.867926e-11,5.896213e-10,5.896213e-12
2.756308e+01,1.820787e-11,5.760614e-10,5.760614e-12
2.756559e+01,1.776971e-11,5.637888e-10,5.637888e-12
2.756810e+01,1.736689e-11,5.526871e-10,5.526871e-12
2.757062e+01,1.700133e-11,5.426567e-10,5.426567e-12
2.757313e+01,1.667608e-11,5.336507e-10,5.336507e-12
2.757564e+01,1.639520e-11,5.256918e-10,5.256918e-12
2.757816e+01,1.616342e-11,5.188770e-10,5.188770e-12
2.758067e+01,1.598737e-11,5.133564e-10,5.133564e-12
2.758318e+01,1.587449e-11,5.092754e-10,5.092754e-12
2.758570e+01,1.583232e-11,5.067392e-10,5.067392e-12
2.758821e+01,1.586961e-11,5.057986e-10,5.057986e-12
2.759072e+01,1.599406e-11,5.064247e-10,5.064247e-12
2.759324e+01,1.621158e-11,5.085447e-10,5.085447e-12
2.759575e+01,1.652616e-11,5.121331e-10,5.121331e-12
2.759826e+01,1.693845e-11,5.172842e-10,5.172842e-12
2.760078e+01,1.744544e-11,5.242398e-10,5.242398e-12
2.760329e+01,1.803906e-11,5.333825e-10,5.333825e-12
2.760580e+01,1.870711e-11,5.451596e-10,5.451596e-12
2.760832e+01,1.943280e-11,5.599185e-10,5.599185e-12
2.761083e+01,2.019434e-11,5.777192e-10,5.777192e-12
2.761334e+01,2.096714e-11,5.981970e-10,5.981970e-12
2.761586e+01,2.172425e-11,6.204957e-10,6.204957e-12
2.761837e+01,2.243754e-11,6.433185e-10,6.433185e-12
2.762088e+01,2.307976e-11,6.650970e-10,6.650970e-12
2.762340e+01,2.362578e-11,6.842133e-10,6.842133e-12
2.762591e+01,2.405442e-11,6.992305e-10,6.992305e-12
2.762842e+01,2.435040e-11,7.091046e-10,7.091046e-12
2.763094e+01,2.450506e-11,7.133408e-10,7.133408e-12
2.763345e+01,2.451699e-11,7.120778e-10,7.120778e-12
2.763596e+01,2.439284e-11,7.060854e-10,7.060854e-12
2.763848e+01,2.414662e-11,6.966686e-10,6.966686e-12
2.764099e+01,2.379924e-11,6.854841e-10,6.854841e-12
2.764350e+01,2.337745e-11,6.742481e-10,6.742481e-12
2.764602e+01,2.291157e-11,6.643974e-10,6.643974e-12
2.764853e+01,2.243418e-11,6.568248e-10,6.568248e-12
2.765104e+01,2.197782e-11,6.517441e-10,6.517441e-12
2.765356e+01,2.157265e-11,6.487662e-10,6.487662e-12
2.765607e+01,2.124470e-11,6.471674e-10,6.471674e-12
2.765858e+01,2.101404e-11,6.462369e-10,6.462369e-12
2.766109e+01,2.089344e-11,6.456207e-10,6.456207e-12
2.766361e+01,2.088813e-11,6.455470e-10,6.455470e-12
2.766612e+01,2.099568e-11,6.468379e-10,6.468379e-12
2.766863e+01,2.120546e-11,6.507013e-10,6.507013e-12
2.767115e+01,2.150013e-11,6.583687e-10,6.583687e-12
2.767366e+01,2.185739e-11,6.706676e-10,6.706676e-12
2.767617e+01,2.225133e-11,6.876352e-10,6.876352e-12
2.767869e+01,2.265426e-11,7.083616e-10,7.083616e-12
2.768120e+01,2.303818e-11,7.311280e-10,7.311280e-12
2.768371e+01,2.337752e-11,7.537222e-10,7.537222e-12
2.768623e+01,2.365076e-11,7.738036e-10,7.738036e-12
2.768874e+01,2.384046e-11,7.892461e-10,7.892461e-12
2.769125e+01,2.393521e-11,7.983953e-10,7.983953e-12
2.769377e+01,2.393027e-11,8.002038e-10,8.002038e-12
2.769628e+01,2.382662e-11,7.942829e-10,7.942829e-12
2.769879e+01,2.363148e-11,7.809040e-10,7.809040e-12
2.770131e+01,2.335702e-11,7.609304e-10,7.609304e-12
2.770382e+01,2.301950e-11,7.357104e-10,7.357104e-12
2.770633e+01,2.263873e-11,7.069615e-10,7.069615e-12
2.770885e+01,2.223572e-11,6.766148e-10,6.766148e-12
2.771136e+01,2.183217e-11,6.466609e-10,6.466609e-12
2.771387e+01,2.144952e-11,6.190180e-10,6.190180e-12
2.771639e+01,2.110721e-11,5.953814e-10,5.953814e-12
2.771890e+01,2.082194e-11,5.771046e-10,5.771046e-12
2.772141e+01,2.060775e-11,5.651646e-10,5.651646e-12
2.772393e+01,2.047546e-11,5.601634e-10,5.601634e-12
2.772644e+01,2.043160e-11,5.623793e-10,5.623793e-12
2.772895e+01,2.047879e-11,5.718664e-10,5.718664e-12
2.773147e+01,2.061659e-11,5.885309e-10,5.885309e-12
2.773398e+01,2.084109e-11,6.121557e-10,6.121557e-12
2.773649e+01,2.114518e-11,6.423933e-10,6.423933e-12
2.773901e+01,2.151920e-11,6.787330e-10,6.787330e-12
2.774152e+01,2.195118e-11,7.204732e-10,7.204732e-12
2.774403e+01,2.242797e-11,7.667192e-10,7.667192e-12
2.774655e+01,2.293504e-11,8.163972e-10,8.163972e-12
2.774906e+01,2.345754e-11,8.682927e-10,8.682927e-12
2.775157e+01,2.398084e-11,9.211072e-10,9.211072e-12
2.775409e+01,2.449051e-11,9.735121e-10,9.735121e-12
2.775660e+01,2.497338e-11,1.024201e-09,1.024201e-11
2.775911e+01,2.541753e-11,1.071942e-09,1.071942e-11
2.776163e+01,2.581324e-11,1.115614e-09,1.115614e-11
2.776414e+01,2.615255e-11,1.154231e-09,1.154231e-11
2.776665e+01,2.642942e-11,1.186958e-09,1.186958e-11
2.776917e+01,2.664061e-11,1.213136e-09,1.213136e-11
2.777168e+01,2.678501e-11,1.232284e-09,1.232284e-11
2.777419e+01,2.686332e-11,1.244095e-09,1.244095e-11
2.777671e+01,2.687819e-11,1.248440e-09,1.248440e-11
2.777922e+01,2.683371e-11,1.245364e-09,1.245364e-11
2.778173e+01,2.673527e-11,1.235082e-09,1.235082e-11
2.778425e+01,2.658947e-11,1.217971e-09,1.217971e-11
2.778676e+01,2.640254e-11,1.194555e-09,1.194555e-11
2.778927e+01,2.618157e-11,1.165510e-09,1.165510e-11
2.779179e+01,2.593351e-11,1.131637e-09,1.131637e-11
2.779430e+01,2.566464e-11,1.093844e-09,1.093844e-11
2.779681e+01,2.538154e-11,1.053133e-09,1.053133e-11
2.779933e+01,2.508974e-11,1.010573e-09,1.010573e-11
2.780184e+01,2.479468e-11,9.672597e-10,9.672597e-12
2.780435e+01,2.450163e-11,9.242820e-10,9.242820e-12
2.780686e+01,2.421482e-11,8.826796e-10,8.826796e-12
2.780938e+01,2.393877e-11,8.434088e-10,8.434088e-12
2.781189e+01,2.367775e-11,8.072991e-10,8.072991e-12
2.781440e+01,2.343518e-11,7.750062e-10,7.750062e-12
2.781692e+01,2.321490e-11,7.469865e-10,7.469865e-12
2.781943e+01,2.302028e-11,7.234880e-10,7.234880e-12
2.782194e+01,2.285437e-11,7.045541e-10,7.045541e-12
2.782446e+01,2.272023e-11,6.900478e-10,6.900478e-12
2.782697e+01,2.262038e-11,6.796824e-10,6.796824e-12
2.782948e+01,2.255649e-11,6.730600e-10,6.730600e-12
2.783200e+01,2.252960e-11,6.697348e-10,6.697348e-12
2.783451e+01,2.254087e-11,6.692688e-10,6.692688e-12
2.783702e+01,2.259067e-11,6.712523e-10,6.712523e-12
2.783954e+01,2.267866e-11,6.753222e-10,6.753222e-12
2.784205e+01,2.280374e-11,6.811747e-10,6.811747e-12
2.784456e+01,2.296426e-11,6.885654e-10,6.885654e-12
2.784708e+01,2.315846e-11,6.973194e-10,6.973194e-12
2.784959e+01,2.338408e-11,7.073172e-10,7.073172e-12
2.785210e+01,2.363814e-11,7.184598e-10,7.184598e-12
2.785462e+01,2.391730e-11,7.306702e-10,7.306702e-12
2.785713e+01,2.421844e-11,7.438912e-10,7.438912e-12
2.785964e+01,2.453790e-11,7.580639e-10,7.580639e-12
2.786216e+01,2.487221e-11,7.731239e-10,7.731239e-12
2.786467e+01,2.521785e-11,7.889920e-10,7.889920e-12
2.786718e+01,2.557113e-11,8.055723e-10,8.055723e-12
2.786970e+01,2.592922e-11,8.227612e-10,8.227612e-12
2.787221e+01,2.628973e-11,8.404395e-10,8.404395e-12
2.787472e+01,2.665087e-11,8.584813e-10,8.584813e-12
2.787724e+01,2.701195e-11,8.767608e-10,8.767608e-12
2.787975e+01,2.737271e-11,8.951401e-10,8.951401e-12
2.788226e+01,2.773409e-11,9.134747e-10,9.134747e-12
2.788478e+01,2.809777e-11,9.316135e-10,9.316135e-12
2.788729e+01,2.846562e-11,9.494080e-10,9.494080e-12
2.788980e+01,2.884085e-11,9.667257e-10,9.667257e-12
2.789232e+01,2.922602e-11,9.834310e-10,9.834310e-12
2.789483e+01,2.962324e-11,9.993932e-10,9.993932e-12
2.789734e+01,3.003464e-11,1.014522e-09,1.014522e-11
2.789986e+01,3.046082e-11,1.028770e-09,1.028770e-11
2.790237e+01,3.090108e-11,1.042118e-09,1.042118e-11
2.790488e+01,3.135320e-11,1.054571e-09,1.054571e-11
2.790740e+01,3.181291e-11,1.066159e-09,1.066159e-11
2.790991e+01,3.227458e-11,1.076913e-09,1.076913e-11
2.791242e+01,3.273119e-11,1.086845e-09,1.086845e-11
2.791494e+01,3.317444e-11,1.095928e-09,1.095928e-11
2.791745e+01,3.359564e-11,1.104104e-09,1.104104e-11
2.791996e+01,3.398644e-11,1.111286e-09,1.111286e-11
2.792248e+01,3.433908e-11,1.117366e-09,1.117366e-11
2.792499e+01,3.464718e-11,1.122248e-09,1.122248e-11
2.792750e+01,3.490660e-11,1.125896e-09,1.125896e-11
2.793002e+01,3.511597e-11,1.128359e-09,1.128359e-11
2.793253e+01,3.527686e-11,1.129792e-09,1.129792e-11
2.793504e+01,3.539362e-11,1.130446e-09,1.130446e-11
2.793756e+01,3.547324e-11,1.130650e-09,1.130650e-11
2.794007e+01,3.552543e-11,1.130774e-09,1.130774e-11
2.794258e+01,3.556181e-11,1.131174e-09,1.131174e-11
2.794509e+01,3.559502e-11,1.132125e-09,1.132125e-11
2.794761e+01,3.563822e-11,1.133783e-09,1.133783e-11
2.795012e+01,3.570343e-11,1.136178e-09,1.136178e-11
2.795263e+01,3.580126e-11,1.139208e-09,1.139208e-11
2.795515e+01,3.594024e-11,1.142683e-09,1.142683e-11
2.795766e+01,3.612548e-11,1.146389e-09,1.146389e-11
2.796017e+01,3.635859e-11,1.150124e-09,1.150124e-11
2.796269e+01,3.663765e-11,1.153749e-09,1.153749e-11
2.796520e+01,3.695713e-11,1.157205e-09,1.157205e-11
2.796771e+01,3.730723e-11,1.160499e-09,1.160499e-11
2.797023e+01,3.767534e-11,1.163674e-09,1.163674e-11
2.797274e+01,3.804693e-11,1.166769e-09,1.166769e-11
2.797525e+01,3.840525e-11,1.169767e-09,1.169767e-11
2.797777e+01,3.873301e-11,1.172565e-09,1.172565e-11
2.798028e+01,3.901318e-11,1.174939e-09,1.174939e-11
2.798279e+01,3.922924e-11,1.176546e-09,1.176546e-11
2.798531e+01,3.936644e-11,1.176984e-09,1.176984e-11
2.798782e+01,3.941346e-11,1.175863e-09,1.175863e-11
2.799033e+01,3.936200e-11,1.172841e-09,1.172841e-11
2.799285e+01,3.920743e-11,1.167687e-09,1.167687e-11
2.799536e+01,3.894935e-11,1.160346e-09,1.160346e-11
2.799787e+01,3.859089e-11,1.150945e-09,1.150945e-11
2.800039e+01,3.813994e-11,1.139793e-09,1.139793e-11
2.800290e+01,3.760857e-11,1.127362e-09,1.127362e-11
2.800541e+01,3.701176e-11,1.114198e-09,1.114198e-11
2.800793e+01,3.636754e-11,1.100843e-09,1.100843e-11
2.801044e+01,3.569610e-11,1.087779e-09,1.087779e-11
2.801295e+01,3.501878e-11,1.075345e-09,1.075345e-11
2.801547e+01,3.435707e-11,1.063686e-09,1.063686e-11
2.801798e+01,3.373150e-11,1.052772e-09,1.052772e-11
2.802049e+01,3.316092e-11,1.042445e-09,1.042445e-11
2.802301e+01,3.266107e-11,1.032494e-09,1.032494e-11
2.802552e+01,3.224411e-11,1.022768e-09,1.022768e-11
2.802803e+01,3.191821e-11,1.013260e-09,1.013260e-11
2.803055e+01,3.168619e-11,1.004158e-09,1.004158e-11
2.803306e+01,3.154598e-11,9.958539e-10,9.958539e-12
2.803557e+01,3.149059e-11,9.888795e-10,9.888795e-12
2.803809e+01,3.150859e-11,9.837935e-10,9.837935e-12
2.804060e+01,3.158495e-11,9.810437e-10,9.810437e-12
2.804311e+01,3.170120e-11,9.808105e-10,9.808105e-12
2.804563e+01,3.183790e-11,9.829106e-10,9.829106e-12
2.804814e+01,3.197525e-11,9.867846e-10,9.867846e-12
2.805065e+01,3.209380e-11,9.915410e-10,9.915410e-12
2.805317e+01,3.217641e-11,9.960893e-10,9.960893e-12
2.805568e+01,3.220922e-11,9.993286e-10,9.993286e-12
2.805819e+01,3.218224e-11,1.000315e-09,1.000315e-11
2.806071e+01,3.208996e-11,9.983931e-10,9.983931e-12
2.806322e+01,3.193156e-11,9.932695e-10,9.932695e-12
2.806573e+01,3.171032e-11,9.850411e-10,9.850411e-12
2.806825e+01,3.143379e-11,9.741691e-10,9.741691e-12
2.807076e+01,3.111250e-11,9.613845e-10,9.613845e-12
2.807327e+01,3.075834e-11,9.475717e-10,9.475717e-12
2.807579e+01,3.038477e-11,9.336644e-10,9.336644e-12
2.807830e+01,3.000485e-11,9.205247e-10,9.205247e-12
2.808081e+01,2.963010e-11,9.088393e-10,9.088393e-12
2.808333e+01,2.927000e-11,8.990790e-10,8.990790e-12
2.808584e+01,2.893124e-11,8.914964e-10,8.914964e-12
2.808835e+01,2.861812e-11,8.861379e-10,8.861379e-12
2.809086e+01,2.833162e-11,8.828854e-10,8.828854e-12
2.809338e+01,2.807005e-11,8.815292e-10,8.815292e-12
2.809589e+01,2.783074e-11,8.818161e-10,8.818161e-12
2.809840e+01,2.760931e-11,8.834665e-10,8.834665e-12
2.810092e+01,2.740128e-11,8.862173e-10,8.862173e-12
2.810343e+01,2.720415e-11,8.898592e-10,8.898592e-12
2.810594e+01,2.701685e-11,8.942175e-10,8.942175e-12
2.810846e+01,2.684058e-11,8.991373e-10,8.991373e-12
2.811097e+01,2.667982e-11,9.044907e-10,9.044907e-12
2.811348e+01,2.654195e-11,9.101604e-10,9.101604e-12
2.811600e+01,2.643708e-11,9.160210e-10,9.160210e-12
2.811851e+01,2.637749e-11,9.219397e-10,9.219397e-12
2.812102e+01,2.637702e-11,9.277863e-10,9.277863e-12
2.812354e+01,2.644986e-11,9.334542e-10,9.334542e-12
2.812605e+01,2.660958e-11,9.388798e-10,9.388798e-12
2.812856e+01,2.686784e-11,9.440748e-10,9.440748e-12
2.813108e+01,2.723354e-11,9.491600e-10,9.491600e-12
2.813359e+01,2.771225e-11,9.543510e-10,9.543510e-12
2.813610e+01,2.830517e-11,9.599264e-10,9.599264e-12
2.813862e+01,2.900896e-11,9.662134e-10,9.662134e-12
2.814113e+01,2.981611e-11,9.735426e-10,9.735426e-12
2.814364e+01,3.071528e-11,9.821821e-10,9.821821e-12
2.814616e+01,3.169115e-11,9.923048e-10,9.923048e-12
2.814867e+01,3.272583e-11,1.003994e-09,1.003994e-11
2.815118e+01,3.380010e-11,1.017264e-09,1.017264e-11
2.815370e+01,3.489341e-11,1.032095e-09,1.032095e-11
2.815621e+01,3.598524e-11,1.048468e-09,1.048468e-11
2.815872e+01,3.705618e-11,1.066394e-09,1.066394e-11
2.816124e+01,3.808796e-11,1.085910e-09,1.085910e-11
2.816375e+01,3.906463e-11,1.107063e-09,1.107063e-11
2.816626e+01,3.997251e-11,1.129828e-09,1.129828e-11
2.816878e+01,4.079958e-11,1.154024e-09,1.154024e-11
2.817129e+01,4.153678e-11,1.179281e-09,1.179281e-11
2.817380e+01,4.217708e-11,1.205004e-09,1.205004e-11
2.817632e+01,4.271474e-11,1.230369e-09,1.230369e-11
2.817883e+01,4.314591e-11,1.254377e-09,1.254377e-11
2.818134e+01,4.346809e-11,1.275931e-09,1.275931e-11
2.818386e+01,4.367979e-11,1.293915e-09,1.293915e-11
2.818637e+01,4.378052e-11,1.307310e-09,1.307310e-11
2.818888e+01,4.377037e-11,1.315266e-09,1.315266e-11
2.819140e+01,4.365009e-11,1.317181e-09,1.317181e-11
2.819391e+01,4.342203e-11,1.312760e-09,1.312760e-11
2.819642e+01,4.308955e-11,1.302047e-09,1.302047e-11
2.819894e+01,4.265719e-11,1.285424e-09,1.285424e-11
2.820145e+01,4.213157e-11,1.263601e-09,1.263601e-11
2.820396e+01,4.152034e-11,1.237573e-09,1.237573e-11
2.820648e+01,4.083267e-11,1.208570e-09,1.208570e-11
2.820899e+01,4.007978e-11,1.177985e-09,1.177985e-11
2.821150e+01,3.927412e-11,1.147280e-09,1.147280e-11
2.821402e+01,3.842962e-11,1.117877e-09,1.117877e-11
2.821653e+01,3.756097e-11,1.091040e-09,1.091040e-11
2.821904e+01,3.668330e-11,1.067758e-09,1.067758e-11
2.822156e+01,3.581217e-11,1.048652e-09,1.048652e-11
2.822407e+01,3.496221e-11,1.033923e-09,1.033923e-11
2.822658e+01,3.414722e-11,1.023368e-09,1.023368e-11
2.822909e+01,3.338026e-11,1.016457e-09,1.016457e-11
2.823161e+01,3.267258e-11,1.012417e-09,1.012417e-11
2.823412e+01,3.203335e-11,1.010373e-09,1.010373e-11
2.823663e+01,3.146992e-11,1.009473e-09,1.009473e-11
2.823915e+01,3.098751e-11,1.008989e-09,1.008989e-11
2.824166e+01,3.058915e-11,1.008402e-09,1.008402e-11
2.824417e+01,3.027581e-11,1.007440e-09,1.007440e-11
2.824669e+01,3.004686e-11,1.006068e-09,1.006068e-11
2.824920e+01,2.990030e-11,1.004473e-09,1.004473e-11
2.825171e+01,2.983233e-11,1.003007e-09,1.003007e-11
2.825423e+01,2.983827e-11,1.002131e-09,1.002131e-11
2.825674e+01,2.991364e-11,1.002349e-09,1.002349e-11
2.825925e+01,3.005348e-11,1.004119e-09,1.004119e-11
2.826177e+01,3.025197e-11,1.007766e-09,1.007766e-11
2.826428e+01,3.050381e-11,1.013450e-09,1.013450e-11
2.826679e+01,3.080447e-11,1.021181e-09,1.021181e-11
2.826931e+01,3.114949e-11,1.030813e-09,1.030813e-11
2.827182e+01,3.153409e-11,1.042054e-09,1.042054e-11
2.827433e+01,3.195366e-11,1.054539e-09,1.054539e-11
2.827685e+01,3.240415e-11,1.067906e-09,1.067906e-11
2.827936e+01,3.288069e-11,1.081830e-09,1.081830e-11
2.828187e+01,3.337769e-11,1.096045e-09,1.096045e-11
2.828439e+01,3.388948e-11,1.110358e-09,1.110358e-11
2.828690e+01,3.440887e-11,1.124647e-09,1.124647e-11
2.828941e+01,3.492801e-11,1.138838e-09,1.138838e-11
2.829193e+01,3.543901e-11,1.152886e-09,1.152886e-11
2.829444e+01,3.593285e-11,1.166735e-09,1.166735e-11
2.829695e+01,3.640041e-11,1.180304e-09,1.180304e-11
2.829947e+01,3.683280e-11,1.193478e-09,1.193478e-11
2.830198e+01,3.722178e-11,1.206138e-09,1.206138e-11
2.830449e+01,3.756034e-11,1.218158e-09,1.218158e-11
2.830701e+01,3.784297e-11,1.229426e-09,1.229426e-11
2.830952e+01,3.806610e-11,1.239866e-09,1.239866e-11
2.831203e+01,3.822801e-11,1.249429e-09,1.249429e-11
2.831455e+01,3.832917e-11,1.258076e-09,1.258076e-11
2.831706e+01,3.837233e-11,1.265754e-09,1.265754e-11
2.831957e+01,3.836123e-11,1.272369e-09,1.272369e-11
2.832209e+01,3.830089e-11,1.277768e-09,1.277768e-11
2.832460e+01,3.819742e-11,1.281730e-09,1.281730e-11
2.832711e+01,3.805632e-11,1.283986e-09,1.283986e-11
2.832963e+01,3.788227e-11,1.284261e-09,1.284261e-11
2.833214e+01,3.767880e-11,1.282332e-09,1.282332e-11
2.833465e+01,3.744770e-11,1.278092e-09,1.278092e-11
2.833717e+01,3.718879e-11,1.271601e-09,1.271601e-11
2.833968e+01,3.690046e-11,1.263120e-09,1.263120e-11
2.834219e+01,3.657939e-11,1.253124e-09,1.253124e-11
2.834471e+01,3.622105e-11,1.242269e-09,1.242269e-11
2.834722e+01,3.582109e-11,1.231333e-09,1.231333e-11
2.834973e+01,3.537551e-11,1.221166e-09,1.221166e-11
2.835225e+01,3.488216e-11,1.212607e-09,1.212607e-11
2.835476e+01,3.434106e-11,1.206396e-09,1.206396e-11
2.835727e+01,3.375548e-11,1.203110e-09,1.203110e-11
2.835979e+01,3.313261e-11,1.203126e-09,1.203126e-11
2.836230e+01,3.248287e-11,1.206584e-09,1.206584e-11
2.836481e+01,3.182082e-11,1.213380e-09,1.213380e-11
2.836733e+01,3.116413e-11,1.223194e-09,1.223194e-11
2.836984e+01,3.053291e-11,1.235529e-09,1.235529e-11
2.837235e+01,2.994858e-11,1.249742e-09,1.249742e-11
2.837486e+01,2.943220e-11,1.265112e-09,1.265112e-11
2.837738e+01,2.900417e-11,1.280917e-09,1.280917e-11
2.837989e+01,2.868203e-11,1.296484e-09,1.296484e-11
2.838240e+01,2.847927e-11,1.311259e-09,1.311259e-11
2.838492e+01,2.840491e-11,1.324867e-09,1.324867e-11
2.838743e+01,2.846283e-11,1.337126e-09,1.337126e-11
2.838994e+01,2.865106e-11,1.348042e-09,1.348042e-11
2.839246e+01,2.896209e-11,1.357799e-09,1.357799e-11
2.839497e+01,2.938406e-11,1.366699e-09,1.366699e-11
2.839748e+01,2.990074e-11,1.375090e-09,1.375090e-11
2.840000e+01,3.049258e-11,1.383324e-09,1.383324e-11
2.840251e+01,3.113851e-11,1.391702e-09,1.391702e-11
2.840502e+01,3.181714e-11,1.400435e-09,1.400435e-11
2.840754e+01,3.250777e-11,1.409613e-09,1.409613e-11
2.841005e+01,3.319126e-11,1.419200e-09,1.419200e-11
2.841256e+01,3.385115e-11,1.429041e-09,1.429041e-11
2.841508e+01,3.447398e-11,1.438887e-09,1.438887e-11
2.841759e+01,3.505020e-11,1.448412e-09,1.448412e-11
2.842010e+01,3.557422e-11,1.457243e-09,1.457243e-11
2.842262e+01,3.604309e-11,1.464967e-09,1.464967e-11
2.842513e+01,3.645664e-11,1.471146e-09,1.471146e-11
2.842764e+01,3.681711e-11,1.475355e-09,1.475355e-11
2.843016e+01,3.712789e-11,1.477215e-09,1.477215e-11
2.843267e+01,3.739304e-11,1.476432e-09,1.476432e-11
2.843518e+01,3.761667e-11,1.472837e-09,1.472837e-11
2.843770e+01,3.780255e-11,1.466418e-09,1.466418e-11
2.844021e+01,3.795310e-11,1.457317e-09,1.457317e-11
2.844272e+01,3.806913e-11,1.445836e-09,1.445836e-11
2.844524e+01,3.815019e-11,1.432418e-09,1.432418e-11
2.844775e+01,3.819417e-11,1.417603e-09,1.417603e-11
2.845026e+01,3.819786e-11,1.401983e-09,1.401983e-11
2.845278e+01,3.815718e-11,1.386127e-09,1.386127e-11
2.845529e+01,3.806747e-11,1.370527e-09,1.370527e-11
2.845780e+01,3.792385e-11,1.355550e-09,1.355550e-11
2.846032e+01,3.772150e-11,1.341414e-09,1.341414e-11
2.846283e+01,3.745667e-11,1.328185e-09,1.328185e-11
2.846534e+01,3.712664e-11,1.315780e-09,1.315780e-11
2.846786e+01,3.672993e-11,1.304011e-09,1.304011e-11
2.847037e+01,3.626656e-11,1.292631e-09,1.292631e-11
2.847288e+01,3.573847e-11,1.281376e-09,1.281376e-11
2.847540e+01,3.514893e-11,1.269982e-09,1.269982e-11
2.847791e+01,3.450228e-11,1.258225e-09,1.258225e-11
2.848042e+01,3.380513e-11,1.245945e-09,1.245945e-11
2.848294e+01,3.306468e-11,1.233041e-09,1.233041e-11
2.848545e+01,3.228875e-11,1.219433e-09,1.219433e-11
2.848796e+01,3.148600e-11,1.205067e-09,1.205067e-11
2.849048e+01,3.066498e-11,1.189920e-09,1.189920e-11
2.849299e+01,2.983428e-11,1.173969e-09,1.173969e-11
2.849550e+01,2.900193e-11,1.157177e-09,1.157177e-11
2.849802e+01,2.817527e-11,1.139500e-09,1.139500e-11
2.850053e+01,2.736056e-11,1.120895e-09,1.120895e-11
2.850304e+01,2.656290e-11,1.101319e-09,1.101319e-11
2.850556e+01,2.578660e-11,1.080735e-09,1.080735e-11
2.850807e+01,2.503483e-11,1.059123e-09,1.059123e-11
2.851058e+01,2.430959e-11,1.036494e-09,1.036494e-11
2.851309e+01,2.361234e-11,1.012900e-09,1.012900e-11
2.851561e+01,2.294383e-11,9.884220e-10,9.884220e-12
2.851812e+01,2.230440e-11,9.631463e-10,9.631463e-12
2.852063e+01,2.169422e-11,9.371742e-10,9.371742e-12
2.852315e+01,2.111370e-11,9.106324e-10,9.106324e-12
2.852566e+01,2.056346e-11,8.836470e-10,8.836470e-12
2.852817e+01,2.004421e-11,8.563369e-10,8.563369e-12
2.853069e+01,1.955755e-11,8.288410e-10,8.288410e-12
2.853320e+01,1.910553e-11,8.013223e-10,8.013223e-12
2.853571e+01,1.869020e-11,7.739557e-10,7.739557e-12
2.853823e+01,1.831417e-11,7.469411e-10,7.469411e-12
2.854074e+01,1.797989e-11,7.205313e-10,7.205313e-12
2.854325e+01,1.768956e-11,6.950287e-10,6.950287e-12
2.854577e+01,1.744537e-11,6.707646e-10,6.707646e-12
2.854828e+01,1.724864e-11,6.480988e-10,6.480988e-12
2.855079e+01,1.709957e-11,6.274056e-10,6.274056e-12
2.855331e+01,1.699731e-11,6.090346e-10,6.090346e-12
2.855582e+01,1.694004e-11,5.932857e-10,5.932857e-12
2.855833e+01,1.692474e-11,5.803763e-10,5.803763e-12
2.856085e+01,1.694721e-11,5.703929e-10,5.703929e-12
2.856336e+01,1.700200e-11,5.632667e-10,5.632667e-12
2.856587e+01,1.708265e-11,5.587715e-10,5.587715e-12
2.856839e+01,1.718223e-11,5.565375e-10,5.565375e-12
2.857090e+01,1.729298e-11,5.560874e-10,5.560874e-12
2.857341e+01,1.740689e-11,5.568821e-10,5.568821e-12
2.857593e+01,1.751606e-11,5.583781e-10,5.583781e-12
2.857844e+01,1.761331e-11,5.600855e-10,5.600855e-12
2.858095e+01,1.769228e-11,5.616055e-10,5.616055e-12
2.858347e+01,1.774725e-11,5.626668e-10,5.626668e-12
2.858598e+01,1.777409e-11,5.631598e-10,5.631598e-12
2.858849e+01,1.777070e-11,5.631475e-10,5.631475e-12
2.859101e+01,1.773675e-11,5.628577e-10,5.628577e-12
2.859352e+01,1.767395e-11,5.626541e-10,5.626541e-12
2.859603e+01,1.758629e-11,5.629988e-10,5.629988e-12
2.859855e+01,1.747998e-11,5.643980e-10,5.643980e-12
2.860106e+01,1.736358e-11,5.673247e-10,5.673247e-12
2.860357e+01,1.724781e-11,5.721439e-10,5.721439e-12
2.860609e+01,1.714455e-11,5.790458e-10,5.790458e-12
2.860860e+01,1.706663e-11,5.880143e-10,5.880143e-12
2.861111e+01,1.702807e-11,5.988416e-10,5.988416e-12
2.861363e+01,1.704228e-11,6.111703e-10,6.111703e-12
2.861614e+01,1.712200e-11,6.245752e-10,6.245752e-12
2.861865e+01,1.727871e-11,6.386628e-10,6.386628e-12
2.862117e+01,1.752106e-11,6.531630e-10,6.531630e-12
2.862368e+01,1.785537e-11,6.680149e-10,6.680149e-12
2.862619e+01,1.828482e-11,6.834165e-10,6.834165e-12
2.862871e+01,1.880851e-11,6.998269e-10,6.998269e-12
2.863122e+01,1.942180e-11,7.179359e-10,7.179359e-12
2.863373e+01,2.011685e-11,7.385809e-10,7.385809e-12
2.863625e+01,2.088230e-11,7.626190e-10,7.626190e-12
2.863876e+01,2.170401e-11,7.907891e-10,7.907891e-12
2.864127e+01,2.256588e-11,8.235797e-10,8.235797e-12
2.864379e+01,2.345018e-11,8.611292e-10,8.611292e-12
2.864630e+01,2.433898e-11,9.031944e-10,9.031944e-12
2.864881e+01,2.521516e-11,9.491685e-10,9.491685e-12
2.865133e+01,2.606275e-11,9.981341e-10,9.981341e-12
2.865384e+01,2.686756e-11,1.048953e-09,1.048953e-11
2.865635e+01,2.761852e-11,1.100347e-09,1.100347e-11
2.865886e+01,2.830698e-11,1.150965e-09,1.150965e-11
2.866138e+01,2.892746e-11,1.199463e-09,1.199463e-11
2.866389e+01,2.947847e-11,1.244561e-09,1.244561e-11
2.866640e+01,2.996040e-11,1.285074e-09,1.285074e-11
2.866892e+01,3.037602e-11,1.319952e-09,1.319952e-11
2.867143e+01,3.073026e-11,1.348330e-09,1.348330e-11
2.867394e+01,3.102873e-11,1.369561e-09,1.369561e-11
2.867646e+01,3.127816e-11,1.383245e-09,1.383245e-11
2.867897e+01,3.148525e-11,1.389242e-09,1.389242e-11
2.868148e+01,3.165560e-11,1.387672e-09,1.387672e-11
2.868400e+01,3.179442e-11,1.378915e-09,1.378915e-11
2.868651e+01,3.190601e-11,1.363579e-09,1.363579e-11
2.868902e+01,3.199329e-11,1.342465e-09,1.342465e-11
2.869154e+01,3.205780e-11,1.316522e-09,1.316522e-11
2.869405e+01,3.210044e-11,1.286785e-09,1.286785e-11
2.869656e+01,3.212181e-11,1.254323e-09,1.254323e-11
2.869908e+01,3.212216e-11,1.220195e-09,1.220195e-11
2.870159e+01,3.210162e-11,1.185411e-09,1.185411e-11
2.870410e+01,3.206058e-11,1.150908e-09,1.150908e-11
2.870662e+01,3.200062e-11,1.117525e-09,1.117525e-11
2.870913e+01,3.192373e-11,1.085991e-09,1.085991e-11
2.871164e+01,3.183233e-11,1.056924e-09,1.056924e-11
2.871416e+01,3.173008e-11,1.030833e-09,1.030833e-11
2.871667e+01,3.162153e-11,1.008101e-09,1.008101e-11
2.871918e+01,3.151150e-11,9.889767e-10,9.889767e-12
2.872170e+01,3.140500e-11,9.735691e-10,9.735691e-12
2.872421e+01,3.130707e-11,9.618484e-10,9.618484e-12
2.872672e+01,3.122244e-11,9.536591e-10,9.536591e-12
2.872924e+01,3.115563e-11,9.487650e-10,9.487650e-12
2.873175e+01,3.111033e-11,9.468840e-10,9.468840e-12
2.873426e+01,3.108963e-11,9.477186e-10,9.477186e-12
2.873678e+01,3.109567e-11,9.510043e-10,9.510043e-12
2.873929e+01,3.112916e-11,9.565370e-10,9.565370e-12
2.874180e+01,3.119022e-11,9.641664e-10,9.641664e-12
2.874432e+01,3.127797e-11,9.737822e-10,9.737822e-12
2.874683e+01,3.139060e-11,9.852903e-10,9.852903e-12
2.874934e+01,3.152583e-11,9.985467e-10,9.985467e-12
2.875186e+01,3.168031e-11,1.013288e-09,1.013288e-11
2.875437e+01,3.185041e-11,1.029120e-09,1.029120e-11
2.875688e+01,3.203286e-11,1.045508e-09,1.045508e-11
2.875940e+01,3.222416e-11,1.061758e-09,1.061758e-11
2.876191e+01,3.242082e-11,1.077078e-09,1.077078e-11
2.876442e+01,3.262059e-11,1.090687e-09,1.090687e-11
2.876694e+01,3.282243e-11,1.101902e-09,1.101902e-11
2.876945e+01,3.302588e-11,1.110232e-09,1.110232e-11
2.877196e+01,3.323274e-11,1.115515e-09,1.115515e-11
2.877448e+01,3.344665e-11,1.118034e-09,1.118034e-11
2.877699e+01,3.367265e-11,1.118545e-09,1.118545e-11
2.877950e+01,3.391795e-11,1.118280e-09,1.118280e-11
2.878202e+01,3.419127e-11,1.118887e-09,1.118887e-11
2.878453e+01,3.450254e-11,1.122252e-09,1.122252e-11
2.878704e+01,3.486202e-11,1.130234e-09,1.130234e-11
2.878956e+01,3.527936e-11,1.144375e-09,1.144375e-11
2.879207e+01,3.576346e-11,1.165629e-09,1.165629e-11
2.879458e+01,3.632103e-11,1.194152e-09,1.194152e-11
2.879709e+01,3.695575e-11,1.229263e-09,1.229263e-11
2.879961e+01,3.766736e-11,1.269555e-09,1.269555e-11
2.880212e+01,3.845062e-11,1.313127e-09,1.313127e-11
2.880463e+01,3.929600e-11,1.357840e-09,1.357840e-11
2.880715e+01,4.018844e-11,1.401538e-09,1.401538e-11
2.880966e+01,4.110766e-11,1.442218e-09,1.442218e-11
2.881217e+01,4.202921e-11,1.478129e-09,1.478129e-11
2.881469e+01,4.292494e-11,1.507828e-09,1.507828e-11
2.881720e+01,4.376497e-11,1.530191e-09,1.530191e-11
2.881971e+01,4.451884e-11,1.544385e-09,1.544385e-11
2.882223e+01,4.515664e-11,1.549843e-09,1.549843e-11
2.882474e+01,4.565122e-11,1.546264e-09,1.546264e-11
2.882725e+01,4.597973e-11,1.533604e-09,1.533604e-11
2.882977e+01,4.612428e-11,1.512083e-09,1.512083e-11
2.883228e+01,4.607402e-11,1.482221e-09,1.482221e-11
2.883479e+01,4.582611e-11,1.444867e-09,1.444867e-11
2.883731e+01,4.538500e-11,1.401195e-09,1.401195e-11
2.883982e+01,4.476213e-11,1.352708e-09,1.352708e-11
2.884233e+01,4.397619e-11,1.301215e-09,1.301215e-11
2.884485e+01,4.305243e-11,1.248764e-09,1.248764e-11
2.884736e+01,4.202005e-11,1.197514e-09,1.197514e-11
2.884987e+01,4.091115e-11,1.149591e-09,1.149591e-11
2.885239e+01,3.976003e-11,1.106892e-09,1.106892e-11
2.885490e+01,3.860043e-11,1.070890e-09,1.070890e-11
2.885741e+01,3.746462e-11,1.042477e-09,1.042477e-11
2.885993e+01,3.638237e-11,1.021873e-09,1.021873e-11
2.886244e+01,3.537869e-11,1.008640e-09,1.008640e-11
2.886495e+01,3.447424e-11,1.001833e-09,1.001833e-11
2.886747e+01,3.368474e-11,1.000213e-09,1.000213e-11
2.886998e+01,3.302016e-11,1.002457e-09,1.002457e-11
2.887249e+01,3.248559e-11,1.007348e-09,1.007348e-11
2.887501e+01,3.208138e-11,1.013891e-09,1.013891e-11
2.887752e+01,3.180342e-11,1.021364e-09,1.021364e-11
2.888003e+01,3.164393e-11,1.029309e-09,1.029309e-11
2.888255e+01,3.159267e-11,1.037491e-09,1.037491e-11
2.888506e+01,3.163720e-11,1.045837e-09,1.045837e-11
2.888757e+01,3.176349e-11,1.054365e-09,1.054365e-11
2.889009e+01,3.195715e-11,1.063107e-09,1.063107e-11
2.889260e+01,3.220298e-11,1.072061e-09,1.072061e-11
2.889511e+01,3.248593e-11,1.081173e-09,1.081173e-11
2.889763e+01,3.279231e-11,1.090333e-09,1.090333e-11
2.890014e+01,3.310885e-11,1.099354e-09,1.099354e-11
2.890265e+01,3.342314e-11,1.107985e-09,1.107985e-11
2.890517e+01,3.372460e-11,1.115957e-09,1.115957e-11
2.890768e+01,3.400357e-11,1.122999e-09,1.122999e-11
2.891019e+01,3.425179e-11,1.128852e-09,1.128852e-11
2.891271e+01,3.446263e-11,1.133305e-09,1.133305e-11
2.891522e+01,3.463129e-11,1.136206e-09,1.136206e-11
2.891773e+01,3.475438e-11,1.137462e-09,1.137462e-11
2.892025e+01,3.482956e-11,1.137057e-09,1.137057e-11
2.892276e+01,3.485630e-11,1.135039e-09,1.135039e-11
2.892527e+01,3.483530e-11,1.131515e-09,1.131515e-11
2.892779e+01,3.476820e-11,1.126646e-09,1.126646e-11
2.893030e+01,3.465785e-11,1.120632e-09,1.120632e-11
2.893281e+01,3.450742e-11,1.113692e-09,1.113692e-11
2.893532e+01,3.432082e-11,1.106068e-09,1.106068e-11
2.893784e+01,3.410248e-11,1.098003e-09,1.098003e-11
2.894035e+01,3.385679e-11,1.089720e-09,1.089720e-11
2.894286e+01,3.358824e-11,1.081402e-09,1.081402e-11
2.894538e+01,3.330082e-11,1.073167e-09,1.073167e-11
2.894789e+01,3.299818e-11,1.065073e-09,1.065073e-11
2.895040e+01,3.268399e-11,1.057119e-09,1.057119e-11
2.895292e+01,3.236143e-11,1.049214e-09,1.049214e-11
2.895543e+01,3.203309e-11,1.041198e-09,1.041198e-11
2.895794e+01,3.170128e-11,1.032859e-09,1.032859e-11
2.896046e+01,3.136784e-11,1.023945e-09,1.023945e-11
2.896297e+01,3.103397e-11,1.014173e-09,1.014173e-11
2.896548e+01,3.070108e-11,1.003283e-09,1.003283e-11
2.896800e+01,3.037060e-11,9.910723e-10,9.910723e-12
2.897051e+01,3.004334e-11,9.773957e-10,9.773957e-12
2.897302e+01,2.972008e-11,9.621913e-10,9.621913e-12
2.897554e+01,2.940200e-11,9.455116e-10,9.455116e-12
2.897805e+01,2.909035e-11,9.275258e-10,9.275258e-12
2.898056e+01,2.878605e-11,9.085145e-10,9.085145e-12
2.898308e+01,2.849024e-11,8.888635e-10,8.888635e-12
2.898559e+01,2.820462e-11,8.690471e-10,8.690471e-12
2.898810e+01,2.793069e-11,8.495907e-10,8.495907e-12
2.899062e+01,2.766962e-11,8.310272e-10,8.310272e-12
2.899313e+01,2.742254e-11,8.138684e-10,8.138684e-12
2.899564e+01,2.719040e-11,7.985498e-10,7.985498e-12
2.899816e+01,2.697341e-11,7.853726e-10,7.853726e-12
2.900067e+01,2.677126e-11,7.744831e-10,7.744831e-12
2.900318e+01,2.658253e-11,7.658585e-10,7.658585e-12
2.900570e+01,2.640526e-11,7.593090e-10,7.593090e-12
2.900821e+01,2.623687e-11,7.544949e-10,7.544949e-12
2.901072e+01,2.607292e-11,7.509526e-10,7.509526e-12
2.901324e+01,2.590886e-11,7.481641e-10,7.481641e-12
2.901575e+01,2.574014e-11,7.456330e-10,7.456330e-12
2.901826e+01,2.556204e-11,7.429117e-10,7.429117e-12
2.902078e+01,2.537011e-11,7.396302e-10,7.396302e-12
2.902329e+01,2.516035e-11,7.355577e-10,7.355577e-12
2.902580e+01,2.493104e-11,7.306190e-10,7.306190e-12
2.902832e+01,2.468204e-11,7.248596e-10,7.248596e-12
2.903083e+01,2.441457e-11,7.184274e-10,7.184274e-12
2.903334e+01,2.413259e-11,7.115392e-10,7.115392e-12
2.903586e+01,2.384213e-11,7.044157e-10,7.044157e-12
2.903837e+01,2.355091e-11,6.972335e-10,6.972335e-12
2.904088e+01,2.326803e-11,6.900861e-10,6.900861e-12
2.904340e+01,2.300348e-11,6.829741e-10,6.829741e-12
2.904591e+01,2.276721e-11,6.758285e-10,6.758285e-12
2.904842e+01,2.256795e-11,6.685549e-10,6.685549e-12
2.905094e+01,2.241271e-11,6.611016e-10,6.611016e-12
2.905345e+01,2.230589e-11,6.535291e-10,6.535291e-12
2.905596e+01,2.224889e-11,6.460616e-10,6.460616e-12
2.905848e+01,2.223953e-11,6.390687e-10,6.390687e-12
2.906099e+01,2.227155e-11,6.329764e-10,6.329764e-12
2.906350e+01,2.233538e-11,6.281635e-10,6.281635e-12
2.906602e+01,2.241847e-11,6.248325e-10,6.248325e-12
2.906853e+01,2.250597e-11,6.228729e-10,6.228729e-12
2.907104e+01,2.258204e-11,6.218031e-10,6.218031e-12
2.907356e+01,2.263104e-11,6.208159e-10,6.208159e-12
2.907607e+01,2.263821e-11,6.189105e-10,6.189105e-12
2.907858e+01,2.259182e-11,6.150757e-10,6.150757e-12
2.908109e+01,2.248379e-11,6.084775e-10,6.084775e-12
2.908361e+01,2.230969e-11,5.986280e-10,5.986280e-12
2.908612e+01,2.207060e-11,5.855169e-10,5.855169e-12
2.908863e+01,2.177281e-11,5.696471e-10,5.696471e-12
2.909115e+01,2.142707e-11,5.519669e-10,5.519669e-12
2.909366e+01,2.104831e-11,5.337415e-10,5.337415e-12
2.909617e+01,2.065466e-11,5.163501e-10,5.163501e-12
2.909869e+01,2.026619e-11,5.010228e-10,5.010228e-12
2.910120e+01,1.990408e-11,4.885979e-10,4.885979e-12
2.910371e+01,1.958837e-11,4.793722e-10,4.793722e-12
2.910623e+01,1.933696e-11,4.731192e-10,4.731192e-12
2.910874e+01,1.916566e-11,4.692755e-10,4.692755e-12
2.911125e+01,1.908587e-11,4.671915e-10,4.671915e-12
2.911377e+01,1.910405e-11,4.663854e-10,4.663854e-12
2.911628e+01,1.922262e-11,4.667320e-10,4.667320e-12
2.911879e+01,1.943994e-11,4.684868e-10,4.684868e-12
2.912131e+01,1.974979e-11,4.721645e-10,4.721645e-12
2.912382e+01,2.014241e-11,4.783505e-10,4.783505e-12
2.912633e+01,2.060634e-11,4.874835e-10,4.874835e-12
2.912885e+01,2.112857e-11,4.996703e-10,4.996703e-12
2.913136e+01,2.169587e-11,5.146238e-10,5.146238e-12
2.913387e+01,2.229566e-11,5.317174e-10,5.317174e-12
2.913639e+01,2.291635e-11,5.501321e-10,5.501321e-12
2.913890e+01,2.354849e-11,5.690501e-10,5.690501e-12
2.914141e+01,2.418526e-11,5.878026e-10,5.878026e-12
2.914393e+01,2.482240e-11,6.059673e-10,6.059673e-12
2.914644e+01,2.545775e-11,6.234094e-10,6.234094e-12
2.914895e+01,2.609094e-11,6.402562e-10,6.402562e-12
2.915147e+01,2.672359e-11,6.568517e-10,6.568517e-12
2.915398e+01,2.735835e-11,6.736765e-10,6.736765e-12
2.915649e+01,2.799818e-11,6.912496e-10,6.912496e-12
2.915901e+01,2.864618e-11,7.100505e-10,7.100505e-12
2.916152e+01,2.930443e-11,7.304643e-10,7.304643e-12
2.916403e+01,2.997431e-11,7.527537e-10,7.527537e-12
2.916655e+01,3.065606e-11,7.770513e-10,7.770513e-12
2.916906e+01,3.134851e-11,8.033791e-10,8.033791e-12
2.917157e+01,3.204982e-11,8.316827e-10,8.316827e-12
2.917409e+01,3.275658e-11,8.618511e-10,8.618511e-12
2.917660e+01,3.346438e-11,8.937454e-10,8.937454e-12
2.917911e+01,3.416892e-11,9.272330e-10,9.272330e-12
2.918163e+01,3.486605e-11,9.621927e-10,9.621927e-12
2.918414e+01,3.555153e-11,9.985100e-10,9.985100e-12
2.918665e+01,3.622120e-11,1.036078e-09,1.036078e-11
2.918917e+01,3.687215e-11,1.074796e-09,1.074796e-11
2.919168e+01,3.750262e-11,1.114560e-09,1.114560e-11
2.919419e+01,3.811113e-11,1.155249e-09,1.155249e-11
2.919671e+01,3.869713e-11,1.196710e-09,1.196710e-11
2.919922e+01,3.926127e-11,1.238758e-09,1.238758e-11
2.920173e+01,3.980418e-11,1.281175e-09,1.281175e-11
2.920425e+01,4.032736e-11,1.323699e-09,1.323699e-11
2.920676e+01,4.083212e-11,1.366021e-09,1.366021e-11
2.920927e+01,4.131905e-11,1.407788e-09,1.407788e-11
2.921179e+01,4.178908e-11,1.448629e-09,1.448629e-11
2.921430e+01,4.224288e-11,1.488161e-09,1.488161e-11
2.921681e+01,4.268014e-11,1.525998e-09,1.525998e-11
2.921932e+01,4.309985e-11,1.561763e-09,1.561763e-11
2.922184e+01,4.350064e-11,1.595112e-09,1.595112e-11
2.922435e+01,4.388032e-11,1.625743e-09,1.625743e-11
2.922686e+01,4.423644e-11,1.653412e-09,1.653412e-11
2.922938e+01,4.456631e-11,1.677952e-09,1.677952e-11
2.923189e+01,4.486735e-11,1.699274e-09,1.699274e-11
2.923440e+01,4.513680e-11,1.717365e-09,1.717365e-11
2.923692e+01,4.537194e-11,1.732298e-09,1.732298e-11
2.923943e+01,4.557089e-11,1.744227e-09,1.744227e-11
2.924194e+01,4.573186e-11,1.753368e-09,1.753368e-11
2.924446e+01,4.585406e-11,1.759996e-09,1.759996e-11
2.924697e+01,4.593786e-11,1.764433e-09,1.764433e-11
2.924948e+01,4.598407e-11,1.767027e-09,1.767027e-11
2.925200e+01,4.599442e-11,1.768119e-09,1.768119e-11
2.925451e+01,4.597152e-11,1.768029e-09,1.768029e-11
2.925702e+01,4.591908e-11,1.767054e-09,1.767054e-11
2.925954e+01,4.584212e-11,1.765450e-09,1.765450e-11
2.926205e+01,4.574614e-11,1.763408e-09,1.763408e-11
2.926456e+01,4.563733e-11,1.761058e-09,1.761058e-11
2.926708e+01,4.552333e-11,1.758483e-09,1.758483e-11
2.926959e+01,4.541192e-11,1.755718e-09,1.755718e-11
2.927210e+01,4.531084e-11,1.752752e-09,1.752752e-11
2.927462e+01,4.522847e-11,1.749550e-09,1.749550e-11
2.927713e+01,4.517313e-11,1.746080e-09,1.746080e-11
2.927964e+01,4.515273e-11,1.742312e-09,1.742312e-11
2.928216e+01,4.517417e-11,1.738222e-09,1.738222e-11
2.928467e+01,4.524302e-11,1.733819e-09,1.733819e-11
2.928718e+01,4.536357e-11,1.729152e-09,1.729152e-11
2.928970e+01,4.553805e-11,1.724296e-09,1.724296e-11
2.929221e+01,4.576614e-11,1.719355e-09,1.719355e-11
2.929472e+01,4.604547e-11,1.714472e-09,1.714472e-11
2.929724e+01,4.637094e-11,1.709809e-09,1.709809e-11
2.929975e+01,4.673470e-11,1.705524e-09,1.705524e-11
2.930226e+01,4.712626e-11,1.701760e-09,1.701760e-11
2.930478e+01,4.753262e-11,1.698619e-09,1.698619e-11
2.930729e+01,4.793920e-11,1.696126e-09,1.696126e-11
2.930980e+01,4.832951e-11,1.694224e-09,1.694224e-11
2.931232e+01,4.868622e-11,1.692759e-09,1.692759e-11
2.931483e+01,4.899241e-11,1.691480e-09,1.691480e-11
2.931734e+01,4.923164e-11,1.690040e-09,1.690040e-11
2.931986e+01,4.938891e-11,1.688027e-09,1.688027e-11
2.932237e+01,4.945130e-11,1.684996e-09,1.684996e-11
2.932488e+01,4.940953e-11,1.680511e-09,1.680511e-11
2.932740e+01,4.925763e-11,1.674187e-09,1.674187e-11
2.932991e+01,4.899327e-11,1.665715e-09,1.665715e-11
2.933242e+01,4.861841e-11,1.654881e-09,1.654881e-11
2.933494e+01,4.813848e-11,1.641575e-09,1.641575e-11
2.933745e+01,4.756320e-11,1.625801e-09,1.625801e-11
2.933996e+01,4.690491e-11,1.607646e-09,1.607646e-11
2.934248e+01,4.617833e-11,1.587254e-09,1.587254e-11
2.934499e+01,4.539993e-11,1.564803e-09,1.564803e-11
2.934750e+01,4.458604e-11,1.540482e-09,1.540482e-11
2.935002e+01,4.375355e-11,1.514484e-09,1.514484e-11
2.935253e+01,4.291791e-11,1.486986e-09,1.486986e-11
2.935504e+01,4.209194e-11,1.458158e-09,1.458158e-11
2.935756e+01,4.128648e-11,1.428174e-09,1.428174e-11
2.936007e+01,4.050957e-11,1.397226e-09,1.397226e-11
2.936258e+01,3.976594e-11,1.365524e-09,1.365524e-11
2.936509e+01,3.905726e-11,1.333300e-09,1.333300e-11
2.936761e+01,3.838277e-11,1.300795e-09,1.300795e-11
2.937012e+01,3.773986e-11,1.268257e-09,1.268257e-11
2.937263e+01,3.712397e-11,1.235928e-09,1.235928e-11
2.937515e+01,3.652986e-11,1.204027e-09,1.204027e-11
2.937766e+01,3.595283e-11,1.172752e-09,1.172752e-11
2.938017e+01,3.538808e-11,1.142268e-09,1.142268e-11
2.938269e+01,3.483187e-11,1.112701e-09,1.112701e-11
2.938520e+01,3.428224e-11,1.084153e-09,1.084153e-11
2.938771e+01,3.373837e-11,1.056709e-09,1.056709e-11
2.939023e+01,3.320145e-11,1.030452e-09,1.030452e-11
2.939274e+01,3.267398e-11,1.005458e-09,1.005458e-11
2.939525e+01,3.215948e-11,9.817943e-10,9.817943e-12
2.939777e+01,3.166219e-11,9.595228e-10,9.595228e-12
2.940028e+01,3.118594e-11,9.386961e-10,9.386961e-12
2.940279e+01,3.073478e-11,9.193667e-10,9.193667e-12
2.940531e+01,3.031234e-11,9.015950e-10,9.015950e-12
2.940782e+01,2.992051e-11,8.854275e-10,8.854275e-12
2.941033e+01,2.956017e-11,8.708929e-10,8.708929e-12
2.941285e+01,2.923083e-11,8.580125e-10,8.580125e-12
2.941536e+01,2.893067e-11,8.467794e-10,8.467794e-12
2.941787e+01,2.865726e-11,8.371446e-10,8.371446e-12
2.942039e+01,2.840653e-11,8.290143e-10,8.290143e-12
2.942290e+01,2.817438e-11,8.222435e-10,8.222435e-12
2.942541e+01,2.795689e-11,8.166344e-10,8.166344e-12
2.942793e+01,2.774981e-11,8.119417e-10,8.119417e-12
2.943044e+01,2.754952e-11,8.078918e-10,8.078918e-12
2.943295e+01,2.735303e-11,8.042110e-10,8.042110e-12
2.943547e+01,2.715808e-11,8.006416e-10,8.006416e-12
2.943798e+01,2.696303e-11,7.969469e-10,7.969469e-12
2.944049e+01,2.676745e-11,7.929279e-10,7.929279e-12
2.944301e+01,2.657094e-11,7.884450e-10,7.884450e-12
2.944552e+01,2.637354e-11,7.834144e-10,7.834144e-12
2.944803e+01,2.617615e-11,7.777912e-10,7.777912e-12
2.945055e+01,2.597930e-11,7.715684e-10,7.715684e-12
2.945306e+01,2.578365e-11,7.647700e-10,7.647700e-12
2.945557e+01,2.558917e-11,7.574280e-10,7.574280e-12
2.945809e+01,2.539612e-11,7.495899e-10,7.495899e-12
2.946060e+01,2.520533e-11,7.413231e-10,7.413231e-12
2.946311e+01,2.501684e-11,7.326818e-10,7.326818e-12
2.946563e+01,2.483050e-11,7.236931e-10,7.236931e-12
2.946814e+01,2.464629e-11,7.143725e-10,7.143725e-12
2.947065e+01,2.446433e-11,7.047311e-10,7.047311e-12
2.947317e+01,2.428452e-11,6.947764e-10,6.947764e-12
2.947568e+01,2.410683e-11,6.845142e-10,6.845142e-12
2.947819e+01,2.393172e-11,6.739486e-10,6.739486e-12
2.948071e+01,2.375912e-11,6.630871e-10,6.630871e-12
2.948322e+01,2.358839e-11,6.519539e-10,6.519539e-12
2.948573e+01,2.341924e-11,6.405897e-10,6.405897e-12
2.948825e+01,2.325121e-11,6.290479e-10,6.290479e-12
2.949076e+01,2.308323e-11,6.173970e-10,6.173970e-12
2.949327e+01,2.291411e-11,6.057188e-10,6.057188e-12
2.949579e+01,2.274316e-11,5.941099e-10,5.941099e-12
2.949830e+01,2.256934e-11,5.826756e-10,5.826756e-12
2.950081e+01,2.239138e-11,5.715233e-10,5.715233e-12
2.950332e+01,2.220931e-11,5.607673e-10,5.607673e-12
2.950584e+01,2.202368e-11,5.505221e-10,5.505221e-12
2.950835e+01,2.183492e-11,5.408943e-10,5.408943e-12
2.951086e+01,2.164427e-11,5.319770e-10,5.319770e-12
2.951338e+01,2.145410e-11,5.238507e-10,5.238507e-12
2.951589e+01,2.126701e-11,5.165668e-10,5.165668e-12
2.951840e+01,2.108557e-11,5.101268e-10,5.101268e-12
2.952092e+01,2.091254e-11,5.045046e-10,5.045046e-12
2.952343e+01,2.075039e-11,4.996463e-10,4.996463e-12
2.952594e+01,2.060106e-11,4.954607e-10,4.954607e-12
2.952846e+01,2.046602e-11,4.918613e-10,4.918613e-12
2.953097e+01,2.034553e-11,4.887644e-10,4.887644e-12
2.953348e+01,2.023882e-11,4.860852e-10,4.860852e-12
2.953600e+01,2.014496e-11,4.837761e-10,4.837761e-12
2.953851e+01,2.006181e-11,4.818095e-10,4.818095e-12
2.954102e+01,1.998627e-11,4.801722e-10,4.801722e-12
2.954354e+01,1.991623e-11,4.788970e-10,4.788970e-12
2.954605e+01,1.984967e-11,4.780381e-10,4.780381e-12
2.954856e+01,1.978476e-11,4.776660e-10,4.776660e-12
2.955108e+01,1.972133e-11,4.778871e-10,4.778871e-12
2.955359e+01,1.966049e-11,4.788165e-10,4.788165e-12
2.955610e+01,1.960449e-11,4.805641e-10,4.805641e-12
2.955862e+01,1.955691e-11,4.832339e-10,4.832339e-12
2.956113e+01,1.952311e-11,4.868967e-10,4.868967e-12
2.956364e+01,1.950935e-11,4.915740e-10,4.915740e-12
2.956616e+01,1.952235e-11,4.972406e-10,4.972406e-12
2.956867e+01,1.956918e-11,5.038271e-10,5.038271e-12
2.957118e+01,1.965625e-11,5.112357e-10,5.112357e-12
2.957370e+01,1.978905e-11,5.193839e-10,5.193839e-12
2.957621e+01,1.997196e-11,5.282346e-10,5.282346e-12
2.957872e+01,2.020770e-11,5.378045e-10,5.378045e-12
2.958124e+01,2.049705e-11,5.481689e-10,5.481689e-12
2.958375e+01,2.083866e-11,5.594369e-10,5.594369e-12
2.958626e+01,2.122914e-11,5.717249e-10,5.717249e-12
2.958878e+01,2.166371e-11,5.851228e-10,5.851228e-12
2.959129e+01,2.213603e-11,5.996426e-10,5.996426e-12
2.959380e+01,2.263876e-11,6.151982e-10,6.151982e-12
2.959632e+01,2.316438e-11,6.316088e-10,6.316088e-12
2.959883e+01,2.370521e-11,6.486214e-10,6.486214e-12
2.960134e+01,2.425394e-11,6.659489e-10,6.659489e-12
2.960386e+01,2.480409e-11,6.833084e-10,6.833084e-12
2.960637e+01,2.535013e-11,7.004780e-10,7.004780e-12
2.960888e+01,2.588811e-11,7.173341e-10,7.173341e-12
2.961140e+01,2.641532e-11,7.338518e-10,7.338518e-12
2.961391e+01,2.692983e-11,7.501031e-10,7.501031e-12
2.961642e+01,2.743124e-11,7.662411e-10,7.662411e-12
2.961894e+01,2.792038e-11,7.824663e-10,7.824663e-12
2.962145e+01,2.839806e-11,7.989817e-10,7.989817e-12
2.962396e+01,2.886528e-11,8.159537e-10,8.159537e-12
2.962648e+01,2.932376e-11,8.334990e-10,8.334990e-12
2.962899e+01,2.977508e-11,8.516662e-10,8.516662e-12
2.963150e+01,3.022027e-11,8.704218e-10,8.704218e-12
2.963402e+01,3.065977e-11,8.896719e-10,8.896719e-12
2.963653e+01,3.109352e-11,9.092939e-10,9.092939e-12
2.963904e+01,3.152150e-11,9.291584e-10,9.291584e-12
2.964156e+01,3.194317e-11,9.491494e-10,9.491494e-12
2.964407e+01,3.235729e-11,9.691811e-10,9.691811e-12
2.964658e+01,3.276305e-11,9.892153e-10,9.892153e-12
2.964909e+01,3.316002e-11,1.009257e-09,1.009257e-11
2.965161e+01,3.354753e-11,1.029333e-09,1.029333e-11
2.965412e+01,3.392567e-11,1.049483e-09,1.049483e-11
2.965663e+01,3.429561e-11,1.069734e-09,1.069734e-11
2.965915e+01,3.465862e-11,1.090076e-09,1.090076e-11
2.966166e+01,3.501703e-11,1.110453e-09,1.110453e-11
2.966417e+01,3.537421e-11,1.130746e-09,1.130746e-11
2.966669e+01,3.573390e-11,1.150768e-09,1.150768e-11
2.966920e+01,3.610064e-11,1.170292e-09,1.170292e-11
2.967171e+01,3.647924e-11,1.189054e-09,1.189054e-11
2.967423e+01,3.687412e-11,1.206778e-09,1.206778e-11
2.967674e+01,3.728945e-11,1.223235e-09,1.223235e-11
2.967925e+01,3.772935e-11,1.238278e-09,1.238278e-11
2.968177e+01,3.819677e-11,1.251868e-09,1.251868e-11
2.968428e+01,3.869299e-11,1.264090e-09,1.264090e-11
2.968679e+01,3.921810e-11,1.275190e-09,1.275190e-11
2.968931e+01,3.977027e-11,1.285568e-09,1.285568e-11
2.969182e+01,4.034668e-11,1.295769e-09,1.295769e-11
2.969433e+01,4.094260e-11,1.306441e-09,1.306441e-11
2.969685e+01,4.155102e-11,1.318267e-09,1.318267e-11
2.969936e+01,4.216422e-11,1.331900e-09,1.331900e-11
2.970187e+01,4.277310e-11,1.347883e-09,1.347883e-11
2.970439e+01,4.336804e-11,1.366574e-09,1.366574e-11
2.970690e+01,4.393936e-11,1.388077e-09,1.388077e-11
2.970941e+01,4.447668e-11,1.412196e-09,1.412196e-11
2.971193e+01,4.497012e-11,1.438433e-09,1.438433e-11
2.971444e+01,4.541092e-11,1.466035e-09,1.466035e-11
2.971695e+01,4.579084e-11,1.494030e-09,1.494030e-11
2.971947e+01,4.610235e-11,1.521304e-09,1.521304e-11
2.972198e+01,4.633972e-11,1.546697e-09,1.546697e-11
2.972449e+01,4.649827e-11,1.569083e-09,1.569083e-11
2.972701e+01,4.657424e-11,1.587436e-09,1.587436e-11
2.972952e+01,4.656499e-11,1.600897e-09,1.600897e-11
2.973203e+01,4.646888e-11,1.608817e-09,1.608817e-11
2.973455e+01,4.628520e-11,1.610781e-09,1.610781e-11
2.973706e+01,4.601428e-11,1.606637e-09,1.606637e-11
2.973957e+01,4.565753e-11,1.596483e-09,1.596483e-11
2.974209e+01,4.521759e-11,1.580643e-09,1.580643e-11
2.974460e+01,4.469774e-11,1.559647e-09,1.559647e-11
2.974711e+01,4.410295e-11,1.534198e-09,1.534198e-11
2.974963e+01,4.343993e-11,1.505127e-09,1.505127e-11
2.975214e+01,4.271582e-11,1.473354e-09,1.473354e-11
2.975465e+01,4.194014e-11,1.439847e-09,1.439847e-11
2.975717e+01,4.112396e-11,1.405573e-09,1.405573e-11
2.975968e+01,4.027873e-11,1.371450e-09,1.371450e-11
2.976219e+01,3.941736e-11,1.338322e-09,1.338322e-11
2.976471e+01,3.855356e-11,1.306935e-09,1.306935e-11
2.976722e+01,3.770047e-11,1.277899e-09,1.277899e-11
2.976973e+01,3.687058e-11,1.251671e-09,1.251671e-11
2.977225e+01,3.607514e-11,1.228554e-09,1.228554e-11
2.977476e+01,3.532339e-11,1.208709e-09,1.208709e-11
2.977727e+01,3.462241e-11,1.192175e-09,1.192175e-11
2.977979e+01,3.397617e-11,1.178878e-09,1.178878e-11
2.978230e+01,3.338560e-11,1.168651e-09,1.168651e-11
2.978481e+01,3.284920e-11,1.161255e-09,1.161255e-11
2.978732e+01,3.236248e-11,1.156388e-09,1.156388e-11
2.978984e+01,3.191867e-11,1.153695e-09,1.153695e-11
2.979235e+01,3.151046e-11,1.152806e-09,1.152806e-11
2.979486e+01,3.112986e-11,1.153333e-09,1.153333e-11
2.979738e+01,3.076941e-11,1.154904e-09,1.154904e-11
2.979989e+01,3.042376e-11,1.157199e-09,1.157199e-11
2.980240e+01,3.009002e-11,1.159950e-09,1.159950e-11
2.980492e+01,2.976836e-11,1.162969e-09,1.162969e-11
2.980743e+01,2.946304e-11,1.166172e-09,1.166172e-11
2.980994e+01,2.918292e-11,1.169534e-09,1.169534e-11
2.981246e+01,2.894049e-11,1.173044e-09,1.173044e-11
2.981497e+01,2.875128e-11,1.176691e-09,1.176691e-11
2.981748e+01,2.863318e-11,1.180422e-09,1.180422e-11
2.982000e+01,2.860560e-11,1.184158e-09,1.184158e-11
2.982251e+01,2.868791e-11,1.187843e-09,1.187843e-11
2.982502e+01,2.889734e-11,1.191505e-09,1.191505e-11
2.982754e+01,2.924786e-11,1.195351e-09,1.195351e-11
2.983005e+01,2.974898e-11,1.199860e-09,1.199860e-11
2.983256e+01,3.040416e-11,1.205840e-09,1.205840e-11
2.983508e+01,3.120999e-11,1.214415e-09,1.214415e-11
2.983759e+01,3.215621e-11,1.226908e-09,1.226908e-11
2.984010e+01,3.322465e-11,1.244628e-09,1.244628e-11
2.984262e+01,3.439008e-11,1.268633e-09,1.268633e-11
2.984513e+01,3.562224e-11,1.299478e-09,1.299478e-11
2.984764e+01,3.688581e-11,1.337003e-09,1.337003e-11
2.985016e+01,3.814203e-11,1.380256e-09,1.380256e-11
2.985267e+01,3.935075e-11,1.427578e-09,1.427578e-11
2.985518e+01,4.047232e-11,1.476803e-09,1.476803e-11
2.985770e+01,4.146987e-11,1.525490e-09,1.525490e-11
2.986021e+01,4.230999e-11,1.571160e-09,1.571160e-11
2.986272e+01,4.296467e-11,1.611508e-09,1.611508e-11
2.986524e+01,4.341301e-11,1.644566e-09,1.644566e-11
2.986775e+01,4.364148e-11,1.668771e-09,1.668771e-11
2.987026e+01,4.364373e-11,1.683004e-09,1.683004e-11
2.987278e+01,4.342096e-11,1.686597e-09,1.686597e-11
2.987529e+01,4.298217e-11,1.679300e-09,1.679300e-11
2.987780e+01,4.234236e-11,1.661232e-09,1.661232e-11
2.988032e+01,4.152228e-11,1.632833e-09,1.632833e-11
2.988283e+01,4.054735e-11,1.594808e-09,1.594808e-11
2.988534e+01,3.944558e-11,1.548067e-09,1.548067e-11
2.988786e+01,3.824682e-11,1.493696e-09,1.493696e-11
2.989037e+01,3.698103e-11,1.432927e-09,1.432927e-11
2.989288e+01,3.567829e-11,1.367128e-09,1.367128e-11
2.989540e+01,3.436712e-11,1.297796e-09,1.297796e-11
2.989791e+01,3.307341e-11,1.226526e-09,1.226526e-11
2.990042e+01,3.182052e-11,1.154979e-09,1.154979e-11
2.990294e+01,3.062804e-11,1.084845e-09,1.084845e-11
2.990545e+01,2.951217e-11,1.017781e-09,1.017781e-11
2.990796e+01,2.848569e-11,9.553224e-10,9.553224e-12
2.991048e+01,2.755755e-11,8.987702e-10,8.987702e-12
2.991299e+01,2.673316e-11,8.490744e-10,8.490744e-12
2.991550e+01,2.601490e-11,8.067233e-10,8.067233e-12
2.991802e+01,2.540203e-11,7.716915e-10,7.716915e-12
2.992053e+01,2.489109e-11,7.434629e-10,7.434629e-12
2.992304e+01,2.447617e-11,7.211236e-10,7.211236e-12
2.992555e+01,2.414915e-11,7.035314e-10,7.035314e-12
2.992807e+01,2.390076e-11,6.895049e-10,6.895049e-12
2.993058e+01,2.372011e-11,6.779743e-10,6.779743e-12
2.993309e+01,2.359501e-11,6.680876e-10,6.680876e-12
2.993561e+01,2.351317e-11,6.592662e-10,6.592662e-12
2.993812e+01,2.346248e-11,6.511886e-10,6.511886e-12
2.994063e+01,2.343074e-11,6.437302e-10,6.437302e-12
2.994315e+01,2.340650e-11,6.369075e-10,6.369075e-12
2.994566e+01,2.337991e-11,6.308077e-10,6.308077e-12
2.994817e+01,2.334232e-11,6.255087e-10,6.255087e-12
2.995069e+01,2.328714e-11,6.210392e-10,6.210392e-12
2.995320e+01,2.321017e-11,6.173568e-10,6.173568e-12
2.995571e+01,2.310929e-11,6.143439e-10,6.143439e-12
2.995823e+01,2.298494e-11,6.118365e-10,6.118365e-12
2.996074e+01,2.283997e-11,6.096557e-10,6.096557e-12
2.996325e+01,2.267940e-11,6.076423e-10,6.076423e-12
2.996577e+01,2.251031e-11,6.057000e-10,6.057000e-12
2.996828e+01,2.234184e-11,6.038203e-10,6.038203e-12
2.997079e+01,2.218408e-11,6.020919e-10,6.020919e-12
2.997331e+01,2.204757e-11,6.007049e-10,6.007049e-12
2.997582e+01,2.194364e-11,5.999380e-10,5.999380e-12
2.997833e+01,2.188288e-11,6.001292e-10,6.001292e-12
2.998085e+01,2.187478e-11,6.016413e-10,6.016413e-12
2.998336e+01,2.192772e-11,6.048224e-10,6.048224e-12
2.998587e+01,2.204786e-11,6.099659e-10,6.099659e-12
2.998839e+01,2.223922e-11,6.172730e-10,6.172730e-12
2.999090e+01,2.250340e-11,6.268246e-10,6.268246e-12
2.999341e+01,2.283916e-11,6.385760e-10,6.385760e-12
2.999593e+01,2.324306e-11,6.523632e-10,6.523632e-12
2.999844e+01,2.370903e-11,6.679191e-10,6.679191e-12
3.000095e+01,2.422866e-11,6.849107e-10,6.849107e-12
3.000347e+01,2.479251e-11,7.029750e-10,7.029750e-12
3.000598e+01,2.538962e-11,7.217401e-10,7.217401e-12
3.000849e+01,2.600825e-11,7.408555e-10,7.408555e-12
3.001101e+01,2.663666e-11,7.600100e-10,7.600100e-12
3.001352e+01,2.726333e-11,7.789286e-10,7.789286e-12
3.001603e+01,2.787769e-11,7.973767e-10,7.973767e-12
3.001855e+01,2.847044e-11,8.151576e-10,8.151576e-12
3.002106e+01,2.903368e-11,8.320944e-10,8.320944e-12
3.002357e+01,2.956095e-11,8.480285e-10,8.480285e-12
3.002609e+01,3.004756e-11,8.628274e-10,8.628274e-12
3.002860e+01,3.049072e-11,8.763806e-10,8.763806e-12
3.003111e+01,3.088922e-11,8.886049e-10,8.886049e-12
3.003363e+01,3.124251e-11,8.994592e-10,8.994592e-12
3.003614e+01,3.155141e-11,9.089528e-10,9.089528e-12
3.003865e+01,3.181811e-11,9.171563e-10,9.171563e-12
3.004117e+01,3.204527e-11,9.241983e-10,9.241983e-12
3.004368e+01,3.223625e-11,9.302526e-10,9.302526e-12
3.004619e+01,3.239487e-11,9.355269e-10,9.355269e-12
3.004871e+01,3.252506e-11,9.402542e-10,9.402542e-12
3.005122e+01,3.263165e-11,9.446776e-10,9.446776e-12
3.005373e+01,3.272001e-11,9.490316e-10,9.490316e-12
3.005625e+01,3.279523e-11,9.535355e-10,9.535355e-12
3.005876e+01,3.286336e-11,9.584050e-10,9.584050e-12
3.006127e+01,3.293091e-11,9.638603e-10,9.638603e-12
3.006379e+01,3.300463e-11,9.701370e-10,9.701370e-12
3.006630e+01,3.309147e-11,9.774963e-10,9.774963e-12
3.006881e+01,3.319819e-11,9.862319e-10,9.862319e-12
3.007132e+01,3.333178e-11,9.966744e-10,9.966744e-12
3.007384e+01,3.349816e-11,1.009172e-09,1.009172e-11
3.007635e+01,3.370251e-11,1.024058e-09,1.024058e-11
3.007886e+01,3.394904e-11,1.041618e-09,1.041618e-11
3.008138e+01,3.424008e-11,1.062059e-09,1.062059e-11
3.008389e+01,3.457646e-11,1.085465e-09,1.085465e-11
3.008640e+01,3.495694e-11,1.111763e-09,1.111763e-11
3.008892e+01,3.537880e-11,1.140714e-09,1.140714e-11
3.009143e+01,3.583762e-11,1.171901e-09,1.171901e-11
3.009394e+01,3.632651e-11,1.204735e-09,1.204735e-11
3.009646e+01,3.683732e-11,1.238486e-09,1.238486e-11
3.009897e+01,3.736135e-11,1.272319e-09,1.272319e-11
3.010148e+01,3.788882e-11,1.305326e-09,1.305326e-11
3.010400e+01,3.840910e-11,1.336572e-09,1.336572e-11
3.010651e+01,3.891189e-11,1.365132e-09,1.365132e-11
3.010902e+01,3.938713e-11,1.390137e-09,1.390137e-11
3.011154e+01,3.982503e-11,1.410800e-09,1.410800e-11
3.011405e+01,4.021645e-11,1.426451e-09,1.426451e-11
3.011656e+01,4.055310e-11,1.436552e-09,1.436552e-11
3.011908e+01,4.082783e-11,1.440730e-09,1.440730e-11
3.012159e+01,4.103467e-11,1.438783e-09,1.438783e-11
3.012410e+01,4.116861e-11,1.430683e-09,1.430683e-11
3.012662e+01,4.122588e-11,1.416570e-09,1.416570e-11
3.012913e+01,4.120369e-11,1.396742e-09,1.396742e-11
3.013164e+01,4.110052e-11,1.371658e-09,1.371658e-11
3.013416e+01,4.091697e-11,1.341926e-09,1.341926e-11
3.013667e+01,4.065448e-11,1.308277e-09,1.308277e-11
3.013918e+01,4.031609e-11,1.271540e-09,1.271540e-11
3.014170e+01,3.990680e-11,1.232641e-09,1.232641e-11
3.014421e+01,3.943273e-11,1.192574e-09,1.192574e-11
3.014672e+01,3.890204e-11,1.152374e-09,1.152374e-11
3.014924e+01,3.832448e-11,1.113080e-09,1.113080e-11
3.015175e+01,3.771074e-11,1.075696e-09,1.075696e-11
3.015426e+01,3.707268e-11,1.041144e-09,1.041144e-11
3.015678e+01,3.642315e-11,1.010206e-09,1.010206e-11
3.015929e+01,3.577511e-11,9.834512e-10,9.834512e-12
3.016180e+01,3.514118e-11,9.611895e-10,9.611895e-12
3.016432e+01,3.453411e-11,9.434501e-10,9.434501e-12
3.016683e+01,3.396562e-11,9.299687e-10,9.299687e-12
3.016934e+01,3.344553e-11,9.202206e-10,9.202206e-12
3.017186e+01,3.298195e-11,9.134948e-10,9.134948e-12
3.017437e+01,3.258151e-11,9.089922e-10,9.089922e-12
3.017688e+01,3.224904e-11,9.059085e-10,9.059085e-12
3.017940e+01,3.198638e-11,9.034988e-10,9.034988e-12
3.018191e+01,3.179346e-11,9.011549e-10,9.011549e-12
3.018442e+01,3.166895e-11,8.984527e-10,8.984527e-12
3.018694e+01,3.160877e-11,8.951488e-10,8.951488e-12
3.018945e+01,3.160713e-11,8.911760e-10,8.911760e-12
3.019196e+01,3.165775e-11,8.866258e-10,8.866258e-12
3.019448e+01,3.175246e-11,8.817067e-10,8.817067e-12
3.019699e+01,3.188183e-11,8.767051e-10,8.767051e-12
3.019950e+01,3.203690e-11,8.719377e-10,8.719377e-12
3.020202e+01,3.220806e-11,8.676878e-10,8.676878e-12
3.020453e+01,3.238498e-11,8.641699e-10,8.641699e-12
3.020704e+01,3.255838e-11,8.615132e-10,8.615132e-12
3.020955e+01,3.271939e-11,8.597372e-10,8.597372e-12
3.021207e+01,3.285946e-11,8.587539e-10,8.587539e-12
3.021458e+01,3.297177e-11,8.583956e-10,8.583956e-12
3.021709e+01,3.305072e-11,8.584460e-10,8.584460e-12
3.021961e+01,3.309193e-11,8.586808e-10,8.586808e-12
3.022212e+01,3.309322e-11,8.589054e-10,8.589054e-12
3.022463e+01,3.305409e-11,8.589886e-10,8.589886e-12
3.022715e+01,3.297592e-11,8.588866e-10,8.588866e-12
3.022966e+01,3.286203e-11,8.586403e-10,8.586403e-12
3.023217e+01,3.271737e-11,8.583623e-10,8.583623e-12
3.023469e+01,3.254825e-11,8.582117e-10,8.582117e-12
3.023720e+01,3.236188e-11,8.583511e-10,8.583511e-12
3.023971e+01,3.216631e-11,8.589081e-10,8.589081e-12
3.024223e+01,3.196963e-11,8.599413e-10,8.599413e-12
3.024474e+01,3.177900e-11,8.614129e-10,8.614129e-12
3.024725e+01,3.160037e-11,8.631908e-10,8.631908e-12
3.024977e+01,3.143865e-11,8.650656e-10,8.650656e-12
3.025228e+01,3.129625e-11,8.667708e-10,8.667708e-12
3.025479e+01,3.117361e-11,8.680241e-10,8.680241e-12
3.025731e+01,3.106897e-11,8.685614e-10,8.685614e-12
3.025982e+01,3.097782e-11,8.681528e-10,8.681528e-12
3.026233e+01,3.089427e-11,8.666182e-10,8.666182e-12
3.026485e+01,3.081021e-11,8.638290e-10,8.638290e-12
3.026736e+01,3.071658e-11,8.597002e-10,8.597002e-12
3.026987e+01,3.060428e-11,8.541885e-10,8.541885e-12
3.027239e+01,3.046439e-11,8.472859e-10,8.472859e-12
3.027490e+01,3.028890e-11,8.390079e-10,8.390079e-12
3.027741e+01,3.007110e-11,8.294115e-10,8.294115e-12
3.027993e+01,2.980705e-11,8.186211e-10,8.186211e-12
3.028244e+01,2.949551e-11,8.068328e-10,8.068328e-12
3.028495e+01,2.913790e-11,7.943238e-10,7.943238e-12
3.028747e+01,2.873850e-11,7.814609e-10,7.814609e-12
3.028998e+01,2.830483e-11,7.686803e-10,7.686803e-12
3.029249e+01,2.784690e-11,7.564433e-10,7.564433e-12
3.029501e+01,2.737640e-11,7.451879e-10,7.451879e-12
3.029752e+01,2.690700e-11,7.352742e-10,7.352742e-12
3.030003e+01,2.645271e-11,7.269226e-10,7.269226e-12
3.030255e+01,2.602750e-11,7.201918e-10,7.201918e-12
3.030506e+01,2.564487e-11,7.149818e-10,7.149818e-12
3.030757e+01,2.531642e-11,7.110534e-10,7.110534e-12
3.031009e+01,2.505177e-11,7.080938e-10,7.080938e-12
3.031260e+01,2.485788e-11,7.057961e-10,7.057961e-12
3.031511e+01,2.473875e-11,7.039297e-10,7.039297e-12
3.031763e+01,2.469510e-11,7.023954e-10,7.023954e-12
3.032014e+01,2.472405e-11,7.012585e-10,7.012585e-12
3.032265e+01,2.481994e-11,7.007527e-10,7.007527e-12
3.032517e+01,2.497468e-11,7.012516e-10,7.012516e-12
3.032768e+01,2.517750e-11,7.032105e-10,7.032105e-12
3.033019e+01,2.541584e-11,7.070731e-10,7.070731e-12
3.033271e+01,2.567638e-11,7.131867e-10,7.131867e-12
3.033522e+01,2.594520e-11,7.217305e-10,7.217305e-12
3.033773e+01,2.620869e-11,7.326525e-10,7.326525e-12
3.034025e+01,2.645426e-11,7.456409e-10,7.456409e-12
3.034276e+01,2.667007e-11,7.601397e-10,7.601397e-12
3.034527e+01,2.684667e-11,7.754085e-10,7.754085e-12
3.034779e+01,2.697703e-11,7.905808e-10,7.905808e-12
3.035030e+01,2.705578e-11,8.047308e-10,8.047308e-12
3.035281e+01,2.708060e-11,8.169592e-10,8.169592e-12
3.035532e+01,2.705111e-11,8.264505e-10,8.264505e-12
3.035784e+01,2.696890e-11,8.325226e-10,8.325226e-12
3.036035e+01,2.683789e-11,8.346846e-10,8.346846e-12
3.036286e+01,2.666310e-11,8.326637e-10,8.326637e-12
3.036538e+01,2.645065e-11,8.264173e-10,8.264173e-12
3.036789e+01,2.620736e-11,8.161421e-10,8.161421e-12
3.037040e+01,2.593995e-11,8.022696e-10,8.022696e-12
3.037292e+01,2.565521e-11,7.854508e-10,7.854508e-12
3.037543e+01,2.535956e-11,7.665108e-10,7.665108e-12
3.037794e+01,2.505819e-11,7.463829e-10,7.463829e-12
3.038046e+01,2.475573e-11,7.260315e-10,7.260315e-12
3.038297e+01,2.445565e-11,7.063528e-10,7.063528e-12
3.038548e+01,2.416013e-11,6.880842e-10,6.880842e-12
3.038800e+01,2.387072e-11,6.717284e-10,6.717284e-12
3.039051e+01,2.358796e-11,6.574913e-10,6.574913e-12
3.039302e+01,2.331149e-11,6.452735e-10,6.452735e-12
3.039554e+01,2.304040e-11,6.347281e-10,6.347281e-12
3.039805e+01,2.277385e-11,6.253562e-10,6.253562e-12
3.040056e+01,2.251086e-11,6.166063e-10,6.166063e-12
3.040308e+01,2.225055e-11,6.079774e-10,6.079774e-12
3.040559e+01,2.199228e-11,5.991093e-10,5.991093e-12
3.040810e+01,2.173619e-11,5.898361e-10,5.898361e-12
3.041062e+01,2.148333e-11,5.801956e-10,5.801956e-12
3.041313e+01,2.123479e-11,5.704044e-10,5.704044e-12
3.041564e+01,2.099299e-11,5.608123e-10,5.608123e-12
3.041816e+01,2.076101e-11,5.518298e-10,5.518298e-12
3.042067e+01,2.054237e-11,5.438428e-10,5.438428e-12
3.042318e+01,2.034202e-11,5.371397e-10,5.371397e-12
3.042570e+01,2.016521e-11,5.318611e-10,5.318611e-12
3.042821e+01,2.001764e-11,5.279755e-10,5.279755e-12
3.043072e+01,1.990498e-11,5.252924e-10,5.252924e-12
3.043324e+01,1.983273e-11,5.235236e-10,5.235236e-12
3.043575e+01,1.980686e-11,5.223576e-10,5.223576e-12
3.043826e+01,1.983198e-11,5.215331e-10,5.215331e-12
3.044078e+01,1.991180e-11,5.209276e-10,5.209276e-12
3.044329e+01,2.004939e-11,5.206094e-10,5.206094e-12
3.044580e+01,2.024588e-11,5.208447e-10,5.208447e-12
3.044832e+01,2.050098e-11,5.220751e-10,5.220751e-12
3.045083e+01,2.081236e-11,5.248579e-10,5.248579e-12
3.045334e+01,2.117543e-11,5.297712e-10,5.297712e-12
3.045586e+01,2.158398e-11,5.372858e-10,5.372858e-12
3.045837e+01,2.203001e-11,5.476387e-10,5.476387e-12
3.046088e+01,2.250338e-11,5.607473e-10,5.607473e-12
3.046340e+01,2.299257e-11,5.761828e-10,5.761828e-12
3.046591e+01,2.348549e-11,5.932234e-10,5.932234e-12
3.046842e+01,2.396966e-11,6.109529e-10,6.109529e-12
3.047094e+01,2.443272e-11,6.283737e-10,6.283737e-12
3.047345e+01,2.486282e-11,6.445336e-10,6.445336e-12
3.047596e+01,2.524998e-11,6.586520e-10,6.586520e-12
3.047848e+01,2.558634e-11,6.702066e-10,6.702066e-12
3.048099e+01,2.586637e-11,6.789791e-10,6.789791e-12
3.048350e+01,2.608774e-11,6.850647e-10,6.850647e-12
3.048602e+01,2.625065e-11,6.888428e-10,6.888428e-12
3.048853e+01,2.635864e-11,6.909153e-10,6.909153e-12
3.049104e+01,2.641854e-11,6.920078e-10,6.920078e-12
3.049355e+01,2.643929e-11,6.928459e-10,6.928459e-12
3.049607e+01,2.643184e-11,6.940440e-10,6.940440e-12
3.049858e+01,2.640839e-11,6.960226e-10,6.960226e-12
3.050109e+01,2.638181e-11,6.989631e-10,6.989631e-12
3.050361e+01,2.636462e-11,7.028331e-10,7.028331e-12
3.050612e+01,2.636853e-11,7.074727e-10,7.074727e-12
3.050863e+01,2.640354e-11,7.126838e-10,7.126838e-12
3.051115e+01,2.647688e-11,7.183121e-10,7.183121e-12
3.051366e+01,2.659350e-11,7.243291e-10,7.243291e-12
3.051617e+01,2.675547e-11,7.308636e-10,7.308636e-12
3.051869e+01,2.696216e-11,7.381669e-10,7.381669e-12
3.052120e+01,2.721060e-11,7.465374e-10,7.465374e-12
3.052371e+01,2.749538e-11,7.562288e-10,7.562288e-12
3.052623e+01,2.780952e-11,7.673731e-10,7.673731e-12
3.052874e+01,2.814542e-11,7.799365e-10,7.799365e-12
3.053125e+01,2.849575e-11,7.937104e-10,7.937104e-12
3.053377e+01,2.885271e-11,8.083437e-10,8.083437e-12
3.053628e+01,2.920953e-11,8.234241e-10,8.234241e-12
3.053879e+01,2.956197e-11,8.385631e-10,8.385631e-12
3.054131e+01,2.990652e-11,8.534653e-10,8.534653e-12
3.054382e+01,3.024116e-11,8.679799e-10,8.679799e-12
3.054633e+01,3.056620e-11,8.821125e-10,8.821125e-12
3.054885e+01,3.088268e-11,8.960082e-10,8.960082e-12
3.055136e+01,3.119264e-11,9.099013e-10,9.099013e-12
3.055387e+01,3.149832e-11,9.240425e-10,9.240425e-12
3.055639e+01,3.180154e-11,9.386469e-10,9.386469e-12
3.055890e+01,3.210381e-11,9.538446e-10,9.538446e-12
3.056141e+01,3.240484e-11,9.696311e-10,9.696311e-12
3.056393e+01,3.270252e-11,9.858596e-10,9.858596e-12
3.056644e+01,3.299360e-11,1.002262e-09,1.002262e-11
3.056895e+01,3.327281e-11,1.018472e-09,1.018472e-11
3.057147e+01,3.353284e-11,1.034051e-09,1.034051e-11
3.057398e+01,3.376534e-11,1.048540e-09,1.048540e-11
3.057649e+01,3.396133e-11,1.061491e-09,1.061491e-11
3.057901e+01,3.411090e-11,1.072478e-09,1.072478e-11
3.058152e+01,3.420456e-11,1.081136e-09,1.081136e-11
3.058403e+01,3.423437e-11,1.087179e-09,1.087179e-11
3.058655e+01,3.419329e-11,1.090397e-09,1.090397e-11
3.058906e+01,3.407610e-11,1.090674e-09,1.090674e-11
3.059157e+01,3.388022e-11,1.087996e-09,1.087996e-11
3.059409e+01,3.360590e-11,1.082440e-09,1.082440e-11
3.059660e+01,3.325571e-11,1.074175e-09,1.074175e-11
3.059911e+01,3.283492e-11,1.063446e-09,1.063446e-11
3.060163e+01,3.235162e-11,1.050564e-09,1.050564e-11
3.060414e+01,3.181562e-11,1.035873e-09,1.035873e-11
3.060665e+01,3.123876e-11,1.019719e-09,1.019719e-11
3.060917e+01,3.063360e-11,1.002433e-09,1.002433e-11
3.061168e+01,3.001372e-11,9.843273e-10,9.843273e-12
3.061419e+01,2.939354e-11,9.656712e-10,9.656712e-12
3.061671e+01,2.878583e-11,9.466668e-10,9.466668e-12
3.061922e+01,2.820307e-11,9.274825e-10,9.274825e-12
3.062173e+01,2.765736e-11,9.082810e-10,9.082810e-12
3.062425e+01,2.715819e-11,8.892089e-10,8.892089e-12
3.062676e+01,2.671284e-11,8.704084e-10,8.704084e-12
3.062927e+01,2.632714e-11,8.520563e-10,8.520563e-12
3.063179e+01,2.600457e-11,8.343836e-10,8.343836e-12
3.063430e+01,2.574655e-11,8.176524e-10,8.176524e-12
3.063681e+01,2.555231e-11,8.021331e-10,8.021331e-12
3.063932e+01,2.541895e-11,7.881002e-10,7.881002e-12
3.064184e+01,2.534222e-11,7.758047e-10,7.758047e-12
3.064435e+01,2.531597e-11,7.654348e-10,7.654348e-12
3.064686e+01,2.533345e-11,7.570990e-10,7.570990e-12
3.064938e+01,2.538724e-11,7.508167e-10,7.508167e-12
3.065189e+01,2.546908e-11,7.465153e-10,7.465153e-12
3.065440e+01,2.557123e-11,7.440467e-10,7.440467e-12
3.065692e+01,2.568610e-11,7.432162e-10,7.432162e-12
3.065943e+01,2.580655e-11,7.438136e-10,7.438136e-12
3.066194e+01,2.592668e-11,7.456546e-10,7.456546e-12
3.066446e+01,2.604185e-11,7.486106e-10,7.486106e-12
3.066697e+01,2.614831e-11,7.526077e-10,7.526077e-12
3.066948e+01,2.624344e-11,7.576361e-10,7.576361e-12
3.067200e+01,2.632604e-11,7.637603e-10,7.637603e-12
3.067451e+01,2.639643e-11,7.710894e-10,7.710894e-12
3.067702e+01,2.645603e-11,7.797436e-10,7.797436e-12
3.067954e+01,2.650674e-11,7.898249e-10,7.898249e-12
3.068205e+01,2.655158e-11,8.013884e-10,8.013884e-12
3.068456e+01,2.659447e-11,8.144230e-10,8.144230e-12
3.068708e+01,2.663967e-11,8.288352e-10,8.288352e-12
3.068959e+01,2.669165e-11,8.444427e-10,8.444427e-12
3.069210e+01,2.675503e-11,8.609918e-10,8.609918e-12
3.069462e+01,2.683437e-11,8.781845e-10,8.781845e-12
3.069713e+01,2.693381e-11,8.956986e-10,8.956986e-12
3.069964e+01,2.705692e-11,9.132164e-10,9.132164e-12
3.070216e+01,2.720703e-11,9.304674e-10,9.304674e-12
3.070467e+01,2.738630e-11,9.472474e-10,9.472474e-12
3.070718e+01,2.759564e-11,9.634185e-10,9.634185e-12
3.070970e+01,2.783545e-11,9.789186e-10,9.789186e-12
3.071221e+01,2.810503e-11,9.937560e-10,9.937560e-12
3.071472e+01,2.840212e-11,1.007985e-09,1.007985e-11
3.071724e+01,2.872329e-11,1.021681e-09,1.021681e-11
3.071975e+01,2.906427e-11,1.034894e-09,1.034894e-11
3.072226e+01,2.941958e-11,1.047634e-09,1.047634e-11
3.072478e+01,2.978289e-11,1.059864e-09,1.059864e-11
3.072729e+01,3.014795e-11,1.071475e-09,1.071475e-11
3.072980e+01,3.050797e-11,1.082277e-09,1.082277e-11
3.073232e+01,3.085584e-11,1.092041e-09,1.092041e-11
3.073483e+01,3.118500e-11,1.100530e-09,1.100530e-11
3.073734e+01,3.148946e-11,1.107521e-09,1.107521e-11
3.073986e+01,3.176407e-11,1.112859e-09,1.112859e-11
3.074237e+01,3.200513e-11,1.116498e-09,1.116498e-11
3.074488e+01,3.220986e-11,1.118512e-09,1.118512e-11
3.074740e+01,3.237649e-11,1.119088e-09,1.119088e-11
3.074991e+01,3.250477e-11,1.118525e-09,1.118525e-11
3.075242e+01,3.259546e-11,1.117214e-09,1.117214e-11
3.075494e+01,3.264987e-11,1.115559e-09,1.115559e-11
3.075745e+01,3.267022e-11,1.113931e-09,1.113931e-11
3.075996e+01,3.265954e-11,1.112642e-09,1.112642e-11
3.076248e+01,3.262048e-11,1.111862e-09,1.111862e-11
3.076499e+01,3.255581e-11,1.111581e-09,1.111581e-11
3.076750e+01,3.246810e-11,1.111628e-09,1.111628e-11
3.077002e+01,3.235898e-11,1.111674e-09,1.111674e-11
3.077253e+01,3.222996e-11,1.111257e-09,1.111257e-11
3.077504e+01,3.208161e-11,1.109851e-09,1.109851e-11
3.077755e+01,3.191355e-11,1.106925e-09,1.106925e-11
3.078007e+01,3.172493e-11,1.101995e-09,1.101995e-11
3.078258e+01,3.151448e-11,1.094654e-09,1.094654e-11
3.078509e+01,3.128056e-11,1.084620e-09,1.084620e-11
3.078761e+01,3.102130e-11,1.071776e-09,1.071776e-11
3.079012e+01,3.073533e-11,1.056150e-09,1.056150e-11
3.079263e+01,3.042132e-11,1.037908e-09,1.037908e-11
3.079515e+01,3.007892e-11,1.017353e-09,1.017353e-11
3.079766e+01,2.970907e-11,9.949110e-10,9.949110e-12
3.080017e+01,2.931323e-11,9.710993e-10,9.710993e-12
3.080269e+01,2.889453e-11,9.465029e-10,9.465029e-12
3.080520e+01,2.845782e-11,9.217604e-10,9.217604e-12
3.080771e+01,2.800953e-11,8.975439e-10,8.975439e-12
3.081023e+01,2.755737e-11,8.745255e-10,8.745255e-12
3.081274e+01,2.711059e-11,8.533644e-10,8.533644e-12
3.081525e+01,2.668014e-11,8.346785e-10,8.346785e-12
3.081777e+01,2.627693e-11,8.189932e-10,8.189932e-12
3.082028e+01,2.591246e-11,8.067260e-10,8.067260e-12
3.082279e+01,2.559898e-11,7.981758e-10,7.981758e-12
3.082531e+01,2.534765e-11,7.934962e-10,7.934962e-12
3.082782e+01,2.516871e-11,7.926961e-10,7.926961e-12
3.083033e+01,2.507098e-11,7.956543e-10,7.956543e-12
3.083285e+01,2.506098e-11,8.021426e-10,8.021426e-12
3.083536e+01,2.514340e-11,8.118707e-10,8.118707e-12
3.083787e+01,2.531989e-11,8.245217e-10,8.245217e-12
3.084039e+01,2.558865e-11,8.397649e-10,8.397649e-12
3.084290e+01,2.594587e-11,8.572662e-10,8.572662e-12
3.084541e+01,2.638485e-11,8.766996e-10,8.766996e-12
3.084793e+01,2.689666e-11,8.977527e-10,8.977527e-12
3.085044e+01,2.747036e-11,9.201162e-10,9.201162e-12
3.085295e+01,2.809404e-11,9.434726e-10,9.434726e-12
3.085547e+01,2.875590e-11,9.675023e-10,9.675023e-12
3.085798e+01,2.944318e-11,9.919001e-10,9.919001e-12
3.086049e+01,3.014470e-11,1.016397e-09,1.016397e-11
3.086301e+01,3.085149e-11,1.040794e-09,1.040794e-11
3.086552e+01,3.155606e-11,1.064991e-09,1.064991e-11
3.086803e+01,3.225426e-11,1.088994e-09,1.088994e-11
3.087055e+01,3.294447e-11,1.112922e-09,1.112922e-11
3.087306e+01,3.362784e-11,1.137007e-09,1.137007e-11
3.087557e+01,3.430878e-11,1.161570e-09,1.161570e-11
3.087809e+01,3.499379e-11,1.186971e-09,1.186971e-11
3.088060e+01,3.569121e-11,1.213572e-09,1.213572e-11
3.088311e+01,3.641095e-11,1.241703e-09,1.241703e-11
3.088563e+01,3.716309e-11,1.271616e-09,1.271616e-11
3.088814e+01,3.795758e-11,1.303471e-09,1.303471e-11
3.089065e+01,3.880354e-11,1.337331e-09,1.337331e-11
3.089317e+01,3.970785e-11,1.373167e-09,1.373167e-11
3.089568e+01,4.067531e-11,1.410883e-09,1.410883e-11
3.089819e+01,4.170830e-11,1.450355e-09,1.450355e-11
3.090071e+01,4.280616e-11,1.491440e-09,1.491440e-11
3.090322e+01,4.396468e-11,1.533976e-09,1.533976e-11
3.090573e+01,4.517654e-11,1.577801e-09,1.577801e-11
3.090825e+01,4.643234e-11,1.622759e-09,1.622759e-11
3.091076e+01,4.771985e-11,1.668682e-09,1.668682e-11
3.091327e+01,4.902439e-11,1.715361e-09,1.715361e-11
3.091578e+01,5.033040e-11,1.762554e-09,1.762554e-11
3.091830e+01,5.162152e-11,1.809990e-09,1.809990e-11
3.092081e+01,5.288130e-11,1.857361e-09,1.857361e-11
3.092332e+01,5.409372e-11,1.904325e-09,1.904325e-11
3.092584e+01,5.524347e-11,1.950522e-09,1.950522e-11
3.092835e+01,5.631651e-11,1.995589e-09,1.995589e-11
3.093086e+01,5.730088e-11,2.039181e-09,2.039181e-11
3.093338e+01,5.818699e-11,2.080991e-09,2.080991e-11
3.093589e+01,5.896683e-11,2.120746e-09,2.120746e-11
3.093840e+01,5.963500e-11,2.158220e-09,2.158220e-11
3.094092e+01,6.018931e-11,2.193243e-09,2.193243e-11
3.094343e+01,6.062935e-11,2.225695e-09,2.225695e-11
3.094594e+01,6.095672e-11,2.255483e-09,2.255483e-11
3.094846e+01,6.117549e-11,2.282537e-09,2.282537e-11
3.095097e+01,6.129169e-11,2.306812e-09,2.306812e-11
3.095348e+01,6.131343e-11,2.328283e-09,2.328283e-11
3.095600e+01,6.125001e-11,2.346919e-09,2.346919e-11
3.095851e+01,6.111183e-11,2.362666e-09,2.362666e-11
3.096102e+01,6.091053e-11,2.375461e-09,2.375461e-11
3.096354e+01,6.065804e-11,2.385239e-09,2.385239e-11
3.096605e+01,6.036695e-11,2.391930e-09,2.391930e-11
3.096856e+01,6.004955e-11,2.395448e-09,2.395448e-11
3.097108e+01,5.971705e-11,2.395717e-09,2.395717e-11
3.097359e+01,5.937991e-11,2.392683e-09,2.392683e-11
3.097610e+01,5.904723e-11,2.386321e-09,2.386321e-11
3.097862e+01,5.872628e-11,2.376653e-09,2.376653e-11
3.098113e+01,5.842204e-11,2.363751e-09,2.363751e-11
3.098364e+01,5.813647e-11,2.347739e-09,2.347739e-11
3.098616e+01,5.786909e-11,2.328802e-09,2.328802e-11
3.098867e+01,5.761683e-11,2.307165e-09,2.307165e-11
3.099118e+01,5.737331e-11,2.283069e-09,2.283069e-11
3.099370e+01,5.712988e-11,2.256763e-09,2.256763e-11
3.099621e+01,5.687554e-11,2.228482e-09,2.228482e-11
3.099872e+01,5.659734e-11,2.198413e-09,2.198413e-11
3.100124e+01,5.628152e-11,2.166677e-09,2.166677e-11
3.100375e+01,5.591396e-11,2.133332e-09,2.133332e-11
3.100626e+01,5.548093e-11,2.098367e-09,2.098367e-11
3.100878e+01,5.496982e-11,2.061704e-09,2.061704e-11
3.101129e+01,5.436986e-11,2.023234e-09,2.023234e-11
3.101380e+01,5.367312e-11,1.982866e-09,1.982866e-11
3.101632e+01,5.287504e-11,1.940542e-09,1.940542e-11
3.101883e+01,5.197463e-11,1.896261e-09,1.896261e-11
3.102134e+01,5.097501e-11,1.850108e-09,1.850108e-11
3.102386e+01,4.988325e-11,1.802256e-09,1.802256e-11
3.102637e+01,4.870964e-11,1.752950e-09,1.752950e-11
3.102888e+01,4.746747e-11,1.702487e-09,1.702487e-11
3.103140e+01,4.617332e-11,1.651216e-09,1.651216e-11
3.103391e+01,4.484592e-11,1.599492e-09,1.599492e-11
3.103642e+01,4.350407e-11,1.547638e-09,1.547638e-11
3.103894e+01,4.216704e-11,1.495925e-09,1.495925e-11
3.104145e+01,4.085354e-11,1.444591e-09,1.444591e-11
3.104396e+01,3.958018e-11,1.393842e-09,1.393842e-11
3.104648e+01,3.836187e-11,1.343896e-09,1.343896e-11
3.104899e+01,3.721066e-11,1.294997e-09,1.294997e-11
3.105150e+01,3.613452e-11,1.247425e-09,1.247425e-11
3.105402e+01,3.513867e-11,1.201525e-09,1.201525e-11
3.105653e+01,3.422532e-11,1.157712e-09,1.157712e-11
3.105904e+01,3.339270e-11,1.116437e-09,1.116437e-11
3.106155e+01,3.263667e-11,1.078132e-09,1.078132e-11
3.106407e+01,3.195133e-11,1.043174e-09,1.043174e-11
3.106658e+01,3.132873e-11,1.011814e-09,1.011814e-11
3.106909e+01,3.076001e-11,9.841449e-10,9.841449e-12
3.107161e+01,3.023610e-11,9.600808e-10,9.600808e-12
3.107412e+01,2.974832e-11,9.393727e-10,9.393727e-12
3.107663e+01,2.928881e-11,9.216512e-10,9.216512e-12
3.107915e+01,2.885132e-11,9.065026e-10,9.065026e-12
3.108166e+01,2.843162e-11,8.935367e-10,8.935367e-12
3.108417e+01,2.802670e-11,8.824259e-10,8.824259e-12
3.108669e+01,2.763545e-11,8.729406e-10,8.729406e-12
3.108920e+01,2.725867e-11,8.649673e-10,8.649673e-12
3.109171e+01,2.689835e-11,8.584960e-10,8.584960e-12
3.109423e+01,2.655803e-11,8.535910e-10,8.535910e-12
3.109674e+01,2.624240e-11,8.503433e-10,8.503433e-12
3.109925e+01,2.595627e-11,8.488185e-10,8.488185e-12
3.110177e+01,2.570399e-11,8.490320e-10,8.490320e-12
3.110428e+01,2.549015e-11,8.509446e-10,8.509446e-12
3.110679e+01,2.531900e-11,8.544575e-10,8.544575e-12
3.110931e+01,2.519356e-11,8.594146e-10,8.594146e-12
3.111182e+01,2.511604e-11,8.656310e-10,8.656310e-12
3.111433e+01,2.508769e-11,8.729218e-10,8.729218e-12
3.111685e+01,2.510883e-11,8.811162e-10,8.811162e-12
3.111936e+01,2.517839e-11,8.900717e-10,8.900717e-12
3.112187e+01,2.529497e-11,8.996914e-10,8.996914e-12
3.112439e+01,2.545687e-11,9.099271e-10,9.099271e-12
3.112690e+01,2.566097e-11,9.207693e-10,9.207693e-12
3.112941e+01,2.590426e-11,9.322451e-10,9.322451e-12
3.113193e+01,2.618350e-11,9.444116e-10,9.444116e-12
3.113444e+01,2.649475e-11,9.573313e-10,9.573313e-12
3.113695e+01,2.683381e-11,9.710624e-10,9.710624e-12
3.113947e+01,2.719648e-11,9.856584e-10,9.856584e-12
3.114198e+01,2.757811e-11,1.001136e-09,1.001136e-11
3.114449e+01,2.797337e-11,1.017447e-09,1.017447e-11
3.114701e+01,2.837663e-11,1.034472e-09,1.034472e-11
3.114952e+01,2.878120e-11,1.052016e-09,1.052016e-11
3.115203e+01,2.918018e-11,1.069793e-09,1.069793e-11
3.115455e+01,2.956640e-11,1.087421e-09,1.087421e-11
3.115706e+01,2.993204e-11,1.104443e-09,1.104443e-11
3.115957e+01,3.026910e-11,1.120334e-09,1.120334e-11
3.116209e+01,3.056950e-11,1.134512e-09,1.134512e-11
3.116460e+01,3.082586e-11,1.146377e-09,1.146377e-11
3.116711e+01,3.103105e-11,1.155340e-09,1.155340e-11
3.116963e+01,3.117860e-11,1.160858e-09,1.160858e-11
3.117214e+01,3.126415e-11,1.162465e-09,1.162465e-11
3.117465e+01,3.128435e-11,1.159793e-09,1.159793e-11
3.117717e+01,3.123687e-11,1.152611e-09,1.152611e-11
3.117968e+01,3.112166e-11,1.140853e-09,1.140853e-11
3.118219e+01,3.094044e-11,1.124636e-09,1.124636e-11
3.118471e+01,3.069666e-11,1.104270e-09,1.104270e-11
3.118722e+01,3.039528e-11,1.080271e-09,1.080271e-11
3.118973e+01,3.004269e-11,1.053346e-09,1.053346e-11
3.119225e+01,2.964654e-11,1.024378e-09,1.024378e-11
3.119476e+01,2.921551e-11,9.943964e-10,9.943964e-12
3.119727e+01,2.875906e-11,9.645322e-10,9.645322e-12
3.119978e+01,2.828739e-11,9.359406e-10,9.359406e-12
3.120230e+01,2.781079e-11,9.097105e-10,9.097105e-12
3.120481e+01,2.733962e-11,8.867801e-10,8.867801e-12
3.120732e+01,2.688485e-11,8.678463e-10,8.678463e-12
3.120984e+01,2.645721e-11,8.532854e-10,8.532854e-12
3.121235e+01,2.606717e-11,8.431218e-10,8.431218e-12
3.121486e+01,2.572492e-11,8.370551e-10,8.370551e-12
3.121738e+01,2.544039e-11,8.345345e-10,8.345345e-12
3.121989e+01,2.522313e-11,8.348523e-10,8.348523e-12
3.122240e+01,2.508192e-11,8.372544e-10,8.372544e-12
3.122492e+01,2.502440e-11,8.410599e-10,8.410599e-12
3.122743e+01,2.505701e-11,8.457500e-10,8.457500e-12
3.122994e+01,2.518569e-11,8.510171e-10,8.510171e-12
3.123246e+01,2.541470e-11,8.567832e-10,8.567832e-12
3.123497e+01,2.574572e-11,8.631878e-10,8.631878e-12
3.123748e+01,2.617874e-11,8.705598e-10,8.705598e-12
3.124000e+01,2.671202e-11,8.793770e-10,8.793770e-12
3.124251e+01,2.734134e-11,8.902005e-10,8.902005e-12
3.124502e+01,2.806017e-11,9.035826e-10,9.035826e-12
3.124754e+01,2.886025e-11,9.199880e-10,9.199880e-12
3.125005e+01,2.973115e-11,9.397439e-10,9.397439e-12
3.125256e+01,3.066083e-11,9.629947e-10,9.629947e-12
3.125508e+01,3.163609e-11,9.896705e-10,9.896705e-12
3.125759e+01,3.264295e-11,1.019498e-09,1.019498e-11
3.126010e+01,3.366730e-11,1.052036e-09,1.052036e-11
3.126262e+01,3.469519e-11,1.086730e-09,1.086730e-11
3.126513e+01,3.571354e-11,1.122964e-09,1.122964e-11
3.126764e+01,3.671056e-11,1.160121e-09,1.160121e-11
3.127016e+01,3.767603e-11,1.197636e-09,1.197636e-11
3.127267e+01,3.860148e-11,1.235026e-09,1.235026e-11
3.127518e+01,3.948099e-11,1.271935e-09,1.271935e-11
3.127770e+01,4.031136e-11,1.308156e-09,1.308156e-11
3.128021e+01,4.109147e-11,1.343621e-09,1.343621e-11
3.128272e+01,4.182257e-11,1.378376e-09,1.378376e-11
3.128524e+01,4.250770e-11,1.412568e-09,1.412568e-11
3.128775e+01,4.315200e-11,1.446415e-09,1.446415e-11
3.129026e+01,4.376231e-11,1.480174e-09,1.480174e-11
3.129278e+01,4.434565e-11,1.514086e-09,1.514086e-11
3.129529e+01,4.490977e-11,1.548332e-09,1.548332e-11
3.129780e+01,4.546214e-11,1.583015e-09,1.583015e-11
3.130032e+01,4.600891e-11,1.618137e-09,1.618137e-11
3.130283e+01,4.655585e-11,1.653594e-09,1.653594e-11
3.130534e+01,4.710702e-11,1.689169e-09,1.689169e-11
3.130786e+01,4.766372e-11,1.724550e-09,1.724550e-11
3.131037e+01,4.822595e-11,1.759367e-09,1.759367e-11
3.131288e+01,4.879175e-11,1.793194e-09,1.793194e-11
3.131540e+01,4.935630e-11,1.825576e-09,1.825576e-11
3.131791e+01,4.991290e-11,1.856073e-09,1.856073e-11
3.132042e+01,5.045382e-11,1.884283e-09,1.884283e-11
3.132294e+01,5.097022e-11,1.909860e-09,1.909860e-11
3.132545e+01,5.145238e-11,1.932528e-09,1.932528e-11
3.132796e+01,5.189116e-11,1.952112e-09,1.952112e-11
3.133048e+01,5.227788e-11,1.968522e-09,1.968522e-11
3.133299e+01,5.260417e-11,1.981752e-09,1.981752e-11
3.133550e+01,5.286398e-11,1.991919e-09,1.991919e-11
3.133802e+01,5.305391e-11,1.999252e-09,1.999252e-11
3.134053e+01,5.317285e-11,2.004063e-09,2.004063e-11
3.134304e+01,5.322213e-11,2.006711e-09,2.006711e-11
3.134555e+01,5.320558e-11,2.007596e-09,2.007596e-11
3.134807e+01,5.313011e-11,2.007145e-09,2.007145e-11
3.135058e+01,5.300514e-11,2.005767e-09,2.005767e-11
3.135309e+01,5.284178e-11,2.003828e-09,2.003828e-11
3.135561e+01,5.265290e-11,2.001630e-09,2.001630e-11
3.135812e+01,5.245249e-11,1.999400e-09,1.999400e-11
3.136063e+01,5.225490e-11,1.997281e-09,1.997281e-11
3.136315e+01,5.207430e-11,1.995339e-09,1.995339e-11
3.136566e+01,5.192396e-11,1.993578e-09,1.993578e-11
3.136817e+01,5.181603e-11,1.991965e-09,1.991965e-11
3.137069e+01,5.176064e-11,1.990457e-09,1.990457e-11
3.137320e+01,5.176536e-11,1.989016e-09,1.989016e-11
3.137571e+01,5.183501e-11,1.987637e-09,1.987637e-11
3.137823e+01,5.197188e-11,1.986370e-09,1.986370e-11
3.138074e+01,5.217494e-11,1.985305e-09,1.985305e-11
3.138325e+01,5.243987e-11,1.984564e-09,1.984564e-11
3.138577e+01,5.276005e-11,1.984288e-09,1.984288e-11
3.138828e+01,5.312585e-11,1.984607e-09,1.984607e-11
3.139079e+01,5.352546e-11,1.985611e-09,1.985611e-11
3.139331e+01,5.394551e-11,1.987337e-09,1.987337e-11
3.139582e+01,5.437096e-11,1.989741e-09,1.989741e-11
3.139833e+01,5.478663e-11,1.992699e-09,1.992699e-11
3.140085e+01,5.517746e-11,1.996015e-09,1.996015e-11
3.140336e+01,5.552867e-11,1.999420e-09,1.999420e-11
3.140587e+01,5.582710e-11,2.002625e-09,2.002625e-11
3.140839e+01,5.606180e-11,2.005344e-09,2.005344e-11
3.141090e+01,5.622346e-11,2.007315e-09,2.007315e-11
3.141341e+01,5.630564e-11,2.008348e-09,2.008348e-11
